pivot_1,pivot_2,pivot_3,pivot_4,pf_x,pf_y,pf_z,tau_c_1,tau_c_2,tau_c_3,tau_c_4,tau_c_5,tau_c_6,tau_c_7,tau_c_8,f_drive_ref_1,f_drive_ref_2,f_drive_ref_3,f_drive_ref_4,f_drive_ref_5,f_drive_ref_6,f_drive_ref_7,f_drive_ref_8,f_krnl_1,f_krnl_2,f_krnl_3,f_krnl_4,f_krnl_5,f_krnl_6,f_krnl_7,f_krnl_8,f_null_1,f_null_2,f_null_3,f_null_4,f_null_5,f_null_6,f_null_7,f_null_8,f_null_scale_factor,f_null_scaled_1,f_null_scaled_2,f_null_scaled_3,f_null_scaled_4,f_null_scaled_5,f_null_scaled_6,f_null_scaled_7,f_null_scaled_8,f_drv_1,f_drv_2,f_drv_3,f_drv_4,f_drv_5,f_drv_6,f_drv_7,f_drv_8,f_wheel_1,f_wheel_2,f_wheel_3,f_wheel_4,f_wheel_5,f_wheel_6,f_wheel_7,f_wheel_8
1.42467,1.51277,1.71772,1.76057,200,0,0,-3.45052,-3.0319,-0.137507,0.029229,5.29753,4.87663,7.1666,6.62428,0,-712.336,0,-756.384,0,-858.862,0,-880.283,7.28021,-49.4671,2.89975,-49.9158,-7.31993,-49.4613,-9.43166,-49.1024,-175.703,31.8028,-50.789,3.74137,114.257,-41.6029,91.3514,-57.5652,15.2919,6.95294e-310,486.326,6.68183e-310,57.2128,1.4822e-323,-636.188,5.06782e-310,-880.283,7.28021,436.859,2.89975,7.29697,-7.31993,-685.65,-9.43166,-929.386,-60.009,-52.7288,-2.39142,0.508331,92.1309,84.811,124.637,115.205,
1.42467,1.51277,1.71772,1.76057,200,0,0,-3.45052,-3.0319,-0.137507,0.029229,5.29753,4.87663,7.1666,6.62428,0,-712.336,0,-756.384,0,-858.862,0,-880.283,7.28021,-49.4671,2.89975,-49.9158,-7.31993,-49.4613,-9.43166,-49.1024,-175.703,31.8028,-50.789,3.74137,114.257,-41.6029,91.3514,-57.5652,15.2919,6.95294e-310,486.326,6.68183e-310,57.2128,1.4822e-323,-636.188,5.06782e-310,-880.283,7.28021,436.859,2.89975,7.29697,-7.31993,-685.65,-9.43166,-929.386,-60.009,-52.7288,-2.39142,0.508331,92.1309,84.811,124.637,115.205,
1.42467,1.51277,1.71772,1.76057,200,0,0,-3.45052,-3.0319,-0.137507,0.029229,5.29753,4.87663,7.1666,6.62428,0,-712.336,0,-756.384,0,-858.862,0,-880.283,7.28021,-49.4671,2.89975,-49.9158,-7.31993,-49.4613,-9.43166,-49.1024,-175.703,31.8028,-50.789,3.74137,114.257,-41.6029,91.3514,-57.5652,15.2919,6.95294e-310,486.326,6.68183e-310,57.2128,1.4822e-323,-636.188,5.06782e-310,-880.283,7.28021,436.859,2.89975,7.29697,-7.31993,-685.65,-9.43166,-929.386,-60.009,-52.7288,-2.39142,0.508331,92.1309,84.811,124.637,115.205,
1.42467,1.51277,1.71772,1.76057,200,0,0,-3.45052,-3.0319,-0.137507,0.029229,5.29753,4.87663,7.1666,6.62428,0,-712.336,0,-756.384,0,-858.862,0,-880.283,7.28021,-49.4671,2.89975,-49.9158,-7.31993,-49.4613,-9.43166,-49.1024,-175.703,31.8028,-50.789,3.74137,114.257,-41.6029,91.3514,-57.5652,15.2919,6.95294e-310,486.326,6.68183e-310,57.2128,1.4822e-323,-636.188,5.06782e-310,-880.283,7.28021,436.859,2.89975,7.29697,-7.31993,-685.65,-9.43166,-929.386,-60.009,-52.7288,-2.39142,0.508331,92.1309,84.811,124.637,115.205,
1.42468,1.51276,1.71772,1.76055,200,0,0,-3.45036,-3.03178,-0.138103,0.0286668,5.29811,4.87721,7.16654,6.62425,0,-712.342,0,-756.378,0,-858.862,0,-880.277,7.27962,-49.4672,2.90035,-49.9158,-7.31993,-49.4613,-9.43107,-49.1025,-175.691,31.7986,-50.7949,3.74613,114.26,-41.6042,91.3445,-57.5595,15.2933,6.95294e-310,486.307,6.68183e-310,57.2909,1.4822e-323,-636.267,5.06782e-310,-880.277,7.27962,436.84,2.90035,7.37505,-7.31993,-685.728,-9.43107,-929.38,-60.0062,-52.7266,-2.40179,0.498553,92.141,84.8211,124.636,115.204,
1.42468,1.51277,1.71772,1.76055,200,0,0,-3.45074,-3.03216,-0.137854,0.0288816,5.29806,4.87716,7.16654,6.62425,0,-712.342,0,-756.384,0,-858.862,0,-880.277,7.27962,-49.4672,2.89975,-49.9158,-7.31993,-49.4613,-9.43107,-49.1025,-175.692,31.8021,-50.79,3.74411,114.256,-41.6039,91.344,-57.5598,15.2933,6.95294e-310,486.358,6.68183e-310,57.2596,1.4822e-323,-636.26,5.06782e-310,-880.277,7.27962,436.891,2.89975,7.34379,-7.31993,-685.721,-9.43107,-929.38,-60.0128,-52.7332,-2.39746,0.502289,92.1401,84.8202,124.636,115.204,
1.42466,1.51277,1.71775,1.76057,200,0,0,-3.45112,-3.03247,-0.13769,0.0290457,5.29921,4.87825,7.1666,6.62428,0,-712.33,0,-756.384,0,-858.873,0,-880.283,7.2808,-49.4671,2.89975,-49.9158,-7.32112,-49.4611,-9.43166,-49.1024,-175.714,31.8083,-50.7942,3.74304,114.271,-41.618,91.349,-57.5659,15.2917,6.95294e-310,486.404,6.68183e-310,57.2375,1.4822e-323,-636.412,5.06782e-310,-880.283,7.2808,436.937,2.89975,7.32168,-7.32112,-685.873,-9.43166,-929.386,-60.0194,-52.7386,-2.39461,0.505142,92.1603,84.8391,124.637,115.205,
1.4245,1.51277,1.71805,1.76085,200,0,0,-3.44976,-3.03067,-0.136536,0.0302,5.30626,4.88444,7.16806,6.62492,0,-712.252,0,-756.384,0,-859.023,0,-880.427,7.28851,-49.4659,2.89975,-49.9158,-7.33593,-49.4589,-9.44579,-49.0997,-175.968,31.8387,-50.8819,3.73806,114.437,-41.7345,91.4596,-57.6556,15.2705,6.95294e-310,486.191,6.68183e-310,57.0819,1.4822e-323,-637.306,5.06782e-310,-880.427,7.28851,436.725,2.89975,7.1661,-7.33593,-686.764,-9.44579,-929.527,-59.9959,-52.7074,-2.37453,0.525217,92.2827,84.9468,124.662,115.216,
1.42423,1.51277,1.71866,1.76168,200,0,0,-3.43903,-3.01916,-0.132122,0.0346139,5.30868,4.88512,7.17223,6.62676,0,-712.115,0,-756.384,0,-859.329,0,-880.841,7.30214,-49.4639,2.89975,-49.9158,-7.36616,-49.4544,-9.48638,-49.0918,-176.551,31.8588,-51.0883,3.71291,114.757,-41.9044,91.7962,-57.898,15.2137,6.95294e-310,484.69,6.68183e-310,56.487,1.4822e-323,-637.519,5.06782e-310,-880.841,7.30214,435.226,2.89975,6.57118,-7.36616,-686.973,-9.48638,-929.932,-59.8092,-52.5071,-2.29777,0.601981,92.3248,84.9586,124.734,115.248,
1.42431,1.51273,1.71871,1.76238,200,0,0,-3.41631,-2.99668,-0.127035,0.0398045,5.27787,4.85418,7.17574,6.62831,0,-712.157,0,-756.366,0,-859.353,0,-881.188,7.29799,-49.4645,2.90155,-49.9157,-7.36853,-49.4541,-9.5205,-49.0852,-176.771,31.7419,-51.1897,3.67702,114.748,-41.7403,92.1163,-58.073,15.1738,6.95294e-310,481.645,6.68183e-310,55.7943,1.4822e-323,-633.358,5.06782e-310,-881.188,7.29799,432.18,2.90155,5.87855,-7.36853,-682.812,-9.5205,-930.273,-59.4142,-52.1162,-2.2093,0.692252,91.7891,84.4205,124.796,115.275,
1.42467,1.5127,1.71791,1.76188,200,0,0,-3.4111,-2.99249,-0.126806,0.0401361,5.2466,4.82516,7.17326,6.62722,0,-712.336,0,-756.348,0,-858.957,0,-880.942,7.28021,-49.4671,2.90334,-49.9156,-7.32941,-49.4599,-9.49638,-49.0899,-176.229,31.6249,-50.986,3.66578,114.315,-41.3734,91.962,-57.9187,15.21,6.95294e-310,481.014,6.68183e-310,55.7564,1.4822e-323,-629.289,5.06782e-310,-880.942,7.28021,431.547,2.90334,5.84079,-7.32941,-678.749,-9.49638,-930.032,-59.3235,-52.0433,-2.20532,0.698019,91.2452,83.9158,124.752,115.256,
1.42528,1.5127,1.71645,1.75894,200,0,0,-3.4673,-3.05043,-0.147854,0.0190882,5.28827,4.87098,7.15837,6.62065,0,-712.642,0,-756.348,0,-858.226,0,-879.468,7.24997,-49.4716,2.90334,-49.9156,-7.25709,-49.4705,-9.35162,-49.1177,-174.497,31.7181,-50.4046,3.80281,113.604,-41.224,90.6928,-57.0791,15.4079,6.95294e-310,488.71,6.68183e-310,58.5933,1.4822e-323,-635.174,5.06782e-310,-879.468,7.24997,439.238,2.90334,8.67768,-7.25709,-684.645,-9.35162,-928.586,-60.3008,-53.0509,-2.57137,0.331969,91.9698,84.7127,124.493,115.142,
1.42601,1.5127,1.71458,1.75628,200,0,0,-3.50596,-3.09116,-0.161067,0.00587454,5.28819,4.87623,7.14492,6.61472,0,-713.007,0,-756.348,0,-857.292,0,-878.138,7.21381,-49.4769,2.90334,-49.9156,-7.16459,-49.484,-9.22091,-49.1424,-172.728,31.6904,-49.7482,3.87253,112.644,-40.7629,89.6155,-56.3256,15.5904,6.95294e-310,494.066,6.68183e-310,60.3743,1.4822e-323,-635.51,5.06782e-310,-878.138,7.21381,444.589,2.90334,10.4587,-7.16459,-684.994,-9.22091,-927.281,-60.9732,-53.7594,-2.80117,0.102166,91.9686,84.804,124.26,115.039,
1.42748,1.51267,1.7124,1.75436,200,0,0,-3.50441,-3.09378,-0.173769,-0.0067581,5.22563,4.81988,7.13523,6.61045,0,-713.739,0,-756.336,0,-856.201,0,-877.179,7.14146,-49.4874,2.90454,-49.9156,-7.05664,-49.4995,-9.12667,-49.16,-170.762,31.3613,-49.1956,3.94004,111.385,-39.8234,88.8561,-55.6706,15.7566,6.95294e-310,494.148,6.68183e-310,62.0815,1.4822e-323,-627.48,5.06782e-310,-877.179,7.14146,444.66,2.90454,12.1659,-7.05664,-676.98,-9.12667,-926.339,-60.9463,-53.8048,-3.02207,-0.117532,90.8806,83.8239,124.091,114.964,
1.42892,1.51266,1.70975,1.75111,200,0,0,-3.53648,-3.12994,-0.193967,-0.0269214,5.19701,4.7988,7.11881,6.60321,0,-714.458,0,-756.33,0,-854.877,0,-875.556,7.07028,-49.4976,2.90514,-49.9155,-6.92552,-49.518,-8.96696,-49.1894,-168.224,31.1515,-48.3902,4.0474,109.941,-38.9811,87.5329,-54.6858,16.0106,6.95294e-310,498.756,6.68183e-310,64.8015,1.4822e-323,-624.113,5.06782e-310,-875.556,7.07028,449.258,2.90514,14.8859,-6.92552,-673.631,-8.96696,-924.745,-61.504,-54.4337,-3.37334,-0.468199,90.3828,83.4573,123.805,114.838,
1.43062,1.51265,1.70697,1.74723,200,0,0,-3.5828,-3.1811,-0.224836,-0.0577569,5.19042,4.80012,7.09917,6.59455,0,-715.308,0,-756.324,0,-853.487,0,-873.614,6.98604,-49.5095,2.90573,-49.9155,-6.78781,-49.5371,-8.7759,-49.2238,-165.275,30.9441,-47.5447,4.22273,108.419,-38.1944,85.8923,-53.4954,16.3306,6.95294e-310,505.337,6.68183e-310,68.9598,1.4822e-323,-623.739,5.06782e-310,-873.614,6.98604,455.828,2.90573,19.0443,-6.78781,-673.276,-8.7759,-922.838,-62.3095,-55.3235,-3.9102,-1.00447,90.2682,83.4804,123.464,114.688,
1.43238,1.51265,1.70414,1.74362,200,0,0,-3.61853,-3.22185,-0.252826,-0.0857464,5.16605,4.7838,7.08091,6.58651,0,-716.189,0,-756.324,0,-852.072,0,-871.81,6.89881,-49.5218,2.90573,-49.9155,-6.64768,-49.5561,-8.59827,-49.2551,-162.388,30.6722,-46.7193,4.36992,106.841,-37.3097,84.3852,-52.3803,16.6439,6.95294e-310,510.504,6.68183e-310,72.7323,1.4822e-323,-620.977,5.06782e-310,-871.81,6.89881,460.983,2.90573,22.8168,-6.64768,-670.533,-8.59827,-921.066,-62.931,-56.0322,-4.39697,-1.49124,89.8443,83.1966,123.146,114.548,
1.43407,1.51265,1.70111,1.73989,200,0,0,-3.65488,-3.26301,-0.277729,-0.11065,5.13352,4.75992,7.06204,6.5782,0,-717.034,0,-756.324,0,-850.556,0,-869.947,6.81512,-49.5334,2.90573,-49.9155,-6.4974,-49.576,-8.41464,-49.2869,-159.46,30.3918,-45.8193,4.48382,105.166,-36.3682,82.8645,-51.2649,16.9696,6.95294e-310,515.738,6.68183e-310,76.0889,1.4822e-323,-617.156,5.06782e-310,-869.947,6.81512,466.205,2.90573,26.1734,-6.4974,-666.732,-8.41464,-919.234,-63.5631,-56.7479,-4.83008,-1.92434,89.2786,82.7812,122.818,114.403,
1.43613,1.51262,1.69784,1.73557,200,0,0,-3.6997,-3.3137,-0.314357,-0.147209,5.11383,4.74956,7.04013,6.56855,0,-718.065,0,-756.312,0,-848.921,0,-867.784,6.713,-49.5473,2.90693,-49.9154,-6.33517,-49.597,-8.20133,-49.3228,-156.052,30.055,-44.8827,4.66322,103.343,-35.4031,81.0485,-49.9459,17.3745,6.95294e-310,522.189,6.68183e-310,81.021,1.4822e-323,-615.11,5.06782e-310,-867.784,6.713,472.642,2.90693,31.1055,-6.33517,-664.707,-8.20133,-917.107,-64.3425,-57.6295,-5.46708,-2.56015,88.9362,82.601,122.437,114.236,
1.43832,1.51262,1.69409,1.73149,200,0,0,-3.72291,-3.34317,-0.341199,-0.17405,5.04249,4.68891,7.01948,6.55946,0,-719.161,0,-756.312,0,-847.045,0,-865.746,6.60432,-49.5619,2.90693,-49.9154,-6.14908,-49.6204,-8.00029,-49.3558,-152.576,29.5825,-43.8481,4.76235,101.218,-34.1084,79.4129,-48.7127,17.7725,6.95294e-310,525.754,6.68183e-310,84.6387,1.4822e-323,-606.191,5.06782e-310,-865.746,6.60432,476.192,2.90693,34.7233,-6.14908,-655.812,-8.00029,-915.102,-64.7463,-58.142,-5.93389,-3.02696,87.6954,81.5463,122.078,114.078,
1.44097,1.51262,1.69017,1.7262,200,0,0,-3.77726,-3.40506,-0.391723,-0.224575,5.02432,4.68193,6.99262,6.54764,0,-720.486,0,-756.312,0,-845.086,0,-863.098,6.47303,-49.5792,2.90693,-49.9154,-5.95458,-49.6442,-7.73874,-49.3975,-148.358,29.1169,-42.7598,4.99001,98.9925,-32.9839,77.1614,-47.0961,18.3263,6.95294e-310,533.606,6.68183e-310,91.4485,1.4822e-323,-604.473,5.06782e-310,-863.098,6.47303,484.026,2.90693,41.5331,-5.95458,-654.117,-7.73874,-912.495,-65.6915,-59.2185,-6.81257,-3.90565,87.3794,81.4249,121.611,113.872,
1.4436,1.51264,1.68617,1.72072,200,0,0,-3.83681,-3.47209,-0.444116,-0.277002,5.01148,4.68052,6.96483,6.53541,0,-721.798,0,-756.318,0,-843.084,0,-860.359,6.34289,-49.596,2.90633,-49.9155,-5.75582,-49.6676,-7.46808,-49.4391,-144.075,28.644,-41.6388,5.20481,96.7218,-31.8847,74.8437,-45.4562,18.9272,6.95294e-310,542.152,6.68183e-310,98.5126,1.4822e-323,-603.488,5.06782e-310,-860.359,6.34289,492.556,2.90633,48.5971,-5.75582,-653.156,-7.46808,-909.799,-66.7271,-60.3842,-7.72376,-4.81743,87.1561,81.4003,121.127,113.659,
1.44612,1.51265,1.68207,1.7148,200,0,0,-3.91306,-3.55555,-0.501046,-0.333966,5.0207,4.70144,6.93477,6.52219,0,-723.062,0,-756.324,0,-841.035,0,-857.399,6.21746,-49.6119,2.90573,-49.9155,-5.5522,-49.6908,-7.17527,-49.4825,-139.668,28.2062,-40.4562,5.41687,94.4265,-30.8877,72.3494,-43.7377,19.6032,6.95294e-310,552.931,6.68183e-310,106.188,1.4822e-323,-605.497,5.06782e-310,-857.399,6.21746,503.319,2.90573,56.2725,-5.5522,-655.188,-7.17527,-906.882,-68.0532,-61.8357,-8.71383,-5.8081,87.3165,81.7643,120.605,113.429,
1.44935,1.51267,1.67777,1.70871,200,0,0,-3.97735,-3.62905,-0.57449,-0.407479,5.02207,4.71512,6.90384,6.50859,0,-724.674,0,-756.336,0,-838.884,0,-854.355,6.05749,-49.6317,2.90454,-49.9156,-5.33836,-49.7142,-6.87388,-49.5252,-134.772,27.5653,-39.3326,5.69174,91.9167,-29.7349,69.7126,-41.8873,20.3965,6.95294e-310,562.237,6.68183e-310,116.092,1.4822e-323,-606.488,5.06782e-310,-854.355,6.05749,512.605,2.90454,66.1761,-5.33836,-656.202,-6.87388,-903.881,-69.1714,-63.1139,-9.99112,-7.08659,87.3404,82.0021,120.067,113.193,
1.45204,1.5127,1.67324,1.70255,200,0,0,-4.04945,-3.70884,-0.634679,-0.467737,5.01499,4.72099,6.87252,6.49482,0,-726.022,0,-756.348,0,-836.619,0,-851.275,5.92363,-49.6479,2.90334,-49.9156,-5.11311,-49.7379,-6.56868,-49.5666,-130.112,26.9962,-38.0679,5.85716,89.354,-28.5944,67.1599,-40.1425,21.2063,6.95294e-310,572.49,6.68183e-310,124.209,1.4822e-323,-606.383,5.06782e-310,-851.275,5.92363,522.842,2.90334,74.2933,-5.11311,-656.121,-6.56868,-900.842,-70.4253,-64.5016,-11.0379,-8.13456,87.2173,82.1042,119.522,112.953,
1.4555,1.51272,1.66862,1.69601,200,0,0,-4.11814,-3.78738,-0.721961,-0.555088,5.02521,4.7444,6.83923,6.48018,0,-727.748,0,-756.36,0,-834.312,0,-848.004,5.75224,-49.668,2.90214,-49.9157,-4.88356,-49.7609,-6.24422,-49.6086,-124.873,26.2334,-36.8995,6.12459,86.6446,-27.4132,64.3337,-38.1951,22.2019,6.95294e-310,582.431,6.68183e-310,135.978,1.4822e-323,-608.626,5.06782e-310,-848.004,5.75224,532.763,2.90214,86.062,-4.88356,-658.387,-6.24422,-897.612,-71.6198,-65.8675,-12.5558,-9.6537,87.3949,82.5113,118.943,112.699,
1.4588,1.51274,1.6639,1.68919,200,0,0,-4.19909,-3.87779,-0.813499,-0.646694,5.0521,4.78481,6.80451,6.46492,0,-729.402,0,-756.372,0,-831.951,0,-844.594,5.58793,-49.6868,2.90095,-49.9158,-4.64855,-49.7834,-5.90579,-49.65,-119.602,25.4807,-35.6783,6.36246,83.9003,-26.3017,61.4224,-36.2304,23.3117,6.95294e-310,593.998,6.68183e-310,148.32,1.4822e-323,-613.138,5.06782e-310,-844.594,5.58793,544.312,2.90095,98.4043,-4.64855,-662.922,-5.90579,-894.244,-73.0277,-67.4398,-14.1478,-11.2469,87.8626,83.214,118.339,112.433,
1.46221,1.51279,1.65882,1.68128,200,0,0,-4.32063,-4.00905,-0.9258,-0.759133,5.13685,4.8841,6.7642,6.44721,0,-731.104,0,-756.396,0,-829.41,0,-840.639,5.41879,-49.7055,2.89856,-49.9159,-4.39553,-49.8064,-5.5129,-49.6952,-113.819,24.7314,-34.3146,6.61601,80.9776,-25.3169,58.055,-34.0235,24.7076,6.95294e-310,611.053,6.68183e-310,163.466,1.4822e-323,-625.518,5.06782e-310,-840.639,5.41879,561.347,2.89856,113.55,-4.39553,-675.325,-5.5129,-890.335,-75.1413,-69.7225,-16.1009,-13.2023,89.3365,84.9409,117.638,112.125,
1.46565,1.51285,1.65336,1.67462,200,0,0,-4.36623,-4.06448,-1.00928,-0.842787,5.08851,4.85142,6.73023,6.43228,0,-732.823,0,-756.426,0,-826.678,0,-837.308,5.2478,-49.7238,2.89556,-49.9161,-4.12328,-49.8297,-5.18165,-49.7308,-108.414,23.7455,-32.9536,6.71494,77.7686,-23.8282,55.327,-32.1782,26.021,6.95294e-310,617.88,6.68183e-310,174.729,1.4822e-323,-620.035,5.06782e-310,-837.308,5.2478,568.156,2.89556,124.813,-4.12328,-669.864,-5.18165,-887.039,-75.9344,-70.6866,-17.5527,-14.6572,88.4958,84.3725,117.047,111.866,
1.46888,1.51295,1.64772,1.6671,200,0,0,-4.45644,-4.16395,-1.10509,-0.938866,5.10057,4.87963,6.69188,6.41543,0,-734.441,0,-756.474,0,-823.862,0,-833.551,5.08687,-49.7406,2.89078,-49.9164,-3.84255,-49.8521,-4.80782,-49.7683,-102.795,22.8442,-31.469,6.79738,74.514,-22.5561,52.2729,-30.1925,27.6078,6.95294e-310,630.68,6.68183e-310,187.661,1.4822e-323,-622.727,5.06782e-310,-833.551,5.08687,580.94,2.89078,137.745,-3.84255,-672.579,-4.80782,-883.319,-77.5034,-72.4165,-19.2189,-16.3281,88.7056,84.8631,116.381,111.573,
1.47299,1.51302,1.64185,1.65935,200,0,0,-4.51796,-4.23723,-1.23935,-1.07334,5.10905,4.90494,6.65229,6.39803,0,-736.497,0,-756.51,0,-820.925,0,-829.674,4.88237,-49.7611,2.88719,-49.9166,-3.54974,-49.8738,-4.42179,-49.8041,-96.5602,21.6276,-30.0925,6.956,71.0038,-21.1272,49.0146,-28.0467,29.5819,6.95294e-310,639.785,6.68183e-310,205.772,1.4822e-323,-624.982,5.06782e-310,-829.674,4.88237,590.023,2.88719,155.855,-3.54974,-674.856,-4.42179,-879.478,-78.5732,-73.6909,-21.5539,-18.6668,88.8531,85.3033,115.692,111.27,
1.47685,1.51314,1.63573,1.65157,200,0,0,-4.57662,-4.30692,-1.36733,-1.20166,5.09953,4.91299,6.61254,6.38056,0,-738.426,0,-756.57,0,-817.863,0,-825.785,4.69031,-49.7795,2.8812,-49.9169,-3.24425,-49.8946,-4.0343,-49.837,-90.4306,20.4065,-28.6154,7.01909,67.3664,-19.6641,45.8332,-25.987,31.7768,6.95294e-310,648.453,6.68183e-310,223.044,1.4822e-323,-624.863,5.06782e-310,-825.785,4.69031,598.673,2.8812,173.127,-3.24425,-674.757,-4.0343,-875.622,-79.5933,-74.903,-23.7796,-20.8984,88.6876,85.4433,115.001,110.966,
1.48099,1.51327,1.62952,1.64251,200,0,0,-4.702,-4.44414,-1.55928,-1.39399,5.23344,5.06471,6.5662,6.3602,0,-740.493,0,-756.636,0,-814.76,0,-821.255,4.48445,-49.7985,2.87463,-49.9173,-2.93445,-49.9138,-3.58261,-49.8715,-83.6829,19.151,-27.1169,7.15657,63.6808,-18.5163,42.0473,-23.6094,34.785,6.95294e-310,666.169,6.68183e-310,248.942,1.4822e-323,-644.091,5.06782e-310,-821.255,4.48445,616.37,2.87463,199.024,-2.93445,-694.005,-3.58261,-871.126,-81.7739,-77.2894,-27.1179,-24.2432,91.0163,88.0818,114.195,110.612,
1.48522,1.51343,1.6231,1.63472,200,0,0,-4.71901,-4.47327,-1.72786,-1.56302,5.20822,5.05793,6.52632,6.34267,0,-742.608,0,-756.714,0,-811.548,0,-817.36,4.27375,-49.817,2.86685,-49.9177,-2.61377,-49.9316,-3.19402,-49.8979,-77.3205,17.6654,-25.6755,7.17112,59.7856,-16.9428,38.8614,-21.5734,37.8874,6.95294e-310,669.296,6.68183e-310,271.695,1.4822e-323,-641.918,5.06782e-310,-817.36,4.27375,619.479,2.86685,221.777,-2.61377,-691.85,-3.19402,-867.258,-82.0697,-77.7959,-30.0498,-27.1829,90.5778,87.964,113.501,110.307,
1.48922,1.51364,1.61683,1.62572,200,0,0,-4.84805,-4.61378,-1.96527,-1.80105,5.39291,5.26062,6.48022,6.32239,0,-744.61,0,-756.822,0,-808.414,0,-812.86,4.0743,-49.8337,2.85608,-49.9184,-2.30076,-49.947,-2.7448,-49.9246,-70.7025,16.3292,-24.179,7.21442,56.032,-15.8668,35.1545,-19.3073,42.1011,6.95294e-310,687.479,6.68183e-310,303.735,1.4822e-323,-668.008,5.06782e-310,-812.86,4.0743,637.646,2.85608,253.817,-2.30076,-717.955,-2.7448,-862.785,-84.314,-80.2397,-34.1786,-31.3225,93.7898,91.489,112.699,109.955,
1.49434,1.51386,1.61064,1.61646,200,0,0,-4.94135,-4.72174,-2.3438,-2.18019,5.69315,5.57862,6.43273,6.3015,0,-747.168,0,-756.93,0,-805.322,0,-808.228,3.81924,-49.8539,2.84531,-49.919,-1.99185,-49.9603,-2.2822,-49.9479,-63.3997,14.5967,-22.9174,7.38717,52.1485,-14.7757,31.128,-16.828,48.0288,6.95294e-310,701.062,6.68183e-310,354.797,1.4822e-323,-709.659,5.06782e-310,-808.228,3.81924,651.208,2.84531,304.878,-1.99185,-759.619,-2.2822,-858.176,-85.9364,-82.1172,-40.7617,-37.9164,99.0113,97.0195,111.873,109.591,
1.49914,1.51414,1.60428,1.60696,200,0,0,-5.06935,-4.86352,-2.80223,-2.63941,6.11759,6.02134,6.38403,6.28007,0,-749.571,0,-757.068,0,-802.14,0,-803.482,3.57962,-49.8717,2.83155,-49.9198,-1.67389,-49.972,-1.80802,-49.9673,-56.1879,12.8916,-21.5593,7.46761,48.1917,-13.7668,27.0941,-14.4012,55.7928,6.95294e-310,719.261,6.68183e-310,416.639,1.4822e-323,-768.087,5.06782e-310,-803.482,3.57962,669.389,2.83155,366.719,-1.67389,-818.059,-1.80802,-853.45,-88.1626,-84.583,-48.7344,-45.9028,106.393,104.719,111.027,109.219,
1.50407,1.51446,1.59788,1.59698,200,0,0,-4.82302,-4.63132,-3.17089,-3.009,6.33738,6.25952,5.86363,5.78835,0,-752.034,0,-757.229,0,-798.94,0,-798.491,3.33393,-49.8887,2.8154,-49.9207,-1.35405,-49.9817,-1.30913,-49.9829,-48.7589,11.1069,-20.2095,7.53993,44.1877,-12.9161,22.8379,-11.8866,61.8562,6.95294e-310,687.029,6.68183e-310,466.392,1.4822e-323,-798.94,5.06782e-310,-735.259,3.33393,637.141,2.8154,416.471,-1.35405,-848.922,-1.30913,-785.242,-83.8787,-80.5447,-55.1459,-52.3305,110.215,108.861,101.976,100.667,
1.50941,1.51484,1.59139,1.58665,200,0,0,-4.16015,-3.98379,-3.42176,-3.26097,6.30401,6.24482,4.91669,4.8711,0,-754.707,0,-757.421,0,-795.693,0,-793.326,3.06723,-49.9058,2.79626,-49.9217,-1.02937,-49.9894,-0.792723,-49.9937,-40.9896,9.11403,-18.9097,7.6153,40.045,-12.1121,18.3768,-9.27967,65.6939,6.95294e-310,598.737,6.68183e-310,500.279,1.4822e-323,-795.693,5.06782e-310,-609.618,3.06723,548.831,2.79626,450.358,-1.02937,-845.682,-0.792723,-659.612,-72.3505,-69.2833,-59.5088,-56.7125,109.635,108.606,85.5076,84.7149,
1.51422,1.51525,1.58483,1.57491,200,0,0,-3.33951,-3.17694,-3.50728,-3.34767,6.27031,6.22997,3.60231,3.59049,0,-757.109,0,-757.625,0,-792.415,0,-787.453,2.82737,-49.92,2.77591,-49.9229,-0.701657,-49.9951,-0.20553,-49.9996,-33.0552,7.30309,-17.4777,7.64377,35.9932,-11.8328,13.4335,-6.49167,66.9678,6.95294e-310,489.072,6.68183e-310,511.887,1.4822e-323,-792.415,5.06782e-310,-434.733,2.82737,439.152,2.77591,461.964,-0.701657,-842.41,-0.20553,-484.733,-58.0785,-55.2511,-60.9962,-58.2203,109.049,108.347,62.6489,62.4434,
1.52016,1.51574,1.57801,1.56404,200,0,0,-2.29822,-2.15271,-3.76002,-3.60181,6.23524,6.2145,2.37023,2.38967,0,-760.082,0,-757.87,0,-789.005,0,-782.019,2.53058,-49.9359,2.75138,-49.9242,-0.360726,-49.9987,0.337948,-49.9989,-24.787,4.90889,-16.2291,7.66095,31.5341,-11.0696,8.70243,-3.79895,71.2768,6.95294e-310,349.89,6.68183e-310,546.048,1.4822e-323,-789.005,5.06782e-310,-270.777,2.53058,299.954,2.75138,496.123,-0.360726,-839.004,0.337948,-320.776,-39.969,-37.4384,-65.3916,-62.6402,108.439,108.078,41.2215,41.5594,
1.52594,1.51635,1.57099,1.55435,200,0,0,-1.10401,-0.975093,-4.1063,-3.94985,6.1991,6.19855,1.20199,1.24926,0,-762.97,0,-758.176,0,-785.494,0,-777.177,2.24209,-49.9497,2.72087,-49.9259,-0.00958661,-50,0.822076,-49.9932,-17.0316,2.41072,-14.9467,7.51944,26.8913,-9.96301,4.55322,-1.46116,78.841,6.95294e-310,190.063,6.68183e-310,592.84,1.4822e-323,-785.494,5.06782e-310,-115.199,2.24209,140.114,2.72087,542.915,-0.00958661,-835.494,0.822076,-165.193,-19.2002,-16.9581,-71.4139,-68.6931,107.81,107.801,20.9042,21.7262,
1.53223,1.51719,1.56371,1.54171,200,0,0,0.445179,0.556027,-4.18391,-4.02987,6.16165,6.18201,-0.585478,-0.501869,0,-766.116,0,-758.595,0,-781.857,0,-770.855,1.92778,-49.9628,2.67899,-49.9282,0.35413,-49.9987,1.45408,-49.9789,-7.98714,-0.215238,-13.5415,7.41808,22.0518,-9.61096,-0.913556,1.51513,81.3506,6.95294e-310,-17.5097,6.68183e-310,603.465,1.4822e-323,-781.857,5.06782e-310,123.257,1.92778,-67.4726,2.67899,553.537,0.35413,-831.856,1.45408,73.2777,7.74224,9.67003,-72.7636,-70.0846,107.159,107.513,-10.1822,-8.72815,
1.53853,1.51831,1.55597,1.53066,200,0,0,2.34433,2.43707,-4.42136,-4.27051,6.12177,6.16439,-2.37671,-2.26135,0,-769.267,0,-759.153,0,-777.986,0,-765.331,1.61279,-49.974,2.62334,-49.9311,0.741196,-49.9945,2.00622,-49.9597,0.537704,-3.03541,-12.0292,7.08749,16.7872,-8.67402,-5.62219,4.0419,89.6915,6.95294e-310,-272.251,6.68183e-310,635.688,1.4822e-323,-777.986,5.06782e-310,362.524,1.61279,-322.225,2.62334,585.757,0.741196,-827.98,2.00622,312.564,40.771,42.3838,-76.8932,-74.2698,106.466,107.207,-41.334,-39.3278,
1.54523,1.51968,1.54791,1.51647,200,0,0,4.34876,4.42224,-4.2229,-4.07602,6.0802,6.14601,-4.52543,-4.36932,0,-772.617,0,-759.842,0,-773.953,0,-758.236,1.27798,-49.9837,2.55452,-49.9347,1.14439,-49.9869,2.71489,-49.9262,10.3225,-5.9893,-10.366,6.74312,11.2976,-8.5666,-11.6642,7.18747,90.3454,6.95294e-310,-541.106,6.68183e-310,609.21,1.4822e-323,-773.953,5.06782e-310,649.355,1.27798,-591.089,2.55452,559.275,1.14439,-823.94,2.71489,599.428,75.6306,76.9086,-73.4418,-70.8873,105.743,106.887,-78.7031,-75.9882,
1.55197,1.52123,1.5385,1.50404,200,0,0,5.67082,5.72494,-3.16277,-3.02033,4.5999,4.69274,-5.30526,-5.11349,0,-775.985,0,-760.615,0,-769.249,0,-752.022,0.941302,-49.9911,2.47732,-49.9386,1.61459,-49.9739,3.33512,-49.8886,19.6902,-9.32491,-8.46794,6.06036,4.93225,-7.48436,-16.7306,9.76698,76.9964,6.95294e-310,-717.984,6.68183e-310,466.626,1.4822e-323,-576.269,5.06782e-310,752.022,0.941302,-767.975,2.47732,416.687,1.61459,-626.243,3.33512,702.134,98.6229,99.5642,-55.0047,-52.5274,79.9982,81.6128,-92.2654,-88.9303,
1.55852,1.52299,1.53064,1.49296,200,0,0,6.04471,6.08,-2.18736,-2.04997,3.39963,3.51506,-5.28033,-5.05677,0,-779.262,0,-761.496,0,-765.319,0,-746.479,0.613576,-49.9962,2.38934,-49.9429,2.00741,-49.9597,3.88795,-49.8486,28.1832,-12.4604,-6.88676,5.44971,-0.684475,-6.75776,-21.4624,12.1254,61.5634,6.95294e-310,-767.104,6.68183e-310,335.502,1.4822e-323,-416.03,5.06782e-310,746.479,0.613576,-817.1,2.38934,285.559,2.00741,-465.99,3.88795,696.631,105.125,105.739,-38.041,-35.6517,59.124,61.1315,-91.8318,-87.9439,
1.56479,1.52494,1.52198,1.47938,200,0,0,6.14377,6.16104,-1.42493,-1.29315,2.75077,2.89105,-5.24983,-4.98738,0,-782.396,0,-762.472,0,-760.992,0,-739.69,0.300201,-49.9991,2.29177,-49.9475,2.43962,-49.9404,4.56442,-49.7912,37.3933,-15.5961,-5.01312,4.66584,-6.66173,-6.61018,-26.9928,14.8045,49.9638,6.95294e-310,-779.238,6.68183e-310,233.123,1.4822e-323,-330.27,5.06782e-310,739.69,0.300201,-829.237,2.29177,183.175,2.43962,-380.21,4.56442,689.899,106.848,107.148,-24.7814,-22.4896,47.8396,50.2792,-91.3015,-86.737,
1.57041,1.52716,1.51261,1.46724,200,0,0,6.19614,6.19724,-0.810814,-0.685404,2.15069,2.31787,-5.08323,-4.78604,0,-785.206,0,-763.581,0,-756.306,0,-733.62,0.0191726,-50,2.18103,-49.9524,2.90753,-49.9154,5.16853,-49.7321,45.8249,-18.6344,-2.8738,3.57839,-13.0621,-5.96206,-31.6391,16.9643,42.1376,6.95294e-310,-785.206,6.68183e-310,150.784,1.4822e-323,-251.227,5.06782e-310,714.835,0.0191726,-835.206,2.18103,100.832,2.90753,-301.142,5.16853,665.103,107.759,107.778,-14.1011,-11.9201,37.4033,40.3108,-88.404,-83.2355,
1.57554,1.52961,1.50466,1.45589,200,0,0,6.22254,6.20889,-0.386772,-0.268385,1.86588,2.05589,-5.00932,-4.6797,0,-787.771,0,-764.803,0,-752.328,0,-727.946,-0.237287,-49.9994,2.0589,-49.9576,3.30463,-49.8907,5.7326,-49.6703,53.4341,-21.2829,-0.925351,2.54252,-18.7081,-5.79244,-36.0789,18.9826,37.0142,6.95294e-310,-787.771,6.68183e-310,94.1094,1.4822e-323,-214.403,5.06782e-310,702.626,-0.237287,-837.77,2.0589,44.1518,3.30463,-264.293,5.7326,652.956,108.218,107.981,-6.72646,-4.66756,32.45,35.7547,-87.1187,-81.3861,
1.58013,1.53234,1.49467,1.44585,200,0,0,6.24615,6.21931,0.0605853,0.171123,1.39906,1.61771,-4.79357,-4.43528,0,-790.066,0,-766.169,0,-747.336,0,-722.924,-0.466783,-49.9978,1.92239,-49.963,3.80251,-49.8552,6.23113,-49.6102,60.6076,-24.0121,1.55491,1.04392,-25.5028,-4.66371,-39.4908,20.4103,32.9028,6.95294e-310,-790.066,6.68183e-310,34.3479,1.4822e-323,-153.449,5.06782e-310,671.555,-0.466783,-840.064,1.92239,-15.6151,3.80251,-203.304,6.23113,621.945,108.629,108.162,1.05366,2.97605,24.3315,28.1341,-83.3665,-77.1354,
1.58449,1.53512,1.4867,1.43608,200,0,0,6.26859,6.22921,0.370836,0.473386,1.21089,1.45237,-4.70857,-4.32244,0,-792.247,0,-767.56,0,-743.352,0,-718.041,-0.68488,-49.9953,1.78347,-49.9682,4.19971,-49.8233,6.71538,-49.547,67.1941,-26.3847,3.63579,-0.23063,-31.181,-4.31806,-43.0751,21.919,30.0268,6.95294e-310,-792.247,6.68183e-310,-6.92508,1.4822e-323,-129.658,5.06782e-310,658.158,-0.68488,-842.242,1.78347,-56.8933,4.19971,-179.481,6.71538,608.611,109.019,108.334,6.44933,8.2328,21.059,25.2587,-81.8882,-75.1728,
1.58839,1.53759,1.4772,1.42671,200,0,0,6.28861,6.23803,0.676144,0.7716,0.9364,1.2051,-4.54519,-4.13237,0,-794.195,0,-768.794,0,-738.6,0,-713.355,-0.879596,-49.9923,1.66011,-49.9724,4.67301,-49.7812,7.17941,-49.4819,73.6189,-28.9295,5.89679,-1.73363,-37.5104,-3.44364,-46.0793,23.1042,27.4527,6.95294e-310,-794.195,6.68183e-310,-47.5929,1.4822e-323,-94.5373,5.06782e-310,634.274,-0.879596,-844.187,1.66011,-97.5653,4.67301,-144.318,7.17941,584.792,109.367,108.488,11.759,13.4191,16.2852,20.9582,-79.0467,-71.8673,
1.5917,1.53973,1.46954,1.41767,200,0,0,6.30561,6.24553,0.891595,0.980887,0.842715,1.13333,-4.4784,-4.03989,0,-795.848,0,-769.867,0,-734.771,0,-708.837,-1.04495,-49.9891,1.5529,-49.9759,5.05409,-49.7439,7.62624,-49.415,79.2981,-31.0558,7.72073,-2.974,-42.626,-3.25539,-49.1031,24.3293,25.6264,6.95294e-310,-795.848,6.68183e-310,-76.2131,1.4822e-323,-83.424,5.06782e-310,623.474,-1.04495,-845.838,1.5529,-126.189,5.05409,-133.168,7.62624,574.059,109.663,108.618,15.506,17.0589,14.6559,19.71,-77.8852,-70.259,
1.59447,1.54171,1.45992,1.40956,200,0,0,6.31984,6.25179,1.13421,1.21782,0.610663,0.928784,-4.3171,-3.85556,0,-797.233,0,-770.855,0,-729.959,0,-704.78,-1.18334,-49.986,1.45408,-49.9789,5.53255,-49.693,8.0269,-49.3515,84.6904,-33.3136,9.86341,-4.53497,-48.6746,-2.25867,-51.2473,25.0769,23.9311,6.95294e-310,-797.233,6.68183e-310,-108.527,1.4822e-323,-54.0524,5.06782e-310,600.118,-1.18334,-847.219,1.45408,-158.506,5.53255,-103.745,8.0269,550.766,109.91,108.727,19.7253,21.1794,10.6202,16.1528,-75.08,-67.0531,
1.59685,1.54346,1.45087,1.40202,200,0,0,6.33209,6.25719,1.33786,1.41644,0.430892,0.774854,-4.17982,-3.69689,0,-798.425,0,-771.73,0,-725.435,0,-701.011,-1.30254,-49.983,1.36663,-49.9813,5.98194,-49.6409,8.39869,-49.2896,89.5873,-35.3908,11.8138,-6.01208,-54.2739,-1.4014,-53.1466,25.7139,22.5603,6.95294e-310,-798.425,6.68183e-310,-135.634,1.4822e-323,-31.6159,5.06782e-310,580.112,-1.30254,-848.408,1.36663,-185.616,5.98194,-81.2568,8.39869,530.822,110.123,108.821,23.2671,24.6337,7.49377,13.4757,-72.6925,-64.2938,
1.59871,1.54504,1.4429,1.39493,200,0,0,6.34163,6.2614,1.50874,1.58277,0.326794,0.693492,-4.09121,-3.58819,0,-799.354,0,-772.521,0,-721.45,0,-697.464,-1.39539,-49.9805,1.28756,-49.9834,6.37736,-49.5916,8.74816,-49.2287,93.8793,-37.1102,13.5476,-7.35178,-59.1414,-0.889819,-54.9109,26.3117,21.54,6.95294e-310,-799.354,6.68183e-310,-158.358,1.4822e-323,-19.1667,5.06782e-310,566.754,-1.39539,-849.334,1.28756,-208.341,6.37736,-68.7583,8.74816,517.525,110.289,108.894,26.2389,27.5265,5.68337,12.0607,-71.1515,-62.4034,
1.60017,1.54641,1.43339,1.38818,200,0,0,6.34914,6.2647,1.69372,1.76383,0.153501,0.547316,-3.95205,-3.42994,0,-800.085,0,-773.204,0,-716.693,0,-694.09,-1.46846,-49.9784,1.21927,-49.9851,6.84895,-49.5287,9.08011,-49.1686,98.0817,-38.9466,15.4702,-8.90925,-64.6937,0.111946,-56.1287,26.6099,20.5431,6.95294e-310,-800.085,6.68183e-310,-183.024,1.4822e-323,2.29972,5.06782e-310,546.65,-1.46846,-850.063,1.21927,-233.009,6.84895,-47.229,9.08011,497.482,110.42,108.951,29.456,30.6753,2.66959,9.51854,-68.7312,-59.6511,
1.60126,1.54765,1.42513,1.38192,200,0,0,6.35474,6.26717,1.84968,1.91621,0.0463918,0.463708,-3.85711,-3.31733,0,-800.63,0,-773.827,0,-712.564,0,-690.962,-1.52296,-49.9768,1.15697,-49.9866,7.25768,-49.4705,9.38752,-49.1108,101.728,-40.4452,17.15,-10.2954,-69.4645,0.762507,-57.2721,26.9055,19.7954,6.95294e-310,-800.63,6.68183e-310,-203.801,1.4822e-323,15.0941,5.06782e-310,532.606,-1.52296,-850.607,1.15697,-253.788,7.25768,-34.3763,9.38752,483.495,110.517,108.994,32.1683,33.3253,0.806814,8.06449,-67.0802,-57.6927,
1.60198,1.54875,1.41727,1.37603,200,0,0,6.35843,6.2688,1.99404,2.05743,-0.0397338,0.399933,-3.77669,-3.22026,0,-800.99,0,-774.373,0,-708.633,0,-688.014,-1.5589,-49.9757,1.10246,-49.9878,7.64637,-49.4119,9.67692,-49.0546,104.999,-41.744,18.7246,-11.6242,-73.9011,1.31006,-58.2333,27.1307,19.1881,6.95294e-310,-800.99,6.68183e-310,-223.047,1.4822e-323,25.1376,5.06782e-310,520.588,-1.5589,-850.965,1.10246,-273.034,7.64637,-24.2743,9.67692,471.534,110.581,109.023,34.679,35.7815,-0.691022,6.95535,-65.6815,-56.0046,
1.60242,1.54968,1.4096,1.37049,200,0,0,6.36071,6.2698,2.12942,2.19012,-0.119002,0.342443,-3.70018,-3.12815,0,-801.211,0,-774.84,0,-704.798,0,-685.246,-1.58106,-49.975,1.05573,-49.9889,8.02513,-49.3518,9.94838,-49.0003,107.978,-42.9189,20.215,-12.9157,-78.1315,1.83703,-59.002,27.275,18.668,6.95294e-310,-801.211,6.68183e-310,-241.111,1.4822e-323,34.2937,5.06782e-310,509.171,-1.58106,-851.186,1.05573,-291.1,8.02513,-15.058,9.94838,460.171,110.621,109.04,37.0334,38.0891,-2.06959,5.95553,-64.351,-54.4026,
1.60259,1.55036,1.40293,1.36514,200,0,0,6.36157,6.27018,2.24254,2.30129,-0.154935,0.325408,-3.65409,-3.06697,0,-801.295,0,-775.182,0,-701.467,0,-682.568,-1.58944,-49.9747,1.02158,-49.9896,8.35379,-49.2972,10.2107,-48.9463,110.6,-43.8731,21.4635,-14.029,-81.6815,2.07014,-59.7956,27.4797,18.2639,6.95294e-310,-801.295,6.68183e-310,-256.225,1.4822e-323,37.8088,5.06782e-310,501.887,-1.58944,-851.27,1.02158,-306.215,8.35379,-11.4884,10.2107,452.941,110.636,109.047,39.0008,40.0224,-2.69452,5.65926,-63.5493,-53.3386,
1.6024,1.55084,1.39493,1.36002,200,0,0,6.36059,6.26974,2.37005,2.42741,-0.242644,0.260375,-3.57019,-2.96868,0,-801.199,0,-775.421,0,-697.464,0,-680.009,-1.57986,-49.975,0.997618,-49.99,8.74816,-49.2287,10.4611,-48.8934,113.163,-44.9006,22.8582,-15.3172,-85.8056,2.6919,-60.1334,27.4356,17.8438,6.95294e-310,-801.199,6.68183e-310,-273.317,1.4822e-323,48.0338,5.06782e-310,489.556,-1.57986,-851.174,0.997618,-323.307,8.74816,-1.19491,10.4611,440.662,110.619,109.039,41.2183,42.2159,-4.2199,4.52826,-62.0902,-51.6291,
1.60188,1.55111,1.3878,1.35524,200,0,0,6.35794,6.26858,2.48302,2.53962,-0.301201,0.22199,-3.50967,-2.89472,0,-800.942,0,-775.553,0,-693.899,0,-677.618,-1.5541,-49.9758,0.984436,-49.9903,9.09897,-49.1651,10.6947,-48.8428,115.323,-45.6839,24.0607,-16.455,-89.3309,3.10875,-60.4056,27.4034,17.5322,6.95294e-310,-800.942,6.68183e-310,-288.492,1.4822e-323,54.5033,5.06782e-310,480.443,-1.5541,-850.918,0.984436,-338.483,9.09897,5.33818,10.6947,431.6,110.573,109.019,43.1829,44.1674,-5.23828,3.86069,-61.0377,-50.343,
1.60082,1.55118,1.38094,1.35066,200,0,0,6.35246,6.26617,2.59941,2.65581,-0.347845,0.194712,-3.46378,-2.83598,0,-800.408,0,-775.589,0,-690.471,0,-675.329,-1.5008,-49.9775,0.980843,-49.9904,9.43578,-49.1016,10.9182,-48.7934,117.094,-46.1858,25.2125,-17.5512,-92.5345,3.42879,-60.4898,27.3132,17.3302,6.95294e-310,-800.408,6.68183e-310,-304.166,1.4822e-323,59.4214,5.06782e-310,473.343,-1.5008,-850.386,0.980843,-354.156,9.43578,10.3199,10.9182,424.549,110.478,108.977,45.2071,46.188,-6.04948,3.3863,-60.2397,-49.3215,
1.59904,1.55101,1.37414,1.34631,200,0,0,6.34335,6.26215,2.72689,2.78377,-0.392139,0.169625,-3.42781,-2.78781,0,-799.522,0,-775.505,0,-687.068,0,-673.154,-1.41215,-49.9801,0.989233,-49.9902,9.76979,-49.0362,11.1304,-48.7454,118.425,-46.3689,26.3555,-18.6387,-95.4917,3.71357,-60.2932,27.1202,17.2426,6.95294e-310,-799.522,6.68183e-310,-321.38,1.4822e-323,64.0317,5.06782e-310,467.625,-1.41215,-849.502,0.989233,-371.37,9.76979,14.9955,11.1304,418.879,110.319,108.907,47.4241,48.4133,-6.8198,2.94999,-59.6141,-48.4837,
1.59683,1.55058,1.36751,1.3422,200,0,0,6.33197,6.25714,2.85556,2.91369,-0.434397,0.146039,-3.3977,-2.74619,0,-798.413,0,-775.289,0,-683.754,0,-671.099,-1.30134,-49.9831,1.0108,-49.9898,10.0946,-48.9704,11.3307,-48.6992,119.433,-46.3581,27.4198,-19.6721,-98.1776,3.97168,-59.9084,26.8682,17.2227,6.95294e-310,-798.413,6.68183e-310,-338.807,1.4822e-323,68.4032,5.06782e-310,462.744,-1.30134,-848.396,1.0108,-388.797,10.0946,19.4328,11.3307,414.045,110.121,108.82,49.662,50.6728,-7.55474,2.53982,-59.0905,-47.7598,
1.5939,1.54998,1.36075,1.33835,200,0,0,6.31694,6.25052,3.00507,3.06491,-0.483499,0.115957,-3.37197,-2.70969,0,-796.951,0,-774.99,0,-680.374,0,-669.175,-1.15518,-49.9867,1.04075,-49.9892,10.4253,-48.9011,11.5179,-48.6553,120.021,-46.0304,28.5327,-20.7395,-100.737,4.25505,-59.2033,26.4824,17.3136,6.95294e-310,-796.951,6.68183e-310,-359.075,1.4822e-323,73.6702,5.06782e-310,458.506,-1.15518,-846.938,1.04075,-409.064,10.4253,24.7692,11.5179,409.85,109.86,108.705,52.2621,53.3029,-8.40868,2.01664,-58.6429,-47.125,
1.59109,1.54893,1.35391,1.33477,200,0,0,6.30247,6.24414,3.13,3.19287,-0.548966,0.0697162,-3.32708,-2.65478,0,-795.543,0,-774.463,0,-676.953,0,-667.384,-1.0144,-49.9897,1.09347,-49.988,10.7597,-48.8286,11.6922,-48.6137,120.613,-45.895,29.4336,-21.6984,-103.212,4.68017,-58.3975,26.0609,17.334,6.95294e-310,-795.543,6.68183e-310,-376.118,1.4822e-323,81.1259,5.06782e-310,451.739,-1.0144,-845.533,1.09347,-426.106,10.7597,32.2973,11.6922,403.125,109.608,108.594,54.4347,55.5282,-9.54724,1.21246,-57.8623,-46.1701,
1.58775,1.54732,1.3471,1.33146,200,0,0,6.28535,6.23659,3.24877,3.31626,-0.623308,0.0144717,-3.2795,-2.59796,0,-793.877,0,-773.66,0,-673.549,0,-665.73,-0.847844,-49.9928,1.17374,-49.9862,11.0918,-48.7542,11.8529,-48.5748,120.871,-45.6323,30.1774,-22.5576,-105.387,5.16084,-57.3444,25.5595,17.3973,6.95294e-310,-793.877,6.68183e-310,-392.439,1.4822e-323,89.7845,5.06782e-310,444.664,-0.847844,-843.87,1.17374,-442.426,11.0918,41.0303,11.8529,396.09,109.31,108.463,56.5003,57.674,-10.8401,0.251682,-57.0348,-45.1819,
1.58407,1.54568,1.3404,1.32856,200,0,0,6.26643,6.22825,3.3814,3.45361,-0.706977,-0.0504312,-3.23123,-2.54159,0,-792.037,0,-772.839,0,-670.2,0,-664.28,-0.663907,-49.9956,1.25581,-49.9842,11.4182,-48.6788,11.9937,-48.5402,120.821,-45.1684,30.9377,-23.4178,-107.436,5.68693,-56.074,24.9542,17.5352,6.95294e-310,-792.037,6.68183e-310,-410.636,1.4822e-323,99.7215,5.06782e-310,437.578,-0.663907,-842.033,1.25581,-460.62,11.4182,51.0427,11.9937,389.037,108.981,108.317,58.807,60.0628,-12.2953,-0.877065,-56.1953,-44.2015,
1.57958,1.54359,1.33389,1.32596,200,0,0,6.24332,6.21806,3.52908,3.60728,-0.795802,-0.121056,-3.19133,-2.49443,0,-789.79,0,-771.796,0,-666.946,0,-662.979,-0.439217,-49.9981,1.36004,-49.9815,11.7347,-48.6035,12.1199,-48.5088,120.251,-44.3679,31.623,-24.2092,-109.085,6.20145,-54.5108,24.2504,17.801,6.95294e-310,-789.79,6.68183e-310,-430.947,1.4822e-323,110.392,5.06782e-310,431.68,-0.439217,-839.788,1.36004,-480.929,11.7347,61.7883,12.1199,383.171,108.579,108.14,61.3753,62.7354,-13.84,-2.10533,-55.5014,-43.3814,
1.5756,1.54127,1.32762,1.32362,200,0,0,6.22285,6.20903,3.64089,3.72578,-0.893861,-0.201612,-3.13372,-2.43031,0,-787.801,0,-770.634,0,-663.812,0,-661.811,-0.240285,-49.9994,1.47624,-49.9782,12.0391,-48.529,12.2333,-48.4804,119.848,-43.8693,32.0857,-24.8621,-110.639,6.81339,-53.032,23.58,17.9579,6.95294e-310,-787.801,6.68183e-310,-446.471,1.4822e-323,122.354,5.06782e-310,423.447,-0.240285,-837.8,1.47624,-496.45,12.0391,73.8254,12.2333,374.967,108.223,107.983,63.3199,64.7961,-15.5454,-3.5063,-54.4995,-42.2662,
1.57056,1.53844,1.32164,1.32164,200,0,0,6.19688,6.19757,3.77846,3.87147,-0.999522,-0.290598,-3.08897,-2.38004,0,-785.278,0,-769.219,0,-660.822,0,-660.822,0.0119843,-50,1.61759,-49.9738,12.3291,-48.4561,12.3291,-48.4561,118.769,-42.9119,32.4912,-25.441,-111.683,7.39893,-51.2,22.7882,18.2998,6.95294e-310,-785.278,6.68183e-310,-465.565,1.4822e-323,135.399,5.06782e-310,417.02,0.0119843,-835.278,1.61759,-515.539,12.3291,86.9429,12.3291,368.564,107.772,107.784,65.7124,67.33,-17.383,-5.05388,-53.7212,-41.3921,
1.56548,1.53561,1.316,1.31989,200,0,0,6.17072,6.18602,3.92163,4.02277,-1.10789,-0.383254,-3.04575,-2.33196,0,-782.738,0,-767.805,0,-658,0,-659.947,0.266048,-49.9993,1.75892,-49.9691,12.6024,-48.3857,12.4139,-48.4344,117.561,-41.8886,32.8597,-25.9772,-112.554,7.96718,-49.3533,21.9866,18.6862,6.95294e-310,-782.738,6.68183e-310,-485.414,1.4822e-323,148.876,5.06782e-310,410.845,0.266048,-832.737,1.75892,-535.383,12.6024,100.49,12.4139,362.411,107.317,107.583,68.2022,69.9611,-19.2677,-6.66529,-52.9696,-40.5558,
1.56056,1.53295,1.31052,1.31849,200,0,0,6.14542,6.17484,4.07128,4.18006,-1.22905,-0.489188,-2.99302,-2.27532,0,-780.281,0,-766.475,0,-655.261,0,-659.246,0.511713,-49.9974,1.89186,-49.9642,12.8672,-48.316,12.4818,-48.417,116.314,-40.88,33.2437,-26.5156,-113.444,8.59799,-47.4758,21.1377,19.0871,6.95294e-310,-780.281,6.68183e-310,-506.105,1.4822e-323,164.111,5.06782e-310,403.457,0.511713,-830.278,1.89186,-556.069,12.8672,115.795,12.4818,355.04,106.877,107.389,70.8049,72.6968,-21.3749,-8.50762,-52.0526,-39.5708,
1.55417,1.52953,1.30525,1.31733,200,0,0,6.11251,6.16029,4.26806,4.38665,-1.36665,-0.612143,-2.95664,-2.2357,0,-777.087,0,-764.767,0,-652.625,0,-658.665,0.831063,-49.9931,2.0625,-49.9574,13.1218,-48.2475,12.5381,-48.4025,114.237,-39.3066,33.5616,-26.9751,-113.702,9.18572,-45.1788,20.1479,19.7699,6.95294e-310,-777.087,6.68183e-310,-533.295,1.4822e-323,181.601,5.06782e-310,398.321,0.831063,-827.08,2.0625,-583.252,13.1218,133.353,12.5381,349.919,106.305,107.136,74.2271,76.2896,-23.7678,-10.646,-51.4199,-38.8818,
1.54859,1.52617,1.30022,1.31631,200,0,0,6.08372,6.14756,4.42792,4.55618,-1.5105,-0.742045,-2.90124,-2.17747,0,-774.295,0,-763.084,0,-650.108,0,-658.156,1.11025,-49.9877,2.23072,-49.9502,13.3645,-48.1808,12.5873,-48.3897,112.502,-38.1114,33.7349,-27.3422,-114.021,9.84334,-43.0963,19.2281,20.3166,6.95294e-310,-774.295,6.68183e-310,-555.5,1.4822e-323,199.983,5.06782e-310,390.65,1.11025,-824.282,2.23072,-605.45,13.3645,151.802,12.5873,342.26,105.804,106.914,77.0073,79.238,-26.2696,-12.9051,-50.4563,-37.869,
1.54148,1.52291,1.2954,1.31547,200,0,0,6.04708,6.13134,4.71617,4.8538,-1.67195,-0.890153,-2.87881,-2.1527,0,-770.741,0,-761.454,0,-647.699,0,-657.736,1.46546,-49.9785,2.39353,-49.9427,13.5965,-48.1159,12.6279,-48.3791,109.891,-36.0876,34.1888,-27.8586,-113.967,10.3373,-40.6403,18.1416,21.3575,6.95294e-310,-770.741,6.68183e-310,-594.99,1.4822e-323,220.779,5.06782e-310,387.459,1.46546,-820.72,2.39353,-644.933,13.5965,172.663,12.6279,339.08,105.167,106.632,82.0204,84.4139,-29.0774,-15.4809,-50.0663,-37.4383,
1.5353,1.5188,1.29076,1.31487,200,0,0,6.01518,6.11721,4.8891,5.03853,-1.85287,-1.05825,-2.81154,-2.08377,0,-767.65,0,-759.398,0,-645.38,0,-657.437,1.77449,-49.9685,2.5988,-49.9324,13.8195,-48.0523,12.6569,-48.3715,107.705,-34.7802,34.1438,-28.0499,-113.756,11.0657,-38.3642,17.1385,22.0715,6.95294e-310,-767.65,6.68183e-310,-619.103,1.4822e-323,244.236,5.06782e-310,378.273,1.77449,-817.618,2.5988,-669.036,13.8195,196.184,12.6569,329.901,104.612,106.386,85.0278,87.6266,-32.2238,-18.4043,-48.8964,-36.2394,
1.52767,1.51499,1.28628,1.31443,200,0,0,5.97579,6.09975,5.22791,5.38828,-2.06554,-1.25854,-2.77603,-2.04702,0,-763.833,0,-757.493,0,-643.139,0,-657.215,2.15589,-49.9535,2.78908,-49.9221,14.0347,-47.9899,12.6784,-48.3659,104.687,-32.6511,34.4514,-28.4485,-113.278,11.6272,-35.7475,15.9614,23.3938,6.95294e-310,-763.833,6.68183e-310,-665.516,1.4822e-323,272.004,5.06782e-310,373.398,2.15589,-813.786,2.78908,-715.438,14.0347,224.014,12.6784,325.032,103.927,106.083,90.9201,93.7092,-35.9224,-21.8877,-48.2788,-35.6004,
1.52055,1.51137,1.28202,1.31415,200,0,0,5.93903,6.08344,5.57699,5.74775,-2.29824,-1.47951,-2.72581,-1.99604,0,-760.273,0,-755.683,0,-641.012,0,-657.077,2.51143,-49.9369,2.96974,-49.9117,14.2388,-47.9297,12.6917,-48.3624,101.85,-30.7207,34.7253,-28.8217,-112.863,12.2239,-33.2719,14.8123,24.7479,6.95294e-310,-760.273,6.68183e-310,-713.277,1.4822e-323,302.517,5.06782e-310,366.574,2.51143,-810.21,2.96974,-763.189,14.2388,254.587,12.6917,318.212,103.288,105.799,96.9911,99.9608,-39.9693,-25.7306,-47.4054,-34.7137,
1.51379,1.50674,1.27796,1.31408,200,0,0,5.90412,6.06793,5.81936,6.00339,-2.55464,-1.72472,-2.63517,-1.9052,0,-756.894,0,-753.37,0,-638.981,0,-657.041,2.8489,-49.9188,3.20059,-49.8975,14.4334,-47.8715,12.6952,-48.3615,99.165,-29.2688,34.5468,-28.8805,-112.128,13.0032,-30.8527,13.7023,25.8601,6.95294e-310,-756.894,6.68183e-310,-746.853,1.4822e-323,336.263,5.06782e-310,354.343,2.8489,-806.812,3.20059,-796.75,14.4334,288.392,12.6952,305.981,102.68,105.529,101.206,104.407,-44.4285,-29.9952,-45.8291,-33.1339,
1.51379,1.50674,1.27796,1.31408,200,0,0,5.90412,6.06793,5.81936,6.00339,-2.55464,-1.72472,-2.63517,-1.9052,0,-756.894,0,-753.37,0,-638.981,0,-657.041,2.8489,-49.9188,3.20059,-49.8975,14.4334,-47.8715,12.6952,-48.3615,99.165,-29.2688,34.5468,-28.8805,-112.128,13.0032,-30.8527,13.7023,25.8601,6.95294e-310,-756.894,6.68183e-310,-746.853,1.4822e-323,336.263,5.06782e-310,354.343,2.8489,-806.812,3.20059,-796.75,14.4334,288.392,12.6952,305.981,102.68,105.529,101.206,104.407,-44.4285,-29.9952,-45.8291,-33.1339,
1.46446,1.47837,1.25856,1.31765,200,0,0,3.30418,3.60932,5.72101,5.98634,-3.26536,-2.38219,-1.0566,-0.336562,0,-732.23,0,-739.187,0,-629.28,0,-658.827,5.30678,-49.7176,4.61454,-49.7866,15.3594,-47.5824,12.5224,-48.4065,76.7217,-16.6543,34.5432,-29.5793,-103.699,17.134,-14.6585,5.69402,24.99,6.95294e-310,-416.192,6.68183e-310,-739.187,1.4822e-323,428.179,5.06782e-310,142.294,5.30678,-465.91,4.61454,-788.974,15.3594,380.596,12.5224,93.887,57.464,62.7707,99.4958,104.11,-56.7889,-41.4295,-18.3756,-5.85326,
1.46172,1.47665,1.25747,1.31806,200,0,0,3.18297,3.49596,5.71208,5.98235,-3.32137,-2.43522,-0.959434,-0.24053,0,-730.858,0,-738.324,0,-628.734,0,-659.03,5.44321,-49.7028,4.70045,-49.7786,15.4113,-47.5657,12.5027,-48.4116,75.431,-16.0478,34.5048,-29.5916,-103.218,17.455,-13.7244,5.18141,24.9505,6.95294e-310,-400.399,6.68183e-310,-738.324,1.4822e-323,435.51,5.06782e-310,129.279,5.44321,-450.102,4.70045,-788.103,15.4113,387.945,12.5027,80.8671,55.3561,60.7993,99.3405,104.041,-57.763,-42.3517,-16.6858,-4.18314,
1.45209,1.47067,1.25516,1.31939,200,0,0,2.74587,3.08634,5.68112,5.96851,-3.46226,-2.56978,-0.670706,0.0444935,0,-726.046,0,-735.334,0,-627.578,0,-659.696,5.92126,-49.6481,4.99805,-49.7496,15.5213,-47.5299,12.4383,-48.4282,70.6962,-13.7652,34.2689,-29.4766,-100.79,18.2005,-10.8019,3.63297,24.9464,6.95294e-310,-343.392,6.68183e-310,-735.334,1.4822e-323,454.037,5.06782e-310,90.6295,5.92126,-393.04,4.99805,-785.084,15.5213,406.507,12.4383,42.2013,47.7542,53.6754,98.8021,103.8,-60.2132,-44.6919,-11.6645,0.7738,
1.44225,1.46445,1.25279,1.32101,200,0,0,2.32,2.68855,5.64892,5.95409,-3.62523,-2.72631,-0.359464,0.35123,0,-721.127,0,-732.224,0,-626.397,0,-660.505,6.40945,-49.5875,5.30738,-49.7175,15.6334,-47.4931,12.3599,-48.4483,65.7996,-11.5398,34.0124,-29.3449,-98.3136,19.0576,-7.78423,1.96387,24.9523,6.95294e-310,-287.945,6.68183e-310,-732.224,1.4822e-323,475.532,5.06782e-310,49.0032,6.40945,-337.533,5.30738,-781.942,15.6334,428.039,12.3599,0.554929,40.3479,46.7574,98.242,103.549,-63.0475,-47.4141,-6.25155,6.10834,
1.432,1.45798,1.25054,1.32301,200,0,0,1.88721,2.28499,5.6154,5.93907,-3.8052,-2.90013,-0.0207058,0.684411,0,-715.998,0,-728.988,0,-625.271,0,-661.505,6.9178,-49.5191,5.62902,-49.6821,15.7404,-47.4578,12.2629,-48.4729,60.5863,-9.27892,33.7559,-29.2,-95.6779,20.0013,-4.63543,0.150006,24.9653,6.95294e-310,-231.651,6.68183e-310,-728.988,1.4822e-323,499.339,5.06782e-310,3.74495,6.9178,-281.17,5.62902,-778.671,15.7404,451.881,12.2629,-44.7279,32.8211,39.7389,97.6591,103.288,-66.1774,-50.437,-0.360101,11.9028,
1.4214,1.45129,1.24844,1.32518,200,0,0,1.45246,1.88038,5.58076,5.92352,-3.98908,-3.07829,0.333036,1.03211,0,-710.701,0,-725.645,0,-624.222,0,-662.59,7.44201,-49.4431,5.96112,-49.6434,15.8399,-47.4247,12.1577,-48.4994,55.1507,-7.0097,33.493,-29.0393,-92.8701,20.9579,-1.45835,-1.74078,24.9884,6.95294e-310,-175.161,6.68183e-310,-725.645,1.4822e-323,523.704,5.06782e-310,-43.4993,7.44201,-224.604,5.96112,-775.288,15.8399,476.279,12.1577,-91.9986,25.2602,32.7022,97.0566,103.018,-69.3753,-53.5354,5.79193,17.9497,
1.41141,1.44508,1.24675,1.32747,200,0,0,1.0467,1.50301,5.54859,5.90907,-4.16109,-3.24569,0.675791,1.36848,0,-705.703,0,-722.541,0,-623.377,0,-663.734,7.93581,-49.3662,6.26918,-49.6054,15.92,-47.3978,12.0467,-48.5271,49.9168,-4.89725,33.2778,-28.8944,-90.1471,21.8565,1.50135,-3.56865,25.0063,6.95294e-310,-122.462,6.68183e-310,-722.541,1.4822e-323,546.55,5.06782e-310,-89.2387,7.93581,-171.828,6.26918,-772.146,15.92,499.152,12.0467,-137.766,18.2035,26.1393,96.4972,102.766,-72.3667,-56.4467,11.7529,23.7996,
1.40209,1.43745,1.2455,1.32924,200,0,0,0.787624,1.27034,5.50902,5.89126,-4.39709,-3.47826,0.982807,1.67054,0,-701.047,0,-718.724,0,-622.748,0,-664.621,8.39514,-49.2902,6.64768,-49.5561,15.9796,-47.3777,11.9606,-48.5484,45.2177,-3.51299,32.4302,-28.2428,-86.8994,22.7172,4.05053,-5.11882,25.4481,6.95294e-310,-89.3989,6.68183e-310,-718.724,1.4822e-323,578.108,5.06782e-310,-130.264,8.39514,-138.689,6.64768,-768.28,15.9796,530.73,11.9606,-178.813,13.6978,22.0929,95.8091,102.457,-76.4712,-60.4915,17.0923,29.0529,
1.39242,1.43059,1.24442,1.33044,200,0,0,0.448656,0.958763,5.47348,5.87525,-4.53876,-3.61699,1.2683,1.95269,0,-696.212,0,-715.296,0,-622.209,0,-665.22,8.87144,-49.2067,6.98723,-49.5094,16.0307,-47.3605,11.9024,-48.5627,40.4217,-1.77677,31.9179,-27.8459,-83.6861,23.2402,6.38375,-6.55973,25.6877,6.95294e-310,-45.6411,6.68183e-310,-715.296,1.4822e-323,596.987,5.06782e-310,-168.504,8.87144,-94.8478,6.98723,-764.806,16.0307,549.627,11.9024,-217.067,7.80271,16.6741,95.191,102.178,-78.9349,-62.9042,22.0575,33.9598,
1.38225,1.4235,1.24357,1.33219,200,0,0,0.0919686,0.630837,5.43669,5.85865,-4.70164,-3.77756,1.59576,2.27526,0,-691.124,0,-711.749,0,-621.784,0,-666.095,9.37163,-49.1139,7.3383,-49.4586,16.071,-47.3468,11.8174,-48.5834,35.2079,0.0155351,31.4223,-27.4352,-80.2633,23.8513,8.88126,-8.18296,25.9429,6.95294e-310,0.403027,6.68183e-310,-711.749,1.4822e-323,618.771,5.06782e-310,-212.29,9.37163,-48.7108,7.3383,-761.208,16.071,571.424,11.8174,-260.873,1.59945,10.9711,94.5512,101.889,-81.7677,-65.6966,27.7524,39.5698,
1.37224,1.4163,1.24296,1.33398,200,0,0,-0.231032,0.336069,5.23226,5.67468,-4.72263,-3.79688,1.86881,2.54333,0,-686.121,0,-708.148,0,-621.478,0,-666.988,9.86263,-49.0176,7.69433,-49.4044,16.1,-47.337,11.7306,-48.6044,30.0598,1.64891,30.8643,-26.9567,-76.748,24.4345,11.2582,-9.77946,25.4345,6.95294e-310,41.9391,6.68183e-310,-685.629,1.4822e-323,621.478,5.06782e-310,-248.735,9.86263,-7.07853,7.69433,-735.033,16.1,574.141,11.7306,-297.34,-4.01796,5.84467,90.9958,98.6902,-82.1327,-66.0327,32.5011,44.2318,
1.36212,1.40893,1.24266,1.3358,200,0,0,-0.530798,0.0648152,5.017,5.48035,-4.72196,-3.7954,2.12644,2.79586,0,-681.058,0,-704.463,0,-621.328,0,-667.899,10.3585,-48.9152,8.05825,-49.3464,16.1141,-47.3322,11.6421,-48.6257,24.82,3.2252,30.2692,-26.4255,-73.0315,24.9495,13.5489,-11.3677,24.9034,6.95294e-310,80.3185,6.68183e-310,-658.084,1.4822e-323,621.328,5.06782e-310,-283.094,10.3585,31.4032,8.05825,-707.431,16.1141,573.996,11.6421,-331.72,-9.23128,1.12722,87.2523,95.3105,-82.1211,-66.0069,36.9816,48.6237,
1.35202,1.40159,1.24254,1.33746,200,0,0,-0.811378,-0.187414,4.82927,5.31342,-4.72169,-3.7948,2.37331,3.03807,0,-676.012,0,-700.796,0,-621.268,0,-668.732,10.8516,-48.8082,8.41995,-49.2859,16.1198,-47.3302,11.5611,-48.6451,19.6309,4.7403,29.6877,-25.8918,-69.2521,25.3621,15.6907,-12.9015,24.4959,6.95294e-310,116.118,6.68183e-310,-634.243,1.4822e-323,621.268,5.06782e-310,-316.034,10.8516,67.3099,8.41995,-683.529,16.1198,573.938,11.5611,-364.68,-14.1109,-3.25937,83.9873,92.4073,-82.1164,-65.9966,41.2749,52.836,
1.34187,1.39416,1.24268,1.33878,200,0,0,-1.08342,-0.431001,4.67371,5.1789,-4.72201,-3.79552,2.60994,3.27101,0,-670.937,0,-697.08,0,-621.34,0,-669.391,11.3464,-48.6956,8.78592,-49.222,16.113,-47.3326,11.4969,-48.6603,14.4908,6.21026,29.0842,-25.3247,-65.2935,25.5958,17.6233,-14.3219,24.275,6.95294e-310,150.754,6.68183e-310,-614.758,1.4822e-323,621.34,5.06782e-310,-347.664,11.3464,102.059,8.78592,-663.98,16.113,574.008,11.4969,-396.325,-18.8421,-7.49567,81.2819,90.0678,-82.122,-66.009,45.3902,56.8871,
1.33191,1.38671,1.24315,1.34026,200,0,0,-1.32824,-0.647965,4.51631,5.04258,-4.72306,-3.79783,2.84467,3.50162,0,-665.957,0,-693.353,0,-621.574,0,-670.128,11.8308,-48.5802,9.15258,-49.1552,16.0909,-47.3401,11.4252,-48.6772,9.38058,7.54323,28.434,-24.6946,-61.2403,25.7961,19.4575,-15.7293,24.0956,6.95294e-310,181.759,6.68183e-310,-595.031,1.4822e-323,621.574,5.06782e-310,-379.007,11.8308,133.179,9.15258,-644.186,16.0909,574.234,11.4252,-427.684,-23.0998,-11.269,78.5445,87.6971,-82.1401,-66.0492,49.4725,60.8977,
1.32252,1.37898,1.24418,1.34141,200,0,0,-1.52932,-0.822833,4.35602,4.90412,-4.72535,-3.80293,3.05859,3.71232,0,-661.26,0,-689.488,0,-622.089,0,-670.703,12.2867,-48.4669,9.53227,-49.0829,16.0421,-47.3566,11.3692,-48.6903,4.60127,8.58576,27.561,-23.8502,-56.9245,25.8048,20.9507,-16.908,24.1075,6.95294e-310,206.981,6.68183e-310,-574.97,1.4822e-323,622.089,5.06782e-310,-407.61,12.2867,158.515,9.53227,-624.053,16.0421,574.733,11.3692,-456.301,-26.5969,-14.3101,75.7568,85.2891,-82.1801,-66.138,53.1929,64.5621,
1.31332,1.37098,1.24611,1.34242,200,0,0,-1.72672,-0.994618,4.20605,4.7767,-4.72966,-3.81249,3.27463,3.92551,0,-656.658,0,-685.492,0,-623.054,0,-671.212,12.7323,-48.3517,9.9243,-49.0052,15.9507,-47.3875,11.3196,-48.7018,-0.151361,9.50105,26.5036,-22.8092,-52.1255,25.5437,22.1581,-17.8965,24.3917,6.95294e-310,231.747,6.68183e-310,-556.354,1.4822e-323,623.054,5.06782e-310,-436.525,12.7323,183.395,9.9243,-605.359,15.9507,575.666,11.3196,-485.227,-30.03,-17.2977,73.1487,83.073,-82.2549,-66.3042,56.9502,68.2697,
1.30418,1.36293,1.24825,1.34326,200,0,0,-1.92389,-1.16643,4.06659,4.65991,-4.73444,-3.82312,3.50063,4.14915,0,-652.092,0,-681.465,0,-624.126,0,-671.632,13.1733,-48.2334,10.3186,-48.9237,15.849,-47.4216,11.2787,-48.7113,-4.82691,10.3349,25.4133,-21.7245,-47.2233,25.1478,23.2084,-18.8093,24.8184,6.95294e-310,256.494,6.68183e-310,-539.166,1.4822e-323,624.126,5.06782e-310,-466.817,13.1733,208.261,10.3186,-588.09,15.849,576.705,11.2787,-515.529,-33.459,-20.2857,70.7233,81.0419,-82.338,-66.489,60.8805,72.1592,
1.29533,1.35498,1.25046,1.34389,200,0,0,-2.11564,-1.33364,3.93653,4.55219,-4.73935,-3.83405,3.73377,4.38055,0,-647.663,0,-677.492,0,-625.229,0,-671.944,13.5999,-48.1149,10.707,-48.8401,15.7444,-47.4564,11.2484,-48.7183,-9.29761,11.0615,24.3199,-20.6285,-42.3778,24.6501,24.0958,-19.6386,25.3642,6.95294e-310,280.567,6.68183e-310,-523.226,1.4822e-323,625.229,5.06782e-310,-498.116,13.5999,232.452,10.707,-572.066,15.7444,577.773,11.2484,-546.834,-36.7937,-23.1938,68.4614,79.1685,-82.4235,-66.6791,64.9351,76.1834,
1.28665,1.3469,1.25361,1.34429,200,0,0,-2.3369,-1.53093,3.82608,4.46443,-4.74637,-3.84968,3.99469,4.64033,0,-643.325,0,-673.448,0,-626.805,0,-672.147,14.0169,-47.9951,11.1018,-48.7519,15.5947,-47.5058,11.2285,-48.7229,-13.7474,11.7209,23.0679,-19.3653,-37.0477,23.8025,24.6711,-20.248,26.3335,6.95294e-310,308.653,6.68183e-310,-509.956,1.4822e-323,626.805,5.06782e-310,-533.202,14.0169,260.658,11.1018,-558.708,15.5947,579.299,11.2285,-581.925,-40.6417,-26.6248,66.5405,77.6422,-82.5456,-66.9509,69.4729,80.7014,
1.27832,1.33878,1.25671,1.34446,200,0,0,-2.54759,-1.71866,3.70854,4.36961,-4.75329,-3.86508,4.2719,4.91707,0,-639.161,0,-669.391,0,-628.357,0,-672.231,14.4161,-47.8767,11.4969,-48.6603,15.4472,-47.554,11.2203,-48.7248,-17.9233,12.214,21.7633,-18.0536,-31.8049,22.8833,25.0936,-20.7775,27.4592,6.95294e-310,335.385,6.68183e-310,-495.736,1.4822e-323,628.357,5.06782e-310,-570.532,14.4161,287.508,11.4969,-544.397,15.4472,580.803,11.2203,-619.257,-44.3059,-29.8898,64.4963,75.9932,-82.6659,-67.2187,74.2939,85.5142,
1.26999,1.3308,1.26006,1.34439,200,0,0,-2.80565,-1.95382,3.61808,4.30146,-4.76074,-3.88167,4.59553,5.2409,0,-634.996,0,-665.4,0,-630.029,0,-672.195,14.8144,-47.7549,11.8849,-48.5669,15.2881,-47.6054,11.2238,-48.724,-22.067,12.7298,20.4875,-16.7591,-26.4804,21.7643,25.3549,-21.2163,28.9478,6.95294e-310,368.501,6.68183e-310,-485.141,1.4822e-323,630.029,5.06782e-310,-614.166,14.8144,320.746,11.8849,-533.708,15.2881,582.423,11.2238,-662.89,-48.7938,-33.9794,62.9231,74.808,-82.7955,-67.5073,79.9222,91.1461,
1.26163,1.32285,1.26358,1.34411,200,0,0,-3.11589,-2.24112,3.54775,4.2533,-4.76859,-3.89917,4.98075,5.62689,0,-630.814,0,-661.427,0,-631.79,0,-672.057,15.2134,-47.6293,12.2704,-48.471,15.1203,-47.659,11.2373,-48.7209,-26.1883,13.2439,19.2219,-15.4675,-21.0775,20.476,25.4812,-21.5893,30.8552,6.95294e-310,408.645,6.68183e-310,-477.252,1.4822e-323,631.79,5.06782e-310,-666.142,15.2134,361.015,12.2704,-525.723,15.1203,584.131,11.2373,-714.863,-54.1893,-38.976,61.7,73.9705,-82.9319,-67.8117,86.6217,97.859,
1.25332,1.31512,1.26683,1.3436,200,0,0,-3.21852,-2.32103,3.23487,3.96194,-4.42445,-3.56394,5.02196,5.66955,0,-626.661,0,-657.562,0,-633.414,0,-671.8,15.6084,-47.5013,12.6448,-48.3747,14.9654,-47.7078,11.2624,-48.7151,-30.1635,13.7475,18.0535,-14.264,-15.8915,19.1456,25.5375,-21.9467,30.6105,6.95294e-310,420.819,6.68183e-310,-436.628,1.4822e-323,586.055,5.06782e-310,-671.8,15.6084,373.317,12.6448,-485.003,14.9654,538.348,11.2624,-720.515,-55.9742,-40.3658,56.2586,68.9034,-76.9469,-61.9815,87.3385,98.6008,
1.24532,1.30738,1.271,1.34269,200,0,0,-3.32267,-2.40335,2.90492,3.65351,-4.0001,-3.15103,5.01723,5.66737,0,-622.658,0,-653.692,0,-635.499,0,-671.344,15.9882,-47.3749,13.0189,-48.2753,14.7663,-47.7698,11.3067,-48.7048,-34.0268,14.215,16.7273,-12.9173,-10.2772,17.379,25.2287,-22.0265,30.4789,6.95294e-310,433.259,6.68183e-310,-393.706,1.4822e-323,529.694,5.06782e-310,-671.344,15.9882,385.884,13.0189,-441.981,14.7663,481.924,11.3067,-720.049,-57.7856,-41.7974,50.5204,63.5393,-69.5669,-54.8005,87.2562,98.5629,
1.23784,1.29968,1.27512,1.34127,200,0,0,-3.41615,-2.47648,2.58406,3.35401,-3.57257,-2.73484,5.00989,5.66398,0,-618.919,0,-649.839,0,-637.561,0,-670.637,16.342,-47.254,13.3905,-48.1736,14.5693,-47.8303,11.3756,-48.6888,-37.4698,14.531,15.3216,-11.5106,-4.7767,15.464,24.6835,-21.9302,30.5805,6.95294e-310,444.366,6.68183e-310,-352.001,1.4822e-323,472.895,5.06782e-310,-670.637,16.342,397.112,13.3905,-400.175,14.5693,425.065,11.3756,-719.326,-59.4112,-43.0693,44.9402,58.3307,-62.1317,-47.5625,87.1285,98.5041,
1.23078,1.29203,1.27953,1.33936,200,0,0,-3.52479,-2.56597,2.26699,3.0581,-3.10932,-2.28373,4.99993,5.65939,0,-615.39,0,-646.016,0,-639.766,0,-669.679,16.6751,-47.1375,13.7584,-48.0698,14.3582,-47.8941,11.4689,-48.6669,-40.6137,14.7711,13.8216,-10.0323,0.793624,13.2777,23.8563,-21.6168,30.9795,6.95294e-310,457.602,6.68183e-310,-310.795,1.4822e-323,411.339,5.06782e-310,-669.679,16.6751,410.464,13.7584,-358.865,14.3582,363.444,11.4689,-718.345,-61.3007,-44.6256,39.426,53.1844,-54.0752,-39.717,86.9553,98.4242,
1.22414,1.28433,1.28421,1.33703,200,0,0,-3.63764,-2.66085,1.93418,2.74657,-2.60057,-1.78785,4.98785,5.65382,0,-612.07,0,-642.163,0,-642.103,0,-668.516,16.9877,-47.0257,14.1284,-47.9624,14.1342,-47.9607,11.5821,-48.6401,-43.4735,14.8965,12.1906,-8.4509,6.44201,10.8591,22.7838,-21.1215,31.651,6.95294e-310,471.489,6.68183e-310,-267.479,1.4822e-323,343.702,5.06782e-310,-668.516,16.9877,424.463,14.1284,-315.442,14.1342,295.742,11.5821,-717.156,-63.2633,-46.2756,33.6379,47.7664,-45.2273,-31.0931,86.7452,98.3273,
1.2179,1.27634,1.28923,1.33424,200,0,0,-3.75148,-2.75783,1.56198,2.39635,-2.02142,-1.22257,4.97335,5.64712,0,-608.948,0,-638.172,0,-644.614,0,-667.12,17.281,-46.9187,14.5108,-47.8481,13.8932,-48.031,11.7178,-48.6075,-46.0462,14.8671,10.354,-6.70224,12.2711,8.16385,21.4343,-20.4249,32.662,6.95294e-310,485.59,6.68183e-310,-218.909,1.4822e-323,266.648,5.06782e-310,-667.12,17.281,438.671,14.5108,-266.757,13.8932,218.617,11.7178,-715.727,-65.2432,-47.9622,27.1648,41.6756,-35.1552,-21.262,86.493,98.2108,
1.21163,1.26828,1.29446,1.33109,200,0,0,-3.89235,-2.8818,1.1647,2.02123,-1.34801,-0.56363,4.95698,5.63956,0,-605.815,0,-634.139,0,-647.232,0,-665.544,17.5747,-46.8095,14.8962,-47.7295,13.6414,-48.1031,11.871,-48.5704,-48.5634,14.8409,8.46437,-4.92333,18.2233,5.21692,19.9079,-19.6239,33.9149,6.95294e-310,503.328,6.68183e-310,-166.974,1.4822e-323,176.931,5.06782e-310,-665.544,17.5747,456.519,14.8962,-214.704,13.6414,128.828,11.871,-714.114,-67.693,-50.1183,20.2556,35.1518,-23.4437,-9.80227,86.2083,98.0793,
1.20577,1.26024,1.29969,1.32764,200,0,0,-4.0369,-3.01059,0.729133,1.60771,-0.592227,0.177693,4.93905,5.63127,0,-602.884,0,-630.119,0,-649.845,0,-663.818,17.8487,-46.7057,15.2796,-47.6081,13.3899,-48.1737,12.0385,-48.5291,-50.7982,14.712,6.49832,-3.09881,24.0764,2.14653,18.2311,-18.7218,35.4571,6.95294e-310,521.645,6.68183e-310,-109.875,1.4822e-323,76.1097,5.06782e-310,-663.818,17.8487,474.94,15.2796,-157.483,13.3899,27.936,12.0385,-712.347,-70.2069,-52.3582,12.6806,27.9601,-10.2996,3.09032,85.8965,97.9351,
1.20014,1.25217,1.30501,1.32372,200,0,0,-4.21433,-3.17292,0.245488,1.14611,0.300149,1.05532,4.91869,5.62184,0,-600.068,0,-626.086,0,-652.505,0,-661.859,18.1115,-46.6044,15.663,-47.4834,13.1334,-48.2443,12.2286,-48.4816,-52.8148,14.5418,4.45915,-1.23661,29.9369,-1.15124,16.3501,-17.6779,37.4398,6.95294e-310,544.441,6.68183e-310,-46.2984,1.4822e-323,-43.1024,5.06782e-310,-661.859,18.1115,497.837,15.663,-93.7818,13.1334,-91.3467,12.2286,-710.34,-73.2928,-55.1812,4.26936,19.9324,5.21997,18.3534,85.5425,97.7711,
1.19488,1.24435,1.3104,1.31931,200,0,0,-4.45464,-3.39914,-0.289925,0.632038,1.37756,2.11776,4.89579,5.61122,0,-597.438,0,-622.173,0,-655.202,0,-659.654,18.3565,-46.5085,16.0341,-47.3593,12.873,-48.3144,12.4423,-48.4271,-54.5605,14.3745,2.39714,0.606747,35.7039,-4.67444,14.2579,-16.4683,40.056,6.95294e-310,575.785,6.68183e-310,24.3039,1.4822e-323,-187.24,5.06782e-310,-659.654,18.3565,529.277,16.0341,-23.0555,12.873,-235.554,12.4423,-708.081,-77.472,-59.1155,-5.04217,10.992,23.9576,36.8306,85.1441,97.5864,
1.18945,1.23683,1.31592,1.31521,200,0,0,-4.60314,-3.53314,-0.841842,0.100557,2.53902,3.26389,4.73436,5.4612,0,-594.723,0,-618.416,0,-657.958,0,-657.604,18.6087,-46.4082,16.3895,-47.2375,12.6065,-48.3847,12.6407,-48.3757,-56.5188,14.3075,0.436907,2.33822,41.4161,-8.24398,12.2373,-15.3658,41.5674,6.95294e-310,594.723,6.68183e-310,97.1936,1.4822e-323,-342.681,5.06782e-310,-638.717,18.6087,548.315,16.3895,49.9561,12.6065,-391.065,12.6407,-687.092,-80.0547,-61.446,-14.6407,1.74882,44.1568,56.7633,82.3367,94.9774,
1.18528,1.22873,1.32149,1.30991,200,0,0,-4.59381,-3.51269,-1.53543,-0.571063,3.86532,4.57468,4.38603,5.12759,0,-592.638,0,-614.365,0,-660.744,0,-654.956,18.8021,-46.3301,16.7717,-47.1032,12.3367,-48.4542,12.8968,-48.3081,-57.5299,13.8326,-1.97463,4.41286,47.1248,-12.1448,9.71214,-13.837,42.8436,6.95294e-310,592.638,6.68183e-310,189.063,1.4822e-323,-520.329,5.06782e-310,-592.827,18.8021,546.308,16.7717,141.96,12.3367,-568.783,12.8968,-641.135,-79.8924,-61.0903,-26.7032,-9.93152,67.223,79.5597,76.2787,89.1755,
1.18094,1.22231,1.32709,1.30485,200,0,0,-4.44015,-3.34748,-1.96742,-0.985665,4.93619,5.62994,3.75699,4.51259,0,-590.469,0,-611.154,0,-663.543,0,-652.427,19.0029,-46.2481,17.0739,-46.9945,12.0653,-48.5225,13.1409,-48.2423,-58.8461,13.8706,-3.87527,5.97522,52.415,-16.1167,7.28955,-12.3644,41.1711,6.95294e-310,571.066,6.68183e-310,246.006,1.4822e-323,-663.543,5.06782e-310,-509.055,19.0029,524.818,17.0739,199.012,12.0653,-712.065,13.1409,-557.298,-77.2199,-58.217,-34.2159,-17.142,85.8467,97.912,65.3389,78.4798,
1.17658,1.21485,1.33253,1.29932,200,0,0,-3.54172,-2.43747,-2.05769,-1.05582,4.96445,5.64301,2.62612,3.39707,0,-588.288,0,-607.426,0,-666.263,0,-649.659,19.2045,-46.1648,17.4237,-46.8659,11.8011,-48.5874,13.4078,-48.1688,-59.9398,13.6229,-6.06613,7.78619,57.8518,-20.2099,4.7177,-10.8514,32.9672,6.95294e-310,449.11,6.68183e-310,256.689,1.4822e-323,-666.263,5.06782e-310,-357.741,19.2045,402.945,17.4237,209.823,11.8011,-714.85,13.4078,-405.91,-61.5952,-42.3907,-35.7858,-18.3621,86.3382,98.1393,45.6716,59.0794,
1.17321,1.20903,1.33773,1.29351,200,0,0,-2.99274,-1.87956,-2.051,-1.03345,4.99146,5.65549,1.8335,2.62053,0,-586.604,0,-604.514,0,-668.864,0,-646.753,19.3598,-46.0999,17.6964,-46.7636,11.5482,-48.6481,13.6876,-48.09,-60.6009,13.6052,-7.95969,9.25162,62.6063,-24.3023,2.06144,-9.15877,27.5226,6.95294e-310,374.451,6.68183e-310,254.629,1.4822e-323,-668.864,5.06782e-310,-252.073,19.3598,328.351,17.6964,207.865,11.5482,-717.512,13.6876,-300.163,-52.0477,-32.6879,-35.6695,-17.9731,86.808,98.3563,31.887,45.5745,
1.16988,1.20282,1.34234,1.28799,200,0,0,-2.59188,-1.46987,-2.07946,-1.04524,5.01543,5.66654,1.31317,2.11543,0,-584.938,0,-601.41,0,-671.171,0,-643.996,19.5133,-46.0351,17.9864,-46.6529,11.3237,-48.7009,13.9525,-48.0138,-61.1808,13.3855,-9.88819,10.7679,67.0951,-28.0958,-0.40874,-7.66237,23.8887,6.95294e-310,319.762,6.68183e-310,257.231,1.4822e-323,-671.171,5.06782e-310,-183.044,19.5133,273.726,17.9864,210.578,11.3237,-719.871,13.9525,-231.058,-45.0762,-25.5629,-36.1645,-18.1781,87.2248,98.5485,22.8377,36.7901,
1.16657,1.19639,1.34625,1.28107,200,0,0,-2.27252,-1.14175,-2.08701,-1.03555,5.03572,5.67588,0.86474,1.68611,0,-583.284,0,-598.193,0,-673.124,0,-640.533,19.6655,-45.9703,18.2862,-46.5362,11.1333,-48.7447,14.2847,-47.916,-61.2588,13.1508,-11.798,12.2412,71.3184,-32.0656,-3.18001,-5.90647,20.9921,6.95294e-310,276.063,6.68183e-310,256.969,1.4822e-323,-673.124,5.06782e-310,-123.989,19.6655,230.092,18.2862,210.433,11.1333,-721.869,14.2847,-171.905,-39.5221,-19.8566,-36.2958,-18.0095,87.5777,98.711,15.039,29.3237,
1.1642,1.19159,1.34953,1.2744,200,0,0,-2.0659,-0.928864,-2.05942,-0.99515,5.05277,5.68373,0.518246,1.35796,0,-582.098,0,-595.796,0,-674.766,0,-637.201,19.7745,-45.9235,18.5091,-46.448,10.9732,-48.781,14.6037,-47.8198,-60.9969,13.0953,-13.3237,13.3361,74.6738,-35.6668,-5.77879,-4.15569,18.9186,6.95294e-310,247.744,6.68183e-310,252.3,1.4822e-323,-674.766,5.06782e-310,-78.6199,19.7745,201.821,18.5091,205.852,10.9732,-723.547,14.6037,-126.44,-35.9286,-16.1542,-35.816,-17.307,87.8743,98.8475,9.01297,23.6166,
1.16167,1.18676,1.35234,1.26757,200,0,0,-1.90203,-0.758323,-2.03407,-0.956916,5.06734,5.69043,0.239384,1.09786,0,-580.833,0,-593.381,0,-676.168,0,-633.786,19.8905,-45.8734,18.7332,-46.358,10.8363,-48.8116,14.93,-47.7189,-60.6851,13.037,-14.7572,14.3552,77.8053,-39.1512,-8.32333,-2.455,17.2707,6.95294e-310,225.158,6.68183e-310,247.925,1.4822e-323,-676.168,5.06782e-310,-42.3995,19.8905,179.285,18.7332,201.567,10.8363,-724.98,14.93,-90.1184,-33.0788,-13.1882,-35.3752,-16.642,88.1276,98.9639,4.16319,19.0932,
1.15968,1.1815,1.35464,1.26098,200,0,0,-1.73707,-0.588115,-2.04694,-0.955769,5.07929,5.69592,0.0169566,0.893497,0,-579.839,0,-590.75,0,-677.318,0,-630.49,19.9818,-45.8337,18.9768,-46.2588,10.724,-48.8364,15.2442,-47.6195,-60.0523,12.6511,-16.3435,15.5298,80.6653,-42.3088,-10.7446,-0.858095,16.0089,6.95294e-310,202.531,6.68183e-310,248.615,1.4822e-323,-677.318,5.06782e-310,-13.7372,19.9818,156.697,18.9768,202.356,10.724,-726.155,15.2442,-61.3566,-30.2098,-10.2281,-35.5989,-16.6221,88.3354,99.0594,0.294897,15.5391,
1.15756,1.17695,1.35651,1.2549,200,0,0,-1.62264,-0.468097,-2.04246,-0.939187,5.08899,5.70037,-0.155699,0.737462,0,-578.778,0,-588.473,0,-678.253,0,-627.452,20.0789,-45.7912,19.1873,-46.1719,10.6327,-48.8564,15.5332,-47.526,-59.5928,12.4288,-17.6215,16.4513,83.136,-45.1547,-12.8978,0.553921,15.0206,6.95294e-310,186.688,6.68183e-310,247.109,1.4822e-323,-678.253,5.06782e-310,8.32025,20.0789,140.897,19.1873,200.937,10.6327,-727.11,15.5332,-39.2057,-28.2198,-8.14082,-35.521,-16.3337,88.5043,99.1369,-2.70781,12.8254,
1.15599,1.17279,1.3579,1.24884,200,0,0,-1.52097,-0.362294,-2.03997,-0.925673,5.09621,5.70369,-0.310915,0.5988,0,-577.993,0,-586.394,0,-678.948,0,-624.42,20.1508,-45.7596,19.3791,-46.0917,10.5648,-48.8711,15.8211,-47.4309,-58.8284,12.1446,-18.8195,17.2982,85.187,-47.7518,-14.9785,1.9714,14.2183,6.95294e-310,172.675,6.68183e-310,245.95,1.4822e-323,-678.948,5.06782e-310,28.03,20.1508,126.915,19.3791,199.859,10.5648,-727.819,15.8211,-19.4009,-26.4516,-6.30077,-35.4778,-16.0987,88.6298,99.1946,-5.40722,10.4139,
1.15467,1.1688,1.35881,1.24285,200,0,0,-1.42905,-0.266909,-2.0411,-0.916232,5.10094,5.70586,-0.44782,0.478221,0,-577.334,0,-584.399,0,-679.404,0,-621.424,20.2111,-45.733,19.5629,-46.014,10.5202,-48.8807,16.1051,-47.3353,-57.8939,11.8008,-19.9399,18.0901,86.9162,-50.1014,-16.9526,3.33957,13.5606,6.95294e-310,160.026,6.68183e-310,245.313,1.4822e-323,-679.404,5.06782e-310,45.2865,20.2111,114.293,19.5629,199.298,10.5202,-728.284,16.1051,-2.04876,-24.853,-4.64189,-35.4974,-15.9345,88.7121,99.2323,-7.78818,8.31689,
1.15309,1.16542,1.35939,1.2369,200,0,0,-1.36883,-0.202538,-2.02202,-0.888215,5.10399,5.70726,-0.569078,0.373126,0,-576.543,0,-582.709,0,-679.697,0,-618.452,20.2834,-45.701,19.7183,-45.9477,10.4915,-48.8869,16.3861,-47.2387,-57.094,11.6708,-20.7746,18.636,88.3856,-52.3267,-18.8099,4.65331,12.9895,6.95294e-310,151.598,6.68183e-310,242.072,1.4822e-323,-679.697,5.06782e-310,60.4442,20.2834,105.897,19.7183,196.124,10.4915,-728.584,16.3861,13.2055,-23.8058,-3.5224,-35.1655,-15.4472,88.7651,99.2566,-9.89701,6.48914,
1.15178,1.16155,1.35974,1.23126,200,0,0,-1.29333,-0.123605,-2.02782,-0.883793,5.1058,5.70808,-0.673011,0.28451,0,-575.89,0,-580.774,0,-679.871,0,-615.63,20.3431,-45.6745,19.896,-45.871,10.4745,-48.8905,16.6525,-47.1454,-56.1531,11.2802,-21.7627,19.3449,89.7806,-54.3276,-20.559,5.85946,12.5143,6.95294e-310,141.164,6.68183e-310,242.088,1.4822e-323,-679.871,5.06782e-310,73.327,20.3431,95.4893,19.896,196.217,10.4745,-728.762,16.6525,26.1816,-22.4928,-2.14965,-35.2663,-15.3703,88.7965,99.271,-11.7045,4.948,
1.15056,1.15832,1.35983,1.22578,200,0,0,-1.23803,-0.065088,-2.02068,-0.868158,5.10623,5.70828,-0.768357,0.203996,0,-575.279,0,-579.162,0,-679.913,0,-612.891,20.3989,-45.6496,20.0438,-45.8066,10.4704,-48.8914,16.9105,-47.0535,-55.2245,11.0239,-22.5347,19.8634,90.8855,-56.1581,-22.191,7.02782,12.1071,6.95294e-310,133.468,6.68183e-310,240.489,1.4822e-323,-679.913,5.06782e-310,85.0866,20.3989,87.8186,20.0438,194.682,10.4704,-728.804,16.9105,38.0331,-21.5309,-1.13196,-35.1422,-15.0984,88.8041,99.2745,-13.3627,3.54775,
1.14923,1.15565,1.3596,1.22022,200,0,0,-1.20258,-0.0261512,-1.99819,-0.83864,5.10505,5.70774,-0.859505,0.127877,0,-574.614,0,-577.825,0,-679.799,0,-610.111,20.4596,-45.6224,20.1662,-45.7529,10.4816,-48.889,17.1719,-46.9588,-54.3223,10.9365,-23.0743,20.1762,91.7401,-57.8892,-23.7588,8.1975,11.7431,6.95294e-310,128.428,6.68183e-310,236.931,1.4822e-323,-679.799,5.06782e-310,96.2642,20.4596,82.8058,20.1662,191.178,10.4816,-728.688,17.1719,49.3054,-20.9144,-0.454803,-34.7512,-14.585,88.7835,99.2651,-14.9479,2.22395,
1.14805,1.1527,1.35904,1.21478,200,0,0,-1.15853,0.0209776,-1.98928,-0.82198,5.10213,5.7064,-0.942287,0.0597712,0,-574.026,0,-576.351,0,-679.518,0,-607.391,20.5132,-45.5983,20.301,-45.6932,10.5091,-48.8831,17.4271,-46.8647,-53.2925,10.6905,-23.6659,20.5615,92.462,-59.4176,-25.2373,9.29833,11.4363,6.95294e-310,122.26,6.68183e-310,235.148,1.4822e-323,-679.518,5.06782e-310,106.339,20.5132,76.6612,20.301,189.455,10.5091,-728.401,17.4271,59.4739,-20.1484,0.364828,-34.5962,-14.2953,88.7326,99.2417,-16.3876,1.0395,
1.14694,1.15031,1.35788,1.20939,200,0,0,-1.12859,0.0538398,-1.97125,-0.797653,5.09615,5.70366,-1.02123,-0.00465318,0,-573.469,0,-575.153,0,-678.942,0,-604.694,20.564,-45.5755,20.4104,-45.6444,10.5653,-48.871,17.6796,-46.77,-52.1851,10.5438,-24.011,20.7512,92.7823,-60.664,-26.5673,10.3563,11.1918,6.95294e-310,118.004,6.68183e-310,232.245,1.4822e-323,-678.942,5.06782e-310,115.906,20.564,72.4289,20.4104,186.6,10.5653,-727.813,17.6796,69.1356,-19.6277,0.936344,-34.2826,-13.8722,88.6287,99.1941,-17.7605,-0.0809249,
1.1459,1.14815,1.35613,1.20398,200,0,0,-1.10378,0.0813831,-1.95151,-0.772249,5.08707,5.69949,-1.09747,-0.0663756,0,-572.948,0,-574.074,0,-678.067,0,-601.992,20.6115,-45.554,20.5088,-45.6003,10.6508,-48.8524,17.9321,-46.6738,-50.952,10.4043,-24.2012,20.8313,92.7643,-61.6388,-27.7719,11.3727,11.0007,6.95294e-310,114.455,6.68183e-310,229.158,1.4822e-323,-678.067,5.06782e-310,125.107,20.6115,68.9006,20.5088,183.558,10.6508,-726.92,17.9321,78.4332,-19.1962,1.41536,-33.9393,-13.4304,88.4707,99.1215,-19.0865,-1.15436,
1.14497,1.14632,1.35375,1.19817,200,0,0,-1.08489,0.102693,-1.92398,-0.739921,5.07468,5.6938,-1.17979,-0.133112,0,-572.486,0,-573.158,0,-676.875,0,-599.085,20.6535,-45.5349,20.5924,-45.5626,10.7673,-48.8269,18.2031,-46.5687,-49.486,10.3073,-24.2252,20.7654,92.3832,-62.4451,-28.9591,12.4588,10.8395,6.95294e-310,111.726,6.68183e-310,225.087,1.4822e-323,-676.875,5.06782e-310,135.047,20.6535,66.1912,20.5924,179.524,10.7673,-725.702,18.2031,88.4782,-18.8676,1.78597,-33.4606,-12.8682,88.2553,99.0226,-20.5181,-2.31499,
1.14416,1.14467,1.35072,1.19357,200,0,0,-1.06706,0.122653,-1.91054,-0.722174,5.05893,5.68656,-1.23986,-0.180872,0,-572.079,0,-572.337,0,-675.359,0,-596.784,20.6906,-45.5181,20.6672,-45.5288,10.9153,-48.794,18.4172,-46.4845,-48.1286,10.115,-24.0886,20.6586,91.6124,-62.5789,-29.6568,13.179,10.7921,6.95294e-310,109.163,6.68183e-310,222.951,1.4822e-323,-675.359,5.06782e-310,142.23,20.6906,63.6447,20.6672,177.422,10.9153,-724.153,18.4172,95.745,-18.5575,2.1331,-33.2267,-12.5595,87.9814,98.8968,-21.5628,-3.14559,
1.14346,1.1433,1.34736,1.18855,200,0,0,-1.05303,0.138498,-1.8886,-0.696631,5.04151,5.67855,-1.30846,-0.236066,0,-571.731,0,-571.648,0,-673.681,0,-594.274,20.7223,-45.5037,20.7299,-45.5002,11.079,-48.7571,18.6504,-46.3914,-46.5923,9.96985,-23.8606,20.447,90.6385,-62.6917,-30.4056,14.0034,10.7459,6.95294e-310,107.135,6.68183e-310,219.722,1.4822e-323,-673.681,5.06782e-310,150.479,20.7223,61.6317,20.7299,174.222,11.079,-722.438,18.6504,104.088,-18.3136,2.40866,-32.8452,-12.1153,87.6784,98.7573,-22.7559,-4.1055,
1.14283,1.14224,1.34352,1.18341,200,0,0,-1.04496,0.148235,-1.85988,-0.665154,5.02153,5.66935,-1.38004,-0.293938,0,-571.414,0,-571.12,0,-671.758,0,-591.703,20.7512,-45.4905,20.7779,-45.4783,11.2665,-48.7141,18.8887,-46.2949,-44.9425,9.87444,-23.48,20.1032,89.3736,-62.6239,-31.0766,14.8325,10.7269,6.95294e-310,105.922,6.68183e-310,215.644,1.4822e-323,-671.758,5.06782e-310,159.106,20.7512,60.4313,20.7779,170.165,11.2665,-720.472,18.8887,112.811,-18.1732,2.578,-32.3458,-11.5679,87.3309,98.5973,-24.0006,-5.11196,
1.14226,1.14119,1.33925,1.17919,200,0,0,-1.03409,0.160578,-1.84391,-0.646425,4.99937,5.65913,-1.43654,-0.339218,0,-571.132,0,-570.593,0,-669.625,0,-589.594,20.7768,-45.4788,20.8258,-45.4564,11.4742,-48.6656,19.0838,-46.2148,-43.3806,9.67471,-23.0351,19.7752,87.8815,-62.0861,-31.3924,15.3805,10.7854,6.95294e-310,104.346,6.68183e-310,213.283,1.4822e-323,-669.625,5.06782e-310,165.885,20.7768,58.8669,20.8258,167.827,11.4742,-718.29,19.0838,119.67,-17.9841,2.79267,-32.068,-11.2422,86.9455,98.4197,-24.9832,-5.89945,
1.1417,1.14044,1.33471,1.17474,200,0,0,-1.03022,0.165921,-1.81788,-0.618453,4.97578,5.64824,-1.49847,-0.389353,0,-570.851,0,-570.221,0,-667.354,0,-587.371,20.8024,-45.4671,20.8596,-45.4409,11.6951,-48.613,19.2891,-46.1295,-41.7511,9.55901,-22.471,19.321,86.2135,-61.5085,-31.7024,15.9775,10.8498,6.95294e-310,103.713,6.68183e-310,209.629,1.4822e-323,-667.354,5.06782e-310,173.353,20.8024,58.246,20.8596,164.188,11.6951,-715.967,19.2891,127.223,-17.9168,2.88559,-31.6153,-10.7557,86.5352,98.2303,-26.0604,-6.77135,
1.14119,1.13988,1.32947,1.17008,200,0,0,-1.02905,0.168439,-1.78683,-0.58593,4.94857,5.63567,-1.56562,-0.444147,0,-570.593,0,-569.94,0,-664.735,0,-585.04,20.8258,-45.4564,20.8852,-45.4292,11.9495,-48.5511,19.5039,-46.0391,-39.9426,9.44726,-21.7698,18.7507,84.2005,-60.7027,-31.9211,16.5725,10.9507,6.95294e-310,103.454,6.68183e-310,205.332,1.4822e-323,-664.735,5.06782e-310,181.48,20.8258,57.9974,20.8852,159.903,11.9495,-713.286,19.5039,135.441,-17.8965,2.92938,-31.0753,-10.1901,86.0622,98.0117,-27.2282,-7.7243,
1.14071,1.13945,1.32496,1.16642,200,0,0,-1.02959,0.169153,-1.76134,-0.559316,4.92517,5.62484,-1.61823,-0.487087,0,-570.353,0,-569.724,0,-662.482,0,-583.212,20.8476,-45.4464,20.9048,-45.4201,12.1682,-48.4968,19.6721,-45.9675,-38.489,9.3544,-21.1475,18.2519,82.4559,-59.9149,-31.9978,16.9889,11.057,6.95294e-310,103.432,6.68183e-310,201.812,1.4822e-323,-662.482,5.06782e-310,187.848,20.8476,57.9857,20.9048,156.392,12.1682,-710.979,19.6721,141.88,-17.9058,2.94179,-30.632,-9.72724,85.6551,97.8233,-28.1431,-8.47108,
1.14032,1.13917,1.31943,1.16223,200,0,0,-1.03137,0.168365,-1.72867,-0.525924,4.89641,5.61151,-1.68232,-0.540096,0,-570.162,0,-569.586,0,-659.714,0,-581.115,20.865,-45.4384,20.9173,-45.4144,12.4365,-48.4286,19.8647,-45.8846,-36.7001,9.24243,-20.3627,17.6069,80.2246,-58.8561,-32.0091,17.4554,11.2089,6.95294e-310,103.598,6.68183e-310,197.354,1.4822e-323,-659.714,5.06782e-310,195.656,20.865,58.1593,20.9173,151.94,12.4365,-708.142,19.8647,149.771,-17.937,2.92809,-30.0638,-9.14651,85.1549,97.5915,-29.2577,-9.39297,
1.13989,1.13905,1.3146,1.15878,200,0,0,-1.03782,0.163044,-1.69667,-0.493613,4.87132,5.59986,-1.73544,-0.584117,0,-569.946,0,-569.526,0,-657.299,0,-579.389,20.8846,-45.4294,20.9228,-45.4119,12.6703,-48.368,20.0229,-45.8157,-35.2446,9.19357,-19.6322,17.0003,78.2663,-57.8924,-31.9447,17.8032,11.3538,6.95294e-310,104.382,6.68183e-310,193.018,1.4822e-323,-657.299,5.06782e-310,202.134,20.8846,58.9525,20.9228,147.606,12.6703,-705.667,20.0229,156.318,-18.0491,2.83555,-29.5073,-8.58457,84.7187,97.3889,-30.1815,-10.1586,
1.13957,1.1391,1.30914,1.15521,200,0,0,-1.04575,0.155963,-1.66037,-0.457432,4.843,5.58669,-1.79387,-0.633151,0,-569.784,0,-569.55,0,-654.572,0,-577.604,20.8994,-45.4226,20.9206,-45.4129,12.9338,-48.2982,20.1864,-45.7439,-33.6159,9.13028,-18.7978,16.2992,75.9863,-56.7096,-31.7812,18.1333,11.5425,6.95294e-310,105.387,6.68183e-310,188.134,1.4822e-323,-654.572,5.06782e-310,209.304,20.8994,59.9639,20.9206,142.721,12.9338,-702.871,20.1864,163.56,-18.187,2.7124,-28.8759,-7.95534,84.2261,97.1599,-31.1978,-11.0113,
1.13934,1.13934,1.30351,1.15171,200,0,0,-1.05622,0.146088,-1.61959,-0.417286,4.81374,5.57307,-1.85462,-0.684706,0,-569.67,0,-569.67,0,-651.756,0,-575.854,20.9097,-45.4179,20.9097,-45.4179,13.2056,-48.2246,20.3464,-45.673,-31.9475,9.08108,-17.9172,15.5404,73.5746,-55.4426,-31.5563,18.4426,11.7555,6.95294e-310,106.753,6.68183e-310,182.686,1.4822e-323,-651.756,5.06782e-310,216.802,20.9097,61.3349,20.9097,137.268,13.2056,-699.981,20.3464,171.129,-18.369,2.54067,-28.1668,-7.25715,83.7173,96.9229,-32.2543,-11.9079,
1.13918,1.13977,1.29762,1.14799,200,0,0,-1.06991,0.132804,-1.57007,-0.368893,4.78312,5.55878,-1.92253,-0.742861,0,-569.592,0,-569.886,0,-648.808,0,-573.996,20.9168,-45.4146,20.8901,-45.4269,13.4898,-48.1459,20.5159,-45.5971,-30.177,9.06105,-16.9812,14.697,71.009,-54.1496,-31.3316,18.797,11.9818,6.95294e-310,108.567,6.68183e-310,176.096,1.4822e-323,-648.808,5.06782e-310,225.221,20.9168,63.1528,20.8901,130.669,13.4898,-696.954,20.5159,179.624,-18.6071,2.30964,-27.3056,-6.41552,83.1847,96.6744,-33.4353,-12.9193,
1.13911,1.14039,1.29112,1.14475,200,0,0,-1.08697,0.115928,-1.52001,-0.320456,4.74938,5.54301,-1.98749,-0.799318,0,-569.556,0,-570.197,0,-645.56,0,-572.373,20.92,-45.4131,20.8618,-45.4399,13.8022,-48.0572,20.6639,-45.5302,-28.3729,9.01298,-15.9317,13.7789,68.1093,-52.4876,-30.8431,18.9716,12.2993,6.95294e-310,110.853,6.68183e-310,169.471,1.4822e-323,-645.56,5.06782e-310,233.337,20.92,65.4401,20.8618,124.031,13.8022,-693.618,20.6639,187.807,-18.9039,2.01613,-26.4349,-5.57316,82.5979,96.4001,-34.5651,-13.9012,
1.13911,1.14128,1.28556,1.14195,200,0,0,-1.11008,0.0928242,-1.46479,-0.267551,4.7205,5.52948,-2.04758,-0.852098,0,-569.556,0,-570.641,0,-642.78,0,-570.976,20.92,-45.4131,20.8215,-45.4584,14.0692,-47.9798,20.791,-45.4724,-26.8359,9.05883,-14.9662,12.8929,65.5508,-51.0922,-30.4204,19.1471,12.5808,6.95294e-310,113.967,6.68183e-310,162.203,1.4822e-323,-642.78,5.06782e-310,240.885,20.92,68.554,20.8215,116.745,14.0692,-690.76,20.791,195.413,-19.3057,1.61433,-25.4745,-4.65307,82.0957,96.1649,-35.6101,-14.8191,
1.13915,1.14241,1.27873,1.13882,200,0,0,-1.13993,0.0628792,-1.39557,-0.201278,4.68503,5.51283,-2.1196,-0.91595,0,-569.574,0,-571.204,0,-639.364,0,-569.412,20.9184,-45.4139,20.7703,-45.4818,14.3966,-47.8825,20.9331,-45.4071,-25.0039,9.10114,-13.7924,11.8082,62.3874,-49.3141,-29.8132,19.2807,12.9652,6.95294e-310,117.998,6.68183e-310,153.095,1.4822e-323,-639.364,5.06782e-310,249.977,20.9184,72.5838,20.7703,107.613,14.3966,-687.247,20.9331,204.57,-19.8248,1.09355,-24.2707,-3.50048,81.4787,95.8753,-36.8627,-15.9296,
1.13922,1.14364,1.27286,1.13606,200,0,0,-1.17317,0.0294495,-1.3232,-0.132137,4.65453,5.49849,-2.18705,-0.976174,0,-569.61,0,-571.821,0,-636.428,0,-568.028,20.9151,-45.4154,20.7141,-45.5074,14.6776,-47.7972,21.0587,-45.349,-23.4258,9.2074,-12.7404,10.7928,59.616,-47.8385,-29.3063,19.4324,13.3037,6.95294e-310,122.492,6.68183e-310,143.584,1.4822e-323,-636.428,5.06782e-310,258.523,20.9151,77.0769,20.7141,98.0769,14.6776,-684.225,21.0587,213.174,-20.403,0.512166,-23.0121,-2.29804,80.9484,95.6259,-38.0356,-16.9769,
1.13929,1.14546,1.26567,1.1338,200,0,0,-1.22765,-0.0252132,-1.23193,-0.0456399,4.61719,5.48089,-2.25505,-1.0383,0,-569.646,0,-572.732,0,-632.833,0,-566.902,20.9119,-45.4169,20.6312,-45.5451,15.0209,-47.6904,21.1608,-45.3014,-21.7619,9.38303,-11.3614,9.51264,56.1145,-45.7293,-28.3553,19.3114,13.8387,6.95294e-310,129.849,6.68183e-310,131.642,1.4822e-323,-632.833,5.06782e-310,267.244,20.9119,84.4318,20.6312,86.0972,15.0209,-680.523,21.1608,221.943,-21.3504,-0.43849,-21.4249,-0.793737,80.299,95.3199,-39.2182,-18.0574,
1.13941,1.14743,1.25861,1.13118,200,0,0,-1.28819,-0.0860676,-1.1237,0.0574437,4.58055,5.46358,-2.33392,-1.11034,0,-569.706,0,-573.715,0,-629.304,0,-565.59,20.9064,-45.4194,20.5416,-45.5855,15.3571,-47.5832,21.2797,-45.2457,-20.0502,9.61238,-10.0062,8.17849,52.6572,-43.8239,-27.5331,19.3149,14.3598,6.95294e-310,138.032,6.68183e-310,117.442,1.4822e-323,-629.304,5.06782e-310,277.359,20.9064,92.6128,20.5416,71.8563,15.3571,-676.887,21.2797,232.113,-22.4033,-1.49683,-19.5426,0.99902,79.6617,95.0188,-40.5899,-19.3102,
1.13958,1.14951,1.25186,1.12927,200,0,0,-1.35681,-0.155124,-1.01239,0.16329,4.54552,5.44699,-2.40435,-1.17581,0,-569.79,0,-574.756,0,-625.93,0,-564.637,20.8988,-45.4229,20.4466,-45.6282,15.6778,-47.4785,21.3658,-45.2051,-18.5351,9.85137,-8.67641,6.87794,49.2766,-41.8581,-26.5758,19.1577,14.9536,6.95294e-310,147.314,6.68183e-310,102.85,1.4822e-323,-625.93,5.06782e-310,286.476,20.8988,101.891,20.4466,57.222,15.6778,-673.409,21.3658,241.271,-23.5966,-2.69781,-17.6068,2.83983,79.0525,94.7303,-41.8147,-20.4489,
1.1398,1.15149,1.24348,1.12704,200,0,0,-1.42955,-0.228433,-0.883311,0.287173,4.50204,5.42635,-2.49201,-1.25768,0,-569.898,0,-575.746,0,-621.742,0,-563.522,20.889,-45.4274,20.3562,-45.6686,16.075,-47.3455,21.4665,-45.1574,-16.6356,9.96202,-7.22109,5.44137,45.2006,-39.4105,-25.3599,18.8801,15.776,6.95294e-310,157.161,6.68183e-310,85.8431,1.4822e-323,-621.742,5.06782e-310,297.854,20.889,111.734,20.3562,40.1745,16.075,-669.087,21.4665,252.696,-24.8618,-3.97275,-15.3619,4.99431,78.2963,94.3713,-43.3392,-21.8727,
1.14007,1.15343,1.2356,1.12539,200,0,0,-1.50763,-0.307233,-0.750467,0.414916,4.46111,5.40687,-2.57415,-1.33553,0,-570.036,0,-576.717,0,-617.799,0,-562.695,20.8765,-45.4332,20.2675,-45.7081,16.4478,-47.2172,21.5412,-45.1218,-14.9194,10.0513,-5.86697,4.09395,41.317,-37.0198,-24.0932,18.492,16.6884,6.95294e-310,167.739,6.68183e-310,68.3213,1.4822e-323,-617.799,5.06782e-310,308.6,20.8765,122.306,20.2675,22.6132,16.4478,-665.016,21.5412,263.478,-26.2197,-5.34318,-13.0516,7.21593,77.5846,94.0324,-44.7678,-23.2266,
1.14038,1.15569,1.22758,1.12363,200,0,0,-1.60507,-0.405481,-0.585959,0.5735,4.41951,5.387,-2.66791,-1.42472,0,-570.191,0,-577.843,0,-613.79,0,-561.814,20.8623,-45.4397,20.1645,-45.7536,16.8259,-47.0839,21.6207,-45.0838,-13.181,10.2202,-4.45645,2.63187,37.3145,-34.6707,-22.8218,18.126,17.7034,6.95294e-310,180.933,6.68183e-310,46.5932,1.4822e-323,-613.79,5.06782e-310,320.892,20.8623,135.493,20.1645,0.839635,16.8259,-660.874,21.6207,275.808,-27.9142,-7.05185,-10.1906,9.97392,76.8611,93.687,-46.3985,-24.7778,
1.14068,1.15764,1.21973,1.12219,200,0,0,-1.70428,-0.505482,-0.417015,0.737303,4.37879,5.3675,-2.76094,-1.51403,0,-570.341,0,-578.82,0,-609.865,0,-561.095,20.8487,-45.4459,20.0751,-45.7929,17.1949,-46.9503,21.6855,-45.0526,-11.5259,10.3026,-3.16681,1.28319,33.4368,-32.3268,-21.5013,17.659,18.8656,6.95294e-310,194.365,6.68183e-310,24.2083,1.4822e-323,-609.865,5.06782e-310,333.149,20.8487,148.919,20.0751,-21.5846,17.1949,-656.816,21.6855,288.096,-29.6397,-8.79099,-7.25243,12.8227,76.1529,93.3479,-48.0164,-26.3309,
1.14107,1.15974,1.21256,1.12093,200,0,0,-1.81542,-0.617622,-0.230062,0.918731,4.34162,5.34965,-2.85638,-1.60621,0,-570.533,0,-579.869,0,-606.282,0,-560.466,20.8313,-45.4539,19.979,-45.8349,17.531,-46.8259,21.7421,-45.0253,-10.0128,10.4376,-1.95443,-0.0286753,29.8143,-30.2175,-20.2815,17.2332,20.0639,6.95294e-310,209.42,6.68183e-310,-0.57534,1.4822e-323,-606.282,5.06782e-310,345.765,20.8313,163.966,19.979,-46.4103,17.531,-653.108,21.7421,300.74,-31.5725,-10.7413,-4.00109,15.9779,75.5065,93.0375,-49.6762,-27.9341,
1.14145,1.16237,1.20386,1.11987,200,0,0,-1.98313,-0.786337,0.0355102,1.17735,4.29651,5.32793,-2.97433,-1.7214,0,-570.725,0,-581.187,0,-601.932,0,-559.933,20.8138,-45.4619,19.8581,-45.8874,17.9377,-46.6716,21.7902,-45.0021,-8.32341,10.6364,-0.464915,-1.64284,25.3867,-27.5847,-18.6658,16.5643,21.8212,6.95294e-310,232.1,6.68183e-310,-35.8488,1.4822e-323,-601.932,5.06782e-310,361.454,20.8138,186.638,19.8581,-81.7363,17.9377,-648.603,21.7902,316.451,-34.4893,-13.6754,0.617568,20.4757,74.7219,92.6596,-51.7275,-29.9374,
1.14188,1.16475,1.19585,1.11904,200,0,0,-2.16043,-0.964764,0.319586,1.45516,4.25495,5.30785,-3.09572,-1.84065,0,-570.94,0,-582.373,0,-597.923,0,-559.52,20.7942,-45.4709,19.7492,-45.9344,18.3113,-46.5263,21.8274,-44.9841,-6.76795,10.7759,0.845967,-3.09995,21.2995,-25.1605,-17.1417,15.8916,23.7643,6.95294e-310,256.082,6.68183e-310,-73.6682,1.4822e-323,-597.923,5.06782e-310,377.652,20.7942,210.611,19.7492,-119.603,18.3113,-644.449,21.8274,332.668,-37.5727,-16.7785,5.55802,25.3072,73.9991,92.3104,-53.8386,-32.0112,
1.14232,1.16711,1.18778,1.11822,200,0,0,-2.37056,-1.17605,0.659512,1.78885,4.21315,5.28759,-3.23542,-1.97824,0,-571.162,0,-583.554,0,-593.89,0,-559.112,20.7741,-45.4801,19.6407,-45.9809,18.686,-46.3771,21.864,-44.9663,-5.21174,10.9072,2.12301,-4.56303,17.1944,-22.7693,-15.6057,15.1947,26.0829,6.95294e-310,284.491,6.68183e-310,-119.017,1.4822e-323,-593.89,5.06782e-310,396.322,20.7741,239.011,19.6407,-164.998,18.686,-640.267,21.864,351.355,-41.2271,-20.4531,11.4698,31.1104,73.2722,91.9581,-56.2682,-34.4042,
1.14283,1.16942,1.17952,1.11766,200,0,0,-2.62881,-1.43562,1.07663,2.19985,4.17037,5.2668,-3.39816,-2.13952,0,-571.414,0,-584.71,0,-589.762,0,-558.83,20.7512,-45.4905,19.5342,-46.0262,19.0683,-46.2212,21.8893,-44.9539,-3.6507,10.9878,3.36559,-6.01272,12.9911,-20.2888,-13.9667,14.3849,29.0683,6.95294e-310,319.398,6.68183e-310,-174.78,1.4822e-323,-589.762,5.06782e-310,418.145,20.7512,273.907,19.5342,-220.806,19.0683,-635.983,21.8893,373.191,-45.7185,-24.9673,18.724,38.2582,72.5282,91.5964,-59.0984,-37.2091,
1.14337,1.17177,1.17107,1.11727,200,0,0,-2.96311,-1.77133,1.61449,2.73149,4.12661,5.24545,-3.59675,-2.33709,0,-571.684,0,-585.885,0,-585.537,0,-558.633,20.7266,-45.5017,19.4261,-46.072,19.4581,-46.0585,21.9071,-44.9453,-2.08838,11.0534,4.5965,-7.48317,8.68132,-17.7533,-12.2448,13.4872,32.982,6.95294e-310,364.562,6.68183e-310,-246.81,1.4822e-323,-585.537,5.06782e-310,444.835,20.7266,319.06,19.4261,-292.882,19.4581,-631.596,21.9071,399.889,-51.5323,-30.8057,28.0781,47.5042,71.7672,91.2253,-62.5522,-40.6451,
1.14401,1.17424,1.16206,1.11704,200,0,0,-3.4327,-2.24261,2.37195,3.4824,4.07995,5.22262,-3.86487,-2.60462,0,-572.007,0,-587.119,0,-581.031,0,-558.519,20.6972,-45.5151,19.3123,-46.1198,19.8724,-45.8812,21.9173,-44.9403,-0.437194,11.086,5.85066,-9.0249,4.07053,-15.0504,-10.3648,12.4574,38.6057,6.95294e-310,427.982,6.68183e-310,-348.413,1.4822e-323,-581.031,5.06782e-310,480.928,20.6972,382.467,19.3123,-394.532,19.8724,-626.912,21.9173,435.988,-59.6992,-39.002,41.2513,60.5636,70.9557,90.8281,-67.2152,-45.2978,
1.14459,1.17666,1.15253,1.11699,200,0,0,-4.1426,-2.95402,3.50748,4.61151,4.03065,5.19839,-4.2444,-2.98403,0,-572.295,0,-588.33,0,-576.267,0,-558.495,20.671,-45.527,19.2006,-46.1664,20.3086,-45.6898,21.9195,-44.9392,1.22184,11.0936,7.11049,-10.6109,-0.755518,-12.2054,-8.32455,11.2693,47.2142,6.95294e-310,523.777,6.68183e-310,-500.983,1.4822e-323,-576.267,5.06782e-310,532.073,20.671,478.25,19.2006,-547.149,20.3086,-621.957,21.9195,487.134,-72.0452,-51.3742,60.9996,80.2002,70.0982,90.4069,-73.8157,-51.8962,
1.14524,1.17897,1.14262,1.11716,200,0,0,-4.21157,-3.02468,4.16751,5.26541,3.05937,4.2531,-3.86367,-2.60373,0,-572.618,0,-589.486,0,-571.312,0,-558.579,20.6415,-45.5404,19.0938,-46.2107,20.7604,-45.4863,21.912,-44.9429,2.92921,11.0215,8.31561,-12.1849,-5.75166,-9.24607,-6.15673,9.93809,48.3785,6.95294e-310,533.201,6.68183e-310,-589.486,1.4822e-323,-447.311,5.06782e-310,480.79,20.6415,487.661,19.0938,-635.697,20.7604,-492.797,21.912,435.847,-73.2447,-52.6032,72.4785,91.5723,53.2065,73.9669,-67.1943,-45.2823,
1.14596,1.18117,1.13282,1.11754,200,0,0,-3.74001,-2.55501,4.17888,5.27094,1.74952,2.96883,-3.02644,-1.76749,0,-572.978,0,-590.583,0,-566.41,0,-558.77,20.6088,-45.5552,18.9924,-46.2525,21.2053,-45.2806,21.8947,-44.9513,4.60326,10.8932,9.4254,-13.6942,-10.6983,-6.32314,-3.96855,8.5335,43.1266,6.95294e-310,469.785,6.68183e-310,-590.583,1.4822e-323,-272.696,5.06782e-310,368.021,20.6088,424.229,18.9924,-636.835,21.2053,-317.976,21.8947,323.07,-65.0437,-44.4349,72.6761,91.6684,30.4265,51.6319,-52.6338,-30.739,
1.14658,1.18325,1.12311,1.11807,200,0,0,-3.36804,-2.18467,4.18968,5.27619,0.713374,1.9579,-2.33771,-1.08012,0,-573.289,0,-591.625,0,-561.557,0,-559.034,20.5804,-45.5681,18.8959,-46.292,21.6439,-45.0726,21.871,-44.9629,6.18112,10.7663,10.4781,-15.174,-15.5696,-3.46113,-1.76402,7.06075,38.9895,6.95294e-310,419.773,6.68183e-310,-591.625,1.4822e-323,-134.948,5.06782e-310,275.295,20.5804,374.205,18.8959,-637.917,21.6439,-180.02,21.871,230.332,-58.5747,-37.9943,72.864,91.7598,12.4065,34.0504,-40.6558,-18.7848,
1.14735,1.18524,1.11361,1.11909,200,0,0,-3.05741,-1.87605,4.19999,5.2812,-0.149295,1.1198,-1.74147,-0.486519,0,-573.673,0,-592.62,0,-556.805,0,-559.543,20.5454,-45.5838,18.8037,-46.3295,22.0713,-44.8649,21.8252,-44.9851,7.68905,10.5624,11.4329,-16.557,-20.3924,-0.573828,0.505234,5.45174,35.7926,6.95294e-310,378.056,6.68183e-310,-592.62,1.4822e-323,-20.5388,5.06782e-310,195.132,20.5454,332.473,18.8037,-638.949,22.0713,-65.4037,21.8252,150.147,-53.1724,-32.627,73.0432,91.847,-2.59643,19.4748,-30.2864,-8.4612,
1.1482,1.18703,1.10397,1.1203,200,0,0,-2.77948,-1.60034,4.20924,5.28569,-0.894755,0.399139,-1.21254,0.0392806,0,-574.098,0,-593.513,0,-551.987,0,-560.149,20.5066,-45.6013,18.721,-46.363,22.5025,-44.6502,21.7707,-45.0115,9.22074,10.2606,12.2871,-17.8711,-25.2573,2.35015,2.83324,3.73609,33.2108,6.95294e-310,340.763,6.68183e-310,-593.513,1.4822e-323,78.0504,5.06782e-310,124.079,20.5066,295.162,18.721,-639.876,22.5025,33.4002,21.7707,79.0673,-48.3387,-27.8321,73.2041,91.9251,-15.561,6.94155,-21.0876,0.683141,
1.1494,1.18837,1.09406,1.12243,200,0,0,-2.49666,-1.32067,4.21619,5.28907,-1.6288,-0.309528,-0.677477,0.568816,0,-574.698,0,-594.184,0,-547.032,0,-561.215,20.452,-45.6258,18.6587,-46.3881,22.9439,-44.425,21.6747,-45.0578,10.8009,9.67017,12.9514,-18.9707,-30.2926,5.58892,5.41241,1.67237,31.3212,6.95294e-310,302.881,6.68183e-310,-594.184,1.4822e-323,175.052,5.06782e-310,52.3806,20.452,257.255,18.6587,-640.572,22.9439,130.627,21.6747,7.32278,-43.4202,-22.9682,73.3251,91.9838,-28.327,-5.3831,-11.7822,9.89246,
1.1513,1.18927,1.08414,1.12478,200,0,0,-2.18724,-1.01625,4.22085,5.29133,-2.32162,-0.977059,-0.186458,1.05375,0,-575.65,0,-594.633,0,-542.07,0,-562.39,20.365,-45.6647,18.617,-46.4048,23.3836,-44.1951,21.5688,-45.1086,12.6889,8.7149,13.3186,-19.8132,-35.382,8.87967,7.97099,-0.444459,30.0121,6.95294e-310,261.552,6.68183e-310,-594.633,1.4822e-323,266.497,5.06782e-310,-13.3391,20.365,215.887,18.617,-641.038,23.3836,222.302,21.5688,-58.4478,-38.0389,-17.6739,73.4061,92.0231,-40.376,-16.9923,-3.24274,18.326,
1.15303,1.18989,1.07478,1.12707,200,0,0,-1.91229,-0.745835,4.22408,5.2929,-2.92393,-1.55565,0.256709,1.49097,0,-576.513,0,-594.945,0,-537.391,0,-563.534,20.2862,-45.6998,18.5881,-46.4164,23.7962,-43.9743,21.4655,-45.1579,14.4225,7.76603,13.5828,-20.5501,-40.1318,11.9464,10.3904,-2.5084,28.951,6.95294e-310,224.834,6.68183e-310,-594.945,1.4822e-323,345.859,5.06782e-310,-72.6208,20.2862,179.134,18.5881,-641.361,23.7962,301.885,21.4655,-117.779,-33.2572,-12.971,73.4622,92.0504,-50.851,-27.0547,4.46451,25.93,
1.1549,1.19031,1.06577,1.12933,200,0,0,-1.64472,-0.48318,4.22625,5.29395,-3.47332,-2.0823,0.665678,1.89406,0,-577.448,0,-595.155,0,-532.885,0,-564.667,20.2007,-45.7376,18.5686,-46.4242,24.1916,-43.7581,21.3631,-45.2064,16.1735,6.72801,13.7129,-21.1706,-44.7104,14.8746,12.7015,-4.52818,28.1123,6.95294e-310,189.14,6.68183e-310,-595.155,1.4822e-323,418.159,5.06782e-310,-127.298,20.2007,143.402,18.5686,-641.579,24.1916,374.401,21.3631,-172.504,-28.6038,-8.40314,73.5,92.0687,-60.4056,-36.214,11.577,32.9401,
1.15641,1.19066,1.05642,1.13135,200,0,0,-1.40546,-0.247889,4.22805,5.29482,-3.96513,-2.55066,1.05332,2.27646,0,-578.203,0,-595.328,0,-528.211,0,-565.673,20.1316,-45.7681,18.5525,-46.4306,24.5995,-43.53,21.2721,-45.2493,17.845,5.77685,13.8654,-21.8789,-49.3307,17.7374,15.0321,-6.58391,27.2102,6.95294e-310,157.189,6.68183e-310,-595.328,1.4822e-323,482.637,5.06782e-310,-179.149,20.1316,111.421,18.5525,-641.759,24.5995,439.107,21.2721,-224.399,-24.4427,-4.31111,73.5314,92.0839,-68.9588,-44.3592,18.3186,39.5907,
1.15853,1.19072,1.04695,1.1338,200,0,0,-1.08194,0.070041,4.00496,5.07157,-4.28169,-2.84359,1.37277,2.58952,0,-579.264,0,-595.358,0,-523.477,0,-566.902,20.0345,-45.8107,18.5497,-46.4318,25.0105,-43.2952,21.1608,-45.3014,19.735,4.51599,13.7963,-22.3909,-54.096,20.7362,17.4284,-8.783,25.2445,6.95294e-310,114.004,6.68183e-310,-565.248,1.4822e-323,523.477,5.06782e-310,-221.723,20.0345,68.1933,18.5497,-611.68,25.0105,480.182,21.1608,-267.024,-18.8164,1.2181,69.6516,88.2013,-74.4642,-49.4537,23.8743,45.0351,
1.16024,1.19054,1.03799,1.13588,200,0,0,-0.784882,0.362584,3.5661,4.63319,-4.26124,-2.80088,1.51158,2.72292,0,-580.12,0,-595.268,0,-518.995,0,-567.938,19.9559,-45.845,18.5581,-46.4284,25.3976,-43.0692,21.0669,-45.3452,21.4395,3.35709,13.688,-22.8673,-58.4781,23.4484,19.6383,-10.8443,22.1335,6.95294e-310,74.3042,6.68183e-310,-506.133,1.4822e-323,518.995,5.06782e-310,-240.023,19.9559,28.4592,18.5581,-552.561,25.3976,475.926,21.0669,-285.368,-13.6501,6.30582,62.0192,80.5773,-74.1086,-48.7109,26.2883,47.3552,
1.16195,1.19013,1.02976,1.13763,200,0,0,-0.552955,0.589992,3.23909,4.30726,-4.24243,-2.76173,1.60921,2.816,0,-580.977,0,-595.065,0,-514.878,0,-568.813,19.8773,-45.8791,18.577,-46.4209,25.7514,-42.8587,20.9875,-45.382,23.1045,2.17967,13.4637,-23.2189,-62.4566,25.8687,21.6003,-12.7032,19.9035,6.95294e-310,43.3832,6.68183e-310,-462.138,1.4822e-323,514.878,5.06782e-310,-252.839,19.8773,-2.49592,18.577,-508.559,25.7514,472.02,20.9875,-298.221,-9.61662,10.2607,56.332,74.909,-73.7814,-48.0301,27.9863,48.9738,
1.16367,1.18957,1.02248,1.13924,200,0,0,-0.3651,0.773324,2.98267,4.05235,-4.22579,-2.7272,1.6821,2.88465,0,-581.834,0,-594.783,0,-511.241,0,-569.622,19.7987,-45.9131,18.6031,-46.4104,26.0625,-42.6702,20.914,-45.4159,24.6572,1.00827,13.151,-23.4332,-65.971,28.011,23.3203,-14.3739,18.2514,6.95294e-310,18.4024,6.68183e-310,-427.689,1.4822e-323,511.241,5.06782e-310,-262.343,19.7987,-27.5107,18.6031,-474.099,26.0625,468.571,20.914,-307.759,-6.34957,13.4491,51.8725,70.4756,-73.492,-47.4295,29.2539,50.1679,
1.16515,1.18855,1.01571,1.14075,200,0,0,-0.201983,0.932517,2.7584,3.8308,-4.21028,-2.69511,1.74363,2.94225,0,-582.577,0,-594.274,0,-507.856,0,-570.377,19.7304,-45.9425,18.6504,-46.3914,26.3508,-42.4928,20.8454,-45.4474,26.0828,-0.194367,12.7374,-23.4992,-69.1206,30.0109,24.9127,-15.9753,16.9224,6.95294e-310,-3.28915,6.68183e-310,-397.663,1.4822e-323,507.856,5.06782e-310,-270.34,19.7304,-49.2316,18.6504,-444.055,26.3508,465.363,20.8454,-315.787,-3.51275,16.2177,47.9722,66.6226,-73.2222,-46.8714,30.324,51.1695,
1.16645,1.18713,1.00936,1.14208,200,0,0,-0.0573023,1.07378,2.56009,3.63626,-4.19571,-2.66505,1.7947,2.98983,0,-583.224,0,-593.567,0,-504.68,0,-571.042,19.671,-45.968,18.716,-46.365,26.6202,-42.3245,20.785,-45.4751,27.4204,-1.42299,12.2348,-23.4421,-71.9521,31.8704,26.3767,-17.49,15.8354,6.95294e-310,-22.5337,6.68183e-310,-371.216,1.4822e-323,504.68,5.06782e-310,-276.96,19.671,-68.5016,18.716,-417.58,26.6202,462.355,20.785,-322.436,-0.996561,18.6744,44.5234,63.2393,-72.9688,-46.3486,31.2121,51.9971,
1.16793,1.1854,1.0034,1.14326,200,0,0,0.0861525,1.2133,2.37554,3.45631,-4.18203,-2.6369,1.83316,3.02522,0,-583.967,0,-592.702,0,-501.702,0,-571.63,19.6026,-45.9971,18.7961,-46.3326,26.8718,-42.1652,20.7315,-45.4995,28.839,-2.78548,11.5894,-23.2275,-74.5634,33.6135,27.6929,-18.8879,14.9256,6.95294e-310,-41.5749,6.68183e-310,-346.683,1.4822e-323,501.702,5.06782e-310,-281.913,19.6026,-87.572,18.7961,-393.016,26.8718,459.536,20.7315,-327.412,1.49831,21.1009,41.3137,60.1098,-72.7309,-45.8591,31.881,52.6125,
1.16915,1.18356,0.997938,1.14424,200,0,0,0.20636,1.33031,2.21889,3.30458,-4.16946,-2.61111,1.8656,3.05509,0,-584.573,0,-591.781,0,-498.969,0,-572.121,19.5469,-46.0208,18.8814,-46.2979,27.1018,-42.0178,20.6868,-45.5198,30.1021,-4.05709,10.9496,-22.9825,-76.8679,35.1835,28.8791,-20.173,14.1819,6.95294e-310,-57.5373,6.68183e-310,-325.936,1.4822e-323,498.969,5.06782e-310,-286.091,19.5469,-103.558,18.8814,-372.234,27.1018,456.951,20.6868,-331.611,3.58887,23.1358,38.5895,57.4709,-72.5124,-45.4106,32.4451,53.132,
1.17025,1.18152,0.992713,1.14506,200,0,0,0.316792,1.43782,2.07631,3.16742,-4.15743,-2.58648,1.89269,3.08005,0,-585.124,0,-590.762,0,-496.357,0,-572.528,19.4962,-46.0424,18.9757,-46.2593,27.321,-41.8756,20.6497,-45.5367,31.3247,-5.33206,10.2661,-22.6803,-78.9892,36.6548,29.9766,-21.385,13.5414,6.95294e-310,-72.2034,6.68183e-310,-307.123,1.4822e-323,496.357,5.06782e-310,-289.582,19.4962,-118.246,18.9757,-353.382,27.321,454.481,20.6497,-335.119,5.50942,25.0056,36.1098,55.0855,-72.3032,-44.9822,32.9163,53.566,
1.17117,1.17928,0.98786,1.14576,200,0,0,0.417056,1.53564,1.94495,3.04201,-4.14625,-2.56363,1.91642,3.10193,0,-585.585,0,-589.642,0,-493.93,0,-572.882,19.4537,-46.0603,19.0793,-46.2166,27.5239,-41.7425,20.6175,-45.5513,32.446,-6.58408,9.5542,-22.3122,-80.865,38.0206,30.9808,-22.5263,12.9911,6.95294e-310,-85.5346,6.68183e-310,-289.861,1.4822e-323,493.93,5.06782e-310,-292.642,19.4537,-131.595,19.0793,-336.078,27.5239,452.187,20.6175,-338.193,7.25315,26.7068,33.8252,52.9045,-72.1087,-44.5848,33.329,53.9465,
1.17212,1.17717,0.983425,1.14621,200,0,0,0.50719,1.62327,1.83393,2.9366,-4.13602,-2.54277,1.93235,3.1167,0,-586.059,0,-588.587,0,-491.713,0,-573.104,19.4101,-46.0787,19.1768,-46.1763,27.7087,-41.62,20.5973,-45.5604,33.5569,-7.77407,8.8544,-21.9531,-82.5575,39.208,31.835,-23.4988,12.5411,6.95294e-310,-97.4957,6.68183e-310,-275.316,1.4822e-323,491.713,5.06782e-310,-294.701,19.4101,-143.574,19.1768,-321.492,27.7087,450.093,20.5973,-340.262,8.82069,28.2308,31.8945,51.0713,-71.9308,-44.2221,33.6061,54.2034,
1.17282,1.17454,0.979207,1.14657,200,0,0,0.597161,1.71137,1.71818,2.82784,-4.12628,-2.52295,1.94753,3.13094,0,-586.412,0,-587.269,0,-489.604,0,-573.283,19.3775,-46.0924,19.2985,-46.1256,27.884,-41.5028,20.5809,-45.5678,34.5847,-9.02511,8.06312,-21.4524,-83.9998,40.3602,32.6333,-24.4564,12.1309,6.95294e-310,-109.482,6.68183e-310,-260.236,1.4822e-323,489.604,5.06782e-310,-296.677,19.3775,-155.575,19.2985,-306.362,27.884,448.101,20.5809,-342.245,10.3854,29.7629,29.8813,49.1798,-71.7615,-43.8774,33.8701,54.4511,
1.17351,1.17209,0.975336,1.14679,200,0,0,0.676656,1.78905,1.61867,2.73481,-4.11734,-2.50478,1.95894,3.14175,0,-586.754,0,-586.047,0,-487.668,0,-573.397,19.346,-46.1057,19.4112,-46.0783,28.0445,-41.3945,20.5706,-45.5725,35.5603,-10.1884,7.31589,-20.9865,-85.3106,41.3834,33.3347,-25.3026,11.7842,6.95294e-310,-120.062,6.68183e-310,-247.308,1.4822e-323,487.668,5.06782e-310,-298.169,19.346,-166.167,19.4112,-293.386,28.0445,446.274,20.5706,-343.742,11.7679,31.1139,28.1507,47.5619,-71.6059,-43.5614,34.0685,54.6391,
1.17401,1.16956,0.971813,1.14684,200,0,0,0.749137,1.8602,1.52753,2.65037,-4.10919,-2.48826,1.96751,3.15019,0,-587.005,0,-584.782,0,-485.906,0,-573.421,19.3228,-46.1154,19.5276,-46.029,28.1902,-41.2955,20.5684,-45.5735,36.447,-11.2901,6.57654,-20.497,-86.4015,42.2869,33.9369,-26.0484,11.4907,6.95294e-310,-129.731,6.68183e-310,-235.525,1.4822e-323,485.906,5.06782e-310,-299.315,19.3228,-175.846,19.5276,-281.554,28.1902,444.611,20.5684,-344.888,13.0285,32.3513,26.5657,46.0933,-71.4642,-43.2741,34.2175,54.7859,
1.17437,1.16693,0.968505,1.14676,200,0,0,0.816984,1.92709,1.44139,2.5712,-4.10154,-2.47276,1.97434,3.15725,0,-587.185,0,-583.464,0,-484.253,0,-573.379,19.3062,-46.1223,19.6489,-45.9774,28.3266,-41.202,20.5722,-45.5718,37.2715,-12.3579,5.83396,-19.9818,-87.3366,43.1135,34.474,-26.7318,11.232,6.95294e-310,-138.804,6.68183e-310,-224.436,1.4822e-323,484.253,5.06782e-310,-300.253,19.3062,-184.927,19.6489,-270.414,28.3266,443.051,20.5722,-345.825,14.2084,33.5146,25.0676,44.7166,-71.3311,-43.0045,34.3364,54.9086,
1.17467,1.16442,0.965509,1.14648,200,0,0,0.878363,1.98768,1.3663,2.50274,-4.0946,-2.45873,1.97761,3.16124,0,-587.335,0,-582.212,0,-482.755,0,-573.241,19.2924,-46.1281,19.764,-45.928,28.4499,-41.1169,20.5848,-45.5661,38.0525,-13.3424,5.13031,-19.4949,-88.1289,43.8116,34.9115,-27.2939,11.0189,6.95294e-310,-147.018,6.68183e-310,-214.812,1.4822e-323,482.755,5.06782e-310,-300.748,19.2924,-193.146,19.764,-260.74,28.4499,441.638,20.5848,-346.314,15.2759,34.5683,23.7618,43.5258,-71.2105,-42.7605,34.3933,54.978,
1.1748,1.16142,0.962837,1.14603,200,0,0,0.944878,2.05384,1.28378,2.42815,-4.08841,-2.44623,1.97843,3.16325,0,-587.401,0,-580.708,0,-481.418,0,-573.014,19.2863,-46.1307,19.9021,-45.8684,28.5597,-41.0408,20.6055,-45.5567,38.7898,-14.3955,4.33135,-18.8562,-88.6334,44.4369,35.2464,-27.7787,10.8338,6.95294e-310,-155.957,6.68183e-310,-204.283,1.4822e-323,481.418,5.06782e-310,-300.948,19.2863,-202.088,19.9021,-250.151,28.5597,440.378,20.6055,-346.504,16.4327,35.719,22.3266,42.2286,-71.1028,-42.5431,34.4075,55.013,
1.1748,1.15887,0.960584,1.14527,200,0,0,0.997695,2.10666,1.22244,2.37351,-4.08319,-2.43569,1.97471,3.1615,0,-587.401,0,-579.437,0,-480.292,0,-572.636,19.2863,-46.1307,20.0186,-45.8177,28.6521,-40.9763,20.6399,-45.5411,39.4339,-15.2303,3.67001,-18.3536,-88.987,44.8564,35.4505,-28.0738,10.7073,6.95294e-310,-163.076,6.68183e-310,-196.518,1.4822e-323,480.292,5.06782e-310,-300.595,19.2863,-209.206,20.0186,-242.336,28.6521,439.315,20.6399,-346.136,17.3512,36.6375,21.2599,41.2784,-71.0119,-42.3598,34.3428,54.9827,
1.17466,1.15569,0.95857,1.1443,200,0,0,1.06043,2.16977,1.14853,2.30799,-4.07852,-2.42628,1.96835,3.15768,0,-587.329,0,-577.843,0,-479.285,0,-572.151,19.2929,-46.1279,20.1645,-45.7536,28.7345,-40.9185,20.6841,-45.5211,40.0754,-16.1876,2.87351,-17.6621,-89.0611,45.2233,35.5555,-28.3,10.5982,6.95294e-310,-171.56,6.68183e-310,-187.186,1.4822e-323,479.285,5.06782e-310,-299.929,19.2929,-217.687,20.1645,-232.94,28.7345,438.367,20.6841,-345.45,18.4422,37.7352,19.9745,40.139,-70.9307,-42.1962,34.2321,54.9162,
1.17436,1.15289,0.95688,1.1432,200,0,0,1.11087,2.22101,1.09014,2.25694,-4.07459,-2.41838,1.96055,3.15277,0,-587.179,0,-576.447,0,-478.44,0,-571.6,19.3068,-46.1221,20.2922,-45.6971,28.8036,-40.8699,20.7343,-45.4982,40.5988,-16.951,2.20684,-17.0888,-89.03,45.4555,35.5892,-28.4164,10.5255,6.95294e-310,-178.418,6.68183e-310,-179.867,1.4822e-323,478.44,5.06782e-310,-299.095,19.3068,-224.54,20.2922,-225.564,28.8036,437.57,20.7343,-344.594,19.3195,38.6262,18.959,39.2512,-70.8625,-42.0589,34.0966,54.8308,
1.17394,1.15011,0.955454,1.14157,200,0,0,1.16059,2.27184,1.04026,2.21436,-4.07128,-2.41172,1.94533,3.14182,0,-586.969,0,-575.057,0,-477.727,0,-570.785,19.3261,-46.114,20.4192,-45.6405,28.8619,-40.8288,20.8084,-45.4644,41.1382,-17.6352,1.55776,-16.5392,-88.7968,45.4899,35.4594,-28.3156,10.5018,6.95294e-310,-185.202,6.68183e-310,-173.692,1.4822e-323,477.727,5.06782e-310,-297.365,19.3261,-231.316,20.4192,-219.333,28.8619,436.898,20.8084,-342.83,20.1842,39.5103,18.0914,38.5106,-70.8049,-41.943,33.8319,54.6403,
1.17338,1.14735,0.954532,1.14004,200,0,0,1.20704,2.31978,0.990653,2.17202,-4.06914,-2.40742,1.93118,3.13167,0,-586.688,0,-573.673,0,-477.266,0,-570.018,19.3521,-46.1031,20.5454,-45.5838,28.8996,-40.8022,20.8781,-45.4324,41.5277,-18.2453,0.948174,-15.9575,-88.3446,45.4543,35.2676,-28.1678,10.4999,6.95294e-310,-191.574,6.68183e-310,-167.553,1.4822e-323,477.266,5.06782e-310,-295.76,19.3521,-237.677,20.5454,-213.136,28.8996,436.464,20.8781,-341.192,20.992,40.3441,17.2287,37.7742,-70.7677,-41.8681,33.5857,54.4638,
1.1727,1.14463,0.953741,1.13803,200,0,0,1.25273,2.36725,0.948951,2.13744,-4.0673,-2.40372,1.91065,3.11637,0,-586.352,0,-572.313,0,-476.87,0,-569.017,19.383,-46.0901,20.6694,-45.5278,28.9318,-40.7793,20.969,-45.3905,41.9407,-18.7788,0.363795,-15.4194,-87.7637,45.2585,34.9519,-27.8445,10.5366,6.95294e-310,-197.865,6.68183e-310,-162.468,1.4822e-323,476.87,5.06782e-310,-293.387,19.383,-243.955,20.6694,-207.996,28.9318,436.091,20.969,-338.777,21.7865,41.1696,16.5035,37.1729,-70.7357,-41.8039,33.2287,54.1977,
1.17164,1.14192,0.953201,1.13624,200,0,0,1.28707,2.40442,0.90927,2.10484,-4.06605,-2.40121,1.89571,3.10611,0,-585.819,0,-570.958,0,-476.601,0,-568.118,19.4322,-46.0694,20.7926,-45.4716,28.9538,-40.7637,21.0506,-45.3528,42.1035,-19.1652,-0.126347,-14.9057,-87.0398,45.0613,34.6703,-27.5819,10.5767,6.95294e-310,-202.705,6.68183e-310,-157.653,1.4822e-323,476.601,5.06782e-310,-291.726,19.4322,-248.775,20.7926,-203.125,28.9538,435.837,21.0506,-337.079,22.3839,41.816,15.8134,36.606,-70.7139,-41.7601,32.9688,54.0194,
1.17046,1.13933,0.952854,1.13391,200,0,0,1.32042,2.44088,0.879632,2.08197,-4.06524,-2.39959,1.87293,3.0894,0,-585.232,0,-569.664,0,-476.427,0,-566.956,19.4863,-46.0466,20.9102,-45.4176,28.968,-40.7536,21.1559,-45.3037,42.2885,-19.4492,-0.57416,-14.4551,-86.1681,44.6706,34.2406,-27.1078,10.6653,6.95294e-310,-207.433,6.68183e-310,-154.169,1.4822e-323,476.427,5.06782e-310,-289.114,19.4863,-253.479,20.9102,-199.586,28.968,435.673,21.1559,-334.418,22.9639,42.4501,15.298,36.2082,-70.6999,-41.7319,32.5727,53.7287,
1.1691,1.13673,0.952758,1.13159,200,0,0,1.35034,2.47441,0.851037,2.06016,-4.06502,-2.39914,1.85073,3.07325,0,-584.549,0,-568.364,0,-476.379,0,-565.793,19.5491,-46.0199,21.0283,-45.3631,28.9719,-40.7508,21.2612,-45.2544,42.3566,-19.6582,-0.981533,-14.0033,-85.158,44.2288,33.7782,-26.607,10.7708,6.95294e-310,-211.735,6.68183e-310,-150.826,1.4822e-323,476.379,5.06782e-310,-286.578,19.5491,-257.755,21.0283,-196.19,28.9719,435.628,21.2612,-331.833,23.4841,43.0332,14.8006,35.8289,-70.696,-41.7241,32.1865,53.4477,
1.16758,1.1342,0.95295,1.12942,200,0,0,1.37524,2.50334,0.823429,2.03915,-4.06547,-2.40003,1.83102,3.05918,0,-583.788,0,-567.1,0,-476.475,0,-564.709,19.6192,-45.9901,21.1429,-45.3098,28.9641,-40.7564,21.3593,-45.2082,42.2824,-19.7843,-1.33147,-13.5577,-84.0385,43.7653,33.3105,-26.1181,10.887,6.95294e-310,-215.393,6.68183e-310,-147.603,1.4822e-323,476.475,5.06782e-310,-284.349,19.6192,-261.383,21.1429,-192.913,28.9641,435.718,21.3593,-329.557,23.9172,43.5364,14.3205,35.4634,-70.7038,-41.7397,31.8438,53.2031,
1.16593,1.13165,0.953333,1.12659,200,0,0,1.40369,2.53613,0.803374,2.02574,-4.06636,-2.40182,1.80082,3.03633,0,-582.967,0,-565.823,0,-476.667,0,-563.295,19.6946,-45.9578,21.2585,-45.2557,28.9484,-40.7675,21.4871,-45.1476,42.2611,-19.8435,-1.67547,-13.1417,-82.7263,43.082,32.6609,-25.3824,11.0642,6.95294e-310,-219.552,6.68183e-310,-145.402,1.4822e-323,476.667,5.06782e-310,-280.835,19.6946,-265.51,21.2585,-190.658,28.9484,435.899,21.4871,-325.982,24.412,44.1067,13.9717,35.2302,-70.7193,-41.7708,31.3187,52.8058,
1.16411,1.12923,0.954112,1.12393,200,0,0,1.42593,2.56319,0.785915,2.01457,-4.06817,-2.40546,1.77268,3.01509,0,-582.056,0,-564.613,0,-477.056,0,-561.964,19.7783,-45.9219,21.368,-45.2041,28.9167,-40.79,21.6072,-45.0903,42.0662,-19.7901,-1.94181,-12.7422,-81.2697,42.3534,31.99,-24.6423,11.2637,6.95294e-310,-222.91,6.68183e-310,-143.525,1.4822e-323,477.056,5.06782e-310,-277.563,19.7783,-268.832,21.368,-188.729,28.9167,436.266,21.6072,-322.654,24.7989,44.5772,13.6681,35.0361,-70.7507,-41.8341,30.8292,52.4363,
1.16235,1.1269,0.95555,1.1211,200,0,0,1.45408,2.59599,0.770217,2.00492,-4.07151,-2.41217,1.73758,2.98732,0,-581.175,0,-563.45,0,-477.775,0,-560.55,19.8592,-45.887,21.473,-45.1543,28.858,-40.8316,21.7346,-45.029,41.8375,-19.6956,-2.19822,-12.3061,-79.5498,41.4445,31.1451,-23.7151,11.5281,6.95294e-310,-227.052,6.68183e-310,-141.866,1.4822e-323,477.775,5.06782e-310,-273.389,19.8592,-272.939,21.473,-187.02,28.858,436.944,21.7346,-318.418,25.2884,45.1476,13.3951,34.8681,-70.8088,-41.9508,30.2189,51.9535,
1.16008,1.1246,0.957132,1.1185,200,0,0,1.46671,2.61459,0.758276,1.99895,-4.07518,-2.41956,1.70952,2.96598,0,-580.042,0,-562.3,0,-478.566,0,-559.25,19.9631,-45.8419,21.5769,-45.1047,28.7933,-40.8772,21.8516,-44.9723,41.3216,-19.4212,-2.33537,-11.9227,-77.7213,40.5508,30.3656,-22.888,11.8016,6.95294e-310,-229.203,6.68183e-310,-140.708,1.4822e-323,478.566,5.06782e-310,-270.116,19.9631,-275.044,21.5769,-185.813,28.7933,437.689,21.8516,-315.088,25.5081,45.4711,13.1874,34.7643,-70.8727,-42.0793,29.7307,51.5823,
1.15793,1.12233,0.959373,1.1152,200,0,0,1.49341,2.64697,0.752538,1.99908,-4.08038,-2.43003,1.6637,2.92869,0,-578.964,0,-561.167,0,-479.687,0,-557.602,20.0619,-45.7987,21.679,-45.0558,28.7017,-40.9416,21.9997,-44.9,40.8977,-19.1234,-2.50286,-11.5104,-75.5577,39.3318,29.2814,-21.6947,12.1959,6.95294e-310,-233.227,6.68183e-310,-140.379,1.4822e-323,479.687,5.06782e-310,-264.587,20.0619,-279.026,21.679,-185.435,28.7017,438.745,21.9997,-309.487,25.9723,46.0343,13.0876,34.7666,-70.9631,-42.2614,28.934,50.9337,
1.1557,1.12014,0.961674,1.11218,200,0,0,1.51634,2.67577,0.746367,1.99859,-4.08571,-2.44079,1.6213,2.89407,0,-577.849,0,-560.071,0,-480.837,0,-556.092,20.164,-45.7538,21.7778,-45.0081,28.6074,-41.0075,22.1352,-44.8334,40.3731,-18.7894,-2.6325,-11.1088,-73.4127,38.1599,28.2528,-20.5913,12.6006,6.95294e-310,-236.758,6.68183e-310,-139.978,1.4822e-323,480.837,5.06782e-310,-259.463,20.164,-282.511,21.7778,-184.986,28.6074,439.83,22.1352,-304.297,26.3711,46.5351,12.9803,34.758,-71.0559,-42.4485,28.1965,50.3317,
1.15336,1.11797,0.963987,1.10895,200,0,0,1.5396,2.70517,0.745598,2.00343,-4.09107,-2.45161,1.57348,2.85459,0,-576.681,0,-558.986,0,-481.994,0,-554.474,20.2708,-45.7066,21.8753,-44.9608,28.5125,-41.0736,22.2802,-44.7615,39.8358,-18.4066,-2.74043,-10.7443,-71.2259,36.9116,27.1765,-19.425,13.058,6.95294e-310,-240.354,6.68183e-310,-140.3,1.4822e-323,481.994,5.06782e-310,-253.652,20.2708,-286.06,21.8753,-185.261,28.5125,440.92,22.2802,-298.414,26.7756,47.0464,12.9669,34.8422,-71.1491,-42.6367,27.3649,49.6451,
1.15085,1.1159,0.966947,1.10562,200,0,0,1.56261,2.73479,0.750582,2.01377,-4.09793,-2.46546,1.51899,2.80867,0,-575.423,0,-557.95,0,-483.474,0,-552.808,20.3858,-45.6554,21.9685,-44.9153,28.3908,-41.1578,22.4292,-44.687,39.143,-17.9053,-2.79176,-10.3767,-68.7519,35.4854,25.9593,-18.126,13.6246,6.95294e-310,-243.952,6.68183e-310,-141.378,1.4822e-323,483.474,5.06782e-310,-246.959,20.3858,-289.607,21.9685,-186.293,28.3908,442.316,22.4292,-291.646,27.1758,47.5616,13.0536,35.0221,-71.2684,-42.8776,26.4172,48.8464,
1.14834,1.11383,0.969548,1.10227,200,0,0,1.58639,2.76514,0.757887,2.02643,-4.10395,-2.47764,1.46262,2.76088,0,-574.17,0,-556.913,0,-484.774,0,-551.137,20.5001,-45.6042,22.0616,-44.8697,28.2836,-41.2315,22.5785,-44.6118,38.5006,-17.4283,-2.84862,-10.0473,-66.4342,34.1157,24.8052,-16.891,14.2097,6.95294e-310,-247.651,6.68183e-310,-142.769,1.4822e-323,484.774,5.06782e-310,-240.015,20.5001,-293.255,22.0616,-187.639,28.2836,443.542,22.5785,-284.627,27.5893,48.0894,13.1806,35.2422,-71.3731,-43.0895,25.4368,48.0153,
1.14574,1.11161,0.972843,1.09879,200,0,0,1.62182,2.80739,0.762532,2.03679,-4.11158,-2.49309,1.3958,2.703,0,-572.87,0,-555.804,0,-486.422,0,-549.393,20.6186,-45.5508,22.161,-44.8206,28.1476,-41.3245,22.7339,-44.5328,37.7593,-16.9303,-2.92949,-9.62709,-63.7757,32.5582,23.4745,-15.508,14.9401,6.95294e-310,-252.939,6.68183e-310,-143.829,1.4822e-323,486.422,5.06782e-310,-231.691,20.6186,-298.49,22.161,-188.65,28.1476,445.097,22.7339,-276.223,28.2056,48.8242,13.2614,35.4224,-71.5057,-43.3581,24.2748,47.0087,
1.14308,1.10987,0.976103,1.09518,200,0,0,1.64673,2.83926,0.791016,2.06975,-4.11911,-2.50838,1.31932,2.63575,0,-571.54,0,-554.936,0,-488.052,0,-547.589,20.7397,-45.4958,22.2389,-44.7821,28.0127,-41.416,22.8944,-44.4505,36.9757,-16.2735,-2.88789,-9.37857,-61.2016,30.9254,22.1317,-14.0725,15.7816,6.95294e-310,-256.821,6.68183e-310,-148.009,1.4822e-323,488.052,5.06782e-310,-222.086,20.7397,-302.317,22.2389,-192.791,28.0127,446.636,22.8944,-266.537,28.6387,49.3785,13.7568,35.9956,-71.6368,-43.624,22.9447,45.8391,
1.14039,1.10795,0.979135,1.09154,200,0,0,1.67887,2.87843,0.817962,2.10163,-4.12612,-2.52261,1.23731,2.56304,0,-570.197,0,-553.977,0,-489.568,0,-545.768,20.8618,-45.4399,22.3247,-44.7393,27.887,-41.5008,23.0562,-44.3668,36.2277,-15.6761,-2.88892,-9.10649,-58.6889,29.3275,20.818,-12.6845,16.6931,6.95294e-310,-261.682,6.68183e-310,-152.016,1.4822e-323,489.568,5.06782e-310,-211.744,20.8618,-307.122,22.3247,-196.755,27.887,448.067,23.0562,-256.111,29.1978,50.0596,14.2254,36.5501,-71.7586,-43.8716,21.5185,44.5747,
1.13766,1.10611,0.983078,1.08783,200,0,0,1.72358,2.93026,0.851569,2.13998,-4.13522,-2.54114,1.13661,2.47178,0,-568.831,0,-553.054,0,-491.539,0,-543.916,20.9859,-45.3827,22.4072,-44.6981,27.7232,-41.6104,23.2203,-44.2811,35.3368,-15.0053,-2.87606,-8.77712,-55.8065,27.496,19.3003,-11.1258,17.8768,6.95294e-310,-268.246,6.68183e-310,-156.907,1.4822e-323,491.539,5.06782e-310,-198.893,20.9859,-313.628,22.4072,-201.605,27.7232,449.929,23.2203,-243.174,29.9753,50.9611,14.8099,37.2171,-71.9169,-44.1937,19.7671,42.9875,
1.13487,1.10429,0.986446,1.08403,200,0,0,1.76725,2.98121,0.89781,2.1909,-4.14299,-2.55697,1.02663,2.37147,0,-567.435,0,-552.143,0,-493.223,0,-542.017,21.1125,-45.324,22.4886,-44.6572,27.5829,-41.7035,23.3884,-44.1926,34.5065,-14.3358,-2.84752,-8.53295,-53.1532,25.7417,17.876,-9.64537,19.1605,6.95294e-310,-274.681,6.68183e-310,-163.495,1.4822e-323,493.223,5.06782e-310,-184.81,21.1125,-320.005,22.4886,-208.152,27.5829,451.519,23.3884,-229.002,30.7347,51.8472,15.6141,38.1027,-72.052,-44.4691,17.8545,41.2429,
1.1321,1.10252,0.99076,1.0802,200,0,0,1.83341,3.05459,0.953338,2.25095,-4.15293,-2.57728,0.887172,2.24174,0,-566.051,0,-551.262,0,-495.38,0,-540.099,21.2379,-45.2653,22.5672,-44.6175,27.4027,-41.8221,23.5577,-44.1026,33.5535,-13.621,-2.82775,-8.21277,-50.1298,23.7471,16.2371,-7.99393,20.8607,6.95294e-310,-284.144,6.68183e-310,-171.324,1.4822e-323,495.38,5.06782e-310,-166.759,21.2379,-329.409,22.5672,-215.941,27.4027,453.558,23.5577,-210.861,31.8855,53.1234,16.5798,39.147,-72.2249,-44.8222,15.4291,38.9868,
1.12935,1.10082,0.994846,1.07629,200,0,0,1.91046,3.13881,1.02676,2.32874,-4.16235,-2.59653,0.723265,2.08773,0,-564.673,0,-550.412,0,-497.423,0,-538.146,21.3626,-45.2066,22.6431,-44.579,27.2316,-41.9338,23.7298,-44.0102,32.6372,-12.9074,-2.80299,-7.94171,-47.2148,21.7589,14.6198,-6.36143,22.8606,6.95294e-310,-295.07,6.68183e-310,-181.552,1.4822e-323,497.423,5.06782e-310,-145.426,21.3626,-340.277,22.6431,-226.131,27.2316,455.489,23.7298,-189.437,33.2254,54.588,17.8567,40.4998,-72.3886,-45.157,12.5785,36.3083,
1.12649,1.09916,0.999149,1.07247,200,0,0,2.00104,3.23679,1.1194,2.42564,-4.17225,-2.61682,0.529214,1.90334,0,-563.247,0,-549.579,0,-499.574,0,-536.234,21.4914,-45.1455,22.7174,-44.5412,27.0509,-42.0505,23.8979,-43.9191,31.6243,-12.151,-2.75788,-7.67192,-44.2211,19.7192,12.9757,-4.73719,25.3344,6.95294e-310,-307.839,6.68183e-310,-194.364,1.4822e-323,499.574,5.06782e-310,-120.014,21.4914,-352.984,22.7174,-238.905,27.0509,457.524,23.8979,-163.933,34.8006,56.2921,19.4677,42.1851,-72.5608,-45.5099,9.20372,33.1016,
1.12362,1.09747,1.00364,1.06856,200,0,0,2.12382,3.36704,1.23881,2.54938,-4.18258,-2.63803,0.282423,1.66641,0,-561.808,0,-548.734,0,-501.821,0,-534.281,21.6212,-45.0835,22.7926,-44.5028,26.8617,-42.1717,24.0693,-43.8254,30.5834,-11.3904,-2.72767,-7.38865,-41.1412,17.5901,11.2625,-3.06739,28.5287,6.95294e-310,-324.952,6.68183e-310,-210.788,1.4822e-323,501.821,5.06782e-310,-87.5087,21.6212,-370.036,22.7926,-255.291,26.8617,459.65,24.0693,-131.334,36.9359,58.5571,21.5445,44.3371,-72.7405,-45.8788,4.9117,28.981,
1.12037,1.09611,1.00846,1.06473,200,0,0,2.24393,3.49556,1.43545,2.74949,-4.19364,-2.6608,-0.033187,1.36045,0,-560.185,0,-548.057,0,-504.23,0,-532.363,21.7675,-45.0131,22.8528,-44.4719,26.6582,-42.3006,24.2372,-43.7328,29.2878,-10.4047,-2.54971,-7.23187,-37.9448,15.3501,9.52187,-1.39163,32.8486,6.95294e-310,-341.779,6.68183e-310,-237.557,1.4822e-323,504.23,5.06782e-310,-45.7132,21.7675,-386.792,22.8528,-282.029,26.6582,461.93,24.2372,-89.446,39.0249,60.7924,24.9644,47.8172,-72.9329,-46.2747,-0.577165,23.66,
1.11739,1.09454,1.01345,1.06089,200,0,0,2.45793,3.71728,1.67214,2.99019,-4.20508,-2.68438,-0.466794,0.936476,0,-558.693,0,-547.271,0,-506.723,0,-530.446,21.9017,-44.9479,22.9227,-44.4359,26.447,-42.433,24.4047,-43.6395,28.0919,-9.5707,-2.4963,-6.95524,-34.6956,13.0647,7.71033,0.309059,38.7858,6.95294e-310,-371.207,6.68183e-310,-269.765,1.4822e-323,506.723,5.06782e-310,11.9871,21.9017,-416.155,22.9227,-314.2,26.447,464.29,24.4047,-31.6525,42.7466,64.6483,29.0806,52.0034,-73.1319,-46.6849,-8.11816,16.2865,
1.11465,1.09311,1.01865,1.05698,200,0,0,2.80499,4.07139,2.02933,3.35105,-4.21701,-2.70902,-1.12221,0.290854,0,-557.326,0,-546.553,0,-509.324,0,-528.492,22.0245,-44.8879,22.9865,-44.4029,26.2259,-42.57,24.575,-43.5439,26.9659,-8.77605,-2.48331,-6.67216,-31.4277,10.6801,5.80911,2.0879,47.6889,6.95294e-310,-418.521,6.68183e-310,-318.188,1.4822e-323,509.324,5.06782e-310,99.5699,22.0245,-463.408,22.9865,-362.591,26.2259,466.754,24.575,56.0261,48.7824,70.8069,35.2927,58.2792,-73.3392,-47.1133,-19.5167,5.05834,
1.11156,1.09186,1.02402,1.05304,200,0,0,3.31581,4.59019,2.67707,4.00197,-4.2293,-2.73447,-2.18383,-0.760905,0,-555.78,0,-545.929,0,-512.008,0,-526.521,22.1631,-44.8196,23.0418,-44.3743,25.997,-42.7102,24.7465,-43.4466,25.6405,-7.8092,-2.36458,-6.49307,-28.073,8.19378,3.88091,3.87112,62.4874,6.95294e-310,-487.977,6.68183e-310,-405.735,1.4822e-323,512.008,5.06782e-310,241.896,22.1631,-532.796,23.0418,-450.109,25.997,469.298,24.7465,198.449,57.6663,79.8295,46.5577,69.5995,-73.5531,-47.5561,-37.9796,-13.2331,
1.10842,1.09044,1.02982,1.04908,200,0,0,3.80267,5.08513,3.39718,4.72569,-3.75686,-2.27631,-3.80804,-2.37522,0,-554.21,0,-545.222,0,-514.908,0,-524.538,22.3038,-44.7498,23.1046,-44.3416,25.7488,-42.8602,24.9187,-43.3481,24.2398,-6.86575,-2.30321,-6.2322,-24.5132,5.56786,1.84059,5.69921,80.721,6.95294e-310,-554.21,6.68183e-310,-503.069,1.4822e-323,449.443,5.06782e-310,460.046,22.3038,-598.96,23.1046,-547.411,25.7488,406.583,24.9187,416.698,66.1333,88.4371,59.0814,82.1859,-65.3367,-39.5879,-66.2268,-41.3081,
1.10486,1.08929,1.03596,1.04516,200,0,0,2.62508,3.9167,2.79691,4.12836,-1.85747,-0.392095,-4.27759,-2.83501,0,-552.431,0,-544.647,0,-517.982,0,-522.578,22.4629,-44.6701,23.1556,-44.315,25.4848,-43.0177,25.0883,-43.2501,22.565,-5.70743,-2.11282,-6.08484,-20.8067,2.80365,-0.24303,7.52817,69.4164,6.95294e-310,-396.189,6.68183e-310,-422.388,1.4822e-323,194.619,5.06782e-310,522.578,22.4629,-440.859,23.1556,-466.703,25.4848,151.601,25.0883,479.328,45.6536,68.1165,48.6419,71.7975,-32.3039,-6.81904,-74.3929,-49.3046,
1.10187,1.08806,1.04223,1.04121,200,0,0,1.63389,2.9332,2.05085,3.38544,-0.400036,1.04981,-4.2686,-2.81623,0,-550.933,0,-544.03,0,-521.116,0,-520.607,22.5966,-44.6026,23.2102,-44.2864,25.2147,-43.1766,25.2587,-43.1509,21.1145,-4.75796,-2.08726,-5.82267,-17.1395,-0.0110737,-2.41227,9.41192,55.3136,6.95294e-310,-263.18,6.68183e-310,-322.072,1.4822e-323,-0.612524,5.06782e-310,520.607,22.5966,-307.783,23.2102,-366.359,25.2147,-43.7891,25.2587,477.456,28.4156,51.0122,35.667,58.8772,-6.95714,18.2576,-74.2365,-48.9779,
1.09825,1.08665,1.04869,1.03731,200,0,0,0.932949,2.24153,1.573,2.91119,0.605532,2.03931,-4.25968,-2.79763,0,-549.123,0,-543.323,0,-524.346,0,-518.653,22.7579,-44.5205,23.2728,-44.2535,24.9353,-43.3386,25.4271,-43.0519,19.3641,-3.66619,-1.9946,-5.58206,-13.2774,-2.91935,-4.59121,11.224,46.2092,6.95294e-310,-169.412,6.68183e-310,-257.942,1.4822e-323,-134.901,5.06782e-310,518.653,22.7579,-213.932,23.2728,-302.196,24.9353,-178.239,25.4271,475.601,16.2252,38.9831,27.3566,50.6294,10.531,35.4663,-74.0815,-48.6544,
1.09475,1.08538,1.05538,1.03339,200,0,0,0.425159,1.74269,1.22721,2.56863,1.35452,2.7716,-4.25073,-2.77899,0,-547.373,0,-542.688,0,-527.689,0,-516.694,22.9136,-44.4406,23.329,-44.2239,24.6449,-43.5043,25.5956,-42.9519,17.6077,-2.57242,-1.92223,-5.35425,-9.38087,-5.93572,-6.84285,13.0753,39.5167,6.95294e-310,-101.654,6.68183e-310,-211.582,1.4822e-323,-234.56,5.06782e-310,516.694,22.9136,-146.094,23.329,-255.806,24.6449,-278.064,25.5956,473.742,7.39408,30.3076,21.3428,44.6718,23.5568,48.2017,-73.9258,-48.3302,
1.09138,1.08403,1.06219,1.03001,200,0,0,0.069431,1.39556,0.959456,2.30429,1.91982,3.31984,-4.24301,-2.76292,0,-545.69,0,-542.017,0,-531.093,0,-515.004,23.0631,-44.3632,23.3884,-44.1926,24.3482,-43.6711,25.7406,-42.8652,15.7952,-1.55777,-1.90685,-5.03612,-5.5057,-8.86665,-9.0113,14.757,34.899,6.95294e-310,-54.3644,6.68183e-310,-175.755,1.4822e-323,-309.437,5.06782e-310,515.004,23.0631,-98.7276,23.3884,-219.948,24.3482,-353.108,25.7406,472.139,1.2075,24.2706,16.6862,40.0746,33.3882,57.7364,-73.7914,-48.0509,
1.08669,1.08176,1.06927,1.02755,200,0,0,-0.238999,1.09907,0.732522,2.08314,2.41972,3.80192,-4.23739,-2.75126,0,-543.347,0,-540.878,0,-534.634,0,-513.776,23.2707,-44.2546,23.4889,-44.1392,24.0383,-43.8425,25.8458,-42.8018,13.2969,-0.426141,-1.8404,-4.52712,-1.23213,-11.6726,-10.9622,15.9735,32.1643,6.95294e-310,-13.7065,6.68183e-310,-145.612,1.4822e-323,-375.442,5.06782e-310,513.776,23.2707,-57.9612,23.4889,-189.751,24.0383,-419.284,25.8458,470.974,-4.1565,19.1142,12.7395,36.2285,42.082,66.1203,-73.6937,-47.8479,
1.08237,1.0795,1.076,1.02556,200,0,0,-0.472713,0.876349,0.537759,1.89409,2.83846,4.20365,-4.23284,-2.74181,0,-541.184,0,-539.752,0,-538.002,0,-512.781,23.462,-44.1536,23.5883,-44.0862,23.7425,-44.0034,25.9309,-42.7503,10.9214,0.562233,-1.83806,-3.97328,2.78723,-14.2805,-12.7544,17.007,30.1512,6.95294e-310,16.952,6.68183e-310,-119.799,1.4822e-323,-430.573,5.06782e-310,512.781,23.462,-27.2016,23.5883,-163.885,23.7425,-474.577,25.9309,470.031,-8.2211,15.2409,9.35232,32.9407,49.3645,73.1069,-73.6146,-47.6837,
1.07884,1.07773,1.08158,1.02373,200,0,0,-0.644802,0.713197,0.399629,1.76045,3.15424,4.50531,-4.22864,-2.73311,0,-539.422,0,-538.865,0,-540.788,0,-511.864,23.6174,-44.0706,23.6665,-44.0443,23.4969,-44.135,26.0093,-42.7027,8.9968,1.38156,-1.84733,-3.55447,6.09588,-16.5267,-14.2954,17.9205,28.563,6.95294e-310,39.4614,6.68183e-310,-101.526,1.4822e-323,-472.052,5.06782e-310,511.864,23.6174,-4.6092,23.6665,-145.571,23.4969,-516.187,26.0093,469.162,-11.214,12.4034,6.95007,30.6166,54.8563,78.3532,-73.5416,-47.5323,
1.07469,1.07582,1.08668,1.02197,200,0,0,-0.829491,0.539035,0.300496,1.66614,3.45029,4.78838,-4.22461,-2.72475,0,-537.343,0,-537.912,0,-543.341,0,-510.983,23.8004,-43.972,23.7504,-43.9991,23.2712,-44.2544,26.0845,-42.6568,6.87089,2.32117,-1.7363,-3.23395,9.32155,-18.664,-15.6884,18.6648,27.3768,6.95294e-310,63.5462,6.68183e-310,-88.5353,1.4822e-323,-510.96,5.06782e-310,510.983,23.8004,19.5742,23.7504,-132.534,23.2712,-555.215,26.0845,468.327,-14.4259,9.37452,5.22602,28.9764,60.005,83.2762,-73.4715,-47.387,
1.0711,1.07416,1.09163,1.02094,200,0,0,-0.978913,0.398664,0.204787,1.57465,3.71605,5.04153,-4.22063,-2.71825,0,-535.551,0,-537.079,0,-545.816,0,-510.468,23.9579,-43.8865,23.8236,-43.9595,23.0519,-44.369,26.1284,-42.6299,4.87368,3.12561,-1.6748,-2.8608,12.2871,-20.5568,-16.899,19.2173,26.5516,6.95294e-310,82.9901,6.68183e-310,-75.9588,1.4822e-323,-545.816,5.06782e-310,510.25,23.9579,39.1037,23.8236,-119.918,23.0519,-590.185,26.1284,467.62,-17.0246,6.93329,3.56151,27.3851,64.6269,87.6788,-73.4023,-47.2739,
1.0667,1.07252,1.0968,1.02016,200,0,0,-1.12292,0.265744,0.105815,1.47982,3.74268,5.05497,-3.98594,-2.48165,0,-533.352,0,-536.258,0,-548.398,0,-510.079,24.1506,-43.7807,23.8958,-43.9203,22.8224,-44.4875,26.1616,-42.6095,2.45004,4.1673,-1.44823,-2.58286,15.4384,-22.5053,-18.0586,19.6356,24.3675,6.95294e-310,101.547,6.68183e-310,-62.9379,1.4822e-323,-548.398,5.06782e-310,478.469,24.1506,57.766,23.8958,-106.858,22.8224,-592.886,26.1616,435.86,-19.529,4.62164,1.84027,25.736,65.0901,87.9126,-69.3208,-43.1592,
1.06301,1.07103,1.10063,1.01955,200,0,0,-1.22203,0.175917,0.0387168,1.41647,3.76247,5.06494,-3.82225,-2.31646,0,-531.506,0,-535.515,0,-550.316,0,-509.773,24.3121,-43.6912,23.961,-43.8847,22.6517,-44.5747,26.1876,-42.5935,0.499336,4.97771,-1.26098,-2.3619,17.8885,-23.9891,-18.9176,19.8903,22.9403,6.95294e-310,114.19,6.68183e-310,-54.1825,1.4822e-323,-550.316,5.06782e-310,456.289,24.3121,70.4988,23.961,-98.0673,22.6517,-594.89,26.1876,413.695,-21.2527,3.05942,0.673335,24.6343,65.4342,88.0859,-66.4738,-40.2862,
1.0599,1.06974,1.10444,1.01911,200,0,0,-1.29236,0.113409,-0.0260219,1.355,3.78213,5.07482,-3.68626,-2.17942,0,-529.948,0,-534.868,0,-552.221,0,-509.557,24.4481,-43.6153,24.0178,-43.8537,22.4816,-44.6607,26.206,-42.5822,-1.25006,5.66283,-1.15272,-2.10323,20.1903,-25.4102,-19.7577,20.1487,21.7323,6.95294e-310,123.066,6.68183e-310,-45.708,1.4822e-323,-552.221,5.06782e-310,437.878,24.4481,79.4509,24.0178,-89.5617,22.4816,-596.882,26.206,395.296,-22.4758,1.97233,-0.452555,23.5652,65.7762,88.2578,-64.1089,-37.9029,
1.05639,1.06861,1.10779,1.01877,200,0,0,-1.38184,0.0327221,-0.0590335,1.32483,3.79939,5.08349,-3.56121,-2.05351,0,-528.193,0,-534.305,0,-553.893,0,-509.383,24.6011,-43.5291,24.0672,-43.8266,22.3322,-44.7356,26.2208,-42.5731,-3.12075,6.47974,-0.891633,-1.99899,22.3209,-26.6949,-20.4525,20.288,20.749,6.95294e-310,134.448,6.68183e-310,-41.477,1.4822e-323,-553.893,5.06782e-310,420.956,24.6011,90.9189,24.0672,-85.3036,22.3322,-598.629,26.2208,378.383,-24.032,0.569079,-1.02667,23.0405,66.0763,88.4085,-61.934,-35.7132,
1.05315,1.06757,1.11072,1.01864,200,0,0,-1.45845,-0.0357905,-0.0863183,1.30017,3.81454,5.09109,-3.45327,-1.94526,0,-526.575,0,-533.783,0,-555.361,0,-509.318,24.7418,-43.4493,24.1129,-43.8015,22.2007,-44.801,26.2264,-42.5696,-4.84986,7.2127,-0.641873,-1.90148,24.2089,-27.7885,-21.0177,20.3341,19.9853,6.95294e-310,144.148,6.68183e-310,-38.0017,1.4822e-323,-555.361,5.06782e-310,406.384,24.7418,100.699,24.1129,-81.8031,22.2007,-600.162,26.2264,363.814,-25.3643,-0.622444,-1.50119,22.6117,66.3399,88.5406,-60.0569,-33.8305,
1.04999,1.06656,1.11326,1.01872,200,0,0,-1.53138,-0.100825,-0.107058,1.28197,3.82766,5.09765,-3.35452,-1.84671,0,-524.993,0,-533.28,0,-556.631,0,-509.36,24.8792,-43.3708,24.1569,-43.7772,22.0868,-44.8572,26.2229,-42.5718,-6.52037,7.90733,-0.37005,-1.82523,25.8992,-28.6989,-21.446,20.267,19.3955,6.95294e-310,153.367,6.68183e-310,-35.4014,1.4822e-323,-556.631,5.06782e-310,393.09,24.8792,109.996,24.1569,-79.1786,22.0868,-601.489,26.2229,350.518,-26.6326,-1.75348,-1.86188,22.2951,66.568,88.6548,-58.3396,-32.1167,
1.04703,1.06555,1.11544,1.01909,200,0,0,-1.59619,-0.158258,-0.12796,1.2636,3.83892,5.10329,-3.26299,-1.75608,0,-523.513,0,-532.777,0,-557.722,0,-509.545,25.0074,-43.297,24.201,-43.7528,21.989,-44.9053,26.207,-42.5816,-8.08986,8.51721,-0.112595,-1.72838,27.3887,-29.4075,-21.7339,20.08,18.9653,6.95294e-310,161.531,6.68183e-310,-32.7792,1.4822e-323,-557.722,5.06782e-310,380.823,25.0074,118.234,24.201,-76.532,21.989,-602.627,26.207,338.242,-27.7598,-2.75232,-2.2254,21.9756,66.7639,88.7528,-56.7476,-30.5406,
1.04432,1.06455,1.11723,1.01962,200,0,0,-1.65211,-0.207449,-0.14872,1.24537,3.84814,5.1079,-3.18014,-1.67452,0,-522.159,0,-532.273,0,-558.615,0,-509.809,25.1246,-43.2291,24.245,-43.7285,21.9087,-44.9445,26.1846,-42.5954,-9.51116,9.03231,0.120226,-1.61711,28.6654,-29.9357,-21.9077,19.815,18.6605,6.95294e-310,168.547,6.68183e-310,-30.1762,1.4822e-323,-558.615,5.06782e-310,369.757,25.1246,125.318,24.245,-73.9046,21.9087,-603.559,26.1846,327.162,-28.7324,-3.60781,-2.58644,21.6586,66.9242,88.833,-55.3067,-29.1222,
1.04173,1.06364,1.11857,1.02065,200,0,0,-1.71268,-0.261589,-0.165054,1.23132,3.85508,5.11136,-3.09665,-1.59356,0,-520.864,0,-531.818,0,-559.286,0,-510.324,25.2364,-43.1639,24.2849,-43.7064,21.8484,-44.9739,26.1407,-42.6224,-10.8965,9.50698,0.393749,-1.51879,29.6887,-30.1744,-21.8608,19.3526,18.5351,6.95294e-310,176.213,6.68183e-310,-28.151,1.4822e-323,-559.286,5.06782e-310,358.702,25.2364,133.049,24.2849,-71.8573,21.8484,-604.26,26.1407,316.08,-29.7858,-4.54938,-2.87051,21.4143,67.0448,88.8932,-53.8548,-27.7141,
1.03927,1.06293,1.1196,1.02237,200,0,0,-1.78372,-0.326532,-0.176498,1.22166,3.8604,5.11402,-3.00667,-1.50781,0,-519.636,0,-531.464,0,-559.801,0,-511.187,25.3424,-43.1018,24.3157,-43.6892,21.802,-44.9964,26.0671,-42.6674,-12.3043,9.96821,0.727502,-1.43866,30.4795,-30.1121,-21.573,18.6602,18.5905,6.95294e-310,185.314,6.68183e-310,-26.7455,1.4822e-323,-559.801,5.06782e-310,346.904,25.3424,142.213,24.3157,-70.4347,21.802,-604.798,26.0671,304.237,-31.0212,-5.67882,-3.06953,21.2462,67.1374,88.9394,-52.2899,-26.2228,
1.03697,1.06244,1.12037,1.02398,200,0,0,-1.85804,-0.395151,-0.176215,1.22317,3.86436,5.11599,-2.92478,-1.42987,0,-518.486,0,-531.219,0,-560.185,0,-511.99,25.4415,-43.0433,24.3372,-43.6772,21.7675,-45.0131,25.9985,-42.7092,-13.6046,10.4357,1.09437,-1.43928,31.1083,-29.9963,-21.2606,18.0012,18.6751,6.95294e-310,194.889,6.68183e-310,-26.8788,1.4822e-323,-560.185,5.06782e-310,336.175,25.4415,151.845,24.3372,-70.556,21.7675,-605.198,25.9985,293.466,-32.3137,-6.87219,-3.06461,21.2726,67.2063,88.9738,-50.8658,-24.8673,
1.0348,1.06209,1.12086,1.02615,200,0,0,-1.94188,-0.473628,-0.17307,1.22719,3.8669,5.11726,-2.8351,-1.34552,0,-517.401,0,-531.045,0,-560.43,0,-513.075,25.5348,-42.9881,24.3524,-43.6688,21.7454,-45.0238,25.9058,-42.7655,-14.908,10.8774,1.50142,-1.44681,31.5386,-29.6251,-20.7497,17.1537,18.9174,6.95294e-310,205.772,6.68183e-310,-27.3699,1.4822e-323,-560.43,5.06782e-310,324.503,25.5348,162.784,24.3524,-71.0386,21.7454,-605.454,25.9058,281.737,-33.7718,-8.23701,-3.00992,21.3425,67.2504,88.9958,-49.3061,-23.4003,
1.03282,1.06186,1.12111,1.02814,200,0,0,-2.02529,-0.552151,-0.162811,1.23802,3.8682,5.11791,-2.75287,-1.26818,0,-516.412,0,-530.931,0,-560.556,0,-514.069,25.6198,-42.9375,24.3623,-43.6632,21.7341,-45.0292,25.8207,-42.817,-16.0745,11.2925,1.90787,-1.50109,31.832,-29.2201,-20.2375,16.3575,19.1839,6.95294e-310,216.634,6.68183e-310,-28.7967,1.4822e-323,-560.556,5.06782e-310,313.801,25.6198,173.697,24.3623,-72.4599,21.7341,-605.585,25.8207,270.984,-35.2224,-9.60262,-2.8315,21.5308,67.273,89.0071,-47.876,-22.0553,
1.03101,1.06171,1.12106,1.03073,200,0,0,-2.11836,-0.64076,-0.153259,1.24797,3.86795,5.11778,-2.65888,-1.18057,0,-515.507,0,-530.853,0,-560.532,0,-515.364,25.6974,-42.8911,24.3691,-43.6594,21.7362,-45.0282,25.7098,-42.8837,-17.225,11.6499,2.3322,-1.53314,31.9208,-28.537,-19.5153,15.3561,19.6423,6.95294e-310,228.832,6.68183e-310,-30.1144,1.4822e-323,-560.532,5.06782e-310,301.629,25.6974,185.941,24.3691,-73.7738,21.7362,-605.56,25.7098,258.745,-36.8411,-11.1437,-2.66537,21.7038,67.2687,89.0049,-46.2413,-20.5316,
1.02928,1.06166,1.12073,1.03297,200,0,0,-2.21609,-0.734206,-0.131254,1.27009,3.86622,5.11692,-2.57269,-1.09991,0,-514.639,0,-530.829,0,-560.364,0,-516.484,25.7719,-42.8463,24.3712,-43.6583,21.7513,-45.0209,25.6136,-42.9412,-18.2532,12.0141,2.7782,-1.64496,31.8836,-27.8571,-18.8181,14.4386,20.1157,6.95294e-310,241.671,6.68183e-310,-33.0895,1.4822e-323,-560.364,5.06782e-310,290.442,25.7719,198.824,24.3712,-76.7478,21.7513,-605.385,25.6136,247.501,-38.5407,-12.7688,-2.28268,22.0886,67.2386,88.9899,-44.7424,-19.1288,
1.02771,1.06171,1.11994,1.036,200,0,0,-2.33498,-0.84923,-0.106497,1.29473,3.86213,5.11488,-2.46587,-1.00058,0,-513.854,0,-530.853,0,-559.969,0,-518,25.8392,-42.8058,24.3691,-43.6594,21.7869,-45.0037,25.4833,-43.0186,-19.2747,12.3154,3.26372,-1.74243,31.5573,-26.7925,-17.828,13.2356,20.9002,6.95294e-310,257.394,6.68183e-310,-36.417,1.4822e-323,-559.969,5.06782e-310,276.627,25.8392,214.588,24.3691,-80.0765,21.7869,-604.973,25.4833,233.608,-40.6084,-14.7692,-1.85212,22.517,67.1675,88.9544,-42.8847,-17.4014,
1.02623,1.06186,1.11832,1.03891,200,0,0,-2.47702,-0.987643,-0.0593529,1.34148,3.85378,5.11071,-2.35822,-0.900146,0,-513.117,0,-530.931,0,-559.16,0,-519.456,25.9022,-42.7677,24.3623,-43.6632,21.8597,-44.9684,25.3579,-43.0927,-20.1119,12.592,3.80969,-1.94818,30.8589,-25.4871,-16.6861,11.9731,21.939,6.95294e-310,276.256,6.68183e-310,-42.7411,1.4822e-323,-559.16,5.06782e-310,262.678,25.9022,233.488,24.3623,-86.4043,21.8597,-604.128,25.3579,219.586,-43.0786,-17.1764,-1.03222,23.3301,67.0222,88.8819,-41.0126,-15.6547,
1.02489,1.06213,1.11641,1.0419,200,0,0,-2.64046,-1.14779,0.00113566,1.40131,3.84394,5.10579,-2.24079,-0.790108,0,-512.445,0,-531.063,0,-558.207,0,-520.948,25.9596,-42.7329,24.3508,-43.6696,21.9454,-44.9266,25.2292,-43.1681,-20.8718,12.8478,4.37342,-2.19181,29.9927,-24.064,-15.4676,10.6663,23.1967,6.95294e-310,298.028,6.68183e-310,-50.8429,1.4822e-323,-558.207,5.06782e-310,247.424,25.9596,255.295,24.3508,-94.5125,21.9454,-603.134,25.2292,204.256,-45.9211,-19.9615,0.0197506,24.3706,66.851,88.7964,-38.9702,-13.741,
1.02381,1.06249,1.1139,1.04502,200,0,0,-2.83573,-1.34041,0.0808107,1.48008,3.83094,5.09929,-2.10925,-0.66634,0,-511.906,0,-531.243,0,-556.949,0,-522.512,26.0057,-42.7049,24.3351,-43.6784,22.0583,-44.8713,25.094,-43.2468,-21.4569,13.0321,4.94719,-2.4731,28.8006,-22.3922,-14.0873,9.25913,24.8725,6.95294e-310,324.141,6.68183e-310,-61.5121,1.4822e-323,-556.949,5.06782e-310,230.297,26.0057,281.436,24.3351,-105.19,22.0583,-601.82,25.094,187.051,-49.3171,-23.3114,1.4054,25.7405,66.625,88.6834,-36.6826,-11.5885,
1.02264,1.06294,1.1107,1.04827,200,0,0,-3.09633,-1.59812,0.200418,1.59854,3.81442,5.09102,-1.9477,-0.512876,0,-511.319,0,-531.47,0,-555.349,0,-524.136,26.0558,-42.6743,24.3152,-43.6895,22.2018,-44.8004,24.9535,-43.3281,-22.0027,13.2367,5.61059,-2.85884,27.3042,-20.474,-12.524,7.71071,27.1246,6.95294e-310,359.039,6.68183e-310,-77.5448,1.4822e-323,-555.349,5.06782e-310,209.15,26.0558,316.365,24.3152,-121.234,22.2018,-600.149,24.9535,165.821,-53.8492,-27.7934,3.48552,27.8007,66.3377,88.5395,-33.873,-8.91958,
1.02173,1.06353,1.10787,1.05154,200,0,0,-3.38775,-1.88731,0.333239,1.72989,3.79982,5.0837,-1.76404,-0.337378,0,-510.864,0,-531.764,0,-553.935,0,-525.772,26.0947,-42.6505,24.2896,-43.7037,22.3284,-44.7375,24.8116,-43.4095,-22.5227,13.4179,6.2191,-3.21284,25.8936,-18.6683,-11.048,6.23564,29.6725,6.95294e-310,398.144,6.68183e-310,-95.3332,1.4822e-323,-553.935,5.06782e-310,185.027,26.0947,355.493,24.2896,-139.037,22.3284,-598.672,24.8116,141.618,-58.9174,-32.8227,5.79546,30.085,66.0838,88.4123,-30.679,-5.86745,
1.02096,1.06428,1.10409,1.05489,200,0,0,-3.79507,-2.29274,0.539695,1.93445,3.78034,5.07392,-1.53112,-0.112806,0,-510.48,0,-532.142,0,-552.047,0,-527.444,26.1274,-42.6305,24.2566,-43.7221,22.4972,-44.6529,24.6663,-43.4922,-22.8617,13.5713,6.89598,-3.68618,24.0226,-16.5424,-9.34938,4.62305,33.3716,6.95294e-310,452.896,6.68183e-310,-123.014,1.4822e-323,-552.047,5.06782e-310,154.278,26.1274,410.265,24.2566,-166.736,22.4972,-596.7,24.6663,110.786,-66.0012,-39.8738,9.38599,33.6426,65.745,88.2422,-26.6281,-1.96184,
1.02036,1.06513,1.10082,1.05829,200,0,0,-4.22093,-2.71714,0.763987,2.1566,3.69861,5.00059,-1.23097,0.178819,0,-510.18,0,-532.567,0,-550.412,0,-529.145,26.1529,-42.6148,24.2194,-43.7427,22.6431,-44.579,24.5181,-43.5759,-23.2394,13.7191,7.52175,-4.11641,22.3095,-14.5659,-7.75588,3.07849,37.1876,6.95294e-310,510.18,6.68183e-310,-153.079,1.4822e-323,-541.671,5.06782e-310,114.482,26.1529,467.566,24.2194,-196.822,22.6431,-586.25,24.5181,70.906,-73.4075,-47.2546,13.2867,37.5061,64.3236,86.9667,-21.4082,3.1099,
1.01987,1.06609,1.09636,1.06163,200,0,0,-4.21981,-2.71481,0.911503,2.3017,3.02174,4.33513,-0.757311,0.644095,0,-509.935,0,-533.046,0,-548.182,0,-530.817,26.1739,-42.602,24.1774,-43.7659,22.8416,-44.4776,24.3723,-43.6577,-23.3862,13.8298,8.2164,-4.68582,20.059,-12.2399,-5.92075,1.39095,36.8722,6.95294e-310,509.935,6.68183e-310,-172.776,1.4822e-323,-451.311,5.06782e-310,51.2874,26.1739,467.333,24.1774,-216.542,22.8416,-495.789,24.3723,7.62976,-73.3879,-47.2141,15.8522,40.0296,52.5519,75.3936,-13.1706,11.2017,
1.01952,1.06711,1.09217,1.06506,200,0,0,-4.21901,-2.71316,1.05057,2.43821,2.37933,3.70344,-0.296582,1.09621,0,-509.761,0,-533.556,0,-546.085,0,-532.531,26.1887,-42.5929,24.1328,-43.7905,23.028,-44.3814,24.2225,-43.7409,-23.5439,13.9224,8.87081,-5.22534,17.8725,-9.98363,-4.13233,-0.277135,36.6144,6.95294e-310,509.761,6.68183e-310,-191.323,1.4822e-323,-365.544,5.06782e-310,-10.1471,26.1887,467.168,24.1328,-235.113,23.028,-409.926,24.2225,-53.8881,-73.3741,-47.1854,18.2708,42.4036,41.3796,64.4076,-5.15795,19.0645,
1.01932,1.06818,1.08808,1.06868,200,0,0,-4.21854,-2.7122,1.18422,2.56917,1.74777,3.08229,0.169657,1.55334,0,-509.659,0,-534.089,0,-544.042,0,-534.341,26.1973,-42.5876,24.0861,-43.8162,23.2092,-44.287,24.064,-43.8283,-23.7043,13.9834,9.49528,-5.73782,15.6766,-7.71568,-2.33027,-1.98331,36.4475,6.95294e-310,509.659,6.68183e-310,-209.129,1.4822e-323,-281.217,5.06782e-310,-72.2866,26.1973,467.072,24.0861,-252.945,23.2092,-325.504,24.064,-116.115,-73.366,-47.1686,20.5951,44.6812,30.3959,53.6051,2.95055,27.0146,
1.01931,1.06933,1.08291,1.07225,200,0,0,-4.21852,-2.71214,1.35419,2.73624,1.04332,2.39102,0.672521,2.04719,0,-509.653,0,-534.664,0,-541.453,0,-536.126,26.1978,-42.5872,24.0357,-43.8439,23.4381,-44.1662,23.9074,-43.914,-23.6187,13.9826,10.1497,-6.35998,12.9717,-5.13808,-0.311269,-3.82372,36.4491,6.95294e-310,509.653,6.68183e-310,-231.816,1.4822e-323,-187.278,5.06782e-310,-139.371,26.1978,467.066,24.0357,-275.659,23.4381,-231.445,23.9074,-183.285,-73.3655,-47.1676,23.5511,47.5868,18.1447,41.5829,11.696,35.6034,
1.01951,1.0705,1.07851,1.07596,200,0,0,-4.21898,-2.71311,1.50032,2.87941,0.399114,1.75796,1.15637,2.52168,0,-509.755,0,-535.251,0,-539.254,0,-537.978,26.1892,-42.5926,23.9842,-43.8721,23.6322,-44.0627,23.7446,-44.0022,-23.602,13.9488,10.7123,-6.87605,10.5389,-2.77209,1.55686,-5.57852,36.5448,6.95294e-310,509.755,6.68183e-310,-251.284,1.4822e-323,-101.306,5.06782e-310,-203.866,26.1892,467.162,23.9842,-295.156,23.6322,-145.368,23.7446,-247.868,-73.3736,-47.1844,26.0926,50.0768,6.94112,30.5733,20.1107,43.8553,
1.02,1.07162,1.07264,1.07954,200,0,0,-4.22011,-2.71543,1.69195,3.06823,-0.359388,1.01432,1.71091,3.06715,0,-510.001,0,-535.809,0,-536.318,0,-539.77,26.1682,-42.6054,23.9352,-43.8988,23.8905,-43.9232,23.5867,-44.087,-23.2137,13.7799,11.2623,-7.48156,7.45081,-0.00576168,3.69937,-7.50902,37.0105,6.95294e-310,510.001,6.68183e-310,-276.896,1.4822e-323,-0.213243,5.06782e-310,-277.913,26.1682,467.395,23.9352,-320.795,23.8905,-44.1364,23.5867,-322,-73.3932,-47.2249,29.4253,53.3605,-6.25023,17.6403,29.755,53.3417,
1.02077,1.0727,1.06779,1.08305,200,0,0,-4.22186,-2.71907,1.85612,3.22967,-1.04371,0.342203,2.23556,3.58289,0,-510.384,0,-536.348,0,-533.897,0,-541.525,26.1356,-42.6255,23.8879,-43.9246,24.1029,-43.807,23.4318,-44.1696,-22.8666,13.5629,11.6769,-7.94065,4.76247,2.42042,5.58519,-9.24623,37.6309,6.95294e-310,510.384,6.68183e-310,-298.814,1.4822e-323,91.0827,5.06782e-310,-347.944,26.1356,467.759,23.8879,-342.738,24.1029,47.2757,23.4318,-392.113,-73.4237,-47.2882,32.2803,56.1682,-18.1515,5.95135,38.8794,62.3112,
1.02191,1.0738,1.06195,1.08633,200,0,0,-4.22447,-2.72447,2.06598,3.43674,-1.82716,-0.426534,2.82179,4.16077,0,-510.953,0,-536.899,0,-530.973,0,-543.167,26.087,-42.6552,23.8394,-43.9509,24.3587,-43.6653,23.2866,-44.2463,-22.1792,13.2334,12.048,-8.4661,1.60095,5.06448,7.6163,-11.0413,38.611,6.95294e-310,510.953,6.68183e-310,-326.884,1.4822e-323,195.544,5.06782e-310,-426.317,26.087,468.298,23.8394,-370.835,24.3587,151.879,23.2866,-470.563,-73.4691,-47.3821,35.93,59.7694,-31.7767,-7.41798,49.0746,72.3612,
1.02348,1.07487,1.0564,1.08952,200,0,0,-4.22807,-2.73192,2.28112,3.64919,-2.63478,-1.22025,3.44187,4.77274,0,-511.738,0,-537.433,0,-528.199,0,-544.761,26.02,-42.6961,23.7925,-43.9763,24.6006,-43.5294,23.1455,-44.3203,-21.3478,12.793,12.2874,-8.89154,-1.48978,7.58286,9.53904,-12.7314,40.0015,6.95294e-310,511.738,6.68183e-310,-355.675,1.4822e-323,303.325,5.06782e-310,-509.273,26.02,469.042,23.7925,-399.651,24.6006,259.796,23.1455,-553.593,-73.5316,-47.5116,39.6716,63.4641,-45.8223,-21.2218,59.8587,83.0041,
1.02551,1.0759,1.0509,1.09254,200,0,0,-3.88719,-2.39605,2.25761,3.62307,-3.22946,-1.80118,3.72074,5.0439,0,-512.757,0,-537.948,0,-525.448,0,-546.271,25.933,-42.749,23.7472,-44.0008,24.8396,-43.3935,23.0115,-44.39,-20.3045,12.2271,12.3985,-9.24026,-4.6141,10.03,11.3895,-14.3276,38.1272,6.95294e-310,466.185,6.68183e-310,-352.306,1.4822e-323,382.415,5.06782e-310,-546.271,25.933,423.436,23.7472,-396.307,24.8396,339.021,23.0115,-590.661,-67.6034,-41.6704,39.2627,63.0099,-56.1645,-31.3249,64.7086,87.7201,
1.0274,1.07684,1.04556,1.09529,200,0,0,-3.42509,-1.93857,2.10568,3.46875,-3.56083,-2.11927,3.7349,5.05105,0,-513.698,0,-538.421,0,-522.782,0,-547.643,25.8525,-42.7978,23.7055,-44.0233,25.0707,-43.2604,22.8896,-44.453,-19.3015,11.6929,12.4962,-9.59248,-7.60901,12.3231,13.1338,-15.84,34.5734,6.95294e-310,404.262,6.68183e-310,-331.644,1.4822e-323,426.05,5.06782e-310,-547.643,25.8525,361.464,23.7055,-375.668,25.0707,382.79,22.8896,-592.096,-59.5668,-33.7143,36.6205,60.326,-61.9276,-36.8568,64.9547,87.8443,
1.02966,1.07771,1.04048,1.09773,200,0,0,-3.04093,-1.55999,1.9804,3.34129,-3.8308,-2.37661,3.74751,5.0574,0,-514.83,0,-538.853,0,-520.241,0,-548.866,25.7555,-42.8562,23.6675,-44.0437,25.2902,-43.1324,22.7809,-44.5088,-18.1214,11.0536,12.4632,-9.85321,-10.5138,14.4531,14.7337,-17.1908,31.9278,6.95294e-310,352.918,6.68183e-310,-314.592,1.4822e-323,461.458,5.06782e-310,-548.866,25.7555,310.062,23.6675,-358.636,25.2902,418.325,22.7809,-593.374,-52.8857,-27.1302,34.4418,58.1093,-66.6226,-41.3323,65.174,87.9549,
1.03236,1.0785,1.03575,1.09977,200,0,0,-2.71403,-1.23974,1.87792,3.2368,-4.05874,-2.59283,3.75802,5.0627,0,-516.179,0,-539.248,0,-517.874,0,-549.884,25.6398,-42.9255,23.6327,-44.0624,25.4941,-43.0122,22.6901,-44.5551,-16.7383,10.3074,12.2883,-10.0159,-13.2841,16.3676,16.1432,-18.3204,30.0148,6.95294e-310,309.375,6.68183e-310,-300.625,1.4822e-323,491.271,5.06782e-310,-549.884,25.6398,266.449,23.6327,-344.688,25.4941,448.258,22.6901,-594.439,-47.2005,-21.5606,32.6595,56.2922,-70.5868,-45.0927,65.3568,88.0469,
1.03538,1.07919,1.03193,1.10149,200,0,0,-2.43589,-0.969064,1.78499,3.14211,-4.24309,-2.76773,3.76692,5.06718,0,-517.689,0,-539.596,0,-515.963,0,-550.747,25.5101,-43.0027,23.6021,-44.0788,25.6584,-42.9144,22.6132,-44.5942,-15.2936,9.4872,11.9747,-10.0268,-15.6696,17.9454,17.2696,-19.1768,28.7194,6.95294e-310,272.467,6.68183e-310,-287.965,1.4822e-323,515.383,5.06782e-310,-550.747,25.5101,229.465,23.6021,-332.043,25.6584,472.469,22.6132,-595.341,-42.3634,-16.8533,31.0433,54.6453,-73.7929,-48.1345,65.5116,88.1248,
1.03871,1.07978,1.02772,1.10275,200,0,0,-2.08346,-0.624875,1.60982,2.96546,-4.23777,-2.75205,3.57948,4.87652,0,-519.354,0,-539.889,0,-513.86,0,-551.376,25.3667,-43.0875,23.5762,-44.0927,25.8386,-42.8061,22.5571,-44.6226,-13.568,8.55775,11.5635,-10.0233,-18.1982,19.4919,18.3482,-19.9235,26.3627,6.95294e-310,225.606,6.68183e-310,-264.241,1.4822e-323,513.86,5.06782e-310,-525.238,25.3667,182.518,23.5762,-308.334,25.8386,471.054,22.5571,-569.861,-36.2341,-10.8674,27.997,51.5731,-73.7004,-47.8618,62.2519,84.809,
1.04215,1.08023,1.02444,1.10369,200,0,0,-1.79999,-0.349937,1.46568,2.82015,-4.23026,-2.73646,3.43109,4.72572,0,-521.074,0,-540.117,0,-512.218,0,-551.844,25.2183,-43.1745,23.5561,-44.1034,25.9791,-42.7211,22.5154,-44.6437,-11.8627,7.60006,11.0555,-9.88998,-20.2954,20.7001,19.1452,-20.4106,24.7447,6.95294e-310,188.061,6.68183e-310,-244.724,1.4822e-323,512.218,5.06782e-310,-505.054,25.2183,144.886,23.5561,-288.828,25.9791,469.497,22.5154,-549.698,-31.3042,-6.08587,25.4901,49.0461,-73.5698,-47.5907,59.6711,82.1864,
1.04577,1.08065,1.0214,1.10442,200,0,0,-1.54637,-0.105314,1.33902,2.69243,-4.22332,-2.72208,3.29881,4.59157,0,-522.884,0,-540.327,0,-510.702,0,-552.209,25.0619,-43.2655,23.5376,-44.1133,26.1085,-42.6421,22.4827,-44.6601,-10.0787,6.59293,10.4836,-9.70639,-22.2868,21.7825,19.8288,-20.7751,23.4456,6.95294e-310,154.575,6.68183e-310,-227.572,1.4822e-323,510.702,5.06782e-310,-487.083,25.0619,111.309,23.5376,-271.685,26.1085,468.06,22.4827,-531.743,-26.8934,-1.83155,23.2873,46.8249,-73.449,-47.3406,57.3707,79.8534,
1.04996,1.08099,1.01877,1.10493,200,0,0,-1.29482,0.135788,1.21172,2.56428,-4.21728,-2.70958,3.17157,4.463,0,-524.981,0,-540.495,0,-509.383,0,-552.467,24.8802,-43.3702,23.5228,-44.1212,26.2208,-42.5731,22.4597,-44.6717,-8.06279,5.4172,9.74828,-9.38019,-24.1623,22.7153,20.3498,-20.9515,22.4247,6.95294e-310,121.479,6.68183e-310,-210.348,1.4822e-323,509.383,5.06782e-310,-469.832,24.8802,78.1089,23.5228,-254.469,26.2208,466.81,22.4597,-514.504,-22.5187,2.36153,21.0733,44.5961,-73.344,-47.1232,55.1577,77.6174,
1.05341,1.08123,1.01656,1.10516,200,0,0,-1.10289,0.319102,1.11889,2.47085,-4.21223,-2.69914,3.07234,4.36318,0,-526.707,0,-540.614,0,-508.281,0,-552.581,24.7304,-43.4558,23.5122,-44.1268,26.3146,-42.5152,22.4495,-44.6768,-6.35842,4.4385,9.12801,-9.11847,-25.6945,23.4326,20.7334,-21.0414,21.6912,6.95294e-310,96.2765,6.68183e-310,-197.791,1.4822e-323,508.281,5.06782e-310,-456.413,24.7304,52.8207,23.5122,-241.917,26.3146,465.766,22.4495,-501.089,-19.1808,5.54961,19.459,42.9713,-73.2561,-46.9415,53.432,75.8815,
1.05724,1.08142,1.01464,1.10508,200,0,0,-0.909791,0.502643,1.02813,2.3796,-4.20783,-2.69006,2.97114,4.26221,0,-528.618,0,-540.71,0,-507.322,0,-552.539,24.5641,-43.5501,23.5038,-44.1313,26.3961,-42.4646,22.4533,-44.6749,-4.47656,3.35801,8.3995,-8.77578,-27.1202,23.9982,20.9634,-20.9456,21.14,6.95294e-310,70.9883,6.68183e-310,-185.52,1.4822e-323,507.322,5.06782e-310,-442.79,24.5641,27.4382,23.5038,-229.651,26.3961,464.858,22.4533,-487.465,-15.8224,8.74161,17.8806,41.3843,-73.1797,-46.7836,51.6721,74.1253,
1.06132,1.08153,1.01303,1.10478,200,0,0,-0.713792,0.688396,0.936056,2.28725,-4.20412,-2.6824,2.87001,4.16184,0,-530.662,0,-540.764,0,-506.513,0,-552.389,24.3859,-43.6501,23.499,-44.1339,26.4648,-42.4219,22.4666,-44.6682,-2.47747,2.18844,7.57958,-8.35056,-28.423,24.4364,21.0612,-20.7073,20.7278,6.95294e-310,45.3615,6.68183e-310,-173.089,1.4822e-323,506.513,5.06782e-310,-429.217,24.3859,1.71143,23.499,-217.223,26.4648,464.091,22.4666,-473.885,-12.4138,11.9721,16.2792,39.7782,-73.1151,-46.6504,49.9132,72.3798,
1.06462,1.08165,1.01171,1.10433,200,0,0,-0.562915,0.830994,0.871345,2.22223,-4.2011,-2.67616,2.78784,4.08081,0,-532.309,0,-540.824,0,-505.854,0,-552.167,24.2419,-43.7302,23.4937,-44.1367,26.5207,-42.387,22.4865,-44.6583,-0.828209,1.25478,6.9203,-8.03519,-29.464,24.7325,21.0916,-20.4483,20.453,6.95294e-310,25.664,6.68183e-310,-164.344,1.4822e-323,505.854,5.06782e-310,-418.229,24.2419,-18.0662,23.4937,-208.48,26.5207,463.467,22.4865,-462.887,-9.78983,14.4521,15.1538,38.6475,-73.0625,-46.5419,48.4842,70.9706,
1.06866,1.08174,1.01064,1.1035,200,0,0,-0.384457,0.999282,0.797317,2.14796,-4.19865,-2.67111,2.68915,3.98427,0,-534.329,0,-540.872,0,-505.321,0,-551.748,24.065,-43.8278,23.4895,-44.1389,26.5659,-42.3586,22.5239,-44.6394,1.17565,0.117852,6.07849,-7.59846,-30.4671,24.8768,20.9384,-19.9425,20.313,6.95294e-310,2.39392,6.68183e-310,-154.347,1.4822e-323,505.321,5.06782e-310,-405.091,24.065,-41.4339,23.4895,-198.486,26.5659,462.962,22.5239,-449.73,-6.68621,17.3788,13.8664,37.3558,-73.02,-46.4541,46.7678,69.2917,
1.07225,1.08178,1.00985,1.10229,200,0,0,-0.227099,1.14757,0.739865,2.09042,-4.19683,-2.66737,2.59503,3.89326,0,-536.126,0,-540.89,0,-504.925,0,-551.143,23.9074,-43.914,23.4879,-44.1398,26.5994,-42.3376,22.5779,-44.6121,3.02751,-0.891221,5.30225,-7.21105,-31.2325,24.8371,20.654,-19.314,20.3295,6.95294e-310,-18.118,6.68183e-310,-146.597,1.4822e-323,504.925,5.06782e-310,-392.643,23.9074,-62.032,23.4879,-190.737,26.5994,462.588,22.5779,-437.255,-3.94954,19.9578,12.8672,36.3551,-72.9884,-46.3891,45.131,67.7089,
1.07548,1.08179,1.0093,1.10064,200,0,0,-0.0859633,1.28056,0.699077,2.0496,-4.19557,-2.66476,2.50033,3.80277,0,-537.738,0,-540.896,0,-504.65,0,-550.322,23.7657,-43.9908,23.4874,-44.1401,26.6227,-42.323,22.6511,-44.5749,4.77128,-1.78048,4.58373,-6.87996,-31.7862,24.607,20.2309,-18.5387,20.5084,6.95294e-310,-36.5147,6.68183e-310,-141.097,1.4822e-323,504.65,5.06782e-310,-380.199,23.7657,-80.5056,23.4874,-185.237,26.6227,462.327,22.6511,-424.774,-1.49501,22.2706,12.1579,35.6452,-72.9664,-46.3437,43.484,66.1351,
1.07928,1.08176,1.00893,1.09875,200,0,0,0.0874142,1.44432,0.645777,1.99639,-4.19472,-2.66301,2.38905,3.69634,0,-539.638,0,-540.878,0,-504.464,0,-549.375,23.5984,-44.0808,23.4889,-44.1392,26.6384,-42.3131,22.7355,-44.532,6.78462,-2.84686,3.71838,-6.44606,-32.3205,24.2817,19.6759,-17.5963,20.7755,6.95294e-310,-59.1448,6.68183e-310,-133.92,1.4822e-323,504.464,5.06782e-310,-365.571,23.5984,-103.226,23.4889,-178.059,26.6384,462.151,22.7355,-410.103,1.52025,25.1186,11.2309,34.7198,-72.9516,-46.3132,41.5487,64.2842,
1.08242,1.08171,1.00878,1.09659,200,0,0,0.236617,1.58556,0.612098,1.96283,-4.19439,-2.66233,2.28188,3.59469,0,-541.208,0,-540.854,0,-504.392,0,-548.296,23.4598,-44.1547,23.4911,-44.1381,26.6445,-42.3092,22.8315,-44.4828,8.53624,-3.71205,2.9804,-6.10729,-32.6241,23.8076,19.0386,-16.5932,21.1861,6.95294e-310,-78.6441,6.68183e-310,-129.39,1.4822e-323,504.392,5.06782e-310,-351.547,23.4598,-122.799,23.4911,-173.528,26.6445,462.083,22.8315,-396.029,4.11509,27.5749,10.6452,34.1362,-72.9458,-46.3013,39.6848,62.5163,
1.08607,1.08164,1.0089,1.09422,200,0,0,0.420897,1.76055,0.566182,1.9171,-4.19466,-2.66289,2.15603,3.47491,0,-543.035,0,-540.818,0,-504.452,0,-547.11,23.2983,-44.2401,23.4942,-44.1364,26.6394,-42.3124,22.937,-44.4285,10.511,-4.73173,2.11285,-5.67304,-32.8735,23.2258,18.2615,-15.4262,21.7194,6.95294e-310,-102.77,6.68183e-310,-123.215,1.4822e-323,504.452,5.06782e-310,-335.048,23.2983,-147.011,23.4942,-167.352,26.6394,462.14,22.937,-379.476,7.31995,30.6182,9.84664,33.3409,-72.9506,-46.3112,37.4962,60.4332,
1.0894,1.08158,1.0093,1.09158,200,0,0,0.60225,1.93342,0.53177,1.88284,-4.19557,-2.66476,2.02294,3.34855,0,-544.701,0,-540.788,0,-504.65,0,-545.792,23.1508,-44.3175,23.4969,-44.135,26.6227,-42.323,23.0541,-44.3679,12.3561,-5.64113,1.30468,-5.28564,-32.931,22.4928,17.3753,-14.1569,22.436,6.95294e-310,-126.565,6.68183e-310,-118.589,1.4822e-323,504.65,5.06782e-310,-317.624,23.1508,-170.882,23.4969,-162.724,26.6227,462.327,23.0541,-361.991,10.4739,33.6247,9.24817,32.745,-72.9664,-46.3437,35.1815,58.2356,
1.09267,1.08148,1.01009,1.08878,200,0,0,0.800341,2.12317,0.496124,1.84744,-4.19738,-2.66851,1.8769,3.20966,0,-546.337,0,-540.74,0,-505.045,0,-544.389,23.0057,-44.393,23.5011,-44.1327,26.5892,-42.344,23.1784,-44.3031,14.1528,-6.53262,0.486443,-4.87094,-32.7917,21.6167,16.362,-12.7757,23.3636,6.95294e-310,-152.626,6.68183e-310,-113.803,1.4822e-323,505.045,5.06782e-310,-298.486,23.0057,-197.019,23.5011,-157.936,26.5892,462.701,23.1784,-342.789,13.919,36.9246,8.62825,32.1294,-72.998,-46.4088,32.6417,55.8201,
1.09575,1.0814,1.01135,1.08583,200,0,0,1.0122,2.32715,0.463914,1.81544,-4.20027,-2.67446,1.7161,3.05636,0,-547.877,0,-540.698,0,-505.674,0,-542.915,22.8688,-44.4637,23.5048,-44.1308,26.5359,-42.3774,23.3089,-44.2345,15.8255,-7.34912,-0.303206,-4.45546,-32.4163,20.5796,15.2204,-11.289,24.5716,6.95294e-310,-180.58,6.68183e-310,-109.478,1.4822e-323,505.674,5.06782e-310,-277.388,22.8688,-225.043,23.5048,-153.609,26.5359,463.297,23.3089,-321.623,17.6034,40.4723,8.06807,31.5729,-73.0482,-46.5123,29.8452,53.1541,
1.09874,1.0813,1.01309,1.0824,200,0,0,1.25773,2.56505,0.438601,1.79037,-4.20426,-2.68268,1.51912,2.86809,0,-549.369,0,-540.65,0,-506.543,0,-541.202,22.736,-44.5317,23.509,-44.1285,26.4622,-42.4235,23.4604,-44.1544,17.4748,-8.11376,-1.10001,-4.03934,-31.7744,19.2874,13.8617,-9.57648,26.2629,6.95294e-310,-213.09,6.68183e-310,-106.085,1.4822e-323,506.543,5.06782e-310,-251.506,22.736,-257.622,23.509,-150.213,26.4622,464.12,23.4604,-295.66,21.8736,44.6096,7.62784,31.1369,-73.1175,-46.6553,26.4195,49.8799,
1.10129,1.0812,1.01515,1.07959,200,0,0,1.5061,2.80688,0.404925,1.75694,-4.20899,-2.69244,1.32863,2.68475,0,-550.645,0,-540.602,0,-507.574,0,-539.793,22.6223,-44.5896,23.5133,-44.1263,26.3747,-42.4779,23.5846,-44.0882,18.7822,-8.76145,-1.79883,-3.6163,-31.0009,18.0726,12.5978,-8.06042,28.0852,6.95294e-310,-246.067,6.68183e-310,-101.565,1.4822e-323,507.574,5.06782e-310,-226.379,22.6223,-290.657,23.5133,-145.691,26.3747,465.096,23.5846,-270.467,26.193,48.8153,7.04218,30.5555,-73.1997,-46.825,23.1066,46.6913,
1.10433,1.08111,1.01784,1.07626,200,0,0,1.85644,3.14941,0.356806,1.70906,-4.21517,-2.70521,1.06334,2.42789,0,-552.167,0,-540.554,0,-508.922,0,-538.128,22.4865,-44.6583,23.5175,-44.124,26.2601,-42.5489,23.7314,-44.0093,20.2983,-9.52925,-2.63695,-3.09611,-29.9918,16.5691,11.0375,-6.22717,30.7152,6.95294e-310,-292.693,6.68183e-310,-95.0976,1.4822e-323,508.922,5.06782e-310,-191.269,22.4865,-337.351,23.5175,-139.222,26.2601,466.373,23.7314,-235.278,32.286,54.7724,6.20533,29.7228,-73.3072,-47.0471,18.4928,42.2242,
1.10693,1.08101,1.02024,1.07249,200,0,0,2.25325,3.53954,0.334111,1.68661,-4.22066,-2.71657,0.736,2.11007,0,-553.467,0,-540.507,0,-510.121,0,-536.246,22.3702,-44.7166,23.5217,-44.1217,26.158,-42.6117,23.8968,-43.9197,21.7408,-10.1653,-3.3851,-2.7072,-28.9953,15.0015,9.45625,-4.34883,34.0047,6.95294e-310,-345.667,6.68183e-310,-92.0573,1.4822e-323,510.121,5.06782e-310,-147.881,22.3702,-390.384,23.5217,-136.179,26.158,467.509,23.8968,-191.8,39.187,61.5572,5.81063,29.3324,-73.4027,-47.2447,12.8,36.6968,
1.10909,1.08091,1.02325,1.06928,200,0,0,2.70821,3.98895,0.29683,1.6496,-4.22755,-2.73084,0.370716,1.75289,0,-554.546,0,-540.453,0,-511.625,0,-534.64,22.2737,-44.7647,23.5265,-44.1192,26.0297,-42.6902,24.0378,-43.8427,22.8056,-10.6629,-4.04695,-2.28313,-27.7354,13.4182,7.89683,-2.60351,38.1291,6.95294e-310,-406.565,6.68183e-310,-87.0535,1.4822e-323,511.625,5.06782e-310,-99.2696,22.2737,-451.33,23.5265,-131.173,26.0297,468.934,24.0378,-143.112,47.0993,69.373,5.16227,28.6888,-73.5225,-47.4928,6.44723,30.485,
1.11161,1.08082,1.02651,1.06531,200,0,0,3.39779,4.67205,0.259122,1.61211,-4.235,-2.7463,-0.193338,1.19882,0,-555.804,0,-540.411,0,-513.254,0,-532.657,22.161,-44.8206,23.5302,-44.1172,25.8904,-42.7748,24.2115,-43.747,24.1138,-11.2437,-4.81296,-1.84732,-26.3619,11.5645,6.06878,-0.541075,44.3818,6.95294e-310,-499.017,6.68183e-310,-81.9874,1.4822e-323,513.254,5.06782e-310,-24.0139,22.161,-543.837,23.5302,-126.105,25.8904,470.48,24.2115,-67.7609,59.0921,81.2531,4.50647,28.0367,-73.6523,-47.7618,-3.3624,20.8491,
1.11377,1.08071,1.03018,1.06204,200,0,0,3.83026,5.09895,0.133326,1.48659,-3.87004,-2.39037,-0.838833,0.56155,0,-556.883,0,-540.357,0,-515.088,0,-531.021,22.0643,-44.8683,23.5349,-44.1147,25.7334,-42.8695,24.3545,-43.6676,25.0846,-11.7249,-5.50737,-1.36967,-24.8358,9.78543,4.33501,1.31284,47.4957,6.95294e-310,-556.883,6.68183e-310,-65.0533,1.4822e-323,464.766,5.06782e-310,62.3541,22.0643,-601.751,23.5349,-109.168,25.7334,421.897,24.3545,18.6865,66.6132,88.6775,2.31872,25.8537,-67.305,-41.5716,-14.5884,9.76608,
1.11558,1.08063,1.03402,1.05822,200,0,0,3.8396,5.10363,-0.0143912,1.33908,-3.08491,-1.61473,-1.52539,-0.115419,0,-557.788,0,-540.315,0,-517.011,0,-529.11,21.983,-44.9082,23.5387,-44.1127,25.5683,-42.9682,24.5212,-43.5742,25.9682,-12.0702,-6.14679,-0.977236,-23.133,7.78336,2.44384,3.33573,46.2118,6.95294e-310,-557.788,6.68183e-310,-45.1599,1.4822e-323,359.683,5.06782e-310,154.15,21.983,-602.696,23.5387,-89.2726,25.5683,316.715,24.5212,110.576,66.7757,88.7587,-0.250281,23.2884,-53.6506,-28.0823,-26.5285,-2.00728,
1.11753,1.08056,1.03818,1.05435,200,0,0,3.84969,5.10867,-0.168182,1.18547,-2.30241,-0.842518,-2.19408,-0.774421,0,-558.765,0,-540.279,0,-519.091,0,-527.174,21.8953,-44.9511,23.5418,-44.111,25.3894,-43.0741,24.6897,-43.4789,26.8684,-12.45,-6.83441,-0.544679,-21.3309,5.68208,0.45314,5.42618,44.8806,6.95294e-310,-558.765,6.68183e-310,-24.4455,1.4822e-323,255.015,5.06782e-310,243.53,21.8953,-603.716,23.5418,-68.5565,25.3894,211.941,24.6897,200.051,66.9512,88.8464,-2.92491,20.6169,-40.0419,-14.6525,-38.1579,-13.4682,
1.11899,1.08049,1.04262,1.05041,200,0,0,3.85724,5.11244,-0.295136,1.0587,-1.53819,-0.089293,-2.86015,-1.43065,0,-559.496,0,-540.243,0,-521.308,0,-525.203,21.8295,-44.983,23.545,-44.1093,25.1981,-43.1863,24.861,-43.3812,27.5217,-12.6611,-7.43512,-0.16629,-19.3351,3.45924,-1.59037,7.52531,44.1901,6.95294e-310,-559.496,6.68183e-310,-7.34836,1.4822e-323,152.864,5.06782e-310,332.544,21.8295,-604.479,23.545,-51.4577,25.1981,109.678,24.861,289.163,67.0825,88.912,-5.13279,18.4122,-26.7511,-1.55292,-49.7418,-24.8808,
1.12021,1.08043,1.04735,1.04603,200,0,0,3.86356,5.11559,-0.403599,0.95039,-0.726634,0.710488,-3.57979,-2.13939,0,-560.107,0,-540.213,0,-523.675,0,-523.016,21.7745,-45.0097,23.5476,-44.1079,24.9934,-43.3051,25.0505,-43.2721,28.0912,-12.7726,-8.01306,0.165533,-17.1465,1.01233,-3.79872,9.77589,43.8522,6.95294e-310,-560.107,6.68183e-310,7.259,1.4822e-323,44.3931,5.06782e-310,428.695,21.7745,-605.116,23.5476,-36.8489,24.9934,1.08808,25.0505,385.423,67.1923,88.9668,-7.01912,16.5285,-12.6371,12.3563,-62.2572,-37.2067,
1.12109,1.08035,1.05221,1.04259,200,0,0,3.86807,5.11784,-0.522454,0.831718,0.0107254,1.43571,-4.20763,-2.75867,0,-560.544,0,-540.177,0,-526.107,0,-521.296,21.7351,-45.0287,23.5508,-44.1062,24.7824,-43.4262,25.1992,-43.1857,28.3258,-12.7903,-8.50917,0.53084,-14.9416,-1.23332,-5.78933,11.6975,43.8259,6.95294e-310,-560.544,6.68183e-310,23.2645,1.4822e-323,-54.0513,5.06782e-310,512.654,21.7351,-605.573,23.5508,-20.8417,24.7824,-97.4775,25.1992,469.468,67.2709,89.006,-9.08615,14.4647,0.186529,24.969,-73.1761,-47.9769,
1.12165,1.08031,1.05712,1.03859,200,0,0,3.26142,4.50973,-0.573612,0.780681,0.645902,2.05864,-4.26261,-2.80373,0,-560.826,0,-540.153,0,-528.558,0,-519.294,21.7098,-45.0409,23.5529,-44.1051,24.5693,-43.5471,25.3718,-43.0845,28.5045,-12.6892,-8.95883,0.799268,-12.6316,-3.67725,-7.91332,13.7662,37.7225,6.95294e-310,-478.667,6.68183e-310,30.1504,1.4822e-323,-138.715,5.06782e-310,519.294,21.7098,-523.708,23.5529,-13.9547,24.5693,-182.262,25.3718,476.21,56.7203,78.4301,-9.97586,13.5771,11.2331,35.8024,-74.1324,-48.7605,
1.12205,1.08028,1.06205,1.03532,200,0,0,2.80213,4.04942,-0.619304,0.73505,1.09026,2.49062,-4.25514,-2.78816,0,-561.024,0,-540.141,0,-531.027,0,-517.659,21.6919,-45.0495,23.554,-44.1045,24.354,-43.6679,25.5127,-43.0012,28.4731,-12.5398,-9.35901,1.09254,-10.3582,-5.94816,-9.85819,15.5785,33.2291,6.95294e-310,-416.686,6.68183e-310,36.3042,1.4822e-323,-197.652,5.06782e-310,517.659,21.6919,-461.735,23.554,-7.80032,24.354,-241.32,25.5127,474.657,48.7328,70.4247,-10.7705,12.7835,18.9611,43.3151,-74.0024,-48.4898,
1.12217,1.08031,1.06678,1.03268,200,0,0,2.46431,3.71129,-0.653435,0.700858,1.42228,2.81077,-4.24912,-2.77563,0,-561.083,0,-540.153,0,-533.388,0,-516.34,21.6866,-45.0521,23.5529,-44.1051,24.1475,-43.7824,25.6259,-42.9338,28.2394,-12.3075,-9.67044,1.35664,-8.19931,-8.0083,-11.5806,17.123,30.1548,6.95294e-310,-371.129,6.68183e-310,40.9092,1.4822e-323,-241.488,5.06782e-310,516.34,21.6866,-416.182,23.5529,-3.19593,24.1475,-285.271,25.6259,473.407,42.8576,64.5441,-11.3641,12.1888,24.7354,48.8829,-73.8977,-48.2717,
1.122,1.08037,1.07125,1.02979,200,0,0,2.16065,3.40806,-0.660872,0.693269,1.70222,3.07944,-4.24252,-2.7619,0,-561,0,-540.183,0,-535.623,0,-514.896,21.6941,-45.0485,23.5503,-44.1065,23.9515,-43.8899,25.7498,-42.8596,27.9517,-11.9791,-9.91453,1.52075,-6.08742,-10.0972,-13.2935,18.6777,27.5674,6.95294e-310,-330.234,6.68183e-310,41.9232,1.4822e-323,-278.353,5.06782e-310,514.896,21.6941,-375.282,23.5503,-2.18331,23.9515,-322.242,25.7498,472.037,37.5765,59.2706,-11.4934,12.0569,29.6039,53.5554,-73.7829,-48.033,
1.1215,1.08047,1.07545,1.0277,200,0,0,1.92204,3.17075,-0.666871,0.686996,1.92511,3.2917,-4.23772,-2.75194,0,-560.748,0,-540.237,0,-537.726,0,-513.848,21.7168,-45.0376,23.5455,-44.1091,23.7667,-43.9903,25.8397,-42.8055,27.4204,-11.552,-10.0469,1.65635,-4.10938,-11.9163,-14.7258,19.9078,25.8114,6.95294e-310,-298.172,6.68183e-310,42.7528,1.4822e-323,-307.577,5.06782e-310,513.848,21.7168,-343.21,23.5455,-1.35625,23.7667,-351.567,25.8397,471.042,33.4267,55.1435,-11.5978,11.9478,33.4802,57.2469,-73.6995,-47.8598,
1.12056,1.08064,1.07934,1.02595,200,0,0,1.70538,2.95652,-0.659402,0.69404,2.11628,3.47304,-4.23372,-2.74363,0,-560.281,0,-540.321,0,-539.668,0,-512.973,21.7589,-45.0172,23.5381,-44.113,23.5957,-44.0822,25.9145,-42.7602,26.6866,-10.9873,-10.0512,1.70548,-2.23673,-13.5769,-15.9669,20.9404,24.4968,6.95294e-310,-269.154,6.68183e-310,41.7787,1.4822e-323,-332.589,5.06782e-310,512.973,21.7589,-314.172,23.5381,-2.33428,23.5957,-376.671,25.9145,470.213,29.6588,51.4177,-11.4679,12.0703,36.8049,60.4006,-73.6298,-47.7153,
1.11924,1.08088,1.08329,1.02447,200,0,0,1.49338,2.74793,-0.645323,0.707511,2.29873,3.64544,-4.23034,-2.73664,0,-559.621,0,-540.441,0,-541.645,0,-512.236,21.8182,-44.9885,23.5275,-44.1186,23.4212,-44.1752,25.9775,-42.722,25.721,-10.2784,-9.95661,1.70401,-0.309336,-15.2107,-17.1267,21.8609,23.4316,6.95294e-310,-240.839,6.68183e-310,39.9277,1.4822e-323,-356.41,5.06782e-310,512.236,21.8182,-285.828,23.5275,-4.19094,23.4212,-400.585,25.9775,469.514,25.9719,47.7901,-11.223,12.3045,39.9778,63.399,-73.5712,-47.5937,
1.11771,1.08116,1.08631,1.02339,200,0,0,1.31382,2.57233,-0.618599,0.733536,2.43886,3.7779,-4.22787,-2.73152,0,-558.854,0,-540.578,0,-543.155,0,-511.696,21.8872,-44.955,23.5154,-44.1251,23.2877,-44.2457,26.0236,-42.6939,24.7374,-9.54093,-9.74946,1.59997,1.22699,-16.4798,-17.9611,22.5044,22.7376,6.95294e-310,-216.938,6.68183e-310,36.3794,1.4822e-323,-374.71,5.06782e-310,511.696,21.8872,-261.893,23.5154,-7.74573,23.2877,-418.956,26.0236,469.003,22.849,44.7362,-10.7582,12.7571,42.415,65.7027,-73.5282,-47.5047,
1.11622,1.0815,1.08985,1.02254,200,0,0,1.14037,2.40272,-0.601654,0.749599,2.58731,3.91735,-4.22593,-2.72748,0,-558.111,0,-540.752,0,-544.923,0,-511.271,21.954,-44.9224,23.5,-44.1333,23.1311,-44.3278,26.0599,-42.6718,23.6482,-8.7789,-9.56225,1.54714,2.93575,-17.8444,-18.8581,23.1538,22.0815,6.95294e-310,-193.851,6.68183e-310,34.1631,1.4822e-323,-394.03,5.06782e-310,511.271,21.954,-238.773,23.5,-9.9702,23.1311,-438.358,26.0599,468.599,19.8325,41.7865,-10.4635,13.0365,44.9967,68.1279,-73.4944,-47.4345,
1.11416,1.08189,1.09253,1.02199,200,0,0,0.966437,2.23411,-0.563451,0.786828,2.71285,4.03604,-4.22466,-2.72487,0,-557.081,0,-540.944,0,-546.265,0,-510.995,22.0465,-44.8771,23.4831,-44.1423,23.012,-44.3897,26.0834,-42.6574,22.3899,-7.86847,-9.18767,1.33997,4.3559,-18.9064,-19.4452,23.5391,21.7084,6.95294e-310,-170.812,6.68183e-310,29.0886,1.4822e-323,-410.427,5.06782e-310,510.995,22.0465,-215.689,23.4831,-15.0537,23.012,-454.817,26.0834,468.338,16.8076,38.8541,-9.79915,13.684,47.18,70.192,-73.4724,-47.389,
1.1122,1.08233,1.09526,1.0215,200,0,0,0.800937,2.07368,-0.526941,0.822213,2.83495,4.15116,-4.22354,-2.72254,0,-556.098,0,-541.166,0,-547.631,0,-510.75,22.1347,-44.8336,23.4635,-44.1527,22.8907,-44.4524,26.1044,-42.6446,21.1486,-6.97375,-8.82381,1.13601,5.76344,-19.9694,-20.0362,23.9225,21.3502,6.95294e-310,-148.891,6.68183e-310,24.2539,1.4822e-323,-426.35,5.06782e-310,510.75,22.1347,-193.724,23.4635,-19.8988,22.8907,-470.803,26.1044,468.105,13.9293,36.064,-9.16419,14.2994,49.3034,72.1941,-73.4529,-47.3485,
1.11012,1.08282,1.09772,1.02122,200,0,0,0.640757,1.91884,-0.485765,0.862141,2.94818,4.25811,-4.22291,-2.72123,0,-555.061,0,-541.411,0,-548.86,0,-510.612,22.2276,-44.7877,23.4419,-44.1642,22.7814,-44.5085,26.1161,-42.6374,19.8636,-6.05062,-8.4053,0.890712,7.04827,-20.9004,-20.503,24.1922,21.1065,6.95294e-310,-127.707,6.68183e-310,18.7998,1.4822e-323,-441.133,5.06782e-310,510.612,22.2276,-172.495,23.4419,-25.3645,22.7814,-485.641,26.1161,467.974,11.1436,33.3712,-8.44809,14.9938,51.2727,74.0541,-73.4419,-47.3257,
1.10795,1.08336,1.09997,1.02118,200,0,0,0.483367,1.76704,-0.440943,0.905594,3.05608,4.36024,-4.2228,-2.721,0,-553.977,0,-541.681,0,-549.986,0,-510.588,22.3247,-44.7393,23.418,-44.1769,22.681,-44.5597,26.1182,-42.6361,18.5269,-5.10017,-7.93798,0.613605,8.2376,-21.7155,-20.8598,24.3559,20.9637,6.95294e-310,-106.918,6.68183e-310,12.8634,1.4822e-323,-455.236,5.06782e-310,510.588,22.3247,-151.658,23.418,-31.3135,22.681,-499.796,26.1182,467.952,8.40639,30.7311,-7.66857,15.7495,53.1493,75.8303,-73.44,-47.3218,
1.10571,1.08395,1.10217,1.02137,200,0,0,0.326433,1.61586,-0.394727,0.950318,3.16377,4.46231,-4.22324,-2.72191,0,-552.856,0,-541.975,0,-551.083,0,-510.684,22.4249,-44.6892,23.3921,-44.1906,22.5833,-44.6094,26.11,-42.6411,17.1244,-4.12417,-7.43527,0.322862,9.38626,-22.4531,-21.1379,24.4319,20.9023,6.95294e-310,-86.2048,6.68183e-310,6.74856,1.4822e-323,-469.322,5.06782e-310,510.684,22.4249,-130.894,23.3921,-37.4421,22.5833,-513.931,26.11,468.043,5.6771,28.102,-6.86481,16.5273,55.022,77.6053,-73.4476,-47.3376,
1.10333,1.0846,1.10387,1.02185,200,0,0,0.168975,1.46453,-0.338512,1.00489,3.26136,4.55553,-4.22433,-2.72418,0,-551.664,0,-542.298,0,-551.933,0,-510.923,22.5314,-44.6356,23.3635,-44.2057,22.5073,-44.6477,26.0896,-42.6537,15.6855,-3.11811,-6.84976,-0.0334567,10.3219,-22.9704,-21.2221,24.3416,20.9898,6.95294e-310,-65.4484,6.68183e-310,-0.702247,1.4822e-323,-482.143,5.06782e-310,510.923,22.5314,-110.084,23.3635,-44.908,22.5073,-526.791,26.0896,468.27,2.93869,25.4701,-5.88716,17.4763,56.7193,79.2266,-73.4667,-47.3771,
1.10088,1.08526,1.10515,1.02275,200,0,0,0.0144301,1.31626,-0.278026,1.0637,3.35174,4.64262,-4.22639,-2.72845,0,-550.441,0,-542.628,0,-552.575,0,-511.373,22.6405,-44.5804,23.3343,-44.2211,22.4501,-44.6766,26.0512,-42.6771,14.2181,-2.12161,-6.21145,-0.410545,11.0596,-23.2443,-21.102,24.0581,21.2557,6.95294e-310,-45.0963,6.68183e-310,-8.72641,1.4822e-323,-494.073,5.06782e-310,511.373,22.6405,-89.6767,23.3343,-52.9475,22.4501,-538.75,26.0512,468.696,0.250959,22.8914,-4.83523,18.4991,58.2911,80.7411,-73.5025,-47.4513,
1.09835,1.08603,1.10637,1.02418,200,0,0,-0.149531,1.15877,-0.212494,1.12725,3.44795,4.73569,-4.22968,-2.73527,0,-549.177,0,-543.017,0,-553.186,0,-512.092,22.7531,-44.523,23.2999,-44.2393,22.3954,-44.704,25.9898,-42.7145,12.6253,-1.08253,-5.50768,-0.802173,11.7238,-23.3548,-20.8248,23.5985,21.7001,6.95294e-310,-23.4911,6.68183e-310,-17.4073,1.4822e-323,-506.802,5.06782e-310,512.092,22.7531,-68.0141,23.2999,-61.6466,22.3954,-551.506,25.9898,469.377,-2.60054,20.1526,-3.69555,19.6043,59.9644,82.3598,-73.5597,-47.5699,
1.09586,1.08671,1.1072,1.02609,200,0,0,-0.307643,1.00704,-0.148601,1.18943,3.54027,4.82588,-4.23405,-2.74431,0,-547.931,0,-543.353,0,-553.599,0,-513.045,22.864,-44.4661,23.2702,-44.2549,22.3584,-44.7225,25.9084,-42.764,11.0443,-0.119227,-4.80098,-1.15728,12.2024,-23.2047,-20.3461,22.9347,22.3698,6.95294e-310,-2.66708,6.68183e-310,-25.8882,1.4822e-323,-519.084,5.06782e-310,513.045,22.864,-47.1332,23.2702,-70.1431,22.3584,-563.806,25.9084,470.281,-5.35031,17.5137,-2.58437,20.6858,61.57,83.9284,-73.6356,-47.7272,
1.09334,1.08744,1.1078,1.02834,200,0,0,-0.476585,0.844527,-0.0756409,1.26053,3.63486,4.91892,-4.2392,-2.75501,0,-546.672,0,-543.718,0,-553.899,0,-514.171,22.9759,-44.4084,23.2378,-44.2719,22.3316,-44.7359,25.812,-42.8222,9.42625,0.844215,-4.05095,-1.53153,12.5525,-22.8877,-19.7277,22.1326,23.2314,6.95294e-310,19.6123,6.68183e-310,-35.5796,1.4822e-323,-531.714,5.06782e-310,514.171,22.9759,-24.7961,23.2378,-79.8515,22.3316,-576.45,25.812,471.349,-8.28843,14.6874,-1.31549,21.9223,63.2149,85.5465,-73.7252,-47.9132,
1.09086,1.0882,1.10816,1.03086,200,0,0,-0.65596,0.671483,0.0068895,1.34111,3.7308,5.01394,-4.24495,-2.76697,0,-545.432,0,-544.102,0,-554.079,0,-515.43,23.086,-44.3513,23.2039,-44.2897,22.3156,-44.7439,25.7041,-42.887,7.81421,1.78287,-3.27804,-1.91661,12.7694,-22.4201,-18.993,21.2201,24.2896,6.95294e-310,43.3052,6.68183e-310,-46.5538,1.4822e-323,-544.576,5.06782e-310,515.43,23.086,-1.04613,23.2039,-90.8436,22.3156,-589.32,25.7041,472.543,-11.408,11.678,0.119817,23.3237,64.8835,87.199,-73.8253,-48.1212,
1.08838,1.08895,1.10837,1.03366,200,0,0,-0.845704,0.488061,0.0937286,1.42606,3.80242,5.08501,-4.22166,-2.75059,0,-544.192,0,-544.473,0,-554.187,0,-516.832,23.1959,-44.2939,23.171,-44.307,22.3059,-44.7487,25.5837,-42.959,6.17816,2.69343,-2.49479,-2.28851,12.9069,-21.8238,-18.157,20.1952,25.3936,6.95294e-310,68.3959,6.68183e-310,-58.1135,1.4822e-323,-554.187,5.06782e-310,512.828,23.1959,24.102,23.171,-102.42,22.3059,-598.935,25.5837,469.869,-14.7079,8.48801,1.63006,24.801,66.129,88.4349,-73.4202,-47.8364,
1.0859,1.0897,1.10833,1.03665,200,0,0,-1.04014,0.299941,0.185807,1.51621,3.80217,5.08488,-4.13095,-2.66726,0,-542.951,0,-544.851,0,-554.163,0,-518.324,23.3057,-44.2362,23.1375,-44.3244,22.3081,-44.7476,25.4554,-43.0351,4.5515,3.58256,-1.68772,-2.67884,12.9161,-21.0938,-17.2199,19.0768,26.2714,6.95294e-310,94.119,6.68183e-310,-70.3768,1.4822e-323,-554.163,5.06782e-310,501.175,23.3057,49.8828,23.1375,-114.701,22.3081,-598.91,25.4554,458.14,-18.0893,5.21637,3.23142,26.3689,66.1247,88.4328,-71.8426,-46.3872,
1.08341,1.09056,1.10797,1.0399,200,0,0,-1.25662,0.0897929,0.299565,1.62777,3.80031,5.08395,-4.03827,-2.58263,0,-541.705,0,-545.282,0,-553.983,0,-519.948,23.4159,-44.178,23.0992,-44.3444,22.3241,-44.7396,25.3155,-43.1176,2.9135,4.47696,-0.825467,-3.1183,12.754,-20.1947,-16.1476,17.8371,27.4321,6.95294e-310,122.812,6.68183e-310,-85.5413,1.4822e-323,-553.983,5.06782e-310,489.308,23.4159,78.6341,23.0992,-129.886,22.3241,-598.722,25.3155,446.191,-21.8543,1.56162,5.20983,28.3091,66.0924,88.4166,-70.2308,-44.9152,
1.081,1.09125,1.10729,1.04333,200,0,0,-1.47961,-0.127076,0.418817,1.74528,3.79685,5.08222,-3.94262,-2.49551,0,-540.501,0,-545.624,0,-553.647,0,-521.667,23.5223,-44.1215,23.0689,-44.3602,22.3542,-44.7246,25.1671,-43.2044,1.34387,5.26649,-0.00158416,-3.50694,12.4622,-19.1327,-14.9706,16.4867,28.9372,6.95294e-310,152.398,6.68183e-310,-101.481,1.4822e-323,-553.647,5.06782e-310,477.078,23.5223,108.276,23.0689,-145.841,22.3542,-598.372,25.1671,433.874,-25.7323,-2.21001,7.28377,30.3527,66.0322,88.3864,-68.5673,-43.4002,
1.07833,1.0921,1.10616,1.04705,200,0,0,-1.76399,-0.40468,0.590101,1.91439,3.79098,5.07927,-3.83574,-2.39787,0,-539.164,0,-546.049,0,-553.078,0,-523.525,23.6401,-44.0584,23.0312,-44.3798,22.4051,-44.6991,25.0064,-43.2976,-0.329593,6.14365,0.955604,-4.01813,11.9584,-17.8642,-13.6068,14.9673,30.9601,6.95294e-310,190.208,6.68183e-310,-124.401,1.4822e-323,-553.078,5.06782e-310,463.389,23.6401,146.149,23.0312,-168.781,22.4051,-597.777,25.0064,420.092,-30.678,-7.03792,10.2626,33.2938,65.93,88.3351,-66.7086,-41.7022,
1.07612,1.09276,1.10445,1.05086,200,0,0,-2.05643,-0.691545,0.781346,2.10396,3.78219,5.07486,-3.73807,-2.3097,0,-538.062,0,-546.379,0,-552.227,0,-525.43,23.7372,-44.0062,23.0019,-44.3949,22.4811,-44.6609,24.8412,-43.3926,-1.71183,6.79258,1.80116,-4.44694,11.1663,-16.3661,-12.1299,13.3649,33.7421,6.95294e-310,229.196,6.68183e-310,-150.049,1.4822e-323,-552.227,5.06782e-310,450.96,23.7372,185.19,23.0019,-194.444,22.4811,-596.888,24.8412,407.567,-35.7641,-12.0269,13.5886,36.5906,65.7773,88.2584,-65.0099,-40.1687,
1.07379,1.09346,1.10237,1.05501,200,0,0,-2.43924,-1.06844,1.04366,2.36446,3.77143,5.06945,-3.61797,-2.19996,0,-536.893,0,-546.732,0,-551.184,0,-527.504,23.84,-43.9506,22.9705,-44.4112,22.5742,-44.614,24.6611,-43.4952,-3.15517,7.4574,2.71647,-4.92837,10.1901,-14.6623,-10.4821,11.5869,37.5918,6.95294e-310,280.337,6.68183e-310,-185.267,1.4822e-323,-551.184,5.06782e-310,435.574,23.84,236.387,22.9705,-229.678,22.5742,-595.798,24.6611,392.078,-42.4215,-18.5815,18.1506,41.1211,65.5901,88.1643,-62.9213,-38.2602,
1.07145,1.09415,1.09998,1.05924,200,0,0,-2.93275,-1.55605,1.39536,2.71442,3.75913,5.06326,-3.47164,-2.06422,0,-535.725,0,-547.074,0,-549.992,0,-529.619,23.9426,-43.8948,22.9402,-44.4269,22.6805,-44.56,24.4768,-43.5991,-4.56761,8.0895,3.64246,-5.43043,9.07615,-12.844,-8.75553,9.73047,42.821,6.95294e-310,346.401,6.68183e-310,-232.536,1.4822e-323,-549.992,5.06782e-310,416.668,23.9426,302.506,22.9402,-276.963,22.6805,-594.552,24.4768,373.069,-51.0043,-27.0617,24.2671,47.2073,65.3761,88.0566,-60.3764,-35.8995,
1.06921,1.09479,1.09728,1.06362,200,0,0,-3.60396,-2.22161,1.89018,3.20759,3.74516,5.05622,-3.28334,-1.88693,0,-534.604,0,-547.397,0,-548.638,0,-531.812,24.0409,-43.841,22.9114,-44.4417,22.8011,-44.4984,24.2854,-43.7061,-5.91566,8.65479,4.55795,-5.93144,7.79454,-10.8799,-6.93288,7.77635,50.4269,6.95294e-310,436.434,6.68183e-310,-299.104,1.4822e-323,-548.638,5.06782e-310,392.137,24.0409,392.593,22.9114,-343.546,22.8011,-593.136,24.2854,348.431,-62.6776,-38.6367,32.8728,55.7842,65.1331,87.9343,-57.1015,-32.8162,
1.06708,1.09547,1.09428,1.06815,200,0,0,-4.32748,-2.93975,2.45513,3.77083,3.46428,4.783,-2.84428,-1.45927,0,-533.538,0,-547.733,0,-547.14,0,-534.077,24.1344,-43.7896,22.8816,-44.4571,22.9343,-44.4299,24.0871,-43.8156,-7.20482,9.16919,5.47141,-6.44665,6.34725,-8.78814,-5.02514,5.73721,58.1881,6.95294e-310,533.538,6.68183e-310,-375.118,1.4822e-323,-511.365,5.06782e-310,333.838,24.1344,489.748,22.8816,-419.576,22.9343,-555.795,24.0871,290.022,-75.2605,-51.1261,42.698,65.5796,60.2483,83.1827,-49.4658,-25.3786,
1.06486,1.09603,1.0911,1.07343,200,0,0,-4.32244,-2.92913,2.50795,3.8222,2.30456,3.63139,-1.75826,-0.386555,0,-532.429,0,-548.015,0,-545.552,0,-536.714,24.2314,-43.736,22.8566,-44.47,23.0753,-44.3568,23.8558,-43.942,-8.62773,9.62989,6.39972,-6.91142,4.77972,-6.43299,-2.90207,3.40905,55.2892,6.95294e-310,532.429,6.68183e-310,-382.127,1.4822e-323,-355.675,5.06782e-310,188.484,24.2314,488.693,22.8566,-426.597,23.0753,-400.032,23.8558,144.542,-75.1729,-50.9415,43.6165,66.4731,40.0794,63.1547,-30.5784,-6.72269,
1.06294,1.09648,1.08774,1.07781,200,0,0,-4.31808,-2.91996,2.587,3.90009,1.34449,2.67991,-0.884661,0.47595,0,-531.47,0,-548.242,0,-543.868,0,-538.907,24.3152,-43.6895,22.8363,-44.4804,23.2246,-44.2789,23.6628,-44.0463,-9.73262,9.99088,7.21896,-7.38206,3.16923,-4.26597,-0.983966,1.34579,53.1955,6.95294e-310,531.47,6.68183e-310,-392.693,1.4822e-323,-226.931,5.06782e-310,71.5898,24.3152,487.781,22.8363,-437.173,23.2246,-271.21,23.6628,27.5436,-75.0971,-50.7819,44.9913,67.8276,23.3825,46.6071,-15.3854,8.27738,
1.06138,1.09698,1.08412,1.08275,200,0,0,-4.31454,-2.9125,2.67859,3.99042,0.37217,1.71679,0.00240111,1.35049,0,-530.691,0,-548.488,0,-542.058,0,-541.375,24.3833,-43.6515,22.8145,-44.4916,23.3847,-44.1945,23.445,-44.1625,-10.7516,10.2208,7.99085,-7.7989,1.328,-1.86012,1.09927,-0.905391,51.9229,6.95294e-310,530.691,6.68183e-310,-404.942,1.4822e-323,-96.5831,5.06782e-310,-47.0105,24.3833,487.04,22.8145,-449.433,23.3847,-140.778,23.445,-91.1731,-75.0355,-50.6522,46.5842,69.3986,6.47252,29.8572,0.0417585,23.4868,
1.05971,1.0973,1.08067,1.08782,200,0,0,-4.31073,-2.90448,2.75205,4.06305,-0.548477,0.804905,0.870461,2.20566,0,-529.853,0,-548.65,0,-540.333,0,-543.91,24.4565,-43.6106,22.8001,-44.499,23.5371,-44.1136,23.2209,-44.2808,-11.864,10.4262,8.73424,-8.16182,-0.418357,0.527998,3.16952,-3.20788,50.8195,6.95294e-310,529.853,6.68183e-310,-414.779,1.4822e-323,26.8326,5.06782e-310,-163.023,24.4565,486.242,22.8001,-459.278,23.5371,-17.281,23.2209,-207.304,-74.9691,-50.5127,47.8617,70.6617,-9.53873,13.9983,15.1384,38.3593,
1.05866,1.09754,1.07596,1.09324,200,0,0,-4.30835,-2.89949,2.89823,4.20862,-1.64501,-0.2797,1.85775,3.17913,0,-529.331,0,-548.77,0,-537.978,0,-546.618,24.5019,-43.585,22.7894,-44.5044,23.7446,-44.0022,22.9807,-44.406,-12.5692,10.359,9.38647,-8.50189,-2.83309,3.39953,5.55459,-5.77385,51.0986,6.95294e-310,529.331,6.68183e-310,-434.435,1.4822e-323,173.711,5.06782e-310,-295.036,24.5019,485.746,22.7894,-478.939,23.7446,129.709,22.9807,-339.442,-74.9279,-50.426,50.4039,73.1933,-28.6089,-4.86434,32.3086,55.2893,
1.05782,1.09758,1.07127,1.09889,200,0,0,-4.30645,-2.89548,3.04865,4.35895,-2.80988,-1.43272,2.93124,4.23817,0,-528.912,0,-548.788,0,-535.635,0,-549.447,24.5385,-43.5645,22.7878,-44.5052,23.9505,-43.8905,22.7291,-44.5352,-13.2261,10.1574,9.9389,-8.73227,-5.27263,6.33369,7.96621,-8.42343,52.0715,6.95294e-310,528.912,6.68183e-310,-454.703,1.4822e-323,329.805,5.06782e-310,-438.621,24.5385,485.347,22.7878,-499.208,23.9505,285.914,22.7291,-483.156,-74.8947,-50.3562,53.02,75.8078,-48.8674,-24.9169,50.9782,73.7073,
1.05712,1.09743,1.06679,1.1043,200,0,0,-4.07084,-2.6581,2.99238,4.30305,-3.77946,-2.39101,3.78139,5.07445,0,-528.558,0,-548.716,0,-533.394,0,-552.149,24.5693,-43.5471,22.7942,-44.502,24.147,-43.7827,22.4881,-44.6574,-13.8064,9.87799,10.3927,-8.8868,-7.60499,9.13469,10.2508,-10.9737,50.3158,6.95294e-310,497.019,6.68183e-310,-447.147,1.4822e-323,459.619,5.06782e-310,-552.149,24.5693,453.472,22.7942,-491.649,24.147,415.837,22.4881,-596.807,-70.7972,-46.2279,52.0415,74.8356,-65.7298,-41.5828,65.7633,88.2513,
1.05665,1.09711,1.06244,1.10895,200,0,0,-3.33654,-1.92264,2.46249,3.77399,-4.0008,-2.60141,3.80539,5.0865,0,-528.325,0,-548.554,0,-531.219,0,-554.474,24.5896,-43.5356,22.8086,-44.4946,24.3372,-43.6772,22.2802,-44.7615,-14.1581,9.51634,10.7181,-8.98624,-9.82359,11.6841,12.3,-13.2591,41.8184,6.95294e-310,397.958,6.68183e-310,-375.79,1.4822e-323,488.609,5.06782e-310,-554.474,24.5896,354.423,22.8086,-420.285,24.3372,444.931,22.2802,-599.236,-58.0268,-33.4371,42.826,65.6346,-69.5791,-45.2419,66.1807,88.4608,
1.0564,1.09662,1.05792,1.11335,200,0,0,-2.7967,-1.38217,2.08208,3.39483,-4.17019,-2.75947,3.82809,5.09787,0,-528.199,0,-548.308,0,-528.96,0,-556.673,24.6006,-43.5294,22.8304,-44.4834,24.5343,-43.5668,22.0831,-44.8591,-14.3375,9.04866,10.9489,-9.03374,-12.104,14.2087,14.3013,-15.4918,35.9334,6.95294e-310,325.149,6.68183e-310,-324.613,1.4822e-323,510.566,5.06782e-310,-556.673,24.6006,281.62,22.8304,-369.096,24.5343,466.999,22.0831,-601.532,-48.6383,-24.0377,36.2101,59.0406,-72.5251,-47.9908,66.5755,88.6586,
1.0564,1.09596,1.05339,1.1178,200,0,0,-2.35629,-0.941757,1.76893,3.08337,-4.29635,-2.8743,3.84286,5.10112,0,-528.199,0,-547.979,0,-526.695,0,-558.902,24.6006,-43.5294,22.8598,-44.4683,24.7314,-43.4552,21.8829,-44.9571,-14.4115,8.45532,11.0776,-8.98804,-14.4168,16.7553,16.2952,-17.7445,31.4345,6.95294e-310,265.789,6.68183e-310,-282.535,1.4822e-323,526.695,5.06782e-310,-557.789,24.6006,222.26,22.8598,-327.003,24.7314,483.239,21.8829,-602.746,-40.979,-16.3784,30.7641,53.6238,-74.7192,-49.9878,66.8323,88.7151,
1.05658,1.09489,1.04928,1.12196,200,0,0,-1.9568,-0.542714,1.45541,2.77257,-4.28699,-2.85468,3.75279,5.00029,0,-528.289,0,-547.445,0,-524.639,0,-560.982,24.5928,-43.5339,22.9072,-44.4439,24.9098,-43.3532,21.6957,-45.0477,-14.3846,7.72281,11.0371,-8.76135,-16.4816,19.1136,18.1035,-19.8493,27.4485,6.95294e-310,211.979,6.68183e-310,-240.486,1.4822e-323,524.639,5.06782e-310,-544.834,24.5928,168.445,22.9072,-284.929,24.9098,481.286,21.6957,-589.882,-34.0313,-9.43851,25.3115,48.2187,-74.5564,-49.6465,65.2659,86.9616,
1.05707,1.09364,1.04595,1.12522,200,0,0,-1.66262,-0.249762,1.22157,2.54192,-4.2794,-2.83879,3.68816,4.92721,0,-528.534,0,-546.822,0,-522.974,0,-562.611,24.5714,-43.5459,22.9625,-44.4153,25.0541,-43.27,21.5488,-45.1182,-14.1628,6.9284,10.8301,-8.40661,-18.1355,21.0144,19.5131,-21.517,24.8865,6.95294e-310,172.424,6.68183e-310,-209.211,1.4822e-323,522.974,5.06782e-310,-535.483,24.5714,128.878,22.9625,-253.626,25.0541,479.704,21.5488,-580.601,-28.915,-4.34369,21.2447,44.2072,-74.4243,-49.3702,64.1419,85.6907,
1.0577,1.0921,1.04335,1.12763,200,0,0,-1.42903,-0.0177676,1.02869,2.35299,-4.27347,-2.82639,3.64115,4.87395,0,-528.852,0,-546.049,0,-521.673,0,-563.816,24.5437,-43.5615,23.0312,-44.3798,25.1666,-43.2047,21.44,-45.17,-13.8035,6.08129,10.47,-7.91146,-19.352,22.4896,20.5525,-22.7914,23.1962,6.95294e-310,141.063,6.68183e-310,-183.516,1.4822e-323,521.673,5.06782e-310,-528.674,24.5437,97.5016,23.0312,-227.896,25.1666,478.469,21.44,-573.844,-24.8527,-0.309002,17.8903,40.9215,-74.3212,-49.1546,63.3244,84.7644,
1.05875,1.09053,1.04037,1.12978,200,0,0,-1.20374,0.204914,0.854681,2.18298,-4.26669,-2.81223,3.58293,4.81015,0,-529.373,0,-545.264,0,-520.187,0,-564.888,24.4983,-43.5871,23.1008,-44.3436,25.2949,-43.1297,21.3431,-45.2158,-13.1676,5.1159,10.0212,-7.39797,-20.7636,23.9968,21.5863,-24.0069,21.6773,6.95294e-310,110.899,6.68183e-310,-160.368,1.4822e-323,520.187,5.06782e-310,-520.405,24.4983,67.3119,23.1008,-204.712,25.2949,477.058,21.3431,-565.62,-20.9345,3.56373,14.864,37.9648,-74.2032,-48.9084,62.3117,83.6548,
1.05981,1.08909,1.038,1.13173,200,0,0,-1.02103,0.384949,0.710302,2.04227,-4.26127,-2.80094,3.54007,4.76222,0,-529.907,0,-544.545,0,-519.001,0,-565.865,24.4518,-43.6132,23.1646,-44.3103,25.3971,-43.0695,21.2547,-45.2575,-12.5921,4.21243,9.57009,-6.87733,-21.9246,25.2806,22.451,-25.0489,20.5296,6.95294e-310,86.4794,6.68183e-310,-141.189,1.4822e-323,519.001,5.06782e-310,-514.244,24.4518,42.8662,23.1646,-185.499,25.3971,475.931,21.2547,-559.502,-17.757,6.69476,12.3531,35.5177,-74.1091,-48.7119,61.5664,82.8211,
1.06087,1.08718,1.03613,1.13349,200,0,0,-0.844741,0.55859,0.558189,1.89501,-4.257,-2.79204,3.50981,4.72737,0,-530.434,0,-543.592,0,-518.066,0,-566.746,24.4058,-43.639,23.249,-44.2661,25.4776,-43.022,21.175,-45.2948,-12.0171,3.20605,8.9848,-6.16814,-22.7632,26.3965,23.1527,-25.9763,19.6263,6.95294e-310,62.9231,6.68183e-310,-121.058,1.4822e-323,518.066,5.06782e-310,-509.82,24.4058,19.2841,23.249,-165.324,25.4776,475.044,21.175,-555.115,-14.6911,9.7146,9.70764,32.9566,-74.0348,-48.5572,61.0403,82.2152,
1.06222,1.08542,1.03432,1.13465,200,0,0,-0.684019,0.715912,0.428301,1.7696,-4.25287,-2.78343,3.47208,4.68661,0,-531.111,0,-542.712,0,-517.161,0,-567.327,24.3466,-43.672,23.3269,-44.225,25.5554,-42.9758,21.1223,-45.3194,-11.2269,2.19399,8.35324,-5.4896,-23.5817,27.326,23.6917,-26.6573,18.9256,6.95294e-310,41.5227,6.68183e-310,-103.894,1.4822e-323,517.161,5.06782e-310,-504.506,24.3466,-2.14931,23.3269,-148.119,25.5554,474.185,21.1223,-549.825,-11.896,12.4506,7.44871,30.7756,-73.9629,-48.4075,60.384,81.5063,
1.06348,1.08365,1.033,1.13552,200,0,0,-0.543452,0.853318,0.309895,1.6557,-4.24986,-2.77716,3.44315,4.65543,0,-531.74,0,-541.825,0,-516.502,0,-567.759,24.2917,-43.7026,23.4053,-44.1836,25.612,-42.9421,21.0832,-45.3376,-10.4938,1.23878,7.71504,-4.79225,-24.1369,28.038,24.0622,-27.1659,18.4215,6.95294e-310,22.8203,6.68183e-310,-88.2805,1.4822e-323,516.502,5.06782e-310,-500.437,24.2917,-20.8823,23.4053,-132.464,25.612,473.56,21.0832,-545.774,-9.45134,14.8403,5.38949,28.7948,-73.9105,-48.2985,59.8809,80.9641,
1.06471,1.08191,1.0317,1.13633,200,0,0,-0.412637,0.98103,0.200387,1.55061,-4.24687,-2.77095,3.416,4.62616,0,-532.357,0,-540.956,0,-515.849,0,-568.166,24.2377,-43.7325,23.4821,-44.1429,25.6681,-42.9086,21.0462,-45.3548,-9.76934,0.302284,7.08777,-4.11335,-24.686,28.7287,24.4196,-27.6577,17.9559,6.95294e-310,5.42776,6.68183e-310,-73.8588,1.4822e-323,515.849,5.06782e-310,-496.617,24.2377,-38.3048,23.4821,-118.002,25.6681,472.94,21.0462,-541.972,-7.1763,17.0614,3.48499,26.9671,-73.8586,-48.1905,59.4088,80.455,
1.06604,1.0802,1.03079,1.13687,200,0,0,-0.288909,1.10142,0.0953392,1.44991,-4.24479,-2.76663,3.39129,4.60004,0,-533.02,0,-540.099,0,-515.394,0,-568.436,24.1797,-43.7646,23.5577,-44.1026,25.7072,-42.8852,21.0218,-45.3661,-9.016,-0.623594,6.42686,-3.40587,-25.0507,29.2397,24.6277,-27.9795,17.6265,6.95294e-310,-10.9918,6.68183e-310,-60.0335,1.4822e-323,515.394,5.06782e-310,-493.18,24.1797,-54.7564,23.5577,-104.136,25.7072,472.508,21.0218,-538.546,-5.0245,19.1552,1.65807,25.2158,-73.8224,-48.1152,58.9789,80.0007,
1.06714,1.07845,1.03018,1.1372,200,0,0,-0.178764,1.20881,-0.00322709,1.35577,-4.24339,-2.76372,3.37339,4.5813,0,-533.568,0,-539.224,0,-515.088,0,-568.598,24.1318,-43.7911,23.6348,-44.0613,25.7334,-42.8695,21.0071,-45.3729,-8.3606,-1.47285,5.792,-2.70649,-25.2187,29.6054,24.7323,-28.2039,17.3984,6.95294e-310,-25.6252,6.68183e-310,-47.0887,1.4822e-323,515.088,5.06782e-310,-490.704,24.1318,-69.4163,23.6348,-91.1499,25.7334,472.219,21.0071,-536.077,-3.10894,21.0228,-0.0561232,23.5787,-73.7981,-48.0647,58.6677,79.6748,
1.06823,1.07663,1.02968,1.13728,200,0,0,-0.070171,1.31466,-0.101097,1.26252,-4.24227,-2.76139,3.35566,4.56334,0,-534.113,0,-538.313,0,-514.842,0,-568.64,24.084,-43.8174,23.715,-44.0181,25.7545,-42.8568,21.0033,-45.3747,-7.67313,-2.32397,5.13111,-1.98749,-25.2944,29.8744,24.754,-28.3341,17.2335,6.95294e-310,-40.0503,6.68183e-310,-34.2515,1.4822e-323,514.842,5.06782e-310,-488.297,24.084,-83.8676,23.715,-78.2696,25.7545,471.986,21.0033,-533.672,-1.22037,22.8636,-1.75821,21.9568,-73.7786,-48.0241,58.3592,79.3625,
1.06954,1.07487,1.02938,1.13704,200,0,0,0.0414819,1.42299,-0.198206,1.16987,-4.24158,-2.75996,3.33365,4.54196,0,-534.772,0,-537.433,0,-514.692,0,-568.52,24.0262,-43.8491,23.7925,-43.9763,25.7673,-42.8491,21.0141,-45.3697,-6.86285,-3.19734,4.4219,-1.25373,-25.2957,30.0062,24.6526,-28.2972,17.1529,6.95294e-310,-54.8435,6.68183e-310,-21.505,1.4822e-323,514.692,5.06782e-310,-485.378,24.0262,-98.6926,23.7925,-65.4813,25.7673,471.843,21.0141,-530.747,0.721424,24.7476,-3.44707,20.3455,-73.7667,-47.9994,57.9765,78.9906,
1.07072,1.07309,1.0293,1.13644,200,0,0,0.146573,1.52512,-0.291637,1.08092,-4.24139,-2.75957,3.31351,4.52339,0,-535.359,0,-536.546,0,-514.651,0,-568.22,23.9747,-43.8773,23.8705,-43.934,25.7709,-42.847,21.0413,-45.3571,-6.07555,-4.00605,3.72606,-0.539142,-25.1372,29.9755,24.4287,-28.1193,17.1691,6.95294e-310,-68.7801,6.68183e-310,-9.25656,1.4822e-323,514.651,5.06782e-310,-482.781,23.9747,-112.657,23.8705,-53.1906,25.7709,471.804,21.0413,-528.139,2.5491,26.5238,-5.07195,18.7986,-73.7633,-47.9924,57.6262,78.6676,
1.07185,1.07138,1.02948,1.1354,200,0,0,0.247756,1.62346,-0.381718,0.995163,-4.2418,-2.76042,3.2928,4.50539,0,-535.923,0,-535.689,0,-514.74,0,-567.699,23.9252,-43.9042,23.9458,-43.8931,25.7632,-42.8516,21.0886,-45.3351,-5.26834,-4.75016,3.03709,0.147487,-24.8157,29.746,24.051,-27.7497,17.3045,6.95294e-310,-82.1993,6.68183e-310,2.5522,1.4822e-323,514.74,5.06782e-310,-480.195,23.9252,-126.103,23.9458,-41.3409,25.7632,471.889,21.0886,-525.53,4.3088,28.234,-6.63858,17.3072,-73.7705,-48.0073,57.2661,78.3547,
1.07289,1.0697,1.02989,1.13379,200,0,0,0.346468,1.71954,-0.469211,0.911903,-4.24273,-2.76236,3.27019,4.48697,0,-536.444,0,-534.85,0,-514.944,0,-566.896,23.8795,-43.9292,24.0194,-43.8528,25.7457,-42.8621,21.1614,-45.3012,-4.42586,-5.42125,2.35578,0.797487,-24.3234,29.2927,23.4997,-27.1606,17.5793,6.95294e-310,-95.3015,6.68183e-310,14.0192,1.4822e-323,514.944,5.06782e-310,-477.464,23.8795,-139.231,24.0194,-29.8336,25.7457,472.082,21.1614,-522.765,6.02553,29.905,-8.16019,15.8592,-73.7867,-48.041,56.8728,78.0342,
1.07391,1.06813,1.03061,1.13198,200,0,0,0.444771,1.81527,-0.557455,0.827616,-4.24438,-2.76577,3.24869,4.47018,0,-536.953,0,-534.065,0,-515.304,0,-565.991,23.8347,-43.9535,24.0882,-43.8151,25.7149,-42.8806,21.2433,-45.2628,-3.61179,-6.03364,1.69075,1.42601,-23.6884,28.6946,22.8405,-26.446,17.9582,6.95294e-310,-108.353,6.68183e-310,25.6086,1.4822e-323,515.304,5.06782e-310,-474.922,23.8347,-152.307,24.0882,-18.2065,25.7149,472.423,21.2433,-520.185,7.73514,31.5698,-9.69487,14.3933,-73.8153,-48.1004,56.499,77.7423,
1.07487,1.0666,1.03194,1.12963,200,0,0,0.547322,1.91539,-0.653572,0.735361,-4.24742,-2.77209,3.22903,4.45663,0,-537.433,0,-533.298,0,-515.969,0,-564.817,23.7925,-43.9763,24.1554,-43.7781,25.6578,-42.9147,21.3496,-45.2128,-2.81447,-6.56797,1.01517,2.06027,-22.7241,27.7801,21.9329,-25.4523,18.5734,6.95294e-310,-121.989,6.68183e-310,38.2662,1.4822e-323,515.969,5.06782e-310,-472.734,23.7925,-165.966,24.1554,-5.51187,25.6578,473.054,21.3496,-517.947,9.51864,33.3112,-11.3665,12.7889,-73.8682,-48.2103,56.1571,77.5066,
1.07572,1.06513,1.03344,1.12701,200,0,0,0.651907,2.01783,-0.752131,0.640482,-4.25084,-2.77921,3.20919,4.44361,0,-537.858,0,-532.567,0,-516.718,0,-563.504,23.7551,-43.9965,24.2194,-43.7427,25.5935,-42.9531,21.4682,-45.1566,-2.0435,-7.03227,0.36765,2.65245,-21.6537,26.734,20.9315,-24.3467,19.3281,6.95294e-310,-135.92,6.68183e-310,51.2669,1.4822e-323,516.718,5.06782e-310,-470.576,23.7551,-179.917,24.2194,7.52421,25.5935,473.765,21.4682,-515.732,11.3375,35.0926,-13.0805,11.1388,-73.9277,-48.3342,55.812,77.2802,
1.07651,1.06379,1.03559,1.12375,200,0,0,0.765547,2.12946,-0.862241,0.533746,-4.25577,-2.78947,3.18991,4.43278,0,-538.253,0,-531.896,0,-517.796,0,-561.874,23.7203,-44.0153,24.278,-43.7101,25.5008,-43.0082,21.6153,-45.0864,-1.28797,-7.38918,-0.275592,3.22049,-20.24,25.3244,19.6494,-22.9191,20.4465,6.95294e-310,-151.083,6.68183e-310,65.8478,1.4822e-323,517.796,5.06782e-310,-468.617,23.7203,-195.099,24.278,22.1377,25.5008,474.788,21.6153,-513.703,13.3139,37.0342,-14.9955,9.28255,-74.0134,-48.5126,55.4766,77.0919,
1.07724,1.06251,1.03759,1.12048,200,0,0,0.886952,2.24902,-0.976867,0.422342,-4.26034,-2.799,3.168,4.41935,0,-538.619,0,-531.255,0,-518.797,0,-560.239,23.6881,-44.0326,24.3341,-43.679,25.4147,-43.0592,21.7626,-45.0154,-0.54194,-7.72118,-0.888791,3.74045,-18.8988,23.9427,18.3976,-21.5202,21.6683,6.95294e-310,-167.305,6.68183e-310,81.0492,1.4822e-323,518.797,5.06782e-310,-466.306,23.6881,-211.337,24.3341,37.3702,25.4147,475.738,21.7626,-511.322,15.4253,39.1134,-16.989,7.34507,-74.0929,-48.6782,55.0957,76.8583,
1.07786,1.0613,1.04019,1.1174,200,0,0,1.02049,2.38098,-1.11463,0.287619,-4.26628,-2.81138,3.15826,4.41757,0,-538.931,0,-530.649,0,-520.097,0,-558.699,23.6607,-44.0474,24.3869,-43.6495,25.3026,-43.1251,21.9012,-44.9482,0.0227048,-7.99163,-1.48227,4.28893,-17.3203,22.4451,17.0703,-20.0931,23.172,6.95294e-310,-185.182,6.68183e-310,99.3828,1.4822e-323,520.097,5.06782e-310,-465.597,23.6607,-229.229,24.3869,55.7333,25.3026,476.972,21.9012,-510.545,17.7476,41.4083,-19.3849,5.00207,-74.1961,-48.8935,54.9262,76.8274,
1.07845,1.06017,1.04335,1.11339,200,0,0,1.18691,2.54592,-1.28351,0.121568,-4.27347,-2.82639,3.14393,4.41358,0,-539.224,0,-530.086,0,-521.673,0,-556.697,23.6348,-44.0613,24.4361,-43.622,25.1666,-43.2047,22.0809,-44.8601,0.651237,-8.16397,-2.09189,4.79715,-15.4166,20.525,15.4104,-18.2736,25.4164,6.95294e-310,-207.499,6.68183e-310,121.926,1.4822e-323,521.673,5.06782e-310,-464.45,23.6348,-251.56,24.4361,78.3045,25.1666,478.469,22.0809,-509.311,20.642,44.2768,-22.3218,2.11423,-74.3212,-49.1546,54.677,76.758,
1.07896,1.05912,1.04639,1.10951,200,0,0,1.37744,2.73513,-1.4758,-0.0680791,-4.28041,-2.8409,3.13035,4.41001,0,-539.482,0,-529.559,0,-523.195,0,-554.756,23.6121,-44.0734,24.4821,-43.5962,25.0349,-43.2811,22.2549,-44.7741,1.23027,-8.30992,-2.6669,5.26381,-13.5821,18.6535,13.8009,-16.5209,28.0481,6.95294e-310,-233.078,6.68183e-310,147.64,1.4822e-323,523.195,5.06782e-310,-463.381,23.6121,-277.151,24.4821,104.044,25.0349,479.914,22.2549,-508.155,23.9554,47.5675,-25.6661,-1.18398,-74.4419,-49.407,54.4409,76.6959,
1.07941,1.05822,1.04929,1.1058,200,0,0,1.59101,2.94758,-1.68952,-0.279549,-4.28702,-2.85473,3.11699,4.40621,0,-539.704,0,-529.11,0,-524.645,0,-552.898,23.5926,-44.0839,24.5212,-43.5742,24.9093,-43.3535,22.4211,-44.6911,1.7496,-8.4085,-3.18347,5.66199,-11.8509,16.852,12.2637,-14.8496,31.1325,6.95294e-310,-261.778,6.68183e-310,176.272,1.4822e-323,524.645,5.06782e-310,-462.307,23.5926,-305.862,24.5212,132.698,24.9093,481.292,22.4211,-506.998,27.6698,51.2623,-29.383,-4.86172,-74.5568,-49.6475,54.2085,76.6297,
1.07977,1.05742,1.05315,1.10094,200,0,0,1.91298,3.26864,-2.01391,-0.601924,-4.29581,-2.87315,3.10349,4.40516,0,-539.883,0,-528.708,0,-526.575,0,-550.471,23.5767,-44.0924,24.5562,-43.5545,24.7418,-43.4493,22.6378,-44.5817,2.28403,-8.37018,-3.72871,6.03102,-9.59899,14.446,10.2543,-12.659,36.4513,6.95294e-310,-305.104,6.68183e-310,219.839,1.4822e-323,526.575,5.06782e-310,-461.436,23.5767,-349.196,24.5562,176.284,24.7418,483.126,22.6378,-506.018,33.2693,56.846,-35.0245,-10.4682,-74.7097,-49.9679,53.9737,76.6115,
1.08002,1.05673,1.05645,1.09639,200,0,0,2.30526,3.66029,-2.39888,-0.985184,-4.30331,-2.8889,3.08359,4.39692,0,-540.009,0,-528.367,0,-528.223,0,-548.194,23.5656,-44.0983,24.586,-43.5377,24.5985,-43.5306,22.8406,-44.4782,2.78384,-8.30839,-4.19671,6.30437,-7.63613,12.2614,8.43642,-10.6695,43.0803,6.95294e-310,-357.928,6.68183e-310,271.594,1.4822e-323,528.223,5.06782e-310,-459.643,23.5656,-402.026,24.586,228.056,24.5985,484.692,22.8406,-504.121,40.0915,63.6571,-41.7196,-17.1336,-74.8402,-50.2417,53.6276,76.4682,
1.0802,1.05616,1.06072,1.09163,200,0,0,2.94862,4.30319,-3.05852,-1.64339,-4.31304,-2.90935,3.09157,4.41705,0,-540.099,0,-528.079,0,-530.362,0,-545.816,23.5577,-44.1026,24.611,-43.5235,24.412,-43.6355,23.0519,-44.369,3.12231,-8.15273,-4.679,6.60849,-5.24966,9.72523,6.35941,-8.4652,54.5346,6.95294e-310,-444.606,6.68183e-310,360.392,1.4822e-323,530.362,5.06782e-310,-461.647,23.5577,-488.709,24.611,316.868,24.412,486.726,23.0519,-506.016,51.2803,74.838,-53.1917,-28.5807,-75.0094,-50.5974,53.7664,76.8183,
1.08026,1.05568,1.06413,1.08666,200,0,0,3.65742,5.01184,-3.78447,-2.36813,-4.07175,-2.6766,2.8513,4.18946,0,-540.129,0,-527.839,0,-532.064,0,-543.329,23.555,-44.104,24.6319,-43.5117,24.2634,-43.7183,23.2723,-44.2538,3.56516,-7.9676,-5.08264,6.75821,-3.22742,7.35349,4.41772,-6.34648,67.7907,6.95294e-310,-540.129,6.68183e-310,458.143,1.4822e-323,498.498,5.06782e-310,-430.232,23.555,-584.233,24.6319,414.632,24.2634,454.78,23.2723,-474.486,63.6074,87.1624,-65.8168,-41.1849,-70.813,-46.5496,49.5878,72.8601,
1.08022,1.05532,1.06855,1.08214,200,0,0,3.65724,5.01175,-4.01669,-2.59946,-2.86458,-1.48057,1.85117,3.20082,0,-540.111,0,-527.659,0,-534.275,0,-541.07,23.5566,-44.1031,24.6475,-43.5029,24.0698,-43.8252,23.472,-44.1482,3.70891,-7.70317,-5.48338,6.97954,-0.832328,4.80138,2.3671,-4.22606,70.1154,6.95294e-310,-540.111,6.68183e-310,489.374,1.4822e-323,336.651,5.06782e-310,-296.312,23.5566,-584.214,24.6475,445.871,24.0698,292.825,23.472,-340.46,63.6042,87.1608,-69.8555,-45.2079,-49.8188,-25.749,32.1943,55.6664,
1.08004,1.05509,1.07267,1.07636,200,0,0,3.65631,5.01127,-4.21953,-2.80173,-1.42665,-0.0530371,0.60897,1.97325,0,-540.021,0,-527.546,0,-536.336,0,-538.182,23.5646,-44.0989,24.6574,-43.4973,23.8889,-43.924,23.7266,-44.0119,4.04004,-7.32997,-5.84231,7.013,1.53995,1.94972,0.0777004,-1.76465,73.6731,6.95294e-310,-540.021,6.68183e-310,516.669,1.4822e-323,143.642,5.06782e-310,-130.007,23.5646,-584.12,24.6574,473.172,23.8889,99.7181,23.7266,-174.019,63.5881,87.1526,-73.3832,-48.7257,-24.8113,-0.922384,10.5908,34.3174,
1.07974,1.05502,1.07699,1.07096,200,0,0,3.49348,4.8492,-4.30006,-2.88208,0.133677,1.49638,-0.694075,0.683865,0,-539.871,0,-527.51,0,-538.493,0,-535.479,23.5778,-44.0918,24.6605,-43.4955,23.6992,-44.0267,23.9642,-43.883,4.19867,-6.89146,-6.14764,7.01618,3.93381,-0.875511,-2.16303,0.592821,75.1847,6.95294e-310,-518.133,6.68183e-310,527.51,1.4822e-323,-65.8251,5.06782e-310,44.5711,23.5778,-562.224,24.6605,484.014,23.6992,-109.852,23.9642,0.6881,60.7562,84.334,-74.7837,-50.1232,2.32481,26.024,-12.0709,11.8933,
1.07932,1.05513,1.08158,1.06534,200,0,0,3.22953,4.58632,-4.30031,-2.8826,1.83234,3.18341,-2.08872,-0.696621,0,-539.662,0,-527.564,0,-540.788,0,-532.669,23.5963,-44.0819,24.6559,-43.4981,23.4969,-44.135,24.2104,-43.7476,4.2725,-6.35573,-6.41255,6.94734,6.43463,-3.87006,-4.51631,3.04797,75.9375,6.95294e-310,-482.638,6.68183e-310,527.564,1.4822e-323,-293.883,5.06782e-310,231.456,23.5963,-526.72,24.6559,484.065,23.4969,-338.018,24.2104,187.708,56.1658,79.762,-74.788,-50.1321,31.8668,55.3636,-36.3256,-12.1152,
1.07863,1.05547,1.08595,1.05953,200,0,0,2.95892,4.31747,-4.3011,-2.88426,3.67339,5.01335,-3.58967,-2.18297,0,-539.314,0,-527.737,0,-542.975,0,-529.763,23.6269,-44.0655,24.6407,-43.5067,23.3036,-44.2373,24.4643,-43.6062,4.26239,-5.6818,-6.56066,6.71857,8.84395,-6.88962,-6.85966,5.50779,78.5491,6.95294e-310,-446.3,6.68183e-310,527.737,1.4822e-323,-541.173,5.06782e-310,432.632,23.6269,-490.366,24.6407,484.231,23.3036,-585.411,24.4643,389.026,51.4595,75.0864,-74.8017,-50.161,63.8851,87.1887,-62.429,-37.9647,
1.07737,1.05624,1.09185,1.05297,200,0,0,1.41481,2.77655,-2.80302,-1.38809,3.71716,5.04209,-3.58212,-2.15902,0,-538.685,0,-528.121,0,-545.923,0,-526.485,23.6823,-44.0358,24.6074,-43.5256,23.0424,-44.374,24.7496,-43.4449,3.84714,-4.64605,-6.60155,6.35197,11.9528,-10.6381,-9.69427,8.38592,51.3179,6.95294e-310,-238.426,6.68183e-310,325.97,1.4822e-323,-545.923,5.06782e-310,430.348,23.6823,-282.461,24.6074,282.444,23.0424,-590.297,24.7496,386.903,24.6055,48.2878,-48.7481,-24.1408,64.6462,87.6886,-62.2978,-37.5482,
1.0757,1.05766,1.09659,1.04615,200,0,0,0.607784,1.97373,-1.98428,-0.572897,3.74163,5.05444,-3.60582,-2.16572,0,-537.852,0,-528.828,0,-548.296,0,-523.075,23.7556,-43.9962,24.5458,-43.5604,22.8315,-44.4828,25.0453,-43.2751,3.41007,-3.35854,-6.34581,5.57859,14.5234,-14.1678,-12.3175,11.1686,38.7001,6.95294e-310,-129.976,6.68183e-310,215.892,1.4822e-323,-548.296,5.06782e-310,432.227,23.7556,-173.972,24.5458,172.331,22.8315,-592.779,25.0453,388.952,10.5702,34.3258,-34.5092,-9.96342,65.0719,87.9034,-62.71,-37.6647,
1.07364,1.05954,1.10195,1.04035,200,0,0,0.0661057,1.43727,-1.47413,-0.0674605,3.76927,5.06836,-3.58022,-2.1257,0,-536.821,0,-529.769,0,-550.975,0,-520.175,23.8463,-43.9472,24.4638,-43.6065,22.5929,-44.6045,25.2959,-43.1291,2.4752,-1.83705,-5.91615,4.72322,17.2229,-17.6437,-14.8057,13.6948,31.2279,6.95294e-310,-57.3671,6.68183e-310,147.496,1.4822e-323,-550.975,5.06782e-310,427.659,23.8463,-101.314,24.4638,103.89,22.5929,-595.579,25.2959,384.53,1.14966,24.9959,-25.637,-1.17323,65.5525,88.1454,-62.2647,-36.9688,
1.07126,1.06191,1.10626,1.03388,200,0,0,-0.339652,1.03753,-1.05974,0.340974,3.79153,5.07955,-3.59193,-2.1214,0,-535.629,0,-530.955,0,-553.132,0,-516.94,23.951,-43.8902,24.3602,-43.6644,22.4002,-44.7016,25.5745,-42.9645,1.61844,-0.119418,-5.25909,3.5019,19.4775,-21.031,-17.2141,16.273,26.3008,6.95294e-310,-3.14079,6.68183e-310,92.103,1.4822e-323,-553.132,5.06782e-310,427.993,23.951,-47.031,24.3602,48.4386,22.4002,-597.833,25.5745,385.028,-5.907,18.044,-18.4303,5.92998,65.9397,88.3399,-62.4683,-36.8938,
1.06826,1.06479,1.1099,1.02869,200,0,0,-0.685515,0.699223,-0.72654,0.666947,3.81027,5.08895,-3.58166,-2.09833,0,-534.131,0,-532.393,0,-554.948,0,-514.345,24.0824,-43.8182,24.2346,-43.7343,22.2378,-44.7826,25.7971,-42.8312,0.338517,1.84639,-4.27923,2.05541,21.3338,-23.8877,-19.1158,18.3205,23.2316,6.95294e-310,42.8944,6.68183e-310,47.7503,1.4822e-323,-554.948,5.06782e-310,425.613,24.0824,-0.923814,24.2346,4.01602,22.2378,-599.73,25.7971,382.782,-11.922,12.1604,-12.6355,11.5991,66.2656,88.5034,-62.2897,-36.4926,
1.065,1.0682,1.11281,1.02427,200,0,0,-0.996312,0.396632,-0.427162,0.957728,3.82531,5.09648,-3.57123,-2.07702,0,-532.501,0,-534.101,0,-556.404,0,-512.134,24.2251,-43.7395,24.085,-43.8168,22.1073,-44.8472,25.9862,-42.7167,-1.12694,3.98243,-3.0524,0.381491,22.7624,-26.3312,-20.6472,20.035,21.131,6.95294e-310,84.1527,6.68183e-310,8.06129,1.4822e-323,-556.404,5.06782e-310,423.359,24.2251,40.4132,24.085,-35.7555,22.1073,-601.251,25.9862,380.642,-17.3272,6.89796,-7.42891,16.6561,66.5271,88.6344,-62.1083,-36.122,
1.06226,1.07145,1.11548,1.02032,200,0,0,-1.23009,0.169751,-0.195721,1.18098,3.83911,5.10338,-3.56706,-2.06318,0,-531.129,0,-535.725,0,-557.74,0,-510.162,24.3451,-43.6729,23.9426,-43.8948,21.9873,-44.9061,26.1545,-42.6139,-2.41031,5.89118,-1.95872,-1.15147,23.9921,-28.5393,-22.0426,21.5958,19.5429,6.95294e-310,115.131,6.68183e-310,-22.503,1.4822e-323,-557.74,5.06782e-310,422.043,24.3451,71.4577,23.9426,-66.3978,21.9873,-602.646,26.1545,379.43,-21.3929,2.95218,-3.40384,20.5388,66.7671,88.7544,-62.0359,-35.8814,
1.05976,1.07405,1.11783,1.0165,200,0,0,-1.39893,0.0071656,-0.024682,1.34545,3.85124,5.10944,-3.56587,-2.05263,0,-529.882,0,-537.025,0,-558.914,0,-508.251,24.4539,-43.612,23.8284,-43.9569,21.8818,-44.9576,26.3172,-42.5136,-3.50262,7.51885,-1.05854,-2.46523,25.1425,-30.584,-23.3677,23.0456,18.2747,6.95294e-310,137.405,6.68183e-310,-45.0514,1.4822e-323,-558.914,5.06782e-310,421.152,24.4539,93.7929,23.8284,-89.0082,21.8818,-603.872,26.3172,378.638,-24.3292,0.124619,-0.429252,23.3991,66.9781,88.8599,-62.0151,-35.698,
1.0571,1.07645,1.11957,1.01297,200,0,0,-1.55114,-0.138381,0.12964,1.49371,3.86021,5.11392,-3.56427,-2.0424,0,-528.552,0,-538.224,0,-559.783,0,-506.483,24.5698,-43.5468,23.7229,-44.0139,21.8036,-44.9956,26.4673,-42.4203,-4.60091,9.09753,-0.126619,-3.77907,26.0723,-32.3535,-24.4822,24.2897,17.3021,6.95294e-310,157.406,6.68183e-310,-65.3857,1.4822e-323,-559.783,5.06782e-310,420.262,24.5698,113.859,23.7229,-109.4,21.8036,-604.779,26.4673,377.841,-26.9764,-2.40662,2.2546,25.9775,67.1341,88.9378,-61.9874,-35.5201,
1.05444,1.07912,1.12086,1.00983,200,0,0,-1.70313,-0.283714,0.286089,1.64339,3.8669,5.11726,-3.56454,-2.03501,0,-527.222,0,-539.56,0,-560.43,0,-504.913,24.6856,-43.4813,23.6052,-44.0771,21.7454,-45.0238,26.6004,-42.337,-5.72355,10.7219,0.908817,-5.19555,26.7354,-33.876,-25.3947,25.3693,16.5436,6.95294e-310,177.378,6.68183e-310,-85.953,1.4822e-323,-560.43,5.06782e-310,419.698,24.6856,133.896,23.6052,-130.03,21.7454,-605.454,26.6004,377.361,-29.6197,-4.93416,4.97546,28.5807,67.2504,88.9958,-61.9919,-35.3916,
1.05244,1.08183,1.12194,1.00696,200,0,0,-1.8259,-0.401484,0.42289,1.77332,3.87247,5.12004,-3.574,-2.03752,0,-526.221,0,-540.914,0,-560.97,0,-503.481,24.7725,-43.4318,23.4858,-44.1409,21.6968,-45.0472,26.7215,-42.2606,-6.58317,12.1518,1.82953,-6.52143,27.1789,-35.222,-26.2236,26.3978,15.9267,6.95294e-310,193.538,6.68183e-310,-103.865,1.4822e-323,-560.97,5.06782e-310,420.428,24.7725,150.107,23.4858,-148.006,21.6968,-606.017,26.7215,378.168,-31.7549,-6.98233,7.3546,30.8404,67.3473,89.0441,-62.1566,-35.4351,
1.05035,1.08428,1.12292,1.00434,200,0,0,-1.93784,-0.508184,0.543905,1.8881,3.87755,5.12257,-3.57808,-2.03522,0,-525.173,0,-542.142,0,-561.461,0,-502.169,24.8636,-43.3798,23.3773,-44.1985,21.6525,-45.0685,26.8323,-42.1903,-7.4864,13.5238,2.72014,-7.77427,27.6208,-36.4666,-26.9729,27.3098,15.3966,6.95294e-310,208.22,6.68183e-310,-119.697,1.4822e-323,-561.461,5.06782e-310,420.478,24.8636,164.841,23.3773,-163.896,21.6525,-606.529,26.8323,378.287,-33.7016,-8.83799,9.45921,32.8365,67.4356,89.0881,-62.2274,-35.3951,
1.04815,1.08683,1.12374,1.00144,200,0,0,-2.04622,-0.611102,0.665941,2.00367,3.88176,5.12467,-3.58599,-2.0361,0,-524.076,0,-543.413,0,-561.868,0,-500.719,24.9586,-43.3251,23.2649,-44.2577,21.6158,-45.0861,26.9546,-42.1123,-8.37516,14.94,3.65111,-9.11227,28.0052,-37.7431,-27.7517,28.2799,14.8866,6.95294e-310,222.406,6.68183e-310,-135.651,1.4822e-323,-561.868,5.06782e-310,420.992,24.9586,179.081,23.2649,-179.909,21.6158,-606.955,26.9546,378.88,-35.5865,-10.6279,11.5816,34.8465,67.5088,89.1246,-62.365,-35.4104,
1.04639,1.08896,1.12424,0.999125,200,0,0,-2.13223,-0.692726,0.764812,2.09711,3.88436,5.12596,-3.5938,-2.03832,0,-523.195,0,-544.479,0,-562.12,0,-499.562,25.0349,-43.2811,23.1704,-44.3072,21.5931,-45.097,27.0519,-42.0499,-9.08088,16.0941,4.42918,-10.2327,28.2301,-38.7179,-28.3391,29.0395,14.5183,6.95294e-310,233.659,6.68183e-310,-148.561,1.4822e-323,-562.12,5.06782e-310,421.606,25.0349,190.378,23.1704,-192.869,21.5931,-607.217,27.0519,379.556,-37.0823,-12.0474,13.3011,36.4715,67.554,89.1471,-62.5009,-35.449,
1.04456,1.0914,1.12444,0.996884,200,0,0,-2.22842,-0.78435,0.876813,2.20288,3.88541,5.12648,-3.60391,-2.04301,0,-522.279,0,-545.702,0,-562.222,0,-498.442,25.1142,-43.2351,23.062,-44.3638,21.5839,-45.1014,27.1461,-41.9892,-9.81533,17.3408,5.3172,-11.4902,28.2788,-39.5881,-28.8326,29.7527,14.2018,6.95294e-310,246.27,6.68183e-310,-163.181,1.4822e-323,-562.222,5.06782e-310,422.542,25.1142,203.034,23.062,-207.544,21.5839,-607.323,27.1461,380.553,-38.7551,-13.6409,15.2489,38.311,67.5723,89.1563,-62.6766,-35.5306,
1.04277,1.09417,1.12432,0.994523,200,0,0,-2.32974,-0.881239,1.00084,2.31984,3.88479,5.12618,-3.62015,-2.05356,0,-521.386,0,-547.086,0,-562.162,0,-497.261,25.1914,-43.1902,22.9391,-44.4274,21.5893,-45.0988,27.2451,-41.925,-10.4961,18.6531,6.28771,-12.8883,28.1337,-40.3958,-29.281,30.4881,13.9164,6.95294e-310,259.583,6.68183e-310,-179.358,1.4822e-323,-562.162,5.06782e-310,424.283,25.1914,216.392,22.9391,-223.785,21.5893,-607.261,27.2451,382.358,-40.5173,-15.3259,17.406,40.3451,67.5616,89.1509,-62.9591,-35.714,
1.04096,1.09628,1.12384,0.992845,200,0,0,-2.42171,-0.968715,1.10696,2.42057,3.88231,5.12494,-3.62852,-2.05788,0,-520.481,0,-548.14,0,-561.922,0,-496.423,25.2695,-43.1445,22.8454,-44.4757,21.6109,-45.0884,27.3155,-41.8792,-11.1653,19.7567,7.15067,-14.0557,27.9226,-40.8708,-29.4833,30.9187,13.7487,6.95294e-310,271.63,6.68183e-310,-193.249,1.4822e-323,-561.922,5.06782e-310,425.094,25.2695,228.485,22.8454,-237.725,21.6109,-607.011,27.3155,383.214,-42.1167,-16.8472,19.2514,42.0968,67.5185,89.1294,-63.1047,-35.7893,
1.03957,1.09838,1.12285,0.991599,200,0,0,-2.51108,-1.05463,1.21553,2.52378,3.87718,5.12238,-3.64243,-2.06879,0,-519.786,0,-549.189,0,-561.425,0,-495.799,25.3295,-43.1094,22.752,-44.5235,21.6558,-45.0669,27.3676,-41.8451,-11.6345,20.7148,7.9693,-15.1646,27.4156,-41.0356,-29.4759,31.1906,13.6814,6.95294e-310,283.407,6.68183e-310,-207.474,1.4822e-323,-561.425,5.06782e-310,426.731,25.3295,240.298,22.752,-251.997,21.6558,-606.492,27.3676,384.886,-43.6709,-18.3414,21.1397,43.8918,67.4291,89.0849,-63.3465,-35.9789,
1.03819,1.10056,1.12121,0.99064,200,0,0,-2.61284,-1.15298,1.34035,2.64301,3.86869,5.11815,-3.65976,-2.08382,0,-519.097,0,-550.28,0,-560.604,0,-495.32,25.3889,-43.0744,22.6549,-44.573,21.7297,-45.0313,27.4077,-41.8188,-12.0458,21.6641,8.85633,-16.3377,26.6119,-40.9118,-29.2452,31.2993,13.7028,6.95294e-310,296.858,6.68183e-310,-223.871,1.4822e-323,-560.604,5.06782e-310,428.886,25.3889,253.783,22.6549,-268.444,21.7297,-605.635,27.4077,387.068,-45.4407,-20.0518,23.3105,45.9654,67.2816,89.0114,-63.6481,-36.2403,
1.03686,1.10239,1.11906,0.989897,200,0,0,-2.71353,-1.25037,1.46555,2.7635,3.85761,5.11263,-3.6788,-2.10107,0,-518.432,0,-551.196,0,-559.532,0,-494.949,25.4461,-43.0406,22.5731,-44.6145,21.8263,-44.9846,27.4388,-41.7985,-12.3499,22.4792,9.68941,-17.4216,25.6495,-40.551,-28.8513,31.2585,13.7982,6.95294e-310,310.173,6.68183e-310,-240.387,1.4822e-323,-559.532,5.06782e-310,431.312,25.4461,267.132,22.5731,-285.001,21.8263,-604.516,27.4388,389.513,-47.1918,-21.7456,25.4878,48.0609,67.0889,88.9152,-63.9792,-36.5404,
1.03592,1.10395,1.11653,0.989334,200,0,0,-2.80563,-1.34013,1.58746,2.88142,3.84455,5.1061,-3.70384,-2.12476,0,-517.958,0,-551.975,0,-558.267,0,-494.667,25.4869,-43.0165,22.5036,-44.6496,21.94,-44.9293,27.4623,-41.783,-12.4242,23.0955,10.405,-18.3754,24.5172,-39.9915,-28.3444,31.1312,13.9596,6.95294e-310,322.405,6.68183e-310,-256.514,1.4822e-323,-558.267,5.06782e-310,434.58,25.4869,279.388,22.5036,-301.164,21.94,-603.196,27.4623,392.797,-48.7936,-23.3067,27.6081,50.1116,66.8618,88.8018,-64.4147,-36.9523,
1.03503,1.10574,1.11373,0.988878,200,0,0,-2.91003,-1.44235,1.72642,3.01579,3.83007,5.09886,-3.73247,-2.15229,0,-517.515,0,-552.868,0,-556.865,0,-494.439,25.525,-42.9939,22.4238,-44.6897,22.0659,-44.8676,27.4814,-41.7705,-12.4705,23.7492,11.1782,-19.4123,23.2168,-39.3245,-27.7454,30.9554,14.1608,6.95294e-310,336.306,6.68183e-310,-274.894,1.4822e-323,-556.865,5.06782e-310,438.352,25.525,293.312,22.4238,-319.583,22.0659,-601.733,27.4814,396.581,-50.6093,-25.0843,30.0247,52.4485,66.61,88.6758,-64.9125,-37.4311,
1.03419,1.10709,1.11066,0.988567,200,0,0,-3.01058,-1.54082,1.86189,3.14777,3.81423,5.09093,-3.76178,-2.18086,0,-517.095,0,-553.545,0,-555.331,0,-494.283,25.5611,-42.9724,22.3633,-44.7201,22.2034,-44.7996,27.4944,-41.7619,-12.4293,24.2561,11.8573,-20.3156,21.876,-38.5195,-27.0582,30.6755,14.4169,6.95294e-310,349.697,6.68183e-310,-292.887,1.4822e-323,-555.331,5.06782e-310,442.244,25.5611,306.725,22.3633,-337.607,22.2034,-600.131,27.4944,400.482,-52.3579,-26.7968,32.3806,54.7439,66.3345,88.5379,-65.4223,-37.9279,
1.03365,1.10861,1.10722,0.988435,200,0,0,-3.12047,-1.64937,2.0152,3.29717,3.79648,5.08203,-3.79875,-2.21751,0,-516.826,0,-554.306,0,-553.611,0,-494.217,25.5843,-42.9587,22.2952,-44.754,22.3574,-44.723,27.4999,-41.7583,-12.2455,24.7147,12.5362,-21.2455,20.3003,-37.5471,-26.2497,30.3301,14.7445,6.95294e-310,364.404,6.68183e-310,-313.254,1.4822e-323,-553.611,5.06782e-310,447.201,25.5843,321.446,22.2952,-358.008,22.3574,-598.334,27.4999,405.443,-54.269,-28.6848,35.0469,57.3421,66.0257,88.3831,-66.0652,-38.5653,
1.03311,1.10976,1.10353,0.988519,200,0,0,-3.2334,-1.76097,2.17202,3.45103,3.77743,5.07246,-3.83607,-2.25503,0,-516.556,0,-554.882,0,-551.766,0,-494.259,25.6074,-42.9449,22.2437,-44.7797,22.5223,-44.6402,27.4964,-41.7606,-12.0144,25.0562,13.1447,-22.0617,18.6804,-36.4278,-25.3345,29.8576,15.1468,6.95294e-310,379.522,6.68183e-310,-334.164,1.4822e-323,-551.766,5.06782e-310,452.248,25.6074,336.577,22.2437,-378.944,22.5223,-596.406,27.4964,410.487,-56.233,-30.6256,37.7742,60.0179,65.6945,88.2168,-66.7143,-39.2179,
1.03278,1.11101,1.09968,0.988818,200,0,0,-3.35699,-1.88374,2.34507,3.62087,3.75758,5.06248,-3.8778,-2.29747,0,-516.388,0,-555.505,0,-549.842,0,-494.409,25.6218,-42.9363,22.1878,-44.8074,22.6939,-44.5532,27.4839,-41.7689,-11.7158,25.3619,13.7421,-22.8732,16.9366,-35.2045,-24.3362,29.3196,15.6185,6.95294e-310,396.116,6.68183e-310,-357.245,1.4822e-323,-549.842,5.06782e-310,457.928,25.6218,353.179,22.1878,-402.052,22.6939,-594.395,27.4839,416.159,-58.3824,-32.7606,40.7838,62.9716,65.3493,88.0431,-67.4399,-39.9561,
1.03258,1.112,1.09559,0.98937,200,0,0,-3.48765,-2.01392,2.52948,3.80272,3.73644,5.05183,-3.92337,-2.34437,0,-516.292,0,-556.002,0,-547.793,0,-494.685,25.6301,-42.9313,22.1433,-44.8294,22.8763,-44.4598,27.4608,-41.784,-11.3271,25.5454,14.2666,-23.5827,15.1019,-33.8263,-23.2271,28.6629,16.1943,6.95294e-310,413.689,6.68183e-310,-381.906,1.4822e-323,-547.793,5.06782e-310,464.175,25.6301,370.758,22.1433,-426.735,22.8763,-592.253,27.4608,422.391,-60.6548,-35.0247,43.991,66.1342,64.9816,87.8579,-68.2324,-40.7716,
1.03252,1.11284,1.09116,0.990376,200,0,0,-3.63847,-2.1646,2.73916,4.01023,3.71364,5.04031,-3.97279,-2.39621,0,-516.262,0,-556.422,0,-545.582,0,-495.188,25.6326,-42.9298,22.1057,-44.848,23.0727,-44.3582,27.4188,-41.8116,-10.8835,25.6309,14.7523,-24.2133,13.116,-32.2202,-21.9373,27.8172,16.9329,6.95294e-310,434.006,6.68183e-310,-410.002,1.4822e-323,-545.582,5.06782e-310,471.027,25.6326,391.077,22.1057,-454.85,23.0727,-589.94,27.4188,429.215,-63.2778,-37.6452,47.6375,69.7431,64.585,87.6576,-69.092,-41.6732,
1.03264,1.11349,1.08666,0.991635,200,0,0,-3.80093,-2.32735,2.96624,4.23564,3.69041,5.02856,-4.02705,-2.4535,0,-516.322,0,-556.745,0,-543.329,0,-495.817,25.6275,-42.9329,22.0766,-44.8623,23.2723,-44.2538,27.3661,-41.8461,-10.3693,25.6066,15.1601,-24.7392,11.0874,-30.5155,-20.5772,26.8789,17.805,6.95294e-310,455.926,6.68183e-310,-440.482,1.4822e-323,-543.329,5.06782e-310,478.579,25.6275,412.993,22.0766,-485.344,23.2723,-587.583,27.3661,436.733,-66.1032,-40.4757,51.5867,73.6633,64.181,87.4533,-70.0357,-42.6695,
1.03293,1.11398,1.08192,0.993432,200,0,0,-3.99406,-2.52119,3.23135,4.49949,3.66601,5.0162,-4.08673,-2.51751,0,-516.466,0,-556.991,0,-540.962,0,-496.716,25.6151,-42.9402,22.0546,-44.8731,23.4815,-44.1431,27.2909,-41.8952,-9.81446,25.4754,15.517,-25.1639,8.93142,-28.5911,-19.041,25.7371,18.9207,6.95294e-310,482.012,6.68183e-310,-476.118,1.4822e-323,-540.962,5.06782e-310,486.964,25.6151,439.072,22.0546,-520.991,23.4815,-585.105,27.2909,445.068,-69.462,-43.8468,56.1973,78.2519,63.7567,87.2382,-71.0736,-43.7828,
1.0334,1.11429,1.07691,0.995482,200,0,0,-4.21869,-2.74697,3.54261,4.80994,3.6402,5.00309,-4.1586,-2.59431,0,-516.7,0,-557.147,0,-538.457,0,-497.741,25.5951,-42.9522,22.0406,-44.88,23.7024,-44.025,27.2049,-41.9511,-9.16176,25.2298,15.8068,-25.5071,6.65059,-26.514,-17.3924,24.4745,20.3084,6.95294e-310,512.377,6.68183e-310,-518.009,1.4822e-323,-538.457,5.06782e-310,497.038,25.5951,469.425,22.0406,-562.889,23.7024,-582.482,27.2049,455.087,-73.3685,-47.7734,61.6105,83.6511,63.3078,87.0102,-72.3234,-45.1185,
1.03402,1.11451,1.07176,0.997819,200,0,0,-4.25218,-2.78201,3.67131,4.93809,3.38396,4.75988,-4.02553,-2.46689,0,-517.011,0,-557.254,0,-535.881,0,-498.909,25.5683,-42.9682,22.0309,-44.8847,23.9289,-43.9022,27.1068,-42.0145,-8.45841,24.9033,16.0468,-25.7849,4.28103,-24.3209,-15.6515,23.0987,20.7608,6.95294e-310,517.011,6.68183e-310,-535.314,1.4822e-323,-504.922,5.06782e-310,479.547,25.5683,474.043,22.0309,-580.199,23.9289,-548.824,27.1068,437.532,-73.951,-48.3827,63.8489,85.8798,58.8515,82.7805,-70.0092,-42.9024,
1.03515,1.11451,1.06631,1.00062,200,0,0,-4.25476,-2.78736,3.78301,5.04978,3.08249,4.47215,-3.86189,-2.31003,0,-517.575,0,-557.254,0,-533.154,0,-500.311,25.5199,-42.9969,22.0309,-44.8847,24.168,-43.7711,26.9889,-42.0904,-7.54506,24.3565,16.1493,-25.8998,1.71536,-21.8987,-13.7556,21.5541,21.25,6.95294e-310,517.575,6.68183e-310,-550.369,1.4822e-323,-465.346,5.06782e-310,458.024,25.5199,474.578,22.0309,-595.253,24.168,-509.117,26.9889,415.933,-73.9958,-48.4759,65.7914,87.8223,53.6086,77.7765,-67.1633,-40.1744,
1.03666,1.11432,1.0599,1.00345,200,0,0,-4.16924,-2.70558,3.83311,5.10038,2.67411,4.07988,-3.62225,-2.07724,0,-518.33,0,-557.159,0,-529.948,0,-501.726,25.4549,-43.0354,22.0395,-44.8805,24.4481,-43.6153,26.8698,-42.1665,-6.30869,23.6136,16.155,-25.9837,-1.26373,-19.1928,-11.6625,19.8792,21.4426,6.95294e-310,506.339,6.68183e-310,-557.159,1.4822e-323,-411.545,5.06782e-310,426.262,25.4549,463.303,22.0395,-602.039,24.4481,-455.16,26.8698,384.096,-72.5085,-47.0536,66.6627,88.7022,46.5063,70.9544,-62.9956,-36.1258,
1.03815,1.11386,1.05377,1.00618,200,0,0,-4.03998,-2.58001,3.83075,5.0992,2.25507,3.67617,-3.35825,-1.81987,0,-519.073,0,-556.931,0,-526.886,0,-503.092,25.3909,-43.0732,22.06,-44.8705,24.7147,-43.4647,26.7544,-42.2398,-5.09426,22.8101,16.073,-25.9681,-4.07475,-16.6109,-9.67015,18.2405,21.4468,6.95294e-310,489.203,6.68183e-310,-556.931,1.4822e-323,-356.249,5.06782e-310,391.2,25.3909,446.13,22.06,-601.801,24.7147,-399.714,26.7544,348.961,-70.2606,-44.8697,66.6218,88.6818,39.2186,63.9334,-58.4044,-31.65,
1.0403,1.11317,1.0474,1.00981,200,0,0,-3.89501,-2.44038,3.82716,5.09741,1.80238,3.23939,-3.06906,-1.53951,0,-520.151,0,-556.583,0,-523.699,0,-504.907,25.298,-43.1279,22.0911,-44.8551,24.9913,-43.3063,26.6009,-42.3367,-3.6759,21.719,15.817,-25.7159,-7.12765,-13.6976,-7.44141,16.3057,21.6436,6.95294e-310,470.078,6.68183e-310,-556.583,1.4822e-323,-296.465,5.06782e-310,352.914,25.298,426.95,22.0911,-601.438,24.9913,-339.772,26.6009,310.577,-67.7393,-42.4413,66.5594,88.6505,31.3458,56.3372,-53.3749,-26.774,
1.04248,1.11211,1.04081,1.01291,200,0,0,-3.73489,-2.28567,3.82172,5.09468,1.36051,2.81389,-2.79661,-1.27459,0,-521.242,0,-556.056,0,-520.403,0,-506.453,25.2038,-43.1829,22.1384,-44.8318,25.2763,-43.1406,26.4699,-42.4187,-2.10484,20.5162,15.4453,-25.4127,-10.1679,-10.8851,-5.31539,14.4775,21.8811,6.95294e-310,448.917,6.68183e-310,-556.056,1.4822e-323,-238.178,5.06782e-310,316.782,25.2038,405.734,22.1384,-600.888,25.2763,-281.318,26.4699,274.364,-64.9547,-39.7509,66.4647,88.6031,23.661,48.9373,-48.6367,-22.1668,
1.04499,1.11051,1.03413,1.01699,200,0,0,-3.56114,-2.11814,3.81343,5.09053,0.872753,2.34266,-2.48073,-0.968694,0,-522.494,0,-555.253,0,-517.065,0,-508.497,25.0956,-43.2459,22.2104,-44.7962,25.5637,-42.9709,26.2963,-42.5265,-0.493038,19.0316,14.8934,-24.8072,-13.2901,-7.76134,-2.96399,12.2857,22.3828,6.95294e-310,425.98,6.68183e-310,-555.253,1.4822e-323,-173.72,5.06782e-310,274.988,25.0956,382.734,22.2104,-600.049,25.5637,-216.691,26.2963,232.461,-61.9328,-36.8372,66.3205,88.5309,15.1783,40.742,-43.1431,-16.8469,
1.04784,1.10862,1.02762,1.02088,200,0,0,-3.36561,-1.92971,3.80372,5.08566,0.385499,1.87146,-2.17532,-0.67279,0,-523.92,0,-554.312,0,-513.812,0,-510.438,24.9721,-43.3173,22.2946,-44.7543,25.8427,-42.8036,26.131,-42.6283,1.28785,17.3697,14.1736,-24.06,-16.3442,-4.74399,-0.73485,10.1814,23.0387,6.95294e-310,400.176,6.68183e-310,-554.312,1.4822e-323,-109.296,5.06782e-310,234.566,24.9721,356.859,22.2946,-599.067,25.8427,-152.099,26.131,191.938,-58.5323,-33.5602,66.1516,88.4462,6.70433,32.5471,-37.8316,-11.7007,
1.05115,1.10623,1.02128,1.02499,200,0,0,-3.13787,-1.71022,3.79135,5.07945,-0.132688,1.36884,-1.85703,-0.364589,0,-525.574,0,-553.114,0,-510.642,0,-512.493,24.8287,-43.3997,22.4019,-44.7007,26.1136,-42.639,25.9555,-42.7354,3.24027,15.4181,13.2218,-23.0412,-19.3441,-1.69408,1.46634,8.01707,24.0054,6.95294e-310,370.118,6.68183e-310,-553.114,1.4822e-323,-40.6671,5.06782e-310,192.453,24.8287,326.719,22.4019,-597.815,26.1136,-83.306,25.9555,149.718,-54.5716,-29.7429,65.9365,88.3383,-2.30762,23.806,-32.2962,-6.34068,
1.05412,1.10401,1.01494,1.02922,200,0,0,-2.90369,-1.48346,3.7799,5.07371,-0.691112,0.825932,-1.49121,-0.00917233,0,-527.06,0,-552.005,0,-507.472,0,-514.609,24.6996,-43.4733,22.5009,-44.651,26.3834,-42.4726,25.7745,-42.8448,4.9903,13.599,12.3653,-22.1353,-22.3549,1.33881,3.69869,5.77267,24.9377,6.95294e-310,339.129,6.68183e-310,-552.005,1.4822e-323,33.3868,5.06782e-310,143.957,24.6996,295.656,22.5009,-596.656,26.3834,-9.08573,25.7745,101.112,-50.499,-25.7993,65.7375,88.2384,-12.0193,14.364,-25.934,-0.159519,
1.05749,1.10103,1.00862,1.03304,200,0,0,-2.61338,-1.20158,3.76451,5.06596,-1.28691,0.245554,-1.12614,0.346464,0,-528.744,0,-550.513,0,-504.308,0,-516.52,24.5531,-43.5562,22.634,-44.5836,26.6516,-42.3048,25.6105,-42.943,7.0343,11.4435,11.2164,-20.9537,-25.2592,4.28136,5.78069,3.63442,26.2728,6.95294e-310,300.652,6.68183e-310,-550.513,1.4822e-323,112.483,5.06782e-310,95.4864,24.5531,257.095,22.634,-595.097,26.6516,70.1785,25.6105,52.5433,-45.4501,-20.8971,65.4697,88.1037,-22.3811,4.27051,-19.585,6.02547,
1.06129,1.09843,1.00244,1.03775,200,0,0,-2.28297,-0.880691,3.75109,5.05921,-1.98596,-0.438514,-0.67299,0.787968,0,-530.644,0,-549.213,0,-501.222,0,-518.875,24.3874,-43.6492,22.7499,-44.5246,26.9122,-42.1395,25.408,-43.0632,9.03507,9.23762,10.066,-19.7523,-28.3474,7.39176,8.00837,1.27008,27.805,6.95294e-310,256.852,6.68183e-310,-549.213,1.4822e-323,205.528,5.06782e-310,35.3146,24.3874,213.203,22.7499,-593.738,26.9122,163.389,25.408,-7.74854,-39.7038,-15.3164,65.2364,87.9863,-34.5385,-7.62632,-11.7042,13.7038,
1.06492,1.09502,0.99638,1.04196,200,0,0,-1.88865,-0.495491,3.73354,5.05036,-2.75965,-1.19754,-0.184318,1.26621,0,-532.459,0,-547.511,0,-498.19,0,-520.978,24.2288,-43.7375,22.9013,-44.4469,27.1672,-41.9755,25.2266,-43.1696,11.0897,6.85278,8.72924,-18.3554,-31.1898,10.3477,10.0661,-0.997057,29.8284,6.95294e-310,204.408,6.68183e-310,-547.511,1.4822e-323,308.656,5.06782e-310,-29.7406,24.2288,160.67,22.9013,-591.958,27.1672,266.68,25.2266,-72.9103,-32.846,-8.61724,64.9311,87.8324,-47.994,-20.8267,-3.20552,22.0211,
1.06814,1.09182,0.990472,1.04606,200,0,0,-1.46763,-0.0825903,3.71703,5.04203,-3.60237,-2.02602,0.370231,1.81057,0,-534.071,0,-545.911,0,-495.236,0,-523.028,24.0877,-43.8153,23.0434,-44.3734,27.4147,-41.8143,25.0494,-43.2727,12.923,4.64284,7.50155,-17.0924,-33.9495,13.1852,12.0716,-3.24666,31.9388,6.95294e-310,148.287,6.68183e-310,-545.911,1.4822e-323,421.118,5.06782e-310,-103.694,24.0877,104.471,23.0434,-590.285,27.4147,379.304,25.0494,-146.967,-25.524,-1.43635,64.6441,87.6875,-62.6498,-35.2351,6.4388,31.4882,
1.07222,1.08837,0.984804,1.0502,200,0,0,-0.840517,0.534246,3.22559,4.55939,-4.1392,-2.54925,0.846596,2.27661,0,-536.108,0,-544.186,0,-492.402,0,-525.101,23.9089,-43.9131,23.1964,-44.2936,27.6513,-41.6582,24.8698,-43.3762,15.0808,2.09598,6.01242,-15.5964,-36.7264,15.9878,13.9688,-5.42561,30.7985,6.95294e-310,64.5531,6.68183e-310,-480.347,1.4822e-323,492.402,5.06782e-310,-167.101,23.9089,20.64,23.1964,-524.64,27.6513,450.744,24.8698,-210.477,-14.6177,9.29124,56.0973,79.2937,-71.9861,-44.3348,14.7234,39.5932,
1.07552,1.08502,0.979243,1.05425,200,0,0,-0.31836,1.04804,2.42873,3.77107,-4.12637,-2.52312,1.09735,2.51725,0,-537.762,0,-542.508,0,-489.622,0,-527.126,23.7635,-43.992,23.3449,-44.2155,27.8826,-41.5038,24.6939,-43.4766,16.8815,-0.197798,4.68844,-14.2591,-39.363,18.6874,15.8452,-7.63787,26.2006,6.95294e-310,-5.18243,6.68183e-310,-373.597,1.4822e-323,489.622,5.06782e-310,-200.117,23.7635,-49.1744,23.3449,-417.813,27.8826,448.118,24.6939,-243.593,-5.53669,18.2269,42.2388,65.5838,-71.7629,-43.8804,19.0844,43.7783,
1.07923,1.08056,0.973862,1.0583,200,0,0,0.144585,1.50161,1.76082,3.11447,-4.11393,-2.49787,1.28616,2.69592,0,-539.614,0,-540.279,0,-486.931,0,-529.151,23.6005,-44.0797,23.5418,-44.111,28.1055,-41.3531,24.5176,-43.5762,18.9063,-2.93743,3.00299,-12.4967,-41.8172,21.393,17.6199,-9.87563,22.7613,6.95294e-310,-66.8597,6.68183e-310,-284.441,1.4822e-323,486.931,5.06782e-310,-224.782,23.6005,-110.939,23.5418,-328.552,28.1055,445.578,24.5176,-268.358,2.51452,26.115,30.6229,54.1647,-71.5467,-43.4412,22.368,46.8856,
1.08335,1.07671,0.968409,1.06216,200,0,0,0.498804,1.84537,1.27602,2.63943,-4.10132,-2.47231,1.41816,2.81824,0,-541.675,0,-538.355,0,-484.205,0,-531.081,23.4186,-44.1766,23.7113,-44.0201,28.3305,-41.1993,24.3492,-43.6705,21.0699,-5.64342,1.34682,-10.9023,-44.4704,24.012,19.3372,-11.9923,20.1652,6.95294e-310,-113.801,6.68183e-310,-219.847,1.4822e-323,484.205,5.06782e-310,-241.826,23.4186,-157.977,23.7113,-263.867,28.3305,443.005,24.3492,-285.496,8.67486,32.0934,22.1917,45.9031,-71.3273,-42.9967,24.6636,49.0129,
1.08677,1.07169,0.963436,1.06576,200,0,0,0.800821,2.1387,0.855329,2.23142,-4.0898,-2.44903,1.53313,2.92418,0,-543.383,0,-535.845,0,-481.718,0,-532.879,23.2675,-44.2563,23.9321,-43.9005,28.5351,-41.0579,24.1921,-43.7578,22.9979,-8.45499,-0.45744,-9.01984,-46.6023,26.4747,20.8879,-14.1039,18.1954,6.95294e-310,-153.842,6.68183e-310,-164.12,1.4822e-323,481.718,5.06782e-310,-256.626,23.2675,-198.098,23.9321,-208.02,28.5351,440.66,24.1921,-300.384,13.9273,37.1949,14.8753,38.8074,-71.1269,-42.5918,26.6632,50.8553,
1.09086,1.06675,0.959157,1.06918,200,0,0,1.08254,2.40998,0.499606,1.88815,-4.07988,-2.42902,1.61369,2.99611,0,-545.432,0,-533.376,0,-479.579,0,-534.592,23.086,-44.3513,24.1485,-43.7818,28.7105,-40.9354,24.042,-43.8404,25.1184,-11.4414,-2.41456,-7.01596,-48.578,28.7258,22.2011,-15.982,16.6951,6.95294e-310,-191.014,6.68183e-310,-117.132,1.4822e-323,479.579,5.06782e-310,-266.82,23.086,-235.366,24.1485,-160.914,28.7105,438.643,24.042,-310.66,18.8268,41.9127,8.68879,32.8373,-70.9544,-42.2439,28.0642,52.1062,
1.09429,1.06209,0.955311,1.07211,200,0,0,1.29996,2.61865,0.224778,1.62504,-4.07095,-2.41105,1.67807,3.0531,0,-547.146,0,-531.045,0,-477.655,0,-536.054,22.9338,-44.4302,24.3524,-43.6688,28.8678,-40.8247,23.9137,-43.9106,26.9424,-14.1153,-4.18674,-5.20483,-50.2713,30.6954,23.3416,-17.6677,15.5611,6.95294e-310,-219.65,6.68183e-310,-80.993,1.4822e-323,477.655,5.06782e-310,-274.929,22.9338,-264.081,24.3524,-124.662,28.8678,436.831,23.9137,-318.84,22.608,45.5418,3.90919,28.2616,-70.7991,-41.9314,29.1838,53.0974,
1.09758,1.05645,0.951667,1.07482,200,0,0,1.51874,2.82904,-0.0477409,1.36667,-4.06249,-2.39405,1.73705,3.10525,0,-548.788,0,-528.223,0,-475.834,0,-537.409,22.7878,-44.5052,24.5985,-43.5306,29.0163,-40.7192,23.7947,-43.9752,28.7791,-17.0215,-6.17715,-3.10665,-51.6835,32.5936,24.3625,-19.3407,14.599,6.95294e-310,-248.497,6.68183e-310,-45.3539,1.4822e-323,475.834,5.06782e-310,-282.354,22.7878,-293.002,24.5985,-88.8845,29.0163,435.114,23.7947,-326.329,26.4129,49.2006,-0.830277,23.7682,-70.652,-41.6356,30.2096,54.0043,
1.10068,1.05214,0.94848,1.07743,200,0,0,1.67826,2.98061,-0.243266,1.1819,-4.05508,-2.37918,1.78377,3.14535,0,-550.34,0,-526.072,0,-474.24,0,-538.715,22.6495,-44.5758,24.7855,-43.4244,29.146,-40.6265,23.6797,-44.0372,30.3688,-19.4719,-7.82334,-1.43345,-53.1067,34.2786,25.3015,-20.8273,13.8348,6.95294e-310,-269.391,6.68183e-310,-19.8315,1.4822e-323,474.24,5.06782e-310,-288.143,22.6495,-313.967,24.7855,-63.2559,29.146,433.613,23.6797,-332.18,29.1871,51.8366,-4.23072,20.5548,-70.5231,-41.3771,31.0221,54.7018,
1.10369,1.0471,0.945795,1.08011,200,0,0,1.84354,3.13817,-0.447485,0.990263,-4.04883,-2.36667,1.83166,3.18644,0,-551.844,0,-523.549,0,-472.898,0,-540.057,22.5154,-44.6437,25.0043,-43.2988,29.2549,-40.5481,23.5614,-44.1006,31.884,-22.0966,-9.63302,0.510151,-54.2109,35.8988,26.1301,-22.324,13.1731,6.95294e-310,-291.081,6.68183e-310,6.72026,1.4822e-323,472.898,5.06782e-310,-294.076,22.5154,-335.724,25.0043,-36.5785,29.2549,432.349,23.5614,-338.177,32.0616,54.5769,-7.78235,17.222,-70.4145,-41.1596,31.855,55.4164,
1.10646,1.04271,0.943398,1.08203,200,0,0,1.98562,3.27314,-0.608678,0.839977,-4.04325,-2.35551,1.86189,3.21181,0,-553.228,0,-521.356,0,-471.699,0,-541.016,22.3917,-44.7058,25.194,-43.1887,29.352,-40.4779,23.4768,-44.1457,33.3326,-24.4231,-11.2571,2.17672,-55.1786,37.1998,26.7523,-23.4837,12.6802,6.95294e-310,-309.689,6.68183e-310,27.6011,1.4822e-323,471.699,5.06782e-310,-297.777,22.3917,-354.395,25.194,-15.5875,29.352,431.221,23.4768,-341.923,34.5326,56.9242,-10.5857,14.6083,-70.3175,-40.9654,32.3807,55.8575,
1.10894,1.03841,0.941397,1.08393,200,0,0,2.11301,3.39415,-0.756466,0.70286,-4.03859,-2.3462,1.89226,3.23737,0,-554.468,0,-519.205,0,-470.698,0,-541.963,22.2807,-44.7613,25.3796,-43.0799,29.433,-40.4191,23.3931,-44.1901,34.5971,-26.6202,-12.8037,3.80841,-55.9581,38.3918,27.3025,-24.5916,12.2604,6.95294e-310,-326.373,6.68183e-310,46.6925,1.4822e-323,470.698,5.06782e-310,-301.503,22.2807,-371.134,25.3796,3.6126,29.433,430.279,23.3931,-345.693,36.7479,59.0287,-13.1559,12.2236,-70.2364,-40.8034,32.9089,56.3021,
1.11124,1.03419,0.939671,1.08571,200,0,0,2.23093,3.50614,-0.8931,0.576663,-4.03457,-2.33817,1.92069,3.26126,0,-555.619,0,-517.095,0,-469.836,0,-542.855,22.1776,-44.8124,25.5611,-42.9724,29.5027,-40.3682,23.3142,-44.2318,35.7542,-28.7235,-14.2978,5.40304,-56.6038,39.4812,27.7809,-25.6286,11.9002,6.95294e-310,-341.816,6.68183e-310,64.2976,1.4822e-323,469.836,5.06782e-310,-304.986,22.1776,-386.629,25.5611,21.3251,29.5027,429.467,23.3142,-349.218,38.7988,60.9764,-15.5322,10.0289,-70.1665,-40.6638,33.4033,56.7175,
1.11335,1.03022,0.938281,1.08701,200,0,0,2.34351,3.61329,-1.01584,0.463707,-4.03133,-2.3317,1.9407,3.27797,0,-556.673,0,-515.112,0,-469.14,0,-543.503,22.0831,-44.8591,25.7313,-42.8707,29.5588,-40.3272,23.2569,-44.2619,36.8503,-30.6644,-15.7029,6.88659,-57.0637,40.3444,28.0972,-26.438,11.6284,6.95294e-310,-356.578,6.68183e-310,80.08,1.4822e-323,469.14,5.06782e-310,-307.431,22.0831,-401.437,25.7313,37.2093,29.5588,428.813,23.2569,-351.693,40.7567,62.8398,-17.6669,8.06448,-70.1101,-40.5514,33.7513,57.0082,
1.11524,1.02639,0.937226,1.08844,200,0,0,2.44507,3.70996,-1.13158,0.357416,-4.02887,-2.3268,1.96368,3.29729,0,-557.62,0,-513.195,0,-468.613,0,-544.222,21.9981,-44.9008,25.8956,-42.7717,29.6013,-40.296,23.1933,-44.2953,37.7719,-32.4899,-17.0284,8.33943,-57.3975,41.1609,28.3917,-27.2509,11.3849,6.95294e-310,-369.894,6.68183e-310,94.9436,1.4822e-323,468.613,5.06782e-310,-310.249,21.9981,-414.795,25.8956,52.1719,29.6013,428.317,23.1933,-354.544,42.5229,64.521,-19.6796,6.21593,-70.0674,-40.4661,34.151,57.3442,
1.11679,1.02265,0.936411,1.08946,200,0,0,2.54106,3.80196,-1.23923,0.258952,-4.02697,-2.32301,1.98238,3.3134,0,-558.393,0,-511.325,0,-468.206,0,-544.731,21.9287,-44.9348,26.0553,-42.6746,29.6341,-40.2718,23.1481,-44.3189,38.5834,-34.1491,-18.2639,9.70711,-57.5401,41.7975,28.5684,-27.9037,11.2018,6.95294e-310,-382.53,6.68183e-310,108.737,1.4822e-323,468.206,5.06782e-310,-312.571,21.9287,-427.464,26.0553,66.0621,29.6341,427.934,23.1481,-356.89,44.1924,66.121,-21.5518,4.50351,-70.0343,-40.4002,34.4762,57.6243,
1.11839,1.01901,0.935848,1.09052,200,0,0,2.63716,3.89391,-1.34502,0.16209,-4.02566,-2.3204,2.00037,3.3287,0,-559.196,0,-509.503,0,-467.924,0,-545.258,21.8565,-44.9699,26.2106,-42.5794,29.6568,-40.2551,23.1014,-44.3433,39.368,-35.7938,-19.4919,11.0777,-57.6153,42.384,28.6984,-28.5133,11.0401,6.95294e-310,-395.167,6.68183e-310,122.299,1.4822e-323,467.924,5.06782e-310,-314.789,21.8565,-440.137,26.2106,79.7192,29.6568,427.669,23.1014,-359.133,45.8636,67.7201,-23.3916,2.81896,-70.0115,-40.3547,34.789,57.8904,
1.11963,1.01554,0.935489,1.09118,200,0,0,2.72652,3.98007,-1.44255,0.0730274,-4.02482,-2.31872,2.01483,3.34148,0,-559.813,0,-507.772,0,-467.744,0,-545.588,21.8009,-44.9969,26.3579,-42.4884,29.6713,-40.2445,23.0721,-44.3585,40.0302,-37.2405,-20.6022,12.3335,-57.5237,42.8019,28.7291,-28.9721,10.9281,6.95294e-310,-406.969,6.68183e-310,134.782,1.4822e-323,467.744,5.06782e-310,-316.61,21.8009,-451.965,26.3579,92.2941,29.6713,427.5,23.0721,-360.969,47.4177,69.2186,-25.0879,1.27004,-69.9969,-40.3256,35.0406,58.1127,
1.12067,1.01226,0.935381,1.0917,200,0,0,2.81153,4.06239,-1.53548,-0.0118896,-4.02457,-2.31822,2.02822,3.35352,0,-560.334,0,-506.13,0,-467.69,0,-545.852,21.754,-45.0196,26.4973,-42.4016,29.6756,-40.2413,23.0487,-44.3707,40.5905,-38.5566,-21.6296,13.5228,-57.3109,43.1171,28.6974,-29.3456,10.847,6.95294e-310,-418.223,6.68183e-310,146.681,1.4822e-323,467.69,5.06782e-310,-318.312,21.754,-463.243,26.4973,104.28,29.6756,427.449,23.0487,-362.682,48.8962,70.6502,-26.7041,-0.206776,-69.9925,-40.3169,35.2733,58.3221,
1.12145,1.00916,0.935525,1.09211,200,0,0,2.89075,4.13959,-1.62395,-0.0927904,-4.02491,-2.31889,2.04139,3.36565,0,-560.724,0,-504.578,0,-467.762,0,-546.055,21.7189,-45.0365,26.6288,-42.3191,29.6698,-40.2455,23.0307,-44.3801,41.019,-39.7176,-22.5573,14.6377,-56.9653,43.3318,28.6114,-29.6444,10.7949,6.95294e-310,-428.747,6.68183e-310,158.012,1.4822e-323,467.762,5.06782e-310,-320.008,21.7189,-473.784,26.6288,115.693,29.6698,427.517,23.0307,-364.388,50.2739,71.9928,-28.2425,-1.61375,-69.9984,-40.3285,35.5025,58.5331,
1.12205,1.00634,0.93598,1.0923,200,0,0,2.96758,4.21486,-1.70795,-0.169946,-4.02597,-2.32101,2.05181,3.37559,0,-561.024,0,-503.17,0,-467.99,0,-546.151,21.6919,-45.0495,26.7479,-42.244,29.6515,-40.259,23.0221,-44.3845,41.3536,-40.7154,-23.3795,15.6558,-56.4795,43.4056,28.4359,-29.8072,10.7818,6.95294e-310,-438.985,6.68183e-310,168.798,1.4822e-323,467.99,5.06782e-310,-321.375,21.6919,-484.034,26.7479,126.554,29.6515,427.731,23.0221,-365.76,51.61,73.302,-29.7034,-2.95558,-70.0168,-40.3653,35.6837,58.7059,
1.12244,1.00404,0.936951,1.09234,200,0,0,3.03983,4.28609,-1.78553,-0.241944,-4.02823,-2.32552,2.05947,3.38316,0,-561.221,0,-502.019,0,-468.475,0,-546.169,21.6741,-45.0581,26.845,-42.1823,29.6124,-40.2878,23.0205,-44.3853,41.5346,-41.4708,-24.0337,16.529,-55.808,43.3038,28.1521,-29.8013,10.8183,6.95294e-310,-448.645,6.68183e-310,178.817,1.4822e-323,468.475,5.06782e-310,-322.401,21.6741,-493.703,26.845,136.634,29.6124,428.188,23.0205,-366.786,52.8666,74.5407,-31.0527,-4.20773,-70.0562,-40.4438,35.817,58.8375,
1.12266,1.00144,0.938449,1.09218,200,0,0,3.12648,4.37218,-1.87904,-0.329154,-4.03172,-2.33248,2.06763,3.39171,0,-561.329,0,-500.719,0,-469.224,0,-546.091,21.6644,-45.0628,26.9546,-42.1123,29.552,-40.3321,23.0275,-44.3817,41.63,-42.2226,-24.7263,17.514,-54.821,43.0429,27.7236,-29.6781,10.9013,6.95294e-310,-460.282,6.68183e-310,190.926,1.4822e-323,469.224,5.06782e-310,-323.531,21.6644,-505.344,26.9546,148.813,29.552,428.892,23.0275,-367.912,54.3735,76.0379,-32.679,-5.72441,-70.1169,-40.5649,35.9588,58.9863,
1.12263,0.999209,0.94033,1.09187,200,0,0,3.21034,4.45611,-1.96952,-0.414235,-4.03611,-2.34123,2.07426,3.39913,0,-561.317,0,-499.604,0,-470.165,0,-545.935,21.6655,-45.0623,27.0484,-42.0522,29.4761,-40.3876,23.0413,-44.3745,41.5839,-42.7655,-25.2788,18.3813,-53.6728,42.6364,27.2112,-29.4255,11.0273,6.95294e-310,-471.59,6.68183e-310,202.696,1.4822e-323,470.165,5.06782e-310,-324.484,21.6655,-516.652,27.0484,160.644,29.4761,429.777,23.0413,-368.859,55.832,77.4975,-34.2525,-7.20409,-70.1932,-40.7171,36.074,59.1153,
1.12239,0.997183,0.942451,1.09122,200,0,0,3.2974,4.54379,-2.06065,-0.500474,-4.04105,-2.35111,2.07741,3.40394,0,-561.197,0,-498.592,0,-471.226,0,-545.612,21.6763,-45.0571,27.1335,-41.9973,29.3903,-40.4501,23.07,-44.3596,41.4678,-43.1554,-25.7411,19.159,-52.3762,42.071,26.5974,-29.0191,11.2007,6.95294e-310,-483.371,6.68183e-310,214.595,1.4822e-323,471.226,5.06782e-310,-325.035,21.6763,-528.428,27.1335,172.598,29.3903,430.776,23.07,-369.395,57.3462,79.0225,-35.8374,-8.70389,-70.2791,-40.8888,36.1289,59.1989,
1.1219,0.995314,0.945268,1.09037,200,0,0,3.39505,4.64271,-2.16261,-0.597924,-4.04761,-2.36422,2.07957,3.40827,0,-560.952,0,-497.657,0,-472.634,0,-545.186,21.6984,-45.0464,27.212,-41.9465,29.2763,-40.5327,23.1077,-44.34,41.1886,-43.3804,-26.1171,19.9142,-50.7494,41.2845,25.8198,-28.4317,11.4482,6.95294e-310,-496.628,6.68183e-310,227.983,1.4822e-323,472.634,5.06782e-310,-325.493,21.6984,-541.675,27.212,186.036,29.2763,432.101,23.1077,-369.833,59.0443,80.7427,-37.6107,-10.3987,-70.3931,-41.1168,36.1665,59.2742,
1.12106,0.993636,0.947904,1.08933,200,0,0,3.48365,4.73348,-2.25794,-0.689208,-4.05374,-2.3765,2.08161,3.41296,0,-560.532,0,-496.818,0,-473.952,0,-544.665,21.7362,-45.0282,27.2823,-41.9008,29.1693,-40.6097,23.154,-44.3158,40.8139,-43.4325,-26.3719,20.5334,-49.1409,40.463,25.0647,-27.8292,11.7132,6.95294e-310,-508.735,6.68183e-310,240.513,1.4822e-323,473.952,5.06782e-310,-325.97,21.7362,-553.763,27.2823,198.612,29.1693,433.342,23.154,-370.286,60.5852,82.3215,-39.2685,-11.9862,-70.4998,-41.3305,36.2019,59.3558,
1.11984,0.99221,0.951392,1.08769,200,0,0,3.59291,4.84591,-2.36943,-0.797267,-4.06185,-2.39276,2.07752,3.41305,0,-559.921,0,-496.105,0,-475.696,0,-543.844,21.7912,-45.0016,27.342,-41.8618,29.0275,-40.7112,23.2267,-44.2778,40.2682,-43.2296,-26.4969,21.0716,-47.0788,39.2669,24.0371,-26.8886,12.1144,6.95294e-310,-523.701,6.68183e-310,255.27,1.4822e-323,475.696,5.06782e-310,-325.739,21.7912,-568.703,27.342,213.408,29.0275,434.985,23.2267,-370.017,62.4854,84.2766,-41.2076,-13.8655,-70.6408,-41.6133,36.1308,59.3575,
1.11818,0.991001,0.95446,1.08611,200,0,0,3.68016,4.93747,-2.46751,-0.892431,-4.06897,-2.40708,2.07781,3.41737,0,-559.088,0,-495.5,0,-477.23,0,-543.053,21.8662,-44.9652,27.3927,-41.8287,28.9025,-40.8001,23.2967,-44.241,39.5715,-42.834,-26.4662,21.4462,-45.1554,38.1526,23.1419,-26.0693,12.5085,6.95294e-310,-535.788,6.68183e-310,268.259,1.4822e-323,477.23,5.06782e-310,-326.086,21.8662,-580.753,27.3927,226.431,28.9025,436.43,23.2967,-370.327,64.0028,85.869,-42.9132,-15.5205,-70.7648,-41.8623,36.1358,59.4325,
1.1162,0.989993,0.958067,1.08385,200,0,0,3.79111,5.05352,-2.58199,-1.00449,-4.07735,-2.42393,2.07001,3.41529,0,-558.099,0,-494.996,0,-479.033,0,-541.927,21.955,-44.9219,27.4348,-41.8011,28.7551,-40.9041,23.3963,-44.1884,38.7864,-42.2349,-26.3355,21.7254,-42.9043,36.7099,22.0114,-24.9421,13.0491,6.95294e-310,-551.129,6.68183e-310,283.499,1.4822e-323,479.033,5.06782e-310,-325.473,21.955,-596.051,27.4348,241.697,28.7551,438.129,23.3963,-369.661,65.9323,87.8873,-44.9042,-17.4694,-70.9104,-42.1553,36.0001,59.3964,
1.11393,0.989214,0.962273,1.08162,200,0,0,3.83113,5.09939,-2.66856,-1.08919,-4.01738,-2.37387,2.01764,3.36859,0,-556.967,0,-494.607,0,-481.137,0,-540.812,22.0567,-44.872,27.4673,-41.7797,28.5828,-41.0247,23.4948,-44.1361,37.785,-41.4544,-26.0946,21.958,-40.3993,35.1109,20.784,-23.7315,13.4357,6.95294e-310,-556.967,6.68183e-310,295.02,1.4822e-323,471.739,5.06782e-310,-318.849,22.0567,-601.839,27.4673,253.24,28.5828,430.714,23.4948,-362.985,66.6283,88.685,-46.4098,-18.9425,-69.8674,-41.2846,35.0894,58.5842,
1.11136,0.988651,0.966324,1.0792,200,0,0,3.81782,5.09273,-2.72452,-1.1438,-3.91737,-2.28342,1.93818,3.29527,0,-555.679,0,-494.325,0,-483.162,0,-539.602,22.1723,-44.8151,27.4909,-41.7642,28.4164,-41.1401,23.6015,-44.0791,36.6947,-40.5125,-25.7371,22.0509,-37.918,33.4654,19.5666,-22.4996,13.7162,6.95294e-310,-555.679,6.68183e-310,302.455,1.4822e-323,459.02,5.06782e-310,-308.61,22.1723,-600.494,27.4909,260.691,28.4164,417.879,23.6015,-352.689,66.3969,88.5692,-47.383,-19.8921,-68.1281,-39.7117,33.7075,57.309,
1.10849,0.988231,0.969955,1.07657,200,0,0,3.80304,5.08532,-2.77441,-1.19268,-3.82487,-2.19953,1.86367,3.22743,0,-554.246,0,-494.116,0,-484.978,0,-538.283,22.3005,-44.7514,27.5084,-41.7527,28.2668,-41.243,23.7177,-44.0167,35.5689,-39.4488,-25.2817,22.0004,-35.5607,31.8322,18.4038,-21.2871,14.0498,6.95294e-310,-554.246,6.68183e-310,309.1,1.4822e-323,447.235,5.06782e-310,-299.079,22.3005,-598.998,27.5084,267.347,28.2668,405.992,23.7177,-343.096,66.1398,88.4403,-48.2506,-20.7422,-66.5195,-38.2527,32.4116,56.1293,
1.10526,0.988027,0.974569,1.07376,200,0,0,3.78634,5.07694,-2.83619,-1.25397,-3.71151,-2.09713,1.77566,3.14652,0,-552.629,0,-494.014,0,-487.285,0,-536.881,22.4452,-44.679,27.5169,-41.7471,28.0762,-41.373,23.841,-43.95,34.1736,-38.1641,-24.7135,21.9185,-32.7554,29.8906,17.0217,-19.8726,14.4803,6.95294e-310,-552.629,6.68183e-310,317.388,1.4822e-323,432.825,5.06782e-310,-287.762,22.4452,-597.308,27.5169,275.641,28.0762,391.452,23.841,-331.712,65.8493,88.2946,-49.325,-21.8081,-64.5481,-36.4718,30.8811,54.7221,
1.10184,0.988003,0.978979,1.07073,200,0,0,3.76871,5.06808,-2.89467,-1.31239,-3.59545,-1.99158,1.684,3.06252,0,-550.921,0,-494.002,0,-489.49,0,-535.365,22.5977,-44.6021,27.5179,-41.7464,27.8935,-41.4964,23.9742,-43.8776,32.7543,-36.7786,-24.0688,21.7142,-30.0108,27.906,15.6375,-18.4251,14.9794,6.95294e-310,-550.921,6.68183e-310,325.266,1.4822e-323,418.014,5.06782e-310,-275.997,22.5977,-595.523,27.5179,283.519,27.8935,376.517,23.9742,-319.874,65.5428,88.1405,-50.3421,-22.8242,-62.5296,-34.6361,29.287,53.2612,
1.09819,0.988219,0.983533,1.06758,200,0,0,3.74985,5.05859,-2.95488,-1.37312,-3.47221,-1.87922,1.58774,2.9742,0,-549.093,0,-494.11,0,-491.767,0,-533.789,22.7606,-44.5192,27.5089,-41.7524,27.7042,-41.623,24.1123,-43.8018,31.2163,-35.2474,-23.3238,21.403,-27.1975,25.8221,14.2071,-16.9231,15.5783,6.95294e-310,-549.093,6.68183e-310,333.421,1.4822e-323,402.263,5.06782e-310,-263.633,22.7606,-593.612,27.5089,291.669,27.7042,360.64,24.1123,-307.434,65.2149,87.9754,-51.3892,-23.8803,-60.3863,-32.682,27.6128,51.7251,
1.09418,0.988675,0.98774,1.06437,200,0,0,3.72921,5.04818,-3.0114,-1.43073,-3.3573,-1.77438,1.49948,2.89402,0,-547.092,0,-494.337,0,-493.87,0,-532.183,22.9386,-44.4277,27.4899,-41.7649,27.5289,-41.7392,24.2529,-43.7241,29.5719,-33.5581,-22.4421,20.9244,-24.5084,23.7732,12.853,-15.4795,16.3028,6.95294e-310,-547.092,6.68183e-310,341.126,1.4822e-323,387.57,5.06782e-310,-252.36,22.9386,-591.52,27.4899,299.361,27.5289,345.831,24.2529,-296.084,64.8558,87.7944,-52.3722,-24.8823,-58.3877,-30.8588,26.0779,50.3308,
1.09005,0.989406,0.993073,1.06096,200,0,0,3.70789,5.03741,-3.0847,-1.50579,-3.19779,-1.6277,1.3797,2.78279,0,-545.025,0,-494.703,0,-496.536,0,-530.482,23.1221,-44.3325,27.4593,-41.785,27.3059,-41.8854,24.4016,-43.6413,27.7237,-31.7129,-21.5031,20.4317,-21.3647,21.3591,11.2195,-13.7828,17.1862,6.95294e-310,-545.025,6.68183e-310,351.144,1.4822e-323,367.081,5.06782e-310,-236.874,23.1221,-589.357,27.4593,309.359,27.3059,325.196,24.4016,-280.515,64.485,87.6071,-53.6469,-26.1876,-55.6137,-28.3078,23.9947,48.3963,
1.08563,0.990496,0.998106,1.05751,200,0,0,3.68509,5.02587,-3.15524,-1.57895,-3.03916,-1.48121,1.26175,2.67349,0,-542.813,0,-495.248,0,-499.053,0,-528.756,23.3179,-44.2298,27.4137,-41.8149,27.0947,-42.0223,24.552,-43.5568,25.7721,-29.6989,-20.4158,19.7436,-18.358,18.9665,9.65058,-12.1268,18.2772,6.95294e-310,-542.813,6.68183e-310,360.858,1.4822e-323,346.656,5.06782e-310,-221.644,23.3179,-587.043,27.4137,319.043,27.0947,304.634,24.552,-265.201,64.0886,87.4065,-54.8738,-27.46,-52.855,-25.7602,21.9435,46.4955,
1.081,0.99203,1.00318,1.0538,200,0,0,3.66125,5.01378,-3.22564,-1.65304,-2.85892,-1.31324,1.12389,2.54493,0,-540.501,0,-496.015,0,-501.588,0,-526.898,23.5223,-44.1215,27.3496,-41.8569,26.8814,-42.1591,24.7137,-43.4653,23.7331,-27.5028,-19.192,18.8595,-15.3548,16.4521,8.02153,-10.3692,19.6526,6.95294e-310,-540.501,6.68183e-310,370.638,1.4822e-323,323.327,5.06782e-310,-203.781,23.5223,-584.622,27.3496,328.781,26.8814,281.167,24.7137,-247.246,63.674,87.1962,-56.0982,-28.7486,-49.7204,-22.839,19.5459,44.2596,
1.07615,0.99384,1.00844,1.05002,200,0,0,3.63625,5.00108,-3.30609,-1.73785,-2.64701,-1.11411,0.966183,2.39664,0,-538.074,0,-496.92,0,-504.218,0,-525.011,23.7361,-44.0068,27.2738,-41.9063,26.6592,-42.3,24.8776,-43.3717,21.55,-25.1669,-17.8698,17.8587,-12.2872,13.8337,6.34021,-8.57117,21.3802,6.95294e-310,-538.074,6.68183e-310,381.824,1.4822e-323,295.767,5.06782e-310,-183.254,23.7361,-582.08,27.2738,339.918,26.6592,253.467,24.8776,-226.625,63.2391,86.9752,-57.4973,-30.2235,-46.035,-19.3758,16.8032,41.6808,
1.07095,0.995889,1.01318,1.04607,200,0,0,3.60946,4.98743,-3.38664,-1.82334,-2.41791,-0.896571,0.795224,2.23554,0,-535.473,0,-497.945,0,-506.591,0,-523.034,23.9647,-43.8827,27.1878,-41.9621,26.4582,-42.426,25.0489,-43.273,19.2966,-22.6895,-16.4115,16.6554,-9.41043,11.2624,4.73543,-6.82091,23.6001,6.95294e-310,-535.473,6.68183e-310,393.069,1.4822e-323,265.794,5.06782e-310,-160.974,23.9647,-579.356,27.1878,351.107,26.4582,223.368,25.0489,-204.247,62.7733,86.7379,-58.898,-31.7102,-42.0507,-15.5925,13.83,38.8789,
1.06547,0.998238,1.0192,1.042,200,0,0,3.58127,4.97304,-3.51169,-1.95406,-2.07194,-0.565298,0.552705,2.00312,0,-532.735,0,-499.119,0,-509.599,0,-521.002,24.2047,-43.7508,27.0892,-42.0259,26.2024,-42.5844,25.2245,-43.1709,16.7262,-20.0168,-14.8788,15.4191,-6.02351,8.27791,2.83176,-4.84961,26.6144,6.95294e-310,-532.735,6.68183e-310,410.37,1.4822e-323,220.311,5.06782e-310,-129.069,24.2047,-576.486,27.0892,368.345,26.2024,177.727,25.2245,-172.24,62.2829,86.4876,-61.0729,-33.9837,-36.0337,-9.83127,9.61226,34.8368,
1.05973,1.00081,1.02484,1.03789,200,0,0,3.55173,4.95791,-3.65965,-2.10826,-1.64665,-0.153852,0.260502,1.7211,0,-529.865,0,-500.407,0,-512.421,0,-518.947,24.4554,-43.6112,26.9808,-42.0955,25.9617,-42.7316,25.4018,-43.0668,14.0724,-17.238,-13.2386,14.0152,-2.79938,5.33765,0.993985,-2.94345,30.7382,6.95294e-310,-529.865,6.68183e-310,430.802,1.4822e-323,164.07,5.06782e-310,-90.4763,24.4554,-573.476,26.9808,388.707,25.9617,121.338,25.4018,-133.543,61.7692,86.2246,-63.6462,-36.6653,-28.6373,-2.67569,4.53047,29.9323,
1.05378,1.00361,1.0308,1.03369,200,0,0,3.52115,4.94222,-3.86887,-2.32424,-1.03171,0.446425,-0.150728,1.32028,0,-526.892,0,-501.803,0,-515.4,0,-516.844,24.7142,-43.465,26.8632,-42.1707,25.7067,-42.8855,25.5827,-42.9596,11.267,-14.352,-11.5346,12.5172,0.536492,2.24254,-0.943172,-0.976731,36.7121,6.95294e-310,-526.892,6.68183e-310,459.532,1.4822e-323,82.3285,5.06782e-310,-35.8579,24.7142,-570.357,26.8632,417.361,25.7067,39.443,25.5827,-78.8175,61.2374,85.9516,-67.2847,-40.4215,-17.9428,7.76392,-2.62136,22.9613,
1.04771,1.00664,1.03686,1.02941,200,0,0,3.48991,4.92614,-4.17901,-2.64173,-0.0896692,1.37348,-0.770492,0.711069,0,-523.854,0,-503.32,0,-518.432,0,-514.705,24.9779,-43.314,26.7352,-42.252,25.4461,-43.0406,25.7663,-42.8497,8.3601,-11.3842,-9.77157,10.9073,3.88103,-0.944833,-2.93428,1.01822,46.0159,6.95294e-310,-523.854,6.68183e-310,501.91,1.4822e-323,-43.4774,5.06782e-310,46.8543,24.9779,-567.168,26.7352,459.658,25.4461,-86.518,25.7663,4.00459,60.6941,85.672,-72.6784,-45.9432,-1.55946,23.8867,-13.3999,12.3664,
1.04157,1.01027,1.04302,1.02512,200,0,0,3.00327,4.45475,-4.1978,-2.66936,1.33447,2.78235,-1.69016,-0.198046,0,-520.786,0,-505.135,0,-521.512,0,-512.559,25.2432,-43.16,26.5816,-42.3488,25.1805,-43.1965,25.9499,-42.7388,5.33896,-8.2594,-7.88017,9.08075,7.15456,-4.21093,-4.95847,3.05585,55.627,6.95294e-310,-459.446,6.68183e-310,505.135,1.4822e-323,-234.241,5.06782e-310,169.988,25.2432,-502.606,26.5816,462.786,25.1805,-277.438,25.9499,127.249,52.2308,77.474,-73.0052,-46.4236,23.2082,48.3887,-29.3942,-3.44428,
1.03472,1.01342,1.04917,1.02078,200,0,0,2.21651,3.68497,-4.20503,-2.68427,3.4967,4.92929,-3.00452,-1.50176,0,-517.359,0,-506.711,0,-524.585,0,-510.39,25.5384,-42.9859,26.448,-42.4323,24.9145,-43.3505,26.135,-42.6258,2.05385,-5.09574,-5.9683,7.2791,10.5809,-7.53448,-7.00062,4.97488,69.6117,6.95294e-310,-354.723,6.68183e-310,506.711,1.4822e-323,-524.488,5.06782e-310,346.31,25.5384,-397.709,26.448,464.279,24.9145,-567.838,26.135,303.684,38.5481,64.0865,-73.1309,-46.6829,60.8122,85.7267,-52.2525,-26.1175,
1.02912,1.0172,1.0552,1.01645,200,0,0,0.355778,1.83805,-2.40292,-0.89138,3.52842,4.94596,-2.98265,-1.4693,0,-514.561,0,-508.599,0,-527.6,0,-508.227,25.7786,-42.8423,26.2876,-42.5319,24.6527,-43.4999,26.3192,-42.5123,-0.790826,-2.15374,-4.20938,5.42605,13.6429,-10.8218,-9.07497,7.02586,48.7535,6.95294e-310,-105.002,6.68183e-310,264.539,1.4822e-323,-527.6,5.06782e-310,342.535,25.7786,-147.845,26.2876,222.007,24.6527,-571.099,26.3192,300.023,6.18745,31.966,-41.7899,-15.5023,61.3639,86.0166,-51.8722,-25.553,
1.02272,1.02134,1.06112,1.01227,200,0,0,-0.733164,0.76484,-1.35865,0.142733,3.55888,4.96158,-2.94385,-1.42029,0,-511.361,0,-510.672,0,-530.56,0,-506.136,26.0522,-42.6765,26.111,-42.6405,24.3948,-43.6451,26.4968,-42.4019,-4.02775,1.07768,-2.20124,3.31166,16.6787,-14.1033,-11.0774,8.94503,37.6195,6.95294e-310,40.5417,6.68183e-310,124.583,1.4822e-323,-530.56,5.06782e-310,336.507,26.0522,-2.13473,26.111,81.9423,24.3948,-574.205,26.4968,294.105,-12.7507,13.3016,-23.6287,2.48231,61.8935,86.2883,-51.1975,-24.7007,
1.01618,1.02566,1.06685,1.00795,200,0,0,-1.43225,0.0817757,-0.67074,0.820052,3.58836,4.97666,-2.92281,-1.38871,0,-508.089,0,-512.829,0,-533.424,0,-503.973,26.3309,-42.5051,25.9268,-42.7528,24.1444,-43.7841,26.68,-42.2869,-7.31515,4.35663,-0.1428,1.06669,19.611,-17.4057,-13.0892,10.8608,30.6465,6.95294e-310,133.515,6.68183e-310,32.6904,1.4822e-323,-533.424,5.06782e-310,332.845,26.3309,91.0104,25.9268,-10.0624,24.1444,-577.208,26.68,290.558,-24.9087,1.42219,-11.665,14.2618,62.4063,86.5506,-50.8314,-24.1514,
1.00941,1.03078,1.07226,1.00369,200,0,0,-1.96768,-0.437134,-0.126636,1.35156,3.61625,4.99089,-2.91203,-1.3676,0,-504.704,0,-515.388,0,-536.132,0,-501.845,26.6181,-42.3258,25.7077,-42.8849,23.9068,-43.9143,26.8596,-42.173,-10.7667,7.87098,2.14347,-1.52746,22.281,-20.6463,-15.0159,12.7307,25.9674,6.95294e-310,204.389,6.68183e-310,-39.6642,1.4822e-323,-536.132,5.06782e-310,330.583,26.6181,162.063,25.7077,-82.5491,23.9068,-580.047,26.8596,288.41,-34.2205,-7.60233,-2.20236,23.5053,62.8913,86.7981,-50.644,-23.7843,
1.00151,1.03532,1.07669,0.999856,200,0,0,-2.40601,-0.856311,0.297292,1.76427,3.63903,5.00249,-2.86874,-1.31502,0,-500.757,0,-517.659,0,-538.343,0,-499.928,26.9513,-42.1144,25.5127,-43.0012,23.7124,-44.0196,27.0212,-42.0697,-14.5491,11.44,4.57757,-4.18923,24.7358,-23.5092,-16.6225,14.1498,22.8992,6.95294e-310,261.967,6.68183e-310,-95.9302,1.4822e-323,-538.343,5.06782e-310,324.019,26.9513,219.852,25.5127,-138.931,23.7124,-582.363,27.0212,281.949,-41.8437,-14.8924,5.1703,30.683,63.2874,86.9998,-49.8911,-22.8699,
0.994403,1.0409,1.08013,0.99698,200,0,0,-2.80113,-1.23425,0.698036,2.15118,3.65675,5.01149,-2.84014,-1.27947,0,-497.202,0,-520.451,0,-540.063,0,-498.49,27.2502,-41.9217,25.2721,-43.143,23.5608,-44.1009,27.1421,-41.9918,-18.1399,14.998,7.13589,-7.11359,26.409,-25.8064,-17.8012,15.2726,20.9275,6.95294e-310,313.872,6.68183e-310,-148.87,1.4822e-323,-540.063,5.06782e-310,319.618,27.2502,271.95,25.2721,-192.013,23.5608,-584.164,27.1421,277.626,-48.7154,-21.4652,12.1398,37.4119,63.5956,87.1564,-49.3937,-22.2517,
0.988627,1.04717,1.08342,0.994415,200,0,0,-3.11978,-1.539,1.04932,2.48689,3.67373,5.02011,-2.8374,-1.27055,0,-494.313,0,-523.585,0,-541.711,0,-497.208,27.4919,-41.7636,25.0012,-43.3006,23.4154,-44.1783,27.2497,-41.922,-21.3143,18.3566,9.55461,-10.0631,27.6736,-27.9541,-18.9132,16.4492,19.3786,6.95294e-310,355.725,6.68183e-310,-195.009,1.4822e-323,-541.711,5.06782e-310,318.762,27.4919,313.962,25.0012,-238.31,23.4154,-585.889,27.2497,276.84,-54.2571,-26.7653,18.249,43.2502,63.8909,87.3063,-49.3461,-22.0964,
0.98188,1.05158,1.08659,0.991934,200,0,0,-3.36302,-1.76607,1.29568,2.72225,3.69003,5.02838,-2.80083,-1.228,0,-490.94,0,-525.79,0,-543.293,0,-495.967,27.773,-41.5771,24.81,-43.4104,23.2755,-44.2521,27.3536,-41.8543,-24.6901,21.408,11.7462,-12.5697,29.3001,-30.0358,-20.0087,17.3241,18.0882,6.95294e-310,387.233,6.68183e-310,-227.363,1.4822e-323,-543.293,5.06782e-310,313.362,27.773,345.656,24.81,-270.774,23.2755,-587.545,27.3536,271.508,-58.4873,-30.7142,22.5335,47.3435,64.1745,87.45,-48.71,-21.3564,
0.975672,1.0564,1.08932,0.989454,200,0,0,-3.58106,-1.9693,1.53449,2.94902,3.70412,5.0355,-2.78116,-1.20237,0,-487.836,0,-528.199,0,-544.659,0,-494.727,28.0306,-41.4039,24.6006,-43.5294,23.1545,-44.3156,27.4573,-41.7863,-27.8413,24.3938,13.9207,-15.1853,30.5892,-31.9804,-21.028,18.2163,17.031,6.95294e-310,415.45,6.68183e-310,-258.62,1.4822e-323,-544.659,5.06782e-310,310.242,28.0306,374.046,24.6006,-302.15,23.1545,-588.975,27.4573,268.455,-62.2794,-34.2488,26.6867,51.2873,64.4195,87.574,-48.3681,-20.9108,
0.970099,1.06033,1.09145,0.987356,200,0,0,-3.75312,-2.12812,1.72324,3.12792,3.71512,5.04106,-2.76038,-1.17655,0,-485.05,0,-530.164,0,-545.726,0,-493.678,28.2609,-41.2471,24.4293,-43.6258,23.0599,-44.3649,27.5449,-41.7286,-30.6055,26.9281,15.7907,-17.4335,31.6591,-33.5824,-21.8606,18.8946,16.2503,6.95294e-310,437.591,6.68183e-310,-283.3,1.4822e-323,-545.726,5.06782e-310,307.044,28.2609,396.344,24.4293,-326.926,23.0599,-590.091,27.5449,265.315,-65.2716,-37.0107,29.9693,54.3986,64.6108,87.6707,-48.0067,-20.4618,
0.963735,1.06524,1.09313,0.985499,200,0,0,-3.97375,-2.33369,1.96507,3.35741,3.72377,5.04543,-2.73314,-1.14485,0,-481.868,0,-532.621,0,-546.565,0,-492.749,28.5228,-41.0664,24.2146,-43.7453,22.9854,-44.4035,27.6224,-41.6774,-33.7832,29.878,18.0642,-20.1871,32.4491,-35.0335,-22.5146,19.4229,15.6012,6.95294e-310,466.133,6.68183e-310,-314.943,1.4822e-323,-546.565,5.06782e-310,303.02,28.5228,425.067,24.2146,-358.689,22.9854,-590.968,27.6224,261.343,-69.1087,-40.5859,34.1751,58.3897,64.7612,87.7467,-47.5328,-19.9104,
0.958846,1.06935,1.09456,0.983893,200,0,0,-4.07915,-2.42757,2.11059,3.49258,3.67318,4.9912,-2.68625,-1.09412,0,-479.423,0,-534.676,0,-547.278,0,-491.946,28.7233,-40.9265,24.0346,-43.8445,22.9221,-44.4362,27.6893,-41.633,-36.2735,32.223,19.8586,-22.4328,33.0505,-36.2588,-23.0984,19.9214,14.8783,6.95294e-310,479.423,6.68183e-310,-333.761,1.4822e-323,-539.467,5.06782e-310,296.397,28.7233,438.496,24.0346,-377.605,22.9221,-583.904,27.6893,254.764,-70.9418,-42.2186,36.7059,60.7405,63.8814,86.8034,-46.7174,-19.0281,
0.953129,1.07264,1.09591,0.982359,200,0,0,-4.06588,-2.40087,2.15438,3.52808,3.50963,4.82419,-2.56268,-0.966875,0,-476.565,0,-536.318,0,-547.955,0,-491.179,28.9567,-40.7616,23.8905,-43.9232,22.8619,-44.4672,27.7531,-41.5905,-39.0049,34.5085,21.6359,-24.5491,33.8584,-37.448,-23.6649,20.2354,13.8101,6.95294e-310,476.565,6.68183e-310,-339.025,1.4822e-323,-517.16,5.06782e-310,279.452,28.9567,435.803,23.8905,-382.948,22.8619,-561.627,27.7531,237.861,-70.711,-41.7543,37.4674,61.3579,61.037,83.8989,-44.5683,-16.8152,
0.948755,1.07636,1.09705,0.980933,200,0,0,-4.05572,-2.38047,2.20432,3.5686,3.37892,4.69057,-2.47841,-0.879201,0,-474.378,0,-538.182,0,-548.524,0,-490.466,29.1348,-40.6345,23.7266,-44.0119,22.8113,-44.4932,27.8124,-41.5508,-41.2352,36.5817,23.239,-26.6073,34.31,-38.5052,-24.1716,20.6534,12.9676,6.95294e-310,474.378,6.68183e-310,-345.032,1.4822e-323,-499.32,5.06782e-310,267.825,29.1348,433.743,23.7266,-389.044,22.8113,-543.814,27.8124,226.274,-70.5342,-41.3995,38.3359,62.0626,58.7639,81.5751,-43.1028,-15.2905,
0.943626,1.07963,1.09786,0.979567,200,0,0,-4.04378,-2.35657,2.24453,3.60052,3.24648,4.55604,-2.38445,-0.781974,0,-471.813,0,-539.817,0,-548.931,0,-489.783,29.3428,-40.4846,23.5825,-44.0893,22.775,-44.5118,27.8691,-41.5128,-43.6765,38.6755,24.9084,-28.6752,34.7969,-39.454,-24.6,20.8949,12.1993,6.95294e-310,471.813,6.68183e-310,-349.816,1.4822e-323,-481.31,5.06782e-310,254.902,29.3428,431.328,23.5825,-393.905,22.775,-525.822,27.8691,213.389,-70.3267,-40.9839,39.0353,62.6178,56.4605,79.2354,-41.4687,-13.5995,
0.93924,1.08259,1.09835,0.978392,200,0,0,-4.03357,-2.33616,2.28031,3.62879,3.13596,4.44426,-2.30927,-0.703993,0,-469.62,0,-541.297,0,-549.177,0,-489.196,29.5201,-40.3555,23.4519,-44.1589,22.7531,-44.523,27.9179,-41.48,-45.7557,40.4912,26.3748,-30.5278,35.0951,-40.2065,-24.9259,21.0852,11.5981,6.95294e-310,469.62,6.68183e-310,-354.063,1.4822e-323,-466.318,5.06782e-310,244.548,29.5201,429.264,23.4519,-398.222,22.7531,-510.841,27.9179,203.068,-70.149,-40.6289,39.6575,63.1095,54.5384,77.2915,-40.1612,-12.2434,
0.935525,1.08585,1.09861,0.977517,200,0,0,-4.02491,-2.31889,2.31904,3.65924,3.02931,4.33697,-2.24207,-0.63471,0,-467.762,0,-542.927,0,-549.303,0,-488.759,29.6698,-40.2455,23.3078,-44.2351,22.7419,-44.5287,27.9541,-41.4556,-47.6113,42.2165,27.7857,-32.3689,35.1332,-40.7844,-25.1281,21.2386,11.0801,6.95294e-310,467.762,6.68183e-310,-358.649,1.4822e-323,-451.895,5.06782e-310,235.326,29.6698,427.517,23.3078,-402.885,22.7419,-496.423,27.9541,193.87,-69.9984,-40.3285,40.3312,63.639,52.6837,75.4256,-38.9926,-11.0384,
0.931522,1.08835,1.09861,0.97687,200,0,0,-4.01556,-2.3003,2.34615,3.68001,2.9289,4.23656,-2.17065,-0.561742,0,-465.761,0,-544.174,0,-549.303,0,-488.435,29.8307,-40.1264,23.1975,-44.2931,22.7419,-44.5287,27.981,-41.4375,-49.4765,43.7744,29.1052,-34.0053,35.2254,-41.1992,-25.234,21.2008,10.64,6.95294e-310,465.761,6.68183e-310,-361.817,1.4822e-323,-438.361,5.06782e-310,225.577,29.8307,425.634,23.1975,-406.11,22.7419,-482.89,27.981,184.139,-69.8359,-40.0052,40.8026,64.0001,50.9374,73.6793,-37.7504,-9.76943,
0.928142,1.09025,1.09834,0.976499,200,0,0,-4.00767,-2.28462,2.36676,3.69576,2.84306,4.15139,-2.1086,-0.498814,0,-464.071,0,-545.126,0,-549.171,0,-488.249,29.9661,-40.0254,23.1131,-44.3372,22.7536,-44.5227,27.9963,-41.4271,-51.0078,45.0179,30.1931,-35.332,35.22,-41.4065,-25.2278,21.0644,10.3086,6.95294e-310,464.071,6.68183e-310,-364.224,1.4822e-323,-426.842,5.06782e-310,217.144,29.9661,424.046,23.1131,-408.561,22.7536,-471.365,27.9963,175.717,-69.6986,-39.7325,41.161,64.274,49.4445,72.1981,-36.6714,-8.67502,
0.92499,1.09231,1.09774,0.976211,200,0,0,-4.0003,-2.27001,2.39096,3.7147,2.75331,4.06317,-2.04834,-0.437863,0,-462.495,0,-546.157,0,-548.872,0,-488.106,30.0921,-39.9307,23.0216,-44.3847,22.7803,-44.5091,28.0083,-41.419,-52.4264,46.2401,31.2871,-36.7009,35.0172,-41.4778,-25.1251,20.8925,10.002,6.95294e-310,462.495,6.68183e-310,-367.084,1.4822e-323,-414.862,5.06782e-310,208.967,30.0921,422.564,23.0216,-411.469,22.7803,-459.372,28.0083,167.548,-69.5705,-39.4784,41.5819,64.6036,47.8836,70.6639,-35.6233,-7.61502,
0.92215,1.09394,1.09663,0.976031,200,0,0,-3.99366,-2.25685,2.41347,3.73305,2.66458,3.9773,-1.99086,-0.379953,0,-461.075,0,-546.972,0,-548.314,0,-488.016,30.2054,-39.8451,22.9492,-44.4222,22.8299,-44.4837,28.0157,-41.414,-53.5913,47.2627,32.2574,-37.9066,34.6426,-41.3222,-24.8868,20.6227,9.75557,6.95294e-310,461.075,6.68183e-310,-369.8,1.4822e-323,-403.122,5.06782e-310,201.186,30.2054,421.23,22.9492,-414.222,22.8299,-447.605,28.0157,159.772,-69.455,-39.2496,41.9734,64.9227,46.3406,69.1705,-34.6236,-6.60788,
0.919586,1.09544,1.09508,0.975947,200,0,0,-3.98766,-2.24498,2.43713,3.75288,2.5734,3.89007,-1.93473,-0.323625,0,-459.793,0,-547.721,0,-547.541,0,-487.974,30.3075,-39.7675,22.8827,-44.4565,22.8987,-44.4483,28.0192,-41.4117,-54.57,48.1785,33.1697,-39.0522,34.0809,-40.9841,-24.5297,20.2865,9.54353,6.95294e-310,459.793,6.68183e-310,-372.696,1.4822e-323,-391.133,5.06782e-310,193.605,30.3075,420.025,22.8827,-417.153,22.8987,-435.581,28.0192,152.193,-69.3506,-39.0431,42.3848,65.2675,44.7547,67.6534,-33.6474,-5.62826,
0.917249,1.09675,1.09306,0.975983,200,0,0,-3.98218,-2.23416,2.46149,3.7739,2.47795,3.7998,-1.87798,-0.266962,0,-458.624,0,-548.374,0,-546.529,0,-487.992,30.4003,-39.6966,22.8246,-44.4864,22.9886,-44.4018,28.0177,-41.4127,-55.3693,48.9814,34.0243,-40.1277,33.3293,-40.4416,-24.0372,19.861,9.36324,6.95294e-310,458.624,6.68183e-310,-375.725,1.4822e-323,-378.664,5.06782e-310,185.963,30.4003,418.928,22.8246,-420.211,22.9886,-423.066,28.0177,144.55,-69.2554,-38.855,42.8085,65.6331,43.0949,66.0835,-32.6605,-4.64282,
0.915451,1.09784,1.09124,0.976127,200,0,0,-3.97797,-2.22585,2.48203,3.79165,2.39778,3.72428,-1.83063,-0.219954,0,-457.725,0,-548.919,0,-545.618,0,-488.064,30.4717,-39.6419,22.7761,-44.5113,23.0695,-44.3599,28.0117,-41.4167,-55.9704,49.6131,34.7153,-41.002,32.6237,-39.9109,-23.5693,19.4678,9.2259,6.95294e-310,457.725,6.68183e-310,-378.28,1.4822e-323,-368.214,5.06782e-310,179.608,30.4717,418.084,22.7761,-422.791,23.0695,-412.574,28.0117,138.191,-69.1821,-38.7104,43.1657,65.9417,41.7006,64.7701,-31.837,-3.82529,
0.913402,1.09869,1.0888,0.976475,200,0,0,-3.97317,-2.21638,2.5027,3.81015,2.30241,3.6351,-1.77202,-0.162175,0,-456.701,0,-549.345,0,-544.401,0,-488.237,30.5528,-39.5793,22.7382,-44.5306,23.1773,-44.3036,27.9973,-41.4264,-56.5691,50.2156,35.443,-41.8811,31.7386,-39.1248,-22.9171,18.8871,9.09481,6.95294e-310,456.701,6.68183e-310,-380.901,1.4822e-323,-355.833,5.06782e-310,171.775,30.5528,417.122,22.7382,-425.431,23.1773,-400.136,27.9973,130.348,-69.0985,-38.5457,43.5253,66.2634,40.0418,63.2192,-30.8178,-2.82044,
0.91182,1.09934,1.08607,0.976882,200,0,0,-3.96946,-2.20907,2.52387,3.82966,2.20928,3.54893,-1.71769,-0.108814,0,-455.91,0,-549.668,0,-543.035,0,-488.441,30.6154,-39.531,22.7093,-44.5453,23.2983,-44.2401,27.9805,-41.4378,-56.9111,50.6605,36.0506,-42.6285,30.7127,-38.2043,-22.1838,18.2823,8.99932,6.95294e-310,455.91,6.68183e-310,-383.628,1.4822e-323,-343.813,5.06782e-310,164.528,30.6154,416.379,22.7093,-428.173,23.2983,-388.053,27.9805,123.091,-69.034,-38.4186,43.8935,66.6028,38.4222,61.7205,-29.8729,-1.89242,
0.910502,1.09984,1.08321,0.977493,200,0,0,-3.96636,-2.20298,2.544,3.84849,2.11603,3.46296,-1.6624,-0.0549807,0,-455.251,0,-549.92,0,-541.603,0,-488.747,30.6675,-39.4906,22.6869,-44.5567,23.4249,-44.1732,27.9551,-41.4549,-57.1354,51.0047,36.586,-43.2731,29.6154,-37.174,-21.3733,17.6112,8.92566,6.95294e-310,455.251,6.68183e-310,-386.241,1.4822e-323,-331.803,5.06782e-310,157.191,30.6675,415.76,22.6869,-430.798,23.4249,-375.976,27.9551,115.737,-68.9802,-38.3127,44.2434,66.9303,36.8006,60.2255,-28.9113,-0.956186,
0.909411,1.10019,1.0799,0.978344,200,0,0,-3.9638,-2.19795,2.56514,3.86875,2.01449,3.36982,-1.60198,0.00341543,0,-454.705,0,-550.094,0,-539.949,0,-489.172,30.7105,-39.4571,22.6714,-44.5646,23.5709,-44.0955,27.9198,-41.4787,-57.21,51.247,37.0708,-43.8444,28.3285,-35.9255,-20.4053,16.8163,8.87281,6.95294e-310,454.705,6.68183e-310,-389.023,1.4822e-323,-318.76,5.06782e-310,149.208,30.7105,415.248,22.6714,-433.588,23.5709,-362.856,27.9198,107.729,-68.9357,-38.2252,44.6111,67.2825,35.0347,58.6056,-27.8604,0.0593989,
0.908608,1.10033,1.07706,0.979147,200,0,0,-3.96192,-2.19424,2.58173,3.88497,1.92995,3.29247,-1.55067,0.0528075,0,-454.304,0,-550.166,0,-538.529,0,-489.574,30.7422,-39.4324,22.665,-44.5679,23.696,-44.0284,27.8865,-41.5011,-57.2102,51.3844,37.4272,-44.2505,27.23,-34.8273,-19.5599,16.1112,8.84128,6.95294e-310,454.304,6.68183e-310,-391.231,1.4822e-323,-307.918,5.06782e-310,142.444,30.7422,414.872,22.665,-435.799,23.696,-351.946,27.8865,100.943,-68.9029,-38.1607,44.8996,67.5646,33.5644,57.2604,-26.9681,0.918391,
0.907877,1.10025,1.07373,0.980334,200,0,0,-3.9602,-2.19087,2.59831,3.90177,1.83178,3.20273,-1.48806,0.112581,0,-453.938,0,-550.124,0,-536.863,0,-490.167,30.771,-39.4099,22.6688,-44.566,23.8426,-43.9492,27.8373,-41.5342,-57.1266,51.4273,37.755,-44.5782,25.9439,-33.4587,-18.514,15.207,8.8268,6.95294e-310,453.938,6.68183e-310,-393.483,1.4822e-323,-295.333,5.06782e-310,134.23,30.771,414.529,22.6688,-438.049,23.8426,-339.282,27.8373,92.6954,-68.8731,-38.102,45.1881,67.8568,31.8571,55.6997,-25.8793,1.95794,
0.907374,1.09994,1.07017,0.981496,200,0,0,-3.95902,-2.18854,2.61516,3.91941,1.73363,3.11356,-1.42674,0.171124,0,-453.687,0,-549.968,0,-535.084,0,-490.748,30.7909,-39.3945,22.6827,-44.5589,23.9989,-43.864,27.789,-41.5665,-56.8812,51.3605,37.9965,-44.8089,24.5835,-32.0142,-17.4254,14.2849,8.83338,6.95294e-310,453.687,6.68183e-310,-395.815,1.4822e-323,-282.794,5.06782e-310,126.184,30.7909,414.292,22.6827,-440.373,23.9989,-326.658,27.789,84.6178,-68.8525,-38.0616,45.4811,68.1637,30.15,54.1489,-24.8129,2.97606,
0.90705,1.09947,1.06644,0.982635,200,0,0,-3.95826,-2.18705,2.63248,3.93793,1.63527,3.02459,-1.3662,0.228939,0,-453.525,0,-549.734,0,-533.22,0,-491.317,30.8036,-39.3845,22.7035,-44.5483,24.1622,-43.7743,27.7416,-41.5981,-56.514,51.2139,38.1723,-44.9709,23.1649,-30.5188,-16.3072,13.3521,8.85551,6.95294e-310,453.525,6.68183e-310,-398.241,1.4822e-323,-270.26,5.06782e-310,118.24,30.8036,414.141,22.7035,-442.789,24.1622,-314.034,27.7416,76.6418,-68.8393,-38.0357,45.7823,68.4858,28.4394,52.6016,-23.7601,3.98155,
0.906882,1.09856,1.06252,0.984133,200,0,0,-3.95787,-2.18628,2.64636,3.95415,1.531,2.93018,-1.297,0.294559,0,-453.441,0,-549.279,0,-531.261,0,-492.066,30.8102,-39.3793,22.744,-44.5276,24.3335,-43.6793,27.6793,-41.6396,-56.0452,50.9023,38.2405,-44.9356,21.7046,-28.8464,-15.0681,12.258,8.90807,6.95294e-310,453.441,6.68183e-310,-400.289,1.4822e-323,-256.965,5.06782e-310,109.195,30.8102,414.062,22.744,-444.817,24.3335,-300.645,27.6793,67.5557,-68.8324,-38.0222,46.0237,68.7678,26.6261,50.9596,-22.5565,5.12277,
0.90693,1.09738,1.05853,0.985487,200,0,0,-3.95798,-2.1865,2.65984,3.97063,1.4304,2.83959,-1.23141,0.356903,0,-453.465,0,-548.692,0,-529.265,0,-492.743,30.8083,-39.3808,22.7963,-44.5009,24.5077,-43.5818,27.6229,-41.6771,-55.4237,50.4794,38.2045,-44.7876,20.2469,-27.1818,-13.8519,11.2,8.98317,6.95294e-310,453.465,6.68183e-310,-402.335,1.4822e-323,-244.178,5.06782e-310,100.611,30.8083,414.084,22.7963,-446.836,24.5077,-287.76,27.6229,58.9344,-68.8344,-38.0261,46.2581,69.0544,24.8765,49.3842,-21.4159,6.207,
0.907182,1.09581,1.05388,0.986985,200,0,0,-3.95857,-2.18766,2.67505,3.98985,1.31589,2.73672,-1.15685,0.427872,0,-453.591,0,-547.907,0,-526.94,0,-493.492,30.7984,-39.3885,22.8662,-44.465,24.7101,-43.4674,27.5604,-41.7184,-54.5861,49.8947,38.0722,-44.5158,18.5648,-25.2606,-12.459,9.99291,9.09097,6.95294e-310,453.591,6.68183e-310,-404.692,1.4822e-323,-229.643,5.06782e-310,90.8452,30.7984,414.202,22.8662,-449.157,24.7101,-273.11,27.5604,49.1268,-68.8447,-38.0463,46.5226,69.3888,22.885,47.5951,-20.1192,7.44125,
0.907637,1.09402,1.04994,0.988339,200,0,0,-3.95964,-2.18976,2.68455,4.00394,1.22007,2.65075,-1.09176,0.489716,0,-453.819,0,-547.008,0,-524.969,0,-494.17,30.7805,-39.4026,22.946,-44.4239,24.8812,-43.3696,27.5039,-41.7557,-53.7293,49.2203,37.8125,-44.069,17.1842,-23.5886,-11.2671,8.92914,9.22015,6.95294e-310,453.819,6.68183e-310,-406.322,1.4822e-323,-217.49,5.06782e-310,82.328,30.7805,414.416,22.946,-450.746,24.8812,-260.86,27.5039,40.5723,-68.8633,-38.0828,46.6878,69.6338,21.2187,46.0999,-18.9871,8.51681,
0.908356,1.09194,1.04518,0.989993,200,0,0,-3.96133,-2.19308,2.69802,4.02271,1.10204,2.54456,-1.01167,0.56583,0,-454.178,0,-545.971,0,-522.59,0,-494.996,30.7521,-39.4247,23.0381,-44.3762,25.0873,-43.2507,27.4348,-41.8011,-52.6509,48.3949,37.4774,-43.5323,15.4746,-21.5772,-9.82529,7.65565,9.38483,6.95294e-310,454.178,6.68183e-310,-408.543,1.4822e-323,-202.499,5.06782e-310,71.8469,30.7521,414.753,23.0381,-452.919,25.0873,-245.749,27.4348,30.0458,-68.8926,-38.1405,46.9221,69.9602,19.1659,44.2533,-17.5943,9.84052,
0.909387,1.08971,1.04115,0.991587,200,0,0,-3.96375,-2.19784,2.70639,4.03676,1.00072,2.45324,-0.939596,0.634071,0,-454.693,0,-544.857,0,-520.577,0,-495.793,30.7115,-39.4564,23.137,-44.3247,25.2613,-43.1494,27.3681,-41.8448,-51.537,47.4726,37.0116,-42.8172,14.0414,-19.7971,-8.56827,6.51851,9.57803,6.95294e-310,454.693,6.68183e-310,-410.105,1.4822e-323,-189.617,5.06782e-310,62.4345,30.7115,415.237,23.137,-454.429,25.2613,-232.767,27.3681,20.5897,-68.9347,-38.2232,47.0676,70.2045,17.4038,42.665,-16.3408,11.0273,
0.910741,1.08716,1.03631,0.993229,200,0,0,-3.96693,-2.20409,2.72003,4.0569,0.879895,2.34441,-0.856805,0.71291,0,-455.371,0,-543.58,0,-518.156,0,-496.614,30.658,-39.4979,23.25,-44.2655,25.4699,-43.0266,27.2994,-41.8897,-50.1377,46.3799,36.4369,-42.0075,12.299,-17.7489,-7.12258,5.25418,9.81827,6.95294e-310,455.371,6.68183e-310,-412.441,1.4822e-323,-174.264,5.06782e-310,51.5869,30.658,415.873,23.25,-456.706,25.4699,-217.29,27.2994,9.69727,-68.99,-38.332,47.3048,70.5548,15.3025,40.7724,-14.901,12.3984,
0.912455,1.08438,1.03231,0.99487,200,0,0,-3.97095,-2.212,2.72701,4.07096,0.776094,2.2505,-0.780789,0.784969,0,-456.227,0,-542.19,0,-516.155,0,-497.435,30.5903,-39.5504,23.373,-44.2007,25.6419,-42.9243,27.2306,-41.9344,-48.6997,45.1575,35.7063,-40.9702,10.8755,-15.94,-5.87336,4.12279,10.103,6.95294e-310,456.227,6.68183e-310,-413.923,1.4822e-323,-161.042,5.06782e-310,41.6527,30.5903,416.677,23.373,-458.124,25.6419,-203.966,27.2306,-0.281736,-69.0599,-38.4696,47.4262,70.7992,13.4973,39.1392,-13.5789,13.6516,
0.914348,1.08134,1.02796,0.9965,200,0,0,-3.97539,-2.22075,2.73609,4.08777,0.660918,2.14605,-0.696875,0.864952,0,-457.174,0,-540.668,0,-513.979,0,-498.25,30.5153,-39.6083,23.5075,-44.1294,25.8284,-42.8123,27.1622,-41.9787,-47.1074,43.8166,34.8874,-39.8455,9.3352,-14.0268,-4.55701,2.93774,10.4338,6.95294e-310,457.174,6.68183e-310,-415.74,1.4822e-323,-146.353,5.06782e-310,30.6518,30.5153,417.566,23.5075,-459.869,25.8284,-189.165,27.1622,-11.3269,-69.1371,-38.6218,47.5842,71.0917,11.4942,37.3226,-12.1196,15.0426,
0.916494,1.07804,1.02336,0.998154,200,0,0,-3.98041,-2.23067,2.74715,4.10718,0.534355,2.0308,-0.604253,0.953579,0,-458.247,0,-539.02,0,-511.678,0,-499.077,30.4303,-39.6736,23.6528,-44.0516,26.0251,-42.693,27.0927,-42.0236,-45.356,42.3437,33.9641,-38.6127,7.70039,-12.0287,-3.18736,1.70781,10.8221,6.95294e-310,458.247,6.68183e-310,-417.87,1.4822e-323,-130.176,5.06782e-310,18.4821,30.4303,418.573,23.6528,-461.922,26.0251,-172.869,27.0927,-23.5415,-69.2246,-38.7943,47.7764,71.4292,9.29313,35.3183,-10.5087,16.584,
0.918843,1.07453,1.01955,0.999796,200,0,0,-3.98592,-2.24154,2.75102,4.11994,0.420744,1.92653,-0.514494,1.03937,0,-459.421,0,-537.265,0,-509.773,0,-499.898,30.337,-39.745,23.8073,-43.9683,26.1876,-42.5935,27.0237,-42.068,-43.621,40.7733,32.9215,-37.1926,6.38061,-10.2587,-2.00749,0.594267,11.2677,6.95294e-310,459.421,6.68183e-310,-419.075,1.4822e-323,-115.593,5.06782e-310,6.69603,30.337,419.676,23.8073,-463.043,26.1876,-158.186,27.0237,-35.372,-69.3203,-38.9833,47.8439,71.6512,7.31728,33.5049,-8.94772,18.076,
0.921335,1.07073,1.01481,1.00141,200,0,0,-3.99175,-2.25308,2.76289,4.1414,0.276121,1.79349,-0.404645,1.1453,0,-460.668,0,-535.365,0,-507.406,0,-500.707,30.2379,-39.8205,23.9742,-43.8776,26.389,-42.4691,26.9556,-42.1117,-41.6605,39.0738,31.8041,-35.7441,4.7255,-8.22793,-0.637446,-0.661783,11.7897,6.95294e-310,460.668,6.68183e-310,-421.412,1.4822e-323,-97.0045,5.06782e-310,-7.8022,30.2379,420.847,23.9742,-465.289,26.389,-139.474,26.9556,-49.9139,-69.4218,-39.1839,48.0502,72.0244,4.80211,31.1911,-7.0373,19.9183,
0.924116,1.06673,1.01056,1.00306,200,0,0,-3.99826,-2.26595,2.77108,4.15968,0.132382,1.66012,-0.289992,1.25598,0,-462.058,0,-533.364,0,-505.279,0,-501.528,30.127,-39.9044,24.1496,-43.7812,26.5694,-42.3564,26.8864,-42.1559,-39.6459,37.2532,30.5619,-34.1277,3.24536,-6.32443,0.620514,-1.84978,12.4032,6.95294e-310,462.058,6.68183e-310,-423.292,1.4822e-323,-78.4429,5.06782e-310,-22.9431,30.127,422.153,24.1496,-467.073,26.5694,-120.799,26.8864,-65.099,-69.5349,-39.4079,48.1927,72.3423,2.3023,28.8717,-5.04334,21.8431,
0.927028,1.06245,1.00678,1.0046,200,0,0,-4.00507,-2.27945,2.7739,4.17326,-0.00920084,1.52772,-0.170884,1.37134,0,-463.514,0,-531.225,0,-503.391,0,-502.301,30.0107,-39.992,24.3367,-43.6775,26.7291,-42.2558,26.8212,-42.1974,-37.6112,35.33,29.2088,-32.3563,1.98242,-4.57938,1.73717,-2.94999,13.1196,6.95294e-310,463.514,6.68183e-310,-424.5,1.4822e-323,-60.0794,5.06782e-310,-38.7026,30.0107,423.522,24.3367,-468.178,26.7291,-102.335,26.8212,-80.9,-69.6533,-39.6426,48.2417,72.5784,-0.160015,26.5691,-2.9719,23.8493,
0.930096,1.05798,1.00226,1.00617,200,0,0,-4.01223,-2.29368,2.78567,4.19624,-0.189592,1.35829,-0.0228981,1.51551,0,-465.048,0,-528.99,0,-501.132,0,-503.086,29.8879,-40.0839,24.5317,-43.5683,26.9198,-42.1346,26.7549,-42.2395,-35.3993,33.2971,27.7893,-30.5695,0.428448,-2.62237,3.01304,-4.17779,13.9666,6.95294e-310,465.048,6.68183e-310,-426.952,1.4822e-323,-36.6257,5.06782e-310,-58.3497,29.8879,424.964,24.5317,-470.521,26.9198,-78.7603,26.7549,-100.589,-69.778,-39.8901,48.4465,72.9782,-3.29726,23.6225,-0.398228,26.3567,
0.933331,1.05338,0.998562,1.00766,200,0,0,-4.01979,-2.3087,2.79004,4.21213,-0.364598,1.19225,0.129708,1.66451,0,-466.666,0,-526.689,0,-499.281,0,-503.829,29.758,-40.1804,24.7319,-43.4549,27.0756,-42.0346,26.6921,-42.2792,-33.2243,31.195,26.2739,-28.6391,-0.808897,-0.918592,4.078,-5.25649,14.9596,6.95294e-310,466.666,6.68183e-310,-428.43,1.4822e-323,-13.7418,5.06782e-310,-78.6352,29.758,426.485,24.7319,-471.885,27.0756,-55.7764,26.6921,-120.914,-69.9094,-40.1514,48.5224,73.2544,-6.34084,20.7348,2.25579,28.9479,
0.936867,1.04863,0.994139,1.0091,200,0,0,-4.02804,-2.32513,2.80753,4.24145,-0.588905,0.978616,0.318472,1.84977,0,-468.433,0,-524.316,0,-497.07,0,-504.548,29.6158,-40.2853,24.9379,-43.3371,27.2612,-41.9145,26.6313,-42.3175,-30.8178,28.9627,24.6663,-26.6917,-2.34893,0.967708,5.27944,-6.41804,16.1737,6.95294e-310,468.433,6.68183e-310,-431.703,1.4822e-323,15.6514,5.06782e-310,-103.803,29.6158,428.148,24.9379,-475.04,27.2612,-26.2631,26.6313,-146.121,-70.0528,-40.437,48.8265,73.7644,-10.2418,17.0194,5.53864,32.17,
0.940522,1.04368,0.990173,1.01044,200,0,0,-4.03656,-2.34213,2.82183,4.26807,-0.831801,0.745267,0.531143,2.05918,0,-470.261,0,-521.841,0,-495.086,0,-505.219,29.4683,-40.3933,25.1521,-43.2131,27.4273,-41.806,26.5745,-42.3532,-28.4057,26.6448,22.9644,-24.6233,-3.69523,2.69913,6.34455,-7.49105,17.6493,6.95294e-310,470.261,6.68183e-310,-434.585,1.4822e-323,47.6377,5.06782e-310,-132.212,29.4683,429.868,25.1521,-477.798,27.4273,5.83162,26.5745,-174.565,-70.201,-40.7326,49.0753,74.2274,-14.4661,12.9612,9.23727,35.8118,
0.944405,1.03879,0.986613,1.01173,200,0,0,-4.0456,-2.3602,2.83808,4.29646,-1.10308,0.482533,0.773476,2.29836,0,-472.202,0,-519.396,0,-493.307,0,-505.866,29.3113,-40.5074,25.3631,-43.0896,27.5759,-41.7081,26.5197,-42.3876,-25.9786,24.2836,21.2044,-22.5101,-4.92918,4.29552,7.30005,-8.46616,19.4453,6.95294e-310,472.202,6.68183e-310,-437.716,1.4822e-323,83.5277,5.06782e-310,-164.627,29.3113,431.695,25.3631,-480.806,27.5759,41.8195,26.5197,-207.015,-70.3582,-41.047,49.3579,74.721,-19.184,8.39188,13.4518,39.9714,
0.948492,1.03357,0.982431,1.01295,200,0,0,-4.0551,-2.37924,2.86987,4.34118,-1.46625,0.129376,1.09467,2.61657,0,-474.246,0,-516.784,0,-491.215,0,-506.477,29.1455,-40.6269,25.5879,-42.9565,27.7501,-41.5924,26.4678,-42.42,-23.3494,21.7591,19.3239,-20.3257,-6.38479,6.04196,8.3579,-9.5289,21.7953,6.95294e-310,474.246,6.68183e-310,-443.006,1.4822e-323,131.686,5.06782e-310,-207.685,29.1455,433.619,25.5879,-485.962,27.7501,90.094,26.4678,-250.105,-70.5236,-41.3781,49.9109,75.4987,-25.5001,2.25002,19.0378,45.5056,
0.952758,1.02833,0.978716,1.01412,200,0,0,-4.06502,-2.39914,2.9065,4.39072,-1.9014,-0.296892,1.48852,3.00758,0,-476.379,0,-514.165,0,-489.358,0,-507.059,28.9719,-40.7508,25.8125,-42.8219,27.9044,-41.4891,26.4185,-42.4507,-20.7234,19.1815,17.3775,-18.0769,-7.68685,7.63566,9.28734,-10.491,24.8354,6.95294e-310,476.379,6.68183e-310,-448.947,1.4822e-323,189.635,5.06782e-310,-260.548,28.9719,435.628,25.8125,-491.769,27.9044,148.146,26.4185,-302.998,-70.696,-41.7241,50.5478,76.3603,-33.0678,-5.16334,25.8873,52.3058,
0.957084,1.023,0.975073,1.01521,200,0,0,-4.07507,-2.41934,2.95679,4.45412,-2.46895,-0.855769,2.00877,3.52517,0,-478.542,0,-511.499,0,-487.536,0,-507.604,28.7953,-40.8758,26.0405,-42.6836,28.0554,-41.3871,26.3722,-42.4795,-18.0803,16.55,15.379,-15.7963,-8.95983,9.1802,10.1711,-11.4287,28.9149,6.95294e-310,478.542,6.68183e-310,-456.747,1.4822e-323,265.445,5.06782e-310,-330.46,28.7953,437.666,26.0405,-499.431,28.0554,224.057,26.3722,-372.939,-70.8707,-42.0754,51.4225,77.463,-42.9383,-14.8829,34.9351,61.3073,
0.962106,1.01751,0.971513,1.01621,200,0,0,-4.08671,-2.44281,3.0444,4.55518,-3.29041,-1.66876,2.75928,4.27322,0,-481.053,0,-508.754,0,-485.757,0,-508.107,28.5897,-41.0199,26.2744,-42.5401,28.2025,-41.287,26.3294,-42.506,-15.1666,13.6877,13.1775,-13.362,-10.2744,10.6841,10.9961,-12.2755,35.1449,6.95294e-310,481.053,6.68183e-310,-469.606,1.4822e-323,375.492,5.06782e-310,-431.423,28.5897,440.033,26.2744,-512.146,28.2025,334.205,26.3294,-473.929,-71.0733,-42.4836,52.9462,79.2205,-57.2245,-29.022,47.9874,74.3168,
0.966743,1.01197,0.968026,1.01707,200,0,0,-3.64689,-2.01394,2.7161,4.2404,-3.99285,-2.36293,3.33259,4.84445,0,-483.372,0,-505.986,0,-484.013,0,-508.533,28.3991,-41.152,26.5095,-42.394,28.3463,-41.1884,26.2932,-42.5284,-12.4026,10.8965,11.0269,-10.9937,-11.4999,12.1049,11.7607,-13.1109,38.7871,6.95294e-310,422.643,6.68183e-310,-426.414,1.4822e-323,469.513,5.06782e-310,-508.533,28.3991,381.491,26.5095,-468.808,28.3463,428.324,26.2932,-551.061,-63.4243,-35.0251,47.2366,73.7461,-69.4408,-41.0945,57.958,84.2513,
0.970998,1.00636,0.964682,1.01781,200,0,0,-2.68192,-1.05905,1.85325,3.39119,-4.09269,-2.45486,3.27319,4.78323,0,-485.499,0,-503.182,0,-482.341,0,-508.904,28.2238,-41.2725,26.7468,-42.2446,28.4839,-41.0934,26.2616,-42.5479,-9.80253,8.17386,8.92411,-8.66987,-12.6082,13.4384,12.4618,-13.9411,35.8927,6.95294e-310,293.382,6.68183e-310,-311.185,1.4822e-323,482.341,5.06782e-310,-500.384,28.2238,252.109,26.7468,-353.43,28.4839,441.248,26.2616,-542.932,-46.6421,-18.4183,32.2304,58.9773,-71.1771,-42.6932,56.925,83.1866,
0.975756,1.00007,0.961446,1.01838,200,0,0,-1.74076,-0.129198,1.00222,2.55542,-4.08519,-2.43972,3.12779,4.63643,0,-487.878,0,-500.036,0,-480.723,0,-509.192,28.0271,-41.4063,27.0121,-42.0755,28.6167,-41.001,26.2371,-42.563,-6.94392,5.12469,6.53938,-6.05072,-13.6357,14.7144,13.068,-14.713,32.6703,6.95294e-310,167.425,6.68183e-310,-197.679,1.4822e-323,480.723,5.06782e-310,-480.678,28.0271,126.019,27.0121,-239.754,28.6167,439.722,26.2371,-523.241,-30.274,-2.24692,17.43,44.4421,-71.0467,-42.43,54.3964,80.6335,
0.980573,0.994846,0.958402,1.01889,200,0,0,-1.01535,0.584719,0.377412,1.94323,-4.07813,-2.4255,2.99776,4.50517,0,-490.287,0,-497.423,0,-479.201,0,-509.443,27.8273,-41.5408,27.2316,-41.9338,28.7414,-40.9137,26.2157,-42.5762,-4.20941,2.33757,4.35792,-3.79175,-14.7645,15.875,13.6292,-15.3401,30.1859,6.95294e-310,70.5617,6.68183e-310,-114.457,1.4822e-323,479.201,5.06782e-310,-463.056,27.8273,29.0209,27.2316,-156.391,28.7414,438.288,26.2157,-505.632,-17.6583,10.169,6.56369,33.7953,-70.9239,-42.1825,52.135,78.3507,
0.985619,0.988914,0.955634,1.01923,200,0,0,-0.335785,1.25221,-0.21684,1.36325,-4.0717,-2.41256,2.89469,4.40124,0,-492.809,0,-494.457,0,-477.817,0,-509.617,27.6174,-41.6807,27.4799,-41.7715,28.8546,-40.834,26.2009,-42.5854,-1.34708,-0.711611,1.94677,-1.25769,-15.7089,16.9344,14.0633,-15.9165,28.2158,6.95294e-310,-20.0787,6.68183e-310,-35.4868,1.4822e-323,477.817,5.06782e-310,-449.097,27.6174,-61.7594,27.4799,-77.2582,28.8546,436.983,26.2009,-491.682,-5.83973,21.7776,-3.77112,23.7087,-70.8122,-41.9576,50.3424,76.5433,
0.991036,0.981892,0.953441,1.01932,200,0,0,0.349327,1.92432,-0.831921,0.764999,-4.06661,-2.40233,2.8175,4.32385,0,-495.518,0,-490.946,0,-476.72,0,-509.659,27.3912,-41.8297,27.7725,-41.5775,28.944,-40.7706,26.1973,-42.5876,1.70724,-4.15883,-0.821015,1.72064,-16.3084,17.798,14.2685,-16.3777,26.7851,6.95294e-310,-111.394,6.68183e-310,46.0874,1.4822e-323,476.72,5.06782e-310,-438.677,27.3912,-153.224,27.7725,4.50996,28.944,435.95,26.1973,-481.265,6.07525,33.4664,-14.4682,13.3043,-70.7236,-41.7796,49,75.1973,
0.996596,0.975708,0.951739,1.01898,200,0,0,0.95431,2.5159,-1.34873,0.262941,-4.06265,-2.39439,2.73663,4.2438,0,-498.298,0,-487.854,0,-475.87,0,-509.491,27.1582,-41.9814,28.0291,-41.4049,29.0134,-40.7213,26.2116,-42.5788,4.71118,-7.41533,-3.46339,4.42792,-16.8297,18.3902,14.2806,-16.5342,25.8762,6.95294e-310,-191.881,6.68183e-310,114.578,1.4822e-323,475.87,5.06782e-310,-427.842,27.1582,-233.862,28.0291,73.1729,29.0134,435.148,26.2116,-470.421,16.5967,43.7549,-23.4562,4.57289,-70.6549,-41.6415,47.5936,73.8053,
1.002,0.968937,0.950349,1.01817,200,0,0,1.56454,3.11306,-1.87544,-0.247684,-4.05942,-2.3879,2.6699,4.17906,0,-501.001,0,-484.468,0,-475.175,0,-509.084,26.9309,-42.1275,28.3088,-41.2142,29.07,-40.6809,26.2463,-42.5574,7.72048,-10.7886,-6.23351,7.28036,-17.0859,18.7713,14.0971,-16.5523,25.3139,6.95294e-310,-273.102,6.68183e-310,184.294,1.4822e-323,475.175,5.06782e-310,-419.003,26.9309,-315.229,28.3088,143.08,29.07,434.494,26.2463,-461.56,27.2093,54.1402,-32.6164,-4.30754,-70.5987,-41.5287,46.433,72.6793,
1.00708,0.961722,0.949282,1.01691,200,0,0,2.18404,3.72023,-2.41628,-0.771465,-4.05694,-2.38293,2.61768,4.12992,0,-503.541,0,-480.861,0,-474.641,0,-508.455,26.7165,-42.2638,28.6054,-41.0089,29.1133,-40.6499,26.2998,-42.5243,10.6465,-14.1905,-9.06046,10.2083,-17.0746,18.9392,13.7328,-16.4478,25.0614,6.95294e-310,-355.633,6.68183e-310,255.835,1.4822e-323,474.641,5.06782e-310,-412.206,26.7165,-397.897,28.6054,214.826,29.1133,433.991,26.2998,-454.73,37.9833,64.6997,-42.0222,-13.4168,-70.5555,-41.4422,45.5249,71.8247,
1.0127,0.955658,0.948563,1.01523,200,0,0,2.80309,4.3256,-2.91267,-1.25359,-4.05527,-2.37958,2.53725,4.05359,0,-506.351,0,-477.829,0,-474.282,0,-507.616,26.4785,-42.4133,28.8536,-40.8347,29.1426,-40.629,26.3712,-42.4801,13.6725,-17.4361,-11.7735,12.8026,-17.138,18.8804,13.2041,-15.9905,25.1203,6.95294e-310,-437.999,6.68183e-310,321.604,1.4822e-323,474.282,5.06782e-310,-401.685,26.4785,-480.412,28.8536,280.769,29.1426,433.653,26.3712,-444.165,48.7494,75.2279,-50.6551,-21.8015,-70.5265,-41.3839,44.126,70.4972,
1.0177,0.949606,0.94806,1.01313,200,0,0,3.33584,4.84615,-3.347,-1.67374,-3.96794,-2.29107,2.39397,3.91543,0,-508.85,0,-474.803,0,-474.03,0,-506.567,26.2662,-42.5451,29.1002,-40.6593,29.163,-40.6143,26.4602,-42.4247,16.4756,-20.5022,-14.3641,15.2709,-16.996,18.6313,12.5451,-15.4224,24.8193,6.95294e-310,-508.85,6.68183e-310,379.014,1.4822e-323,462.417,5.06782e-310,-382.774,26.2662,-551.395,29.1002,338.355,29.163,421.803,26.4602,-425.199,58.0147,84.2809,-58.2088,-29.1086,-69.0077,-39.8447,41.6343,68.0945,
1.02199,0.944429,0.947748,1.01075,200,0,0,3.35785,4.85765,-3.38277,-1.69743,-3.52433,-1.84673,1.96335,3.49062,0,-510.995,0,-472.214,0,-473.874,0,-505.375,26.0834,-42.6574,29.3103,-40.5081,29.1757,-40.6052,26.5613,-42.3615,18.9386,-23.1278,-16.6055,17.3288,-16.7758,18.2204,11.8186,-14.7181,22.0944,6.95294e-310,-510.995,6.68183e-310,382.87,1.4822e-323,402.568,5.06782e-310,-325.188,26.0834,-553.653,29.3103,342.362,29.1757,361.963,26.5613,-367.55,58.3974,84.4808,-58.8308,-29.5206,-61.2927,-32.1171,34.1452,60.7064,
1.02674,0.939048,0.947677,1.00824,200,0,0,3.3822,4.87034,-3.41306,-1.71521,-3.13821,-1.46045,1.58943,3.1228,0,-513.368,0,-469.524,0,-473.838,0,-504.122,25.8807,-42.7807,29.5278,-40.3498,29.1786,-40.6031,26.6673,-42.2949,21.5606,-25.9532,-19.0149,19.5116,-16.5026,17.7201,10.9832,-13.9161,19.7805,6.95294e-310,-513.368,6.68183e-310,385.951,1.4822e-323,350.513,5.06782e-310,-275.268,25.8807,-556.149,29.5278,345.601,29.1786,309.91,26.6673,-317.563,58.8208,84.7015,-59.3576,-29.8298,-54.5776,-25.3991,27.6422,54.3095,
1.03078,0.933547,0.947808,1.00568,200,0,0,3.40293,4.88112,-3.44954,-1.73895,-2.82741,-1.14995,1.30116,2.84076,0,-515.388,0,-466.774,0,-473.904,0,-502.84,25.7077,-42.8849,29.7493,-40.1868,29.1732,-40.6069,26.7757,-42.2263,23.8889,-28.6071,-21.3007,21.6388,-16.0357,17.1317,10.1045,-13.1495,18.0161,6.95294e-310,-515.388,6.68183e-310,389.846,1.4822e-323,308.646,5.06782e-310,-236.903,25.7077,-558.272,29.7493,349.659,29.1732,268.039,26.7757,-279.129,59.1813,84.889,-59.992,-30.2427,-49.1723,-19.9991,22.6288,49.4045,
1.03424,0.929497,0.948228,1.00277,200,0,0,3.42071,4.89035,-3.463,-1.74307,-2.58017,-0.903686,1.0567,2.60337,0,-517.119,0,-464.748,0,-474.114,0,-501.384,25.559,-42.9737,29.9119,-40.0659,29.1562,-40.6192,26.8986,-42.1482,25.8918,-30.6908,-23.1257,23.2003,-15.5346,16.3449,9.14108,-12.1375,16.8493,6.95294e-310,-517.119,6.68183e-310,390.909,1.4822e-323,275.4,5.06782e-310,-204.509,25.559,-560.093,29.9119,350.843,29.1562,234.781,26.8986,-246.657,59.4906,85.0496,-60.2261,-30.3142,-44.8725,-15.7163,18.3774,45.276,
1.03788,0.924907,0.949055,0.999269,200,0,0,3.43942,4.90005,-3.48169,-1.7512,-2.32265,-0.648101,0.807567,2.3627,0,-518.941,0,-462.453,0,-474.527,0,-499.634,25.4023,-43.0665,30.0955,-39.9282,29.1226,-40.6433,27.0459,-42.0538,28.0259,-32.9655,-25.1419,24.9384,-14.7779,15.2996,7.93342,-10.9005,15.742,6.95294e-310,-518.941,6.68183e-310,392.58,1.4822e-323,240.846,5.06782e-310,-171.595,25.4023,-562.007,30.0955,352.651,29.1226,200.203,27.0459,-213.649,59.8159,85.2182,-60.5511,-30.4557,-40.3939,-11.2713,14.0446,41.0905,
1.04094,0.921096,0.950397,0.996213,200,0,0,3.45511,4.90817,-3.50235,-1.76313,-2.10946,-0.438048,0.607246,2.16977,0,-520.469,0,-460.548,0,-475.199,0,-498.106,25.2706,-43.1439,30.2474,-39.8132,29.068,-40.6823,27.1743,-41.9709,29.7352,-34.853,-26.8406,26.4283,-13.8952,14.2207,6.74716,-9.72161,14.9333,6.95294e-310,-520.469,6.68183e-310,394.661,1.4822e-323,212.362,5.06782e-310,-145.176,25.2706,-563.613,30.2474,354.848,29.068,171.68,27.1743,-187.146,60.089,85.3595,-60.9105,-30.6631,-36.6862,-7.61823,10.5608,37.7351,
1.04377,0.9178,0.952123,0.992857,200,0,0,3.46965,4.91568,-3.51798,-1.77122,-1.90449,-0.237115,0.411311,1.98192,0,-521.883,0,-458.9,0,-476.061,0,-496.429,25.1484,-43.2152,30.3785,-39.7133,28.9978,-40.7324,27.315,-41.8795,31.3078,-36.5235,-28.3782,27.7249,-12.873,12.9511,5.42839,-8.35635,14.289,6.95294e-310,-521.883,6.68183e-310,396.16,1.4822e-323,185.058,5.06782e-310,-119.404,25.1484,-565.098,30.3785,356.446,28.9978,144.325,27.315,-161.283,60.3417,85.4901,-61.1823,-30.8038,-33.1215,-4.12374,7.15324,34.4682,
1.04614,0.914181,0.954124,0.989514,200,0,0,3.48184,4.92198,-3.54383,-1.78882,-1.70914,-0.0464585,0.236654,1.81531,0,-523.07,0,-457.09,0,-477.062,0,-494.757,25.0458,-43.2748,30.522,-39.6031,28.9162,-40.7904,27.4548,-41.7879,32.6834,-38.1379,-29.8949,29.0902,-11.6446,11.6004,4.0582,-7.03572,13.7152,6.95294e-310,-523.07,6.68183e-310,398.978,1.4822e-323,159.102,5.06782e-310,-96.4964,25.0458,-566.344,30.522,359.375,28.9162,118.312,27.4548,-138.284,60.5538,85.5996,-61.6319,-31.1099,-29.7242,-0.807975,4.11572,31.5706,
1.04803,0.911472,0.956221,0.986026,200,0,0,3.49157,4.927,-3.55995,-1.79877,-1.53021,0.127545,0.0701266,1.65715,0,-524.016,0,-455.736,0,-478.111,0,-493.013,24.9638,-43.3221,30.6291,-39.5203,28.8306,-40.8509,27.6004,-41.6919,33.8178,-39.357,-31.0875,30.0915,-10.4147,10.1678,2.67519,-5.61131,13.3144,6.95294e-310,-524.016,6.68183e-310,400.651,1.4822e-323,135.379,5.06782e-310,-74.7114,24.9638,-567.338,30.6291,361.131,28.8306,94.5276,27.6004,-116.403,60.723,85.6869,-61.9121,-31.283,-26.6124,2.21817,1.21959,28.82,
1.05,0.90862,0.958426,0.982407,200,0,0,3.50168,4.9322,-3.57593,-1.80828,-1.35352,0.299057,-0.092449,1.50324,0,-524.999,0,-454.31,0,-479.213,0,-491.203,24.8786,-43.3711,30.7417,-39.4328,28.7404,-40.9144,27.7511,-41.5918,34.9853,-40.6392,-32.34,31.1398,-9.13104,8.66783,1.22672,-4.14003,12.9185,6.95294e-310,-524.999,6.68183e-310,402.282,1.4822e-323,111.976,5.06782e-310,-53.4832,24.8786,-568.37,30.7417,362.849,28.7404,71.0614,27.7511,-95.075,60.8988,85.7774,-62.1901,-31.4483,-23.5394,5.201,-1.60781,26.1433,
1.0513,0.906283,0.960667,0.978895,200,0,0,3.50839,4.93566,-3.59141,-1.81846,-1.19194,0.455359,-0.239368,1.36471,0,-525.652,0,-453.142,0,-480.334,0,-489.448,24.822,-43.4036,30.8338,-39.3609,28.6487,-40.9787,27.897,-41.4941,35.8441,-41.5778,-33.3139,31.9506,-7.81597,7.16764,-0.165987,-2.71653,12.6426,6.95294e-310,-525.652,6.68183e-310,403.939,1.4822e-323,90.6178,5.06782e-310,-34.3441,24.822,-569.056,30.8338,364.578,28.6487,49.6391,27.897,-75.8381,61.0156,85.8375,-62.4593,-31.6255,-20.7294,7.91928,-4.16292,23.7341,
1.05237,0.904174,0.962968,0.975432,200,0,0,3.51388,4.93848,-3.60625,-1.82854,-1.03725,0.604617,-0.378746,1.23358,0,-526.185,0,-452.087,0,-481.484,0,-487.716,24.7757,-43.43,30.9168,-39.2957,28.5543,-41.0445,28.0405,-41.3972,36.5769,-42.3814,-34.1795,32.6651,-6.48173,5.65427,-1.54842,-1.30575,12.4155,6.95294e-310,-526.185,6.68183e-310,405.553,1.4822e-323,70.2005,5.06782e-310,-16.2115,24.7757,-569.615,30.9168,366.258,28.5543,29.156,28.0405,-57.6087,61.1109,85.8866,-62.7174,-31.8007,-18.0392,10.5151,-6.58688,21.4536,
1.05314,0.902316,0.965281,0.971669,200,0,0,3.51782,4.94051,-3.61761,-1.8357,-0.880587,0.755821,-0.52248,1.0988,0,-526.569,0,-451.158,0,-482.641,0,-485.835,24.7423,-43.449,30.9897,-39.2382,28.4593,-41.1105,28.1961,-41.2914,37.217,-43.0223,-34.9201,33.2322,-5.10434,4.04582,-2.98298,0.200395,12.2394,6.95294e-310,-526.569,6.68183e-310,406.744,1.4822e-323,49.5186,5.06782e-310,2.45272,24.7423,-570.018,30.9897,367.506,28.4593,8.40814,28.1961,-38.8387,61.1795,85.9219,-62.9149,-31.9252,-15.3146,13.1447,-9.08661,19.1095,
1.05363,0.900758,0.967654,0.968337,200,0,0,3.52035,4.94181,-3.63127,-1.84585,-0.736957,0.893838,-0.649848,0.979329,0,-526.815,0,-450.379,0,-483.827,0,-484.169,24.721,-43.4612,31.0508,-39.1899,28.3616,-41.1779,28.3335,-41.1972,37.6592,-43.4993,-35.5202,33.7135,-3.74911,2.5271,-4.31803,1.56826,12.1109,6.95294e-310,-526.815,6.68183e-310,408.3,1.4822e-323,30.6054,5.06782e-310,18.993,24.721,-570.276,31.0508,369.11,28.3616,-10.5725,28.3335,-22.2042,61.2235,85.9445,-63.1525,-32.1017,-12.8166,15.545,-11.3017,17.0318,
1.05389,0.899464,0.970147,0.965269,200,0,0,3.52171,4.9425,-3.64676,-1.85842,-0.59899,1.0259,-0.768766,0.86767,0,-526.946,0,-449.732,0,-485.074,0,-482.635,24.7095,-43.4677,31.1015,-39.1497,28.2589,-41.2484,28.4598,-41.1101,37.941,-43.8328,-36.0035,34.1175,-2.37758,1.038,-5.60689,2.86522,12.0217,6.95294e-310,-526.946,6.68183e-310,410.151,1.4822e-323,12.4786,5.06782e-310,34.4448,24.7095,-570.414,31.1015,371.001,28.2589,-28.7699,28.4598,-6.66527,61.247,85.9566,-63.4219,-32.3204,-10.4172,17.8417,-13.3698,15.0899,
1.05388,0.898433,0.972508,0.96159,200,0,0,3.52164,4.94247,-3.65478,-1.86412,-0.45069,1.16859,-0.904384,0.740738,0,-526.94,0,-449.217,0,-486.254,0,-480.795,24.7101,-43.4674,31.1418,-39.1176,28.1615,-41.315,28.6108,-41.0051,38.2034,-44.0105,-36.365,34.3307,-0.991564,-0.590106,-6.98599,4.34588,11.9731,6.95294e-310,-526.94,6.68183e-310,411.043,1.4822e-323,-7.06537,5.06782e-310,52.0334,24.7101,-570.408,31.1418,371.926,28.1615,-48.3804,28.6108,11.0283,61.246,85.956,-63.5613,-32.4195,-7.83809,20.3234,-15.7284,12.8824,
1.05357,0.897654,0.974845,0.958618,200,0,0,3.52004,4.94165,-3.66776,-1.87535,-0.319471,1.29426,-1.01757,0.63455,0,-526.785,0,-448.827,0,-487.422,0,-479.309,24.7236,-43.4597,31.1723,-39.0933,28.0648,-41.3807,28.7326,-40.9199,38.2373,-44.0308,-36.585,34.4911,0.326388,-2.03204,-8.1832,5.57776,11.964,6.95294e-310,-526.785,6.68183e-310,412.651,1.4822e-323,-24.3114,5.06782e-310,66.7323,24.7236,-570.244,31.1723,373.558,28.0648,-65.6921,28.7326,25.8124,61.2181,85.9417,-63.7872,-32.6149,-5.55601,22.5088,-17.6969,11.0357,
1.05296,0.897091,0.977242,0.955011,200,0,0,3.5169,4.94003,-3.67611,-1.88244,-0.169805,1.43821,-1.15236,0.508241,0,-526.479,0,-448.546,0,-488.621,0,-477.505,24.7502,-43.4446,31.1943,-39.0758,27.9656,-41.4479,28.88,-40.816,38.2227,-43.8951,-36.694,34.49,1.7424,-3.67115,-9.51976,7.02216,11.994,6.95294e-310,-526.479,6.68183e-310,413.673,1.4822e-323,-44.0318,5.06782e-310,84.2239,24.7502,-569.924,31.1943,374.598,27.9656,-85.4797,28.88,43.4079,61.1634,85.9136,-63.9323,-32.738,-2.95314,25.0124,-20.041,8.83897,
1.05188,0.896732,0.979579,0.951811,200,0,0,3.51135,4.93718,-3.68899,-1.89451,-0.0274898,1.57496,-1.27489,0.393207,0,-525.94,0,-448.366,0,-489.789,0,-475.906,24.797,-43.4178,31.2083,-39.0646,27.8686,-41.5131,29.0104,-40.7234,37.9685,-43.56,-36.636,34.4001,3.13857,-5.19903,-10.7253,8.29403,12.0739,6.95294e-310,-525.94,6.68183e-310,415.344,1.4822e-323,-62.7726,5.06782e-310,100.141,24.797,-569.358,31.2083,376.28,27.8686,-104.286,29.0104,59.4181,61.067,85.864,-64.1564,-32.948,-0.478084,27.3905,-22.1721,6.83838,
1.05032,0.896528,0.981868,0.948611,200,0,0,3.50334,4.93306,-3.704,-1.90906,0.119229,1.71621,-1.39889,0.27669,0,-525.161,0,-448.264,0,-490.934,0,-474.306,24.8646,-43.3792,31.2163,-39.0582,27.7735,-41.5768,29.1406,-40.6303,37.5286,-43.0332,-36.4261,34.1972,4.56587,-6.72879,-11.8948,9.52646,12.2036,6.95294e-310,-525.161,6.68183e-310,417.329,1.4822e-323,-82.1156,5.06782e-310,116.257,24.8646,-568.54,31.2163,378.271,27.7735,-123.692,29.1406,75.6268,60.9277,85.7923,-64.4173,-33.201,2.07354,29.8471,-24.3286,4.812,
1.04837,0.896576,0.984348,0.945531,200,0,0,3.4933,4.92788,-3.72327,-1.92844,0.275696,1.86674,-1.52699,0.155779,0,-524.184,0,-448.288,0,-492.174,0,-472.766,24.9493,-43.3305,31.2144,-39.0597,27.6703,-41.6456,29.2656,-40.5404,36.8791,-42.3099,-36.0669,33.8954,6.07896,-8.2924,-13.0589,10.731,12.3892,6.95294e-310,-524.184,6.68183e-310,419.935,1.4822e-323,-102.736,5.06782e-310,132.948,24.9493,-567.515,31.2144,380.876,27.6703,-144.381,29.2656,92.4079,60.753,85.7023,-64.7525,-33.5381,4.79471,32.465,-26.5564,2.70921,
1.04602,0.896875,0.986302,0.942823,200,0,0,3.48123,4.92166,-3.74125,-1.9471,0.417751,2.00411,-1.64276,0.046315,0,-523.01,0,-448.438,0,-493.151,0,-471.411,25.051,-43.2718,31.2027,-39.069,27.5889,-41.6996,29.3753,-40.461,36.0852,-41.4138,-35.5325,33.4483,7.38386,-9.62184,-13.9958,11.723,12.6289,6.95294e-310,-523.01,6.68183e-310,422.415,1.4822e-323,-121.513,5.06782e-310,148.048,25.051,-566.281,31.2027,383.345,27.5889,-163.213,29.3753,107.587,60.5431,85.5941,-65.0653,-33.8626,7.26524,34.8541,-28.5698,0.805478,
1.04342,0.897427,0.988399,0.939659,200,0,0,3.46786,4.91476,-3.75673,-1.96381,0.585501,2.16683,-1.78425,-0.0878141,0,-521.709,0,-448.713,0,-494.199,0,-469.83,25.1635,-43.2065,31.1812,-39.0862,27.5014,-41.7573,29.5032,-40.3679,35.2197,-40.371,-34.8907,32.8565,8.78567,-11.1218,-15.0563,12.8863,12.9229,6.95294e-310,-521.709,6.68183e-310,424.6,1.4822e-323,-143.726,5.06782e-310,166.528,25.1635,-564.916,31.1812,385.514,27.5014,-185.483,29.5032,126.161,60.3106,85.4741,-65.3344,-34.1532,10.1826,37.684,-31.0304,-1.5272,
1.0404,0.898385,0.990448,0.937178,200,0,0,3.45234,4.90674,-3.77854,-1.98778,0.749894,2.3263,-1.91604,-0.213856,0,-520.199,0,-449.193,0,-495.224,0,-468.589,25.2938,-43.1303,31.1437,-39.1161,27.4158,-41.8136,29.6032,-40.2945,34.0828,-39.0932,-34.0414,32.1431,10.1172,-12.437,-15.9253,13.815,13.3066,6.95294e-310,-520.199,6.68183e-310,427.716,1.4822e-323,-165.495,5.06782e-310,183.831,25.2938,-563.33,31.1437,388.6,27.4158,-207.309,29.6032,143.537,60.0408,85.3346,-65.7137,-34.57,13.0416,40.4574,-33.3224,-3.71923,
1.03719,0.899776,0.99239,0.934542,200,0,0,3.43585,4.8982,-3.79548,-2.00785,0.931857,2.50359,-2.06866,-0.360372,0,-518.593,0,-449.888,0,-496.195,0,-467.271,25.4322,-43.0488,31.0893,-39.1594,27.3345,-41.8667,29.7093,-40.2163,32.8778,-37.6505,-33.0445,31.2369,11.3919,-13.769,-16.7928,14.8043,13.7739,6.95294e-310,-518.593,6.68183e-310,430.253,1.4822e-323,-189.653,5.06782e-310,203.912,25.4322,-561.642,31.0893,391.094,27.3345,-231.519,29.7093,163.696,59.7539,85.1861,-66.0083,-34.9191,16.2062,43.5407,-35.9767,-6.26734,
1.03364,0.901561,0.994271,0.931786,200,0,0,3.41763,4.88875,-3.81042,-2.02681,1.13817,2.70537,-2.24546,-0.530802,0,-516.82,0,-450.781,0,-497.136,0,-465.893,25.5848,-42.9583,31.0193,-39.2148,27.2557,-41.9181,29.8201,-40.1343,31.5407,-36.0069,-31.8765,30.1389,12.6494,-15.1256,-17.6564,15.8312,14.3533,6.95294e-310,-516.82,6.68183e-310,432.593,1.4822e-323,-217.103,5.06782e-310,227.23,25.5848,-559.778,31.0193,393.378,27.2557,-259.021,29.8201,187.096,59.437,85.0218,-66.2682,-35.2488,19.7943,47.05,-39.0514,-9.23134,
1.02992,0.903551,0.999915,0.929616,200,0,0,3.39856,4.87885,-3.884,-2.10488,1.48446,3.03804,-2.48339,-0.763735,0,-514.962,0,-451.775,0,-499.958,0,-464.808,25.7442,-42.863,30.9412,-39.2765,27.0187,-42.0713,29.9071,-40.0695,29.5113,-34.1524,-30.7505,29.3715,15.261,-17.4227,-19.2555,17.1701,15.0784,6.95294e-310,-514.962,6.68183e-310,442.875,1.4822e-323,-262.706,5.06782e-310,258.898,25.7442,-557.825,30.9412,403.599,27.0187,-304.777,29.9071,218.828,59.1053,84.8495,-67.5479,-36.6066,25.8167,52.8354,-43.1894,-13.2823,
1.02593,0.905888,0.997639,0.927124,200,0,0,3.37808,4.86819,-3.84616,-2.07232,1.59227,3.15134,-2.63056,-0.905165,0,-512.967,0,-452.944,0,-498.819,0,-463.562,25.915,-42.7599,30.8494,-39.3487,27.1144,-42.0096,30.0069,-39.9949,28.5127,-32.3661,-29.2021,27.6488,14.9196,-17.5197,-19.0751,17.5578,15.8489,6.95294e-310,-512.967,6.68183e-310,438.203,1.4822e-323,-277.668,5.06782e-310,278.272,25.915,-555.727,30.8494,398.854,27.1144,-319.678,30.0069,238.277,58.7492,84.6642,-66.8897,-36.0404,27.6916,54.806,-45.7489,-15.742,
1.02178,0.908428,0.999137,0.924954,200,0,0,3.35674,4.85707,-3.86501,-2.09693,1.85948,3.41493,-2.85869,-1.12831,0,-510.888,0,-454.214,0,-499.568,0,-462.477,26.0926,-42.6518,30.7493,-39.4269,27.0514,-42.0502,30.0935,-39.9297,26.8537,-30.3712,-27.7017,26.229,15.9584,-18.6309,-19.6948,18.3467,16.8214,6.95294e-310,-510.888,6.68183e-310,441.21,1.4822e-323,-313.399,5.06782e-310,308.619,26.0926,-553.539,30.7493,401.783,27.0514,-355.449,30.0935,268.689,58.3781,84.4707,-67.2176,-36.4683,32.3387,59.3901,-49.7163,-19.6228,
1.0173,0.911233,1.00061,0.922965,200,0,0,3.33382,4.84509,-3.88922,-2.1275,2.17027,3.72216,-3.12115,-1.38621,0,-508.652,0,-455.616,0,-500.305,0,-461.483,26.283,-42.5347,30.6386,-39.513,26.9894,-42.09,30.1729,-39.8697,25.0323,-28.2227,-26.0677,24.6903,16.9777,-19.6977,-20.2578,19.0662,18.0228,6.95294e-310,-508.652,6.68183e-310,444.988,1.4822e-323,-355.008,5.06782e-310,343.627,26.283,-551.187,30.6386,405.475,26.9894,-397.098,30.1729,303.757,57.9794,84.2624,-67.6386,-37,37.7438,64.7332,-54.2809,-24.108,
1.01269,0.914289,1.0017,0.92112,200,0,0,3.31016,4.83271,-3.91102,-2.15625,2.51882,4.06807,-3.4214,-1.68223,0,-506.346,0,-457.144,0,-500.851,0,-460.56,26.479,-42.413,30.5177,-39.6064,26.9435,-42.1195,30.2465,-39.814,23.1667,-25.9867,-24.3314,23.0174,17.8224,-20.6202,-20.6967,19.6951,19.4848,6.95294e-310,-506.346,6.68183e-310,448.488,1.4822e-323,-401.78,5.06782e-310,383.754,26.479,-548.759,30.5177,408.882,26.9435,-443.9,30.2465,343.94,57.5681,84.047,-68.0178,-37.5001,43.8056,70.7491,-59.5026,-29.2561,
1.00781,0.917464,1.00286,0.919442,200,0,0,3.28517,4.81959,-3.94363,-2.1961,2.94278,4.48921,-3.77917,-2.03616,0,-503.907,0,-458.732,0,-501.432,0,-459.721,26.6856,-42.2833,30.3918,-39.7031,26.8945,-42.1507,30.3132,-39.7632,21.1536,-23.6509,-22.5125,21.2835,18.6938,-21.5291,-21.1107,20.2602,21.3061,6.95294e-310,-503.907,6.68183e-310,453.468,1.4822e-323,-458.7,5.06782e-310,431.665,26.6856,-546.19,30.3918,413.765,26.8945,-500.851,30.3132,391.902,57.1334,83.8189,-68.5849,-38.1931,51.1787,78.0732,-65.7246,-35.4114,
1.00296,0.920952,1.00371,0.917956,200,0,0,3.02883,4.57503,-3.76252,-2.02296,3.1999,4.74427,-3.98384,-2.23743,0,-501.48,0,-460.476,0,-501.857,0,-458.978,26.8905,-42.1533,30.2531,-39.8089,26.8586,-42.1736,30.3723,-39.7181,19.1362,-21.2614,-20.6204,19.4268,19.3807,-22.2973,-21.413,20.7504,22.119,6.95294e-310,-470.281,6.68183e-310,429.7,1.4822e-323,-493.194,5.06782e-310,458.978,26.8905,-512.434,30.2531,389.891,26.8586,-535.368,30.3723,419.26,52.6753,79.5658,-65.4351,-35.182,55.6504,82.509,-69.2842,-38.9119,
0.997759,0.924655,1.0043,0.916673,200,0,0,2.54832,4.10711,-3.37623,-1.64516,3.23573,4.77867,-3.98084,-2.2315,0,-498.879,0,-462.327,0,-502.151,0,-458.337,27.1093,-42.0129,30.1055,-39.9207,26.8339,-42.1894,30.4232,-39.6791,16.9741,-18.7334,-18.593,17.4345,19.9648,-22.9458,-21.6004,21.122,21.6995,6.95294e-310,-406.505,6.68183e-310,378.319,1.4822e-323,-497.912,5.06782e-310,458.337,27.1093,-448.518,30.1055,338.398,26.8339,-540.101,30.4232,418.658,44.3187,71.428,-58.717,-28.6115,56.2735,83.1074,-69.2319,-38.8087,
0.99245,0.92849,1.00487,0.915595,200,0,0,2.08324,3.65483,-3.0009,-1.27865,3.27007,4.81165,-3.97393,-2.22213,0,-496.225,0,-464.245,0,-502.433,0,-457.797,27.332,-41.8684,29.9522,-40.0358,26.8101,-42.2045,30.466,-39.6463,14.7283,-16.1555,-16.5158,15.3878,20.511,-23.5395,-21.7403,21.4206,21.3443,6.95294e-310,-344.827,6.68183e-310,328.441,1.4822e-323,-502.433,5.06782e-310,457.207,27.332,-386.695,29.9522,288.405,26.8101,-544.637,30.466,417.561,36.2302,63.5622,-52.1896,-22.2374,56.8707,83.6808,-69.1118,-38.6458,
0.987009,0.932493,1.00525,0.914696,200,0,0,1.61391,3.19858,-2.61443,-0.90141,3.27203,4.81268,-3.93907,-2.18523,0,-493.504,0,-466.246,0,-502.624,0,-457.348,27.5594,-41.7191,29.7917,-40.1554,26.7939,-42.2148,30.5016,-39.6189,12.4117,-13.5162,-14.3706,13.2528,20.9613,-24.0395,-21.801,21.6347,20.9083,6.95294e-310,-282.601,6.68183e-310,277.093,1.4822e-323,-502.624,5.06782e-310,452.344,27.5594,-324.32,29.7917,236.937,26.7939,-544.839,30.5016,412.725,28.068,55.6274,-45.4684,-15.6767,56.9049,83.6988,-68.5056,-38.0041,
0.981352,0.936807,1.00539,0.914001,200,0,0,1.15174,2.74995,-2.22698,-0.523933,3.27277,4.81307,-3.90582,-2.1504,0,-490.676,0,-468.403,0,-502.696,0,-457,27.7949,-41.5625,29.6182,-40.2835,26.7878,-42.2186,30.5291,-39.5976,9.98489,-10.7561,-12.104,10.9647,21.2834,-24.4246,-21.7589,21.7541,20.5816,6.95294e-310,-221.378,6.68183e-310,225.671,1.4822e-323,-502.696,5.06782e-310,447.734,27.7949,-262.94,29.6182,185.387,26.7878,-544.915,30.5291,408.136,20.0303,47.8252,-38.7301,-9.11187,56.9177,83.7055,-67.9273,-37.3982,
0.975252,0.941193,1.00531,0.913522,200,0,0,0.690073,2.30283,-1.84089,-0.148019,3.27234,4.81284,-3.86528,-2.10877,0,-487.626,0,-470.597,0,-502.654,0,-456.761,28.048,-41.3922,29.4412,-40.4131,26.7914,-42.2164,30.5481,-39.583,7.37941,-7.8774,-9.72033,8.57247,21.5425,-24.7007,-21.6134,21.7291,20.3498,6.95294e-310,-160.303,6.68183e-310,174.448,1.4822e-323,-502.654,5.06782e-310,442.182,28.048,-201.696,29.4412,134.035,26.7914,-544.871,30.5481,402.599,12.0013,40.0492,-32.0154,-2.57424,56.9102,83.7016,-67.2223,-36.6742,
0.968877,0.945891,1.00489,0.913294,200,0,0,0.223091,1.85099,-1.44247,0.239463,3.27019,4.81171,-3.82459,-2.06755,0,-484.438,0,-472.945,0,-502.445,0,-456.647,28.3113,-41.2125,29.251,-40.5509,26.8091,-42.2051,30.5571,-39.5761,4.64609,-4.86947,-7.20191,6.00878,21.6388,-24.8232,-21.3341,21.5729,20.2409,6.95294e-310,-98.5625,6.68183e-310,121.623,1.4822e-323,-502.445,5.06782e-310,436.655,28.3113,-139.775,29.251,81.0723,26.8091,-544.65,30.5571,397.079,3.87984,32.1911,-25.0865,4.16458,56.8728,83.6819,-66.5145,-35.9574,
0.962549,0.951272,1.00418,0.91333,200,0,0,-0.258187,1.38467,-1.01277,0.656594,3.26657,4.80981,-3.79265,-2.0357,0,-481.275,0,-475.636,0,-502.091,0,-456.665,28.5715,-41.0325,29.0324,-40.7077,26.8389,-42.1862,30.5557,-39.5771,1.85891,-1.72296,-4.54445,3.19624,21.492,-24.7996,-20.9324,21.3552,20.246,6.95294e-310,-34.8829,6.68183e-310,64.7109,1.4822e-323,-502.091,5.06782e-310,432.357,28.5715,-75.9154,29.0324,24.0031,26.8389,-544.277,30.5557,392.78,-4.49021,24.0813,-17.6134,11.419,56.8099,83.6488,-65.9591,-35.4035,
0.956066,0.955574,1.00303,0.913593,200,0,0,-0.699238,0.958886,-0.630825,1.02845,3.26068,4.8067,-3.74402,-1.98767,0,-478.033,0,-477.787,0,-501.516,0,-456.797,28.8369,-40.8464,28.857,-40.8323,26.8874,-42.1553,30.5452,-39.5852,-0.859849,1.14454,-2.08823,0.688031,21.317,-24.5844,-20.4047,20.8753,20.3998,6.95294e-310,23.3484,6.68183e-310,14.0357,1.4822e-323,-501.516,5.06782e-310,425.852,28.8369,-17.498,28.857,-26.7966,26.8874,-543.671,30.5452,386.267,-12.1607,16.6763,-10.9709,17.8861,56.7074,83.5948,-65.1135,-34.5682,
0.949498,0.960248,1.00139,0.914097,200,0,0,-1.16503,0.508481,-0.212042,1.43624,3.25227,4.80227,-3.69926,-1.94406,0,-474.749,0,-480.124,0,-500.695,0,-457.048,29.1046,-40.6562,28.6658,-40.9667,26.9566,-42.1111,30.5253,-39.6006,-3.61849,4.0985,0.471949,-2.00498,20.8859,-24.1702,-19.7162,20.2705,20.7154,6.95294e-310,84.902,6.68183e-310,-41.5338,1.4822e-323,-500.695,5.06782e-310,419.911,29.1046,44.2458,28.6658,-82.5005,26.9566,-542.806,30.5253,380.311,-20.2614,8.84314,-3.68769,24.9781,56.5612,83.5178,-64.335,-33.8097,
0.943182,0.964886,0.99958,0.914936,200,0,0,-1.63476,0.0534805,0.216591,1.85393,3.243,4.79739,-3.65143,-1.89814,0,-471.591,0,-482.443,0,-499.79,0,-457.468,29.3608,-40.4715,28.4755,-41.0992,27.0328,-42.0622,30.4921,-39.6262,-6.31041,6.94809,2.96182,-4.65153,20.3227,-23.6172,-18.9329,19.5453,21.1621,6.95294e-310,147.036,6.68183e-310,-98.4362,1.4822e-323,-499.79,5.06782e-310,413.619,29.3608,106.565,28.4755,-139.535,27.0328,-541.852,30.4921,373.993,-28.4307,0.930096,3.7668,32.2423,56.4,83.4328,-63.5032,-33.0111,
0.936903,0.969476,0.997159,0.91617,200,0,0,-2.13381,-0.43099,0.680582,2.30706,3.23061,4.79085,-3.60035,-1.84987,0,-468.451,0,-484.738,0,-498.58,0,-458.085,29.6143,-40.2864,28.2866,-41.2295,27.1345,-41.9966,30.4431,-39.6638,-8.95874,9.73972,5.44162,-7.3168,19.4893,-22.7841,-17.9337,18.5973,21.8827,6.95294e-310,213.132,6.68183e-310,-160.112,1.4822e-323,-498.58,5.06782e-310,406.961,29.6143,172.845,28.2866,-201.341,27.1345,-540.576,30.4431,367.297,-37.1098,-7.49548,11.8362,40.1228,56.1845,83.319,-62.6147,-32.1716,
0.930947,0.973886,0.994691,0.917704,200,0,0,-2.65021,-0.933624,1.16421,2.78022,3.21798,4.78417,-3.54184,-1.79486,0,-465.473,0,-486.943,0,-497.345,0,-458.852,29.8537,-40.1093,28.1045,-41.3538,27.2381,-41.9295,30.3823,-39.7104,-11.5103,12.3759,7.80047,-9.86398,18.5833,-21.8553,-16.878,17.5494,22.7562,6.95294e-310,281.629,6.68183e-310,-224.467,1.4822e-323,-497.345,5.06782e-310,399.357,29.8537,241.52,28.1045,-265.821,27.2381,-539.275,30.3823,359.647,-46.0907,-16.2369,20.2472,48.3517,55.9648,83.2029,-61.5972,-31.2149,
0.924571,0.977985,0.992006,0.919538,200,0,0,-3.22509,-1.49383,1.69489,3.30114,3.20424,4.7769,-3.45892,-1.71613,0,-462.285,0,-488.992,0,-496.003,0,-459.769,30.1089,-39.9181,27.9348,-41.4687,27.3506,-41.8563,30.3094,-39.7661,-14.2026,15.0066,10.1794,-12.3773,17.6567,-20.7953,-15.7231,16.2889,23.8517,6.95294e-310,357.932,6.68183e-310,-295.22,1.4822e-323,-496.003,5.06782e-310,388.519,30.1089,318.014,27.9348,-336.689,27.3506,-537.859,30.3094,348.753,-56.0885,-25.9797,29.4764,57.4111,55.7259,83.0765,-60.1551,-29.8457,
0.919526,0.982263,0.989034,0.921359,200,0,0,-3.81407,-2.07125,2.27434,3.87037,3.18904,4.76884,-3.40259,-1.66397,0,-459.763,0,-491.132,0,-494.517,0,-460.68,30.3099,-39.7657,27.7571,-41.5878,27.4749,-41.7748,30.2369,-39.8212,-16.3875,17.3293,12.2946,-14.7929,16.4175,-19.6378,-14.5245,15.1404,25.1819,6.95294e-310,436.386,6.68183e-310,-372.512,1.4822e-323,-494.517,5.06782e-310,381.264,30.3099,396.62,27.7571,-414.1,27.4749,-536.292,30.2369,341.442,-66.3317,-36.0218,39.5537,67.3108,55.4615,82.9364,-59.1756,-28.9386,
0.913953,0.985619,0.98575,0.923852,200,0,0,-3.97446,-2.21893,2.46019,4.04819,2.68068,4.26836,-2.92929,-1.19638,0,-456.976,0,-492.809,0,-492.875,0,-461.926,30.531,-39.5962,27.6174,-41.6807,27.6119,-41.6843,30.1376,-39.8965,-18.7144,19.5088,14.338,-16.9453,15.1955,-18.2129,-13.1293,13.5728,23.4241,6.95294e-310,456.976,6.68183e-310,-396.928,1.4822e-323,-426.621,5.06782e-310,317.931,30.531,417.38,27.6174,-438.608,27.6119,-468.305,30.1376,278.035,-69.121,-38.59,42.7859,70.4033,46.6205,74.2324,-50.9442,-20.8067,
0.908512,0.989106,0.982335,0.926405,200,0,0,-3.96169,-2.1938,2.49794,4.07757,2.1147,3.71056,-2.43057,-0.703518,0,-454.256,0,-494.553,0,-491.167,0,-463.202,30.746,-39.4295,27.4718,-41.7768,27.7541,-41.5898,30.0356,-39.9733,-21.0058,21.6691,16.3678,-19.1456,13.8708,-16.7427,-11.7056,11.982,20.9633,6.95294e-310,454.256,6.68183e-310,-401.356,1.4822e-323,-350.982,5.06782e-310,251.183,30.746,414.827,27.4718,-443.133,27.7541,-392.572,30.0356,211.21,-68.899,-38.153,43.4425,70.9143,36.7774,64.5315,-42.2707,-12.2351,
0.903359,0.992234,0.978656,0.929185,200,0,0,-3.94959,-2.17003,2.52829,4.1004,1.6504,3.25505,-2.0182,-0.297551,0,-451.679,0,-496.117,0,-489.328,0,-464.592,30.9488,-39.2705,27.341,-41.8625,27.9069,-41.4874,29.9244,-40.0566,-23.1483,23.6408,18.256,-21.1899,12.4345,-15.1313,-10.1922,10.2648,19.1059,6.95294e-310,451.679,6.68183e-310,-404.853,1.4822e-323,-289.098,5.06782e-310,196.118,30.9488,412.409,27.341,-446.716,27.9069,-330.585,29.9244,156.062,-68.6884,-37.7397,43.9702,71.3112,28.7027,56.6096,-35.0992,-5.17479,
0.898397,0.995146,0.974725,0.932049,200,0,0,-3.93791,-2.14718,2.55638,4.12147,1.25556,2.86957,-1.66717,0.0468721,0,-449.199,0,-497.573,0,-487.362,0,-466.025,31.1432,-39.1165,27.219,-41.9419,28.0698,-41.3774,29.8095,-40.1422,-25.1772,25.4892,20.0494,-23.1564,10.8946,-13.4267,-8.62178,8.4739,17.6231,6.95294e-310,449.199,6.68183e-310,-408.087,1.4822e-323,-236.62,5.06782e-310,149.336,31.1432,410.082,27.219,-450.029,28.0698,-277.998,29.8095,109.194,-68.4854,-37.3422,44.4587,71.6778,21.8358,49.9056,-28.9943,0.815166,
0.893891,0.997723,0.970866,0.935201,200,0,0,-3.9273,-2.12645,2.57701,4.13589,0.919937,2.54312,-1.36205,0.34471,0,-446.946,0,-498.861,0,-485.433,0,-467.6,31.3192,-38.9758,27.1109,-42.0119,28.2292,-41.2688,29.6828,-40.2359,-27.0511,27.1231,21.6683,-24.9041,9.33916,-11.6583,-7.02307,6.60234,16.4784,6.95294e-310,446.946,6.68183e-310,-410.379,1.4822e-323,-192.111,5.06782e-310,108.796,31.3192,407.97,27.1109,-452.391,28.2292,-233.38,29.6828,68.5601,-68.3009,-36.9817,44.8176,71.9285,15.9989,44.2281,-23.6879,5.99495,
0.889265,1.00004,0.965617,0.938593,200,0,0,-3.91639,-2.10519,2.6071,4.16038,0.573515,2.20913,-1.0567,0.642209,0,-444.633,0,-500.018,0,-482.808,0,-469.296,31.4991,-38.8305,27.0136,-42.0745,28.4455,-41.12,29.5462,-40.3364,-28.7843,28.6829,23.2697,-26.7065,7.29204,-9.44454,-5.0753,4.404,15.5017,6.95294e-310,444.633,6.68183e-310,-413.995,1.4822e-323,-146.406,5.06782e-310,68.2693,31.4991,405.802,27.0136,-456.07,28.4455,-187.526,29.5462,27.9329,-68.1112,-36.612,45.3409,72.3545,9.97418,38.4197,-18.3774,11.1689,
0.885682,1.00161,0.960739,0.94196,200,0,0,-3.90793,-2.08874,2.62947,4.17895,0.286927,1.93405,-0.799063,0.892024,0,-442.841,0,-500.803,0,-480.37,0,-470.98,31.6381,-38.7173,26.9475,-42.1169,28.6457,-40.9808,29.4102,-40.4356,-30.0931,29.8007,24.4799,-28.0423,5.36211,-7.31449,-3.23724,2.29951,14.8601,6.95294e-310,442.841,6.68183e-310,-416.711,1.4822e-323,-108.694,5.06782e-310,34.1709,31.6381,404.124,26.9475,-458.828,28.6457,-149.675,29.4102,-6.26474,-67.964,-36.326,45.7299,72.6774,4.99003,33.6357,-13.8967,15.5135,
0.882063,1.00324,0.955934,0.945124,200,0,0,-3.89938,-2.07215,2.65231,4.19784,0.0316037,1.69004,-0.569134,1.11459,0,-441.031,0,-501.618,0,-477.967,0,-472.562,31.778,-38.6026,26.8788,-42.1607,28.8423,-40.8426,29.2821,-40.5285,-31.4132,30.9375,25.6891,-29.4257,3.4642,-5.2738,-1.47466,0.264433,14.2556,6.95294e-310,441.031,6.68183e-310,-419.48,1.4822e-323,-75.181,5.06782e-310,3.76965,31.778,402.429,26.8788,-461.641,28.8423,-116.024,29.2821,-36.7588,-67.8153,-36.0373,46.1271,73.0059,0.54963,29.3919,-9.89799,19.3841,
0.878252,1.00441,0.951068,0.948288,200,0,0,-3.89037,-2.05469,2.66746,4.21015,-0.205232,1.46461,-0.348154,1.32819,0,-439.126,0,-502.205,0,-475.534,0,-474.144,31.9249,-38.4812,26.8293,-42.1923,29.0407,-40.7018,29.1537,-40.6209,-32.7432,31.9883,26.834,-30.6897,1.62685,-3.21752,0.275458,-1.85207,13.7277,6.95294e-310,439.126,6.68183e-310,-421.299,1.4822e-323,-44.1691,5.06782e-310,-25.4247,31.9249,400.645,26.8293,-463.491,29.0407,-84.8709,29.1537,-66.0456,-67.6585,-35.7337,46.3906,73.2199,-3.56926,25.4714,-6.05486,23.0989,
0.875436,1.00549,0.94655,0.951452,200,0,0,-3.8837,-2.04179,2.68544,4.22551,-0.415545,1.26485,-0.153127,1.51582,0,-437.718,0,-502.744,0,-473.275,0,-475.726,32.0331,-38.3911,26.7838,-42.2212,29.2243,-40.5702,29.0251,-40.713,-33.7473,32.7857,27.7379,-31.722,-0.191318,-1.24829,1.94669,-3.829,13.3509,6.95294e-310,437.718,6.68183e-310,-423.516,1.4822e-323,-16.6657,5.06782e-310,-51.1204,32.0331,399.327,26.7838,-465.738,29.2243,-57.2359,29.0251,-91.8334,-67.5426,-35.5095,46.7033,73.4871,-7.22687,21.9974,-2.66307,26.362,
0.872212,1.0064,0.941145,0.954615,200,0,0,-3.87606,-2.02705,2.70729,4.24514,-0.637493,1.05549,0.0502033,1.71173,0,-436.106,0,-503.2,0,-470.573,0,-477.308,32.1567,-38.2877,26.7453,-42.2456,29.4431,-40.4116,28.8961,-40.8046,-34.768,33.6165,28.6843,-32.8597,-2.27016,0.943688,3.79353,-6.00745,12.973,6.95294e-310,436.106,6.68183e-310,-426.288,1.4822e-323,12.2424,5.06782e-310,-77.9345,32.1567,397.818,26.7453,-468.533,29.4431,-28.1692,28.8961,-118.739,-67.4098,-35.253,47.0833,73.8286,-11.0868,18.3563,0.873101,29.7692,
0.869731,1.00695,0.936363,0.957516,200,0,0,-3.87018,-2.01571,2.72559,4.2621,-0.827923,0.87615,0.227283,1.882,0,-434.866,0,-503.475,0,-468.182,0,-478.758,32.2516,-38.2078,26.722,-42.2603,29.636,-40.2704,28.7777,-40.8882,-35.521,34.1948,29.3853,-33.7059,-4.12967,2.91101,5.43851,-7.96229,12.7173,6.95294e-310,434.866,6.68183e-310,-428.649,1.4822e-323,37.0203,5.06782e-310,-101.259,32.2516,396.658,26.722,-470.909,29.636,-3.25009,28.7777,-142.147,-67.3075,-35.0559,47.4015,74.1235,-14.3987,15.2374,3.95274,32.7304,
0.867023,1.00736,0.931798,0.960272,200,0,0,-3.86375,-2.00334,2.73885,4.27438,-1.00105,0.713576,0.39345,2.04168,0,-433.511,0,-503.679,0,-465.899,0,-480.136,32.355,-38.1203,26.7048,-42.2712,29.8196,-40.1347,28.6649,-40.9674,-36.3518,34.786,30.0906,-34.5331,-5.85251,4.77507,6.98628,-9.88097,12.4622,6.95294e-310,433.511,6.68183e-310,-430.36,1.4822e-323,59.508,5.06782e-310,-123.139,32.355,395.391,26.7048,-472.631,29.8196,19.3734,28.6649,-164.106,-67.1957,-34.8407,47.6323,74.3371,-17.4096,12.41,6.8426,35.5075,
0.864782,1.0076,0.927459,0.962873,200,0,0,-3.85843,-1.99311,2.75252,4.28747,-1.1611,0.563524,0.547151,2.18925,0,-432.391,0,-503.799,0,-463.73,0,-481.436,32.4403,-38.0477,26.6947,-42.2776,29.9934,-40.0049,28.5582,-41.0418,-37.0019,35.2328,30.654,-35.2137,-7.50742,6.54121,8.44693,-11.6821,12.2724,6.95294e-310,432.391,6.68183e-310,-432.157,1.4822e-323,80.2763,5.06782e-310,-143.368,32.4403,394.343,26.6947,-474.434,29.9934,40.2714,28.5582,-184.41,-67.1031,-34.6628,47.87,74.5646,-20.193,9.80041,9.51567,38.0739,
0.862972,1.00765,0.923696,0.965437,200,0,0,-3.85413,-1.98486,2.76201,4.29684,-1.30528,0.427986,0.690497,2.32654,0,-431.486,0,-503.823,0,-461.848,0,-482.719,32.5091,-37.9889,26.6927,-42.2789,30.1438,-39.8918,28.4529,-41.1149,-37.5416,35.5365,31.0847,-35.6963,-8.97155,8.15462,9.77009,-13.3591,12.1421,6.95294e-310,431.486,6.68183e-310,-433.426,1.4822e-323,99.0138,5.06782e-310,-162.207,32.5091,393.497,26.6927,-475.705,30.1438,59.1221,28.4529,-203.322,-67.0284,-34.5193,48.035,74.7277,-22.7005,7.44323,12.0086,40.4615,
0.860971,1.00741,0.919082,0.967966,200,0,0,-3.84937,-1.97573,2.77559,4.311,-1.46686,0.276972,0.847261,2.47732,0,-430.485,0,-503.703,0,-459.541,0,-483.983,32.5851,-37.9238,26.7028,-42.2725,30.3275,-39.7523,28.3488,-41.1867,-38.0028,35.8008,31.4867,-36.2015,-10.6819,9.9747,11.2544,-15.2074,12.0245,6.95294e-310,430.485,6.68183e-310,-435.303,1.4822e-323,119.94,5.06782e-310,-182.861,32.5851,392.562,26.7028,-477.575,30.3275,80.1881,28.3488,-224.048,-66.9456,-34.3606,48.2712,74.974,-25.5106,4.8169,14.735,43.0838,
0.859449,1.00697,0.915427,0.970435,200,0,0,-3.84576,-1.9688,2.782,4.31846,-1.60657,0.145603,0.990387,2.61459,0,-429.724,0,-503.487,0,-457.714,0,-485.217,32.6428,-37.8741,26.721,-42.2609,30.4726,-39.6411,28.247,-41.2566,-38.3805,35.9157,31.7507,-36.461,-12.0633,11.542,12.5154,-16.8567,11.9648,6.95294e-310,429.724,6.68183e-310,-436.248,1.4822e-323,138.098,5.06782e-310,-201.688,32.6428,391.85,26.721,-478.509,30.4726,98.4566,28.247,-242.944,-66.8827,-34.2399,48.3826,75.1037,-27.9404,2.53222,17.2241,45.4712,
0.858095,1.00605,0.911185,0.972748,200,0,0,-3.84253,-1.96263,2.79132,4.33002,-1.76179,3.99895e-05,1.14555,2.76426,0,-429.047,0,-503.026,0,-455.592,0,-486.374,32.694,-37.8299,26.76,-42.2363,30.6405,-39.5115,28.1515,-41.3218,-38.5384,35.8677,31.8713,-36.5894,-13.5894,13.2285,13.8598,-18.5727,11.9619,6.95294e-310,429.047,6.68183e-310,-437.68,1.4822e-323,158.238,5.06782e-310,-222.166,32.694,391.217,26.76,-479.916,30.6405,118.727,28.1515,-263.488,-66.8267,-34.1327,48.5447,75.3047,-30.6398,0.000695469,19.9226,48.0742,
0.857028,1.00476,0.907458,0.974893,200,0,0,-3.83999,-1.95777,2.79508,4.33692,-1.90787,-0.137583,1.2967,2.91031,0,-428.514,0,-502.379,0,-453.729,0,-487.446,32.7343,-37.795,26.8146,-42.2016,30.7876,-39.397,28.0628,-41.3821,-38.5856,35.6685,31.8562,-36.4942,-14.8869,14.7533,15.0508,-20.1546,12.0138,6.95294e-310,428.514,6.68183e-310,-438.433,1.4822e-323,177.243,5.06782e-310,-242.134,32.7343,390.719,26.8146,-480.635,30.7876,137.846,28.0628,-283.516,-66.7825,-34.0482,48.6101,75.4247,-33.1803,-2.39275,22.5512,50.6141,
0.856201,1.00306,0.903934,0.976834,200,0,0,-3.83803,-1.95401,2.79571,4.34168,-2.05327,-0.275011,1.44949,3.05849,0,-428.1,0,-501.528,0,-451.967,0,-488.417,32.7656,-37.7679,26.8864,-42.1559,30.9262,-39.2883,27.9824,-41.4365,-38.4904,35.3199,31.7063,-36.2061,-16.0546,16.1867,16.1486,-21.6459,12.1207,6.95294e-310,428.1,6.68183e-310,-438.842,1.4822e-323,196.194,5.06782e-310,-262.362,32.7656,390.333,26.8864,-480.998,30.9262,156.906,27.9824,-303.799,-66.7483,-33.9827,48.6211,75.5075,-35.709,-4.78279,25.2086,53.1911,
0.855362,1.00104,0.900555,0.978524,200,0,0,-3.83603,-1.95019,2.79285,4.3437,-2.19552,-0.409637,1.6015,3.20646,0,-427.681,0,-500.521,0,-450.277,0,-489.262,32.7973,-37.7404,26.9712,-42.1017,31.0588,-39.1836,27.9124,-41.4837,-38.3421,34.903,31.4906,-35.8136,-17.0948,17.5256,17.1526,-23.0573,12.2534,6.95294e-310,427.681,6.68183e-310,-438.84,1.4822e-323,214.748,5.06782e-310,-282.531,32.7973,389.941,26.9712,-480.941,31.0588,175.565,27.9124,-324.015,-66.7136,-33.9163,48.5713,75.5426,-38.1829,-7.12411,27.8521,55.7645,
0.854799,0.998801,0.897091,0.98025,200,0,0,-3.83469,-1.94762,2.7907,4.34697,-2.35084,-0.557164,1.76741,3.36825,0,-427.399,0,-499.401,0,-448.546,0,-490.125,32.8185,-37.7219,27.0655,-42.0411,31.1943,-39.0758,27.8408,-41.5318,-38.0619,34.3659,31.1702,-35.2967,-18.1691,18.8996,18.1797,-24.4893,12.4367,6.95294e-310,427.399,6.68183e-310,-438.975,1.4822e-323,235.05,5.06782e-310,-304.567,32.8185,389.677,27.0655,-481.017,31.1943,195.974,27.8408,-346.099,-66.6902,-33.8717,48.5339,75.5994,-40.8841,-9.68982,30.7376,58.5783,
0.854385,0.996297,0.894407,0.98152,200,0,0,-3.8337,-1.94574,2.7811,4.34342,-2.48628,-0.686583,1.91774,3.51554,0,-427.192,0,-498.148,0,-447.203,0,-490.76,32.8341,-37.7084,27.1707,-41.9732,31.2991,-38.9919,27.788,-41.5672,-37.7251,33.7495,30.7653,-34.6158,-18.8848,19.9732,18.9435,-25.6435,12.6577,6.95294e-310,427.192,6.68183e-310,-438.157,1.4822e-323,252.815,5.06782e-310,-324.589,32.8341,389.484,27.1707,-480.13,31.2991,213.823,27.788,-366.156,-66.6731,-33.8389,48.3669,75.5377,-43.2397,-11.9406,33.3519,61.1399,
0.854152,0.993576,0.891531,0.982718,200,0,0,-3.83315,-1.94468,2.77287,4.34174,-2.63593,-0.829794,2.08182,3.67677,0,-427.076,0,-496.788,0,-445.765,0,-491.359,32.8429,-37.7007,27.2848,-41.8991,31.4111,-38.9017,27.7381,-41.6004,-37.2642,33.0408,30.2743,-33.8522,-19.652,21.079,19.7312,-26.8054,12.9257,6.95294e-310,427.076,6.68183e-310,-437.564,1.4822e-323,272.462,5.06782e-310,-346.478,32.8429,389.375,27.2848,-479.463,31.4111,233.56,27.7381,-388.079,-66.6634,-33.8205,48.2238,75.5086,-45.8423,-14.4312,36.2056,63.9437,
0.854104,0.990568,0.888846,0.983713,200,0,0,-3.83303,-1.94446,2.76169,4.33781,-2.7902,-0.978068,2.2528,3.84536,0,-427.052,0,-495.284,0,-444.423,0,-491.857,32.8447,-37.6991,27.4107,-41.8169,31.5154,-38.8172,27.6967,-41.628,-36.6958,32.2272,29.6851,-32.9499,-20.3054,22.0934,20.4338,-27.8716,13.2513,6.95294e-310,427.052,6.68183e-310,-436.628,1.4822e-323,292.766,5.06782e-310,-369.335,32.8447,389.353,27.4107,-478.445,31.5154,253.949,27.6967,-410.963,-66.6614,-33.8167,48.0295,75.4402,-48.5253,-17.0099,39.1791,66.8758,
0.854284,0.987344,0.886605,0.98454,200,0,0,-3.83346,-1.94528,2.74553,4.32939,-2.94486,-1.12772,2.42839,4.01897,0,-427.142,0,-493.672,0,-443.302,0,-492.27,32.8379,-37.705,27.5454,-41.7283,31.6023,-38.7465,27.6623,-41.6509,-36.05,31.3174,29.0076,-31.898,-20.7734,22.9636,21.0084,-28.8029,13.6391,6.95294e-310,427.142,6.68183e-310,-435.059,1.4822e-323,313.203,5.06782e-310,-392.845,32.8379,389.437,27.5454,-476.788,31.6023,274.456,27.6623,-434.496,-66.6689,-33.8309,47.7483,75.2937,-51.2149,-19.6125,42.2329,69.8952,
0.854667,0.983809,0.884016,0.985067,200,0,0,-3.83437,-1.94702,2.73225,4.32458,-3.12023,-1.29733,2.62191,4.21123,0,-427.334,0,-491.904,0,-442.008,0,-492.534,32.8235,-37.7176,27.6928,-41.6307,31.7025,-38.6646,27.6403,-41.6655,-35.2105,30.2943,28.2123,-30.7625,-21.3104,23.8458,21.595,-29.6915,14.106,6.95294e-310,427.334,6.68183e-310,-433.938,1.4822e-323,336.369,5.06782e-310,-418.829,32.8235,389.616,27.6928,-475.569,31.7025,297.705,27.6403,-460.495,-66.6848,-33.8613,47.5173,75.2101,-54.2648,-22.5623,45.5985,73.2389,
0.855302,0.98001,0.881919,0.985487,200,0,0,-3.83589,-1.94991,2.712,4.31341,-3.30346,-1.4759,2.83005,4.41837,0,-427.651,0,-490.005,0,-440.96,0,-492.743,32.7995,-37.7385,27.8507,-41.5251,31.7835,-38.598,27.6229,-41.6771,-34.2945,29.1548,27.3162,-29.4463,-21.6489,24.5895,22.0557,-30.4605,14.6683,6.95294e-310,427.651,6.68183e-310,-431.926,1.4822e-323,360.686,5.06782e-310,-446.803,32.7995,389.913,27.8507,-473.451,31.7835,322.087,27.6229,-488.481,-66.7111,-33.9115,47.1652,75.0159,-57.4514,-25.6679,49.2183,76.8412,
0.856249,0.975911,0.879954,0.98575,200,0,0,-3.83814,-1.95422,2.68869,4.29988,-3.50927,-1.67735,3.06464,4.65232,0,-428.124,0,-487.956,0,-439.977,0,-492.875,32.7638,-37.7695,28.0207,-41.4107,31.8593,-38.5355,27.6119,-41.6843,-33.2277,27.8765,26.292,-27.9699,-21.9155,25.2684,22.4586,-31.1483,15.3579,6.95294e-310,428.124,6.68183e-310,-429.558,1.4822e-323,388.069,5.06782e-310,-478.371,32.7638,390.355,28.0207,-470.969,31.8593,349.533,27.6119,-520.056,-66.7503,-33.9865,46.7598,74.7805,-61.0307,-29.1714,53.298,80.9099,
0.857519,0.971561,0.878204,0.985786,200,0,0,-3.7129,-1.83175,2.53413,4.15566,-3.61262,-1.77683,3.17243,4.76003,0,-428.76,0,-485.781,0,-439.102,0,-492.893,32.7158,-37.8111,28.2006,-41.2884,31.9267,-38.4797,27.6104,-41.6853,-32.0133,26.4714,25.1457,-26.3474,-22.0799,25.8416,22.7734,-31.7095,15.544,6.95294e-310,411.472,6.68183e-310,-409.545,1.4822e-323,401.682,5.06782e-310,-492.893,32.7158,373.661,28.2006,-450.834,31.9267,363.202,27.6104,-534.579,-64.5722,-31.8565,44.0718,72.2723,-62.8282,-30.9015,55.1727,82.7831,
0.859125,0.966983,0.87655,0.985607,200,0,0,-3.493,-1.61534,2.28543,3.91781,-3.62863,-1.78919,3.17151,4.75954,0,-429.563,0,-483.492,0,-438.275,0,-492.803,32.655,-37.8636,28.3893,-41.1588,31.9903,-38.4268,27.6179,-41.6804,-30.6394,24.9408,23.8763,-24.599,-22.1927,26.3387,23.0286,-32.1649,15.3212,6.95294e-310,382.122,6.68183e-310,-376.886,1.4822e-323,403.54,5.06782e-310,-492.803,32.655,344.258,28.3893,-418.045,31.9903,365.114,27.6179,-534.484,-60.7479,-28.0929,39.7466,68.1359,-63.1066,-31.1163,55.1567,82.7746,
0.860971,0.962178,0.875376,0.985163,200,0,0,-3.28093,-1.40729,2.03993,3.68367,-3.63881,-1.79677,3.16924,4.75833,0,-430.485,0,-481.089,0,-437.688,0,-492.582,32.5851,-37.9238,28.5867,-41.0219,32.0354,-38.3892,27.6364,-41.6681,-29.1786,23.3083,22.509,-22.7043,-22.0994,26.6563,23.1311,-32.4448,15.1821,6.95294e-310,353.869,6.68183e-310,-344.699,1.4822e-323,404.7,5.06782e-310,-492.582,32.5851,315.946,28.5867,-385.721,32.0354,366.311,27.6364,-534.25,-57.0597,-24.4746,35.4771,64.0639,-63.2836,-31.2482,55.1173,82.7536,
0.863008,0.957144,0.874153,0.984384,200,0,0,-3.06938,-1.20018,1.79716,3.45275,-3.64943,-1.80469,3.16526,4.75622,0,-431.504,0,-478.572,0,-437.077,0,-492.192,32.5077,-37.9901,28.7929,-40.8775,32.0823,-38.35,27.6688,-41.6466,-27.5779,21.5841,21.0419,-20.7359,-21.9772,26.8979,23.1771,-32.6154,15.0908,6.95294e-310,325.721,6.68183e-310,-312.921,1.4822e-323,405.91,5.06782e-310,-492.192,32.5077,287.731,28.7929,-353.798,32.0823,367.56,27.6688,-533.839,-53.3805,-20.8727,31.255,60.0478,-63.4683,-31.386,55.048,82.7168,
0.865273,0.951991,0.873338,0.983138,200,0,0,-2.86818,-1.00394,1.56329,3.23097,-3.65603,-1.8095,3.15889,4.75283,0,-432.637,0,-475.995,0,-436.669,0,-491.569,32.4216,-38.0636,29.0031,-40.7286,32.1136,-38.3239,27.7207,-41.6121,-25.8732,19.7935,19.4938,-18.6914,-21.6646,26.919,23.0483,-32.5401,15.1066,6.95294e-310,299.011,6.68183e-310,-282.363,1.4822e-323,406.654,5.06782e-310,-491.569,32.4216,260.948,29.0031,-323.092,32.1136,368.33,27.7207,-533.181,-49.8815,-17.4599,27.1877,56.1908,-63.5832,-31.4696,54.9372,82.6579,
0.867742,0.94661,0.872643,0.981604,200,0,0,-2.66209,-0.803259,1.32432,3.00457,-3.66106,-1.813,3.15105,4.74866,0,-433.871,0,-473.305,0,-436.322,0,-490.802,32.3275,-38.1435,29.2219,-40.5719,32.1402,-38.3015,27.7845,-41.5695,-24.0536,17.9041,17.8454,-16.5518,-21.2724,26.8356,22.8363,-32.3448,15.1741,6.95294e-310,271.678,6.68183e-310,-251.158,1.4822e-323,407.205,5.06782e-310,-490.802,32.3275,233.535,29.2219,-291.729,32.1402,368.904,27.7845,-532.371,-46.2973,-13.9697,23.0316,52.2534,-63.6706,-31.5304,54.8008,82.5853,
0.870378,0.941253,0.872128,0.979135,200,0,0,-2.47377,-0.620721,1.10801,2.80074,-3.66615,-1.81695,3.13843,4.74194,0,-435.189,0,-470.627,0,-436.064,0,-489.568,32.2269,-38.2286,29.4388,-40.4148,32.1599,-38.285,27.887,-41.5008,-22.0782,16.0111,16.1435,-14.4689,-20.7273,26.459,22.4088,-31.7644,15.4124,6.95294e-310,246.77,6.68183e-310,-223.001,1.4822e-323,407.798,5.06782e-310,-489.568,32.2269,208.542,29.4388,-263.416,32.1599,369.513,27.887,-531.068,-43.022,-10.7952,19.2697,48.7085,-63.7591,-31.5991,54.5814,82.4685,
0.872895,0.935788,0.871756,0.976559,200,0,0,-2.28108,-0.433571,0.884422,2.58983,-3.66636,-1.81635,3.12527,4.73492,0,-436.448,0,-467.894,0,-435.878,0,-488.279,32.1306,-38.3096,29.6592,-40.2533,32.1742,-38.273,27.9939,-41.4288,-20.1462,14.1149,14.4387,-12.3686,-20.0986,26.0131,21.9221,-31.1498,15.6752,6.95294e-310,221.253,6.68183e-310,-193.881,1.4822e-323,407.76,5.06782e-310,-488.279,32.1306,182.944,29.6592,-234.134,32.1742,369.487,27.9939,-529.708,-39.6709,-7.54037,15.3813,45.0405,-63.7628,-31.5887,54.3525,82.3464,
0.876071,0.930311,0.871625,0.97373,200,0,0,-2.07121,-0.23071,0.649261,2.36732,-3.6701,-1.8198,3.11082,4.7272,0,-438.035,0,-465.156,0,-435.812,0,-486.865,32.0087,-38.4115,29.8792,-40.0903,32.1792,-38.2688,28.1109,-41.3494,-17.9897,12.0607,12.5784,-10.17,-19.4371,25.4399,21.3457,-30.3395,16.0473,6.95294e-310,193.541,6.68183e-310,-163.201,1.4822e-323,408.24,5.06782e-310,-486.865,32.0087,155.129,29.8792,-203.291,32.1792,369.971,28.1109,-528.215,-36.0211,-4.01234,11.2915,41.1707,-63.8278,-31.6486,54.1013,82.2122,
0.879103,0.924871,0.871697,0.970554,200,0,0,-1.86265,-0.0288556,0.414503,2.14507,-3.66943,-1.81929,3.09461,4.71853,0,-439.551,0,-462.435,0,-435.848,0,-485.277,31.8921,-38.5083,30.0969,-39.9271,32.1764,-38.2711,28.2421,-41.26,-15.8763,10.0514,10.7453,-8.02791,-18.6586,24.7175,20.6526,-29.3873,16.5131,6.95294e-310,165.98,6.68183e-310,-132.566,1.4822e-323,408.163,5.06782e-310,-485.277,31.8921,127.471,30.0969,-172.493,32.1764,369.892,28.2421,-526.537,-32.394,-0.501837,7.20874,37.3056,-63.8162,-31.6398,53.8192,82.0613,
0.882099,0.919382,0.871936,0.967582,200,0,0,-1.6376,0.189557,0.16002,1.90317,-3.66363,-1.81402,3.07943,4.7104,0,-441.049,0,-459.691,0,-435.968,0,-483.791,31.7766,-38.6037,30.3156,-39.7613,32.1673,-38.2788,28.3646,-41.1758,-13.8327,8.02192,8.90721,-5.84784,-17.8476,23.9985,19.9563,-28.4967,16.9771,6.95294e-310,136.189,6.68183e-310,-99.2795,1.4822e-323,407.425,5.06782e-310,-483.791,31.7766,97.5854,30.3156,-139.041,32.1673,369.146,28.3646,-524.967,-28.48,3.29664,2.78296,33.0986,-63.7154,-31.5481,53.5554,81.92,
0.885191,0.913857,0.8725,0.963652,200,0,0,-1.40874,0.41154,-0.0969143,1.65884,-3.6552,-1.80682,3.05938,4.69963,0,-442.595,0,-456.929,0,-436.25,0,-481.826,31.6571,-38.7018,30.5348,-39.5933,32.1457,-38.2969,28.5262,-41.064,-11.6708,5.97966,7.02041,-3.70772,-16.8211,22.9458,19.0017,-27.2052,17.7108,6.95294e-310,105.905,6.68183e-310,-65.6667,1.4822e-323,406.389,5.06782e-310,-481.826,31.6571,67.2028,30.5348,-105.26,32.1457,368.092,28.5262,-522.89,-24.4999,7.15722,-1.68547,28.8493,-63.5686,-31.4229,53.2065,81.7328,
0.888367,0.90844,0.873195,0.959733,200,0,0,-1.15944,0.65377,-0.372569,1.39549,-3.64504,-1.79819,3.03939,4.68889,0,-444.183,0,-454.22,0,-436.597,0,-479.866,31.534,-38.8021,30.7488,-39.4273,32.1191,-38.3193,28.6869,-40.9519,-9.52513,3.9311,5.13009,-1.59169,-15.7873,21.8534,18.0183,-25.8838,18.5392,6.95294e-310,72.8796,6.68183e-310,-29.5086,1.4822e-323,405.146,5.06782e-310,-479.866,31.534,34.0775,30.7488,-68.9359,32.1191,366.827,28.6869,-520.818,-20.1641,11.3699,-6.47946,24.2694,-63.392,-31.2729,52.8589,81.5458,
0.89159,0.903131,0.874369,0.955598,200,0,0,-0.889467,0.916537,-0.672974,1.10709,-3.62747,-1.78321,3.0183,4.67753,0,-445.795,0,-451.566,0,-437.185,0,-477.799,31.4088,-38.9036,30.9577,-39.2635,32.074,-38.3569,28.856,-40.833,-7.41654,1.89348,3.24498,0.511043,-14.5909,20.5789,16.8859,-24.3991,19.5826,6.95294e-310,37.0793,6.68183e-310,10.0076,1.4822e-323,402.989,5.06782e-310,-477.799,31.4088,-1.8243,30.9577,-29.2559,32.074,364.633,28.856,-518.632,-15.469,15.9398,-11.7039,19.2538,-63.0864,-31.0123,52.4923,81.3483,
0.894838,0.897822,0.875651,0.951188,200,0,0,-0.585656,1.21307,-1.00646,0.785572,-3.60637,-1.76495,2.99583,4.66539,0,-447.419,0,-448.911,0,-437.826,0,-475.594,31.2823,-39.0054,31.1657,-39.0986,32.0248,-38.398,29.0358,-40.7053,-5.29154,-0.157123,1.34192,2.58835,-13.3417,19.1967,15.6689,-22.803,20.8566,6.95294e-310,-3.27706,6.68183e-310,53.9842,1.4822e-323,400.378,5.06782e-310,-475.594,31.2823,-42.2825,31.1657,14.8857,32.0248,361.98,29.0358,-516.299,-10.1853,21.0969,-17.5036,13.6621,-62.7196,-30.6947,52.1014,81.1372,
0.898134,0.892489,0.877557,0.946466,200,0,0,-0.23286,1.55847,-1.39955,0.40444,-3.57073,-1.73352,2.97177,4.65237,0,-449.067,0,-446.245,0,-438.778,0,-473.233,31.1535,-39.1083,31.3738,-38.9318,31.9516,-38.459,29.2277,-40.5677,-3.19554,-2.22914,-0.585088,4.70421,-11.8549,17.5717,14.2468,-21.003,22.5317,6.95294e-310,-50.2262,6.68183e-310,105.994,1.4822e-323,395.919,5.06782e-310,-473.233,31.1535,-89.3345,31.3738,67.062,31.9516,357.46,29.2277,-513.801,-4.04973,27.1038,-24.3401,7.03374,-62.0997,-30.1481,51.683,80.9107,
0.901465,0.887168,0.879438,0.941493,200,0,0,0.187867,1.97169,-1.85836,-0.0424836,-3.53055,-1.69749,2.94645,4.63863,0,-450.733,0,-443.584,0,-439.719,0,-470.746,31.0231,-39.2118,31.5805,-38.7643,31.8792,-38.519,29.4291,-40.4219,-1.07103,-4.31874,-2.53231,6.77784,-10.3716,15.8756,12.7706,-19.1211,24.6192,6.95294e-310,-106.324,6.68183e-310,166.865,1.4822e-323,390.844,5.06782e-310,-470.746,31.0231,-145.536,31.5805,128.1,31.8792,352.325,29.4291,-511.168,3.26726,34.2903,-32.3193,-0.738846,-61.4008,-29.5216,51.2426,80.6717,
0.904809,0.881739,0.881308,0.936256,200,0,0,0.708792,2.48507,-2.41766,-0.589709,-3.48149,-1.65258,2.9198,4.62412,0,-452.404,0,-440.87,0,-440.654,0,-468.128,30.8918,-39.3154,31.7905,-38.5923,31.8071,-38.5786,29.6404,-40.2672,1.0846,-6.4514,-4.51961,8.84752,-8.87029,14.1028,11.232,-17.167,27.269,6.95294e-310,-175.923,6.68183e-310,241.263,1.4822e-323,384.57,5.06782e-310,-468.128,30.8918,-215.239,31.7905,202.671,31.8071,345.991,29.6404,-508.395,12.3268,43.2186,-42.0463,-10.2558,-60.5476,-28.7405,50.7792,80.4195,
0.908153,0.876251,0.883885,0.930767,200,0,0,1.38482,3.15353,-3.15536,-1.31526,-3.39854,-1.57536,2.89189,4.60889,0,-454.076,0,-438.125,0,-441.942,0,-465.383,30.7602,-39.4184,32.0018,-38.4172,31.7076,-38.6604,29.861,-40.1039,3.1748,-8.60626,-6.52947,10.9731,-7.1063,12.0766,9.475,-15.0331,30.9573,6.95294e-310,-266.427,6.68183e-310,339.698,1.4822e-323,373.858,5.06782e-310,-465.383,30.7602,-305.845,32.0018,301.281,31.7076,335.197,29.861,-505.487,24.0838,54.844,-54.8758,-22.874,-59.1051,-27.3975,50.2937,80.1546,
0.9114,0.87081,0.886102,0.925134,200,0,0,2.08282,3.84416,-3.87274,-2.02064,-3.12931,-1.31105,2.64263,4.37259,0,-455.7,0,-435.405,0,-443.051,0,-462.567,30.632,-39.5181,32.2104,-38.2425,31.6218,-38.7306,30.0864,-39.9351,5.26607,-10.7436,-8.52212,12.9972,-5.46883,10.0888,7.75677,-12.9204,33.4998,6.95294e-310,-359.909,6.68183e-310,435.405,1.4822e-323,337.972,5.06782e-310,-432.83,30.632,-399.427,32.2104,397.162,31.6218,299.241,30.0864,-472.765,36.223,66.855,-67.3519,-35.1416,-54.4227,-22.8009,45.9587,76.0451,
0.914672,0.865453,0.889086,0.919238,200,0,0,2.16626,3.92016,-3.86002,-1.99618,-2.28915,-0.477548,1.68714,3.43062,0,-457.336,0,-432.726,0,-444.543,0,-459.619,30.5025,-39.6181,32.4148,-38.0694,31.5061,-38.8248,30.3213,-39.757,7.27792,-12.8736,-10.5137,15.0336,-3.57018,7.82643,5.80387,-10.6009,28.784,6.95294e-310,-370.554,6.68183e-310,432.726,1.4822e-323,225.276,5.06782e-310,-305.135,30.5025,-410.172,32.4148,394.657,31.5061,186.451,30.3213,-344.892,37.6741,68.1767,-67.1309,-34.7161,-39.8113,-8.30519,29.3416,59.6629,
0.917872,0.860228,0.891938,0.913186,200,0,0,2.23723,3.98382,-3.84761,-1.97235,-1.65658,0.148645,0.967565,2.72484,0,-458.936,0,-430.114,0,-445.969,0,-456.593,30.3756,-39.7155,32.6132,-37.8996,31.3952,-38.9145,30.5614,-39.5728,9.26479,-14.9701,-12.4738,16.9653,-1.73164,5.54329,3.83689,-8.25416,25.3525,6.95294e-310,-379.529,6.68183e-310,430.114,1.4822e-323,140.536,5.06782e-310,-209.263,30.3756,-419.245,32.6132,392.214,31.3952,101.622,30.5614,-248.836,38.9083,69.2839,-66.9149,-34.3017,-28.8101,2.58513,16.8272,47.3886,
0.920964,0.855338,0.894886,0.906906,200,0,0,2.29975,4.03927,-3.83597,-1.95008,-1.14611,0.652515,0.389156,2.16069,0,-460.482,0,-427.669,0,-447.443,0,-453.453,30.2527,-39.8093,32.7982,-37.7396,31.2804,-39.0069,30.8093,-39.3801,11.1787,-16.9698,-14.3482,18.7345,0.115402,3.16589,1.79387,-5.80242,22.8279,6.95294e-310,-387.386,6.68183e-310,427.669,1.4822e-323,72.2707,5.06782e-310,-132.457,30.2527,-427.195,32.7982,389.929,31.2804,33.2638,30.8093,-171.837,39.9956,70.2482,-66.7126,-33.9144,-19.9323,11.3481,6.76793,37.5772,
0.923852,0.850772,0.898014,0.900387,200,0,0,2.35411,4.08702,-3.82509,-1.92931,-0.709616,1.08198,-0.0995335,1.68672,0,-461.926,0,-425.386,0,-449.007,0,-450.193,30.1376,-39.8965,32.9701,-37.5895,31.1582,-39.1045,31.0653,-39.1784,12.98,-18.8492,-16.1159,20.3414,2.01444,0.669958,-0.347443,-3.24136,20.9123,6.95294e-310,-394.18,6.68183e-310,425.386,1.4822e-323,14.0104,5.06782e-310,-67.7845,30.1376,-434.077,32.9701,387.797,31.1582,-25.0942,31.0653,-106.963,40.9411,71.0787,-66.5233,-33.5532,-12.3412,18.8171,-1.73102,29.3343,
0.926441,0.846709,0.90137,0.893484,200,0,0,2.40534,4.1323,-3.8154,-1.91085,-0.312922,1.47112,-0.538809,1.26296,0,-463.22,0,-423.355,0,-450.685,0,-446.742,30.0342,-39.9743,33.1226,-37.4552,31.0268,-39.2089,31.335,-38.963,14.6332,-20.5365,-17.7151,21.7027,3.98864,-1.99126,-2.62513,-0.504344,19.507,6.95294e-310,-400.606,6.68183e-310,423.355,1.4822e-323,-38.8436,5.06782e-310,-9.83826,30.0342,-440.58,33.1226,385.9,31.0268,-78.0525,31.335,-48.8012,41.832,71.8661,-66.3548,-33.2322,-5.44213,25.5847,-9.37059,21.9645,
0.928682,0.843126,0.904809,0.886186,200,0,0,2.45724,4.17905,-3.80684,-1.89459,0.0594082,1.83569,-0.948548,0.86952,0,-464.341,0,-421.563,0,-452.404,0,-443.093,29.9445,-40.0416,33.2566,-37.3363,30.8918,-39.3154,31.6186,-38.7333,16.1428,-22.0274,-19.1378,22.8051,5.99706,-4.78201,-5.01074,2.38345,18.4854,6.95294e-310,-407.187,6.68183e-310,421.563,1.4822e-323,-88.3975,5.06782e-310,44.0591,29.9445,-447.229,33.2566,384.227,30.8918,-127.713,31.6186,5.32583,42.7346,72.6792,-66.2059,-32.9494,1.03319,31.925,-16.4965,15.1221,
0.930719,0.839842,0.908165,0.879019,200,0,0,2.50713,4.22425,-3.79899,-1.8797,0.394185,2.16287,-1.31382,0.520158,0,-465.359,0,-419.921,0,-454.082,0,-439.509,29.8629,-40.1025,33.379,-37.2269,30.7597,-39.4188,31.8953,-38.5057,17.5308,-23.4078,-20.4502,23.7694,7.93101,-7.52297,-7.36039,5.20715,17.6665,6.95294e-310,-413.534,6.68183e-310,419.921,1.4822e-323,-132.904,5.06782e-310,91.992,29.8629,-453.636,33.379,382.694,30.7597,-172.323,31.8953,53.4863,43.6023,73.4651,-66.0694,-32.6904,6.85539,37.6151,-22.8491,9.04622,
0.932624,0.83687,0.911281,0.872332,200,0,0,2.55473,4.26745,-3.79188,-1.86623,0.683413,2.44502,-1.628,0.220743,0,-466.312,0,-418.435,0,-455.64,0,-436.166,29.7864,-40.1593,33.4895,-37.1275,30.6367,-39.5145,32.1521,-38.2915,18.8021,-24.6923,-21.6608,24.624,9.69676,-10.0815,-9.56357,7.83433,16.993,6.95294e-310,-419.596,6.68183e-310,418.435,1.4822e-323,-171.315,5.06782e-310,133.129,29.7864,-459.756,33.4895,381.308,30.6367,-210.829,32.1521,94.8372,44.4301,74.2165,-65.9457,-32.4562,11.8854,42.5222,-28.3131,3.839,
0.934194,0.834162,0.914348,0.865968,200,0,0,2.59482,4.30391,-3.78539,-1.85397,0.947589,2.70222,-1.90793,-0.0452077,0,-467.097,0,-417.081,0,-457.174,0,-432.984,29.7233,-40.206,33.5899,-37.0367,30.5153,-39.6083,32.3951,-38.0861,19.8898,-25.8301,-22.7337,25.3662,11.4102,-12.5503,-11.6928,10.3215,16.4424,6.95294e-310,-424.708,6.68183e-310,417.081,1.4822e-323,-206.357,5.06782e-310,169.711,29.7233,-464.914,33.5899,380.044,30.5153,-245.965,32.3951,131.624,45.1273,74.8506,-65.8329,-32.243,16.4798,46.9951,-33.1814,-0.786221,
0.935501,0.831741,0.917273,0.860036,200,0,0,2.6297,4.33576,-3.77959,-1.84302,1.18563,2.93359,-2.15556,-0.279877,0,-467.75,0,-415.871,0,-458.636,0,-430.018,29.6708,-40.2448,33.6795,-36.9553,30.3994,-39.6973,32.6205,-37.8933,20.8194,-26.8323,-23.6777,26.001,13.0208,-14.8741,-13.7008,12.6307,15.9944,6.95294e-310,-429.167,6.68183e-310,415.871,1.4822e-323,-237.902,5.06782e-310,202.02,29.6708,-469.411,33.6795,378.915,30.3994,-277.599,32.6205,164.127,45.7338,75.4046,-65.732,-32.0526,20.6196,51.019,-37.4879,-4.86742,
0.936615,0.829548,0.919945,0.852738,200,0,0,2.68956,4.39305,-3.77433,-1.83311,1.46509,3.20695,-2.46219,-0.570656,0,-468.308,0,-414.774,0,-459.973,0,-426.369,29.6259,-40.2779,33.7605,-36.8813,30.2932,-39.7784,32.8962,-37.6542,21.8336,-27.7595,-24.5378,26.3459,14.6483,-17.4725,-15.9508,15.3742,15.7434,6.95294e-310,-437.028,6.68183e-310,414.774,1.4822e-323,-275.076,5.06782e-310,242.041,29.6259,-477.306,33.7605,377.893,30.2932,-314.855,32.8962,204.387,46.7749,76.4008,-65.6406,-31.8801,25.4798,55.773,-42.8206,-9.92445,
0.937538,0.827595,0.922354,0.846326,200,0,0,2.74072,4.44207,-3.76965,-1.82428,1.70559,3.44193,-2.7221,-0.816726,0,-468.769,0,-413.797,0,-461.177,0,-423.163,29.5887,-40.3052,33.8324,-36.8153,30.1973,-39.8513,33.1369,-37.4425,22.6842,-28.5785,-25.2888,26.6493,16.0901,-19.7744,-17.9533,17.7703,15.5275,6.95294e-310,-443.753,6.68183e-310,413.797,1.4822e-323,-307.047,5.06782e-310,275.929,29.5887,-484.058,33.8324,376.982,30.1973,-346.898,33.1369,238.486,47.6647,77.2534,-65.5591,-31.7266,29.6624,59.8597,-47.3409,-14.2039,
0.938281,0.825785,0.924511,0.84013,200,0,0,2.79211,4.49174,-3.7653,-1.81611,1.93288,3.66427,-2.96827,-1.0496,0,-469.14,0,-412.893,0,-462.256,0,-420.065,29.5588,-40.3272,33.899,-36.754,30.1112,-39.9163,33.3683,-37.2365,23.4579,-29.3234,-25.9605,26.873,17.4207,-21.952,-19.855,20.0465,15.3646,6.95294e-310,-450.541,6.68183e-310,412.893,1.4822e-323,-337.283,5.06782e-310,308.006,29.5588,-490.868,33.899,376.139,30.1112,-377.199,33.3683,270.77,48.5584,78.1172,-65.4835,-31.5845,33.6152,63.7265,-51.6221,-18.2539,
0.938916,0.824299,0.926572,0.834402,200,0,0,2.84211,4.54027,-3.76173,-1.8094,2.14809,3.87475,-3.19998,-1.26907,0,-469.458,0,-412.149,0,-463.286,0,-417.201,29.5332,-40.3459,33.9536,-36.7036,30.0289,-39.9783,33.5811,-37.0447,24.1213,-29.9609,-26.5295,27.0109,18.647,-23.9804,-21.6351,22.1658,15.2586,6.95294e-310,-457.162,6.68183e-310,412.149,1.4822e-323,-365.909,5.06782e-310,338.22,29.5332,-497.508,33.9536,375.446,30.0289,-405.887,33.5811,301.175,49.428,78.9612,-65.4214,-31.4678,37.358,67.3869,-55.6518,-22.0708,
0.939312,0.822873,0.928502,0.829248,200,0,0,2.8819,4.57914,-3.7583,-1.80297,2.34049,4.06271,-3.40108,-1.45922,0,-469.656,0,-411.436,0,-464.251,0,-414.624,29.5172,-40.3576,34.0059,-36.6551,29.9517,-40.0362,33.7715,-36.8712,24.6465,-30.5135,-27.0212,27.1474,19.7956,-25.8309,-23.2592,24.0447,15.1556,6.95294e-310,-462.452,6.68183e-310,411.436,1.4822e-323,-391.484,5.06782e-310,364.413,29.5172,-502.809,34.0059,374.781,29.9517,-431.52,33.7715,327.542,50.12,79.6372,-65.3618,-31.3559,40.7041,70.6558,-59.1493,-25.3778,
0.939575,0.821866,0.930192,0.823137,200,0,0,2.93669,4.63332,-3.74504,-1.78758,2.57267,4.291,-3.6606,-1.70582,0,-469.788,0,-410.933,0,-465.096,0,-411.568,29.5065,-40.3654,34.0428,-36.6209,29.884,-40.0867,33.9962,-36.6641,25.2146,-30.9599,-27.3922,26.9849,20.902,-27.8412,-25.04,26.2497,15.1741,6.95294e-310,-469.788,6.68183e-310,409.471,1.4822e-323,-422.465,5.06782e-310,398.315,29.5065,-510.153,34.0428,372.85,29.884,-462.552,33.9962,361.65,51.0729,80.5795,-65.1311,-31.0883,44.7421,74.6261,-63.6627,-29.6665,
0.939635,0.821147,0.931582,0.817851,200,0,0,2.82258,4.51906,-3.59321,-1.63423,2.62667,4.34179,-3.74623,-1.78033,0,-469.818,0,-410.574,0,-465.791,0,-408.926,29.5041,-40.3671,34.0691,-36.5964,29.8283,-40.1282,34.1895,-36.4839,25.6381,-31.2701,-27.6377,26.7615,21.831,-29.5558,-26.5652,28.141,14.5313,6.95294e-310,-454.395,6.68183e-310,388.88,1.4822e-323,-429.485,5.06782e-310,408.926,29.5041,-494.763,34.0691,352.284,29.8283,-469.614,34.1895,372.442,49.0883,78.5924,-62.4906,-28.4214,45.6812,75.5094,-65.1518,-30.9622,
0.939491,0.8205,0.93266,0.812614,200,0,0,2.62203,4.31885,-3.37109,-1.41076,2.5777,4.29034,-3.73361,-1.75675,0,-469.746,0,-410.25,0,-466.33,0,-406.307,29.5099,-40.3629,34.0928,-36.5743,29.785,-40.1604,34.3801,-36.3044,26.015,-31.5151,-27.8122,26.4595,22.6627,-31.1681,-28.0059,29.9604,13.5615,6.95294e-310,-427.392,6.68183e-310,358.83,1.4822e-323,-422.686,5.06782e-310,406.307,29.5099,-467.755,34.0928,322.255,29.785,-462.846,34.3801,370.003,45.6005,75.1104,-58.6277,-24.535,44.8296,74.6146,-64.9324,-30.5522,
0.939108,0.820152,0.933499,0.807749,200,0,0,2.44572,4.14343,-3.17643,-1.21536,2.53238,4.24308,-3.72187,-1.73488,0,-469.554,0,-410.076,0,-466.75,0,-403.874,29.5254,-40.3516,34.1055,-36.5625,29.7513,-40.1853,34.5564,-36.1367,26.2768,-31.6172,-27.8543,26.0434,23.3806,-32.6136,-29.3028,31.6309,12.7684,6.95294e-310,-403.7,6.68183e-310,332.531,1.4822e-323,-416.422,5.06782e-310,403.874,29.5254,-444.052,34.1055,295.969,29.7513,-456.608,34.5564,367.738,42.5343,72.0597,-55.2423,-21.1368,44.0415,73.7927,-64.7282,-30.1719,
0.938365,0.819913,0.934062,0.803183,200,0,0,2.2897,3.98913,-3.00699,-1.04542,2.49203,4.20143,-3.71084,-1.71438,0,-469.182,0,-409.956,0,-467.031,0,-401.591,29.5554,-40.3296,34.1143,-36.5543,29.7286,-40.2021,34.721,-35.9785,26.4111,-31.5898,-27.7778,25.5528,24.0151,-33.9062,-30.4608,33.1398,12.1181,6.95294e-310,-382.809,6.68183e-310,309.651,1.4822e-323,-410.879,5.06782e-310,401.591,29.5554,-423.138,34.1143,273.097,29.7286,-451.081,34.721,365.613,39.8208,69.3762,-52.2954,-18.1811,43.3396,73.0683,-64.5364,-29.8154,
0.937214,0.819913,0.934434,0.798581,200,0,0,2.13424,3.83634,-2.84069,-0.87912,2.45164,4.16017,-3.69971,-1.69375,0,-468.607,0,-409.956,0,-467.217,0,-399.29,29.6018,-40.2956,34.1143,-36.5543,29.7137,-40.2131,34.8862,-35.8183,26.4144,-31.3947,-27.5465,24.9061,24.612,-35.1489,-31.5736,34.6221,11.5328,6.95294e-310,-362.069,6.68183e-310,287.237,1.4822e-323,-405.366,5.06782e-310,399.29,29.6018,-402.365,34.1143,250.683,29.7137,-445.579,34.8862,363.472,37.1171,66.7189,-49.4033,-15.289,42.6372,72.3509,-64.3427,-29.4565,
0.935656,0.820092,0.93453,0.795117,200,0,0,2.0103,3.71601,-2.71536,-0.754164,2.42436,4.13267,-3.69132,-1.67824,0,-467.828,0,-410.046,0,-467.265,0,-397.559,29.6645,-40.2494,34.1077,-36.5604,29.7098,-40.216,35.01,-35.6973,26.1935,-31.0089,-27.1623,24.2556,25.0689,-36.0342,-32.3523,35.6653,11.1469,6.95294e-310,-345.654,6.68183e-310,270.376,1.4822e-323,-401.671,5.06782e-310,397.559,29.6645,-385.903,34.1077,233.815,29.7098,-441.887,35.01,361.861,34.9617,64.6262,-47.2236,-13.1159,42.1628,71.8726,-64.1968,-29.1868,
0.933907,0.820548,0.93435,0.791642,200,0,0,1.88508,3.59484,-2.58614,-0.62591,2.39219,4.10092,-3.68289,-1.66269,0,-466.953,0,-410.274,0,-467.175,0,-395.821,29.7349,-40.1975,34.091,-36.576,29.7171,-40.2107,35.1339,-35.5754,25.922,-30.5078,-26.6665,23.4569,25.4304,-36.8362,-33.0632,36.6928,10.7874,6.95294e-310,-329.101,6.68183e-310,253.04,1.4822e-323,-397.369,5.06782e-310,395.821,29.7349,-369.299,34.091,216.464,29.7171,-437.579,35.1339,360.246,32.784,62.5189,-44.9764,-10.8854,41.6033,71.3204,-64.0503,-28.9164,
0.932121,0.821123,0.933907,0.788382,200,0,0,1.77015,3.48403,-2.46539,-0.506361,2.3585,4.06825,-3.67498,-1.64812,0,-466.061,0,-410.562,0,-466.953,0,-394.191,29.8066,-40.1443,34.07,-36.5956,29.7349,-40.1975,35.2497,-35.4607,25.6409,-29.9671,-26.1298,22.6098,25.6809,-37.5049,-33.6613,37.6272,10.4762,6.95294e-310,-313.942,6.68183e-310,236.865,1.4822e-323,-392.91,5.06782e-310,394.191,29.8066,-354.086,34.07,200.27,29.7349,-433.107,35.2497,358.73,30.7852,60.5918,-42.8763,-8.80628,41.0173,70.7522,-63.9126,-28.663,
0.929712,0.822106,0.933104,0.785398,200,0,0,1.64823,3.36767,-2.34077,-0.383814,2.32456,4.03618,-3.66773,-1.63479,0,-464.856,0,-411.053,0,-466.552,0,-392.699,29.9032,-40.0724,34.034,-36.629,29.7672,-40.1736,35.3553,-35.3553,25.1409,-29.1446,-25.3462,21.543,25.8326,-37.9997,-34.0949,38.4119,10.2234,6.95294e-310,-297.956,6.68183e-310,220.242,1.4822e-323,-388.485,5.06782e-310,392.699,29.9032,-338.028,34.034,183.613,29.7672,-428.659,35.3553,357.344,28.6649,58.5682,-40.709,-6.67502,40.4272,70.1944,-63.7865,-28.4312,
0.927303,0.82316,0.931833,0.782654,200,0,0,1.53766,3.26264,-2.22341,-0.268673,2.28637,4.00092,-3.66105,-1.62255,0,-463.652,0,-411.58,0,-465.917,0,-391.327,29.9997,-40.0002,33.9954,-36.6649,29.8182,-40.1357,35.4522,-35.2582,24.6716,-28.306,-24.5387,20.4293,25.8074,-38.298,-34.3611,39.0722,10.0155,6.95294e-310,-283.498,6.68183e-310,204.609,1.4822e-323,-383.573,5.06782e-310,391.327,29.9997,-323.498,33.9954,167.944,29.8182,-423.709,35.4522,356.069,26.7419,56.7416,-38.6679,-4.67258,39.763,69.5812,-63.6705,-28.2182,
0.925014,0.82467,0.929892,0.780185,200,0,0,1.43153,3.16177,-2.10076,-0.149213,2.23648,3.9555,-3.65504,-1.61154,0,-462.507,0,-412.335,0,-464.946,0,-390.093,30.0912,-39.9315,33.9399,-36.7162,29.896,-40.0778,35.5392,-35.1705,24.2654,-27.3916,-23.6503,19.1348,25.4846,-38.3222,-34.4021,39.6312,9.84306,6.95294e-310,-269.617,6.68183e-310,188.345,1.4822e-323,-377.208,5.06782e-310,390.093,30.0912,-309.548,33.9399,151.629,29.896,-417.286,35.5392,354.922,24.8962,54.9873,-36.535,-2.595,38.8953,68.7913,-63.566,-28.0268,
0.922102,0.826216,0.928058,0.77804,200,0,0,1.3218,3.05872,-1.98459,-0.036305,2.19726,3.92051,-3.64982,-1.60198,0,-461.051,0,-413.108,0,-464.029,0,-389.02,30.2073,-39.8437,33.8831,-36.7686,29.9695,-40.0229,35.6145,-35.0942,23.6045,-26.2787,-22.6084,17.7986,25.2497,-38.3081,-34.3848,40.0326,9.71757,6.95294e-310,-255.365,6.68183e-310,172.959,1.4822e-323,-372.262,5.06782e-310,389.02,30.2073,-295.209,33.8831,136.19,29.9695,-412.284,35.6145,353.926,22.9878,53.1951,-34.5145,-0.631392,38.2133,68.1827,-63.4751,-27.8606,
0.919574,0.827703,0.925877,0.776146,200,0,0,1.22846,2.97117,-1.87841,0.0667278,2.15362,3.88188,-3.6452,-1.59355,0,-459.787,0,-413.851,0,-462.939,0,-388.073,30.308,-39.7672,33.8285,-36.8189,30.0567,-39.9574,35.6809,-35.0267,23.0947,-25.2881,-21.6683,16.5201,24.8431,-38.1302,-34.2344,40.3435,9.61922,6.95294e-310,-243.252,6.68183e-310,158.911,1.4822e-323,-366.783,5.06782e-310,388.073,30.308,-283.019,33.8285,122.092,30.0567,-406.74,35.6809,353.046,21.3646,51.6725,-32.668,1.16048,37.4543,67.5109,-63.3948,-27.7139,
0.916326,0.829656,0.923349,0.774529,200,0,0,1.11996,2.87009,-1.75986,0.181136,2.1095,3.84357,-3.64126,-1.58635,0,-458.163,0,-414.828,0,-461.674,0,-387.264,30.437,-39.6685,33.7565,-36.885,30.1576,-39.8813,35.7375,-34.969,22.3264,-23.9736,-20.4547,14.9847,24.3486,-37.787,-33.9232,40.5021,9.56159,6.95294e-310,-229.226,6.68183e-310,143.277,1.4822e-323,-361.304,5.06782e-310,387.264,30.437,-268.895,33.7565,106.392,30.1576,-401.185,35.7375,352.295,19.4776,49.9146,-30.6063,3.15019,36.687,66.8447,-63.3262,-27.5887,
0.913258,0.831537,0.920568,0.773114,200,0,0,1.02149,2.77861,-1.64787,0.289138,2.06341,3.80385,-3.63781,-1.58006,0,-456.629,0,-415.769,0,-460.284,0,-386.557,30.5585,-39.575,33.687,-36.9484,30.2684,-39.7973,35.787,-34.9184,21.6337,-22.726,-19.3014,13.489,23.7442,-37.3247,-33.5103,40.5734,9.52735,6.95294e-310,-216.519,6.68183e-310,128.515,1.4822e-323,-355.605,5.06782e-310,386.557,30.5585,-256.094,33.687,91.5664,30.2684,-395.402,35.787,351.639,17.7651,48.3236,-28.6585,5.02849,35.8855,66.1539,-63.2662,-27.4793,
0.910406,0.833491,0.917548,0.771904,200,0,0,0.92967,2.69327,-1.53786,0.394992,2.01383,3.76116,-3.63485,-1.57467,0,-455.203,0,-416.745,0,-458.774,0,-385.952,30.6713,-39.4876,33.6148,-37.0141,30.3884,-39.7057,35.8292,-34.875,21.0147,-21.5188,-18.1869,11.9895,23.0151,-36.7444,-32.9981,40.5792,9.51107,6.95294e-310,-204.667,6.68183e-310,114.033,1.4822e-323,-349.479,5.06782e-310,385.952,30.6713,-244.155,33.6148,77.0192,30.3884,-389.184,35.8292,351.077,16.1682,46.8395,-26.7454,6.86943,35.0231,65.4116,-63.2148,-27.3856,
0.906846,0.835552,0.91436,0.770873,200,0,0,0.826435,2.5981,-1.4218,0.506662,1.9681,3.72271,-3.63234,-1.57009,0,-453.423,0,-417.776,0,-457.18,0,-385.437,30.8116,-39.3782,33.5384,-37.0833,30.5149,-39.6086,35.8651,-34.8381,20.1545,-20.0831,-16.8873,10.3618,22.2963,-36.0837,-32.3961,40.4417,9.53067,6.95294e-310,-191.406,6.68183e-310,98.7554,1.4822e-323,-343.902,5.06782e-310,385.437,30.8116,-230.784,33.5384,61.6721,30.5149,-383.511,35.8651,350.599,14.3728,45.1844,-24.7269,8.81152,34.2279,64.7427,-63.1711,-27.306,
0.903395,0.837458,0.911041,0.769927,200,0,0,0.729761,2.50923,-1.31041,0.613983,1.92188,3.68404,-3.63003,-1.56588,0,-451.697,0,-418.729,0,-455.52,0,-384.963,30.9474,-39.2716,33.4677,-37.1472,30.6462,-39.5071,35.8981,-34.8041,19.3482,-18.7174,-15.6533,8.79155,21.5323,-35.3713,-31.7492,40.2523,9.56377,6.95294e-310,-179.008,6.68183e-310,84.0803,1.4822e-323,-338.283,5.06782e-310,384.963,30.9474,-218.28,33.4677,46.9331,30.6462,-377.79,35.8981,350.159,12.6915,43.6389,-22.7897,10.678,33.4241,64.0702,-63.1309,-27.2328,
0.899907,0.839842,0.907505,0.769255,200,0,0,0.62545,2.41279,-1.18671,0.732584,1.87105,3.64123,-3.62839,-1.5629,0,-449.954,0,-419.921,0,-453.753,0,-384.628,31.0841,-39.1635,33.379,-37.2269,30.7857,-39.3985,35.9214,-34.78,18.4863,-17.2178,-14.3167,7.05308,20.6342,-34.5299,-30.9892,39.9937,9.61721,6.95294e-310,-165.587,6.68183e-310,67.8309,1.4822e-323,-332.081,5.06782e-310,384.628,31.0841,-204.751,33.379,30.604,30.7857,-371.48,35.9214,349.848,10.8774,41.9615,-20.6384,12.7406,32.54,63.3257,-63.1024,-27.1809,
0.89642,0.842,0.903515,0.768764,200,0,0,0.528384,2.32356,-1.06669,0.847983,1.81676,3.59596,-3.62718,-1.56072,0,-448.21,0,-421,0,-451.757,0,-384.382,31.2205,-39.0548,33.2986,-37.2988,30.9426,-39.2753,35.9385,-34.7624,17.6794,-15.7745,-13.0339,5.3602,19.6033,-33.5279,-30.0825,39.5937,9.70816,6.95294e-310,-153.142,6.68183e-310,52.0377,1.4822e-323,-325.495,5.06782e-310,384.382,31.2205,-192.196,33.2986,14.7388,30.9426,-364.77,35.9385,349.62,9.18929,40.4098,-18.5511,14.7475,31.5958,62.5384,-63.0815,-27.143,
0.892789,0.843989,0.900087,0.768464,200,0,0,0.430177,2.2335,-0.953512,0.956888,1.77432,3.56125,-3.62645,-1.55939,0,-446.394,0,-421.995,0,-450.044,0,-384.232,31.3621,-38.9412,33.2244,-37.365,31.0771,-39.1691,35.9489,-34.7516,16.7495,-14.3234,-11.7638,3.7842,18.7708,-32.6481,-29.2738,39.1522,9.81381,6.95294e-310,-140.567,6.68183e-310,37.1374,1.4822e-323,-320.402,5.06782e-310,384.232,31.3621,-179.509,33.2244,-0.227553,31.0771,-359.571,35.9489,349.481,7.48135,38.8435,-16.5828,16.6415,30.8577,61.9348,-63.0687,-27.1198,
0.889122,0.846482,0.895701,0.768285,200,0,0,0.323065,2.13459,-0.817157,1.08788,1.71436,3.51115,-3.62601,-1.55859,0,-444.561,0,-423.241,0,-447.85,0,-384.142,31.5047,-38.8259,33.1311,-37.4477,31.2486,-39.0324,35.9552,-34.7451,15.8623,-12.7451,-10.3901,1.9302,17.5779,-31.4733,-28.2086,38.612,9.94879,6.95294e-310,-126.798,6.68183e-310,19.2031,1.4822e-323,-313.122,5.06782e-310,384.142,31.5047,-165.624,33.1311,-18.2446,31.2486,-352.154,35.9552,349.397,5.61852,37.1232,-14.2114,18.9197,29.8149,61.0635,-63.0611,-27.1059,
0.885778,0.848543,0.891662,0.768333,200,0,0,0.229055,2.04803,-0.696608,1.20399,1.66156,3.4674,-3.62613,-1.5588,0,-442.889,0,-424.272,0,-445.831,0,-384.166,31.6344,-38.7204,33.0539,-37.5159,31.406,-38.9058,35.9535,-34.7469,15.0529,-11.3531,-9.1905,0.328794,16.485,-30.352,-27.1858,38.0132,10.1061,6.95294e-310,-114.735,6.68183e-310,3.32283,1.4822e-323,-306.741,5.06782e-310,384.166,31.6344,-153.456,33.0539,-34.1931,31.406,-345.647,35.9535,349.419,3.98356,35.6179,-12.1149,20.9389,28.8967,60.3026,-63.0631,-27.1096,
0.88162,0.851144,0.887791,0.768536,200,0,0,0.10524,1.93346,-0.550767,1.34421,1.61326,3.42775,-3.62663,-1.55971,0,-440.81,0,-425.572,0,-443.896,0,-384.268,31.7951,-38.5885,32.9562,-37.6017,31.5563,-38.784,35.9464,-34.7542,13.8856,-9.60256,-7.70407,-1.54237,15.4687,-29.2479,-26.1685,37.347,10.2891,6.95294e-310,-98.802,6.68183e-310,-15.8697,1.4822e-323,-300.936,5.06782e-310,384.268,31.7951,-137.391,32.9562,-53.4714,31.5563,-339.72,35.9464,349.514,1.83026,33.6254,-9.57855,23.3776,28.0566,59.613,-63.0718,-27.1254,
0.877773,0.853229,0.883453,0.769004,200,0,0,-0.00299541,1.83375,-0.414427,1.47604,1.55998,3.38413,-3.62777,-1.56178,0,-438.886,0,-426.614,0,-441.727,0,-384.502,31.9433,-38.4659,32.8777,-37.6704,31.7243,-38.6467,35.9302,-34.771,12.8956,-8.06174,-6.4038,-3.21604,14.3049,-27.965,-24.9889,36.506,10.5326,6.95294e-310,-84.9107,6.68183e-310,-33.8731,1.4822e-323,-294.543,5.06782e-310,384.502,31.9433,-123.377,32.8777,-71.5435,31.7243,-333.19,35.9302,349.731,-0.052094,31.8912,-7.20743,25.6703,27.1301,58.8544,-63.0917,-27.1615,
0.873866,0.855722,0.879019,0.769615,200,0,0,-0.125182,1.72019,-0.258332,1.62673,1.50195,3.33594,-3.62926,-1.5645,0,-436.933,0,-427.861,0,-439.509,0,-384.807,32.0934,-38.3408,32.7837,-37.7522,31.8953,-38.5057,35.9089,-34.7929,11.8382,-6.40384,-5.02177,-5.04408,13.0605,-26.6277,-23.7607,35.637,10.798,6.95294e-310,-69.1486,6.68183e-310,-54.4659,1.4822e-323,-287.526,5.06782e-310,384.807,32.0934,-107.489,32.7837,-92.2181,31.8953,-326.032,35.9089,350.015,-2.17708,29.9163,-4.49273,28.291,26.1209,58.0163,-63.1176,-27.2087,
0.869827,0.857963,0.873974,0.770706,200,0,0,-0.248617,1.60564,-0.0941348,1.78606,1.43718,3.28231,-3.63193,-1.56935,0,-434.914,0,-428.981,0,-436.987,0,-385.353,32.2479,-38.2109,32.699,-37.8256,32.0892,-38.3443,35.871,-34.8321,10.7834,-4.76369,-3.6718,-6.81756,11.6308,-25.0268,-22.2869,34.4794,11.1763,6.95294e-310,-53.2406,6.68183e-310,-76.1953,1.4822e-323,-279.708,5.06782e-310,385.353,32.2479,-91.4515,32.699,-114.021,32.0892,-318.053,35.871,350.521,-4.32377,27.9242,-1.63713,31.0619,24.9944,57.0836,-63.164,-27.293,
0.865764,0.860072,0.869024,0.77206,200,0,0,-0.377866,1.4853,0.0774696,1.95307,1.3733,3.22932,-3.63523,-1.57537,0,-432.882,0,-430.036,0,-434.512,0,-386.03,32.4029,-38.0795,32.6191,-37.8945,32.2786,-38.185,35.8238,-34.8806,9.69115,-3.14489,-2.35436,-8.51323,10.2247,-23.4019,-20.7882,33.2136,11.6226,6.95294e-310,-36.5519,6.68183e-310,-98.9463,1.4822e-323,-271.992,5.06782e-310,386.03,32.4029,-74.6315,32.6191,-136.841,32.2786,-310.177,35.8238,351.149,-6.57159,25.8313,1.3473,33.9664,23.8835,56.1621,-63.2215,-27.3977,
0.861726,0.862181,0.863943,0.773498,200,0,0,-0.516309,1.35569,0.265452,2.13645,1.30366,3.17081,-3.63874,-1.58176,0,-430.863,0,-431.091,0,-431.971,0,-386.749,32.5564,-37.9484,32.5391,-37.9632,32.4722,-38.0205,35.7736,-34.9321,8.60593,-1.53549,-1.0588,-10.2186,8.76549,-21.733,-19.2508,31.8959,12.1253,6.95294e-310,-18.6183,6.68183e-310,-123.904,1.4822e-323,-263.52,5.06782e-310,386.749,32.5564,-56.5667,32.5391,-161.868,32.4722,-301.541,35.7736,351.817,-8.97929,23.5771,4.61656,37.1557,22.6723,55.1446,-63.2825,-27.5089,
0.857651,0.863967,0.859149,0.775511,200,0,0,-0.661592,1.21928,0.459061,2.32616,1.23907,3.11668,-3.64365,-1.59072,0,-428.826,0,-431.983,0,-429.575,0,-387.756,32.7108,-37.8154,32.4713,-38.0212,32.6541,-37.8644,35.7032,-35.0041,7.45037,0.0181757,0.17839,-11.7187,7.38448,-20.0175,-17.6676,30.3584,12.7726,6.95294e-310,0.232151,6.68183e-310,-149.679,1.4822e-323,-255.676,5.06782e-310,387.756,32.7108,-37.5832,32.4713,-187.7,32.6541,-293.54,35.7032,352.752,-11.5059,21.2048,7.98367,40.455,21.5491,54.2032,-63.3679,-27.6647,
0.853648,0.866052,0.853301,0.777333,200,0,0,-0.826467,1.06309,0.699978,2.56252,1.14523,3.03554,-3.6481,-1.59883,0,-426.824,0,-433.026,0,-426.65,0,-388.666,32.8619,-37.6842,32.392,-38.0889,32.875,-37.6727,35.6393,-35.069,6.4128,1.6104,1.4227,-13.4665,5.65012,-18.0818,-15.8878,28.7936,13.4983,6.95294e-310,21.7377,6.68183e-310,-181.775,1.4822e-323,-244.074,5.06782e-310,388.666,32.8619,-15.9465,32.392,-219.864,32.875,-281.747,35.6393,353.597,-14.3733,18.4886,12.1735,44.5655,19.917,52.792,-63.4451,-27.8058,
0.849646,0.867718,0.84774,0.779742,200,0,0,-1.00406,0.894156,0.957373,2.81626,1.05196,2.95429,-3.65396,-1.60956,0,-424.823,0,-433.859,0,-423.87,0,-389.871,33.0125,-37.5523,32.3285,-38.1428,33.084,-37.4894,35.5548,-35.1548,5.32435,3.11296,2.58184,-14.9674,3.99798,-16.0981,-14.0634,26.9947,14.4425,6.95294e-310,44.959,6.68183e-310,-216.167,1.4822e-323,-232.497,5.06782e-310,389.871,33.0125,7.40663,32.3285,-254.31,33.084,-269.986,35.5548,354.716,-17.4619,15.5505,16.65,48.9784,18.2949,51.3789,-63.5472,-27.9924,
0.845691,0.869551,0.842731,0.782138,200,0,0,-1.20815,0.698588,1.24642,3.10128,0.958271,2.87137,-3.6598,-1.62025,0,-422.845,0,-434.776,0,-421.365,0,-391.069,33.1607,-37.4215,32.2585,-38.202,33.2713,-37.3231,35.4704,-35.2399,4.16513,4.63866,3.75545,-16.4699,2.48529,-14.27,-12.3859,25.2786,15.4704,6.95294e-310,71.7617,6.68183e-310,-254.795,1.4822e-323,-220.762,5.06782e-310,391.069,33.1607,34.3402,32.2585,-292.997,33.2713,-258.085,35.4704,355.829,-21.0114,12.1494,21.6768,53.9353,16.6656,49.9369,-63.6487,-28.1783,
0.84188,0.871145,0.836619,0.784475,200,0,0,-1.43329,0.481637,1.59474,3.4461,0.826305,2.75249,-3.66548,-1.63068,0,-420.94,0,-435.573,0,-418.309,0,-392.238,33.3031,-37.2948,32.1975,-38.2533,33.4988,-37.1191,35.3879,-35.3227,3.19304,6.05771,4.81177,-18.0042,0.649924,-12.1873,-10.4766,23.4261,16.7436,6.95294e-310,101.428,6.68183e-310,-301.456,1.4822e-323,-204.06,5.06782e-310,392.238,33.3031,64.1332,32.1975,-339.709,33.4988,-241.18,35.3879,356.915,-24.9268,8.37629,27.7346,59.9322,14.3705,47.8694,-63.7475,-28.3596,
0.838105,0.872535,0.831166,0.787531,200,0,0,-1.70212,0.220888,2.00002,3.84832,0.688628,2.62642,-3.67291,-1.64432,0,-419.052,0,-436.268,0,-415.583,0,-393.766,33.4436,-37.1688,32.1443,-38.2981,33.7007,-36.9359,35.2798,-35.4307,2.10768,7.43233,5.83019,-19.3052,-1.03555,-10.1167,-8.58419,21.3634,18.4318,6.95294e-310,136.991,6.68183e-310,-355.829,1.4822e-323,-186.47,5.06782e-310,393.766,33.4436,99.8222,32.1443,-394.127,33.7007,-223.406,35.2798,358.335,-29.6021,3.84153,34.783,66.9273,11.9761,45.6769,-63.8767,-28.5969,
0.834522,0.873782,0.825857,0.790204,200,0,0,-2.00251,-0.0718506,2.4606,4.30616,0.531276,2.48032,-3.6794,-1.65626,0,-417.261,0,-436.891,0,-412.928,0,-395.102,33.5766,-37.0488,32.0966,-38.3381,33.8964,-36.7564,35.185,-35.5248,1.11188,8.70592,6.76208,-20.5624,-2.6519,-8.18193,-6.82156,19.4508,20.3129,6.95294e-310,176.842,6.68183e-310,-417.683,1.4822e-323,-166.199,5.06782e-310,395.102,33.5766,139.794,32.0966,-456.021,33.8964,-202.955,35.185,359.577,-34.8262,-1.24958,42.7931,74.8897,9.23958,43.1359,-63.9896,-28.8045,
0.830938,0.874872,0.820512,0.793607,200,0,0,-2.18466,-0.24638,2.60862,4.45177,0.200957,2.16127,-3.32342,-1.30725,0,-415.469,0,-437.436,0,-410.256,0,-396.804,33.7092,-36.9282,32.0547,-38.3731,34.0923,-36.5747,35.0639,-35.6444,0.0590878,9.95241,7.66113,-21.6854,-4.33594,-6.07868,-4.91292,17.2374,20.1719,6.95294e-310,200.759,6.68183e-310,-437.436,1.4822e-323,-122.619,5.06782e-310,347.711,33.7092,163.831,32.0547,-475.809,34.0923,-159.193,35.0639,312.067,-37.994,-4.28487,45.3674,77.4221,3.4949,37.5872,-57.7986,-22.7347,
0.827475,0.875831,0.815191,0.796855,200,0,0,-2.28747,-0.341855,2.61347,4.4545,-0.140874,1.8306,-2.89025,-0.880746,0,-413.737,0,-437.916,0,-407.595,0,-398.428,33.8369,-36.8112,32.0179,-38.4038,34.2865,-36.3928,34.948,-35.7581,-0.93708,11.1249,8.49397,-22.7646,-6.00221,-4.02772,-3.05891,15.0697,19.2367,6.95294e-310,214.005,6.68183e-310,-437.916,1.4822e-323,-77.4799,5.06782e-310,289.891,33.8369,177.194,32.0179,-476.319,34.2865,-113.873,34.948,254.133,-39.7822,-5.9453,45.4516,77.4695,-2.44998,31.8365,-50.2653,-15.3173,
0.824119,0.876586,0.809834,0.800223,200,0,0,-2.37674,-0.424027,2.61728,4.45664,-0.455711,1.52694,-2.49191,-0.489342,0,-412.06,0,-438.293,0,-404.917,0,-400.111,33.9602,-36.6975,31.9889,-38.428,34.4809,-36.2086,34.8273,-35.8756,-1.89215,12.2156,9.2532,-23.7487,-7.68534,-1.94972,-1.18827,12.8302,18.4554,6.95294e-310,225.445,6.68183e-310,-438.293,1.4822e-323,-35.983,5.06782e-310,236.786,33.9602,188.747,31.9889,-476.721,34.4809,-72.1916,34.8273,200.911,-41.3346,-7.37438,45.5179,77.5069,-7.92542,26.5555,-43.3376,-8.5103,
0.820824,0.877161,0.804633,0.803758,200,0,0,-2.45836,-0.498707,2.62019,4.45828,-0.745348,1.24811,-2.12109,-0.125819,0,-410.412,0,-438.581,0,-402.316,0,-401.879,34.0809,-36.5854,31.9668,-38.4464,34.6688,-36.0288,34.7003,-35.9985,-2.84788,13.2433,9.96156,-24.6253,-9.33088,0.120558,0.663754,10.5232,17.8102,6.95294e-310,235.866,6.68183e-310,-438.581,1.4822e-323,2.14716,5.06782e-310,187.42,34.0809,199.281,31.9668,-477.027,34.6688,-33.8816,34.7003,151.422,-42.7541,-8.67317,45.5685,77.5353,-12.9626,21.7062,-36.8885,-2.18816,
0.81778,0.877569,0.799408,0.80715,200,0,0,-2.52496,-0.558907,2.62225,4.45944,-1.01194,0.992308,-1.78425,0.203985,0,-408.89,0,-438.784,0,-399.704,0,-403.575,34.1922,-36.4815,31.9512,-38.4594,34.8566,-35.8472,34.578,-36.1159,-3.69538,14.1577,10.5694,-25.4277,-10.982,2.15404,2.47839,8.26441,17.2562,6.95294e-310,244.307,6.68183e-310,-438.784,1.4822e-323,37.1705,5.06782e-310,142.612,34.1922,207.826,31.9512,-477.244,34.8566,1.32334,34.578,106.496,-43.9123,-9.72012,45.6043,77.5554,-17.599,17.2575,-31.0304,3.54756,
0.814903,0.877749,0.794219,0.811404,200,0,0,-2.59104,-0.618962,2.62315,4.45995,-1.28984,0.725084,-1.43036,0.549023,0,-407.452,0,-438.874,0,-397.109,0,-405.702,34.2969,-36.383,31.9442,-38.4651,35.0421,-35.6658,34.424,-36.2627,-4.56052,14.9827,11.1025,-26.0201,-12.711,4.37105,4.44382,5.67135,16.8667,6.95294e-310,252.709,6.68183e-310,-438.874,1.4822e-323,73.7253,5.06782e-310,95.6572,34.2969,216.326,31.9442,-477.339,35.0421,38.0595,34.424,59.3944,-45.0615,-10.7645,45.6201,77.5643,-22.432,12.6102,-24.8758,9.54822,
0.812123,0.877581,0.789041,0.815239,200,0,0,-2.64495,-0.66707,2.62231,4.45947,-1.54503,0.48048,-1.10792,0.863451,0,-406.062,0,-438.79,0,-394.521,0,-407.619,34.398,-36.2875,31.9507,-38.4598,35.2263,-35.4839,34.2847,-36.3945,-5.32225,15.6845,11.5356,-26.5221,-14.3698,6.48111,6.30284,3.19563,16.5443,6.95294e-310,259.489,6.68183e-310,-438.79,1.4822e-323,107.226,5.06782e-310,52.8695,34.398,223.202,31.9507,-477.25,35.2263,71.7416,34.2847,16.4751,-45.9992,-11.6012,45.6053,77.556,-26.8701,8.35617,-19.2682,15.0165,
0.809558,0.877209,0.78402,0.819266,200,0,0,-2.69383,-0.710606,2.62043,4.45842,-1.79601,0.239718,-0.790263,1.17267,0,-404.779,0,-438.605,0,-392.01,0,-409.633,34.4909,-36.1991,31.965,-38.4479,35.404,-35.3066,34.1379,-36.5322,-6.03363,16.2793,11.8842,-26.8802,-16.0089,8.59149,8.1506,0.659531,16.317,6.95294e-310,265.629,6.68183e-310,-438.605,1.4822e-323,140.187,5.06782e-310,10.7616,34.4909,229.43,31.965,-477.053,35.404,104.881,34.1379,-25.7707,-46.8493,-12.3584,45.5727,77.5377,-31.235,4.16901,-13.7437,20.3942,
0.807102,0.87655,0.779226,0.823101,200,0,0,-2.7371,-0.748768,2.6171,4.45654,-2.03309,0.0123541,-0.489046,1.46581,0,-403.551,0,-438.275,0,-389.613,0,-411.55,34.5797,-36.1143,31.9903,-38.4268,35.5729,-35.1365,33.9975,-36.6629,-6.68595,16.768,12.1556,-27.115,-17.5445,10.5989,9.89274,-1.80422,16.1636,6.95294e-310,271.032,6.68183e-310,-438.275,1.4822e-323,171.316,5.06782e-310,-29.1627,34.5797,234.917,31.9903,-476.702,35.5729,136.18,33.9975,-65.8256,-47.6018,-13.0221,45.5148,77.5051,-35.358,0.214854,-8.50515,25.4924,
0.804681,0.87552,0.774313,0.827918,200,0,0,-2.78532,-0.79196,2.61189,4.45361,-2.30864,-0.2533,-0.135576,1.8091,0,-402.34,0,-437.76,0,-387.156,0,-413.959,34.6671,-36.0305,32.0299,-38.3938,35.7451,-34.9612,33.8205,-36.8262,-7.3812,17.1611,12.3537,-27.1102,-19.1972,12.8574,11.8315,-4.70384,16.1474,6.95294e-310,277.108,6.68183e-310,-437.76,1.4822e-323,207.614,5.06782e-310,-75.9549,34.6671,241.077,32.0299,-476.154,35.7451,172.653,33.8205,-112.781,-48.4403,-13.7732,45.4242,77.4541,-40.1503,-4.40522,-2.35785,31.4627,
0.802787,0.87401,0.769507,0.832137,200,0,0,-2.81591,-0.818637,2.60427,4.44932,-2.57527,-0.51029,0.193909,2.12964,0,-401.394,0,-437.005,0,-384.754,0,-416.068,34.7352,-35.9648,32.0878,-38.3454,35.9127,-34.7891,33.6649,-36.9686,-7.80818,17.2971,12.3394,-26.9094,-20.7557,14.9465,13.6217,-7.36573,16.2398,6.95294e-310,280.902,6.68183e-310,-437.005,1.4822e-323,242.729,5.06782e-310,-119.618,34.7352,244.937,32.0878,-475.35,35.9127,207.94,33.6649,-156.587,-48.9724,-14.2372,45.2916,77.3794,-44.7873,-8.87461,3.37233,37.0372,
0.800606,0.871948,0.764821,0.835588,200,0,0,-2.84353,-0.841745,2.59386,4.44345,-2.82511,-0.75078,0.504703,2.43308,0,-400.303,0,-435.974,0,-382.411,0,-417.794,34.8136,-35.8889,32.1668,-38.2792,36.0753,-34.6204,33.5371,-37.0846,-8.19697,17.3574,12.2762,-26.6228,-22.1047,16.8298,15.2084,-9.82519,16.3759,6.95294e-310,284.244,6.68183e-310,-435.974,1.4822e-323,275.604,5.06782e-310,-160.897,34.8136,248.355,32.1668,-474.253,36.0753,240.984,33.5371,-197.981,-49.4526,-14.639,45.1106,77.2774,-49.1324,-13.057,8.77744,42.3145,
0.799,0.870055,0.760267,0.839399,200,0,0,-2.86522,-0.860132,2.5843,4.43806,-3.09117,-1.0078,0.831067,2.75131,0,-399.5,0,-435.027,0,-380.134,0,-419.7,34.8712,-35.833,32.2392,-38.2182,36.2326,-34.4558,33.3955,-37.2121,-8.48165,17.3174,12.1221,-26.2594,-23.54,18.7542,16.8378,-12.3266,16.5665,6.95294e-310,286.89,6.68183e-310,-435.027,1.4822e-323,310.691,5.06782e-310,-204.209,34.8712,251.057,32.2392,-473.246,36.2326,276.235,33.3955,-241.421,-49.83,-14.9588,44.9443,77.1836,-53.7596,-17.527,14.4533,47.8489,
0.797334,0.867538,0.755749,0.842659,200,0,0,-2.88177,-0.873251,2.5716,4.43088,-3.36065,-1.26834,1.15841,3.07167,0,-398.667,0,-433.769,0,-377.875,0,-421.329,34.9308,-35.7748,32.3353,-38.137,36.3879,-34.2917,33.274,-37.3208,-8.66137,17.1352,11.8573,-25.7339,-24.8273,20.5414,18.3329,-14.6981,16.856,6.95294e-310,288.831,6.68183e-310,-433.769,1.4822e-323,346.246,5.06782e-310,-247.75,34.9308,253.056,32.3353,-471.906,36.3879,311.954,33.274,-285.071,-50.1178,-15.187,44.7234,77.0588,-58.4461,-22.0582,20.1463,53.4203,
0.795836,0.865177,0.751471,0.845919,200,0,0,-2.86251,-0.850911,2.50716,4.37161,-3.58481,-1.48409,1.45383,3.36009,0,-397.918,0,-432.589,0,-375.735,0,-422.959,34.9844,-35.7225,32.4253,-38.0605,36.5343,-34.1357,33.1522,-37.429,-8.8344,16.9465,11.5894,-25.2151,-26.0838,22.2656,19.7699,-17.0065,16.8752,6.95294e-310,285.975,6.68183e-310,-425.509,1.4822e-323,375.735,5.06782e-310,-286.987,34.9844,250.252,32.4253,-463.57,36.5343,341.6,33.1522,-324.416,-49.7828,-14.7985,43.6028,76.0281,-62.3445,-25.8102,25.2841,58.4363,
0.794494,0.862277,0.747468,0.84913,200,0,0,-2.66578,-0.651421,2.18083,4.05162,-3.57497,-1.46641,1.56725,3.46658,0,-397.247,0,-431.138,0,-373.734,0,-424.565,35.0323,-35.6755,32.5355,-37.9663,36.6706,-33.9892,33.0318,-37.5353,-8.91873,16.5879,11.199,-24.4472,-27.2132,23.9153,21.1257,-19.3059,15.6274,6.95294e-310,259.226,6.68183e-310,-382.047,1.4822e-323,373.734,5.06782e-310,-301.701,35.0323,223.55,32.5355,-420.013,36.6706,339.745,33.0318,-339.237,-46.3614,-11.3291,37.9275,70.463,-62.1734,-25.5027,27.2566,60.2884,
0.793164,0.858778,0.743693,0.852234,200,0,0,-2.48474,-0.467661,1.87887,3.75729,-3.56567,-1.44975,1.67128,3.5639,0,-396.582,0,-429.389,0,-371.847,0,-426.117,35.0797,-35.6288,32.6682,-37.8522,36.7987,-33.8505,32.9152,-37.6377,-8.94138,16.0806,10.7039,-23.4411,-28.2025,25.4886,22.3948,-21.6035,14.5888,6.95294e-310,234.595,6.68183e-310,-341.977,1.4822e-323,371.847,5.06782e-310,-315.168,35.0797,198.966,32.6682,-379.829,36.7987,337.996,32.9152,-352.806,-43.2129,-8.13324,32.6761,65.3443,-62.0117,-25.2131,29.0658,61.9809,
0.792205,0.855829,0.740218,0.855158,200,0,0,-2.33681,-0.317762,1.63836,3.52319,-3.55711,-1.43443,1.75131,3.6376,0,-396.103,0,-427.915,0,-370.109,0,-427.579,35.1139,-35.5952,32.7796,-37.7557,36.9161,-33.7224,32.8049,-37.7337,-8.92548,15.6134,10.2348,-22.5723,-29.1837,26.9414,23.5768,-23.6892,13.7376,6.95294e-310,214.49,6.68183e-310,-310.088,1.4822e-323,370.109,5.06782e-310,-325.432,35.1139,178.895,32.7796,-347.844,36.9161,336.386,32.8049,-363.166,-40.6402,-5.5263,28.4933,61.2729,-61.8627,-24.9467,30.4576,63.2626,
0.791294,0.851935,0.737114,0.857663,200,0,0,-2.19132,-0.170412,1.40127,3.29454,-3.54945,-1.42076,1.82717,3.70801,0,-395.647,0,-425.967,0,-368.557,0,-428.832,35.1463,-35.5632,32.9264,-37.6278,37.0206,-33.6077,32.7103,-37.8158,-8.77241,14.9085,9.59561,-21.3479,-29.9065,28.2176,24.5873,-25.6643,13.0612,6.95294e-310,194.724,6.68183e-310,-278.829,1.4822e-323,368.557,5.06782e-310,-335.208,35.1463,159.16,32.9264,-316.457,37.0206,334.949,32.7103,-373.023,-38.11,-2.96369,24.37,57.2964,-61.7295,-24.709,31.7769,64.4872,
0.790503,0.848543,0.734273,0.859796,200,0,0,-2.07467,-0.0521432,1.21305,3.11365,-3.54243,-1.40827,1.88584,3.76204,0,-395.252,0,-424.272,0,-367.137,0,-429.898,35.1744,-35.5354,33.0539,-37.5159,37.1159,-33.5024,32.6296,-37.8855,-8.62682,14.2946,9.02637,-20.3046,-30.575,29.3411,25.4802,-27.3907,12.5127,6.95294e-310,178.864,6.68183e-310,-254.066,1.4822e-323,367.137,5.06782e-310,-342.732,35.1744,143.329,33.0539,-291.582,37.1159,333.634,32.6296,-380.617,-36.0812,-0.906838,21.0965,54.1504,-61.6075,-24.4916,32.7971,65.4267,
0.789856,0.844732,0.731781,0.861654,200,0,0,-1.96132,0.0625277,1.03069,2.93949,-3.53627,-1.39731,1.94112,3.81327,0,-394.928,0,-422.366,0,-365.89,0,-430.827,35.1974,-35.5126,33.1966,-37.3897,37.1993,-33.4098,32.5592,-37.946,-8.38983,13.5476,8.36207,-19.0746,-31.0771,30.3224,26.2466,-28.9931,12.0667,6.95294e-310,163.475,6.68183e-310,-230.166,1.4822e-323,365.89,5.06782e-310,-349.849,35.1974,127.962,33.1966,-267.556,37.1993,332.481,32.5592,-387.795,-34.1099,1.08744,17.9251,51.1216,-61.5004,-24.3011,33.7585,66.3177,
0.789269,0.840753,0.7296,0.86326,200,0,0,-1.85601,0.169035,0.860135,2.77748,-3.53087,-1.38773,1.99279,3.86143,0,-394.635,0,-420.377,0,-364.8,0,-431.63,35.2182,-35.4919,33.3451,-37.2573,37.2721,-33.3286,32.4982,-37.9983,-8.11629,12.7481,7.66489,-17.7648,-31.4462,31.1738,26.9,-30.4667,11.7021,6.95294e-310,149.18,6.68183e-310,-207.886,1.4822e-323,364.8,5.06782e-310,-356.525,35.2182,113.688,33.3451,-245.143,37.2721,331.471,32.4982,-394.524,-32.2785,2.93974,14.9589,48.304,-61.4065,-24.1345,34.6572,67.1554,
0.788814,0.836379,0.727574,0.86471,200,0,0,-1.7488,0.277173,0.688046,2.61474,-3.52586,-1.37884,2.04351,3.90899,0,-394.407,0,-418.19,0,-363.787,0,-432.355,35.2344,-35.4759,33.5077,-37.1111,37.3395,-33.253,32.443,-38.0453,-7.7568,11.8258,6.86976,-16.2889,-31.7233,31.9499,27.49,-31.8897,11.3862,6.95294e-310,134.651,6.68183e-310,-185.468,1.4822e-323,363.787,5.06782e-310,-363.102,35.2344,99.1751,33.5077,-222.579,37.3395,330.534,32.443,-401.147,-30.414,4.82041,11.966,45.4738,-61.3193,-23.9798,35.5394,67.9824,
0.788454,0.832316,0.725777,0.86598,200,0,0,-1.6543,0.372414,0.536868,2.47222,-3.52141,-1.37095,2.08787,3.95056,0,-394.227,0,-416.158,0,-362.888,0,-432.99,35.2471,-35.4632,33.6582,-36.9746,37.3992,-33.1858,32.3947,-38.0865,-7.40642,10.9561,6.11729,-14.9087,-31.9561,32.6287,28.0065,-33.1648,11.1218,6.95294e-310,121.851,6.68183e-310,-165.811,1.4822e-323,362.888,5.06782e-310,-368.851,35.2471,86.3877,33.6582,-202.786,37.3992,329.703,32.3947,-406.938,-28.7704,6.47677,9.33684,42.9951,-61.2419,-23.8427,36.3107,68.7054,
0.788167,0.828577,0.724195,0.867035,200,0,0,-1.57157,0.455723,0.405084,2.34837,-3.51749,-1.36402,2.12609,3.98647,0,-394.083,0,-414.289,0,-362.097,0,-433.517,35.2573,-35.4531,33.7962,-36.8485,37.4517,-33.1266,32.3545,-38.1207,-7.06767,10.1473,5.41488,-13.6374,-32.1412,33.206,28.4465,-34.2804,10.9046,6.95294e-310,110.652,6.68183e-310,-148.71,1.4822e-323,362.097,5.06782e-310,-373.812,35.2573,75.1987,33.7962,-185.559,37.4517,328.971,32.3545,-411.933,-27.3317,7.92561,7.04494,40.8412,-61.1737,-23.722,36.9754,69.3299,
0.787963,0.824071,0.722805,0.867838,200,0,0,-1.47875,0.548961,0.257269,2.21008,-3.51404,-1.35792,2.16825,4.02687,0,-393.981,0,-412.036,0,-361.402,0,-433.919,35.2645,-35.4459,33.9619,-36.6959,37.4977,-33.0745,32.3239,-38.1466,-6.60834,9.14209,4.55739,-12.0753,-32.1671,33.6777,28.7953,-35.3502,10.7312,6.95294e-310,98.1056,6.68183e-310,-129.582,1.4822e-323,361.402,5.06782e-310,-379.35,35.2645,62.6597,33.9619,-166.278,37.4977,328.328,32.3239,-417.497,-25.7174,9.54715,4.47425,38.4362,-61.1137,-23.616,37.7086,70.0325,
0.787819,0.820284,0.721654,0.868425,200,0,0,-1.40319,0.62481,0.137599,2.09839,-3.51118,-1.35288,2.20201,4.05934,0,-393.91,0,-410.142,0,-360.827,0,-434.212,35.2696,-35.4408,34.1007,-36.567,37.5357,-33.0314,32.3015,-38.1656,-6.20964,8.29323,3.82761,-10.7673,-32.1776,34.0446,29.0695,-36.2116,10.5987,6.95294e-310,87.8972,6.68183e-310,-114.119,1.4822e-323,360.827,5.06782e-310,-383.795,35.2696,52.4564,34.1007,-150.686,37.5357,327.796,32.3015,-421.96,-24.4034,10.8663,2.39303,36.4937,-61.0641,-23.5284,38.2958,70.5972,
0.787747,0.815754,0.720647,0.868868,200,0,0,-1.31612,0.712027,-0.000810012,1.96948,-3.50869,-1.34847,2.24151,4.09788,0,-393.874,0,-407.877,0,-360.324,0,-434.434,35.2722,-35.4383,34.266,-36.4121,37.5689,-32.9936,32.2846,-38.1799,-5.70672,7.25701,2.94699,-9.1735,-32.0601,34.3388,29.2816,-37.0754,10.4932,6.95294e-310,76.1492,6.68183e-310,-96.2593,1.4822e-323,360.324,5.06782e-310,-389.04,35.2722,40.7109,34.266,-132.671,37.5689,327.33,32.2846,-427.22,-22.8891,12.3831,-0.0140872,34.2519,-61.0206,-23.4517,38.9829,71.2674,
0.787723,0.811644,0.71982,0.869168,200,0,0,-1.23873,0.789471,-0.123513,1.85537,-3.50663,-1.34485,2.27661,4.13231,0,-393.862,0,-405.822,0,-359.91,0,-434.584,35.273,-35.4374,34.4154,-36.271,37.5962,-32.9625,32.2731,-38.1896,-5.23766,6.30962,2.13902,-7.72371,-31.9217,34.5575,29.44,-37.8034,10.4148,6.95294e-310,65.7136,6.68183e-310,-80.4411,1.4822e-323,359.91,5.06782e-310,-393.716,35.273,30.2761,34.4154,-116.712,37.5962,326.948,32.2731,-431.906,-21.5431,13.7299,-2.14805,32.2673,-60.9849,-23.3887,39.5932,71.8663,
0.787747,0.807869,0.719185,0.869288,200,0,0,-1.16884,0.859312,-0.233871,1.75287,-3.50506,-1.34207,2.30798,4.16343,0,-393.874,0,-403.934,0,-359.593,0,-434.644,35.2722,-35.4383,34.552,-36.1408,37.6171,-32.9386,32.2685,-38.1935,-4.78896,5.43122,1.3894,-6.38908,-31.7443,34.691,29.5357,-38.3889,10.3656,6.95294e-310,56.2978,6.68183e-310,-66.2266,1.4822e-323,359.593,5.06782e-310,-397.923,35.2722,20.8595,34.552,-102.367,37.6171,326.654,32.2685,-436.117,-20.3276,14.9445,-4.06733,30.4847,-60.9575,-23.3403,40.1389,72.4074,
0.787843,0.803303,0.718682,0.869216,200,0,0,-1.08532,0.942635,-0.365944,1.63027,-3.5038,-1.33987,2.34599,4.20159,0,-393.921,0,-401.651,0,-359.341,0,-434.608,35.2688,-35.4417,34.7167,-35.9827,37.6337,-32.9197,32.2713,-38.1912,-4.22702,4.35599,0.476858,-4.75856,-31.4328,34.7397,29.5642,-38.9662,10.3438,6.95294e-310,45.0575,6.68183e-310,-49.2216,1.4822e-323,359.341,5.06782e-310,-403.059,35.2688,9.61583,34.7167,-85.2043,37.6337,326.421,32.2713,-441.25,-18.8751,16.3936,-6.36424,28.3524,-60.9357,-23.302,40.7999,73.0712,
0.787999,0.799144,0.718334,0.868916,200,0,0,-1.00915,1.01849,-0.484754,1.52004,-3.50294,-1.33835,2.37918,4.23544,0,-393.999,0,-399.572,0,-359.167,0,-434.458,35.2633,-35.4472,34.866,-35.838,37.6451,-32.9066,32.2827,-38.1815,-3.6817,3.36386,-0.368817,-3.2782,-31.0947,34.7001,29.5316,-39.378,10.3506,6.95294e-310,34.8181,6.68183e-310,-33.9314,1.4822e-323,359.167,5.06782e-310,-407.586,35.2633,-0.629112,34.866,-69.7694,37.6451,326.261,32.2827,-445.768,-17.5505,17.7128,-8.43051,26.4355,-60.9207,-23.2756,41.377,73.6598,
0.788179,0.795117,0.718155,0.868341,200,0,0,-0.935603,1.09167,-0.598709,1.41437,-3.50249,-1.33756,2.41036,4.26788,0,-394.089,0,-397.559,0,-359.077,0,-434.171,35.2569,-35.4535,35.01,-35.6973,37.6511,-32.8998,32.3047,-38.1629,-3.12916,2.39981,-1.19073,-1.85462,-30.6884,34.5571,29.4226,-39.6399,10.3908,6.95294e-310,24.936,6.68183e-310,-19.271,1.4822e-323,359.077,5.06782e-310,-411.892,35.2569,-10.5175,35.01,-54.9683,37.6511,326.178,32.3047,-450.055,-16.2714,18.9855,-10.4123,24.5977,-60.913,-23.2619,41.9193,74.2239,
0.788406,0.790971,0.718131,0.867286,200,0,0,-0.859257,1.16755,-0.714668,1.3069,-3.50244,-1.33745,2.43985,4.29969,0,-394.203,0,-395.485,0,-359.065,0,-433.643,35.2488,-35.4615,35.1578,-35.5518,37.6518,-32.8989,32.3449,-38.1288,-2.51217,1.40132,-2.04382,-0.416016,-30.1669,34.2634,29.2038,-39.7018,10.4796,6.95294e-310,14.6853,6.68183e-310,-4.35967,1.4822e-323,359.065,5.06782e-310,-416.058,35.2488,-20.7763,35.1578,-39.9115,37.6518,326.166,32.3449,-454.186,-14.9436,20.3052,-12.429,22.7288,-60.9119,-23.2601,42.4322,74.7771,
0.78861,0.786812,0.718298,0.86604,200,0,0,-0.782166,1.24423,-0.832937,1.19712,-3.50285,-1.33819,2.47113,4.33369,0,-394.305,0,-393.406,0,-359.149,0,-433.02,35.2416,-35.4687,35.3053,-35.4053,37.6463,-32.9052,32.3924,-38.0885,-1.89893,0.408446,-2.88783,1.02469,-29.564,33.8789,28.9141,-39.666,10.601,6.95294e-310,4.32992,6.68183e-310,10.8627,1.4822e-323,359.149,5.06782e-310,-420.497,35.2416,-31.1388,35.3053,-24.5426,37.6463,326.244,32.3924,-458.586,-13.6029,21.6387,-14.4859,20.8194,-60.9192,-23.2728,42.9762,75.3686,
0.788874,0.782654,0.718658,0.86429,200,0,0,-0.702096,1.32376,-0.952749,1.08575,-3.50375,-1.33976,2.50035,4.36675,0,-394.437,0,-391.327,0,-359.329,0,-432.145,35.2323,-35.478,35.4522,-35.2582,37.6345,-32.9188,32.459,-38.0317,-1.23119,-0.595204,-3.74075,2.43911,-28.8463,33.3314,28.5059,-39.4,10.7805,6.95294e-310,-6.41659,6.68183e-310,26.2948,1.4822e-323,359.329,5.06782e-310,-424.751,35.2323,-41.8946,35.4522,-8.96336,37.6345,326.41,32.459,-462.783,-12.2104,23.0219,-16.5696,18.8827,-60.9347,-23.3002,43.4844,75.9434,
0.789101,0.778531,0.719233,0.862229,200,0,0,-0.620351,1.40504,-1.07545,0.971394,-3.50517,-1.34228,2.53073,4.40163,0,-394.551,0,-389.266,0,-359.617,0,-431.115,35.2242,-35.486,35.5973,-35.1117,37.6156,-32.9404,32.5373,-37.9647,-0.564542,-1.57985,-4.57164,3.82579,-28.0285,32.661,28.0022,-38.9821,11.0106,6.95294e-310,-17.3951,6.68183e-310,42.1242,1.4822e-323,359.617,5.06782e-310,-429.216,35.2242,-52.8811,35.5973,7.01252,37.6156,326.676,32.5373,-467.181,-10.7887,24.4355,-18.7035,16.8938,-60.9595,-23.344,44.0128,76.5501,
0.789317,0.774457,0.72006,0.859892,200,0,0,-0.537433,1.48752,-1.1992,0.85585,-3.48215,-1.32082,2.53304,4.40903,0,-394.659,0,-387.228,0,-360.03,0,-429.946,35.2165,-35.4936,35.7401,-34.9664,37.5883,-32.9715,32.626,-37.8886,0.0996334,-2.54959,-5.38163,5.19192,-27.1093,31.8679,27.4024,-38.4172,11.1915,6.95294e-310,-28.5338,6.68183e-310,58.1054,1.4822e-323,356.65,5.06782e-310,-429.946,35.2165,-64.0274,35.7401,23.139,37.5883,323.678,32.626,-467.835,-9.34666,25.8699,-20.8557,14.8844,-60.5591,-22.9708,44.0528,76.6787,
0.789593,0.770442,0.721223,0.857028,200,0,0,-0.451044,1.57334,-1.32507,0.738037,-3.44635,-1.28723,2.5186,4.40082,0,-394.796,0,-385.221,0,-360.611,0,-428.514,35.2067,-35.5033,35.8801,-34.8226,37.5499,-33.0152,32.7343,-37.795,0.802048,-3.51981,-6.18134,6.52423,-26.0392,30.8756,26.6502,-37.5852,11.4011,6.95294e-310,-40.1298,6.68183e-310,74.3836,1.4822e-323,352.017,5.06782e-310,-428.514,35.2067,-75.6331,35.8801,39.561,37.5499,319.002,32.7343,-466.309,-7.84425,27.3625,-23.0447,12.8354,-59.9365,-22.3865,43.8017,76.5361,
0.78982,0.766403,0.722649,0.854104,200,0,0,-0.361317,1.66261,-1.45884,0.61234,-3.40587,-1.24945,2.50387,4.39244,0,-394.91,0,-383.202,0,-361.324,0,-427.052,35.1986,-35.5113,36.0205,-34.6774,37.5028,-33.0687,32.8447,-37.6991,1.47227,-4.48492,-6.96523,7.88312,-24.8856,29.8051,25.831,-36.7025,11.6355,6.95294e-310,-52.1842,6.68183e-310,91.724,1.4822e-323,346.797,5.06782e-310,-427.052,35.1986,-87.6956,36.0205,57.0466,37.5028,313.728,32.8447,-464.751,-6.28377,28.9149,-25.3711,10.6494,-59.2325,-21.7296,43.5455,76.3902,
0.790012,0.762484,0.724291,0.851192,200,0,0,-0.270392,1.75314,-1.59677,0.48221,-3.362,-1.20871,2.4892,4.38408,0,-395.006,0,-381.242,0,-362.145,0,-425.596,35.1918,-35.5181,36.1561,-34.536,37.4485,-33.1302,32.9544,-37.6033,2.09553,-5.41551,-7.71039,9.21958,-23.6864,28.6857,24.9683,-35.7857,11.8929,6.95294e-310,-64.4061,6.68183e-310,109.647,1.4822e-323,341.156,5.06782e-310,-425.596,35.1918,-99.9242,36.1561,75.1115,37.4485,308.026,32.9544,-463.199,-4.70248,30.4894,-27.7699,8.38626,-58.4695,-21.0211,43.2904,76.2448,
0.790192,0.758685,0.726304,0.847417,200,0,0,-0.171748,1.85141,-1.74169,0.344811,-3.31651,-1.16706,2.4702,4.37322,0,-395.096,0,-379.343,0,-363.152,0,-423.708,35.1854,-35.5244,36.2871,-34.3984,37.3817,-33.2055,33.0961,-37.4786,2.76223,-6.31881,-8.41645,10.4569,-22.2839,27.2828,23.8849,-34.4704,12.2919,6.95294e-310,-77.6705,6.68183e-310,128.536,1.4822e-323,335.359,5.06782e-310,-423.708,35.1854,-113.195,36.2871,94.1377,37.3817,302.153,33.0961,-461.187,-2.98693,32.1985,-30.2903,5.99672,-57.6784,-20.2967,42.9599,76.056,
0.790348,0.755066,0.728102,0.844001,200,0,0,-0.0731944,1.94965,-1.88627,0.207378,-3.2705,-1.12449,2.45301,4.36339,0,-395.174,0,-377.533,0,-364.051,0,-422.001,35.1799,-35.5299,36.4113,-34.2668,37.322,-33.2727,33.2239,-37.3654,3.37502,-7.1776,-9.0942,11.6363,-21.0134,26.0067,22.9045,-33.3119,12.6682,6.95294e-310,-90.9269,6.68183e-310,147.41,1.4822e-323,329.457,5.06782e-310,-422.001,35.1799,-126.457,36.4113,113.143,37.322,296.184,33.2239,-459.366,-1.27295,33.907,-32.8047,3.60657,-56.8783,-19.5563,42.6611,75.885,
0.790491,0.751603,0.730558,0.840082,200,0,0,0.0355943,2.05815,-2.04745,0.0530126,-3.21711,-1.0758,2.4333,4.35208,0,-395.246,0,-375.801,0,-365.279,0,-420.041,35.1748,-35.535,36.5298,-34.1405,37.2401,-33.3643,33.3701,-37.2349,3.96456,-8.00436,-9.71209,12.78,-19.5101,24.4661,21.7008,-31.8492,13.1884,6.95294e-310,-105.565,6.68183e-310,168.548,1.4822e-323,322.669,5.06782e-310,-420.041,35.1748,-141.1,36.5298,134.408,37.2401,289.305,33.3701,-457.276,0.61903,35.7938,-35.6078,0.921959,-55.9497,-18.7096,42.3183,75.6884,
0.790575,0.748343,0.732787,0.835528,200,0,0,0.154426,2.17681,-2.21262,-0.10577,-3.16637,-1.02935,2.41041,4.33892,0,-395.288,0,-374.171,0,-366.394,0,-417.764,35.1718,-35.5379,36.6409,-34.0213,37.1656,-33.4472,33.5393,-37.0825,4.59581,-8.77721,-10.2889,13.7369,-18.0131,22.83,20.4336,-30.1628,13.8503,6.95294e-310,-121.567,6.68183e-310,190.261,1.4822e-323,316.202,5.06782e-310,-417.764,35.1718,-157.105,36.6409,156.239,37.1656,282.755,33.5393,-454.847,2.68567,37.8575,-38.4803,-1.83948,-55.0673,-17.9017,41.9202,75.4595,
0.790611,0.745263,0.735688,0.831549,200,0,0,0.277691,2.3,-2.39849,-0.285626,-3.10112,-0.96968,2.39043,4.32741,0,-395.306,0,-372.632,0,-367.844,0,-415.775,35.1705,-35.5392,36.7455,-33.9083,37.0685,-33.5549,33.6866,-36.9488,5.07343,-9.5016,-10.7931,14.7704,-16.419,21.1722,19.1168,-28.5908,14.5422,6.95294e-310,-138.175,6.68183e-310,214.794,1.4822e-323,307.891,5.06782e-310,-415.775,35.1705,-173.714,36.7455,180.886,37.0685,274.336,33.6866,-452.724,4.8294,39.9999,-41.7129,-4.96741,-53.9325,-16.864,41.5727,75.2592,
0.790611,0.742231,0.73812,0.826456,200,0,0,0.427505,2.44981,-2.60128,-0.482516,-3.03989,-0.91315,2.36486,4.31263,0,-395.306,0,-371.116,0,-369.06,0,-413.228,35.1705,-35.5392,36.8481,-33.7967,36.9867,-33.6449,33.8743,-36.7768,5.68244,-10.2185,-11.3018,15.5902,-14.831,19.3602,17.7028,-26.6633,15.498,6.95294e-310,-158.367,6.68183e-310,241.618,1.4822e-323,300.045,5.06782e-310,-413.228,35.1705,-193.906,36.8481,207.821,36.9867,266.4,33.8743,-450.005,7.43487,42.6054,-45.2397,-8.39158,-52.8676,-15.8809,41.128,75.0023,
0.790551,0.739415,0.741081,0.821543,200,0,0,0.593909,2.61634,-2.83519,-0.710963,-2.96398,-0.842975,2.34021,4.29835,0,-395.276,0,-369.707,0,-370.54,0,-410.771,35.1727,-35.5371,36.9432,-33.6928,36.887,-33.7543,34.0546,-36.6099,6.18354,-10.8798,-11.7347,16.4079,-13.1407,17.4691,16.1997,-24.7178,16.6184,6.95294e-310,-180.806,6.68183e-310,272.673,1.4822e-323,290.31,5.06782e-310,-410.771,35.1727,-216.343,36.9432,238.98,36.887,256.555,34.0546,-447.381,10.3289,45.5015,-49.3077,-12.3646,-51.5474,-14.6604,40.6993,74.7539,
0.79042,0.736754,0.74452,0.817132,200,0,0,0.773671,2.79637,-3.10276,-0.97338,-2.86847,-0.75416,2.3181,4.28551,0,-395.21,0,-368.377,0,-372.26,0,-408.566,35.1774,-35.5324,37.0327,-33.5944,36.7707,-33.8809,34.2158,-36.4593,6.54966,-11.491,-12.1052,17.276,-11.3933,15.5794,14.6716,-22.8952,17.8451,6.95294e-310,-205.057,6.68183e-310,308.291,1.4822e-323,278.015,5.06782e-310,-408.566,35.1774,-240.59,37.0327,274.696,36.7707,244.134,34.2158,-445.026,13.4551,48.6325,-53.961,-16.9283,-49.8865,-13.1158,40.3148,74.5305,
0.790228,0.734321,0.747744,0.811464,200,0,0,1.01328,3.03637,-3.42914,-1.29507,-2.7667,-0.658677,2.2897,4.26896,0,-395.114,0,-367.161,0,-373.872,0,-405.732,35.1842,-35.5257,37.1143,-33.5042,36.6612,-33.9993,34.4219,-36.2648,7.0145,-12.0589,-12.4261,17.8749,-9.58374,13.4536,12.9623,-20.6108,19.6854,6.95294e-310,-237.385,6.68183e-310,351.875,1.4822e-323,264.84,5.06782e-310,-405.732,35.1842,-272.911,37.1143,318.371,36.6612,230.84,34.4219,-441.997,17.6222,52.8064,-59.6373,-22.523,-48.1165,-11.4552,39.8209,74.2428,
0.78994,0.731973,0.750991,0.806083,200,0,0,1.10309,3.12676,-3.53675,-1.39815,-2.47178,-0.370117,1.98485,3.9753,0,-394.97,0,-365.986,0,-375.496,0,-403.041,35.1944,-35.5156,37.1929,-33.4169,36.5506,-34.1182,34.6165,-36.079,7.403,-12.5898,-12.7106,18.4647,-7.81411,11.3839,11.2851,-18.4444,19.8208,6.95294e-310,-249.539,6.68183e-310,365.986,1.4822e-323,225.637,5.06782e-310,-365.583,35.1944,-285.055,37.1929,332.569,36.5506,191.519,34.6165,-401.662,19.1841,54.3785,-61.5086,-24.3157,-42.9875,-6.43682,34.5191,69.1357,
0.789581,0.729851,0.754047,0.800558,200,0,0,1.12081,3.14522,-3.5315,-1.38884,-2.12903,-0.0333759,1.58959,3.59147,0,-394.79,0,-364.926,0,-377.024,0,-400.279,35.2072,-35.5029,37.2637,-33.3379,36.4462,-34.2297,34.8153,-35.8872,7.77152,-13.0634,-12.9414,18.918,-6.1089,9.32913,9.61347,-16.2402,19.2898,6.95294e-310,-251.99,6.68183e-310,364.926,1.4822e-323,179.957,5.06782e-310,-313.271,35.2072,-287.493,37.2637,331.588,36.4462,145.728,34.8153,-349.158,19.4923,54.6994,-61.4174,-24.1537,-37.0266,-0.58045,27.6451,62.4604,
0.789113,0.72791,0.757834,0.794842,200,0,0,1.13179,3.15716,-3.52669,-1.38031,-1.7736,0.314586,1.19223,3.20587,0,-394.557,0,-363.955,0,-378.917,0,-397.421,35.2237,-35.4864,37.3283,-33.2655,36.3163,-34.3675,35.0199,-35.6876,8.03946,-13.4856,-13.0888,19.3575,-4.1949,7.05747,7.73369,-13.8661,18.8017,6.95294e-310,-253.551,6.68183e-310,363.955,1.4822e-323,132.692,5.06782e-310,-260.706,35.2237,-289.038,37.3283,330.689,36.3163,98.3249,35.0199,-296.393,19.6833,54.9071,-61.3338,-24.0054,-30.8452,5.47107,20.7344,55.7542,
0.78855,0.726172,0.760962,0.788945,200,0,0,1.15328,3.1798,-3.52239,-1.37269,-1.45928,0.62272,0.832196,2.8579,0,-394.275,0,-363.086,0,-380.481,0,-394.473,35.2437,-35.4666,37.3861,-33.2006,36.2086,-34.4809,35.2297,-35.4805,8.32602,-13.8512,-13.1967,19.6034,-2.47098,4.9055,5.95311,-11.5109,18.5216,6.95294e-310,-256.545,6.68183e-310,363.086,1.4822e-323,90.8575,5.06782e-310,-213.2,35.2437,-292.012,37.3861,329.885,36.2086,56.3766,35.2297,-248.681,20.0571,55.3008,-61.2589,-23.8728,-25.3787,10.8299,14.473,49.7027,
0.787831,0.724722,0.764833,0.783001,200,0,0,1.16656,3.19454,-3.51879,-1.36633,-1.12898,0.945331,0.468956,2.50675,0,-393.916,0,-362.361,0,-382.417,0,-391.501,35.2692,-35.4412,37.4342,-33.1464,36.0749,-34.6208,35.44,-35.2705,8.47286,-14.1289,-13.1895,19.8088,-0.557126,2.56913,3.98271,-9.03445,18.2929,6.95294e-310,-258.459,6.68183e-310,362.361,1.4822e-323,46.9969,5.06782e-310,-165.266,35.2692,-293.9,37.4342,329.215,36.0749,12.376,35.44,-200.537,20.2879,55.5572,-61.1964,-23.7622,-19.6344,16.4405,8.15575,43.5957,
0.786896,0.723548,0.768417,0.777429,200,0,0,1.17618,3.20606,-3.51588,-1.36118,-0.828713,1.23845,0.145047,2.19412,0,-393.448,0,-361.774,0,-384.208,0,-388.714,35.3023,-35.4083,37.4731,-33.1024,35.9506,-34.7499,35.636,-35.0725,8.51577,-14.2928,-13.0893,19.8939,1.2187,0.392485,2.12606,-6.73993,18.1852,6.95294e-310,-259.916,6.68183e-310,361.774,1.4822e-323,7.13741,5.06782e-310,-122.567,35.3023,-295.325,37.4731,328.671,35.9506,-27.6125,35.636,-157.639,20.4552,55.7576,-61.1458,-23.6727,-14.4124,21.5382,2.52255,38.1585,
0.785854,0.722601,0.771856,0.770418,200,0,0,1.21123,3.24323,-3.51353,-1.35703,-0.489988,1.57029,-0.238778,1.82438,0,-392.927,0,-361.3,0,-385.928,0,-385.209,35.3392,-35.3714,37.5044,-33.0669,35.8309,-34.8733,35.881,-34.8218,8.64302,-14.4286,-12.9206,19.6852,3.07713,-2.06656,0.0200718,-3.92472,18.3539,6.95294e-310,-264.821,6.68183e-310,361.3,1.4822e-323,-37.9294,5.06782e-310,-72.0339,35.3392,-300.192,37.5044,328.234,35.8309,-72.8027,35.881,-106.856,21.0648,56.4041,-61.1049,-23.6005,-8.52154,27.3093,-4.15266,31.7283,
0.784607,0.721822,0.775164,0.763946,200,0,0,1.23913,3.27367,-3.5116,-1.35362,-0.165539,1.88809,-0.595915,1.48016,0,-392.304,0,-360.911,0,-387.582,0,-381.973,35.3833,-35.3274,37.5302,-33.0377,35.7153,-34.9916,36.1056,-34.5888,8.64982,-14.4757,-12.6783,19.4364,4.82977,-4.36719,-1.97699,-1.34641,18.5688,6.95294e-310,-268.797,6.68183e-310,360.911,1.4822e-323,-81.0935,5.06782e-310,-25.0013,35.3833,-304.124,37.5302,327.873,35.7153,-116.085,36.1056,-59.5901,21.5502,56.9335,-61.0713,-23.5411,-2.87894,32.8364,-10.3637,25.7418,
0.783193,0.721259,0.778387,0.757379,200,0,0,1.27125,3.30866,-3.5102,-1.35115,0.171853,2.21899,-0.964988,1.1241,0,-391.597,0,-360.629,0,-389.194,0,-378.69,35.4332,-35.2773,37.5488,-33.0165,35.6023,-35.1066,36.332,-34.351,8.59645,-14.4499,-12.3577,19.0624,6.54823,-6.66099,-3.99205,1.24895,18.9184,6.95294e-310,-273.369,6.68183e-310,360.629,1.4822e-323,-126.015,5.06782e-310,23.6282,35.4332,-308.646,37.5488,327.613,35.6023,-161.122,36.332,-10.7228,22.1087,57.5419,-61.047,-23.4982,2.98875,38.5911,-16.7824,19.5496,
0.781551,0.720839,0.781527,0.750764,200,0,0,1.3054,3.34613,-3.50916,-1.34931,0.526881,2.56767,-1.34851,0.753595,0,-390.776,0,-360.42,0,-390.764,0,-375.382,35.4911,-35.2191,37.5626,-33.0008,35.4919,-35.2182,36.5584,-34.1099,8.46863,-14.3505,-11.9596,18.5882,8.23871,-8.93912,-6.01803,3.82688,19.3897,6.95294e-310,-278.253,6.68183e-310,360.42,1.4822e-323,-173.327,5.06782e-310,74.2022,35.4911,-313.473,37.5626,327.419,35.4919,-208.546,36.5584,40.0923,22.7025,58.1936,-61.0289,-23.4663,9.16314,44.6551,-23.4524,13.106,
0.779873,0.720587,0.784523,0.744196,200,0,0,1.34659,3.39072,-3.50854,-1.34821,0.899738,2.93445,-1.75069,0.364249,0,-389.937,0,-360.294,0,-392.262,0,-372.098,35.5501,-35.1595,37.5709,-32.9913,35.3863,-35.3244,36.7816,-33.869,8.31449,-14.2181,-11.5258,18.0317,9.85588,-11.1638,-8.01736,6.37116,19.9812,6.95294e-310,-284.094,6.68183e-310,360.294,1.4822e-323,-223.066,5.06782e-310,127.303,35.5501,-319.254,37.5709,327.302,35.3863,-258.391,36.7816,93.4343,23.419,58.9691,-61.018,-23.4471,15.6476,51.0339,-30.4469,6.33477,
0.77804,0.720492,0.787328,0.737617,200,0,0,1.39476,3.44259,-3.5083,-1.34779,1.30021,3.32921,-2.18115,-0.0534399,0,-389.02,0,-360.246,0,-393.664,0,-368.809,35.6145,-35.0942,37.5741,-32.9877,35.2871,-35.4235,37.0037,-33.6263,8.11247,-14.0265,-11.0314,17.3702,11.4044,-13.335,-9.99326,8.88255,20.7394,6.95294e-310,-290.901,6.68183e-310,360.246,1.4822e-323,-276.559,5.06782e-310,184.218,35.6145,-325.995,37.5741,327.258,35.2871,-311.983,37.0037,150.592,24.2566,59.8712,-61.0139,-23.4398,22.6123,57.8994,-37.9331,-0.92939,
0.776062,0.720576,0.790036,0.731182,200,0,0,1.44734,3.49916,-3.50851,-1.34816,1.73414,3.75762,-2.64226,-0.502149,0,-388.031,0,-360.288,0,-395.018,0,-365.591,35.6839,-35.0237,37.5713,-32.9909,35.191,-35.5189,37.2193,-33.3875,7.84255,-13.7681,-10.4729,16.6276,12.8946,-15.441,-11.9368,11.3205,21.6681,6.95294e-310,-298.328,6.68183e-310,360.288,1.4822e-323,-334.578,5.06782e-310,245.293,35.6839,-333.351,37.5713,327.297,35.191,-370.097,37.2193,211.906,25.1712,60.855,-61.0175,-23.4462,30.159,65.35,-45.9523,-8.73303,
0.774001,0.720851,0.792529,0.724878,200,0,0,1.49785,3.55382,-3.49509,-1.33526,2.19501,4.2134,-3.13549,-0.983321,0,-387.001,0,-360.426,0,-396.264,0,-362.439,35.756,-34.9501,37.5622,-33.0012,35.1023,-35.6065,37.429,-33.1522,7.53323,-13.4545,-9.86453,15.7904,14.2889,-17.4525,-13.82,13.6851,22.7053,6.95294e-310,-305.489,6.68183e-310,358.525,1.4822e-323,-396.264,5.06782e-310,310.724,35.756,-340.439,37.5622,325.524,35.1023,-431.871,37.429,277.572,26.0496,61.8056,-60.7841,-23.2219,38.1741,73.2765,-54.5302,-17.1012,
0.771784,0.721366,0.794866,0.718766,200,0,0,1.21589,3.27631,-3.0948,-0.935954,2.20668,4.22028,-3.26736,-1.10358,0,-385.892,0,-360.683,0,-397.433,0,-359.383,35.8334,-34.8707,37.5452,-33.0206,35.019,-35.6885,37.6309,-32.9228,7.15136,-13.0544,-9.17906,14.8476,15.6031,-19.3689,-15.6459,15.9601,20.5191,6.95294e-310,-267.864,6.68183e-310,304.659,1.4822e-323,-397.433,5.06782e-310,327.486,35.8334,-302.735,37.5452,271.638,35.019,-433.121,37.6309,294.563,21.1459,56.9793,-53.8227,-16.2775,38.3771,73.3961,-56.8236,-19.1927,
0.769255,0.722002,0.796987,0.71281,200,0,0,0.977281,3.04276,-2.76124,-0.603597,2.21728,4.22652,-3.37324,-1.19823,0,-384.628,0,-361.001,0,-398.493,0,-356.405,35.9214,-34.78,37.5242,-33.0444,34.9432,-35.7627,37.8264,-32.6981,6.67526,-12.5548,-8.40559,13.8132,16.848,-21.187,-17.4104,18.1182,18.8084,6.95294e-310,-236.136,6.68183e-310,259.805,1.4822e-323,-398.493,5.06782e-310,340.775,35.9214,-270.916,37.5242,226.761,34.9432,-434.256,37.8264,308.077,16.9962,52.9176,-48.0216,-10.4973,38.5614,73.5047,-58.6651,-20.8387,
0.767002,0.72302,0.79888,0.707057,200,0,0,0.782291,2.85227,-2.4725,-0.316794,2.22675,4.23208,-3.47443,-1.28863,0,-383.501,0,-361.51,0,-399.44,0,-353.529,35.9997,-34.699,37.4905,-33.0826,34.8755,-35.8288,38.0138,-32.48,6.23784,-12.0436,-7.62885,12.6633,17.9448,-22.8821,-19.0855,20.2486,17.4565,6.95294e-310,-210.239,6.68183e-310,221.057,1.4822e-323,-399.44,5.06782e-310,353.469,35.9997,-244.938,37.4905,187.974,34.8755,-435.269,38.0138,320.989,13.6051,49.6048,-43,-5.50946,38.726,73.6015,-60.4249,-22.411,
0.764354,0.724351,0.800462,0.701904,200,0,0,0.555429,2.63069,-2.17175,-0.018574,2.13272,4.1348,-3.46201,-1.26662,0,-382.177,0,-362.175,0,-400.231,0,-350.952,36.0915,-34.6035,37.4465,-33.1325,34.8187,-35.8839,38.1807,-32.2836,5.64417,-11.3469,-6.71111,11.3864,18.907,-24.3485,-20.5874,22.1095,15.8734,6.95294e-310,-180.113,6.68183e-310,180.741,1.4822e-323,-386.493,5.06782e-310,350.952,36.0915,-214.717,37.4465,147.609,34.8187,-422.377,38.1807,318.668,9.65964,45.7511,-37.7695,-0.323026,37.0908,71.9096,-60.2089,-22.0281,
0.761574,0.725992,0.801673,0.696116,200,0,0,0.346987,2.42777,-1.88074,0.269306,2.02698,4.02656,-3.44753,-1.24144,0,-380.787,0,-362.996,0,-400.836,0,-348.058,36.1876,-34.5031,37.392,-33.1939,34.7753,-35.926,38.3669,-32.0621,5.06407,-10.5897,-5.71167,9.84657,19.7906,-25.8355,-22.1451,24.1707,14.4,6.95294e-310,-152.491,6.68183e-310,141.79,1.4822e-323,-372.03,5.06782e-310,348.058,36.1876,-186.995,37.392,108.596,34.7753,-407.956,38.3669,315.996,6.03455,42.2221,-32.7085,4.68358,35.2518,70.0271,-59.9571,-21.5902,
0.758697,0.728018,0.802584,0.69119,200,0,0,0.170714,2.2572,-1.63968,0.506495,1.94267,3.94037,-3.43519,-1.22004,0,-379.349,0,-364.009,0,-401.292,0,-345.595,36.2866,-34.3988,37.3247,-33.2696,34.7426,-35.9577,38.5244,-31.8727,4.38204,-9.69152,-4.6293,8.22265,20.4934,-27.0379,-23.4689,25.9194,13.3334,6.95294e-310,-129.221,6.68183e-310,109.636,1.4822e-323,-360.508,5.06782e-310,345.595,36.2866,-163.62,37.3247,76.3666,34.7426,-396.466,38.5244,313.722,2.96894,39.2556,-28.5161,8.80862,33.7856,68.5282,-59.7425,-21.2181,
0.755426,0.729815,0.803243,0.68648,200,0,0,0.0179391,2.11088,-1.43831,0.704423,1.87611,3.87244,-3.42337,-1.19961,0,-377.713,0,-364.908,0,-401.621,0,-343.24,36.399,-34.2799,37.2649,-33.3366,34.7188,-35.9806,38.6741,-31.6909,3.61943,-8.74088,-3.51121,6.62819,21.1537,-28.1336,-24.7051,27.4786,12.4912,6.95294e-310,-109.184,6.68183e-310,82.7941,1.4822e-323,-351.422,5.06782e-310,343.24,36.399,-143.464,37.2649,49.4574,34.7188,-387.402,38.6741,311.549,0.311985,36.711,-25.014,12.2508,32.628,67.3468,-59.5369,-20.8629,
0.752394,0.731877,0.803722,0.682094,200,0,0,-0.115906,1.983,-1.2565,0.882271,1.81184,3.80718,-3.41235,-1.18062,0,-376.197,0,-365.938,0,-401.861,0,-341.047,36.5028,-34.1694,37.1961,-33.4133,34.7016,-35.9972,38.8127,-31.521,2.88561,-7.78326,-2.40758,4.97901,21.6905,-29.0992,-25.8336,28.9609,11.7761,6.95294e-310,-91.6566,6.68183e-310,58.6334,1.4822e-323,-342.676,5.06782e-310,341.047,36.5028,-125.826,37.1961,25.2201,34.7016,-378.673,38.8127,309.526,-2.01576,34.487,-21.8522,15.3438,31.5103,66.2119,-59.3452,-20.5325,
0.749589,0.734034,0.803986,0.677996,200,0,0,-0.231726,1.87268,-1.09455,1.04008,1.7506,3.7454,-3.40203,-1.16289,0,-374.795,0,-367.017,0,-401.993,0,-338.998,36.5984,-34.0669,37.1239,-33.4935,34.6921,-36.0064,38.9416,-31.3617,2.19922,-6.85164,-1.3483,3.32773,22.1129,-29.9404,-26.851,30.3543,11.168,6.95294e-310,-76.5194,6.68183e-310,37.1642,1.4822e-323,-334.376,5.06782e-310,338.998,36.5984,-110.586,37.1239,3.6707,34.6921,-370.382,38.9416,307.636,-4.03002,32.5684,-19.0356,18.0883,30.4452,65.1373,-59.1658,-20.2242,
0.746222,0.736383,0.804022,0.674292,200,0,0,-0.349615,1.76138,-0.939245,1.19085,1.6994,3.69412,-3.3927,-1.14689,0,-373.111,0,-368.191,0,-402.011,0,-337.146,36.713,-33.9435,37.0451,-33.5806,34.6908,-36.0076,39.0574,-31.2172,1.33572,-5.72354,-0.136583,1.55483,22.4704,-30.6269,-27.7544,31.532,10.6922,6.95294e-310,-61.1972,6.68183e-310,16.6246,1.4822e-323,-327.468,5.06782e-310,337.146,36.713,-95.1406,37.0451,-16.956,34.6908,-363.476,39.0574,305.929,-6.08027,30.6327,-16.3347,20.7104,29.5547,64.2455,-59.0034,-19.946,
0.743501,0.738312,0.80383,0.670877,200,0,0,-0.438223,1.67807,-0.81535,1.31102,1.65123,3.64635,-3.38408,-1.13216,0,-371.751,0,-369.156,0,-401.915,0,-335.438,36.8052,-33.8435,36.9803,-33.652,34.6977,-36.001,39.1638,-31.0837,0.683049,-4.83291,0.839216,0.0241529,22.7204,-31.2083,-28.5245,32.6109,10.2861,6.95294e-310,-49.7117,6.68183e-310,0.248439,1.4822e-323,-321.01,5.06782e-310,335.438,36.8052,-83.5552,36.9803,-33.4036,34.6977,-357.011,39.1638,304.355,-7.62127,29.1839,-14.18,22.8003,28.7171,63.4148,-58.8535,-19.6897,
0.740625,0.740445,0.803446,0.667737,200,0,0,-0.526738,1.59515,-0.693285,1.42895,1.60559,3.6015,-3.37614,-1.11862,0,-370.313,0,-370.223,0,-401.723,0,-333.869,36.9023,-33.7375,36.9084,-33.7308,34.7115,-35.9876,39.2612,-30.9605,-0.0339847,-3.84807,1.87836,-1.59362,22.891,-31.6708,-29.2008,33.5759,9.9437,6.95294e-310,-38.264,6.68183e-310,-15.8465,1.4822e-323,-314.925,5.06782e-310,333.869,36.9023,-72.0015,36.9084,-49.5773,34.7115,-350.912,39.2612,302.908,-9.16066,27.7417,-12.0571,24.8513,27.9233,62.6348,-58.7155,-19.4543,
0.737437,0.74271,0.802787,0.664645,200,0,0,-0.617243,1.51082,-0.569748,1.54809,1.56019,3.55746,-3.36832,-1.10531,0,-368.719,0,-371.355,0,-401.394,0,-332.323,37.0097,-33.6197,36.8319,-33.8143,34.7352,-35.9648,39.3568,-30.839,-0.82553,-2.759,2.99994,-3.33133,22.9938,-32.0425,-29.815,34.4699,9.64096,6.95294e-310,-26.5994,6.68183e-310,-32.1173,1.4822e-323,-308.92,5.06782e-310,332.323,37.0097,-60.219,36.8319,-65.9316,34.7352,-344.885,39.3568,301.484,-10.7347,26.2751,-9.90865,26.9233,27.1337,61.8689,-58.5795,-19.2227,
0.734585,0.744532,0.801769,0.661673,200,0,0,-0.68995,1.44361,-0.465382,1.64891,1.51529,3.51467,-3.36079,-1.09252,0,-367.293,0,-372.266,0,-400.884,0,-330.837,37.1054,-33.514,36.7703,-33.8814,34.7718,-35.9294,39.4483,-30.7219,-1.45975,-1.84188,3.95167,-4.89116,22.9978,-32.3086,-30.3052,35.2713,9.37975,6.95294e-310,-17.2764,6.68183e-310,-45.8779,1.4822e-323,-303.047,5.06782e-310,330.837,37.1054,-50.7903,36.7703,-79.7593,34.7718,-338.976,39.4483,300.115,-11.9991,25.1063,-8.09361,28.6766,26.3529,61.1248,-58.4486,-19.0003,
0.731709,0.746845,0.800366,0.658905,200,0,0,-0.767306,1.37179,-0.350678,1.7591,1.46442,3.46669,-3.35378,-1.08062,0,-365.854,0,-373.422,0,-400.183,0,-329.452,37.2017,-33.4071,36.6918,-33.9663,34.8222,-35.8806,39.5332,-30.6126,-2.12982,-0.801401,4.98355,-6.66373,22.8434,-32.4099,-30.6684,36.0199,9.1464,6.95294e-310,-7.32993,6.68183e-310,-60.9491,1.4822e-323,-296.433,5.06782e-310,329.452,37.2017,-40.737,36.6918,-94.9154,34.8222,-332.314,39.5332,298.84,-13.3445,23.8572,-6.09874,30.593,25.4681,60.2903,-58.3266,-18.7934,
0.728964,0.748894,0.798629,0.65628,200,0,0,-0.835594,1.30877,-0.246246,1.85953,1.41411,3.41997,-3.34712,-1.06935,0,-364.482,0,-374.447,0,-399.314,0,-328.14,37.2932,-33.3049,36.6221,-34.0415,34.8845,-35.82,39.6134,-30.5087,-2.71846,0.158356,5.92426,-8.34503,22.5994,-32.4008,-30.9153,36.6679,8.94899,6.95294e-310,1.41713,6.68183e-310,-74.6796,1.4822e-323,-289.955,5.06782e-310,328.14,37.2932,-31.8878,36.6221,-108.721,34.8845,-325.775,39.6134,297.631,-14.5321,22.7612,-4.28253,32.3396,24.5932,59.4777,-58.2107,-18.5974,
0.726436,0.75074,0.796651,0.653668,200,0,0,-0.89466,1.25454,-0.150827,1.95133,1.36281,3.37274,-3.34048,-1.05814,0,-363.218,0,-375.37,0,-398.326,0,-326.834,37.3773,-33.2105,36.5592,-34.109,34.9552,-35.751,39.6929,-30.4051,-3.21016,1.02205,6.76866,-9.95237,22.2896,-32.3326,-31.0948,37.29,8.76465,6.95294e-310,8.95791,6.68183e-310,-87.2291,1.4822e-323,-283.384,5.06782e-310,326.834,37.3773,-24.2526,36.5592,-121.338,34.9552,-319.135,39.6929,296.429,-15.5593,21.818,-2.62308,33.9361,23.7011,58.6563,-58.0953,-18.4024,
0.723428,0.752957,0.79447,0.651786,200,0,0,-0.968467,1.18646,-0.0435783,2.05422,1.31726,3.33167,-3.3357,-1.05007,0,-361.714,0,-376.478,0,-397.235,0,-325.893,37.4771,-33.0979,36.4835,-34.19,35.0331,-35.6746,39.7501,-30.3304,-3.89776,2.12474,7.77291,-11.6945,21.8827,-32.0467,-31.0918,37.6186,8.66307,6.95294e-310,18.4068,6.68183e-310,-101.31,1.4822e-323,-277.623,5.06782e-310,325.893,37.4771,-14.6911,36.4835,-135.5,35.0331,-313.298,39.7501,295.563,-16.8429,20.6342,-0.757884,35.7256,22.9089,57.9421,-58.0122,-18.2621,
0.720695,0.754886,0.792061,0.649845,200,0,0,-1.03191,1.12821,0.0541014,2.14811,1.26983,3.28917,-3.33076,-1.04175,0,-360.348,0,-377.443,0,-396.031,0,-324.922,37.5674,-32.9954,36.4175,-34.2603,35.119,-35.5901,39.8089,-30.2531,-4.4603,3.09539,8.65241,-13.3308,21.4219,-31.724,-31.0363,37.9456,8.56284,6.95294e-310,26.5053,6.68183e-310,-114.149,1.4822e-323,-271.647,5.06782e-310,324.922,37.5674,-6.49002,36.4175,-148.41,35.119,-307.237,39.8089,294.669,-17.9463,19.6211,0.940893,37.3584,22.084,57.203,-57.9263,-18.1174,
0.717963,0.75672,0.789509,0.648071,200,0,0,-1.09389,1.07141,0.149384,2.23977,1.22376,3.24831,-3.32625,-1.03415,0,-358.981,0,-378.36,0,-394.754,0,-324.035,37.6574,-32.8926,36.3546,-34.327,35.2097,-35.5004,39.8625,-30.1825,-5.01277,4.05492,9.50405,-14.9292,20.9202,-31.3334,-30.9114,38.1872,8.48545,6.95294e-310,34.4078,6.68183e-310,-126.681,1.4822e-323,-265.878,5.06782e-310,324.035,37.6574,1.51525,36.3546,-161.008,35.2097,-301.379,39.8625,293.853,-19.0242,18.6332,2.59798,38.9526,21.2827,56.4924,-57.8478,-17.9853,
0.715338,0.758446,0.786788,0.646513,200,0,0,-1.15329,1.01697,0.241868,2.32885,1.17823,3.20833,-3.32228,-1.02748,0,-357.669,0,-379.223,0,-393.394,0,-323.256,37.7436,-32.7936,36.2953,-34.3897,35.3062,-35.4045,39.9095,-30.1203,-5.5266,4.97873,10.3017,-16.4676,20.3618,-30.86,-30.6972,38.337,8.43198,6.95294e-310,41.9805,6.68183e-310,-138.854,1.4822e-323,-260.211,5.06782e-310,323.256,37.7436,9.18687,36.2953,-173.244,35.3062,-295.616,39.9095,293.136,-20.0572,17.6864,4.20639,40.5017,20.4909,55.797,-57.7788,-17.8693,
0.712702,0.760064,0.7839,0.645243,200,0,0,-1.21327,0.961953,0.334039,2.41782,1.13428,3.17026,-3.31904,-1.02205,0,-356.351,0,-380.032,0,-391.95,0,-322.621,37.8299,-32.694,36.2396,-34.4484,35.4083,-35.3023,39.9477,-30.0696,-6.03748,5.90014,11.0718,-17.9515,19.7516,-30.2894,-30.3825,38.3538,8.41172,6.95294e-310,49.6304,6.68183e-310,-151.003,1.4822e-323,-254.786,5.06782e-310,322.621,37.8299,16.9363,36.2396,-185.451,35.4083,-290.088,39.9477,292.552,-21.1003,16.7296,5.80937,42.049,19.7266,55.1349,-57.7225,-17.7748,
0.710197,0.761562,0.780844,0.64414,200,0,0,-1.27085,0.909073,0.424377,2.50519,1.08986,3.13203,-3.31623,-1.01733,0,-355.099,0,-380.781,0,-390.422,0,-322.07,37.9117,-32.5992,36.188,-34.5026,35.516,-35.194,39.9808,-30.0256,-6.49913,6.77542,11.7809,-19.3733,19.0884,-29.6471,-29.9877,38.2972,8.40976,6.95294e-310,56.9797,6.68183e-310,-162.924,1.4822e-323,-249.325,5.06782e-310,322.07,37.9117,24.3805,36.188,-197.427,35.516,-284.519,39.9808,292.045,-22.1017,15.81,7.38047,43.5684,18.9541,54.4701,-57.6736,-17.6928,
0.707692,0.76294,0.777704,0.643133,200,0,0,-1.32792,0.856685,0.513811,2.59188,1.04617,3.09468,-3.31366,-1.01303,0,-353.846,0,-381.47,0,-388.852,0,-321.567,37.9932,-32.5041,36.1404,-34.5525,35.6263,-35.0823,40.011,-29.9853,-6.94868,7.63045,12.46,-20.7493,18.4088,-28.9697,-29.5532,38.183,8.42172,6.95294e-310,64.2615,6.68183e-310,-174.744,1.4822e-323,-243.975,5.06782e-310,321.567,37.9932,31.7574,36.1404,-209.297,35.6263,-279.057,40.011,291.581,-23.0943,14.8989,8.93585,45.0762,18.1942,53.8205,-57.6289,-17.6179,
0.7052,0.764222,0.774325,0.642474,200,0,0,-1.38762,0.801643,0.606559,2.68208,1.00238,3.0577,-3.31198,-1.01021,0,-352.6,0,-382.111,0,-387.162,0,-321.237,38.0741,-32.4093,36.096,-34.5988,35.7447,-34.9617,40.0308,-29.9589,-7.38782,8.48537,13.1064,-22.0726,17.6535,-28.1653,-28.988,37.9118,8.47329,6.95294e-310,71.8989,6.68183e-310,-187.027,1.4822e-323,-238.652,5.06782e-310,321.237,38.0741,39.4896,36.096,-221.626,35.7447,-273.614,40.0308,291.278,-24.1325,13.9416,10.5489,46.6449,17.4327,53.1774,-57.5997,-17.5689,
0.702839,0.76542,0.770729,0.641899,200,0,0,-1.44595,0.747702,0.700282,2.77342,0.955909,3.01844,-3.31051,-1.00775,0,-351.419,0,-382.71,0,-385.365,0,-320.95,38.1505,-32.3193,36.0546,-34.642,35.8701,-34.8329,40.048,-29.9359,-7.77269,9.29793,13.6961,-23.364,16.8369,-27.2938,-28.3498,37.5957,8.53688,6.95294e-310,79.3753,6.68183e-310,-199.455,1.4822e-323,-233.004,5.06782e-310,320.95,38.1505,47.056,36.0546,-234.097,35.8701,-267.837,40.048,291.014,-25.147,13.0035,12.1788,48.2334,16.6245,52.4946,-57.5742,-17.5261,
0.70049,0.766463,0.766631,0.641432,200,0,0,-1.50547,0.692544,0.799238,2.8703,0.904059,2.97478,-3.30932,-1.00576,0,-350.245,0,-383.232,0,-383.315,0,-320.716,38.2263,-32.2296,36.0184,-34.6796,36.0126,-34.6856,40.062,-29.9172,-8.10246,10.0854,14.233,-24.6434,15.9003,-26.2777,-27.5686,37.173,8.62766,6.95294e-310,87.0138,6.68183e-310,-212.615,1.4822e-323,-226.715,5.06782e-310,320.716,38.2263,54.7842,36.0184,-247.295,36.0126,-261.4,40.062,290.799,-26.1821,12.0442,13.8998,49.9182,15.7228,51.7354,-57.5534,-17.4914,
0.698261,0.767374,0.763131,0.641192,200,0,0,-1.56359,0.638549,0.890943,2.96019,0.861361,2.93905,-3.30871,-1.00473,0,-349.13,0,-383.687,0,-381.566,0,-320.596,38.2981,-32.1443,35.9868,-34.7124,36.1338,-34.5594,40.0692,-29.9076,-8.45724,10.8238,14.7358,-25.7547,15.106,-25.3807,-26.88,36.7265,8.72927,6.95294e-310,94.4841,6.68183e-310,-224.82,1.4822e-323,-221.555,5.06782e-310,320.596,38.2981,62.3397,35.9868,-259.533,36.1338,-256.115,40.0692,290.688,-27.1929,11.1052,15.4947,51.4815,14.9802,51.114,-57.5428,-17.4736,
0.696032,0.768177,0.759069,0.641108,200,0,0,-1.62534,0.580918,0.99185,3.05949,0.811844,2.89759,-3.3085,-1.00437,0,-348.016,0,-384.088,0,-379.534,0,-320.554,38.3696,-32.0589,35.9589,-34.7413,36.2739,-34.4123,40.0717,-29.9042,-8.76386,11.5542,15.1941,-26.8751,14.1704,-24.3134,-26.0257,36.154,8.86635,6.95294e-310,102.444,6.68183e-310,-238.284,1.4822e-323,-215.571,5.06782e-310,320.554,38.3696,70.3847,35.9589,-273.025,36.2739,-249.984,40.0717,290.65,-28.2667,10.1029,17.2496,53.2085,14.119,50.3929,-57.539,-17.4674,
0.693935,0.768824,0.754515,0.641216,200,0,0,-1.68868,0.521436,1.09998,3.16633,0.755664,2.8504,-3.30877,-1.00483,0,-346.967,0,-384.412,0,-377.257,0,-320.608,38.4368,-31.9783,35.9364,-34.7645,36.4302,-34.2468,40.0684,-29.9085,-8.99308,12.2373,15.5729,-27.9549,13.1057,-23.0908,-25.0106,35.4605,9.04127,6.95294e-310,110.64,6.68183e-310,-252.748,1.4822e-323,-208.771,5.06782e-310,320.608,38.4368,78.662,35.9364,-287.512,36.4302,-243.017,40.0684,290.699,-29.3683,9.06845,19.1301,55.0666,13.142,49.5722,-57.5438,-17.4754,
0.691909,0.769375,0.750656,0.641492,200,0,0,-1.7521,0.461736,1.20211,3.26735,0.70903,2.81135,-3.30947,-1.00601,0,-345.955,0,-384.688,0,-375.328,0,-320.746,38.5015,-31.9004,35.9173,-34.7843,36.5621,-34.1059,40.0602,-29.9196,-9.26676,12.8853,15.9404,-28.8818,12.2101,-22.0216,-24.126,34.7714,9.22443,6.95294e-310,118.86,6.68183e-310,-266.418,1.4822e-323,-203.137,5.06782e-310,320.746,38.5015,86.9592,35.9173,-301.202,36.5621,-237.243,40.0602,290.826,-30.4713,8.0302,20.9062,56.8235,12.331,48.893,-57.5561,-17.4959,
0.68992,0.769807,0.745886,0.642031,200,0,0,-1.82333,0.394144,1.32332,3.3877,0.64922,2.76087,-3.31085,-1.00832,0,-344.96,0,-384.903,0,-372.943,0,-321.015,38.5649,-31.8238,35.9023,-34.7998,36.7243,-33.9311,40.0441,-29.9412,-9.46231,13.5252,16.2377,-29.8374,11.0794,-20.6753,-22.9717,33.8836,9.47408,6.95294e-310,128.139,6.68183e-310,-282.682,1.4822e-323,-195.879,5.06782e-310,321.015,38.5649,96.315,35.9023,-317.481,36.7243,-229.81,40.0441,291.074,-31.7102,6.85468,23.0142,58.9165,11.2908,48.0151,-57.58,-17.5359,
0.688062,0.770106,0.741955,0.642846,200,0,0,-1.89542,0.325455,1.43802,3.5018,0.600881,2.72018,-3.31293,-1.0118,0,-344.031,0,-385.053,0,-370.978,0,-321.423,38.6239,-31.7521,35.8918,-34.8106,36.8574,-33.7865,40.0197,-29.9738,-9.70062,14.1135,16.5142,-30.5851,10.1432,-19.4971,-21.9564,32.9791,9.74626,6.95294e-310,137.554,6.68183e-310,-298.091,1.4822e-323,-190.024,5.06782e-310,321.423,38.6239,105.802,35.8918,-332.901,36.8574,-223.811,40.0197,291.449,-32.9638,5.66008,25.0091,60.9009,10.4501,47.3075,-57.6162,-17.5965,
0.686265,0.77025,0.73721,0.643805,200,0,0,-1.97459,0.249564,1.57174,3.63524,0.538678,2.66718,-3.31537,-1.0159,0,-343.132,0,-385.125,0,-368.605,0,-321.902,38.6809,-31.6826,35.8868,-34.8157,37.0174,-33.6112,39.9909,-30.0121,-9.85262,14.6716,16.7115,-31.3486,9.00666,-18.0933,-20.7199,31.9251,10.083,6.95294e-310,147.934,6.68183e-310,-316.09,1.4822e-323,-182.435,5.06782e-310,321.902,38.6809,116.252,35.8868,-350.905,37.0174,-216.047,39.9909,291.89,-34.3407,4.34024,27.3347,63.2215,9.36831,46.3857,-57.6587,-17.6678,
0.684491,0.770262,0.733243,0.645279,200,0,0,-2.06393,0.163448,1.70965,3.77312,0.487546,2.62369,-3.31913,-1.0222,0,-342.246,0,-385.131,0,-366.621,0,-322.639,38.737,-31.6139,35.8864,-34.8162,37.1504,-33.4641,39.9466,-30.0711,-10.0842,15.218,16.912,-31.8936,8.03642,-16.792,-19.5634,30.7467,10.4935,6.95294e-310,159.69,6.68183e-310,-334.675,1.4822e-323,-176.206,5.06782e-310,322.639,38.737,128.076,35.8864,-369.491,37.1504,-209.67,39.9466,292.568,-35.8945,2.84257,29.733,65.6195,8.47905,45.6295,-57.724,-17.7774,
0.682801,0.770118,0.729012,0.646753,200,0,0,-2.15789,0.0725557,1.85907,3.92282,0.428964,2.57323,-3.32289,-1.02851,0,-341.401,0,-385.059,0,-364.506,0,-323.376,38.7904,-31.5484,35.8914,-34.811,37.2916,-33.3067,39.9022,-30.1299,-10.2592,15.7133,17.0522,-32.4013,7.01049,-15.4333,-18.3458,29.5285,10.9513,6.95294e-310,172.082,6.68183e-310,-354.838,1.4822e-323,-169.015,5.06782e-310,323.376,38.7904,140.534,35.8914,-389.649,37.2916,-202.322,39.9022,293.246,-37.5286,1.26184,32.3316,68.223,7.46025,44.7519,-57.7894,-17.8871,
0.681147,0.769807,0.724279,0.648754,200,0,0,-2.27338,-0.0399371,2.0437,4.10808,0.358017,2.51133,-3.32799,-1.03708,0,-340.574,0,-384.903,0,-362.139,0,-324.377,38.8425,-31.4842,35.9023,-34.7998,37.4489,-33.1298,39.8419,-30.2097,-10.4061,16.2003,17.1296,-32.834,5.83415,-13.8537,-16.9067,28.0444,11.5666,6.95294e-310,187.382,6.68183e-310,-379.777,1.4822e-323,-160.239,5.06782e-310,324.377,38.8425,155.898,35.9023,-414.576,37.4489,-193.369,39.8419,294.167,-39.5371,-0.694558,35.5426,71.4449,6.22638,43.6753,-57.878,-18.0361,
0.679589,0.769327,0.72042,0.650564,200,0,0,-2.31662,-0.0803529,2.07935,4.14469,0.245346,2.40599,-3.22167,-0.933913,0,-339.795,0,-384.664,0,-360.21,0,-325.282,38.8915,-31.4237,35.9189,-34.7826,37.5764,-32.985,39.7871,-30.2818,-10.5681,16.6065,17.1963,-33.1051,4.8959,-12.5386,-15.7111,26.708,11.6195,6.95294e-310,192.959,6.68183e-310,-384.664,1.4822e-323,-145.692,5.06782e-310,310.332,38.8915,161.535,35.9189,-419.446,37.5764,-178.677,39.7871,280.05,-40.289,-1.39744,36.1626,72.0816,4.26689,41.8433,-56.0291,-16.242,
0.678151,0.76862,0.71565,0.652937,200,0,0,-2.33985,-0.100988,2.07583,4.14259,0.0912809,2.26095,-3.06057,-0.776949,0,-339.076,0,-384.31,0,-357.825,0,-326.468,38.9367,-31.3677,35.9435,-34.7572,37.7333,-32.8054,39.7152,-30.3761,-10.6467,16.9779,17.1525,-33.3136,3.70326,-10.8974,-14.1907,25.051,11.5361,6.95294e-310,195.859,6.68183e-310,-384.31,1.4822e-323,-125.714,5.06782e-310,288.992,38.9367,164.491,35.9435,-419.067,37.7333,-158.52,39.7152,258.615,-40.693,-1.75631,36.1014,72.045,1.58749,39.3208,-53.2273,-13.5122,
0.676785,0.767638,0.711767,0.655285,200,0,0,-2.36451,-0.123186,2.07094,4.13966,-0.0345432,2.14243,-2.92055,-0.641041,0,-338.393,0,-383.819,0,-355.884,0,-327.643,38.9795,-31.3145,35.9777,-34.7219,37.8604,-32.6586,39.6437,-30.4693,-10.7441,17.2606,17.09,-33.2973,2.74774,-9.49028,-12.8818,23.4657,11.527,6.95294e-310,198.963,6.68183e-310,-383.819,1.4822e-323,-109.395,5.06782e-310,270.49,38.9795,167.649,35.9777,-418.541,37.8604,-142.053,39.6437,240.021,-41.1219,-2.14236,36.0164,71.9941,-0.60075,37.2597,-50.7922,-11.1485,
0.675563,0.766343,0.707525,0.657503,200,0,0,-2.38279,-0.139273,2.06451,4.1358,-0.163539,2.02138,-2.78312,-0.507494,0,-337.781,0,-383.172,0,-353.762,0,-328.751,39.0178,-31.2668,36.0226,-34.6753,37.9987,-32.4977,39.5761,-30.5571,-10.7371,17.4383,16.9246,-33.2047,1.73389,-8.03357,-11.5145,21.8651,11.5397,6.95294e-310,201.232,6.68183e-310,-383.172,1.4822e-323,-92.7049,5.06782e-310,252.316,39.0178,169.965,36.0226,-417.847,37.9987,-125.203,39.5761,221.759,-41.4399,-2.42214,35.9044,71.927,-2.84415,35.1545,-48.402,-8.82599,
0.674424,0.764773,0.703162,0.660439,200,0,0,-2.4062,-0.160632,2.0567,4.13112,-0.303628,1.88943,-2.62762,-0.357163,0,-337.212,0,-382.387,0,-351.581,0,-330.219,39.0533,-31.2224,36.077,-34.6187,38.1401,-32.3317,39.4862,-30.6732,-10.7231,17.5778,16.6884,-32.9156,0.648622,-6.41612,-9.97986,19.955,11.6172,6.95294e-310,204.204,6.68183e-310,-382.387,1.4822e-323,-74.5373,5.06782e-310,231.821,39.0533,172.982,36.077,-417.005,38.1401,-106.869,39.4862,201.148,-41.8469,-2.7936,35.7687,71.8456,-5.28049,32.8596,-45.6977,-6.21154,
0.673382,0.762904,0.698465,0.662979,200,0,0,-2.4215,-0.174064,2.0474,4.12555,-0.44476,1.757,-2.47824,-0.212269,0,-336.691,0,-381.452,0,-349.232,0,-331.49,39.0859,-31.1817,36.1416,-34.5512,38.2915,-32.1521,39.4081,-30.7734,-10.604,17.6107,16.36,-32.594,-0.464636,-4.8091,-8.44958,18.1225,11.7031,6.95294e-310,206.1,6.68183e-310,-381.452,1.4822e-323,-56.2816,5.06782e-310,212.09,39.0859,174.919,36.1416,-416.003,38.2915,-88.4338,39.4081,181.317,-42.1131,-3.0272,35.607,71.7486,-7.73495,30.5566,-43.0997,-3.69164,
0.672483,0.760735,0.69457,0.666155,200,0,0,-2.44534,-0.19629,2.03662,4.11907,-0.57717,1.63178,-2.32431,-0.0639716,0,-336.241,0,-380.367,0,-347.285,0,-333.078,39.1139,-31.1465,36.2165,-34.4727,38.4165,-32.0027,39.3102,-30.8984,-10.5214,17.5707,15.9949,-31.9518,-1.42505,-3.28186,-6.97731,16.1157,11.9044,6.95294e-310,209.169,6.68183e-310,-380.367,1.4822e-323,-39.0686,5.06782e-310,191.848,39.1139,178.023,36.2165,-414.84,38.4165,-71.0713,39.3102,160.949,-42.5276,-3.41374,35.4195,71.636,-10.0377,28.3787,-40.4227,-1.11255,
0.671716,0.758386,0.689836,0.669091,200,0,0,-2.46012,-0.209699,2.02495,4.11205,-0.728129,1.4895,-2.16146,0.0936497,0,-335.858,0,-379.193,0,-344.918,0,-334.546,39.1378,-31.1165,36.2974,-34.3875,38.5675,-31.8205,39.2193,-31.0137,-10.3164,17.4556,15.52,-31.364,-2.56113,-1.61202,-5.36573,14.0914,12.0901,6.95294e-310,211.039,6.68183e-310,-379.193,1.4822e-323,-19.4895,5.06782e-310,170.366,39.1378,179.923,36.2974,-413.58,38.5675,-51.31,39.2193,139.352,-42.7847,-3.64693,35.2165,71.5139,-12.6631,25.9044,-37.5906,1.62869,
0.671081,0.755857,0.685534,0.672123,200,0,0,-2.47642,-0.224862,2.01239,4.10448,-0.874465,1.35102,-1.99865,0.251041,0,-335.54,0,-377.929,0,-342.767,0,-336.062,39.1575,-31.0916,36.3842,-34.2956,38.7041,-31.6543,39.1251,-31.1324,-10.1017,17.2701,15.0078,-30.6232,-3.59802,-0.0373779,-3.83555,12.0657,12.3413,6.95294e-310,213.134,6.68183e-310,-377.929,1.4822e-323,-0.46129,5.06782e-310,148.906,39.1575,182.043,36.3842,-412.224,38.7041,-32.1156,39.1251,117.774,-43.0682,-3.91064,34.9981,71.3823,-15.2081,23.496,-34.7591,4.36593,
0.670541,0.753161,0.681255,0.675287,200,0,0,-2.49322,-0.240704,1.999,4.09641,-1.02813,1.20512,-1.82583,0.418184,0,-335.271,0,-376.58,0,-340.628,0,-337.644,39.1743,-31.0705,36.4765,-34.1974,38.8391,-31.4884,39.0264,-31.2561,-9.86257,17.0309,14.4444,-29.7869,-4.63631,1.54721,-2.29081,9.97583,12.6425,6.95294e-310,215.314,6.68183e-310,-376.58,1.4822e-323,19.5606,5.06782e-310,126.119,39.1743,184.243,36.4765,-410.778,38.8391,-11.9278,39.0264,94.8633,-43.3604,-4.18616,34.7653,71.2418,-17.8805,20.9586,-31.7536,7.27276,
0.670074,0.750308,0.676965,0.678595,200,0,0,-2.51108,-0.257727,1.98485,4.08785,-1.19212,1.04888,-1.63932,0.598744,0,-335.037,0,-375.154,0,-338.482,0,-339.297,39.1888,-31.0522,36.5739,-34.0932,38.9739,-31.3215,38.9228,-31.385,-9.60558,16.7469,13.8342,-28.8665,-5.68613,3.15285,-0.723439,7.81078,12.9962,6.95294e-310,217.646,6.68183e-310,-375.154,1.4822e-323,40.975,5.06782e-310,101.51,39.1888,186.594,36.5739,-409.247,38.9739,9.65349,38.9228,70.1255,-43.671,-4.4822,34.5192,71.0931,-20.7326,18.2413,-28.5098,10.4129,
0.669726,0.747276,0.672627,0.681914,200,0,0,-2.52759,-0.273616,1.96981,4.07875,-1.36676,0.882025,-1.44119,0.79087,0,-334.863,0,-373.638,0,-336.313,0,-340.957,39.1996,-31.0386,36.6771,-33.9822,39.1094,-31.1521,38.8184,-31.514,-9.30467,16.3955,13.1605,-27.8687,-6.74489,4.76012,0.851897,5.61939,13.4071,6.95294e-310,219.816,6.68183e-310,-373.638,1.4822e-323,63.8194,5.06782e-310,75.3397,39.1996,188.777,36.6771,-407.62,39.1094,32.6672,38.8184,43.8257,-43.9581,-4.75853,34.2576,70.9347,-23.7698,15.3396,-25.0641,13.7543,
0.669475,0.744148,0.668288,0.68533,200,0,0,-2.54466,-0.290233,1.95431,4.06934,-1.5549,0.701638,-1.22636,0.999499,0,-334.737,0,-372.074,0,-334.144,0,-342.665,39.2074,-31.0287,36.7832,-33.8673,39.2442,-30.9822,38.7105,-31.6464,-8.98567,16.0033,12.4443,-26.8125,-7.81568,6.37641,2.43778,3.38221,13.8769,6.95294e-310,222.076,6.68183e-310,-372.074,1.4822e-323,88.4848,5.06782e-310,46.9345,39.2074,191.047,36.7832,-405.942,39.2442,57.5026,38.7105,15.2881,-44.2549,-5.04753,33.9879,70.7712,-27.0418,12.2024,-21.3279,17.3826,
0.669355,0.740841,0.663866,0.688841,200,0,0,-2.56127,-0.306631,1.93792,4.05938,-1.76199,0.502407,-0.989881,1.22957,0,-334.677,0,-370.42,0,-331.933,0,-344.421,39.2111,-31.024,36.8951,-33.7454,39.3808,-30.8083,38.5992,-31.7822,-8.62551,15.545,11.6588,-25.6723,-8.91377,8.01822,4.05436,1.0832,14.4288,6.95294e-310,224.296,6.68183e-310,-370.42,1.4822e-323,115.693,5.06782e-310,15.6292,39.2111,193.272,36.8951,-404.166,39.3808,84.8849,38.5992,-16.153,-44.5438,-5.33271,33.7029,70.598,-30.6433,8.73751,-17.2153,21.3838,
0.669319,0.737305,0.660055,0.692365,200,0,0,-2.58299,-0.32829,1.92041,4.04872,-1.97577,0.295359,-0.73771,1.47529,0,-334.659,0,-368.653,0,-330.028,0,-346.182,39.2122,-31.0226,37.0141,-33.6148,39.4979,-30.658,38.4869,-31.918,-8.26714,15.0113,10.8503,-24.3553,-9.86068,9.50706,5.53396,-1.1752,15.1365,6.95294e-310,227.218,6.68183e-310,-368.653,1.4822e-323,143.903,5.06782e-310,-17.7884,39.2122,196.195,37.0141,-402.268,39.4979,113.245,38.4869,-49.7064,-44.9216,-5.70939,33.3984,70.4126,-34.3612,5.13668,-12.8297,25.6572,
0.669403,0.733698,0.655453,0.695876,200,0,0,-2.59784,-0.343291,1.90256,4.03783,-2.22864,0.0505834,-0.449981,1.75656,0,-334.701,0,-366.849,0,-327.727,0,-347.938,39.2096,-31.0259,37.1352,-33.481,39.6386,-30.4759,38.3746,-32.0529,-7.83319,14.4384,9.94624,-23.1063,-10.9996,11.1647,7.17481,-3.52715,15.8766,6.95294e-310,229.233,6.68183e-310,-366.849,1.4822e-323,177.258,5.06782e-310,-55.9991,39.2096,198.207,37.1352,-400.33,39.6386,146.782,38.3746,-88.052,-45.1799,-5.97028,33.0879,70.2231,-38.7589,0.879711,-7.82576,30.5489,
0.669619,0.729911,0.651319,0.699339,200,0,0,-2.61569,-0.361518,1.88382,4.02637,-2.5004,-0.213953,-0.135788,2.06436,0,-334.809,0,-364.956,0,-325.659,0,-349.67,39.2029,-31.0343,37.2617,-33.3402,39.7643,-30.3118,38.2634,-32.1856,-7.38209,13.7881,9.00716,-21.7206,-12.0226,12.6908,8.70179,-5.81962,16.8023,6.95294e-310,231.672,6.68183e-310,-364.956,1.4822e-323,213.235,5.06782e-310,-97.7831,39.2029,200.638,37.2617,-398.296,39.7643,182.924,38.2634,-129.969,-45.4902,-6.28727,32.7622,70.0238,-43.4852,-3.72092,-2.36154,35.9018,
0.669954,0.72604,0.647376,0.702695,200,0,0,-2.63394,-0.380369,1.86469,4.01464,-2.80072,-0.507419,0.211998,2.40592,0,-334.977,0,-363.02,0,-323.688,0,-351.348,39.1925,-31.0475,37.3905,-33.1957,39.8835,-30.1548,38.1552,-32.3138,-6.9061,13.0834,8.03365,-20.2811,-12.9958,14.1398,10.1634,-8.05116,17.8994,6.95294e-310,234.186,6.68183e-310,-363.02,1.4822e-323,253.094,5.06782e-310,-144.111,39.1925,203.138,37.3905,-396.216,39.8835,222.94,38.1552,-176.425,-45.8076,-6.61512,32.4294,69.8199,-48.7081,-8.82467,3.68692,41.8421,
0.670338,0.722062,0.643601,0.705979,200,0,0,-2.65519,-0.402308,1.84504,4.00256,-3.1408,-0.840977,0.608295,2.7961,0,-335.169,0,-361.031,0,-321.8,0,-352.989,39.1806,-31.0625,37.5222,-33.0467,39.997,-30.004,38.0488,-32.4389,-6.42125,12.3383,7.03549,-18.7866,-13.9221,15.5245,11.5681,-10.2505,19.2175,6.95294e-310,237.112,6.68183e-310,-361.031,1.4822e-323,298.341,5.06782e-310,-196.988,39.1806,206.049,37.5222,-394.077,39.997,268.337,38.0488,-229.427,-46.1773,-6.99667,32.0876,69.6098,-54.6227,-14.6257,10.579,48.6279,
0.670865,0.717927,0.640077,0.709155,200,0,0,-2.52185,-0.269907,1.59004,3.75541,-3.30586,-0.999972,0.899519,3.08139,0,-335.432,0,-358.963,0,-320.039,0,-354.577,39.1642,-31.0832,37.6586,-32.8912,40.1025,-29.8629,37.9456,-32.5596,-5.90069,11.5189,5.99001,-17.2,-14.7801,16.8161,12.8989,-12.3856,19.0317,6.95294e-310,219.223,6.68183e-310,-327.346,1.4822e-323,320.039,5.06782e-310,-235.719,39.1642,188.14,37.6586,-360.237,40.1025,290.176,37.9456,-268.279,-43.8583,-4.69404,27.6529,65.3114,-57.4933,-17.3908,15.6438,53.5894,
0.671512,0.71378,0.63671,0.712306,200,0,0,-2.28951,-0.0387255,1.1944,3.36759,-3.29726,-0.985598,1.04916,3.22513,0,-335.756,0,-356.89,0,-318.355,0,-356.153,39.1441,-31.1085,37.7946,-32.7348,40.2028,-29.7277,37.8428,-32.6791,-5.36719,10.6646,4.91937,-15.5821,-15.612,18.0581,14.1891,-14.4855,17.6294,6.95294e-310,188.011,6.68183e-310,-274.703,1.4822e-323,318.355,5.06782e-310,-255.371,39.1441,156.903,37.7946,-307.438,40.2028,288.627,37.8428,-288.05,-39.8176,-0.673486,20.7721,58.5668,-57.3436,-17.1408,18.2463,56.0892,
0.672411,0.708991,0.63363,0.715207,200,0,0,-2.07253,0.176644,0.830295,3.01247,-3.28938,-0.972465,1.18398,3.35448,0,-336.205,0,-354.495,0,-316.815,0,-357.603,39.1161,-31.1437,37.951,-32.5534,40.2942,-29.6037,37.7479,-32.7887,-4.7104,9.60616,3.69891,-13.6869,-16.3179,19.1515,15.3844,-16.5068,16.5425,6.95294e-310,158.91,6.68183e-310,-226.416,1.4822e-323,316.815,5.06782e-310,-273.064,39.1161,127.766,37.951,-258.969,40.2942,287.211,37.7479,-305.853,-36.0441,3.07206,14.4399,52.3909,-57.2066,-16.9124,20.591,58.3388,
0.673226,0.705044,0.630862,0.718047,200,0,0,-1.90509,0.342625,0.547928,2.73748,-3.28229,-0.960672,1.29175,3.45689,0,-336.613,0,-352.522,0,-315.431,0,-359.023,39.0907,-31.1756,38.0792,-32.4034,40.376,-29.492,37.6546,-32.8958,-4.18521,8.73379,2.65179,-12.0957,-17.015,20.1866,16.4881,-18.3749,15.6258,6.95294e-310,136.472,6.68183e-310,-189.005,1.4822e-323,315.431,5.06782e-310,-287.122,39.0907,105.297,38.0792,-221.408,40.376,285.939,37.6546,-320.017,-33.132,5.95869,9.52918,47.6083,-57.0833,-16.7073,22.4653,60.1199,
0.674268,0.700514,0.628537,0.720647,200,0,0,-1.74182,0.504029,0.27375,2.47172,-3.27633,-0.950776,1.39657,3.55678,0,-337.134,0,-350.257,0,-314.268,0,-360.324,39.0582,-31.2163,38.2256,-32.2305,40.4444,-29.3981,37.5689,-32.9936,-3.55756,7.67567,1.48031,-10.2307,-17.5548,21.0431,17.4687,-20.1425,14.9345,6.95294e-310,114.633,6.68183e-310,-152.79,1.4822e-323,314.268,5.06782e-310,-300.819,39.0582,83.4162,38.2256,-185.021,40.4444,284.87,37.5689,-333.813,-30.2925,8.76571,4.76088,42.9864,-56.9797,-16.5352,24.2881,61.8571,
0.675431,0.6959,0.626044,0.722948,200,0,0,-1.58704,0.656721,0.0254852,2.23198,-3.26994,-0.940174,1.48458,3.64042,0,-337.715,0,-347.95,0,-313.022,0,-361.474,39.0219,-31.2617,38.3739,-32.0538,40.5176,-29.2972,37.4929,-33.0799,-2.869,6.56269,0.250444,-8.38733,-18.1047,21.8639,18.4349,-21.8136,14.3168,6.95294e-310,93.9568,6.68183e-310,-120.08,1.4822e-323,313.022,5.06782e-310,-312.301,39.0219,62.6952,38.3739,-152.134,40.5176,283.725,37.4929,-345.381,-27.6006,11.4212,0.44322,38.8171,-56.8684,-16.3509,25.8188,63.3117,
0.676665,0.691046,0.623995,0.724962,200,0,0,-1.44082,0.800721,-0.210313,2.0051,-3.26467,-0.931465,1.57019,3.7222,0,-338.333,0,-345.523,0,-311.997,0,-362.481,38.9833,-31.3098,38.529,-31.8672,40.5775,-29.2141,37.4262,-33.1553,-2.14829,5.37114,-1.01279,-6.42733,-18.5095,22.5098,19.2629,-23.3401,13.8605,6.95294e-310,74.4467,6.68183e-310,-89.0861,1.4822e-323,311.997,5.06782e-310,-323.506,38.9833,43.1369,38.529,-120.953,40.5775,282.783,37.4262,-356.662,-25.0577,13.9256,-3.65762,34.8714,-56.7769,-16.1994,27.3077,64.734,
0.677972,0.686145,0.622185,0.726783,200,0,0,-1.30197,0.937217,-0.43267,1.7917,-3.26002,-0.923779,1.65135,3.79989,0,-338.986,0,-343.072,0,-311.093,0,-363.392,38.9423,-31.3607,38.6847,-31.678,40.6303,-29.1406,37.3658,-33.2235,-1.41219,4.14539,-2.29117,-4.43937,-18.8427,23.0526,20.0108,-24.7606,13.4949,6.95294e-310,55.9417,6.68183e-310,-59.909,1.4822e-323,311.093,5.06782e-310,-334.143,38.9423,24.581,38.6847,-91.5869,40.6303,281.952,37.3658,-367.366,-22.6429,16.2994,-7.52469,31.16,-56.6961,-16.0657,28.7192,66.085,
0.679254,0.681231,0.620783,0.728437,200,0,0,-1.17156,1.06531,-0.645319,1.58798,-3.25642,-0.917826,1.73308,3.87845,0,-339.627,0,-340.616,0,-310.391,0,-364.219,38.9021,-31.4106,38.8399,-31.4875,40.6712,-29.0836,37.3108,-33.2852,-0.697338,2.91566,-3.54615,-2.4219,-19.0655,23.4629,20.6438,-26.0702,13.229,6.95294e-310,38.5713,6.68183e-310,-32.0393,1.4822e-323,310.391,5.06782e-310,-344.883,38.9021,7.16067,38.8399,-63.5268,40.6712,281.308,37.3108,-378.168,-20.375,18.5271,-11.2229,27.617,-56.6334,-15.9622,30.1405,67.4513,
0.680608,0.67621,0.619309,0.729959,200,0,0,-1.04223,1.19219,-0.851492,1.39087,-3.25263,-0.911572,1.8104,3.95285,0,-340.304,0,-338.105,0,-309.654,0,-364.98,38.8595,-31.4633,38.9975,-31.2921,40.714,-29.0236,37.2601,-33.342,0.0496999,1.64482,-4.84867,-0.389469,-19.2906,23.8482,21.271,-27.3445,12.9844,6.95294e-310,21.357,6.68183e-310,-5.05702,1.4822e-323,309.654,5.06782e-310,-355.051,38.8595,-10.1063,38.9975,-36.3491,40.714,280.631,37.2601,-388.393,-18.1257,20.7338,-14.8086,24.189,-56.5674,-15.8534,31.4852,68.7453,
0.68189,0.671212,0.61823,0.731098,200,0,0,-0.91873,1.31337,-1.04982,1.2015,-3.24985,-0.906997,1.88668,4.02695,0,-340.945,0,-335.606,0,-309.115,0,-365.549,38.8191,-31.5131,39.1534,-31.0968,40.7453,-28.9797,37.2221,-33.3844,0.780043,0.38282,-6.10962,1.62493,-19.3811,24.0626,21.7511,-28.424,12.8463,6.95294e-310,4.91782,6.68183e-310,20.8743,1.4822e-323,309.115,5.06782e-310,-365.143,38.8191,-26.5953,39.1534,-10.2225,40.7453,280.135,37.2221,-398.527,-15.9779,22.8412,-18.2577,20.8957,-56.5191,-15.7739,32.8118,70.0339,
0.683137,0.666299,0.617212,0.732212,200,0,0,-0.80219,1.42765,-1.23263,1.02745,-3.19224,-0.847689,1.8952,4.03333,0,-341.568,0,-333.149,0,-308.606,0,-366.106,38.7798,-31.5615,39.3057,-30.904,40.7748,-28.9382,37.1849,-33.4258,1.48358,-0.852735,-7.35166,3.60219,-19.464,24.2551,22.2107,-29.4824,12.4178,6.95294e-310,-10.5891,6.68183e-310,44.7313,1.4822e-323,301.194,5.06782e-310,-366.106,38.7798,-42.1505,39.3057,13.8272,40.7748,272.256,37.1849,-399.532,-13.9511,24.8287,-21.437,17.8687,-55.5172,-14.7424,32.9601,70.1449,
0.684347,0.660942,0.616265,0.733075,200,0,0,-0.685509,1.54213,-1.41643,0.853138,-3.13007,-0.783948,1.89947,4.03594,0,-342.174,0,-330.471,0,-308.132,0,-366.538,38.7416,-31.6084,39.4707,-30.693,40.8022,-28.8996,37.156,-33.4579,2.22689,-2.17327,-8.66721,5.7121,-19.4694,24.3506,22.6134,-30.4964,12.019,6.95294e-310,-26.1206,6.68183e-310,68.6538,1.4822e-323,292.67,5.06782e-310,-366.538,38.7416,-57.729,39.4707,37.9608,40.8022,263.771,37.156,-399.995,-11.9219,26.8197,-24.6335,14.8372,-54.436,-13.6339,33.0343,70.1903,
0.685522,0.6567,0.615642,0.733674,200,0,0,-0.592609,1.6329,-1.55784,0.719191,-3.08383,-0.736666,1.90244,4.03775,0,-342.761,0,-328.35,0,-307.821,0,-366.837,38.7044,-31.6538,39.6006,-30.5253,40.8202,-28.8741,37.136,-33.4802,2.85971,-3.27282,-9.75465,7.40853,-19.4529,24.3715,22.9047,-31.2227,11.749,6.95294e-310,-38.4525,6.68183e-310,87.0431,1.4822e-323,286.342,5.06782e-310,-366.837,38.7044,-70.1064,39.6006,56.5178,40.8202,257.468,37.136,-400.317,-10.3062,28.3982,-27.0929,12.5077,-53.6317,-12.8116,33.0859,70.2218,
0.686684,0.652158,0.615066,0.734285,200,0,0,-0.499609,1.72378,-1.70224,0.582742,-3.03444,-0.686327,1.90546,4.0396,0,-343.342,0,-326.079,0,-307.533,0,-367.143,38.6676,-31.6988,39.7388,-30.3451,40.8368,-28.8506,37.1155,-33.5028,3.5054,-4.42631,-10.8978,9.21773,-19.4083,24.3622,23.1871,-31.9902,11.4767,6.95294e-310,-50.7996,6.68183e-310,105.789,1.4822e-323,279.598,5.06782e-310,-367.143,38.6676,-82.4984,39.7388,75.4444,40.8368,250.747,37.1155,-400.646,-8.68885,29.9788,-29.6042,10.1347,-52.7729,-11.9361,33.1385,70.2539,
0.687775,0.647735,0.614671,0.734657,200,0,0,-0.412114,1.80929,-1.83817,0.454501,-2.98698,-0.638209,1.9073,4.04072,0,-343.887,0,-323.868,0,-307.335,0,-367.328,38.633,-31.741,39.8726,-30.1691,40.8482,-28.8345,37.103,-33.5166,4.12801,-5.54503,-11.9945,10.9643,-19.301,24.2657,23.3915,-32.6333,11.2563,6.95294e-310,-62.4163,6.68183e-310,123.417,1.4822e-323,273.141,5.06782e-310,-367.328,38.633,-94.1572,39.8726,93.2476,40.8482,244.306,37.103,-400.845,-7.16719,31.4658,-31.9683,7.90436,-51.9475,-11.0993,33.1704,70.2735,
0.688853,0.643397,0.614431,0.734849,200,0,0,-0.327584,1.89185,-1.96886,0.331322,-2.94077,-0.591607,1.90825,4.0413,0,-344.427,0,-321.699,0,-307.216,0,-367.424,38.5988,-31.7826,40.0031,-29.9958,40.8551,-28.8247,37.0966,-33.5237,4.74136,-6.6487,-13.0667,12.6727,-19.1452,24.097,23.536,-33.1757,11.0751,6.95294e-310,-73.635,6.68183e-310,140.352,1.4822e-323,266.876,5.06782e-310,-367.424,38.5988,-105.418,40.0031,110.356,40.8551,238.052,37.0966,-400.948,-5.69711,32.9017,-34.241,5.76212,-51.1439,-10.2888,33.1869,70.2835,
0.689872,0.639358,0.614323,0.734813,200,0,0,-0.248818,1.96875,-2.08898,0.218146,-2.89822,-0.548878,1.90807,4.0412,0,-344.936,0,-319.679,0,-307.162,0,-367.406,38.5664,-31.8219,40.1239,-29.834,40.8582,-28.8203,37.0978,-33.5224,5.3222,-7.68505,-14.0632,14.2495,-18.9517,23.8654,23.6152,-33.579,10.9416,6.95294e-310,-84.0865,6.68183e-310,155.912,1.4822e-323,261.125,5.06782e-310,-367.406,38.5664,-115.908,40.1239,126.078,40.8582,232.305,37.0978,-400.929,-4.32726,34.2391,-36.3301,3.79384,-50.4039,-9.54571,33.1838,70.2817,
0.690831,0.634948,0.614383,0.734513,200,0,0,-0.16562,2.05019,-2.21826,0.0964123,-2.85028,-0.501036,1.90659,4.04029,0,-345.415,0,-317.474,0,-307.192,0,-367.257,38.5359,-31.8589,40.2551,-29.6568,40.8565,-28.8227,37.1079,-33.5113,5.92744,-8.78578,-15.1073,15.9428,-18.6613,23.5167,23.6182,-33.9129,10.8294,6.95294e-310,-95.1448,6.68183e-310,172.651,1.4822e-323,254.672,5.06782e-310,-367.257,38.5359,-127.004,40.2551,142.994,40.8565,225.85,37.1079,-400.768,-2.88035,35.6555,-38.5784,1.67674,-49.5701,-8.71366,33.1581,70.2659,
0.691729,0.631521,0.614635,0.734082,200,0,0,-0.0958023,2.11836,-2.32301,-0.0025125,-2.81242,-0.463591,1.90445,4.03899,0,-345.865,0,-315.76,0,-307.317,0,-367.041,38.5072,-31.8935,40.3565,-29.5186,40.8492,-28.833,37.1223,-33.4953,6.43553,-9.68503,-15.9421,17.2755,-18.378,23.1536,23.5579,-34.0468,10.7805,6.95294e-310,-104.409,6.68183e-310,186.239,1.4822e-323,249.608,5.06782e-310,-367.041,38.5072,-136.303,40.3565,156.72,40.8492,220.775,37.1223,-400.536,-1.66613,36.8411,-40.4002,-0.0436956,-48.9117,-8.06246,33.1209,70.2432,
0.692508,0.627925,0.615018,0.733315,200,0,0,-0.0233319,2.1894,-2.43306,-0.106473,-2.77116,-0.422968,1.90066,4.03667,0,-346.254,0,-313.963,0,-307.509,0,-366.657,38.4823,-31.9235,40.4624,-29.3734,40.8381,-28.8487,37.148,-33.4668,6.94667,-10.597,-16.772,18.6309,-18.0066,22.681,23.4144,-34.0679,10.7626,6.95294e-310,-114.051,6.68183e-310,200.516,1.4822e-323,244.105,5.06782e-310,-366.657,38.4823,-145.974,40.4624,171.143,40.8381,215.257,37.148,-400.124,-0.405772,38.0766,-42.3141,-1.85171,-48.1941,-7.35597,33.0549,70.2029,
0.693192,0.62445,0.615606,0.732164,200,0,0,0.0504702,2.26195,-2.54428,-0.211833,-2.72896,-0.381744,1.89497,4.03319,0,-346.596,0,-312.225,0,-307.803,0,-366.082,38.4605,-31.9498,40.5642,-29.2326,40.8212,-28.8727,37.1865,-33.424,7.44406,-11.4744,-17.5421,19.9104,-17.5465,22.0904,23.167,-33.9063,10.7969,6.95294e-310,-123.887,6.68183e-310,214.97,1.4822e-323,238.507,5.06782e-310,-366.082,38.4605,-155.837,40.5642,185.738,40.8212,209.635,37.1865,-399.506,0.877743,39.3383,-44.2483,-3.68406,-47.4602,-6.63903,32.9559,70.1424,
0.693767,0.621154,0.616397,0.730666,200,0,0,0.125298,2.33572,-2.65645,-0.318475,-2.68585,-0.339948,1.88756,4.02866,0,-346.883,0,-310.577,0,-308.198,0,-365.333,38.4421,-31.9719,40.6604,-29.0987,40.7983,-28.9049,37.2365,-33.3683,7.91749,-12.3021,-18.238,21.0961,-17.0055,21.3934,22.8201,-33.5701,10.8827,6.95294e-310,-133.879,6.68183e-310,229.582,1.4822e-323,232.818,5.06782e-310,-365.333,38.4421,-165.851,40.6604,200.484,40.7983,203.913,37.2365,-398.701,2.1791,40.6212,-46.1991,-5.53869,-46.7105,-5.91213,32.8271,70.0636,
0.694282,0.618098,0.617427,0.728893,200,0,0,0.202049,2.41152,-2.7706,-0.427527,-2.64171,-0.29752,1.87879,4.02329,0,-347.141,0,-309.049,0,-308.714,0,-364.446,38.4257,-31.9917,40.7491,-28.9743,40.7685,-28.947,37.2956,-33.3022,8.36593,-13.0792,-18.8576,22.1858,-16.3921,20.6001,22.3795,-33.0696,11.0206,6.95294e-310,-144.14,6.68183e-310,244.5,1.4822e-323,227.026,5.06782e-310,-364.446,38.4257,-176.132,40.7491,215.526,40.7685,198.079,37.2956,-397.748,3.5139,41.9396,-48.1843,-7.43526,-45.9428,-5.17426,32.6746,69.9702,
0.694702,0.614971,0.618602,0.726867,200,0,0,0.283606,2.49231,-2.89307,-0.544798,-2.5932,-0.250961,1.86878,4.01715,0,-347.351,0,-307.485,0,-309.301,0,-363.434,38.4122,-32.0078,40.8395,-28.8467,40.7345,-28.9948,37.363,-33.2266,8.80731,-13.8553,-19.4589,23.2788,-15.7083,19.7169,21.8665,-32.4735,11.1917,6.95294e-310,-155.065,6.68183e-310,260.529,1.4822e-323,220.666,5.06782e-310,-363.434,38.4122,-187.073,40.8395,231.682,40.7345,191.671,37.363,-396.66,4.93227,43.3445,-50.3143,-9.47475,-45.099,-4.36454,32.5005,69.8635,
0.695025,0.61255,0.619968,0.724854,200,0,0,0.358348,2.56646,-3.00497,-0.652685,-2.54857,-0.20862,1.85883,4.01104,0,-347.513,0,-306.275,0,-309.984,0,-362.427,38.4019,-32.0202,40.9092,-28.7478,40.6949,-29.0505,37.4298,-33.1513,9.15964,-14.4743,-19.8914,24.1325,-15.0257,18.8385,21.3086,-31.7766,11.4055,6.95294e-310,-165.086,6.68183e-310,275.242,1.4822e-323,214.861,5.06782e-310,-362.427,38.4019,-197.106,40.9092,246.494,40.6949,185.811,37.4298,-395.578,6.23214,44.634,-52.2603,-11.3511,-44.323,-3.62817,32.3274,69.7573,
0.695253,0.609961,0.621502,0.722145,200,0,0,0.448785,2.65647,-3.13655,-0.780001,-2.49736,-0.159967,1.84545,4.00282,0,-347.626,0,-304.981,0,-310.751,0,-361.073,38.3946,-32.029,40.9835,-28.6418,40.6502,-29.1128,37.5195,-33.0498,9.54783,-15.1277,-20.3146,24.9726,-14.2086,17.7697,20.605,-30.8183,11.7162,6.95294e-310,-177.238,6.68183e-310,292.584,1.4822e-323,208.193,5.06782e-310,-361.073,38.3946,-209.267,40.9835,263.942,40.6502,179.08,37.5195,-394.123,7.80495,46.1995,-54.5488,-13.5652,-43.4323,-2.78204,32.0948,69.6143,
0.695385,0.607636,0.623132,0.719521,200,0,0,0.509898,2.71734,-3.22253,-0.862151,-2.41495,-0.0802951,1.77926,3.94161,0,-347.692,0,-303.818,0,-311.566,0,-359.76,38.3904,-32.034,41.05,-28.5464,40.6027,-29.1791,37.6061,-32.9512,9.87902,-15.7063,-20.6617,25.7306,-13.395,16.7127,19.8869,-29.8607,11.8076,6.95294e-310,-185.454,6.68183e-310,303.818,1.4822e-323,197.337,5.06782e-310,-352.585,38.3904,-217.488,41.05,275.272,40.6027,168.158,37.6061,-385.536,8.86779,47.2582,-56.0439,-14.9939,-41.9992,-1.39644,30.9436,68.5497,
0.695397,0.605263,0.624881,0.716585,200,0,0,0.514702,2.72213,-3.21639,-0.852127,-2.2688,0.062918,1.60166,3.76957,0,-347.698,0,-302.632,0,-312.441,0,-358.292,38.39,-32.0345,41.1176,-28.4489,40.5516,-29.2501,37.7027,-32.8407,10.2017,-16.2779,-20.9797,26.4708,-12.5113,15.5613,19.0883,-28.7889,11.4327,6.95294e-310,-186.1,6.68183e-310,302.632,1.4822e-323,177.907,5.06782e-310,-329.134,38.39,-218.134,41.1176,274.183,40.5516,148.657,37.7027,-361.974,8.95133,47.3413,-55.9372,-14.8196,-39.4574,1.09423,27.855,65.5577,
0.695289,0.603454,0.626751,0.713469,200,0,0,0.520998,2.72862,-3.21171,-0.844489,-2.13993,0.188635,1.44305,3.61683,0,-347.644,0,-301.727,0,-313.376,0,-356.734,38.3934,-32.0304,41.169,-28.3745,40.4969,-29.3258,37.8048,-32.723,10.4613,-16.7236,-21.1503,26.9886,-11.6118,14.3855,18.226,-27.5738,11.1798,6.95294e-310,-186.966,6.68183e-310,301.727,1.4822e-323,160.826,5.06782e-310,-308.269,38.3934,-218.996,41.169,273.352,40.4969,131.501,37.8048,-340.992,9.06083,47.4543,-55.8558,-14.6868,-37.2163,3.28062,25.0965,62.9013,
0.695037,0.601668,0.628692,0.710173,200,0,0,0.526093,2.73418,-3.20708,-0.836955,-2.01363,0.311658,1.28858,3.46855,0,-347.519,0,-300.834,0,-314.346,0,-355.087,38.4015,-32.0207,41.2196,-28.3009,40.4399,-29.4044,37.9124,-32.5983,10.6934,-17.139,-21.2769,27.4704,-10.6725,13.1586,17.3102,-26.2976,10.9512,6.95294e-310,-187.693,6.68183e-310,300.834,1.4822e-323,144.103,5.06782e-310,-287.991,38.4015,-219.714,41.2196,272.533,40.4399,114.698,37.9124,-320.589,9.14944,47.5509,-55.7754,-14.5557,-35.0197,5.42014,22.4101,60.3226,
0.694678,0.599966,0.630766,0.706638,200,0,0,0.531236,2.73998,-3.20267,-0.82978,-1.88817,0.433611,1.13539,3.32197,0,-347.339,0,-299.983,0,-315.383,0,-353.319,38.413,-32.0069,41.2677,-28.2307,40.3788,-29.4882,38.0275,-32.464,10.9033,-17.5256,-21.3513,27.8988,-9.68015,11.8588,16.3201,-24.9172,10.7526,6.95294e-310,-188.445,6.68183e-310,299.983,1.4822e-323,127.513,5.06782e-310,-267.924,38.413,-220.452,41.2677,271.752,40.3788,98.0246,38.0275,-300.388,9.23888,47.6519,-55.6987,-14.431,-32.8377,7.54107,19.746,57.7734,
0.694246,0.59878,0.632983,0.702887,200,0,0,0.539292,2.74883,-3.1996,-0.82478,-1.77033,0.547686,0.989377,3.18294,0,-347.123,0,-299.39,0,-316.491,0,-351.443,38.4268,-31.9903,41.3012,-28.1818,40.3133,-29.5776,38.149,-32.3211,11.0661,-17.8118,-21.2965,28.1258,-8.66419,10.5192,15.2549,-23.3785,10.6447,6.95294e-310,-189.601,6.68183e-310,299.39,1.4822e-323,111.973,5.06782e-310,-248.857,38.4268,-221.591,41.3012,271.208,40.3133,82.3956,38.149,-281.178,9.379,47.8058,-55.6452,-14.344,-30.7884,9.52497,17.2065,55.3555,
0.693539,0.597641,0.635284,0.698956,200,0,0,0.544572,2.75541,-3.19665,-0.819984,-1.65221,0.661886,0.845811,3.04667,0,-346.77,0,-298.821,0,-317.642,0,-349.478,38.4494,-31.9631,41.3333,-28.1347,40.2452,-29.6703,38.2757,-32.1709,11.1687,-18.0326,-21.1615,28.297,-7.60041,9.12955,14.1243,-21.794,10.5602,6.95294e-310,-190.427,6.68183e-310,298.821,1.4822e-323,96.4095,5.06782e-310,-230.148,38.4494,-222.39,41.3333,270.686,40.2452,66.7393,38.2757,-262.319,9.47082,47.9202,-55.5938,-14.2606,-28.7341,11.5111,14.7098,52.9855,
0.692808,0.596587,0.637633,0.694893,200,0,0,0.551264,2.76345,-3.19391,-0.815543,-1.5343,0.775788,0.702223,2.91057,0,-346.404,0,-298.293,0,-318.816,0,-347.447,38.4728,-31.935,41.3629,-28.0911,40.1754,-29.7647,38.4061,-32.0152,11.2632,-18.243,-21.0005,28.4243,-6.52236,7.70719,12.9548,-20.1496,10.4943,6.95294e-310,-191.448,6.68183e-310,298.293,1.4822e-323,80.8816,5.06782e-310,-211.456,38.4728,-223.383,41.3629,270.202,40.1754,51.1168,38.4061,-243.471,9.5872,48.06,-55.5463,-14.1834,-26.6834,13.492,12.2126,50.6187,
0.691706,0.595892,0.639994,0.690867,200,0,0,0.554131,2.76834,-3.19211,-0.812617,-1.42347,0.882563,0.57089,2.78664,0,-345.853,0,-297.946,0,-319.997,0,-345.433,38.508,-31.8926,41.3824,-28.0623,40.105,-29.8595,38.5347,-31.8603,11.2417,-18.2967,-20.6836,28.3909,-5.44904,6.31882,11.7616,-18.5249,10.4944,6.95294e-310,-192.013,6.68183e-310,297.946,1.4822e-323,66.3122,5.06782e-310,-194.408,38.508,-223.906,41.3824,269.883,40.105,36.4527,38.5347,-226.268,9.63706,48.145,-55.5149,-14.1325,-24.7561,15.3489,9.92853,48.4632,
0.690711,0.595221,0.64245,0.686636,200,0,0,0.560813,2.77684,-3.19036,-0.809792,-1.30773,0.994083,0.431992,2.65547,0,-345.355,0,-297.61,0,-321.225,0,-343.318,38.5397,-31.8543,41.4012,-28.0346,40.0315,-29.958,38.6691,-31.697,11.2486,-18.389,-20.3794,28.3453,-4.34934,4.86644,10.5134,-16.7981,10.4994,6.95294e-310,-193.075,6.68183e-310,297.61,1.4822e-323,51.0949,5.06782e-310,-176.371,38.5397,-224.929,41.4012,269.576,40.0315,21.1369,38.6691,-208.068,9.75327,48.2929,-55.4846,-14.0833,-22.7431,17.2884,7.51291,46.182,
0.689464,0.594789,0.644871,0.682346,200,0,0,0.566425,2.78474,-3.18924,-0.807976,-1.19447,1.10317,0.297773,2.52905,0,-344.732,0,-297.395,0,-322.436,0,-341.173,38.5793,-31.8062,41.4133,-28.0167,39.9589,-30.0548,38.8048,-31.5308,11.1847,-18.3821,-19.9716,28.1743,-3.25644,3.43023,9.24173,-15.0606,10.5555,6.95294e-310,-194.033,6.68183e-310,297.395,1.4822e-323,36.2079,5.06782e-310,-158.972,38.5793,-225.839,41.4133,269.378,39.9589,6.1531,38.8048,-190.503,9.85086,48.4302,-55.4651,-14.0518,-20.7734,19.1855,5.17865,43.9834,
0.687966,0.594454,0.647316,0.677552,200,0,0,0.574508,2.79556,-3.18837,-0.806564,-1.07313,1.22028,0.152904,2.39284,0,-343.983,0,-297.227,0,-323.658,0,-338.776,38.6269,-31.7484,41.4227,-28.0028,39.8853,-30.1524,38.9555,-31.3444,11.0896,-18.3261,-19.477,27.8812,-2.10405,1.8982,7.86142,-13.153,10.6605,6.95294e-310,-195.365,6.68183e-310,297.227,1.4822e-323,20.2356,5.06782e-310,-140.217,38.6269,-227.113,41.4227,269.224,39.8853,-9.91673,38.9555,-171.561,9.99144,48.6184,-55.4499,-14.0272,-18.6631,21.2222,2.6592,41.6147,
0.686636,0.594274,0.649677,0.673621,200,0,0,0.578414,2.80189,-3.1879,-0.805808,-0.965266,1.32404,0.0293242,2.27633,0,-343.318,0,-297.137,0,-324.838,0,-336.811,38.6691,-31.697,41.4278,-27.9954,39.814,-30.2465,39.0784,-31.191,10.9581,-18.2455,-19.0134,27.6453,-1.08687,0.5646,6.64074,-11.5545,10.7482,6.95294e-310,-196.106,6.68183e-310,297.137,1.4822e-323,6.06844,5.06782e-310,-124.19,38.6691,-227.803,41.4278,269.142,39.814,-24.178,39.0784,-155.381,10.0594,48.7285,-55.4418,-14.0141,-16.7872,23.0267,0.509985,39.5884,
0.684887,0.594274,0.652002,0.669307,200,0,0,0.581898,2.80856,-3.1879,-0.805808,-0.851321,1.43393,-0.10015,2.15457,0,-342.443,0,-297.137,0,-326.001,0,-334.653,38.7245,-31.6293,41.4278,-27.9954,39.7435,-30.3389,39.2126,-31.0221,10.7475,-18.0517,-18.4134,27.2471,-0.0293614,-0.818322,5.33511,-9.85104,10.9053,6.95294e-310,-196.858,6.68183e-310,297.137,1.4822e-323,-8.92402,5.06782e-310,-107.428,38.7245,-228.487,41.4278,269.142,39.7435,-39.263,39.2126,-138.45,10.12,48.8445,-55.4418,-14.0141,-14.8056,24.938,-1.74175,37.4708,
0.683149,0.594465,0.654339,0.664825,200,0,0,0.589665,2.81948,-3.1884,-0.806615,-0.731557,1.54961,-0.238047,2.02465,0,-341.574,0,-297.233,0,-327.169,0,-332.412,38.7794,-31.5619,41.4224,-28.0033,39.6725,-30.4317,39.3512,-30.8461,10.5335,-17.8413,-17.7765,26.7579,1.02659,-2.22341,3.9895,-8.06207,11.1082,6.95294e-310,-198.185,6.68183e-310,297.233,1.4822e-323,-24.6981,5.06782e-310,-89.5554,38.7794,-229.747,41.4224,269.229,39.6725,-55.1298,39.3512,-120.401,10.255,49.0345,-55.4505,-14.0281,-12.7227,26.9498,-4.13995,35.2113,
0.681495,0.594837,0.656652,0.660319,200,0,0,0.601763,2.83458,-3.18937,-0.808178,-0.60763,1.66949,-0.382321,1.88834,0,-340.747,0,-297.419,0,-328.326,0,-330.159,38.8316,-31.4977,41.412,-28.0187,39.602,-30.5234,39.4898,-30.6684,10.3241,-17.6269,-17.1264,26.2021,2.0546,-3.61525,2.63884,-6.23952,11.3509,6.95294e-310,-200.082,6.68183e-310,297.419,1.4822e-323,-41.0365,5.06782e-310,-70.8244,38.8316,-231.58,41.412,269.4,39.602,-71.5599,39.4898,-101.493,10.4654,49.297,-55.4673,-14.0553,-10.5675,29.0346,-6.64906,32.8408,
0.679434,0.59534,0.658845,0.655741,200,0,0,0.611076,2.84762,-3.19067,-0.810296,-0.478897,1.79437,-0.528306,1.75041,0,-339.717,0,-297.67,0,-329.422,0,-327.87,38.8964,-31.4176,41.3979,-28.0395,39.535,-30.6102,39.6298,-30.4873,10.0242,-17.2962,-16.3634,25.5299,3.07299,-4.97792,1.27291,-4.44881,11.6597,6.95294e-310,-201.668,6.68183e-310,297.67,1.4822e-323,-58.041,5.06782e-310,-51.8718,38.8964,-233.086,41.3979,269.631,39.535,-88.6512,39.6298,-82.3591,10.6274,49.5238,-55.49,-14.0921,-8.32864,31.2064,-9.18793,30.4419,
0.677516,0.596227,0.660882,0.651067,200,0,0,0.630094,2.8701,-3.19298,-0.814029,-0.343391,1.92628,-0.687835,1.59905,0,-338.758,0,-298.114,0,-330.441,0,-325.534,38.9566,-31.343,41.373,-28.0762,39.4726,-30.6907,39.7719,-30.3018,9.73999,-16.9424,-15.5663,24.6934,4.02497,-6.29378,-0.081789,-2.57658,12.0726,6.95294e-310,-204.54,6.68183e-310,298.114,1.4822e-323,-75.9824,5.06782e-310,-31.106,38.9566,-235.883,41.373,270.037,39.4726,-106.673,39.7719,-61.4078,10.9582,49.9148,-55.53,-14.157,-5.97201,33.5005,-11.9624,27.8095,
0.675203,0.597306,0.662883,0.645902,200,0,0,0.653271,2.89744,-3.19578,-0.818571,-0.186283,2.07985,-0.872387,1.42347,0,-337.602,0,-298.653,0,-331.442,0,-322.951,39.029,-31.2528,41.3427,-28.1208,39.4111,-30.7696,39.9279,-30.0959,9.38681,-16.4914,-14.6364,23.6749,5.01773,-7.67677,-1.54421,-0.558234,12.6147,6.95294e-310,-208.034,6.68183e-310,298.653,1.4822e-323,-96.8405,5.06782e-310,-7.04197,39.029,-239.287,41.3427,270.532,39.4111,-127.61,39.9279,-37.1379,11.3612,50.3902,-55.5787,-14.236,-3.23971,36.1713,-15.1719,24.7559,
0.673022,0.598696,0.664789,0.641276,200,0,0,0.678109,2.92619,-3.19938,-0.824427,-0.0272725,2.23549,-1.05719,1.24664,0,-336.511,0,-299.348,0,-332.394,0,-320.638,39.0971,-31.1676,41.3036,-28.1783,39.3523,-30.8447,40.0667,-29.9109,9.00434,-15.9905,-13.6951,22.6076,5.90403,-8.9094,-2.89884,1.29471,13.241,6.95294e-310,-211.731,6.68183e-310,299.348,1.4822e-323,-117.97,5.06782e-310,17.1433,39.0971,-242.898,41.3036,271.17,39.3523,-148.814,40.0667,-12.7676,11.7932,50.8903,-55.6414,-14.3379,-0.474304,38.878,-18.3859,21.6808,
0.670709,0.600278,0.666575,0.637033,200,0,0,0.700913,2.95313,-3.20348,-0.831094,0.138368,2.39796,-1.24464,1.06647,0,-335.355,0,-300.139,0,-333.287,0,-318.517,39.1691,-31.0771,41.2589,-28.2436,39.2972,-30.9149,40.1932,-29.7407,8.55692,-15.4035,-12.7038,21.4858,6.71855,-10.0229,-4.17671,2.98858,13.9692,6.95294e-310,-215.174,6.68183e-310,300.139,1.4822e-323,-140.011,5.06782e-310,41.748,39.1691,-246.251,41.2589,271.895,39.2972,-170.926,40.1932,12.0073,12.1898,51.3588,-55.7127,-14.4538,2.4064,41.7036,-21.6459,18.5473,
0.6683,0.602076,0.668216,0.631988,200,0,0,0.743648,3.00017,-3.20814,-0.838674,0.347451,2.60412,-1.4926,0.827111,0,-334.15,0,-301.038,0,-334.108,0,-315.994,39.2438,-30.9826,41.2081,-28.3177,39.2464,-30.9793,40.3427,-29.5375,8.12957,-14.8096,-11.6444,20.1441,7.55412,-11.2372,-5.58127,4.97753,14.9442,6.95294e-310,-221.318,6.68183e-310,301.038,1.4822e-323,-167.931,5.06782e-310,74.3854,39.2438,-252.301,41.2081,272.72,39.2464,-198.91,40.3427,44.8479,12.933,52.1768,-55.7937,-14.5856,6.04263,45.289,-25.9582,14.3845,
0.66582,0.604017,0.669726,0.627985,200,0,0,0.775405,3.03634,-3.21317,-0.846866,0.553991,2.80797,-1.7249,0.601588,0,-332.91,0,-302.008,0,-334.863,0,-313.993,39.3205,-30.8852,41.153,-28.3977,39.1996,-31.0386,40.4606,-29.3758,7.61213,-14.1099,-10.5724,18.8559,8.2593,-12.2078,-6.78446,6.56049,16.0167,6.95294e-310,-225.993,6.68183e-310,302.008,1.4822e-323,-195.528,5.06782e-310,105.077,39.3205,-256.878,41.153,273.611,39.1996,-226.567,40.4606,75.7014,13.4853,52.8058,-55.8811,-14.7281,9.63463,48.8342,-29.9982,10.4624,
0.663351,0.606114,0.671057,0.62306,200,0,0,0.83798,3.10329,-3.21859,-0.855721,0.8273,3.0789,-2.05008,0.284701,0,-331.675,0,-303.057,0,-335.528,0,-311.53,39.3967,-30.788,41.0934,-28.4839,39.1583,-31.0907,40.6048,-29.1761,7.15094,-13.4501,-9.46897,17.3587,8.98209,-13.2974,-8.12317,8.48567,17.4585,6.95294e-310,-234.819,6.68183e-310,303.057,1.4822e-323,-232.153,5.06782e-310,148.147,39.3967,-265.607,41.0934,274.573,39.1583,-263.244,40.6048,118.971,14.5736,53.9702,-55.9755,-14.8821,14.3878,53.5461,-35.6535,4.95132,
0.660726,0.608379,0.672291,0.619105,200,0,0,0.890711,3.16066,-3.22445,-0.865291,1.11785,3.36724,-2.37977,-0.0383791,0,-330.363,0,-304.19,0,-336.146,0,-309.553,39.4773,-30.6845,41.0288,-28.5769,39.1198,-31.139,40.7199,-29.0153,6.58355,-12.6615,-8.32728,15.8928,9.59516,-14.1648,-9.28295,10.0301,19.1401,6.95294e-310,-242.342,6.68183e-310,304.19,1.4822e-323,-271.117,5.06782e-310,191.978,39.4773,-273.027,41.0288,275.613,39.1198,-302.256,40.7199,162.962,15.4906,54.968,-56.0773,-15.0485,19.4408,58.5606,-41.3874,-0.667463,
0.65803,0.610836,0.673358,0.614779,200,0,0,0.971209,3.24591,-3.23079,-0.87568,1.49692,3.7444,-2.81902,-0.470432,0,-329.015,0,-305.418,0,-336.679,0,-307.389,39.5599,-30.578,40.9584,-28.6776,39.0866,-31.1807,40.8451,-28.8389,6.01508,-11.8492,-7.14023,14.2693,10.1853,-15.0458,-10.4866,11.7044,21.4038,6.95294e-310,-253.619,6.68183e-310,305.418,1.4822e-323,-322.038,5.06782e-310,250.52,39.5599,-284.197,40.9584,276.74,39.0866,-353.219,40.8451,221.681,16.8906,56.4505,-56.1877,-15.2292,26.0333,65.1199,-49.0265,-8.18143,
0.655261,0.613425,0.674292,0.610069,200,0,0,0.815064,3.09462,-2.92368,-0.57285,1.61012,3.85592,-3.08335,-0.726971,0,-327.631,0,-306.712,0,-337.146,0,-305.034,39.6444,-30.4683,40.8841,-28.7836,39.0574,-31.2172,40.9804,-28.6462,5.44761,-11.027,-5.91842,12.5134,10.763,-15.9552,-11.7446,13.5077,21.1308,6.95294e-310,-233.01,6.68183e-310,264.419,1.4822e-323,-337.146,5.06782e-310,285.428,39.6444,-263.479,40.8841,235.636,39.0574,-368.363,40.9804,256.782,14.175,53.8195,-50.8467,-9.9626,28.002,67.0595,-53.6234,-12.643,
0.652397,0.616145,0.675155,0.605874,200,0,0,0.589351,2.87391,-2.55797,-0.211651,1.59991,3.84416,-3.21797,-0.854708,0,-326.199,0,-308.072,0,-337.578,0,-302.937,39.7315,-30.3547,40.8056,-28.8947,39.0305,-31.2509,41.1002,-28.4741,4.8171,-10.1263,-4.67112,10.7499,11.273,-16.7392,-12.9063,15.1086,20.0506,6.95294e-310,-203.039,6.68183e-310,215.543,1.4822e-323,-335.632,5.06782e-310,302.937,39.7315,-233.394,40.8056,186.649,39.0305,-366.883,41.1002,274.463,10.2496,49.9811,-44.4865,-3.68089,27.8245,66.855,-55.9647,-14.8645,
0.649461,0.619093,0.675731,0.602195,200,0,0,0.315469,2.60515,-2.16219,0.179224,1.45738,3.7006,-3.20845,-0.839179,0,-324.731,0,-309.547,0,-337.865,0,-301.098,39.8205,-30.2379,40.7203,-29.0148,39.0125,-31.2734,41.2047,-28.3226,4.13515,-9.13084,-3.39595,8.91506,11.6633,-17.3385,-13.9215,16.5036,18.2444,6.95294e-310,-166.586,6.68183e-310,162.65,1.4822e-323,-316.33,5.06782e-310,301.098,39.8205,-196.824,40.7203,133.635,39.0125,-347.603,41.2047,272.775,5.48641,45.3069,-37.6033,3.11694,25.3458,64.3583,-55.7991,-14.5944,
0.646513,0.622089,0.67615,0.597881,200,0,0,0.0767969,2.37159,-1.8026,0.533803,1.31631,3.55877,-3.19727,-0.820994,0,-323.256,0,-311.045,0,-338.075,0,-298.941,39.9095,-30.1203,40.6331,-29.1367,38.9994,-31.2897,41.3265,-28.1446,3.48934,-8.17379,-2.11403,6.94742,12.0554,-18.0134,-15.028,18.116,16.5015,6.95294e-310,-134.88,6.68183e-310,114.643,1.4822e-323,-297.248,5.06782e-310,298.941,39.9095,-165,40.6331,85.506,38.9994,-328.538,41.3265,270.796,1.3356,41.2451,-31.3496,9.28353,22.8923,61.8917,-55.6047,-14.2781,
0.643385,0.625241,0.676462,0.594465,200,0,0,-0.12158,2.17862,-1.51745,0.813661,1.21498,3.45688,-3.1884,-0.806615,0,-321.693,0,-312.62,0,-338.231,0,-297.233,40.0035,-29.9954,40.5411,-29.2646,38.9896,-31.3019,41.4224,-28.0033,2.7412,-7.08137,-0.793919,4.99947,12.3503,-18.4832,-15.9595,19.3758,15.3404,6.95294e-310,-108.631,6.68183e-310,76.6941,1.4822e-323,-283.541,5.06782e-310,297.233,40.0035,-138.627,40.5411,47.4294,38.9896,-314.843,41.4224,269.229,-2.11443,37.889,-26.3905,14.1506,21.1301,60.1197,-55.4505,-14.0281,
0.640293,0.628585,0.676486,0.590714,200,0,0,-0.298898,2.00662,-1.24974,1.07574,1.10999,3.35185,-3.17865,-0.790842,0,-320.147,0,-314.292,0,-338.243,0,-295.357,40.096,-29.8715,40.443,-29.4,38.9889,-31.3028,41.5271,-27.8477,2.01678,-5.98835,0.535277,2.89009,12.5847,-18.9308,-16.8967,20.7559,14.23,6.95294e-310,-85.2144,6.68183e-310,41.126,1.4822e-323,-269.386,5.06782e-310,295.357,40.096,-115.086,40.443,11.726,38.9889,-300.689,41.5271,267.509,-5.19822,34.8978,-21.7345,18.7085,19.3041,58.293,-55.2809,-13.7538,
0.637201,0.63212,0.676294,0.588018,200,0,0,-0.455241,1.85558,-1.02192,1.29756,1.02868,3.27088,-3.17164,-0.779516,0,-318.601,0,-316.06,0,-338.147,0,-294.009,40.1882,-29.7474,40.3388,-29.5428,38.9949,-31.2953,41.6021,-27.7357,1.22262,-4.78053,1.86101,0.811311,12.6779,-19.1195,-17.5937,21.7494,13.518,6.95294e-310,-64.6234,6.68183e-310,10.9673,1.4822e-323,-258.458,5.06782e-310,294.009,40.1882,-94.3708,40.3388,-18.5755,38.9949,-289.753,41.6021,266.273,-7.91723,32.271,-17.7726,22.5663,17.89,56.8849,-55.1589,-13.5568,
0.633965,0.635703,0.675874,0.585058,200,0,0,-0.600505,1.71584,-0.805444,1.50794,0.947578,3.19054,-3.16393,-0.767095,0,-316.983,0,-317.852,0,-337.937,0,-292.529,40.2842,-29.6172,40.2327,-29.6872,39.008,-31.279,41.684,-27.6124,0.418353,-3.54986,3.20908,-1.37599,12.738,-19.2972,-18.3016,22.7994,12.8306,6.95294e-310,-45.5466,6.68183e-310,-17.6547,1.4822e-323,-247.594,5.06782e-310,292.529,40.2842,-75.1638,40.2327,-47.3419,39.008,-278.873,41.684,264.917,-10.4436,29.8407,-14.0077,26.225,16.4796,55.4876,-55.0248,-13.3408,
0.631041,0.639143,0.675083,0.582637,200,0,0,-0.724385,1.59693,-0.616158,1.69134,0.873992,3.11837,-3.15761,-0.756945,0,-315.521,0,-319.571,0,-337.542,0,-291.319,40.3707,-29.4993,40.1304,-29.8254,39.0327,-31.2481,41.7507,-27.5114,-0.320283,-2.37783,4.42888,-3.45951,12.6669,-19.297,-18.8065,23.6397,12.3233,6.95294e-310,-29.3026,6.68183e-310,-42.6325,1.4822e-323,-237.803,5.06782e-310,291.319,40.3707,-58.8019,40.1304,-72.4579,39.0327,-269.051,41.7507,263.807,-12.598,27.7727,-10.7158,29.4146,15.1999,54.2326,-54.915,-13.1643,
0.62747,0.642546,0.674017,0.580588,200,0,0,-0.854467,1.47289,-0.430879,1.87077,0.812337,3.05863,-3.15226,-0.74836,0,-313.735,0,-321.273,0,-337.008,0,-290.294,40.4758,-29.3549,40.0286,-29.9618,39.066,-31.2065,41.807,-27.4258,-1.19869,-1.02792,5.75205,-5.59571,12.5419,-19.1598,-19.213,24.218,11.9867,6.95294e-310,-12.3214,6.68183e-310,-67.0741,1.4822e-323,-229.663,5.06782e-310,290.294,40.4758,-41.6763,40.0286,-97.0359,39.066,-260.87,41.807,262.868,-14.8603,25.6155,-7.49355,32.5351,14.1276,53.1936,-54.822,-13.015,
0.624294,0.645794,0.672615,0.578263,200,0,0,-0.964834,1.36787,-0.259868,2.03617,0.743954,2.99277,-3.14619,-0.738627,0,-312.147,0,-322.897,0,-336.307,0,-289.131,40.5688,-29.2262,39.9311,-30.0916,39.1098,-31.1517,41.8707,-27.3285,-1.94791,0.177837,6.94093,-7.71749,12.3479,-19.0036,-19.5752,24.8993,11.612,6.95294e-310,2.06505,6.68183e-310,-89.6158,1.4822e-323,-220.671,5.06782e-310,289.131,40.5688,-27.1612,39.9311,-119.707,39.1098,-251.822,41.8707,261.803,-16.7797,23.7891,-4.51944,35.4117,12.9383,52.0481,-54.7164,-12.8457,
0.621212,0.649042,0.671177,0.576285,200,0,0,-1.06946,1.26841,-0.0987307,2.19168,0.681752,2.93314,-3.14102,-0.730355,0,-310.606,0,-324.521,0,-335.588,0,-288.143,40.6587,-29.1011,39.8332,-30.2212,39.1545,-31.0954,41.9246,-27.2457,-2.6999,1.38677,8.09222,-9.79323,12.1128,-18.7793,-19.8608,25.4621,11.3165,6.95294e-310,15.6935,6.68183e-310,-110.825,1.4822e-323,-212.517,5.06782e-310,288.143,40.6587,-13.4076,39.8332,-141.046,39.1545,-243.612,41.9246,260.897,-18.5993,22.0594,-1.71706,38.1161,11.8565,51.0111,-54.6265,-12.7018,
0.61817,0.652134,0.669403,0.574464,200,0,0,-1.16787,1.17509,0.0555937,2.34062,0.620203,2.87476,-3.13626,-0.722739,0,-309.085,0,-326.067,0,-334.701,0,-287.232,40.747,-28.9773,39.7395,-30.3442,39.2096,-31.0259,41.9742,-27.1692,-3.4206,2.57108,9.17978,-11.8345,11.7999,-18.4551,-20.037,25.9208,11.0812,6.95294e-310,28.4906,6.68183e-310,-131.14,1.4822e-323,-204.504,5.06782e-310,287.232,40.747,-0.486682,39.7395,-161.484,39.2096,-235.53,41.9742,260.063,-20.3107,20.4363,0.966847,40.7064,10.7861,49.9958,-54.5436,-12.5694,
0.615174,0.655273,0.667294,0.57287,200,0,0,-1.26513,1.0828,0.211288,2.49082,0.556729,2.81504,-3.13208,-0.71608,0,-307.587,0,-327.637,0,-333.647,0,-286.435,40.8336,-28.855,39.6441,-30.4688,39.275,-30.9431,42.0174,-27.1023,-4.1334,3.77429,10.2348,-13.9101,11.3913,-18.0066,-20.0939,26.2767,10.9007,6.95294e-310,41.1425,6.68183e-310,-151.63,1.4822e-323,-196.285,5.06782e-310,286.435,40.8336,12.2874,39.6441,-182.099,39.275,-227.228,42.0174,259.333,-22.0023,18.8313,3.67457,43.3186,9.68224,48.9572,-54.471,-12.4536,
0.61219,0.658186,0.665352,0.571444,200,0,0,-1.35764,0.995239,0.35525,2.62967,0.501938,2.7637,-3.12835,-0.710124,0,-306.095,0,-329.093,0,-332.676,0,-285.722,40.9196,-28.7331,39.5552,-30.5841,39.335,-30.8668,42.056,-27.0424,-4.84507,4.94081,11.246,-15.8549,11.0186,-17.587,-20.1541,26.5579,10.7584,6.95294e-310,53.1554,6.68183e-310,-170.574,1.4822e-323,-189.209,5.06782e-310,285.722,40.9196,24.4224,39.5552,-201.158,39.335,-220.075,42.056,258.68,-23.6111,17.3085,6.17826,45.7334,8.72935,48.0643,-54.406,-12.35,
0.609002,0.661098,0.662824,0.570138,200,0,0,-1.45547,0.902658,0.509947,2.77924,0.441355,2.7076,-3.12492,-0.704671,0,-304.501,0,-330.549,0,-331.412,0,-285.069,41.011,-28.6025,39.4659,-30.6992,39.4129,-30.7672,42.0913,-26.9874,-5.57391,6.1706,12.2567,-17.8926,10.5208,-17.0007,-20.071,26.7099,10.6728,6.95294e-310,65.8573,6.68183e-310,-190.963,1.4822e-323,-181.445,5.06782e-310,285.069,41.011,37.2548,39.4659,-221.662,39.4129,-212.212,42.0913,258.081,-25.3126,15.6984,8.86864,48.3346,7.67575,47.0886,-54.3465,-12.2552,
0.606498,0.663854,0.660283,0.569095,200,0,0,-1.53833,0.823913,0.650417,2.91483,0.380576,2.65131,-3.12219,-0.700321,0,-303.249,0,-331.927,0,-330.141,0,-284.547,41.0825,-28.4997,39.3812,-30.8079,39.4909,-30.667,42.1195,-26.9435,-6.16511,7.23054,13.0866,-19.7599,9.97924,-16.3823,-19.8959,26.8436,10.6002,6.95294e-310,76.6452,6.68183e-310,-209.459,1.4822e-323,-173.655,5.06782e-310,284.547,41.0825,48.1455,39.3812,-240.267,39.4909,-204.322,42.1195,257.604,-26.7536,14.3289,11.3116,50.6928,6.61872,46.1097,-54.2989,-12.1795,
0.603765,0.666515,0.657922,0.56804,200,0,0,-1.62332,0.743392,0.78813,3.04783,0.326177,2.60106,-3.11942,-0.695922,0,-301.883,0,-333.257,0,-328.961,0,-284.02,41.1602,-28.3873,39.2991,-30.9125,39.5632,-30.5737,42.1478,-26.8991,-6.80743,8.32079,13.9486,-21.5972,9.4917,-15.8182,-19.7773,26.9513,10.5383,6.95294e-310,87.6867,6.68183e-310,-227.598,1.4822e-323,-166.697,5.06782e-310,284.02,41.1602,59.2994,39.2991,-258.51,39.5632,-197.27,42.1478,257.121,-28.2316,12.9286,13.7066,53.0057,5.67264,45.2359,-54.2508,-12.103,
0.601117,0.669031,0.65489,0.567201,200,0,0,-1.70982,0.661209,0.934783,3.19,0.263414,2.54362,-3.11722,-0.692424,0,-300.558,0,-334.516,0,-327.445,0,-283.601,41.2352,-28.2782,39.2211,-31.0113,39.6557,-30.4536,42.1704,-26.8637,-7.39404,9.38896,14.7215,-23.4344,8.85479,-15.0606,-19.459,26.911,10.5385,6.95294e-310,98.9453,6.68183e-310,-246.963,1.4822e-323,-158.716,5.06782e-310,283.601,41.2352,70.6671,39.2211,-277.974,39.6557,-189.17,42.1704,256.737,-29.7359,11.4993,16.2571,55.4782,4.5811,44.2369,-54.2126,-12.0422,
0.598444,0.671344,0.652289,0.566578,200,0,0,-1.79699,0.578377,1.07435,3.32544,0.211031,2.49578,-3.11559,-0.689826,0,-299.222,0,-335.672,0,-326.145,0,-283.289,41.3107,-28.1679,39.1493,-31.102,39.7348,-30.3504,42.1871,-26.8374,-8.00512,10.4343,15.4805,-25.1092,8.30776,-14.3864,-19.1967,26.8011,10.5701,6.95294e-310,110.291,6.68183e-310,-265.406,1.4822e-323,-152.065,5.06782e-310,283.289,41.3107,82.1236,39.1493,-296.508,39.7348,-182.416,42.1871,256.452,-31.2519,10.0587,18.6844,57.8337,3.67011,43.4049,-54.1841,-11.997,
0.595892,0.673657,0.648982,0.566075,200,0,0,-1.88707,0.492419,1.22807,3.47502,0.146402,2.43691,-3.11426,-0.687729,0,-297.946,0,-336.829,0,-324.491,0,-283.037,41.3824,-28.0623,39.0773,-31.1924,39.835,-30.2188,42.2006,-26.8162,-8.56193,11.4695,16.1638,-26.8536,7.6001,-13.5205,-18.7474,26.5982,10.6412,6.95294e-310,122.05,6.68183e-310,-285.755,1.4822e-323,-143.874,5.06782e-310,283.037,41.3824,93.9874,39.0773,-316.947,39.835,-174.093,42.2006,256.221,-32.8186,8.56381,21.3578,60.4351,2.54612,42.3811,-54.1611,-11.9605,
0.593411,0.675359,0.64595,0.565739,200,0,0,-1.97258,0.410901,1.36825,3.61214,0.0914546,2.38722,-3.11338,-0.68633,0,-296.705,0,-337.68,0,-322.975,0,-282.87,41.4519,-27.9596,39.0241,-31.2589,39.9264,-30.0979,42.2096,-26.802,-9.06573,12.3802,16.7458,-28.2892,6.98003,-12.7278,-18.3127,26.2904,10.7594,6.95294e-310,133.203,6.68183e-310,-304.376,1.4822e-323,-136.944,5.06782e-310,282.87,41.4519,105.244,39.0241,-335.634,39.9264,-167.041,42.2096,256.068,-34.3058,7.1461,23.7956,62.8197,1.59051,41.5169,-54.1458,-11.9362,
0.591038,0.677085,0.643181,0.565476,200,0,0,-2.05776,0.329528,1.5066,3.74738,0.0396542,2.34021,-3.11269,-0.685231,0,-295.519,0,-338.542,0,-321.591,0,-282.738,41.5181,-27.8612,38.9701,-31.3262,40.0096,-29.9872,42.2167,-26.7909,-9.57213,13.2716,17.3174,-29.6778,6.40259,-11.9903,-17.921,25.9988,10.875,6.95294e-310,144.329,6.68183e-310,-322.747,1.4822e-323,-130.395,5.06782e-310,282.738,41.5181,116.468,38.9701,-354.073,40.0096,-160.382,42.2167,255.947,-35.7872,5.73092,26.2018,65.1719,0.689639,40.6992,-54.1338,-11.9171,
0.588737,0.678595,0.63973,0.565416,200,0,0,-2.13539,0.255581,1.63119,3.86925,-0.0345902,2.2719,-3.08716,-0.65961,0,-294.369,0,-339.297,0,-319.865,0,-282.708,41.5821,-27.7656,38.9228,-31.385,40.1129,-29.8489,42.2183,-26.7883,-10.0168,14.1296,17.7918,-31.0403,5.68469,-11.0628,-17.3304,25.5504,10.9309,6.95294e-310,154.448,6.68183e-310,-339.297,1.4822e-323,-120.926,5.06782e-310,279.288,41.5821,126.683,38.9228,-370.682,40.1129,-150.775,42.2183,252.5,-37.1372,4.44488,28.3686,67.2914,-0.601569,39.5113,-53.6898,-11.4715,
0.586496,0.679913,0.63683,0.5655,200,0,0,-2.16133,0.233217,1.63766,3.87333,-0.132252,2.17921,-2.9782,-0.550777,0,-293.248,0,-339.957,0,-318.415,0,-282.75,41.6443,-27.6723,38.8814,-31.4363,40.1992,-29.7325,42.216,-26.7919,-10.4689,14.9405,18.2518,-32.2257,5.08167,-10.258,-16.8311,25.0838,10.5492,6.95294e-310,157.61,6.68183e-310,-339.957,1.4822e-323,-108.214,5.06782e-310,264.614,41.6443,129.938,38.8814,-371.393,40.1992,-137.947,42.216,237.822,-37.5883,4.05595,28.481,67.3623,-2.30003,37.8992,-51.7948,-9.57873,
0.584315,0.681111,0.633342,0.565763,200,0,0,-2.18425,0.213757,1.64353,3.87704,-0.236895,2.08051,-2.86636,-0.439339,0,-292.157,0,-340.556,0,-316.671,0,-282.882,41.7045,-27.5814,38.8437,-31.4828,40.3027,-29.5921,42.209,-26.803,-10.8769,15.7356,18.6374,-33.4144,4.3539,-9.28694,-16.1634,24.4879,10.1919,6.95294e-310,160.376,6.68183e-310,-340.556,1.4822e-323,-94.6515,5.06782e-310,249.578,41.7045,132.794,38.8437,-372.039,40.3027,-124.244,42.209,222.775,-37.987,3.71751,28.5831,67.4268,-4.11992,36.1828,-49.8497,-7.64069,
0.582242,0.682058,0.63019,0.566183,200,0,0,-2.20688,0.194416,1.64817,3.87997,-0.326395,1.99636,-2.7671,-0.340734,0,-291.121,0,-341.029,0,-315.095,0,-283.091,41.7616,-27.4949,38.8138,-31.5196,40.3958,-29.4649,42.1977,-26.8207,-11.2639,16.4651,18.9789,-34.4237,3.69862,-8.38577,-15.5321,23.8484,9.90682,6.95294e-310,163.117,6.68183e-310,-341.029,1.4822e-323,-83.0763,5.06782e-310,236.262,41.7616,135.622,38.8138,-372.549,40.3958,-112.541,42.1977,209.441,-38.3805,3.38114,28.6639,67.4777,-5.67644,34.7193,-48.1236,-5.92582,
0.580228,0.682897,0.626979,0.566794,200,0,0,-2.22916,0.175309,1.65229,3.88256,-0.413197,1.91499,-2.67007,-0.244641,0,-290.114,0,-341.449,0,-313.489,0,-283.397,41.8169,-27.4107,38.7874,-31.5522,40.4902,-29.335,42.1813,-26.8465,-11.637,17.1754,19.2821,-35.3662,3.02393,-7.44434,-14.8487,23.1259,9.65467,6.95294e-310,165.823,6.68183e-310,-341.449,1.4822e-323,-71.8727,5.06782e-310,223.273,41.8169,138.412,38.7874,-373.001,40.4902,-101.208,42.1813,196.426,-38.768,3.04885,28.7354,67.5228,-7.18604,33.3042,-46.436,-4.25463,
0.578112,0.683412,0.623683,0.567657,200,0,0,-2.25353,0.154273,1.65481,3.88415,-0.497801,1.83593,-2.57166,-0.147568,0,-289.056,0,-341.706,0,-311.842,0,-283.828,41.8748,-27.3222,38.7711,-31.5721,40.5866,-29.2014,42.1582,-26.8829,-12.0061,17.8674,19.5462,-36.1707,2.34364,-6.4546,-14.1021,22.2435,9.44704,6.95294e-310,168.794,6.68183e-310,-341.706,1.4822e-323,-60.9769,5.06782e-310,210.135,41.8748,141.471,38.7711,-373.278,40.5866,-90.1783,42.1582,183.252,-39.1918,2.68301,28.7794,67.5505,-8.65741,31.9292,-44.7246,-2.5664,
0.576393,0.683832,0.620483,0.568747,200,0,0,-2.27446,0.136034,1.65687,3.88545,-0.578074,1.76102,-2.48003,-0.0576184,0,-288.197,0,-341.916,0,-310.242,0,-284.374,41.9217,-27.2502,38.7579,-31.5884,40.6799,-29.0714,42.1288,-26.9289,-12.305,18.4661,19.7183,-36.8451,1.65806,-5.45795,-13.3111,21.3306,9.27981,6.95294e-310,171.362,6.68183e-310,-341.916,1.4822e-323,-50.6488,5.06782e-310,197.944,41.9217,144.111,38.7579,-373.504,40.6799,-79.7202,42.1288,171.015,-39.5559,2.36581,28.8152,67.573,-10.0535,30.6264,-43.1309,-1.00206,
0.574656,0.68406,0.617248,0.570006,200,0,0,-2.29621,0.117001,1.65799,3.88615,-0.656927,1.68756,-2.38787,0.0325878,0,-287.328,0,-342.03,0,-308.624,0,-285.003,41.969,-27.1773,38.7507,-31.5972,40.7737,-28.9396,42.0949,-26.9818,-12.5959,19.0449,19.8588,-37.4284,0.968619,-4.43369,-12.482,20.322,9.13825,6.95294e-310,174.037,6.68183e-310,-342.03,1.4822e-323,-40.5162,5.06782e-310,185.707,41.969,146.86,38.7507,-373.627,40.7737,-69.4558,42.0949,158.725,-39.9342,2.03481,28.8346,67.5853,-11.4248,29.3489,-41.5282,0.566744,
0.572858,0.684132,0.614419,0.571456,200,0,0,-2.32138,0.0946421,1.65834,3.88638,-0.727408,1.62178,-2.29835,0.119856,0,-286.429,0,-342.066,0,-307.21,0,-285.728,42.0178,-27.1018,38.7484,-31.6,40.8554,-28.8242,42.0557,-27.0429,-12.9139,19.6164,20.012,-37.875,0.359867,-3.48213,-11.7114,19.2499,9.03143,6.95294e-310,177.165,6.68183e-310,-342.066,1.4822e-323,-31.4486,5.06782e-310,173.854,42.0178,150.063,38.7484,-373.666,40.8554,-60.2728,42.0557,146.811,-40.3718,1.64595,28.8407,67.5891,-12.6506,28.2049,-39.9713,2.08446,
0.571288,0.683988,0.610992,0.573014,200,0,0,-2.3417,0.0767692,1.65764,3.88593,-0.806786,1.54807,-2.20546,0.210316,0,-285.644,0,-341.994,0,-305.496,0,-286.507,42.0603,-27.0358,38.753,-31.5944,40.954,-28.684,42.0135,-27.1083,-13.1413,20.1093,20.0438,-38.2767,-0.368117,-2.3808,-10.7754,18.0826,8.93477,6.95294e-310,179.672,6.68183e-310,-341.994,1.4822e-323,-21.2719,5.06782e-310,161.564,42.0603,152.636,38.753,-373.588,40.954,-49.9559,42.0135,134.456,-40.7251,1.33512,28.8285,67.5814,-14.0311,26.9229,-38.3559,3.65767,
0.569874,0.6837,0.607888,0.574692,200,0,0,-2.36209,0.0585745,1.65623,3.88504,-0.879573,1.48039,-2.11732,0.295843,0,-284.937,0,-341.85,0,-303.944,0,-287.346,42.0985,-26.9763,38.762,-31.5833,41.0428,-28.5567,41.968,-27.1788,-13.3459,20.5433,20.0434,-38.5413,-1.03623,-1.34537,-9.87966,16.9036,8.86972,6.95294e-310,182.213,6.68183e-310,-341.85,1.4822e-323,-11.933,5.06782e-310,149.93,42.0985,155.237,38.762,-373.433,41.0428,-40.4898,41.968,122.751,-41.0798,1.01869,28.8039,67.566,-15.2969,25.7459,-36.8229,5.1451,
0.568663,0.683185,0.604856,0.576465,200,0,0,-2.38089,0.0416509,1.6537,3.88345,-0.950322,1.41461,-2.03161,0.378775,0,-284.332,0,-341.592,0,-302.428,0,-288.233,42.1311,-26.9253,38.7783,-31.5633,41.1292,-28.4322,41.9197,-27.2532,-13.4946,20.8927,19.9727,-38.6673,-1.68797,-0.323366,-8.96845,15.6937,8.83414,6.95294e-310,184.569,6.68183e-310,-341.592,1.4822e-323,-2.85666,5.06782e-310,138.64,42.1311,157.644,38.7783,-373.156,41.1292,-31.2888,41.9197,111.387,-41.4067,0.724364,28.76,67.5383,-16.5273,24.6019,-35.3323,6.58738,
0.567393,0.68231,0.601872,0.578287,200,0,0,-2.40075,0.0237493,1.64941,3.88075,-1.01935,1.35045,-1.94495,0.462577,0,-283.697,0,-341.155,0,-300.936,0,-289.143,42.1652,-26.8718,38.8059,-31.5294,41.2139,-28.3093,41.87,-27.3295,-13.6205,21.1894,19.8636,-38.6444,-2.3045,0.67916,-8.06014,14.4118,8.82805,6.95294e-310,187.061,6.68183e-310,-341.155,1.4822e-323,5.99565,5.06782e-310,127.228,42.1652,160.189,38.8059,-372.684,41.2139,-22.3137,41.87,99.8989,-41.7522,0.413031,28.6853,67.4913,-17.7277,23.4861,-33.8252,8.04482,
0.566087,0.681339,0.598864,0.580216,200,0,0,-2.42185,0.00466997,1.64465,3.87775,-1.08967,1.28501,-1.85494,0.549547,0,-283.043,0,-340.67,0,-299.432,0,-290.108,42.2003,-26.8167,38.8365,-31.4917,41.2988,-28.1852,41.8172,-27.4102,-13.7504,21.483,19.7428,-38.5772,-2.92658,1.70093,-7.13306,13.0658,8.83086,6.95294e-310,189.713,6.68183e-310,-340.67,1.4822e-323,15.0207,5.06782e-310,115.383,42.2003,162.897,38.8365,-372.161,41.2988,-13.1645,41.8172,87.9723,-42.1191,0.0812168,28.6026,67.4391,-18.9508,22.3481,-32.2599,9.55733,
0.565092,0.679949,0.596011,0.582194,200,0,0,-2.44059,-0.0125419,1.63783,3.87345,-1.15749,1.2218,-1.76814,0.633229,0,-282.546,0,-339.974,0,-298.006,0,-291.097,42.227,-26.7747,38.8802,-31.4377,41.3791,-28.0673,41.7629,-27.4929,-13.7814,21.6271,19.5112,-38.2763,-3.50163,2.67207,-6.20604,11.7062,8.88211,6.95294e-310,192.095,6.68183e-310,-339.974,1.4822e-323,23.7336,5.06782e-310,103.976,42.227,165.32,38.8802,-371.412,41.3791,-4.33369,41.7629,76.4831,-42.4451,-0.21812,28.484,67.3643,-20.1303,21.2487,-30.7502,11.0127,
0.564121,0.678067,0.593099,0.584231,200,0,0,-2.4598,-0.0302591,1.62861,3.86762,-1.22733,1.15666,-1.67725,0.720892,0,-282.061,0,-339.034,0,-296.55,0,-292.115,42.2529,-26.7337,38.9393,-31.3645,41.4606,-27.9467,41.7068,-27.5779,-13.7538,21.6772,19.1983,-37.7774,-4.05717,3.64472,-5.24908,10.2544,8.9745,6.95294e-310,194.542,6.68183e-310,-339.034,1.4822e-323,32.7095,5.06782e-310,92.0281,42.2529,167.809,38.9393,-370.398,41.4606,4.76282,41.7068,64.4502,-42.7792,-0.526246,28.3237,67.263,-21.3449,20.1158,-29.1696,12.5373,
0.563151,0.676354,0.590355,0.586568,200,0,0,-2.48306,-0.0520289,1.62021,3.86231,-1.29968,1.0887,-1.57898,0.815454,0,-281.575,0,-338.177,0,-295.177,0,-293.284,42.2789,-26.6927,38.993,-31.2977,41.5372,-27.8328,41.6423,-27.6753,-13.7751,21.7775,18.9163,-37.2826,-4.62006,4.63598,-4.28407,8.72377,9.07063,6.95294e-310,197.536,6.68183e-310,-338.177,1.4822e-323,42.0512,5.06782e-310,79.1301,42.2789,170.843,38.993,-369.475,41.5372,14.2184,41.6423,51.4548,-43.1837,-0.90485,28.1776,67.1706,-22.6032,18.9339,-27.4605,14.1818,
0.562384,0.674029,0.587599,0.588557,200,0,0,-2.50143,-0.0692192,1.60883,3.8551,-1.36943,1.02336,-1.48685,0.904408,0,-281.192,0,-337.014,0,-293.799,0,-294.279,42.2993,-26.6602,39.0657,-31.2069,41.6137,-27.7182,41.5871,-27.7581,-13.6656,21.6906,18.5083,-36.5686,-5.11744,5.53832,-3.35713,7.27105,9.21595,6.95294e-310,199.9,6.68183e-310,-337.014,1.4822e-323,51.0409,5.06782e-310,67.0097,42.2993,173.239,39.0657,-368.221,41.6137,23.3227,41.5871,39.2516,-43.5031,-1.20381,27.9796,67.0453,-23.8162,17.7975,-25.8583,15.7288,
0.561749,0.671656,0.584638,0.590798,200,0,0,-2.52055,-0.0873665,1.59721,3.84774,-1.44809,0.949402,-1.3845,1.00318,0,-280.874,0,-335.828,0,-292.319,0,-295.399,42.3163,-26.6333,39.1396,-31.1142,41.6956,-27.5949,41.5248,-27.8512,-13.5361,21.5841,18.0469,-35.8158,-5.67861,6.52718,-2.33903,5.71091,9.37653,6.95294e-310,202.384,6.68183e-310,-335.828,1.4822e-323,61.2023,5.06782e-310,53.5485,42.3163,175.751,39.1396,-366.942,41.6956,33.6074,41.5248,25.6973,-43.8357,-1.51942,27.7776,66.9172,-25.1842,16.5113,-24.0782,17.4466,
0.561245,0.669451,0.582326,0.593015,200,0,0,-2.54171,-0.10776,1.58642,3.84089,-1.51869,0.882465,-1.28707,1.09705,0,-280.623,0,-334.725,0,-291.163,0,-296.508,42.3296,-26.612,39.2081,-31.0278,41.7593,-27.4984,41.463,-27.9432,-13.4286,21.4692,17.6306,-35.0271,-6.13237,7.3643,-1.46067,4.26417,9.55619,6.95294e-310,205.164,6.68183e-310,-334.725,1.4822e-323,70.3747,5.06782e-310,40.7492,42.3296,178.552,39.2081,-365.753,41.7593,42.8763,41.463,12.806,-44.2037,-1.87408,27.5899,66.798,-26.4121,15.3472,-22.3839,19.0791,
0.56073,0.666742,0.579689,0.595268,200,0,0,-2.56356,-0.128818,1.57317,3.83246,-1.59878,0.806541,-1.1781,1.20239,0,-280.365,0,-333.371,0,-289.844,0,-297.634,42.3434,-26.5902,39.292,-30.9215,41.8317,-27.3882,41.3999,-28.0366,-13.2587,21.2681,17.1168,-34.0819,-6.61505,8.25829,-0.505003,2.69894,9.78147,6.95294e-310,208.033,6.68183e-310,-333.371,1.4822e-323,80.7782,5.06782e-310,26.3996,42.3434,181.443,39.292,-364.293,41.8317,53.39,41.3999,-1.63698,-44.5837,-2.24032,27.3595,66.6515,-27.8049,14.0268,-20.4887,20.9112,
0.560358,0.663902,0.577076,0.597689,200,0,0,-2.58723,-0.151921,1.55928,3.82362,-1.68552,0.723908,-1.05942,1.31717,0,-280.179,0,-331.951,0,-288.538,0,-298.845,42.3532,-26.5745,39.3797,-30.8097,41.9031,-27.2788,41.3319,-28.1367,-13.062,21.0202,16.5526,-33.043,-7.10574,9.16611,0.481105,1.07174,10.046,6.95294e-310,211.17,6.68183e-310,-331.951,1.4822e-323,92.0829,5.06782e-310,10.7667,42.3532,184.595,39.3797,-362.761,41.9031,64.8041,41.3319,-17.37,-44.9953,-2.6421,27.118,66.4977,-29.3134,12.5897,-18.4247,22.9072,
0.560119,0.660571,0.574584,0.599643,200,0,0,-2.60746,-0.171779,1.54301,3.81323,-1.76969,0.643642,-0.945647,1.42777,0,-280.059,0,-330.285,0,-287.292,0,-299.821,42.3596,-26.5643,39.4821,-30.6784,41.9709,-27.1743,41.2769,-28.2174,-12.7629,20.6172,15.9027,-31.8411,-7.50092,9.93548,1.37586,-0.412012,10.3729,6.95294e-310,213.861,6.68183e-310,-330.285,1.4822e-323,103.06,5.06782e-310,-4.27376,42.3596,187.296,39.4821,-360.964,41.9709,75.8857,41.2769,-32.4911,-45.3471,-2.98746,26.8349,66.317,-30.7772,11.1938,-16.446,24.8308,
0.559939,0.657407,0.572103,0.601752,200,0,0,-2.63005,-0.194096,1.52756,3.80335,-1.861,0.556193,-0.821763,1.54823,0,-279.969,0,-328.703,0,-286.051,0,-300.876,42.3644,-26.5567,39.579,-30.5533,42.0382,-27.0701,41.2173,-28.3044,-12.4871,20.2419,15.2606,-30.6787,-7.92527,10.7335,2.29013,-1.9276,10.7144,6.95294e-310,216.88,6.68183e-310,-328.703,1.4822e-323,115.003,5.06782e-310,-20.6531,42.3644,190.323,39.579,-359.257,42.0382,87.9329,41.2173,-48.9575,-45.74,-3.37559,26.5662,66.1452,-32.3653,9.67293,-14.2915,26.9257,
0.559915,0.654159,0.56967,0.604077,200,0,0,-2.65594,-0.219948,1.51171,3.79319,-1.9627,0.458277,-0.682706,1.6835,0,-279.958,0,-327.079,0,-284.835,0,-302.038,42.365,-26.5557,39.678,-30.4246,42.1039,-26.9677,41.1513,-28.4001,-12.193,19.8291,14.5728,-29.4315,-8.36237,11.5495,3.23797,-3.51332,11.1132,6.95294e-310,220.365,6.68183e-310,-327.079,1.4822e-323,128.353,5.06782e-310,-39.0444,42.365,193.81,39.678,-357.504,42.1039,101.385,41.1513,-67.4445,-46.1902,-3.82518,26.2906,65.9686,-34.1339,7.97003,-11.8732,29.2782,
0.559987,0.650791,0.567369,0.605958,200,0,0,-2.67852,-0.242639,1.49528,3.78265,-2.06242,0.362114,-0.548696,1.81443,0,-279.993,0,-325.396,0,-283.685,0,-302.979,42.3631,-26.5588,39.7802,-30.2908,42.1659,-26.8708,41.0978,-28.4775,-11.8481,19.341,13.8603,-28.169,-8.72978,12.2457,4.08879,-4.91898,11.5516,6.95294e-310,223.419,6.68183e-310,-325.396,1.4822e-323,141.457,5.06782e-310,-56.822,42.3631,196.861,39.7802,-355.686,42.1659,114.586,41.0978,-85.2995,-46.5829,-4.21981,26.0049,65.7851,-35.8682,6.29764,-9.54253,31.5553,
0.560191,0.647412,0.565152,0.608092,200,0,0,-2.70595,-0.27038,1.47881,3.77205,-2.17496,0.253002,-0.395382,1.96424,0,-280.095,0,-323.706,0,-282.576,0,-304.046,42.3577,-26.5674,39.8824,-30.1562,42.2254,-26.7772,41.037,-28.5651,-11.5018,18.8363,13.1191,-26.8436,-9.11143,12.9613,4.96914,-6.39878,12.059,6.95294e-310,227.146,6.68183e-310,-323.706,1.4822e-323,156.3,5.06782e-310,-77.1626,42.3577,200.579,39.8824,-353.862,42.2254,129.523,41.037,-105.728,-47.06,-4.70227,25.7184,65.6008,-37.8253,4.40004,-6.87621,34.1608,
0.560526,0.643793,0.562755,0.610369,200,0,0,-2.73674,-0.301681,1.46118,3.76068,-2.30759,0.124054,-0.216473,2.13941,0,-280.263,0,-321.896,0,-281.378,0,-305.184,42.3488,-26.5816,39.9913,-30.0117,42.2894,-26.6759,40.9718,-28.6585,-11.1133,18.2681,12.2955,-25.4186,-9.53098,13.7263,5.91817,-7.97,12.6638,6.95294e-310,231.344,6.68183e-310,-321.896,1.4822e-323,173.827,5.06782e-310,-100.931,42.3488,204.763,39.9913,-351.908,42.2894,147.151,40.9718,-129.589,-47.5954,-5.24662,25.4118,65.4031,-40.132,2.15747,-3.76475,37.2071,
0.560958,0.640197,0.560922,0.612154,200,0,0,-2.76741,-0.333016,1.44368,3.74937,-2.43314,0.00131213,-0.0447033,2.30823,0,-280.479,0,-320.099,0,-280.461,0,-306.077,42.3373,-26.5999,40.0989,-29.8677,42.3383,-26.5983,40.9206,-28.7316,-10.7018,17.6453,11.5026,-23.9798,-9.80441,14.2697,6.6751,-9.27509,13.3487,6.95294e-310,235.542,6.68183e-310,-320.099,1.4822e-323,190.482,5.06782e-310,-123.811,42.3373,208.942,40.0989,-349.966,42.3383,163.884,40.9206,-152.542,-48.1289,-5.79158,25.1075,65.2064,-42.3154,0.0228197,-0.777449,40.1432,
0.561533,0.63647,0.558788,0.614239,200,0,0,-2.80343,-0.369912,1.42555,3.73762,-2.58953,-0.151823,0.165978,2.51546,0,-280.766,0,-318.235,0,-279.394,0,-307.12,42.322,-26.6242,40.2099,-29.718,42.3949,-26.508,40.8606,-28.8169,-10.2648,16.9873,10.6286,-22.4799,-10.1622,14.9227,7.54943,-10.7293,14.1564,6.95294e-310,240.48,6.68183e-310,-318.235,1.4822e-323,211.251,5.06782e-310,-151.889,42.322,213.855,40.2099,-347.953,42.3949,184.743,40.8606,-180.706,-48.7552,-6.43325,24.7922,65.0021,-45.0353,-2.64041,2.88658,43.7472,
0.562264,0.632587,0.557171,0.615845,200,0,0,-2.84131,-0.408918,1.40668,3.72537,-2.74865,-0.308485,0.381958,2.72878,0,-281.132,0,-316.294,0,-278.585,0,-307.923,42.3025,-26.6551,40.325,-29.5617,42.4377,-26.4393,40.8143,-28.8824,-9.77289,16.2304,9.74197,-20.8943,-10.3727,15.3565,8.25357,-11.9406,15.1378,6.95294e-310,245.692,6.68183e-310,-316.294,1.4822e-323,232.464,5.06782e-310,-180.754,42.3025,219.037,40.325,-345.855,42.4377,206.025,40.8143,-209.637,-49.4141,-7.11162,24.464,64.789,-47.8027,-5.36495,6.64275,47.457,
0.563163,0.628668,0.555541,0.617547,200,0,0,-2.88556,-0.454548,1.38765,3.71298,-2.93816,-0.495514,0.63722,2.98121,0,-281.581,0,-314.334,0,-277.77,0,-308.774,42.2785,-26.6932,40.4406,-29.4034,42.4808,-26.3701,40.7651,-28.9519,-9.25794,15.4348,8.80834,-19.269,-10.6015,15.8016,8.98509,-13.1735,16.3129,6.95294e-310,251.788,6.68183e-310,-314.334,1.4822e-323,257.77,5.06782e-310,-214.899,42.2785,225.094,40.4406,-343.738,42.4808,231.4,40.7651,-243.851,-50.1837,-7.90518,24.133,64.5735,-51.0984,-8.61764,11.0821,51.8471,
0.564205,0.624726,0.554019,0.619117,200,0,0,-2.86879,-0.439372,1.28829,3.62027,-3.08254,-0.637587,0.863364,3.20474,0,-282.103,0,-312.363,0,-277.009,0,-309.559,42.2507,-26.7372,40.5562,-29.2437,42.5209,-26.3055,40.7196,-29.0158,-8.71435,14.593,7.84682,-17.6248,-10.8033,16.1904,9.68195,-14.3277,17.1095,6.95294e-310,249.678,6.68183e-310,-301.551,1.4822e-323,277.009,5.06782e-310,-245.139,42.2507,222.941,40.5562,-330.795,42.5209,250.704,40.7196,-274.155,-49.8919,-7.64126,22.4051,62.9613,-53.6093,-11.0885,15.015,55.7346,
0.565416,0.620675,0.552497,0.620723,200,0,0,-2.70882,-0.281265,1.01529,3.35406,-3.07852,-0.631271,0.961938,3.30063,0,-282.708,0,-310.338,0,-276.248,0,-310.361,42.2183,-26.7883,40.6743,-29.0792,42.5608,-26.2407,40.6729,-29.0812,-8.13731,13.6955,6.82806,-15.9202,-11.0105,16.5724,10.3956,-15.4884,16.6692,6.95294e-310,228.294,6.68183e-310,-265.377,1.4822e-323,276.248,5.06782e-310,-258.179,42.2183,201.505,40.6743,-294.456,42.5608,250.008,40.6729,-287.26,-47.1099,-4.89156,17.6571,58.3314,-53.5395,-10.9786,16.7294,57.4023,
0.566722,0.616504,0.551406,0.622065,200,0,0,-2.56474,-0.139202,0.763305,3.10903,-3.07564,-0.626748,1.05783,3.39428,0,-283.361,0,-308.252,0,-275.703,0,-311.033,42.1833,-26.8435,40.7952,-28.9093,42.5894,-26.1943,40.6338,-29.1357,-7.53301,12.7351,5.80243,-14.1353,-11.1087,16.7942,10.9886,-16.5015,16.4165,6.95294e-310,209.066,6.68183e-310,-232.052,1.4822e-323,275.703,5.06782e-310,-270.898,42.1833,182.222,40.7952,-260.962,42.5894,249.509,40.6338,-300.034,-44.6042,-2.42091,13.2749,54.0701,-53.4894,-10.9,18.3971,59.0309,
0.568136,0.61231,0.550364,0.623252,200,0,0,-2.42415,-0.000792467,0.522632,2.87531,-3.07289,-0.622425,1.14734,3.4818,0,-284.068,0,-306.155,0,-275.182,0,-311.626,42.1453,-26.9031,40.9161,-28.738,42.6167,-26.1499,40.5992,-29.1839,-6.90392,11.7362,4.75072,-12.3486,-11.1878,16.969,11.554,-17.4375,16.2168,6.95294e-310,190.323,6.68183e-310,-200.254,1.4822e-323,275.182,5.06782e-310,-282.78,42.1453,163.42,40.9161,-228.992,42.6167,249.032,40.5992,-311.964,-42.159,-0.013782,9.08925,50.0054,-53.4415,-10.8248,19.9538,60.5531,
0.569742,0.608044,0.549381,0.62427,200,0,0,-2.28292,0.137943,0.288275,2.64798,-3.07029,-0.618352,1.2312,3.56395,0,-284.871,0,-304.022,0,-274.69,0,-312.135,42.102,-26.9707,41.0384,-28.5631,42.6424,-26.108,40.5695,-29.2253,-6.22924,10.6699,3.64918,-10.5325,-11.244,17.0875,12.0947,-18.2841,16.0755,6.95294e-310,171.524,6.68183e-310,-169.315,1.4822e-323,274.69,5.06782e-310,-293.926,42.102,144.553,41.0384,-197.878,42.6424,248.582,40.5695,-323.152,-39.703,2.399,5.01349,46.0518,-53.3964,-10.754,21.4122,61.9817,
0.571408,0.603729,0.548746,0.625121,200,0,0,-2.14858,0.2697,0.0599792,2.42675,-3.06861,-0.615721,1.31804,3.64936,0,-285.704,0,-301.865,0,-274.373,0,-312.561,42.057,-27.0408,41.1612,-28.3858,42.659,-26.0809,40.5446,-29.2598,-5.54553,9.56907,2.54994,-8.66841,-11.221,17.0863,12.5444,-19.0247,16.0581,6.95294e-310,153.661,6.68183e-310,-139.198,1.4822e-323,274.373,5.06782e-310,-305.5,42.057,126.62,41.1612,-167.584,42.659,248.292,40.5446,-334.76,-37.3666,4.69043,1.04312,42.2043,-53.3672,-10.7082,22.9225,63.4671,
0.573158,0.599331,0.548206,0.625732,200,0,0,-2.00071,0.414846,-0.176372,2.19755,-3.04157,-0.587874,1.37339,3.70368,0,-286.579,0,-299.666,0,-274.103,0,-312.866,42.0096,-27.1144,41.2857,-28.2045,42.673,-26.0579,40.5267,-29.2846,-4.83225,8.41963,1.42416,-6.78693,-11.1566,17.0074,12.9445,-19.6601,15.9137,6.95294e-310,133.988,6.68183e-310,-108.005,1.4822e-323,270.651,5.06782e-310,-312.866,42.0096,106.873,41.2857,-136.21,42.673,244.593,40.5267,-342.151,-34.7949,7.21471,-3.06735,38.2183,-52.8969,-10.2239,23.8851,64.4118,
0.575027,0.594897,0.547751,0.626272,200,0,0,-1.83442,0.578219,-0.422357,1.95874,-2.97167,-0.517293,1.37601,3.70539,0,-287.514,0,-297.448,0,-273.876,0,-313.136,41.9589,-27.1929,41.4103,-28.0212,42.6849,-26.0384,40.5109,-29.3064,-4.09861,7.23184,0.267711,-4.88271,-11.0754,16.886,13.3251,-20.2464,15.4663,6.95294e-310,111.85,6.68183e-310,-75.5174,1.4822e-323,261.164,5.06782e-310,-313.136,41.9589,84.6568,41.4103,-103.539,42.6849,235.126,40.5109,-342.442,-31.9029,10.056,-7.34534,34.065,-51.6813,-8.9964,23.9306,64.4416,
0.576933,0.590415,0.547511,0.626595,200,0,0,-1.67696,0.732692,-0.655682,1.73261,-2.90347,-0.44873,1.37758,3.70641,0,-288.466,0,-295.207,0,-273.756,0,-313.298,41.907,-27.2728,41.5355,-27.8353,42.6911,-26.0282,40.5014,-29.3195,-3.35374,6.01372,-0.891635,-2.95963,-10.9341,16.666,13.6325,-20.7251,15.1168,6.95294e-310,90.9083,6.68183e-310,-44.7402,1.4822e-323,251.937,5.06782e-310,-313.298,41.907,63.6355,41.5355,-72.5755,42.6911,225.909,40.5014,-342.617,-29.1645,12.7425,-11.4032,30.1323,-50.4951,-7.804,23.9579,64.4594,
0.578934,0.585693,0.547391,0.626787,200,0,0,-1.51938,0.887125,-0.889346,1.50647,-2.8334,-0.378481,1.37851,3.70702,0,-289.467,0,-292.847,0,-273.696,0,-313.393,41.8523,-27.3566,41.6665,-27.6389,42.6943,-26.0231,40.4958,-29.3273,-2.57287,4.72341,-2.10759,-0.941789,-10.7498,16.3697,13.9061,-21.1574,14.8125,6.95294e-310,69.9654,6.68183e-310,-13.9502,1.4822e-323,242.476,5.06782e-310,-313.393,41.8523,42.6088,41.6665,-41.5891,42.6943,216.453,40.4958,-342.721,-26.4241,15.4283,-15.4669,26.1996,-49.2765,-6.58229,23.9741,64.4699,
0.580935,0.580971,0.547451,0.626775,200,0,0,-1.36824,1.03511,-1.11365,1.28965,-2.76418,-0.309353,1.37845,3.70698,0,-290.468,0,-290.486,0,-273.726,0,-313.387,41.7975,-27.4403,41.7965,-27.4418,42.6927,-26.0256,40.4962,-29.3268,-1.79262,3.42106,-3.31493,1.06839,-10.5159,15.9879,14.1124,-21.4895,14.5833,6.95294e-310,49.8902,6.68183e-310,15.5806,1.4822e-323,233.155,5.06782e-310,-313.387,41.7975,22.4499,41.7965,-11.8612,42.6927,207.13,40.4962,-342.714,-23.7955,18.002,-19.3678,22.4287,-48.0727,-5.38005,23.9731,64.4693,
0.582913,0.576357,0.547679,0.626571,200,0,0,-1.2241,1.17613,-1.32716,1.0834,-2.6967,-0.242208,1.37747,3.70634,0,-291.456,0,-288.179,0,-273.84,0,-313.286,41.7431,-27.5229,41.9227,-27.2487,42.6868,-26.0354,40.5021,-29.3185,-1.02696,2.13197,-4.49135,3.02754,-10.2418,15.5337,14.2524,-21.7165,14.4262,6.95294e-310,30.7561,6.68183e-310,43.6758,1.4822e-323,224.092,5.06782e-310,-313.286,41.7431,3.2332,41.9227,16.4271,42.6868,198.057,40.5021,-342.604,-21.2888,20.4544,-23.081,18.8417,-46.8991,-4.21232,23.9559,64.4581,
0.584878,0.571767,0.548099,0.626164,200,0,0,-1.08284,1.31427,-1.53684,0.880879,-2.62829,-0.174432,1.37549,3.70505,0,-292.439,0,-285.884,0,-274.049,0,-313.082,41.689,-27.6049,42.0473,-27.056,42.6758,-26.0533,40.5141,-29.302,-0.266308,0.837684,-5.65121,4.97114,-9.91733,14.9934,14.3219,-21.8401,14.3352,6.95294e-310,12.0083,6.68183e-310,71.2621,1.4822e-323,214.933,5.06782e-310,-313.082,41.689,-15.5966,42.0473,44.2061,42.6758,188.879,40.5141,-342.384,-18.832,22.8569,-26.7277,15.3196,-45.7094,-3.03361,23.9215,64.4356,
0.586808,0.567249,0.548674,0.625529,200,0,0,-0.943932,1.45012,-1.74262,0.682108,-2.55952,-0.106525,1.37241,3.70304,0,-293.404,0,-283.625,0,-274.337,0,-312.764,41.6356,-27.6853,42.1691,-26.8657,42.6608,-26.0778,40.5327,-29.2763,0.483785,-0.449052,-6.783,6.8704,-9.54859,14.375,14.322,-21.8521,14.3128,6.95294e-310,-6.42719,6.68183e-310,98.3347,1.4822e-323,205.746,5.06782e-310,-312.764,41.6356,-34.1125,42.1691,71.469,42.6608,179.669,40.5327,-342.041,-16.4162,25.2194,-30.3064,11.8627,-44.5135,-1.85262,23.8679,64.4006,
0.588737,0.562839,0.549465,0.624594,200,0,0,-0.804193,1.58678,-1.94812,0.483397,-2.48968,-0.0378677,1.36787,3.70007,0,-294.369,0,-281.42,0,-274.732,0,-312.297,41.5821,-27.7656,42.2872,-26.6795,42.6402,-26.1115,40.56,-29.2384,1.23044,-1.73587,-7.88169,8.71543,-9.12098,13.6544,14.2317,-21.7069,14.387,6.95294e-310,-24.974,6.68183e-310,125.389,1.4822e-323,196.446,5.06782e-310,-312.297,41.5821,-52.7395,42.2872,98.7093,42.6402,170.335,40.56,-341.535,-13.986,27.5962,-33.8803,8.4069,-43.2988,-0.658569,23.7891,64.3491,
0.590655,0.558453,0.550364,0.623371,200,0,0,-0.660122,1.72779,-2.15774,0.28048,-2.41783,0.0326268,1.36194,3.6962,0,-295.327,0,-279.226,0,-275.182,0,-311.686,41.5288,-27.8452,42.4038,-26.4937,42.6167,-26.1499,40.5957,-29.1888,1.98057,-3.03319,-8.96673,10.5222,-8.65027,12.8526,14.0747,-21.4348,14.5411,6.95294e-310,-44.106,6.68183e-310,153.005,1.4822e-323,186.892,5.06782e-310,-311.686,41.5288,-71.9513,42.4038,126.511,42.6167,160.742,40.5957,-340.875,-11.4804,30.0484,-37.5259,4.87792,-42.0493,0.567423,23.6859,64.2817,
0.592548,0.554282,0.551622,0.621909,200,0,0,-0.512392,1.87248,-2.37405,0.0705008,-2.34097,0.107597,1.35485,3.69156,0,-296.274,0,-277.141,0,-275.811,0,-310.955,41.476,-27.9238,42.5139,-26.3167,42.5838,-26.2035,40.6384,-29.1294,2.70612,-4.30472,-9.98536,12.2626,-8.10679,11.9355,13.8039,-21.0024,14.8057,6.95294e-310,-63.7343,6.68183e-310,181.556,1.4822e-323,176.713,5.06782e-310,-310.955,41.476,-91.6581,42.5139,155.239,42.5838,150.51,40.6384,-340.084,-8.91116,32.5649,-41.2878,1.2261,-40.7125,1.87125,23.5626,64.201,
0.594394,0.550292,0.552988,0.620232,200,0,0,-0.359173,2.02273,-2.59625,-0.145679,-2.2616,0.184909,1.34672,3.68623,0,-297.197,0,-275.146,0,-276.494,0,-310.116,41.4244,-28.0003,42.6186,-26.1468,42.5479,-26.2616,40.6872,-29.0612,3.4123,-5.54811,-10.956,13.9136,-7.53581,10.9639,13.4712,-20.4563,15.1599,6.95294e-310,-84.1091,6.68183e-310,210.929,1.4822e-323,166.212,5.06782e-310,-310.116,41.4244,-112.109,42.6186,184.782,42.5479,139.951,40.6872,-339.177,-6.24648,35.1779,-45.1522,-2.53355,-39.3321,3.21581,23.4212,64.1084,
0.596227,0.546433,0.55451,0.618314,200,0,0,-0.194743,2.18421,-2.83268,-0.376326,-2.17678,0.267426,1.33743,3.68014,0,-298.114,0,-273.216,0,-277.255,0,-309.157,41.373,-28.0762,42.7192,-25.9821,42.5079,-26.3263,40.7428,-28.9831,4.10967,-6.78274,-11.8903,15.5011,-6.92517,9.91853,13.0661,-19.7831,15.6273,6.95294e-310,-105.996,6.68183e-310,242.241,1.4822e-323,155,5.06782e-310,-309.157,41.373,-134.072,42.7192,216.259,42.5079,128.674,40.7428,-338.14,-3.38683,37.9862,-49.264,-6.5448,-37.857,4.65089,23.2596,64.0024,
0.598025,0.542466,0.556068,0.616301,200,0,0,-0.03446,2.34158,-3.05199,-0.589732,-2.06382,0.378024,1.28618,3.63225,0,-299.012,0,-271.233,0,-278.034,0,-308.15,41.3225,-28.1506,42.8219,-25.8125,42.4669,-26.3925,40.8011,-28.901,4.80516,-8.03357,-12.8377,17.1129,-6.29708,8.83304,12.6368,-19.0893,15.8497,6.95294e-310,-127.329,6.68183e-310,271.233,1.4822e-323,140.001,5.06782e-310,-302.559,41.3225,-155.48,42.8219,245.421,42.4669,113.608,40.8011,-331.46,-0.599304,40.7232,-53.0781,-10.2562,-35.8925,6.57433,22.3684,63.1695,
0.599751,0.539338,0.557554,0.614048,200,0,0,0.0189509,2.3922,-3.0437,-0.576808,-1.87246,0.56713,1.02298,3.37278,0,-299.875,0,-269.669,0,-278.777,0,-307.024,41.2738,-28.2218,42.9024,-25.6784,42.4276,-26.4556,40.8661,-28.809,5.43969,-9.14149,-13.6215,18.3601,-5.70733,7.79036,12.163,-18.2074,14.6878,6.95294e-310,-134.268,6.68183e-310,269.669,1.4822e-323,114.423,5.06782e-310,-267.427,41.2738,-162.49,42.9024,243.991,42.4276,87.9677,40.8661,-296.236,0.329581,41.6034,-52.9339,-10.0314,-32.5645,9.86313,17.7909,58.6571,
0.601332,0.535982,0.559508,0.611855,200,0,0,0.0565833,2.42726,-3.03479,-0.562959,-1.68835,0.748262,0.782885,3.13631,0,-300.666,0,-267.991,0,-279.754,0,-305.927,41.2291,-28.2871,42.9884,-25.5343,42.3758,-26.5384,40.9292,-28.7193,6.03697,-10.2531,-14.3918,19.7535,-5.02614,6.62589,11.5969,-17.3512,13.5668,6.95294e-310,-139.102,6.68183e-310,267.991,1.4822e-323,89.892,5.06782e-310,-235.401,41.2291,-167.389,42.9884,242.457,42.3758,63.3536,40.9292,-264.12,0.984058,42.2132,-52.7789,-9.79058,-29.3626,13.0133,13.6154,54.5446,
0.60289,0.532807,0.561317,0.609014,200,0,0,0.0983306,2.46647,-3.02635,-0.549866,-1.52777,0.90607,0.56377,2.92188,0,-301.445,0,-266.403,0,-280.659,0,-304.507,41.185,-28.3513,43.0692,-25.3976,42.3277,-26.6151,41.0106,-28.603,6.65756,-11.3726,-15.1196,20.9677,-4.32243,5.39238,10.952,-16.2371,12.7054,6.95294e-310,-144.494,6.68183e-310,266.403,1.4822e-323,68.5125,5.06782e-310,-206.3,41.185,-172.845,43.0692,241.006,42.3277,41.8974,41.0106,-234.902,1.7101,42.8951,-52.6321,-9.56289,-26.57,15.7577,9.80469,50.8153,
0.604352,0.529882,0.563199,0.606294,200,0,0,0.132523,2.49827,-3.01856,-0.537824,-1.38944,1.04152,0.376941,2.73952,0,-302.176,0,-264.941,0,-281.599,0,-303.147,41.1435,-28.4115,43.1433,-25.2716,42.2776,-26.6947,41.0883,-28.4913,7.22686,-12.4211,-15.7833,22.1038,-3.63315,4.18322,10.2967,-15.145,11.9862,6.95294e-310,-148.881,6.68183e-310,264.941,1.4822e-323,50.1409,5.06782e-310,-181.531,41.1435,-177.293,43.1433,239.67,42.2776,23.4462,41.0883,-210.022,2.30475,43.4483,-52.4968,-9.35345,-24.1641,18.1135,6.5555,47.6438,
0.605683,0.527258,0.565164,0.603286,200,0,0,0.165368,2.52894,-3.01157,-0.527026,-1.26341,1.16453,0.205216,2.57271,0,-302.841,0,-263.629,0,-282.582,0,-301.643,41.1057,-28.4662,43.2095,-25.1583,42.225,-26.7777,41.1738,-28.3676,7.76149,-13.4101,-16.3528,23.0903,-2.91746,2.92897,9.56183,-13.9123,11.4173,6.95294e-310,-153.107,6.68183e-310,263.629,1.4822e-323,33.4409,5.06782e-310,-158.84,41.1057,-181.573,43.2095,238.471,42.225,6.66319,41.1738,-187.208,2.87596,43.9816,-52.3752,-9.16566,-21.9723,20.2528,3.56898,44.7428,
0.606857,0.524885,0.567082,0.600182,200,0,0,0.195698,2.55735,-3.00524,-0.517272,-1.15076,1.27422,0.0508752,2.42342,0,-303.429,0,-262.443,0,-283.541,0,-300.091,41.0722,-28.5144,43.2691,-25.0557,42.1736,-26.8586,41.2616,-28.2396,8.25322,-14.3281,-16.8443,23.9484,-2.21375,1.69168,8.80293,-12.639,10.9587,6.95294e-310,-157.017,6.68183e-310,262.443,1.4822e-323,18.5385,5.06782e-310,-138.506,41.0722,-185.532,43.2691,237.387,42.1736,-8.32011,41.2616,-166.746,3.40344,44.4757,-52.2651,-8.99603,-20.0132,22.1604,0.884787,42.1464,
0.608056,0.522428,0.568987,0.597042,200,0,0,0.224033,2.58372,-2.99868,-0.507181,-1.04554,1.37649,-0.0932757,2.28436,0,-304.028,0,-261.214,0,-284.494,0,-298.521,41.038,-28.5636,43.3305,-24.9493,42.1224,-26.9389,41.3501,-28.1099,8.75154,-15.2715,-17.3589,24.8305,-1.51216,0.440676,8.03963,-11.3641,10.5199,6.95294e-310,-160.654,6.68183e-310,261.214,1.4822e-323,4.63587,5.06782e-310,-119.55,41.038,-189.218,43.3305,236.265,42.1224,-22.3031,41.3501,-147.66,3.89623,44.9342,-52.151,-8.82054,-18.1834,23.939,-1.62219,39.7279,
0.608942,0.520619,0.570952,0.593902,200,0,0,0.249584,2.60781,-2.99385,-0.499754,-0.951181,1.46781,-0.221693,2.161,0,-304.471,0,-260.309,0,-285.476,0,-296.951,41.0127,-28.6,43.3756,-24.8708,42.0693,-27.0217,41.4382,-27.98,9.14517,-16.0343,-17.6829,25.4561,-0.824303,-0.762217,7.22784,-10.0444,10.2258,6.95294e-310,-163.964,6.68183e-310,260.309,1.4822e-323,-7.7943,5.06782e-310,-102.713,41.0127,-192.564,43.3756,235.439,42.0693,-34.816,41.4382,-130.693,4.34059,45.3533,-52.067,-8.69137,-16.5423,25.5271,-3.85553,37.5826,
0.609829,0.518773,0.572798,0.59069,200,0,0,0.275238,2.63201,-2.98892,-0.492184,-0.862763,1.55335,-0.343665,2.04418,0,-304.915,0,-259.387,0,-286.399,0,-295.345,40.9873,-28.6364,43.4214,-24.7908,42.0194,-27.0993,41.5278,-27.8467,9.54513,-16.8106,-18.0199,26.0657,-0.155392,-1.95356,6.42559,-8.71784,9.95125,6.95294e-310,-167.287,6.68183e-310,259.387,1.4822e-323,-19.4404,5.06782e-310,-86.7534,40.9873,-195.923,43.4214,234.596,42.0194,-46.5396,41.5278,-114.6,4.78674,45.774,-51.9811,-8.55972,-15.0046,27.0148,-5.97679,35.551,
0.610584,0.517083,0.574596,0.587359,200,0,0,0.300648,2.65617,-2.98439,-0.485258,-0.778527,1.63478,-0.460528,1.93264,0,-305.292,0,-258.542,0,-287.298,0,-293.679,40.9657,-28.6673,43.4632,-24.7173,41.9706,-27.1748,41.6204,-27.7082,9.91594,-17.5405,-18.299,26.5828,0.508171,-3.13898,5.5986,-7.35146,9.7259,6.95294e-310,-170.597,6.68183e-310,258.542,1.4822e-323,-30.5294,5.06782e-310,-71.4995,40.9657,-199.264,43.4632,233.824,41.9706,-57.7041,41.6204,-99.2078,5.22866,46.1943,-51.9025,-8.43926,-13.5396,28.431,-8.00918,33.6112,
0.611255,0.515621,0.576369,0.584063,200,0,0,0.325484,2.6799,-2.98048,-0.479268,-0.699271,1.71126,-0.57066,1.82775,0,-305.628,0,-257.811,0,-288.185,0,-292.032,40.9464,-28.6948,43.4993,-24.6538,41.9223,-27.2492,41.7115,-27.5709,10.2522,-18.2127,-18.5205,27.0097,1.15128,-4.29019,4.76812,-5.98692,9.54512,6.95294e-310,-173.842,6.68183e-310,257.811,1.4822e-323,-40.9504,5.06782e-310,-57.1459,40.9464,-202.537,43.4993,233.157,41.9223,-68.1995,41.7115,-84.7168,5.66059,46.607,-51.8344,-8.3351,-12.1612,29.7611,-9.92453,31.7869,
0.611783,0.514303,0.578059,0.580887,200,0,0,0.347912,2.70146,-2.97695,-0.47387,-0.625921,1.78196,-0.671756,1.73168,0,-305.891,0,-257.152,0,-289.03,0,-290.444,40.9313,-28.7164,43.5318,-24.5964,41.8762,-27.32,41.7988,-27.4383,10.5461,-18.8189,-18.6924,27.3741,1.76349,-5.38506,3.95896,-4.68289,9.39399,6.95294e-310,-176.785,6.68183e-310,257.152,1.4822e-323,-50.5872,5.06782e-310,-43.9911,40.9313,-205.501,43.5318,232.555,41.8762,-77.9071,41.7988,-71.4294,6.05064,46.9819,-51.773,-8.24122,-10.8856,30.9907,-11.6827,30.1161,
0.612262,0.513129,0.579605,0.577652,200,0,0,0.372084,2.72484,-2.9738,-0.469063,-0.556134,1.84932,-0.77028,1.63824,0,-306.131,0,-256.564,0,-289.803,0,-288.826,40.9175,-28.736,43.5606,-24.5453,41.834,-27.3847,41.8874,-27.3029,10.8283,-19.3964,-18.8333,27.6515,2.34553,-6.4412,3.16009,-3.36156,9.2785,6.95294e-310,-179.97,6.68183e-310,256.564,1.4822e-323,-59.7647,5.06782e-310,-31.1902,40.9175,-208.706,43.5606,232.019,41.834,-87.1493,41.8874,-58.4931,6.47103,47.3885,-51.7183,-8.15762,-9.6719,32.1621,-13.3962,28.4912,
0.612646,0.512098,0.581187,0.574452,200,0,0,0.395175,2.7473,-2.97104,-0.464846,-0.487781,1.91518,-0.865583,1.54795,0,-306.323,0,-256.049,0,-290.594,0,-287.226,40.9065,-28.7517,43.5859,-24.5004,41.7906,-27.4508,41.9745,-27.1687,11.0778,-19.9273,-18.9256,27.8781,2.92366,-7.48464,2.34699,-2.04875,9.18459,6.95294e-310,-183.024,6.68183e-310,256.049,1.4822e-323,-68.7433,5.06782e-310,-18.8169,40.9065,-211.775,43.5859,231.549,41.7906,-96.1941,41.9745,-45.9857,6.87261,47.7791,-51.6702,-8.08428,-8.48314,33.3074,-15.0536,26.9209,
0.612909,0.511259,0.582697,0.571228,200,0,0,0.418956,2.77064,-2.96879,-0.461415,-0.420986,1.97959,-0.959328,1.45923,0,-306.455,0,-255.63,0,-291.348,0,-285.614,40.8989,-28.7625,43.6065,-24.4638,41.7491,-27.5139,42.0619,-27.0333,11.2956,-20.4014,-18.9587,28.0103,3.48283,-8.49439,1.53003,-0.729297,9.12628,6.95294e-310,-186.189,6.68183e-310,255.63,1.4822e-323,-77.5222,5.06782e-310,-6.65577,40.8989,-214.951,43.6065,231.166,41.7491,-105.036,42.0619,-33.689,7.28619,48.1851,-51.6311,-8.02461,-7.3215,34.4276,-16.684,25.3779,
0.613065,0.510576,0.584111,0.567873,200,0,0,0.444985,2.79641,-2.96695,-0.458622,-0.353889,2.04444,-1.05509,1.36867,0,-306.533,0,-255.288,0,-292.056,0,-283.936,40.8944,-28.7688,43.6232,-24.434,41.7101,-27.5729,42.1524,-26.892,11.493,-20.8363,-18.9397,28.0443,4.02875,-9.4865,0.697822,0.632754,9.10302,6.95294e-310,-189.673,6.68183e-310,255.288,1.4822e-323,-86.3558,5.06782e-310,5.75997,40.8944,-218.442,43.6232,230.854,41.7101,-113.929,42.1524,-21.132,7.73887,48.6333,-51.5992,-7.97603,-6.15458,35.5555,-18.3495,23.8029,
0.613101,0.510001,0.585441,0.564553,200,0,0,0.470763,2.82213,-2.96541,-0.45627,-0.288282,2.10794,-1.14869,1.28019,0,-306.551,0,-255,0,-292.721,0,-282.276,40.8934,-28.7703,43.6372,-24.4089,41.6734,-27.6284,42.2414,-26.7519,11.6612,-21.2235,-18.8796,28.0208,4.55281,-10.4392,-0.123636,1.96587,9.10041,6.95294e-310,-193.142,6.68183e-310,255,1.4822e-323,-95.0008,5.06782e-310,17.8902,40.8934,-221.913,43.6372,230.591,41.6734,-122.629,42.2414,-8.86172,8.18718,49.0806,-51.5723,-7.93513,-5.01359,36.6598,-19.9773,22.2641,
0.613041,0.509665,0.58676,0.561269,200,0,0,0.497696,2.84916,-2.96451,-0.454898,-0.222155,2.17197,-1.24299,1.19093,0,-306.521,0,-254.833,0,-293.38,0,-280.635,40.8951,-28.7679,43.6454,-24.3942,41.637,-27.6833,42.329,-26.6131,11.7943,-21.5479,-18.755,27.9046,5.06072,-11.3572,-0.95141,3.29837,9.13229,6.95294e-310,-196.781,6.68183e-310,254.833,1.4822e-323,-103.717,5.06782e-310,30.1217,40.8951,-225.549,43.6454,230.438,41.637,-131.401,42.329,3.50864,8.65557,49.5507,-51.5567,-7.91128,-3.86356,37.7734,-21.6172,20.7118,
0.612825,0.509402,0.58791,0.557986,200,0,0,0.525006,2.87683,-2.9638,-0.453821,-0.157158,2.23513,-1.33644,1.10249,0,-306.413,0,-254.701,0,-293.955,0,-278.993,40.9013,-28.759,43.6518,-24.3827,41.6051,-27.7312,42.4162,-26.4739,11.8997,-21.8233,-18.591,27.7234,5.53872,-12.2242,-1.75722,4.59768,9.18721,6.95294e-310,-200.495,6.68183e-310,254.701,1.4822e-323,-112.306,5.06782e-310,42.2399,40.9013,-229.254,43.6518,230.318,41.6051,-140.037,42.4162,15.766,9.13053,50.0318,-51.5444,-7.89254,-2.73319,38.8719,-23.2424,19.1738,
0.61255,0.509282,0.588977,0.554738,200,0,0,0.553961,2.90624,-2.96348,-0.453331,-0.0920188,2.29857,-1.43098,1.01288,0,-306.275,0,-254.641,0,-294.488,0,-277.369,40.9092,-28.7478,43.6547,-24.3775,41.5755,-27.7755,42.5019,-26.336,11.9854,-22.0598,-18.3924,27.4767,5.99112,-13.0484,-2.54936,5.8821,9.26753,6.95294e-310,-204.44,6.68183e-310,254.641,1.4822e-323,-120.927,5.06782e-310,54.5125,40.9092,-233.188,43.6547,230.263,41.5755,-148.702,42.5019,28.1765,9.6341,50.5433,-51.5388,-7.88402,-1.60033,39.9752,-24.8866,17.6153,
0.612106,0.509282,0.589995,0.551478,200,0,0,0.583395,2.93641,-2.96348,-0.453331,-0.0249239,2.36404,-1.52763,0.921154,0,-306.053,0,-254.641,0,-294.998,0,-275.739,40.922,-28.7296,43.6547,-24.3775,41.5472,-27.8179,42.5876,-26.1973,12.0347,-22.2384,-18.1362,27.163,6.43425,-13.848,-3.34853,7.15433,9.37453,6.95294e-310,-208.475,6.68183e-310,254.641,1.4822e-323,-129.818,5.06782e-310,67.0685,40.922,-237.204,43.6547,230.263,41.5472,-157.636,42.5876,40.8712,10.146,51.068,-51.5388,-7.88402,-0.433459,41.1137,-26.5675,16.0201,
0.611471,0.509521,0.590918,0.548278,200,0,0,0.614201,2.96826,-2.96412,-0.454311,0.0440477,2.43153,-1.62688,0.826714,0,-305.736,0,-254.761,0,-295.459,0,-274.139,40.9402,-28.7036,43.6489,-24.388,41.5215,-27.8562,42.6712,-26.0609,12.035,-22.3269,-17.7996,26.739,6.85007,-14.5866,-4.13643,8.39503,9.52767,6.95294e-310,-212.723,6.68183e-310,254.761,1.4822e-323,-138.976,5.06782e-310,79.985,40.9402,-241.427,43.6489,230.373,41.5215,-166.833,42.6712,53.9241,10.6818,51.622,-51.55,-7.90105,0.766047,42.2875,-28.2935,14.3776,
0.610812,0.509845,0.591745,0.54515,200,0,0,0.646889,3.00204,-2.96499,-0.455633,0.113645,2.4998,-1.72803,0.730238,0,-305.406,0,-254.922,0,-295.873,0,-272.575,40.9591,-28.6766,43.641,-24.4021,41.4984,-27.8905,42.7525,-25.9273,12.0249,-22.3916,-17.4497,26.2769,7.23723,-15.2796,-4.89793,9.60377,9.70138,6.95294e-310,-217.229,6.68183e-310,254.922,1.4822e-323,-148.233,5.06782e-310,93.1698,40.9591,-245.906,43.641,230.52,41.4984,-176.124,42.7525,67.2425,11.2502,52.2094,-51.5651,-7.92406,1.97643,43.4749,-30.0527,12.6998,
0.609913,0.510432,0.592464,0.542046,200,0,0,0.682084,3.03871,-2.96657,-0.458034,0.187721,2.57273,-1.83552,0.627358,0,-304.957,0,-255.216,0,-296.232,0,-271.023,40.9849,-28.6398,43.6267,-24.4277,41.4784,-27.9203,42.8327,-25.7945,11.9586,-22.3528,-17.0042,25.6846,7.5992,-15.912,-5.65452,10.7899,9.93653,6.95294e-310,-222.11,6.68183e-310,255.216,1.4822e-323,-158.11,5.06782e-310,107.214,40.9849,-250.749,43.6267,230.788,41.4784,-186.03,42.8327,81.4199,11.8623,52.8472,-51.5925,-7.9658,3.26471,44.7431,-31.9222,10.9106,
0.608811,0.511103,0.593075,0.539146,200,0,0,0.715418,3.07386,-2.96837,-0.460778,0.261852,2.64588,-1.94119,0.525981,0,-304.405,0,-255.552,0,-296.538,0,-269.573,41.0164,-28.5946,43.6103,-24.457,41.4613,-27.9457,42.9074,-25.6702,11.8442,-22.2326,-16.5106,25.0544,7.93002,-16.4718,-6.36777,11.8671,10.1999,6.95294e-310,-226.77,6.68183e-310,255.552,1.4822e-323,-168.01,5.06782e-310,121.043,41.0164,-255.365,43.6103,231.095,41.4613,-195.956,42.9074,95.373,12.442,53.4585,-51.6238,-8.01353,4.55394,46.0152,-33.7599,9.14749,
0.607756,0.512074,0.593591,0.536318,200,0,0,0.756215,3.11639,-2.97097,-0.464748,0.341504,2.7247,-2.05815,0.413185,0,-303.878,0,-256.037,0,-296.795,0,-268.159,41.0466,-28.5513,43.5865,-24.4993,41.4469,-27.9671,42.9798,-25.5487,11.72,-22.0708,-15.9806,24.3125,8.21975,-16.9658,-7.05631,12.9527,10.5311,6.95294e-310,-232.429,6.68183e-310,256.037,1.4822e-323,-178.668,5.06782e-310,136.405,41.0466,-260.98,43.5865,231.538,41.4469,-206.635,42.9798,110.857,13.1516,54.1981,-51.6691,-8.08257,5.9392,47.3861,-35.794,7.18583,
0.60645,0.513392,0.594058,0.533562,200,0,0,0.801564,3.16388,-2.97451,-0.470142,0.431104,2.81355,-2.18842,0.286954,0,-303.225,0,-256.696,0,-297.029,0,-266.781,41.0838,-28.4977,43.5542,-24.5567,41.4338,-27.9864,43.0501,-25.4302,11.5279,-21.7842,-15.337,23.4227,8.48849,-17.3985,-7.74713,14.013,10.9593,6.95294e-310,-238.739,6.68183e-310,256.696,1.4822e-323,-190.675,5.06782e-310,153.573,41.0838,-267.237,43.5542,232.139,41.4338,-218.661,43.0501,128.143,13.9402,55.0241,-51.7306,-8.17638,7.49747,48.9313,-38.0596,4.9905,
0.60482,0.514675,0.594418,0.530889,200,0,0,0.844757,3.20974,-2.97794,-0.475391,0.52562,2.90749,-2.32201,0.157263,0,-302.41,0,-257.337,0,-297.209,0,-265.445,41.1302,-28.4307,43.5226,-24.6126,41.4237,-28.0013,43.1179,-25.315,11.2803,-21.4156,-14.6384,22.5117,8.74595,-17.7898,-8.4175,14.9765,11.4313,6.95294e-310,-244.807,6.68183e-310,257.337,1.4822e-323,-203.36,5.06782e-310,171.2,41.1302,-273.238,43.5226,232.725,41.4237,-231.361,43.1179,145.885,14.6914,55.8217,-51.7903,-8.26767,9.14122,50.565,-40.3829,2.73501,
0.603226,0.516424,0.594681,0.528313,200,0,0,0.901671,3.26926,-2.98263,-0.482557,0.635007,3.01645,-2.48147,0.00154828,0,-301.613,0,-258.212,0,-297.341,0,-264.156,41.1755,-28.3651,43.4795,-24.6887,41.4164,-28.0122,43.1829,-25.2038,11.0088,-20.9719,-13.8727,21.4277,8.95352,-18.096,-9.06446,15.9604,12.0504,6.95294e-310,-252.719,6.68183e-310,258.212,1.4822e-323,-218.064,5.06782e-310,192.329,41.1755,-281.085,43.4795,233.523,41.4164,-246.076,43.1829,167.125,15.6812,56.8567,-51.8718,-8.3923,11.0436,52.46,-43.156,0.0269267,
0.601536,0.518054,0.594813,0.525856,200,0,0,0.959751,3.33009,-2.98699,-0.489236,0.749152,3.13038,-2.647,-0.160433,0,-300.768,0,-259.027,0,-297.407,0,-262.928,41.2234,-28.2955,43.4392,-24.7595,41.4127,-28.0177,43.2447,-25.0977,10.7262,-20.5129,-13.121,20.3733,9.13694,-18.3599,-9.66503,16.8549,12.7141,6.95294e-310,-260.803,6.68183e-310,259.027,1.4822e-323,-233.429,5.06782e-310,214.295,41.2234,-289.098,43.4392,234.268,41.4127,-261.447,43.2447,189.197,16.6913,57.9147,-51.9477,-8.50846,13.0287,54.4414,-46.0349,-2.79014,
0.599703,0.520115,0.594825,0.523591,200,0,0,1.03057,3.40389,-2.9925,-0.497689,0.883066,3.26427,-2.84276,-0.352923,0,-299.851,0,-260.058,0,-297.413,0,-261.795,41.2752,-28.2198,43.3881,-24.849,41.4123,-28.0182,43.3015,-24.9997,10.3862,-19.9296,-12.2749,19.1515,9.26992,-18.5195,-10.2277,17.7009,13.579,6.95294e-310,-270.624,6.68183e-310,260.058,1.4822e-323,-251.477,5.06782e-310,240.361,41.2752,-298.844,43.3881,235.209,41.4123,-279.495,43.3015,215.361,17.9229,59.1981,-52.0436,-8.65546,15.3577,56.77,-49.4393,-6.1378,
0.598001,0.522201,0.594729,0.521422,200,0,0,1.04323,3.41931,-2.93286,-0.441026,0.963315,3.34468,-2.996,-0.503049,0,-299,0,-261.1,0,-297.365,0,-260.711,41.3231,-28.1496,43.3362,-24.9394,41.415,-28.0142,43.3556,-24.9057,10.0657,-19.3664,-11.4656,17.9258,9.36788,-18.6361,-10.7459,18.5227,14.0752,6.95294e-310,-272.587,6.68183e-310,252.31,1.4822e-323,-262.307,5.06782e-310,260.711,41.3231,-300.737,43.3362,227.37,41.415,-290.321,43.3556,235.805,18.1432,59.4663,-51.0062,-7.67001,16.7533,58.1683,-52.1043,-8.74868,
0.595736,0.524358,0.594513,0.519384,200,0,0,0.887874,3.26761,-2.72579,-0.237059,0.891641,3.27335,-2.99055,-0.49469,0,-297.868,0,-262.179,0,-297.257,0,-259.692,41.3868,-28.0559,43.2823,-25.0329,41.4211,-28.0053,43.4062,-24.8173,9.63975,-18.638,-10.5344,16.62,9.4547,-18.6892,-11.2472,19.2079,13.5201,6.95294e-310,-251.988,6.68183e-310,224.703,1.4822e-323,-252.679,5.06782e-310,259.692,41.3868,-280.044,43.2823,199.67,41.4211,-280.684,43.4062,234.875,15.4413,56.8281,-47.405,-4.12276,15.5068,56.9279,-52.0096,-8.60331,
0.593579,0.526647,0.594166,0.517275,200,0,0,0.740561,3.12378,-2.523,-0.0375667,0.817147,3.19942,-2.98491,-0.486043,0,-296.789,0,-263.323,0,-297.083,0,-258.638,41.4472,-27.9666,43.2249,-25.1319,41.4308,-27.9909,43.4585,-24.7257,9.23119,-17.9216,-9.61273,15.2414,9.50876,-18.7107,-11.7333,19.9401,12.9707,6.95294e-310,-232.456,6.68183e-310,197.692,1.4822e-323,-242.691,5.06782e-310,258.638,41.4472,-260.423,43.2249,172.56,41.4308,-270.681,43.4585,233.912,12.8793,54.3265,-43.8782,-0.653335,14.2112,55.642,-51.9114,-8.45293,
0.591254,0.528876,0.593675,0.515693,200,0,0,0.616671,3.00362,-2.35697,0.125236,0.759184,3.14224,-2.98067,-0.479562,0,-295.627,0,-264.438,0,-296.837,0,-257.847,41.5121,-27.8701,43.1687,-25.2282,41.4445,-27.9705,43.4976,-24.6569,8.77692,-17.1222,-8.69334,13.915,9.51179,-18.6153,-12.1014,20.4293,12.6214,6.95294e-310,-216.106,6.68183e-310,175.627,1.4822e-323,-234.952,5.06782e-310,257.847,41.5121,-243.976,43.1687,150.399,41.4445,-262.922,43.4976,233.19,10.7247,52.2368,-40.9907,2.17802,13.2032,54.6477,-51.8378,-8.34022,
0.588845,0.531668,0.592991,0.514087,200,0,0,0.484726,2.87553,-2.17261,0.30553,0.690743,3.0749,-2.97637,-0.472987,0,-294.422,0,-265.834,0,-296.496,0,-257.044,41.5791,-27.77,43.0981,-25.3486,41.4636,-27.9422,43.5371,-24.587,8.2775,-16.2098,-7.6718,12.3338,9.45555,-18.4247,-12.456,20.9713,12.2569,6.95294e-310,-198.682,6.68183e-310,151.174,1.4822e-323,-225.829,5.06782e-310,257.044,41.5791,-226.452,43.0981,125.825,41.4636,-253.772,43.5371,232.457,8.43002,50.0092,-37.7846,5.31356,12.0129,53.4765,-51.763,-8.22586,
0.586508,0.534425,0.591973,0.512529,200,0,0,0.364098,2.75862,-1.9977,0.476412,0.62119,3.00698,-2.97219,-0.466611,0,-293.254,0,-267.212,0,-295.986,0,-256.265,41.6439,-27.6728,43.0281,-25.4673,41.4921,-27.9,43.5753,-24.5192,7.80189,-15.3137,-6.69809,10.7237,9.33375,-18.1487,-12.7257,21.4714,11.9352,6.95294e-310,-182.772,6.68183e-310,127.989,1.4822e-323,-216.607,5.06782e-310,256.265,41.6439,-210.444,43.0281,102.522,41.4921,-244.507,43.5753,231.746,6.33215,47.9761,-34.7427,8.28543,10.8033,52.2954,-51.6903,-8.11498,
0.583476,0.537025,0.590942,0.511403,200,0,0,0.249704,2.64904,-1.84674,0.623558,0.571166,2.95861,-2.96917,-0.462003,0,-291.738,0,-268.513,0,-295.471,0,-255.701,41.7276,-27.5464,42.9617,-25.5791,41.5208,-27.8572,43.6029,-24.4701,7.19495,-14.2298,-5.62189,9.15935,9.21605,-17.8097,-12.9483,21.6835,11.7924,6.95294e-310,-167.804,6.68183e-310,108.011,1.4822e-323,-210.019,5.06782e-310,255.701,41.7276,-195.35,42.9617,82.4319,41.5208,-237.876,43.6029,231.231,4.34268,46.0703,-32.1172,10.8445,9.93332,51.4541,-51.6378,-8.03484,
0.580624,0.540177,0.589456,0.510336,200,0,0,0.131344,2.53519,-1.67536,0.790289,0.504777,2.8946,-2.96631,-0.457642,0,-290.312,0,-270.088,0,-294.728,0,-255.168,41.806,-27.4273,42.8809,-25.7144,41.5622,-27.7954,43.629,-24.4235,6.59306,-13.0889,-4.52433,7.33729,8.97683,-17.3024,-13.0711,21.9333,11.6338,6.95294e-310,-152.274,6.68183e-310,85.3606,1.4822e-323,-201.293,5.06782e-310,255.168,41.806,-179.701,42.8809,59.6462,41.5622,-229.089,43.629,230.745,2.28424,44.0903,-29.1367,13.7442,8.77873,50.3409,-51.588,-7.95899,
0.577951,0.543137,0.588126,0.509485,200,0,0,0.0245257,2.43258,-1.5218,0.93946,0.447279,2.83923,-2.96403,-0.454164,0,-288.976,0,-271.569,0,-294.063,0,-254.743,41.8792,-27.3155,42.8046,-25.8412,41.5991,-27.7401,43.6498,-24.3864,6.01518,-12.0053,-3.50365,5.65101,8.75012,-16.8214,-13.1752,22.1177,11.5176,6.95294e-310,-138.272,6.68183e-310,65.0861,1.4822e-323,-193.742,5.06782e-310,254.743,41.8792,-165.587,42.8046,39.2449,41.5991,-221.482,43.6498,230.356,0.426535,42.3057,-26.4661,16.3384,7.77877,49.3779,-51.5483,-7.8985,
0.574548,0.546085,0.58646,0.50879,200,0,0,-0.089122,2.32426,-1.36585,1.09102,0.393994,2.7886,-2.96216,-0.451323,0,-287.274,0,-273.043,0,-293.23,0,-254.395,41.9719,-27.1728,42.7282,-25.9673,41.6452,-27.6708,43.6667,-24.3561,5.31598,-10.7256,-2.36183,3.86506,8.48116,-16.2295,-13.2198,22.1013,11.5104,6.95294e-310,-123.456,6.68183e-310,44.4885,1.4822e-323,-186.808,5.06782e-310,254.395,41.9719,-150.629,42.7282,18.5212,41.6452,-214.479,43.6667,230.039,-1.54995,40.422,-23.7539,18.9743,6.85208,48.4973,-51.5158,-7.8491,
0.571348,0.549045,0.584686,0.508347,200,0,0,-0.197403,2.22097,-1.21295,1.23949,0.340238,2.73766,-2.96097,-0.449512,0,-285.674,0,-274.523,0,-292.343,0,-254.173,42.0586,-27.0383,42.6512,-26.0937,41.6943,-27.5969,43.6775,-24.3367,4.63945,-9.4693,-1.28372,2.10509,8.16552,-15.5748,-13.1877,22.014,11.546,6.95294e-310,-109.332,6.68183e-310,24.3054,1.4822e-323,-179.827,5.06782e-310,254.173,42.0586,-136.371,42.6512,-1.78825,41.6943,-207.423,43.6775,229.837,-3.43309,38.6256,-21.0948,21.5563,5.91719,47.6115,-51.4951,-7.81759,
0.568436,0.551694,0.582817,0.507963,200,0,0,-0.294947,2.12794,-1.0711,1.37736,0.287855,2.68824,-2.95994,-0.447945,0,-284.218,0,-275.847,0,-291.408,0,-253.982,42.1372,-26.9157,42.5819,-26.2065,41.7458,-27.5189,43.6868,-24.3199,4.0331,-8.32979,-0.333868,0.480003,7.83223,-14.9196,-13.1007,21.898,11.5984,6.95294e-310,-96.6121,6.68183e-310,5.56726,1.4822e-323,-173.044,5.06782e-310,253.982,42.1372,-123.528,42.5819,-20.6393,41.7458,-200.563,43.6868,229.662,-5.12952,37.0077,-18.6278,23.9541,5.00617,46.7519,-51.4772,-7.79035,
0.564781,0.554942,0.580648,0.507688,200,0,0,-0.416712,2.01182,-0.897485,1.54607,0.228151,2.63196,-2.9592,-0.446819,0,-282.39,0,-277.471,0,-290.324,0,-253.844,42.2353,-26.7615,42.4966,-26.3447,41.8054,-27.4283,43.6935,-24.3079,3.25653,-6.89532,0.839686,-1.48302,7.43099,-14.1194,-12.9939,21.6801,11.7086,6.95294e-310,-80.7347,6.68183e-310,-17.3641,1.4822e-323,-165.318,5.06782e-310,253.844,42.2353,-107.496,42.4966,-43.7088,41.8054,-192.747,43.6935,229.536,-7.24717,34.9881,-15.6084,26.8881,3.96784,45.7732,-51.4643,-7.77077,
0.561473,0.557926,0.578778,0.507556,200,0,0,-0.529492,1.90411,-0.737562,1.70146,0.17568,2.58243,-2.95884,-0.446281,0,-280.736,0,-278.963,0,-289.389,0,-253.778,42.3236,-26.6217,42.4178,-26.4714,41.8566,-27.3501,43.6968,-24.3021,2.53659,-5.58035,1.90129,-3.25331,7.06939,-13.4,-12.9013,21.452,11.8301,6.95294e-310,-66.0159,6.68183e-310,-38.4869,1.4822e-323,-158.523,5.06782e-310,253.778,42.3236,-92.6376,42.4178,-64.9583,41.8566,-185.873,43.6968,229.476,-9.20855,33.115,-12.8272,29.5906,3.0553,44.9119,-51.4582,-7.76141,
0.558129,0.560814,0.576339,0.507544,200,0,0,-0.643261,1.79545,-0.568227,1.86639,0.114619,2.5252,-2.95881,-0.446232,0,-279.065,0,-280.407,0,-288.169,0,-253.772,42.4124,-26.48,42.3411,-26.5938,41.9232,-27.2479,43.697,-24.3016,1.83019,-4.25648,2.90661,-5.06534,6.60573,-12.5324,-12.6669,21.1106,12.0211,6.95294e-310,-51.1675,6.68183e-310,-60.8909,1.4822e-323,-150.653,5.06782e-310,253.772,42.4124,-77.6475,42.3411,-87.4847,41.9232,-177.901,43.697,229.47,-11.1871,31.2252,-9.88222,32.4589,1.99338,43.9166,-51.4576,-7.76056,
0.555037,0.56345,0.574176,0.507664,200,0,0,-0.751417,1.69199,-0.408903,2.02167,0.0600049,2.47397,-2.95913,-0.446721,0,-277.519,0,-281.725,0,-287.088,0,-253.832,42.494,-26.3488,42.2709,-26.7053,41.982,-27.1572,43.6941,-24.3068,1.16585,-3.02751,3.82396,-6.70125,6.18288,-11.7389,-12.449,20.7485,12.2337,6.95294e-310,-37.0377,6.68183e-310,-81.9812,1.4822e-323,-143.611,5.06782e-310,253.832,42.494,-63.3864,42.2709,-108.687,41.982,-170.768,43.6941,229.525,-13.0681,29.4259,-7.11136,35.1595,1.04356,43.0256,-51.4632,-7.76907,
0.551382,0.56659,0.571696,0.507891,200,0,0,-0.884864,1.56406,-0.212888,2.21285,-0.00482615,2.41301,-2.95975,-0.447651,0,-275.691,0,-283.295,0,-285.848,0,-253.946,42.5901,-26.1933,42.1868,-26.8379,42.0492,-27.0529,43.6886,-24.3168,0.366594,-1.56484,4.90351,-8.62728,5.6844,-10.8088,-12.1975,20.2966,12.5118,6.95294e-310,-19.5789,6.68183e-310,-107.942,1.4822e-323,-135.237,5.06782e-310,253.946,42.5901,-45.7722,42.1868,-134.78,42.0492,-162.29,43.6886,229.629,-15.3889,27.2011,-3.7024,38.4844,-0.0839331,41.9653,-51.4738,-7.78524,
0.548003,0.569323,0.568843,0.508323,200,0,0,-1.01309,1.44092,-0.0163447,2.40517,-0.0748925,2.34737,-2.9609,-0.449414,0,-274.001,0,-284.661,0,-284.422,0,-254.161,42.6783,-26.0492,42.1133,-26.9531,42.1262,-26.9329,43.6781,-24.3356,-0.353172,-0.215979,5.82227,-10.4014,5.12068,-9.79446,-11.8049,19.7237,12.8861,6.95294e-310,-2.78313,6.68183e-310,-134.033,1.4822e-323,-126.212,5.06782e-310,254.161,42.6783,-28.8323,42.1133,-160.986,42.1262,-153.145,43.6781,229.826,-17.6189,25.0595,-0.284255,41.8291,-1.30248,40.8238,-51.494,-7.81589,
0.545043,0.571707,0.566398,0.508862,200,0,0,-1.13317,1.32525,0.166618,2.58443,-0.137488,2.28855,-2.96235,-0.451617,0,-272.521,0,-285.854,0,-283.199,0,-254.431,42.7553,-25.9227,42.0489,-27.0534,42.192,-26.8298,43.665,-24.3592,-0.996972,0.977529,6.61639,-11.9266,4.62279,-8.89788,-11.4475,19.164,13.2765,6.95294e-310,12.9782,6.68183e-310,-158.343,1.4822e-323,-118.133,5.06782e-310,254.431,42.7553,-12.9445,42.0489,-185.397,42.192,-144.963,43.665,230.072,-19.7074,23.0479,2.8977,44.9466,-2.3911,39.8008,-51.5192,-7.85421,
0.541543,0.574416,0.56339,0.509497,200,0,0,-1.2829,1.18073,0.397193,2.81078,-0.216966,2.2137,-2.96406,-0.454213,0,-270.772,0,-287.208,0,-281.695,0,-254.749,42.8457,-25.7729,41.9755,-27.1672,42.2725,-26.7028,43.6495,-24.3869,-1.74892,2.3686,7.5197,-13.7091,4.01719,-7.82268,-11.002,18.476,13.7881,6.95294e-310,32.6585,6.68183e-310,-189.023,1.4822e-323,-107.86,5.06782e-310,254.749,42.8457,6.88555,41.9755,-216.19,42.2725,-134.563,43.6495,230.362,-22.3113,20.5344,6.90771,48.8832,-3.77332,38.4991,-51.5488,-7.89935,
0.538391,0.576861,0.560826,0.510516,200,0,0,-1.43569,1.0326,0.627855,3.03762,-0.290095,2.1445,-2.96679,-0.458377,0,-269.196,0,-288.43,0,-280.413,0,-255.258,42.9267,-25.6378,41.9089,-27.2698,42.3408,-26.5943,43.6246,-24.4314,-2.45891,3.66174,8.32387,-15.2393,3.46267,-6.82223,-10.5572,17.7017,14.42,6.95294e-310,52.8023,6.68183e-310,-219.751,1.4822e-323,-98.3766,5.06782e-310,255.258,42.9267,27.1645,41.9089,-247.021,42.3408,-124.971,43.6246,230.827,-24.9685,17.9583,10.9192,52.8282,-5.04513,37.2957,-51.5964,-7.97177,
0.535239,0.579114,0.557638,0.511619,200,0,0,-1.60424,0.868681,0.89415,3.30038,-0.382827,2.05663,-2.96975,-0.462885,0,-267.62,0,-289.557,0,-278.819,0,-255.809,43.0073,-25.5024,41.8474,-27.3641,42.4254,-26.4592,43.5977,-24.4795,-3.13935,4.93417,9.04496,-16.7804,2.8062,-5.67477,-9.96537,16.8132,15.2148,6.95294e-310,75.0726,6.68183e-310,-255.31,1.4822e-323,-86.3407,5.06782e-310,255.809,43.0073,49.5702,41.8474,-282.675,42.4254,-112.8,43.5977,231.33,-27.8998,15.1075,15.5504,57.3978,-6.65786,35.7675,-51.6478,-8.05018,
0.532255,0.581079,0.554954,0.512901,200,0,0,-1.78034,0.696949,1.15769,3.56081,-0.472608,1.97093,-2.96325,-0.458187,0,-266.128,0,-290.54,0,-277.477,0,-256.45,43.0832,-25.3739,41.7935,-27.4463,42.4962,-26.3452,43.5662,-24.5353,-3.79578,6.12737,9.71201,-18.0947,2.23148,-4.64783,-9.43341,15.8882,16.0566,6.95294e-310,98.3848,6.68183e-310,-290.54,1.4822e-323,-74.6284,5.06782e-310,255.11,43.0832,73.0109,41.7935,-317.986,42.4962,-100.974,43.5662,230.575,-30.9624,12.1209,20.1337,61.9272,-8.21927,34.277,-51.5347,-7.96848,
0.529187,0.583224,0.551658,0.514315,200,0,0,-1.87044,0.611306,1.168,3.56774,-0.649334,1.79918,-2.71304,-0.209979,0,-264.594,0,-291.612,0,-275.829,0,-257.158,43.1609,-25.2416,41.7346,-27.5359,42.5828,-26.205,43.5315,-24.5969,-4.47446,7.38685,10.368,-19.5655,1.53341,-3.4409,-8.76751,14.867,14.9044,6.95294e-310,110.097,6.68183e-310,-291.612,1.4822e-323,-51.2845,5.06782e-310,221.583,43.1609,84.855,41.7346,-319.148,42.5828,-77.4895,43.5315,196.986,-32.5295,10.6314,20.3131,62.0477,-11.2928,31.2901,-47.1833,-3.65181,
0.526311,0.584998,0.548746,0.515837,200,0,0,-1.94772,0.538192,1.17654,3.57346,-0.788597,1.66429,-2.50911,-0.00820585,0,-263.156,0,-292.499,0,-274.373,0,-257.919,43.2333,-25.1174,41.6857,-27.6099,42.659,-26.0809,43.494,-24.6632,-5.10875,8.54128,10.9482,-20.8007,0.906634,-2.34202,-8.14471,13.818,14.062,6.95294e-310,120.107,6.68183e-310,-292.499,1.4822e-323,-32.9335,5.06782e-310,194.308,43.2333,94.9901,41.6857,-320.109,42.659,-59.0144,43.494,169.645,-33.8734,9.35986,20.4615,62.1472,-13.7147,28.9442,-43.6367,-0.14271,
0.523483,0.586585,0.545941,0.517563,200,0,0,-2.01946,0.470525,1.18418,3.57858,-0.911477,1.54561,-2.32493,0.173523,0,-261.741,0,-293.293,0,-272.971,0,-258.781,43.3042,-24.995,41.6418,-27.676,42.7319,-25.9611,43.4514,-24.7382,-5.73539,9.66782,11.4882,-21.9161,0.290707,-1.25341,-7.50599,12.6825,13.3825,6.95294e-310,129.38,6.68183e-310,-293.293,1.4822e-323,-16.7738,5.06782e-310,169.724,43.3042,104.385,41.6418,-320.969,42.7319,-42.735,43.4514,144.986,-35.1211,8.18304,20.5944,62.2362,-15.8518,26.8802,-40.4336,3.01779,
0.520667,0.588006,0.542694,0.519145,200,0,0,-2.07978,0.414243,1.19102,3.58316,-1.03034,1.43158,-2.15577,0.340429,0,-260.333,0,-294.003,0,-271.347,0,-259.572,43.3744,-24.8729,41.6024,-27.7352,42.816,-25.8222,43.4122,-24.8069,-6.32667,10.751,11.9652,-23.0523,-0.381262,-0.0954921,-6.80107,11.5374,12.7537,6.95294e-310,137.116,6.68183e-310,-294.003,1.4822e-323,-1.21788,5.06782e-310,147.145,43.3744,112.243,41.6024,-321.738,42.816,-27.0401,43.4122,122.338,-36.1702,7.20422,20.7134,62.3158,-17.919,24.8971,-37.4917,5.9205,
0.518042,0.589192,0.539877,0.521206,200,0,0,-2.14091,0.356861,1.19673,3.58698,-1.13496,1.33113,-1.9972,0.496059,0,-259.021,0,-294.596,0,-269.939,0,-260.603,43.4395,-24.759,41.5695,-27.7845,42.8886,-25.7015,43.361,-24.8963,-6.90596,11.7862,12.3868,-23.9479,-1.009,1.01463,-6.08871,10.2475,12.3015,6.95294e-310,144.988,6.68183e-310,-294.596,1.4822e-323,12.4815,5.06782e-310,126.06,43.4395,120.229,41.5695,-322.381,42.8886,-13.22,43.361,101.164,-37.2332,6.20628,20.8128,62.3823,-19.7385,23.1501,-34.7339,8.62712,
0.515489,0.590187,0.536642,0.523291,200,0,0,-2.19462,0.306775,1.20153,3.59018,-1.24101,1.22986,-1.8441,0.646167,0,-257.745,0,-295.094,0,-268.321,0,-261.646,43.5026,-24.648,41.5418,-27.8258,42.9715,-25.5626,43.309,-24.9867,-7.4476,12.7745,12.7292,-24.8213,-1.70019,2.21337,-5.28259,8.89218,11.8887,6.95294e-310,151.873,6.68183e-310,-295.094,1.4822e-323,26.3141,5.06782e-310,105.717,43.5026,127.225,41.5418,-322.919,42.9715,0.751505,43.309,80.7302,-38.1674,5.33522,20.8961,62.4379,-21.5827,21.3888,-32.0713,11.2377,
0.512793,0.591086,0.533813,0.525472,200,0,0,-2.25111,0.254096,1.20586,3.59307,-1.33329,1.14172,-1.69988,0.787249,0,-256.397,0,-295.543,0,-266.907,0,-262.736,43.5689,-24.5306,41.5168,-27.8632,43.0437,-25.441,43.2544,-25.0811,-8.02351,13.782,13.1092,-25.5993,-2.32542,3.32187,-4.55833,7.49974,11.545,6.95294e-310,159.112,6.68183e-310,-295.543,1.4822e-323,38.3509,5.06782e-310,86.5842,43.5689,134.582,41.5168,-323.406,43.0437,12.9099,43.2544,61.5031,-39.1498,4.41906,20.9714,62.4882,-23.1876,19.856,-29.5631,13.6913,
0.510672,0.591601,0.531021,0.527677,200,0,0,-2.2968,0.211395,1.20834,3.59473,-1.42034,1.05874,-1.57017,0.913772,0,-255.336,0,-295.801,0,-265.51,0,-263.839,43.6208,-24.4382,41.5024,-27.8845,43.1145,-25.3207,43.1989,-25.1764,-8.47226,14.5878,13.3225,-26.1557,-2.93736,4.3937,-3.79115,6.13762,11.3092,6.95294e-310,164.977,6.68183e-310,-295.801,1.4822e-323,49.6894,5.06782e-310,69.4118,43.6208,140.538,41.5024,-323.685,43.1145,24.3687,43.1989,44.2354,-39.9444,3.67643,21.0146,62.517,-24.7016,18.4129,-27.3073,15.8917,
0.508443,0.592176,0.528157,0.529739,200,0,0,-2.33955,0.171769,1.21111,3.59658,-1.50284,0.980407,-1.44769,1.03326,0,-254.221,0,-296.088,0,-264.078,0,-264.869,43.6752,-24.3409,41.4864,-27.9084,43.1869,-25.1971,43.147,-25.2654,-8.93751,15.4139,13.5586,-26.7785,-3.55455,5.46304,-3.04995,4.81092,11.0569,6.95294e-310,170.431,6.68183e-310,-296.088,1.4822e-323,60.4044,5.06782e-310,53.194,43.6752,146.09,41.4864,-323.997,43.1869,35.2073,43.147,27.9286,-40.6879,2.98728,21.0628,62.5492,-26.1363,17.0506,-25.1772,17.9698,
0.506322,0.592572,0.525724,0.532363,200,0,0,-2.38972,0.124569,1.21302,3.59785,-1.58343,0.903337,-1.31725,1.15987,0,-253.161,0,-296.286,0,-262.862,0,-266.182,43.7267,-24.2482,41.4753,-27.9248,43.248,-25.092,43.0805,-25.3785,-9.41318,16.227,13.7675,-27.1783,-4.13853,6.50586,-2.29522,3.30087,10.9016,6.95294e-310,176.899,6.68183e-310,-296.286,1.4822e-323,70.924,5.06782e-310,35.9846,43.7267,152.651,41.4753,-324.211,43.248,45.832,43.0805,10.606,-41.5603,2.16642,21.096,62.5713,-27.5378,15.7102,-22.9088,20.1717,
0.504332,0.592824,0.522824,0.53476,200,0,0,-2.43067,0.0863866,1.21423,3.59866,-1.66655,0.824383,-1.19358,1.28004,0,-252.166,0,-296.412,0,-261.412,0,-267.38,43.7749,-24.1611,41.4683,-27.9353,43.3206,-24.9664,43.0195,-25.4817,-9.83087,16.9654,13.8954,-27.6085,-4.77752,7.61172,-1.47767,1.83072,10.7363,6.95294e-310,182.145,6.68183e-310,-296.412,1.4822e-323,81.7213,5.06782e-310,19.6551,43.7749,157.984,41.4683,-324.347,43.3206,56.7549,43.0195,-5.82663,-42.2725,1.50238,21.1171,62.5854,-28.9835,14.3371,-20.7579,22.2616,
0.502403,0.592932,0.520511,0.537109,200,0,0,-2.47334,0.0463958,1.21475,3.59901,-1.73758,0.756669,-1.07859,1.39158,0,-251.201,0,-296.466,0,-260.255,0,-268.555,43.8214,-24.0766,41.4653,-27.9397,43.3783,-24.8662,42.9596,-25.5827,-10.2382,17.6536,14.0372,-27.8935,-5.31177,8.55918,-0.783175,0.422466,10.6285,6.95294e-310,187.631,6.68183e-310,-296.466,1.4822e-323,90.9711,5.06782e-310,4.49017,43.8214,163.555,41.4653,-324.405,43.3783,66.1049,42.9596,-21.0925,-43.0145,0.806884,21.1261,62.5914,-30.2188,13.1595,-18.7582,24.2014,
0.500521,0.592896,0.51779,0.539398,200,0,0,-2.51126,0.0110699,1.21458,3.59889,-1.81322,0.684908,-0.963501,1.5033,0,-250.261,0,-296.448,0,-258.895,0,-269.699,43.8666,-23.9941,41.4663,-27.9382,43.4457,-24.7481,42.9009,-25.681,-10.6123,18.3015,14.1154,-28.1862,-5.9016,9.58279,-0.0162403,-1.01705,10.5175,6.95294e-310,192.485,6.68183e-310,-296.448,1.4822e-323,100.787,5.06782e-310,-10.6968,43.8666,168.491,41.4663,-324.386,43.4457,76.0386,42.9009,-36.3778,-43.6741,0.19252,21.1231,62.5894,-31.5343,11.9114,-16.7565,26.1444,
0.498664,0.59268,0.515346,0.541615,200,0,0,-2.54978,-0.0248886,1.21354,3.5982,-1.88288,0.61872,-0.852588,1.61093,0,-249.332,0,-296.34,0,-257.673,0,-270.808,43.9111,-23.9126,41.4723,-27.9293,43.5061,-24.6418,42.8439,-25.776,-10.9684,18.9025,14.1852,-28.3735,-6.43183,10.5163,0.684973,-2.42525,10.4443,6.95294e-310,197.423,6.68183e-310,-296.34,1.4822e-323,109.835,5.06782e-310,-25.3299,43.9111,173.51,41.4723,-324.269,43.5061,85.1935,42.8439,-51.106,-44.344,-0.432845,21.105,62.5774,-32.7458,10.7604,-14.8276,28.0162,
0.497046,0.592332,0.512997,0.543856,200,0,0,-2.58613,-0.0590192,1.21186,3.59708,-1.95198,0.552948,-0.743552,1.71664,0,-248.523,0,-296.166,0,-256.498,0,-271.928,43.9498,-23.8415,41.482,-27.9149,43.5639,-24.5395,42.786,-25.872,-11.2777,19.4243,14.1971,-28.4649,-6.94663,11.4201,1.38765,-3.81618,10.4046,6.95294e-310,202.102,6.68183e-310,-296.166,1.4822e-323,118.822,5.06782e-310,-39.7058,43.9498,178.26,41.482,-324.081,43.5639,94.2822,42.786,-65.5778,-44.9762,-1.02642,21.0759,62.5579,-33.9474,9.61649,-12.9313,29.8546,
0.495715,0.591781,0.510756,0.545822,200,0,0,-2.61651,-0.0875791,1.20921,3.59531,-2.01651,0.491573,-0.644648,1.81262,0,-247.858,0,-295.891,0,-255.378,0,-272.911,43.9814,-23.7831,41.4974,-27.892,43.6188,-24.4418,42.7351,-25.956,-11.5071,19.819,14.1396,-28.4652,-7.41429,12.2377,2.04821,-5.07512,10.3948,6.95294e-310,206.015,6.68183e-310,-295.891,1.4822e-323,127.209,5.06782e-310,-52.755,43.9814,182.232,41.4974,-323.783,43.6188,102.767,42.7351,-78.711,-45.5045,-1.52311,21.0297,62.5271,-35.0697,8.5491,-11.2113,31.5238,
0.494301,0.591002,0.508575,0.548242,200,0,0,-2.65587,-0.125011,1.20545,3.5928,-2.08927,0.421869,-0.526335,1.92731,0,-247.151,0,-295.501,0,-254.287,0,-274.121,44.015,-23.7208,41.5191,-27.8597,43.672,-24.3466,42.6721,-26.0594,-11.7575,20.2298,14.0596,-28.3142,-7.89655,13.0997,2.76352,-6.54952,10.4365,6.95294e-310,211.128,6.68183e-310,-295.501,1.4822e-323,136.715,5.06782e-310,-68.3541,44.015,187.407,41.5191,-323.361,43.672,112.368,42.6721,-94.4135,-46.1891,-2.1741,20.9644,62.4835,-36.3351,7.33685,-9.15366,33.5184,
0.492995,0.589828,0.506489,0.550388,200,0,0,-2.69363,-0.160982,1.19979,3.58902,-2.15999,0.354059,-0.410612,2.03981,0,-246.498,0,-294.914,0,-253.245,0,-275.194,44.046,-23.6633,41.5518,-27.8109,43.7226,-24.2555,42.6161,-26.1509,-11.9369,20.524,13.9162,-28.0172,-8.31717,13.8664,3.43046,-7.94621,10.5262,6.95294e-310,216.039,6.68183e-310,-294.914,1.4822e-323,145.96,5.06782e-310,-83.6432,44.046,192.376,41.5518,-322.725,43.7226,121.704,42.6161,-109.794,-46.8457,-2.79969,20.866,62.4178,-37.5651,6.15755,-7.14107,35.475,
0.491809,0.588617,0.504476,0.552485,200,0,0,-2.73055,-0.196294,1.19396,3.58513,-2.23086,0.285998,-0.295086,2.15218,0,-245.904,0,-294.309,0,-252.238,0,-276.242,44.074,-23.611,41.5855,-27.7606,43.7714,-24.1674,42.5612,-26.2402,-12.0935,20.7783,13.7512,-27.6889,-8.72374,14.6046,4.08159,-9.30576,10.6291,6.95294e-310,220.855,6.68183e-310,-294.309,1.4822e-323,155.234,5.06782e-310,-98.9119,44.074,197.244,41.5855,-322.069,43.7714,131.067,42.5612,-125.152,-47.4878,-3.41381,20.7646,62.35,-38.7975,4.97387,-5.13193,37.4292,
0.490622,0.587071,0.502606,0.554714,200,0,0,-2.77404,-0.238174,1.18652,3.58015,-2.30715,0.212302,-0.165559,2.27834,0,-245.311,0,-293.536,0,-251.303,0,-277.357,44.102,-23.5587,41.6283,-27.6963,43.8165,-24.0856,42.5026,-26.335,-12.2286,20.9844,13.5467,-27.1884,-9.0985,15.307,4.72923,-10.7488,10.7964,6.95294e-310,226.556,6.68183e-310,-293.536,1.4822e-323,165.26,5.06782e-310,-116.048,44.102,202.997,41.6283,-321.232,43.8165,141.174,42.5026,-142.383,-48.2442,-4.14216,20.6351,62.2634,-40.1243,3.69221,-2.87929,39.6233,
0.489735,0.585142,0.500845,0.556404,200,0,0,-2.81137,-0.274306,1.17723,3.57393,-2.37962,0.142267,-0.045803,2.39553,0,-244.868,0,-292.571,0,-250.422,0,-278.202,44.1229,-23.5196,41.6817,-27.6159,43.8589,-24.0083,42.458,-26.4068,-12.2467,21.0128,13.2519,-26.5598,-9.38873,15.8672,5.30326,-11.978,11.0155,6.95294e-310,231.467,6.68183e-310,-292.571,1.4822e-323,174.786,5.06782e-310,-131.945,44.1229,207.948,41.6817,-320.187,43.8589,150.778,42.458,-158.351,-48.8934,-4.77054,20.4736,62.1553,-41.3847,2.47421,-0.796573,41.6614,
0.488837,0.583464,0.499167,0.558165,200,0,0,-2.84995,-0.311669,1.16916,3.56851,-2.45223,0.0719681,0.0753218,2.51398,0,-244.418,0,-291.732,0,-249.583,0,-279.083,44.144,-23.48,41.728,-27.5459,43.8991,-23.9347,42.4114,-26.4815,-12.3003,21.0903,12.999,-26.0107,-9.69017,16.436,5.86104,-13.1969,11.2158,6.95294e-310,236.546,6.68183e-310,-291.732,1.4822e-323,184.344,5.06782e-310,-148.015,44.144,213.066,41.728,-319.278,43.8991,160.409,42.4114,-174.496,-49.5643,-5.42034,20.3332,62.0611,-42.6475,1.25162,1.30995,43.7214,
0.487998,0.581163,0.497657,0.559879,200,0,0,-2.89697,-0.357562,1.15809,3.56109,-2.53356,-0.00729087,0.216181,2.65222,0,-243.999,0,-290.581,0,-248.828,0,-279.94,44.1637,-23.4429,41.7912,-27.4498,43.9352,-23.8684,42.366,-26.5542,-12.2831,21.0451,12.6603,-25.1897,-9.92135,16.9127,6.39681,-14.4552,11.5357,6.95294e-310,242.77,6.68183e-310,-290.581,1.4822e-323,195.1,5.06782e-310,-166.751,44.1637,219.327,41.7912,-318.031,43.9352,171.231,42.366,-193.306,-50.3821,-6.21848,20.1407,61.9319,-44.062,-0.126798,3.75967,46.1256,
0.48735,0.578898,0.496183,0.561485,200,0,0,-2.90434,-0.364052,1.10266,3.50923,-2.58574,-0.0574497,0.329797,2.76338,0,-243.675,0,-289.449,0,-248.091,0,-280.742,44.1788,-23.4143,41.8533,-27.3551,43.9703,-23.8036,42.3233,-26.6222,-12.235,20.9526,12.295,-24.3723,-10.1439,17.3633,6.92125,-15.6349,11.6298,6.95294e-310,243.675,6.68183e-310,-283.446,1.4822e-323,201.932,5.06782e-310,-181.831,44.1788,220.261,41.8533,-310.801,43.9703,178.128,42.3233,-208.454,-50.5102,-6.33135,19.1767,61.03,-44.9694,-0.999124,5.7356,48.0589,
0.486811,0.576477,0.494829,0.562995,200,0,0,-2.90287,-0.361866,1.03527,3.44563,-2.63052,-0.100371,0.438317,2.86959,0,-243.406,0,-288.239,0,-247.414,0,-281.497,44.1915,-23.3905,41.9194,-27.2537,44.0025,-23.744,42.283,-26.6861,-12.1525,20.8013,11.8979,-23.4774,-10.3314,17.7569,7.4186,-16.7704,11.7015,6.95294e-310,243.406,6.68183e-310,-274.72,1.4822e-323,207.782,5.06782e-310,-196.238,44.1915,220.015,41.9194,-301.974,44.0025,184.038,42.283,-222.924,-50.4848,-6.29332,18.0047,59.9241,-45.7481,-1.74559,7.62291,49.9059,
0.48626,0.573853,0.493606,0.564529,200,0,0,-2.90138,-0.359631,0.960792,3.37526,-2.67416,-0.142347,0.552702,2.98162,0,-243.13,0,-286.926,0,-246.803,0,-282.264,44.2043,-23.3661,41.9908,-27.1436,44.0315,-23.6902,42.242,-26.7509,-12.0579,20.6204,11.4823,-22.4811,-10.488,18.1073,7.89584,-17.932,11.7908,6.95294e-310,243.13,6.68183e-310,-265.069,1.4822e-323,213.498,5.06782e-310,-211.432,44.2043,219.764,41.9908,-292.212,44.0315,189.808,42.242,-238.182,-50.4588,-6.25445,16.7094,58.7002,-46.5071,-2.4756,9.61221,51.8542,
0.485864,0.571108,0.492528,0.565775,200,0,0,-2.90031,-0.358028,0.888902,3.30765,-2.71691,-0.183634,0.663629,3.09063,0,-242.932,0,-285.554,0,-246.264,0,-282.888,44.2136,-23.3486,42.0651,-27.0282,44.057,-23.6427,42.2087,-26.8035,-11.9135,20.3615,11.0373,-21.4386,-10.5909,18.3652,8.31712,-18.9592,11.9309,6.95294e-310,242.932,6.68183e-310,-255.783,1.4822e-323,219.114,5.06782e-310,-226.201,44.2136,219.584,42.0651,-282.811,44.057,195.472,42.2087,-253.004,-50.4402,-6.22658,15.4592,57.5243,-47.2507,-3.19364,11.5414,53.75,
0.485577,0.568256,0.491545,0.566818,200,0,0,-2.89953,-0.356862,0.817365,3.24053,-2.7598,-0.225187,0.774385,3.19977,0,-242.788,0,-284.128,0,-245.772,0,-283.409,44.2203,-23.3359,42.142,-26.9081,44.0802,-23.5994,42.1807,-26.8475,-11.7327,20.0449,10.5673,-20.3562,-10.6552,18.5566,8.70035,-19.8953,12.1122,6.95294e-310,242.788,6.68183e-310,-246.559,1.4822e-323,224.762,5.06782e-310,-240.976,44.2203,219.452,42.142,-273.467,44.0802,201.162,42.1807,-267.824,-50.4266,-6.2063,14.215,56.3571,-47.9965,-3.9163,13.4676,55.6483,
0.485349,0.565524,0.490682,0.567861,200,0,0,-2.89891,-0.35594,0.745773,3.17316,-2.80161,-0.26583,0.884869,3.30865,0,-242.675,0,-282.762,0,-245.341,0,-283.93,44.2256,-23.3259,42.2154,-26.7929,44.1006,-23.5614,42.1527,-26.8915,-11.5589,19.7341,10.1115,-19.2977,-10.7107,18.7262,9.06169,-20.7945,12.2973,6.95294e-310,242.675,6.68183e-310,-237.309,1.4822e-323,230.28,5.06782e-310,-255.715,44.2256,219.349,42.2154,-264.102,44.1006,206.719,42.1527,-282.607,-50.4159,-6.19026,12.97,55.1854,-48.7237,-4.62313,15.389,57.5417,
0.485277,0.562144,0.489939,0.568783,200,0,0,-2.89872,-0.355648,0.659736,3.09231,-2.84948,-0.312691,1.01531,3.43766,0,-242.639,0,-281.072,0,-244.97,0,-284.392,44.2273,-23.3227,42.3057,-26.6501,44.1181,-23.5286,42.1278,-26.9304,-11.296,19.2729,9.54199,-17.9676,-10.6978,18.7958,9.41081,-21.6973,12.5896,6.95294e-310,242.639,6.68183e-310,-226.205,1.4822e-323,236.631,5.06782e-310,-273.161,44.2273,219.316,42.3057,-252.856,44.1181,213.103,42.1278,-300.091,-50.4125,-6.18519,11.4737,53.7794,-49.5562,-5.4381,17.6576,59.7854,
0.485301,0.558908,0.489328,0.569526,200,0,0,-2.8652,-0.322165,0.546358,2.98388,-2.86229,-0.324674,1.1022,3.5234,0,-242.651,0,-279.454,0,-244.664,0,-284.763,44.2267,-23.3237,42.3917,-26.513,44.1324,-23.5016,42.1078,-26.9617,-11.026,18.8002,8.98818,-16.6899,-10.6592,18.8121,9.71282,-22.4824,12.666,6.95294e-310,238.125,6.68183e-310,-211.394,1.4822e-323,238.275,5.06782e-310,-284.763,44.2267,214.801,42.3917,-237.908,44.1324,214.774,42.1078,-311.725,-49.8296,-5.60287,9.50188,51.8936,-49.7789,-5.6465,19.1686,61.2765,
0.485457,0.555673,0.488813,0.570174,200,0,0,-2.76588,-0.223051,0.378369,2.82081,-2.80773,-0.269417,1.1053,3.5255,0,-242.729,0,-277.836,0,-244.406,0,-285.087,44.2231,-23.3306,42.4773,-26.3757,44.1446,-23.4789,42.0904,-26.9889,-10.7346,18.2906,8.41707,-15.3986,-10.5999,18.7864,9.99359,-23.2,12.2882,6.95294e-310,224.759,6.68183e-310,-189.221,1.4822e-323,230.852,5.06782e-310,-285.087,44.2231,201.428,42.4773,-215.597,44.1446,207.373,42.0904,-312.076,-48.1022,-3.87915,6.58033,49.0576,-48.8301,-4.68551,19.2226,61.313,
0.485721,0.552401,0.488393,0.570701,200,0,0,-2.67303,-0.13056,0.221357,2.66875,-2.75646,-0.217585,1.10783,3.52721,0,-242.86,0,-276.2,0,-244.197,0,-285.35,44.2169,-23.3423,42.5634,-26.2366,44.1544,-23.4604,42.0761,-27.0111,-10.4205,17.7419,7.82826,-14.0855,-10.515,18.7119,10.2487,-23.849,11.9649,6.95294e-310,212.28,6.68183e-310,-168.531,1.4822e-323,223.885,5.06782e-310,-285.35,44.2169,188.938,42.5634,-194.768,44.1544,200.425,42.0761,-312.361,-46.4876,-2.27061,3.84968,46.413,-47.9385,-3.78408,19.2666,61.3428,
0.486092,0.549441,0.488094,0.571108,200,0,0,-2.59323,-0.0512513,0.0873085,2.53916,-2.71293,-0.173652,1.10979,3.52853,0,-243.046,0,-274.72,0,-244.047,0,-285.554,44.2083,-23.3587,42.6408,-26.1105,44.1614,-23.4471,42.0651,-27.0282,-10.1158,17.2101,7.27616,-12.8828,-10.4222,18.6107,10.4657,-24.3803,11.7125,6.95294e-310,201.574,6.68183e-310,-150.89,1.4822e-323,217.978,5.06782e-310,-285.554,44.2083,178.215,42.6408,-177.001,44.1614,194.531,42.0651,-312.582,-45.0996,-0.891326,1.51841,44.1592,-47.1815,-3.02003,19.3007,61.3658,
0.486524,0.545738,0.487902,0.571384,200,0,0,-2.50272,0.0386766,-0.0683182,2.38907,-2.65967,-0.120132,1.11111,3.52943,0,-243.262,0,-272.869,0,-243.951,0,-285.692,44.1982,-23.3778,42.7372,-25.9524,44.1659,-23.4387,42.0577,-27.0398,-9.73184,16.5361,6.6092,-11.387,-10.2562,18.399,10.6665,-24.9389,11.4557,6.95294e-310,189.433,6.68183e-310,-130.446,1.4822e-323,210.773,5.06782e-310,-285.692,44.1982,166.055,42.7372,-156.399,44.1659,187.335,42.0577,-312.732,-43.5255,0.672636,-1.18814,41.5491,-46.2552,-2.08926,19.3237,61.3813,
0.487171,0.542298,0.487854,0.571504,200,0,0,-2.42148,0.119043,-0.205765,2.25674,-2.61322,-0.0736114,1.11169,3.52981,0,-243.585,0,-271.149,0,-243.927,0,-285.752,44.183,-23.4064,42.8262,-25.8053,44.167,-23.4366,42.0544,-27.0449,-9.33503,15.8433,5.95371,-9.97356,-10.0742,18.1443,10.8304,-25.3527,11.2711,6.95294e-310,178.571,6.68183e-310,-112.413,1.4822e-323,204.505,5.06782e-310,-285.752,44.183,155.164,42.8262,-138.218,44.167,181.069,42.0544,-312.797,-42.1127,2.07031,-3.57852,39.2477,-45.4472,-1.2802,19.3337,61.3881,
0.487938,0.539266,0.487938,0.571444,200,0,0,-2.35198,0.187511,-0.32178,2.14522,-2.57416,-0.0346637,1.1114,3.52962,0,-243.969,0,-269.633,0,-243.969,0,-285.722,44.1651,-23.4403,42.9043,-25.6753,44.1651,-23.4403,42.056,-27.0424,-8.95,15.1747,5.35021,-8.71261,-9.88278,17.8586,10.9447,-25.6087,11.1572,6.95294e-310,169.307,6.68183e-310,-97.2084,1.4822e-323,199.252,5.06782e-310,-285.722,44.1651,145.866,42.9043,-122.884,44.1651,175.812,42.056,-312.764,-40.904,3.26106,-5.59618,37.3081,-44.7679,-0.602847,19.3287,61.3847,
0.488813,0.535479,0.488153,0.571204,200,0,0,-2.27042,0.267893,-0.460931,2.01164,-2.52479,0.0144125,1.11025,3.52884,0,-244.406,0,-267.74,0,-244.077,0,-285.602,44.1446,-23.4789,43.0012,-25.5127,44.16,-23.4498,42.0625,-27.0323,-8.47781,14.348,4.62138,-7.15369,-9.61139,17.4448,11.0364,-25.8649,11.0421,6.95294e-310,158.432,6.68183e-310,-78.9916,1.4822e-323,192.627,5.06782e-310,-285.602,44.1446,134.953,43.0012,-104.504,44.16,169.178,42.0625,-312.634,-39.4855,4.659,-8.01619,34.985,-43.9094,0.250652,19.3086,61.3712,
0.489819,0.532064,0.488525,0.570761,200,0,0,-2.19812,0.338836,-0.582988,1.89458,-2.48108,0.0576243,1.10812,3.5274,0,-244.91,0,-266.032,0,-244.262,0,-285.38,44.1209,-23.5233,43.0881,-25.3656,44.1513,-23.4662,42.0745,-27.0136,-8.0116,13.5348,3.93905,-5.73179,-9.32293,16.9874,11.0727,-25.9542,10.9955,6.95294e-310,148.823,6.68183e-310,-63.0241,1.4822e-323,186.786,5.06782e-310,-285.38,44.1209,125.299,43.0881,-88.3897,44.1513,163.32,42.0745,-312.394,-38.2281,5.8928,-10.1389,32.9492,-43.1491,1.00216,19.2716,61.3462,
0.490886,0.52866,0.488944,0.570233,200,0,0,-2.1267,0.408805,-0.702976,1.77954,-2.43769,0.100446,1.10559,3.52569,0,-245.443,0,-264.33,0,-244.472,0,-285.117,44.0958,-23.5704,43.1742,-25.2188,44.1415,-23.4847,42.0887,-26.9914,-7.53738,12.7041,3.24923,-4.31538,-9.02303,16.5017,11.0929,-25.9947,10.9683,6.95294e-310,139.342,6.68183e-310,-47.3322,1.4822e-323,180.995,5.06782e-310,-285.117,44.0958,115.771,43.1742,-72.551,44.1415,157.51,42.0887,-312.108,-36.9861,7.10965,-12.2257,30.9485,-42.3946,1.74689,19.2276,61.3164,
0.492024,0.525329,0.48958,0.569311,200,0,0,-2.05945,0.474509,-0.817191,1.67014,-2.39411,0.143167,1.10116,3.5227,0,-246.012,0,-262.664,0,-244.79,0,-284.655,44.0689,-23.6206,43.258,-25.0749,44.1265,-23.5127,42.1136,-26.9526,-7.04069,11.8383,2.58153,-2.94128,-8.65956,15.9021,11.0214,-25.8359,11.0178,6.95294e-310,130.432,6.68183e-310,-32.4066,1.4822e-323,175.207,5.06782e-310,-284.655,44.0689,106.811,43.258,-57.4814,44.1265,151.694,42.1136,-311.608,-35.8166,8.25233,-14.212,29.0459,-41.6367,2.48987,19.1506,61.2643,
0.493283,0.522009,0.490275,0.568328,200,0,0,-1.99063,0.541623,-0.932589,1.55952,-2.35014,0.186192,1.09645,3.5195,0,-246.641,0,-261.004,0,-245.137,0,-284.164,44.0392,-23.676,43.341,-24.9311,44.1102,-23.5434,42.1401,-26.9112,-6.52887,10.9418,1.89508,-1.56184,-8.28669,15.275,10.9398,-25.6272,11.0884,6.95294e-310,121.326,6.68183e-310,-17.3183,1.4822e-323,169.375,5.06782e-310,-284.164,44.0392,97.6504,43.341,-42.2494,44.1102,145.832,42.1401,-311.075,-34.6196,9.41953,-16.2189,27.122,-40.8721,3.23812,19.0687,61.2088,
0.494625,0.518785,0.49115,0.566938,200,0,0,-1.92403,0.60639,-1.04441,1.4523,-2.30569,0.229457,1.08978,3.51499,0,-247.312,0,-259.393,0,-245.575,0,-283.469,44.0073,-23.7351,43.4211,-24.7913,44.0896,-23.582,42.1775,-26.8526,-5.99361,10.0094,1.22998,-0.239897,-7.85719,14.543,10.7713,-25.2136,11.2427,6.95294e-310,112.533,6.68183e-310,-2.6971,1.4822e-323,163.502,5.06782e-310,-283.469,44.0073,88.7976,43.4211,-27.4884,44.0896,139.92,42.1775,-310.321,-33.4614,10.5459,-18.1637,25.2574,-40.099,3.99056,18.9527,61.1302,
0.495979,0.515609,0.492132,0.565248,200,0,0,-1.85792,0.670654,-1.15606,1.34517,-2.25957,0.274246,1.08168,3.50949,0,-247.99,0,-257.805,0,-246.066,0,-282.624,43.9752,-23.7947,43.4996,-24.6533,44.0664,-23.6253,42.2228,-26.7813,-5.44796,9.05845,0.583895,1.03918,-7.38913,13.7369,10.5391,-24.6627,11.4596,6.95294e-310,103.806,6.68183e-310,11.9086,1.4822e-323,157.419,5.06782e-310,-282.624,43.9752,80.0113,43.4996,-12.7446,44.0664,133.794,42.2228,-309.405,-32.3116,11.6635,-20.1053,23.3943,-39.2969,4.76949,18.8119,61.0347,
0.497393,0.512505,0.493211,0.563666,200,0,0,-1.78936,0.737275,-1.27222,1.2334,-2.21105,0.321298,1.0741,3.50434,0,-248.697,0,-256.253,0,-246.605,0,-281.833,43.9415,-23.8568,43.5759,-24.5181,44.0409,-23.6728,42.2651,-26.7144,-4.91257,8.11168,-0.0621846,2.32282,-6.92555,12.9284,10.3062,-24.126,11.6817,6.95294e-310,94.7581,6.68183e-310,27.1345,1.4822e-323,151.026,5.06782e-310,-281.833,43.9415,70.9013,43.5759,2.61636,44.0409,127.353,42.2651,-308.547,-31.1193,12.8222,-22.1256,21.4504,-38.4531,5.58779,18.68,60.9451,
0.498712,0.509425,0.494517,0.561773,200,0,0,-1.72167,0.803149,-1.39218,1.11777,-2.15668,0.373894,1.06503,3.49818,0,-249.356,0,-254.713,0,-247.259,0,-280.886,43.91,-23.9147,43.6512,-24.3838,44.0099,-23.7303,42.3156,-26.6344,-4.38265,7.166,-0.662609,3.58042,-6.40143,12.0142,9.97625,-23.4554,11.9753,6.95294e-310,85.8153,6.68183e-310,42.8767,1.4822e-323,143.874,5.06782e-310,-280.886,43.91,61.9006,43.6512,18.4929,44.0099,120.144,42.3156,-307.521,-29.9422,13.9678,-24.2118,19.4394,-37.5074,6.5025,18.5223,60.8379,
0.500329,0.506465,0.495644,0.559508,200,0,0,-1.64721,0.875389,-1.51247,1.00162,-2.10661,0.42242,1.05419,3.4908,0,-250.165,0,-253.233,0,-247.822,0,-279.754,43.8712,-23.9857,43.7232,-24.2545,43.9831,-23.7799,42.3758,-26.5384,-3.79548,6.1385,-1.3071,4.73969,-5.88689,11.0881,9.647,-22.5958,12.3808,6.95294e-310,75.9996,6.68183e-310,58.6812,1.4822e-323,137.28,5.06782e-310,-279.754,43.8712,52.0139,43.7232,34.4267,43.9831,113.5,42.3758,-306.292,-28.6471,15.2241,-26.3038,17.4195,-36.6367,7.34643,18.3337,60.7095,
0.501875,0.503517,0.497082,0.557494,200,0,0,-1.5697,0.950757,-1.64587,0.872317,-2.04679,0.480276,1.04455,3.48423,0,-250.938,0,-251.759,0,-248.541,0,-278.747,43.8341,-24.0535,43.7945,-24.1255,43.9489,-23.8431,42.4292,-26.4531,-3.24669,5.1465,-1.9245,5.96749,-5.35209,10.1273,9.28621,-21.8136,12.7786,6.95294e-310,65.7651,6.68183e-310,76.2562,1.4822e-323,129.412,5.06782e-310,-278.747,43.8341,41.7116,43.7945,52.1308,43.9489,105.569,42.4292,-305.2,-27.2992,16.5349,-28.6238,15.1707,-35.5963,8.35262,18.1661,60.5953,
0.503421,0.500713,0.49846,0.554882,200,0,0,-1.48905,1.02926,-1.7811,0.74097,-1.98587,0.5393,1.03205,3.4757,0,-251.711,0,-250.356,0,-249.23,0,-277.441,43.7969,-24.1213,43.862,-24.0026,43.916,-23.9037,42.4981,-26.3421,-2.67534,4.12831,-2.5064,7.04928,-4.78452,9.09383,8.84459,-20.7843,13.3486,6.95294e-310,55.1071,6.68183e-310,94.098,1.4822e-323,121.39,5.06782e-310,-277.441,43.7969,30.9859,43.862,70.0955,43.916,97.4862,42.4981,-303.783,-25.8966,17.9003,-30.9756,12.8864,-34.5369,9.37913,17.9487,60.4469,
0.504979,0.497921,0.499898,0.552341,200,0,0,-1.40108,1.11507,-1.92962,0.596289,-1.91851,0.604676,1.01991,3.46739,0,-252.49,0,-248.96,0,-249.949,0,-276.17,43.7592,-24.1895,43.9289,-23.88,43.8816,-23.9668,42.5649,-26.2341,-2.11414,3.11226,-3.09002,8.14399,-4.22072,8.05614,8.39951,-19.7752,13.9655,6.95294e-310,43.4643,6.68183e-310,113.735,1.4822e-323,112.508,5.06782e-310,-276.17,43.7592,19.2748,43.9289,89.855,43.8816,88.5413,42.5649,-302.405,-24.3667,19.3925,-33.5586,10.3702,-33.3655,10.5161,17.7375,60.3024,
0.506561,0.4952,0.501204,0.550016,200,0,0,-1.30619,1.20776,-2.08625,0.443385,-1.84973,0.67166,1.0088,3.45978,0,-253.281,0,-247.6,0,-250.602,0,-275.008,43.7209,-24.2587,43.9937,-23.7604,43.8502,-24.0241,42.6258,-26.135,-1.57049,2.11769,-3.68636,9.21841,-3.70563,7.08924,8.0081,-18.8521,14.5877,6.95294e-310,30.8923,6.68183e-310,134.475,1.4822e-323,103.416,5.06782e-310,-275.008,43.7209,6.6336,43.9937,110.715,43.8502,79.3916,42.6258,-301.143,-22.7164,21.0045,-36.2826,7.71104,-32.1692,11.681,17.5443,60.1701,
0.508191,0.492516,0.502714,0.546924,200,0,0,-1.19649,1.31518,-2.26865,0.264644,-1.76691,0.752387,0.994029,3.44965,0,-254.096,0,-246.258,0,-251.357,0,-273.462,43.6813,-24.3299,44.0573,-23.6422,43.8139,-24.0903,42.7064,-26.0031,-0.984953,1.05095,-4.24876,10.2123,-3.10067,5.94998,7.46531,-17.5977,15.5396,6.95294e-310,16.3314,6.68183e-310,158.695,1.4822e-323,92.4605,5.06782e-310,-273.462,43.6813,-7.99846,44.0573,135.053,43.8139,68.3702,42.7064,-299.465,-20.8086,22.8727,-39.4548,4.6025,-30.7289,13.085,17.2875,59.9939,
0.509797,0.489927,0.504416,0.544,200,0,0,-1.07542,1.43401,-2.47567,0.0611347,-1.67035,0.846593,0.980073,3.44005,0,-254.898,0,-244.964,0,-252.208,0,-272,43.6422,-24.4,44.1184,-23.5281,43.7728,-24.1648,42.7823,-25.8781,-0.429222,0.0140853,-4.78577,11.218,-2.49235,4.79918,6.90145,-16.383,16.6025,6.95294e-310,0.233852,6.68183e-310,186.247,1.4822e-323,79.6785,5.06782e-310,-272,43.6422,-24.1662,44.1184,162.719,43.7728,55.5137,42.7823,-297.878,-18.7029,24.9393,-43.0551,1.06321,-29.0495,14.7234,17.0447,59.827,
0.511415,0.487458,0.505794,0.54092,200,0,0,-0.936489,1.57066,-2.70239,-0.162248,-1.57017,0.944851,0.965384,3.42994,0,-255.707,0,-243.729,0,-252.897,0,-270.46,43.6026,-24.4706,44.1763,-23.4191,43.7395,-24.2251,42.8618,-25.7462,0.130295,-1.02151,-5.32469,12.1051,-1.93214,3.71121,6.37074,-15.1242,17.8826,6.95294e-310,-18.2673,6.68183e-310,216.471,1.4822e-323,66.3662,5.06782e-310,-270.46,43.6026,-42.7379,44.1763,193.051,43.7395,42.1411,42.8618,-296.206,-16.2868,27.3159,-46.998,-2.82171,-27.3073,16.4322,16.7893,59.651,
0.512997,0.48487,0.507568,0.537804,200,0,0,-0.785204,1.71972,-2.89761,-0.353997,-1.42062,1.09192,0.856702,3.32585,0,-256.498,0,-242.435,0,-253.784,0,-268.902,43.5639,-24.5395,44.2368,-23.3047,43.6965,-24.3027,42.9418,-25.6126,0.680768,-2.07547,-5.85118,13.0901,-1.30928,2.50826,5.75416,-13.8363,18.5205,6.95294e-310,-38.4387,6.68183e-310,242.435,1.4822e-323,46.4542,5.06782e-310,-256.255,43.5639,-62.9782,44.2368,219.13,43.6965,22.1516,42.9418,-281.868,-13.6557,29.9082,-50.3933,-6.15648,-24.7065,18.99,14.8992,57.8409,
0.514555,0.482844,0.50897,0.534496,200,0,0,-0.671412,1.83131,-2.89212,-0.345795,-1.25924,1.25134,0.569812,3.04382,0,-257.277,0,-241.422,0,-254.485,0,-267.248,43.5256,-24.6074,44.2839,-23.215,43.6623,-24.3639,43.0263,-25.4704,1.2044,-3.05593,-6.29789,13.7747,-0.760328,1.42048,5.15892,-12.4416,17.5265,6.95294e-310,-53.5596,6.68183e-310,241.422,1.4822e-323,24.896,5.06782e-310,-218.057,43.5256,-78.167,44.2839,218.207,43.6623,0.532066,43.0263,-243.528,-11.6767,31.8489,-50.2977,-6.01382,-21.8998,21.7625,9.90977,52.936,
0.516161,0.480663,0.510756,0.531045,200,0,0,-0.566233,1.93421,-2.8862,-0.336968,-1.09712,1.41095,0.291586,2.77064,0,-258.08,0,-240.332,0,-255.378,0,-265.522,43.486,-24.6772,44.3344,-23.1184,43.6188,-24.4418,43.1139,-25.3217,1.73999,-4.09082,-6.75218,14.5625,-0.142533,0.199496,4.46979,-10.9701,16.5035,6.95294e-310,-67.5127,6.68183e-310,240.332,1.4822e-323,3.29237,5.06782e-310,-181.045,43.486,-92.1899,44.3344,217.213,43.6188,-21.1495,43.1139,-206.367,-9.84754,33.6385,-50.1947,-5.86031,-19.0804,24.5383,5.07105,48.185,
0.517707,0.478686,0.512386,0.527474,200,0,0,-0.47142,2.02683,-2.88082,-0.328971,-0.956486,1.5493,0.0470652,2.5313,0,-258.853,0,-239.343,0,-256.193,0,-263.737,43.4478,-24.7444,44.38,-23.0307,43.5789,-24.5129,43.2041,-25.1676,2.2584,-5.09425,-7.16767,15.2263,0.445757,-0.982093,3.77716,-9.45298,15.719,6.95294e-310,-80.0767,6.68183e-310,239.343,1.4822e-323,-15.4376,5.06782e-310,-148.592,43.4478,-104.821,44.38,216.312,43.5789,-39.9504,43.2041,-173.759,-8.19861,35.2492,-50.1013,-5.72124,-16.6345,26.9443,0.818525,44.0226,
0.519265,0.4769,0.513955,0.523842,200,0,0,-0.383001,2.11303,-2.87597,-0.321755,-0.829894,1.67368,-0.175234,2.31424,0,-259.632,0,-238.45,0,-256.978,0,-261.921,43.4092,-24.8121,44.4211,-22.9514,43.5403,-24.5813,43.2952,-25.0106,2.766,-6.08139,-7.55627,15.8004,1.01307,-2.13912,3.07651,-7.89454,15.0914,6.95294e-310,-91.7767,6.68183e-310,238.45,1.4822e-323,-32.2823,5.06782e-310,-119.14,43.4092,-116.589,44.4211,215.499,43.5403,-56.8636,43.2952,-144.15,-6.66089,36.7483,-50.0168,-5.59574,-14.4329,29.1074,-3.04755,40.2476,
0.520715,0.475294,0.515573,0.519996,200,0,0,-0.299788,2.19417,-2.8716,-0.315269,-0.70783,1.79345,-0.386632,2.10835,0,-260.357,0,-237.647,0,-257.787,0,-259.998,43.3732,-24.875,44.4579,-22.88,43.5005,-24.6517,43.3911,-24.8438,3.25231,-7.03992,-7.88254,16.2761,1.59074,-3.32234,2.31394,-6.24513,14.601,6.95294e-310,-102.79,6.68183e-310,237.647,1.4822e-323,-48.5096,5.06782e-310,-91.1853,43.3732,-127.665,44.4579,214.767,43.5005,-73.1613,43.3911,-116.029,-5.2137,38.1595,-49.9408,-5.48294,-12.3101,31.1904,-6.72404,36.667,
0.522153,0.473868,0.516964,0.516017,200,0,0,-0.216859,2.27504,-2.86772,-0.309513,-0.595763,1.90354,-0.586443,1.91421,0,-261.076,0,-236.934,0,-258.482,0,-258.008,43.3374,-24.9374,44.4905,-22.8166,43.4662,-24.7121,43.4896,-24.671,3.73315,-7.98449,-8.1864,16.6288,2.12878,-4.45109,1.56339,-4.5485,14.2484,6.95294e-310,-113.766,6.68183e-310,236.934,1.4822e-323,-63.4209,5.06782e-310,-64.8089,43.3374,-138.703,44.4905,214.118,43.4662,-88.133,43.4896,-89.4798,-3.77147,39.5659,-49.8733,-5.38283,-10.3611,33.1051,-10.199,33.2906,
0.523543,0.472562,0.518617,0.512026,200,0,0,-0.139401,2.3505,-2.86416,-0.304242,-0.482842,2.01411,-0.780243,1.72605,0,-261.771,0,-236.281,0,-259.309,0,-256.013,43.3027,-24.9976,44.5203,-22.7584,43.4253,-24.784,43.5877,-24.4972,4.18926,-8.90794,-8.44369,16.9724,2.6944,-5.63233,0.744444,-2.8188,13.9215,6.95294e-310,-124.011,6.68183e-310,236.281,1.4822e-323,-78.4103,5.06782e-310,-39.2418,43.3027,-149.009,44.5203,213.523,43.4253,-103.194,43.5877,-63.739,-2.42436,40.8783,-49.8114,-5.29117,-8.39724,35.028,-13.5694,30.0182,
0.524801,0.471627,0.520007,0.507999,200,0,0,-0.0616661,2.42643,-2.86161,-0.300472,-0.377086,2.11788,-0.965585,1.54636,0,-262.401,0,-235.814,0,-260.004,0,-254,43.2712,-25.052,44.5415,-22.7168,43.3908,-24.8443,43.686,-24.3215,4.60723,-9.75044,-8.6261,17.119,3.20216,-6.71291,-0.0550519,-1.07568,13.775,6.95294e-310,-134.312,6.68183e-310,235.814,1.4822e-323,-92.4703,5.06782e-310,-14.8175,43.2712,-159.364,44.5415,213.097,43.3908,-117.315,43.686,-39.1391,-1.07245,42.1987,-49.7671,-5.2256,-6.55801,36.8328,-16.7928,26.8932,
0.525988,0.47074,0.521386,0.503865,200,0,0,0.0160785,2.50246,-2.85919,-0.296897,-0.27095,2.22205,-1.1505,1.3672,0,-262.994,0,-235.37,0,-260.693,0,-251.932,43.2414,-25.1034,44.5616,-22.6773,43.3565,-24.9041,43.7862,-24.1407,5.01316,-10.584,-8.78284,17.2251,3.70791,-7.80005,-0.882502,0.697924,13.6644,6.95294e-310,-144.624,6.68183e-310,235.37,1.4822e-323,-106.583,5.06782e-310,9.5367,43.2414,-169.728,44.5616,212.693,43.3565,-131.487,43.7862,-14.604,0.279626,43.5211,-49.7251,-5.16342,-4.71218,38.6443,-20.0087,23.7775,
0.527174,0.469985,0.522656,0.499742,200,0,0,0.0956328,2.5803,-2.85713,-0.293854,-0.167481,2.3237,-1.33333,1.19007,0,-263.587,0,-234.993,0,-261.328,0,-249.871,43.2116,-25.1547,44.5787,-22.6437,43.3248,-24.9592,43.8853,-23.96,5.40882,-11.4018,-8.92458,17.266,4.18341,-8.84276,-1.69753,2.46984,13.6101,6.95294e-310,-155.18,6.68183e-310,234.993,1.4822e-323,-120.351,5.06782e-310,33.6148,43.2116,-180.335,44.5787,212.349,43.3248,-145.31,43.8853,9.65479,1.66318,44.8748,-49.6892,-5.1105,-2.91272,40.4121,-23.1884,20.6969,
0.528241,0.469362,0.523699,0.495692,200,0,0,0.175622,2.65875,-2.85543,-0.291343,-0.0683519,2.42133,-1.51148,1.01748,0,-264.12,0,-234.681,0,-261.849,0,-247.846,43.1848,-25.2007,44.5928,-22.6159,43.2988,-25.0043,43.982,-23.782,5.77703,-12.1672,-9.03601,17.2208,4.61059,-9.80103,-2.47367,4.18803,13.6277,6.95294e-310,-165.811,6.68183e-310,234.681,1.4822e-323,-133.566,5.06782e-310,57.0734,43.1848,-191.012,44.5928,212.065,43.2988,-158.57,43.982,33.2914,3.05429,46.239,-49.6597,-5.06683,-1.18873,42.11,-26.2867,17.6953,
0.529259,0.468859,0.524885,0.492108,200,0,0,0.246306,2.72795,-2.85406,-0.289315,0.0239969,2.51197,-1.67228,0.861564,0,-264.63,0,-234.429,0,-262.443,0,-246.054,43.1591,-25.2447,44.6042,-22.5934,43.2691,-25.0557,44.0669,-23.6243,6.10095,-12.8623,-9.12605,17.2111,5.01701,-10.7076,-3.21621,5.74561,13.6208,6.95294e-310,-175.194,6.68183e-310,234.429,1.4822e-323,-145.846,5.06782e-310,78.2598,43.1591,-200.439,44.6042,211.836,43.2691,-170.902,44.0669,54.6355,4.28358,47.4426,-49.6358,-5.03156,0.417338,43.6864,-29.0832,14.9837,
0.530194,0.468475,0.525892,0.487866,200,0,0,0.33379,2.81408,-2.85301,-0.28777,0.132041,2.61856,-1.86467,0.674922,0,-265.097,0,-234.238,0,-262.946,0,-243.933,43.1354,-25.285,44.6129,-22.5763,43.2438,-25.0992,44.1668,-23.4371,6.43867,-13.5887,-9.16461,17.0346,5.43081,-11.6552,-4.0453,7.53531,13.7507,6.95294e-310,-186.854,6.68183e-310,234.238,1.4822e-323,-160.267,5.06782e-310,103.616,43.1354,-212.139,44.6129,211.661,43.2438,-185.367,44.1668,80.1785,5.80503,48.9405,-49.6176,-5.0047,2.29637,45.5402,-32.429,11.7378,
0.531009,0.4682,0.526779,0.484067,200,0,0,0.415199,2.8943,-2.85226,-0.28666,0.23159,2.71683,-2.04178,0.502909,0,-265.505,0,-234.1,0,-263.389,0,-242.033,43.1148,-25.3202,44.6191,-22.564,43.2216,-25.1376,44.2555,-23.2691,6.73084,-14.2284,-9.18403,16.8472,5.79063,-12.4904,-4.79419,9.1379,13.8955,6.95294e-310,-197.711,6.68183e-310,234.1,1.4822e-323,-173.56,5.06782e-310,126.976,43.1148,-223.032,44.6191,211.536,43.2216,-198.698,44.2555,103.707,7.22084,50.3357,-49.6045,-4.98539,4.02765,47.2492,-35.5092,8.74624,
0.531728,0.468104,0.527558,0.480268,200,0,0,0.502521,2.98058,-2.852,-0.286274,0.336227,2.82034,-2.22873,0.32103,0,-265.864,0,-234.052,0,-263.779,0,-240.134,43.0966,-25.3512,44.6213,-22.5597,43.202,-25.1712,44.3436,-23.1008,6.99836,-14.8213,-9.15946,16.5678,6.12363,-13.2764,-5.53859,10.7357,14.1269,6.95294e-310,-209.379,6.68183e-310,234.052,1.4822e-323,-187.554,5.06782e-310,151.663,43.0966,-234.73,44.6213,211.492,43.202,-212.725,44.3436,128.562,8.73949,51.8361,-49.5999,-4.97868,5.84742,49.0494,-38.7604,5.58312,
0.532423,0.46814,0.528253,0.476697,200,0,0,0.591826,3.06887,-2.8521,-0.286419,0.440217,2.92332,-2.41594,0.138545,0,-266.212,0,-234.07,0,-264.126,0,-238.348,43.079,-25.3811,44.6205,-22.5614,43.1845,-25.2012,44.4258,-22.9423,7.24354,-15.3685,-9.12124,16.254,6.42006,-13.9904,-6.23895,12.2506,14.4008,6.95294e-310,-221.318,6.68183e-310,234.07,1.4822e-323,-201.472,5.06782e-310,176.419,43.079,-246.699,44.6205,211.509,43.1845,-226.673,44.4258,153.476,10.2926,53.3716,-49.6017,-4.9812,7.65594,50.8404,-42.0163,2.40947,
0.53301,0.468308,0.528816,0.473209,200,0,0,0.686666,3.16285,-2.85255,-0.287094,0.54859,3.03088,-2.61214,-0.0530699,0,-266.505,0,-234.154,0,-264.408,0,-236.605,43.0641,-25.4064,44.6167,-22.5688,43.1703,-25.2256,44.5055,-22.7873,7.46252,-15.8631,-9.04942,15.8723,6.68476,-14.6417,-6.91393,13.7198,14.7523,6.95294e-310,-234.017,6.68183e-310,234.154,1.4822e-323,-216,5.06782e-310,202.399,43.0641,-259.424,44.6167,211.585,43.1703,-241.225,44.5055,179.612,11.942,55.0061,-49.6096,-4.99295,9.5407,52.711,-45.4285,-0.922955,
0.533574,0.468631,0.529295,0.46977,200,0,0,0.791211,3.26657,-2.85344,-0.288398,0.664941,3.14654,-2.82456,-0.260998,0,-266.787,0,-234.316,0,-264.648,0,-234.885,43.0497,-25.4307,44.6094,-22.5833,43.1582,-25.2463,44.5836,-22.634,7.66672,-16.3264,-8.95323,15.4237,6.92383,-15.2459,-7.57499,15.1774,15.1919,6.95294e-310,-248.029,6.68183e-310,234.316,1.4822e-323,-231.614,5.06782e-310,230.574,43.0497,-273.459,44.6094,211.732,43.1582,-256.86,44.5836,207.94,13.7602,56.8099,-49.625,-5.01561,11.5642,54.7224,-49.1227,-4.53909,
0.533957,0.46917,0.529679,0.46645,200,0,0,0.694654,3.16945,-2.66755,-0.103207,0.594063,3.0751,-2.84748,-0.279616,0,-266.979,0,-234.585,0,-264.839,0,-233.225,43.04,-25.4472,44.5972,-22.6073,43.1485,-25.2628,44.6585,-22.4859,7.82758,-16.7024,-8.79363,14.8806,7.13336,-15.7816,-8.21863,16.579,14.0675,6.95294e-310,-234.96,6.68183e-310,209.332,1.4822e-323,-222.007,5.06782e-310,233.225,43.04,-260.407,44.5972,186.725,43.1485,-247.27,44.6585,210.739,12.0809,55.1209,-46.3921,-1.79491,10.3315,53.48,-49.5214,-4.86288,
0.534293,0.469758,0.529942,0.463262,200,0,0,0.586817,3.06113,-2.48676,0.0768098,0.506791,2.98744,-2.83877,-0.266793,0,-267.146,0,-234.879,0,-264.971,0,-231.631,43.0315,-25.4616,44.5839,-22.6335,43.1418,-25.2742,44.73,-22.3434,7.97398,-17.0471,-8.62859,14.3138,7.3137,-16.2603,-8.82323,17.9176,12.9276,6.95294e-310,-220.378,6.68183e-310,185.044,1.4822e-323,-210.207,5.06782e-310,231.631,43.0315,-245.84,44.5839,162.41,43.1418,-235.481,44.73,209.288,10.2055,53.237,-43.2481,1.33582,8.81375,51.9556,-49.3698,-4.63987,
0.534496,0.470716,0.530098,0.46017,200,0,0,0.486714,2.96072,-2.31919,0.243138,0.425357,2.90578,-2.8303,-0.254369,0,-267.248,0,-235.358,0,-265.049,0,-230.085,43.0263,-25.4704,44.5622,-22.6762,43.1379,-25.2809,44.7988,-22.205,8.07692,-17.2947,-8.38405,13.5932,7.45684,-16.6553,-9.41428,19.2367,11.9607,6.95294e-310,-206.857,6.68183e-310,162.584,1.4822e-323,-199.209,5.06782e-310,230.085,43.0263,-232.327,44.5622,139.908,43.1379,-224.49,44.7988,207.88,8.46459,51.4908,-40.3337,4.22848,7.39751,50.5354,-49.2227,-4.42382,
0.53458,0.471675,0.530122,0.457234,200,0,0,0.402145,2.87603,-2.17795,0.383129,0.355631,2.83602,-2.82226,-0.242585,0,-267.29,0,-235.838,0,-265.061,0,-228.617,43.0241,-25.474,44.5404,-22.719,43.1373,-25.2819,44.8638,-22.0734,8.15748,-17.4966,-8.12928,12.8619,7.57285,-16.9918,-9.96101,20.466,11.1706,6.95294e-310,-195.447,6.68183e-310,143.674,1.4822e-323,-189.808,5.06782e-310,228.617,43.0241,-220.921,44.5404,120.955,43.1373,-215.09,44.8638,206.544,6.99383,50.018,-37.8773,6.66311,6.18488,49.3221,-49.0827,-4.21887,
0.534484,0.473041,0.52999,0.454466,200,0,0,0.320943,2.79497,-2.0423,0.516982,0.288497,2.76908,-2.81466,-0.231486,0,-267.242,0,-236.521,0,-264.995,0,-227.233,43.0266,-25.4699,44.5093,-22.7798,43.1406,-25.2763,44.9248,-21.9491,8.18397,-17.5746,-7.78551,11.9605,7.64149,-17.2186,-10.4751,21.6433,10.499,6.95294e-310,-184.516,6.68183e-310,125.573,1.4822e-323,-180.778,5.06782e-310,227.233,43.0266,-209.985,44.5093,102.793,43.1406,-206.054,44.9248,205.284,5.58162,48.6082,-35.5183,8.99099,5.01734,48.1579,-48.9506,-4.02584,
0.534257,0.474432,0.529703,0.451793,200,0,0,0.248576,2.72294,-1.92148,0.635982,0.227742,2.70874,-2.80732,-0.220781,0,-267.128,0,-237.216,0,-264.851,0,-225.897,43.0324,-25.4601,44.4776,-22.8416,43.1479,-25.2638,44.9833,-21.829,8.18834,-17.6057,-7.4249,11.0264,7.68293,-17.3878,-10.951,22.7529,9.92824,6.95294e-310,-174.794,6.68183e-310,109.473,1.4822e-323,-172.63,5.06782e-310,225.897,43.0324,-200.254,44.4776,86.6315,43.1479,-197.894,44.9833,204.068,4.32306,47.3554,-33.4171,11.0606,3.96073,47.1086,-48.823,-3.83967,
0.533909,0.475822,0.529259,0.449384,200,0,0,0.186077,2.66095,-1.81677,0.738869,0.174197,2.65584,-2.8007,-0.211142,0,-266.955,0,-237.911,0,-264.63,0,-224.692,43.0412,-25.4451,44.4458,-22.9035,43.1591,-25.2447,45.0357,-21.7206,8.16704,-17.5775,-7.06027,10.0916,7.68973,-17.4778,-11.357,23.7324,9.46775,6.95294e-310,-166.42,6.68183e-310,95.5443,1.4822e-323,-165.475,5.06782e-310,224.692,43.0412,-191.865,44.4458,72.6409,43.1591,-190.72,45.0357,202.972,3.23612,46.2773,-31.5959,12.8499,3.02951,46.1886,-48.7078,-3.67203,
0.53349,0.477583,0.528684,0.447119,200,0,0,0.124078,2.59956,-1.71149,0.841824,0.12004,2.60252,-2.79446,-0.202085,0,-266.745,0,-238.792,0,-264.342,0,-223.56,43.0519,-25.4271,44.4054,-22.9817,43.1736,-25.2199,45.0848,-21.6185,8.10936,-17.459,-6.63451,9.00864,7.65351,-17.4739,-11.7311,24.6842,9.05679,6.95294e-310,-158.123,6.68183e-310,81.5894,1.4822e-323,-158.257,5.06782e-310,223.56,43.0519,-183.55,44.4054,58.6077,43.1736,-183.477,45.0848,201.941,2.15788,45.2098,-29.765,14.6404,2.08766,45.2612,-48.5993,-3.51452,
0.532819,0.479081,0.527929,0.445058,200,0,0,0.0711593,2.54762,-1.62325,0.928081,0.0742839,2.55786,-2.78878,-0.19385,0,-266.409,0,-239.541,0,-263.965,0,-222.529,43.0689,-25.3982,44.3709,-23.0482,43.1926,-25.1873,45.1293,-21.5255,8.02607,-17.2937,-6.2208,8.00059,7.59901,-17.4209,-12.0365,25.4714,8.73642,6.95294e-310,-151.085,6.68183e-310,69.8965,1.4822e-323,-152.196,5.06782e-310,222.529,43.0689,-176.483,44.3709,46.8482,43.1926,-177.384,45.1293,201.004,1.23755,44.3065,-28.2304,16.1405,1.29189,44.4845,-48.5006,-3.3713,
0.532171,0.480963,0.526982,0.443225,200,0,0,0.0189507,2.49636,-1.53239,1.01644,0.0259471,2.51089,-2.78373,-0.18653,0,-266.086,0,-240.481,0,-263.491,0,-221.612,43.0854,-25.3703,44.3275,-23.1317,43.2164,-25.1464,45.1687,-21.4427,7.91723,-17.0494,-5.77174,6.84893,7.48626,-17.2475,-12.2773,26.2131,8.45425,6.95294e-310,-144.14,6.68183e-310,57.9026,1.4822e-323,-145.815,5.06782e-310,221.612,43.0854,-169.51,44.3275,34.7709,43.2164,-170.961,45.1687,200.17,0.329577,43.4149,-26.6503,17.6772,0.451254,43.6677,-48.4127,-3.24399,
0.531201,0.482641,0.525904,0.441619,200,0,0,-0.0282163,2.45061,-1.4531,1.0935,-0.0154648,2.47104,-2.7793,-0.180122,0,-265.6,0,-241.32,0,-262.952,0,-220.809,43.11,-25.3285,44.2886,-23.206,43.2435,-25.0997,45.2031,-21.3702,7.76712,-16.7283,-5.30828,5.75405,7.36076,-17.0273,-12.4608,26.782,8.24468,6.95294e-310,-137.92,6.68183e-310,47.4403,1.4822e-323,-140.385,5.06782e-310,220.809,43.11,-163.248,44.2886,24.2343,43.2435,-165.484,45.2031,199.439,-0.490719,42.6193,-25.2713,19.0173,-0.268953,42.9746,-48.3356,-3.13256,
0.530326,0.484151,0.524693,0.440109,200,0,0,-0.0688762,2.41122,-1.38197,1.16261,-0.0547916,2.43346,-2.77513,-0.174101,0,-265.163,0,-242.075,0,-262.347,0,-220.054,43.1321,-25.2907,44.2535,-23.2728,43.2739,-25.0474,45.2353,-21.3019,7.63904,-16.4451,-4.9062,4.72097,7.21659,-16.7789,-12.5886,27.2988,8.06095,6.95294e-310,-132.563,6.68183e-310,38.0555,1.4822e-323,-135.254,5.06782e-310,220.054,43.1321,-157.854,44.2535,14.7826,43.2739,-160.301,45.2353,198.752,-1.19785,41.9343,-24.0342,20.2193,-0.952897,42.321,-48.2631,-3.02784,
0.52914,0.485996,0.523387,0.438683,200,0,0,-0.11471,2.36711,-1.30459,1.23751,-0.0951929,2.39493,-2.77119,-0.168417,0,-264.57,0,-242.998,0,-261.694,0,-219.341,43.1621,-25.2395,44.2105,-23.3545,43.3066,-24.9908,45.2656,-21.2374,7.44317,-16.0228,-4.39785,3.52921,7.04613,-16.4582,-12.7136,27.7707,7.8983,6.95294e-310,-126.553,6.68183e-310,27.8748,1.4822e-323,-129.992,5.06782e-310,219.341,43.1621,-151.792,44.2105,4.52032,43.3066,-154.983,45.2656,198.104,-1.99495,41.1671,-22.6885,21.522,-1.65553,41.651,-48.1946,-2.929,
0.527953,0.487722,0.521973,0.437328,200,0,0,-0.156599,2.32694,-1.23263,1.30715,-0.133854,2.3583,-2.76745,-0.163023,0,-263.977,0,-243.861,0,-260.986,0,-218.664,43.192,-25.1883,44.1701,-23.4307,43.3419,-24.9296,45.2943,-21.176,7.25289,-15.6099,-3.92156,2.37345,6.86194,-16.1133,-12.7993,28.192,7.75625,6.95294e-310,-121.074,6.68183e-310,18.4091,1.4822e-323,-124.979,5.06782e-310,218.664,43.192,-146.262,44.1701,-5.02167,43.3419,-149.908,45.2943,197.488,-2.72346,40.4685,-21.4371,22.733,-2.3279,41.014,-48.1295,-2.83518,
0.526863,0.489448,0.520463,0.436094,200,0,0,-0.195186,2.28993,-1.16367,1.37378,-0.172257,2.32206,-2.76403,-0.158108,0,-263.431,0,-244.724,0,-260.231,0,-218.047,43.2194,-25.1412,44.1296,-23.5069,43.3795,-24.8641,45.3204,-21.1201,7.07211,-15.2064,-3.47866,1.22505,6.6554,-15.729,-12.8395,28.5772,7.6301,6.95294e-310,-116.027,6.68183e-310,9.34729,1.4822e-323,-120.014,5.06782e-310,218.047,43.2194,-141.168,44.1296,-14.1596,43.3795,-144.878,45.3204,196.927,-3.39453,39.8249,-20.2378,23.8919,-2.99578,40.3837,-48.0701,-2.74971,
0.525364,0.49115,0.518701,0.434884,200,0,0,-0.235971,2.25131,-1.09328,1.44187,-0.210586,2.28625,-2.76068,-0.153291,0,-262.682,0,-245.575,0,-259.351,0,-217.442,43.2571,-25.0764,44.0896,-23.582,43.4232,-24.7876,45.346,-21.0652,6.8383,-14.7007,-2.97707,0.0120267,6.42369,-15.2787,-12.8459,28.8654,7.53296,6.95294e-310,-110.74,6.68183e-310,0.0905965,1.4822e-323,-115.094,5.06782e-310,217.442,43.2571,-135.816,44.0896,-23.4914,43.4232,-139.882,45.346,196.377,-4.10385,39.1532,-19.0136,25.0759,-3.66236,39.7608,-48.0119,-2.66593,
0.523938,0.492839,0.517251,0.433937,200,0,0,-0.274047,2.21529,-1.02961,1.50325,-0.243078,2.25582,-2.75806,-0.149525,0,-261.969,0,-246.42,0,-258.626,0,-216.968,43.2928,-25.0147,44.0497,-23.6565,43.4591,-24.7246,45.3659,-21.0223,6.59623,-14.1865,-2.48434,-1.10786,6.22029,-14.8714,-12.8661,29.0905,7.45839,6.95294e-310,-105.808,6.68183e-310,-8.26286,1.4822e-323,-110.917,5.06782e-310,216.968,43.2928,-130.823,44.0497,-31.9193,43.4591,-135.641,45.3659,195.946,-4.76604,38.5267,-17.9062,26.1434,-4.22744,39.2316,-47.9663,-2.60043,
0.52244,0.494505,0.515549,0.433218,200,0,0,-0.310438,2.18105,-0.96613,1.56446,-0.276703,2.22461,-2.75607,-0.146665,0,-261.22,0,-247.253,0,-257.775,0,-216.609,43.3302,-24.9498,44.0102,-23.7298,43.5011,-24.6506,45.381,-20.9897,6.34085,-13.6297,-2.00877,-2.23656,5.97364,-14.3722,-12.7974,29.1981,7.4186,6.95294e-310,-101.113,6.68183e-310,-16.5921,1.4822e-323,-106.621,5.06782e-310,216.609,43.3302,-126.063,44.0102,-40.3219,43.5011,-131.272,45.381,195.619,-5.39891,37.9313,-16.8023,27.2079,-4.81223,38.6889,-47.9317,-2.5507,
0.52087,0.496183,0.513848,0.432475,200,0,0,-0.347461,2.14627,-0.902439,1.62585,-0.309846,2.19388,-2.75401,-0.143711,0,-260.435,0,-248.091,0,-256.924,0,-216.237,43.3693,-24.8818,43.9703,-23.8036,43.543,-24.5766,45.3966,-20.9559,6.07377,-13.0562,-1.51961,-3.38095,5.72852,-13.8758,-12.7388,29.3041,7.37908,6.95294e-310,-96.3426,6.68183e-310,-24.9483,1.4822e-323,-102.391,5.06782e-310,216.237,43.3693,-121.224,43.9703,-48.7519,43.543,-126.967,45.3966,195.281,-6.0428,37.3265,-15.6946,28.2757,-5.38862,38.1544,-47.8959,-2.49932,
0.519276,0.497789,0.512038,0.431983,200,0,0,-0.382467,2.11355,-0.840541,1.68555,-0.34248,2.1638,-2.75265,-0.141758,0,-259.638,0,-248.894,0,-256.019,0,-215.992,43.4089,-24.8126,43.932,-23.8742,43.5874,-24.4977,45.4069,-20.9336,5.79903,-12.4577,-1.05629,-4.48575,5.46018,-13.3253,-12.6123,29.2962,7.3727,6.95294e-310,-91.8471,6.68183e-310,-33.072,1.4822e-323,-98.2431,5.06782e-310,215.992,43.4089,-116.66,43.932,-56.9462,43.5874,-122.741,45.4069,195.058,-6.6516,36.7573,-14.6181,29.3139,-5.95617,37.6312,-47.8722,-2.46535,
0.517563,0.499323,0.51024,0.431504,200,0,0,-0.417879,2.08058,-0.779489,1.74449,-0.373774,2.13503,-2.75132,-0.139853,0,-258.781,0,-249.661,0,-255.12,0,-215.752,43.4514,-24.7382,43.8954,-23.9416,43.6314,-24.4194,45.4169,-20.9119,5.50998,-11.8395,-0.583085,-5.57193,5.19873,-12.7834,-12.4912,29.2557,7.37471,6.95294e-310,-87.3131,6.68183e-310,-41.0914,1.4822e-323,-94.274,5.06782e-310,215.752,43.4514,-112.051,43.8954,-65.033,43.6314,-118.693,45.4169,194.84,-7.26746,36.1839,-13.5563,30.339,-6.50041,37.1309,-47.8491,-2.43222,
0.515873,0.500833,0.508419,0.431109,200,0,0,-0.452488,2.04837,-0.718883,1.80302,-0.405003,2.10635,-2.75023,-0.138281,0,-257.936,0,-250.416,0,-254.209,0,-215.554,43.4931,-24.6647,43.8592,-24.0078,43.6758,-24.3398,45.4252,-20.8939,5.22164,-11.2212,-0.126483,-6.64114,4.93001,-12.2276,-12.3491,29.183,7.38631,6.95294e-310,-82.8835,6.68183e-310,-49.0535,1.4822e-323,-90.3164,5.06782e-310,215.554,43.4931,-107.548,43.8592,-73.0613,43.6758,-114.656,45.4252,194.66,-7.86937,35.6238,-12.5023,31.3568,-7.04352,36.6322,-47.83,-2.40489,
0.514135,0.502307,0.506381,0.430881,200,0,0,-0.486691,2.01662,-0.6564,1.86346,-0.438287,2.07592,-2.7496,-0.137376,0,-257.068,0,-251.153,0,-253.191,0,-215.44,43.5359,-24.5891,43.8237,-24.0724,43.7253,-24.2508,45.4299,-20.8836,4.92533,-10.5758,0.30992,-7.71457,4.62632,-11.599,-12.1355,29.0194,7.42402,6.95294e-310,-78.5151,6.68183e-310,-57.2731,1.4822e-323,-86.1111,5.06782e-310,215.44,43.5359,-103.104,43.8237,-81.3456,43.7253,-110.362,45.4299,194.557,-8.46419,35.0717,-11.4157,32.4081,-7.62239,36.1029,-47.8191,-2.38916,
0.512362,0.503745,0.504644,0.430773,200,0,0,-0.521332,1.98449,-0.596656,1.92121,-0.467299,2.04932,-2.7493,-0.136948,0,-256.181,0,-251.872,0,-252.322,0,-215.386,43.5795,-24.5118,43.7891,-24.1354,43.7673,-24.1748,45.4322,-20.8787,4.61413,-9.91529,0.761638,-8.71572,4.3594,-11.0324,-11.9637,28.8238,7.47251,6.95294e-310,-74.0921,6.68183e-310,-65.1283,1.4822e-323,-82.4398,5.06782e-310,215.386,43.5795,-98.6039,43.7891,-89.2637,43.7673,-106.615,45.4322,194.508,-9.06664,34.5128,-10.3766,33.4124,-8.12694,35.6404,-47.8139,-2.3817,
0.510564,0.505123,0.502702,0.430809,200,0,0,-0.555602,1.95275,-0.534824,1.98113,-0.498601,2.02071,-2.7494,-0.137091,0,-255.282,0,-252.562,0,-251.351,0,-215.404,43.6235,-24.4335,43.7557,-24.1958,43.8142,-24.0898,45.4314,-20.8803,4.30069,-9.24029,1.18648,-9.7109,4.06096,-10.402,-11.7251,28.5477,7.54542,6.95294e-310,-69.7219,6.68183e-310,-73.2728,1.4822e-323,-78.4875,5.06782e-310,215.404,43.6235,-94.1553,43.7557,-97.4686,43.8142,-102.577,45.4314,194.524,-9.66265,33.9608,-9.30128,34.4545,-8.67133,35.1429,-47.8156,-2.38419,
0.508754,0.506489,0.500737,0.430953,200,0,0,-0.590381,1.92051,-0.471392,2.04266,-0.530531,1.9915,-2.7498,-0.137662,0,-254.377,0,-253.245,0,-250.368,0,-215.476,43.6676,-24.3545,43.7226,-24.2555,43.8615,-24.0036,45.4284,-20.8868,3.98101,-8.55183,1.60316,-10.6936,3.75421,-9.75288,-11.4643,28.226,7.63397,6.95294e-310,-65.2844,6.68183e-310,-81.6342,1.4822e-323,-74.4532,5.06782e-310,215.476,43.6676,-89.6389,43.7226,-105.89,43.8615,-98.4568,45.4284,194.59,-10.2675,33.4001,-8.19813,35.5245,-9.22662,34.6348,-47.8225,-2.39412,
0.506945,0.507736,0.498759,0.431276,200,0,0,-0.62452,1.8889,-0.408157,2.10415,-0.562298,1.96246,-2.75069,-0.138948,0,-253.472,0,-253.868,0,-249.38,0,-215.638,43.7116,-24.2754,43.6924,-24.31,43.9088,-23.9168,45.4216,-20.9015,3.66148,-7.86135,1.9919,-11.6097,3.44273,-9.08821,-11.1659,27.821,7.7509,6.95294e-310,-60.9325,6.68183e-310,-89.9855,1.4822e-323,-70.4418,5.06782e-310,215.638,43.7116,-85.2079,43.6924,-114.295,43.9088,-94.3587,45.4216,194.737,-10.8612,32.8504,-7.09839,36.594,-9.7791,34.1297,-47.8381,-2.41648,
0.505063,0.508934,0.496734,0.431732,200,0,0,-0.660019,1.85602,-0.342129,2.16851,-0.59509,1.93245,-2.75195,-0.140757,0,-252.532,0,-254.467,0,-248.367,0,-215.866,43.7572,-24.1931,43.6632,-24.3623,43.9572,-23.8278,45.4121,-20.9222,3.32945,-7.14543,2.37673,-12.5055,3.12157,-8.39846,-10.8387,27.3452,7.89412,6.95294e-310,-56.4069,6.68183e-310,-98.7196,1.4822e-323,-66.2984,5.06782e-310,215.866,43.7572,-80.6,43.6632,-123.082,43.9572,-90.1263,45.4121,194.944,-11.4786,32.2786,-5.95007,37.7131,-10.3494,33.6078,-47.8601,-2.44796,
0.503206,0.510073,0.494457,0.432331,200,0,0,-0.695672,1.82295,-0.271367,2.23767,-0.632335,1.89832,-2.75362,-0.143139,0,-251.603,0,-255.036,0,-247.229,0,-216.165,43.8021,-24.1118,43.6355,-24.412,44.0113,-23.7277,45.3996,-20.9494,3.00213,-6.4272,2.7214,-13.3981,2.7616,-7.63338,-10.4337,26.7919,8.06831,6.95294e-310,-51.8566,6.68183e-310,-108.1,1.4822e-323,-61.5884,5.06782e-310,216.165,43.8021,-75.9684,43.6355,-132.512,44.0113,-85.3161,45.3996,195.216,-12.0986,31.7034,-4.71942,38.916,-10.9971,33.0142,-47.889,-2.48938,
0.50136,0.511139,0.492636,0.433146,200,0,0,-0.732449,1.78872,-0.20328,2.30426,-0.664137,1.86899,-2.75587,-0.146379,0,-250.68,0,-255.57,0,-246.318,0,-216.573,43.8465,-24.0309,43.6094,-24.4586,44.0545,-23.6475,45.3825,-20.9864,2.66345,-5.70134,3.0771,-14.1623,2.45421,-6.95841,-10.0806,26.1862,8.27049,6.95294e-310,-47.1529,6.68183e-310,-117.129,1.4822e-323,-57.5494,5.06782e-310,216.573,43.8465,-71.1838,43.6094,-141.588,44.0545,-81.1969,45.3825,195.587,-12.7382,31.1082,-3.5353,40.0741,-11.5502,32.5043,-47.9282,-2.54572,
0.499467,0.512026,0.490538,0.434165,200,0,0,-0.769874,1.75391,-0.129796,2.3765,-0.700612,1.83537,-2.75869,-0.15043,0,-249.733,0,-256.013,0,-245.269,0,-217.082,43.8919,-23.9479,43.5877,-24.4972,44.104,-23.555,45.3611,-21.0326,2.32636,-4.96732,3.386,-14.8794,2.10949,-6.20423,-9.63437,25.4514,8.52927,6.95294e-310,-42.3676,6.68183e-310,-126.911,1.4822e-323,-52.9176,5.06782e-310,217.082,43.8919,-66.3155,43.5877,-151.408,44.104,-76.4726,45.3611,196.05,-13.3891,30.5028,-2.25732,41.3304,-12.1845,31.9194,-47.9773,-2.61618,
0.497621,0.513069,0.488213,0.435339,200,0,0,-0.810938,1.71538,-0.0445014,2.46032,-0.74471,1.79441,-2.76194,-0.155103,0,-248.81,0,-256.534,0,-244.107,0,-217.669,43.936,-23.8668,43.5621,-24.5427,44.1586,-23.4524,45.3364,-21.0859,1.97935,-4.20269,3.68292,-15.6688,1.71563,-5.359,-9.12205,24.6677,8.82408,6.95294e-310,-37.0849,6.68183e-310,-138.263,1.4822e-323,-47.2882,5.06782e-310,217.669,43.936,-60.9517,43.5621,-162.805,44.1586,-70.7407,45.3364,196.584,-14.1033,29.8328,-0.773937,42.7882,-12.9515,31.2071,-48.0338,-2.69745,
0.495751,0.51392,0.486332,0.436561,200,0,0,-0.853231,1.67565,0.0371258,2.54075,-0.783006,1.75865,-2.76533,-0.159969,0,-247.876,0,-256.96,0,-243.166,0,-218.281,43.9806,-23.7846,43.5412,-24.5797,44.2027,-23.3693,45.3105,-21.1413,1.63285,-3.46002,3.98627,-16.3104,1.38777,-4.63465,-8.68613,23.8708,9.14426,6.95294e-310,-31.6393,6.68183e-310,-149.146,1.4822e-323,-42.3805,5.06782e-310,218.281,43.9806,-55.424,43.5412,-173.726,44.2027,-65.7498,45.3105,197.139,-14.8388,29.1418,0.645666,44.1869,-13.6175,30.5852,-48.0926,-2.78207,
0.493894,0.514687,0.484247,0.438179,200,0,0,-0.899043,1.63238,0.130878,2.63341,-0.828866,1.71558,-2.7698,-0.166412,0,-246.947,0,-257.343,0,-242.123,0,-219.09,44.0247,-23.7029,43.5224,-24.6131,44.2513,-23.2771,45.2763,-21.2146,1.27895,-2.68813,4.24456,-16.8993,1.01485,-3.8131,-8.13983,22.9005,9.56701,6.95294e-310,-25.7173,6.68183e-310,-161.676,1.4822e-323,-36.48,5.06782e-310,219.09,44.0247,-49.4202,43.5224,-186.289,44.2513,-59.7571,45.2763,197.875,-15.6355,28.3891,2.27614,45.7985,-14.4151,29.8362,-48.1704,-2.89412,
0.491988,0.51537,0.482161,0.439773,200,0,0,-0.948721,1.58529,0.231933,2.7335,-0.87809,1.66915,-2.7742,-0.172763,0,-245.994,0,-257.685,0,-241.081,0,-219.887,44.0698,-23.619,43.5055,-24.6428,44.2997,-23.1848,45.2424,-21.2867,0.924067,-1.92186,4.49833,-17.4641,0.646829,-3.00292,-7.60106,21.9183,10.0321,6.95294e-310,-19.2803,6.68183e-310,-175.202,1.4822e-323,-30.1255,5.06782e-310,219.887,44.0698,-42.8992,43.5055,-199.844,44.2997,-53.3102,45.2424,198.6,-16.4995,27.5703,4.03361,47.5391,-15.2711,29.0286,-48.247,-3.00458,
0.490083,0.515981,0.479788,0.441534,200,0,0,-1.00345,1.53315,0.349451,2.85015,-0.93845,1.61194,-2.77906,-0.179784,0,-245.041,0,-257.99,0,-239.894,0,-220.767,44.1147,-23.535,43.4905,-24.6694,44.3546,-23.0796,45.2049,-21.3663,0.569573,-1.14809,4.71146,-18.0254,0.233927,-2.10576,-6.97802,20.8394,10.5937,6.95294e-310,-12.1625,6.68183e-310,-190.956,1.4822e-323,-22.3078,5.06782e-310,220.767,44.1147,-35.6975,43.4905,-215.625,44.3546,-45.3874,45.2049,199.401,-17.4512,26.6635,6.07741,49.5679,-16.3209,28.0338,-48.3315,-3.12667,
0.488129,0.516556,0.477643,0.443344,200,0,0,-1.0652,1.47403,0.477134,2.97702,-1.00105,1.55218,-2.78406,-0.187008,0,-244.065,0,-258.278,0,-238.822,0,-221.672,44.1606,-23.4487,43.4763,-24.6944,44.404,-22.9844,45.1661,-21.4481,0.203857,-0.365462,4.94242,-18.5351,-0.151133,-1.261,-6.39717,19.7453,11.2266,6.95294e-310,-4.10288,6.68183e-310,-208.085,1.4822e-323,-14.1567,5.06782e-310,221.672,44.1606,-27.5516,43.4763,-232.78,44.404,-37.141,45.1661,200.224,-18.5252,25.6353,8.29798,51.7742,-17.4096,26.9944,-48.4184,-3.25231,
0.4862,0.516952,0.475474,0.445298,200,0,0,-1.13294,1.40889,0.619764,3.11909,-1.07204,1.48406,-2.78944,-0.194807,0,-243.1,0,-258.476,0,-237.737,0,-222.649,44.2057,-23.3635,43.4665,-24.7116,44.4538,-22.888,45.1241,-21.5363,-0.15239,0.397614,5.13447,-18.9582,-0.539719,-0.406982,-5.78284,18.574,11.9871,6.95294e-310,4.76625,6.68183e-310,-227.254,1.4822e-323,-4.87854,5.06782e-310,222.649,44.2057,-18.5972,43.4665,-251.966,44.4538,-27.7665,45.1241,201.113,-19.7032,24.5025,10.7785,54.245,-18.6441,25.8097,-48.5121,-3.38795,
0.484235,0.517323,0.473329,0.447383,200,0,0,-1.21229,1.33218,0.786145,3.28494,-1.15413,1.40478,-2.79519,-0.203139,0,-242.117,0,-258.662,0,-236.664,0,-223.692,44.2516,-23.2766,43.4573,-24.7278,44.5028,-22.7926,45.0791,-21.6304,-0.519977,1.17828,5.32544,-19.3547,-0.933359,0.457532,-5.15704,17.3438,12.8975,6.95294e-310,15.1969,6.68183e-310,-249.628,1.4822e-323,5.90103,5.06782e-310,223.692,44.2516,-8.07963,43.4573,-274.356,44.5028,-16.8916,45.0791,202.061,-21.0833,23.1683,13.6721,57.1294,-20.0718,24.4309,-48.612,-3.53285,
0.482257,0.517599,0.471376,0.449564,200,0,0,-1.29228,1.25482,0.854475,3.35288,-1.2372,1.32426,-2.70258,-0.113249,0,-241.129,0,-258.799,0,-235.688,0,-224.782,44.2975,-23.189,43.4505,-24.7397,44.5472,-22.7056,45.0318,-21.7287,-0.890239,1.95458,5.51538,-19.6724,-1.30456,1.27996,-4.55417,16.0763,13.1555,6.95294e-310,25.7134,6.68183e-310,-258.799,1.4822e-323,16.8385,5.06782e-310,211.491,44.2975,2.52442,43.4505,-283.539,44.5472,-5.86707,45.0318,189.762,-22.4745,21.823,14.8604,58.3109,-21.5166,23.0307,-47.0014,-1.96954,
0.48028,0.517766,0.468979,0.451853,200,0,0,-1.36516,1.18458,0.855271,3.35344,-1.32742,1.23717,-2.54405,0.0424175,0,-240.14,0,-258.883,0,-234.489,0,-225.927,44.3433,-23.1014,43.4463,-24.747,44.6015,-22.5988,44.982,-21.8317,-1.25383,2.72546,5.64861,-20.0048,-1.73677,2.21627,-3.84871,14.7144,12.9411,6.95294e-310,35.2704,6.68183e-310,-258.883,1.4822e-323,28.6808,5.06782e-310,190.42,44.3433,12.169,43.4463,-283.63,44.6015,6.08206,44.982,168.588,-23.7418,20.6014,14.8743,58.3206,-23.0855,21.516,-44.2443,0.737696,
0.478302,0.517826,0.467037,0.454238,200,0,0,-1.43675,1.11561,0.855555,3.35363,-1.40597,1.16113,-2.39665,0.186808,0,-239.151,0,-258.913,0,-233.519,0,-227.119,44.3889,-23.0136,43.4449,-24.7496,44.6453,-22.5121,44.9298,-21.9389,-1.62042,3.48577,5.79854,-20.2104,-2.11214,3.04526,-3.21633,13.3374,12.8109,6.95294e-310,44.6557,6.68183e-310,-258.913,1.4822e-323,39.0124,5.06782e-310,170.863,44.3889,21.6421,43.4449,-283.663,44.6453,16.5003,44.9298,148.924,-24.987,19.4019,14.8792,58.3241,-24.4517,20.1936,-41.6809,3.24884,
0.476325,0.517766,0.464688,0.456671,200,0,0,-1.50526,1.04971,0.855271,3.35344,-1.49207,1.07806,-2.24447,0.33592,0,-238.163,0,-258.883,0,-232.344,0,-228.335,44.4343,-22.9258,43.4463,-24.747,44.6981,-22.4072,44.8763,-22.0481,-1.97742,4.23162,5.89465,-20.4284,-2.53977,3.96978,-2.49925,11.8891,12.6727,6.95294e-310,53.6262,6.68183e-310,-258.883,1.4822e-323,50.3079,5.06782e-310,150.667,44.4343,30.7004,43.4463,-283.63,44.6981,27.9007,44.8763,128.619,-26.1785,18.2558,14.8743,58.3206,-25.9491,18.7489,-39.0342,5.84209,
0.474372,0.517575,0.462627,0.459259,200,0,0,-1.57367,0.983869,0.854362,3.3528,-1.57306,0.999731,-2.09595,0.481147,0,-237.186,0,-258.787,0,-231.314,0,-229.63,44.479,-22.839,43.4511,-24.7387,44.7442,-22.315,44.8191,-22.1642,-2.33307,4.96426,5.98447,-20.5265,-2.93566,4.83462,-1.81088,10.3897,12.6075,6.95294e-310,62.5867,6.68183e-310,-258.787,1.4822e-323,60.9523,5.06782e-310,130.988,44.479,39.7477,43.4511,-283.526,44.7442,38.6372,44.8191,108.824,-27.3682,17.1108,14.8585,58.3096,-27.3575,17.3866,-36.4513,8.36778,
0.472214,0.517227,0.460566,0.461944,200,0,0,-1.64587,0.914494,0.852713,3.35164,-1.65453,0.920895,-1.94202,0.631647,0,-236.107,0,-258.614,0,-230.283,0,-230.972,44.5282,-22.743,43.4597,-24.7236,44.7901,-22.2227,44.7594,-22.2845,-2.71048,5.72968,6.08568,-20.5711,-3.32977,5.7004,-1.12195,8.79693,12.5717,6.95294e-310,72.0317,6.68183e-310,-258.614,1.4822e-323,71.6635,5.06782e-310,110.592,44.5282,49.2887,43.4597,-283.337,44.7901,49.4408,44.7594,88.3076,-28.6239,15.9042,14.8298,58.2895,-28.7745,16.0156,-33.7742,10.9852,
0.470525,0.516724,0.458576,0.464676,200,0,0,-1.70796,0.854614,0.850326,3.34997,-1.7365,0.841466,-1.79649,0.773661,0,-235.262,0,-258.362,0,-229.288,0,-232.338,44.5665,-22.6677,43.4721,-24.7017,44.8342,-22.1336,44.6983,-22.4067,-3.01697,6.35937,6.0801,-20.4927,-3.71774,6.53983,-0.406088,7.24461,12.6075,6.95294e-310,80.1759,6.68183e-310,-258.362,1.4822e-323,82.451,5.06782e-310,91.3366,44.5665,57.5082,43.4721,-283.064,44.8342,60.3174,44.6983,68.9299,-29.7037,14.8628,14.7883,58.2604,-30.2,14.6342,-31.2434,13.455,
0.468631,0.516041,0.456647,0.467433,200,0,0,-1.77438,0.790654,0.847087,3.3477,-1.81832,0.762096,-1.64555,0.921042,0,-234.316,0,-258.02,0,-228.323,0,-233.716,44.6094,-22.5833,43.489,-24.672,44.8768,-22.0471,44.6364,-22.5298,-3.34018,7.01023,6.08996,-20.3513,-4.09032,7.35328,0.287742,5.62814,12.6783,6.95294e-310,88.8781,6.68183e-310,-258.02,1.4822e-323,93.2274,5.06782e-310,71.3554,44.6094,66.2948,43.489,-282.692,44.8768,71.1803,44.6364,48.8257,-30.8589,13.7505,14.7319,58.2209,-31.623,13.2538,-28.6183,16.0181,
0.46681,0.515154,0.454837,0.470201,200,0,0,-1.84021,0.727193,0.842882,3.34476,-1.9004,0.68231,-1.4936,1.0694,0,-233.405,0,-257.577,0,-227.419,0,-235.101,44.6504,-22.502,43.5108,-24.6334,44.9166,-21.9658,44.5739,-22.6533,-3.64058,7.61033,6.06579,-20.1031,-4.44073,8.12112,0.967144,3.99922,12.8128,6.95294e-310,97.5094,6.68183e-310,-257.577,1.4822e-323,104.054,5.06782e-310,51.2411,44.6504,75.0075,43.5108,-282.21,44.9166,82.0883,44.5739,28.5878,-32.0036,12.6468,14.6588,58.1697,-33.0504,11.8663,-25.9757,18.5982,
0.465048,0.51392,0.453088,0.472981,200,0,0,-1.90619,0.663486,0.837031,3.34065,-1.98591,0.598999,-1.33632,1.22304,0,-232.524,0,-256.96,0,-226.544,0,-236.491,44.69,-22.4233,43.5412,-24.5797,44.955,-21.8872,44.5107,-22.7771,-3.90749,8.14093,5.98465,-19.7031,-4.76799,8.84502,1.64786,2.33188,13.0416,6.95294e-310,106.171,6.68183e-310,-256.96,1.4822e-323,115.353,5.06782e-310,30.4114,44.69,83.7473,43.5412,-281.539,44.955,93.4659,44.5107,7.63429,-33.1511,11.5389,14.5571,58.0983,-34.5376,10.4174,-23.2404,21.2703,
0.463322,0.512649,0.451446,0.475822,200,0,0,-1.97528,0.596616,0.831011,3.33642,-2.07442,0.512554,-1.17198,1.38366,0,-231.661,0,-256.325,0,-225.723,0,-237.911,44.7286,-22.3461,43.5724,-24.5244,44.9909,-21.8133,44.4458,-22.9035,-4.17258,8.66055,5.8972,-19.2607,-5.08768,9.54822,2.31509,0.649065,13.3082,6.95294e-310,115.256,6.68183e-310,-256.325,1.4822e-323,127.07,5.06782e-310,8.63787,44.7286,92.9101,43.5724,-280.849,44.9909,105.256,44.4458,-14.2656,-34.3527,10.3759,14.4524,58.0248,-36.0769,8.91399,-20.3822,24.0636,
0.461489,0.511187,0.449888,0.479045,200,0,0,-2.05671,0.517536,0.824085,3.33156,-2.1752,0.413729,-0.980954,1.57042,0,-230.744,0,-255.594,0,-224.944,0,-239.523,44.7695,-22.2641,43.6082,-24.4606,45.0248,-21.7432,44.3718,-23.0466,-4.45954,9.21294,5.79569,-18.6899,-5.41592,10.2703,3.018,-1.21959,13.6755,6.95294e-310,125.991,6.68183e-310,-255.594,1.4822e-323,140.451,5.06782e-310,-16.6784,44.7695,103.727,43.6082,-280.054,45.0248,118.708,44.3718,-39.725,-35.7689,9.00062,14.3319,57.9401,-37.8295,7.19528,-17.0601,27.3117,
0.460122,0.509629,0.448414,0.48155,200,0,0,-2.12096,0.455031,0.816707,3.32637,-2.26733,0.323434,-0.815909,1.73214,0,-230.061,0,-254.815,0,-224.207,0,-240.775,44.7999,-22.2029,43.6463,-24.3927,45.0568,-21.6768,44.3139,-23.1577,-4.64048,9.56215,5.62255,-18.1196,-5.68396,10.8568,3.62664,-2.74397,14.063,6.95294e-310,134.472,6.68183e-310,-254.815,1.4822e-323,152.679,5.06782e-310,-38.5884,44.7999,112.269,43.6463,-279.207,45.0568,131.002,44.3139,-61.746,-36.8863,7.91359,14.2036,57.8499,-39.4319,5.62494,-14.1897,30.1242,
0.458455,0.508059,0.447072,0.484462,200,0,0,-2.20421,0.373913,0.809276,3.32114,-2.37137,0.221071,-0.61822,1.92594,0,-229.228,0,-254.03,0,-223.536,0,-242.231,44.8369,-22.1282,43.6845,-24.3241,45.0859,-21.6163,44.2463,-23.2866,-4.88538,10.0207,5.49952,-17.4983,-5.96524,11.4709,4.24456,-4.46653,14.5174,6.95294e-310,145.474,6.68183e-310,-254.03,1.4822e-323,166.527,5.06782e-310,-64.8423,44.8369,123.346,43.6845,-278.354,45.0859,144.911,44.2463,-88.129,-38.334,6.50283,14.0744,57.7589,-41.2411,3.84472,-10.7517,33.4946,
0.457234,0.50607,0.445825,0.487303,200,0,0,-2.28608,0.293591,0.799861,3.3145,-2.49003,0.103956,-0.40502,2.13533,0,-228.617,0,-253.035,0,-222.913,0,-243.651,44.8638,-22.0734,43.7328,-24.2372,45.1128,-21.5601,44.18,-23.4122,-5.03592,10.2982,5.24323,-16.6664,-6.21176,12.0114,4.87733,-6.13843,15.1823,6.95294e-310,156.35,6.68183e-310,-253.035,1.4822e-323,182.361,5.06782e-310,-93.1955,44.8638,134.276,43.7328,-277.272,45.1128,160.8,44.18,-116.608,-39.7579,5.10593,13.9106,57.6435,-43.3048,1.80794,-7.04382,37.1361,
0.455916,0.504308,0.444627,0.490059,200,0,0,-2.37445,0.206894,0.791529,3.30862,-2.61136,-0.0158918,-0.182499,2.35413,0,-227.958,0,-252.154,0,-222.313,0,-245.029,44.8929,-22.0142,43.7754,-24.1601,45.1386,-21.506,44.1153,-23.5339,-5.21567,10.6231,5.04214,-15.936,-6.46223,12.5489,5.46693,-7.76186,15.8229,6.95294e-310,168.089,6.68183e-310,-252.154,1.4822e-323,198.56,5.06782e-310,-122.815,44.8929,146.074,43.7754,-276.314,45.1386,177.054,44.1153,-146.349,-41.2948,3.59815,13.7657,57.5412,-45.4149,-0.276379,-3.1739,40.9414,
0.454526,0.502091,0.443524,0.492851,200,0,0,-2.48048,0.102618,0.781047,3.30121,-2.75499,-0.158163,0.0830786,2.61592,0,-227.263,0,-251.046,0,-221.762,0,-246.426,44.9235,-21.9518,43.8289,-24.063,45.1622,-21.4563,44.0494,-23.657,-5.3733,10.8983,4.79389,-15.0163,-6.67958,13.0264,6.0485,-9.46467,16.7182,6.95294e-310,182.199,6.68183e-310,-251.046,1.4822e-323,217.778,5.06782e-310,-158.232,44.9235,160.247,43.8289,-275.109,45.1622,196.321,44.0494,-181.889,-43.1388,1.78466,13.5834,57.4123,-47.9129,-2.75066,1.44485,45.4942,
0.453495,0.50015,0.442553,0.495584,200,0,0,-2.48326,0.101136,0.639711,3.16255,-2.78188,-0.183851,0.255672,2.78478,0,-226.748,0,-250.075,0,-221.277,0,-247.792,44.9461,-21.9055,43.8755,-23.9778,45.1831,-21.4124,43.9846,-23.7773,-5.50509,11.1201,4.53017,-14.1568,-6.89795,13.4873,6.61092,-11.0398,16.4063,6.95294e-310,182.44,6.68183e-310,-232.262,1.4822e-323,221.277,5.06782e-310,-181.123,44.9461,160.535,43.8755,-256.24,45.1831,199.864,43.9846,-204.9,-43.1872,1.75889,11.1254,55.0009,-48.3805,-3.19742,4.44647,48.431,
0.452428,0.497837,0.441655,0.498136,200,0,0,-2.4628,0.122944,0.469949,2.99597,-2.7794,-0.180266,0.402392,2.92801,0,-226.214,0,-248.918,0,-220.827,0,-249.068,44.9694,-21.8575,43.9309,-23.8763,45.2023,-21.3718,43.9237,-23.8895,-5.6048,11.2761,4.22933,-13.1699,-7.07432,13.869,7.13844,-12.5955,15.9224,6.95294e-310,179.543,6.68183e-310,-209.697,1.4822e-323,220.827,5.06782e-310,-200.55,44.9694,157.686,43.9309,-233.573,45.2023,199.456,43.9237,-224.44,-42.8313,2.13815,8.17302,52.1039,-48.3373,-3.13506,6.99812,50.9218,
0.451362,0.495164,0.440876,0.500677,200,0,0,-2.44338,0.143704,0.298153,2.82784,-2.77725,-0.177159,0.55249,3.07461,0,-225.681,0,-247.582,0,-220.438,0,-250.338,44.9927,-21.8096,43.9945,-23.7588,45.2189,-21.3366,43.8629,-24.001,-5.67888,11.3761,3.88414,-12.0273,-7.21685,14.185,7.64959,-14.1848,15.5402,6.95294e-310,176.787,6.68183e-310,-186.906,1.4822e-323,220.438,5.06782e-310,-220.434,44.9927,154.978,43.9945,-210.665,45.2189,199.101,43.8629,-244.435,-42.4935,2.4992,5.18527,49.1798,-48.2999,-3.08103,9.60852,53.4714,
0.450559,0.492887,0.440217,0.50305,200,0,0,-2.42409,0.164001,0.151342,2.68413,-2.77543,-0.174531,0.678923,3.19776,0,-225.279,0,-246.444,0,-220.108,0,-251.525,45.0102,-21.7734,44.0485,-23.6586,45.233,-21.3068,43.8058,-24.105,-5.74264,11.4545,3.56148,-11.0166,-7.35831,14.4829,8.11878,-15.6042,15.1978,6.95294e-310,174.083,6.68183e-310,-167.428,1.4822e-323,220.108,5.06782e-310,-237.15,45.0102,152.31,44.0485,-191.086,45.233,198.802,43.8058,-261.255,-42.158,2.85219,2.63204,46.6806,-48.2683,-3.03532,11.8074,55.6132,
0.44972,0.489867,0.439653,0.505567,200,0,0,-2.38284,0.206291,-0.035927,2.50096,-2.74871,-0.147129,0.797481,3.31282,0,-224.86,0,-244.934,0,-219.827,0,-252.783,45.0284,-21.7357,44.1198,-23.5254,45.245,-21.2813,43.745,-24.2152,-5.76564,11.4438,3.13651,-9.68938,-7.45948,14.7068,8.60848,-17.1765,14.7168,6.95294e-310,168.416,6.68183e-310,-142.596,1.4822e-323,216.436,5.06782e-310,-252.783,45.0284,146.681,44.1198,-166.122,45.245,195.155,43.745,-276.998,-41.4408,3.58767,-0.624818,43.4949,-47.8037,-2.55876,13.8692,57.6142,
0.449073,0.487003,0.439198,0.507448,200,0,0,-2.29271,0.297229,-0.23186,2.30889,-2.65646,-0.0543197,0.806383,3.3191,0,-224.536,0,-243.501,0,-219.599,0,-253.724,45.0425,-21.7065,44.187,-23.399,45.2547,-21.2607,43.6994,-24.2974,-5.74196,11.3512,2.72717,-8.4724,-7.50732,14.8222,8.99555,-18.4401,13.7594,6.95294e-310,156.185,6.68183e-310,-116.575,1.4822e-323,203.944,5.06782e-310,-253.724,45.0425,134.478,44.187,-139.974,45.2547,182.683,43.6994,-278.021,-39.8733,5.16921,-4.03235,40.1546,-46.1993,-0.94469,14.0241,57.7234,
0.448534,0.484354,0.438862,0.509378,200,0,0,-2.21719,0.373424,-0.397597,2.14671,-2.57867,0.0238794,0.815516,3.32553,0,-224.267,0,-242.177,0,-219.431,0,-254.689,45.0542,-21.6822,44.2488,-23.2819,45.2618,-21.2455,43.6524,-24.3817,-5.72664,11.2686,2.33544,-7.30409,-7.55915,14.9348,9.36698,-19.666,12.9507,6.95294e-310,145.936,6.68183e-310,-94.593,1.4822e-323,193.416,5.06782e-310,-254.689,45.0542,124.254,44.2488,-117.875,45.2618,172.171,43.6524,-279.07,-38.5599,6.49433,-6.91473,37.3341,-44.8465,0.415294,14.1829,57.8353,
0.44797,0.480999,0.438647,0.511115,200,0,0,-2.13918,0.452142,-0.56997,1.97881,-2.497,0.105815,0.823745,3.33132,0,-223.985,0,-240.499,0,-219.323,0,-255.558,45.0664,-21.6569,44.3267,-23.1332,45.2664,-21.2357,43.61,-24.4575,-5.65414,11.071,1.85584,-5.87385,-7.54188,14.9181,9.70807,-20.9037,12.2255,6.95294e-310,135.348,6.68183e-310,-71.8105,1.4822e-323,182.381,5.06782e-310,-255.558,45.0664,113.691,44.3267,-94.9438,45.2664,161.145,43.61,-280.015,-37.2031,7.86333,-9.91252,34.4141,-43.4261,1.84025,14.326,57.936,
0.447551,0.477931,0.438551,0.512709,200,0,0,-2.07446,0.517385,-0.713348,1.8395,-2.42931,0.173626,0.831296,3.33662,0,-223.775,0,-238.965,0,-219.275,0,-256.355,45.0755,-21.6379,44.3974,-22.9971,45.2684,-21.2314,43.5709,-24.527,-5.57964,10.8685,1.40433,-4.54213,-7.51652,14.8763,10.0083,-22.0129,11.6456,6.95294e-310,126.571,6.68183e-310,-52.896,1.4822e-323,173.245,5.06782e-310,-256.355,45.0755,104.933,44.3974,-75.8931,45.2684,152.013,43.5709,-280.882,-36.0775,8.998,-12.406,31.9914,-42.2488,3.01959,14.4573,58.0283,
0.447239,0.474995,0.438599,0.514135,200,0,0,-2.01809,0.57414,-0.839172,1.71755,-2.36953,0.233343,0.838054,3.34137,0,-223.62,0,-237.497,0,-219.299,0,-257.068,45.0822,-21.6239,44.4648,-22.8667,45.2674,-21.2336,43.5359,-24.5891,-5.49446,10.6447,0.967423,-3.25146,-7.46848,14.7852,10.2626,-23.008,11.173,6.95294e-310,118.933,6.68183e-310,-36.3285,1.4822e-323,165.194,5.06782e-310,-257.068,45.0822,97.3095,44.4648,-59.1952,45.2674,143.961,43.5359,-281.657,-35.0972,9.98505,-14.5943,29.8705,-41.2092,4.05814,14.5748,58.1108,
0.44694,0.471543,0.438766,0.515382,200,0,0,-1.95917,0.633428,-0.971138,1.59011,-2.30606,0.296613,0.843962,3.34551,0,-223.47,0,-235.772,0,-219.383,0,-257.691,45.0887,-21.6104,44.5434,-22.7131,45.2638,-21.2412,43.5052,-24.6433,-5.36414,10.3284,0.4624,-1.76866,-7.36349,14.583,10.4865,-23.9876,10.7427,6.95294e-310,110.954,6.68183e-310,-19.0001,1.4822e-323,156.66,5.06782e-310,-257.691,45.0887,89.3437,44.5434,-41.7132,45.2638,135.419,43.5052,-282.334,-34.0726,11.0161,-16.8894,27.6541,-40.1053,5.15849,14.6776,58.1828,
0.446772,0.468439,0.439042,0.516556,200,0,0,-1.90884,0.683971,-1.08428,1.48101,-2.25155,0.350787,0.849531,3.34942,0,-223.386,0,-234.22,0,-219.521,0,-258.278,45.0923,-21.6028,44.6137,-22.5747,45.258,-21.2536,43.4763,-24.6944,-5.24119,10.0251,-0.00620746,-0.400602,-7.2604,14.376,10.6802,-24.8614,10.3887,6.95294e-310,104.148,6.68183e-310,-4.16174,1.4822e-323,149.348,5.06782e-310,-258.278,45.0923,82.5454,44.6137,-26.7365,45.258,128.095,43.4763,-282.972,-33.1972,11.8951,-18.857,25.7567,-39.1573,6.10065,14.7744,58.2507,
0.446652,0.465395,0.439426,0.517407,200,0,0,-1.86339,0.729565,-1.18733,1.3819,-2.20084,0.40102,0.853566,3.35224,0,-223.326,0,-232.698,0,-219.713,0,-258.703,45.0949,-21.5974,44.6822,-22.4388,45.2498,-21.271,43.4552,-24.7314,-5.10039,9.69147,-0.457134,0.922287,-7.1208,14.0974,10.812,-25.5819,10.1128,6.95294e-310,98.0076,6.68183e-310,9.32687,1.4822e-323,142.564,5.06782e-310,-258.703,45.0949,76.4102,44.6822,-13.1119,45.2498,121.293,43.4552,-283.435,-32.4068,12.6881,-20.6492,24.033,-38.2756,6.97425,14.8446,58.2999,
0.446604,0.462411,0.439905,0.518294,200,0,0,-1.8204,0.772621,-1.28542,1.28765,-2.15233,0.44895,0.857773,3.35519,0,-223.302,0,-231.206,0,-219.952,0,-259.147,45.0959,-21.5953,44.749,-22.3054,45.2396,-21.2927,43.4333,-24.7699,-4.96034,9.35335,-0.909241,2.24738,-6.97745,13.8044,10.9349,-26.2877,9.8581,6.95294e-310,92.2062,6.68183e-310,22.1549,1.4822e-323,136.085,5.06782e-310,-259.147,45.0959,70.611,44.749,-0.150482,45.2396,114.793,43.4333,-283.917,-31.6591,13.4369,-22.3551,22.3939,-37.4318,7.80783,14.9178,58.3511,
0.446616,0.459451,0.44048,0.518929,200,0,0,-1.7798,0.813198,-1.37821,1.19864,-2.10563,0.494943,0.860786,3.35729,0,-223.308,0,-229.726,0,-220.24,0,-259.464,45.0957,-21.5958,44.8148,-22.1728,45.2274,-21.3187,43.4175,-24.7975,-4.80253,8.98316,-1.35488,3.54968,-6.80317,13.4499,11.0106,-26.8723,9.65547,6.95294e-310,86.7366,6.68183e-310,34.2738,1.4822e-323,129.865,5.06782e-310,-259.464,45.0957,65.1408,44.8148,12.101,45.2274,108.546,43.4175,-284.262,-30.9531,14.1426,-23.9688,20.846,-36.6196,8.60771,14.9702,58.3877,
0.446676,0.456527,0.441199,0.519408,200,0,0,-1.74125,0.851677,-1.46779,1.11278,-2.05934,0.540353,0.863061,3.35889,0,-223.338,0,-228.264,0,-220.6,0,-259.704,45.0944,-21.5985,44.8794,-22.0417,45.212,-21.3512,43.4057,-24.8183,-4.6353,8.59393,-1.78982,4.84411,-6.6007,13.0379,11.0423,-27.3689,9.48904,6.95294e-310,81.5481,6.68183e-310,45.966,1.4822e-323,123.718,5.06782e-310,-259.704,45.0944,59.9496,44.8794,23.9243,45.212,102.366,43.4057,-284.522,-30.2826,14.8118,-25.5267,19.3527,-35.8146,9.39744,15.0098,58.4154,
0.446796,0.453783,0.442002,0.519888,200,0,0,-1.70565,0.887128,-1.55138,1.03265,-2.01559,0.583116,0.865336,3.36048,0,-223.398,0,-226.891,0,-221.001,0,-259.944,45.0918,-21.6039,44.9398,-21.9184,45.1949,-21.3875,43.3937,-24.8391,-4.4756,8.21676,-2.20422,6.08791,-6.39873,12.6223,11.0581,-27.8237,9.34252,6.95294e-310,76.7652,6.68183e-310,56.8765,1.4822e-323,117.924,5.06782e-310,-259.944,45.0918,55.1613,44.9398,34.9581,45.1949,96.5362,43.3937,-284.783,-29.6635,15.4283,-26.9806,17.9592,-35.0537,10.1411,15.0493,58.4431,
0.446964,0.450847,0.442973,0.520187,200,0,0,-1.66858,0.923995,-1.63919,0.948536,-1.96854,0.628973,0.866757,3.36147,0,-223.482,0,-225.423,0,-221.486,0,-260.094,45.0882,-21.6115,45.0039,-21.7864,45.1741,-21.4314,43.3863,-24.8521,-4.29043,7.78609,-2.6414,7.41091,-6.15155,12.1153,11.0296,-28.209,9.22025,6.95294e-310,71.7897,6.68183e-310,68.3305,1.4822e-323,111.706,5.06782e-310,-260.094,45.0882,50.1783,45.0039,46.5441,45.1741,90.2748,43.3863,-284.946,-29.0187,16.0695,-28.5077,16.4963,-34.2354,10.9387,15.074,58.4603,
0.447167,0.448534,0.443836,0.520331,200,0,0,-1.63923,0.953084,-1.70848,0.882138,-1.93098,0.665468,0.86744,3.36195,0,-223.584,0,-224.267,0,-221.918,0,-260.166,45.0838,-21.6207,45.0542,-21.6822,45.1556,-21.4703,43.3827,-24.8584,-4.1328,7.42215,-2.99055,8.46219,-5.93784,11.676,10.9832,-28.455,9.14307,6.95294e-310,67.8612,6.68183e-310,77.3704,1.4822e-323,106.755,5.06782e-310,-260.166,45.0838,46.2405,45.0542,55.6882,45.1556,85.2842,43.3827,-285.024,-28.5084,16.5754,-29.7127,15.3415,-33.5822,11.5734,15.0859,58.4686,
0.447443,0.445993,0.444842,0.520367,200,0,0,-1.60691,0.98506,-1.78435,0.809429,-1.88947,0.705734,0.867611,3.36207,0,-223.722,0,-222.996,0,-222.421,0,-260.184,45.0778,-21.6331,45.1091,-21.5677,45.1339,-21.5158,43.3818,-24.8599,-3.9485,6.99993,-3.37707,9.6139,-5.68647,11.1584,10.9097,-28.663,9.07734,6.95294e-310,63.5407,6.68183e-310,87.2687,1.4822e-323,101.289,5.06782e-310,-260.184,45.0778,41.9076,45.1091,65.701,45.1339,79.7732,43.3818,-285.043,-27.9463,17.1315,-31.0321,14.077,-32.8603,12.2736,15.0889,58.4707,
0.447719,0.443524,0.445897,0.520247,200,0,0,-1.5759,1.01573,-1.85804,0.738791,-1.84816,0.745734,0.867042,3.36167,0,-223.859,0,-221.762,0,-222.949,0,-260.124,45.0719,-21.6455,45.1622,-21.4563,45.1112,-21.5634,43.3848,-24.8547,-3.76193,6.57504,-3.74481,10.7249,-5.4203,10.6113,10.8044,-28.7954,9.03353,6.95294e-310,59.3958,6.68183e-310,96.8837,1.4822e-323,95.8574,5.06782e-310,-260.124,45.0719,37.7503,45.1622,75.4275,45.1112,74.294,43.3848,-284.978,-27.4069,17.6649,-32.3137,12.8485,-32.1419,12.9693,15.079,58.4638,
0.44803,0.441163,0.447,0.519924,200,0,0,-1.54575,1.04549,-1.92966,0.670073,-1.80718,0.78535,0.865506,3.3606,0,-224.015,0,-220.582,0,-223.5,0,-259.962,45.0651,-21.6596,45.2128,-21.3496,45.0874,-21.6131,43.3929,-24.8407,-3.56772,6.13939,-4.0924,11.7786,-5.13716,10.0313,10.6631,-28.8228,9.01932,6.95294e-310,55.3731,6.68183e-310,106.235,1.4822e-323,90.4753,5.06782e-310,-259.962,45.0651,33.7135,45.2128,84.8853,45.0874,68.8622,43.3929,-284.803,-26.8827,18.1824,-33.5593,11.6534,-31.4292,13.6583,15.0523,58.4451,
0.448366,0.438958,0.448114,0.51948,200,0,0,-1.51696,1.07387,-1.99812,0.60432,-1.76737,0.82377,0.863402,3.35912,0,-224.183,0,-219.479,0,-224.057,0,-259.74,45.0578,-21.6747,45.2597,-21.2498,45.0633,-21.6633,43.4039,-24.8215,-3.37489,5.70975,-4.41556,12.7611,-4.85116,9.44554,10.5008,-28.7775,9.02581,6.95294e-310,51.5351,6.68183e-310,115.18,1.4822e-323,85.2537,5.06782e-310,-259.74,45.0578,29.8604,45.2597,93.9297,45.0633,63.5904,43.4039,-284.562,-26.3819,18.676,-34.7498,10.5099,-30.7369,14.3264,15.0157,58.4196,
0.448768,0.436813,0.449277,0.518797,200,0,0,-1.48743,1.1029,-2.06719,0.537862,-1.7267,0.862985,0.860161,3.35686,0,-224.384,0,-218.407,0,-224.638,0,-259.399,45.0491,-21.6928,45.3052,-21.1527,45.0381,-21.7157,43.4208,-24.7918,-3.16525,5.25159,-4.73002,13.7025,-4.54296,8.81645,10.3016,-28.6148,9.0652,6.95294e-310,47.6067,6.68183e-310,124.216,1.4822e-323,79.9228,5.06782e-310,-259.399,45.0491,25.914,45.3052,103.063,45.0381,58.2071,43.4208,-284.19,-25.8683,19.1808,-35.9511,9.35412,-30.0296,15.0084,14.9593,58.3801,
0.449109,0.4348,0.450463,0.517886,200,0,0,-1.4596,1.13029,-2.13428,0.473214,-1.68553,0.902677,0.85584,3.35383,0,-224.554,0,-217.4,0,-225.232,0,-258.943,45.0417,-21.7081,45.3477,-21.0614,45.0123,-21.7691,43.4434,-24.7522,-2.95927,4.80688,-5.00197,14.563,-4.21953,8.16023,10.0582,-28.3528,9.1329,6.95294e-310,43.9007,6.68183e-310,133.003,1.4822e-323,74.5266,5.06782e-310,-258.943,45.0417,22.1926,45.3477,111.941,45.0123,52.7575,43.4434,-283.695,-25.3844,19.6573,-37.1179,8.2298,-29.3136,15.6987,14.8842,58.3275,
0.449516,0.432894,0.451685,0.51688,200,0,0,-1.43129,1.1581,-2.20167,0.408132,-1.64396,0.94271,0.851065,3.35049,0,-224.758,0,-216.447,0,-225.843,0,-258.44,45.0329,-21.7265,45.3878,-20.975,44.9856,-21.8241,43.4683,-24.7085,-2.74775,4.35241,-5.26369,15.3815,-3.89035,7.4913,9.79742,-28.0251,9.22171,6.95294e-310,40.1366,6.68183e-310,141.844,1.4822e-323,69.0826,5.06782e-310,-258.44,45.0329,18.4101,45.3878,120.869,44.9856,47.2585,43.4683,-283.148,-24.8919,20.1409,-38.2898,7.09794,-28.5907,16.3949,14.8011,58.2694,
0.449948,0.431109,0.452932,0.515382,200,0,0,-1.40195,1.1869,-2.27074,0.34121,-1.60007,0.98504,0.843962,3.34551,0,-224.974,0,-215.554,0,-226.466,0,-257.691,45.0235,-21.7459,45.4252,-20.8939,44.9584,-21.8802,43.5052,-24.6433,-2.51258,3.86483,-5.48906,16.0966,-3.52391,6.75401,9.46469,-27.4832,9.37631,6.95294e-310,36.2379,6.68183e-310,150.927,1.4822e-323,63.3277,5.06782e-310,-257.691,45.0235,14.492,45.4252,130.033,44.9584,41.4475,43.5052,-282.334,-24.3817,20.6418,-39.4911,5.93409,-27.8273,17.1311,14.6776,58.1828,
0.450379,0.429407,0.454178,0.513812,200,0,0,-1.37228,1.21603,-2.34076,0.27323,-1.55513,1.0284,0.83652,3.34029,0,-225.19,0,-214.703,0,-227.089,0,-256.906,45.0141,-21.7653,45.4606,-20.8166,44.9311,-21.9362,43.5439,-24.575,-2.27983,3.38189,-5.69869,16.7706,-3.15736,6.0143,9.11873,-26.9027,9.54944,6.95294e-310,32.2951,6.68183e-310,160.15,1.4822e-323,57.4332,5.06782e-310,-256.906,45.0141,10.5298,45.4606,139.333,44.9311,35.497,43.5439,-281.481,-23.8657,21.1484,-40.7088,4.75183,-27.0458,17.8853,14.5482,58.092,
0.450835,0.427885,0.455568,0.512098,200,0,0,-1.34257,1.24517,-2.41325,0.202554,-1.50706,1.07472,0.8284,3.33459,0,-225.417,0,-213.942,0,-227.784,0,-256.049,45.0042,-21.7858,45.4923,-20.7474,44.9006,-21.9986,43.5859,-24.5004,-2.04855,2.90372,-5.86782,17.3843,-2.77111,5.23735,8.72248,-26.2255,9.76336,6.95294e-310,28.35,6.68183e-310,169.729,1.4822e-323,51.1341,5.06782e-310,-256.049,45.0042,6.56419,45.4923,148.982,44.9006,29.1355,43.5859,-280.549,-23.3491,21.6551,-41.9696,3.52268,-26.2097,18.6909,14.407,57.9929,
0.451302,0.426447,0.456827,0.510276,200,0,0,-1.31167,1.27549,-2.48607,0.131449,-1.45932,1.12087,0.819772,3.32852,0,-225.651,0,-213.223,0,-228.413,0,-255.138,44.994,-21.8069,45.5221,-20.6819,44.8728,-22.0551,43.6305,-24.4209,-1.81487,2.42383,-6.03082,17.9313,-2.39878,4.48511,8.33282,-25.5068,10.0028,6.95294e-310,24.245,6.68183e-310,179.363,1.4822e-323,44.8635,5.06782e-310,-255.138,44.994,2.4381,45.5221,158.681,44.8728,22.8084,43.6305,-279.559,-22.8116,22.1824,-43.236,2.28608,-25.3794,19.4934,14.2569,57.8874,
0.451793,0.42514,0.458097,0.508515,200,0,0,-1.2805,1.30604,-2.55978,0.0592947,-1.41087,1.16771,0.811431,3.32265,0,-225.897,0,-212.57,0,-229.049,0,-254.257,44.9833,-21.829,45.549,-20.6224,44.8448,-22.1121,43.6734,-24.344,-1.59086,1.96048,-6.17896,18.4406,-2.03817,3.75369,7.94537,-24.7903,10.2563,6.95294e-310,20.1073,6.68183e-310,189.133,1.4822e-323,38.4991,5.06782e-310,-254.257,44.9833,-1.72166,45.549,168.511,44.8448,16.387,43.6734,-278.601,-22.2695,22.7138,-44.5178,1.03121,-24.5368,20.3079,14.1118,57.7853,
0.452333,0.423954,0.459224,0.506202,200,0,0,-1.245,1.34087,-2.63893,-0.0184518,-1.35935,1.21779,0.800485,3.31494,0,-226.166,0,-211.977,0,-229.612,0,-253.101,44.9715,-21.8532,45.5735,-20.5684,44.8198,-22.1626,43.7296,-24.2429,-1.33557,1.45044,-6.30277,18.8135,-1.65922,2.98742,7.50847,-23.85,10.6122,6.95294e-310,15.3924,6.68183e-310,199.653,1.4822e-323,31.703,5.06782e-310,-253.101,44.9715,-6.46085,45.5735,179.084,44.8198,9.54042,43.7296,-277.344,-21.6521,23.3194,-45.8944,-0.320901,-23.6409,21.1789,13.9215,57.6511,
0.452872,0.422827,0.460482,0.503913,200,0,0,-1.20771,1.37748,-2.72508,-0.10327,-1.30245,1.27309,0.789659,3.3073,0,-226.436,0,-211.414,0,-230.241,0,-251.956,44.9597,-21.8775,45.5966,-20.517,44.7919,-22.219,43.785,-24.1428,-1.08795,0.948554,-6.40914,19.1889,-1.2711,2.19933,7.04639,-22.9003,11.0023,6.95294e-310,10.4363,6.68183e-310,211.123,1.4822e-323,24.1978,5.06782e-310,-251.956,44.9597,-11.4412,45.5966,190.606,44.7919,1.9788,43.785,-276.099,-21.0036,23.9561,-47.3926,-1.796,-22.6513,22.1406,13.7332,57.5182,
0.453447,0.421821,0.461728,0.50172,200,0,0,-1.16668,1.41778,-2.72443,-0.101441,-1.23727,1.33667,0.678067,3.19874,0,-226.724,0,-210.91,0,-230.864,0,-250.86,44.9471,-21.9033,45.6172,-20.4711,44.7642,-22.2748,43.8378,-24.0467,-0.849616,0.461338,-6.5078,19.5328,-0.900427,1.44253,6.59645,-21.9691,10.7977,6.95294e-310,4.98141,6.68183e-310,210.91,1.4822e-323,15.5761,5.06782e-310,-237.217,44.9471,-16.9219,45.6172,190.439,44.7642,-6.69873,43.8378,-261.263,-20.2901,24.657,-47.3814,-1.76418,-21.5177,23.2465,11.7925,55.6303,
0.45401,0.420946,0.46307,0.498951,200,0,0,-1.12433,1.45942,-2.722,-0.0979769,-1.16709,1.40513,0.557691,3.08218,0,-227.005,0,-210.473,0,-231.535,0,-249.476,44.9348,-21.9287,45.6351,-20.4312,44.7343,-22.3349,43.9042,-23.9252,-0.589286,-0.061364,-6.55089,19.7682,-0.48151,0.59111,6.04195,-20.7917,10.6471,6.95294e-310,-0.653345,6.68183e-310,210.473,1.4822e-323,6.29358,5.06782e-310,-221.371,44.9348,-22.582,45.6351,190.042,44.7343,-16.0413,43.9042,-245.296,-19.5536,25.3812,-47.3391,-1.70395,-20.2973,24.437,9.69897,53.6032,
0.454586,0.420167,0.464257,0.496267,200,0,0,-1.08425,1.49878,-2.71983,-0.0948938,-1.1038,1.4669,0.447448,2.97563,0,-227.293,0,-210.083,0,-232.128,0,-248.133,44.9222,-21.9545,45.651,-20.3956,44.7077,-22.3879,43.9683,-23.8073,-0.337913,-0.568089,-6.59466,19.9537,-0.0965867,-0.197742,5.52273,-19.6492,10.5286,6.95294e-310,-5.98116,6.68183e-310,210.083,1.4822e-323,-2.08194,5.06782e-310,-206.878,44.9222,-27.9357,45.651,189.688,44.7077,-24.4699,43.9683,-230.685,-18.8565,26.0657,-47.3014,-1.65033,-19.1965,25.5113,7.7817,51.75,
0.455161,0.419496,0.465419,0.493462,200,0,0,-1.04482,1.53748,-2.71796,-0.0922383,-1.04174,1.52746,0.339663,2.87167,0,-227.58,0,-209.748,0,-232.71,0,-246.731,44.9095,-21.9803,45.6647,-20.365,44.6817,-22.4399,44.0349,-23.6839,-0.0870749,-1.07413,-6.61694,20.0795,0.286186,-0.985398,4.98469,-18.4505,10.4459,6.95294e-310,-11.2202,6.68183e-310,209.748,1.4822e-323,-10.2933,5.06782e-310,-192.732,44.9095,-33.2006,45.6647,189.383,44.6817,-32.7332,44.0349,-216.416,-18.1708,26.7387,-47.2689,-1.60414,-18.1172,26.5645,5.90718,49.9421,
0.455724,0.418933,0.46645,0.490574,200,0,0,-1.0061,1.57549,-2.71639,-0.09001,-0.982809,1.58506,0.23628,2.77221,0,-227.862,0,-209.466,0,-233.225,0,-245.287,44.8971,-22.0056,45.6762,-20.3393,44.6585,-22.4859,44.1031,-23.5566,0.160838,-1.57295,-6.62405,20.1315,0.650435,-1.73959,4.45182,-17.2216,10.4049,6.95294e-310,-16.3664,6.68183e-310,209.466,1.4822e-323,-18.1003,5.06782e-310,-179.189,44.8971,-38.372,45.6762,189.127,44.6585,-40.5862,44.1031,-202.746,-17.4973,27.3998,-47.2416,-1.56539,-17.0923,27.5662,4.10922,48.2123,
0.456275,0.418477,0.467648,0.48747,200,0,0,-0.966768,1.61412,-2.71512,-0.0882088,-0.919114,1.6472,0.127934,2.66806,0,-228.138,0,-209.239,0,-233.824,0,-243.735,44.885,-22.0304,45.6854,-20.3185,44.6315,-22.5394,44.176,-23.4196,0.41,-2.0789,-6.59037,20.1426,1.04309,-2.55367,3.84886,-15.8844,10.3879,6.95294e-310,-21.5954,6.68183e-310,209.239,1.4822e-323,-26.5272,5.06782e-310,-165.006,44.885,-43.6258,45.6854,188.92,44.6315,-49.0666,44.176,-188.425,-16.8134,28.0716,-47.2195,-1.53407,-15.9846,28.6469,2.22494,46.401,
0.456779,0.418118,0.468595,0.484354,200,0,0,-0.928402,1.65185,-2.71412,-0.0867871,-0.860383,1.7047,0.0260539,2.57036,0,-228.389,0,-209.059,0,-234.298,0,-242.177,44.8739,-22.053,45.6927,-20.302,44.6102,-22.5817,44.2488,-23.2819,0.649724,-2.56344,-6.54756,20.0708,1.39723,-3.29472,3.28082,-14.5634,10.4161,6.95294e-310,-26.701,6.68183e-310,209.059,1.4822e-323,-34.3181,5.06782e-310,-151.694,44.8739,-48.754,45.6927,188.757,44.6102,-56.8998,44.2488,-174.976,-16.1461,28.7278,-47.2021,-1.50934,-14.9632,29.647,0.453112,44.7019,
0.457282,0.417878,0.469722,0.481227,200,0,0,-0.890423,1.68919,-2.71345,-0.0858393,-0.798426,1.7652,-0.0778499,2.47063,0,-228.641,0,-208.939,0,-234.861,0,-240.613,44.8628,-22.0756,45.6976,-20.2911,44.5847,-22.6319,44.3214,-23.1433,0.879985,-3.03698,-6.47255,19.9829,1.76538,-4.06661,2.66902,-13.2088,10.4559,6.95294e-310,-31.7542,6.68183e-310,208.939,1.4822e-323,-42.52,5.06782e-310,-138.109,44.8628,-53.8298,45.6976,188.648,44.5847,-65.1519,44.3214,-161.253,-15.4856,29.3772,-47.1905,-1.49286,-13.8857,30.6991,-1.35391,42.9675,
0.457797,0.417746,0.470692,0.478003,200,0,0,-0.850952,1.728,-2.71308,-0.0853181,-0.737591,1.82477,-0.181576,2.37118,0,-228.899,0,-208.873,0,-235.346,0,-239.001,44.8514,-22.0987,45.7003,-20.2851,44.5627,-22.6752,44.3958,-23.0003,1.11102,-3.51119,-6.38782,19.8177,2.11192,-4.80002,2.06618,-11.8181,10.5397,6.95294e-310,-37.007,6.68183e-310,208.873,1.4822e-323,-50.5909,5.06782e-310,-124.56,44.8514,-59.1057,45.7003,188.588,44.5627,-73.2661,44.3958,-147.56,-14.7992,30.0522,-47.1841,-1.48379,-12.8277,31.7351,-3.15784,41.2379,
0.458229,0.417734,0.471531,0.474767,200,0,0,-0.812251,1.76616,-2.71305,-0.0852707,-0.677839,1.88342,-0.282923,2.2741,0,-229.114,0,-208.867,0,-235.766,0,-237.384,44.8419,-22.118,45.7005,-20.2845,44.5437,-22.7126,44.47,-22.8566,1.32605,-3.95246,-6.2751,19.5779,2.43426,-5.48656,1.47192,-10.4355,10.6685,6.95294e-310,-42.1669,6.68183e-310,208.867,1.4822e-323,-58.5334,5.06782e-310,-111.331,44.8419,-64.2849,45.7005,188.583,44.5437,-81.2459,44.47,-134.188,-14.1261,30.7158,-47.1835,-1.48297,-11.7885,32.7552,-4.92041,39.5496,
0.458624,0.417854,0.472442,0.471088,200,0,0,-0.76892,1.80898,-2.71338,-0.0857445,-0.608642,1.95143,-0.398062,2.16378,0,-229.312,0,-208.927,0,-236.221,0,-235.544,44.8331,-22.1357,45.6981,-20.29,44.523,-22.7531,44.5538,-22.6928,1.55056,-4.41647,-6.10936,19.2412,2.78549,-6.23843,0.787575,-8.86887,10.8583,6.95294e-310,-47.9555,6.68183e-310,208.927,1.4822e-323,-67.739,5.06782e-310,-96.3012,44.8331,-70.0912,45.6981,188.637,44.523,-90.4921,44.5538,-118.994,-13.3725,31.4606,-47.1893,-1.49121,-10.5851,33.9379,-6.92282,37.6309,
0.459068,0.418034,0.473125,0.468032,200,0,0,-0.72919,1.84815,-2.71389,-0.0864554,-0.550654,2.00852,-0.497191,2.06863,0,-229.534,0,-209.017,0,-236.563,0,-234.016,44.8233,-22.1556,45.6944,-20.2982,44.5074,-22.7835,44.6229,-22.5565,1.74555,-4.82251,-5.98536,18.9284,3.05969,-6.83398,0.235172,-7.54761,11.0425,6.95294e-310,-53.2526,6.68183e-310,209.017,1.4822e-323,-75.4642,5.06782e-310,-83.3445,44.8233,-75.4082,45.6944,188.719,44.5074,-98.2477,44.6229,-105.901,-12.6816,32.1417,-47.198,-1.50357,-9.57659,34.9308,-8.64679,35.9761,
0.459427,0.418345,0.473904,0.464598,200,0,0,-0.685595,1.89129,-2.71475,-0.0876875,-0.482315,2.07584,-0.610178,1.96008,0,-229.714,0,-209.173,0,-236.952,0,-232.299,44.8153,-22.1717,45.6881,-20.3125,44.4897,-22.8182,44.7001,-22.4032,1.94043,-5.23307,-5.80063,18.5273,3.36144,-7.49085,-0.406551,-6.07337,11.29,6.95294e-310,-59.0813,6.68183e-310,209.173,1.4822e-323,-84.5716,5.06782e-310,-68.5683,44.8153,-81.2531,45.6881,188.86,44.4897,-107.39,44.7001,-90.9715,-11.9234,32.8919,-47.2131,-1.525,-8.38808,36.1016,-10.6118,34.0883,
0.459811,0.418765,0.474467,0.461057,200,0,0,-0.637072,1.93932,-2.71592,-0.0893464,-0.412094,2.14532,-0.729429,1.84537,0,-229.905,0,-209.382,0,-237.234,0,-230.529,44.8068,-22.1889,45.6796,-20.3316,44.4768,-22.8432,44.7791,-22.2448,2.13852,-5.64897,-5.61212,18.0383,3.63399,-8.09477,-1.02924,-4.56251,11.6077,6.95294e-310,-65.5713,6.68183e-310,209.382,1.4822e-323,-93.9613,5.06782e-310,-52.96,44.8068,-87.7602,45.6796,189.051,44.4768,-116.805,44.7791,-75.2048,-11.0795,33.7273,-47.2334,-1.55385,-7.16685,37.31,-12.6857,32.0934,
0.460194,0.419328,0.475079,0.457462,200,0,0,-0.58484,1.99106,-2.71749,-0.0915745,-0.335193,2.22142,-0.858101,1.72128,0,-230.097,0,-209.664,0,-237.539,0,-228.731,44.7983,-22.2061,45.6681,-20.3573,44.4628,-22.8704,44.8588,-22.0836,2.32915,-6.0553,-5.39475,17.4967,3.90495,-8.69934,-1.6795,-3.01151,11.9831,6.95294e-310,-72.5611,6.68183e-310,209.664,1.4822e-323,-104.245,5.06782e-310,-36.0872,44.7983,-94.7672,45.6681,189.307,44.4628,-127.115,44.8588,-58.1708,-10.1711,34.6272,-47.2607,-1.5926,-5.82944,38.6334,-14.9235,29.9353,
0.460518,0.420131,0.475582,0.453783,200,0,0,-0.527819,2.04767,-2.71973,-0.0947516,-0.250876,2.30507,-0.9979,1.58614,0,-230.259,0,-210.065,0,-237.791,0,-226.891,44.7911,-22.2206,45.6518,-20.394,44.4513,-22.8928,44.9398,-21.9184,2.50361,-6.42665,-5.13003,16.8322,4.15325,-9.25823,-2.3401,-1.42017,12.48,6.95294e-310,-80.2042,6.68183e-310,210.065,1.4822e-323,-115.542,5.06782e-310,-17.7236,44.7911,-102.425,45.6518,189.671,44.4513,-138.435,44.9398,-39.642,-9.17945,35.6117,-47.2996,-1.64785,-4.36307,40.0883,-17.3548,27.585,
0.460781,0.421006,0.476001,0.450128,200,0,0,-0.466516,2.10864,-2.72216,-0.0982142,-0.160302,2.3951,-1.14754,1.44109,0,-230.391,0,-210.503,0,-238.001,0,-225.064,44.7853,-22.2324,45.6339,-20.4339,44.4417,-22.9114,45.0196,-21.754,2.66465,-6.77423,-4.84927,16.1253,4.38233,-9.78184,-2.9929,0.150996,13.0542,6.95294e-310,-88.4322,6.68183e-310,210.503,1.4822e-323,-127.694,5.06782e-310,1.97114,44.7853,-110.665,45.6339,190.069,44.4417,-150.606,45.0196,-19.7829,-8.11333,36.6719,-47.342,-1.70807,-2.78787,41.6538,-19.9572,25.0624,
0.461081,0.421905,0.476361,0.44652,200,0,0,-0.398519,2.17625,-2.72467,-0.101773,-0.0632633,2.49166,-1.30953,1.2836,0,-230.541,0,-210.952,0,-238.18,0,-223.26,44.7786,-22.2458,45.6155,-20.4749,44.4335,-22.9274,45.0978,-21.5915,2.82455,-7.12576,-4.57843,15.4083,4.59504,-10.2788,-3.62989,1.70472,13.6908,6.95294e-310,-97.5578,6.68183e-310,210.952,1.4822e-323,-140.726,5.06782e-310,23.339,44.7786,-119.804,45.6155,190.477,44.4335,-163.653,45.0978,1.74752,-6.93077,37.8478,-47.3855,-1.76996,-1.10023,43.3332,-22.7744,22.3234,
0.461285,0.423151,0.476625,0.442901,200,0,0,-0.321872,2.25264,-2.72813,-0.106709,0.0494697,2.60405,-1.4941,1.1035,0,-230.642,0,-211.576,0,-238.312,0,-221.451,44.7741,-22.255,45.59,-20.5318,44.4274,-22.9391,45.1756,-21.4281,2.95454,-7.41056,-4.23893,14.5361,4.77804,-10.7099,-4.27568,3.28074,14.5552,6.95294e-310,-107.862,6.68183e-310,211.576,1.4822e-323,-155.885,5.06782e-310,47.7516,44.7741,-130.117,45.59,191.044,44.4274,-178.824,45.1756,26.3235,-5.59778,39.1763,-47.4458,-1.85582,0.860343,45.2878,-25.9844,19.1912,
0.461465,0.424254,0.47684,0.43927,200,0,0,-0.236211,2.33807,-2.7312,-0.111078,0.172955,2.72725,-1.69805,0.904006,0,-230.732,0,-212.127,0,-238.42,0,-219.635,44.7701,-22.263,45.5673,-20.582,44.4225,-22.9487,45.2531,-21.2639,3.08767,-7.71369,-3.92233,13.706,4.95742,-11.1456,-4.91459,4.83143,15.4769,6.95294e-310,-119.384,6.68183e-310,212.127,1.4822e-323,-172.5,5.06782e-310,74.7756,44.7701,-141.647,45.5673,191.545,44.4225,-195.448,45.2531,53.5116,-4.10801,40.6621,-47.4991,-1.93179,3.00791,47.4304,-29.5313,15.7218,
0.461584,0.425788,0.476936,0.43571,200,0,0,-0.134514,2.43961,-2.73546,-0.11716,0.322196,2.87636,-1.9412,0.665193,0,-230.792,0,-212.894,0,-238.468,0,-217.855,44.7674,-22.2684,45.5357,-20.6519,44.4203,-22.953,45.3285,-21.1027,3.18673,-7.9376,-3.53643,12.6986,5.09562,-11.4882,-5.54554,6.38791,16.7652,6.95294e-310,-133.075,6.68183e-310,212.894,1.4822e-323,-192.602,5.06782e-310,107.094,44.7674,-155.343,45.5357,192.242,44.4203,-215.555,45.3285,85.9915,-2.33938,42.428,-47.5732,-2.03756,5.6034,50.0237,-33.7599,11.5686,
0.461644,0.427274,0.476948,0.432247,200,0,0,-0.0185672,2.55548,-2.73959,-0.123054,0.491537,3.04569,-2.21758,0.393001,0,-230.822,0,-213.637,0,-238.474,0,-216.124,44.7661,-22.271,45.5049,-20.7196,44.42,-22.9535,45.4013,-20.9456,3.27514,-8.14491,-3.15831,11.7022,5.21658,-11.8001,-6.15173,7.8826,18.2562,6.95294e-310,-148.695,6.68183e-310,213.637,1.4822e-323,-215.425,5.06782e-310,143.906,44.7661,-170.966,45.5049,192.917,44.42,-238.378,45.4013,122.96,-0.322908,44.4432,-47.645,-2.14007,8.54848,52.9685,-38.5665,6.8348,
0.461656,0.4287,0.476864,0.428927,200,0,0,0.0994146,2.67345,-2.7249,-0.11007,0.662155,3.21642,-2.51532,0.0992453,0,-230.828,0,-214.35,0,-238.432,0,-214.464,44.7658,-22.2716,45.4754,-20.7844,44.4219,-22.9498,45.4706,-20.7948,3.35318,-8.33436,-2.79491,10.7265,5.31725,-12.0731,-6.7213,9.29753,19.749,6.95294e-310,-164.595,6.68183e-310,211.837,1.4822e-323,-238.432,5.06782e-310,183.617,44.7658,-186.867,45.4754,191.053,44.4219,-261.382,45.4706,162.822,1.72895,46.4947,-47.3896,-1.91426,11.5157,55.9377,-43.7446,1.726,
0.461608,0.430521,0.476649,0.42574,200,0,0,0.0968638,2.67096,-2.53633,0.076321,0.661141,3.21569,-2.69955,-0.0811943,0,-230.804,0,-215.261,0,-238.324,0,-212.87,44.7669,-22.2694,45.4374,-20.8672,44.4269,-22.9402,45.5367,-20.6497,3.39615,-8.44101,-2.37295,9.59175,5.37466,-12.2472,-7.2688,10.6913,19.4595,6.95294e-310,-164.258,6.68183e-310,186.65,1.4822e-323,-238.324,5.06782e-310,208.048,44.7669,-186.527,45.4374,165.783,44.4269,-261.264,45.5367,187.398,1.68459,46.4515,-44.1101,1.32732,11.4981,55.925,-46.9488,-1.41207,
0.461477,0.432115,0.476337,0.422516,200,0,0,-0.00753681,2.56673,-2.25798,0.352752,0.509695,3.06465,-2.72637,-0.104193,0,-230.738,0,-216.058,0,-238.168,0,-211.258,44.7698,-22.2635,45.4041,-20.9396,44.434,-22.9264,45.603,-20.5028,3.4419,-8.56417,-1.97841,8.51469,5.42937,-12.4271,-7.80284,12.0453,17.5386,6.95294e-310,-150.204,6.68183e-310,149.336,1.4822e-323,-217.954,5.06782e-310,211.258,44.7698,-172.467,45.4041,128.396,44.434,-240.88,45.603,190.755,-0.131075,44.6387,-39.2693,6.13481,8.86426,53.2983,-47.4151,-1.81206,
0.461297,0.433973,0.475918,0.4194,200,0,0,-0.118446,2.45605,-2.0009,0.60759,0.350187,2.9057,-2.71769,-0.091859,0,-230.648,0,-216.986,0,-237.959,0,-209.7,44.7738,-22.2555,45.3651,-21.0239,44.4436,-22.9077,45.6667,-20.3606,3.46161,-8.62795,-1.54701,7.32958,5.45094,-12.5333,-8.31651,13.3745,15.6791,6.95294e-310,-135.278,6.68183e-310,114.921,1.4822e-323,-196.511,5.06782e-310,209.7,44.7738,-157.534,45.3651,93.8972,44.4436,-219.418,45.6667,189.339,-2.05994,42.7139,-34.7983,10.5668,6.09021,50.5338,-47.2642,-1.59755,
0.460985,0.436106,0.475378,0.416392,200,0,0,-0.21567,2.35922,-1.78059,0.825318,0.214748,2.77097,-2.70931,-0.0799651,0,-230.493,0,-218.053,0,-237.689,0,-208.196,44.7807,-22.2415,45.3202,-21.1207,44.456,-22.8837,45.7277,-20.2232,3.44468,-8.60911,-1.06244,6.02266,5.43832,-12.5618,-8.81348,14.6658,14.196,6.95294e-310,-122.215,6.68183e-310,85.4978,1.4822e-323,-178.327,5.06782e-310,208.196,44.7807,-144.457,45.3202,64.3772,44.456,-201.211,45.7277,187.973,-3.75079,41.0299,-30.9668,14.3534,3.73475,48.1907,-47.1184,-1.3907,
0.460602,0.438167,0.474707,0.413312,200,0,0,-0.296873,2.27851,-1.59656,1.00684,0.0997496,2.65685,-2.70071,-0.0678006,0,-230.301,0,-219.084,0,-237.354,0,-206.656,44.7893,-22.2244,45.2765,-21.214,44.4713,-22.8539,45.7898,-20.0822,3.42521,-8.59199,-0.584688,4.70472,5.41374,-12.5743,-9.30117,15.9502,12.9563,6.95294e-310,-111.321,6.68183e-310,60.956,1.4822e-323,-162.917,5.06782e-310,206.656,44.7893,-133.545,45.2765,39.7419,44.4713,-185.771,45.7898,186.574,-5.163,39.6263,-27.7663,17.5103,1.73478,46.2061,-46.9689,-1.17914,
0.460134,0.440109,0.473617,0.410975,200,0,0,-0.358109,2.21787,-1.45377,1.14725,0.00815086,2.56668,-2.69418,-0.0585801,0,-230.067,0,-220.054,0,-236.808,0,-205.488,44.7996,-22.2034,45.2353,-21.3019,44.4962,-22.8054,45.8366,-19.9752,3.37342,-8.48077,-0.171847,3.45048,5.30827,-12.3941,-9.58753,16.8983,12.1603,6.95294e-310,-103.128,6.68183e-310,41.9588,1.4822e-323,-150.716,5.06782e-310,205.488,44.7996,-125.332,45.2353,20.6569,44.4962,-173.521,45.8366,185.512,-6.22797,38.5717,-25.283,19.9522,0.141754,44.638,-46.8554,-1.01878,
0.459643,0.442494,0.472406,0.408542,200,0,0,-0.420805,2.1558,-1.30869,1.28941,-0.0842122,2.47591,-2.68738,-0.0489898,0,-229.821,0,-221.247,0,-236.203,0,-204.271,44.8105,-22.1814,45.1843,-21.4097,44.5238,-22.7515,45.885,-19.8636,3.29601,-8.31347,0.306021,1.99263,5.17066,-12.1468,-9.88989,17.9245,11.3962,6.95294e-310,-94.7422,6.68183e-310,22.7085,1.4822e-323,-138.428,5.06782e-310,204.271,44.8105,-116.924,45.1843,1.29878,44.5238,-161.179,45.885,184.408,-7.31835,37.4922,-22.7598,22.4246,-1.46456,43.0592,-46.737,-0.851996,
0.458912,0.444483,0.471064,0.406301,200,0,0,-0.472812,2.10473,-1.19182,1.40383,-0.15866,2.40321,-2.68111,-0.040163,0,-229.456,0,-222.241,0,-235.532,0,-203.151,44.8268,-22.1486,45.1417,-21.4996,44.5543,-22.6917,45.9294,-19.7607,3.20468,-8.11856,0.747809,0.66664,5.02712,-11.8848,-10.1347,18.7786,10.8182,6.95294e-310,-87.8282,6.68183e-310,7.21184,1.4822e-323,-128.572,5.06782e-310,203.151,44.8268,-109.977,45.1417,-14.2877,44.5543,-151.263,45.9294,183.39,-8.22282,36.6039,-20.7273,24.4144,-2.7593,41.795,-46.6279,-0.698488,
0.458241,0.446856,0.469602,0.404132,200,0,0,-0.524357,2.05403,-1.07409,1.51862,-0.233764,2.33001,-2.67503,-0.0316264,0,-229.12,0,-223.428,0,-234.801,0,-202.066,44.8416,-22.1186,45.0905,-21.6066,44.5874,-22.6266,45.9722,-19.661,3.09303,-7.87616,1.22115,-0.812295,4.84588,-11.5409,-10.3597,19.6559,10.2802,6.95294e-310,-80.9684,6.68183e-310,-8.35055,1.4822e-323,-118.642,5.06782e-310,202.066,44.8416,-103.087,45.0905,-29.9572,44.5874,-141.269,45.9722,182.405,-9.11926,35.7223,-18.6798,26.4107,-4.06547,40.522,-46.5222,-0.550025,
0.457318,0.448773,0.468044,0.402107,200,0,0,-0.568211,2.01135,-0.977694,1.61262,-0.295148,2.27065,-2.66935,-0.0236621,0,-228.659,0,-224.387,0,-234.022,0,-201.053,44.862,-22.0772,45.049,-21.693,44.6226,-22.5571,46.0119,-19.5679,2.97212,-7.61756,1.65647,-2.13756,4.66905,-11.2042,-10.5395,20.3721,9.86905,6.95294e-310,-75.1781,6.68183e-310,-21.0957,1.4822e-323,-110.575,5.06782e-310,201.053,44.862,-97.2552,45.049,-42.7887,44.6226,-133.132,46.0119,181.485,-9.88194,34.9801,-17.0034,28.0456,-5.13301,39.4896,-46.4234,-0.411514,
0.456419,0.451074,0.466366,0.400237,200,0,0,-0.613146,1.96756,-0.87779,1.70965,-0.358055,2.20992,-2.6641,-0.0163158,0,-228.21,0,-225.537,0,-233.183,0,-200.119,44.8818,-22.0368,44.999,-21.7966,44.6604,-22.4822,46.0484,-19.4818,2.82269,-7.29171,2.12571,-3.60837,4.45138,-10.7753,-10.6877,21.075,9.49555,6.95294e-310,-69.2388,6.68183e-310,-34.2635,1.4822e-323,-102.317,5.06782e-310,200.119,44.8818,-91.2756,44.999,-56.0601,44.6604,-124.8,46.0484,180.637,-10.6634,34.2184,-15.2659,29.733,-6.22704,38.4334,-46.3322,-0.283752,
0.455616,0.453124,0.464664,0.398475,200,0,0,-0.650389,1.93133,-0.792025,1.79284,-0.414116,2.15605,-2.65915,-0.00939794,0,-227.808,0,-226.562,0,-232.332,0,-199.238,44.8995,-22.0008,44.9542,-21.8888,44.6986,-22.4061,46.0827,-19.4007,2.69282,-7.01235,2.52877,-4.96653,4.23631,-10.355,-10.7971,21.7202,9.17291,6.95294e-310,-64.3237,6.68183e-310,-45.5576,1.4822e-323,-94.9853,5.06782e-310,199.238,44.8995,-86.3245,44.9542,-67.4464,44.6986,-117.391,46.0827,179.837,-11.3111,33.5884,-13.7743,31.1799,-7.20201,37.4966,-46.2461,-0.163442,
0.45455,0.454993,0.462927,0.396618,200,0,0,-0.686871,1.8962,-0.713264,1.86925,-0.464422,2.10798,-2.65393,-0.00210859,0,-227.275,0,-227.497,0,-231.463,0,-198.309,44.9229,-21.9529,44.9132,-21.9728,44.7375,-22.3284,46.1186,-19.3151,2.54585,-6.70494,2.95183,-6.29788,4.03089,-9.95779,-10.9259,22.33,8.88082,6.95294e-310,-59.5453,6.68183e-310,-55.9303,1.4822e-323,-88.4333,5.06782e-310,198.309,44.9229,-81.4982,44.9132,-77.9031,44.7375,-110.762,46.1186,178.994,-11.9456,32.9774,-12.4046,32.5086,-8.0769,36.6606,-46.1553,-0.036671,
0.453555,0.457186,0.461105,0.395228,200,0,0,-0.724043,1.86028,-0.631165,1.94857,-0.515416,2.05932,-2.65002,0.00334345,0,-226.777,0,-228.593,0,-230.553,0,-197.614,44.9448,-21.9082,44.8649,-22.0713,44.7781,-22.2469,46.1454,-19.2509,2.36565,-6.31144,3.38013,-7.70223,3.77832,-9.44436,-10.9719,22.8161,8.66115,6.95294e-310,-54.6644,6.68183e-310,-66.7102,1.4822e-323,-81.7991,5.06782e-310,197.614,44.9448,-76.5726,44.8649,-88.7815,44.7781,-104.046,46.1454,178.363,-12.592,32.3527,-10.9768,33.8881,-8.96375,35.8143,-46.0873,0.0581469,
0.452536,0.459152,0.459236,0.393718,200,0,0,-0.757175,1.82843,-0.557376,2.01986,-0.562669,2.01446,-2.64577,0.00926212,0,-226.268,0,-229.576,0,-229.618,0,-196.859,44.967,-21.8624,44.8214,-22.1594,44.8196,-22.1631,46.1745,-19.1812,2.20008,-5.95941,3.7763,-9.04601,3.53588,-8.96024,-11.0212,23.309,8.44561,6.95294e-310,-50.3308,6.68183e-310,-76.3991,1.4822e-323,-75.6747,5.06782e-310,196.859,44.967,-72.1932,44.8214,-98.5584,44.8196,-97.8378,46.1745,177.678,-13.1683,31.7988,-9.6935,35.1279,-9.78555,35.034,-46.0134,0.16108,
0.451494,0.461069,0.457318,0.392124,200,0,0,-0.788436,1.79848,-0.487597,2.08719,-0.608026,1.97154,-2.64128,0.0155061,0,-225.747,0,-230.535,0,-228.659,0,-196.062,44.9898,-21.8155,44.7789,-22.2453,44.862,-22.0772,46.205,-19.1076,2.03628,-5.61901,4.16525,-10.3934,3.29322,-8.48108,-11.0762,23.8186,8.23146,6.95294e-310,-46.2526,6.68183e-310,-85.5532,1.4822e-323,-69.8117,5.06782e-310,196.062,44.9898,-68.0682,44.7789,-107.799,44.862,-91.8888,46.205,176.954,-13.7119,31.2779,-8.47995,36.2989,-10.5744,34.2876,-45.9353,0.269671,
0.450451,0.462975,0.455305,0.390985,200,0,0,-0.818942,1.76928,-0.418219,2.15412,-0.652266,1.92985,-2.63807,0.0199638,0,-225.226,0,-231.487,0,-227.652,0,-195.493,45.0125,-21.7686,44.7364,-22.3306,44.9064,-21.9868,46.2267,-19.055,1.85309,-5.22322,4.52362,-11.6946,3.02062,-7.921,-11.0368,24.1533,8.09383,6.95294e-310,-42.2758,6.68183e-310,-94.6543,1.4822e-323,-64.1113,5.06782e-310,195.493,45.0125,-64.0444,44.7364,-116.985,44.9064,-86.0981,46.2267,176.438,-14.2425,30.7701,-7.27337,37.463,-11.3438,33.5626,-45.8795,0.347196,
0.449337,0.46476,0.453339,0.389883,200,0,0,-0.848402,1.74121,-0.353036,2.21701,-0.693163,1.89143,-2.63496,0.0242788,0,-224.668,0,-232.38,0,-226.67,0,-194.941,45.0368,-21.7184,44.6965,-22.4104,44.9495,-21.8985,46.2477,-19.004,1.66558,-4.82254,4.87639,-12.9446,2.75811,-7.38187,-11.0009,24.4507,7.97282,6.95294e-310,-38.4493,6.68183e-310,-103.205,1.4822e-323,-58.8544,5.06782e-310,194.941,45.0368,-60.1677,44.6965,-125.616,44.9495,-80.7529,46.2477,175.937,-14.7548,30.282,-6.13975,38.5567,-12.055,32.8945,-45.8254,0.42224,
0.448222,0.466462,0.451326,0.388852,200,0,0,-0.87639,1.71461,-0.290263,2.27759,-0.732925,1.8542,-2.63206,0.0283109,0,-224.111,0,-233.231,0,-225.663,0,-194.426,45.061,-21.6682,44.6583,-22.4865,44.9935,-21.808,46.2672,-18.9563,1.47905,-4.42502,5.20696,-14.162,2.49117,-6.83133,-10.9411,24.7076,7.86908,6.95294e-310,-34.8208,6.68183e-310,-111.442,1.4822e-323,-53.7562,5.06782e-310,194.426,45.061,-56.489,44.6583,-133.928,44.9935,-75.5642,46.2672,175.47,-15.2416,29.8194,-5.04804,39.6102,-12.7465,32.247,-45.7749,0.492363,
0.447072,0.467948,0.449097,0.388133,200,0,0,-0.903039,1.6894,-0.227651,2.33827,-0.773373,1.81654,-2.63003,0.031123,0,-223.536,0,-233.974,0,-224.548,0,-194.067,45.0859,-21.6163,44.6248,-22.5528,45.042,-21.7076,46.2809,-18.9231,1.28994,-4.00996,5.48187,-15.2955,2.19845,-6.21005,-10.7806,24.8013,7.82486,6.95294e-310,-31.3774,6.68183e-310,-119.685,1.4822e-323,-48.5928,5.06782e-310,194.067,45.0859,-52.9937,44.6248,-142.238,45.042,-70.3004,46.2809,175.144,-15.705,29.3808,-3.95916,40.6656,-13.45,31.592,-45.7396,0.541269,
0.445933,0.469614,0.447287,0.387402,200,0,0,-0.931052,1.6628,-0.167743,2.39602,-0.808666,1.7835,-2.62796,0.0339812,0,-222.967,0,-234.807,0,-223.644,0,-193.701,45.1104,-21.565,44.5872,-22.6271,45.0812,-21.6261,46.2947,-18.8892,1.08575,-3.57485,5.8091,-16.4311,1.94356,-5.67753,-10.7117,24.9548,7.76208,6.95294e-310,-27.7483,6.68183e-310,-127.539,1.4822e-323,-44.0695,5.06782e-310,193.701,45.1104,-49.3133,44.5872,-150.166,45.0812,-65.6955,46.2947,174.812,-16.1922,28.9182,-2.91727,41.6699,-14.0638,31.0174,-45.7037,0.590978,
0.444795,0.471016,0.445106,0.386851,200,0,0,-0.956807,1.63845,-0.107138,2.4548,-0.847192,1.74768,-2.62641,0.036136,0,-222.397,0,-235.508,0,-222.553,0,-193.425,45.135,-21.5136,44.5554,-22.6896,45.1282,-21.5277,46.3051,-18.8637,0.89296,-3.15439,6.06065,-17.5033,1.65357,-5.05737,-10.53,24.9817,7.74267,6.95294e-310,-24.4234,6.68183e-310,-135.522,1.4822e-323,-39.1575,5.06782e-310,193.425,45.135,-45.937,44.5554,-158.212,45.1282,-60.6852,46.3051,174.562,-16.6401,28.4948,-1.86326,42.6921,-14.7338,30.3945,-45.6766,0.628452,
0.443644,0.472358,0.443105,0.386276,200,0,0,-0.981995,1.61469,-0.0502024,2.50998,-0.882351,1.715,-2.62478,0.0383841,0,-221.822,0,-236.179,0,-221.552,0,-193.138,45.1597,-21.4617,44.5249,-22.7494,45.1712,-21.4373,46.3159,-18.8371,0.701343,-2.74335,6.31801,-18.5278,1.38793,-4.49218,-10.3859,25.0207,7.71912,6.95294e-310,-21.1763,6.68183e-310,-143.018,1.4822e-323,-34.6757,5.06782e-310,193.138,45.1597,-42.638,44.5249,-165.768,45.1712,-56.113,46.3159,174.301,-17.0782,28.0815,-0.873085,43.6518,-15.3452,29.826,-45.6484,0.667549,
0.442541,0.473569,0.441163,0.385892,200,0,0,-1.00612,1.59192,0.00502951,2.56363,-0.916198,1.68354,-2.6237,0.0398825,0,-221.271,0,-236.784,0,-220.582,0,-192.946,45.1833,-21.4119,44.4973,-22.8033,45.2128,-21.3496,46.3232,-18.8193,0.514915,-2.33939,6.54347,-19.4631,1.12794,-3.93172,-10.2126,24.9852,7.72241,6.95294e-310,-18.0657,6.68183e-310,-150.302,1.4822e-323,-30.3623,5.06782e-310,192.946,45.1833,-39.4776,44.4973,-173.105,45.2128,-51.7119,46.3232,174.127,-17.4978,27.6855,0.0874697,44.5848,-15.9339,29.2789,-45.6295,0.693609,
0.441451,0.474707,0.439414,0.385556,200,0,0,-1.02974,1.56964,0.0571069,2.61421,-0.946926,1.65495,-2.62275,0.0411935,0,-220.725,0,-237.354,0,-219.707,0,-192.778,45.2066,-21.3626,44.4713,-22.8539,45.2501,-21.2704,46.3295,-18.8037,0.330915,-1.94333,6.76813,-20.3324,0.891046,-3.421,-10.0644,24.9389,7.73001,6.95294e-310,-15.022,6.68183e-310,-157.17,1.4822e-323,-26.4444,5.06782e-310,192.778,45.2066,-36.3846,44.4713,-180.023,45.2501,-47.7148,46.3295,173.975,-17.9085,27.2981,0.993163,45.4645,-16.4683,28.7818,-45.6131,0.716409,
0.440312,0.475774,0.437232,0.385341,200,0,0,-1.05407,1.54671,0.116017,2.67171,-0.984065,1.62048,-2.62214,0.0420362,0,-220.156,0,-237.887,0,-218.616,0,-192.67,45.2309,-21.3111,44.4469,-22.9013,45.2963,-21.1717,46.3335,-18.7937,0.142152,-1.53022,6.95006,-21.2338,0.605824,-2.79529,-9.81529,24.7996,7.76908,6.95294e-310,-11.8884,6.68183e-310,-164.968,1.4822e-323,-21.7168,5.06782e-310,192.67,45.2309,-33.1995,44.4469,-187.869,45.2963,-42.8885,46.3335,173.877,-18.3317,26.8993,2.01768,46.4646,-17.1142,28.1822,-45.6025,0.731064,
0.439126,0.476744,0.435351,0.385245,200,0,0,-1.07927,1.52296,0.172413,2.72683,-1.01697,1.58985,-2.62187,0.0424107,0,-219.563,0,-238.372,0,-217.675,0,-192.622,45.2562,-21.2574,44.4247,-22.9445,45.3361,-21.0864,46.3353,-18.7893,-0.0522932,-1.10468,7.14545,-22.0384,0.354182,-2.2392,-9.60241,24.6179,7.8245,6.95294e-310,-8.6436,6.68183e-310,-172.439,1.4822e-323,-17.5207,5.06782e-310,192.622,45.2562,-29.901,44.4247,-195.384,45.3361,-38.6071,46.3353,173.833,-18.7699,26.4863,2.99848,47.4232,-17.6865,27.6496,-45.5977,0.737577,
0.437975,0.477607,0.433721,0.385281,200,0,0,-1.10421,1.49943,0.225991,2.77927,-1.04654,1.56225,-2.62197,0.0422703,0,-218.988,0,-238.804,0,-216.861,0,-192.64,45.2806,-21.2053,44.4049,-22.9828,45.3704,-21.0125,46.3346,-18.791,-0.241968,-0.687593,7.3338,-22.74,0.130405,-1.74044,-9.4082,24.3985,7.89559,6.95294e-310,-5.42895,6.68183e-310,-179.546,1.4822e-323,-13.7418,5.06782e-310,192.64,45.2806,-26.6343,44.4049,-202.529,45.3704,-34.7543,46.3346,173.849,-19.2036,26.077,3.93029,48.3351,-18.2008,27.1696,-45.5995,0.735136,
0.436801,0.478362,0.431684,0.385437,200,0,0,-1.12987,1.4752,0.286867,2.83915,-1.08297,1.52829,-2.62241,0.0416617,0,-218.401,0,-239.181,0,-215.842,0,-192.718,45.3055,-21.1522,44.3875,-23.0163,45.4131,-20.92,46.3317,-18.7982,-0.43129,-0.264937,7.47227,-23.4535,-0.136808,-1.13618,-9.11507,24.087,8.00094,6.95294e-310,-2.11975,6.68183e-310,-187.65,1.4822e-323,-9.09053,5.06782e-310,192.718,45.3055,-23.2719,44.3875,-210.666,45.4131,-30.0106,46.3317,173.92,-19.6499,25.6556,4.989,49.3765,-18.8342,26.5789,-45.6072,0.724551,
0.435639,0.478974,0.430054,0.385676,200,0,0,-1.15535,1.45112,0.342504,2.89398,-1.11355,1.49966,-2.62309,0.0407254,0,-217.819,0,-239.487,0,-215.027,0,-192.838,45.33,-21.0995,44.3734,-23.0434,45.4472,-20.846,46.3272,-18.8093,-0.613889,0.143776,7.61863,-24.0328,-0.355119,-0.637485,-8.87764,23.7582,8.11671,6.95294e-310,1.16699,6.68183e-310,-195.067,1.4822e-323,-5.17428,5.06782e-310,192.838,45.33,-19.9325,44.3734,-218.111,45.4472,-26.0203,46.3272,174.029,-20.0931,25.237,5.95658,50.33,-19.3661,26.081,-45.6189,0.708268,
0.434464,0.479525,0.428065,0.38612,200,0,0,-1.18296,1.42494,0.408312,2.95905,-1.15198,1.46361,-2.62434,0.0389929,0,-217.232,0,-239.762,0,-214.032,0,-193.06,45.3548,-21.0462,44.3607,-23.0679,45.4885,-20.7555,46.3189,-18.8298,-0.802111,0.572373,7.72033,-24.6226,-0.617801,-0.0296387,-8.53836,23.3178,8.27951,6.95294e-310,4.73897,6.68183e-310,-203.863,1.4822e-323,-0.245394,5.06782e-310,193.06,45.3548,-16.3073,44.3607,-226.931,45.4885,-21.0009,46.3189,174.23,-20.5732,24.7816,7.10107,51.4618,-20.0345,25.4541,-45.6407,0.678137,
0.433266,0.479956,0.426507,0.386587,200,0,0,-1.2111,1.39825,0.469072,3.01924,-1.1842,1.43325,-2.62566,0.0371665,0,-216.633,0,-239.978,0,-213.253,0,-193.294,45.38,-20.9918,44.3508,-23.087,45.5208,-20.6846,46.3101,-18.8515,-0.986443,0.99189,7.84452,-25.0946,-0.828019,0.461702,-8.27257,22.8808,8.44785,6.95294e-310,8.37934,6.68183e-310,-211.995,1.4822e-323,3.90039,5.06782e-310,193.294,45.38,-12.6125,44.3508,-235.082,45.5208,-16.7843,46.3101,174.442,-21.0626,24.3174,8.15778,52.5085,-20.5947,24.9261,-45.6637,0.646373,
0.432115,0.480292,0.424805,0.387318,200,0,0,-1.24127,1.36946,0.538148,3.08787,-1.222,1.39747,-2.62773,0.0343092,0,-216.058,0,-240.146,0,-212.402,0,-193.659,45.4041,-20.9396,44.343,-23.1019,45.556,-20.6071,46.2963,-18.8853,-1.16988,1.41847,7.92479,-25.5144,-1.06015,1.01266,-7.92973,22.3316,8.67197,6.95294e-310,12.3009,6.68183e-310,-221.26,1.4822e-323,8.78178,5.06782e-310,193.659,45.4041,-8.63868,44.343,-244.362,45.556,-11.8254,46.2963,174.774,-21.5874,23.8167,9.3591,53.7021,-21.2521,24.3038,-45.6996,0.596681,
0.430965,0.480508,0.422959,0.388169,200,0,0,-1.27327,1.33885,0.614259,3.1637,-1.26485,1.3568,-2.63013,0.0309824,0,-215.482,0,-240.254,0,-211.48,0,-194.085,45.4282,-20.8874,44.338,-23.1115,45.5939,-20.523,46.2802,-18.9247,-1.35015,1.84222,7.9717,-25.8959,-1.30647,1.60266,-7.53637,21.7115,8.93926,6.95294e-310,16.4681,6.68183e-310,-231.49,1.4822e-323,14.3266,5.06782e-310,194.085,45.4282,-4.41931,44.338,-254.601,45.5939,-6.19647,46.2802,175.16,-22.1438,23.2843,10.6828,55.0208,-21.9974,23.5965,-45.7414,0.538825,
0.429838,0.480615,0.421329,0.389152,200,0,0,-1.30607,1.3074,0.679789,3.22908,-1.30615,1.31742,-2.62268,0.0373576,0,-214.919,0,-240.308,0,-210.665,0,-194.576,45.4517,-20.8362,44.3355,-23.1162,45.6273,-20.4487,46.2616,-18.9702,-1.52608,2.26032,8.01287,-26.1808,-1.52971,2.14506,-7.15595,21.0484,9.17876,6.95294e-310,20.7469,6.68183e-310,-240.308,1.4822e-323,19.689,5.06782e-310,193.199,45.4517,-0.0892533,44.3355,-263.424,45.6273,-0.759746,46.2616,174.228,-22.7143,22.7373,11.8224,56.1579,-22.7156,22.9117,-45.6119,0.649698,
0.428736,0.480603,0.419735,0.390242,200,0,0,-1.33337,1.28142,0.679733,3.22904,-1.34258,1.28286,-2.56182,0.0970274,0,-214.368,0,-240.302,0,-209.868,0,-195.121,45.4746,-20.7861,44.3358,-23.1157,45.6598,-20.3759,46.2408,-19.0206,-1.69566,2.668,8.03249,-26.3972,-1.74761,2.68043,-6.75879,20.3362,9.10331,6.95294e-310,24.2876,6.68183e-310,-240.302,1.4822e-323,24.4008,5.06782e-310,185.126,45.4746,3.50157,44.3358,-263.417,45.6598,4.02481,46.2408,166.106,-23.1891,22.2855,11.8214,56.1572,-23.3492,22.3106,-44.5534,1.68743,
0.427645,0.480436,0.418166,0.391477,200,0,0,-1.36027,1.25582,0.678944,3.22848,-1.37884,1.24844,-2.50084,0.156656,0,-213.823,0,-240.218,0,-209.083,0,-195.738,45.4972,-20.7365,44.3397,-23.1083,45.6918,-20.3042,46.2173,-19.0777,-1.85905,3.06743,8.02584,-26.5293,-1.96115,3.21291,-6.33606,19.5537,9.05483,6.95294e-310,27.775,6.68183e-310,-240.218,1.4822e-323,29.0923,5.06782e-310,177.055,45.4972,7.03856,44.3397,-263.326,45.6918,8.78808,46.2173,157.978,-23.6568,21.8404,11.8077,56.1474,-23.9798,21.7119,-43.4929,2.72445,
0.426567,0.480136,0.416811,0.392831,200,0,0,-1.38719,1.23019,0.677535,3.22746,-1.412,1.21685,-2.44198,0.214034,0,-213.283,0,-240.068,0,-208.406,0,-196.415,45.5196,-20.6874,44.3466,-23.095,45.7192,-20.2423,46.1915,-19.1403,-2.01685,3.45911,8.01356,-26.5581,-2.15041,3.69425,-5.92801,18.7274,9.03937,6.95294e-310,31.2681,6.68183e-310,-240.068,1.4822e-323,33.3936,5.06782e-310,169.284,45.5196,10.5808,44.3466,-263.163,45.7192,13.1513,46.1915,150.144,-24.1251,21.3945,11.7832,56.1298,-24.5566,21.1627,-42.4691,3.72232,
0.42544,0.479693,0.415181,0.394317,200,0,0,-1.41465,1.20406,0.67545,3.22597,-1.45025,1.1805,-2.37733,0.277038,0,-212.72,0,-239.846,0,-207.591,0,-197.158,45.5429,-20.6361,44.3568,-23.0753,45.7522,-20.1678,46.163,-19.2089,-2.17604,3.85727,7.96187,-26.5634,-2.36778,4.24696,-5.44709,17.8034,9.02921,6.95294e-310,34.8281,6.68183e-310,-239.846,1.4822e-323,38.3467,5.06782e-310,160.75,45.5429,14.192,44.3568,-262.922,45.7522,18.1789,46.163,141.542,-24.6027,20.9402,11.7469,56.1038,-25.2217,20.5304,-41.3449,4.81805,
0.424529,0.479081,0.413743,0.395875,200,0,0,-1.43844,1.18135,0.672576,3.2239,-1.48597,1.14645,-2.31787,0.334779,0,-212.265,0,-239.541,0,-206.872,0,-197.937,45.5616,-20.5946,44.3709,-23.0482,45.7811,-20.102,46.133,-19.2808,-2.30237,4.18598,7.86351,-26.4429,-2.55958,4.74484,-4.96869,16.8812,9.05879,6.95294e-310,37.9199,6.68183e-310,-239.541,1.4822e-323,42.9825,5.06782e-310,152.924,45.5616,17.3253,44.3709,-262.589,45.7811,22.8805,46.133,133.643,-25.0163,20.5453,11.697,56.0679,-25.8429,19.9382,-40.3107,5.82225,
0.423523,0.478207,0.412377,0.397601,200,0,0,-1.46416,1.15683,0.668463,3.22095,-1.52187,1.11212,-2.25517,0.395559,0,-211.761,0,-239.103,0,-206.189,0,-198.8,45.5823,-20.5487,44.3911,-23.0094,45.8085,-20.0394,46.0996,-19.3604,-2.42762,4.52028,7.74751,-26.1951,-2.73769,5.22071,-4.47305,15.8507,9.12777,6.95294e-310,41.2601,6.68183e-310,-239.103,1.4822e-323,47.6534,5.06782e-310,144.682,45.5823,20.7114,44.3911,-262.113,45.8085,27.614,46.0996,125.322,-25.4636,20.1187,11.6254,56.0165,-26.4674,19.3412,-39.2203,6.87929,
0.422552,0.477128,0.411179,0.399362,200,0,0,-1.4892,1.13294,0.663394,3.21731,-1.55582,1.07955,-2.19408,0.454682,0,-211.276,0,-238.564,0,-205.589,0,-199.681,45.6023,-20.5045,44.4159,-22.9615,45.8325,-19.9845,46.0655,-19.4415,-2.53575,4.82009,7.61125,-25.8327,-2.88932,5.63955,-3.99254,14.7983,9.23496,6.95294e-310,44.5133,6.68183e-310,-238.564,1.4822e-323,52.081,5.06782e-310,136.662,45.6023,24.0089,44.4159,-261.525,45.8325,32.0965,46.0655,117.22,-25.8991,19.7032,11.5373,55.9532,-27.0577,18.7748,-38.1579,7.90752,
0.421593,0.475822,0.409765,0.401256,200,0,0,-1.5142,1.10906,0.657256,3.21289,-1.59508,1.04191,-2.12712,0.519519,0,-210.797,0,-237.911,0,-204.882,0,-200.628,45.6219,-20.4607,44.4458,-22.9035,45.8607,-19.9197,46.0286,-19.5287,-2.63314,5.09924,7.41884,-25.3992,-3.05865,6.10652,-3.44359,13.651,9.36687,6.95294e-310,47.7639,6.68183e-310,-237.911,1.4822e-323,57.199,5.06782e-310,127.867,45.6219,27.3032,44.4458,-260.814,45.8607,37.2793,46.0286,108.339,-26.3339,19.288,11.4305,55.8764,-27.7406,18.1201,-36.9934,9.03511,
0.42067,0.474324,0.408494,0.403233,200,0,0,-1.53956,1.08479,0.65022,3.20783,-1.63414,1.0043,-2.05901,0.585402,0,-210.335,0,-237.162,0,-204.247,0,-201.617,45.6408,-20.4186,44.4801,-22.8368,45.886,-19.8614,45.9899,-19.6197,-2.71707,5.35153,7.20357,-24.8537,-3.2076,6.52959,-2.89887,12.4633,9.54233,6.95294e-310,51.0661,6.68183e-310,-237.162,1.4822e-323,62.3075,5.06782e-310,118.928,45.6408,30.6475,44.4801,-259.999,45.886,42.4461,45.9899,99.3087,-26.7749,18.8659,11.3082,55.7883,-28.4199,17.4661,-35.809,10.1809,
0.419759,0.472706,0.40732,0.405115,200,0,0,-1.56428,1.06113,0.642623,3.20235,-1.67205,0.967739,-1.99209,0.650204,0,-209.88,0,-236.353,0,-203.66,0,-202.557,45.6593,-20.377,44.517,-22.7649,45.9093,-19.8075,45.9529,-19.7062,-2.78752,5.57147,6.98125,-24.2576,-3.33626,6.90428,-2.38337,11.3037,9.74347,6.95294e-310,54.2855,6.68183e-310,-236.353,1.4822e-323,67.2716,5.06782e-310,110.137,45.6593,33.9084,44.517,-259.118,45.9093,47.4641,45.9529,90.4312,-27.205,18.4544,11.1761,55.693,-29.079,16.8302,-34.645,11.3079,
0.418885,0.470956,0.406169,0.407416,200,0,0,-1.59363,1.03281,0.634411,3.19642,-1.71662,0.924472,-1.91296,0.726711,0,-209.442,0,-235.478,0,-203.085,0,-203.708,45.6772,-20.3371,44.5567,-22.6869,45.9321,-19.7547,45.9074,-19.8119,-2.86545,5.81345,6.72071,-23.5492,-3.47888,7.31429,-1.80077,9.9761,9.99941,6.95294e-310,58.131,6.68183e-310,-235.478,1.4822e-323,73.1386,5.06782e-310,99.7551,45.6772,37.7939,44.5567,-258.165,45.9321,53.3839,45.9074,79.9432,-27.7152,17.9619,11.0332,55.59,-29.8543,16.0778,-33.2689,12.6384,
0.41801,0.469063,0.405043,0.409621,200,0,0,-1.62289,1.00457,0.625528,3.19001,-1.76213,0.880236,-1.83236,0.804798,0,-209.005,0,-234.531,0,-202.521,0,-204.81,45.6949,-20.2971,44.5996,-22.6025,45.9543,-19.7029,45.8636,-19.9131,-2.93018,6.02252,6.44537,-22.7941,-3.60793,7.69115,-1.23483,8.66563,10.2891,6.95294e-310,61.9665,6.68183e-310,-234.531,1.4822e-323,79.1352,5.06782e-310,89.1617,45.6949,41.6693,44.5996,-257.134,45.9543,59.4323,45.8636,69.2486,-28.2242,17.4708,10.8787,55.4784,-30.6458,15.3085,-31.8671,13.9965,
0.417099,0.466845,0.403964,0.411814,200,0,0,-1.65343,0.975094,0.615131,3.18248,-1.80998,0.833612,-1.74689,0.887744,0,-208.549,0,-233.423,0,-201.982,0,-205.907,45.7134,-20.2555,44.6496,-22.5036,45.9755,-19.6533,45.8198,-20.0136,-2.97653,6.1925,6.13651,-21.9113,-3.71508,8.02133,-0.671207,7.31365,10.6531,6.95294e-310,65.9693,6.68183e-310,-233.423,1.4822e-323,85.452,5.06782e-310,77.9129,45.7134,45.7138,44.6496,-255.926,45.9755,65.7986,45.8198,57.8993,-28.7553,16.9581,10.6979,55.3476,-31.4779,14.4976,-30.3808,15.439,
0.416404,0.464964,0.40291,0.414043,200,0,0,-1.68378,0.945554,0.606313,3.1761,-1.86129,0.78349,-1.6588,0.973263,0,-208.202,0,-232.482,0,-201.455,0,-207.022,45.7275,-20.2237,44.6919,-22.4195,45.9962,-19.6048,45.7751,-20.1157,-3.02767,6.36014,5.8332,-21.1312,-3.84309,8.38398,-0.109005,6.02764,11.0019,6.95294e-310,69.9734,6.68183e-310,-232.482,1.4822e-323,92.2393,5.06782e-310,66.3152,45.7275,49.7497,44.6919,-254.902,45.9962,72.6345,45.7751,46.1995,-29.283,16.4444,10.5446,55.2365,-32.3703,13.6259,-28.8488,16.9263,
0.415673,0.462723,0.401927,0.41638,200,0,0,-1.71774,0.912439,0.595815,3.16848,-1.91798,0.727907,-1.56016,1.06919,0,-207.836,0,-231.361,0,-200.963,0,-208.19,45.7422,-20.1903,44.742,-22.3193,46.0154,-19.5596,45.728,-20.2226,-3.06397,6.49795,5.48868,-20.1902,-3.95162,8.70577,0.466636,4.65218,11.4591,6.95294e-310,74.4606,6.68183e-310,-231.361,1.4822e-323,99.7602,5.06782e-310,53.3097,45.7422,54.2703,44.742,-253.681,46.0154,80.2006,45.728,33.0871,-29.8737,15.8685,10.362,55.104,-33.3562,12.6593,-27.1333,18.5947,
0.414942,0.460146,0.400992,0.418669,200,0,0,-1.75366,0.877372,0.583751,3.15972,-1.97988,0.667056,-1.45299,1.17369,0,-207.471,0,-230.073,0,-200.496,0,-209.334,45.757,-20.1568,44.7994,-22.204,46.0337,-19.5166,45.6815,-20.3272,-3.07646,6.58243,5.10293,-19.1191,-4.03599,8.97396,1.03732,3.25333,12.0337,6.95294e-310,79.2107,6.68183e-310,-230.073,1.4822e-323,107.99,5.06782e-310,39.1496,45.757,59.0539,44.7994,-252.277,46.0337,88.4731,45.6815,18.8223,-30.4984,15.2586,10.1522,54.9516,-34.4327,11.601,-25.2695,20.4121,
0.414187,0.457965,0.400117,0.421042,200,0,0,-1.79618,0.835726,0.573545,3.15229,-2.04638,0.601543,-1.33528,1.28863,0,-207.093,0,-228.983,0,-200.059,0,-210.521,45.7722,-20.1223,44.8477,-22.1062,46.0508,-19.4763,45.6332,-20.4356,-3.12619,6.73761,4.77431,-18.183,-4.14427,9.27844,1.58688,1.87236,12.5932,6.95294e-310,84.8482,6.68183e-310,-228.983,1.4822e-323,116.846,5.06782e-310,23.579,45.7722,64.726,44.8477,-251.089,46.0508,97.3692,45.6332,3.14344,-31.2378,14.5344,9.9747,54.8224,-35.5892,10.4616,-23.2222,22.411,
0.413612,0.455149,0.399302,0.423427,200,0,0,-1.83958,0.792991,0.560375,3.14269,-2.12534,0.523495,-1.20169,1.41941,0,-206.806,0,-227.574,0,-199.651,0,-211.713,45.7838,-20.0959,44.9098,-21.9798,46.0666,-19.4388,45.5843,-20.5443,-3.11514,6.76037,4.3303,-16.9761,-4.21367,9.50268,2.1653,0.438045,13.4056,6.95294e-310,90.6266,6.68183e-310,-227.574,1.4822e-323,127.389,5.06782e-310,5.87224,45.7838,70.5307,44.9098,-249.554,46.0666,107.95,45.5843,-14.6721,-31.9926,13.7912,9.74566,54.6554,-36.9624,9.10426,-20.899,24.6853,
0.412952,0.452548,0.398547,0.425811,200,0,0,-1.89155,0.741775,0.548222,3.13381,-2.21173,0.437939,-1.05214,1.56614,0,-206.476,0,-226.274,0,-199.274,0,-212.906,45.797,-20.0658,44.9668,-21.8629,46.0813,-19.404,45.5352,-20.653,-3.13112,6.83372,3.93271,-15.8512,-4.29219,9.73333,2.71319,-0.979756,14.2749,6.95294e-310,97.5507,6.68183e-310,-226.274,1.4822e-323,138.942,5.06782e-310,-13.9859,45.797,77.485,44.9668,-248.137,46.0813,119.538,45.5352,-34.6389,-32.8966,12.9004,9.5343,54.5011,-38.4649,7.61634,-18.2981,27.2371,
0.412377,0.450104,0.39784,0.428244,200,0,0,-1.95003,0.683958,0.536804,3.12546,-2.30938,0.341084,-0.884538,1.73084,0,-206.189,0,-225.052,0,-198.92,0,-214.122,45.8085,-20.0394,45.0201,-21.7529,46.095,-19.3714,45.4848,-20.7637,-3.15391,6.9129,3.5413,-14.7659,-4.38018,9.97402,3.25559,-2.37969,15.2413,6.95294e-310,105.362,6.68183e-310,-225.052,1.4822e-323,152.017,5.06782e-310,-36.2696,45.8085,85.3225,45.0201,-246.805,46.095,132.646,45.4848,-57.0333,-33.9136,11.8949,9.33572,54.3558,-40.1631,5.93189,-15.3833,30.1015,
0.411886,0.446976,0.397229,0.430629,200,0,0,-2.01881,0.615744,0.522205,3.11476,-2.43285,0.218295,-0.677664,1.93486,0,-205.943,0,-223.488,0,-198.615,0,-215.315,45.8184,-20.0169,45.0879,-21.612,46.1068,-19.3432,45.4352,-20.8721,-3.12195,6.8712,3.048,-13.4032,-4.42018,10.1105,3.80603,-3.82938,16.6742,6.95294e-310,114.571,6.68183e-310,-223.488,1.4822e-323,168.585,5.06782e-310,-63.8518,45.8184,94.5546,45.0879,-245.1,46.1068,149.242,45.4352,-84.7239,-35.1098,10.7086,9.08182,54.1697,-42.3104,3.79644,-11.7855,33.6497,
0.411371,0.444327,0.396702,0.432978,200,0,0,-2.09971,0.535437,0.509852,3.10569,-2.56812,0.0836049,-0.447411,2.16228,0,-205.685,0,-222.164,0,-198.351,0,-216.489,45.8287,-19.9933,45.145,-21.4925,46.117,-19.3189,45.386,-20.9788,-3.12585,6.89749,2.63067,-12.2187,-4.47895,10.2712,4.31041,-5.20226,18.1823,6.95294e-310,125.412,6.68183e-310,-222.164,1.4822e-323,186.754,5.06782e-310,-94.5888,45.8287,105.419,45.145,-243.656,46.117,167.435,45.386,-115.568,-36.5167,9.31194,8.86699,54.012,-44.663,1.454,-7.78106,37.6049,
0.410831,0.441043,0.396234,0.435303,200,0,0,-2.14175,0.494017,0.391564,2.99145,-2.65285,-0.000604309,-0.202158,2.40473,0,-205.416,0,-220.522,0,-198.117,0,-217.652,45.8395,-19.9686,45.2153,-21.3442,46.126,-19.2974,45.3371,-21.0843,-3.09266,6.83991,2.1315,-10.7884,-4.4983,10.3434,4.82183,-6.64873,19.154,6.95294e-310,131.012,6.68183e-310,-206.641,1.4822e-323,198.117,5.06782e-310,-127.35,45.8395,111.043,45.2153,-227.985,46.126,178.82,45.3371,-148.434,-37.2479,8.59159,6.80981,52.0251,-46.1366,-0.0105097,-3.51579,41.8213,
0.410436,0.437928,0.395839,0.437532,200,0,0,-2.12439,0.511832,0.184329,2.78802,-2.65174,0.000946853,-0.0143146,2.58986,0,-205.218,0,-218.964,0,-197.919,0,-218.766,45.8474,-19.9504,45.2816,-21.2032,46.1337,-19.2791,45.29,-21.1853,-3.0537,6.75938,1.63662,-9.41245,-4.51604,10.4011,5.30769,-8.00809,19.0288,6.95294e-310,128.623,6.68183e-310,-179.107,1.4822e-323,197.919,5.06782e-310,-152.384,45.8474,108.672,45.2816,-200.311,46.1337,178.64,45.29,-173.569,-36.9459,8.90143,3.20572,48.4873,-46.1172,0.016467,-0.248949,45.0411,
0.410004,0.435195,0.395527,0.439713,200,0,0,-2.11418,0.522537,-0.000996388,2.60602,-2.65086,0.00216871,0.160216,2.76173,0,-205.002,0,-217.598,0,-197.764,0,-219.857,45.856,-19.9307,45.3394,-21.0794,46.1397,-19.2647,45.2437,-21.284,-3.04356,6.73502,1.20798,-8.17967,-4.54577,10.4718,5.74994,-9.29975,18.8854,6.95294e-310,127.194,6.68183e-310,-154.476,1.4822e-323,197.764,5.06782e-310,-175.63,45.856,107.263,45.3394,-175.556,46.1397,178.499,45.2437,-196.914,-36.7684,9.0876,-0.0173285,45.3221,-46.102,0.0377167,2.78636,48.0301,
0.409633,0.431672,0.395312,0.441882,200,0,0,-2.0973,0.539839,-0.218186,2.39308,-2.65026,0.00301452,0.360103,2.95895,0,-204.816,0,-215.836,0,-197.656,0,-220.941,45.8634,-19.9136,45.4134,-20.9195,46.1438,-19.2548,45.1974,-21.3821,-2.98014,6.58775,0.66072,-6.62871,-4.52515,10.4274,6.20798,-10.6721,18.9554,6.95294e-310,124.873,6.68183e-310,-125.65,1.4822e-323,197.656,5.06782e-310,-202.294,45.8634,104.96,45.4134,-146.569,46.1438,178.401,45.1974,-223.676,-36.4749,9.3885,-3.79454,41.6188,-46.0914,0.0524264,6.26267,51.4601,
0.409333,0.428844,0.395216,0.443872,200,0,0,-2.07292,0.564561,-0.411816,2.20285,-2.6279,0.0254786,0.507729,3.10413,0,-204.667,0,-214.422,0,-197.608,0,-221.936,45.8693,-19.8999,45.4724,-20.791,46.1457,-19.2504,45.1548,-21.472,-2.94568,6.49771,0.214045,-5.34082,-4.51995,10.4044,6.59436,-11.864,18.7067,6.95294e-310,121.55,6.68183e-310,-99.9089,1.4822e-323,194.631,5.06782e-310,-221.936,45.8693,101.651,45.4724,-120.7,46.1457,175.38,45.1548,-243.408,-36.0509,9.81846,-7.16201,38.3104,-45.7026,0.443105,8.83007,53.9849,
0.409106,0.425164,0.395228,0.445741,200,0,0,-1.96196,0.675791,-0.686375,1.93267,-2.47648,0.176879,0.516447,3.11053,0,-204.553,0,-212.582,0,-197.614,0,-222.871,45.8739,-19.8894,45.5485,-20.6235,46.1454,-19.2509,45.1146,-21.5563,-2.84906,6.26336,-0.358423,-3.72429,-4.45309,10.24,6.98309,-13.0991,17.0142,6.95294e-310,106.566,6.68183e-310,-63.3656,1.4822e-323,174.224,5.06782e-310,-222.871,45.8739,86.6763,45.5485,-83.9892,46.1454,154.973,45.1146,-244.427,-34.121,11.7529,-11.937,33.6116,-43.0693,3.07615,8.98168,54.0962,
0.40895,0.422216,0.39536,0.447455,200,0,0,-1.88588,0.752046,-0.880141,1.74239,-2.36848,0.284736,0.524442,3.1164,0,-204.475,0,-211.108,0,-197.68,0,-223.728,45.8769,-19.8823,45.6092,-20.4892,46.1429,-19.257,45.0776,-21.6336,-2.78344,6.09353,-0.824985,-2.38056,-4.40408,10.105,7.30352,-14.1578,15.8025,6.95294e-310,96.2927,6.68183e-310,-37.6186,1.4822e-323,159.683,5.06782e-310,-223.728,45.8769,76.4104,45.6092,-58.1078,46.1429,140.426,45.0776,-245.361,-32.7979,13.0791,-15.3068,30.3024,-41.191,4.95193,9.12072,54.1983,
0.408806,0.418992,0.395623,0.449121,200,0,0,-1.81523,0.822861,-1.06175,1.56456,-2.26684,0.386084,0.532216,3.1221,0,-204.403,0,-209.496,0,-197.812,0,-224.56,45.8798,-19.8757,45.675,-20.342,46.1378,-19.2692,45.0415,-21.7087,-2.70074,5.88,-1.32513,-0.917911,-4.32625,9.89681,7.6046,-15.2205,14.7538,6.95294e-310,86.7525,6.68183e-310,-13.5427,1.4822e-323,146.016,5.06782e-310,-224.56,45.8798,66.8768,45.675,-33.8847,46.1378,126.747,45.0415,-246.269,-31.5692,14.3106,-18.4653,27.2097,-39.4233,6.7145,9.25593,54.2974,
0.40877,0.415361,0.396007,0.450355,200,0,0,-1.74516,0.892973,-1.23484,1.3957,-2.17163,0.480866,0.537979,3.12632,0,-204.385,0,-207.681,0,-198.003,0,-225.178,45.8805,-19.874,45.7485,-20.176,46.1304,-19.2869,45.0146,-21.7643,-2.56359,5.54102,-1.88045,0.669121,-4.1873,9.54973,7.84927,-16.1404,13.9512,6.95294e-310,77.3038,6.68183e-310,9.33502,1.4822e-323,133.23,5.06782e-310,-225.178,45.8805,57.4298,45.7485,-10.841,46.1304,113.943,45.0146,-246.942,-30.3506,15.53,-21.4754,24.2731,-37.7676,8.36288,9.35615,54.3708,
0.408794,0.412126,0.396498,0.451566,200,0,0,-1.68841,0.949696,-1.37817,1.25611,-2.09184,0.560117,0.543631,3.13046,0,-204.397,0,-206.063,0,-198.249,0,-225.783,45.88,-19.8751,45.8136,-20.0279,46.121,-19.3095,44.9883,-21.8187,-2.4448,5.23878,-2.38246,2.12487,-4.05795,9.21548,8.05996,-16.9805,13.2966,6.95294e-310,69.6578,6.68183e-310,28.2535,1.4822e-323,122.534,5.06782e-310,-225.783,45.88,49.7827,45.8136,8.22557,46.121,103.225,44.9883,-247.602,-29.3636,16.5165,-23.9682,21.8454,-36.3798,9.74117,9.45446,54.4427,
0.408854,0.40895,0.397133,0.452584,200,0,0,-1.6374,1.00063,-1.50861,1.12931,-2.01815,0.633101,0.54839,3.13394,0,-204.427,0,-204.475,0,-198.567,0,-226.292,45.8789,-19.8779,45.8769,-19.8823,46.1087,-19.3388,44.966,-21.8646,-2.31808,4.91685,-2.86601,3.5585,-3.90539,8.82335,8.21934,-17.7199,12.7705,6.95294e-310,62.7908,6.68183e-310,45.444,1.4822e-323,112.679,5.06782e-310,-226.292,45.8789,42.9129,45.8769,25.5617,46.1087,93.3402,44.966,-248.157,-28.4766,17.4023,-26.2368,19.6402,-35.0982,11.0104,9.53722,54.5032,
0.408938,0.406145,0.397912,0.453423,200,0,0,-1.59556,1.04238,-1.61959,1.02153,-1.95361,0.696767,0.55231,3.1368,0,-204.469,0,-203.073,0,-198.956,0,-226.712,45.8772,-19.8817,45.9325,-19.7536,46.0936,-19.3747,44.9476,-21.9023,-2.20158,4.62018,-3.28214,4.85436,-3.74567,8.41219,8.31616,-18.3246,12.372,6.95294e-310,57.1608,6.68183e-310,60.0579,1.4822e-323,104.075,5.06782e-310,-226.712,45.8772,37.279,45.9325,40.3044,46.0936,84.7006,44.9476,-248.614,-27.7488,18.1284,-28.1668,17.7657,-33.9759,12.1177,9.60539,54.553,
0.409034,0.40285,0.398787,0.454106,200,0,0,-1.549,1.08883,-1.74047,0.904381,-1.8835,0.76591,0.555502,3.13913,0,-204.517,0,-201.425,0,-199.394,0,-227.053,45.8753,-19.8861,45.9974,-19.6021,46.0766,-19.415,44.9327,-21.933,-2.05238,4.24156,-3.7642,6.32907,-3.54264,7.8944,8.39491,-18.9215,11.9997,6.95294e-310,50.8975,6.68183e-310,75.947,1.4822e-323,94.7306,5.06782e-310,-227.053,45.8753,31.0114,45.9974,56.3449,46.0766,75.3155,44.9327,-248.986,-26.9391,18.9362,-30.269,15.7284,-32.7565,13.3202,9.6609,54.5936,
0.409177,0.399926,0.399878,0.454741,200,0,0,-1.50961,1.12805,-1.84813,0.800003,-1.8187,0.829489,0.558471,3.1413,0,-204.589,0,-199.963,0,-199.939,0,-227.371,45.8724,-19.8927,46.0545,-19.4675,46.0554,-19.4653,44.9187,-21.9615,-1.91736,3.89621,-4.18339,7.69756,-3.33406,7.35815,8.41883,-19.4246,11.7053,6.95294e-310,45.6063,6.68183e-310,90.1022,1.4822e-323,86.1294,5.06782e-310,-227.371,45.8724,25.7135,46.0545,70.6347,46.0554,66.6641,44.9187,-249.332,-26.2541,19.6183,-32.1414,13.9131,-31.6295,14.4259,9.71253,54.6313,
0.409333,0.397301,0.400836,0.455161,200,0,0,-1.47487,1.16262,-1.94071,0.710352,-1.76329,0.883828,0.560431,3.14273,0,-204.667,0,-198.651,0,-200.418,0,-227.58,45.8693,-19.8999,46.1054,-19.3466,46.0367,-19.5094,44.9095,-21.9803,-1.78813,3.56474,-4.56221,8.90363,-3.13956,6.85888,8.42515,-19.8147,11.4854,6.95294e-310,40.9426,6.68183e-310,102.262,1.4822e-323,78.7772,5.06782e-310,-227.58,45.8693,21.0427,46.1054,82.9155,46.0367,59.2678,44.9095,-249.561,-25.6499,20.2195,-33.7515,12.3539,-30.6658,15.3709,9.74663,54.6561,
0.409477,0.394101,0.401951,0.455544,200,0,0,-1.43465,1.20268,-2.04788,0.60673,-1.69874,0.947124,0.562224,3.14404,0,-204.738,0,-197.051,0,-200.975,0,-227.772,45.8665,-19.9065,46.1671,-19.1989,46.015,-19.5607,44.9011,-21.9976,-1.63219,3.16003,-5.01788,10.3428,-2.90088,6.24311,8.42054,-20.2528,11.2465,6.95294e-310,35.5392,6.68183e-310,116.32,1.4822e-323,70.213,5.06782e-310,-227.772,45.8665,15.6327,46.1671,97.1209,46.015,50.6522,44.9011,-249.77,-24.9504,20.9161,-35.6153,10.5518,-29.5433,16.4717,9.77781,54.6789,
0.409645,0.391261,0.403113,0.455808,200,0,0,-1.39949,1.23764,-2.14344,0.514298,-1.63995,1.0046,0.563457,3.14494,0,-204.822,0,-195.63,0,-201.557,0,-227.904,45.8631,-19.9142,46.2214,-19.0677,45.9922,-19.6142,44.8953,-22.0094,-1.48801,2.78444,-5.4166,11.6413,-2.66751,5.64018,8.3791,-20.5895,11.069,6.95294e-310,30.8209,6.68183e-310,128.857,1.4822e-323,62.431,5.06782e-310,-227.904,45.8631,10.9067,46.2214,109.79,45.9922,42.8168,44.8953,-249.913,-24.3389,21.5242,-37.2771,8.94431,-28.5209,17.4714,9.79925,54.6945,
0.409813,0.388804,0.404432,0.455964,200,0,0,-1.36953,1.26741,-2.2302,0.430216,-1.58408,1.05898,0.564185,3.14547,0,-204.906,0,-194.402,0,-202.216,0,-227.982,45.8598,-19.9219,46.2682,-18.9541,45.9663,-19.6748,44.8919,-22.0164,-1.35832,2.44792,-5.74192,12.8093,-2.4299,5.02867,8.28095,-20.8209,10.9497,6.95294e-310,26.8039,6.68183e-310,140.258,1.4822e-323,55.0622,5.06782e-310,-227.982,45.8598,6.88206,46.2682,121.304,45.9663,35.3874,44.8919,-249.998,-23.8179,22.0419,-38.7861,7.48201,-27.5493,18.417,9.81192,54.7038,
0.409968,0.385868,0.405726,0.456,200,0,0,-1.33444,1.30232,-2.32677,0.336835,-1.52316,1.11843,0.564353,3.14559,0,-204.984,0,-192.934,0,-202.863,0,-228,45.8567,-19.929,46.3236,-18.8182,45.9408,-19.7343,44.8911,-22.018,-1.20407,2.04184,-6.13983,14.1328,-2.16576,4.34454,8.18794,-21.0712,10.8204,6.95294e-310,22.0936,6.68183e-310,152.923,1.4822e-323,47.0098,5.06782e-310,-228,45.8567,2.16455,46.3236,134.105,45.9408,27.2755,44.8911,-250.018,-23.2076,22.649,-40.4656,5.85799,-26.4898,19.451,9.81484,54.7059,
0.41016,0.383363,0.406984,0.455928,200,0,0,-1.30354,1.33299,-2.41208,0.254232,-1.46862,1.17155,0.564017,3.14534,0,-205.08,0,-191.682,0,-203.492,0,-227.964,45.8528,-19.9378,46.3706,-18.7021,45.9159,-19.7921,44.8926,-22.0148,-1.06309,1.67126,-6.47673,15.2782,-1.91879,3.70613,8.07268,-21.2213,10.7422,6.95294e-310,17.9531,6.68183e-310,164.122,1.4822e-323,39.812,5.06782e-310,-227.964,45.8528,-1.98474,46.3706,145.42,45.9159,20.02,44.8926,-249.979,-22.6703,23.1825,-41.9492,4.42142,-25.5412,20.3747,9.809,54.7016,
0.41034,0.380895,0.408207,0.455748,200,0,0,-1.27304,1.36329,-2.49557,0.173389,-1.41501,1.22377,0.563177,3.14473,0,-205.17,0,-190.447,0,-204.103,0,-227.874,45.8493,-19.946,46.4166,-18.5876,45.8917,-19.8482,44.8966,-22.0067,-0.92173,1.29777,-6.80588,16.3884,-1.67093,3.06424,7.94653,-21.3299,10.6833,6.95294e-310,13.8645,6.68183e-310,175.082,1.4822e-323,32.7362,5.06782e-310,-227.874,45.8493,-6.08158,46.4166,156.495,45.8917,12.888,44.8966,-249.881,-22.1399,23.7094,-43.4012,3.01546,-24.6088,21.2829,9.79438,54.691,
0.410508,0.378498,0.409513,0.455436,200,0,0,-1.24303,1.39311,-2.57951,0.0920027,-1.35989,1.2774,0.56172,3.14367,0,-205.254,0,-189.249,0,-204.756,0,-227.718,45.8459,-19.9537,46.461,-18.4762,45.8657,-19.9081,44.9035,-21.9927,-0.779743,0.923457,-7.11156,17.4676,-1.40991,2.39024,7.78408,-21.3726,10.6547,6.95294e-310,9.83916,6.68183e-310,186.112,1.4822e-323,25.4672,5.06782e-310,-227.718,45.8459,-10.1146,46.461,167.636,45.8657,5.55912,44.9035,-249.711,-21.6179,24.2281,-44.861,1.60005,-23.6502,22.2156,9.76904,54.6725,
0.410687,0.376281,0.410951,0.454909,200,0,0,-1.21118,1.42476,-2.59649,0.0773666,-1.29613,1.3395,0.480538,3.06315,0,-205.344,0,-188.14,0,-205.476,0,-227.455,45.8423,-19.962,46.5019,-18.3732,45.8371,-19.9741,44.915,-21.969,-0.634411,0.546853,-7.37312,18.476,-1.12964,1.67444,7.56367,-21.2949,10.1829,6.95294e-310,5.56858,6.68183e-310,188.14,1.4822e-323,17.0508,5.06782e-310,-216.845,45.8423,-14.3934,46.5019,169.767,45.8371,-2.92332,44.915,-238.814,-21.064,24.7784,-45.1564,1.34551,-22.5413,23.2957,8.35718,53.2722,
0.410891,0.374207,0.412114,0.454346,200,0,0,-1.18247,1.45323,-2.59061,0.0854344,-1.24301,1.39128,0.390042,2.97337,0,-205.446,0,-187.104,0,-206.057,0,-227.173,45.8383,-19.9713,46.5399,-18.2767,45.8138,-20.0273,44.9274,-21.9437,-0.493646,0.17868,-7.63554,19.3805,-0.882406,1.03948,7.38272,-21.2053,9.65424,6.95294e-310,1.72502,6.68183e-310,187.104,1.4822e-323,10.0354,5.06782e-310,-204.721,45.8383,-18.2463,46.5399,168.827,45.8138,-9.99194,44.9274,-226.665,-20.5648,25.2735,-45.0541,1.48582,-21.6176,24.1962,6.78334,51.7108,
0.411071,0.372242,0.413552,0.453471,200,0,0,-1.15572,1.47978,-2.58503,0.0930766,-1.18802,1.44462,0.299625,2.88405,0,-205.535,0,-186.121,0,-206.776,0,-226.736,45.8347,-19.9796,46.5757,-18.1852,45.785,-20.0932,44.9466,-21.9044,-0.343984,-0.202318,-7.84334,20.2509,-0.59163,0.30471,7.10557,-20.9611,9.19074,6.95294e-310,-1.85945,6.68183e-310,186.121,1.4822e-323,2.80051,5.06782e-310,-192.648,45.8347,-21.839,46.5757,167.936,45.785,-17.2927,44.9466,-214.552,-20.0994,25.7353,-44.957,1.61872,-20.6612,25.1238,5.21087,50.1575,
0.411227,0.370468,0.414822,0.452464,200,0,0,-1.13224,1.50307,-2.57999,0.0999685,-1.14102,1.49014,0.221221,2.80692,0,-205.613,0,-185.234,0,-207.411,0,-226.232,45.8316,-19.9867,46.6079,-18.1026,45.7594,-20.1514,44.9686,-21.8592,-0.199513,-0.567434,-8.02229,21.0033,-0.318469,-0.382819,6.83046,-20.6605,8.81931,6.95294e-310,-5.00438,6.68183e-310,185.234,1.4822e-323,-3.3762,5.06782e-310,-182.211,45.8316,-24.9911,46.6079,167.132,45.7594,-23.5275,44.9686,-204.07,-19.6911,26.1404,-44.8693,1.73858,-19.8439,25.9155,3.84732,48.8159,
0.411406,0.36885,0.415996,0.451302,200,0,0,-1.11009,1.52502,-2.57538,0.106251,-1.09876,1.53105,0.149424,2.73658,0,-205.703,0,-184.425,0,-207.998,0,-225.651,45.828,-19.9949,46.6371,-18.0272,45.7357,-20.2051,44.994,-21.8069,-0.0521732,-0.935886,-8.18022,21.6637,-0.0523103,-1.04867,6.547,-20.2845,8.51311,6.95294e-310,-7.96731,6.68183e-310,184.425,1.4822e-323,-8.92743,5.06782e-310,-172.685,45.828,-27.9622,46.6371,166.398,45.7357,-29.1325,44.994,-194.492,-19.306,26.522,-44.7893,1.84784,-19.1088,26.6269,2.59868,47.5927,
0.411574,0.367269,0.417351,0.449948,200,0,0,-1.08862,1.54629,-2.57088,0.11239,-1.05493,1.57329,0.0767586,2.66561,0,-205.787,0,-183.634,0,-208.675,0,-224.974,45.8246,-20.0026,46.6656,-17.9534,45.7083,-20.267,45.0235,-21.7459,0.101663,-1.31743,-8.30936,22.3165,0.241971,-1.78232,6.20317,-19.8169,8.22863,6.95294e-310,-10.8406,6.68183e-310,183.634,1.4822e-323,-14.666,5.06782e-310,-163.066,45.8246,-30.8433,46.6656,165.681,45.7083,-34.933,45.0235,-184.812,-18.9325,26.8921,-44.711,1.95461,-18.3467,27.3616,1.33493,46.3584,
0.411742,0.36595,0.418561,0.448534,200,0,0,-1.06944,1.56528,-2.56713,0.117503,-1.01675,1.61007,0.0130325,2.60365,0,-205.871,0,-182.975,0,-209.281,0,-224.267,45.8213,-20.0103,46.6892,-17.8918,45.6837,-20.3223,45.0542,-21.6822,0.246845,-1.67332,-8.40301,22.8404,0.513245,-2.45438,5.86569,-19.3058,8.01102,6.95294e-310,-13.405,6.68183e-310,182.975,1.4822e-323,-19.6621,5.06782e-310,-154.659,45.8213,-33.4153,46.6892,165.083,45.6837,-39.9844,45.0542,-176.342,-18.599,27.2223,-44.6457,2.04353,-17.6826,28.0011,0.226652,45.2809,
0.411898,0.364788,0.4197,0.446928,200,0,0,-1.0508,1.58374,-2.56381,0.12201,-0.980431,1.64505,-0.0479034,2.54471,0,-205.949,0,-182.394,0,-209.85,0,-223.464,45.8181,-20.0175,46.71,-17.8376,45.6606,-20.3743,45.089,-21.6099,0.393869,-2.02824,-8.46471,23.2699,0.781978,-3.11493,5.50745,-18.7101,7.83818,6.95294e-310,-15.8977,6.68183e-310,182.394,1.4822e-323,-24.4154,5.06782e-310,-146.653,45.8181,-35.9152,46.71,164.556,45.6606,-44.7897,45.089,-168.263,-18.2748,27.5433,-44.5881,2.12191,-17.051,28.6096,-0.833102,44.2559,
0.41203,0.363817,0.420838,0.445262,200,0,0,-1.03374,1.60065,-2.56105,0.125772,-0.945748,1.6784,-0.104943,2.48974,0,-206.015,0,-181.909,0,-210.419,0,-222.631,45.8155,-20.0235,46.7273,-17.7922,45.6373,-20.4263,45.1249,-21.5347,0.533322,-2.36081,-8.48804,23.6202,1.04518,-3.75879,5.13063,-18.072,7.70141,6.95294e-310,-18.1816,6.68183e-310,181.909,1.4822e-323,-28.948,5.06782e-310,-139.18,45.8155,-38.2051,46.7273,164.116,45.6373,-49.3743,45.1249,-160.714,-17.9781,27.8374,-44.5399,2.18733,-16.4478,29.1895,-1.8251,43.2998,
0.412173,0.362786,0.421929,0.443512,200,0,0,-1.01617,1.61806,-2.55811,0.129764,-0.911944,1.71092,-0.161771,2.43507,0,-206.087,0,-181.393,0,-210.964,0,-221.756,45.8126,-20.0301,46.7456,-17.744,45.615,-20.476,45.1625,-21.4557,0.679516,-2.71368,-8.52276,23.9742,1.30971,-4.41017,4.7534,-17.4124,7.56617,6.95294e-310,-20.5322,6.68183e-310,181.393,1.4822e-323,-33.3681,5.06782e-310,-131.745,45.8126,-40.5622,46.7456,163.649,45.615,-53.8441,45.1625,-153.201,-17.6725,28.1401,-44.4888,2.25676,-15.8599,29.7551,-2.81341,42.3491,
0.412293,0.362079,0.422935,0.441643,200,0,0,-0.999796,1.63429,-2.55609,0.132502,-0.880029,1.74165,-0.214513,2.38463,0,-206.147,0,-181.04,0,-211.468,0,-220.821,45.8102,-20.0356,46.7581,-17.711,45.5944,-20.5219,45.2025,-21.3713,0.81663,-3.03493,-8.49958,24.1791,1.55872,-5.01423,4.35908,-16.6781,7.48744,6.95294e-310,-22.7239,6.68183e-310,181.04,1.4822e-323,-37.5438,5.06782e-310,-124.876,45.8102,-42.7594,46.7581,163.329,45.5944,-58.0657,45.2025,-146.247,-17.3878,28.4225,-44.4537,2.30438,-15.3048,30.2896,-3.73065,41.4719,
0.412365,0.361312,0.423894,0.439665,200,0,0,-0.983367,1.65064,-2.5539,0.135471,-0.848237,1.77231,-0.267486,2.33408,0,-206.183,0,-180.656,0,-211.947,0,-219.833,45.8088,-20.0389,46.7717,-17.6751,45.5747,-20.5656,45.2447,-21.2818,0.955968,-3.36438,-8.47536,24.3807,1.81013,-5.62886,3.95611,-15.9233,7.40982,6.95294e-310,-24.9294,6.68183e-310,180.656,1.4822e-323,-41.7088,5.06782e-310,-117.989,45.8088,-44.9683,46.7717,162.981,45.5747,-62.2744,45.2447,-139.271,-17.102,28.7067,-44.4157,2.35602,-14.7519,30.8228,-4.65193,40.5928,
0.412461,0.360713,0.424805,0.437688,200,0,0,-0.967338,1.66656,-2.55219,0.137791,-0.81793,1.80154,-0.317865,2.28612,0,-206.231,0,-180.357,0,-212.402,0,-218.844,45.8069,-20.0433,46.7823,-17.6471,45.556,-20.6071,45.2867,-21.1923,1.09053,-3.68052,-8.4312,24.5146,2.04826,-6.20888,3.55565,-15.1487,7.35711,6.95294e-310,-27.078,6.68183e-310,180.357,1.4822e-323,-45.6794,5.06782e-310,-111.451,45.8069,-47.1213,46.7823,162.71,45.556,-66.2866,45.2867,-132.643,-16.8233,28.9836,-44.3859,2.39636,-14.2249,31.3311,-5.52809,39.7586,
0.412521,0.360258,0.425668,0.435627,200,0,0,-0.951711,1.68211,-2.55089,0.139553,-0.78793,1.83051,-0.367117,2.23938,0,-206.261,0,-180.129,0,-212.834,0,-217.813,45.8057,-20.046,46.7903,-17.6258,45.5382,-20.6464,45.3303,-21.0989,1.21985,-3.98058,-8.3557,24.5749,2.27913,-6.76889,3.14238,-14.3353,7.3298,6.95294e-310,-29.1769,6.68183e-310,180.129,1.4822e-323,-49.6146,5.06782e-310,-105.075,45.8057,-49.2229,46.7903,162.503,45.5382,-70.2611,45.3303,-126.174,-16.5515,29.2542,-44.3633,2.427,-13.7031,31.835,-6.38464,38.9457,
0.412593,0.359826,0.426435,0.433517,200,0,0,-0.935523,1.69822,-2.54966,0.141222,-0.758877,1.85866,-0.415869,2.19318,0,-206.296,0,-179.913,0,-213.217,0,-216.759,45.8042,-20.0493,46.7979,-17.6056,45.5223,-20.6814,45.3747,-21.0033,1.35114,-4.28737,-8.28228,24.6048,2.50045,-7.30762,2.73853,-13.508,7.3121,6.95294e-310,-31.3497,6.68183e-310,179.913,1.4822e-323,-53.4341,5.06782e-310,-98.7718,45.8042,-51.399,46.7979,162.308,45.5223,-74.1155,45.3747,-119.775,-16.27,29.5342,-44.3419,2.45603,-13.1979,32.3244,-7.2325,38.1422,
0.412629,0.359563,0.42713,0.431408,200,0,0,-0.920095,1.71361,-2.5489,0.142242,-0.730742,1.88596,-0.462369,2.14922,0,-206.314,0,-179.781,0,-213.565,0,-215.704,45.8035,-20.0509,46.8025,-17.5932,45.5079,-20.713,45.4189,-20.9075,1.47211,-4.56595,-8.17933,24.5588,2.70603,-7.80539,2.33658,-12.6729,7.32044,6.95294e-310,-33.4247,6.68183e-310,179.781,1.4822e-323,-57.1389,5.06782e-310,-92.7714,45.8035,-53.4757,46.8025,162.188,45.5079,-77.8519,45.4189,-113.679,-16.0017,29.8018,-44.3288,2.47377,-12.7086,32.7994,-8.0412,37.3777,
0.412641,0.359371,0.427765,0.429203,200,0,0,-0.904204,1.72948,-2.54836,0.142984,-0.702251,1.9137,-0.509522,2.10471,0,-206.32,0,-179.685,0,-213.882,0,-214.602,45.8032,-20.0515,46.8059,-17.5843,45.4948,-20.7419,45.4649,-20.8073,1.59235,-4.84188,-8.05912,24.4626,2.90651,-8.29089,1.92606,-11.8027,7.3453,6.95294e-310,-35.5651,6.68183e-310,179.685,1.4822e-323,-60.8991,5.06782e-310,-86.6944,45.8032,-55.6166,46.8059,162.101,45.4948,-81.641,45.4649,-107.502,-15.7253,30.078,-44.3192,2.48667,-12.2131,33.2817,-8.86125,36.6036,
0.412653,0.359323,0.42834,0.426758,200,0,0,-0.886407,1.74727,-2.54822,0.143169,-0.671737,1.94352,-0.560319,2.05683,0,-206.326,0,-179.662,0,-214.17,0,-213.379,45.803,-20.052,46.8068,-17.582,45.4828,-20.7681,45.5156,-20.6961,1.71885,-5.12904,-7.90684,24.2738,3.10724,-8.77386,1.48575,-10.8297,7.40146,6.95294e-310,-37.9624,6.68183e-310,179.662,1.4822e-323,-64.9394,5.06782e-310,-80.1557,45.803,-58.0144,46.8068,162.079,45.4828,-85.7074,45.5156,-100.852,-15.4158,30.3872,-44.3169,2.4899,-11.6824,33.8004,-9.74468,35.7709,
0.412641,0.359371,0.428856,0.424829,200,0,0,-0.872651,1.76104,-2.54836,0.142984,-0.646496,1.96815,-0.600891,2.01855,0,-206.32,0,-179.685,0,-214.428,0,-212.414,45.8032,-20.0515,46.8059,-17.5843,45.4721,-20.7915,45.5555,-20.6082,1.81278,-5.34109,-7.76481,24.1026,3.26674,-9.15846,1.12046,-10.0509,7.45502,6.95294e-310,-39.8179,6.68183e-310,179.685,1.4822e-323,-68.2766,5.06782e-310,-74.9295,45.8032,-59.8694,46.8059,162.101,45.4721,-89.0681,45.5555,-95.5377,-15.1765,30.6267,-44.3192,2.48667,-11.2434,34.2287,-10.4503,35.1052,
0.412593,0.359587,0.429299,0.422372,200,0,0,-0.854923,1.77882,-2.54897,0.142149,-0.615855,1.99826,-0.650838,1.9715,0,-206.296,0,-179.793,0,-214.649,0,-211.186,45.8042,-20.0493,46.8021,-17.5944,45.4629,-20.8117,45.606,-20.4963,1.92318,-5.58542,-7.56631,23.7892,3.44053,-9.573,0.683545,-9.06421,7.55776,6.95294e-310,-42.2132,6.68183e-310,179.793,1.4822e-323,-72.3504,5.06782e-310,-68.5051,45.8042,-62.2625,46.8021,162.199,45.4629,-93.1621,45.606,-89.0014,-14.8682,30.936,-44.33,2.47216,-10.7105,34.7524,-11.3189,34.287,
0.412545,0.359934,0.429646,0.420359,200,0,0,-0.8402,1.7936,-2.54997,0.140805,-0.589859,2.02384,-0.692219,1.93249,0,-206.272,0,-179.967,0,-214.823,0,-210.179,45.8052,-20.0471,46.796,-17.6106,45.4557,-20.8275,45.6471,-20.4044,2.00599,-5.76392,-7.37525,23.4667,3.57308,-9.88527,0.319059,-8.23821,7.66903,6.95294e-310,-44.2036,6.68183e-310,179.967,1.4822e-323,-75.8104,5.06782e-310,-63.1791,45.8052,-64.2507,46.796,162.356,45.4557,-96.6379,45.6471,-83.5835,-14.6122,31.193,-44.3472,2.44878,-10.2584,35.1972,-12.0386,33.6085,
0.412485,0.360354,0.429946,0.418034,200,0,0,-0.822396,1.81147,-2.55116,0.139182,-0.560017,2.05332,-0.740545,1.88689,0,-206.243,0,-180.177,0,-214.973,0,-209.017,45.8064,-20.0444,46.7886,-17.6303,45.4494,-20.8411,45.6944,-20.2982,2.0999,-5.96802,-7.1576,23.0698,3.71343,-10.2169,-0.08586,-7.29253,7.81007,6.95294e-310,-46.6107,6.68183e-310,180.177,1.4822e-323,-79.7948,5.06782e-310,-56.9552,45.8064,-66.6551,46.7886,162.547,45.4494,-100.636,45.6944,-77.2534,-14.3025,31.5038,-44.3681,2.42055,-9.73943,35.71,-12.879,32.8154,
0.412365,0.360953,0.43015,0.415469,200,0,0,-0.802379,1.83163,-2.55287,0.136863,-0.526664,2.08643,-0.794267,1.83615,0,-206.183,0,-180.476,0,-215.075,0,-207.735,45.8088,-20.0389,46.778,-17.6583,45.4452,-20.8503,45.7464,-20.181,2.19266,-6.16454,-6.89386,22.5563,3.84799,-10.5315,-0.521151,-6.25319,8.00116,6.95294e-310,-49.3235,6.68183e-310,180.476,1.4822e-323,-84.2645,5.06782e-310,-50.0328,45.8088,-69.3623,46.778,162.818,45.4452,-105.115,45.7464,-70.2137,-13.9544,31.8544,-44.3978,2.38022,-9.15938,36.2858,-13.8133,31.933,
0.412221,0.361672,0.430282,0.413276,200,0,0,-0.784899,1.84927,-2.55493,0.13408,-0.496352,2.11659,-0.841662,1.79129,0,-206.111,0,-180.836,0,-215.141,0,-206.638,45.8117,-20.0323,46.7653,-17.6919,45.4424,-20.8563,45.7905,-20.0806,2.25973,-6.29824,-6.6303,22.0311,3.94888,-10.7616,-0.899317,-5.35029,8.2082,6.95294e-310,-51.6972,6.68183e-310,180.836,1.4822e-323,-88.3334,5.06782e-310,-43.9162,45.8117,-71.7295,46.7653,163.144,45.4424,-109.19,45.7905,-63.9968,-13.6504,32.1612,-44.4335,2.33182,-8.63221,36.8102,-14.6376,31.1529,
0.412078,0.362547,0.43033,0.410556,200,0,0,-0.760951,1.87338,-2.55742,0.130692,-0.458146,2.15474,-0.903271,1.73281,0,-206.039,0,-181.273,0,-215.165,0,-205.278,45.8145,-20.0257,46.7498,-17.7328,45.4414,-20.8585,45.845,-19.9559,2.34585,-6.47657,-6.32061,21.3683,4.06089,-11.0189,-1.34582,-4.2375,8.4833,6.95294e-310,-54.9427,6.68183e-310,181.273,1.4822e-323,-93.4768,5.06782e-310,-35.948,45.8145,-74.9684,46.7498,163.541,45.4414,-114.335,45.845,-55.9039,-13.2339,32.5806,-44.4769,2.27291,-7.96776,37.4737,-15.7091,30.1359,
0.411874,0.363601,0.430318,0.408386,200,0,0,-0.741589,1.89298,-2.56043,0.126607,-0.424038,2.18886,-0.955172,1.6834,0,-205.937,0,-181.801,0,-215.159,0,-204.193,45.8186,-20.0164,46.7311,-17.7821,45.4417,-20.858,45.8881,-19.8564,2.39196,-6.55375,-6.00357,20.6934,4.12925,-11.1634,-1.71675,-3.3259,8.78543,6.95294e-310,-57.5775,6.68183e-310,181.801,1.4822e-323,-98.0755,5.06782e-310,-29.2195,45.8186,-77.5939,46.7311,164.019,45.4417,-118.933,45.8881,-49.076,-12.8972,32.9214,-44.5292,2.20187,-7.37458,38.0671,-16.6117,29.2765,
0.411634,0.364776,0.430234,0.405846,200,0,0,-0.716902,1.91794,-2.56378,0.122056,-0.382354,2.23064,-1.01981,1.62165,0,-205.817,0,-182.388,0,-215.117,0,-202.923,45.8234,-20.0054,46.7102,-17.837,45.4434,-20.8542,45.9384,-19.7398,2.44698,-6.65267,-5.6475,19.9127,4.20252,-11.3222,-2.13766,-2.27302,9.15939,6.95294e-310,-60.9343,6.68183e-310,182.388,1.4822e-323,-103.704,5.06782e-310,-20.8194,45.8234,-80.9397,46.7102,164.551,45.4434,-124.559,45.9384,-40.5592,-12.4679,33.3555,-44.5875,2.12272,-6.64963,38.7938,-17.7358,28.2027,
0.411382,0.36607,0.430066,0.403006,200,0,0,-0.686127,1.94901,-2.56747,0.117038,-0.332732,2.28047,-1.09814,1.54653,0,-205.691,0,-183.035,0,-215.033,0,-201.503,45.8284,-19.9938,46.6871,-17.8974,45.4469,-20.8465,45.9943,-19.6092,2.50924,-6.7714,-5.26162,19.0345,4.27508,-11.4824,-2.59492,-1.10323,9.61595,6.95294e-310,-65.1134,6.68183e-310,183.035,1.4822e-323,-110.414,5.06782e-310,-10.6086,45.8284,-85.1072,46.6871,165.138,45.4469,-131.26,45.9943,-30.2178,-11.9326,33.8958,-44.6516,2.03545,-5.78665,39.6603,-19.0981,26.8962,
0.411119,0.367472,0.42979,0.400681,200,0,0,-0.658068,1.97737,-2.57146,0.1116,-0.286522,2.32701,-1.16959,1.4777,0,-205.559,0,-183.736,0,-214.895,0,-200.34,45.8337,-19.9818,46.6619,-17.9629,45.4527,-20.834,46.0398,-19.5023,2.54048,-6.81301,-4.89069,18.161,4.30506,-11.5327,-2.96535,-0.124755,10.1171,6.95294e-310,-68.9278,6.68183e-310,183.736,1.4822e-323,-116.677,5.06782e-310,-1.26216,45.8337,-88.9095,46.6619,165.773,45.4527,-137.511,46.0398,-20.7644,-11.4447,34.3891,-44.7211,1.94086,-4.98298,40.4697,-20.3406,25.6992,
0.410831,0.369054,0.429491,0.397852,200,0,0,-0.619849,2.01592,-2.57596,0.10546,-0.225072,2.38881,-1.26584,1.3846,0,-205.416,0,-184.527,0,-214.745,0,-198.926,45.8395,-19.9686,46.6334,-18.0367,45.4589,-20.8204,46.0948,-19.372,2.58446,-6.88884,-4.4649,17.1516,4.34717,-11.6183,-3.41699,1.05669,10.7586,6.95294e-310,-74.1144,6.68183e-310,184.527,1.4822e-323,-124.997,5.06782e-310,11.3685,45.8395,-94.083,46.6334,166.49,45.4589,-145.817,46.0948,-8.00342,-10.78,35.0595,-44.7994,1.83409,-3.9143,41.5446,-22.0147,24.0801,
0.410508,0.370708,0.429095,0.395527,200,0,0,-0.583937,2.0522,-2.58067,0.0990374,-0.165229,2.44913,-1.35758,1.29546,0,-205.254,0,-185.354,0,-214.548,0,-197.764,45.8459,-19.9537,46.6036,-18.1138,45.4671,-20.8024,46.1397,-19.2647,2.5971,-6.88644,-4.05451,16.1584,4.35057,-11.6042,-3.78528,2.04438,11.471,6.95294e-310,-78.9946,6.68183e-310,185.354,1.4822e-323,-133.113,5.06782e-310,23.4511,45.8459,-98.9484,46.6036,167.24,45.4671,-153.915,46.1397,4.1864,-10.1554,35.6905,-44.8812,1.72239,-2.87355,42.5936,-23.61,22.5297,
0.410148,0.372434,0.42858,0.392723,200,0,0,-0.534728,2.10182,-2.58557,0.0923313,-0.0876517,2.52732,-1.48002,1.17611,0,-205.074,0,-186.217,0,-214.29,0,-196.362,45.8531,-19.9373,46.5722,-18.1942,45.4778,-20.779,46.1935,-19.1353,2.62392,-6.92605,-3.61258,15.0546,4.35898,-11.612,-4.21024,3.20275,12.3695,6.95294e-310,-85.6715,6.68183e-310,186.217,1.4822e-323,-143.634,5.06782e-310,39.6163,45.8531,-105.609,46.5722,168.023,45.4778,-164.413,46.1935,20.481,-9.29961,36.5535,-44.9665,1.60576,-1.52438,43.9535,-25.7395,20.454,
0.409765,0.374267,0.428089,0.390182,200,0,0,-0.482224,2.15477,-2.59078,0.0852014,-0.00110628,2.61446,-1.61376,1.04515,0,-204.882,0,-187.134,0,-214.044,0,-195.091,45.8607,-19.9197,46.5388,-18.2795,45.488,-20.7566,46.242,-19.0179,2.62984,-6.91496,-3.16328,13.9449,4.35042,-11.5772,-4.60982,4.27269,13.4195,6.95294e-310,-92.7952,6.68183e-310,187.134,1.4822e-323,-155.36,5.06782e-310,57.3373,45.8607,-112.715,46.5388,168.854,45.488,-176.117,46.242,38.3194,-8.38651,37.4742,-45.057,1.48176,-0.0192397,45.4688,-28.0654,18.1766,
0.409369,0.376233,0.427369,0.387965,200,0,0,-0.423851,2.21359,-2.59636,0.0775531,0.092834,2.70925,-1.76001,0.901325,0,-204.685,0,-188.116,0,-213.685,0,-193.983,45.8686,-19.9015,46.5028,-18.371,45.503,-20.7239,46.284,-18.9153,2.61261,-6.84495,-2.72485,12.7855,4.29753,-11.4259,-4.92814,5.21863,14.7133,6.95294e-310,-100.712,6.68183e-310,188.116,1.4822e-323,-168.112,5.06782e-310,76.783,45.8686,-120.613,46.5028,169.745,45.503,-188.836,46.284,57.8677,-7.37133,38.4973,-45.154,1.34875,1.6145,47.1175,-30.6088,15.6752,
0.408914,0.378258,0.426578,0.385209,200,0,0,-0.340577,2.29739,-2.6021,0.0696658,0.22357,2.84093,-1.96695,0.697365,0,-204.457,0,-189.129,0,-213.289,0,-192.604,45.8777,-19.8806,46.4655,-18.4651,45.5193,-20.6879,46.336,-18.7876,2.60942,-6.8205,-2.24785,11.5183,4.25617,-11.3176,-5.32322,6.35494,16.4198,6.95294e-310,-111.992,6.68183e-310,189.129,1.4822e-323,-185.833,5.06782e-310,104.347,45.8777,-131.872,46.4655,170.664,45.5193,-206.521,46.336,85.5593,-5.92307,39.9546,-45.2539,1.21158,3.88817,49.4075,-34.2079,12.1281,
0.408458,0.380355,0.425776,0.382824,200,0,0,-0.245446,2.39304,-2.60804,0.0614922,0.376295,2.99461,-2.20641,0.460483,0,-204.229,0,-190.178,0,-212.888,0,-191.412,45.8867,-19.8597,46.4266,-18.5625,45.5359,-20.6514,46.3807,-18.6771,2.58393,-6.74143,-1.78185,10.2673,4.19186,-11.1495,-5.66612,7.36055,18.5227,6.95294e-310,-124.869,6.68183e-310,190.178,1.4822e-323,-206.518,5.06782e-310,136.337,45.8867,-144.729,46.4266,171.615,45.5359,-227.17,46.3807,117.66,-4.26862,41.6181,-45.3572,1.06943,6.54426,52.0802,-38.3723,8.00839,
0.407955,0.382513,0.424793,0.380511,200,0,0,-0.21491,2.42415,-2.48925,0.177977,0.418991,3.03847,-2.39829,0.271079,0,-203.978,0,-191.256,0,-212.396,0,-190.256,45.8967,-19.8367,46.3865,-18.6626,45.5562,-20.6066,46.4237,-18.5698,2.5458,-6.63422,-1.31709,8.96693,4.10211,-10.9192,-5.9733,8.32447,19.4517,6.95294e-310,-129.047,6.68183e-310,174.422,1.4822e-323,-212.396,5.06782e-310,161.925,45.8967,-148.884,46.3865,155.759,45.5562,-233.003,46.4237,143.355,-3.73757,42.1591,-43.2912,3.09526,7.2868,52.843,-41.7093,4.71442,
0.407392,0.384825,0.423738,0.378282,200,0,0,-0.215284,2.42442,-2.3159,0.348837,0.414098,3.03483,-2.56688,0.104858,0,-203.696,0,-192.413,0,-211.869,0,-189.141,45.9079,-19.8108,46.3432,-18.7699,45.5779,-20.5585,46.465,-18.4662,2.48881,-6.48204,-0.83049,7.60035,3.99274,-10.6407,-6.26835,9.26035,19.9113,6.95294e-310,-129.066,6.68183e-310,151.333,1.4822e-323,-211.869,5.06782e-310,184.385,45.9079,-148.876,46.3432,132.563,45.5779,-232.428,46.465,165.919,-3.74407,42.1638,-40.2765,6.06673,7.20171,52.7796,-44.6414,1.82361,
0.406828,0.387162,0.422432,0.376245,200,0,0,-0.303195,2.33715,-2.04758,0.614623,0.259112,2.88138,-2.59639,0.0775065,0,-203.414,0,-193.581,0,-211.216,0,-188.122,45.919,-19.7849,46.2992,-18.8781,45.6047,-20.499,46.5025,-18.3715,2.41948,-6.30275,-0.37086,6.20394,3.84817,-10.2717,-6.49083,10.1094,18.6087,6.95294e-310,-117.286,6.68183e-310,115.447,1.4822e-323,-191.143,5.06782e-310,188.122,45.919,-137.071,46.2992,96.569,45.6047,-211.642,46.5025,169.751,-5.27295,40.6461,-35.6101,10.6891,4.50629,50.111,-45.1546,1.34794,
0.406157,0.389595,0.421281,0.373896,200,0,0,-0.407143,2.23396,-1.78356,0.875995,0.0883303,2.71196,-2.58972,0.0866463,0,-203.079,0,-194.798,0,-210.641,0,-186.948,45.9323,-19.7541,46.2531,-18.9907,45.6283,-20.4465,46.5456,-18.2622,2.34645,-6.12414,0.143743,4.74921,3.72416,-9.97023,-6.80418,11.077,16.8771,6.95294e-310,-103.358,6.68183e-310,80.1528,1.4822e-323,-168.268,5.06782e-310,186.948,45.9323,-123.112,46.2531,61.1621,45.6283,-188.715,46.5456,168.686,-7.08075,38.8515,-31.0185,15.2347,1.53618,47.1645,-45.0387,1.50689,
0.405462,0.392052,0.419676,0.371727,200,0,0,-0.491817,2.15008,-1.5592,1.09767,-0.0614561,2.56405,-2.58356,0.0950795,0,-202.731,0,-196.026,0,-209.838,0,-185.863,45.946,-19.7222,46.2063,-19.1043,45.6611,-20.3732,46.5851,-18.1612,2.25887,-5.91383,0.620907,3.22632,3.54611,-9.52844,-7.011,11.9435,15.5619,6.95294e-310,-92.0302,6.68183e-310,50.2076,1.4822e-323,-148.28,5.06782e-310,185.863,45.946,-111.752,46.2063,31.1033,45.6611,-168.653,46.5851,167.702,-8.55334,37.3927,-27.1165,19.0898,-1.0688,44.5923,-44.9315,1.65356,
0.404659,0.394653,0.418225,0.369689,200,0,0,-0.569617,2.07319,-1.36498,1.28902,-0.186511,2.4407,-2.57777,0.102994,0,-202.33,0,-197.326,0,-209.113,0,-184.845,45.9618,-19.6853,46.1565,-19.2244,45.6906,-20.307,46.622,-18.0663,2.14546,-5.64098,1.13841,1.68199,3.36852,-9.09312,-7.24317,12.7716,14.4731,6.95294e-310,-81.6423,6.68183e-310,24.3436,1.4822e-323,-131.606,5.06782e-310,184.845,45.9618,-101.328,46.1565,5.11924,45.6906,-151.913,46.622,166.778,-9.90638,36.0554,-23.7388,22.4177,-3.24366,42.4469,-44.8308,1.7912,
0.403785,0.397265,0.416344,0.367844,200,0,0,-0.637489,2.00631,-1.18968,1.46142,-0.302173,2.32723,-2.57252,0.110158,0,-201.892,0,-198.633,0,-208.172,0,-183.922,45.979,-19.6451,46.1061,-19.3449,45.7287,-20.221,46.6552,-17.9802,2.01259,-5.32379,1.62508,0.075694,3.13974,-8.5245,-7.37406,13.4868,13.6372,6.95294e-310,-72.6013,6.68183e-310,1.03225,1.4822e-323,-116.25,5.06782e-310,183.922,45.979,-92.2464,46.1061,-18.3126,45.7287,-136.471,46.6552,165.942,-11.0868,34.8923,-20.6901,25.416,-5.25519,40.4735,-44.7395,1.91579,
0.402838,0.399854,0.414666,0.366214,200,0,0,-0.699535,1.94533,-1.03851,1.60971,-0.398005,2.23334,-2.56788,0.116481,0,-201.419,0,-199.927,0,-207.333,0,-183.107,45.9976,-19.6015,46.0559,-19.4642,45.7625,-20.1442,46.6845,-17.9042,1.8618,-4.96324,2.12032,-1.46764,2.92072,-7.98553,-7.51482,14.1219,12.9661,6.95294e-310,-64.3541,6.68183e-310,-19.0296,1.4822e-323,-103.541,5.06782e-310,183.107,45.9976,-83.9556,46.0559,-38.4938,45.7625,-123.686,46.6845,165.203,-12.1658,33.8318,-18.061,27.9949,-6.92183,38.8407,-44.6587,2.02575,
0.401819,0.402143,0.412785,0.364812,200,0,0,-0.752387,1.89362,-0.907921,1.73772,-0.48197,2.15155,-2.56388,0.121917,0,-200.91,0,-201.071,0,-206.392,0,-182.406,46.0176,-19.5547,46.0112,-19.5695,45.8004,-20.0581,46.7095,-17.8387,1.70651,-4.59355,2.55453,-2.91144,2.68591,-7.40491,-7.57462,14.6089,12.4859,6.95294e-310,-57.3547,6.68183e-310,-36.352,1.4822e-323,-92.4572,5.06782e-310,182.406,46.0176,-76.9093,46.0112,-55.9215,45.8004,-112.515,46.7095,164.567,-13.085,32.9326,-15.7899,30.2213,-8.38209,37.4183,-44.5893,2.12029,
0.400824,0.404947,0.410843,0.363398,200,0,0,-0.80858,1.83855,-0.769486,1.87299,-0.56966,2.06609,-2.55985,0.127397,0,-200.412,0,-202.473,0,-205.422,0,-181.699,46.037,-19.5089,45.9562,-19.6985,45.8392,-19.9691,46.7347,-17.7726,1.52333,-4.16474,3.0488,-4.56254,2.42024,-6.74992,-7.65143,15.1643,11.982,6.95294e-310,-49.9019,6.68183e-310,-54.6683,1.4822e-323,-80.8775,5.06782e-310,181.699,46.037,-69.4107,45.9562,-74.3668,45.8392,-100.847,46.7347,163.926,-14.0623,31.9747,-13.3824,32.5738,-9.90714,35.9321,-44.5191,2.21559,
0.399602,0.407392,0.408842,0.362103,200,0,0,-0.860279,1.78822,-0.647802,1.9919,-0.644924,1.99312,-2.55616,0.132409,0,-199.801,0,-203.696,0,-204.421,0,-181.052,46.0608,-19.4526,45.9079,-19.8108,45.8791,-19.8773,46.7577,-17.7121,1.32965,-3.70902,3.51629,-6.09266,2.15881,-6.11073,-7.69824,15.587,11.6156,6.95294e-310,-43.0824,6.68183e-310,-70.7697,1.4822e-323,-70.9797,5.06782e-310,181.052,46.0608,-62.535,45.9079,-90.5805,45.8791,-90.857,46.7577,163.34,-14.9614,31.0994,-11.2661,34.6417,-11.2161,34.663,-44.4549,2.30277,
0.398571,0.409585,0.406852,0.360905,200,0,0,-0.902464,1.74718,-0.542445,2.09475,-0.712973,1.92734,-2.55274,0.137049,0,-199.286,0,-204.792,0,-203.426,0,-180.452,46.0808,-19.4051,45.8643,-19.9114,45.9185,-19.786,46.7789,-17.6561,1.15999,-3.32214,3.90604,-7.49936,1.90684,-5.49406,-7.70779,15.9772,11.2944,6.95294e-310,-37.5216,6.68183e-310,-84.7006,1.4822e-323,-62.052,5.06782e-310,180.452,46.0808,-56.9267,45.8643,-104.612,45.9185,-81.8381,46.7789,162.796,-15.695,30.3858,-9.43383,36.4305,-12.3995,33.519,-44.3954,2.38345,
0.397289,0.412173,0.404803,0.359719,200,0,0,-0.952183,1.69889,-0.427434,2.20679,-0.782479,1.86016,-2.54935,0.141639,0,-198.645,0,-206.087,0,-202.402,0,-179.859,46.1057,-19.346,45.8126,-20.0301,45.959,-19.6919,46.7998,-17.6005,0.941623,-2.81827,4.38454,-9.08769,1.62689,-4.81617,-7.7441,16.3642,10.991,6.95294e-310,-30.9757,6.68183e-310,-99.8832,1.4822e-323,-52.9347,5.06782e-310,179.859,46.1057,-50.3217,45.8126,-119.913,45.959,-72.6266,46.7998,162.259,-16.5597,29.546,-7.43363,38.379,-13.6083,32.3507,-44.3365,2.46329,
0.396163,0.414522,0.402814,0.358808,200,0,0,-0.995271,1.65706,-0.324706,2.30681,-0.845311,1.79958,-2.54675,0.145162,0,-198.081,0,-207.261,0,-201.407,0,-179.404,46.1274,-19.294,45.7654,-20.1376,45.9981,-19.6004,46.8158,-17.5579,0.736046,-2.3487,4.78961,-10.5291,1.35367,-4.14977,-7.72666,16.6518,10.7738,6.95294e-310,-25.3045,6.68183e-310,-113.439,1.4822e-323,-44.7089,5.06782e-310,179.404,46.1274,-44.5985,45.7654,-133.576,45.9981,-64.3093,46.8158,161.846,-17.3091,28.8184,-5.64706,40.1184,-14.7011,31.297,-44.2913,2.52456,
0.39512,0.416584,0.400752,0.357861,200,0,0,-1.03155,1.62193,-0.233311,2.39581,-0.904011,1.7432,-2.54404,0.148823,0,-197.56,0,-208.292,0,-200.376,0,-178.93,46.1475,-19.2459,45.7238,-20.2319,46.0384,-19.5056,46.8324,-17.5136,0.552916,-1.94304,5.13166,-11.8719,1.0891,-3.50458,-7.68284,16.926,10.5713,6.95294e-310,-20.5406,6.68183e-310,-125.502,1.4822e-323,-37.0482,5.06782e-310,178.93,46.1475,-39.7865,45.7238,-145.734,46.0384,-56.5537,46.8324,161.417,-17.94,28.2075,-4.05759,41.6662,-15.7219,30.3164,-44.2442,2.58822,
0.39391,0.419016,0.398511,0.356974,200,0,0,-1.07417,1.58065,-0.129838,2.49644,-0.967761,1.68195,-2.54151,0.15225,0,-196.955,0,-209.508,0,-199.256,0,-178.487,46.1708,-19.1901,45.6745,-20.3431,46.082,-19.4023,46.8479,-17.472,0.326411,-1.43849,5.53149,-13.3952,0.785065,-2.76557,-7.62992,17.1825,10.3877,6.95294e-310,-14.9426,6.68183e-310,-139.146,1.4822e-323,-28.728,5.06782e-310,178.487,46.1708,-34.1327,45.6745,-159.489,46.082,-48.1303,46.8479,161.015,-18.6812,27.4896,-2.25805,43.4164,-16.8306,29.2514,-44.2001,2.64783,
0.392807,0.421257,0.396678,0.356351,200,0,0,-1.11366,1.54237,-0.0384657,2.58519,-1.02105,1.6307,-2.53972,0.154658,0,-196.403,0,-210.629,0,-198.339,0,-178.175,46.1919,-19.1392,45.6288,-20.4454,46.1175,-19.3178,46.8588,-17.4428,0.108875,-0.950514,5.9029,-14.7356,0.518008,-2.12167,-7.59281,17.3667,10.2596,6.95294e-310,-9.75192,6.68183e-310,-151.182,1.4822e-323,-21.7676,5.06782e-310,178.175,46.1919,-28.8911,45.6288,-171.627,46.1175,-41.0854,46.8588,160.733,-19.3681,26.8238,-0.668969,44.9598,-17.7574,28.3601,-44.1691,2.68971,
0.391704,0.423355,0.394629,0.355704,200,0,0,-1.15047,1.50678,0.0511036,2.67229,-1.07565,1.57838,-2.53787,0.157158,0,-195.852,0,-211.677,0,-197.314,0,-177.852,46.213,-19.0882,45.5858,-20.5411,46.157,-19.2233,46.8701,-17.4125,-0.102993,-0.48524,6.23417,-16.0616,0.238684,-1.44427,-7.51491,17.526,10.1479,6.95294e-310,-4.92416,6.68183e-310,-162.992,1.4822e-323,-14.6563,5.06782e-310,177.852,46.213,-24.0124,45.5858,-183.533,46.157,-33.8796,46.8701,160.439,-20.0081,26.2049,0.888758,46.4746,-18.7069,27.45,-44.1369,2.73318,
0.39059,0.425428,0.392543,0.355236,200,0,0,-1.18826,1.4702,0.143017,2.76175,-1.13084,1.52548,-2.53653,0.158963,0,-195.295,0,-212.714,0,-196.272,0,-177.618,46.2342,-19.0367,45.5431,-20.6355,46.197,-19.127,46.8782,-17.3906,-0.325111,0.00361047,6.54931,-17.3643,-0.0501114,-0.74054,-7.40352,17.6119,10.0851,6.95294e-310,0.0364119,6.68183e-310,-175.12,1.4822e-323,-7.46843,5.06782e-310,177.618,46.2342,-19.0003,45.5431,-195.756,46.197,-26.5954,46.8782,160.228,-20.6655,25.5688,2.48725,48.0304,-19.6668,26.5301,-44.1136,2.76458,
0.389487,0.427429,0.39047,0.354793,200,0,0,-1.22493,1.43474,0.232582,2.84893,-1.18462,1.47397,-2.53526,0.160676,0,-194.744,0,-213.715,0,-195.235,0,-177.396,46.2552,-18.9857,45.5017,-20.7266,46.2365,-19.0312,46.8859,-17.3698,-0.545288,0.483047,6.84857,-18.6343,-0.335533,-0.0467027,-7.28748,17.6829,10.0321,6.95294e-310,4.84596,6.68183e-310,-186.941,1.4822e-323,-0.468525,5.06782e-310,177.396,46.2552,-14.1397,45.5017,-207.667,46.2365,-19.4997,46.8859,160.027,-21.3031,24.9521,4.04491,49.5466,-20.6022,25.6343,-44.0916,2.79436,
0.388349,0.429275,0.388133,0.354529,200,0,0,-1.26257,1.39835,0.328519,2.94266,-1.24357,1.41758,-2.53451,0.161694,0,-194.174,0,-214.637,0,-194.067,0,-177.265,46.2768,-18.933,45.4634,-20.8106,46.2809,-18.9231,46.8905,-17.3574,-0.771159,0.973663,7.09993,-19.8703,-0.643911,0.716239,-7.09269,17.6434,10.0471,6.95294e-310,9.78249,6.68183e-310,-199.639,1.4822e-323,7.19613,5.06782e-310,177.265,46.2768,-9.15054,45.4634,-220.449,46.2809,-11.7269,46.8905,159.907,-21.9577,24.3191,5.71337,51.1768,-21.6273,24.6536,-44.0784,2.81206,
0.387258,0.431037,0.386276,0.354338,200,0,0,-1.29934,1.36276,0.41509,3.02712,-1.29304,1.37013,-2.53396,0.162434,0,-193.629,0,-215.518,0,-193.138,0,-177.169,46.2974,-18.8826,45.4267,-20.8906,46.3159,-18.8371,46.8938,-17.3485,-0.989062,1.45207,7.36555,-20.9807,-0.907449,1.35593,-6.96492,17.6097,10.0609,6.95294e-310,14.6091,6.68183e-310,-211.085,1.4822e-323,13.6419,5.06782e-310,177.169,46.2974,-4.27342,45.4267,-231.975,46.3159,-5.19517,46.8938,159.82,-22.5973,23.7001,7.21896,52.6456,-22.4876,23.8283,-44.0689,2.82494,
0.38618,0.432631,0.384202,0.35423,200,0,0,-1.3313,1.33197,0.455394,3.06551,-1.34215,1.32325,-2.49398,0.202524,0,-193.09,0,-216.315,0,-192.101,0,-177.115,46.3177,-18.8326,45.3933,-20.963,46.3549,-18.741,46.8957,-17.3434,-1.20251,1.9152,7.58249,-22.052,-1.18475,2.04037,-6.77789,17.5106,9.80934,6.95294e-310,18.7868,6.68183e-310,-216.315,1.4822e-323,20.0147,5.06782e-310,171.768,46.3177,-0.0458021,45.3933,-237.278,46.3549,1.27367,46.8957,154.424,-23.153,23.1648,7.9199,53.3132,-23.3418,23.0131,-43.3735,3.52215,
0.385089,0.434105,0.381889,0.354254,200,0,0,-1.35888,1.30557,0.462249,3.07058,-1.38995,1.27794,-2.42747,0.269005,0,-192.545,0,-217.052,0,-190.945,0,-177.127,46.3382,-18.7821,45.3624,-21.0299,46.3981,-18.6337,46.8953,-17.3445,-1.41908,2.38152,7.75696,-23.1024,-1.48222,2.78677,-6.52455,17.3286,9.39524,6.95294e-310,22.3749,6.68183e-310,-217.052,1.4822e-323,26.1824,5.06782e-310,162.807,46.3382,3.59286,45.3624,-238.082,46.3981,7.54866,46.8953,145.462,-23.6327,22.7055,8.03911,53.4015,-24.1731,22.225,-42.2169,4.67834,
0.384094,0.435471,0.380032,0.354398,200,0,0,-1.38393,1.28159,0.468604,3.07528,-1.42741,1.24246,-2.3725,0.323838,0,-192.047,0,-217.735,0,-190.016,0,-177.199,46.3569,-18.736,45.3336,-21.0919,46.4326,-18.5475,46.8928,-17.3513,-1.62279,2.82669,7.93269,-24.0115,-1.73713,3.41988,-6.32097,17.1387,9.06798,6.95294e-310,25.6323,6.68183e-310,-217.735,1.4822e-323,31.0114,5.06782e-310,155.413,46.3569,6.89635,45.3336,-238.827,46.4326,12.4639,46.8928,138.062,-24.0683,22.2886,8.14963,53.4832,-24.8246,21.6081,-41.2608,5.63196,
0.383052,0.436729,0.377731,0.354613,200,0,0,-1.40745,1.25919,0.474459,3.07961,-1.46954,1.20279,-2.31461,0.381512,0,-191.526,0,-218.365,0,-188.865,0,-177.307,46.3764,-18.6876,45.307,-21.1489,46.4752,-18.4406,46.889,-17.3614,-1.8328,3.27665,8.05895,-24.949,-2.02881,4.16079,-6.02852,16.8679,8.75244,6.95294e-310,28.6787,6.68183e-310,-218.365,1.4822e-323,36.4171,5.06782e-310,147.635,46.3764,9.99105,45.307,-239.513,46.4752,17.9765,46.889,130.274,-24.4774,21.899,8.25146,53.5585,-25.5571,20.918,-40.2541,6.63498,
0.382033,0.43788,0.375945,0.354913,200,0,0,-1.43023,1.23751,0.479814,3.08357,-1.5018,1.17241,-2.26598,0.429838,0,-191.017,0,-218.94,0,-187.973,0,-177.456,46.3954,-18.6404,45.2826,-21.201,46.5081,-18.3576,46.8838,-17.3754,-2.03352,3.71922,8.20652,-25.7457,-2.27203,4.76903,-5.80643,16.5941,8.50395,6.95294e-310,31.628,6.68183e-310,-218.94,1.4822e-323,40.5556,5.06782e-310,141.116,46.3954,12.9876,45.2826,-240.141,46.5081,22.198,46.8838,123.74,-24.8735,21.5219,8.34459,53.6272,-26.1183,20.3898,-39.4084,7.47545,
0.381026,0.438898,0.37374,0.355344,200,0,0,-1.45137,1.21744,0.484557,3.08707,-1.53921,1.13733,-2.21392,0.481469,0,-190.513,0,-219.449,0,-186.87,0,-177.672,46.4142,-18.5937,45.261,-21.2471,46.5484,-18.255,46.8763,-17.3957,-2.23592,4.15598,8.29134,-26.5445,-2.55007,5.48409,-5.48531,16.2265,8.26722,6.95294e-310,34.3584,6.68183e-310,-219.449,1.4822e-323,45.3382,5.06782e-310,134.148,46.4142,15.7648,45.261,-240.696,46.5484,27.0832,46.8763,116.752,-25.2412,21.1729,8.42707,53.6881,-26.7688,19.7796,-38.503,8.37338,
0.380056,0.439785,0.371978,0.35586,200,0,0,-1.4719,1.19795,0.488687,3.09011,-1.56913,1.10925,-2.16872,0.526157,0,-190.028,0,-219.893,0,-185.989,0,-177.93,46.4322,-18.5486,45.2422,-21.2873,46.5805,-18.173,46.8674,-17.4198,-2.42633,4.57883,8.3874,-27.2041,-2.78475,6.08246,-5.21949,15.8497,8.08307,6.95294e-310,37.011,6.68183e-310,-219.893,1.4822e-323,49.1649,5.06782e-310,128.114,46.4322,18.4624,45.2422,-241.18,46.5805,30.992,46.8674,110.694,-25.5983,20.8339,8.4989,53.7411,-27.2892,19.2913,-37.7168,9.15055,
0.379061,0.440528,0.369845,0.356471,200,0,0,-1.49138,1.17954,0.492147,3.09266,-1.60332,1.07728,-2.12026,0.574,0,-189.531,0,-220.264,0,-184.923,0,-178.235,46.4506,-18.5024,45.2263,-21.3209,46.6192,-18.0736,46.8567,-17.4485,-2.61879,4.99848,8.43111,-27.8605,-3.04805,6.7701,-4.87113,15.3875,7.90595,6.95294e-310,39.5177,6.68183e-310,-220.264,1.4822e-323,53.5241,5.06782e-310,121.653,46.4506,21.0153,45.2263,-241.585,46.6192,35.4505,46.8567,104.205,-25.937,20.5137,8.55908,53.7854,-27.8838,18.7353,-36.8741,9.9826,
0.378078,0.441175,0.367964,0.357142,200,0,0,-1.51054,1.16142,0.495162,3.09488,-1.63331,1.04925,-2.07552,0.618063,0,-189.039,0,-220.588,0,-183.982,0,-178.571,46.4688,-18.4568,45.2125,-21.3501,46.6531,-17.9858,46.845,-17.4799,-2.80449,5.41089,8.47933,-28.429,-3.28627,7.3907,-4.55237,14.9112,7.75926,6.95294e-310,41.9845,6.68183e-310,-220.588,1.4822e-323,57.3463,5.06782e-310,115.7,46.4688,23.5277,45.2125,-241.938,46.6531,39.3605,46.845,98.2202,-26.2702,20.1986,8.61152,53.824,-28.4053,18.2478,-36.0961,10.7489,
0.377084,0.441703,0.36631,0.357957,200,0,0,-1.5305,1.14251,0.497619,3.09669,-1.66052,1.02374,-2.03191,0.660855,0,-188.542,0,-220.851,0,-183.155,0,-178.978,46.4871,-18.4105,45.2013,-21.374,46.6828,-17.9086,46.8307,-17.5181,-2.98765,5.82988,8.52811,-28.8956,-3.50399,7.9578,-4.24633,14.381,7.64308,6.95294e-310,44.5582,6.68183e-310,-220.851,1.4822e-323,60.8221,5.06782e-310,109.915,46.4871,26.1477,45.2013,-242.225,46.6828,42.9135,46.8307,92.3973,-26.6175,19.8697,8.65424,53.8555,-28.8786,17.8042,-35.3376,11.4931,
0.376137,0.442122,0.364368,0.358868,200,0,0,-1.54899,1.12502,0.499574,3.09813,-1.69134,0.994918,-1.98608,0.705769,0,-188.068,0,-221.061,0,-182.184,0,-179.434,46.5045,-18.3665,45.1923,-21.3929,46.7175,-17.818,46.8148,-17.5607,-3.16796,6.23248,8.52476,-29.3524,-3.74429,8.59754,-3.8695,13.7882,7.53127,6.95294e-310,46.9385,6.68183e-310,-221.061,1.4822e-323,64.7504,5.06782e-310,103.843,46.5045,28.572,45.1923,-242.454,46.7175,46.9325,46.8148,86.2818,-26.939,19.5656,8.68824,53.8805,-29.4145,17.3029,-34.5405,12.2742,
0.375202,0.442422,0.362655,0.35979,200,0,0,-1.56701,1.10799,0.50097,3.09916,-1.71867,0.969332,-1.94342,0.747495,0,-187.601,0,-221.211,0,-181.327,0,-179.895,46.5217,-18.323,45.1859,-21.4065,46.7479,-17.7379,46.7985,-17.6039,-3.3374,6.61822,8.52374,-29.7219,-3.95857,9.16833,-3.52401,13.194,7.44269,6.95294e-310,49.2573,6.68183e-310,-221.211,1.4822e-323,68.237,5.06782e-310,98.1989,46.5217,30.9343,45.1859,-242.617,46.7479,50.4991,46.7985,80.595,-27.2524,19.2693,8.71252,53.8984,-29.89,16.8579,-33.7986,12.9999,
0.374195,0.442613,0.360965,0.360797,200,0,0,-1.58601,1.09005,0.501863,3.09982,-1.74572,0.944007,-1.89959,0.79031,0,-187.098,0,-221.307,0,-180.482,0,-180.399,46.5401,-18.2762,45.1818,-21.4151,46.7778,-17.6589,46.7808,-17.651,-3.51012,7.01799,8.5193,-30.0412,-4.16918,9.73116,-3.17128,12.5437,7.36677,6.95294e-310,51.6999,6.68183e-310,-221.307,1.4822e-323,71.6872,5.06782e-310,92.4065,46.5401,33.4237,45.1818,-242.722,46.7778,54.0284,46.7808,74.7555,-27.5828,18.9573,8.72806,53.9098,-30.3603,16.4175,-33.0363,13.7445,
0.373381,0.442697,0.359431,0.361864,200,0,0,-1.60265,1.07427,0.502254,3.1001,-1.77137,0.919913,-1.85884,0.829967,0,-186.69,0,-221.349,0,-179.715,0,-180.932,46.555,-18.2383,45.18,-21.4189,46.8049,-17.5871,46.7619,-17.7009,-3.65948,7.36316,8.48111,-30.2681,-4.36098,10.2514,-2.81737,11.9019,7.31295,6.95294e-310,53.8464,6.68183e-310,-221.349,1.4822e-323,74.9677,5.06782e-310,87.0382,46.555,35.6081,45.18,-242.768,46.8049,57.3806,46.7619,69.3374,-27.8721,18.6829,8.73486,53.9148,-30.8064,15.9985,-32.3277,14.4342,
0.372518,0.442637,0.357921,0.36299,200,0,0,-1.61982,1.058,0.501975,3.0999,-1.79688,0.895922,-1.81712,0.870547,0,-186.259,0,-221.319,0,-178.96,0,-181.495,46.5707,-18.1981,45.1813,-21.4162,46.8314,-17.5164,46.742,-17.7536,-3.80617,7.70834,8.43248,-30.4317,-4.54587,10.7572,-2.45627,11.2124,7.27265,6.95294e-310,56.0601,6.68183e-310,-221.319,1.4822e-323,78.2332,5.06782e-310,81.5441,46.5707,37.862,45.1813,-242.735,46.8314,60.7168,46.742,63.7906,-28.1708,18.3999,8.73,53.9113,-31.2501,15.5812,-31.602,15.1399,
0.371667,0.442434,0.356483,0.364201,200,0,0,-1.63716,1.04154,0.501026,3.0992,-1.8222,0.872052,-1.77476,0.911667,0,-185.833,0,-221.217,0,-178.241,0,-182.1,46.5862,-18.1584,45.1856,-21.407,46.8565,-17.449,46.7204,-17.8101,-3.94524,8.04188,8.36709,-30.5157,-4.72021,11.2398,-2.08791,10.4803,7.24928,6.95294e-310,58.2979,6.68183e-310,-221.217,1.4822e-323,81.4805,5.06782e-310,75.9749,46.5862,40.1394,45.1856,-242.624,46.8565,64.0314,46.7204,58.1648,-28.4724,18.1138,8.71349,53.8991,-31.6904,15.1661,-30.8654,15.8551,
0.370852,0.442074,0.355141,0.365447,200,0,0,-1.65408,1.02547,0.49935,3.09797,-1.84684,0.84875,-1.73279,0.952354,0,-185.426,0,-221.037,0,-177.57,0,-182.723,46.6009,-18.1205,45.1933,-21.3908,46.8799,-17.3861,46.6982,-17.8683,-4.07106,8.35012,8.28378,-30.5155,-4.87894,11.6863,-1.72112,9.72784,7.24345,6.95294e-310,60.4836,6.68183e-310,-221.037,1.4822e-323,84.6488,5.06782e-310,70.4631,46.6009,42.3632,45.1933,-242.428,46.8799,67.2627,46.6982,52.5948,-28.7667,17.8343,8.68435,53.8777,-32.119,14.7609,-30.1355,16.5627,
0.370181,0.441559,0.35387,0.366729,200,0,0,-1.66923,1.01102,0.496949,3.0962,-1.87149,0.825369,-1.69193,0.991902,0,-185.09,0,-220.779,0,-176.935,0,-183.365,46.6131,-18.0892,45.2043,-21.3675,46.9019,-17.3265,46.6753,-17.9282,-4.17432,8.60581,8.16278,-30.4255,-5.02292,12.1033,-1.34367,8.97192,7.25638,6.95294e-310,62.447,6.68183e-310,-220.779,1.4822e-323,87.8261,5.06782e-310,65.1037,46.6131,44.3578,45.2043,-242.147,46.9019,70.4996,46.6753,47.1755,-29.0301,17.583,8.64259,53.8469,-32.5477,14.3542,-29.4248,17.2505,
0.369498,0.440852,0.352672,0.368012,200,0,0,-1.68435,0.996609,0.493655,3.09377,-1.89569,0.802361,-1.6508,1.03171,0,-184.749,0,-220.426,0,-176.336,0,-184.006,46.6254,-18.0574,45.2194,-21.3355,46.9227,-17.2703,46.6522,-17.988,-4.26474,8.83874,8.02675,-30.2504,-5.15018,12.4818,-0.970973,8.19428,7.28672,6.95294e-310,64.4054,6.68183e-310,-220.426,1.4822e-323,90.9513,5.06782e-310,59.7094,46.6254,46.3481,45.2194,-241.761,46.9227,73.681,46.6522,41.7214,-29.2931,17.3323,8.5853,53.8047,-32.9686,13.9541,-28.7095,17.9427,
0.368803,0.440049,0.351545,0.369378,200,0,0,-1.70052,0.981164,0.489914,3.09102,-1.92025,0.778916,-1.60774,1.07335,0,-184.401,0,-220.024,0,-175.773,0,-184.689,46.638,-18.0249,45.2365,-21.2992,46.9421,-17.2174,46.6276,-18.0518,-4.35308,9.0726,7.88389,-30.0164,-5.27036,12.842,-0.595348,7.37574,7.33013,6.95294e-310,66.5033,6.68183e-310,-220.024,1.4822e-323,94.1338,5.06782e-310,54.0651,46.638,48.4784,45.2365,-241.324,46.9421,76.9163,46.6276,36.0134,-29.5743,17.0637,8.52025,53.7568,-33.3957,13.5464,-27.9607,18.6669,
0.368179,0.43891,0.350491,0.370756,200,0,0,-1.71563,0.966699,0.484613,3.08711,-1.94528,0.754928,-1.56408,1.11558,0,-184.09,0,-219.455,0,-175.245,0,-185.378,46.6492,-17.9959,45.2608,-21.2477,46.9602,-17.1679,46.6027,-18.116,-4.41175,9.24508,7.69426,-29.6328,-5.36502,13.1502,-0.209084,6.52745,7.40581,6.95294e-310,68.4673,6.68183e-310,-219.455,1.4822e-323,97.3877,5.06782e-310,48.341,46.6492,50.4714,45.2608,-240.703,46.9602,80.2197,46.6027,30.225,-29.837,16.8122,8.42804,53.6888,-33.831,13.1292,-27.2013,19.4013,
0.367544,0.437844,0.349472,0.372122,200,0,0,-1.73134,0.951651,0.479647,3.08344,-1.97016,0.73106,-1.52008,1.15815,0,-183.772,0,-218.922,0,-174.736,0,-186.061,46.6606,-17.9662,45.2834,-21.1994,46.9777,-17.1201,46.5779,-18.1797,-4.47623,9.42851,7.51859,-29.2739,-5.46126,13.4553,0.163241,5.69241,7.47841,6.95294e-310,70.5102,6.68183e-310,-218.922,1.4822e-323,100.624,5.06782e-310,42.5701,46.6606,52.544,45.2834,-240.121,46.9777,83.5044,46.5779,24.3905,-30.1102,16.5504,8.34168,53.6251,-34.2636,12.7141,-26.4361,20.1418,
0.366945,0.436477,0.348573,0.373488,200,0,0,-1.74684,0.936764,0.473288,3.07875,-1.99512,0.706979,-1.47506,1.20174,0,-183.472,0,-218.239,0,-174.287,0,-186.744,46.6714,-17.9383,45.3123,-21.1375,46.9931,-17.0779,46.553,-18.2433,-4.51566,9.56353,7.31108,-28.776,-5.53,13.6981,0.532063,4.83417,7.58406,6.95294e-310,72.5304,6.68183e-310,-218.239,1.4822e-323,103.887,5.06782e-310,36.6627,46.6714,54.5921,45.3123,-239.376,46.9931,86.8096,46.553,18.4194,-30.3798,16.2915,8.2311,53.5434,-34.6978,12.2953,-25.6532,20.8998,
0.366334,0.434896,0.347722,0.374938,200,0,0,-1.76368,0.920552,0.465928,3.07331,-2.02179,0.68114,-1.42611,1.24917,0,-183.167,0,-217.448,0,-173.861,0,-187.469,46.6823,-17.9097,45.3457,-21.0658,47.0076,-17.0379,46.5265,-18.3108,-4.54567,9.68364,7.0794,-28.1775,-5.5871,13.9154,0.913413,3.91796,7.71707,6.95294e-310,74.7294,6.68183e-310,-217.448,1.4822e-323,107.386,5.06782e-310,30.2352,46.6823,56.8196,45.3457,-238.514,47.0076,90.3484,46.5265,11.9244,-30.6727,16.0096,8.10309,53.4488,-35.1616,11.8459,-24.8019,21.7246,
0.365699,0.433493,0.346967,0.37652,200,0,0,-1.78337,0.90152,0.459406,3.06848,-2.04923,0.654446,-1.37376,1.29984,0,-182.849,0,-216.747,0,-173.484,0,-188.26,46.6937,-17.8801,45.3752,-21.0022,47.0204,-17.0024,46.4975,-18.3843,-4.59614,9.85077,6.8762,-27.618,-5.65462,14.1435,1.28582,2.97732,7.84801,6.95294e-310,77.309,6.68183e-310,-216.747,1.4822e-323,110.999,5.06782e-310,23.3661,46.6937,59.4289,45.3752,-237.749,47.0204,93.9961,46.4975,4.98171,-31.0151,15.6786,7.98968,53.3649,-35.6387,11.3817,-23.8915,22.6059,
0.365195,0.431636,0.34632,0.377887,200,0,0,-1.79981,0.885598,0.45077,3.06208,-2.07619,0.628112,-1.32374,1.34842,0,-182.598,0,-215.818,0,-173.16,0,-188.943,46.7027,-17.8566,45.4141,-20.9179,47.0314,-16.9719,46.4723,-18.4478,-4.59275,9.89791,6.61348,-26.8811,-5.67488,14.269,1.6404,2.09063,8.0286,6.95294e-310,79.4664,6.68183e-310,-215.818,1.4822e-323,114.56,5.06782e-310,16.7848,46.7027,61.6098,45.4141,-236.736,47.0314,97.5881,46.4723,-1.66305,-31.301,15.4017,7.83949,53.2536,-36.1077,10.9237,-23.0216,23.4507,
0.36462,0.430054,0.345709,0.379433,200,0,0,-1.82033,0.865667,0.443419,3.05663,-2.10485,0.600053,-1.26845,1.40207,0,-182.31,0,-215.027,0,-172.854,0,-189.716,46.713,-17.8297,45.4472,-20.846,47.0418,-16.9432,46.4437,-18.5197,-4.62395,10.0223,6.39121,-26.2284,-5.71944,14.4364,1.99425,1.16063,8.19825,6.95294e-310,82.1656,6.68183e-310,-215.027,1.4822e-323,118.353,5.06782e-310,9.51511,46.713,64.3359,45.4472,-235.873,47.0418,101.41,46.4437,-9.00456,-31.6579,15.0551,7.71164,53.1588,-36.6061,10.4357,-22.06,24.3838,
0.364129,0.427981,0.34517,0.380991,200,0,0,-1.84097,0.845532,0.433789,3.04948,-2.13683,0.568594,-1.20796,1.46089,0,-182.064,0,-213.99,0,-172.585,0,-190.495,46.7217,-17.8068,45.4903,-20.7517,47.0509,-16.9178,46.4148,-18.592,-4.61566,10.0628,6.09935,-25.3662,-5.72999,14.5333,2.36703,0.183299,8.43604,6.95294e-310,84.8904,6.68183e-310,-213.99,1.4822e-323,122.603,5.06782e-310,1.54632,46.7217,67.0836,45.4903,-234.742,47.0509,105.686,46.4148,-17.0457,-32.0168,14.7049,7.54415,53.0344,-37.1623,9.88859,-21.008,25.4069,
0.363709,0.426183,0.344702,0.382548,200,0,0,-1.86222,0.824708,0.425443,3.04328,-2.1689,0.536986,-1.14742,1.51977,0,-181.855,0,-213.092,0,-172.351,0,-191.274,46.7292,-17.7872,45.5275,-20.6699,47.0588,-16.8958,46.3858,-18.6643,-4.61975,10.122,5.83521,-24.5924,-5.75102,14.6421,2.71874,-0.741934,8.66492,6.95294e-310,87.7064,6.68183e-310,-213.092,1.4822e-323,126.872,5.06782e-310,-6.4288,46.7292,69.9193,45.5275,-233.761,47.0588,109.977,46.3858,-25.0931,-32.3864,14.3427,7.39901,52.9265,-37.7199,9.33889,-19.9551,26.4307,
0.363242,0.424134,0.344307,0.384106,200,0,0,-1.88604,0.80137,0.415933,3.0362,-2.20347,0.502795,-1.08079,1.58472,0,-181.621,0,-212.067,0,-172.153,0,-192.053,46.7375,-17.7653,45.5698,-20.5766,47.0655,-16.8772,46.3567,-18.7365,-4.61186,10.1608,5.55263,-23.7146,-5.75333,14.7038,3.06543,-1.70243,8.94245,6.95294e-310,90.8623,6.68183e-310,-212.067,1.4822e-323,131.488,5.06782e-310,-15.2239,46.7375,73.097,45.5698,-232.643,47.0655,114.611,46.3567,-33.9604,-32.8006,13.9369,7.23362,52.8034,-38.3212,8.74426,-18.7964,27.5603,
0.36287,0.421797,0.343983,0.385652,200,0,0,-1.91071,0.777079,0.405094,3.02811,-2.24202,0.464561,-1.00817,1.65567,0,-181.435,0,-210.898,0,-171.992,0,-192.826,46.7441,-17.748,45.6177,-20.47,47.0709,-16.862,46.3277,-18.8082,-4.57695,10.137,5.22362,-22.7085,-5.73252,14.7135,3.41864,-2.67327,9.28719,6.95294e-310,94.1446,6.68183e-310,-210.898,1.4822e-323,136.647,5.06782e-310,-24.8272,46.7441,76.3967,45.6177,-231.368,47.0709,119.785,46.3277,-43.6354,-33.2297,13.5144,7.04512,52.6629,-38.9916,8.07933,-17.5335,28.7942,
0.362583,0.419748,0.343756,0.387198,200,0,0,-1.93639,0.751685,0.395595,3.02102,-2.28102,0.425779,-0.934729,1.72744,0,-181.291,0,-209.874,0,-171.878,0,-193.599,46.7492,-17.7345,45.6596,-20.3765,47.0748,-16.8513,46.2985,-18.8798,-4.55352,10.1307,4.92408,-21.7903,-5.72068,14.7306,3.74773,-3.58633,9.63151,6.95294e-310,97.5736,6.68183e-310,-209.874,1.4822e-323,141.878,5.06782e-310,-34.5418,46.7492,79.8391,45.6596,-230.25,47.0748,125.027,46.2985,-53.4215,-33.6764,13.0728,6.87991,52.5395,-39.6699,7.40486,-16.2562,30.0424,
0.362283,0.417315,0.343612,0.38884,200,0,0,-1.96729,0.721092,0.384324,3.01259,-2.32739,0.379554,-0.847011,1.81337,0,-181.142,0,-208.657,0,-171.806,0,-194.42,46.7545,-17.7205,45.709,-20.2654,47.0772,-16.8445,46.2675,-18.9558,-4.51224,10.09,4.57931,-20.7009,-5.6867,14.6941,4.09243,-4.58036,10.0796,6.95294e-310,101.704,6.68183e-310,-208.657,1.4822e-323,148.111,5.06782e-310,-46.1684,46.7545,83.9831,45.709,-228.923,47.0772,131.267,46.2675,-65.1241,-34.2138,12.5407,6.6839,52.3929,-40.4763,6.60094,-14.7306,31.5368,
0.362091,0.414618,0.34354,0.390122,200,0,0,-1.99586,0.692717,0.37184,3.00324,-2.37519,0.331815,-0.759529,1.89945,0,-181.046,0,-207.309,0,-171.77,0,-195.061,46.7579,-17.7115,45.7635,-20.142,47.0784,-16.8411,46.2431,-19.0151,-4.42791,9.94512,4.20299,-19.5363,-5.61212,14.5642,4.39503,-5.44748,10.6115,6.95294e-310,105.532,6.68183e-310,-207.309,1.4822e-323,154.547,5.06782e-310,-57.8057,46.7579,87.8207,45.7635,-227.451,47.0784,137.706,46.2431,-76.8207,-34.7107,12.0472,6.46678,52.2303,-41.3077,5.7707,-13.2092,33.0339,
0.361924,0.412281,0.343576,0.391441,200,0,0,-2.0277,0.66105,0.361027,2.99513,-2.42414,0.282831,-0.668445,1.98909,0,-180.962,0,-206.141,0,-171.788,0,-195.72,46.7609,-17.7037,45.8105,-20.035,47.0778,-16.8428,46.218,-19.076,-4.36615,9.84657,3.87463,-18.4855,-5.55212,14.4508,4.66897,-6.27038,11.1515,6.95294e-310,109.804,6.68183e-310,-206.141,1.4822e-323,161.149,5.06782e-310,-69.9241,46.7609,92.1003,45.8105,-226.176,47.0778,144.306,46.218,-89.0001,-35.2643,11.4965,6.27873,52.0892,-42.159,4.9188,-11.6251,34.5929,
0.36184,0.409357,0.343696,0.392843,200,0,0,-2.0672,0.62164,0.347506,2.98496,-2.48873,0.218131,-0.551456,2.10454,0,-180.92,0,-204.679,0,-171.848,0,-196.421,46.7624,-17.6998,45.8688,-19.901,47.0758,-16.8484,46.1912,-19.1408,-4.26685,9.66272,3.4578,-17.1803,-5.4571,14.2582,4.97427,-7.17864,11.9136,6.95294e-310,115.118,6.68183e-310,-204.679,1.4822e-323,169.867,5.06782e-310,-85.5234,46.7624,97.4179,45.8688,-224.58,47.0758,153.018,46.1912,-104.664,-35.9512,10.8111,6.04359,51.9124,-43.2822,3.79358,-9.59055,36.6007,
0.36178,0.406577,0.343899,0.394089,200,0,0,-2.07403,0.614863,0.274378,2.91501,-2.50401,0.20265,-0.45803,2.19659,0,-180.89,0,-203.288,0,-171.95,0,-197.045,46.7634,-17.697,45.924,-19.7734,47.0724,-16.858,46.1673,-19.1984,-4.1677,9.47398,3.06703,-15.935,-5.35584,14.0396,5.23846,-7.99884,12.2475,6.95294e-310,116.032,6.68183e-310,-195.163,1.4822e-323,171.95,5.06782e-310,-97.9656,46.7634,98.3355,45.924,-214.937,47.0724,155.092,46.1673,-117.164,-36.0702,10.6933,4.77179,50.6958,-43.548,3.52435,-7.96573,38.2016,
0.361804,0.403737,0.344199,0.395204,200,0,0,-2.07003,0.618837,0.183231,2.82708,-2.50487,0.201498,-0.372199,2.28119,0,-180.902,0,-201.868,0,-172.099,0,-197.602,46.763,-17.6981,45.98,-19.6429,47.0673,-16.8721,46.1459,-19.2498,-4.05229,9.24219,2.66599,-14.662,-5.23632,13.7717,5.47779,-8.75433,12.4966,6.95294e-310,115.496,6.68183e-310,-183.226,1.4822e-323,172.099,5.06782e-310,-109.4,46.763,97.7981,45.98,-202.869,47.0673,155.227,46.1459,-128.649,-36.0006,10.7624,3.18663,49.1666,-43.563,3.50432,-6.47303,39.6729,
0.3619,0.4008,0.344582,0.396378,200,0,0,-2.06564,0.62313,0.0851979,2.73235,-2.50597,0.200023,-0.279303,2.37278,0,-180.95,0,-200.4,0,-172.291,0,-198.189,46.7613,-17.7026,46.0374,-19.5078,47.0608,-16.8902,46.1233,-19.304,-3.93002,8.98894,2.24185,-13.3267,-5.10869,13.477,5.72116,-9.52577,12.7841,6.95294e-310,114.916,6.68183e-310,-170.371,1.4822e-323,172.291,5.06782e-310,-121.778,46.7613,97.213,46.0374,-189.878,47.0608,155.401,46.1233,-141.082,-35.9243,10.837,1.4817,47.5192,-43.5822,3.47867,-4.85744,41.2658,
0.362031,0.397685,0.345074,0.397649,200,0,0,-2.06195,0.62669,-0.0234339,2.6272,-2.50739,0.198133,-0.174448,2.47623,0,-181.016,0,-198.842,0,-172.537,0,-198.824,46.759,-17.7087,46.098,-19.3642,47.0525,-16.9133,46.0987,-19.3626,-3.80118,8.71726,1.78921,-11.8919,-4.96919,13.1435,5.97034,-10.3417,13.1272,6.95294e-310,114.433,6.68183e-310,-156.107,1.4822e-323,172.537,5.06782e-310,-135.757,46.759,96.7241,46.098,-175.471,47.0525,155.624,46.0987,-155.12,-35.86,10.8989,-0.407547,45.6905,-43.6067,3.4458,-3.03388,43.0648,
0.362271,0.394485,0.345757,0.398619,200,0,0,-2.05775,0.630646,-0.132733,2.52145,-2.50935,0.195505,-0.0689088,2.58068,0,-181.136,0,-197.242,0,-172.878,0,-199.31,46.7547,-17.7199,46.1597,-19.2166,47.041,-16.9454,46.0799,-19.4073,-3.64333,8.37465,1.33385,-10.4238,-4.79252,12.7117,6.16001,-11.0195,13.5999,6.95294e-310,113.894,6.68183e-310,-141.762,1.4822e-323,172.878,5.06782e-310,-149.865,46.7547,96.1744,46.1597,-160.979,47.041,155.933,46.0799,-169.272,-35.787,10.9678,-2.30841,43.8513,-43.6409,3.40009,-1.19841,44.8815,
0.362547,0.391141,0.346584,0.399722,200,0,0,-2.05526,0.632857,-0.256881,2.40098,-2.51173,0.192323,0.0542047,2.70257,0,-181.273,0,-195.571,0,-173.292,0,-199.861,46.7498,-17.7328,46.2237,-19.0622,47.0269,-16.9843,46.0585,-19.4581,-3.4833,8.02315,0.854809,-8.85954,-4.60553,12.24,6.35287,-11.7479,14.1578,6.95294e-310,113.59,6.68183e-310,-125.432,1.4822e-323,173.292,5.06782e-310,-166.324,46.7498,95.8574,46.2237,-144.494,47.0269,156.308,46.0585,-185.782,-35.7436,11.0062,-4.4675,41.7562,-43.6822,3.34475,0.94269,47.0012,
0.36287,0.38775,0.347435,0.400645,200,0,0,-2.05093,0.636852,-0.38906,2.27251,-2.51417,0.189047,0.183754,2.83108,0,-181.435,0,-193.875,0,-173.717,0,-200.322,46.7441,-17.748,46.2881,-18.9053,47.0125,-17.0243,46.0405,-19.5006,-3.31128,7.63374,0.366951,-7.2946,-4.40508,11.7309,6.52271,-12.4032,14.8086,6.95294e-310,113.045,6.68183e-310,-108.023,1.4822e-323,173.717,5.06782e-310,-183.673,46.7441,95.2968,46.2881,-126.928,47.0125,156.693,46.0405,-203.174,-35.6684,11.0757,-6.76626,39.5219,-43.7247,3.28778,3.19571,49.2362,
0.363266,0.384274,0.348513,0.401376,200,0,0,-2.03839,0.648993,-0.541236,2.12409,-2.5023,0.199861,0.310652,2.95716,0,-181.633,0,-192.137,0,-174.257,0,-200.688,46.7371,-17.7664,46.3535,-18.7443,46.9941,-17.075,46.0262,-19.5343,-3.11961,7.19631,-0.121099,-5.67996,-4.17156,11.1265,6.63921,-12.9642,15.4801,6.95294e-310,111.4,6.68183e-310,-87.9265,1.4822e-323,172.239,5.06782e-310,-200.688,46.7371,93.6332,46.3535,-106.671,46.9941,155.164,46.0262,-220.222,-35.4502,11.2868,-9.4128,36.9407,-43.5182,3.47585,5.40264,51.4289,
0.363733,0.380715,0.349712,0.402227,200,0,0,-1.95396,0.732944,-0.757068,1.91208,-2.37812,0.322859,0.314577,2.96013,0,-181.867,0,-190.357,0,-174.856,0,-201.113,46.7288,-17.7883,46.42,-18.5792,46.9736,-17.1313,46.0096,-19.5734,-2.92702,6.7471,-0.633962,-3.99528,-3.93234,10.4933,6.76107,-13.5593,14.8322,6.95294e-310,100.074,6.68183e-310,-59.2586,1.4822e-323,155.638,5.06782e-310,-201.113,46.7288,82.2858,46.42,-77.8378,46.9736,138.507,46.0096,-220.687,-33.9819,12.7469,-13.1664,33.2536,-41.3586,5.61494,5.47091,51.4805,
0.364249,0.377431,0.35121,0.402814,200,0,0,-1.88338,0.802998,-0.943823,1.72882,-2.26727,0.43223,0.317287,2.96218,0,-182.124,0,-188.716,0,-175.605,0,-201.407,46.7196,-17.8124,46.4807,-18.4267,46.9479,-17.2017,45.9981,-19.6004,-2.7302,6.29251,-1.08455,-2.39389,-3.669,9.78156,6.79008,-13.9853,14.4013,6.95294e-310,90.6206,6.68183e-310,-34.4752,1.4822e-323,140.868,5.06782e-310,-201.407,46.7196,72.8082,46.4807,-52.9019,46.9479,123.666,45.9981,-221.007,-32.7544,13.9652,-16.4143,30.0664,-39.4308,7.51705,5.51803,51.5161,
0.364788,0.373369,0.352528,0.403425,200,0,0,-1.80175,0.884069,-1.14843,1.52849,-2.14987,0.548325,0.320107,2.96431,0,-182.394,0,-186.684,0,-176.264,0,-201.712,46.71,-17.8376,46.5552,-18.2377,46.9251,-17.2636,45.9861,-19.6285,-2.50362,5.73921,-1.67062,-0.531189,-3.38439,9.01731,6.88715,-14.5287,13.8837,6.95294e-310,79.6816,6.68183e-310,-7.37487,1.4822e-323,125.194,5.06782e-310,-201.712,46.71,61.844,46.5552,-25.6126,46.9251,107.93,45.9861,-221.341,-31.3349,15.3751,-19.9728,26.5824,-37.3891,9.53609,5.56709,51.5532,
0.365327,0.369701,0.35405,0.40388,200,0,0,-1.73337,0.9519,-1.32629,1.35447,-2.04446,0.652219,0.322209,2.9659,0,-182.664,0,-184.851,0,-177.025,0,-201.94,46.7003,-17.8627,46.6218,-18.0668,46.8988,-17.335,45.9771,-19.6495,-2.29035,5.21963,-2.18314,1.19656,-3.09682,8.22684,6.91164,-14.9454,13.5119,6.95294e-310,70.527,6.68183e-310,16.1678,1.4822e-323,111.16,5.06782e-310,-201.94,46.7003,52.6643,46.6218,-1.89906,46.8988,93.8252,45.9771,-221.59,-30.1456,16.5548,-23.0658,23.5559,-35.5559,11.3429,5.60364,51.5808,
0.36607,0.366046,0.355955,0.404216,200,0,0,-1.66581,1.0187,-1.50295,1.18158,-1.93822,0.756561,0.323758,2.96706,0,-183.035,0,-183.023,0,-177.978,0,-202.108,46.6871,-17.8974,46.6875,-17.8963,46.8657,-17.4243,45.9706,-19.6649,-2.05428,4.64026,-2.69821,2.98404,-2.77166,7.32225,6.87339,-15.2475,13.2552,6.95294e-310,61.5074,6.68183e-310,39.5539,1.4822e-323,97.0576,5.06782e-310,-202.108,46.6871,43.61,46.6875,21.6576,46.8657,79.6333,45.9706,-221.773,-28.9706,17.7164,-26.1383,20.5492,-33.7081,13.1576,5.63058,51.6011,
0.366678,0.362415,0.357549,0.404444,200,0,0,-1.60299,1.08089,-1.66418,1.02406,-1.84197,0.851203,0.324809,2.96786,0,-183.339,0,-181.207,0,-178.775,0,-202.222,46.6762,-17.9258,46.7522,-17.7267,46.8379,-17.499,45.9661,-19.6754,-1.83534,4.08491,-3.21278,4.68136,-2.47125,6.48139,6.85776,-15.5536,13.0016,6.95294e-310,53.1103,6.68183e-310,60.8652,1.4822e-323,84.2683,5.06782e-310,-202.222,46.6762,35.1845,46.7522,43.1385,46.8379,66.7694,45.9661,-221.897,-27.878,18.7981,-28.9423,17.8098,-32.0343,14.8035,5.64886,51.6149,
0.3674,0.358868,0.359515,0.404516,200,0,0,-1.5417,1.14143,-1.82572,0.866131,-1.74269,0.948505,0.325141,2.96811,0,-183.7,0,-179.434,0,-179.757,0,-202.258,46.6632,-17.9595,46.8148,-17.5607,46.8034,-17.591,45.9647,-19.6787,-1.60263,3.49657,-3.70395,6.39864,-2.13684,5.53362,6.76563,-15.7388,12.8509,6.95294e-310,44.9342,6.68183e-310,82.2285,1.4822e-323,71.1122,5.06782e-310,-202.258,46.6632,26.9746,46.8148,64.6677,46.8034,53.5212,45.9647,-221.936,-26.8122,19.851,-31.7516,15.0632,-30.3076,16.4957,5.65463,51.6193,
0.368155,0.355464,0.361193,0.404468,200,0,0,-1.48197,1.20039,-1.97425,0.721023,-1.65393,1.03556,0.32492,2.96794,0,-184.078,0,-177.732,0,-180.596,0,-202.234,46.6496,-17.9948,46.8743,-17.4013,46.7738,-17.6695,45.9656,-19.6765,-1.3764,2.90265,-4.20168,7.99701,-1.82799,4.65905,6.69975,-15.8777,12.737,6.95294e-310,36.9709,6.68183e-310,101.858,1.4822e-323,59.3422,5.06782e-310,-202.234,46.6496,18.9762,46.8743,84.4564,46.7738,41.6727,45.9656,-221.91,-25.7734,20.8763,-34.3347,12.5395,-28.764,18.0098,5.65078,51.6164,
0.36897,0.352144,0.363062,0.404312,200,0,0,-1.42279,1.25872,-2.12344,0.575135,-1.56303,1.12456,0.324201,2.9674,0,-184.485,0,-176.072,0,-181.531,0,-202.156,46.635,-18.0328,46.9318,-17.2456,46.7407,-17.7569,45.9687,-19.6693,-1.14549,2.29348,-4.68272,9.58623,-1.50312,3.72967,6.58826,-15.9384,12.6836,6.95294e-310,29.0896,6.68183e-310,121.588,1.4822e-323,47.3056,5.06782e-310,-202.156,46.635,11.0569,46.9318,104.342,46.7407,29.5487,45.9687,-221.825,-24.7442,21.8908,-36.9294,10.0024,-27.1831,19.5576,5.63827,51.6069,
0.369761,0.348945,0.365219,0.404,200,0,0,-1.36547,1.31522,-2.27548,0.426258,-1.46645,1.21893,0.322762,2.96631,0,-184.881,0,-174.472,0,-182.61,0,-202,46.6207,-18.0696,46.9867,-17.0953,46.7023,-17.8577,45.9748,-19.655,-0.914423,1.68936,-5.11789,11.1581,-1.15428,2.71937,6.40016,-15.9046,12.7007,6.95294e-310,21.4561,6.68183e-310,141.717,1.4822e-323,34.5379,5.06782e-310,-202,46.6207,3.38641,46.9867,124.621,46.7023,16.6802,45.9748,-221.655,-23.7473,22.8734,-39.5735,7.41319,-25.5034,21.1988,5.61326,51.5881,
0.370552,0.345817,0.367089,0.403593,200,0,0,-1.30778,1.37208,-2.42063,0.284169,-1.37642,1.30704,0.320882,2.96489,0,-185.276,0,-172.908,0,-183.544,0,-201.796,46.6064,-18.1065,47.0399,-16.9483,46.6688,-17.945,45.9828,-19.6362,-0.689705,1.08173,-5.56405,12.6388,-0.829157,1.77658,6.24232,-15.8486,12.7328,6.95294e-310,13.7734,6.68183e-310,160.927,1.4822e-323,22.6207,5.06782e-310,-201.796,46.6064,-4.33314,47.0399,143.979,46.6688,4.67576,45.9828,-221.433,-22.7441,23.8623,-42.0979,4.94206,-23.9377,22.7311,5.58055,51.5634,
0.371355,0.342797,0.368827,0.403101,200,0,0,-1.24783,1.4312,-2.50084,0.206889,-1.2857,1.39596,0.249797,2.89436,0,-185.678,0,-171.398,0,-184.413,0,-201.551,46.5918,-18.1439,47.0909,-16.8061,46.6376,-18.0261,45.9924,-19.6137,-0.469793,0.474124,-6.00604,14.0449,-0.517165,0.868268,6.09028,-15.7556,12.2036,6.95294e-310,5.78604,6.68183e-310,171.398,1.4822e-323,10.596,5.06782e-310,-192.275,46.5918,-12.3579,47.0909,154.592,46.6376,-7.43003,45.9924,-211.889,-21.7013,24.8905,-43.4928,3.59807,-22.3601,24.2775,4.3443,50.3367,
0.372158,0.339873,0.370756,0.402322,200,0,0,-1.19157,1.48662,-2.49242,0.218121,-1.19596,1.48369,0.0925974,2.73804,0,-186.079,0,-169.936,0,-185.378,0,-201.161,46.5772,-18.1813,47.1399,-16.6684,46.6027,-18.116,46.0077,-19.5778,-0.240438,-0.154355,-6.4088,15.4119,-0.180083,-0.115608,5.86309,-15.5249,11.0263,6.95294e-310,-1.70197,6.68183e-310,169.936,1.4822e-323,-1.27474,5.06782e-310,-171.183,46.5772,-19.8833,47.1399,153.268,46.6027,-19.3907,46.0077,-190.76,-20.723,25.8542,-43.3464,3.79342,-20.7993,25.8034,1.61039,47.6181,
0.372961,0.33714,0.372877,0.401448,200,0,0,-1.14593,1.53142,-2.48454,0.228606,-1.11856,1.55888,-0.0405115,2.60592,0,-186.481,0,-168.57,0,-186.439,0,-200.724,46.5626,-18.2187,47.1852,-16.5395,46.5642,-18.2148,46.0248,-19.5376,-0.0147754,-0.770153,-6.76787,16.729,0.166995,-1.13723,5.58109,-15.2184,10.0765,6.95294e-310,-7.76047,6.68183e-310,168.57,1.4822e-323,-11.4594,5.06782e-310,-153.348,46.5626,-25.9792,47.1852,152.031,46.5642,-29.6742,46.0248,-172.886,-19.9292,26.6335,-43.2095,3.97576,-19.4531,27.111,-0.704548,45.3203,
0.373728,0.334468,0.374543,0.400549,200,0,0,-1.10775,1.56879,-2.47683,0.23885,-1.06102,1.61467,-0.145696,2.50174,0,-186.864,0,-167.234,0,-187.271,0,-200.274,46.5486,-18.2544,47.2293,-16.4133,46.5337,-18.2924,46.0424,-19.4962,0.198136,-1.37457,-7.14637,17.9367,0.473066,-2.03987,5.36529,-14.9386,9.32354,6.95294e-310,-12.8159,6.68183e-310,167.234,1.4822e-323,-19.0188,5.06782e-310,-139.281,46.5486,-31.0703,47.2293,150.821,46.5337,-37.3112,46.0424,-158.777,-19.2652,27.2834,-43.0753,4.15391,-18.4525,28.0812,-2.53384,43.5085,
0.374507,0.331963,0.376568,0.399242,200,0,0,-1.07259,1.60314,-2.4696,0.248441,-1.00268,1.67088,-0.24827,2.40063,0,-187.254,0,-165.982,0,-188.284,0,-199.621,46.5344,-18.2907,47.2702,-16.295,46.4966,-18.3866,46.0678,-19.436,0.427677,-2.00917,-7.45735,19.0961,0.821144,-3.06541,5.02739,-14.4518,8.69193,6.95294e-310,-17.4636,6.68183e-310,165.982,1.4822e-323,-26.6444,5.06782e-310,-125.614,46.5344,-35.7543,47.2702,149.687,46.4966,-45.0309,46.0678,-145.05,-18.6537,27.8807,-42.9495,4.32072,-17.4379,29.0587,-4.31774,41.75,
0.375262,0.32965,0.37833,0.3979,200,0,0,-1.04228,1.63265,-2.46291,0.25729,-0.955629,1.71606,-0.333849,2.31655,0,-187.631,0,-164.825,0,-189.165,0,-198.95,46.5206,-18.3258,47.3078,-16.1856,46.4641,-18.4685,46.0938,-19.3742,0.644868,-2.62116,-7.75387,20.1319,1.13898,-4.00353,4.71709,-13.9537,8.18725,6.95294e-310,-21.4601,6.68183e-310,164.825,1.4822e-323,-32.7779,5.06782e-310,-114.242,46.5206,-39.7859,47.3078,148.639,46.4641,-51.2464,46.0938,-133.617,-18.1266,28.394,-42.8332,4.47461,-16.6196,29.8445,-5.80607,40.2878,
0.375969,0.327445,0.379864,0.396426,200,0,0,-1.01491,1.65928,-2.45652,0.265719,-0.915708,1.75435,-0.409063,2.24297,0,-187.985,0,-163.723,0,-189.932,0,-198.213,46.5076,-18.3587,47.3434,-16.0812,46.4358,-18.5397,46.1223,-19.3062,0.856223,-3.22554,-8.03611,21.0679,1.43803,-4.88694,4.41791,-13.4192,7.77119,6.95294e-310,-25.0663,6.68183e-310,163.723,1.4822e-323,-37.9773,5.06782e-310,-104.283,46.5076,-43.425,47.3434,147.641,46.4358,-56.517,46.1223,-123.589,-17.6506,28.857,-42.7222,4.62119,-15.9254,30.5104,-7.11414,39.0082,
0.376664,0.325324,0.381662,0.394892,200,0,0,-0.990636,1.68282,-2.45038,0.27382,-0.875959,1.79218,-0.480506,2.17323,0,-188.332,0,-162.662,0,-190.831,0,-197.446,46.4948,-18.391,47.3774,-15.9808,46.4024,-18.6232,46.1519,-19.2354,1.06665,-3.82352,-8.28437,22.011,1.75534,-5.83515,4.05952,-12.8334,7.39003,6.95294e-310,-28.256,6.68183e-310,162.662,1.4822e-323,-43.1219,5.06782e-310,-94.8394,46.4948,-46.647,47.3774,146.681,46.4024,-61.7451,46.1519,-114.075,-17.2285,29.2664,-42.6153,4.76209,-15.2341,31.1683,-8.35662,37.7953,
0.377335,0.323346,0.383052,0.39331,200,0,0,-0.968063,1.70468,-2.44464,0.281366,-0.844296,1.82235,-0.541755,2.11373,0,-188.668,0,-161.673,0,-191.526,0,-196.655,46.4825,-18.4222,47.4089,-15.8871,46.3764,-18.6876,46.1823,-19.1624,1.26692,-4.40691,-8.5326,22.8217,2.03388,-6.6662,3.75458,-12.2491,7.08417,6.95294e-310,-31.2193,6.68183e-310,161.673,1.4822e-323,-47.2245,5.06782e-310,-86.7747,46.4825,-49.6415,47.4089,145.786,46.3764,-65.9121,46.1823,-105.937,-16.8359,29.6466,-42.5155,4.89332,-14.6834,31.693,-9.42183,36.7604,
0.37803,0.321501,0.384718,0.391716,200,0,0,-0.947654,1.72435,-2.43929,0.288404,-0.812101,1.85275,-0.600626,2.05661,0,-189.015,0,-160.75,0,-192.359,0,-195.858,46.4697,-18.4545,47.4381,-15.7995,46.3452,-18.7649,46.2128,-19.0888,1.4659,-4.98216,-8.74715,23.6332,2.32776,-7.55169,3.39511,-11.6191,6.8019,6.95294e-310,-33.8881,6.68183e-310,160.75,1.4822e-323,-51.3658,5.06782e-310,-79.0317,46.4697,-52.3427,47.4381,144.951,46.3452,-70.1307,46.2128,-98.1204,-16.4809,29.9887,-42.4224,5.01572,-14.1235,32.2217,-10.4457,35.7671,
0.37857,0.319799,0.386012,0.390063,200,0,0,-0.929676,1.74176,-2.43434,0.294889,-0.785488,1.87796,-0.651345,2.0077,0,-189.285,0,-159.9,0,-193.006,0,-195.031,46.4597,-18.4796,47.4649,-15.7188,46.3209,-18.8248,46.2443,-19.0123,1.6461,-5.51054,-8.93432,24.3087,2.58545,-8.33073,3.07132,-11.0057,6.57788,6.95294e-310,-36.2477,6.68183e-310,159.9,1.4822e-323,-54.7985,5.06782e-310,-72.3942,46.4597,-54.7273,47.4649,144.181,46.3209,-73.6233,46.2443,-91.4065,-16.1683,30.2914,-42.3364,5.1285,-13.6607,32.6602,-11.3277,34.9165,
0.379193,0.318205,0.387582,0.388361,200,0,0,-0.91215,1.75862,-2.42971,0.300959,-0.757502,1.90425,-0.702279,1.95862,0,-189.596,0,-159.103,0,-193.791,0,-194.18,46.4482,-18.5085,47.4899,-15.6431,46.2913,-18.8975,46.2766,-18.9336,1.83258,-6.05366,-9.09988,24.9935,2.86197,-9.17143,2.69367,-10.326,6.36576,6.95294e-310,-38.5362,6.68183e-310,159.103,1.4822e-323,-58.3831,5.06782e-310,-65.733,46.4482,-57.0447,47.4899,143.459,46.2913,-77.2806,46.2766,-84.6666,-15.8635,30.5847,-42.2559,5.23406,-13.1739,33.1173,-12.2135,34.063,
0.379696,0.316683,0.388924,0.386647,200,0,0,-0.896565,1.77367,-2.42529,0.306751,-0.733091,1.9272,-0.747659,1.9151,0,-189.848,0,-158.342,0,-194.462,0,-193.324,46.4389,-18.5319,47.5137,-15.5708,46.2659,-18.9597,46.3089,-18.8543,2.00446,-6.56098,-9.24828,25.6024,3.11473,-9.94604,2.3397,-9.67257,6.18465,6.95294e-310,-40.5773,6.68183e-310,158.342,1.4822e-323,-61.5127,5.06782e-310,-59.8214,46.4389,-59.1093,47.5137,142.771,46.2659,-80.4724,46.3089,-78.6757,-15.5924,30.8464,-42.1789,5.33481,-12.7494,33.5165,-13.0028,33.3062,
0.380224,0.315245,0.390206,0.384945,200,0,0,-0.881512,1.78816,-2.4211,0.312222,-0.710599,1.94829,-0.790198,1.87441,0,-190.112,0,-157.623,0,-195.103,0,-192.473,46.4291,-18.5564,47.536,-15.5025,46.2415,-19.019,46.3409,-18.7754,2.17321,-7.06441,-9.39313,26.1732,3.35708,-10.6921,1.99441,-9.01499,6.02229,6.95294e-310,-42.5439,6.68183e-310,157.623,1.4822e-323,-64.3906,5.06782e-310,-54.2909,46.4291,-61.1003,47.536,142.12,46.2415,-83.4096,46.3409,-73.0663,-15.3306,31.0985,-42.1061,5.42994,-12.3582,33.8833,-13.7426,32.5984,
0.380715,0.313951,0.391429,0.383208,200,0,0,-0.867179,1.80197,-2.41733,0.317142,-0.6892,1.96835,-0.830477,1.836,0,-190.357,0,-156.975,0,-195.714,0,-191.604,46.42,-18.5792,47.556,-15.4409,46.2182,-19.0755,46.3735,-18.6949,2.33523,-7.54789,-9.5114,26.6749,3.58864,-11.4071,1.64395,-8.33826,5.88476,6.95294e-310,-44.4175,6.68183e-310,156.975,1.4822e-323,-67.128,5.06782e-310,-49.0687,46.42,-62.9967,47.556,141.534,46.2182,-86.2035,46.3735,-67.7635,-15.0814,31.3386,-42.0405,5.51551,-11.9861,34.2322,-14.4431,31.9304,
0.38117,0.312788,0.392471,0.38141,200,0,0,-0.852939,1.81572,-2.41394,0.321559,-0.669501,1.9869,-0.868673,1.79973,0,-190.585,0,-156.394,0,-196.236,0,-190.705,46.4115,-18.6004,47.574,-15.3856,46.1983,-19.1237,46.407,-18.6115,2.4914,-8.01626,-9.61093,27.0877,3.80157,-12.0648,1.3067,-7.64403,5.77363,6.95294e-310,-46.2829,6.68183e-310,156.394,1.4822e-323,-69.6578,5.06782e-310,-44.1338,46.4115,-64.8832,47.574,141.008,46.1983,-88.7815,46.407,-62.7452,-14.8337,31.5778,-41.9816,5.59234,-11.6435,34.5548,-15.1074,31.2997,
0.381602,0.31165,0.393646,0.379576,200,0,0,-0.839532,1.82867,-2.41062,0.325884,-0.649109,2.006,-0.906542,1.76382,0,-190.801,0,-155.825,0,-196.823,0,-189.788,46.4035,-18.6204,47.5914,-15.3315,46.1758,-19.1779,46.4411,-18.5264,2.64627,-8.48074,-9.69272,27.5092,4.0235,-12.7576,0.937166,-6.9286,5.66446,6.95294e-310,-48.0388,6.68183e-310,155.825,1.4822e-323,-72.2648,5.06782e-310,-39.2467,46.4035,-66.6592,47.5914,140.493,46.1758,-91.4427,46.4411,-57.7731,-14.6006,31.8029,-41.9239,5.66754,-11.2889,34.887,-15.766,30.6751,
0.382069,0.310715,0.394641,0.377731,200,0,0,-0.82544,1.84226,-2.4079,0.329433,-0.630309,2.0237,-0.942832,1.72949,0,-191.035,0,-155.358,0,-197.32,0,-188.865,46.3948,-18.6421,47.6058,-15.287,46.1567,-19.2238,46.4752,-18.4406,2.79732,-8.93474,-9.7593,27.8269,4.2228,-13.3761,0.589528,-6.19263,5.583,6.95294e-310,-49.8827,6.68183e-310,155.358,1.4822e-323,-74.6789,5.06782e-310,-34.5735,46.3948,-68.5248,47.6058,140.071,46.1567,-93.9027,46.4752,-53.0141,-14.3555,32.0393,-41.8765,5.72926,-10.9619,35.1948,-16.3971,30.0781,
0.382477,0.3099,0.395563,0.375681,200,0,0,-0.810594,1.85667,-2.40552,0.332526,-0.61062,2.04237,-0.980602,1.69389,0,-191.238,0,-154.95,0,-197.782,0,-187.841,46.3872,-18.661,47.6182,-15.2482,46.139,-19.2664,46.5129,-18.3453,2.94894,-9.38702,-9.78934,28.0604,4.41867,-13.9842,0.215169,-5.38282,5.52202,6.95294e-310,-51.8353,6.68183e-310,154.95,1.4822e-323,-77.2212,5.06782e-310,-29.724,46.3872,-70.4963,47.6182,139.702,46.139,-96.4876,46.5129,-48.0693,-14.0973,32.2899,-41.8351,5.78305,-10.6195,35.5195,-17.054,29.4589,
0.382836,0.309253,0.39645,0.374004,200,0,0,-0.79869,1.86819,-2.40363,0.334981,-0.593808,2.0582,-1.0117,1.66456,0,-191.418,0,-154.626,0,-198.225,0,-187.002,46.3804,-18.6776,47.6281,-15.2174,46.1219,-19.3073,46.5436,-18.2673,3.07447,-9.76228,-9.80752,28.2695,4.58731,-14.5126,-0.114688,-4.70411,5.46973,6.95294e-310,-53.3971,6.68183e-310,154.626,1.4822e-323,-79.38,5.06782e-310,-25.7302,46.3804,-72.0747,47.6281,139.409,46.1219,-98.6873,46.5436,-43.9975,-13.8903,32.4902,-41.8023,5.82576,-10.3271,35.7948,-17.5947,28.9489,
0.38316,0.308642,0.397277,0.372026,200,0,0,-0.785066,1.88146,-2.40185,0.3373,-0.575327,2.07576,-1.04634,1.63199,0,-191.58,0,-154.321,0,-198.639,0,-186.013,46.3744,-18.6926,47.6374,-15.1882,46.1059,-19.3454,46.5796,-18.1752,3.20908,-10.1636,-9.80046,28.4166,4.76088,-15.0573,-0.480759,-3.92085,5.43065,6.95294e-310,-55.1949,6.68183e-310,154.321,1.4822e-323,-81.7708,5.06782e-310,-21.2928,46.3744,-73.8876,47.6374,139.133,46.1059,-101.116,46.5796,-39.468,-13.6533,32.7211,-41.7713,5.86608,-10.0057,36.1002,-18.1972,28.3825,
0.383483,0.308126,0.398044,0.370109,200,0,0,-0.771639,1.89454,-2.40034,0.339254,-0.557644,2.09259,-1.07959,1.60074,0,-191.742,0,-154.063,0,-199.022,0,-185.054,46.3684,-18.7076,47.6452,-15.1637,46.091,-19.3808,46.6144,-18.0858,3.33754,-10.5479,-9.78527,28.5263,4.92208,-15.5648,-0.83374,-3.15415,5.40074,6.95294e-310,-56.9662,6.68183e-310,154.063,1.4822e-323,-84.0614,5.06782e-310,-17.0348,46.3684,-75.6739,47.6452,138.9,46.091,-103.442,46.6144,-35.1206,-13.4198,32.9485,-41.7451,5.90007,-9.69815,36.3929,-18.7755,27.8389,
0.383783,0.307623,0.398763,0.368119,200,0,0,-0.757902,1.90796,-2.39887,0.341162,-0.539888,2.10954,-1.11325,1.56914,0,-191.891,0,-153.812,0,-199.382,0,-184.06,46.3627,-18.7215,47.6528,-15.1397,46.0771,-19.4139,46.6503,-17.9931,3.46602,-10.9351,-9.7629,28.6132,5.08012,-16.0667,-1.19177,-2.36814,5.37555,6.95294e-310,-58.7821,6.68183e-310,153.812,1.4822e-323,-86.3673,5.06782e-310,-12.7301,46.3627,-77.5036,47.6528,138.672,46.0771,-105.781,46.6503,-30.7231,-13.1809,33.1818,-41.7195,5.93326,-9.38936,36.6877,-19.3609,27.2894,
0.384046,0.307311,0.399446,0.366154,200,0,0,-0.744173,1.9214,-2.39796,0.342344,-0.521829,2.12684,-1.14654,1.53788,0,-192.023,0,-153.656,0,-199.723,0,-183.077,46.3578,-18.7338,47.6575,-15.1249,46.0638,-19.4454,46.6856,-17.9014,3.58556,-11.2899,-9.70701,28.6259,5.22569,-16.5282,-1.55317,-1.57819,5.36771,6.95294e-310,-60.6011,6.68183e-310,153.656,1.4822e-323,-88.7185,5.06782e-310,-8.47129,46.3578,-79.3349,47.6575,138.531,46.0638,-108.164,46.6856,-26.3726,-12.9421,33.4157,-41.7037,5.9538,-9.07528,36.9885,-19.9399,26.7457,
0.384322,0.307012,0.400045,0.364189,200,0,0,-0.73004,1.93524,-2.39709,0.343479,-0.504395,2.1436,-1.17956,1.50687,0,-192.161,0,-153.506,0,-200.023,0,-182.094,46.3526,-18.7465,47.662,-15.1106,46.0522,-19.473,46.7207,-17.8096,3.70449,-11.6478,-9.65652,28.6205,5.36273,-16.9657,-1.90052,-0.792103,5.3635,6.95294e-310,-62.4732,6.68183e-310,153.506,1.4822e-323,-90.9954,5.06782e-310,-4.24844,46.3526,-81.2198,47.662,138.395,46.0522,-110.468,46.7207,-22.058,-12.6963,33.6563,-41.6885,5.97356,-8.77209,37.2801,-20.5141,26.2065,
0.384502,0.30682,0.400585,0.362247,200,0,0,-0.716509,1.94857,-2.39653,0.344206,-0.4869,2.1605,-1.21178,1.47664,0,-192.251,0,-153.41,0,-200.292,0,-181.124,46.3493,-18.7549,47.6649,-15.1014,46.0417,-19.4978,46.7551,-17.7188,3.81178,-11.9672,-9.5767,28.5628,5.48802,-17.3689,-2.2472,-0.0242366,5.37098,6.95294e-310,-64.2756,6.68183e-310,153.41,1.4822e-323,-93.288,5.06782e-310,-0.130174,46.3493,-83.0305,47.6649,138.309,46.0417,-112.786,46.7551,-17.849,-12.461,33.8882,-41.6787,5.9862,-8.46782,37.5738,-21.0745,25.6807,
0.384634,0.306724,0.401088,0.360306,200,0,0,-0.702951,1.96199,-2.39625,0.34457,-0.469026,2.1778,-1.24411,1.44628,0,-192.317,0,-153.362,0,-200.544,0,-180.153,46.3468,-18.761,47.6664,-15.0969,46.0318,-19.521,46.7895,-17.628,3.91259,-12.2648,-9.4752,28.4616,5.60527,-17.7485,-2.5967,0.742959,5.38839,6.95294e-310,-66.0873,6.68183e-310,153.362,1.4822e-323,-95.6358,5.06782e-310,4.00335,46.3468,-84.8483,47.6664,138.265,46.0318,-115.157,46.7895,-13.6247,-12.2252,34.1216,-41.6739,5.99252,-8.15698,37.8749,-21.6367,25.1527,
0.384754,0.306736,0.401507,0.358316,200,0,0,-0.688375,1.97644,-2.39628,0.344524,-0.450612,2.19575,-1.27768,1.41472,0,-192.377,0,-153.368,0,-200.754,0,-179.158,46.3445,-18.7665,47.6662,-15.0974,46.0236,-19.5403,46.8244,-17.5349,4.01133,-12.5548,-9.3567,28.3007,5.71249,-18.096,-2.94517,1.53146,5.41924,6.95294e-310,-68.0376,6.68183e-310,153.368,1.4822e-323,-98.0667,5.06782e-310,8.29935,46.3445,-86.8042,47.6662,138.271,46.0236,-117.607,46.8244,-9.23555,-11.9717,34.3728,-41.6745,5.99173,-7.83672,38.1869,-22.2205,24.6039,
0.384813,0.306808,0.401843,0.356351,200,0,0,-0.67387,1.99088,-2.39649,0.344252,-0.4323,2.21368,-1.31095,1.38343,0,-192.407,0,-153.404,0,-200.922,0,-178.175,46.3434,-18.7693,47.6651,-15.1009,46.0171,-19.5558,46.8588,-17.4428,4.10224,-12.8209,-9.22441,28.1026,5.80825,-18.4098,-3.28352,2.30062,5.45871,6.95294e-310,-69.9855,6.68183e-310,153.404,1.4822e-323,-100.494,5.06782e-310,12.5584,46.3434,-88.7548,47.6651,138.303,46.0171,-120.05,46.8588,-4.88441,-11.7195,34.6239,-41.6781,5.98699,-7.51827,38.4988,-22.7992,24.0596,
0.384825,0.307036,0.402131,0.354421,200,0,0,-0.659081,2.00565,-2.39716,0.343389,-0.413288,2.23237,-1.34469,1.35163,0,-192.413,0,-153.518,0,-201.065,0,-177.211,46.3432,-18.7699,47.6617,-15.1117,46.0115,-19.569,46.8924,-17.3524,4.18395,-13.0537,-9.06369,27.8417,5.89184,-18.6838,-3.62031,3.06219,5.51395,6.95294e-310,-71.9774,6.68183e-310,153.518,1.4822e-323,-103.021,5.06782e-310,16.8848,46.3432,-90.7473,47.6617,138.406,46.0115,-122.59,46.8924,-0.467625,-11.4623,34.8809,-41.6897,5.97197,-7.18761,38.8238,-23.3858,23.5065,
0.384789,0.307359,0.402322,0.35248,200,0,0,-0.643595,2.02118,-2.3981,0.342162,-0.393721,2.25172,-1.37943,1.31881,0,-192.395,0,-153.68,0,-201.161,0,-176.24,46.3439,-18.7682,47.6568,-15.1271,46.0077,-19.5778,46.926,-17.2613,4.2596,-13.2663,-8.88437,27.5252,5.96338,-18.9201,-3.95073,3.82332,5.58324,6.95294e-310,-74.0689,6.68183e-310,153.68,1.4822e-323,-105.635,5.06782e-310,21.3466,46.3439,-92.8371,47.6568,138.553,46.0077,-125.213,46.926,4.08523,-11.193,35.1509,-41.7061,5.95064,-6.84733,39.1604,-23.9901,22.9359,
0.384694,0.307743,0.402442,0.350479,200,0,0,-0.627279,2.0376,-2.39922,0.340708,-0.373118,2.27219,-1.41594,1.28428,0,-192.347,0,-153.871,0,-201.221,0,-175.239,46.3457,-18.7638,47.651,-15.1454,46.0054,-19.5833,46.9604,-17.1674,4.33122,-13.4659,-8.68598,27.1635,6.02745,-19.1358,-4.28501,4.59698,5.66465,6.95294e-310,-76.2794,6.68183e-310,153.871,1.4822e-323,-108.398,5.06782e-310,26.0403,46.3457,-95.0432,47.651,138.726,46.0054,-127.981,46.9604,8.87291,-10.9092,35.4365,-41.7256,5.92536,-6.48901,39.5163,-24.6251,22.3353,
0.384574,0.30833,0.40249,0.348549,200,0,0,-0.610013,2.05499,-2.40094,0.338481,-0.35148,2.29377,-1.45371,1.24842,0,-192.287,0,-154.165,0,-201.245,0,-174.275,46.3479,-18.7582,47.6421,-15.1734,46.0044,-19.5855,46.9935,-17.0767,4.39278,-13.6282,-8.4596,26.7231,6.07499,-19.2942,-4.60891,5.35817,5.76899,6.95294e-310,-78.6209,6.68183e-310,154.165,1.4822e-323,-111.308,5.06782e-310,30.9112,46.3479,-97.3791,47.6421,138.992,46.0044,-130.894,46.9935,13.8345,-10.6089,35.739,-41.7555,5.88663,-6.11269,39.8917,-25.2818,21.7116,
0.384418,0.309001,0.402478,0.346644,200,0,0,-0.591995,2.07318,-2.4029,0.335936,-0.328966,2.3163,-1.49281,1.21118,0,-192.209,0,-154.501,0,-201.239,0,-173.322,46.3508,-18.751,47.6319,-15.2054,46.0047,-19.585,47.0259,-16.9872,4.448,-13.7696,-8.21887,26.2424,6.11259,-19.4217,-4.92629,6.10904,5.88744,6.95294e-310,-81.068,6.68183e-310,154.501,1.4822e-323,-114.344,5.06782e-310,35.9666,46.3508,-99.8189,47.6319,139.295,46.0047,-133.929,47.0259,18.9795,-10.2956,36.0553,-41.7895,5.84236,-5.72115,40.2835,-25.9619,21.064,
0.384214,0.309744,0.402382,0.344762,200,0,0,-0.573191,2.0922,-2.40507,0.333117,-0.305648,2.33973,-1.5333,1.17252,0,-192.107,0,-154.872,0,-201.191,0,-172.381,46.3547,-18.7415,47.6206,-15.2408,46.0065,-19.5806,47.0578,-16.8986,4.49611,-13.8885,-7.96513,25.7207,6.13877,-19.5139,-5.233,6.84446,6.02129,6.95294e-310,-83.6266,6.68183e-310,154.872,1.4822e-323,-117.499,5.06782e-310,41.2125,46.3547,-102.368,47.6206,139.631,46.0065,-137.079,47.0578,24.3139,-9.96853,36.3861,-41.8272,5.79333,-5.31562,40.6909,-26.6662,20.3916,
0.384011,0.310799,0.402215,0.342677,200,0,0,-0.549395,2.11622,-2.40814,0.329114,-0.277001,2.36856,-1.58302,1.12483,0,-192.005,0,-155.399,0,-201.107,0,-171.338,46.3585,-18.7321,47.6045,-15.291,46.0098,-19.5729,47.0929,-16.8005,4.54493,-14.0012,-7.6558,25.0498,6.15377,-19.566,-5.57318,7.68556,6.20362,6.95294e-310,-86.8582,6.68183e-310,155.399,1.4822e-323,-121.38,5.06782e-310,47.6783,46.3585,-105.59,47.6045,140.108,46.0098,-140.953,47.0929,30.8779,-9.55469,36.8038,-41.8808,5.72373,-4.81741,41.1924,-27.5307,19.5622,
0.383699,0.311889,0.401987,0.340999,200,0,0,-0.528844,2.1371,-2.41132,0.324973,-0.250638,2.39518,-1.62705,1.08241,0,-191.849,0,-155.945,0,-200.993,0,-170.5,46.3643,-18.7176,47.5878,-15.3429,46.0143,-19.5624,47.121,-16.7214,4.56684,-14.0275,-7.3489,24.3965,6.14785,-19.5493,-5.85371,8.358,6.39209,6.95294e-310,-89.6651,6.68183e-310,155.945,1.4822e-323,-124.961,5.06782e-310,53.4251,46.3643,-108.383,47.5878,140.602,46.0143,-144.524,47.121,36.7037,-9.19728,37.167,-41.9361,5.65171,-4.35893,41.6553,-28.2965,18.8246,
0.383399,0.312956,0.401687,0.339213,200,0,0,-0.505664,2.16061,-2.41443,0.320922,-0.222423,2.42373,-1.67563,1.03555,0,-191.7,0,-156.478,0,-200.844,0,-169.607,46.3699,-18.7038,47.5714,-15.3936,46.0201,-19.5486,47.1508,-16.6373,4.59356,-14.0749,-7.0472,23.7266,6.13948,-19.5299,-6.13575,9.06335,6.59505,6.95294e-310,-92.8249,6.68183e-310,156.478,1.4822e-323,-128.801,5.06782e-310,59.7732,46.3699,-111.529,47.5714,141.084,46.0201,-148.349,47.1508,43.136,-8.79417,37.5758,-41.9901,5.58125,-3.86823,42.1519,-29.1413,18.0095,
0.383016,0.314358,0.401304,0.337452,200,0,0,-0.479231,2.18745,-2.41852,0.315593,-0.18929,2.4573,-1.73119,0.981659,0,-191.508,0,-157.179,0,-200.652,0,-168.726,46.3771,-18.686,47.5498,-15.4603,46.0276,-19.5309,47.1801,-16.5542,4.60414,-14.0605,-6.68564,22.9176,6.1102,-19.4378,-6.42319,9.77865,6.85844,6.95294e-310,-96.4333,6.68183e-310,157.179,1.4822e-323,-133.313,5.06782e-310,67.0663,46.3771,-115.119,47.5498,141.719,46.0276,-152.844,47.1801,50.5122,-8.33445,38.0426,-42.0612,5.48858,-3.292,42.7356,-30.1077,17.0723,
0.382596,0.315772,0.400848,0.335786,200,0,0,-0.451787,2.21535,-2.42263,0.310216,-0.155037,2.49206,-1.78881,0.925626,0,-191.298,0,-157.886,0,-200.424,0,-167.893,46.3849,-18.6665,47.5278,-15.5275,46.0365,-19.51,47.2076,-16.4756,4.60644,-14.0228,-6.32694,22.0999,6.07054,-19.3143,-6.68761,10.4486,7.14422,6.95294e-310,-100.182,6.68183e-310,157.886,1.4822e-323,-137.985,5.06782e-310,74.6467,46.3849,-118.849,47.5278,142.359,46.0365,-157.495,47.2076,58.1711,-7.85717,38.5278,-42.1328,5.39506,-2.6963,43.3402,-31.1097,16.0978,
0.382177,0.317318,0.400273,0.334204,200,0,0,-0.421159,2.24642,-2.42713,0.304334,-0.118166,2.52958,-1.85169,0.864243,0,-191.088,0,-158.659,0,-200.137,0,-167.102,46.3927,-18.6471,47.5038,-15.601,46.0477,-19.4835,47.2336,-16.4009,4.6004,-13.9593,-5.96127,21.2224,6.0134,-19.1311,-6.92578,11.095,7.47603,6.95294e-310,-104.36,6.68183e-310,158.659,1.4822e-323,-143.025,5.06782e-310,82.9461,46.3927,-123.007,47.5038,143.058,46.0477,-162.508,47.2336,66.5453,-7.3245,39.0682,-42.211,5.29277,-2.05506,43.9927,-32.2033,15.0303,
0.381602,0.3189,0.39959,0.332658,200,0,0,-0.389236,2.27896,-2.43173,0.298312,-0.0781482,2.57036,-1.91903,0.798351,0,-190.801,0,-159.45,0,-199.795,0,-166.329,46.4035,-18.6204,47.479,-15.6761,46.061,-19.452,47.2589,-16.3278,4.57894,-13.8468,-5.57286,20.3059,5.94309,-18.9116,-7.15255,11.6973,7.85241,6.95294e-310,-108.731,6.68183e-310,159.45,1.4822e-323,-148.501,5.06782e-310,91.8521,46.4035,-127.351,47.479,143.774,46.061,-167.953,47.2589,75.5243,-6.76932,39.6341,-42.291,5.18804,-1.3591,44.7019,-33.3745,13.8844,
0.381026,0.320566,0.398787,0.330992,200,0,0,-0.350712,2.3181,-2.43657,0.291967,-0.0320276,2.61738,-1.99866,0.720283,0,-190.513,0,-160.283,0,-199.394,0,-165.496,46.4142,-18.5937,47.4529,-15.7552,46.0766,-19.415,47.286,-16.2491,4.5583,-13.7419,-5.17443,19.3224,5.86269,-18.6633,-7.38071,12.3446,8.29518,6.95294e-310,-113.991,6.68183e-310,160.283,1.4822e-323,-154.815,5.06782e-310,102.401,46.4142,-132.585,47.4529,144.528,46.0766,-174.23,47.286,86.1517,-6.09934,40.3148,-42.3752,5.07768,-0.557002,45.5196,-34.7594,12.5267,
0.380463,0.322352,0.397888,0.32965,200,0,0,-0.310241,2.35918,-2.44176,0.28516,0.0156169,2.66603,-2.08117,0.639028,0,-190.232,0,-161.176,0,-198.944,0,-164.825,46.4246,-18.5675,47.4247,-15.8399,46.0941,-19.3736,47.3078,-16.1856,4.52031,-13.5819,-4.78551,18.3167,5.76058,-18.336,-7.55004,12.8842,8.79941,6.95294e-310,-119.513,6.68183e-310,161.176,1.4822e-323,-161.346,5.06782e-310,113.373,46.4246,-138.08,47.4247,145.336,46.0941,-180.719,47.3078,97.1878,-5.39549,41.0291,-42.4654,4.9593,0.271597,46.3657,-36.1943,11.1135,
0.379732,0.324137,0.396894,0.328272,200,0,0,-0.266125,2.40407,-2.44694,0.278348,0.0696457,2.72116,-2.17377,0.547705,0,-189.866,0,-162.069,0,-198.447,0,-164.136,46.4382,-18.5336,47.3963,-15.9246,46.1133,-19.3278,47.33,-16.1204,4.46961,-13.3837,-4.3735,17.2772,5.64939,-17.9893,-7.71967,13.4005,9.38049,6.95294e-310,-125.545,6.68183e-310,162.069,1.4822e-323,-168.748,5.06782e-310,125.703,46.4382,-144.079,47.3963,146.144,46.1133,-188.076,47.33,109.583,-4.62827,41.8099,-42.5554,4.84084,1.21123,47.3245,-37.8047,9.52531,
0.379085,0.325983,0.395791,0.326846,200,0,0,-0.211995,2.45889,-2.45229,0.271303,0.131711,2.78445,-2.28382,0.438979,0,-189.543,0,-162.991,0,-197.896,0,-163.423,46.4502,-18.5035,47.3668,-16.012,46.1346,-19.2769,47.353,-16.0529,4.423,-13.2072,-3.97397,16.1955,5.52867,-17.612,-7.87543,13.9486,10.064,6.95294e-310,-132.918,6.68183e-310,162.991,1.4822e-323,-177.247,5.06782e-310,140.379,46.4502,-151.421,47.3668,146.979,46.1346,-196.524,47.353,124.326,-3.68687,42.7633,-42.6485,4.71832,2.29063,48.4252,-39.7186,7.63442,
0.378198,0.3279,0.394605,0.325671,200,0,0,-0.156671,2.51516,-2.45784,0.263979,0.200576,2.85463,-2.40168,0.322194,0,-189.099,0,-163.95,0,-197.302,0,-162.836,46.4666,-18.4623,47.336,-16.1028,46.1574,-19.2222,47.3718,-15.9972,4.3448,-12.9255,-3.54315,15.0851,5.38867,-17.1757,-7.99958,14.3662,10.8684,6.95294e-310,-140.479,6.68183e-310,163.95,1.4822e-323,-186.672,5.06782e-310,156.137,46.4666,-158.941,47.336,147.847,46.1574,-205.894,47.3718,140.14,-2.72472,43.7419,-42.7451,4.59093,3.48827,49.6457,-41.7684,5.60337,
0.377335,0.32989,0.39319,0.324329,200,0,0,-0.172946,2.4998,-2.36567,0.354306,0.167339,2.82295,-2.44749,0.277617,0,-188.668,0,-164.945,0,-196.595,0,-162.165,46.4825,-18.4222,47.3039,-16.1969,46.1846,-19.1569,47.3932,-15.9336,4.26965,-12.6657,-3.11466,13.8882,5.23218,-16.6904,-8.11106,14.8418,10.9262,6.95294e-310,-138.387,6.68183e-310,151.745,1.4822e-323,-182.363,5.06782e-310,162.165,46.4825,-156.809,47.3039,135.548,46.1846,-201.52,47.3932,146.231,-3.00776,43.4747,-41.1421,6.16184,2.91024,49.0948,-42.5651,4.82812,
0.376413,0.331939,0.391788,0.323215,200,0,0,-0.228267,2.44545,-2.23727,0.480795,0.0862897,2.74344,-2.44426,0.281869,0,-188.206,0,-165.97,0,-195.894,0,-161.607,46.4995,-18.3793,47.2706,-16.2938,46.2114,-19.0921,47.411,-15.8808,4.17734,-12.3513,-2.68142,12.693,5.06648,-16.1751,-8.19903,15.2325,10.6094,6.95294e-310,-131.04,6.68183e-310,134.665,1.4822e-323,-171.607,5.06782e-310,161.607,46.4995,-149.419,47.2706,118.371,46.2114,-190.699,47.411,145.726,-3.96987,42.5296,-38.909,8.36165,1.50069,47.7121,-42.5089,4.90207,
0.375454,0.334024,0.390278,0.322316,200,0,0,-0.278308,2.39642,-2.1205,0.5956,0.012604,2.67141,-2.44165,0.285297,0,-187.727,0,-167.012,0,-195.139,0,-161.158,46.5171,-18.3347,47.2365,-16.3924,46.2402,-19.0223,47.4252,-15.8382,4.06983,-11.9933,-2.25852,11.4871,4.88418,-15.6035,-8.24076,15.5361,10.3731,6.95294e-310,-124.408,6.68183e-310,119.157,1.4822e-323,-161.857,5.06782e-310,161.158,46.5171,-142.743,47.2365,102.765,46.2402,-180.879,47.4252,145.32,-4.84013,41.6769,-36.8783,10.3583,0.2192,46.4594,-42.4635,4.96168,
0.374411,0.336205,0.388828,0.321333,200,0,0,-0.329932,2.3459,-2.00369,0.710352,-0.0594921,2.6009,-2.4388,0.289043,0,-187.206,0,-168.103,0,-194.414,0,-160.667,46.5362,-18.2862,47.2007,-16.4954,46.2677,-18.9552,47.4408,-15.7916,3.95488,-11.6136,-1.80207,10.2389,4.70249,-15.0453,-8.31781,15.8704,10.1236,6.95294e-310,-117.572,6.68183e-310,103.655,1.4822e-323,-152.314,5.06782e-310,160.667,46.5362,-135.858,47.2007,87.1594,46.2677,-171.269,47.4408,144.875,-5.73796,40.7982,-34.8467,12.354,-1.03465,45.2331,-42.4139,5.02684,
0.373273,0.338446,0.386959,0.320542,200,0,0,-0.377676,2.29935,-1.89086,0.821043,-0.131187,2.53124,-2.4365,0.292058,0,-186.636,0,-169.223,0,-193.479,0,-160.271,46.5569,-18.2332,47.1636,-16.6011,46.3031,-18.8687,47.4532,-15.7541,3.81779,-11.1763,-1.36261,8.90903,4.47991,-14.3506,-8.3021,16.098,9.95593,6.95294e-310,-111.271,6.68183e-310,88.6977,1.4822e-323,-142.874,5.06782e-310,160.271,46.5569,-129.504,47.1636,72.0966,46.3031,-161.743,47.4532,144.517,-6.56828,39.9887,-32.8846,14.279,-2.28151,44.0215,-42.374,5.07927,
0.372086,0.340783,0.385341,0.319907,200,0,0,-0.425286,2.25298,-1.78464,0.92503,-0.195118,2.46906,-2.43466,0.294478,0,-186.043,0,-170.392,0,-192.67,0,-159.953,46.5785,-18.178,47.1247,-16.7113,46.3335,-18.7937,47.4632,-15.7239,3.66715,-10.6921,-0.8961,7.60122,4.26626,-13.6919,-8.31764,16.2891,9.81965,6.95294e-310,-104.993,6.68183e-310,74.6413,1.4822e-323,-134.45,5.06782e-310,159.953,46.5785,-123.171,47.1247,57.93,46.3335,-153.244,47.4632,144.23,-7.39628,39.1823,-31.0372,16.0875,-3.39335,42.9402,-42.3419,5.12135,
0.370852,0.343192,0.383399,0.319236,200,0,0,-0.472506,2.20705,-1.6746,1.03274,-0.263601,2.40267,-2.43271,0.297034,0,-185.426,0,-171.596,0,-191.7,0,-159.618,46.6009,-18.1205,47.0843,-16.8247,46.3699,-18.7038,47.4738,-15.6921,3.50647,-10.1929,-0.435928,6.20005,4.02448,-12.946,-8.28966,16.4719,9.69034,6.95294e-310,-98.7727,6.68183e-310,60.0806,1.4822e-323,-125.451,5.06782e-310,159.618,46.6009,-116.893,47.0843,43.2559,46.3699,-144.155,47.4738,143.926,-8.21749,38.3835,-29.1235,17.9607,-4.58437,41.7855,-42.308,5.16581,
0.369546,0.345673,0.381218,0.318685,200,0,0,-0.518834,2.16208,-1.56431,1.14062,-0.332886,2.33572,-2.43111,0.299134,0,-184.773,0,-172.836,0,-190.609,0,-159.342,46.6246,-18.0596,47.0424,-16.9415,46.4106,-18.6026,47.4824,-15.6659,3.32794,-9.65033,0.018857,4.7371,3.75655,-12.1171,-8.21171,16.5914,9.60391,6.95294e-310,-92.6809,6.68183e-310,45.4947,1.4822e-323,-116.371,5.06782e-310,159.342,46.6246,-110.74,47.0424,28.5532,46.4106,-134.974,47.4824,143.676,-9.0232,37.6014,-27.2055,19.8369,-5.78933,40.6213,-42.2801,5.20232,
0.368143,0.348166,0.379181,0.318205,200,0,0,-0.565737,2.11663,-1.45784,1.24466,-0.397042,2.27374,-2.42971,0.300959,0,-184.072,0,-174.083,0,-189.59,0,-159.103,46.6499,-17.9942,47,-17.0587,46.4484,-18.508,47.4899,-15.6431,3.13716,-9.07026,0.492844,3.29432,3.49418,-11.3181,-8.15734,16.6789,9.53915,6.95294e-310,-86.5225,6.68183e-310,31.425,1.4822e-323,-107.965,5.06782e-310,159.103,46.6499,-104.517,47,14.3663,46.4484,-126.473,47.4899,143.459,-9.8389,36.811,-25.3537,21.6463,-6.90508,39.5433,-42.2559,5.23406,
0.366741,0.350706,0.377084,0.317798,200,0,0,-0.612167,2.07165,-1.35137,1.34863,-0.461153,2.21186,-2.42853,0.30251,0,-183.371,0,-175.353,0,-188.542,0,-158.899,46.675,-17.9288,46.9565,-17.1781,46.4871,-18.4105,47.4963,-15.6238,2.93763,-8.47419,0.960259,1.82942,3.22182,-10.4913,-8.08603,16.7422,9.49089,6.95294e-310,-80.4276,6.68183e-310,17.3628,1.4822e-323,-99.5716,5.06782e-310,158.899,46.675,-98.3563,46.9565,0.18477,46.4871,-117.982,47.4963,143.275,-10.6464,36.0287,-23.5021,23.4544,-8.02006,38.4671,-42.2353,5.26104,
0.365303,0.353127,0.374855,0.317498,200,0,0,-0.65644,2.02885,-1.24824,1.44936,-0.523716,2.15165,-2.42766,0.30365,0,-182.652,0,-176.564,0,-187.427,0,-158.749,46.7008,-17.8616,46.9148,-17.2917,46.528,-18.3069,47.501,-15.6095,2.7309,-7.86803,1.39646,0.394125,2.94023,-9.63656,-7.97311,16.7371,9.48487,6.95294e-310,-74.6272,6.68183e-310,3.73822,1.4822e-323,-91.4015,5.06782e-310,158.749,46.7008,-92.4888,46.9148,-13.5535,46.528,-109.708,47.501,143.14,-11.4163,35.2844,-21.7086,25.2062,-9.1081,37.4199,-42.2201,5.28087,
0.363853,0.355596,0.372877,0.317282,200,0,0,-0.701801,1.98498,-1.14746,1.54767,-0.581836,2.0956,-2.42703,0.304471,0,-181.927,0,-177.798,0,-186.439,0,-158.641,46.7266,-17.7939,46.872,-17.4075,46.5642,-18.2148,47.5043,-15.5993,2.51728,-7.23954,1.85028,-1.00803,2.67105,-8.83316,-7.89687,16.722,9.48697,6.95294e-310,-68.6813,6.68183e-310,-9.56314,1.4822e-323,-83.7999,5.06782e-310,158.641,46.7266,-86.4751,46.872,-26.9706,46.5642,-102.015,47.5043,143.042,-12.2052,34.5214,-19.9559,26.9161,-10.1189,36.4453,-42.2092,5.29515,
0.362403,0.358005,0.370372,0.317163,200,0,0,-0.745147,1.94311,-1.04157,1.65115,-0.64732,2.03273,-2.42668,0.304927,0,-181.201,0,-179.002,0,-185.186,0,-158.581,46.7524,-17.7261,46.8299,-17.5203,46.6096,-18.0981,47.5062,-15.5936,2.29274,-6.60724,2.24654,-2.47065,2.36191,-7.89293,-7.7131,16.6298,9.53597,6.95294e-310,-63.0065,6.68183e-310,-23.5601,1.4822e-323,-75.2667,5.06782e-310,158.581,46.7524,-80.7326,46.8299,-41.0804,46.6096,-93.3649,47.5062,142.988,-12.9591,33.7933,-18.1143,28.7156,-11.2577,35.3519,-42.2031,5.30308,
0.360833,0.360713,0.368084,0.317174,200,0,0,-0.794572,1.89529,-0.928921,1.76106,-0.712167,1.97026,-2.42671,0.304882,0,-180.417,0,-180.357,0,-184.042,0,-158.587,46.7802,-17.6527,46.7823,-17.6471,46.6509,-17.9914,47.506,-15.5942,2.04037,-5.88796,2.70771,-4.0032,2.04799,-6.95743,-7.57416,16.519,9.60026,6.95294e-310,-56.5259,6.68183e-310,-38.4317,1.4822e-323,-66.7932,5.06782e-310,158.587,46.7802,-74.1786,46.7823,-56.0788,46.6509,-84.7846,47.506,142.993,-13.8186,32.9615,-16.1552,30.6271,-12.3855,34.2654,-42.2037,5.30229,
0.359287,0.362858,0.365735,0.317306,200,0,0,-0.837832,1.85359,-0.827935,1.85986,-0.771443,1.91341,-2.4271,0.30438,0,-179.644,0,-181.429,0,-182.867,0,-158.653,46.8074,-17.5803,46.7443,-17.7474,46.6931,-17.8818,47.504,-15.6004,1.80426,-5.22577,3.072,-5.32051,1.7514,-6.06846,-7.3762,16.2971,9.73505,6.95294e-310,-50.8731,6.68183e-310,-51.7955,1.4822e-323,-59.0768,5.06782e-310,158.653,46.8074,-68.4535,46.7443,-69.5429,46.6931,-76.9585,47.504,143.053,-14.571,32.2364,-14.3989,32.3454,-13.4164,33.2767,-42.2104,5.29356,
0.357693,0.365291,0.363577,0.317534,200,0,0,-0.886843,1.80619,-0.71883,1.96648,-0.831888,1.85517,-2.42776,0.303513,0,-178.847,0,-182.646,0,-181.789,0,-158.767,46.8353,-17.5057,46.701,-17.8611,46.7315,-17.781,47.5004,-15.6112,1.54725,-4.50175,3.48803,-6.70647,1.45037,-5.18328,-7.21836,16.0793,9.87397,6.95294e-310,-44.4502,6.68183e-310,-66.2195,1.4822e-323,-51.1796,5.06782e-310,158.767,46.8353,-61.9559,46.701,-84.0806,46.7315,-68.9606,47.5004,143.156,-15.4234,31.412,-12.5014,34.1996,-14.4676,32.2639,-42.2219,5.27849,
0.356159,0.367604,0.360941,0.317882,200,0,0,-0.934446,1.76013,-0.601869,2.08106,-0.901662,1.78809,-2.42877,0.30219,0,-178.08,0,-183.802,0,-180.47,0,-158.941,46.8621,-17.4339,46.6596,-17.969,46.7782,-17.6577,47.495,-15.6277,1.28474,-3.79397,3.82956,-8.11375,1.11618,-4.1782,-6.95209,15.7817,10.0712,6.95294e-310,-38.2099,6.68183e-310,-81.7153,1.4822e-323,-42.0796,5.06782e-310,158.941,46.8621,-55.6438,46.6596,-99.6843,46.7782,-59.7373,47.495,143.313,-16.2512,30.6109,-10.4673,36.1923,-15.6811,31.0972,-42.2395,5.25549,
0.354577,0.369965,0.358532,0.318277,200,0,0,-0.985881,1.71027,-0.481534,2.19894,-0.97009,1.7221,-2.42992,0.300685,0,-177.289,0,-184.983,0,-179.266,0,-159.139,46.8897,-17.3597,46.617,-18.0791,46.8206,-17.545,47.4888,-15.6465,1.01386,-3.05983,4.19527,-9.49901,0.792452,-3.22281,-6.72618,15.4789,10.281,6.95294e-310,-31.4581,6.68183e-310,-97.6593,1.4822e-323,-33.1337,5.06782e-310,159.139,46.8897,-48.8178,46.617,-115.738,46.8206,-50.6787,47.4888,143.492,-17.1458,29.7439,-8.37451,38.2425,-16.8711,29.9495,-42.2595,5.2293,
0.352852,0.37223,0.356087,0.318852,200,0,0,-1.04216,1.65571,-0.35294,2.32518,-1.04114,1.65351,-2.43159,0.298495,0,-176.426,0,-186.115,0,-178.044,0,-159.426,46.9196,-17.2788,46.5759,-18.1847,46.8634,-17.4305,47.4798,-15.6738,0.725373,-2.27529,4.55501,-10.8454,0.461852,-2.25342,-6.47486,15.0709,10.5784,6.95294e-310,-24.069,6.68183e-310,-114.727,1.4822e-323,-23.8376,5.06782e-310,159.426,46.9196,-41.3477,46.5759,-132.912,46.8634,-41.2681,47.4798,143.752,-18.1246,28.795,-6.13809,40.4378,-18.1068,28.7566,-42.2886,5.19121,
0.351413,0.374447,0.35369,0.319499,200,0,0,-1.09598,1.60332,-0.222718,2.45307,-1.11558,1.58146,-2.43347,0.29603,0,-175.707,0,-187.224,0,-176.845,0,-159.75,46.9444,-17.2113,46.5355,-18.2879,46.905,-17.3181,47.4696,-15.7046,0.453388,-1.56077,4.85653,-12.1357,0.137665,-1.29416,-6.20048,14.6849,10.8785,6.95294e-310,-16.9788,6.68183e-310,-132.019,1.4822e-323,-14.0785,5.06782e-310,159.75,46.9444,-34.1901,46.5355,-150.307,46.905,-31.3966,47.4696,144.045,-19.0606,27.8838,-3.87336,42.6621,-19.4013,27.5037,-42.3213,5.14835,
0.349808,0.37664,0.351289,0.32023,200,0,0,-1.15701,1.54388,-0.0801665,2.59331,-1.19447,1.50496,-2.4356,0.293245,0,-174.904,0,-188.32,0,-175.645,0,-160.115,46.9719,-17.1359,46.4953,-18.3899,46.9465,-17.2054,47.4581,-15.7393,0.163377,-0.794411,5.17303,-13.4221,-0.192487,-0.330618,-5.92621,14.2348,11.2482,6.95294e-310,-8.93568,6.68183e-310,-150.974,1.4822e-323,-3.71885,5.06782e-310,160.115,46.9719,-26.0715,46.4953,-169.364,46.9465,-20.9243,47.4581,144.376,-20.1219,26.85,-1.3942,45.1011,-20.7733,26.1732,-42.3582,5.09991,
0.34819,0.378666,0.348957,0.321069,200,0,0,-1.22204,1.48044,0.0701926,2.74152,-1.27646,1.42526,-2.43803,0.290048,0,-174.095,0,-189.333,0,-174.478,0,-160.535,46.9996,-17.0598,46.4579,-18.484,46.9865,-17.0959,47.4449,-15.7791,-0.126259,-0.0302775,5.46551,-14.6219,-0.514354,0.604372,-5.64175,13.727,11.6948,6.95294e-310,-0.35409,6.68183e-310,-171.001,1.4822e-323,7.06803,5.06782e-310,160.535,46.9996,-17.4139,46.4579,-189.485,46.9865,-10.0278,47.4449,144.756,-21.2528,25.7468,1.22074,47.6787,-22.1993,24.7872,-42.4006,5.04432,
0.346584,0.380667,0.34662,0.32198,200,0,0,-1.29189,1.41216,0.215381,2.88458,-1.36394,1.34008,-2.42485,0.302402,0,-173.292,0,-190.333,0,-173.31,0,-160.99,47.0269,-16.9843,46.4209,-18.577,47.0263,-16.986,47.4305,-15.8223,-0.42041,0.737282,5.7447,-15.8049,-0.839103,1.54401,-5.34651,13.1912,12.0427,6.95294e-310,8.87883,6.68183e-310,-190.333,1.4822e-323,18.594,5.06782e-310,158.857,47.0269,-8.10551,46.4209,-208.91,47.0263,1.60796,47.4305,143.035,-22.4676,24.5593,3.74576,50.1666,-23.7206,23.3057,-42.1714,5.25916,
0.345074,0.382536,0.344319,0.322975,200,0,0,-1.35104,1.35448,0.223961,2.89116,-1.43486,1.2714,-2.30485,0.421504,0,-172.537,0,-191.268,0,-172.159,0,-161.487,47.0525,-16.9133,46.386,-18.6637,47.0653,-16.8778,47.4148,-15.8695,-0.707333,1.47526,5.98642,-16.9147,-1.15719,2.46677,-5.03334,12.6276,11.3078,6.95294e-310,16.6819,6.68183e-310,-191.268,1.4822e-323,27.8937,5.06782e-310,142.79,47.0525,-0.231357,46.386,-209.932,47.0653,11.0159,47.4148,126.921,-23.4964,23.5561,3.89498,50.281,-24.954,22.1112,-40.0843,7.3305,
0.343564,0.38431,0.342102,0.324029,200,0,0,-1.40388,1.3031,0.232105,2.89739,-1.49648,1.21192,-2.19959,0.5258,0,-171.782,0,-192.155,0,-171.051,0,-162.015,47.078,-16.8422,46.3529,-18.746,47.1026,-16.7734,47.398,-15.9194,-0.993497,2.20983,6.21636,-17.967,-1.46787,3.36145,-4.72262,12.0355,10.6949,6.95294e-310,23.6339,6.68183e-310,-192.155,1.4822e-323,35.9504,5.06782e-310,128.718,47.078,6.79169,46.3529,-210.901,47.1026,19.1771,47.398,112.799,-24.4154,22.6627,4.03661,50.3895,-26.0258,21.0768,-38.2537,9.14434,
0.341994,0.385988,0.340124,0.325192,200,0,0,-1.45403,1.25447,0.239812,2.90329,-1.5485,1.1618,-2.10561,0.618709,0,-170.997,0,-192.994,0,-170.062,0,-162.596,47.1044,-16.7683,46.3213,-18.8237,47.1357,-16.6802,47.3795,-15.9745,-1.28221,2.96446,6.45557,-18.9336,-1.76264,4.19299,-4.43713,11.3977,10.1932,6.95294e-310,30.2174,6.68183e-310,-192.994,1.4822e-323,42.7401,5.06782e-310,116.179,47.1044,13.4491,46.3213,-211.818,47.1357,26.0598,47.3795,100.204,-25.2876,21.8168,4.17064,50.492,-26.9304,20.2053,-36.6193,10.7602,
0.340244,0.387726,0.337859,0.326474,200,0,0,-1.50392,1.20626,0.247798,2.90939,-1.60172,1.11074,-2.01098,0.712157,0,-170.122,0,-193.863,0,-168.93,0,-163.237,47.1337,-16.6859,46.2886,-18.9042,47.1733,-16.5734,47.3589,-16.0353,-1.60037,3.78586,6.69719,-19.9734,-2.09016,5.11655,-4.10666,10.6701,9.70603,6.95294e-310,36.7457,6.68183e-310,-193.863,1.4822e-323,49.6614,5.06782e-310,103.565,47.1337,20.0598,46.2886,-212.767,47.1733,33.088,47.3589,87.5295,-26.1552,20.9785,4.30953,50.5981,-27.8561,19.3172,-34.9736,12.3853,
0.338902,0.38896,0.335834,0.327876,200,0,0,-1.54266,1.16882,0.253472,2.91372,-1.64791,1.06648,-1.93225,0.789591,0,-169.451,0,-194.48,0,-167.917,0,-163.938,47.156,-16.6226,46.2652,-18.9613,47.2068,-16.4778,47.3364,-16.1017,-1.8657,4.45779,6.8235,-20.7324,-2.37198,5.93371,-3.74254,9.92564,9.38046,6.95294e-310,41.8161,6.68183e-310,-194.48,1.4822e-323,55.661,5.06782e-310,93.1071,47.156,25.1936,46.2652,-213.441,47.2068,39.1831,47.3364,77.0054,-26.8288,20.3272,4.40822,50.6734,-28.6593,18.5475,-33.6044,13.732,
0.337404,0.390182,0.333821,0.329362,200,0,0,-1.58251,1.13039,0.259094,2.91801,-1.69155,1.02475,-1.85466,0.86581,0,-168.702,0,-195.091,0,-166.91,0,-164.681,47.1809,-16.5519,46.242,-19.0179,47.2399,-16.3828,47.3124,-16.172,-2.1473,5.17893,6.96764,-21.4874,-2.65976,6.75373,-3.3821,9.12091,9.07931,6.95294e-310,47.0211,6.68183e-310,-195.091,1.4822e-323,61.3192,5.06782e-310,82.8115,47.1809,30.4692,46.242,-214.109,47.2399,44.9365,47.3124,66.6395,-27.5219,19.6589,4.50598,50.748,-29.4182,17.8217,-32.2549,15.0576,
0.335774,0.391381,0.332119,0.330908,200,0,0,-1.62385,1.0906,0.264607,2.92221,-1.72857,0.989317,-1.78151,0.937515,0,-167.887,0,-195.69,0,-166.059,0,-165.454,47.2078,-16.475,46.2192,-19.0733,47.2677,-16.3023,47.2874,-16.2451,-2.43583,5.94129,7.15151,-22.1832,-2.93062,7.49548,-3.07469,8.28912,8.82157,6.95294e-310,52.4115,6.68183e-310,-195.69,1.4822e-323,66.1219,5.06782e-310,73.1231,47.2078,35.9365,46.2192,-214.764,47.2677,49.8196,47.2874,56.8779,-28.2409,18.9669,4.60186,50.821,-30.0622,17.2055,-30.9828,16.3046,
0.334456,0.392232,0.330082,0.332502,200,0,0,-1.65664,1.05905,0.268522,2.92519,-1.76936,0.95044,-1.71222,1.00531,0,-167.228,0,-196.116,0,-165.041,0,-166.251,47.2295,-16.4128,46.2029,-19.1126,47.3008,-16.206,47.2614,-16.3205,-2.69333,6.58216,7.21015,-22.7726,-3.20378,8.29011,-2.66679,7.42687,8.61192,6.95294e-310,56.685,6.68183e-310,-196.116,1.4822e-323,71.3938,5.06782e-310,63.9596,47.2295,40.2723,46.2029,-215.228,47.3008,55.1878,47.2614,47.6391,-28.8111,18.4183,4.66995,50.8729,-30.7714,16.5294,-29.7777,17.4837,
0.333054,0.393107,0.328296,0.334132,200,0,0,-1.69064,1.02637,0.272549,2.92825,-1.80529,0.916167,-1.64616,1.06984,0,-166.527,0,-196.553,0,-164.148,0,-167.066,47.2524,-16.3465,46.1862,-19.153,47.3297,-16.1215,47.2348,-16.3975,-2.95669,7.25387,7.30346,-23.3303,-3.46513,9.02579,-2.3046,6.55636,8.42481,6.95294e-310,61.1125,6.68183e-310,-196.553,1.4822e-323,76.0405,5.06782e-310,55.236,47.2524,44.766,46.1862,-215.706,47.3297,59.919,47.2348,38.8386,-29.4025,17.85,4.73998,50.9262,-31.3963,15.9333,-28.6288,18.606,
0.33152,0.393933,0.32657,0.33575,200,0,0,-1.72524,0.993209,0.276356,2.93115,-1.83861,0.884437,-1.58175,1.13272,0,-165.76,0,-196.967,0,-163.285,0,-167.875,47.2774,-16.274,46.1703,-19.1912,47.3574,-16.0398,47.2082,-16.4739,-3.2266,7.95133,7.41547,-23.8717,-3.72355,9.7373,-1.96413,5.66411,8.25106,6.95294e-310,65.6069,6.68183e-310,-196.967,1.4822e-323,80.343,5.06782e-310,46.7349,47.2774,49.3328,46.1703,-216.158,47.3574,64.3032,47.2082,30.2611,-30.0042,17.2732,4.80618,50.9765,-31.9759,15.3815,-27.5087,19.6994,
