p,i,d,error,error_sum,prev_error,control_singal
750,105.5,80,0.250317,0.000250317,0.250317,-1812.24
750,105.5,80,0.250316,0.000533062,0.250316,187.69
750,105.5,80,0.250315,0.000783656,0.250315,187.75
750,105.5,80,0.250314,0.00104977,0.250314,187.785
750,105.5,80,0.250313,0.00131867,0.250313,187.811
750,105.5,80,0.250312,0.00156926,0.250312,187.829
750,105.5,80,0.250312,0.00182347,0.250312,187.855
750,105.5,80,0.250311,0.00207387,0.250311,187.875
750,105.5,80,0.25031,0.00234188,0.25031,187.923
750,105.5,80,0.250309,0.00261305,0.250309,187.958
750,105.5,80,0.250308,0.00297749,0.250308,187.995
750,105.5,80,0.250308,0.00327993,0.250308,188.065
750,105.5,80,0.250308,0.00356214,0.250308,188.094
750,105.5,80,0.250308,0.00381276,0.250308,188.123
750,105.5,80,0.250308,0.0040633,0.250308,188.168
750,105.5,80,0.250308,0.0043138,0.250308,188.161
750,105.5,80,0.250308,0.00456928,0.250308,188.213
750,105.5,80,0.250307,0.00481967,0.250307,188.23
750,105.5,80,0.250308,0.00507061,0.250308,188.268
750,105.5,80,0.250308,0.00532114,0.250308,188.314
750,105.5,80,0.250308,0.00560608,0.250308,188.33
750,105.5,80,0.250308,0.00591749,0.250308,188.367
750,105.5,80,0.250308,0.0062605,0.250308,188.394
750,105.5,80,0.250308,0.0065297,0.250308,188.394
750,105.5,80,0.250308,0.00681221,0.250308,188.432
750,105.5,80,0.250307,0.00707537,0.250307,188.438
750,105.5,80,0.250306,0.00736661,0.250306,188.463
750,105.5,80,0.250304,0.00765527,0.250304,188.387
750,105.5,80,0.250303,0.00799055,0.250303,188.471
750,105.5,80,0.2503,0.00826919,0.2503,188.432
750,105.5,80,0.250297,0.00855544,0.250297,188.422
750,105.5,80,0.250293,0.00881371,0.250293,188.295
750,105.5,80,0.250287,0.00909785,0.250287,188.234
750,105.5,80,0.250279,0.00936634,0.250279,188.13
750,105.5,80,0.250272,0.00964662,0.250272,188.22
750,105.5,80,0.250261,0.00992417,0.250261,187.958
750,105.5,80,0.250258,0.0102647,0.250258,188.578
750,105.5,80,0.250255,0.0105186,0.250255,188.565
750,105.5,80,0.250252,0.0107793,0.250252,188.59
750,105.5,80,0.250248,0.0110359,0.250248,188.587
750,105.5,80,0.250245,0.0113001,0.250245,188.611
750,105.5,80,0.250241,0.011554,0.250241,188.603
750,105.5,80,0.250237,0.0118127,0.250237,188.594
750,105.5,80,0.250232,0.0120643,0.250232,188.555
750,105.5,80,0.250227,0.0123503,0.250227,188.625
750,105.5,80,0.250222,0.0126367,0.250222,188.635
750,105.5,80,0.25021,0.0129741,0.25021,188.368
750,105.5,80,0.250204,0.0132747,0.250204,188.607
750,105.5,80,0.250197,0.0135734,0.250197,188.657
750,105.5,80,0.250191,0.0138303,0.250191,188.597
750,105.5,80,0.250184,0.014106,0.250184,188.623
750,105.5,80,0.250177,0.0143728,0.250177,188.645
750,105.5,80,0.250161,0.0146548,0.250161,188.023
750,105.5,80,0.250151,0.0149993,0.250151,188.631
750,105.5,80,0.25014,0.015271,0.25014,188.354
750,105.5,80,0.250129,0.0155313,0.250129,188.398
750,105.5,80,0.250118,0.0157999,0.250118,188.462
750,105.5,80,0.250108,0.0160595,0.250108,188.485
750,105.5,80,0.250097,0.0163306,0.250097,188.45
750,105.5,80,0.250086,0.016593,0.250086,188.484
750,105.5,80,0.250075,0.0168809,0.250075,188.577
750,105.5,80,0.250052,0.0171477,0.250052,187.672
750,105.5,80,0.250042,0.0174901,0.250042,188.764
750,105.5,80,0.250031,0.0177662,0.250031,188.598
750,105.5,80,0.250018,0.0180527,0.250018,188.555
750,105.5,80,0.250006,0.0183123,0.250006,188.512
750,105.5,80,0.249994,0.0185951,0.249994,188.596
750,105.5,80,0.249982,0.0188754,0.249982,188.605
750,105.5,80,0.249956,0.019186,0.249956,187.786
750,105.5,80,0.249943,0.0195248,0.249943,188.765
750,105.5,80,0.24993,0.0198416,0.24993,188.741
750,105.5,80,0.249918,0.0201169,0.249918,188.657
750,105.5,80,0.24989,0.0204857,0.24989,188.082
750,105.5,80,0.249876,0.0207635,0.249876,188.617
750,105.5,80,0.249861,0.0210225,0.249861,188.455
750,105.5,80,0.249847,0.0212739,0.249847,188.444
750,105.5,80,0.249831,0.0215345,0.249831,188.461
750,105.5,80,0.249814,0.0217915,0.249814,188.301
750,105.5,80,0.249794,0.0220964,0.249794,188.368
750,105.5,80,0.249746,0.0223895,0.249746,186.452
750,105.5,80,0.249724,0.0227419,0.249724,188.44
750,105.5,80,0.249704,0.0230077,0.249704,188.21
750,105.5,80,0.249683,0.0232576,0.249683,187.978
750,105.5,80,0.249664,0.0235074,0.249664,188.267
750,105.5,80,0.249645,0.0237806,0.249645,188.33
750,105.5,80,0.249621,0.0240407,0.249621,187.895
750,105.5,80,0.249597,0.0243035,0.249597,187.943
750,105.5,80,0.249573,0.0245768,0.249573,188.057
750,105.5,80,0.249551,0.024863,0.249551,188.219
750,105.5,80,0.249512,0.0251305,0.249512,186.888
750,105.5,80,0.249495,0.0254958,0.249495,188.849
750,105.5,80,0.249475,0.0257571,0.249475,188.323
750,105.5,80,0.249453,0.0260479,0.249453,188.339
750,105.5,80,0.24943,0.0263057,0.24943,188.041
750,105.5,80,0.249405,0.0265626,0.249405,187.952
750,105.5,80,0.249384,0.0268122,0.249384,188.141
750,105.5,80,0.249362,0.0271248,0.249362,188.533
750,105.5,80,0.249316,0.027496,0.249316,187.368
750,105.5,80,0.249292,0.0277555,0.249292,188.11
750,105.5,80,0.249265,0.028011,0.249265,187.77
750,105.5,80,0.249238,0.0282764,0.249238,187.897
750,105.5,80,0.249212,0.0285265,0.249212,187.852
750,105.5,80,0.249185,0.0287757,0.249185,187.779
750,105.5,80,0.249158,0.0290252,0.249158,187.721
750,105.5,80,0.249126,0.0292768,0.249126,187.424
750,105.5,80,0.249096,0.0295405,0.249096,187.629
750,105.5,80,0.249065,0.0298221,0.249065,187.795
750,105.5,80,0.249034,0.0300941,0.249034,187.694
750,105.5,80,0.248968,0.0303671,0.248968,185.081
750,105.5,80,0.248934,0.0306853,0.248934,187.836
750,105.5,80,0.2489,0.0309855,0.2489,187.637
750,105.5,80,0.248865,0.0312565,0.248865,187.388
750,105.5,80,0.248868,0.0315204,0.248868,190.221
750,105.5,80,0.24883,0.0317753,0.24883,187.046
750,105.5,80,0.248795,0.0320385,0.248795,187.307
750,105.5,80,0.24876,0.0322873,0.24876,187.137
750,105.5,80,0.248723,0.0325615,0.248723,187.336
750,105.5,80,0.248648,0.0328497,0.248648,184.793
750,105.5,80,0.248612,0.0331841,0.248612,187.777
750,105.5,80,0.248571,0.0334622,0.248571,187.062
750,105.5,80,0.248534,0.0337565,0.248534,187.439
750,105.5,80,0.248497,0.0340072,0.248497,187.025
750,105.5,80,0.248459,0.0342634,0.248459,187.046
750,105.5,80,0.24842,0.0345294,0.24842,187.032
750,105.5,80,0.248378,0.0347919,0.248378,186.741
750,105.5,80,0.248338,0.0350405,0.248338,186.759
750,105.5,80,0.248297,0.0353121,0.248297,186.972
750,105.5,80,0.248211,0.0356555,0.248211,184.939
750,105.5,80,0.248168,0.0359439,0.248168,186.992
750,105.5,80,0.248125,0.036192,0.248125,186.426
750,105.5,80,0.248079,0.036443,0.248079,186.245
750,105.5,80,0.248035,0.0367059,0.248035,186.569
750,105.5,80,0.24799,0.0369812,0.24799,186.708
750,105.5,80,0.247946,0.0372583,0.247946,186.718
750,105.5,80,0.2479,0.0375304,0.2479,186.551
750,105.5,80,0.247857,0.037803,0.247857,186.726
750,105.5,80,0.24776,0.0381537,0.24776,184.367
750,105.5,80,0.247714,0.0384281,0.247714,186.549
750,105.5,80,0.247665,0.0387022,0.247665,186.248
750,105.5,80,0.247618,0.0389742,0.247618,186.415
750,105.5,80,0.247571,0.0392573,0.247571,186.514
750,105.5,80,0.247523,0.0395321,0.247523,186.341
750,105.5,80,0.24742,0.0397865,0.24742,181.823
750,105.5,80,0.247371,0.040107,0.247371,186.715
750,105.5,80,0.247322,0.0404001,0.247322,186.413
750,105.5,80,0.247271,0.0406626,0.247271,185.949
750,105.5,80,0.247217,0.04091,0.247217,185.361
750,105.5,80,0.247165,0.0411814,0.247165,185.972
750,105.5,80,0.247113,0.0414535,0.247113,185.872
750,105.5,80,0.24706,0.0417077,0.24706,185.632
750,105.5,80,0.247002,0.0419863,0.247002,185.567
750,105.5,80,0.246891,0.0422477,0.246891,181.211
750,105.5,80,0.246834,0.0425964,0.246834,186.423
750,105.5,80,0.246774,0.0428678,0.246774,185.177
750,105.5,80,0.246716,0.04314,0.246716,185.396
750,105.5,80,0.246656,0.0433953,0.246656,184.98
750,105.5,80,0.246597,0.0436774,0.246597,185.432
750,105.5,80,0.246532,0.0439389,0.246532,184.603
750,105.5,80,0.246408,0.0442309,0.246408,181.113
750,105.5,80,0.246347,0.0445624,0.246347,185.821
750,105.5,80,0.246285,0.0448454,0.246285,185.136
750,105.5,80,0.246218,0.0451159,0.246218,184.506
750,105.5,80,0.246154,0.0454105,0.246154,185.144
750,105.5,80,0.246025,0.045698,0.246025,180.537
750,105.5,80,0.245954,0.0460213,0.245954,184.978
750,105.5,80,0.245888,0.0463238,0.245888,185.005
750,105.5,80,0.24582,0.0465696,0.24582,183.882
750,105.5,80,0.245753,0.0468156,0.245753,183.906
750,105.5,80,0.245684,0.0470761,0.245684,184.023
750,105.5,80,0.245609,0.0473219,0.245609,183.177
750,105.5,80,0.24554,0.0475702,0.24554,183.709
750,105.5,80,0.24547,0.0478222,0.24547,183.705
750,105.5,80,0.245399,0.0480722,0.245399,183.565
750,105.5,80,0.245328,0.0483177,0.245328,183.376
750,105.5,80,0.24525,0.048563,0.24525,182.853
750,105.5,80,0.245176,0.0488084,0.245176,183.089
750,105.5,80,0.245101,0.0490586,0.245101,183.124
750,105.5,80,0.245025,0.0493329,0.245025,183.541
750,105.5,80,0.244941,0.0495981,0.244941,182.738
750,105.5,80,0.244865,0.0498499,0.244865,182.992
750,105.5,80,0.244696,0.0502031,0.244696,179.482
750,105.5,80,0.244616,0.0504774,0.244616,183.047
750,105.5,80,0.244535,0.0507533,0.244535,182.979
750,105.5,80,0.244452,0.0510114,0.244452,182.468
750,105.5,80,0.244362,0.0512686,0.244362,181.813
750,105.5,80,0.244279,0.0515165,0.244279,182.166
750,105.5,80,0.244196,0.0517795,0.244196,182.435
750,105.5,80,0.244113,0.0520386,0.244113,182.324
750,105.5,80,0.243942,0.0523082,0.243942,176.076
750,105.5,80,0.24386,0.0526326,0.24386,183.5
750,105.5,80,0.243778,0.0529072,0.243778,182.635
750,105.5,80,0.243674,0.0531545,0.243674,180.139
750,105.5,80,0.243595,0.0534249,0.243595,182.632
750,105.5,80,0.243519,0.0536804,0.243519,182.475
750,105.5,80,0.243443,0.0539324,0.243443,182.408
750,105.5,80,0.24337,0.0541758,0.24337,182.454
750,105.5,80,0.243295,0.0544393,0.243295,182.618
750,105.5,80,0.243229,0.0546942,0.243229,183.187
750,105.5,80,0.243101,0.0549851,0.243101,179.592
750,105.5,80,0.243034,0.0553203,0.243034,184.187
750,105.5,80,0.242974,0.055593,0.242974,183.819
750,105.5,80,0.242916,0.0558547,0.242916,183.813
750,105.5,80,0.242863,0.0561007,0.242863,183.845
750,105.5,80,0.242811,0.0563435,0.242811,183.911
750,105.5,80,0.242758,0.0566395,0.242758,184.553
750,105.5,80,0.242672,0.057014,0.242672,183.563
750,105.5,80,0.242633,0.0572894,0.242633,185.291
750,105.5,80,0.242593,0.0575346,0.242593,184.866
750,105.5,80,0.24256,0.0577867,0.24256,185.427
750,105.5,80,0.24253,0.0580294,0.24253,185.627
750,105.5,80,0.242501,0.0582869,0.242501,185.834
750,105.5,80,0.242472,0.0585295,0.242472,185.727
750,105.5,80,0.242447,0.0587846,0.242447,186.166
750,105.5,80,0.242427,0.059027,0.242427,186.413
750,105.5,80,0.242408,0.059272,0.242408,186.571
750,105.5,80,0.242391,0.0595147,0.242391,186.683
750,105.5,80,0.242375,0.0597883,0.242375,186.954
750,105.5,80,0.242362,0.0600584,0.242362,187.17
750,105.5,80,0.242337,0.0603217,0.242337,186.292
750,105.5,80,0.242326,0.0606459,0.242326,187.492
750,105.5,80,0.242317,0.0609159,0.242317,187.51
750,105.5,80,0.242307,0.0611935,0.242307,187.515
750,105.5,80,0.242297,0.0614989,0.242297,187.545
750,105.5,80,0.242282,0.0618361,0.242282,187.389
750,105.5,80,0.242275,0.0621222,0.242275,187.795
750,105.5,80,0.242267,0.062375,0.242267,187.68
750,105.5,80,0.24226,0.0626613,0.24226,187.815
750,105.5,80,0.242254,0.062918,0.242254,187.865
750,105.5,80,0.242247,0.0631954,0.242247,187.898
750,105.5,80,0.242241,0.0635316,0.242241,188.024
750,105.5,80,0.242228,0.0638355,0.242228,187.568
750,105.5,80,0.242221,0.064127,0.242221,187.974
750,105.5,80,0.242213,0.064408,0.242213,187.904
750,105.5,80,0.242198,0.0647468,0.242198,187.604
750,105.5,80,0.242191,0.0650249,0.242191,188.004
750,105.5,80,0.242182,0.0652673,0.242182,187.795
750,105.5,80,0.242173,0.065533,0.242173,187.894
750,105.5,80,0.242162,0.0657821,0.242162,187.751
750,105.5,80,0.242152,0.0660243,0.242152,187.756
750,105.5,80,0.242141,0.0662665,0.242141,187.697
750,105.5,80,0.242128,0.066524,0.242128,187.657
750,105.5,80,0.242114,0.0667663,0.242114,187.49
750,105.5,80,0.2421,0.0670369,0.2421,187.626
750,105.5,80,0.242084,0.0672941,0.242084,187.468
750,105.5,80,0.242047,0.0675707,0.242047,186.122
750,105.5,80,0.24203,0.0678903,0.24203,187.634
750,105.5,80,0.242011,0.068176,0.242011,187.434
750,105.5,80,0.241991,0.068459,0.241991,187.348
750,105.5,80,0.241972,0.0687054,0.241972,187.183
750,105.5,80,0.241951,0.0689522,0.241951,187.084
750,105.5,80,0.24193,0.0692052,0.24193,187.189
750,105.5,80,0.241909,0.0694507,0.241909,187.128
750,105.5,80,0.241888,0.0697342,0.241888,187.325
750,105.5,80,0.241845,0.0700234,0.241845,185.874
750,105.5,80,0.241822,0.0703318,0.241822,187.321
750,105.5,80,0.2418,0.0705895,0.2418,187.191
750,105.5,80,0.241781,0.0708501,0.241781,187.381
750,105.5,80,0.241759,0.0710921,0.241759,187.103
750,105.5,80,0.241739,0.0713885,0.241739,187.523
750,105.5,80,0.24172,0.0716343,0.24172,187.293
750,105.5,80,0.241699,0.0727651,0.241699,188.602
750,105.5,80,0.241582,0.0730774,0.241582,181.622
750,105.5,80,0.241557,0.0733436,0.241557,187.096
750,105.5,80,0.241505,0.0737018,0.241505,186.111
750,105.5,80,0.241477,0.0740637,0.241477,187.455
750,105.5,80,0.241432,0.074348,0.241432,185.83
750,105.5,80,0.2414,0.0746729,0.2414,187.014
750,105.5,80,0.241363,0.0749398,0.241363,186.29
750,105.5,80,0.241328,0.0752713,0.241328,186.904
750,105.5,80,0.24126,0.0755477,0.24126,184.169
750,105.5,80,0.241219,0.0758648,0.241219,186.375
750,105.5,80,0.241181,0.0761361,0.241181,186.228
750,105.5,80,0.241141,0.0764053,0.241141,186.069
750,105.5,80,0.241104,0.0766503,0.241104,186.03
750,105.5,80,0.241067,0.0768947,0.241067,185.944
750,105.5,80,0.241027,0.0771378,0.241027,185.767
750,105.5,80,0.240986,0.0774095,0.240986,185.981
750,105.5,80,0.240947,0.0776511,0.240947,185.808
750,105.5,80,0.240907,0.0779012,0.240907,185.828
750,105.5,80,0.240866,0.07815,0.240866,185.702
750,105.5,80,0.240781,0.0784254,0.240781,182.877
750,105.5,80,0.240738,0.0787609,0.240738,186.407
750,105.5,80,0.240694,0.0790222,0.240694,185.65
750,105.5,80,0.24069,0.0792631,0.24069,188.508
750,105.5,80,0.240643,0.0795263,0.240643,185.433
750,105.5,80,0.240597,0.0797807,0.240597,185.4
750,105.5,80,0.24055,0.0800331,0.24055,185.316
750,105.5,80,0.240502,0.0802946,0.240502,185.286
750,105.5,80,0.240403,0.0805883,0.240403,182.297
750,105.5,80,0.240351,0.0809221,0.240351,185.824
750,105.5,80,0.240299,0.0812074,0.240299,185.287
750,105.5,80,0.240246,0.0814632,0.240246,184.797
750,105.5,80,0.240189,0.0817189,0.240189,184.512
750,105.5,80,0.240135,0.0819886,0.240135,184.88
750,105.5,80,0.240078,0.0822562,0.240078,184.647
750,105.5,80,0.239962,0.0825096,0.239962,179.885
750,105.5,80,0.239905,0.0828465,0.239905,185.444
750,105.5,80,0.239847,0.0831241,0.239847,184.6
750,105.5,80,0.239784,0.0834238,0.239784,184.655
750,105.5,80,0.239725,0.0836742,0.239725,184.089
750,105.5,80,0.239602,0.0840269,0.239602,181.857
750,105.5,80,0.239534,0.0843048,0.239534,183.886
750,105.5,80,0.239469,0.0845707,0.239469,183.831
750,105.5,80,0.239403,0.0848408,0.239403,183.802
750,105.5,80,0.239335,0.0851073,0.239335,183.577
750,105.5,80,0.239267,0.0853553,0.239267,183.262
750,105.5,80,0.239123,0.0857119,0.239123,180.637
750,105.5,80,0.239053,0.0859994,0.239053,183.699
750,105.5,80,0.238982,0.0862671,0.238982,183.279
750,105.5,80,0.238905,0.0865234,0.238905,182.571
750,105.5,80,0.238833,0.0867828,0.238833,182.974
750,105.5,80,0.238682,0.0870586,0.238682,177.737
750,105.5,80,0.238608,0.0873932,0.238608,183.956
750,105.5,80,0.238533,0.0876621,0.238533,182.864
750,105.5,80,0.238458,0.0879014,0.238458,182.131
750,105.5,80,0.238377,0.0881401,0.238377,181.575
750,105.5,80,0.238302,0.0883859,0.238302,182.225
750,105.5,80,0.238227,0.0886244,0.238227,182.029
750,105.5,80,0.238152,0.0889132,0.238152,183.077
750,105.5,80,0.238075,0.0891541,0.238075,181.864
750,105.5,80,0.238001,0.0894216,0.238001,182.645
750,105.5,80,0.23785,0.0896757,0.23785,176.533
750,105.5,80,0.237773,0.0899796,0.237773,183.021
750,105.5,80,0.23769,0.0902643,0.23769,182.224
750,105.5,80,0.237612,0.090538,0.237612,182.362
750,105.5,80,0.237534,0.090778,0.237534,181.563
750,105.5,80,0.237456,0.0910157,0.237456,181.444
750,105.5,80,0.23737,0.0912533,0.23737,180.78
750,105.5,80,0.237289,0.0915115,0.237289,181.696
750,105.5,80,0.237128,0.0917948,0.237128,176.696
750,105.5,80,0.237047,0.0921127,0.237047,182.704
750,105.5,80,0.23696,0.0923859,0.23696,181.445
750,105.5,80,0.236879,0.0926448,0.236879,181.479
750,105.5,80,0.236782,0.0928851,0.236782,179.706
750,105.5,80,0.236696,0.0931286,0.236696,180.683
750,105.5,80,0.236615,0.09338,0.236615,181.237
750,105.5,80,0.236534,0.0936209,0.236534,180.935
750,105.5,80,0.236453,0.0938575,0.236453,180.76
750,105.5,80,0.236372,0.0940939,0.236372,180.71
750,105.5,80,0.236284,0.0943312,0.236284,180.122
750,105.5,80,0.236203,0.094594,0.236203,181.336
750,105.5,80,0.236038,0.0948801,0.236038,176.155
750,105.5,80,0.23595,0.0951874,0.23595,181.583
750,105.5,80,0.235869,0.0954557,0.235869,181.312
750,105.5,80,0.235786,0.0956974,0.235786,180.43
750,105.5,80,0.235704,0.0959534,0.235704,180.857
750,105.5,80,0.235616,0.0961894,0.235616,179.823
750,105.5,80,0.235536,0.0964252,0.235536,180.417
750,105.5,80,0.235457,0.0966744,0.235457,180.813
750,105.5,80,0.235379,0.0969099,0.235379,180.539
750,105.5,80,0.235296,0.0971455,0.235296,180.103
750,105.5,80,0.235221,0.0973919,0.235221,180.962
750,105.5,80,0.235066,0.0978164,0.235066,179.775
750,105.5,80,0.234984,0.0981176,0.234984,181.419
750,105.5,80,0.234831,0.0984888,0.234831,178.808
750,105.5,80,0.234756,0.0987867,0.234756,181.707
750,105.5,80,0.234674,0.099093,0.234674,181.475
750,105.5,80,0.234522,0.0993669,0.234522,175.938
750,105.5,80,0.234445,0.0996775,0.234445,181.706
750,105.5,80,0.234368,0.0999405,0.234368,180.857
750,105.5,80,0.234288,0.100239,0.234288,181.224
750,105.5,80,0.234135,0.100508,0.234135,175.607
750,105.5,80,0.23406,0.100809,0.23406,181.508
750,105.5,80,0.23398,0.101096,0.23398,180.942
750,105.5,80,0.233905,0.101344,0.233905,180.438
750,105.5,80,0.233829,0.101583,0.233829,180.19
750,105.5,80,0.233751,0.101863,0.233751,180.842
750,105.5,80,0.233678,0.102112,0.233678,180.489
750,105.5,80,0.233603,0.102361,0.233603,180.385
750,105.5,80,0.233457,0.102608,0.233457,174.887
750,105.5,80,0.23338,0.102945,0.23338,181.588
750,105.5,80,0.233307,0.103197,0.233307,180.488
750,105.5,80,0.233236,0.103466,0.233236,180.946
750,105.5,80,0.233166,0.103704,0.233166,180.288
750,105.5,80,0.233092,0.103957,0.233092,180.324
750,105.5,80,0.23302,0.104215,0.23302,180.617
750,105.5,80,0.232881,0.104485,0.232881,176.034
750,105.5,80,0.232806,0.104769,0.232806,180.8
750,105.5,80,0.232735,0.105057,0.232735,181.019
750,105.5,80,0.232665,0.105294,0.232665,180.112
750,105.5,80,0.23259,0.105552,0.23259,180.133
750,105.5,80,0.232521,0.105789,0.232521,180.162
750,105.5,80,0.232451,0.106026,0.232451,179.996
750,105.5,80,0.232381,0.106276,0.232381,180.319
750,105.5,80,0.232306,0.106542,0.232306,180.219
750,105.5,80,0.232166,0.1068,0.232166,175.354
750,105.5,80,0.232096,0.107098,0.232096,181.006
750,105.5,80,0.232026,0.107376,0.232026,180.7
750,105.5,80,0.231951,0.107625,0.231951,179.676
750,105.5,80,0.23188,0.107857,0.23188,179.676
750,105.5,80,0.231809,0.108112,0.231809,180.073
750,105.5,80,0.231739,0.108368,0.231739,180.136
750,105.5,80,0.231664,0.108631,0.231664,179.96
750,105.5,80,0.231524,0.108969,0.231524,177.438
750,105.5,80,0.23145,0.109222,0.23145,179.689
750,105.5,80,0.231383,0.109462,0.231383,179.926
750,105.5,80,0.231314,0.109713,0.231314,179.969
750,105.5,80,0.231246,0.109945,0.231246,179.605
750,105.5,80,0.231178,0.110219,0.231178,180.418
750,105.5,80,0.231105,0.110468,0.231105,179.606
750,105.5,80,0.230968,0.110725,0.230968,175.057
750,105.5,80,0.230901,0.110964,0.230901,179.741
750,105.5,80,0.230834,0.111281,0.230834,180.937
750,105.5,80,0.230758,0.111527,0.230758,179.108
750,105.5,80,0.230689,0.111771,0.230689,179.643
750,105.5,80,0.230623,0.11201,0.230623,179.63
750,105.5,80,0.230552,0.112242,0.230552,179.145
750,105.5,80,0.230478,0.112487,0.230478,179.135
750,105.5,80,0.230408,0.11273,0.230408,179.428
750,105.5,80,0.23034,0.112984,0.23034,179.739
750,105.5,80,0.230272,0.11325,0.230272,179.952
750,105.5,80,0.23013,0.113569,0.23013,176.359
750,105.5,80,0.230057,0.113824,0.230057,179.247
750,105.5,80,0.229987,0.11406,0.229987,179.115
750,105.5,80,0.229916,0.114319,0.229916,179.482
750,105.5,80,0.229839,0.114549,0.229839,178.306
750,105.5,80,0.229769,0.114817,0.229769,179.581
750,105.5,80,0.229699,0.115062,0.229699,179.2
750,105.5,80,0.22955,0.115325,0.22955,173.943
750,105.5,80,0.229479,0.115636,0.229479,180.077
750,105.5,80,0.229407,0.115918,0.229407,179.605
750,105.5,80,0.229349,0.116157,0.229349,179.802
750,105.5,80,0.229271,0.116426,0.229271,178.955
750,105.5,80,0.229198,0.11668,0.229198,178.911
750,105.5,80,0.229054,0.116934,0.229054,173.781
750,105.5,80,0.228976,0.117245,0.228976,179.471
750,105.5,80,0.228904,0.11749,0.228904,178.682
750,105.5,80,0.228833,0.117722,0.228833,178.458
750,105.5,80,0.22876,0.117961,0.22876,178.455
750,105.5,80,0.228689,0.118192,0.228689,178.384
750,105.5,80,0.228613,0.118431,0.228613,178.125
750,105.5,80,0.228542,0.11867,0.228542,178.5
750,105.5,80,0.228473,0.118909,0.228473,178.62
750,105.5,80,0.228401,0.119138,0.228401,178.065
750,105.5,80,0.228324,0.119372,0.228324,177.852
750,105.5,80,0.228252,0.1196,0.228252,178.071
750,105.5,80,0.22818,0.119845,0.22818,178.436
750,105.5,80,0.228098,0.120095,0.228098,177.683
750,105.5,80,0.227949,0.120352,0.227949,173.115
750,105.5,80,0.227878,0.120669,0.227878,179.579
750,105.5,80,0.227805,0.120936,0.227805,178.588
750,105.5,80,0.227726,0.121168,0.227726,177.387
750,105.5,80,0.227652,0.121416,0.227652,178.112
750,105.5,80,0.227578,0.121648,0.227578,177.704
750,105.5,80,0.227506,0.121911,0.227506,178.546
750,105.5,80,0.227434,0.122155,0.227434,178.098
750,105.5,80,0.227286,0.122481,0.227286,175.13
750,105.5,80,0.227213,0.122745,0.227213,178.336
750,105.5,80,0.227141,0.122994,0.227141,178.042
750,105.5,80,0.227063,0.123221,0.227063,177.053
750,105.5,80,0.226992,0.123457,0.226992,177.812
750,105.5,80,0.22692,0.123684,0.22692,177.474
750,105.5,80,0.226846,0.123918,0.226846,177.508
750,105.5,80,0.226769,0.124158,0.226769,177.32
750,105.5,80,0.226699,0.124393,0.226699,177.737
750,105.5,80,0.226701,0.124621,0.226701,183.338
750,105.5,80,0.226558,0.124892,0.226558,173.524
750,105.5,80,0.226483,0.125221,0.226483,178.938
750,105.5,80,0.226413,0.125467,0.226413,177.904
750,105.5,80,0.226342,0.125694,0.226342,177.337
750,105.5,80,0.226271,0.12592,0.226271,177.359
750,105.5,80,0.226195,0.126149,0.226195,176.935
750,105.5,80,0.226121,0.126393,0.226121,177.453
750,105.5,80,0.226044,0.126619,0.226044,176.728
750,105.5,80,0.225967,0.126881,0.225967,177.527
750,105.5,80,0.225886,0.127124,0.225886,176.833
750,105.5,80,0.225729,0.127379,0.225729,171.623
750,105.5,80,0.22565,0.127612,0.22565,176.507
750,105.5,80,0.225566,0.127925,0.225566,177.867
750,105.5,80,0.225492,0.128171,0.225492,177.226
750,105.5,80,0.225414,0.128397,0.225414,176.374
750,105.5,80,0.225337,0.128623,0.225337,176.432
750,105.5,80,0.225255,0.128851,0.225255,175.982
750,105.5,80,0.22518,0.129085,0.22518,176.748
750,105.5,80,0.225103,0.129332,0.225103,176.885
750,105.5,80,0.225028,0.129569,0.225028,176.718
750,105.5,80,0.224951,0.129823,0.224951,176.969
750,105.5,80,0.224884,0.130062,0.224884,177.362
750,105.5,80,0.224715,0.1303,0.224715,169.483
750,105.5,80,0.224639,0.130613,0.224639,177.896
750,105.5,80,0.224559,0.130858,0.224559,176.352
750,105.5,80,0.224483,0.131083,0.224483,176.154
750,105.5,80,0.224406,0.131319,0.224406,176.309
750,105.5,80,0.224331,0.131552,0.224331,176.328
750,105.5,80,0.224232,0.131814,0.224232,175.281
750,105.5,80,0.224155,0.132058,0.224155,176.403
750,105.5,80,0.224,0.132322,0.224,171.434
750,105.5,80,0.223916,0.132614,0.223916,176.799
750,105.5,80,0.223839,0.132864,0.223839,176.352
750,105.5,80,0.223759,0.133121,0.223759,176.282
750,105.5,80,0.22368,0.133358,0.22368,175.885
750,105.5,80,0.223595,0.133602,0.223595,175.564
750,105.5,80,0.22344,0.133944,0.22344,173.604
750,105.5,80,0.223362,0.134221,0.223362,176.668
750,105.5,80,0.223278,0.134483,0.223278,175.898
750,105.5,80,0.2232,0.134707,0.2232,175.416
750,105.5,80,0.22312,0.134958,0.22312,175.868
750,105.5,80,0.22304,0.135187,0.22304,175.324
750,105.5,80,0.222954,0.135425,0.222954,175.072
750,105.5,80,0.222795,0.13566,0.222795,169.341
750,105.5,80,0.22271,0.135957,0.22271,176.24
750,105.5,80,0.22263,0.136211,0.22263,175.788
750,105.5,80,0.222553,0.136441,0.222553,175.309
750,105.5,80,0.222472,0.136664,0.222472,174.873
750,105.5,80,0.222393,0.136895,0.222393,175.115
750,105.5,80,0.222307,0.137124,0.222307,174.518
750,105.5,80,0.222229,0.13736,0.222229,175.248
750,105.5,80,0.222148,0.137596,0.222148,175.024
750,105.5,80,0.222061,0.13786,0.222061,175.241
750,105.5,80,0.22198,0.138093,0.22198,174.884
750,105.5,80,0.221819,0.138426,0.221819,172.391
750,105.5,80,0.221736,0.138669,0.221736,174.918
750,105.5,80,0.221649,0.138956,0.221649,175.481
750,105.5,80,0.221486,0.139278,0.221486,171.857
750,105.5,80,0.221403,0.139543,0.221403,175.199
750,105.5,80,0.221314,0.139794,0.221314,174.464
750,105.5,80,0.221151,0.140175,0.221151,173.075
750,105.5,80,0.221067,0.140453,0.221067,175.292
750,105.5,80,0.220984,0.140695,0.220984,174.527
750,105.5,80,0.220895,0.140958,0.220895,174.578
750,105.5,80,0.22073,0.141291,0.22073,171.697
750,105.5,80,0.220649,0.141524,0.220649,174.228
750,105.5,80,0.220563,0.14178,0.220563,174.461
750,105.5,80,0.220482,0.142,0.220482,173.845
750,105.5,80,0.220399,0.142221,0.220399,173.726
750,105.5,80,0.220317,0.142442,0.220317,173.699
750,105.5,80,0.220228,0.142668,0.220228,173.296
750,105.5,80,0.220146,0.142896,0.220146,173.875
750,105.5,80,0.220064,0.143175,0.220064,174.98
750,105.5,80,0.219895,0.1435,0.219895,170.876
750,105.5,80,0.219812,0.143739,0.219812,173.954
750,105.5,80,0.219728,0.143989,0.219728,174.05
750,105.5,80,0.219644,0.144259,0.219644,174.527
750,105.5,80,0.219472,0.144566,0.219472,169.97
750,105.5,80,0.219388,0.144829,0.219388,174.265
750,105.5,80,0.219304,0.145061,0.219304,173.419
750,105.5,80,0.219222,0.14529,0.219222,173.402
750,105.5,80,0.21913,0.145527,0.21913,172.951
750,105.5,80,0.219044,0.145766,0.219044,173.287
750,105.5,80,0.218958,0.145998,0.218958,173.153
750,105.5,80,0.21878,0.146255,0.21878,167.448
750,105.5,80,0.218693,0.146487,0.218693,172.861
750,105.5,80,0.218607,0.146788,0.218607,174.483
750,105.5,80,0.218523,0.147024,0.218523,173.175
750,105.5,80,0.218431,0.147307,0.218431,173.691
750,105.5,80,0.218346,0.14753,0.218346,172.62
750,105.5,80,0.218174,0.147775,0.218174,166.988
750,105.5,80,0.218082,0.148073,0.218082,173.763
750,105.5,80,0.217995,0.148348,0.217995,173.663
750,105.5,80,0.217906,0.148578,0.217906,172.365
750,105.5,80,0.21782,0.148814,0.21782,172.69
750,105.5,80,0.217726,0.149045,0.217726,171.916
750,105.5,80,0.21755,0.149389,0.21755,170.051
750,105.5,80,0.217464,0.149647,0.217464,173.083
750,105.5,80,0.217376,0.149898,0.217376,172.763
750,105.5,80,0.217281,0.150124,0.217281,171.432
750,105.5,80,0.21719,0.150371,0.21719,172.379
750,105.5,80,0.217004,0.150675,0.217004,168.072
750,105.5,80,0.216913,0.15093,0.216913,172.348
750,105.5,80,0.216822,0.151151,0.216822,171.428
750,105.5,80,0.216732,0.151376,0.216732,171.614
750,105.5,80,0.216642,0.151597,0.216642,171.43
750,105.5,80,0.216541,0.151829,0.216541,170.903
750,105.5,80,0.216452,0.152065,0.216452,171.859
750,105.5,80,0.216365,0.152314,0.216365,172.23
750,105.5,80,0.216177,0.152546,0.216177,164.2
750,105.5,80,0.216086,0.152846,0.216086,172.972
750,105.5,80,0.215997,0.15308,0.215997,171.543
750,105.5,80,0.215898,0.153309,0.215898,170.667
750,105.5,80,0.215806,0.153535,0.215806,170.971
750,105.5,80,0.215714,0.153773,0.215714,171.401
750,105.5,80,0.215624,0.153992,0.215624,170.809
750,105.5,80,0.215532,0.154224,0.215532,171.097
750,105.5,80,0.215431,0.154462,0.215431,170.583
750,105.5,80,0.215248,0.154697,0.215248,164.373
750,105.5,80,0.215173,0.155,0.215173,173.475
750,105.5,80,0.215073,0.155237,0.215073,170.421
750,105.5,80,0.21498,0.15546,0.21498,170.44
750,105.5,80,0.214886,0.155682,0.214886,170.306
750,105.5,80,0.214792,0.15591,0.214792,170.466
750,105.5,80,0.214697,0.156141,0.214697,170.456
750,105.5,80,0.214597,0.156366,0.214597,169.808
750,105.5,80,0.214505,0.156604,0.214505,170.769
750,105.5,80,0.214416,0.156836,0.214416,170.76
750,105.5,80,0.214227,0.157141,0.214227,166.625
750,105.5,80,0.214137,0.157375,0.214137,170.63
750,105.5,80,0.214046,0.157603,0.214046,170.337
750,105.5,80,0.213955,0.157817,0.213955,169.823
750,105.5,80,0.213855,0.158046,0.213855,169.599
750,105.5,80,0.213765,0.15826,0.213765,169.793
750,105.5,80,0.213673,0.158482,0.213673,169.868
750,105.5,80,0.21358,0.158699,0.21358,169.694
750,105.5,80,0.21348,0.158931,0.21348,169.482
750,105.5,80,0.213389,0.159167,0.213389,170.241
750,105.5,80,0.213204,0.159409,0.213204,163.655
750,105.5,80,0.213109,0.159707,0.213109,171.25
750,105.5,80,0.213009,0.159951,0.213009,169.659
750,105.5,80,0.212917,0.160164,0.212917,169.266
750,105.5,80,0.212824,0.160396,0.212824,169.702
750,105.5,80,0.212729,0.160611,0.212729,169.014
750,105.5,80,0.21263,0.160842,0.21263,169.125
750,105.5,80,0.212537,0.161062,0.212537,169.159
750,105.5,80,0.212444,0.161297,0.212444,169.644
750,105.5,80,0.21224,0.161539,0.21224,161.87
750,105.5,80,0.212149,0.161814,0.212149,170.557
750,105.5,80,0.212057,0.162065,0.212057,169.998
750,105.5,80,0.21198,0.162337,0.21198,171.305
750,105.5,80,0.211868,0.162558,0.211868,167.447
750,105.5,80,0.211686,0.162794,0.211686,162.87
750,105.5,80,0.211596,0.163086,0.211596,170.673
750,105.5,80,0.211499,0.163337,0.211499,169.336
750,105.5,80,0.211409,0.163574,0.211409,169.397
750,105.5,80,0.211319,0.16383,0.211319,169.805
750,105.5,80,0.211133,0.164135,0.211133,165.387
750,105.5,80,0.21104,0.16439,0.21104,169.451
750,105.5,80,0.210953,0.164616,0.210953,169.092
750,105.5,80,0.210863,0.164848,0.210863,168.984
750,105.5,80,0.210768,0.165063,0.210768,168.06
750,105.5,80,0.210674,0.165292,0.210674,168.524
750,105.5,80,0.210583,0.165509,0.210583,168.327
750,105.5,80,0.210493,0.165752,0.210493,169.123
750,105.5,80,0.210304,0.166049,0.210304,164.558
750,105.5,80,0.210214,0.166299,0.210214,169.146
750,105.5,80,0.210125,0.16652,0.210125,168.346
750,105.5,80,0.210036,0.166737,0.210036,168.299
750,105.5,80,0.210035,0.166947,0.210035,175.057
750,105.5,80,0.20994,0.16716,0.20994,167.501
750,105.5,80,0.20985,0.167425,0.20985,169.393
750,105.5,80,0.209645,0.167729,0.209645,163.632
750,105.5,80,0.209555,0.16795,0.209555,167.978
750,105.5,80,0.209463,0.16817,0.209463,167.912
750,105.5,80,0.209374,0.16838,0.209374,167.616
750,105.5,80,0.209281,0.168609,0.209281,167.993
750,105.5,80,0.209183,0.168821,0.209183,166.928
750,105.5,80,0.209091,0.169057,0.209091,168.165
750,105.5,80,0.209,0.169281,0.209,167.837
750,105.5,80,0.208809,0.169525,0.208809,161.395
750,105.5,80,0.208718,0.169825,0.208718,169.421
750,105.5,80,0.208627,0.170054,0.208627,167.751
750,105.5,80,0.208534,0.170292,0.208534,167.854
750,105.5,80,0.208443,0.170543,0.208443,168.3
750,105.5,80,0.208257,0.170836,0.208257,163.624
750,105.5,80,0.208166,0.171095,0.208166,168.331
750,105.5,80,0.208077,0.171315,0.208077,167.347
750,105.5,80,0.207981,0.171531,0.207981,166.679
750,105.5,80,0.207893,0.171739,0.207893,166.998
750,105.5,80,0.207802,0.171947,0.207802,166.722
750,105.5,80,0.207712,0.172154,0.207712,166.728
750,105.5,80,0.207614,0.172379,0.207614,166.708
750,105.5,80,0.207526,0.172629,0.207526,167.96
750,105.5,80,0.207346,0.17293,0.207346,163.862
750,105.5,80,0.207257,0.173168,0.207257,167.5
750,105.5,80,0.207162,0.17339,0.207162,166.572
750,105.5,80,0.207071,0.173618,0.207071,167.034
750,105.5,80,0.206982,0.173846,0.206982,167.072
750,105.5,80,0.206885,0.174064,0.206885,166.208
750,105.5,80,0.206707,0.174357,0.206707,163.352
750,105.5,80,0.206617,0.174601,0.206617,167.296
750,105.5,80,0.20652,0.174817,0.20652,165.964
750,105.5,80,0.206432,0.17503,0.206432,166.397
750,105.5,80,0.206341,0.175257,0.206341,166.663
750,105.5,80,0.206252,0.175463,0.206252,166.109
750,105.5,80,0.206164,0.175675,0.206164,166.303
750,105.5,80,0.20607,0.175881,0.20607,165.532
750,105.5,80,0.205983,0.1761,0.205983,166.54
750,105.5,80,0.205893,0.176323,0.205893,166.399
750,105.5,80,0.205806,0.176551,0.205806,166.661
750,105.5,80,0.205625,0.176772,0.205625,159.345
750,105.5,80,0.205536,0.177044,0.205536,167.469
750,105.5,80,0.205441,0.177286,0.205441,166.322
750,105.5,80,0.205354,0.177497,0.205354,166.023
750,105.5,80,0.205266,0.177711,0.205266,165.906
750,105.5,80,0.205179,0.177931,0.205179,166.182
750,105.5,80,0.205093,0.178136,0.205093,165.71
750,105.5,80,0.205,0.178341,0.205,165.162
750,105.5,80,0.204915,0.178546,0.204915,165.698
750,105.5,80,0.204829,0.178765,0.204829,166.073
750,105.5,80,0.204743,0.178994,0.204743,166.258
750,105.5,80,0.204651,0.179212,0.204651,165.519
750,105.5,80,0.204476,0.179427,0.204476,158.96
750,105.5,80,0.20439,0.17973,0.20439,167.581
750,105.5,80,0.204297,0.180005,0.204297,166.735
750,105.5,80,0.204122,0.180328,0.204122,163.267
750,105.5,80,0.204035,0.180614,0.204035,167.102
750,105.5,80,0.203857,0.180863,0.203857,160.322
750,105.5,80,0.203771,0.181158,0.203771,167.167
750,105.5,80,0.203686,0.181388,0.203686,165.867
750,105.5,80,0.203594,0.181614,0.203594,165.237
750,105.5,80,0.203509,0.181833,0.203509,165.481
750,105.5,80,0.203422,0.182052,0.203422,165.367
750,105.5,80,0.203245,0.182285,0.203245,159.247
750,105.5,80,0.20316,0.182585,0.20316,167.04
750,105.5,80,0.203074,0.182848,0.203074,166.269
750,105.5,80,0.202989,0.183087,0.202989,165.8
750,105.5,80,0.202814,0.183365,0.202814,161.212
750,105.5,80,0.202727,0.183606,0.202727,165.595
750,105.5,80,0.202641,0.183861,0.202641,165.919
750,105.5,80,0.20255,0.184089,0.20255,164.824
750,105.5,80,0.202374,0.184326,0.202374,159.274
750,105.5,80,0.202286,0.184576,0.202286,165.471
750,105.5,80,0.202193,0.184805,0.202193,164.58
750,105.5,80,0.202107,0.185012,0.202107,164.365
750,105.5,80,0.202021,0.185251,0.202021,165.24
750,105.5,80,0.201935,0.185453,0.201935,164.118
750,105.5,80,0.201845,0.185655,0.201845,163.768
750,105.5,80,0.20176,0.185858,0.20176,164.177
750,105.5,80,0.201673,0.18606,0.201673,163.992
750,105.5,80,0.201589,0.18627,0.201589,164.314
750,105.5,80,0.201505,0.186508,0.201505,165.159
750,105.5,80,0.201413,0.186717,0.201413,163.667
750,105.5,80,0.201242,0.186992,0.201242,160.615
750,105.5,80,0.201158,0.187222,0.201158,164.752
750,105.5,80,0.201066,0.187435,0.201066,163.641
750,105.5,80,0.20098,0.187642,0.20098,163.882
750,105.5,80,0.200893,0.187844,0.200893,163.544
750,105.5,80,0.200808,0.188045,0.200808,163.617
750,105.5,80,0.200714,0.188252,0.200714,163.105
750,105.5,80,0.200627,0.188452,0.200627,163.384
750,105.5,80,0.200538,0.188654,0.200538,163.214
750,105.5,80,0.200444,0.188854,0.200444,162.783
750,105.5,80,0.200356,0.189061,0.200356,163.402
750,105.5,80,0.200269,0.189261,0.200269,163.17
750,105.5,80,0.200181,0.189462,0.200181,163.126
750,105.5,80,0.200088,0.189665,0.200088,162.724
750,105.5,80,0.199998,0.189866,0.199998,162.879
750,105.5,80,0.199911,0.190066,0.199911,163.001
750,105.5,80,0.199825,0.190285,0.199825,163.723
750,105.5,80,0.199735,0.190485,0.199735,162.707
750,105.5,80,0.199642,0.190695,0.199642,162.696
750,105.5,80,0.199555,0.190895,0.199555,162.938
750,105.5,80,0.199469,0.191131,0.199469,163.961
750,105.5,80,0.19929,0.191413,0.19929,159.517
750,105.5,80,0.199202,0.19163,0.199202,163.173
750,105.5,80,0.199114,0.191829,0.199114,162.549
750,105.5,80,0.199028,0.192067,0.199028,163.767
750,105.5,80,0.19894,0.192273,0.19894,162.692
750,105.5,80,0.198849,0.192492,0.198849,162.833
750,105.5,80,0.19876,0.192691,0.19876,162.259
750,105.5,80,0.198674,0.192909,0.198674,163.082
750,105.5,80,0.198491,0.193126,0.198491,155.93
750,105.5,80,0.198404,0.19339,0.198404,163.941
750,105.5,80,0.198317,0.193608,0.198317,162.877
750,105.5,80,0.19823,0.193809,0.19823,162.196
750,105.5,80,0.19814,0.194008,0.19814,161.926
750,105.5,80,0.198045,0.194211,0.198045,161.61
750,105.5,80,0.197959,0.194409,0.197959,162.074
750,105.5,80,0.197872,0.194614,0.197872,162.211
750,105.5,80,0.197785,0.194827,0.197785,162.472
750,105.5,80,0.197691,0.195061,0.197691,162.487
750,105.5,80,0.197606,0.195268,0.197606,162.307
750,105.5,80,0.197449,0.195474,0.197449,156.705
750,105.5,80,0.197362,0.195747,0.197362,163.63
750,105.5,80,0.197267,0.195984,0.197267,162.338
750,105.5,80,0.19718,0.196189,0.19718,161.836
750,105.5,80,0.197092,0.196397,0.197092,161.864
750,105.5,80,0.197003,0.196594,0.197003,161.403
750,105.5,80,0.19691,0.196794,0.19691,161.107
750,105.5,80,0.196826,0.196995,0.196826,161.858
750,105.5,80,0.196743,0.197193,0.196743,161.733
750,105.5,80,0.196659,0.197389,0.196659,161.606
750,105.5,80,0.196571,0.197588,0.196571,161.28
750,105.5,80,0.196488,0.197784,0.196488,161.555
750,105.5,80,0.196403,0.197985,0.196403,161.576
750,105.5,80,0.196317,0.198182,0.196317,161.283
750,105.5,80,0.196223,0.198405,0.196223,161.513
750,105.5,80,0.196141,0.198602,0.196141,161.471
750,105.5,80,0.196054,0.198802,0.196054,161.169
750,105.5,80,0.195968,0.199004,0.195968,161.295
750,105.5,80,0.195789,0.199226,0.195789,155.32
750,105.5,80,0.195703,0.199484,0.195703,162.586
750,105.5,80,0.195616,0.199709,0.195616,161.732
750,105.5,80,0.195529,0.199906,0.195529,160.868
750,105.5,80,0.195436,0.200115,0.195436,160.705
750,105.5,80,0.195349,0.200311,0.195349,160.716
750,105.5,80,0.195263,0.200509,0.195263,160.783
750,105.5,80,0.195176,0.200715,0.195176,160.958
750,105.5,80,0.195082,0.20091,0.195082,160.024
750,105.5,80,0.194978,0.201105,0.194978,159.068
750,105.5,80,0.19489,0.2013,0.19489,160.414
750,105.5,80,0.194803,0.201495,0.194803,160.398
750,105.5,80,0.19471,0.201697,0.19471,160.171
750,105.5,80,0.194625,0.201892,0.194625,160.413
750,105.5,80,0.19454,0.202086,0.19454,160.428
750,105.5,80,0.194453,0.202281,0.194453,160.207
750,105.5,80,0.194357,0.202477,0.194357,159.561
750,105.5,80,0.194255,0.202671,0.194255,158.944
750,105.5,80,0.194182,0.202875,0.194182,161.457
750,105.5,80,0.19408,0.203078,0.19408,159.213
750,105.5,80,0.193984,0.203287,0.193984,159.794
750,105.5,80,0.193809,0.203498,0.193809,153.923
750,105.5,80,0.193721,0.203761,0.193721,161.613
750,105.5,80,0.193626,0.203978,0.193626,159.917
750,105.5,80,0.193538,0.204183,0.193538,160.049
750,105.5,80,0.19345,0.204376,0.19345,159.63
750,105.5,80,0.193363,0.204571,0.193363,159.694
750,105.5,80,0.193267,0.204765,0.193267,158.92
750,105.5,80,0.19318,0.204968,0.19318,159.849
750,105.5,80,0.193093,0.205165,0.193093,159.675
750,105.5,80,0.193006,0.205369,0.193006,159.795
750,105.5,80,0.192917,0.205565,0.192917,159.395
750,105.5,80,0.192823,0.20578,0.192823,159.625
750,105.5,80,0.192825,0.205995,0.192825,166.43
750,105.5,80,0.192649,0.206213,0.192649,153.833
750,105.5,80,0.192554,0.206405,0.192554,158.631
750,105.5,80,0.192467,0.206654,0.192467,160.769
750,105.5,80,0.192379,0.206872,0.192379,159.871
750,105.5,80,0.192283,0.207068,0.192283,158.515
750,105.5,80,0.192193,0.207261,0.192193,158.87
750,105.5,80,0.192104,0.207458,0.192104,159.029
750,105.5,80,0.192011,0.207652,0.192011,158.552
750,105.5,80,0.191912,0.207902,0.191912,159.798
750,105.5,80,0.19182,0.2081,0.19182,158.65
750,105.5,80,0.191637,0.208316,0.191637,152.749
750,105.5,80,0.191545,0.208566,0.191545,160.019
750,105.5,80,0.191448,0.208789,0.191448,158.964
750,105.5,80,0.191359,0.208989,0.191359,158.695
750,105.5,80,0.19127,0.209188,0.19127,158.726
750,105.5,80,0.191179,0.209379,0.191179,158.192
750,105.5,80,0.191084,0.20958,0.191084,158.167
750,105.5,80,0.190995,0.209772,0.190995,158.333
750,105.5,80,0.190907,0.209982,0.190907,158.927
750,105.5,80,0.19082,0.210173,0.19082,158.298
750,105.5,80,0.190722,0.210379,0.190722,158.044
750,105.5,80,0.190633,0.210577,0.190633,158.318
750,105.5,80,0.190457,0.210798,0.190457,152.915
750,105.5,80,0.190362,0.211053,0.190362,159.398
750,105.5,80,0.190275,0.211263,0.190275,158.633
750,105.5,80,0.190186,0.211453,0.190186,157.899
750,105.5,80,0.190092,0.211662,0.190092,158.036
750,105.5,80,0.190001,0.211852,0.190001,157.522
750,105.5,80,0.18991,0.212042,0.18991,157.575
750,105.5,80,0.189819,0.212232,0.189819,157.497
750,105.5,80,0.189724,0.212473,0.189724,158.694
750,105.5,80,0.189633,0.212669,0.189633,157.614
750,105.5,80,0.189455,0.212872,0.189455,151.271
750,105.5,80,0.18936,0.213126,0.18936,158.858
750,105.5,80,0.189271,0.213354,0.189271,158.547
750,105.5,80,0.189183,0.213544,0.189183,157.333
750,105.5,80,0.189094,0.213734,0.189094,157.33
750,105.5,80,0.189,0.213923,0.189,156.782
750,105.5,80,0.18891,0.214118,0.18891,157.295
750,105.5,80,0.188821,0.214307,0.188821,157.174
750,105.5,80,0.188733,0.214502,0.188733,157.348
750,105.5,80,0.18864,0.214693,0.18864,156.724
750,105.5,80,0.18855,0.214882,0.18855,156.916
750,105.5,80,0.188462,0.21507,0.188462,156.978
750,105.5,80,0.188374,0.21526,0.188374,156.989
750,105.5,80,0.188281,0.215448,0.188281,156.526
750,105.5,80,0.188193,0.215636,0.188193,156.86
750,105.5,80,0.188103,0.215825,0.188103,156.666
750,105.5,80,0.188014,0.216013,0.188014,156.689
750,105.5,80,0.187919,0.216201,0.187919,156.17
750,105.5,80,0.187829,0.216394,0.187829,156.703
750,105.5,80,0.187738,0.216582,0.187738,156.365
750,105.5,80,0.187649,0.216771,0.187649,156.503
750,105.5,80,0.187559,0.216958,0.187559,156.364
750,105.5,80,0.187463,0.217146,0.187463,155.824
750,105.5,80,0.187371,0.217333,0.187371,156.096
750,105.5,80,0.187281,0.217521,0.187281,156.241
750,105.5,80,0.187193,0.217708,0.187193,156.311
750,105.5,80,0.187097,0.217897,0.187097,155.74
750,105.5,80,0.187009,0.218084,0.187009,156.19
750,105.5,80,0.186919,0.218271,0.186919,156.056
750,105.5,80,0.186832,0.218458,0.186832,156.211
750,105.5,80,0.186737,0.218645,0.186737,155.545
750,105.5,80,0.186649,0.218832,0.186649,156.027
750,105.5,80,0.18656,0.21903,0.18656,156.293
750,105.5,80,0.186466,0.21923,0.186466,155.977
750,105.5,80,0.186378,0.219436,0.186378,156.558
750,105.5,80,0.186288,0.219626,0.186288,155.849
750,105.5,80,0.186106,0.219888,0.186106,152.428
750,105.5,80,0.186018,0.220104,0.186018,156.659
750,105.5,80,0.18593,0.220309,0.18593,156.307
750,105.5,80,0.18584,0.220498,0.18584,155.566
750,105.5,80,0.185745,0.220687,0.185745,155.105
750,105.5,80,0.185657,0.220878,0.185657,155.744
750,105.5,80,0.185568,0.221073,0.185568,155.703
750,105.5,80,0.185478,0.221258,0.185478,155.208
750,105.5,80,0.185389,0.221454,0.185389,155.664
750,105.5,80,0.185295,0.221663,0.185295,155.693
750,105.5,80,0.185116,0.221911,0.185116,151.601
750,105.5,80,0.185028,0.222142,0.185028,156.561
750,105.5,80,0.184934,0.222337,0.184934,155.057
750,105.5,80,0.184846,0.222522,0.184846,155.047
750,105.5,80,0.184757,0.222712,0.184757,155.132
750,105.5,80,0.184669,0.222897,0.184669,155.016
750,105.5,80,0.184577,0.223084,0.184577,154.706
750,105.5,80,0.184491,0.223269,0.184491,155.028
750,105.5,80,0.184404,0.223467,0.184404,155.382
750,105.5,80,0.184231,0.2237,0.184231,150.809
750,105.5,80,0.184136,0.223963,0.184136,156.428
750,105.5,80,0.184046,0.224157,0.184046,154.893
750,105.5,80,0.183959,0.224346,0.183959,154.884
750,105.5,80,0.183875,0.224532,0.183875,154.887
750,105.5,80,0.183783,0.224752,0.183783,155.401
750,105.5,80,0.183696,0.224954,0.183696,155.18
750,105.5,80,0.18361,0.225155,0.18361,155.159
750,105.5,80,0.183431,0.225359,0.183431,148.532
750,105.5,80,0.183344,0.225626,0.183344,156.527
750,105.5,80,0.183255,0.225823,0.183255,154.665
750,105.5,80,0.183168,0.226049,0.183168,155.576
750,105.5,80,0.183075,0.226245,0.183075,154.221
750,105.5,80,0.182899,0.226452,0.182899,148.626
750,105.5,80,0.182808,0.226694,0.182808,155.504
750,105.5,80,0.182723,0.226906,0.182723,155.128
750,105.5,80,0.182637,0.227094,0.182637,154.22
750,105.5,80,0.182552,0.227287,0.182552,154.478
750,105.5,80,0.182469,0.22747,0.182469,154.209
750,105.5,80,0.182374,0.227664,0.182374,153.703
750,105.5,80,0.182292,0.227858,0.182292,154.574
750,105.5,80,0.182202,0.228052,0.182202,153.977
750,105.5,80,0.182112,0.228265,0.182112,154.502
750,105.5,80,0.181942,0.228541,0.181942,151.613
750,105.5,80,0.181855,0.228738,0.181855,154.079
750,105.5,80,0.181771,0.228926,0.181771,153.941
750,105.5,80,0.181678,0.229124,0.181678,153.663
750,105.5,80,0.181592,0.229337,0.181592,154.492
750,105.5,80,0.181503,0.229537,0.181503,153.88
750,105.5,80,0.181321,0.229791,0.181321,149.83
750,105.5,80,0.181231,0.230003,0.181231,154.081
750,105.5,80,0.18114,0.23019,0.18114,153.043
750,105.5,80,0.181052,0.230385,0.181052,153.593
750,105.5,80,0.180951,0.230573,0.180951,152.261
750,105.5,80,0.180861,0.230754,0.180861,152.819
750,105.5,80,0.180767,0.23095,0.180767,152.973
750,105.5,80,0.180676,0.23114,0.180676,152.981
750,105.5,80,0.180485,0.231345,0.180485,146.34
750,105.5,80,0.180392,0.23159,0.180392,154.238
750,105.5,80,0.180317,0.231795,0.180317,154.43
750,105.5,80,0.180215,0.231981,0.180215,151.721
750,105.5,80,0.180122,0.23217,0.180122,152.471
750,105.5,80,0.180029,0.232352,0.180029,152.149
750,105.5,80,0.179938,0.232535,0.179938,152.359
750,105.5,80,0.179838,0.232727,0.179838,151.906
750,105.5,80,0.179746,0.232916,0.179746,152.434
750,105.5,80,0.179656,0.233096,0.179656,152.071
750,105.5,80,0.179567,0.233314,0.179567,153.457
750,105.5,80,0.179364,0.233562,0.179364,147.396
750,105.5,80,0.179274,0.233792,0.179274,153.538
750,105.5,80,0.179184,0.233991,0.179184,152.599
750,105.5,80,0.179086,0.234199,0.179086,152.256
750,105.5,80,0.178995,0.234382,0.178995,151.829
750,105.5,80,0.178797,0.234653,0.178797,148.448
750,105.5,80,0.178698,0.234849,0.178698,151.535
750,105.5,80,0.178604,0.235038,0.178604,151.631
750,105.5,80,0.17851,0.235217,0.17851,151.24
750,105.5,80,0.178417,0.235397,0.178417,151.297
750,105.5,80,0.178316,0.235575,0.178316,150.438
750,105.5,80,0.17822,0.235759,0.17822,151.148
750,105.5,80,0.178126,0.235943,0.178126,151.141
750,105.5,80,0.178033,0.236129,0.178033,151.355
750,105.5,80,0.177932,0.236307,0.177932,150.283
750,105.5,80,0.17784,0.236513,0.17784,151.971
750,105.5,80,0.177747,0.2367,0.177747,151.23
750,105.5,80,0.177558,0.236901,0.177558,144.789
750,105.5,80,0.177466,0.237135,0.177466,152.573
750,105.5,80,0.177471,0.237342,0.177471,158.475
750,105.5,80,0.177383,0.237528,0.177383,151.356
750,105.5,80,0.177292,0.237719,0.177292,151.308
750,105.5,80,0.177196,0.237896,0.177196,150.268
750,105.5,80,0.177107,0.238096,0.177107,151.688
750,105.5,80,0.177022,0.238287,0.177022,151.576
750,105.5,80,0.176844,0.238503,0.176844,146.103
750,105.5,80,0.176757,0.238745,0.176757,152.689
750,105.5,80,0.17667,0.238946,0.17667,151.593
750,105.5,80,0.176581,0.239122,0.176581,150.531
750,105.5,80,0.176483,0.239311,0.176483,150.326
750,105.5,80,0.176395,0.239513,0.176395,151.355
750,105.5,80,0.176222,0.239782,0.176222,148.412
750,105.5,80,0.176129,0.239989,0.176129,151.083
750,105.5,80,0.176043,0.240199,0.176043,151.652
750,105.5,80,0.17596,0.240408,0.17596,151.7
750,105.5,80,0.175782,0.240661,0.175782,147.353
750,105.5,80,0.175698,0.24087,0.175698,151.513
750,105.5,80,0.175615,0.241059,0.175615,150.946
750,105.5,80,0.175531,0.241272,0.175531,151.551
750,105.5,80,0.175439,0.241463,0.175439,150.319
750,105.5,80,0.175272,0.241658,0.175272,144.961
750,105.5,80,0.175188,0.241897,0.175188,152.018
750,105.5,80,0.175104,0.242095,0.175104,150.87
750,105.5,80,0.175014,0.242286,0.175014,150.236
750,105.5,80,0.174931,0.242472,0.174931,150.533
750,105.5,80,0.174846,0.242671,0.174846,150.752
750,105.5,80,0.174752,0.242858,0.174752,149.723
750,105.5,80,0.174581,0.243109,0.174581,147.02
750,105.5,80,0.174494,0.243318,0.174494,150.736
750,105.5,80,0.1744,0.243524,0.1744,150.122
750,105.5,80,0.174313,0.243708,0.174313,149.86
750,105.5,80,0.174226,0.243906,0.174226,150.305
750,105.5,80,0.174046,0.244095,0.174046,142.973
750,105.5,80,0.173959,0.244354,0.173959,151.568
750,105.5,80,0.173871,0.244537,0.173871,149.569
750,105.5,80,0.173785,0.24473,0.173785,149.944
750,105.5,80,0.17369,0.24494,0.17369,149.849
750,105.5,80,0.173604,0.245133,0.173604,149.817
750,105.5,80,0.173432,0.245317,0.173432,143.011
750,105.5,80,0.173345,0.245575,0.173345,151.239
750,105.5,80,0.17325,0.245754,0.17325,148.538
750,105.5,80,0.173165,0.245969,0.173165,150.317
750,105.5,80,0.172991,0.24618,0.172991,144.299
750,105.5,80,0.172897,0.246441,0.172897,150.705
750,105.5,80,0.172812,0.246633,0.172812,149.494
750,105.5,80,0.172725,0.246849,0.172725,150.04
750,105.5,80,0.172544,0.247053,0.172544,143.213
750,105.5,80,0.172457,0.247299,0.172457,150.569
750,105.5,80,0.172369,0.247501,0.172369,149.375
750,105.5,80,0.172273,0.247713,0.172273,149.095
750,105.5,80,0.172091,0.247975,0.172091,145.656
750,105.5,80,0.171999,0.248188,0.171999,149.237
750,105.5,80,0.171907,0.248381,0.171907,148.607
750,105.5,80,0.171717,0.248652,0.171717,145.404
750,105.5,80,0.171625,0.248853,0.171625,148.679
750,105.5,80,0.171525,0.249067,0.171525,148.514
750,105.5,80,0.171337,0.249276,0.171337,142.436
750,105.5,80,0.171244,0.249536,0.171244,149.849
750,105.5,80,0.171148,0.249729,0.171148,147.922
750,105.5,80,0.171045,0.249921,0.171045,147.322
750,105.5,80,0.170951,0.250107,0.170951,147.638
750,105.5,80,0.170758,0.250353,0.170758,143.779
750,105.5,80,0.170654,0.250562,0.170654,147.666
750,105.5,80,0.17056,0.25077,0.17056,148.157
750,105.5,80,0.170357,0.250977,0.170357,140.928
750,105.5,80,0.170259,0.251222,0.170259,148.72
750,105.5,80,0.17016,0.251425,0.17016,147.538
750,105.5,80,0.170062,0.25164,0.170062,147.895
750,105.5,80,0.169857,0.251913,0.169857,143.771
750,105.5,80,0.169759,0.252129,0.169759,147.754
750,105.5,80,0.169555,0.252331,0.169555,140.085
750,105.5,80,0.169456,0.25259,0.169456,148.571
750,105.5,80,0.169358,0.252807,0.169358,147.574
750,105.5,80,0.169257,0.252998,0.169257,146.453
750,105.5,80,0.169046,0.253181,0.169046,137.911
750,105.5,80,0.168947,0.253411,0.168947,147.572
750,105.5,80,0.168845,0.25365,0.168845,147.677
750,105.5,80,0.168639,0.253858,0.168639,139.889
750,105.5,80,0.168542,0.254108,0.168542,147.988
750,105.5,80,0.168443,0.25429,0.168443,145.772
750,105.5,80,0.168345,0.254477,0.168345,146.098
750,105.5,80,0.168241,0.254678,0.168241,146.092
750,105.5,80,0.168052,0.254935,0.168052,143.039
750,105.5,80,0.167956,0.255137,0.167956,146.478
750,105.5,80,0.167852,0.255333,0.167852,145.685
750,105.5,80,0.167661,0.2556,0.167661,143.153
750,105.5,80,0.167566,0.2558,0.167566,146.261
750,105.5,80,0.167462,0.256018,0.167462,146.231
750,105.5,80,0.167272,0.256217,0.167272,139.649
750,105.5,80,0.167166,0.256447,0.167166,146.326
750,105.5,80,0.16707,0.256647,0.16707,145.958
750,105.5,80,0.16688,0.256874,0.16688,141.023
750,105.5,80,0.166783,0.257106,0.166783,146.671
750,105.5,80,0.166679,0.257298,0.166679,144.916
750,105.5,80,0.166584,0.257465,0.166584,144.535
750,105.5,80,0.166488,0.257656,0.166488,145.35
750,105.5,80,0.166287,0.257872,0.166287,139.535
750,105.5,80,0.166191,0.258115,0.166191,146.612
750,105.5,80,0.166095,0.2583,0.166095,144.92
750,105.5,80,0.16589,0.258631,0.16589,143.495
750,105.5,80,0.165796,0.258843,0.165796,145.79
750,105.5,80,0.165601,0.259078,0.165601,140.542
750,105.5,80,0.165498,0.259287,0.165498,144.894
750,105.5,80,0.165403,0.259477,0.165403,144.871
750,105.5,80,0.165308,0.259672,0.165308,144.9
750,105.5,80,0.165109,0.259927,0.165109,140.949
750,105.5,80,0.165016,0.260109,0.165016,144.476
750,105.5,80,0.164921,0.260288,0.164921,144.149
750,105.5,80,0.164817,0.260502,0.164817,144.687
750,105.5,80,0.164628,0.260741,0.164628,140.569
750,105.5,80,0.164534,0.260926,0.164534,144.195
750,105.5,80,0.164437,0.261097,0.164437,143.44
750,105.5,80,0.164336,0.261262,0.164336,142.748
750,105.5,80,0.16424,0.26143,0.16424,143.278
750,105.5,80,0.164125,0.261603,0.164125,141.939
750,105.5,80,0.164027,0.261788,0.164027,143.741
750,105.5,80,0.163923,0.261963,0.163923,142.713
750,105.5,80,0.163827,0.262157,0.163827,144.034
750,105.5,80,0.163631,0.262379,0.163631,138.879
750,105.5,80,0.163534,0.262579,0.163534,143.992
750,105.5,80,0.16343,0.262798,0.16343,144.127
750,105.5,80,0.163234,0.263051,0.163234,140.078
750,105.5,80,0.163138,0.263231,0.163138,143.134
750,105.5,80,0.163031,0.263432,0.163031,143.147
750,105.5,80,0.162848,0.263683,0.162848,140.426
750,105.5,80,0.16275,0.263904,0.16275,144.122
750,105.5,80,0.162643,0.264106,0.162643,142.957
750,105.5,80,0.162428,0.264359,0.162428,138.704
750,105.5,80,0.162321,0.264551,0.162321,142.392
750,105.5,80,0.162121,0.264761,0.162121,137.175
750,105.5,80,0.162021,0.264981,0.162021,143.556
750,105.5,80,0.161912,0.265174,0.161912,142.121
750,105.5,80,0.161812,0.265362,0.161812,142.414
750,105.5,80,0.161606,0.265569,0.161606,136.371
750,105.5,80,0.161496,0.265794,0.161496,142.853
750,105.5,80,0.161397,0.265999,0.161397,142.92
750,105.5,80,0.161297,0.266178,0.161297,141.791
750,105.5,80,0.161201,0.266371,0.161201,142.595
750,105.5,80,0.161094,0.266546,0.161094,141.079
750,105.5,80,0.160993,0.266773,0.160993,143.178
750,105.5,80,0.160892,0.266963,0.160892,141.955
750,105.5,80,0.160792,0.267161,0.160792,142.307
750,105.5,80,0.160581,0.267347,0.160581,134.058
750,105.5,80,0.160476,0.26758,0.160476,142.794
750,105.5,80,0.16037,0.267768,0.16037,141.291
750,105.5,80,0.160256,0.267964,0.160256,141.033
750,105.5,80,0.160042,0.268147,0.160042,133.322
750,105.5,80,0.159934,0.268378,0.159934,142.325
750,105.5,80,0.159829,0.268556,0.159829,140.611
750,105.5,80,0.159713,0.268752,0.159713,140.639
750,105.5,80,0.159498,0.268946,0.159498,133.801
750,105.5,80,0.15939,0.269162,0.15939,141.572
750,105.5,80,0.159277,0.269337,0.159277,139.634
750,105.5,80,0.159171,0.269568,0.159171,141.976
750,105.5,80,0.158959,0.269736,0.158959,131.657
750,105.5,80,0.158847,0.269962,0.158847,141.341
750,105.5,80,0.158741,0.270128,0.158741,139.441
750,105.5,80,0.158636,0.27031,0.158636,140.188
750,105.5,80,0.158531,0.270488,0.158531,139.895
750,105.5,80,0.158308,0.270686,0.158308,133.028
750,105.5,80,0.158201,0.27091,0.158201,141.182
750,105.5,80,0.158087,0.271092,0.158087,139.234
750,105.5,80,0.157982,0.271265,0.157982,139.427
750,105.5,80,0.157875,0.271462,0.157875,140.206
750,105.5,80,0.157658,0.271682,0.157658,134.44
750,105.5,80,0.157541,0.271876,0.157541,139.272
750,105.5,80,0.157435,0.272051,0.157435,139.146
750,105.5,80,0.157325,0.272246,0.157325,139.639
750,105.5,80,0.1571,0.272505,0.1571,135.607
750,105.5,80,0.156992,0.272674,0.156992,138.548
750,105.5,80,0.156883,0.272838,0.156883,138.041
750,105.5,80,0.156775,0.273016,0.156775,138.82
750,105.5,80,0.156659,0.273178,0.156659,137.32
750,105.5,80,0.156443,0.27336,0.156443,131.276
750,105.5,80,0.156334,0.273574,0.156334,139.768
750,105.5,80,0.156216,0.273743,0.156216,137.368
750,105.5,80,0.156109,0.273899,0.156109,137.404
750,105.5,80,0.156,0.274062,0.156,137.52
750,105.5,80,0.155888,0.274218,0.155888,136.938
750,105.5,80,0.15577,0.274403,0.15577,137.828
750,105.5,80,0.155662,0.274574,0.155662,137.845
750,105.5,80,0.155552,0.274743,0.155552,137.508
750,105.5,80,0.155326,0.274909,0.155326,128.595
750,105.5,80,0.155217,0.275119,0.155217,139.045
750,105.5,80,0.155106,0.275301,0.155106,137.797
750,105.5,80,0.154993,0.275463,0.154993,136.674
750,105.5,80,0.154881,0.27562,0.154881,136.363
750,105.5,80,0.154763,0.275779,0.154763,135.95
750,105.5,80,0.15465,0.275934,0.15465,136.132
750,105.5,80,0.154541,0.276107,0.154541,137.223
750,105.5,80,0.154432,0.276283,0.154432,137.314
750,105.5,80,0.154206,0.276461,0.154206,129.155
750,105.5,80,0.154096,0.276669,0.154096,138.242
750,105.5,80,0.153985,0.276841,0.153985,136.748
750,105.5,80,0.153866,0.277,0.153866,135.398
750,105.5,80,0.153753,0.277203,0.153753,137.719
750,105.5,80,0.153527,0.277381,0.153527,128.867
750,105.5,80,0.153408,0.277594,0.153408,137.469
750,105.5,80,0.153296,0.277765,0.153296,136.222
750,105.5,80,0.153181,0.27795,0.153181,136.602
750,105.5,80,0.153058,0.278123,0.153058,135.447
750,105.5,80,0.152829,0.278365,0.152829,132.413
750,105.5,80,0.152712,0.278539,0.152712,135.714
750,105.5,80,0.152598,0.278729,0.152598,136.534
750,105.5,80,0.152362,0.278912,0.152362,127.948
750,105.5,80,0.152247,0.279128,0.152247,137.116
750,105.5,80,0.152132,0.279292,0.152132,135.037
750,105.5,80,0.15201,0.279474,0.15201,135.353
750,105.5,80,0.151895,0.27965,0.151895,135.466
750,105.5,80,0.151662,0.279877,0.151662,130.817
750,105.5,80,0.151548,0.280051,0.151548,135.243
750,105.5,80,0.151421,0.280219,0.151421,134.049
750,105.5,80,0.151305,0.280391,0.151305,134.881
750,105.5,80,0.151063,0.280578,0.151063,127.281
750,105.5,80,0.150943,0.28078,0.150943,135.647
750,105.5,80,0.150825,0.280949,0.150825,134.349
750,105.5,80,0.150706,0.281102,0.150706,133.32
750,105.5,80,0.15058,0.281254,0.15058,132.634
750,105.5,80,0.150461,0.281405,0.150461,133.032
750,105.5,80,0.150341,0.281576,0.150341,134.046
750,105.5,80,0.150223,0.281733,0.150223,133.331
750,105.5,80,0.150107,0.281907,0.150107,134.253
750,105.5,80,0.149866,0.28208,0.149866,125.533
750,105.5,80,0.149751,0.282294,0.149751,135.636
750,105.5,80,0.149626,0.282462,0.149626,133.127
750,105.5,80,0.149512,0.282652,0.149512,134.771
750,105.5,80,0.149276,0.282828,0.149276,125.76
750,105.5,80,0.149158,0.283032,0.149158,134.862
750,105.5,80,0.149029,0.283209,0.149029,132.981
750,105.5,80,0.148909,0.283395,0.148909,133.88
750,105.5,80,0.148666,0.283577,0.148666,125.477
750,105.5,80,0.148547,0.283787,0.148547,134.652
750,105.5,80,0.148428,0.283946,0.148428,132.384
750,105.5,80,0.148308,0.284115,0.148308,132.761
750,105.5,80,0.14819,0.28429,0.14819,133.167
750,105.5,80,0.147943,0.284475,0.147943,125.085
750,105.5,80,0.147823,0.284679,0.147823,133.962
750,105.5,80,0.147706,0.28485,0.147706,132.754
750,105.5,80,0.147579,0.285012,0.147579,131.531
750,105.5,80,0.147341,0.285196,0.147341,125.348
750,105.5,80,0.147226,0.285391,0.147226,133.569
750,105.5,80,0.147093,0.28556,0.147093,131.161
750,105.5,80,0.146971,0.285708,0.146971,130.652
750,105.5,80,0.146854,0.28588,0.146854,132.333
750,105.5,80,0.146736,0.286053,0.146736,132.219
750,105.5,80,0.146489,0.28628,0.146489,127.341
750,105.5,80,0.14637,0.286451,0.14637,131.8
750,105.5,80,0.146244,0.286623,0.146244,131.385
750,105.5,80,0.146126,0.286788,0.146126,131.473
750,105.5,80,0.145886,0.287,0.145886,126.476
750,105.5,80,0.145759,0.28717,0.145759,130.955
750,105.5,80,0.14564,0.287341,0.14564,131.417
750,105.5,80,0.145522,0.287509,0.145522,131.247
750,105.5,80,0.145276,0.28768,0.145276,122.628
750,105.5,80,0.145157,0.287879,0.145157,132.258
750,105.5,80,0.145037,0.288061,0.145037,131.531
750,105.5,80,0.144886,0.288229,0.144886,128.632
750,105.5,80,0.144643,0.288402,0.144643,122.763
750,105.5,80,0.144523,0.288597,0.144523,131.652
750,105.5,80,0.144391,0.288775,0.144391,130.237
750,105.5,80,0.144276,0.288923,0.144276,129.701
750,105.5,80,0.144153,0.289098,0.144153,130.495
750,105.5,80,0.143912,0.289275,0.143912,122.787
750,105.5,80,0.143786,0.289468,0.143786,130.871
750,105.5,80,0.143667,0.289635,0.143667,130.143
750,105.5,80,0.143549,0.289817,0.143549,130.742
750,105.5,80,0.143312,0.289982,0.143312,121.673
750,105.5,80,0.143184,0.290196,0.143184,131.135
750,105.5,80,0.143065,0.290354,0.143065,129.359
750,105.5,80,0.142965,0.290538,0.142965,131.644
750,105.5,80,0.142719,0.290749,0.142719,124.407
750,105.5,80,0.142598,0.290911,0.142598,129.172
750,105.5,80,0.142479,0.291054,0.142479,128.065
750,105.5,80,0.142333,0.291203,0.142333,126.247
750,105.5,80,0.142212,0.291349,0.142212,128.001
750,105.5,80,0.142092,0.291527,0.142092,129.629
750,105.5,80,0.141848,0.291693,0.141848,120.545
750,105.5,80,0.141734,0.291879,0.141734,130.135
750,105.5,80,0.141617,0.292045,0.141617,129.019
750,105.5,80,0.1415,0.292209,0.1415,128.918
750,105.5,80,0.141375,0.292357,0.141375,127.331
750,105.5,80,0.141261,0.292514,0.141261,128.554
750,105.5,80,0.141145,0.292669,0.141145,128.325
750,105.5,80,0.140918,0.29284,0.140918,121.615
750,105.5,80,0.140796,0.293018,0.140796,128.796
750,105.5,80,0.140682,0.293183,0.140682,128.685
750,105.5,80,0.140685,0.293338,0.140685,136.67
750,105.5,80,0.140571,0.293502,0.140571,128.57
750,105.5,80,0.140458,0.293658,0.140458,128.143
750,105.5,80,0.140215,0.293855,0.140215,122.373
750,105.5,80,0.140099,0.294023,0.140099,128.361
750,105.5,80,0.139975,0.294186,0.139975,127.482
750,105.5,80,0.139856,0.29434,0.139856,127.311
750,105.5,80,0.139734,0.294503,0.139734,127.523
750,105.5,80,0.139482,0.294703,0.139482,121.661
750,105.5,80,0.139361,0.294883,0.139361,128.124
750,105.5,80,0.139241,0.295047,0.139241,127.387
750,105.5,80,0.138996,0.295247,0.138996,121.775
750,105.5,80,0.138877,0.295405,0.138877,126.987
750,105.5,80,0.138758,0.295565,0.138758,126.991
750,105.5,80,0.138638,0.295726,0.138638,126.869
750,105.5,80,0.138512,0.295873,0.138512,125.675
750,105.5,80,0.138394,0.296014,0.138394,125.718
750,105.5,80,0.138147,0.29617,0.138147,117.297
750,105.5,80,0.13803,0.296363,0.13803,128.115
750,105.5,80,0.137911,0.296512,0.137911,125.904
750,105.5,80,0.137791,0.296661,0.137791,125.717
750,105.5,80,0.137669,0.296807,0.137669,125.419
750,105.5,80,0.13754,0.296945,0.13754,124.163
750,105.5,80,0.13742,0.29709,0.13742,125.326
750,105.5,80,0.1373,0.29723,0.1373,124.931
750,105.5,80,0.137057,0.297481,0.137057,123.528
750,105.5,80,0.136939,0.29766,0.136939,126.928
750,105.5,80,0.136704,0.297862,0.136704,121.214
750,105.5,80,0.136578,0.298076,0.136578,127.442
750,105.5,80,0.136344,0.298295,0.136344,122.078
750,105.5,80,0.136227,0.298437,0.136227,124.672
750,105.5,80,0.136102,0.29858,0.136102,124.114
750,105.5,80,0.135985,0.29875,0.135985,125.996
750,105.5,80,0.13574,0.298908,0.13574,116.486
750,105.5,80,0.135624,0.299087,0.135624,126.29
750,105.5,80,0.135508,0.29924,0.135508,124.924
750,105.5,80,0.135391,0.299376,0.135391,123.802
750,105.5,80,0.135273,0.299515,0.135273,123.889
750,105.5,80,0.135148,0.299653,0.135148,123.171
750,105.5,80,0.135035,0.299801,0.135035,124.643
750,105.5,80,0.13492,0.299943,0.13492,124.139
750,105.5,80,0.134808,0.300106,0.134808,125.343
750,105.5,80,0.134577,0.300254,0.134577,115.802
750,105.5,80,0.134465,0.300446,0.134465,126.244
750,105.5,80,0.13434,0.30059,0.13434,123.159
750,105.5,80,0.134227,0.300739,0.134227,124.25
750,105.5,80,0.134112,0.300873,0.134112,123.108
750,105.5,80,0.133997,0.301012,0.133997,123.388
750,105.5,80,0.133881,0.301146,0.133881,122.88
750,105.5,80,0.133758,0.301282,0.133758,122.48
750,105.5,80,0.133643,0.301421,0.133643,123.166
750,105.5,80,0.133527,0.301568,0.133527,123.521
750,105.5,80,0.133412,0.301708,0.133412,123.124
750,105.5,80,0.133173,0.301858,0.133173,114.784
750,105.5,80,0.133057,0.302031,0.133057,124.478
750,105.5,80,0.132942,0.302195,0.132942,124.139
750,105.5,80,0.132829,0.302333,0.132829,122.825
750,105.5,80,0.132707,0.302472,0.132707,122.129
750,105.5,80,0.132594,0.302604,0.132594,122.284
750,105.5,80,0.132482,0.302741,0.132482,122.611
750,105.5,80,0.132372,0.302873,0.132372,122.484
750,105.5,80,0.132252,0.303011,0.132252,121.941
750,105.5,80,0.132142,0.303163,0.132142,123.384
750,105.5,80,0.132052,0.303309,0.132052,124.545
750,105.5,80,0.1318,0.303488,0.1318,116.026
750,105.5,80,0.131687,0.303648,0.131687,123.356
750,105.5,80,0.131575,0.303792,0.131575,122.603
750,105.5,80,0.131463,0.30395,0.131463,123.21
750,105.5,80,0.131231,0.304102,0.131231,114.389
750,105.5,80,0.131116,0.304297,0.131116,124.268
750,105.5,80,0.131002,0.304438,0.131002,121.845
750,105.5,80,0.130879,0.304578,0.130879,121.078
750,105.5,80,0.130765,0.304712,0.130765,121.389
750,105.5,80,0.130652,0.30485,0.130652,121.536
750,105.5,80,0.130539,0.304985,0.130539,121.337
750,105.5,80,0.130426,0.305123,0.130426,121.532
750,105.5,80,0.130307,0.305256,0.130307,120.632
750,105.5,80,0.130083,0.305414,0.130083,114.936
750,105.5,80,0.129971,0.305601,0.129971,123.508
750,105.5,80,0.12986,0.305739,0.12986,121.268
750,105.5,80,0.129736,0.305873,0.129736,119.968
750,105.5,80,0.129622,0.30601,0.129622,120.909
750,105.5,80,0.129509,0.30614,0.129509,120.378
750,105.5,80,0.129398,0.306275,0.129398,120.844
750,105.5,80,0.129278,0.306404,0.129278,119.659
750,105.5,80,0.129168,0.306533,0.129168,120.449
750,105.5,80,0.129058,0.306671,0.129058,120.909
750,105.5,80,0.12894,0.306818,0.12894,120.797
750,105.5,80,0.128717,0.306999,0.128717,116.206
750,105.5,80,0.128606,0.307151,0.128606,121.365
750,105.5,80,0.128489,0.307279,0.128489,119.385
750,105.5,80,0.128378,0.307414,0.128378,120.275
750,105.5,80,0.128266,0.307549,0.128266,120.146
750,105.5,80,0.128156,0.307681,0.128156,120.085
750,105.5,80,0.128047,0.307814,0.128047,120.048
750,105.5,80,0.127929,0.307946,0.127929,119.253
750,105.5,80,0.127819,0.308074,0.127819,119.576
750,105.5,80,0.127708,0.308208,0.127708,119.901
750,105.5,80,0.127599,0.308339,0.127599,119.717
750,105.5,80,0.127478,0.30848,0.127478,119.428
750,105.5,80,0.127251,0.308627,0.127251,112.22
750,105.5,80,0.12714,0.308795,0.12714,121.197
750,105.5,80,0.127018,0.308937,0.127018,119.191
750,105.5,80,0.126905,0.309064,0.126905,118.736
750,105.5,80,0.126793,0.309198,0.126793,119.248
750,105.5,80,0.126684,0.309332,0.126684,119.334
750,105.5,80,0.126564,0.309459,0.126564,117.982
750,105.5,80,0.126453,0.309585,0.126453,118.651
750,105.5,80,0.126345,0.309712,0.126345,118.765
750,105.5,80,0.126226,0.309852,0.126226,118.8
750,105.5,80,0.126114,0.309989,0.126114,119.047
750,105.5,80,0.126003,0.31013,0.126003,119.329
750,105.5,80,0.125782,0.3103,0.125782,114.008
750,105.5,80,0.125662,0.310448,0.125662,118.839
750,105.5,80,0.12555,0.310584,0.12555,118.625
750,105.5,80,0.125437,0.310716,0.125437,118.236
750,105.5,80,0.125326,0.310849,0.125326,118.415
750,105.5,80,0.125204,0.310994,0.125204,118.296
750,105.5,80,0.12509,0.31113,0.12509,118.294
750,105.5,80,0.124864,0.311268,0.124864,110.105
750,105.5,80,0.124743,0.311436,0.124743,119.226
750,105.5,80,0.124632,0.311582,0.124632,118.777
750,105.5,80,0.124498,0.311718,0.124498,116.442
750,105.5,80,0.124386,0.311846,0.124386,117.471
750,105.5,80,0.124268,0.31197,0.124268,116.678
750,105.5,80,0.124158,0.312111,0.124158,118.248
750,105.5,80,0.124046,0.31224,0.124046,117.403
750,105.5,80,0.123819,0.312424,0.123819,113.583
750,105.5,80,0.123709,0.312565,0.123709,118.056
750,105.5,80,0.123601,0.312696,0.123601,117.529
750,105.5,80,0.123487,0.31285,0.123487,118.316
750,105.5,80,0.123257,0.313043,0.123257,113.713
750,105.5,80,0.123145,0.313219,0.123145,119.145
750,105.5,80,0.122913,0.313418,0.122913,113.795
750,105.5,80,0.122801,0.313565,0.122801,117.645
750,105.5,80,0.122688,0.313725,0.122688,118.231
750,105.5,80,0.122455,0.313867,0.122455,108.872
750,105.5,80,0.122343,0.314044,0.122343,118.72
750,105.5,80,0.122215,0.314176,0.122215,115.306
750,105.5,80,0.122113,0.314304,0.122113,116.985
750,105.5,80,0.122001,0.314426,0.122001,115.718
750,105.5,80,0.12189,0.314576,0.12189,117.355
750,105.5,80,0.121659,0.31476,0.121659,112.226
750,105.5,80,0.121545,0.314932,0.121545,117.953
750,105.5,80,0.121322,0.315095,0.121322,110.91
750,105.5,80,0.121205,0.315263,0.121205,117.439
750,105.5,80,0.121094,0.315393,0.121094,115.874
750,105.5,80,0.120985,0.315542,0.120985,116.917
750,105.5,80,0.120875,0.315671,0.120875,115.709
750,105.5,80,0.120647,0.315807,0.120647,107.67
750,105.5,80,0.120537,0.315965,0.120537,117.022
750,105.5,80,0.120427,0.316117,0.120427,116.653
750,105.5,80,0.120436,0.316246,0.120436,124.367
750,105.5,80,0.120196,0.316384,0.120196,106.82
750,105.5,80,0.120202,0.316517,0.120202,123.956
750,105.5,80,0.119981,0.316706,0.119981,112.118
750,105.5,80,0.119871,0.316842,0.119871,115.61
750,105.5,80,0.119753,0.316968,0.119753,114.257
750,105.5,80,0.119642,0.317097,0.119642,114.976
750,105.5,80,0.119534,0.317217,0.119534,114.5
750,105.5,80,0.119423,0.317337,0.119423,114.182
750,105.5,80,0.119196,0.317535,0.119196,112
750,105.5,80,0.119088,0.317659,0.119088,114.524
750,105.5,80,0.118978,0.317782,0.118978,114.235
750,105.5,80,0.118858,0.317905,0.118858,113.407
750,105.5,80,0.118748,0.318028,0.118748,114.073
750,105.5,80,0.118638,0.318154,0.118638,114.3
750,105.5,80,0.11853,0.318283,0.11853,114.516
750,105.5,80,0.118411,0.318403,0.118411,112.998
750,105.5,80,0.1183,0.318525,0.1183,113.708
750,105.5,80,0.118191,0.318643,0.118191,113.578
750,105.5,80,0.11808,0.318775,0.11808,114.253
750,105.5,80,0.117849,0.318906,0.117849,105.316
750,105.5,80,0.117739,0.319084,0.117739,116.155
750,105.5,80,0.117631,0.319202,0.117631,113.275
750,105.5,80,0.117512,0.31932,0.117512,112.355
750,105.5,80,0.1174,0.319437,0.1174,112.821
750,105.5,80,0.117291,0.319564,0.117291,113.647
750,105.5,80,0.117181,0.319691,0.117181,113.473
750,105.5,80,0.11707,0.319827,0.11707,113.893
750,105.5,80,0.116952,0.319949,0.116952,112.401
750,105.5,80,0.116736,0.320118,0.116736,109.397
750,105.5,80,0.116618,0.320249,0.116618,112.822
750,105.5,80,0.11651,0.320374,0.11651,113.189
750,105.5,80,0.116402,0.320491,0.116402,112.469
750,105.5,80,0.116295,0.320615,0.116295,112.974
750,105.5,80,0.116185,0.320731,0.116185,112.206
750,105.5,80,0.116065,0.320847,0.116065,111.292
750,105.5,80,0.115957,0.320972,0.115957,112.834
750,105.5,80,0.115847,0.321105,0.115847,113.052
750,105.5,80,0.115616,0.321226,0.115616,103.005
750,105.5,80,0.115507,0.321362,0.115507,113.107
750,105.5,80,0.115395,0.321478,0.115395,111.563
750,105.5,80,0.115285,0.321632,0.115285,113.769
750,105.5,80,0.115166,0.32175,0.115166,111.017
750,105.5,80,0.115057,0.321876,0.115057,112.35
750,105.5,80,0.114949,0.321991,0.114949,111.529
750,105.5,80,0.114841,0.322109,0.114841,111.751
750,105.5,80,0.114733,0.322226,0.114733,111.504
750,105.5,80,0.114617,0.322347,0.114617,111.21
750,105.5,80,0.114508,0.322476,0.114508,112.142
750,105.5,80,0.1144,0.322609,0.1144,112.409
750,105.5,80,0.114175,0.322755,0.114175,105.591
750,105.5,80,0.114065,0.322892,0.114065,112.341
750,105.5,80,0.113955,0.323013,0.113955,111.199
750,105.5,80,0.113845,0.323137,0.113845,111.396
750,105.5,80,0.113724,0.323256,0.113724,110.228
750,105.5,80,0.113615,0.323373,0.113615,110.847
750,105.5,80,0.113504,0.323487,0.113504,110.351
750,105.5,80,0.113383,0.323607,0.113383,109.979
750,105.5,80,0.113274,0.323727,0.113274,110.936
750,105.5,80,0.113055,0.323892,0.113055,107.014
750,105.5,80,0.112946,0.324025,0.112946,111.47
750,105.5,80,0.112831,0.32414,0.112831,109.752
750,105.5,80,0.112723,0.324253,0.112723,110.081
750,105.5,80,0.112614,0.324375,0.112614,110.663
750,105.5,80,0.112504,0.324498,0.112504,110.569
750,105.5,80,0.112388,0.32462,0.112388,109.948
750,105.5,80,0.112278,0.324742,0.112278,110.425
750,105.5,80,0.112057,0.324905,0.112057,106.124
750,105.5,80,0.111938,0.32504,0.111938,110.413
750,105.5,80,0.111829,0.32519,0.111829,111.629
750,105.5,80,0.11172,0.325313,0.11172,110.215
750,105.5,80,0.11149,0.325469,0.11149,104.78
750,105.5,80,0.111382,0.325597,0.111382,110.387
750,105.5,80,0.111272,0.325724,0.111272,110.116
750,105.5,80,0.111163,0.325843,0.111163,109.59
750,105.5,80,0.111046,0.325967,0.111046,109.269
750,105.5,80,0.110829,0.32609,0.110829,101.903
750,105.5,80,0.11072,0.326218,0.11072,109.915
750,105.5,80,0.110602,0.326358,0.110602,109.958
750,105.5,80,0.110493,0.326489,0.110493,109.944
750,105.5,80,0.110383,0.326601,0.110383,108.547
750,105.5,80,0.110265,0.326718,0.110265,108.236
750,105.5,80,0.110154,0.326828,0.110154,108.232
750,105.5,80,0.110047,0.326939,0.110047,108.586
750,105.5,80,0.10994,0.327052,0.10994,108.543
750,105.5,80,0.109831,0.327175,0.109831,109.146
750,105.5,80,0.109716,0.327295,0.109716,108.414
750,105.5,80,0.109503,0.327415,0.109503,101.113
750,105.5,80,0.109388,0.327571,0.109388,110.136
750,105.5,80,0.109282,0.327695,0.109282,109.111
750,105.5,80,0.109175,0.327835,0.109175,109.786
750,105.5,80,0.108961,0.327961,0.108961,101.492
750,105.5,80,0.108843,0.328103,0.108843,109.032
750,105.5,80,0.108737,0.328235,0.108737,109.215
750,105.5,80,0.10863,0.328344,0.10863,107.559
750,105.5,80,0.108514,0.328473,0.108514,108.256
750,105.5,80,0.108408,0.328599,0.108408,108.634
750,105.5,80,0.108196,0.328752,0.108196,103.85
750,105.5,80,0.108083,0.328881,0.108083,108.184
750,105.5,80,0.107984,0.329003,0.107984,108.662
750,105.5,80,0.107878,0.329121,0.107878,107.901
750,105.5,80,0.107772,0.329243,0.107772,108.085
750,105.5,80,0.107658,0.329358,0.107658,106.977
750,105.5,80,0.107446,0.329505,0.107446,102.96
750,105.5,80,0.10734,0.329631,0.10734,108.018
750,105.5,80,0.107232,0.329748,0.107232,107.354
750,105.5,80,0.107119,0.329855,0.107119,106.096
750,105.5,80,0.107013,0.329963,0.107013,106.631
750,105.5,80,0.106906,0.330077,0.106906,107.01
750,105.5,80,0.106791,0.330206,0.106791,107.273
750,105.5,80,0.106685,0.330325,0.106685,107.218
750,105.5,80,0.106469,0.330478,0.106469,102.785
750,105.5,80,0.106331,0.330594,0.106331,104.428
750,105.5,80,0.106222,0.330705,0.106222,106.255
750,105.5,80,0.106117,0.330816,0.106117,106.381
750,105.5,80,0.106009,0.330925,0.106009,106.08
750,105.5,80,0.105893,0.331034,0.105893,105.377
750,105.5,80,0.105787,0.331161,0.105787,107.198
750,105.5,80,0.105679,0.331275,0.105679,106.14
750,105.5,80,0.105459,0.331392,0.105459,98.2525
750,105.5,80,0.105351,0.331523,0.105351,107.094
750,105.5,80,0.105245,0.33165,0.105245,106.847
750,105.5,80,0.105139,0.331758,0.105139,105.597
750,105.5,80,0.105034,0.331868,0.105034,105.774
750,105.5,80,0.104918,0.331973,0.104918,104.454
750,105.5,80,0.104814,0.332084,0.104814,105.725
750,105.5,80,0.104711,0.332191,0.104711,105.536
750,105.5,80,0.10461,0.332298,0.10461,105.656
750,105.5,80,0.104502,0.332407,0.104502,105.174
750,105.5,80,0.104398,0.332527,0.104398,106.126
750,105.5,80,0.104295,0.332637,0.104295,105.537
750,105.5,80,0.10408,0.332779,0.10408,100.553
750,105.5,80,0.103974,0.332909,0.103974,106.297
750,105.5,80,0.103869,0.333025,0.103869,105.544
750,105.5,80,0.103766,0.333129,0.103766,104.732
750,105.5,80,0.10366,0.333248,0.10366,105.52
750,105.5,80,0.103548,0.333355,0.103548,104.106
750,105.5,80,0.103345,0.333506,0.103345,101.587
750,105.5,80,0.103245,0.333629,0.103245,105.939
750,105.5,80,0.10313,0.333739,0.10313,103.929
750,105.5,80,0.103027,0.333842,0.103027,104.254
750,105.5,80,0.102925,0.333947,0.102925,104.406
750,105.5,80,0.102821,0.33405,0.102821,104.063
750,105.5,80,0.102716,0.334157,0.102716,104.249
750,105.5,80,0.102604,0.334263,0.102604,103.547
750,105.5,80,0.102503,0.334373,0.102503,104.608
750,105.5,80,0.1024,0.334477,0.1024,104.009
750,105.5,80,0.102281,0.334585,0.102281,102.939
750,105.5,80,0.102186,0.334693,0.102186,104.762
750,105.5,80,0.101967,0.334852,0.101967,100.602
750,105.5,80,0.101856,0.334959,0.101856,103.303
750,105.5,80,0.101755,0.335065,0.101755,103.867
750,105.5,80,0.101651,0.335167,0.101651,103.287
750,105.5,80,0.101549,0.335272,0.101549,103.663
750,105.5,80,0.101453,0.335379,0.101453,104.184
750,105.5,80,0.101355,0.335495,0.101355,104.551
750,105.5,80,0.101255,0.335609,0.101255,104.197
750,105.5,80,0.101054,0.335722,0.101054,96.93
750,105.5,80,0.100945,0.335857,0.100945,104.622
750,105.5,80,0.100844,0.335974,0.100844,104.113
750,105.5,80,0.100742,0.336083,0.100742,103.474
750,105.5,80,0.100641,0.336188,0.100641,103.224
750,105.5,80,0.10054,0.336288,0.10054,102.795
750,105.5,80,0.100431,0.336389,0.100431,102.047
750,105.5,80,0.100328,0.336489,0.100328,102.573
750,105.5,80,0.100227,0.336601,0.100227,103.4
750,105.5,80,0.100127,0.336715,0.100127,103.595
750,105.5,80,0.0999223,0.33685,0.0999223,98.3298
750,105.5,80,0.0998233,0.336969,0.0998233,103.771
750,105.5,80,0.0998312,0.337073,0.0998312,111.037
750,105.5,80,0.0997333,0.337173,0.0997333,102.565
750,105.5,80,0.0996321,0.337284,0.0996321,103.06
750,105.5,80,0.0995241,0.337386,0.0995241,101.811
750,105.5,80,0.0994231,0.337489,0.0994231,102.373
750,105.5,80,0.0993213,0.337589,0.0993213,101.962
750,105.5,80,0.099222,0.337692,0.099222,102.431
750,105.5,80,0.0991119,0.337791,0.0991119,101.165
750,105.5,80,0.0989062,0.33792,0.0989062,97.1762
750,105.5,80,0.0988011,0.338052,0.0988011,103.466
750,105.5,80,0.0986888,0.33816,0.0986888,101.46
750,105.5,80,0.0985863,0.338258,0.0985863,101.433
750,105.5,80,0.0984839,0.338358,0.0984839,101.481
750,105.5,80,0.0983824,0.338469,0.0983824,102.31
750,105.5,80,0.0982722,0.338575,0.0982722,101.248
750,105.5,80,0.0981712,0.338673,0.0981712,101.285
750,105.5,80,0.0980719,0.338774,0.0980719,101.571
750,105.5,80,0.09797,0.338876,0.09797,101.367
750,105.5,80,0.0978616,0.338977,0.0978616,100.768
750,105.5,80,0.0976631,0.339089,0.0976631,95.1268
750,105.5,80,0.0975625,0.339234,0.0975625,103.566
750,105.5,80,0.0974523,0.339336,0.0974523,100.429
750,105.5,80,0.097351,0.339433,0.097351,100.727
750,105.5,80,0.0972503,0.339531,0.0972503,100.71
750,105.5,80,0.0971509,0.33964,0.0971509,101.603
750,105.5,80,0.0970489,0.339756,0.0970489,101.826
750,105.5,80,0.096841,0.339911,0.096841,98.12
750,105.5,80,0.0967429,0.340018,0.0967429,101.292
750,105.5,80,0.0966445,0.340133,0.0966445,101.782
750,105.5,80,0.0964433,0.340285,0.0964433,98.0135
750,105.5,80,0.0963462,0.340401,0.0963462,101.718
750,105.5,80,0.0962389,0.340499,0.0962389,99.6819
750,105.5,80,0.0961406,0.3406,0.0961406,100.512
750,105.5,80,0.0960452,0.340696,0.0960452,100.354
750,105.5,80,0.0959481,0.340798,0.0959481,100.639
750,105.5,80,0.0958491,0.340898,0.0958491,100.245
750,105.5,80,0.0957426,0.340997,0.0957426,99.5624
750,105.5,80,0.0956456,0.341094,0.0956456,100.036
750,105.5,80,0.095547,0.341194,0.095547,100.107
750,105.5,80,0.0954403,0.341294,0.0954403,99.5065
750,105.5,80,0.0952473,0.341407,0.0952473,94.3724
750,105.5,80,0.0951503,0.341508,0.0951503,100.054
750,105.5,80,0.0950439,0.341626,0.0950439,100.472
750,105.5,80,0.0949467,0.341733,0.0949467,100.412
750,105.5,80,0.0948517,0.341832,0.0948517,99.8747
750,105.5,80,0.0947551,0.341928,0.0947551,99.4966
750,105.5,80,0.0946505,0.342034,0.0946505,99.6369
750,105.5,80,0.0945554,0.342129,0.0945554,99.4044
750,105.5,80,0.0944624,0.342232,0.0944624,100.183
750,105.5,80,0.0943673,0.342328,0.0943673,99.3883
750,105.5,80,0.0942711,0.342428,0.0942711,99.5555
750,105.5,80,0.0941669,0.342526,0.0941669,98.751
750,105.5,80,0.0939898,0.342631,0.0939898,93.9467
750,105.5,80,0.0938697,0.342769,0.0938697,100.051
750,105.5,80,0.0937714,0.342865,0.0937714,98.8277
750,105.5,80,0.0936751,0.342959,0.0936751,98.7446
750,105.5,80,0.0935771,0.343054,0.0935771,98.609
750,105.5,80,0.0934783,0.343152,0.0934783,98.8241
750,105.5,80,0.0933711,0.34325,0.0933711,98.0206
750,105.5,80,0.093276,0.34335,0.093276,99.0964
750,105.5,80,0.0931818,0.34345,0.0931818,99.1178
750,105.5,80,0.0930893,0.343543,0.0930893,98.6588
750,105.5,80,0.0929887,0.343649,0.0929887,98.9498
750,105.5,80,0.0928026,0.343752,0.0928026,92.4047
750,105.5,80,0.0927087,0.343883,0.0927087,100.473
750,105.5,80,0.0926072,0.343983,0.0926072,98.2821
750,105.5,80,0.0925143,0.344077,0.0925143,98.3366
750,105.5,80,0.0924209,0.344169,0.0924209,98.1598
750,105.5,80,0.0923264,0.344269,0.0923264,98.5476
750,105.5,80,0.0922225,0.344371,0.0922225,97.98
750,105.5,80,0.0921261,0.344486,0.0921261,99.2871
750,105.5,80,0.0919385,0.344611,0.0919385,94.2705
750,105.5,80,0.0918451,0.344725,0.0918451,99.2058
750,105.5,80,0.0917486,0.34483,0.0917486,98.4901
750,105.5,80,0.0916563,0.344934,0.0916563,98.5789
750,105.5,80,0.0914694,0.345042,0.0914694,92.3414
750,105.5,80,0.091368,0.345174,0.091368,99.3514
750,105.5,80,0.0912741,0.345279,0.0912741,98.3578
750,105.5,80,0.0911805,0.345378,0.0911805,97.9047
750,105.5,80,0.0910788,0.345476,0.0910788,97.1715
750,105.5,80,0.0909852,0.345588,0.0909852,98.6241
750,105.5,80,0.0907957,0.345716,0.0907957,93.8552
750,105.5,80,0.0906952,0.345813,0.0906952,96.928
750,105.5,80,0.0906005,0.345921,0.0906005,98.1051
750,105.5,80,0.0905067,0.346022,0.0905067,97.6852
750,105.5,80,0.0904135,0.346113,0.0904135,96.8739
750,105.5,80,0.0903125,0.346208,0.0903125,96.5931
750,105.5,80,0.0902195,0.346299,0.0902195,96.8675
750,105.5,80,0.0900324,0.346404,0.0900324,91.1635
750,105.5,80,0.0899394,0.346519,0.0899394,98.2029
750,105.5,80,0.0898165,0.346623,0.0898165,95.3989
750,105.5,80,0.0897258,0.346712,0.0897258,96.6167
750,105.5,80,0.0896349,0.34681,0.0896349,97.1801
750,105.5,80,0.0895443,0.3469,0.0895443,96.5153
750,105.5,80,0.0894536,0.346996,0.0894536,96.9599
750,105.5,80,0.0893586,0.347087,0.0893586,96.1429
750,105.5,80,0.0892699,0.34718,0.0892699,96.7439
750,105.5,80,0.0891818,0.347273,0.0891818,96.7454
750,105.5,80,0.0890925,0.347371,0.0890925,97.0255
750,105.5,80,0.0889959,0.347465,0.0889959,96.0527
750,105.5,80,0.0888154,0.347564,0.0888154,90.3131
750,105.5,80,0.0887243,0.347677,0.0887243,97.5266
750,105.5,80,0.0886332,0.347784,0.0886332,97.1173
750,105.5,80,0.0885338,0.347874,0.0885338,95.291
750,105.5,80,0.0884431,0.347968,0.0884431,96.1712
750,105.5,80,0.0883527,0.348058,0.0883527,95.8873
750,105.5,80,0.0882651,0.348148,0.0882651,96.1136
750,105.5,80,0.0881709,0.348237,0.0881709,95.3357
750,105.5,80,0.0880854,0.348327,0.0880854,96.1266
750,105.5,80,0.0879995,0.348416,0.0879995,95.9837
750,105.5,80,0.0879134,0.34851,0.0879134,96.2717
750,105.5,80,0.0878192,0.348605,0.0878192,95.6632
750,105.5,80,0.0876424,0.348709,0.0876424,90.6307
750,105.5,80,0.087554,0.348829,0.087554,97.307
750,105.5,80,0.0874669,0.348926,0.0874669,96.0777
750,105.5,80,0.0873703,0.349013,0.0873703,94.6292
750,105.5,80,0.087281,0.349113,0.087281,96.0647
750,105.5,80,0.0871932,0.349209,0.0871932,95.8626
750,105.5,80,0.0870108,0.349319,0.0870108,90.559
750,105.5,80,0.0869244,0.349444,0.0869244,97.254
750,105.5,80,0.0868385,0.34954,0.0868385,95.7602
750,105.5,80,0.0867514,0.349632,0.0867514,95.3998
750,105.5,80,0.0866566,0.349723,0.0866566,94.6881
750,105.5,80,0.0865685,0.34981,0.0865685,94.7878
750,105.5,80,0.0864805,0.349911,0.0864805,95.7379
750,105.5,80,0.0862967,0.350036,0.0862967,91.5329
750,105.5,80,0.0862085,0.35014,0.0862085,95.7242
750,105.5,80,0.0861221,0.350226,0.0861221,94.6231
750,105.5,80,0.0860349,0.350319,0.0860349,95.0495
750,105.5,80,0.0859401,0.350405,0.0859401,93.8499
750,105.5,80,0.0858497,0.350492,0.0858497,94.1961
750,105.5,80,0.0857652,0.350578,0.0857652,94.5608
750,105.5,80,0.0856773,0.350666,0.0856773,94.4494
750,105.5,80,0.0855824,0.350752,0.0855824,93.6099
750,105.5,80,0.0854923,0.350838,0.0854923,93.9521
750,105.5,80,0.0854059,0.350923,0.0854059,94.1719
750,105.5,80,0.0853171,0.351009,0.0853171,93.9474
750,105.5,80,0.0852207,0.351094,0.0852207,93.2419
750,105.5,80,0.0851304,0.351179,0.0851304,93.6787
750,105.5,80,0.0850433,0.351265,0.0850433,93.9068
750,105.5,80,0.0849488,0.351364,0.0849488,94.2811
750,105.5,80,0.0848626,0.351451,0.0848626,94.0551
750,105.5,80,0.0847765,0.351544,0.0847765,94.3784
750,105.5,80,0.0845999,0.35166,0.0845999,90.2671
750,105.5,80,0.0845137,0.35176,0.0845137,94.6262
750,105.5,80,0.084427,0.351844,0.084427,93.5058
750,105.5,80,0.0843427,0.351929,0.0843427,93.6905
750,105.5,80,0.0842571,0.352016,0.0842571,93.6979
750,105.5,80,0.0841636,0.352105,0.0841636,93.2199
750,105.5,80,0.0840758,0.352192,0.0840758,93.3926
750,105.5,80,0.0839897,0.352284,0.0839897,93.8524
750,105.5,80,0.0839053,0.352368,0.0839053,93.3584
750,105.5,80,0.0838173,0.352457,0.0838173,93.4531
750,105.5,80,0.0837302,0.352541,0.0837302,93.0238
750,105.5,80,0.0836301,0.352626,0.0836301,92.0333
750,105.5,80,0.083537,0.352713,0.083537,92.7262
750,105.5,80,0.0833662,0.352804,0.0833662,87.2937
750,105.5,80,0.0832798,0.35289,0.0832798,92.9721
750,105.5,80,0.083189,0.352997,0.083189,93.9906
750,105.5,80,0.0831042,0.353094,0.0831042,93.7395
750,105.5,80,0.0830192,0.353177,0.0830192,92.7327
750,105.5,80,0.0829359,0.35326,0.0829359,92.8093
750,105.5,80,0.0828457,0.353343,0.0828457,92.2006
750,105.5,80,0.0827626,0.353426,0.0827626,92.7118
750,105.5,80,0.0826798,0.353513,0.0826798,93.0194
750,105.5,80,0.082597,0.353595,0.082597,92.6337
750,105.5,80,0.0825061,0.353683,0.0825061,92.3809
750,105.5,80,0.0824219,0.354197,0.0824219,98.1026
750,105.5,80,0.0819205,0.354328,0.0819205,73.8498
750,105.5,80,0.0818292,0.354416,0.0818292,91.9475
750,105.5,80,0.0817474,0.35451,0.0817474,93.0014
750,105.5,80,0.0816648,0.354591,0.0816648,92.0474
750,105.5,80,0.081581,0.35468,0.081581,92.4198
750,105.5,80,0.081492,0.354764,0.081492,91.6642
750,105.5,80,0.081411,0.354849,0.081411,92.3229
750,105.5,80,0.0813288,0.354933,0.0813288,92.0086
750,105.5,80,0.081159,0.355026,0.081159,86.4763
750,105.5,80,0.0810804,0.35514,0.0810804,93.8027
750,105.5,80,0.0809997,0.355226,0.0809997,92.1565
750,105.5,80,0.0809183,0.355307,0.0809183,91.6624
750,105.5,80,0.0808294,0.35539,0.0808294,91.1895
750,105.5,80,0.0807474,0.35547,0.0807474,91.5028
750,105.5,80,0.080667,0.355556,0.080667,91.9704
750,105.5,80,0.0805838,0.355639,0.0805838,91.4613
750,105.5,80,0.080502,0.355724,0.080502,91.711
750,105.5,80,0.0804142,0.355811,0.0804142,91.3914
750,105.5,80,0.0803356,0.355896,0.0803356,91.8282
750,105.5,80,0.0802553,0.355979,0.0802553,91.5592
750,105.5,80,0.0801767,0.356068,0.0801767,91.9913
750,105.5,80,0.0800109,0.356179,0.0800109,88.0467
750,105.5,80,0.0799321,0.356274,0.0799321,92.2278
750,105.5,80,0.0798497,0.356357,0.0798497,91.1576
750,105.5,80,0.0797685,0.356439,0.0797685,91.0777
750,105.5,80,0.0796821,0.356518,0.0796821,90.4647
750,105.5,80,0.0795998,0.356599,0.0795998,90.8599
750,105.5,80,0.0795182,0.356683,0.0795182,91.0279
750,105.5,80,0.0794365,0.356762,0.0794365,90.6837
750,105.5,80,0.0793494,0.356842,0.0793494,90.1993
750,105.5,80,0.079267,0.356923,0.079267,90.6762
750,105.5,80,0.079186,0.357002,0.079186,90.5755
750,105.5,80,0.0791064,0.357087,0.0791064,91.0725
750,105.5,80,0.0790227,0.357168,0.0790227,90.4435
750,105.5,80,0.0789451,0.35725,0.0789451,90.8993
750,105.5,80,0.0788666,0.357331,0.0788666,90.714
750,105.5,80,0.0787824,0.357413,0.0787824,90.3661
750,105.5,80,0.0786274,0.357498,0.0786274,85.1478
750,105.5,80,0.0785473,0.357603,0.0785473,91.8602
750,105.5,80,0.0784609,0.357696,0.0784609,90.7386
750,105.5,80,0.0783832,0.357784,0.0783832,90.9817
750,105.5,80,0.0783035,0.357862,0.0783035,90.1095
750,105.5,80,0.078223,0.35794,0.078223,89.9992
750,105.5,80,0.0781435,0.358019,0.0781435,90.0242
750,105.5,80,0.0780604,0.358103,0.0780604,90.1837
750,105.5,80,0.0779835,0.358183,0.0779835,90.3005
750,105.5,80,0.0779068,0.358266,0.0779068,90.4235
750,105.5,80,0.077831,0.358347,0.077831,90.3456
750,105.5,80,0.0776735,0.358433,0.0776735,84.7319
750,105.5,80,0.0775963,0.358517,0.0775963,90.3312
750,105.5,80,0.0775129,0.358621,0.0775129,90.9783
750,105.5,80,0.0774379,0.358708,0.0774379,90.5535
750,105.5,80,0.077361,0.358789,0.077361,90.0584
750,105.5,80,0.0772839,0.358867,0.0772839,89.6543
750,105.5,80,0.0772062,0.358944,0.0772062,89.5624
750,105.5,80,0.0771284,0.359021,0.0771284,89.4986
750,105.5,80,0.0770533,0.3591,0.0770533,89.8533
750,105.5,80,0.0769792,0.359178,0.0769792,89.6998
750,105.5,80,0.0769044,0.359255,0.0769044,89.6038
750,105.5,80,0.0768306,0.359332,0.0768306,89.7098
750,105.5,80,0.0767504,0.359411,0.0767504,89.1795
750,105.5,80,0.0766765,0.359487,0.0766765,89.5235
750,105.5,80,0.0766018,0.359568,0.0766018,89.7399
750,105.5,80,0.0765291,0.359645,0.0765291,89.5314
750,105.5,80,0.0764486,0.359729,0.0764486,89.4535
750,105.5,80,0.0763736,0.359808,0.0763736,89.4145
750,105.5,80,0.0762982,0.35989,0.0762982,89.5922
750,105.5,80,0.0761452,0.359972,0.0761452,83.7099
750,105.5,80,0.0760714,0.360054,0.0760714,89.5773
750,105.5,80,0.0759969,0.360145,0.0759969,89.9741
750,105.5,80,0.0759242,0.360239,0.0759242,90.2632
750,105.5,80,0.0758496,0.360315,0.0758496,88.9356
750,105.5,80,0.0757473,0.360394,0.0757473,86.9878
750,105.5,80,0.0756731,0.360471,0.0756731,88.9859
750,105.5,80,0.0755994,0.360549,0.0755994,88.9786
750,105.5,80,0.0755285,0.360624,0.0755285,89.0295
750,105.5,80,0.0754501,0.3607,0.0754501,88.3701
750,105.5,80,0.0753767,0.360776,0.0753767,88.7878
750,105.5,80,0.0753053,0.360853,0.0753053,88.95
750,105.5,80,0.075225,0.360928,0.075225,88.0797
750,105.5,80,0.07515,0.36101,0.07515,88.9706
750,105.5,80,0.0750735,0.361086,0.0750735,88.2834
750,105.5,80,0.0749996,0.361161,0.0749996,88.5015
750,105.5,80,0.0749242,0.361238,0.0749242,88.4096
750,105.5,80,0.0748429,0.361321,0.0748429,88.3957
750,105.5,80,0.0746945,0.361404,0.0746945,83.4162
750,105.5,80,0.0746205,0.361515,0.0746205,90.1422
750,105.5,80,0.0745407,0.361593,0.0745407,87.9507
750,105.5,80,0.0744674,0.361672,0.0744674,88.4601
750,105.5,80,0.0743949,0.361748,0.0743949,88.3032
750,105.5,80,0.0743221,0.361827,0.0743221,88.4097
750,105.5,80,0.07425,0.361905,0.07425,88.3635
750,105.5,80,0.0741715,0.361989,0.0741715,88.3201
750,105.5,80,0.0741007,0.362069,0.0741007,88.5325
750,105.5,80,0.0739563,0.362175,0.0739563,85.5674
750,105.5,80,0.0738768,0.362259,0.0738768,88.0738
750,105.5,80,0.073803,0.36234,0.073803,88.1462
750,105.5,80,0.0737285,0.362416,0.0737285,87.7707
750,105.5,80,0.0736536,0.362502,0.0736536,88.3434
750,105.5,80,0.073499,0.362584,0.073499,82.3401
750,105.5,80,0.0734248,0.362685,0.0734248,88.9933
750,105.5,80,0.0733518,0.362768,0.0733518,88.1495
750,105.5,80,0.0732737,0.362842,0.0732737,87.0495
750,105.5,80,0.0732023,0.362915,0.0732023,87.4853
750,105.5,80,0.0731304,0.362995,0.0731304,87.874
750,105.5,80,0.0730585,0.363068,0.0730585,87.3465
750,105.5,80,0.0729817,0.363143,0.0729817,87.0395
750,105.5,80,0.0729129,0.363221,0.0729129,87.9028
750,105.5,80,0.072843,0.363305,0.072843,88.1133
750,105.5,80,0.0726957,0.363412,0.0726957,84.8534
750,105.5,80,0.0726255,0.363502,0.0726255,88.2761
750,105.5,80,0.0725535,0.36358,0.0725535,87.3897
750,105.5,80,0.0724806,0.363661,0.0724806,87.551
750,105.5,80,0.0724013,0.363738,0.0724013,86.6612
750,105.5,80,0.0722554,0.363848,0.0722554,84.8887
750,105.5,80,0.0721832,0.363933,0.0721832,87.6647
750,105.5,80,0.0721059,0.364014,0.0721059,86.9933
750,105.5,80,0.0720363,0.36409,0.0720363,87.1224
750,105.5,80,0.0719663,0.36417,0.0719663,87.3399
750,105.5,80,0.0718965,0.364246,0.0718965,87.0629
750,105.5,80,0.0717524,0.364329,0.0717524,82.2998
750,105.5,80,0.0716832,0.364419,0.0716832,87.8189
750,105.5,80,0.0716143,0.364505,0.0716143,87.5708
750,105.5,80,0.0715454,0.364577,0.0715454,86.6497
750,105.5,80,0.0714704,0.364655,0.0714704,86.5466
750,105.5,80,0.0714001,0.364729,0.0714001,86.6576
750,105.5,80,0.0713302,0.364803,0.0713302,86.5462
750,105.5,80,0.0712549,0.364874,0.0712549,85.9124
750,105.5,80,0.071186,0.364953,0.071186,86.9507
750,105.5,80,0.0711174,0.365029,0.0711174,86.6785
750,105.5,80,0.070975,0.36511,0.070975,81.7995
750,105.5,80,0.0709078,0.365213,0.0709078,88.0144
750,105.5,80,0.07084,0.36529,0.07084,86.6648
750,105.5,80,0.0707723,0.365365,0.0707723,86.5214
750,105.5,80,0.0707051,0.365443,0.0707051,86.7094
750,105.5,80,0.0706324,0.365514,0.0706324,85.7245
750,105.5,80,0.0705645,0.365603,0.0705645,87.2032
750,105.5,80,0.0704287,0.365708,0.0704287,84.1198
750,105.5,80,0.0703547,0.365789,0.0703547,86.1696
750,105.5,80,0.0702869,0.365862,0.0702869,86.1518
750,105.5,80,0.0702179,0.365939,0.0702179,86.1964
750,105.5,80,0.0701487,0.366014,0.0701487,86.064
750,105.5,80,0.0700797,0.366096,0.0700797,86.4409
750,105.5,80,0.0699371,0.366176,0.0699371,81.1511
750,105.5,80,0.0698695,0.366271,0.0698695,87.0542
750,105.5,80,0.0697956,0.366341,0.0697956,85.1309
750,105.5,80,0.0697284,0.366416,0.0697284,85.9374
750,105.5,80,0.0696685,0.366488,0.0696685,86.285
750,105.5,80,0.0696002,0.366561,0.0696002,85.6926
750,105.5,80,0.0695286,0.366633,0.0695286,85.2701
750,105.5,80,0.0694615,0.366709,0.0694615,85.8855
750,105.5,80,0.0693944,0.366783,0.0693944,85.7071
750,105.5,80,0.0692645,0.366891,0.0692645,83.9632
750,105.5,80,0.0691926,0.366971,0.0691926,85.6469
750,105.5,80,0.0691261,0.367052,0.0691261,86.0479
750,105.5,80,0.0690585,0.367128,0.0690585,85.5928
750,105.5,80,0.0689094,0.367229,0.0689094,82.2955
750,105.5,80,0.0688436,0.367314,0.0688436,86.1445
750,105.5,80,0.0687777,0.367389,0.0687777,85.4817
750,105.5,80,0.0687262,0.367465,0.0687262,86.5939
750,105.5,80,0.0686618,0.367542,0.0686618,85.6789
750,105.5,80,0.0685787,0.367618,0.0685787,84.199
750,105.5,80,0.068448,0.367694,0.068448,80.7702
750,105.5,80,0.0683818,0.367788,0.0683818,86.2342
750,105.5,80,0.0683093,0.367872,0.0683093,85.3026
750,105.5,80,0.0682429,0.367946,0.0682429,85.1277
750,105.5,80,0.0681782,0.368018,0.0681782,85.0344
750,105.5,80,0.0680453,0.368093,0.0680453,80.2517
750,105.5,80,0.0679754,0.368183,0.0679754,85.6178
750,105.5,80,0.0679105,0.368267,0.0679105,85.5597
750,105.5,80,0.0678472,0.368342,0.0678472,85.1436
750,105.5,80,0.0677823,0.368409,0.0677823,84.5153
750,105.5,80,0.0677117,0.368479,0.0677117,84.1386
750,105.5,80,0.0676494,0.368546,0.0676494,84.6386
750,105.5,80,0.0675879,0.368627,0.0675879,85.463
750,105.5,80,0.0675279,0.368701,0.0675279,85.182
750,105.5,80,0.0674738,0.368803,0.0674738,86.6383
750,105.5,80,0.0674136,0.368873,0.0674136,84.8063
750,105.5,80,0.067353,0.368943,0.067353,84.8013
750,105.5,80,0.0672924,0.369013,0.0672924,84.7184
750,105.5,80,0.0672259,0.369086,0.0672259,84.4612
750,105.5,80,0.0671633,0.369154,0.0671633,84.3987
750,105.5,80,0.0670999,0.369229,0.0670999,84.7628
750,105.5,80,0.0670297,0.3693,0.0670297,83.9289
750,105.5,80,0.0669,0.369405,0.0669,82.5082
750,105.5,80,0.0668349,0.369475,0.0668349,84.162
750,105.5,80,0.0667642,0.369544,0.0667642,83.5882
750,105.5,80,0.0667018,0.369611,0.0667018,84.0337
750,105.5,80,0.0666374,0.369679,0.0666374,83.953
750,105.5,80,0.0665739,0.369746,0.0665739,83.8623
750,105.5,80,0.0665049,0.369813,0.0665049,83.4233
750,105.5,80,0.0664429,0.36988,0.0664429,83.8993
750,105.5,80,0.0663805,0.369946,0.0663805,83.8296
750,105.5,80,0.0663188,0.370013,0.0663188,83.8434
750,105.5,80,0.0662577,0.370079,0.0662577,83.8469
750,105.5,80,0.0661908,0.370145,0.0661908,83.3429
750,105.5,80,0.0661315,0.370212,0.0661315,83.9998
750,105.5,80,0.0660711,0.370283,0.0660711,84.1016
750,105.5,80,0.06601,0.37035,0.06601,83.7784
750,105.5,80,0.0659475,0.370416,0.0659475,83.5452
750,105.5,80,0.0658813,0.370484,0.0658813,83.3481
750,105.5,80,0.0658185,0.37055,0.0658185,83.4375
750,105.5,80,0.0657562,0.370616,0.0657562,83.4348
750,105.5,80,0.0656915,0.370682,0.0656915,83.2178
750,105.5,80,0.0656281,0.370751,0.0656281,83.5577
750,105.5,80,0.0655632,0.370818,0.0655632,83.1972
750,105.5,80,0.0655016,0.370887,0.0655016,83.5608
750,105.5,80,0.0654438,0.370952,0.0654438,83.5932
750,105.5,80,0.0653779,0.371021,0.0653779,83.1962
750,105.5,80,0.0653185,0.37109,0.0653185,83.6124
750,105.5,80,0.0651968,0.371181,0.0651968,81.047
750,105.5,80,0.065137,0.371253,0.065137,83.7419
750,105.5,80,0.0650776,0.371326,0.0650776,83.7037
750,105.5,80,0.0650181,0.371391,0.0650181,83.1939
750,105.5,80,0.0649602,0.371458,0.0649602,83.4565
750,105.5,80,0.064894,0.371526,0.064894,82.7889
750,105.5,80,0.0648334,0.3716,0.0648334,83.5942
750,105.5,80,0.0647732,0.371668,0.0647732,83.1567
750,105.5,80,0.0646328,0.371742,0.0646328,77.8778
750,105.5,80,0.064573,0.371837,0.064573,84.4084
750,105.5,80,0.0645123,0.371916,0.0645123,83.6725
750,105.5,80,0.0644461,0.371986,0.0644461,82.7011
750,105.5,80,0.0644041,0.37206,0.0644041,84.6316
750,105.5,80,0.0642667,0.372147,0.0642667,79.3812
750,105.5,80,0.0642075,0.372228,0.0642075,83.6629
750,105.5,80,0.0641462,0.372302,0.0641462,83.0948
750,105.5,80,0.0640901,0.372369,0.0640901,83.1007
750,105.5,80,0.0640345,0.372436,0.0640345,83.0465
750,105.5,80,0.0639788,0.372504,0.0639788,83.1238
750,105.5,80,0.0639232,0.372571,0.0639232,82.9496
750,105.5,80,0.0638056,0.37266,0.0638056,80.4367
750,105.5,80,0.0637484,0.372734,0.0637484,83.1862
750,105.5,80,0.0636917,0.372802,0.0636917,82.9033
750,105.5,80,0.063634,0.372866,0.063634,82.4502
750,105.5,80,0.0635722,0.37293,0.0635722,82.0822
750,105.5,80,0.0635143,0.372993,0.0635143,82.3594
750,105.5,80,0.0634584,0.373062,0.0634584,82.7999
750,105.5,80,0.0634008,0.373125,0.0634008,82.311
750,105.5,80,0.0633387,0.373188,0.0633387,81.9097
750,105.5,80,0.0632818,0.373252,0.0632818,82.2866
750,105.5,80,0.0632255,0.373317,0.0632255,82.4677
750,105.5,80,0.0631635,0.373387,0.0631635,82.2572
750,105.5,80,0.0631073,0.373455,0.0631073,82.5388
750,105.5,80,0.0630519,0.373522,0.0630519,82.5568
750,105.5,80,0.0629403,0.373594,0.0629403,78.8082
750,105.5,80,0.0628871,0.37368,0.0628871,83.4928
750,105.5,80,0.0628341,0.373744,0.0628341,82.373
750,105.5,80,0.062782,0.373813,0.062782,82.7274
750,105.5,80,0.062724,0.373884,0.062724,82.3804
750,105.5,80,0.0626699,0.373947,0.0626699,82.1304
750,105.5,80,0.0626154,0.374009,0.0626154,82.0611
750,105.5,80,0.0625607,0.374072,0.0625607,82.0068
750,105.5,80,0.0625029,0.374142,0.0625029,82.251
750,105.5,80,0.062449,0.374205,0.062449,82.0061
750,105.5,80,0.0623409,0.374277,0.0623409,78.7672
750,105.5,80,0.0622852,0.374343,0.0622852,82.0199
750,105.5,80,0.0622247,0.374419,0.0622247,82.1904
750,105.5,80,0.0621694,0.374494,0.0621694,82.4657
750,105.5,80,0.062115,0.374559,0.062115,81.9444
750,105.5,80,0.0620601,0.374621,0.0620601,81.6745
750,105.5,80,0.0620015,0.374683,0.0620015,81.3447
750,105.5,80,0.0619484,0.374745,0.0619484,81.7562
750,105.5,80,0.061897,0.374807,0.061897,81.8586
750,105.5,80,0.0618402,0.374869,0.0618402,81.3846
750,105.5,80,0.0617872,0.374935,0.0617872,81.909
750,105.5,80,0.0617335,0.374996,0.0617335,81.5747
750,105.5,80,0.061682,0.375059,0.061682,81.7903
750,105.5,80,0.0616291,0.375121,0.0616291,81.571
750,105.5,80,0.0615714,0.375184,0.0615714,81.2144
750,105.5,80,0.0615179,0.375247,0.0615179,81.5472
750,105.5,80,0.0614657,0.375308,0.0614657,81.5234
750,105.5,80,0.061413,0.37537,0.061413,81.4488
750,105.5,80,0.0613551,0.375435,0.0613551,81.2793
750,105.5,80,0.0613012,0.375496,0.0613012,81.2782
750,105.5,80,0.0612484,0.37556,0.0612484,81.4709
750,105.5,80,0.0611934,0.375624,0.0611934,81.3708
750,105.5,80,0.061079,0.375695,0.061079,77.5112
750,105.5,80,0.0610252,0.375756,0.0610252,81.1293
750,105.5,80,0.0609715,0.375841,0.0609715,82.3075
750,105.5,80,0.0609179,0.375907,0.0609179,81.3668
750,105.5,80,0.0608614,0.375976,0.0608614,81.3497
750,105.5,80,0.0608091,0.376037,0.0608091,81.0923
750,105.5,80,0.0607577,0.376098,0.0607577,81.1418
750,105.5,80,0.0607072,0.376159,0.0607072,81.1727
750,105.5,80,0.0606525,0.376222,0.0606525,80.9897
750,105.5,80,0.0606035,0.376283,0.0606035,81.2325
750,105.5,80,0.0605537,0.376343,0.0605537,81.141
750,105.5,80,0.0605038,0.376407,0.0605038,81.3179
750,105.5,80,0.0604501,0.376469,0.0604501,80.8114
750,105.5,80,0.0603992,0.37653,0.0603992,80.9968
750,105.5,80,0.0603493,0.376598,0.0603493,81.4798
750,105.5,80,0.0602442,0.376664,0.0602442,77.1852
750,105.5,80,0.0601944,0.37675,0.0601944,82.1045
750,105.5,80,0.0601435,0.376815,0.0601435,81.1101
750,105.5,80,0.0600916,0.376877,0.0600916,80.79
750,105.5,80,0.0600394,0.376938,0.0600394,80.7152
750,105.5,80,0.059983,0.377004,0.059983,80.6651
750,105.5,80,0.0599299,0.377064,0.0599299,80.4843
750,105.5,80,0.0598771,0.377128,0.0598771,80.7385
750,105.5,80,0.0598244,0.377191,0.0598244,80.6282
750,105.5,80,0.0597676,0.377255,0.0597676,80.4256
750,105.5,80,0.0597171,0.377316,0.0597171,80.5992
750,105.5,80,0.0596659,0.37738,0.0596659,80.7591
750,105.5,80,0.059566,0.377462,0.059566,78.6917
750,105.5,80,0.0595116,0.37753,0.0595116,80.6279
750,105.5,80,0.0594621,0.377589,0.0594621,80.4768
750,105.5,80,0.059413,0.377648,0.059413,80.4708
750,105.5,80,0.0593645,0.377708,0.0593645,80.5187
750,105.5,80,0.0593102,0.377771,0.0593102,80.2209
750,105.5,80,0.0592595,0.377832,0.0592595,80.3813
750,105.5,80,0.0592091,0.377891,0.0592091,80.2421
750,105.5,80,0.0591659,0.377951,0.0591659,80.7958
750,105.5,80,0.0591161,0.37801,0.0591161,80.2357
750,105.5,80,0.0590621,0.378069,0.0590621,79.8748
750,105.5,80,0.0590126,0.378134,0.0590126,80.5604
750,105.5,80,0.0589635,0.378193,0.0589635,80.1999
750,105.5,80,0.0589082,0.378255,0.0589082,79.9125
750,105.5,80,0.0588581,0.378316,0.0588581,80.1373
750,105.5,80,0.0588079,0.378376,0.0588079,80.134
750,105.5,80,0.058757,0.378436,0.058757,79.9908
750,105.5,80,0.0587026,0.378501,0.0587026,80.0213
750,105.5,80,0.0586027,0.378566,0.0586027,76.6712
750,105.5,80,0.0585533,0.37864,0.0585533,80.7488
750,105.5,80,0.0585002,0.378708,0.0585002,80.1501
750,105.5,80,0.0584511,0.37877,0.0584511,80.0938
750,105.5,80,0.0584025,0.378828,0.0584025,79.8847
750,105.5,80,0.0583543,0.378888,0.0583543,79.9865
750,105.5,80,0.0583013,0.378947,0.0583013,79.4692
750,105.5,80,0.0582554,0.379007,0.0582554,80.1259
750,105.5,80,0.0582091,0.379065,0.0582091,79.9401
750,105.5,80,0.0581631,0.379123,0.0581631,79.9429
750,105.5,80,0.0581123,0.379181,0.0581123,79.5297
750,105.5,80,0.0580684,0.379243,0.0580684,80.2454
750,105.5,80,0.0580217,0.379309,0.0580217,80.2757
750,105.5,80,0.0579747,0.379371,0.0579747,79.959
750,105.5,80,0.0579276,0.379432,0.0579276,79.9015
750,105.5,80,0.0578253,0.379495,0.0578253,75.8771
750,105.5,80,0.057777,0.379575,0.057777,80.5857
750,105.5,80,0.0577146,0.379641,0.0577146,78.9704
750,105.5,80,0.057667,0.379709,0.057667,80.0821
750,105.5,80,0.0576189,0.37977,0.0576189,79.6277
750,105.5,80,0.0575708,0.379829,0.0575708,79.5415
750,105.5,80,0.0574728,0.379917,0.0574728,78.0696
750,105.5,80,0.0574265,0.379985,0.0574265,79.9939
750,105.5,80,0.0573885,0.380049,0.0573885,80.4112
750,105.5,80,0.0573331,0.380107,0.0573331,78.7544
750,105.5,80,0.0572824,0.380165,0.0572824,79.0736
750,105.5,80,0.0572354,0.380222,0.0572354,79.2862
750,105.5,80,0.057189,0.380286,0.057189,79.6485
750,105.5,80,0.0571431,0.380349,0.0571431,79.7022
750,105.5,80,0.0570483,0.380427,0.0570483,77.3363
750,105.5,80,0.0570022,0.380494,0.0570022,79.7741
750,105.5,80,0.0569566,0.380553,0.0569566,79.3519
750,105.5,80,0.0569072,0.38061,0.0569072,78.8792
750,105.5,80,0.0568607,0.380672,0.0568607,79.3611
750,105.5,80,0.0568133,0.380729,0.0568133,78.9889
750,105.5,80,0.0568223,0.380791,0.0568223,83.4488
750,105.5,80,0.0567753,0.380855,0.0567753,79.4025
750,105.5,80,0.0566747,0.38094,0.0566747,77.3218
750,105.5,80,0.0566267,0.38101,0.0566267,79.5777
750,105.5,80,0.0565286,0.381116,0.0565286,78.4282
750,105.5,80,0.0564814,0.381193,0.0564814,79.7779
750,105.5,80,0.056385,0.381286,0.056385,77.8771
750,105.5,80,0.056336,0.381365,0.056336,79.68
750,105.5,80,0.0562414,0.381454,0.0562414,77.6629
750,105.5,80,0.0561987,0.381525,0.0561987,79.6636
750,105.5,80,0.0561488,0.381586,0.0561488,78.7232
750,105.5,80,0.0561041,0.381649,0.0561041,79.1258
750,105.5,80,0.0560138,0.381732,0.0560138,77.4638
750,105.5,80,0.0559637,0.381793,0.0559637,78.5358
750,105.5,80,0.0559179,0.381858,0.0559179,79.0779
750,105.5,80,0.0558721,0.38192,0.0558721,78.8782
750,105.5,80,0.0558276,0.381986,0.0558276,79.1637
750,105.5,80,0.0557318,0.382069,0.0557318,76.9835
750,105.5,80,0.0556859,0.382129,0.0556859,78.6754
750,105.5,80,0.0556408,0.382185,0.0556408,78.4554
750,105.5,80,0.0555806,0.382245,0.0555806,77.5268
750,105.5,80,0.0555313,0.382302,0.0555313,78.1566
750,105.5,80,0.0554852,0.382366,0.0554852,78.7533
750,105.5,80,0.0554401,0.382426,0.0554401,78.5723
750,105.5,80,0.055345,0.382489,0.055345,75.184
750,105.5,80,0.0553008,0.382564,0.0553008,79.2427
750,105.5,80,0.0552579,0.382627,0.0552579,78.7832
750,105.5,80,0.0552152,0.382689,0.0552152,78.7642
750,105.5,80,0.0551726,0.382752,0.0551726,78.7725
750,105.5,80,0.0551256,0.382809,0.0551256,78.0847
750,105.5,80,0.0550836,0.382871,0.0550836,78.7153
750,105.5,80,0.0550021,0.382931,0.0550021,75.7019
750,105.5,80,0.0549577,0.383,0.0549577,78.7981
750,105.5,80,0.0549176,0.383068,0.0549176,79.0042
750,105.5,80,0.0548759,0.383129,0.0548759,78.5557
750,105.5,80,0.0548337,0.383185,0.0548337,78.2706
750,105.5,80,0.054787,0.38325,0.054787,78.3529
750,105.5,80,0.0547458,0.383309,0.0547458,78.4775
750,105.5,80,0.0546633,0.383388,0.0546633,76.8832
750,105.5,80,0.0546177,0.383447,0.0546177,78.0219
750,105.5,80,0.0545772,0.383502,0.0545772,78.187
750,105.5,80,0.0545349,0.383557,0.0545349,77.9802
750,105.5,80,0.0544923,0.383612,0.0544923,77.9497
750,105.5,80,0.0544455,0.383666,0.0544455,77.5717
750,105.5,80,0.0544024,0.383723,0.0544024,77.9767
750,105.5,80,0.0543608,0.383777,0.0543608,77.9445
750,105.5,80,0.0543183,0.383833,0.0543183,77.9167
750,105.5,80,0.0542725,0.383887,0.0542725,77.5417
750,105.5,80,0.0542321,0.383942,0.0542321,77.9641
750,105.5,80,0.0541905,0.383996,0.0541905,77.8354
750,105.5,80,0.0541451,0.384053,0.0541451,77.6887
750,105.5,80,0.0541037,0.38411,0.0541037,77.9412
750,105.5,80,0.0540622,0.384167,0.0540622,77.9198
750,105.5,80,0.0540204,0.384223,0.0540204,77.8521
750,105.5,80,0.0539752,0.384282,0.0539752,77.6854
750,105.5,80,0.0539349,0.38434,0.0539349,78.0053
750,105.5,80,0.0538554,0.38442,0.0538554,76.6927
750,105.5,80,0.0538152,0.384478,0.0538152,77.9224
750,105.5,80,0.053771,0.384536,0.053771,77.614
750,105.5,80,0.0537322,0.384591,0.0537322,77.8327
750,105.5,80,0.0536924,0.384651,0.0536924,78.0006
750,105.5,80,0.053649,0.384705,0.053649,77.3862
750,105.5,80,0.0536088,0.384764,0.0536088,77.8603
750,105.5,80,0.0535692,0.38482,0.0535692,77.7394
750,105.5,80,0.0534827,0.384896,0.0534827,75.9028
750,105.5,80,0.0534414,0.38496,0.0534414,77.8951
750,105.5,80,0.0534021,0.385017,0.0534021,77.7557
750,105.5,80,0.0533615,0.385072,0.0533615,77.4692
750,105.5,80,0.0533177,0.385134,0.0533177,77.6058
750,105.5,80,0.0532778,0.385191,0.0532778,77.6107
750,105.5,80,0.0532381,0.38525,0.0532381,77.738
750,105.5,80,0.05316,0.385322,0.05316,75.9152
750,105.5,80,0.0531179,0.385388,0.0531179,77.7735
750,105.5,80,0.053081,0.385442,0.053081,77.5599
750,105.5,80,0.0530429,0.385498,0.0530429,77.5535
750,105.5,80,0.0530043,0.385553,0.0530043,77.4586
750,105.5,80,0.0529657,0.385612,0.0529657,77.6471
750,105.5,80,0.0529244,0.385669,0.0529244,77.3377
750,105.5,80,0.0528468,0.385745,0.0528468,75.9633
750,105.5,80,0.0528089,0.385807,0.0528089,77.7394
750,105.5,80,0.0527679,0.385862,0.0527679,77.1617
750,105.5,80,0.0527291,0.385917,0.0527291,77.2691
750,105.5,80,0.0526903,0.385974,0.0526903,77.3524
750,105.5,80,0.0526511,0.386026,0.0526511,77.0839
750,105.5,80,0.0526087,0.386081,0.0526087,76.9057
750,105.5,80,0.0525713,0.386135,0.0525713,77.2761
750,105.5,80,0.052533,0.386192,0.052533,77.2842
750,105.5,80,0.0524953,0.386248,0.0524953,77.295
750,105.5,80,0.0524156,0.386324,0.0524156,75.7257
750,105.5,80,0.0523763,0.386386,0.0523763,77.3594
750,105.5,80,0.0523359,0.386445,0.0523359,77.1644
750,105.5,80,0.0522929,0.386498,0.0522929,76.614
750,105.5,80,0.0522523,0.386556,0.0522523,77.0175
750,105.5,80,0.0522114,0.386613,0.0522114,76.9448
750,105.5,80,0.0521705,0.386674,0.0521705,77.159
750,105.5,80,0.0520882,0.386741,0.0520882,74.6823
750,105.5,80,0.0520505,0.386805,0.0520505,77.3999
750,105.5,80,0.0520136,0.386857,0.0520136,76.9186
750,105.5,80,0.0519775,0.386911,0.0519775,77.0118
750,105.5,80,0.051939,0.386965,0.051939,76.7911
750,105.5,80,0.0519032,0.387023,0.0519032,77.2013
750,105.5,80,0.0518665,0.387077,0.0518665,76.8973
750,105.5,80,0.0518313,0.387135,0.0518313,77.2253
750,105.5,80,0.0517598,0.387193,0.0517598,74.5361
750,105.5,80,0.051725,0.387262,0.051725,77.574
750,105.5,80,0.0516897,0.387319,0.0516897,77.0722
750,105.5,80,0.0516514,0.387375,0.0516514,76.755
750,105.5,80,0.0516153,0.387426,0.0516153,76.7008
750,105.5,80,0.0515791,0.387481,0.0515791,76.8143
750,105.5,80,0.0515431,0.387534,0.0515431,76.7308
750,105.5,80,0.0515054,0.387588,0.0515054,76.6411
750,105.5,80,0.0514707,0.387639,0.0514707,76.7292
750,105.5,80,0.0514351,0.387696,0.0514351,76.915
750,105.5,80,0.0513999,0.387752,0.0513999,76.8387
750,105.5,80,0.0513291,0.387809,0.0513291,74.329
750,105.5,80,0.0512925,0.387881,0.0512925,77.311
750,105.5,80,0.051256,0.387936,0.051256,76.6514
750,105.5,80,0.0512184,0.387989,0.0512184,76.4377
750,105.5,80,0.0511832,0.388044,0.0511832,76.6951
750,105.5,80,0.0511472,0.388095,0.0511472,76.4285
750,105.5,80,0.0511077,0.38815,0.0511077,76.3658
750,105.5,80,0.0510728,0.388202,0.0510728,76.4699
750,105.5,80,0.0510383,0.388253,0.0510383,76.4768
750,105.5,80,0.0510037,0.388307,0.0510037,76.6278
750,105.5,80,0.0509698,0.388361,0.0509698,76.6417
750,105.5,80,0.0509346,0.388415,0.0509346,76.5259
750,105.5,80,0.0508684,0.388488,0.0508684,75.4517
750,105.5,80,0.0508356,0.388548,0.0508356,76.907
750,105.5,80,0.050801,0.388602,0.050801,76.4866
750,105.5,80,0.0507695,0.388653,0.0507695,76.563
750,105.5,80,0.0507377,0.388705,0.0507377,76.5698
750,105.5,80,0.0507054,0.388756,0.0507054,76.4648
750,105.5,80,0.0506709,0.388823,0.0506709,76.9261
750,105.5,80,0.0506387,0.388876,0.0506387,76.5738
750,105.5,80,0.0505736,0.388945,0.0505736,75.1324
750,105.5,80,0.0505387,0.389007,0.0505387,76.6604
750,105.5,80,0.050506,0.389062,0.050506,76.5247
750,105.5,80,0.0504728,0.389115,0.0504728,76.3678
750,105.5,80,0.0504394,0.389166,0.0504394,76.2539
750,105.5,80,0.0504041,0.389216,0.0504041,76.0451
750,105.5,80,0.0503705,0.38927,0.0503705,76.3316
750,105.5,80,0.0503371,0.389326,0.0503371,76.4109
750,105.5,80,0.0502699,0.389383,0.0502699,74.0882
750,105.5,80,0.050233,0.389454,0.050233,76.6502
750,105.5,80,0.0501998,0.389508,0.0501998,76.3158
750,105.5,80,0.0501676,0.389566,0.0501676,76.4719
750,105.5,80,0.0501367,0.389623,0.0501367,76.526
750,105.5,80,0.0500949,0.38968,0.0500949,75.7679
750,105.5,80,0.0500315,0.389735,0.0500315,74.0072
750,105.5,80,0.0499993,0.389801,0.0499993,76.6829
750,105.5,80,0.0499702,0.389857,0.0499702,76.5113
750,105.5,80,0.0499416,0.389907,0.0499416,76.299
750,105.5,80,0.0499135,0.389959,0.0499135,76.4528
750,105.5,80,0.049883,0.390009,0.049883,76.1203
750,105.5,80,0.0498561,0.39006,0.0498561,76.4066
750,105.5,80,0.0498275,0.390109,0.0498275,76.2365
750,105.5,80,0.0497995,0.390162,0.0497995,76.38
750,105.5,80,0.0497676,0.390212,0.0497676,75.9443
750,105.5,80,0.0497387,0.390262,0.0497387,76.2002
750,105.5,80,0.0497095,0.390313,0.0497095,76.1735
750,105.5,80,0.0496818,0.390364,0.0496818,76.2769
750,105.5,80,0.0496534,0.390413,0.0496534,76.1614
750,105.5,80,0.049622,0.390464,0.049622,75.9632
750,105.5,80,0.0495939,0.390514,0.0495939,76.1528
750,105.5,80,0.0495666,0.390572,0.0495666,76.5237
750,105.5,80,0.0495086,0.390646,0.0495086,75.2404
750,105.5,80,0.0494762,0.3907,0.0494762,75.9395
750,105.5,80,0.0494477,0.39075,0.0494477,76.0299
750,105.5,80,0.0494189,0.3908,0.0494189,76.051
750,105.5,80,0.0493796,0.39085,0.0493796,75.1693
750,105.5,80,0.0493884,0.3909,0.0493884,78.9754
750,105.5,80,0.049358,0.39095,0.049358,75.8516
750,105.5,80,0.049331,0.391,0.049331,76.1213
750,105.5,80,0.0493026,0.39105,0.0493026,75.9628
750,105.5,80,0.0492738,0.3911,0.0492738,75.9858
750,105.5,80,0.049245,0.39115,0.049245,75.901
750,105.5,80,0.0492145,0.391204,0.0492145,75.9782
750,105.5,80,0.0491857,0.391254,0.0491857,75.8678
750,105.5,80,0.0491566,0.391305,0.0491566,75.9042
750,105.5,80,0.0491242,0.391355,0.0491242,75.5859
750,105.5,80,0.0490954,0.391408,0.0490954,76.0003
750,105.5,80,0.0490373,0.391465,0.0490373,74.095
750,105.5,80,0.0490066,0.391529,0.0490066,76.1741
750,105.5,80,0.048981,0.391585,0.048981,76.2683
750,105.5,80,0.0489553,0.391637,0.0489553,76.0706
750,105.5,80,0.0489295,0.391689,0.0489295,76.0908
750,105.5,80,0.0489044,0.391744,0.0489044,76.2382
750,105.5,80,0.0488778,0.391799,0.0488778,76.0771
750,105.5,80,0.0488537,0.391854,0.0488537,76.27
750,105.5,80,0.0488071,0.391922,0.0488071,75.2637
750,105.5,80,0.0487815,0.391978,0.0487815,76.1774
750,105.5,80,0.0487565,0.392031,0.0487565,76.0798
750,105.5,80,0.048731,0.392098,0.048731,76.4392
750,105.5,80,0.0486775,0.392167,0.0486775,74.8512
750,105.5,80,0.0486521,0.392222,0.0486521,76.0534
750,105.5,80,0.0486263,0.392275,0.0486263,75.9697
750,105.5,80,0.0486002,0.392338,0.0486002,76.2393
750,105.5,80,0.0485447,0.392412,0.0485447,74.8757
750,105.5,80,0.0485179,0.392469,0.0485179,75.9936
750,105.5,80,0.0484906,0.392525,0.0484906,75.8828
750,105.5,80,0.0484345,0.392585,0.0484345,74.1267
750,105.5,80,0.0484098,0.392654,0.0484098,76.3303
750,105.5,80,0.048385,0.392712,0.048385,76.0638
750,105.5,80,0.0483604,0.392768,0.0483604,76.03
750,105.5,80,0.0483095,0.392842,0.0483095,75.0151
750,105.5,80,0.048285,0.392897,0.048285,75.9497
750,105.5,80,0.0482605,0.392951,0.0482605,75.9012
750,105.5,80,0.0482344,0.393012,0.0482344,75.9683
750,105.5,80,0.0481888,0.393088,0.0481888,75.3197
750,105.5,80,0.0481658,0.393141,0.0481658,75.9202
750,105.5,80,0.0481398,0.393197,0.0481398,75.7875
750,105.5,80,0.0481158,0.393252,0.0481158,75.8895
750,105.5,80,0.0480684,0.39331,0.0480684,74.4258
750,105.5,80,0.0480444,0.393378,0.0480444,76.1703
750,105.5,80,0.048019,0.393431,0.048019,75.7067
750,105.5,80,0.0479956,0.393484,0.0479956,75.792
750,105.5,80,0.0479462,0.393546,0.0479462,74.4218
750,105.5,80,0.047924,0.393596,0.047924,75.7837
750,105.5,80,0.0479016,0.393661,0.0479016,76.1326
750,105.5,80,0.0478793,0.393715,0.0478793,75.874
750,105.5,80,0.0478549,0.393771,0.0478549,75.7662
750,105.5,80,0.0478339,0.393825,0.0478339,75.9353
750,105.5,80,0.0477891,0.393901,0.0477891,75.1276
750,105.5,80,0.0477641,0.393959,0.0477641,75.7489
750,105.5,80,0.0477422,0.394019,0.0477422,75.9893
750,105.5,80,0.0476978,0.394087,0.0476978,74.8402
750,105.5,80,0.047676,0.394147,0.047676,75.9611
750,105.5,80,0.0476533,0.394198,0.0476533,75.6195
750,105.5,80,0.0476326,0.394249,0.0476326,75.7813
750,105.5,80,0.0476113,0.394304,0.0476113,75.8272
750,105.5,80,0.0475695,0.394356,0.0475695,74.2314
750,105.5,80,0.0475453,0.394421,0.0475453,75.8557
750,105.5,80,0.0475235,0.394475,0.0475235,75.7185
750,105.5,80,0.0475025,0.394523,0.0475025,75.5645
750,105.5,80,0.0474825,0.39457,0.0474825,75.6533
750,105.5,80,0.0474589,0.394618,0.0474589,75.3353
750,105.5,80,0.047438,0.394668,0.047438,75.6446
750,105.5,80,0.047418,0.394716,0.047418,75.611
750,105.5,80,0.0473981,0.394763,0.0473981,75.611
750,105.5,80,0.0473768,0.394811,0.0473768,75.4834
750,105.5,80,0.0473572,0.39486,0.0473572,75.6461
750,105.5,80,0.0473375,0.394907,0.0473375,75.5901
750,105.5,80,0.0473178,0.394954,0.0473178,75.5819
750,105.5,80,0.0472987,0.395002,0.0472987,75.6259
750,105.5,80,0.0472772,0.39505,0.0472772,75.4554
750,105.5,80,0.0472579,0.395097,0.0472579,75.5848
750,105.5,80,0.0472389,0.395147,0.0472389,75.6576
750,105.5,80,0.0472189,0.395194,0.0472189,75.5117
750,105.5,80,0.0471964,0.395245,0.0471964,75.4464
750,105.5,80,0.047176,0.395296,0.047176,75.5716
750,105.5,80,0.0471558,0.39535,0.0471558,75.6485
750,105.5,80,0.0471129,0.395411,0.0471129,74.4006
750,105.5,80,0.0470932,0.395467,0.0470932,75.7225
750,105.5,80,0.0470737,0.395514,0.0470737,75.4661
750,105.5,80,0.0470534,0.395562,0.0470534,75.4379
750,105.5,80,0.0470338,0.395609,0.0470338,75.4374
750,105.5,80,0.047012,0.395656,0.047012,75.2668
750,105.5,80,0.0469931,0.395703,0.0469931,75.483
750,105.5,80,0.0469737,0.395751,0.0469737,75.4632
750,105.5,80,0.0469535,0.395798,0.0469535,75.3552
750,105.5,80,0.046936,0.395849,0.046936,75.672
750,105.5,80,0.0469193,0.395896,0.0469193,75.6248
750,105.5,80,0.046901,0.395943,0.046901,75.4935
750,105.5,80,0.0468829,0.39599,0.0468829,75.4859
750,105.5,80,0.0468624,0.396038,0.0468624,75.3335
750,105.5,80,0.0468444,0.396085,0.0468444,75.4806
750,105.5,80,0.0468261,0.396141,0.0468261,75.6915
750,105.5,80,0.0467877,0.396193,0.0467877,74.0984
750,105.5,80,0.0467713,0.396257,0.0467713,75.9302
750,105.5,80,0.0467541,0.396311,0.0467541,75.682
750,105.5,80,0.0467371,0.39636,0.0467371,75.5782
750,105.5,80,0.0467186,0.396407,0.0467186,75.3762
750,105.5,80,0.0467024,0.396457,0.0467024,75.6389
750,105.5,80,0.0466848,0.396505,0.0466848,75.4963
750,105.5,80,0.046667,0.396555,0.046667,75.4969
750,105.5,80,0.0466475,0.396605,0.0466475,75.353
750,105.5,80,0.0466118,0.39666,0.0466118,74.3792
750,105.5,80,0.0465939,0.396727,0.0465939,75.822
750,105.5,80,0.0465762,0.396776,0.0465762,75.4205
750,105.5,80,0.046558,0.396825,0.046558,75.3992
750,105.5,80,0.0465402,0.396872,0.0465402,75.3815
750,105.5,80,0.0465222,0.39692,0.0465222,75.3629
750,105.5,80,0.0465026,0.396971,0.0465026,75.3142
750,105.5,80,0.0464851,0.397017,0.0464851,75.3547
750,105.5,80,0.0464683,0.397065,0.0464683,75.4485
750,105.5,80,0.0464503,0.397115,0.0464503,75.389
750,105.5,80,0.0464321,0.397167,0.0464321,75.4106
750,105.5,80,0.0464126,0.397217,0.0464126,75.2727
750,105.5,80,0.0463758,0.397287,0.0463758,74.7633
750,105.5,80,0.0463567,0.397334,0.0463567,75.1511
750,105.5,80,0.0463366,0.397381,0.0463366,75.0928
750,105.5,80,0.0463175,0.397429,0.0463175,75.1959
750,105.5,80,0.0462984,0.397478,0.0462984,75.2186
750,105.5,80,0.0462795,0.397525,0.0462795,75.1526
750,105.5,80,0.0462618,0.397571,0.0462618,75.2243
750,105.5,80,0.0462432,0.397617,0.0462432,75.1486
750,105.5,80,0.046226,0.397665,0.046226,75.2977
750,105.5,80,0.0462108,0.397712,0.0462108,75.4052
750,105.5,80,0.0461918,0.397758,0.0461918,75.0977
750,105.5,80,0.0461778,0.397804,0.0461778,75.4863
750,105.5,80,0.046162,0.397852,0.046162,75.3598
750,105.5,80,0.0461477,0.397898,0.0461477,75.4472
750,105.5,80,0.0461304,0.397947,0.0461304,75.2859
750,105.5,80,0.0461145,0.397995,0.0461145,75.3456
750,105.5,80,0.0460991,0.398043,0.0460991,75.3741
750,105.5,80,0.0460838,0.398091,0.0460838,75.3834
750,105.5,80,0.0460529,0.398142,0.0460529,74.3221
750,105.5,80,0.0460389,0.398203,0.0460389,75.7005
750,105.5,80,0.0460238,0.398255,0.0460238,75.4635
750,105.5,80,0.0460108,0.398304,0.0460108,75.5628
750,105.5,80,0.0459968,0.398353,0.0459968,75.4595
750,105.5,80,0.0459821,0.398399,0.0459821,75.3436
750,105.5,80,0.0459587,0.398448,0.0459587,74.7413
750,105.5,80,0.0459425,0.398494,0.0459425,75.2089
750,105.5,80,0.0459287,0.39854,0.0459287,75.3871
750,105.5,80,0.0459138,0.398587,0.0459138,75.3295
750,105.5,80,0.0458986,0.398637,0.0458986,75.3587
750,105.5,80,0.0458843,0.398685,0.0458843,75.3912
750,105.5,80,0.0458681,0.398736,0.0458681,75.2856
750,105.5,80,0.0458379,0.398785,0.0458379,74.2132
750,105.5,80,0.0458209,0.398847,0.0458209,75.4345
750,105.5,80,0.0458059,0.3989,0.0458059,75.4015
750,105.5,80,0.0457905,0.39895,0.0457905,75.3127
750,105.5,80,0.0457747,0.398997,0.0457747,75.1748
750,105.5,80,0.0457589,0.399044,0.0457589,75.1877
750,105.5,80,0.0457414,0.399089,0.0457414,75.0125
750,105.5,80,0.0457263,0.399135,0.0457263,75.2022
750,105.5,80,0.0457122,0.399181,0.0457122,75.2656
750,105.5,80,0.0456832,0.399242,0.0456832,74.6427
750,105.5,80,0.0456699,0.3993,0.0456699,75.5417
750,105.5,80,0.045657,0.399354,0.045657,75.5003
750,105.5,80,0.0456458,0.399399,0.0456458,75.4754
750,105.5,80,0.0456286,0.399448,0.0456286,75.0618
750,105.5,80,0.0456159,0.399496,0.0456159,75.3995
750,105.5,80,0.0456065,0.399544,0.0456065,75.6456
750,105.5,80,0.0455948,0.39959,0.0455948,75.4297
750,105.5,80,0.0455798,0.399641,0.0455798,75.255
750,105.5,80,0.0455657,0.399689,0.0455657,75.2732
750,105.5,80,0.0455405,0.399742,0.0455405,74.617
750,105.5,80,0.0455272,0.399803,0.0455272,75.5338
750,105.5,80,0.0455127,0.399855,0.0455127,75.2844
750,105.5,80,0.0454995,0.399904,0.0454995,75.3378
750,105.5,80,0.0454861,0.399953,0.0454861,75.3156
750,105.5,80,0.0454718,0.400002,0.0454718,75.255
750,105.5,80,0.0454555,0.400052,0.0454555,75.1083
750,105.5,80,0.0454277,0.400106,0.0454277,74.4009
750,105.5,80,0.0454142,0.400169,0.0454142,75.5033
750,105.5,80,0.0453998,0.400218,0.0453998,75.1999
750,105.5,80,0.0453836,0.400267,0.0453836,75.079
750,105.5,80,0.0453703,0.400313,0.0453703,75.1947
750,105.5,80,0.0453771,0.400359,0.0453771,76.8135
750,105.5,80,0.0453633,0.400404,0.0453633,75.161
750,105.5,80,0.0453476,0.40045,0.0453476,75.0262
750,105.5,80,0.0453332,0.400496,0.0453332,75.0995
750,105.5,80,0.0453182,0.400541,0.0453182,75.0442
750,105.5,80,0.0453033,0.400587,0.0453033,75.0588
750,105.5,80,0.0452871,0.400634,0.0452871,74.9962
750,105.5,80,0.0452736,0.40068,0.0452736,75.1456
750,105.5,80,0.0452588,0.400725,0.0452588,75.0352
750,105.5,80,0.0452436,0.40077,0.0452436,74.9988
750,105.5,80,0.0452276,0.400821,0.0452276,75.0716
750,105.5,80,0.0452148,0.400869,0.0452148,75.2294
750,105.5,80,0.0452019,0.400918,0.0452019,75.2495
750,105.5,80,0.0451761,0.400967,0.0451761,74.2719
750,105.5,80,0.0451649,0.401012,0.0451649,75.2875
750,105.5,80,0.0451537,0.401076,0.0451537,75.5468
750,105.5,80,0.0451429,0.401128,0.0451429,75.4247
750,105.5,80,0.0451324,0.401174,0.0451324,75.3588
750,105.5,80,0.0451204,0.401219,0.0451204,75.2137
750,105.5,80,0.0451088,0.401265,0.0451088,75.2334
750,105.5,80,0.0450971,0.40131,0.0450971,75.2388
750,105.5,80,0.0450843,0.401355,0.0450843,75.133
750,105.5,80,0.0450736,0.401403,0.0450736,75.3399
750,105.5,80,0.0450622,0.401448,0.0450622,75.2404
750,105.5,80,0.0450505,0.401493,0.0450505,75.2089
750,105.5,80,0.0450381,0.401538,0.0450381,75.1506
750,105.5,80,0.0450252,0.401586,0.0450252,75.1668
750,105.5,80,0.0450135,0.401637,0.0450135,75.305
750,105.5,80,0.044991,0.401701,0.044991,74.8593
750,105.5,80,0.0449791,0.401753,0.0449791,75.2901
750,105.5,80,0.0449675,0.4018,0.0449675,75.2397
750,105.5,80,0.0449552,0.401845,0.0449552,75.129
750,105.5,80,0.0449417,0.40189,0.0449417,75.0296
750,105.5,80,0.0449306,0.401936,0.0449306,75.2324
750,105.5,80,0.044919,0.401983,0.044919,75.2009
750,105.5,80,0.0449066,0.402028,0.0449066,75.1095
750,105.5,80,0.0448942,0.402076,0.0448942,75.1552
750,105.5,80,0.0448805,0.402121,0.0448805,74.9905
750,105.5,80,0.044868,0.402171,0.044868,75.1979
750,105.5,80,0.0448555,0.402221,0.0448555,75.1801
750,105.5,80,0.0448293,0.402283,0.0448293,74.5366
750,105.5,80,0.0448163,0.402335,0.0448163,75.1631
750,105.5,80,0.0448034,0.402385,0.0448034,75.1183
750,105.5,80,0.0447913,0.40243,0.0447913,75.0852
750,105.5,80,0.0447781,0.402475,0.0447781,75.0086
750,105.5,80,0.0447668,0.40252,0.0447668,75.1402
750,105.5,80,0.0447547,0.402566,0.0447547,75.0844
750,105.5,80,0.0447427,0.40261,0.0447427,75.075
750,105.5,80,0.0447317,0.402655,0.0447317,75.1498
750,105.5,80,0.0447194,0.4027,0.0447194,75.0386
750,105.5,80,0.0447089,0.402745,0.0447089,75.1837
750,105.5,80,0.0446982,0.40279,0.0446982,75.1674
750,105.5,80,0.0446866,0.402834,0.0446866,75.0856
750,105.5,80,0.0446753,0.40288,0.0446753,75.1321
750,105.5,80,0.0446638,0.402926,0.0446638,75.1095
750,105.5,80,0.0446526,0.402971,0.0446526,75.1105
750,105.5,80,0.0446412,0.403016,0.0446412,75.0847
750,105.5,80,0.0446284,0.40306,0.0446284,74.9718
750,105.5,80,0.0446158,0.40311,0.0446158,75.0948
750,105.5,80,0.0446024,0.403155,0.0446024,74.91
750,105.5,80,0.0445889,0.403202,0.0445889,74.967
750,105.5,80,0.0445748,0.40325,0.0445748,74.9078
750,105.5,80,0.0445497,0.403311,0.0445497,74.5099
750,105.5,80,0.0445355,0.403364,0.0445355,75.0029
750,105.5,80,0.0445232,0.403414,0.0445232,75.0646
750,105.5,80,0.0445122,0.403458,0.0445122,75.0683
750,105.5,80,0.0445015,0.403503,0.0445015,75.0979
750,105.5,80,0.0444914,0.40355,0.0444914,75.169
750,105.5,80,0.0444806,0.403602,0.0444806,75.2015
750,105.5,80,0.0444064,0.403893,0.0444064,75.0104
750,105.5,80,0.0443943,0.403946,0.0443943,75.1021
750,105.5,80,0.0443832,0.40399,0.0443832,75.0159
750,105.5,80,0.0443726,0.404035,0.0443726,75.0761
750,105.5,80,0.0443625,0.40408,0.0443625,75.1023
750,105.5,80,0.0443531,0.404137,0.0443531,75.3122
750,105.5,80,0.0443322,0.404198,0.0443322,74.6757
750,105.5,80,0.0443224,0.404263,0.0443224,75.359
750,105.5,80,0.0443131,0.404309,0.0443131,75.1695
750,105.5,80,0.0442937,0.404361,0.0442937,74.5606
750,105.5,80,0.0442852,0.404426,0.0442852,75.4147
750,105.5,80,0.044277,0.404472,0.044277,75.2467
750,105.5,80,0.044266,0.40452,0.044266,75.0674
750,105.5,80,0.0442561,0.404569,0.0442561,75.1573
750,105.5,80,0.044246,0.404613,0.044246,75.0673
750,105.5,80,0.0442352,0.404658,0.0442352,75.0143
750,105.5,80,0.0442265,0.404702,0.0442265,75.1699
750,105.5,80,0.0442176,0.40475,0.0442176,75.2025
750,105.5,80,0.0442079,0.404795,0.0442079,75.1029
750,105.5,80,0.0441968,0.404843,0.0441968,75.0371
750,105.5,80,0.0441767,0.404905,0.0441767,74.7009
750,105.5,80,0.0441671,0.404956,0.0441671,75.1854
750,105.5,80,0.0441577,0.405,0.0441577,75.0972
750,105.5,80,0.0441478,0.405044,0.0441478,75.0552
750,105.5,80,0.0441393,0.405089,0.0441393,75.1545
750,105.5,80,0.0441296,0.405135,0.0441296,75.1054
750,105.5,80,0.0441196,0.40518,0.0441196,75.0447
750,105.5,80,0.0441087,0.405224,0.0441087,74.9613
750,105.5,80,0.0440987,0.40527,0.0440987,75.0713
750,105.5,80,0.0440892,0.405317,0.0440892,75.1145
750,105.5,80,0.04408,0.405361,0.04408,75.087
750,105.5,80,0.044071,0.405405,0.044071,75.1052
750,105.5,80,0.0440618,0.405449,0.0440618,75.0827
750,105.5,80,0.0440527,0.405496,0.0440527,75.1386
750,105.5,80,0.0440439,0.405541,0.0440439,75.1199
750,105.5,80,0.0440352,0.405588,0.0440352,75.1608
750,105.5,80,0.0440256,0.405633,0.0440256,75.0645
750,105.5,80,0.0440174,0.405685,0.0440174,75.2615
750,105.5,80,0.0440013,0.405745,0.0440013,74.8648
750,105.5,80,0.0439912,0.405794,0.0439912,75.0819
750,105.5,80,0.043982,0.40584,0.043982,75.0944
750,105.5,80,0.0439722,0.405884,0.0439722,75.0155
750,105.5,80,0.0439631,0.405928,0.0439631,75.0702
750,105.5,80,0.0439535,0.405973,0.0439535,75.0371
750,105.5,80,0.043944,0.406016,0.043944,75.0365
750,105.5,80,0.0439344,0.406061,0.0439344,75.0365
750,105.5,80,0.0439183,0.406105,0.0439183,74.4946
750,105.5,80,0.043908,0.40615,0.043908,74.9703
750,105.5,80,0.0438982,0.406195,0.0438982,75.0134
750,105.5,80,0.043889,0.406249,0.043889,75.1753
750,105.5,80,0.0438809,0.406294,0.0438809,75.1449
750,105.5,80,0.0438627,0.406342,0.0438627,74.4269
750,105.5,80,0.0438538,0.406399,0.0438538,75.2276
750,105.5,80,0.043845,0.406451,0.043845,75.1638
750,105.5,80,0.0438339,0.406495,0.0438339,74.8872
750,105.5,80,0.0438239,0.40654,0.0438239,74.9668
750,105.5,80,0.043814,0.406584,0.043814,74.9627
750,105.5,80,0.0438045,0.406629,0.0438045,75.0276
750,105.5,80,0.0437934,0.406675,0.0437934,74.897
750,105.5,80,0.0437831,0.406727,0.0437831,75.0434
750,105.5,80,0.0437619,0.40678,0.0437619,74.3554
750,105.5,80,0.0437499,0.406844,0.0437499,75.078
750,105.5,80,0.0437395,0.406889,0.0437395,74.9187
750,105.5,80,0.0437296,0.406934,0.0437296,74.9601
750,105.5,80,0.0437202,0.406979,0.0437202,74.9882
750,105.5,80,0.0437104,0.407028,0.0437104,75.036
750,105.5,80,0.0436996,0.407077,0.0436996,74.9522
750,105.5,80,0.0436899,0.407124,0.0436899,74.9988
750,105.5,80,0.0436717,0.407184,0.0436717,74.6489
750,105.5,80,0.0436624,0.407236,0.0436624,75.0781
750,105.5,80,0.0436543,0.40728,0.0436543,75.0741
750,105.5,80,0.0436462,0.407324,0.0436462,75.0614
750,105.5,80,0.0436374,0.407368,0.0436374,74.9961
750,105.5,80,0.043628,0.407413,0.043628,74.9732
750,105.5,80,0.0436173,0.407457,0.0436173,74.8608
750,105.5,80,0.0436081,0.407504,0.0436081,75.0134
750,105.5,80,0.0435986,0.40755,0.0435986,74.9791
750,105.5,80,0.0435884,0.4076,0.0435884,74.9723
750,105.5,80,0.0435796,0.407643,0.0435796,74.9874
750,105.5,80,0.0435714,0.40769,0.0435714,75.0803
750,105.5,80,0.0435624,0.407735,0.0435624,74.9908
750,105.5,80,0.0435429,0.407785,0.0435429,74.3328
750,105.5,80,0.043535,0.407829,0.043535,75.0436
750,105.5,80,0.0435273,0.407886,0.0435273,75.2051
750,105.5,80,0.0435206,0.407933,0.0435206,75.1872
750,105.5,80,0.043514,0.40798,0.043514,75.1839
750,105.5,80,0.0435068,0.408024,0.0435068,75.1092
750,105.5,80,0.0434997,0.408067,0.0434997,75.1092
750,105.5,80,0.0434924,0.408111,0.0434924,75.1014
750,105.5,80,0.0434834,0.408155,0.0434834,74.9492
750,105.5,80,0.0434759,0.408198,0.0434759,75.0752
750,105.5,80,0.0434691,0.408242,0.0434691,75.124
750,105.5,80,0.0434628,0.408285,0.0434628,75.1662
750,105.5,80,0.0434565,0.40833,0.0434565,75.1855
750,105.5,80,0.0434508,0.408374,0.0434508,75.2131
750,105.5,80,0.0434436,0.408418,0.0434436,75.1102
750,105.5,80,0.0434367,0.408464,0.0434367,75.1447
750,105.5,80,0.0434294,0.408511,0.0434294,75.1361
750,105.5,80,0.0434221,0.408556,0.0434221,75.1065
750,105.5,80,0.043413,0.408602,0.043413,74.9774
750,105.5,80,0.043398,0.408651,0.043398,74.5887
750,105.5,80,0.0433911,0.408711,0.0433911,75.2604
750,105.5,80,0.0433822,0.408758,0.0433822,75.0161
750,105.5,80,0.0433743,0.408804,0.0433743,75.0512
750,105.5,80,0.0433659,0.408847,0.0433659,74.9903
750,105.5,80,0.0433575,0.408897,0.0433575,75.0703
750,105.5,80,0.0433471,0.40894,0.0433471,74.8166
750,105.5,80,0.0433378,0.408984,0.0433378,74.9171
750,105.5,80,0.0433289,0.409027,0.0433289,74.9383
750,105.5,80,0.0433206,0.409074,0.0433206,75.0331
750,105.5,80,0.043325,0.409118,0.043325,76.0057
750,105.5,80,0.0433155,0.409163,0.0433155,74.9313
750,105.5,80,0.0433071,0.409209,0.0433071,75.014
750,105.5,80,0.04329,0.409268,0.04329,74.6455
750,105.5,80,0.04328,0.409319,0.04328,74.9635
750,105.5,80,0.0432711,0.409363,0.0432711,74.9428
750,105.5,80,0.0432625,0.409406,0.0432625,74.9477
750,105.5,80,0.0432542,0.40945,0.0432542,74.9739
750,105.5,80,0.0432452,0.409493,0.0432452,74.9153
750,105.5,80,0.043237,0.409536,0.043237,74.9836
750,105.5,80,0.0432291,0.409581,0.0432291,75.0118
750,105.5,80,0.0432212,0.409628,0.0432212,75.0661
750,105.5,80,0.0432119,0.409675,0.0432119,74.9325
750,105.5,80,0.0432033,0.409721,0.0432033,74.9863
750,105.5,80,0.0431946,0.40977,0.0431946,75.017
750,105.5,80,0.0431778,0.409819,0.0431778,74.4186
750,105.5,80,0.04317,0.409879,0.04317,75.1722
750,105.5,80,0.0431617,0.409926,0.0431617,75.0074
750,105.5,80,0.0431532,0.40997,0.0431532,74.9549
750,105.5,80,0.043144,0.410017,0.043144,74.9372
750,105.5,80,0.043135,0.410061,0.043135,74.9011
750,105.5,80,0.0431256,0.410104,0.0431256,74.8638
750,105.5,80,0.0431151,0.410147,0.0431151,74.7694
750,105.5,80,0.0431062,0.410199,0.0431062,75.004
750,105.5,80,0.0430973,0.410243,0.0430973,74.9145
750,105.5,80,0.04308,0.410291,0.04308,74.3394
750,105.5,80,0.0430707,0.410348,0.0430707,75.0379
750,105.5,80,0.0430618,0.410398,0.0430618,74.9858
750,105.5,80,0.0430532,0.410443,0.0430532,74.9199
750,105.5,80,0.0430446,0.410488,0.0430446,74.942
750,105.5,80,0.0430363,0.410531,0.0430363,74.9205
750,105.5,80,0.0430295,0.410575,0.0430295,75.0536
750,105.5,80,0.0430236,0.410618,0.0430236,75.117
750,105.5,80,0.0430183,0.410661,0.0430183,75.1617
750,105.5,80,0.0430127,0.410706,0.0430127,75.1602
750,105.5,80,0.0430071,0.410755,0.0430071,75.1956
750,105.5,80,0.043001,0.410798,0.043001,75.112
750,105.5,80,0.0429944,0.410842,0.0429944,75.0664
750,105.5,80,0.0429867,0.410885,0.0429867,74.9772
750,105.5,80,0.0429794,0.410931,0.0429794,75.0366
750,105.5,80,0.042972,0.410977,0.042972,75.0335
750,105.5,80,0.0429566,0.411036,0.0429566,74.6816
750,105.5,80,0.0429494,0.411086,0.0429494,75.0848
750,105.5,80,0.0429412,0.411129,0.0429412,74.9267
750,105.5,80,0.0429324,0.411172,0.0429324,74.8736
750,105.5,80,0.0429225,0.411216,0.0429225,74.8138
750,105.5,80,0.0429129,0.411261,0.0429129,74.8312
750,105.5,80,0.0429039,0.411307,0.0429039,74.9027
750,105.5,80,0.042894,0.41135,0.042894,74.7774
750,105.5,80,0.0428865,0.411393,0.0428865,74.9607
750,105.5,80,0.0428787,0.411436,0.0428787,74.947
750,105.5,80,0.0428711,0.41148,0.0428711,74.9726
750,105.5,80,0.0428631,0.411523,0.0428631,74.9243
750,105.5,80,0.0428536,0.411566,0.0428536,74.8014
750,105.5,80,0.0428454,0.411609,0.0428454,74.901
750,105.5,80,0.0428367,0.411651,0.0428367,74.8625
750,105.5,80,0.0428284,0.411694,0.0428284,74.896
750,105.5,80,0.0428208,0.411737,0.0428208,74.9452
750,105.5,80,0.042813,0.411783,0.042813,74.9673
750,105.5,80,0.0428057,0.41183,0.0428057,75.0266
750,105.5,80,0.042791,0.411877,0.042791,74.4655
750,105.5,80,0.042782,0.411936,0.042782,75.0247
750,105.5,80,0.0427738,0.411984,0.0427738,74.9607
750,105.5,80,0.042765,0.412031,0.042765,74.8913
750,105.5,80,0.0427565,0.412075,0.0427565,74.8866
750,105.5,80,0.0427485,0.412121,0.0427485,74.941
750,105.5,80,0.0427412,0.412164,0.0427412,74.9594
750,105.5,80,0.0427344,0.41221,0.0427344,75.0424
750,105.5,80,0.0427284,0.412255,0.0427284,75.0764
750,105.5,80,0.0427215,0.412302,0.0427215,75.0407
750,105.5,80,0.0427073,0.41235,0.0427073,74.5245
750,105.5,80,0.0426999,0.412409,0.0426999,75.1021
750,105.5,80,0.042692,0.412454,0.042692,74.9392
750,105.5,80,0.042685,0.412499,0.042685,74.9989
750,105.5,80,0.0426788,0.412542,0.0426788,75.0433
750,105.5,80,0.0426725,0.412585,0.0426725,75.0278
750,105.5,80,0.0426677,0.412627,0.0426677,75.1442
750,105.5,80,0.0426621,0.41267,0.0426621,75.0879
750,105.5,80,0.0426565,0.412713,0.0426565,75.0846
750,105.5,80,0.0426505,0.412757,0.0426505,75.0733
750,105.5,80,0.0426434,0.412802,0.0426434,74.9948
750,105.5,80,0.0426363,0.412849,0.0426363,75.0189
750,105.5,80,0.0426289,0.412894,0.0426289,74.9678
750,105.5,80,0.0426144,0.412944,0.0426144,74.5342
750,105.5,80,0.0426075,0.412988,0.0426075,74.999
750,105.5,80,0.0426015,0.413031,0.0426015,75.0392
750,105.5,80,0.0425959,0.413092,0.0425959,75.2202
750,105.5,80,0.0425902,0.413139,0.0425902,75.1115
750,105.5,80,0.0425845,0.413181,0.0425845,75.0759
750,105.5,80,0.0425788,0.413227,0.0425788,75.1015
750,105.5,80,0.0425722,0.41327,0.0425722,75.0053
750,105.5,80,0.0425659,0.413312,0.0425659,75.024
750,105.5,80,0.0425587,0.413355,0.0425587,74.9509
750,105.5,80,0.0425525,0.413397,0.0425525,75.0289
750,105.5,80,0.0425464,0.41344,0.0425464,75.0469
750,105.5,80,0.0425403,0.413489,0.0425403,75.1056
750,105.5,80,0.042535,0.413534,0.042535,75.1294
750,105.5,80,0.0425246,0.413581,0.0425246,74.7761
750,105.5,80,0.0425145,0.413642,0.0425145,74.953
750,105.5,80,0.042513,0.413687,0.042513,75.4187
750,105.5,80,0.042502,0.41373,0.042502,74.6625
750,105.5,80,0.0424952,0.413776,0.0424952,75.0204
750,105.5,80,0.042488,0.413821,0.042488,74.977
750,105.5,80,0.04248,0.413864,0.04248,74.8947
750,105.5,80,0.0424727,0.41391,0.0424727,74.9765
750,105.5,80,0.0424655,0.413955,0.0424655,74.9866
750,105.5,80,0.0424586,0.413998,0.0424586,74.9761
750,105.5,80,0.0424522,0.414044,0.0424522,75.0474
750,105.5,80,0.0424457,0.414089,0.0424457,75.031
750,105.5,80,0.0424321,0.414136,0.0424321,74.5229
750,105.5,80,0.0424243,0.41419,0.0424243,75.032
750,105.5,80,0.042416,0.41424,0.042416,74.9478
750,105.5,80,0.0424073,0.414283,0.0424073,74.8134
750,105.5,80,0.0423993,0.414331,0.0423993,74.9535
750,105.5,80,0.0423906,0.414375,0.0423906,74.8357
750,105.5,80,0.0423833,0.414422,0.0423833,74.9899
750,105.5,80,0.0423766,0.414468,0.0423766,75.0092
750,105.5,80,0.0423631,0.41453,0.0423631,74.7708
750,105.5,80,0.0423565,0.414579,0.0423565,75.0455
750,105.5,80,0.0423494,0.414626,0.0423494,74.9945
750,105.5,80,0.0423419,0.414668,0.0423419,74.9042
750,105.5,80,0.0423333,0.414711,0.0423333,74.8174
750,105.5,80,0.0423248,0.414756,0.0423248,74.8653
750,105.5,80,0.0423167,0.414803,0.0423167,74.9123
750,105.5,80,0.0423087,0.414848,0.0423087,74.9008
750,105.5,80,0.0422926,0.414894,0.0422926,74.3166
750,105.5,80,0.0422851,0.414952,0.0422851,75.0462
750,105.5,80,0.0422781,0.415002,0.0422781,75.0117
750,105.5,80,0.0422694,0.415046,0.0422694,74.8299
750,105.5,80,0.0422611,0.415092,0.0422611,74.8844
750,105.5,80,0.0422527,0.415139,0.0422527,74.8818
750,105.5,80,0.0422362,0.415205,0.0422362,74.6387
750,105.5,80,0.042228,0.415255,0.042228,74.9187
750,105.5,80,0.0422214,0.415301,0.0422214,75.0017
750,105.5,80,0.0422151,0.415346,0.0422151,75.0107
750,105.5,80,0.0422089,0.415393,0.0422089,75.0342
750,105.5,80,0.0422018,0.415438,0.0422018,74.9343
750,105.5,80,0.0421958,0.415484,0.0421958,75.0437
750,105.5,80,0.0421833,0.41553,0.0421833,74.5509
750,105.5,80,0.0421759,0.415588,0.0421759,75.0553
750,105.5,80,0.0421679,0.415634,0.0421679,74.8792
750,105.5,80,0.0421608,0.415677,0.0421608,74.916
750,105.5,80,0.0421535,0.415719,0.0421535,74.8901
750,105.5,80,0.0421466,0.415766,0.0421466,74.9775
750,105.5,80,0.0421395,0.415809,0.0421395,74.9208
750,105.5,80,0.0421337,0.415853,0.0421337,75.0311
750,105.5,80,0.0421275,0.415902,0.0421275,75.0401
750,105.5,80,0.0421136,0.415951,0.0421136,74.5144
750,105.5,80,0.0421064,0.416005,0.0421064,75.0216
750,105.5,80,0.0420991,0.416056,0.0420991,74.9843
750,105.5,80,0.042089,0.416102,0.042089,74.7267
750,105.5,80,0.0420824,0.416146,0.0420824,74.9591
750,105.5,80,0.0420723,0.416189,0.0420723,74.6785
750,105.5,80,0.0420644,0.416237,0.0420644,74.8995
750,105.5,80,0.0420568,0.416282,0.0420568,74.8969
750,105.5,80,0.0420418,0.416346,0.0420418,74.6648
750,105.5,80,0.0420344,0.41639,0.0420344,74.8846
750,105.5,80,0.0420269,0.416439,0.0420269,74.9501
750,105.5,80,0.0420183,0.416488,0.0420183,74.8622
750,105.5,80,0.0420026,0.41655,0.0420026,74.5934
750,105.5,80,0.0419946,0.4166,0.0419946,74.9052
750,105.5,80,0.0419865,0.416646,0.0419865,74.8599
750,105.5,80,0.0419803,0.416691,0.0419803,74.9814
750,105.5,80,0.0419744,0.41674,0.0419744,75.039
750,105.5,80,0.0419692,0.416786,0.0419692,75.0709
750,105.5,80,0.0419584,0.416849,0.0419584,74.8745
750,105.5,80,0.0419534,0.416893,0.0419534,75.0596
750,105.5,80,0.0419561,0.416938,0.0419561,75.6564
750,105.5,80,0.0419505,0.41698,0.0419505,75.0075
750,105.5,80,0.0419447,0.417022,0.0419447,74.9899
750,105.5,80,0.0419373,0.417064,0.0419373,74.8668
750,105.5,80,0.0419301,0.417106,0.0419301,74.8769
750,105.5,80,0.0419228,0.417154,0.0419228,74.941
750,105.5,80,0.0419153,0.417198,0.0419153,74.8682
750,105.5,80,0.0419082,0.41724,0.0419082,74.8847
750,105.5,80,0.0419012,0.417287,0.0419012,74.9462
750,105.5,80,0.0418945,0.417333,0.0418945,74.9736
750,105.5,80,0.0418804,0.417396,0.0418804,74.688
750,105.5,80,0.0418733,0.41744,0.0418733,74.9056
750,105.5,80,0.0418658,0.417486,0.0418658,74.8954
750,105.5,80,0.041858,0.417528,0.041858,74.8175
750,105.5,80,0.0418487,0.417571,0.0418487,74.7203
750,105.5,80,0.0418401,0.417617,0.0418401,74.8093
750,105.5,80,0.0418316,0.417665,0.0418316,74.8462
750,105.5,80,0.0418162,0.417712,0.0418162,74.3425
750,105.5,80,0.0418091,0.417772,0.0418091,75.0392
750,105.5,80,0.0418025,0.417818,0.0418025,74.9418
750,105.5,80,0.0417951,0.417867,0.0417951,74.9315
750,105.5,80,0.0417892,0.417912,0.0417892,74.9943
750,105.5,80,0.0417825,0.417958,0.0417825,74.9393
750,105.5,80,0.0417682,0.418004,0.0417682,74.3807
750,105.5,80,0.0417608,0.418064,0.0417608,75.0151
750,105.5,80,0.0417536,0.418113,0.0417536,74.9343
750,105.5,80,0.0417403,0.41817,0.0417403,74.6473
750,105.5,80,0.0417336,0.418227,0.0417336,75.0356
750,105.5,80,0.0417277,0.418272,0.0417277,74.9824
750,105.5,80,0.0417224,0.418314,0.0417224,75.0032
750,105.5,80,0.0417174,0.41836,0.0417174,75.0552
750,105.5,80,0.0417113,0.418405,0.0417113,74.9761
750,105.5,80,0.0417058,0.41845,0.0417058,75.0165
750,105.5,80,0.0417001,0.418492,0.0417001,74.9776
750,105.5,80,0.0416947,0.418539,0.0416947,75.0414
750,105.5,80,0.0416879,0.418585,0.0416879,74.9341
750,105.5,80,0.041676,0.418644,0.041676,74.7516
750,105.5,80,0.0416708,0.418692,0.0416708,75.0658
750,105.5,80,0.0416652,0.418735,0.0416652,74.9935
750,105.5,80,0.0416604,0.418777,0.0416604,75.0424
750,105.5,80,0.0416561,0.418819,0.0416561,75.0831
750,105.5,80,0.041652,0.41886,0.041652,75.1031
750,105.5,80,0.0416472,0.418902,0.0416472,75.0425
750,105.5,80,0.0416431,0.418944,0.0416431,75.1031
750,105.5,80,0.0416389,0.418986,0.0416389,75.1048
750,105.5,80,0.0416346,0.419028,0.0416346,75.0881
750,105.5,80,0.0416298,0.41907,0.0416298,75.0536
750,105.5,80,0.0416244,0.419111,0.0416244,75.0037
750,105.5,80,0.0416194,0.419162,0.0416194,75.1116
750,105.5,80,0.0416088,0.419223,0.0416088,74.8524
750,105.5,80,0.0416028,0.419273,0.0416028,75.0317
750,105.5,80,0.0415979,0.419317,0.0415979,75.0736
750,105.5,80,0.0415935,0.419361,0.0415935,75.0995
750,105.5,80,0.0415893,0.419405,0.0415893,75.1184
750,105.5,80,0.0415842,0.419455,0.0415842,75.1071
750,105.5,80,0.0415752,0.419501,0.0415752,74.7851
750,105.5,80,0.0415705,0.419556,0.0415705,75.157
750,105.5,80,0.041565,0.419603,0.041565,75.0528
750,105.5,80,0.0415598,0.419648,0.0415598,75.0569
750,105.5,80,0.0415543,0.41969,0.0415543,75.0128
750,105.5,80,0.0415481,0.419735,0.0415481,74.9748
750,105.5,80,0.0415409,0.419777,0.0415409,74.8833
750,105.5,80,0.0415343,0.419819,0.0415343,74.9244
750,105.5,80,0.0415283,0.419865,0.0415283,75.0023
750,105.5,80,0.0415164,0.419914,0.0415164,74.6368
750,105.5,80,0.0415102,0.419975,0.0415102,75.1011
750,105.5,80,0.0415051,0.420019,0.0415051,75.0616
750,105.5,80,0.0415,0.420061,0.0415,75.0342
750,105.5,80,0.0414941,0.420107,0.0414941,75.0117
750,105.5,80,0.0414889,0.42015,0.0414889,75.0514
750,105.5,80,0.041484,0.420198,0.041484,75.1036
750,105.5,80,0.0414727,0.420245,0.0414727,74.6439
750,105.5,80,0.0414675,0.420305,0.0414675,75.1502
750,105.5,80,0.0414621,0.42035,0.0414621,75.05
750,105.5,80,0.0414558,0.420399,0.0414558,75.0164
750,105.5,80,0.0414504,0.420446,0.0414504,75.0661
750,105.5,80,0.0414403,0.420509,0.0414403,74.9103
750,105.5,80,0.0414355,0.420556,0.0414355,75.1086
750,105.5,80,0.0414305,0.420603,0.0414305,75.0925
750,105.5,80,0.041426,0.420644,0.041426,75.0859
750,105.5,80,0.0414193,0.420687,0.0414193,74.9309
750,105.5,80,0.0414155,0.42073,0.0414155,75.1499
750,105.5,80,0.0414113,0.420772,0.0414113,75.1212
750,105.5,80,0.0414062,0.420816,0.0414062,75.0739
750,105.5,80,0.0413964,0.420867,0.0413964,74.8038
750,105.5,80,0.04139,0.420926,0.04139,75.091
750,105.5,80,0.0413841,0.420972,0.0413841,75.0186
750,105.5,80,0.0413777,0.421017,0.0413777,74.9827
750,105.5,80,0.0413713,0.42106,0.0413713,74.968
750,105.5,80,0.0413653,0.421102,0.0413653,74.975
750,105.5,80,0.0413588,0.421147,0.0413588,74.9724
750,105.5,80,0.0413531,0.42119,0.0413531,75.0105
750,105.5,80,0.0413422,0.42124,0.0413422,74.7264
750,105.5,80,0.0413365,0.421295,0.0413365,75.1069
750,105.5,80,0.0413315,0.421343,0.0413315,75.099
750,105.5,80,0.0413264,0.421388,0.0413264,75.0783
750,105.5,80,0.0413211,0.421438,0.0413211,75.1043
750,105.5,80,0.0413152,0.421486,0.0413152,75.0477
750,105.5,80,0.0413022,0.421546,0.0413022,74.7271
750,105.5,80,0.0412958,0.42159,0.0412958,74.9766
750,105.5,80,0.0412892,0.42164,0.0412892,75.0135
750,105.5,80,0.0412826,0.421688,0.0412826,74.9953
750,105.5,80,0.0412712,0.421735,0.0412712,74.6546
750,105.5,80,0.0412656,0.421792,0.0412656,75.1225
750,105.5,80,0.0412605,0.421837,0.0412605,75.0692
750,105.5,80,0.0412553,0.421881,0.0412553,75.067
750,105.5,80,0.0412507,0.421925,0.0412507,75.101
750,105.5,80,0.0412459,0.421967,0.0412459,75.0707
750,105.5,80,0.041241,0.422013,0.041241,75.1058
750,105.5,80,0.0412355,0.422056,0.0412355,75.0352
750,105.5,80,0.0412301,0.422102,0.0412301,75.0632
750,105.5,80,0.041219,0.422148,0.041219,74.6549
750,105.5,80,0.041213,0.422204,0.041213,75.1012
750,105.5,80,0.0412061,0.422249,0.0412061,74.9442
750,105.5,80,0.0411998,0.422295,0.0411998,75.0033
750,105.5,80,0.0411937,0.422337,0.0411937,74.9718
750,105.5,80,0.041188,0.422381,0.041188,75.024
750,105.5,80,0.0411823,0.422424,0.0411823,75.018
750,105.5,80,0.0411771,0.422468,0.0411771,75.0644
750,105.5,80,0.0411724,0.422513,0.0411724,75.1156
750,105.5,80,0.0411628,0.422562,0.0411628,74.794
750,105.5,80,0.0411581,0.422613,0.0411581,75.1545
750,105.5,80,0.0411531,0.422659,0.0411531,75.0971
750,105.5,80,0.0411474,0.422703,0.0411474,75.0283
750,105.5,80,0.0411418,0.422747,0.0411418,75.0352
750,105.5,80,0.0411359,0.42279,0.0411359,75.003
750,105.5,80,0.0411301,0.422835,0.0411301,75.0356
750,105.5,80,0.0411244,0.422878,0.0411244,75.0214
750,105.5,80,0.0411131,0.422941,0.0411131,74.8618
750,105.5,80,0.0411081,0.42299,0.0411081,75.1227
750,105.5,80,0.0411038,0.423035,0.0411038,75.1388
750,105.5,80,0.0410996,0.423076,0.0410996,75.1282
750,105.5,80,0.041095,0.423124,0.041095,75.1433
750,105.5,80,0.0410905,0.423169,0.0410905,75.1429
750,105.5,80,0.0410822,0.423216,0.0410822,74.8743
750,105.5,80,0.0410768,0.423272,0.0410768,75.1496
750,105.5,80,0.0410718,0.423318,0.0410718,75.0967
750,105.5,80,0.0410665,0.423363,0.0410665,75.0814
750,105.5,80,0.0410611,0.423412,0.0410611,75.1009
750,105.5,80,0.0410554,0.423453,0.0410554,75.0123
750,105.5,80,0.0410486,0.423499,0.0410486,74.9819
750,105.5,80,0.0410374,0.423557,0.0410374,74.8241
750,105.5,80,0.0410321,0.423605,0.0410321,75.1113
750,105.5,80,0.0410268,0.423651,0.0410268,75.0777
750,105.5,80,0.0410225,0.423695,0.0410225,75.1532
750,105.5,80,0.0410186,0.423736,0.0410186,75.1549
750,105.5,80,0.0410144,0.423778,0.0410144,75.1428
750,105.5,80,0.0410102,0.423819,0.0410102,75.1329
750,105.5,80,0.0410064,0.423861,0.0410064,75.1739
750,105.5,80,0.0410025,0.423904,0.0410025,75.1704
750,105.5,80,0.0409984,0.423946,0.0409984,75.1565
750,105.5,80,0.0409933,0.423987,0.0409933,75.0683
750,105.5,80,0.0409887,0.424031,0.0409887,75.1388
750,105.5,80,0.0409772,0.424075,0.0409772,74.6144
750,105.5,80,0.0409704,0.42413,0.0409704,75.0675
750,105.5,80,0.0409644,0.424177,0.0409644,75.0512
750,105.5,80,0.0409583,0.424223,0.0409583,75.0503
750,105.5,80,0.0409505,0.424265,0.0409505,74.8653
750,105.5,80,0.0409452,0.424315,0.0409452,75.1255
750,105.5,80,0.0409356,0.424363,0.0409356,74.8085
750,105.5,80,0.0409312,0.424418,0.0409312,75.2159
750,105.5,80,0.0409266,0.424463,0.0409266,75.1393
750,105.5,80,0.0409225,0.424508,0.0409225,75.1812
750,105.5,80,0.0409182,0.42455,0.0409182,75.1388
750,105.5,80,0.0409142,0.424593,0.0409142,75.1763
750,105.5,80,0.0409105,0.424634,0.0409105,75.1893
750,105.5,80,0.0409047,0.424675,0.0409047,75.0223
750,105.5,80,0.0409002,0.424716,0.0409002,75.1189
750,105.5,80,0.0408904,0.424771,0.0408904,74.9027
750,105.5,80,0.0408862,0.424823,0.0408862,75.215
750,105.5,80,0.040882,0.424872,0.040882,75.208
750,105.5,80,0.0408772,0.424913,0.0408772,75.0984
750,105.5,80,0.040873,0.424954,0.040873,75.1627
750,105.5,80,0.0408691,0.424995,0.0408691,75.1795
750,105.5,80,0.0408709,0.425039,0.0408709,75.625
750,105.5,80,0.0408672,0.42508,0.0408672,75.2026
750,105.5,80,0.0408637,0.425122,0.0408637,75.2347
750,105.5,80,0.0408607,0.425163,0.0408607,75.2589
750,105.5,80,0.0408581,0.425204,0.0408581,75.2916
750,105.5,80,0.0408554,0.425245,0.0408554,75.2864
750,105.5,80,0.0408527,0.425288,0.0408527,75.3042
750,105.5,80,0.0408494,0.425329,0.0408494,75.2475
750,105.5,80,0.0408464,0.425374,0.0408464,75.2986
750,105.5,80,0.0408432,0.425417,0.0408432,75.2633
750,105.5,80,0.0408394,0.425463,0.0408394,75.2471
750,105.5,80,0.0408308,0.425518,0.0408308,75.009
750,105.5,80,0.0408266,0.425566,0.0408266,75.2309
750,105.5,80,0.0408222,0.425608,0.0408222,75.1781
750,105.5,80,0.0408176,0.425652,0.0408176,75.1747
750,105.5,80,0.0408123,0.425693,0.0408123,75.102
750,105.5,80,0.0408072,0.425735,0.0408072,75.1205
750,105.5,80,0.0408021,0.425776,0.0408021,75.1111
750,105.5,80,0.0407966,0.425817,0.0407966,75.0825
750,105.5,80,0.040792,0.425858,0.040792,75.16
750,105.5,80,0.0407879,0.425902,0.0407879,75.2223
750,105.5,80,0.0407842,0.425946,0.0407842,75.2463
750,105.5,80,0.0407809,0.425991,0.0407809,75.2933
750,105.5,80,0.0407747,0.426035,0.0407747,75.0644
750,105.5,80,0.0407715,0.426094,0.0407715,75.3532
750,105.5,80,0.040768,0.426136,0.040768,75.2621
750,105.5,80,0.0407647,0.426179,0.0407647,75.2885
750,105.5,80,0.0407618,0.42622,0.0407618,75.3013
750,105.5,80,0.0407586,0.426262,0.0407586,75.298
750,105.5,80,0.0407549,0.426303,0.0407549,75.2417
750,105.5,80,0.0407517,0.42635,0.0407517,75.3233
750,105.5,80,0.0407484,0.426393,0.0407484,75.2984
750,105.5,80,0.0407448,0.426437,0.0407448,75.2828
750,105.5,80,0.0407361,0.426483,0.0407361,74.9201
750,105.5,80,0.0407316,0.426536,0.0407316,75.2726
750,105.5,80,0.0407271,0.426584,0.0407271,75.2458
750,105.5,80,0.0407225,0.426629,0.0407225,75.215
750,105.5,80,0.0407187,0.42667,0.0407187,75.2504
750,105.5,80,0.0407152,0.426713,0.0407152,75.2846
750,105.5,80,0.0407119,0.426754,0.0407119,75.2969
750,105.5,80,0.0407086,0.426795,0.0407086,75.2988
750,105.5,80,0.0407056,0.426835,0.0407056,75.3164
750,105.5,80,0.0407032,0.426882,0.0407032,75.4011
750,105.5,80,0.0407011,0.426923,0.0407011,75.3952
750,105.5,80,0.040699,0.426968,0.040699,75.4185
750,105.5,80,0.0406948,0.427011,0.0406948,75.259
750,105.5,80,0.0406926,0.427068,0.0406926,75.4455
750,105.5,80,0.0406907,0.427112,0.0406907,75.4413
750,105.5,80,0.0406879,0.427158,0.0406879,75.3856
750,105.5,80,0.0406856,0.427201,0.0406856,75.4063
750,105.5,80,0.0406837,0.427244,0.0406837,75.4445
750,105.5,80,0.040681,0.427288,0.040681,75.3907
750,105.5,80,0.0406754,0.427335,0.0406754,75.2021
750,105.5,80,0.0406723,0.427393,0.0406723,75.4186
750,105.5,80,0.0406684,0.427441,0.0406684,75.3286
750,105.5,80,0.0406648,0.427483,0.0406648,75.3223
750,105.5,80,0.0406608,0.427524,0.0406608,75.2787
750,105.5,80,0.0406569,0.427565,0.0406569,75.2978
750,105.5,80,0.0406524,0.427614,0.0406524,75.2964
750,105.5,80,0.0406482,0.427659,0.0406482,75.3119
750,105.5,80,0.0406406,0.427718,0.0406406,75.1814
750,105.5,80,0.040637,0.427761,0.040637,75.3341
750,105.5,80,0.0406329,0.427805,0.0406329,75.3092
750,105.5,80,0.0406302,0.427852,0.0406302,75.4167
750,105.5,80,0.0406259,0.427897,0.0406259,75.3077
750,105.5,80,0.0406241,0.427942,0.0406241,75.4845
750,105.5,80,0.0406172,0.427997,0.0406172,75.2157
750,105.5,80,0.0406147,0.428045,0.0406147,75.4488
750,105.5,80,0.0406123,0.428092,0.0406123,75.4568
750,105.5,80,0.0406093,0.42814,0.0406093,75.4269
750,105.5,80,0.0406034,0.428189,0.0406034,75.2262
750,105.5,80,0.0406004,0.428242,0.0406004,75.4459
750,105.5,80,0.040597,0.428289,0.040597,75.3959
750,105.5,80,0.0405934,0.42833,0.0405934,75.35
750,105.5,80,0.0405897,0.428375,0.0405897,75.3721
750,105.5,80,0.0405858,0.428417,0.0405858,75.3357
750,105.5,80,0.0405818,0.428464,0.0405818,75.3599
750,105.5,80,0.0405772,0.428507,0.0405772,75.3007
750,105.5,80,0.0405683,0.428567,0.0405683,75.1528
750,105.5,80,0.0405637,0.428616,0.0405637,75.3409
750,105.5,80,0.0405586,0.428661,0.0405586,75.2675
750,105.5,80,0.0405543,0.428703,0.0405543,75.3158
750,105.5,80,0.0405502,0.428748,0.0405502,75.3476
750,105.5,80,0.0405422,0.428796,0.0405422,75.0983
750,105.5,80,0.0405389,0.42884,0.0405389,75.4087
750,105.5,80,0.0405359,0.428891,0.0405359,75.4571
750,105.5,80,0.0405332,0.428937,0.0405332,75.4639
750,105.5,80,0.040531,0.428979,0.040531,75.4915
750,105.5,80,0.0405287,0.429022,0.0405287,75.4848
750,105.5,80,0.0405269,0.429063,0.0405269,75.5184
750,105.5,80,0.040525,0.429107,0.040525,75.5244
750,105.5,80,0.0405231,0.42915,0.0405231,75.5209
750,105.5,80,0.0405212,0.429194,0.0405212,75.5269
750,105.5,80,0.040519,0.42924,0.040519,75.5242
750,105.5,80,0.0405147,0.429283,0.0405147,75.3569
750,105.5,80,0.0405116,0.429324,0.0405116,75.4311
750,105.5,80,0.0405087,0.429381,0.0405087,75.5148
750,105.5,80,0.0405056,0.429426,0.0405056,75.4579
750,105.5,80,0.0405022,0.429471,0.0405022,75.4392
750,105.5,80,0.0404987,0.429513,0.0404987,75.4188
750,105.5,80,0.0404948,0.429558,0.0404948,75.4115
750,105.5,80,0.0404912,0.429604,0.0404912,75.4335
750,105.5,80,0.0404835,0.429661,0.0404835,75.2592
750,105.5,80,0.0404798,0.429708,0.0404798,75.4411
750,105.5,80,0.0404758,0.429751,0.0404758,75.3963
750,105.5,80,0.040472,0.429794,0.040472,75.4046
750,105.5,80,0.0404684,0.429837,0.0404684,75.4325
750,105.5,80,0.0404647,0.42988,0.0404647,75.4243
750,105.5,80,0.0404616,0.429927,0.0404616,75.4899
750,105.5,80,0.0404561,0.429982,0.0404561,75.3794
750,105.5,80,0.0404537,0.43003,0.0404537,75.5475
750,105.5,80,0.0404516,0.430072,0.0404516,75.5451
750,105.5,80,0.0404498,0.430112,0.0404498,75.5741
750,105.5,80,0.0404481,0.430153,0.0404481,75.5832
750,105.5,80,0.0404464,0.430195,0.0404464,75.5862
750,105.5,80,0.0404444,0.430235,0.0404444,75.5656
750,105.5,80,0.0404429,0.430276,0.0404429,75.6025
750,105.5,80,0.0404413,0.430317,0.0404413,75.6041
750,105.5,80,0.0404396,0.430359,0.0404396,75.607
750,105.5,80,0.0404378,0.4304,0.0404378,75.5878
750,105.5,80,0.040436,0.430442,0.040436,75.6017
750,105.5,80,0.0404341,0.430482,0.0404341,75.5869
750,105.5,80,0.0404317,0.430527,0.0404317,75.5707
750,105.5,80,0.0404291,0.43057,0.0404291,75.5564
750,105.5,80,0.0404237,0.430615,0.0404237,75.353
750,105.5,80,0.0404204,0.430669,0.0404204,75.558
750,105.5,80,0.0404168,0.430718,0.0404168,75.5128
750,105.5,80,0.0404131,0.43076,0.0404131,75.4709
750,105.5,80,0.0404094,0.430803,0.0404094,75.4776
750,105.5,80,0.0404054,0.430843,0.0404054,75.4392
750,105.5,80,0.0404013,0.430885,0.0404013,75.4436
750,105.5,80,0.0403967,0.430925,0.0403967,75.3846
750,105.5,80,0.0403926,0.430971,0.0403926,75.4749
750,105.5,80,0.0403886,0.431014,0.0403886,75.4626
750,105.5,80,0.0403808,0.431074,0.0403808,75.348
750,105.5,80,0.0403769,0.431119,0.0403769,75.4826
750,105.5,80,0.0403735,0.43116,0.0403735,75.4963
750,105.5,80,0.0403701,0.4312,0.0403701,75.5004
750,105.5,80,0.040367,0.431243,0.040367,75.5353
750,105.5,80,0.0403639,0.431284,0.0403639,75.5263
750,105.5,80,0.0403616,0.431327,0.0403616,75.6046
750,105.5,80,0.0403595,0.431368,0.0403595,75.6169
750,105.5,80,0.0403576,0.43141,0.0403576,75.6366
750,105.5,80,0.0403555,0.431451,0.0403555,75.6117
750,105.5,80,0.0403536,0.431494,0.0403536,75.651
750,105.5,80,0.0403517,0.431537,0.0403517,75.6489
750,105.5,80,0.0403496,0.431581,0.0403496,75.6385
750,105.5,80,0.0403447,0.431624,0.0403447,75.4221
750,105.5,80,0.0403419,0.431667,0.0403419,75.5916
750,105.5,80,0.0403388,0.431717,0.0403388,75.6011
750,105.5,80,0.0403349,0.431765,0.0403349,75.5336
750,105.5,80,0.0403313,0.431805,0.0403313,75.5209
750,105.5,80,0.0403276,0.431848,0.0403276,75.5257
750,105.5,80,0.0403234,0.431889,0.0403234,75.4769
750,105.5,80,0.0403194,0.43193,0.0403194,75.4976
750,105.5,80,0.0403149,0.43197,0.0403149,75.4441
750,105.5,80,0.0403111,0.432012,0.0403111,75.5194
750,105.5,80,0.0403072,0.432053,0.0403072,75.4983
750,105.5,80,0.0403034,0.432094,0.0403034,75.5207
750,105.5,80,0.0402997,0.432135,0.0402997,75.5203
750,105.5,80,0.0402966,0.432175,0.0402966,75.5722
750,105.5,80,0.0402937,0.432215,0.0402937,75.588
750,105.5,80,0.0402913,0.43226,0.0402913,75.6469
750,105.5,80,0.0402889,0.432301,0.0402889,75.6333
750,105.5,80,0.0402861,0.432343,0.0402861,75.6122
750,105.5,80,0.040281,0.432388,0.040281,75.4588
750,105.5,80,0.0402784,0.432445,0.0402784,75.6866
750,105.5,80,0.040276,0.432489,0.040276,75.6613
750,105.5,80,0.0402739,0.432533,0.0402739,75.6805
750,105.5,80,0.0402717,0.432573,0.0402717,75.6652
750,105.5,80,0.0402694,0.432616,0.0402694,75.6735
750,105.5,80,0.0402669,0.432658,0.0402669,75.6534
750,105.5,80,0.0402644,0.432702,0.0402644,75.6636
750,105.5,80,0.0402621,0.432744,0.0402621,75.6716
750,105.5,80,0.0402568,0.432789,0.0402568,75.4767
750,105.5,80,0.0402542,0.432843,0.0402542,75.6964
750,105.5,80,0.0402514,0.43289,0.0402514,75.6694
750,105.5,80,0.0402486,0.43293,0.0402486,75.6323
750,105.5,80,0.0402451,0.432973,0.0402451,75.5998
750,105.5,80,0.040242,0.433014,0.040242,75.622
750,105.5,80,0.0402387,0.433055,0.0402387,75.6122
750,105.5,80,0.0402353,0.433096,0.0402353,75.5909
750,105.5,80,0.0402356,0.433137,0.0402356,75.8991
750,105.5,80,0.0402281,0.433178,0.0402281,75.2776
750,105.5,80,0.0402285,0.433219,0.0402285,75.9047
750,105.5,80,0.0402249,0.433259,0.0402249,75.5903
750,105.5,80,0.0402211,0.433306,0.0402211,75.6165
750,105.5,80,0.040217,0.433346,0.040217,75.5576
750,105.5,80,0.0402131,0.433387,0.0402131,75.5764
750,105.5,80,0.0402092,0.433431,0.0402092,75.6002
750,105.5,80,0.0402015,0.43349,0.0402015,75.4597
750,105.5,80,0.040198,0.433534,0.040198,75.6321
750,105.5,80,0.0401949,0.433574,0.0401949,75.6417
750,105.5,80,0.0401916,0.433614,0.0401916,75.6251
750,105.5,80,0.0401885,0.433655,0.0401885,75.6441
750,105.5,80,0.0401856,0.433695,0.0401856,75.6678
750,105.5,80,0.0401829,0.433736,0.0401829,75.6813
750,105.5,80,0.0401804,0.433777,0.0401804,75.7011
750,105.5,80,0.0401775,0.43382,0.0401775,75.6824
750,105.5,80,0.0401749,0.43386,0.0401749,75.7004
750,105.5,80,0.0401727,0.4339,0.0401727,75.7297
750,105.5,80,0.04017,0.43394,0.04017,75.6916
750,105.5,80,0.0401672,0.433981,0.0401672,75.6891
750,105.5,80,0.0401646,0.434021,0.0401646,75.7012
750,105.5,80,0.0401614,0.434062,0.0401614,75.6648
750,105.5,80,0.040158,0.434103,0.040158,75.6509
750,105.5,80,0.0401546,0.434143,0.0401546,75.641
750,105.5,80,0.0401508,0.434184,0.0401508,75.6282
750,105.5,80,0.0401469,0.434225,0.0401469,75.6123
750,105.5,80,0.0401428,0.434265,0.0401428,75.5942
750,105.5,80,0.0401383,0.434307,0.0401383,75.573
750,105.5,80,0.040134,0.434347,0.040134,75.5841
750,105.5,80,0.0401291,0.434387,0.0401291,75.5349
750,105.5,80,0.0401244,0.434431,0.0401244,75.5797
750,105.5,80,0.0401143,0.434477,0.0401143,75.2183
750,105.5,80,0.0401097,0.434529,0.0401097,75.6381
750,105.5,80,0.0401052,0.434576,0.0401052,75.6236
750,105.5,80,0.0401011,0.434616,0.0401011,75.5932
750,105.5,80,0.040097,0.434659,0.040097,75.6251
750,105.5,80,0.0400931,0.434703,0.0400931,75.6456
750,105.5,80,0.0400894,0.434744,0.0400894,75.6451
750,105.5,80,0.0400861,0.434785,0.0400861,75.6777
750,105.5,80,0.0400828,0.434829,0.0400828,75.6951
750,105.5,80,0.0400796,0.43487,0.0400796,75.6876
750,105.5,80,0.0400761,0.43491,0.0400761,75.6615
750,105.5,80,0.0400721,0.434955,0.0400721,75.655
750,105.5,80,0.040065,0.435002,0.040065,75.4639
750,105.5,80,0.0400615,0.435056,0.0400615,75.7351
750,105.5,80,0.0400582,0.435099,0.0400582,75.6991
750,105.5,80,0.0400545,0.43514,0.0400545,75.6606
750,105.5,80,0.0400509,0.435183,0.0400509,75.6771
750,105.5,80,0.0400469,0.435224,0.0400469,75.6392
750,105.5,80,0.0400428,0.435264,0.0400428,75.6254
750,105.5,80,0.0400385,0.435304,0.0400385,75.6139
750,105.5,80,0.0400335,0.435349,0.0400335,75.5918
750,105.5,80,0.0400234,0.435409,0.0400234,75.4232
750,105.5,80,0.0400182,0.435461,0.0400182,75.6307
750,105.5,80,0.0400132,0.435504,0.0400132,75.586
750,105.5,80,0.0400079,0.435549,0.0400079,75.5739
750,105.5,80,0.040003,0.435593,0.040003,75.6024
750,105.5,80,0.039994,0.435657,0.039994,75.5114
750,105.5,80,0.0399896,0.435707,0.0399896,75.6731
750,105.5,80,0.0399856,0.435755,0.0399856,75.6948
750,105.5,80,0.0399788,0.435813,0.0399788,75.589
750,105.5,80,0.0399755,0.435857,0.0399755,75.7193
750,105.5,80,0.0399726,0.435898,0.0399726,75.7481
750,105.5,80,0.0399699,0.435949,0.0399699,75.7975
750,105.5,80,0.0399667,0.435993,0.0399667,75.7427
750,105.5,80,0.0399607,0.436048,0.0399607,75.6295
750,105.5,80,0.0399573,0.436095,0.0399573,75.7421
750,105.5,80,0.0399535,0.436137,0.0399535,75.6812
750,105.5,80,0.0399495,0.436179,0.0399495,75.6759
750,105.5,80,0.0399456,0.436227,0.0399456,75.7252
750,105.5,80,0.0399418,0.436269,0.0399418,75.6888
750,105.5,80,0.0399329,0.436315,0.0399329,75.37
750,105.5,80,0.0399287,0.436368,0.0399287,75.7297
750,105.5,80,0.0399242,0.436416,0.0399242,75.6821
750,105.5,80,0.0399194,0.436459,0.0399194,75.6329
750,105.5,80,0.0399147,0.436503,0.0399147,75.6455
750,105.5,80,0.0399102,0.436543,0.0399102,75.6298
750,105.5,80,0.0399062,0.436587,0.0399062,75.693
750,105.5,80,0.0399026,0.436629,0.0399026,75.7201
750,105.5,80,0.0398957,0.436689,0.0398957,75.6293
750,105.5,80,0.0398929,0.436735,0.0398929,75.8001
750,105.5,80,0.0398905,0.436778,0.0398905,75.8236
750,105.5,80,0.0398882,0.43682,0.0398882,75.8211
750,105.5,80,0.0398858,0.436864,0.0398858,75.8327
750,105.5,80,0.0398836,0.436908,0.0398836,75.8463
750,105.5,80,0.0398794,0.436954,0.0398794,75.715
750,105.5,80,0.0398774,0.437007,0.0398774,75.8966
750,105.5,80,0.0398753,0.437052,0.0398753,75.8638
750,105.5,80,0.0398732,0.437092,0.0398732,75.8541
750,105.5,80,0.039871,0.437136,0.039871,75.8553
750,105.5,80,0.0398686,0.437176,0.0398686,75.8388
750,105.5,80,0.039866,0.437218,0.039866,75.826
750,105.5,80,0.0398636,0.43726,0.0398636,75.8446
750,105.5,80,0.0398608,0.437304,0.0398608,75.8322
750,105.5,80,0.0398578,0.437349,0.0398578,75.8224
750,105.5,80,0.0398516,0.437408,0.0398516,75.6996
750,105.5,80,0.0398484,0.437455,0.0398484,75.8192
750,105.5,80,0.0398449,0.437502,0.0398449,75.7966
750,105.5,80,0.0398408,0.437549,0.0398408,75.7659
750,105.5,80,0.0398329,0.437609,0.0398329,75.6253
750,105.5,80,0.0398289,0.437655,0.0398289,75.7675
750,105.5,80,0.0398245,0.437698,0.0398245,75.7221
750,105.5,80,0.0398206,0.437741,0.0398206,75.7576
750,105.5,80,0.0398134,0.43779,0.0398134,75.5706
750,105.5,80,0.03981,0.437844,0.03981,75.8504
750,105.5,80,0.0398066,0.437895,0.0398066,75.8459
750,105.5,80,0.0398037,0.437935,0.0398037,75.8245
750,105.5,80,0.0398013,0.437976,0.0398013,75.8668
750,105.5,80,0.0397989,0.438015,0.0397989,75.8626
750,105.5,80,0.0397967,0.438055,0.0397967,75.892
750,105.5,80,0.0397949,0.438101,0.0397949,75.9406
750,105.5,80,0.0397912,0.438163,0.0397912,75.8777
750,105.5,80,0.0397897,0.438205,0.0397897,75.964
750,105.5,80,0.0397882,0.438248,0.0397882,75.9651
750,105.5,80,0.0397867,0.438291,0.0397867,75.9675
750,105.5,80,0.0397851,0.438337,0.0397851,75.9706
750,105.5,80,0.0397837,0.438383,0.0397837,75.9906
750,105.5,80,0.0397805,0.438437,0.0397805,75.9036
750,105.5,80,0.0397787,0.438485,0.0397787,75.9721
750,105.5,80,0.0397767,0.438527,0.0397767,75.9472
750,105.5,80,0.0397746,0.43857,0.0397746,75.9444
750,105.5,80,0.0397722,0.438616,0.0397722,75.9362
750,105.5,80,0.0397693,0.43866,0.0397693,75.8977
750,105.5,80,0.0397635,0.438716,0.0397635,75.7754
750,105.5,80,0.0397605,0.438762,0.0397605,75.9036
750,105.5,80,0.0397573,0.438803,0.0397573,75.8668
750,105.5,80,0.0397538,0.438844,0.0397538,75.8393
750,105.5,80,0.0397505,0.438888,0.0397505,75.876
750,105.5,80,0.0397469,0.438928,0.0397469,75.8344
750,105.5,80,0.0397431,0.438971,0.0397431,75.8331
750,105.5,80,0.0397392,0.439014,0.0397392,75.8308
750,105.5,80,0.0397314,0.439062,0.0397314,75.6084
750,105.5,80,0.0397277,0.439113,0.0397277,75.8913
750,105.5,80,0.0397244,0.439158,0.0397244,75.8906
750,105.5,80,0.0397214,0.439197,0.0397214,75.8887
750,105.5,80,0.0397185,0.43924,0.0397185,75.9129
750,105.5,80,0.039716,0.439281,0.039716,75.935
750,105.5,80,0.0397132,0.439322,0.0397132,75.921
750,105.5,80,0.0397112,0.439363,0.0397112,75.9777
750,105.5,80,0.0397091,0.439412,0.0397091,76.0038
750,105.5,80,0.039705,0.439458,0.039705,75.8564
750,105.5,80,0.0397031,0.439515,0.0397031,76.043
750,105.5,80,0.0397012,0.43956,0.0397012,76.0156
750,105.5,80,0.0396991,0.43961,0.0396991,76.016
750,105.5,80,0.0396952,0.439659,0.0396952,75.9014
750,105.5,80,0.0396932,0.439715,0.0396932,76.0488
750,105.5,80,0.0396913,0.439759,0.0396913,76.0256
750,105.5,80,0.0396892,0.439809,0.0396892,76.0347
750,105.5,80,0.0396842,0.439867,0.0396842,75.896
750,105.5,80,0.0396816,0.439912,0.0396816,75.9832
750,105.5,80,0.0396791,0.439951,0.0396791,75.9764
750,105.5,80,0.0396761,0.439994,0.0396761,75.9484
750,105.5,80,0.0396734,0.440036,0.0396734,75.9809
750,105.5,80,0.0396704,0.440078,0.0396704,75.9581
750,105.5,80,0.0396684,0.440118,0.0396684,76.0171
750,105.5,80,0.0396653,0.44016,0.0396653,75.9585
750,105.5,80,0.0396631,0.440202,0.0396631,76.0165
750,105.5,80,0.03966,0.440246,0.03966,75.9729
750,105.5,80,0.0396546,0.440291,0.0396546,75.8061
750,105.5,80,0.0396523,0.440346,0.0396523,76.0644
750,105.5,80,0.03965,0.440388,0.03965,76.0221
750,105.5,80,0.0396472,0.440431,0.0396472,75.9996
750,105.5,80,0.0396448,0.440474,0.0396448,76.0242
750,105.5,80,0.0396422,0.440525,0.0396422,76.0432
750,105.5,80,0.0396377,0.440572,0.0396377,75.9055
750,105.5,80,0.0396356,0.440628,0.0396356,76.092
750,105.5,80,0.0396335,0.44067,0.0396335,76.0599
750,105.5,80,0.0396314,0.440714,0.0396314,76.0696
750,105.5,80,0.0396277,0.440764,0.0396277,75.9873
750,105.5,80,0.0396278,0.440818,0.0396278,76.234
750,105.5,80,0.0396261,0.440863,0.0396261,76.1108
750,105.5,80,0.0396245,0.440909,0.0396245,76.12
750,105.5,80,0.0396227,0.440953,0.0396227,76.1118
750,105.5,80,0.0396196,0.441016,0.0396196,76.0871
750,105.5,80,0.0396178,0.441061,0.0396178,76.1194
750,105.5,80,0.0396163,0.441105,0.0396163,76.139
750,105.5,80,0.039615,0.441146,0.039615,76.1465
750,105.5,80,0.0396136,0.441196,0.0396136,76.1713
750,105.5,80,0.0396109,0.441256,0.0396109,76.1168
750,105.5,80,0.0396096,0.441303,0.0396096,76.174
750,105.5,80,0.0396084,0.441342,0.0396084,76.1746
750,105.5,80,0.0396071,0.441384,0.0396071,76.1701
750,105.5,80,0.0396059,0.441426,0.0396059,76.1834
750,105.5,80,0.0396047,0.441471,0.0396047,76.1954
750,105.5,80,0.0396031,0.441512,0.0396031,76.1642
750,105.5,80,0.0396,0.441555,0.0396,76.0508
750,105.5,80,0.0395985,0.441598,0.0395985,76.1791
750,105.5,80,0.039597,0.441648,0.039597,76.1945
750,105.5,80,0.0395954,0.441695,0.0395954,76.1894
750,105.5,80,0.039594,0.441738,0.039594,76.1902
750,105.5,80,0.0395927,0.441778,0.0395927,76.2008
750,105.5,80,0.0395916,0.441819,0.0395916,76.2198
750,105.5,80,0.0395904,0.441859,0.0395904,76.2147
750,105.5,80,0.0395893,0.441899,0.0395893,76.2218
750,105.5,80,0.0395881,0.441938,0.0395881,76.2274
750,105.5,80,0.039587,0.441979,0.039587,76.2272
750,105.5,80,0.0395856,0.442019,0.0395856,76.2126
750,105.5,80,0.0395842,0.442058,0.0395842,76.2154
750,105.5,80,0.0395829,0.442098,0.0395829,76.2234
750,105.5,80,0.0395817,0.442139,0.0395817,76.2412
750,105.5,80,0.0395803,0.442179,0.0395803,76.223
750,105.5,80,0.0395788,0.442223,0.0395788,76.2312
750,105.5,80,0.0395756,0.442266,0.0395756,76.1018
750,105.5,80,0.0395738,0.442321,0.0395738,76.2439
750,105.5,80,0.039572,0.442365,0.039572,76.2188
750,105.5,80,0.0395704,0.442408,0.0395704,76.2363
750,105.5,80,0.0395691,0.44245,0.0395691,76.2548
750,105.5,80,0.0395678,0.442491,0.0395678,76.2589
750,105.5,80,0.0395666,0.442531,0.0395666,76.2677
750,105.5,80,0.0395655,0.442572,0.0395655,76.2782
750,105.5,80,0.0395643,0.442611,0.0395643,76.2697
750,105.5,80,0.0395632,0.442656,0.0395632,76.2974
750,105.5,80,0.0395618,0.442696,0.0395618,76.2612
750,105.5,80,0.0395604,0.442739,0.0395604,76.2809
750,105.5,80,0.0395578,0.442793,0.0395578,76.2293
750,105.5,80,0.039556,0.442839,0.039556,76.2624
750,105.5,80,0.0395545,0.442882,0.0395545,76.2773
750,105.5,80,0.0395527,0.442923,0.0395527,76.2548
750,105.5,80,0.0395512,0.442962,0.0395512,76.2779
750,105.5,80,0.0395496,0.443003,0.0395496,76.2728
750,105.5,80,0.039548,0.443042,0.039548,76.2736
750,105.5,80,0.0395464,0.443082,0.0395464,76.2789
750,105.5,80,0.0395448,0.443122,0.0395448,76.282
750,105.5,80,0.0395434,0.443163,0.0395434,76.3028
750,105.5,80,0.0395415,0.443203,0.0395415,76.2624
750,105.5,80,0.0395396,0.443242,0.0395396,76.2676
750,105.5,80,0.0395379,0.443282,0.0395379,76.2839
750,105.5,80,0.039536,0.443323,0.039536,76.268
750,105.5,80,0.039534,0.443368,0.039534,76.2852
750,105.5,80,0.0395301,0.443426,0.0395301,76.2214
750,105.5,80,0.039528,0.443472,0.039528,76.2885
750,105.5,80,0.039526,0.443516,0.039526,76.287
750,105.5,80,0.0395239,0.443556,0.0395239,76.2756
750,105.5,80,0.0395215,0.443599,0.0395215,76.2644
750,105.5,80,0.0395192,0.443639,0.0395192,76.2559
750,105.5,80,0.0395165,0.443681,0.0395165,76.2465
750,105.5,80,0.0395143,0.443721,0.0395143,76.2712
750,105.5,80,0.0395099,0.443769,0.0395099,76.1658
750,105.5,80,0.0395078,0.44382,0.0395078,76.3234
750,105.5,80,0.0395055,0.443867,0.0395055,76.2981
750,105.5,80,0.0395034,0.443907,0.0395034,76.2959
750,105.5,80,0.0395015,0.443946,0.0395015,76.3056
750,105.5,80,0.039499,0.443986,0.039499,76.2656
750,105.5,80,0.0394968,0.444027,0.0394968,76.2997
750,105.5,80,0.0394946,0.444067,0.0394946,76.2938
750,105.5,80,0.0394925,0.444106,0.0394925,76.3081
750,105.5,80,0.03949,0.444146,0.03949,76.2734
750,105.5,80,0.0394878,0.444185,0.0394878,76.3012
750,105.5,80,0.0394856,0.444225,0.0394856,76.3065
750,105.5,80,0.0394831,0.444264,0.0394831,76.2802
750,105.5,80,0.0394809,0.444304,0.0394809,76.3087
750,105.5,80,0.0394786,0.444345,0.0394786,76.3157
750,105.5,80,0.0394766,0.444385,0.0394766,76.328
750,105.5,80,0.0394745,0.444424,0.0394745,76.3284
750,105.5,80,0.0394728,0.444464,0.0394728,76.3542
750,105.5,80,0.0394709,0.444504,0.0394709,76.3467
750,105.5,80,0.0394692,0.444543,0.0394692,76.3715
750,105.5,80,0.0394673,0.444584,0.0394673,76.3577
750,105.5,80,0.0394651,0.444629,0.0394651,76.3528
750,105.5,80,0.0394629,0.444672,0.0394629,76.3459
750,105.5,80,0.0394607,0.444713,0.0394607,76.3401
750,105.5,80,0.0394564,0.444756,0.0394564,76.2029
750,105.5,80,0.0394545,0.44481,0.0394545,76.4076
750,105.5,80,0.0394523,0.444856,0.0394523,76.3688
750,105.5,80,0.0394501,0.444906,0.0394501,76.3882
750,105.5,80,0.0394456,0.444951,0.0394456,76.2064
750,105.5,80,0.0394433,0.444992,0.0394433,76.3545
750,105.5,80,0.0394411,0.445048,0.0394411,76.4137
750,105.5,80,0.039439,0.445088,0.039439,76.3625
750,105.5,80,0.0394369,0.445128,0.0394369,76.374
750,105.5,80,0.0394346,0.445167,0.0394346,76.3589
750,105.5,80,0.0394323,0.445208,0.0394323,76.3657
750,105.5,80,0.0394295,0.445247,0.0394295,76.3261
750,105.5,80,0.0394271,0.445289,0.0394271,76.358
750,105.5,80,0.0394245,0.44533,0.0394245,76.3522
750,105.5,80,0.0394218,0.445372,0.0394218,76.3516
750,105.5,80,0.0394189,0.445412,0.0394189,76.3328
750,105.5,80,0.0394158,0.445452,0.0394158,76.3086
750,105.5,80,0.0394128,0.445491,0.0394128,76.3187
750,105.5,80,0.0394098,0.445536,0.0394098,76.3473
750,105.5,80,0.0394068,0.445578,0.0394068,76.3388
750,105.5,80,0.0394,0.445622,0.0394,76.0741
750,105.5,80,0.0393969,0.445671,0.0393969,76.3658
750,105.5,80,0.039394,0.445719,0.039394,76.3792
750,105.5,80,0.0393907,0.445761,0.0393907,76.3236
750,105.5,80,0.0393876,0.4458,0.0393876,76.3228
750,105.5,80,0.0393844,0.44584,0.0393844,76.3229
750,105.5,80,0.0393815,0.44588,0.0393815,76.3448
750,105.5,80,0.0393786,0.445919,0.0393786,76.3462
750,105.5,80,0.0393757,0.445959,0.0393757,76.3489
750,105.5,80,0.0393728,0.445998,0.0393728,76.3584
750,105.5,80,0.0393701,0.446039,0.0393701,76.3738
750,105.5,80,0.0393677,0.446078,0.0393677,76.3921
750,105.5,80,0.0393652,0.446117,0.0393652,76.3925
750,105.5,80,0.039363,0.446157,0.039363,76.4133
750,105.5,80,0.0393607,0.446198,0.0393607,76.4142
750,105.5,80,0.0393584,0.446237,0.0393584,76.4131
750,105.5,80,0.0393563,0.446277,0.0393563,76.4351
750,105.5,80,0.0393543,0.446316,0.0393543,76.4443
750,105.5,80,0.0393527,0.446359,0.0393527,76.4875
750,105.5,80,0.0393511,0.446399,0.0393511,76.4828
750,105.5,80,0.0393496,0.44644,0.0393496,76.4946
750,105.5,80,0.0393483,0.44648,0.0393483,76.5141
750,105.5,80,0.0393446,0.446538,0.0393446,76.4151
750,105.5,80,0.0393427,0.446584,0.0393427,76.4907
750,105.5,80,0.0393408,0.446626,0.0393408,76.4871
750,105.5,80,0.0393389,0.446666,0.0393389,76.4731
750,105.5,80,0.0393371,0.446708,0.0393371,76.4951
750,105.5,80,0.039335,0.446747,0.039335,76.4676
750,105.5,80,0.0393332,0.446787,0.0393332,76.4947
750,105.5,80,0.0393312,0.446826,0.0393312,76.4756
750,105.5,80,0.039329,0.446867,0.039329,76.4758
750,105.5,80,0.039327,0.446906,0.039327,76.4814
750,105.5,80,0.039325,0.446949,0.039325,76.5027
750,105.5,80,0.0393229,0.446989,0.0393229,76.4848
750,105.5,80,0.0393183,0.447037,0.0393183,76.3469
750,105.5,80,0.0393163,0.447077,0.0393163,76.4913
750,105.5,80,0.0393146,0.447125,0.0393146,76.5477
750,105.5,80,0.0393121,0.447172,0.0393121,76.4946
750,105.5,80,0.0393097,0.447213,0.0393097,76.4812
750,105.5,80,0.0393076,0.447252,0.0393076,76.494
750,105.5,80,0.0393053,0.447293,0.0393053,76.4927
750,105.5,80,0.0393028,0.447333,0.0393028,76.4763
750,105.5,80,0.0393005,0.447373,0.0393005,76.4847
750,105.5,80,0.0392979,0.447413,0.0392979,76.4755
750,105.5,80,0.0392952,0.447452,0.0392952,76.464
750,105.5,80,0.0392923,0.447492,0.0392923,76.445
750,105.5,80,0.0392892,0.447535,0.0392892,76.4586
750,105.5,80,0.0392863,0.447574,0.0392863,76.4496
750,105.5,80,0.0392832,0.447613,0.0392832,76.4394
750,105.5,80,0.0392801,0.447653,0.0392801,76.4353
750,105.5,80,0.0392767,0.447698,0.0392767,76.4555
750,105.5,80,0.0392737,0.447738,0.0392737,76.4575
750,105.5,80,0.0392703,0.447793,0.0392703,76.5018
750,105.5,80,0.0392671,0.447839,0.0392671,76.4825
750,105.5,80,0.0392643,0.447885,0.0392643,76.5082
750,105.5,80,0.0392614,0.447929,0.0392614,76.496
750,105.5,80,0.0392587,0.447971,0.0392587,76.4985
750,105.5,80,0.0392559,0.44801,0.0392559,76.4858
750,105.5,80,0.0392533,0.448054,0.0392533,76.5156
750,105.5,80,0.0392472,0.448096,0.0392472,76.2583
750,105.5,80,0.0392445,0.448145,0.0392445,76.5396
750,105.5,80,0.0392419,0.448192,0.0392419,76.5435
750,105.5,80,0.0392395,0.448235,0.0392395,76.5353
750,105.5,80,0.0392365,0.448274,0.0392365,76.4877
750,105.5,80,0.0392342,0.448315,0.0392342,76.5415
750,105.5,80,0.0392316,0.448357,0.0392316,76.5332
750,105.5,80,0.0392291,0.448402,0.0392291,76.5529
750,105.5,80,0.0392267,0.448444,0.0392267,76.552
750,105.5,80,0.0392222,0.448489,0.0392222,76.422
750,105.5,80,0.0392199,0.448528,0.0392199,76.5477
750,105.5,80,0.0392177,0.448583,0.0392177,76.61
750,105.5,80,0.0392155,0.448624,0.0392155,76.5729
750,105.5,80,0.0392134,0.448666,0.0392134,76.5855
750,105.5,80,0.0392112,0.448705,0.0392112,76.5767
750,105.5,80,0.039209,0.448746,0.039209,76.5778
750,105.5,80,0.0392064,0.448785,0.0392064,76.5466
750,105.5,80,0.0392042,0.448826,0.0392042,76.5814
750,105.5,80,0.0392016,0.448866,0.0392016,76.5558
750,105.5,80,0.0391991,0.448908,0.0391991,76.5692
750,105.5,80,0.0391962,0.448947,0.0391962,76.5356
750,105.5,80,0.0391939,0.44899,0.0391939,76.5887
750,105.5,80,0.0391914,0.449031,0.0391914,76.5773
750,105.5,80,0.0391864,0.449078,0.0391864,76.4357
750,105.5,80,0.0391841,0.449118,0.0391841,76.587
750,105.5,80,0.0391815,0.449171,0.0391815,76.619
750,105.5,80,0.039179,0.449211,0.039179,76.5825
750,105.5,80,0.0391762,0.449257,0.0391762,76.5853
750,105.5,80,0.0391733,0.449297,0.0391733,76.5554
750,105.5,80,0.03917,0.449339,0.03917,76.5385
750,105.5,80,0.0391669,0.44938,0.0391669,76.5455
750,105.5,80,0.0391597,0.449425,0.0391597,76.2755
750,105.5,80,0.0391562,0.449483,0.0391562,76.6015
750,105.5,80,0.0391527,0.449527,0.0391527,76.5374
750,105.5,80,0.0391489,0.449569,0.0391489,76.5129
750,105.5,80,0.0391453,0.44961,0.0391453,76.5163
750,105.5,80,0.0391419,0.449649,0.0391419,76.5214
750,105.5,80,0.0391387,0.449688,0.0391387,76.5352
750,105.5,80,0.0391355,0.449727,0.0391355,76.5432
750,105.5,80,0.0391321,0.449769,0.0391321,76.5481
750,105.5,80,0.0391293,0.449809,0.0391293,76.5875
750,105.5,80,0.0391265,0.449853,0.0391265,76.6033
750,105.5,80,0.0391214,0.449894,0.0391214,76.4144
750,105.5,80,0.0391192,0.449938,0.0391192,76.6517
750,105.5,80,0.0391168,0.44999,0.0391168,76.6648
750,105.5,80,0.0391146,0.45003,0.0391146,76.6456
750,105.5,80,0.0391121,0.450078,0.0391121,76.6498
750,105.5,80,0.0390201,0.451497,0.0390201,76.6956
750,105.5,80,0.0390146,0.45155,0.0390146,76.5762
750,105.5,80,0.0390121,0.451592,0.0390121,76.7199
750,105.5,80,0.0390097,0.451632,0.0390097,76.7149
750,105.5,80,0.0390069,0.451675,0.0390069,76.7084
750,105.5,80,0.0390049,0.45172,0.0390049,76.7693
750,105.5,80,0.0390029,0.451767,0.0390029,76.7799
750,105.5,80,0.0389989,0.451811,0.0389989,76.6281
750,105.5,80,0.0389968,0.451862,0.0389968,76.7959
750,105.5,80,0.0389953,0.451903,0.0389953,76.8024
750,105.5,80,0.0389934,0.451944,0.0389934,76.7826
750,105.5,80,0.0389917,0.451983,0.0389917,76.7975
750,105.5,80,0.0389902,0.452024,0.0389902,76.8084
750,105.5,80,0.0389887,0.452063,0.0389887,76.818
750,105.5,80,0.038987,0.452102,0.038987,76.8062
750,105.5,80,0.0389767,0.452366,0.0389767,76.8341
750,105.5,80,0.0389755,0.452425,0.0389755,76.902
750,105.5,80,0.0389728,0.452471,0.0389728,76.7758
750,105.5,80,0.0389715,0.452523,0.0389715,76.8949
750,105.5,80,0.0389698,0.452571,0.0389698,76.8597
750,105.5,80,0.0389681,0.452616,0.0389681,76.8605
750,105.5,80,0.038965,0.452664,0.038965,76.7828
750,105.5,80,0.0389636,0.452703,0.0389636,76.867
750,105.5,80,0.0389618,0.452757,0.0389618,76.8832
750,105.5,80,0.0389603,0.452799,0.0389603,76.8801
750,105.5,80,0.0389587,0.45284,0.0389587,76.8742
750,105.5,80,0.0389569,0.452879,0.0389569,76.8524
750,105.5,80,0.0389549,0.452918,0.0389549,76.8366
750,105.5,80,0.0389531,0.452957,0.0389531,76.8624
750,105.5,80,0.0389511,0.452996,0.0389511,76.843
750,105.5,80,0.0389491,0.453035,0.0389491,76.8443
750,105.5,80,0.0389471,0.453074,0.0389471,76.8499
750,105.5,80,0.038945,0.453113,0.038945,76.8501
750,105.5,80,0.0389427,0.453152,0.0389427,76.8308
750,105.5,80,0.0389404,0.453191,0.0389404,76.8341
750,105.5,80,0.0389382,0.453231,0.0389382,76.8401
750,105.5,80,0.0389357,0.453271,0.0389357,76.834
750,105.5,80,0.038933,0.45331,0.038933,76.8037
750,105.5,80,0.0389299,0.453351,0.0389299,76.7956
750,105.5,80,0.0389272,0.453392,0.0389272,76.8168
750,105.5,80,0.0389244,0.453435,0.0389244,76.8283
750,105.5,80,0.0389218,0.453478,0.0389218,76.8426
750,105.5,80,0.0389157,0.453532,0.0389157,76.6886
750,105.5,80,0.0389129,0.453578,0.0389129,76.8416
750,105.5,80,0.0389102,0.45362,0.0389102,76.8374
750,105.5,80,0.0389075,0.453658,0.0389075,76.8303
750,105.5,80,0.0389048,0.453697,0.0389048,76.8245
750,105.5,80,0.038902,0.453736,0.038902,76.8278
750,105.5,80,0.0388996,0.453776,0.0388996,76.8557
750,105.5,80,0.0388973,0.453815,0.0388973,76.8647
750,105.5,80,0.038895,0.453854,0.038895,76.87
750,105.5,80,0.0388927,0.453893,0.0388927,76.8713
750,105.5,80,0.0388904,0.453931,0.0388904,76.8748
750,105.5,80,0.0388884,0.45397,0.0388884,76.9003
750,105.5,80,0.0388865,0.45401,0.0388865,76.9181
750,105.5,80,0.0388848,0.454049,0.0388848,76.9262
750,105.5,80,0.0388829,0.454088,0.0388829,76.9185
750,105.5,80,0.0388815,0.454127,0.0388815,76.9574
750,105.5,80,0.0388799,0.454166,0.0388799,76.9486
750,105.5,80,0.0388786,0.454205,0.0388786,76.9714
750,105.5,80,0.0388773,0.454245,0.0388773,76.9819
750,105.5,80,0.0388759,0.454284,0.0388759,76.9698
750,105.5,80,0.0388746,0.454323,0.0388746,76.985
750,105.5,80,0.0388735,0.454363,0.0388735,77.0013
750,105.5,80,0.0388725,0.454403,0.0388725,77.0185
750,105.5,80,0.0388714,0.454442,0.0388714,77.0065
750,105.5,80,0.0388702,0.454482,0.0388702,77.0128
750,105.5,80,0.0388691,0.454523,0.0388691,77.0164
750,105.5,80,0.0388678,0.454565,0.0388678,77.0145
750,105.5,80,0.0388652,0.454607,0.0388652,76.9146
750,105.5,80,0.0388637,0.454662,0.0388637,77.0267
750,105.5,80,0.0388621,0.454702,0.0388621,76.9977
750,105.5,80,0.0388621,0.454743,0.0388621,77.1244
750,105.5,80,0.0388606,0.454782,0.0388606,76.9997
750,105.5,80,0.038859,0.454822,0.038859,77.0064
750,105.5,80,0.0388571,0.454861,0.0388571,76.9822
750,105.5,80,0.0388557,0.454902,0.0388557,77.0263
750,105.5,80,0.038854,0.454941,0.038854,76.9998
750,105.5,80,0.0388523,0.454981,0.0388523,77.0094
750,105.5,80,0.0388498,0.45502,0.0388498,76.9458
750,105.5,80,0.0388474,0.455059,0.0388474,76.9504
750,105.5,80,0.0388448,0.455099,0.0388448,76.9432
750,105.5,80,0.0388426,0.455139,0.0388426,76.9727
750,105.5,80,0.0388398,0.455179,0.0388398,76.9414
750,105.5,80,0.038835,0.455239,0.038835,76.9039
750,105.5,80,0.0388324,0.455286,0.0388324,76.9838
750,105.5,80,0.0388297,0.455327,0.0388297,76.9563
750,105.5,80,0.0388271,0.455367,0.0388271,76.9625
750,105.5,80,0.0388245,0.455409,0.0388245,76.9734
750,105.5,80,0.0388218,0.455448,0.0388218,76.9493
750,105.5,80,0.0388188,0.45549,0.0388188,76.9458
750,105.5,80,0.0388161,0.455529,0.0388161,76.9529
750,105.5,80,0.0388133,0.455569,0.0388133,76.9508
750,105.5,80,0.0388105,0.455608,0.0388105,76.9585
750,105.5,80,0.038808,0.455648,0.038808,76.9766
750,105.5,80,0.0388051,0.455687,0.0388051,76.9526
750,105.5,80,0.0388026,0.455729,0.0388026,76.9949
750,105.5,80,0.0387975,0.455771,0.0387975,76.8071
750,105.5,80,0.038795,0.45581,0.038795,76.9803
750,105.5,80,0.0387924,0.455864,0.0387924,77.0396
750,105.5,80,0.0387901,0.455905,0.0387901,77.0187
750,105.5,80,0.0387879,0.455943,0.0387879,77.0112
750,105.5,80,0.0387854,0.455982,0.0387854,77.0004
750,105.5,80,0.0387831,0.456021,0.0387831,77.0161
750,105.5,80,0.038781,0.456063,0.038781,77.0425
750,105.5,80,0.0387789,0.456103,0.0387789,77.037
750,105.5,80,0.0387769,0.456142,0.0387769,77.0492
750,105.5,80,0.0387749,0.456181,0.0387749,77.0508
750,105.5,80,0.0387732,0.456223,0.0387732,77.0861
750,105.5,80,0.0387712,0.456262,0.0387712,77.0548
750,105.5,80,0.0387695,0.456304,0.0387695,77.0914
750,105.5,80,0.0387677,0.456347,0.0387677,77.088
750,105.5,80,0.0387643,0.456392,0.0387643,76.9865
750,105.5,80,0.0387624,0.456443,0.0387624,77.1154
750,105.5,80,0.0387601,0.456486,0.0387601,77.064
750,105.5,80,0.0387583,0.456531,0.0387583,77.1043
750,105.5,80,0.0387562,0.45657,0.0387562,77.0677
750,105.5,80,0.0387541,0.456609,0.0387541,77.0746
750,105.5,80,0.0387517,0.456648,0.0387517,77.0469
750,105.5,80,0.0387496,0.456687,0.0387496,77.073
750,105.5,80,0.0387475,0.456727,0.0387475,77.0874
750,105.5,80,0.0387452,0.456765,0.0387452,77.0631
750,105.5,80,0.0387429,0.456804,0.0387429,77.0655
750,105.5,80,0.0387408,0.456843,0.0387408,77.082
750,105.5,80,0.0387386,0.456882,0.0387386,77.0829
750,105.5,80,0.0387364,0.45692,0.0387364,77.0752
750,105.5,80,0.0387339,0.456959,0.0387339,77.0639
750,105.5,80,0.0387312,0.456998,0.0387312,77.0426
750,105.5,80,0.0387287,0.457041,0.0387287,77.0879
750,105.5,80,0.038726,0.457083,0.038726,77.0673
750,105.5,80,0.0387197,0.457126,0.0387197,76.8077
750,105.5,80,0.0387165,0.457175,0.0387165,77.0655
750,105.5,80,0.0387131,0.457221,0.0387131,77.0499
750,105.5,80,0.03871,0.457261,0.03871,77.0288
750,105.5,80,0.0387062,0.457302,0.0387062,76.9876
750,105.5,80,0.0387028,0.457341,0.0387028,77.0029
750,105.5,80,0.0386993,0.457381,0.0386993,77.0053
750,105.5,80,0.0386956,0.457419,0.0386956,76.9861
750,105.5,80,0.0386917,0.457459,0.0386917,76.9758
750,105.5,80,0.0386882,0.457498,0.0386882,77.0029
750,105.5,80,0.0386847,0.457538,0.0386847,77.0153
750,105.5,80,0.0386813,0.45758,0.0386813,77.0326
750,105.5,80,0.0386776,0.457622,0.0386776,77.021
750,105.5,80,0.0386742,0.457661,0.0386742,77.0135
750,105.5,80,0.0386674,0.457704,0.0386674,76.7995
750,105.5,80,0.0386639,0.457748,0.0386639,77.0469
750,105.5,80,0.038661,0.457799,0.038661,77.1122
750,105.5,80,0.0386579,0.45784,0.0386579,77.0661
750,105.5,80,0.038655,0.45788,0.038655,77.0752
750,105.5,80,0.0386524,0.457918,0.0386524,77.0851
750,105.5,80,0.0386495,0.457957,0.0386495,77.0738
750,105.5,80,0.0386471,0.457996,0.0386471,77.1123
750,105.5,80,0.0386447,0.458037,0.0386447,77.127
750,105.5,80,0.0386425,0.458076,0.0386425,77.1292
750,105.5,80,0.0386403,0.458115,0.0386403,77.1408
750,105.5,80,0.0386379,0.458153,0.0386379,77.1219
750,105.5,80,0.0386357,0.458193,0.0386357,77.1393
750,105.5,80,0.0386334,0.458232,0.0386334,77.1385
750,105.5,80,0.0386312,0.458272,0.0386312,77.1494
750,105.5,80,0.0386283,0.458311,0.0386283,77.0957
750,105.5,80,0.0386255,0.458349,0.0386255,77.099
750,105.5,80,0.0386227,0.458388,0.0386227,77.1007
750,105.5,80,0.0386194,0.458426,0.0386194,77.067
750,105.5,80,0.038616,0.458465,0.038616,77.057
750,105.5,80,0.0386127,0.458504,0.0386127,77.0691
750,105.5,80,0.0386093,0.458543,0.0386093,77.0606
750,105.5,80,0.0386059,0.458581,0.0386059,77.0616
750,105.5,80,0.0386021,0.45862,0.0386021,77.0369
750,105.5,80,0.0385987,0.458661,0.0385987,77.0839
750,105.5,80,0.0385954,0.4587,0.0385954,77.0752
750,105.5,80,0.038592,0.458741,0.038592,77.0836
750,105.5,80,0.0385886,0.45878,0.0385886,77.075
750,105.5,80,0.0385851,0.458822,0.0385851,77.0933
750,105.5,80,0.0385785,0.458862,0.0385785,76.8211
750,105.5,80,0.0385749,0.458916,0.0385749,77.1413
750,105.5,80,0.0385718,0.458957,0.0385718,77.118
750,105.5,80,0.0385688,0.458998,0.0385688,77.12
750,105.5,80,0.0385657,0.459036,0.0385657,77.1096
750,105.5,80,0.0385627,0.459075,0.0385627,77.1179
750,105.5,80,0.0385601,0.459114,0.0385601,77.1456
750,105.5,80,0.0385575,0.459154,0.0385575,77.1597
750,105.5,80,0.0385551,0.459192,0.0385551,77.1646
750,105.5,80,0.0385528,0.459232,0.0385528,77.1875
750,105.5,80,0.0385506,0.459271,0.0385506,77.1973
750,105.5,80,0.0385485,0.459312,0.0385485,77.205
750,105.5,80,0.0385464,0.459351,0.0385464,77.21
750,105.5,80,0.0385442,0.45939,0.0385442,77.1925
750,105.5,80,0.0385421,0.459428,0.0385421,77.2142
750,105.5,80,0.03854,0.459467,0.03854,77.2101
750,105.5,80,0.0385377,0.459506,0.0385377,77.1954
750,105.5,80,0.0385352,0.459544,0.0385352,77.1834
750,105.5,80,0.0385326,0.459583,0.0385326,77.1792
750,105.5,80,0.0385302,0.459624,0.0385302,77.2053
750,105.5,80,0.0385273,0.459662,0.0385273,77.1575
750,105.5,80,0.038525,0.459702,0.038525,77.2115
750,105.5,80,0.0385224,0.459741,0.0385224,77.1903
750,105.5,80,0.0385198,0.459781,0.0385198,77.1981
750,105.5,80,0.0385171,0.45982,0.0385171,77.1914
750,105.5,80,0.0385111,0.459863,0.0385111,76.9645
750,105.5,80,0.0385084,0.459903,0.0385084,77.1925
750,105.5,80,0.0385053,0.459959,0.0385053,77.2308
750,105.5,80,0.0385018,0.459999,0.0385018,77.1407
750,105.5,80,0.0384988,0.460039,0.0384988,77.1763
750,105.5,80,0.0384952,0.460077,0.0384952,77.1211
750,105.5,80,0.0384919,0.460118,0.0384919,77.1581
750,105.5,80,0.0384882,0.460157,0.0384882,77.1262
750,105.5,80,0.0384848,0.460197,0.0384848,77.1543
750,105.5,80,0.0384815,0.460236,0.0384815,77.1495
750,105.5,80,0.0384782,0.460275,0.0384782,77.1611
750,105.5,80,0.0384746,0.460314,0.0384746,77.1323
750,105.5,80,0.0384716,0.460352,0.0384716,77.1801
750,105.5,80,0.0384683,0.460391,0.0384683,77.1589
750,105.5,80,0.0384652,0.460431,0.0384652,77.1931
750,105.5,80,0.0384621,0.460471,0.0384621,77.1838
750,105.5,80,0.0384592,0.460511,0.0384592,77.2
750,105.5,80,0.0384564,0.460549,0.0384564,77.2109
750,105.5,80,0.0384511,0.460592,0.0384511,77.0434
750,105.5,80,0.0384486,0.460633,0.0384486,77.2499
750,105.5,80,0.0384464,0.460687,0.0384464,77.3084
750,105.5,80,0.0384441,0.460728,0.0384441,77.2709
750,105.5,80,0.0384418,0.460767,0.0384418,77.259
750,105.5,80,0.038439,0.460806,0.038439,77.2249
750,105.5,80,0.0384366,0.460844,0.0384366,77.2503
750,105.5,80,0.0384341,0.460882,0.0384341,77.253
750,105.5,80,0.0384314,0.460922,0.0384314,77.2428
750,105.5,80,0.0384289,0.460961,0.0384289,77.2557
750,105.5,80,0.0384262,0.461,0.0384262,77.2399
750,105.5,80,0.0384238,0.461039,0.0384238,77.2642
750,105.5,80,0.0384206,0.461079,0.0384206,77.2178
750,105.5,80,0.038418,0.461117,0.038418,77.2539
750,105.5,80,0.0384153,0.461157,0.0384153,77.25
750,105.5,80,0.0384129,0.461195,0.0384129,77.2732
750,105.5,80,0.0384102,0.461233,0.0384102,77.2492
750,105.5,80,0.0384075,0.461272,0.0384075,77.2542
750,105.5,80,0.0384047,0.46131,0.0384047,77.2536
750,105.5,80,0.0384019,0.461349,0.0384019,77.2462
750,105.5,80,0.038399,0.461388,0.038399,77.2508
750,105.5,80,0.0383963,0.461426,0.0383963,77.2616
750,105.5,80,0.0383933,0.461465,0.0383933,77.2384
750,105.5,80,0.0383904,0.461503,0.0383904,77.2542
750,105.5,80,0.0383875,0.461544,0.0383875,77.257
750,105.5,80,0.0383843,0.461583,0.0383843,77.2357
750,105.5,80,0.038381,0.461623,0.038381,77.2351
750,105.5,80,0.0383778,0.461663,0.0383778,77.2453
750,105.5,80,0.0383742,0.461704,0.0383742,77.2196
750,105.5,80,0.0383675,0.461743,0.0383675,76.9589
750,105.5,80,0.0383643,0.461798,0.0383643,77.3178
750,105.5,80,0.0383611,0.46184,0.0383611,77.2643
750,105.5,80,0.038358,0.461882,0.038358,77.2608
750,105.5,80,0.0383551,0.46192,0.0383551,77.2695
750,105.5,80,0.0383522,0.461959,0.0383522,77.2736
750,105.5,80,0.0383496,0.461999,0.0383496,77.3006
750,105.5,80,0.038347,0.462039,0.038347,77.3058
750,105.5,80,0.0383469,0.462077,0.0383469,77.505
750,105.5,80,0.0383445,0.462116,0.0383445,77.3183
750,105.5,80,0.0383422,0.462155,0.0383422,77.3298
750,105.5,80,0.0383398,0.462196,0.0383398,77.3432
750,105.5,80,0.0383354,0.462244,0.0383354,77.2306
750,105.5,80,0.0383333,0.462282,0.0383333,77.3578
750,105.5,80,0.0383312,0.462321,0.0383312,77.3567
750,105.5,80,0.0383292,0.462369,0.0383292,77.3948
750,105.5,80,0.0383271,0.462415,0.0383271,77.3915
750,105.5,80,0.038325,0.462453,0.038325,77.3673
750,105.5,80,0.0383228,0.462491,0.0383228,77.3569
750,105.5,80,0.038321,0.462531,0.038321,77.3982
750,105.5,80,0.0383189,0.46257,0.0383189,77.374
750,105.5,80,0.0383169,0.462608,0.0383169,77.3879
750,105.5,80,0.0383148,0.462646,0.0383148,77.3759
750,105.5,80,0.0383129,0.462687,0.0383129,77.4054
750,105.5,80,0.038311,0.462726,0.038311,77.3983
750,105.5,80,0.0383091,0.462764,0.0383091,77.4011
750,105.5,80,0.0383071,0.462802,0.0383071,77.3949
750,105.5,80,0.0383053,0.462842,0.0383053,77.4229
750,105.5,80,0.0383037,0.462881,0.0383037,77.4366
750,105.5,80,0.0383021,0.462924,0.0383021,77.4521
750,105.5,80,0.0383004,0.462963,0.0383004,77.4254
750,105.5,80,0.0382988,0.463003,0.0382988,77.4516
750,105.5,80,0.0382969,0.463042,0.0382969,77.4302
750,105.5,80,0.038295,0.463084,0.038295,77.4377
750,105.5,80,0.0382911,0.463124,0.0382911,77.274
750,105.5,80,0.0382892,0.463173,0.0382892,77.4643
750,105.5,80,0.0382875,0.463218,0.0382875,77.4669
750,105.5,80,0.0382857,0.463258,0.0382857,77.4524
750,105.5,80,0.038284,0.463296,0.038284,77.4523
750,105.5,80,0.0382822,0.463335,0.0382822,77.4556
750,105.5,80,0.0382805,0.463373,0.0382805,77.4566
750,105.5,80,0.0382787,0.463411,0.0382787,77.4581
750,105.5,80,0.0382767,0.46345,0.0382767,77.4376
750,105.5,80,0.0382751,0.463488,0.0382751,77.4766
750,105.5,80,0.0382732,0.463527,0.0382732,77.4546
750,105.5,80,0.0382714,0.463565,0.0382714,77.4661
750,105.5,80,0.0382694,0.463604,0.0382694,77.4617
750,105.5,80,0.0382675,0.463643,0.0382675,77.4664
750,105.5,80,0.0382659,0.463681,0.0382659,77.4886
750,105.5,80,0.0382638,0.463721,0.0382638,77.4573
750,105.5,80,0.0382615,0.463759,0.0382615,77.4361
750,105.5,80,0.0382593,0.463799,0.0382593,77.4571
750,105.5,80,0.0382574,0.463837,0.0382574,77.4755
750,105.5,80,0.038255,0.463876,0.038255,77.4405
750,105.5,80,0.0382527,0.463914,0.0382527,77.449
750,105.5,80,0.0382508,0.463956,0.0382508,77.4965
750,105.5,80,0.0382489,0.463996,0.0382489,77.4891
750,105.5,80,0.0382468,0.464038,0.0382468,77.4927
750,105.5,80,0.0382429,0.464081,0.0382429,77.3653
750,105.5,80,0.0382409,0.464137,0.0382409,77.5357
750,105.5,80,0.0382389,0.464175,0.0382389,77.4954
750,105.5,80,0.038237,0.464214,0.038237,77.5013
750,105.5,80,0.0382351,0.464252,0.0382351,77.5026
750,105.5,80,0.0382333,0.46429,0.0382333,77.5126
750,105.5,80,0.0382316,0.464328,0.0382316,77.5264
750,105.5,80,0.0382301,0.464367,0.0382301,77.5369
750,105.5,80,0.0382287,0.464405,0.0382287,77.5581
750,105.5,80,0.0382277,0.464445,0.0382277,77.5951
750,105.5,80,0.0382264,0.464483,0.0382264,77.5649
750,105.5,80,0.0382251,0.464524,0.0382251,77.5826
750,105.5,80,0.0382239,0.464562,0.0382239,77.583
750,105.5,80,0.0382227,0.464601,0.0382227,77.5875
750,105.5,80,0.0382217,0.46464,0.0382217,77.6013
750,105.5,80,0.0382206,0.464678,0.0382206,77.6063
750,105.5,80,0.0382195,0.464717,0.0382195,77.6064
750,105.5,80,0.0382187,0.46476,0.0382187,77.6375
750,105.5,80,0.0382169,0.464802,0.0382169,77.565
750,105.5,80,0.0382158,0.464853,0.0382158,77.6407
750,105.5,80,0.0382148,0.464897,0.0382148,77.6408
750,105.5,80,0.0382139,0.464939,0.0382139,77.6412
750,105.5,80,0.0382128,0.464979,0.0382128,77.6318
750,105.5,80,0.0382119,0.465017,0.0382119,77.6437
750,105.5,80,0.038211,0.465055,0.038211,77.6531
750,105.5,80,0.0382101,0.465094,0.0382101,77.6538
750,105.5,80,0.0382092,0.465132,0.0382092,77.6596
750,105.5,80,0.0382086,0.46517,0.0382086,77.6825
750,105.5,80,0.0382078,0.465209,0.0382078,77.6718
750,105.5,80,0.038207,0.465252,0.038207,77.6779
750,105.5,80,0.0382063,0.465291,0.0382063,77.6921
750,105.5,80,0.0382055,0.46533,0.0382055,77.6838
750,105.5,80,0.0382045,0.465368,0.0382045,77.6715
750,105.5,80,0.0382036,0.465409,0.0382036,77.6817
750,105.5,80,0.0382028,0.465447,0.0382028,77.6902
750,105.5,80,0.0382018,0.465486,0.0382018,77.6884
750,105.5,80,0.038201,0.465526,0.038201,77.699
750,105.5,80,0.0381991,0.465566,0.0381991,77.6216
750,105.5,80,0.0381985,0.465605,0.0381985,77.7236
750,105.5,80,0.0381976,0.465656,0.0381976,77.7226
750,105.5,80,0.0381969,0.465701,0.0381969,77.7267
750,105.5,80,0.0381964,0.465743,0.0381964,77.7476
750,105.5,80,0.0381956,0.465781,0.0381956,77.7222
750,105.5,80,0.0381946,0.465819,0.0381946,77.7164
750,105.5,80,0.0381939,0.465857,0.0381939,77.7342
750,105.5,80,0.038193,0.465898,0.038193,77.7292
750,105.5,80,0.0381921,0.465938,0.0381921,77.7318
750,105.5,80,0.0381911,0.465976,0.0381911,77.7242
750,105.5,80,0.0381898,0.466014,0.0381898,77.7052
750,105.5,80,0.0381888,0.466054,0.0381888,77.7311
750,105.5,80,0.038188,0.466092,0.038188,77.7476
750,105.5,80,0.0381868,0.466133,0.0381868,77.7308
750,105.5,80,0.0381855,0.466172,0.0381855,77.7204
750,105.5,80,0.0381826,0.466214,0.0381826,77.6115
750,105.5,80,0.038181,0.466265,0.038181,77.7294
750,105.5,80,0.0381795,0.466309,0.0381795,77.7209
750,105.5,80,0.0381782,0.466349,0.0381782,77.7413
750,105.5,80,0.0381769,0.466388,0.0381769,77.7333
750,105.5,80,0.038176,0.466426,0.038176,77.7658
750,105.5,80,0.0381749,0.466465,0.0381749,77.759
750,105.5,80,0.0381741,0.466503,0.0381741,77.7835
750,105.5,80,0.0381731,0.466541,0.0381731,77.77
750,105.5,80,0.0381724,0.466579,0.0381724,77.7901
750,105.5,80,0.0381713,0.466621,0.0381713,77.7815
750,105.5,80,0.0381703,0.466659,0.0381703,77.7799
750,105.5,80,0.0381695,0.4667,0.0381695,77.8022
750,105.5,80,0.0381685,0.466742,0.0381685,77.7931
750,105.5,80,0.0381677,0.466784,0.0381677,77.8121
750,105.5,80,0.0381659,0.466826,0.0381659,77.7465
750,105.5,80,0.0381652,0.466881,0.0381652,77.8415
750,105.5,80,0.0381645,0.466921,0.0381645,77.8288
750,105.5,80,0.0381633,0.46696,0.0381633,77.7954
750,105.5,80,0.0381625,0.466998,0.0381625,77.8293
750,105.5,80,0.0381616,0.467037,0.0381616,77.8184
750,105.5,80,0.0381605,0.467075,0.0381605,77.8074
750,105.5,80,0.0381593,0.467114,0.0381593,77.8044
750,105.5,80,0.0381582,0.467152,0.0381582,77.8191
750,105.5,80,0.0381569,0.46719,0.0381569,77.7989
750,105.5,80,0.0381551,0.467228,0.0381551,77.7643
750,105.5,80,0.0381531,0.467267,0.0381531,77.758
750,105.5,80,0.038151,0.467305,0.038151,77.7436
750,105.5,80,0.0381491,0.467343,0.0381491,77.7642
750,105.5,80,0.038147,0.467382,0.038147,77.7562
750,105.5,80,0.0381453,0.46742,0.0381453,77.7823
750,105.5,80,0.0381433,0.467458,0.0381433,77.7658
750,105.5,80,0.0381416,0.467497,0.0381416,77.7918
750,105.5,80,0.0381395,0.467535,0.0381395,77.7648
750,105.5,80,0.0381377,0.467574,0.0381377,77.7857
750,105.5,80,0.0381355,0.467612,0.0381355,77.7581
750,105.5,80,0.0381331,0.467651,0.0381331,77.755
750,105.5,80,0.0381308,0.467689,0.0381308,77.749
750,105.5,80,0.038128,0.467727,0.038128,77.7213
750,105.5,80,0.0381257,0.467765,0.0381257,77.7585
750,105.5,80,0.0381232,0.467805,0.0381232,77.7579
750,105.5,80,0.0381208,0.467844,0.0381208,77.7512
750,105.5,80,0.0381179,0.467883,0.0381179,77.7255
750,105.5,80,0.0381151,0.467921,0.0381151,77.7281
750,105.5,80,0.0381122,0.467962,0.0381122,77.7383
750,105.5,80,0.0381094,0.468,0.0381094,77.7367
750,105.5,80,0.0381039,0.468044,0.0381039,77.573
750,105.5,80,0.0381014,0.468097,0.0381014,77.8195
750,105.5,80,0.0380991,0.468139,0.0380991,77.7944
750,105.5,80,0.0380968,0.468179,0.0380968,77.7838
750,105.5,80,0.0380945,0.468217,0.0380945,77.7831
750,105.5,80,0.0380925,0.468255,0.0380925,77.8156
750,105.5,80,0.0380907,0.468294,0.0380907,77.8252
750,105.5,80,0.0380889,0.468332,0.0380889,77.8353
750,105.5,80,0.0380871,0.46837,0.0380871,77.8385
750,105.5,80,0.0380857,0.468408,0.0380857,77.8646
750,105.5,80,0.0380838,0.468446,0.0380838,77.837
750,105.5,80,0.0380817,0.468485,0.0380817,77.8124
750,105.5,80,0.0380797,0.468525,0.0380797,77.8436
750,105.5,80,0.0380777,0.468563,0.0380777,77.8316
750,105.5,80,0.0380754,0.468601,0.0380754,77.8037
750,105.5,80,0.038073,0.468639,0.038073,77.8105
750,105.5,80,0.0380709,0.468678,0.0380709,77.8313
750,105.5,80,0.0380687,0.468716,0.0380687,77.8243
750,105.5,80,0.0380664,0.468756,0.0380664,77.8267
750,105.5,80,0.0380641,0.468794,0.0380641,77.822
750,105.5,80,0.0380617,0.468832,0.0380617,77.8233
750,105.5,80,0.0380592,0.46887,0.0380592,77.8099
750,105.5,80,0.0380568,0.468911,0.0380568,77.8252
750,105.5,80,0.0380543,0.468951,0.0380543,77.8287
750,105.5,80,0.0380496,0.468996,0.0380496,77.6976
750,105.5,80,0.0380474,0.469045,0.0380474,77.886
750,105.5,80,0.0380449,0.469089,0.0380449,77.8454
750,105.5,80,0.0380449,0.469128,0.0380449,78.0315
750,105.5,80,0.0380427,0.469166,0.0380427,77.8456
750,105.5,80,0.0380402,0.469204,0.0380402,77.8388
750,105.5,80,0.0380381,0.469245,0.0380381,77.8693
750,105.5,80,0.0380359,0.469283,0.0380359,77.8648
750,105.5,80,0.0380338,0.469321,0.0380338,77.8669
750,105.5,80,0.0380317,0.469359,0.0380317,77.878
750,105.5,80,0.0380293,0.469399,0.0380293,77.8557
750,105.5,80,0.0380267,0.469437,0.0380267,77.8363
750,105.5,80,0.038024,0.469477,0.038024,77.8476
750,105.5,80,0.0380215,0.469515,0.0380215,77.8438
750,105.5,80,0.0380188,0.469553,0.0380188,77.8353
750,105.5,80,0.038016,0.469591,0.038016,77.8318
750,105.5,80,0.0380129,0.469632,0.0380129,77.8312
750,105.5,80,0.0380102,0.469671,0.0380102,77.8464
750,105.5,80,0.0380077,0.469712,0.0380077,77.8718
750,105.5,80,0.0380046,0.469753,0.0380046,77.8335
750,105.5,80,0.0379993,0.469795,0.0379993,77.6753
750,105.5,80,0.0379967,0.469843,0.0379967,77.9063
750,105.5,80,0.0379941,0.469888,0.0379941,77.8939
750,105.5,80,0.0379918,0.469926,0.0379918,77.8867
750,105.5,80,0.0379893,0.469965,0.0379893,77.8775
750,105.5,80,0.037987,0.470003,0.037987,77.8938
750,105.5,80,0.0379846,0.470041,0.0379846,77.8836
750,105.5,80,0.0379823,0.470079,0.0379823,77.8959
750,105.5,80,0.0379803,0.470117,0.0379803,77.9234
750,105.5,80,0.0379784,0.470155,0.0379784,77.9351
750,105.5,80,0.0379767,0.470195,0.0379767,77.9536
750,105.5,80,0.0379751,0.470233,0.0379751,77.9633
750,105.5,80,0.0379735,0.470271,0.0379735,77.9634
750,105.5,80,0.0379721,0.470309,0.0379721,77.9857
750,105.5,80,0.0379706,0.470347,0.0379706,77.9833
750,105.5,80,0.0379694,0.470385,0.0379694,78.0012
750,105.5,80,0.037968,0.470425,0.037968,78.0053
750,105.5,80,0.0379669,0.470463,0.0379669,78.0195
750,105.5,80,0.0379659,0.470504,0.0379659,78.0391
750,105.5,80,0.0379648,0.470542,0.0379648,78.0245
750,105.5,80,0.0379638,0.470582,0.0379638,78.0435
750,105.5,80,0.0379629,0.47062,0.0379629,78.0551
750,105.5,80,0.0379619,0.470661,0.0379619,78.0541
750,105.5,80,0.0379612,0.470701,0.0379612,78.0775
750,105.5,80,0.0379597,0.470742,0.0379597,78.0194
750,105.5,80,0.037959,0.470789,0.037959,78.0913
750,105.5,80,0.0379585,0.470834,0.0379585,78.1056
750,105.5,80,0.0379576,0.470872,0.0379576,78.076
750,105.5,80,0.0379569,0.470914,0.0379569,78.0983
750,105.5,80,0.0379561,0.470952,0.0379561,78.0857
750,105.5,80,0.0379552,0.47099,0.0379552,78.0853
750,105.5,80,0.0379545,0.471029,0.0379545,78.1044
750,105.5,80,0.0379538,0.471067,0.0379538,78.108
750,105.5,80,0.037953,0.471104,0.037953,78.1027
750,105.5,80,0.0379522,0.471144,0.0379522,78.1051
750,105.5,80,0.0379513,0.471182,0.0379513,78.1041
750,105.5,80,0.0379506,0.47122,0.0379506,78.1218
750,105.5,80,0.0379496,0.471257,0.0379496,78.1022
750,105.5,80,0.0379486,0.471295,0.0379486,78.1026
750,105.5,80,0.0379476,0.471333,0.0379476,78.1062
750,105.5,80,0.0379462,0.471374,0.0379462,78.0799
750,105.5,80,0.0379447,0.471412,0.0379447,78.0773
750,105.5,80,0.0379432,0.471453,0.0379432,78.0805
750,105.5,80,0.0379418,0.471491,0.0379418,78.0856
750,105.5,80,0.0379404,0.471529,0.0379404,78.0897
750,105.5,80,0.0379394,0.471567,0.0379394,78.1285
750,105.5,80,0.0379383,0.471608,0.0379383,78.1252
750,105.5,80,0.0379369,0.471649,0.0379369,78.1115
750,105.5,80,0.0379342,0.471699,0.0379342,78.0508
750,105.5,80,0.037933,0.471743,0.037933,78.133
750,105.5,80,0.0379228,0.47199,0.0379228,78.1123
750,105.5,80,0.0379184,0.472048,0.0379184,78.0081
750,105.5,80,0.0379163,0.472088,0.0379163,78.0798
750,105.5,80,0.0379141,0.472135,0.0379141,78.107
750,105.5,80,0.0379114,0.472176,0.0379114,78.0482
750,105.5,80,0.0379064,0.47223,0.0379064,77.9673
750,105.5,80,0.0379038,0.472274,0.0379038,78.0776
750,105.5,80,0.037901,0.472313,0.037901,78.0282
750,105.5,80,0.0378983,0.472354,0.0378983,78.0583
750,105.5,80,0.0378958,0.472393,0.0378958,78.0742
750,105.5,80,0.0378926,0.472434,0.0378926,78.0187
750,105.5,80,0.0378899,0.472472,0.0378899,78.0463
750,105.5,80,0.0378874,0.472512,0.0378874,78.0771
750,105.5,80,0.0378845,0.472552,0.0378845,78.0489
750,105.5,80,0.0378816,0.472596,0.0378816,78.0744
750,105.5,80,0.0378767,0.472648,0.0378767,77.9776
750,105.5,80,0.0378742,0.472691,0.0378742,78.103
750,105.5,80,0.0378718,0.472729,0.0378718,78.0831
750,105.5,80,0.0378698,0.472767,0.0378698,78.1201
750,105.5,80,0.0378678,0.472805,0.0378678,78.1222
750,105.5,80,0.0378659,0.472844,0.0378659,78.1415
750,105.5,80,0.0378638,0.472882,0.0378638,78.1182
750,105.5,80,0.0378618,0.47292,0.0378618,78.1271
750,105.5,80,0.0378599,0.472958,0.0378599,78.144
750,105.5,80,0.0378583,0.472996,0.0378583,78.1654
750,105.5,80,0.0378566,0.473034,0.0378566,78.1609
750,105.5,80,0.0378549,0.473071,0.0378549,78.1636
750,105.5,80,0.0378533,0.473109,0.0378533,78.1752
750,105.5,80,0.0378516,0.473147,0.0378516,78.1668
750,105.5,80,0.03785,0.473185,0.03785,78.1834
750,105.5,80,0.0378479,0.473223,0.0378479,78.1458
750,105.5,80,0.0378462,0.473261,0.0378462,78.1758
750,105.5,80,0.0378442,0.473304,0.0378442,78.1723
750,105.5,80,0.0378422,0.473342,0.0378422,78.1594
750,105.5,80,0.0378398,0.473385,0.0378398,78.1526
750,105.5,80,0.0378377,0.473424,0.0378377,78.1622
750,105.5,80,0.0378339,0.473467,0.0378339,78.0626
750,105.5,80,0.0378316,0.473517,0.0378316,78.1881
750,105.5,80,0.0378294,0.473561,0.0378294,78.1811
750,105.5,80,0.0378271,0.473599,0.0378271,78.1518
750,105.5,80,0.0378249,0.473637,0.0378249,78.1646
750,105.5,80,0.0378225,0.473675,0.0378225,78.1432
750,105.5,80,0.0378202,0.473712,0.0378202,78.1595
750,105.5,80,0.0378174,0.473751,0.0378174,78.1258
750,105.5,80,0.0378146,0.473791,0.0378146,78.1373
750,105.5,80,0.0378119,0.473829,0.0378119,78.1271
750,105.5,80,0.0378091,0.473867,0.0378091,78.1291
750,105.5,80,0.0378062,0.473904,0.0378062,78.1167
750,105.5,80,0.0378026,0.473944,0.0378026,78.074
750,105.5,80,0.0377994,0.473982,0.0377994,78.1038
750,105.5,80,0.0377964,0.47402,0.0377964,78.1177
750,105.5,80,0.0377932,0.474058,0.0377932,78.1022
750,105.5,80,0.0377898,0.474096,0.0377898,78.0943
750,105.5,80,0.0377864,0.474134,0.0377864,78.0821
750,105.5,80,0.0377829,0.474177,0.0377829,78.1217
750,105.5,80,0.0377764,0.474222,0.0377764,77.9299
750,105.5,80,0.0377729,0.474277,0.0377729,78.1736
750,105.5,80,0.0377696,0.474318,0.0377696,78.1232
750,105.5,80,0.0377666,0.474356,0.0377666,78.1309
750,105.5,80,0.0377636,0.474394,0.0377636,78.1295
750,105.5,80,0.0377607,0.474437,0.0377607,78.1688
750,105.5,80,0.0377578,0.474475,0.0377578,78.1486
750,105.5,80,0.0377552,0.474515,0.0377552,78.183
750,105.5,80,0.0377525,0.474554,0.0377525,78.1697
750,105.5,80,0.0377473,0.47461,0.0377473,78.0992
750,105.5,80,0.0377446,0.474654,0.0377446,78.201
750,105.5,80,0.0377422,0.474694,0.0377422,78.2067
750,105.5,80,0.0377394,0.474732,0.0377394,78.1614
750,105.5,80,0.0377365,0.474773,0.0377365,78.1771
750,105.5,80,0.0377338,0.47481,0.0377338,78.1779
750,105.5,80,0.0377308,0.474848,0.0377308,78.1559
750,105.5,80,0.0377277,0.474886,0.0377277,78.1493
750,105.5,80,0.0377249,0.474925,0.0377249,78.1841
750,105.5,80,0.037722,0.474963,0.037722,78.1644
750,105.5,80,0.0377191,0.475,0.0377191,78.1733
750,105.5,80,0.0377162,0.475038,0.0377162,78.1684
750,105.5,80,0.0377132,0.475076,0.0377132,78.1679
750,105.5,80,0.03771,0.475114,0.03771,78.1525
750,105.5,80,0.037707,0.475152,0.037707,78.1722
750,105.5,80,0.0377034,0.47519,0.0377034,78.1207
750,105.5,80,0.0376997,0.475231,0.0376997,78.1347
750,105.5,80,0.0376963,0.475268,0.0376963,78.1474
750,105.5,80,0.0376927,0.475308,0.0376927,78.1338
750,105.5,80,0.0376892,0.475347,0.0376892,78.1471
750,105.5,80,0.0376858,0.475388,0.0376858,78.1694
750,105.5,80,0.037679,0.475446,0.037679,78.0636
750,105.5,80,0.0376756,0.475487,0.0376756,78.1725
750,105.5,80,0.037672,0.475527,0.037672,78.1505
750,105.5,80,0.0376684,0.475569,0.0376684,78.1683
750,105.5,80,0.0376646,0.475609,0.0376646,78.1385
750,105.5,80,0.0376609,0.475648,0.0376609,78.1367
750,105.5,80,0.0376573,0.475686,0.0376573,78.1418
750,105.5,80,0.0376502,0.47574,0.0376502,78.0338
750,105.5,80,0.0376469,0.475783,0.0376469,78.1971
750,105.5,80,0.0376464,0.475821,0.0376464,78.3992
750,105.5,80,0.0376431,0.475859,0.0376431,78.173
750,105.5,80,0.0376401,0.475898,0.0376401,78.2043
750,105.5,80,0.0376368,0.475936,0.0376368,78.1714
750,105.5,80,0.037634,0.475973,0.037634,78.2192
750,105.5,80,0.0376312,0.476011,0.0376312,78.2211
750,105.5,80,0.0376284,0.476049,0.0376284,78.2241
750,105.5,80,0.0376257,0.476088,0.0376257,78.2337
750,105.5,80,0.0376227,0.476127,0.0376227,78.2195
750,105.5,80,0.0376201,0.476165,0.0376201,78.238
750,105.5,80,0.0376173,0.476203,0.0376173,78.2399
750,105.5,80,0.0376141,0.476241,0.0376141,78.1976
750,105.5,80,0.0376113,0.476279,0.0376113,78.2277
750,105.5,80,0.0376085,0.476318,0.0376085,78.2422
750,105.5,80,0.0376057,0.476356,0.0376057,78.2428
750,105.5,80,0.0376028,0.476394,0.0376028,78.2325
750,105.5,80,0.0375996,0.476432,0.0375996,78.2082
750,105.5,80,0.0375967,0.476469,0.0375967,78.2334
750,105.5,80,0.0375936,0.476511,0.0375936,78.2423
750,105.5,80,0.0375905,0.476549,0.0375905,78.2158
750,105.5,80,0.0375877,0.476587,0.0375877,78.2509
750,105.5,80,0.0375845,0.476624,0.0375845,78.2222
750,105.5,80,0.0375781,0.476666,0.0375781,78.0119
750,105.5,80,0.0375747,0.476716,0.0375747,78.2645
750,105.5,80,0.0375711,0.47676,0.0375711,78.2388
750,105.5,80,0.0375677,0.476798,0.0375677,78.2011
750,105.5,80,0.0375641,0.476835,0.0375641,78.1941
750,105.5,80,0.0375609,0.476873,0.0375609,78.225
750,105.5,80,0.0375575,0.476911,0.0375575,78.2082
750,105.5,80,0.0375541,0.476948,0.0375541,78.2116
750,105.5,80,0.0375504,0.476987,0.0375504,78.2056
750,105.5,80,0.037547,0.477028,0.037547,78.2351
750,105.5,80,0.0375437,0.477066,0.0375437,78.2223
750,105.5,80,0.0375406,0.477103,0.0375406,78.2382
750,105.5,80,0.0375374,0.477143,0.0375374,78.2536
750,105.5,80,0.0375338,0.47718,0.0375338,78.2041
750,105.5,80,0.0375308,0.477218,0.0375308,78.2548
750,105.5,80,0.0375278,0.477255,0.0375278,78.259
750,105.5,80,0.0375248,0.477293,0.0375248,78.2601
750,105.5,80,0.0375217,0.477331,0.0375217,78.2495
750,105.5,80,0.0375189,0.477368,0.0375189,78.2766
750,105.5,80,0.0375162,0.477406,0.0375162,78.2876
750,105.5,80,0.0375137,0.477444,0.0375137,78.3081
750,105.5,80,0.037511,0.477481,0.037511,78.2941
750,105.5,80,0.0375084,0.477519,0.0375084,78.2976
750,105.5,80,0.0375061,0.477556,0.0375061,78.3302
750,105.5,80,0.0375038,0.477597,0.0375038,78.3401
750,105.5,80,0.0375015,0.477634,0.0375015,78.338
750,105.5,80,0.0374991,0.477672,0.0374991,78.3255
750,105.5,80,0.0374972,0.47771,0.0374972,78.3685
750,105.5,80,0.0374952,0.477749,0.0374952,78.3754
750,105.5,80,0.0374934,0.477787,0.0374934,78.3827
750,105.5,80,0.0374916,0.477828,0.0374916,78.393
750,105.5,80,0.0374874,0.477866,0.0374874,78.2043
750,105.5,80,0.0374853,0.477919,0.0374853,78.4179
750,105.5,80,0.0374832,0.47796,0.0374832,78.3844
750,105.5,80,0.0374808,0.478,0.0374808,78.3598
750,105.5,80,0.0374784,0.478038,0.0374784,78.3518
750,105.5,80,0.0374762,0.478078,0.0374762,78.3813
750,105.5,80,0.0374739,0.478116,0.0374739,78.3614
750,105.5,80,0.0374712,0.478155,0.0374712,78.3429
750,105.5,80,0.0374688,0.478194,0.0374688,78.3639
750,105.5,80,0.0374663,0.478236,0.0374663,78.3762
750,105.5,80,0.0374611,0.478278,0.0374611,78.1851
750,105.5,80,0.0374588,0.478331,0.0374588,78.4285
750,105.5,80,0.0374562,0.478371,0.0374562,78.3673
750,105.5,80,0.0374538,0.478409,0.0374538,78.3708
750,105.5,80,0.037451,0.478447,0.037451,78.3474
750,105.5,80,0.0374484,0.478484,0.0374484,78.3583
750,105.5,80,0.0374457,0.478523,0.0374457,78.35
750,105.5,80,0.0374428,0.478562,0.0374428,78.3492
750,105.5,80,0.03744,0.478599,0.03744,78.3511
750,105.5,80,0.0374373,0.478638,0.0374373,78.3631
750,105.5,80,0.0374346,0.478675,0.0374346,78.3586
750,105.5,80,0.0374317,0.478713,0.0374317,78.3478
750,105.5,80,0.0374286,0.478751,0.0374286,78.3392
750,105.5,80,0.0374259,0.478789,0.0374259,78.3663
750,105.5,80,0.037423,0.478826,0.037423,78.3517
750,105.5,80,0.03742,0.478864,0.03742,78.3455
750,105.5,80,0.0374169,0.478901,0.0374169,78.3421
750,105.5,80,0.0374139,0.47894,0.0374139,78.3548
750,105.5,80,0.0374109,0.478978,0.0374109,78.3542
750,105.5,80,0.0374082,0.479016,0.0374082,78.3812
750,105.5,80,0.0374054,0.479054,0.0374054,78.3727
750,105.5,80,0.0374026,0.479092,0.0374026,78.3798
750,105.5,80,0.0374001,0.47913,0.0374001,78.3985
750,105.5,80,0.0373979,0.479171,0.0373979,78.4395
750,105.5,80,0.0373958,0.479208,0.0373958,78.433
750,105.5,80,0.0373936,0.479248,0.0373936,78.4389
750,105.5,80,0.0373894,0.479298,0.0373894,78.3609
750,105.5,80,0.0373873,0.479344,0.0373873,78.4682
750,105.5,80,0.0373849,0.479381,0.0373849,78.4255
750,105.5,80,0.0373827,0.479419,0.0373827,78.4409
750,105.5,80,0.0373806,0.479456,0.0373806,78.4508
750,105.5,80,0.0373784,0.479495,0.0373784,78.4473
750,105.5,80,0.037376,0.479532,0.037376,78.4312
750,105.5,80,0.0373735,0.47957,0.0373735,78.4265
750,105.5,80,0.0373711,0.479607,0.0373711,78.4404
750,105.5,80,0.0373686,0.479645,0.0373686,78.4312
750,105.5,80,0.0373662,0.479682,0.0373662,78.4325
750,105.5,80,0.0373637,0.47972,0.0373637,78.441
750,105.5,80,0.0373613,0.479758,0.0373613,78.439
750,105.5,80,0.0373587,0.479796,0.0373587,78.4328
750,105.5,80,0.0373563,0.479834,0.0373563,78.4568
750,105.5,80,0.0373541,0.479871,0.0373541,78.4606
750,105.5,80,0.0373516,0.479909,0.0373516,78.4485
750,105.5,80,0.0373488,0.479948,0.0373488,78.4354
750,105.5,80,0.0373458,0.479986,0.0373458,78.4068
750,105.5,80,0.037343,0.480024,0.037343,78.4275
750,105.5,80,0.0373398,0.480061,0.0373398,78.3974
750,105.5,80,0.0373364,0.480102,0.0373364,78.402
750,105.5,80,0.0373332,0.480139,0.0373332,78.404
750,105.5,80,0.0373299,0.480181,0.0373299,78.4201
750,105.5,80,0.0373231,0.48022,0.0373231,78.1353
750,105.5,80,0.0373192,0.480271,0.0373192,78.4277
750,105.5,80,0.0373157,0.480313,0.0373157,78.4123
750,105.5,80,0.0373118,0.480351,0.0373118,78.36
750,105.5,80,0.037308,0.480389,0.037308,78.3534
750,105.5,80,0.0373035,0.480427,0.0373035,78.3173
750,105.5,80,0.0372996,0.480465,0.0372996,78.3577
750,105.5,80,0.0372959,0.480502,0.0372959,78.3694
750,105.5,80,0.0372922,0.48054,0.0372922,78.3661
750,105.5,80,0.037289,0.480578,0.037289,78.423
750,105.5,80,0.0372857,0.480615,0.0372857,78.4067
750,105.5,80,0.0372825,0.480653,0.0372825,78.408
750,105.5,80,0.0372792,0.480694,0.0372792,78.435
750,105.5,80,0.037276,0.480736,0.037276,78.4503
750,105.5,80,0.0372703,0.480792,0.0372703,78.3735
750,105.5,80,0.0372678,0.480839,0.0372678,78.5203
750,105.5,80,0.0372651,0.480881,0.0372651,78.4878
750,105.5,80,0.0372601,0.480929,0.0372601,78.373
750,105.5,80,0.0372576,0.480986,0.0372576,78.5602
750,105.5,80,0.0372548,0.481027,0.0372548,78.4858
750,105.5,80,0.0372522,0.481069,0.0372522,78.5077
750,105.5,80,0.0372468,0.481127,0.0372468,78.4136
750,105.5,80,0.0372441,0.481172,0.0372441,78.5187
750,105.5,80,0.0372407,0.481212,0.0372407,78.4424
750,105.5,80,0.0372375,0.481255,0.0372375,78.4835
750,105.5,80,0.0372344,0.481296,0.0372344,78.4776
750,105.5,80,0.0372272,0.481338,0.0372272,78.1878
750,105.5,80,0.0372236,0.481375,0.0372236,78.4178
750,105.5,80,0.0372201,0.481424,0.0372201,78.4882
750,105.5,80,0.0372164,0.481466,0.0372164,78.4451
750,105.5,80,0.0372124,0.481504,0.0372124,78.3883
750,105.5,80,0.0372092,0.481541,0.0372092,78.4597
750,105.5,80,0.0372058,0.481578,0.0372058,78.4365
750,105.5,80,0.0372024,0.481616,0.0372024,78.4444
750,105.5,80,0.0371991,0.481654,0.0371991,78.4515
750,105.5,80,0.0371963,0.481692,0.0371963,78.5026
750,105.5,80,0.0371937,0.48173,0.0371937,78.511
750,105.5,80,0.0371912,0.481768,0.0371912,78.5197
750,105.5,80,0.0371885,0.481805,0.0371885,78.5063
750,105.5,80,0.0371859,0.481842,0.0371859,78.518
750,105.5,80,0.0371836,0.481879,0.0371836,78.5451
750,105.5,80,0.0371813,0.481922,0.0371813,78.5681
750,105.5,80,0.0371791,0.481959,0.0371791,78.5522
750,105.5,80,0.0371771,0.481998,0.0371771,78.5791
750,105.5,80,0.0371752,0.482035,0.0371752,78.5845
750,105.5,80,0.0371731,0.482074,0.0371731,78.5805
750,105.5,80,0.0371709,0.482112,0.0371709,78.572
750,105.5,80,0.037167,0.482153,0.037167,78.4541
750,105.5,80,0.0371648,0.482192,0.0371648,78.5794
750,105.5,80,0.0371628,0.482242,0.0371628,78.6264
750,105.5,80,0.0371608,0.482283,0.0371608,78.6113
750,105.5,80,0.0371589,0.482321,0.0371589,78.6059
750,105.5,80,0.0371572,0.482358,0.0371572,78.6182
750,105.5,80,0.0371551,0.482398,0.0371551,78.6047
750,105.5,80,0.037153,0.482435,0.037153,78.5913
750,105.5,80,0.0371514,0.482472,0.0371514,78.6352
750,105.5,80,0.0371496,0.482509,0.0371496,78.6236
750,105.5,80,0.037148,0.482548,0.037148,78.644
750,105.5,80,0.037146,0.482585,0.037146,78.611
750,105.5,80,0.0371439,0.482622,0.0371439,78.6118
750,105.5,80,0.0371417,0.482659,0.0371417,78.5981
750,105.5,80,0.0371394,0.482698,0.0371394,78.6048
750,105.5,80,0.0371372,0.482735,0.0371372,78.6034
750,105.5,80,0.0371347,0.482772,0.0371347,78.5871
750,105.5,80,0.0371324,0.482809,0.0371324,78.5983
750,105.5,80,0.0371324,0.482848,0.0371324,78.7906
750,105.5,80,0.0371298,0.482886,0.0371298,78.5857
750,105.5,80,0.0371274,0.482925,0.0371274,78.6113
750,105.5,80,0.0371248,0.482962,0.0371248,78.5892
750,105.5,80,0.0371222,0.483,0.0371222,78.5944
750,105.5,80,0.0371194,0.483039,0.0371194,78.5882
750,105.5,80,0.0371138,0.483093,0.0371138,78.4895
750,105.5,80,0.0371107,0.483136,0.0371107,78.5924
750,105.5,80,0.0371078,0.483174,0.0371078,78.5786
750,105.5,80,0.0371048,0.483211,0.0371048,78.5679
750,105.5,80,0.0371017,0.483249,0.0371017,78.5718
750,105.5,80,0.0370981,0.483287,0.0370981,78.5235
750,105.5,80,0.037095,0.483325,0.037095,78.5651
750,105.5,80,0.0370915,0.483362,0.0370915,78.541
750,105.5,80,0.0370881,0.483399,0.0370881,78.5379
750,105.5,80,0.0370843,0.483436,0.0370843,78.5114
750,105.5,80,0.0370808,0.483476,0.0370808,78.5572
750,105.5,80,0.0370775,0.48352,0.0370775,78.6013
750,105.5,80,0.0370705,0.483564,0.0370705,78.3414
750,105.5,80,0.0370673,0.483614,0.0370673,78.6305
750,105.5,80,0.0370641,0.483657,0.0370641,78.6004
750,105.5,80,0.0370608,0.483697,0.0370608,78.5851
750,105.5,80,0.0370576,0.483736,0.0370576,78.5855
750,105.5,80,0.037054,0.483774,0.037054,78.549
750,105.5,80,0.037051,0.483816,0.037051,78.6162
750,105.5,80,0.0370479,0.483854,0.0370479,78.5949
750,105.5,80,0.0370419,0.483907,0.0370419,78.4939
750,105.5,80,0.0370389,0.483951,0.0370389,78.6347
750,105.5,80,0.0370358,0.483989,0.0370358,78.5929
750,105.5,80,0.0370328,0.484026,0.0370328,78.6042
750,105.5,80,0.0370295,0.484063,0.0370295,78.5795
750,105.5,80,0.0370264,0.4841,0.0370264,78.5936
750,105.5,80,0.037023,0.484138,0.037023,78.5724
750,105.5,80,0.0370198,0.484175,0.0370198,78.5961
750,105.5,80,0.037016,0.484212,0.037016,78.5411
750,105.5,80,0.0370128,0.484249,0.0370128,78.5924
750,105.5,80,0.037009,0.484287,0.037009,78.5538
750,105.5,80,0.037005,0.484324,0.037005,78.5284
750,105.5,80,0.037001,0.484362,0.037001,78.5339
750,105.5,80,0.036997,0.484399,0.036997,78.5314
750,105.5,80,0.0369932,0.484436,0.0369932,78.552
750,105.5,80,0.0369891,0.484473,0.0369891,78.5349
750,105.5,80,0.0369846,0.48451,0.0369846,78.4938
750,105.5,80,0.0369806,0.484547,0.0369806,78.5361
750,105.5,80,0.0369767,0.484584,0.0369767,78.5409
750,105.5,80,0.0369727,0.484621,0.0369727,78.5361
750,105.5,80,0.0369683,0.484659,0.0369683,78.5113
750,105.5,80,0.0369645,0.484696,0.0369645,78.5594
750,105.5,80,0.0369607,0.484735,0.0369607,78.5695
750,105.5,80,0.0369573,0.484772,0.0369573,78.5885
750,105.5,80,0.036954,0.484812,0.036954,78.6153
750,105.5,80,0.0369507,0.484849,0.0369507,78.6117
750,105.5,80,0.036948,0.484888,0.036948,78.6558
750,105.5,80,0.0369456,0.484925,0.0369456,78.6757
750,105.5,80,0.0369432,0.484963,0.0369432,78.6894
750,105.5,80,0.0369407,0.485002,0.0369407,78.6787
750,105.5,80,0.0369362,0.485058,0.0369362,78.6387
750,105.5,80,0.0369338,0.485095,0.0369338,78.6947
750,105.5,80,0.0369314,0.485133,0.0369314,78.6846
750,105.5,80,0.0369289,0.485171,0.0369289,78.6929
750,105.5,80,0.0369267,0.48521,0.0369267,78.7147
750,105.5,80,0.036924,0.485247,0.036924,78.6685
750,105.5,80,0.0369213,0.485284,0.0369213,78.6748
750,105.5,80,0.0369183,0.485321,0.0369183,78.6522
750,105.5,80,0.0369156,0.485358,0.0369156,78.6812
750,105.5,80,0.0369129,0.485395,0.0369129,78.6711
750,105.5,80,0.0369099,0.485434,0.0369099,78.6664
750,105.5,80,0.036907,0.485471,0.036907,78.6723
750,105.5,80,0.0369042,0.485508,0.0369042,78.6762
750,105.5,80,0.0369013,0.485545,0.0369013,78.6686
750,105.5,80,0.0368984,0.485582,0.0368984,78.6685
750,105.5,80,0.0368951,0.485618,0.0368951,78.6375
750,105.5,80,0.0368922,0.485658,0.0368922,78.6956
750,105.5,80,0.0368891,0.485695,0.0368891,78.6602
750,105.5,80,0.0368856,0.485733,0.0368856,78.6386
750,105.5,80,0.0368823,0.48577,0.0368823,78.6407
750,105.5,80,0.0368789,0.48581,0.0368789,78.6633
750,105.5,80,0.0368752,0.485847,0.0368752,78.6223
750,105.5,80,0.0368712,0.485887,0.0368712,78.614
750,105.5,80,0.0368634,0.485926,0.0368634,78.3241
750,105.5,80,0.0368596,0.485978,0.0368596,78.6995
750,105.5,80,0.0368554,0.486018,0.0368554,78.6083
750,105.5,80,0.0368516,0.486059,0.0368516,78.6421
750,105.5,80,0.0368479,0.486097,0.0368479,78.6382
750,105.5,80,0.0368445,0.486141,0.0368445,78.6949
750,105.5,80,0.0368412,0.486181,0.0368412,78.6748
750,105.5,80,0.0368352,0.486236,0.0368352,78.6051
750,105.5,80,0.0368324,0.486275,0.0368324,78.7171
750,105.5,80,0.0368296,0.486318,0.0368296,78.7289
750,105.5,80,0.0368271,0.486355,0.0368271,78.7373
750,105.5,80,0.0368245,0.486396,0.0368245,78.7463
750,105.5,80,0.036822,0.486435,0.036822,78.7446
750,105.5,80,0.0368194,0.486476,0.0368194,78.7553
750,105.5,80,0.0368145,0.486525,0.0368145,78.6449
750,105.5,80,0.0368119,0.486572,0.0368119,78.7767
750,105.5,80,0.0368091,0.486612,0.0368091,78.7438
750,105.5,80,0.0368067,0.486656,0.0368067,78.7835
750,105.5,80,0.036804,0.486696,0.036804,78.7514
750,105.5,80,0.0367986,0.486747,0.0367986,78.6386
750,105.5,80,0.0367961,0.486791,0.0367961,78.7869
750,105.5,80,0.0367937,0.486832,0.0367937,78.7823
750,105.5,80,0.0367912,0.486869,0.0367912,78.7594
750,105.5,80,0.0367884,0.486906,0.0367884,78.736
750,105.5,80,0.0367854,0.486943,0.0367854,78.7193
750,105.5,80,0.0367827,0.486981,0.0367827,78.7563
750,105.5,80,0.0367799,0.487017,0.0367799,78.7407
750,105.5,80,0.0367771,0.487058,0.0367771,78.7657
750,105.5,80,0.036774,0.487095,0.036774,78.724
750,105.5,80,0.0367713,0.487136,0.0367713,78.7763
750,105.5,80,0.0367652,0.487175,0.0367652,78.5124
750,105.5,80,0.0367623,0.487216,0.0367623,78.761
750,105.5,80,0.0367589,0.487266,0.0367589,78.7784
750,105.5,80,0.0367556,0.487306,0.0367556,78.7334
750,105.5,80,0.0367524,0.487344,0.0367524,78.7285
750,105.5,80,0.0367491,0.487383,0.0367491,78.7299
750,105.5,80,0.0367459,0.487419,0.0367459,78.7255
750,105.5,80,0.0367419,0.487459,0.0367419,78.6949
750,105.5,80,0.0367387,0.487502,0.0367387,78.7594
750,105.5,80,0.0367323,0.487542,0.0367323,78.5211
750,105.5,80,0.0367287,0.487594,0.0367287,78.7849
750,105.5,80,0.0367254,0.487634,0.0367254,78.7504
750,105.5,80,0.0367221,0.487673,0.0367221,78.7375
750,105.5,80,0.0367191,0.48771,0.0367191,78.7575
750,105.5,80,0.0367156,0.487747,0.0367156,78.7113
750,105.5,80,0.0367124,0.487784,0.0367124,78.744
750,105.5,80,0.0367096,0.487821,0.0367096,78.7706
750,105.5,80,0.0367066,0.487857,0.0367066,78.7649
750,105.5,80,0.0367038,0.487894,0.0367038,78.7757
750,105.5,80,0.0367009,0.487933,0.0367009,78.7787
750,105.5,80,0.0366984,0.487969,0.0366984,78.802
750,105.5,80,0.0366957,0.488007,0.0366957,78.8027
750,105.5,80,0.0366927,0.488044,0.0366927,78.77
750,105.5,80,0.03669,0.488082,0.03669,78.7951
750,105.5,80,0.0366874,0.488119,0.0366874,78.806
750,105.5,80,0.0366846,0.48816,0.0366846,78.8194
750,105.5,80,0.0366817,0.488201,0.0366817,78.8099
750,105.5,80,0.0366755,0.488251,0.0366755,78.6507
750,105.5,80,0.0366724,0.488294,0.0366724,78.8057
750,105.5,80,0.0366691,0.488334,0.0366691,78.7831
750,105.5,80,0.0366659,0.488372,0.0366659,78.7742
750,105.5,80,0.0366629,0.48841,0.0366629,78.7898
750,105.5,80,0.0366594,0.488447,0.0366594,78.7476
750,105.5,80,0.036656,0.488483,0.036656,78.7594
750,105.5,80,0.0366524,0.48852,0.0366524,78.7365
750,105.5,80,0.0366493,0.488557,0.0366493,78.7793
750,105.5,80,0.036646,0.488593,0.036646,78.7671
750,105.5,80,0.0366427,0.48863,0.0366427,78.7703
750,105.5,80,0.0366389,0.488667,0.0366389,78.7308
750,105.5,80,0.0366355,0.488706,0.0366355,78.7822
750,105.5,80,0.036632,0.488743,0.036632,78.7597
750,105.5,80,0.0366276,0.488779,0.0366276,78.685
750,105.5,80,0.0366244,0.488818,0.0366244,78.7935
750,105.5,80,0.0366208,0.48886,0.0366208,78.7853
750,105.5,80,0.0366144,0.48891,0.0366144,78.6637
750,105.5,80,0.0366107,0.488953,0.0366107,78.7937
750,105.5,80,0.0366085,0.48899,0.0366085,78.8682
750,105.5,80,0.0366059,0.489028,0.0366059,78.8558
750,105.5,80,0.0366035,0.489066,0.0366035,78.8577
750,105.5,80,0.0366011,0.489103,0.0366011,78.8597
750,105.5,80,0.0365984,0.48914,0.0365984,78.8404
750,105.5,80,0.0365963,0.489178,0.0365963,78.8912
750,105.5,80,0.0365944,0.489215,0.0365944,78.913
750,105.5,80,0.0365924,0.489256,0.0365924,78.9174
750,105.5,80,0.0365907,0.489299,0.0365907,78.9485
750,105.5,80,0.0365871,0.489353,0.0365871,78.8709
750,105.5,80,0.0365852,0.489391,0.0365852,78.9202
750,105.5,80,0.0365833,0.48943,0.0365833,78.9292
750,105.5,80,0.0365812,0.489467,0.0365812,78.9134
750,105.5,80,0.0365794,0.489505,0.0365794,78.9388
750,105.5,80,0.0365771,0.489542,0.0365771,78.8936
750,105.5,80,0.0365752,0.489579,0.0365752,78.9382
750,105.5,80,0.0365731,0.489616,0.0365731,78.9111
750,105.5,80,0.0365711,0.489653,0.0365711,78.9288
750,105.5,80,0.0365711,0.48969,0.0365711,79.0922
750,105.5,80,0.0365688,0.489731,0.0365688,78.9315
750,105.5,80,0.0365668,0.489767,0.0365668,78.9353
750,105.5,80,0.0365649,0.489807,0.0365649,78.9568
750,105.5,80,0.0365628,0.489846,0.0365628,78.9392
750,105.5,80,0.0365584,0.489885,0.0365584,78.7751
750,105.5,80,0.0365565,0.489937,0.0365565,78.9996
750,105.5,80,0.0365544,0.489977,0.0365544,78.9533
750,105.5,80,0.0365521,0.490015,0.0365521,78.9351
750,105.5,80,0.0365498,0.490052,0.0365498,78.9303
750,105.5,80,0.0365477,0.490088,0.0365477,78.9462
750,105.5,80,0.0365456,0.490127,0.0365456,78.9585
750,105.5,80,0.0365431,0.490165,0.0365431,78.9275
750,105.5,80,0.0365408,0.490205,0.0365408,78.9544
750,105.5,80,0.0365385,0.490242,0.0365385,78.9429
750,105.5,80,0.036536,0.490282,0.036536,78.9419
750,105.5,80,0.0365334,0.490321,0.0365334,78.9387
750,105.5,80,0.0365278,0.490362,0.0365278,78.7238
750,105.5,80,0.0365249,0.490409,0.0365249,78.9538
750,105.5,80,0.036522,0.490449,0.036522,78.925
750,105.5,80,0.0365185,0.490486,0.0365185,78.8561
750,105.5,80,0.0365154,0.490523,0.0365154,78.8919
750,105.5,80,0.0365123,0.49056,0.0365123,78.8865
750,105.5,80,0.0365088,0.490601,0.0365088,78.8961
750,105.5,80,0.036505,0.490637,0.036505,78.8351
750,105.5,80,0.0365017,0.490674,0.0365017,78.8829
750,105.5,80,0.0364983,0.49071,0.0364983,78.8688
750,105.5,80,0.0364949,0.490747,0.0364949,78.8759
750,105.5,80,0.0364916,0.490784,0.0364916,78.8823
750,105.5,80,0.0364884,0.490825,0.0364884,78.9175
750,105.5,80,0.0364855,0.490861,0.0364855,78.9188
750,105.5,80,0.0364826,0.490901,0.0364826,78.9343
750,105.5,80,0.0364796,0.490938,0.0364796,78.928
750,105.5,80,0.0364744,0.490977,0.0364744,78.7597
750,105.5,80,0.0364717,0.491026,0.0364717,78.9961
750,105.5,80,0.0364691,0.491069,0.0364691,78.982
750,105.5,80,0.0364661,0.491108,0.0364661,78.942
750,105.5,80,0.0364633,0.491146,0.0364633,78.9473
750,105.5,80,0.0364605,0.491183,0.0364605,78.9435
750,105.5,80,0.0364574,0.491222,0.0364574,78.9356
750,105.5,80,0.0364547,0.491258,0.0364547,78.9517
750,105.5,80,0.0364519,0.491295,0.0364519,78.9447
750,105.5,80,0.0364494,0.491331,0.0364494,78.9688
750,105.5,80,0.0364465,0.491368,0.0364465,78.9425
750,105.5,80,0.0364434,0.491404,0.0364434,78.933
750,105.5,80,0.0364407,0.491441,0.0364407,78.9585
750,105.5,80,0.0364379,0.491477,0.0364379,78.9546
750,105.5,80,0.0364344,0.491513,0.0364344,78.9033
750,105.5,80,0.0364313,0.49155,0.0364313,78.9304
750,105.5,80,0.036428,0.491587,0.036428,78.929
750,105.5,80,0.0364247,0.491623,0.0364247,78.9195
750,105.5,80,0.036421,0.491662,0.036421,78.9041
750,105.5,80,0.0364176,0.491701,0.0364176,78.9352
750,105.5,80,0.0364143,0.49174,0.0364143,78.9433
750,105.5,80,0.0364074,0.491779,0.0364074,78.6704
750,105.5,80,0.0364035,0.491831,0.0364035,78.9743
750,105.5,80,0.0363999,0.491871,0.0363999,78.9336
750,105.5,80,0.0363963,0.491908,0.0363963,78.9092
750,105.5,80,0.0363925,0.491948,0.0363925,78.9195
750,105.5,80,0.036389,0.491986,0.036389,78.9246
750,105.5,80,0.0363856,0.492023,0.0363856,78.9317
750,105.5,80,0.0363825,0.492061,0.0363825,78.9592
750,105.5,80,0.0363796,0.492097,0.0363796,78.9728
750,105.5,80,0.0363768,0.492142,0.0363768,79.0161
750,105.5,80,0.0363717,0.49219,0.0363717,78.8989
750,105.5,80,0.0363696,0.492233,0.0363696,79.0613
750,105.5,80,0.0363671,0.492269,0.0363671,79.013
750,105.5,80,0.036365,0.492307,0.036365,79.0531
750,105.5,80,0.036363,0.492344,0.036363,79.0583
750,105.5,80,0.0363613,0.492381,0.0363613,79.0827
750,105.5,80,0.036359,0.492417,0.036359,79.0333
750,105.5,80,0.036357,0.492454,0.036357,79.0618
750,105.5,80,0.0363548,0.492491,0.0363548,79.0508
750,105.5,80,0.0363529,0.492527,0.0363529,79.073
750,105.5,80,0.0363509,0.492571,0.0363509,79.0966
750,105.5,80,0.036347,0.492631,0.036347,79.0443
750,105.5,80,0.0363449,0.492673,0.0363449,79.094
750,105.5,80,0.0363428,0.492715,0.0363428,79.0928
750,105.5,80,0.0363405,0.492759,0.0363405,79.0869
750,105.5,80,0.0363363,0.492815,0.0363363,79.028
750,105.5,80,0.0363341,0.492855,0.0363341,79.087
750,105.5,80,0.0363319,0.492893,0.0363319,79.0762
750,105.5,80,0.0363294,0.492929,0.0363294,79.0558
750,105.5,80,0.0363269,0.492967,0.0363269,79.0602
750,105.5,80,0.0363244,0.493006,0.0363244,79.0709
750,105.5,80,0.0363194,0.493054,0.0363194,78.9473
750,105.5,80,0.0363169,0.4931,0.0363169,79.1065
750,105.5,80,0.0363143,0.49314,0.0363143,79.0722
750,105.5,80,0.0363114,0.493177,0.0363114,79.0299
750,105.5,80,0.0363086,0.493214,0.0363086,79.0516
750,105.5,80,0.0363057,0.493253,0.0363057,79.0493
750,105.5,80,0.0363027,0.49329,0.0363027,79.0301
750,105.5,80,0.0362998,0.493326,0.0362998,79.0396
750,105.5,80,0.0362965,0.493363,0.0362965,79.0075
750,105.5,80,0.0362934,0.493399,0.0362934,79.0288
750,105.5,80,0.0362903,0.493435,0.0362903,79.0281
750,105.5,80,0.0362868,0.493472,0.0362868,78.9982
750,105.5,80,0.0362832,0.493509,0.0362832,78.9923
750,105.5,80,0.0362798,0.493545,0.0362798,79.0119
750,105.5,80,0.0362762,0.493582,0.0362762,78.9974
750,105.5,80,0.0362727,0.493618,0.0362727,78.9996
750,105.5,80,0.0362687,0.493655,0.0362687,78.965
750,105.5,80,0.0362653,0.493692,0.0362653,79.011
750,105.5,80,0.0362619,0.493729,0.0362619,79.0225
750,105.5,80,0.0362592,0.493765,0.0362592,79.0693
750,105.5,80,0.0362568,0.493803,0.0362568,79.1095
750,105.5,80,0.0362557,0.493842,0.0362557,79.2051
750,105.5,80,0.0362545,0.493884,0.0362545,79.2152
750,105.5,80,0.0362519,0.493932,0.0362519,79.1425
750,105.5,80,0.036249,0.493973,0.036249,79.0999
750,105.5,80,0.0362457,0.49401,0.0362457,79.0314
750,105.5,80,0.0362419,0.494046,0.0362419,79.0003
750,105.5,80,0.0362383,0.494082,0.0362383,79.0231
750,105.5,80,0.0362349,0.494122,0.0362349,79.0506
750,105.5,80,0.0362315,0.494158,0.0362315,79.0382
750,105.5,80,0.0362057,0.494403,0.0362057,79.0095
750,105.5,80,0.0362016,0.494454,0.0362016,79.0824
750,105.5,80,0.0361974,0.494494,0.0361974,79.005
750,105.5,80,0.0361889,0.494548,0.0361889,78.8628
750,105.5,80,0.0361841,0.494596,0.0361841,79.0332
750,105.5,80,0.0361797,0.494633,0.0361797,78.9692
750,105.5,80,0.0361751,0.494672,0.0361751,78.9774
750,105.5,80,0.0361704,0.494708,0.0361704,78.9501
750,105.5,80,0.0361659,0.494747,0.0361659,78.9823
750,105.5,80,0.0361615,0.494789,0.0361615,79.0201
750,105.5,80,0.036154,0.494825,0.036154,78.7165
750,105.5,80,0.0361504,0.494871,0.0361504,79.0934
750,105.5,80,0.0361471,0.494914,0.0361471,79.1058
750,105.5,80,0.036144,0.49495,0.036144,79.0778
750,105.5,80,0.036141,0.494986,0.036141,79.0853
750,105.5,80,0.0361382,0.495023,0.0361382,79.1138
750,105.5,80,0.0361359,0.49506,0.0361359,79.1474
750,105.5,80,0.0361336,0.495096,0.0361336,79.1447
750,105.5,80,0.0361313,0.495133,0.0361313,79.1578
750,105.5,80,0.0361287,0.495169,0.0361287,79.1311
750,105.5,80,0.0361267,0.495206,0.0361267,79.178
750,105.5,80,0.0361247,0.495243,0.0361247,79.1817
750,105.5,80,0.0361224,0.495279,0.0361224,79.1604
750,105.5,80,0.0361198,0.495315,0.0361198,79.1382
750,105.5,80,0.0361173,0.495359,0.0361173,79.1866
750,105.5,80,0.0361147,0.495395,0.0361147,79.1468
750,105.5,80,0.036112,0.495434,0.036112,79.1511
750,105.5,80,0.0361061,0.495484,0.0361061,79.0101
750,105.5,80,0.0361033,0.495527,0.0361033,79.1704
750,105.5,80,0.0361003,0.495564,0.0361003,79.1124
750,105.5,80,0.0360968,0.4956,0.0360968,79.0841
750,105.5,80,0.0360931,0.495637,0.0360931,79.0668
750,105.5,80,0.0360894,0.495676,0.0360894,79.0901
750,105.5,80,0.036086,0.495712,0.036086,79.0932
750,105.5,80,0.036082,0.495748,0.036082,79.0399
750,105.5,80,0.0360779,0.495785,0.0360779,79.0423
750,105.5,80,0.0360745,0.495822,0.0360745,79.093
750,105.5,80,0.036071,0.495858,0.036071,79.0927
750,105.5,80,0.0360674,0.495894,0.0360674,79.0773
750,105.5,80,0.0360635,0.49593,0.0360635,79.0594
750,105.5,80,0.0360592,0.495966,0.0360592,79.0286
750,105.5,80,0.0360556,0.496002,0.0360556,79.0818
750,105.5,80,0.0360515,0.496039,0.0360515,79.0438
750,105.5,80,0.036048,0.496075,0.036048,79.089
750,105.5,80,0.0360447,0.496114,0.0360447,79.1269
750,105.5,80,0.0360414,0.49615,0.0360414,79.1123
750,105.5,80,0.036038,0.49619,0.036038,79.1347
750,105.5,80,0.0360318,0.496247,0.0360318,79.0617
750,105.5,80,0.0360291,0.496286,0.0360291,79.1829
750,105.5,80,0.0360264,0.496322,0.0360264,79.1652
750,105.5,80,0.0360235,0.49636,0.0360235,79.1647
750,105.5,80,0.036021,0.496397,0.036021,79.1884
750,105.5,80,0.0360184,0.496435,0.0360184,79.1906
750,105.5,80,0.0360159,0.496471,0.0360159,79.1917
750,105.5,80,0.0360129,0.496518,0.0360129,79.2095
750,105.5,80,0.0360076,0.496566,0.0360076,79.0723
750,105.5,80,0.0360048,0.496609,0.0360048,79.2106
750,105.5,80,0.0360016,0.496646,0.0360016,79.1454
750,105.5,80,0.0359985,0.496683,0.0359985,79.1564
750,105.5,80,0.0359952,0.496719,0.0359952,79.1365
750,105.5,80,0.0359919,0.496761,0.0359919,79.1798
750,105.5,80,0.0359918,0.496797,0.0359918,79.3971
750,105.5,80,0.0359878,0.496833,0.0359878,79.0898
750,105.5,80,0.0359844,0.496869,0.0359844,79.138
750,105.5,80,0.0359805,0.496907,0.0359805,79.1064
750,105.5,80,0.0359766,0.496943,0.0359766,79.0971
750,105.5,80,0.0359679,0.496985,0.0359679,78.823
750,105.5,80,0.0359634,0.497036,0.0359634,79.1545
750,105.5,80,0.0359587,0.497074,0.0359587,79.0521
750,105.5,80,0.0359533,0.49711,0.0359533,78.984
750,105.5,80,0.0359485,0.497146,0.0359485,79.0212
750,105.5,80,0.0359434,0.497184,0.0359434,79.0255
750,105.5,80,0.0359385,0.497225,0.0359385,79.0664
750,105.5,80,0.0359338,0.497261,0.0359338,79.037
750,105.5,80,0.035929,0.497297,0.035929,79.0257
750,105.5,80,0.0359251,0.497333,0.0359251,79.1
750,105.5,80,0.0359215,0.497369,0.0359215,79.1243
750,105.5,80,0.0359179,0.497405,0.0359179,79.1277
750,105.5,80,0.0359147,0.497442,0.0359147,79.1717
750,105.5,80,0.0359119,0.497479,0.0359119,79.2029
750,105.5,80,0.0359093,0.497517,0.0359093,79.2212
750,105.5,80,0.0359069,0.497555,0.0359069,79.2427
750,105.5,80,0.035902,0.497606,0.035902,79.1477
750,105.5,80,0.0358999,0.497648,0.0358999,79.2804
750,105.5,80,0.0358978,0.497684,0.0358978,79.2635
750,105.5,80,0.0358956,0.49772,0.0358956,79.2555
750,105.5,80,0.0358934,0.497758,0.0358934,79.2636
750,105.5,80,0.0358913,0.497794,0.0358913,79.2722
750,105.5,80,0.035889,0.49783,0.035889,79.2495
750,105.5,80,0.0358865,0.497866,0.0358865,79.243
750,105.5,80,0.0358843,0.497902,0.0358843,79.2643
750,105.5,80,0.0358817,0.497938,0.0358817,79.2391
750,105.5,80,0.0358791,0.497977,0.0358791,79.2527
750,105.5,80,0.0358762,0.498013,0.0358762,79.2218
750,105.5,80,0.0358733,0.498049,0.0358733,79.2119
750,105.5,80,0.0358701,0.498084,0.0358701,79.1997
750,105.5,80,0.0358665,0.498124,0.0358665,79.1857
750,105.5,80,0.0358629,0.498161,0.0358629,79.1717
750,105.5,80,0.035859,0.498199,0.035859,79.1626
750,105.5,80,0.0358554,0.498237,0.0358554,79.1855
750,105.5,80,0.0358478,0.498276,0.0358478,78.9021
750,105.5,80,0.0358443,0.498324,0.0358443,79.2446
750,105.5,80,0.0358409,0.498367,0.0358409,79.2352
750,105.5,80,0.0358378,0.498402,0.0358378,79.2055
750,105.5,80,0.035834,0.498439,0.035834,79.1723
750,105.5,80,0.0358312,0.498475,0.0358312,79.2331
750,105.5,80,0.0358285,0.498512,0.0358285,79.2507
750,105.5,80,0.035826,0.498548,0.035826,79.2677
750,105.5,80,0.0358234,0.498585,0.0358234,79.2691
750,105.5,80,0.0358213,0.49862,0.0358213,79.3039
750,105.5,80,0.0358195,0.498656,0.0358195,79.3243
750,105.5,80,0.0358176,0.498694,0.0358176,79.3332
750,105.5,80,0.0358159,0.498732,0.0358159,79.3529
750,105.5,80,0.0358145,0.498768,0.0358145,79.3695
750,105.5,80,0.0358134,0.498805,0.0358134,79.3951
750,105.5,80,0.0358118,0.498841,0.0358118,79.3616
750,105.5,80,0.0358102,0.498877,0.0358102,79.3607
750,105.5,80,0.0358089,0.498914,0.0358089,79.3931
750,105.5,80,0.0358073,0.498951,0.0358073,79.3733
750,105.5,80,0.0358058,0.498988,0.0358058,79.3788
750,105.5,80,0.0358028,0.499029,0.0358028,79.2891
750,105.5,80,0.035801,0.499078,0.035801,79.3978
750,105.5,80,0.035799,0.499118,0.035799,79.3668
750,105.5,80,0.0357972,0.499155,0.0357972,79.3617
750,105.5,80,0.0357951,0.499193,0.0357951,79.3552
750,105.5,80,0.0357929,0.499228,0.0357929,79.3409
750,105.5,80,0.0357904,0.499266,0.0357904,79.3241
750,105.5,80,0.0357877,0.499301,0.0357877,79.3005
750,105.5,80,0.0357851,0.499337,0.0357851,79.3044
750,105.5,80,0.0357822,0.499373,0.0357822,79.2942
750,105.5,80,0.0357793,0.499409,0.0357793,79.2881
750,105.5,80,0.0357762,0.499445,0.0357762,79.2764
750,105.5,80,0.0357729,0.499481,0.0357729,79.2607
750,105.5,80,0.0357697,0.499516,0.0357697,79.2693
750,105.5,80,0.0357664,0.499552,0.0357664,79.2689
750,105.5,80,0.035763,0.499591,0.035763,79.2768
750,105.5,80,0.0357551,0.499652,0.0357551,79.163
750,105.5,80,0.0357512,0.499691,0.0357512,79.2396
750,105.5,80,0.0357468,0.499731,0.0357468,79.2205
750,105.5,80,0.0357422,0.49977,0.0357422,79.193
750,105.5,80,0.0357326,0.499814,0.0357326,78.9087
750,105.5,80,0.0357279,0.499863,0.0357279,79.2524
750,105.5,80,0.0357232,0.499903,0.0357232,79.1972
750,105.5,80,0.0357181,0.499943,0.0357181,79.1646
750,105.5,80,0.0357132,0.499988,0.0357132,79.2265
750,105.5,80,0.0357047,0.500038,0.0357047,79.0509
750,105.5,80,0.0357009,0.500081,0.0357009,79.2775
750,105.5,80,0.035697,0.500123,0.035697,79.2747
750,105.5,80,0.0356937,0.500165,0.0356937,79.3136
750,105.5,80,0.0356876,0.500207,0.0356876,79.1243
750,105.5,80,0.0356846,0.500258,0.0356846,79.3687
750,105.5,80,0.0356815,0.500299,0.0356815,79.3289
750,105.5,80,0.0356758,0.500348,0.0356758,79.211
750,105.5,80,0.0356724,0.500401,0.0356724,79.3634
750,105.5,80,0.0356692,0.500447,0.0356692,79.3524
750,105.5,80,0.0356629,0.500492,0.0356629,79.1419
750,105.5,80,0.0356593,0.500545,0.0356593,79.3564
750,105.5,80,0.0356553,0.50058,0.0356553,79.2332
750,105.5,80,0.0356513,0.500617,0.0356513,79.2449
750,105.5,80,0.0356474,0.500653,0.0356474,79.2407
750,105.5,80,0.035643,0.50069,0.035643,79.2281
750,105.5,80,0.0356387,0.500726,0.0356387,79.2131
750,105.5,80,0.0356343,0.500762,0.0356343,79.2057
750,105.5,80,0.0356298,0.5008,0.0356298,79.2187
750,105.5,80,0.0356251,0.50084,0.0356251,79.2223
750,105.5,80,0.0356201,0.50088,0.0356201,79.2048
750,105.5,80,0.0356108,0.500919,0.0356108,78.868
750,105.5,80,0.0356064,0.500967,0.0356064,79.3001
750,105.5,80,0.0356023,0.501008,0.0356023,79.2703
750,105.5,80,0.0355992,0.501043,0.0355992,79.3088
750,105.5,80,0.0355963,0.501081,0.0355963,79.3465
750,105.5,80,0.0355937,0.501117,0.0355937,79.3547
750,105.5,80,0.0355909,0.501153,0.0355909,79.3384
750,105.5,80,0.0355886,0.501188,0.0355886,79.3817
750,105.5,80,0.0355866,0.501225,0.0355866,79.4179
750,105.5,80,0.0355849,0.50126,0.0355849,79.4293
750,105.5,80,0.0355832,0.501296,0.0355832,79.4444
750,105.5,80,0.0355812,0.501332,0.0355812,79.411
750,105.5,80,0.0355797,0.501367,0.0355797,79.4621
750,105.5,80,0.0355781,0.501403,0.0355781,79.4546
750,105.5,80,0.0355765,0.501439,0.0355765,79.4614
750,105.5,80,0.0355749,0.501475,0.0355749,79.4572
750,105.5,80,0.0355734,0.501511,0.0355734,79.4696
750,105.5,80,0.0355721,0.501546,0.0355721,79.4881
750,105.5,80,0.0355704,0.501582,0.0355704,79.4563
750,105.5,80,0.0355687,0.501617,0.0355687,79.4626
750,105.5,80,0.035567,0.501653,0.035567,79.4643
750,105.5,80,0.0355653,0.501689,0.0355653,79.4623
750,105.5,80,0.0355634,0.501731,0.0355634,79.4792
750,105.5,80,0.03556,0.501782,0.03556,79.4202
750,105.5,80,0.0355583,0.501825,0.0355583,79.4986
750,105.5,80,0.0355564,0.501861,0.0355564,79.464
750,105.5,80,0.0355544,0.501898,0.0355544,79.464
750,105.5,80,0.0355527,0.501934,0.0355527,79.4841
750,105.5,80,0.0355509,0.501972,0.0355509,79.4821
750,105.5,80,0.0355491,0.502009,0.0355491,79.4921
750,105.5,80,0.0355469,0.502047,0.0355469,79.4536
750,105.5,80,0.0355449,0.502082,0.0355449,79.4692
750,105.5,80,0.0355428,0.50212,0.0355428,79.4692
750,105.5,80,0.0355405,0.502155,0.0355405,79.4522
750,105.5,80,0.0355378,0.502194,0.0355378,79.4331
750,105.5,80,0.0355351,0.502231,0.0355351,79.4287
750,105.5,80,0.0355293,0.502268,0.0355293,79.1967
750,105.5,80,0.0355262,0.502318,0.0355262,79.4648
750,105.5,80,0.0355233,0.502356,0.0355233,79.417
750,105.5,80,0.0355203,0.502394,0.0355203,79.4174
750,105.5,80,0.0355174,0.502429,0.0355174,79.4133
750,105.5,80,0.0355144,0.502465,0.0355144,79.4115
750,105.5,80,0.0355115,0.502501,0.0355115,79.4121
750,105.5,80,0.0355089,0.502536,0.0355089,79.4435
750,105.5,80,0.0355065,0.502573,0.0355065,79.4654
750,105.5,80,0.0355043,0.50261,0.0355043,79.4868
750,105.5,80,0.0355022,0.502646,0.0355022,79.4883
750,105.5,80,0.0355003,0.502682,0.0355003,79.5061
750,105.5,80,0.0354983,0.502717,0.0354983,79.5059
750,105.5,80,0.0354963,0.502753,0.0354963,79.5004
750,105.5,80,0.0354943,0.502795,0.0354943,79.5319
750,105.5,80,0.0354923,0.502833,0.0354923,79.517
750,105.5,80,0.035488,0.502881,0.035488,79.4199
750,105.5,80,0.0354857,0.502923,0.0354857,79.5105
750,105.5,80,0.0354835,0.502959,0.0354835,79.5066
750,105.5,80,0.0354816,0.502995,0.0354816,79.5266
750,105.5,80,0.0354795,0.503031,0.0354795,79.5113
750,105.5,80,0.0354774,0.503066,0.0354774,79.5184
750,105.5,80,0.0354758,0.503102,0.0354758,79.5486
750,105.5,80,0.0354741,0.503137,0.0354741,79.5518
750,105.5,80,0.0354723,0.503173,0.0354723,79.5503
750,105.5,80,0.0354704,0.503208,0.0354704,79.5376
750,105.5,80,0.0354687,0.503245,0.0354687,79.5578
750,105.5,80,0.0354669,0.50328,0.0354669,79.5518
750,105.5,80,0.0354647,0.503316,0.0354647,79.5231
750,105.5,80,0.0354624,0.503351,0.0354624,79.5158
750,105.5,80,0.0354601,0.503387,0.0354601,79.5191
750,105.5,80,0.0354577,0.503422,0.0354577,79.5147
750,105.5,80,0.035455,0.503461,0.035455,79.5109
750,105.5,80,0.0354519,0.503497,0.0354519,79.462
750,105.5,80,0.0354488,0.503532,0.0354488,79.463
750,105.5,80,0.0354456,0.503568,0.0354456,79.4478
750,105.5,80,0.0354422,0.503603,0.0354422,79.4449
750,105.5,80,0.0354387,0.503639,0.0354387,79.4314
750,105.5,80,0.0354348,0.503675,0.0354348,79.4139
750,105.5,80,0.0354309,0.503711,0.0354309,79.4019
750,105.5,80,0.0354269,0.503746,0.0354269,79.3963
750,105.5,80,0.0354232,0.503782,0.0354232,79.4194
750,105.5,80,0.0354231,0.50382,0.0354231,79.7178
750,105.5,80,0.0354186,0.503856,0.0354186,79.3586
750,105.5,80,0.0354144,0.503893,0.0354144,79.4016
750,105.5,80,0.0354103,0.50393,0.0354103,79.4068
750,105.5,80,0.0354019,0.503969,0.0354019,79.1169
750,105.5,80,0.035398,0.504018,0.035398,79.4928
750,105.5,80,0.035394,0.504055,0.035394,79.4238
750,105.5,80,0.0353901,0.504091,0.0353901,79.4143
750,105.5,80,0.035386,0.504127,0.035386,79.4061
750,105.5,80,0.0353822,0.504163,0.0353822,79.425
750,105.5,80,0.0353785,0.504198,0.0353785,79.428
750,105.5,80,0.0353753,0.504233,0.0353753,79.4757
750,105.5,80,0.0353721,0.504269,0.0353721,79.4703
750,105.5,80,0.0353687,0.504304,0.0353687,79.4572
750,105.5,80,0.0353658,0.504342,0.0353658,79.5168
750,105.5,80,0.0353629,0.504377,0.0353629,79.4998
750,105.5,80,0.03536,0.504414,0.03536,79.516
750,105.5,80,0.035357,0.50445,0.035357,79.5034
750,105.5,80,0.0353542,0.504486,0.0353542,79.5143
750,105.5,80,0.0353513,0.504522,0.0353513,79.5179
750,105.5,80,0.0353481,0.504563,0.0353481,79.5153
750,105.5,80,0.0353447,0.5046,0.0353447,79.4881
750,105.5,80,0.0353381,0.504641,0.0353381,79.283
750,105.5,80,0.0353338,0.504676,0.0353338,79.404
750,105.5,80,0.03533,0.504726,0.03533,79.5281
750,105.5,80,0.0353258,0.504761,0.0353258,79.4126
750,105.5,80,0.0353212,0.504797,0.0353212,79.3846
750,105.5,80,0.0353164,0.504832,0.0353164,79.3579
750,105.5,80,0.0353117,0.504868,0.0353117,79.3752
750,105.5,80,0.0353069,0.504904,0.0353069,79.3725
750,105.5,80,0.0353021,0.50494,0.0353021,79.3645
750,105.5,80,0.0352976,0.504975,0.0352976,79.3873
750,105.5,80,0.0352928,0.505011,0.0352928,79.3792
750,105.5,80,0.0352884,0.505046,0.0352884,79.3966
750,105.5,80,0.0352842,0.505082,0.0352842,79.4134
750,105.5,80,0.0352804,0.505117,0.0352804,79.4433
750,105.5,80,0.0352763,0.505155,0.0352763,79.4438
750,105.5,80,0.0352728,0.50519,0.0352728,79.4731
750,105.5,80,0.0352695,0.505225,0.0352695,79.4933
750,105.5,80,0.0352665,0.505261,0.0352665,79.5108
750,105.5,80,0.0352633,0.505297,0.0352633,79.5093
750,105.5,80,0.0352606,0.505332,0.0352606,79.5436
750,105.5,80,0.0352582,0.505369,0.0352582,79.5719
750,105.5,80,0.0352557,0.505404,0.0352557,79.5636
750,105.5,80,0.0352534,0.50544,0.0352534,79.5828
750,105.5,80,0.0352513,0.505476,0.0352513,79.5999
750,105.5,80,0.0352489,0.505511,0.0352489,79.5745
750,105.5,80,0.0352468,0.505546,0.0352468,79.6064
750,105.5,80,0.0352442,0.505584,0.0352442,79.5823
750,105.5,80,0.0352417,0.50562,0.0352417,79.5754
750,105.5,80,0.0352393,0.505657,0.0352393,79.59
750,105.5,80,0.0352368,0.505692,0.0352368,79.5737
750,105.5,80,0.0352306,0.505732,0.0352306,79.336
750,105.5,80,0.0352275,0.505778,0.0352275,79.5958
750,105.5,80,0.0352241,0.50582,0.0352241,79.5484
750,105.5,80,0.0352202,0.505855,0.0352202,79.4734
750,105.5,80,0.0352167,0.505892,0.0352167,79.5177
750,105.5,80,0.035213,0.505927,0.035213,79.4861
750,105.5,80,0.0352089,0.505962,0.0352089,79.4576
750,105.5,80,0.0352044,0.505998,0.0352044,79.4307
750,105.5,80,0.0352002,0.506034,0.0352002,79.4607
750,105.5,80,0.0351961,0.506069,0.0351961,79.4626
750,105.5,80,0.035192,0.506105,0.035192,79.4655
750,105.5,80,0.0351877,0.506141,0.0351877,79.4532
750,105.5,80,0.035184,0.506179,0.035184,79.5088
750,105.5,80,0.0351802,0.506214,0.0351802,79.4881
750,105.5,80,0.0351766,0.506251,0.0351766,79.5234
750,105.5,80,0.0351728,0.506287,0.0351728,79.4917
750,105.5,80,0.0351697,0.506326,0.0351697,79.569
750,105.5,80,0.0351665,0.506365,0.0351665,79.5687
750,105.5,80,0.035161,0.50641,0.035161,79.456
750,105.5,80,0.0351586,0.506453,0.0351586,79.6394
750,105.5,80,0.0351535,0.506507,0.0351535,79.5377
750,105.5,80,0.0351514,0.506555,0.0351514,79.6872
750,105.5,80,0.0351497,0.506592,0.0351497,79.6728
750,105.5,80,0.0351478,0.506629,0.0351478,79.6666
750,105.5,80,0.035146,0.506667,0.035146,79.6784
750,105.5,80,0.0351437,0.506702,0.0351437,79.6312
750,105.5,80,0.0351417,0.506737,0.0351417,79.6599
750,105.5,80,0.0351396,0.506772,0.0351396,79.6469
750,105.5,80,0.0351374,0.506807,0.0351374,79.6445
750,105.5,80,0.0351346,0.506843,0.0351346,79.6048
750,105.5,80,0.0351322,0.506882,0.0351322,79.6486
750,105.5,80,0.0351295,0.506917,0.0351295,79.6123
750,105.5,80,0.0351268,0.506953,0.0351268,79.6238
750,105.5,80,0.0351237,0.50699,0.0351237,79.5914
750,105.5,80,0.0351203,0.507028,0.0351203,79.5824
750,105.5,80,0.0351136,0.507067,0.0351136,79.3417
750,105.5,80,0.0351101,0.507115,0.0351101,79.6301
750,105.5,80,0.0351064,0.507154,0.0351064,79.5626
750,105.5,80,0.0351023,0.507192,0.0351023,79.5419
750,105.5,80,0.0350983,0.507228,0.0350983,79.5248
750,105.5,80,0.0350947,0.507266,0.0350947,79.5725
750,105.5,80,0.0350913,0.507302,0.0350913,79.5635
750,105.5,80,0.0350878,0.507338,0.0350878,79.5754
750,105.5,80,0.0350845,0.507373,0.0350845,79.5706
750,105.5,80,0.0350814,0.507413,0.0350814,79.6289
750,105.5,80,0.035078,0.507449,0.035078,79.5807
750,105.5,80,0.0350722,0.507499,0.0350722,79.5223
750,105.5,80,0.0350695,0.507539,0.0350695,79.655
750,105.5,80,0.0350669,0.507576,0.0350669,79.6541
750,105.5,80,0.0350643,0.507611,0.0350643,79.642
750,105.5,80,0.0350621,0.507646,0.0350621,79.6794
750,105.5,80,0.0350598,0.507681,0.0350598,79.6658
750,105.5,80,0.0350578,0.507719,0.0350578,79.7123
750,105.5,80,0.0350554,0.507754,0.0350554,79.6698
750,105.5,80,0.0350531,0.507794,0.0350531,79.6974
750,105.5,80,0.0350512,0.507829,0.0350512,79.7107
750,105.5,80,0.0350492,0.507866,0.0350492,79.7166
750,105.5,80,0.0350468,0.507903,0.0350468,79.6892
750,105.5,80,0.0350425,0.507952,0.0350425,79.6248
750,105.5,80,0.0350401,0.507993,0.0350401,79.7114
750,105.5,80,0.0350375,0.508031,0.0350375,79.6769
750,105.5,80,0.035035,0.508066,0.035035,79.6805
750,105.5,80,0.0350324,0.508102,0.0350324,79.6755
750,105.5,80,0.0350295,0.508138,0.0350295,79.6537
750,105.5,80,0.0350267,0.508174,0.0350267,79.6637
750,105.5,80,0.0350234,0.508209,0.0350234,79.6264
750,105.5,80,0.0350202,0.508244,0.0350202,79.6266
750,105.5,80,0.0350166,0.508279,0.0350166,79.5986
750,105.5,80,0.0350127,0.508314,0.0350127,79.5759
750,105.5,80,0.0350087,0.508351,0.0350087,79.5788
750,105.5,80,0.0350045,0.508386,0.0350045,79.5531
750,105.5,80,0.0350004,0.508421,0.0350004,79.5599
750,105.5,80,0.0349957,0.508456,0.0349957,79.5142
750,105.5,80,0.0349913,0.508491,0.0349913,79.5395
750,105.5,80,0.0349866,0.508526,0.0349866,79.5149
750,105.5,80,0.0349822,0.508561,0.0349822,79.5366
750,105.5,80,0.0349775,0.508598,0.0349775,79.5351
750,105.5,80,0.034973,0.508633,0.034973,79.5243
750,105.5,80,0.0349689,0.508668,0.0349689,79.5681
750,105.5,80,0.0349651,0.508703,0.0349651,79.5874
750,105.5,80,0.0349615,0.508742,0.0349615,79.6335
750,105.5,80,0.0349553,0.508781,0.0349553,79.4549
750,105.5,80,0.0349525,0.508831,0.0349525,79.7349
750,105.5,80,0.0349495,0.508867,0.0349495,79.6707
750,105.5,80,0.0349467,0.508905,0.0349467,79.6968
750,105.5,80,0.0349437,0.508941,0.0349437,79.6636
750,105.5,80,0.0349411,0.508976,0.0349411,79.6949
750,105.5,80,0.0349382,0.509011,0.0349382,79.6736
750,105.5,80,0.0349356,0.509046,0.0349356,79.7014
750,105.5,80,0.0349301,0.509096,0.0349301,79.5957
750,105.5,80,0.0349274,0.509144,0.0349274,79.7564
750,105.5,80,0.0349244,0.509182,0.0349244,79.6885
750,105.5,80,0.0349215,0.509219,0.0349215,79.6965
750,105.5,80,0.0349183,0.509254,0.0349183,79.6571
750,105.5,80,0.0349152,0.50929,0.0349152,79.6739
750,105.5,80,0.0349119,0.509325,0.0349119,79.6533
750,105.5,80,0.0349081,0.50936,0.0349081,79.615
750,105.5,80,0.0349043,0.509395,0.0349043,79.6166
750,105.5,80,0.0349004,0.509432,0.0349004,79.6284
750,105.5,80,0.0348961,0.509467,0.0348961,79.5802
750,105.5,80,0.0348921,0.509509,0.0348921,79.655
750,105.5,80,0.0348846,0.509549,0.0348846,79.3955
750,105.5,80,0.0348798,0.5096,0.0348798,79.6587
750,105.5,80,0.0348763,0.509647,0.0348763,79.7182
750,105.5,80,0.0348696,0.509702,0.0348696,79.5831
750,105.5,80,0.0348664,0.509742,0.0348664,79.7116
750,105.5,80,0.0348636,0.509784,0.0348636,79.7409
750,105.5,80,0.034861,0.509824,0.034861,79.751
750,105.5,80,0.0348566,0.509863,0.0348566,79.6205
750,105.5,80,0.0348547,0.509912,0.0348547,79.8301
750,105.5,80,0.0348529,0.509949,0.0348529,79.804
750,105.5,80,0.0348514,0.509988,0.0348514,79.8299
750,105.5,80,0.0348497,0.51003,0.0348497,79.8359
750,105.5,80,0.0348474,0.51007,0.0348474,79.7857
750,105.5,80,0.0348462,0.51012,0.0348462,79.8874
750,105.5,80,0.0348448,0.510159,0.0348448,79.8528
750,105.5,80,0.0348453,0.510197,0.0348453,79.9963
750,105.5,80,0.0348438,0.510234,0.0348438,79.8488
750,105.5,80,0.0348422,0.510269,0.0348422,79.8369
750,105.5,80,0.0348408,0.510304,0.0348408,79.8568
750,105.5,80,0.0348392,0.510339,0.0348392,79.8468
750,105.5,80,0.0348379,0.510374,0.0348379,79.8698
750,105.5,80,0.0348361,0.510408,0.0348361,79.829
750,105.5,80,0.0348344,0.510443,0.0348344,79.841
750,105.5,80,0.0348324,0.510485,0.0348324,79.8464
750,105.5,80,0.0348282,0.510536,0.0348282,79.7543
750,105.5,80,0.034826,0.510575,0.034826,79.8213
750,105.5,80,0.0348233,0.51061,0.0348233,79.7781
750,105.5,80,0.0348209,0.510647,0.0348209,79.8074
750,105.5,80,0.0348181,0.510682,0.0348181,79.7704
750,105.5,80,0.0348155,0.51072,0.0348155,79.7967
750,105.5,80,0.0348126,0.510756,0.0348126,79.7713
750,105.5,80,0.0348097,0.510792,0.0348097,79.7708
750,105.5,80,0.0348067,0.510826,0.0348067,79.7538
750,105.5,80,0.0348034,0.510861,0.0348034,79.7401
750,105.5,80,0.0347997,0.510899,0.0347997,79.7231
750,105.5,80,0.0347963,0.510939,0.0347963,79.7631
750,105.5,80,0.034789,0.510977,0.034789,79.4712
750,105.5,80,0.034785,0.511022,0.034785,79.7482
750,105.5,80,0.0347812,0.511061,0.0347812,79.741
750,105.5,80,0.0347773,0.511097,0.0347773,79.6972
750,105.5,80,0.0347733,0.511132,0.0347733,79.6852
750,105.5,80,0.034769,0.511167,0.034769,79.6603
750,105.5,80,0.0347649,0.511202,0.0347649,79.6795
750,105.5,80,0.0347611,0.511238,0.0347611,79.7145
750,105.5,80,0.0347573,0.511273,0.0347573,79.7032
750,105.5,80,0.0347537,0.511308,0.0347537,79.7196
750,105.5,80,0.0347501,0.511342,0.0347501,79.7219
750,105.5,80,0.0347468,0.511381,0.0347468,79.7762
750,105.5,80,0.0347434,0.511415,0.0347434,79.7396
750,105.5,80,0.0347402,0.51145,0.0347402,79.7554
750,105.5,80,0.0347364,0.511485,0.0347364,79.7115
750,105.5,80,0.034733,0.511524,0.034733,79.7745
750,105.5,80,0.0347297,0.511561,0.0347297,79.767
750,105.5,80,0.0347218,0.51161,0.0347218,79.57
750,105.5,80,0.0347178,0.511651,0.0347178,79.7415
750,105.5,80,0.0347137,0.511687,0.0347137,79.7056
750,105.5,80,0.0347095,0.511722,0.0347095,79.685
750,105.5,80,0.0347046,0.511757,0.0347046,79.6366
750,105.5,80,0.0346998,0.511792,0.0346998,79.6297
750,105.5,80,0.0346948,0.511827,0.0346948,79.6247
750,105.5,80,0.0346894,0.511861,0.0346894,79.5872
750,105.5,80,0.0346836,0.511896,0.0346836,79.5479
750,105.5,80,0.0346783,0.511932,0.0346783,79.6167
750,105.5,80,0.0346731,0.511967,0.0346731,79.6004
750,105.5,80,0.0346678,0.512002,0.0346678,79.5957
750,105.5,80,0.0346623,0.512037,0.0346623,79.5735
750,105.5,80,0.034657,0.512071,0.034657,79.5964
750,105.5,80,0.0346525,0.512107,0.0346525,79.6655
750,105.5,80,0.0346481,0.512142,0.0346481,79.6682
750,105.5,80,0.0346439,0.512176,0.0346439,79.6801
750,105.5,80,0.0346403,0.512211,0.0346403,79.7332
750,105.5,80,0.0346371,0.51225,0.0346371,79.7871
750,105.5,80,0.0346343,0.512285,0.0346343,79.8019
750,105.5,80,0.0346316,0.512322,0.0346316,79.8213
750,105.5,80,0.034629,0.512358,0.034629,79.8284
750,105.5,80,0.0346235,0.512408,0.0346235,79.7246
750,105.5,80,0.0346212,0.512448,0.0346212,79.8714
750,105.5,80,0.0346184,0.512485,0.0346184,79.8111
750,105.5,80,0.0346156,0.51252,0.0346156,79.8097
750,105.5,80,0.0346127,0.512558,0.0346127,79.8298
750,105.5,80,0.0346094,0.512596,0.0346094,79.7897
750,105.5,80,0.0346057,0.512634,0.0346057,79.7732
750,105.5,80,0.0346023,0.51267,0.0346023,79.7717
750,105.5,80,0.0345941,0.512707,0.0345941,79.4334
750,105.5,80,0.03459,0.512756,0.03459,79.8065
750,105.5,80,0.0345854,0.512793,0.0345854,79.6989
750,105.5,80,0.034581,0.512828,0.034581,79.6857
750,105.5,80,0.0345765,0.512863,0.0345765,79.6829
750,105.5,80,0.0345715,0.512897,0.0345715,79.6368
750,105.5,80,0.0345671,0.512933,0.0345671,79.6938
750,105.5,80,0.0345625,0.512969,0.0345625,79.6923
750,105.5,80,0.0345577,0.513005,0.0345577,79.6726
750,105.5,80,0.0345533,0.513041,0.0345533,79.7019
750,105.5,80,0.0345493,0.513078,0.0345493,79.737
750,105.5,80,0.0345455,0.513113,0.0345455,79.7404
750,105.5,80,0.0345416,0.513148,0.0345416,79.7479
750,105.5,80,0.0345384,0.513183,0.0345384,79.7903
750,105.5,80,0.0345352,0.513219,0.0345352,79.7954
750,105.5,80,0.0345321,0.513255,0.0345321,79.8078
750,105.5,80,0.034526,0.513304,0.034526,79.7073
750,105.5,80,0.0345229,0.513347,0.0345229,79.8508
750,105.5,80,0.0345198,0.513382,0.0345198,79.8072
750,105.5,80,0.0345167,0.513417,0.0345167,79.8151
750,105.5,80,0.0345133,0.513452,0.0345133,79.7796
750,105.5,80,0.0345095,0.513487,0.0345095,79.7598
750,105.5,80,0.0345057,0.513522,0.0345057,79.7489
750,105.5,80,0.034502,0.513556,0.034502,79.7605
750,105.5,80,0.0344979,0.513591,0.0344979,79.7273
750,105.5,80,0.0344933,0.513626,0.0344933,79.692
750,105.5,80,0.0344887,0.513661,0.0344887,79.7052
750,105.5,80,0.0344841,0.513696,0.0344841,79.7002
750,105.5,80,0.0344793,0.513731,0.0344793,79.6731
750,105.5,80,0.0344745,0.513765,0.0344745,79.675
750,105.5,80,0.0344687,0.5138,0.0344687,79.5915
750,105.5,80,0.0344632,0.513834,0.0344632,79.6174
750,105.5,80,0.0344573,0.513869,0.0344573,79.5869
750,105.5,80,0.0344512,0.513903,0.0344512,79.5669
750,105.5,80,0.0344449,0.513942,0.0344449,79.5984
750,105.5,80,0.0344393,0.513978,0.0344393,79.6245
750,105.5,80,0.0344288,0.514027,0.0344288,79.469
750,105.5,80,0.0344238,0.514067,0.0344238,79.7086
750,105.5,80,0.0344195,0.514102,0.0344195,79.7035
750,105.5,80,0.0344152,0.514138,0.0344152,79.7289
750,105.5,80,0.034411,0.514174,0.034411,79.7363
750,105.5,80,0.0344074,0.514208,0.0344074,79.7614
750,105.5,80,0.0344039,0.514244,0.0344039,79.7876
750,105.5,80,0.0344005,0.514278,0.0344005,79.7791
750,105.5,80,0.0343969,0.514313,0.0343969,79.7832
750,105.5,80,0.0343936,0.514348,0.0343936,79.7965
750,105.5,80,0.0343905,0.514383,0.0343905,79.8152
750,105.5,80,0.0343869,0.514418,0.0343869,79.7743
750,105.5,80,0.0343835,0.514453,0.0343835,79.7929
750,105.5,80,0.0343797,0.514487,0.0343797,79.7595
750,105.5,80,0.0343759,0.514521,0.0343759,79.7658
750,105.5,80,0.0343721,0.514556,0.0343721,79.7598
750,105.5,80,0.0343679,0.514591,0.0343679,79.7332
750,105.5,80,0.0343633,0.514625,0.0343633,79.6994
750,105.5,80,0.034359,0.514659,0.034359,79.7212
750,105.5,80,0.0343545,0.514694,0.0343545,79.7071
750,105.5,80,0.0343499,0.514728,0.0343499,79.6963
750,105.5,80,0.0343451,0.514763,0.0343451,79.686
750,105.5,80,0.0343403,0.514799,0.0343403,79.7025
750,105.5,80,0.0343359,0.514833,0.0343359,79.7112
750,105.5,80,0.0343311,0.514873,0.0343311,79.7313
750,105.5,80,0.0343226,0.514919,0.0343226,79.5648
750,105.5,80,0.0343188,0.51496,0.0343188,79.8164
750,105.5,80,0.0343153,0.514998,0.0343153,79.8086
750,105.5,80,0.0343122,0.515038,0.0343122,79.8587
750,105.5,80,0.0343092,0.515074,0.0343092,79.8419
750,105.5,80,0.0343062,0.515111,0.0343062,79.8593
750,105.5,80,0.0343004,0.515149,0.0343004,79.6456
750,105.5,80,0.034298,0.515187,0.034298,79.9023
750,105.5,80,0.0342956,0.515229,0.0342956,79.9222
750,105.5,80,0.034293,0.515268,0.034293,79.8986
750,105.5,80,0.0342905,0.515302,0.0342905,79.8768
750,105.5,80,0.034288,0.515338,0.034288,79.8932
750,105.5,80,0.0342858,0.515372,0.0342858,79.9088
750,105.5,80,0.0342834,0.515406,0.0342834,79.8964
750,105.5,80,0.0342811,0.515441,0.0342811,79.9036
750,105.5,80,0.0342786,0.515475,0.0342786,79.8975
750,105.5,80,0.0342759,0.51551,0.0342759,79.8783
750,105.5,80,0.0342732,0.515545,0.0342732,79.8886
750,105.5,80,0.0342704,0.515579,0.0342704,79.8703
750,105.5,80,0.0342673,0.515614,0.0342673,79.8493
750,105.5,80,0.0342643,0.515649,0.0342643,79.8635
750,105.5,80,0.034261,0.515685,0.034261,79.8486
750,105.5,80,0.0342578,0.515719,0.0342578,79.8494
750,105.5,80,0.0342542,0.515754,0.0342542,79.8224
750,105.5,80,0.0342509,0.515789,0.0342509,79.8411
750,105.5,80,0.0342475,0.515823,0.0342475,79.8289
750,105.5,80,0.0342438,0.515858,0.0342438,79.8179
750,105.5,80,0.0342402,0.515894,0.0342402,79.8337
750,105.5,80,0.0342359,0.515928,0.0342359,79.7678
750,105.5,80,0.034232,0.515965,0.034232,79.8149
750,105.5,80,0.034228,0.515999,0.034228,79.7891
750,105.5,80,0.0342198,0.516049,0.0342198,79.6541
750,105.5,80,0.0342155,0.516091,0.0342155,79.8307
750,105.5,80,0.0342116,0.516126,0.0342116,79.805
750,105.5,80,0.0342077,0.51616,0.0342077,79.8014
750,105.5,80,0.0342036,0.516194,0.0342036,79.7835
750,105.5,80,0.0341998,0.516229,0.0341998,79.8016
750,105.5,80,0.0341959,0.516263,0.0341959,79.801
750,105.5,80,0.0341921,0.5163,0.0341921,79.8358
750,105.5,80,0.0341888,0.516334,0.0341888,79.8472
750,105.5,80,0.0341855,0.516368,0.0341855,79.8502
750,105.5,80,0.0341822,0.516403,0.0341822,79.8635
750,105.5,80,0.0341791,0.516437,0.0341791,79.8681
750,105.5,80,0.0341764,0.516471,0.0341764,79.9014
750,105.5,80,0.0341733,0.516507,0.0341733,79.883
750,105.5,80,0.0341704,0.516543,0.0341704,79.9108
750,105.5,80,0.0341701,0.516577,0.0341701,80.0974
750,105.5,80,0.0341672,0.516613,0.0341672,79.9092
750,105.5,80,0.0341645,0.516647,0.0341645,79.9075
750,105.5,80,0.0341617,0.516682,0.0341617,79.9154
750,105.5,80,0.0341589,0.516719,0.0341589,79.9256
750,105.5,80,0.034153,0.516768,0.034153,79.8012
750,105.5,80,0.0341501,0.516806,0.0341501,79.9371
750,105.5,80,0.0341468,0.516843,0.0341468,79.8898
750,105.5,80,0.0341439,0.516877,0.0341439,79.9077
750,105.5,80,0.034141,0.516915,0.034141,79.9278
750,105.5,80,0.0341376,0.516949,0.0341376,79.8686
750,105.5,80,0.0341345,0.516983,0.0341345,79.8914
750,105.5,80,0.0341309,0.517017,0.0341309,79.8567
750,105.5,80,0.0341275,0.517052,0.0341275,79.8755
750,105.5,80,0.034124,0.517086,0.034124,79.8703
750,105.5,80,0.0341202,0.517123,0.0341202,79.8644
750,105.5,80,0.0341164,0.517158,0.0341164,79.8506
750,105.5,80,0.0341127,0.517195,0.0341127,79.8792
750,105.5,80,0.0341087,0.51723,0.0341087,79.8322
750,105.5,80,0.0341006,0.517267,0.0341006,79.5555
750,105.5,80,0.0340971,0.517313,0.0340971,79.942
750,105.5,80,0.0340932,0.517351,0.0340932,79.8676
750,105.5,80,0.0340892,0.517387,0.0340892,79.8484
750,105.5,80,0.0340853,0.517421,0.0340853,79.8357
750,105.5,80,0.0340819,0.517455,0.0340819,79.8825
750,105.5,80,0.0340784,0.51749,0.0340784,79.8812
750,105.5,80,0.034075,0.517524,0.034075,79.8861
750,105.5,80,0.0340719,0.517561,0.0340719,79.9287
750,105.5,80,0.0340691,0.517596,0.0340691,79.9414
750,105.5,80,0.0340666,0.517631,0.0340666,79.9638
750,105.5,80,0.0340641,0.517667,0.0340641,79.9661
750,105.5,80,0.0340616,0.517703,0.0340616,79.9756
750,105.5,80,0.0340595,0.517738,0.0340595,80.008
750,105.5,80,0.0340553,0.517787,0.0340553,79.9338
750,105.5,80,0.034053,0.517828,0.034053,80.0193
750,105.5,80,0.0340511,0.517862,0.0340511,80.0156
750,105.5,80,0.0340488,0.517896,0.0340488,79.9949
750,105.5,80,0.0340467,0.517931,0.0340467,80.0065
750,105.5,80,0.0340445,0.517965,0.0340445,80.007
750,105.5,80,0.0340424,0.517999,0.0340424,80.0111
750,105.5,80,0.0340398,0.518033,0.0340398,79.9783
750,105.5,80,0.0340371,0.518068,0.0340371,79.9727
750,105.5,80,0.0340344,0.518102,0.0340344,79.9682
750,105.5,80,0.0340313,0.518137,0.0340313,79.9416
750,105.5,80,0.034028,0.518171,0.034028,79.9267
750,105.5,80,0.0340241,0.518205,0.0340241,79.8809
750,105.5,80,0.0340205,0.51824,0.0340205,79.9091
750,105.5,80,0.0340166,0.518274,0.0340166,79.88
750,105.5,80,0.0340123,0.518308,0.0340123,79.8464
750,105.5,80,0.0340081,0.518342,0.0340081,79.8515
750,105.5,80,0.0340034,0.518376,0.0340034,79.8139
750,105.5,80,0.0339983,0.518411,0.0339983,79.7917
750,105.5,80,0.0339934,0.518446,0.0339934,79.8138
750,105.5,80,0.0339883,0.518482,0.0339883,79.8026
750,105.5,80,0.0339828,0.518516,0.0339828,79.7549
750,105.5,80,0.0339777,0.518553,0.0339777,79.8119
750,105.5,80,0.0339724,0.518587,0.0339724,79.7639
750,105.5,80,0.033967,0.518622,0.033967,79.7751
750,105.5,80,0.0339619,0.518656,0.0339619,79.7781
750,105.5,80,0.0339567,0.518691,0.0339567,79.7948
750,105.5,80,0.0339521,0.518726,0.0339521,79.8244
750,105.5,80,0.0339432,0.518775,0.0339432,79.7001
750,105.5,80,0.0339388,0.518813,0.0339388,79.8681
750,105.5,80,0.0339348,0.518848,0.0339348,79.8768
750,105.5,80,0.033931,0.518882,0.033931,79.8914
750,105.5,80,0.0339274,0.518916,0.0339274,79.901
750,105.5,80,0.0339236,0.518949,0.0339236,79.8913
750,105.5,80,0.0339202,0.518986,0.0339202,79.9382
750,105.5,80,0.033917,0.519022,0.033917,79.9545
750,105.5,80,0.0339136,0.51906,0.0339136,79.9512
750,105.5,80,0.0339103,0.519096,0.0339103,79.9472
750,105.5,80,0.0339067,0.519132,0.0339067,79.9305
750,105.5,80,0.0338992,0.519168,0.0338992,79.6388
750,105.5,80,0.0338952,0.519214,0.0338952,79.9635
750,105.5,80,0.0338911,0.519254,0.0338911,79.918
750,105.5,80,0.0338865,0.519289,0.0338865,79.8443
750,105.5,80,0.0338816,0.519324,0.0338816,79.8161
750,105.5,80,0.0338761,0.519358,0.0338761,79.7622
750,105.5,80,0.0338709,0.519391,0.0338709,79.7794
750,105.5,80,0.0338653,0.519425,0.0338653,79.7517
750,105.5,80,0.0338597,0.519459,0.0338597,79.7539
750,105.5,80,0.0338536,0.519493,0.0338536,79.7082
750,105.5,80,0.0338479,0.519527,0.0338479,79.7376
750,105.5,80,0.0338425,0.519561,0.0338425,79.7655
750,105.5,80,0.033837,0.519595,0.033837,79.7545
750,105.5,80,0.033832,0.519631,0.033832,79.8244
750,105.5,80,0.0338271,0.519665,0.0338271,79.803
750,105.5,80,0.0338223,0.519699,0.0338223,79.8114
750,105.5,80,0.033818,0.519732,0.033818,79.8491
750,105.5,80,0.0338135,0.519767,0.0338135,79.8415
750,105.5,80,0.0338095,0.519801,0.0338095,79.8788
750,105.5,80,0.0338056,0.519835,0.0338056,79.8864
750,105.5,80,0.0338019,0.519868,0.0338019,79.8992
750,105.5,80,0.0337985,0.519905,0.0337985,79.9503
750,105.5,80,0.0337954,0.51994,0.0337954,79.963
750,105.5,80,0.0337925,0.519975,0.0337925,79.9692
750,105.5,80,0.0337892,0.520009,0.0337892,79.9437
750,105.5,80,0.0337824,0.520048,0.0337824,79.7254
750,105.5,80,0.033779,0.520096,0.033779,80.0182
750,105.5,80,0.0337752,0.520133,0.0337752,79.927
750,105.5,80,0.033771,0.520167,0.033771,79.8666
750,105.5,80,0.0337664,0.520201,0.0337664,79.8455
750,105.5,80,0.033762,0.520236,0.033762,79.8647
750,105.5,80,0.0337572,0.52027,0.0337572,79.8253
750,105.5,80,0.0337516,0.520304,0.0337516,79.7691
750,105.5,80,0.0337466,0.520338,0.0337466,79.8024
750,105.5,80,0.0337413,0.520372,0.0337413,79.7837
750,105.5,80,0.033736,0.520406,0.033736,79.7783
750,105.5,80,0.0337302,0.520439,0.0337302,79.7374
750,105.5,80,0.033725,0.520473,0.033725,79.7897
750,105.5,80,0.03372,0.520507,0.03372,79.8079
750,105.5,80,0.0337151,0.520541,0.0337151,79.8076
750,105.5,80,0.0337102,0.520574,0.0337102,79.8099
750,105.5,80,0.0337055,0.520608,0.0337055,79.8334
750,105.5,80,0.0337015,0.520642,0.0337015,79.8784
750,105.5,80,0.0336972,0.520675,0.0336972,79.8627
750,105.5,80,0.0336931,0.520709,0.0336931,79.8755
750,105.5,80,0.0336893,0.520745,0.0336893,79.9215
750,105.5,80,0.0336859,0.520779,0.0336859,79.9334
750,105.5,80,0.0336821,0.520812,0.0336821,79.9035
750,105.5,80,0.0336782,0.520846,0.0336782,79.8947
750,105.5,80,0.0336741,0.520882,0.0336741,79.8999
750,105.5,80,0.0336702,0.520915,0.0336702,79.8938
750,105.5,80,0.0336659,0.520949,0.0336659,79.8717
750,105.5,80,0.0336612,0.520985,0.0336612,79.8522
750,105.5,80,0.0336563,0.521021,0.0336563,79.8453
750,105.5,80,0.0336509,0.521055,0.0336509,79.7838
750,105.5,80,0.0336388,0.521103,0.0336388,79.5251
750,105.5,80,0.0336329,0.521142,0.0336329,79.7966
750,105.5,80,0.0336267,0.521176,0.0336267,79.7203
750,105.5,80,0.0336207,0.52121,0.0336207,79.7228
750,105.5,80,0.0336144,0.521249,0.0336144,79.7688
750,105.5,80,0.0336087,0.521283,0.0336087,79.7529
750,105.5,80,0.0336031,0.521318,0.0336031,79.7768
750,105.5,80,0.0335976,0.521352,0.0335976,79.7673
750,105.5,80,0.0335927,0.521387,0.0335927,79.8195
750,105.5,80,0.0335878,0.521425,0.0335878,79.8524
750,105.5,80,0.0335795,0.521461,0.0335795,79.5911
750,105.5,80,0.0335759,0.521505,0.0335759,79.9759
750,105.5,80,0.0335719,0.521544,0.0335719,79.9288
750,105.5,80,0.0335682,0.521578,0.0335682,79.9117
750,105.5,80,0.0335642,0.521614,0.0335642,79.9046
750,105.5,80,0.03356,0.521648,0.03356,79.8753
750,105.5,80,0.0335557,0.521682,0.0335557,79.8622
750,105.5,80,0.0335516,0.521715,0.0335516,79.8709
750,105.5,80,0.0335475,0.521751,0.0335475,79.8938
750,105.5,80,0.0335434,0.521784,0.0335434,79.8791
750,105.5,80,0.0335391,0.521818,0.0335391,79.8618
750,105.5,80,0.0335341,0.521852,0.0335341,79.8235
750,105.5,80,0.0335294,0.52189,0.0335294,79.8688
750,105.5,80,0.0335247,0.521923,0.0335247,79.8261
750,105.5,80,0.0335186,0.521959,0.0335186,79.7481
750,105.5,80,0.0335137,0.521994,0.0335137,79.8331
750,105.5,80,0.0335041,0.522034,0.0335041,79.5497
750,105.5,80,0.0334993,0.522077,0.0334993,79.9093
750,105.5,80,0.0334944,0.522113,0.0334944,79.8314
750,105.5,80,0.0334901,0.522146,0.0334901,79.8614
750,105.5,80,0.0334859,0.522181,0.0334859,79.881
750,105.5,80,0.033482,0.522214,0.033482,79.8919
750,105.5,80,0.0334787,0.522251,0.0334787,79.9661
750,105.5,80,0.033476,0.522284,0.033476,79.9872
750,105.5,80,0.0334733,0.522318,0.0334733,80.0019
750,105.5,80,0.0334708,0.522352,0.0334708,80.0113
750,105.5,80,0.0334685,0.522385,0.0334685,80.0305
750,105.5,80,0.0334663,0.522419,0.0334663,80.0393
750,105.5,80,0.0334642,0.522454,0.0334642,80.0565
750,105.5,80,0.0334623,0.522488,0.0334623,80.0639
750,105.5,80,0.0334604,0.522521,0.0334604,80.0697
750,105.5,80,0.0334581,0.522554,0.0334581,80.042
750,105.5,80,0.0334561,0.522591,0.0334561,80.0748
750,105.5,80,0.0334537,0.522627,0.0334537,80.0544
750,105.5,80,0.0334516,0.522664,0.0334516,80.0754
750,105.5,80,0.0334463,0.5227,0.0334463,79.8278
750,105.5,80,0.0334465,0.522736,0.0334465,80.253
750,105.5,80,0.0334438,0.522769,0.0334438,80.0145
750,105.5,80,0.0334406,0.522813,0.0334406,80.0451
750,105.5,80,0.0334373,0.522848,0.0334373,79.9882
750,105.5,80,0.0334339,0.522882,0.0334339,79.9689
750,105.5,80,0.0334304,0.522915,0.0334304,79.9618
750,105.5,80,0.0334263,0.522949,0.0334263,79.9146
750,105.5,80,0.0334224,0.522982,0.0334224,79.9277
750,105.5,80,0.033418,0.523018,0.033418,79.9095
750,105.5,80,0.0334135,0.523051,0.0334135,79.8784
750,105.5,80,0.0334087,0.523084,0.0334087,79.8563
750,105.5,80,0.0334035,0.523118,0.0334035,79.8302
750,105.5,80,0.0333984,0.523151,0.0333984,79.8321
750,105.5,80,0.0333935,0.523185,0.0333935,79.8458
750,105.5,80,0.0333884,0.523219,0.0333884,79.8489
750,105.5,80,0.0333828,0.523255,0.0333828,79.8211
750,105.5,80,0.0333733,0.523299,0.0333733,79.6646
750,105.5,80,0.0333691,0.523347,0.0333691,80.0031
750,105.5,80,0.0333653,0.523382,0.0333653,79.952
750,105.5,80,0.0333612,0.523416,0.0333612,79.9179
750,105.5,80,0.0333576,0.523452,0.0333576,79.973
750,105.5,80,0.0333542,0.523485,0.0333542,79.9756
750,105.5,80,0.0333506,0.523519,0.0333506,79.9608
750,105.5,80,0.0333468,0.523552,0.0333468,79.9358
750,105.5,80,0.0333431,0.523587,0.0333431,79.9625
750,105.5,80,0.0333392,0.52362,0.0333392,79.9338
750,105.5,80,0.0333349,0.523657,0.0333349,79.9445
750,105.5,80,0.0333302,0.523691,0.0333302,79.8736
750,105.5,80,0.0333256,0.523726,0.0333256,79.893
750,105.5,80,0.0333206,0.523759,0.0333206,79.8424
750,105.5,80,0.0333159,0.523793,0.0333159,79.883
750,105.5,80,0.0333107,0.523827,0.0333107,79.829
750,105.5,80,0.033305,0.523864,0.033305,79.8405
750,105.5,80,0.0332948,0.523908,0.0332948,79.6249
750,105.5,80,0.0332895,0.523947,0.0332895,79.8889
750,105.5,80,0.0332839,0.523983,0.0332839,79.8198
750,105.5,80,0.0332787,0.524017,0.0332787,79.8389
750,105.5,80,0.0332737,0.52405,0.0332737,79.8412
750,105.5,80,0.033269,0.524084,0.033269,79.8661
750,105.5,80,0.0332638,0.524117,0.0332638,79.8294
750,105.5,80,0.03326,0.524153,0.03326,79.9618
750,105.5,80,0.0332564,0.524186,0.0332564,79.9513
750,105.5,80,0.0332526,0.52422,0.0332526,79.946
750,105.5,80,0.0332494,0.524253,0.0332494,79.9903
750,105.5,80,0.0332463,0.524287,0.0332463,80.0096
750,105.5,80,0.0332434,0.524321,0.0332434,80.0148
750,105.5,80,0.0332404,0.524354,0.0332404,80.0058
750,105.5,80,0.0332371,0.524387,0.0332371,79.9934
750,105.5,80,0.0332341,0.524422,0.0332341,80.0197
750,105.5,80,0.0332311,0.524455,0.0332311,80.0156
750,105.5,80,0.0332278,0.52449,0.0332278,79.9968
750,105.5,80,0.0332246,0.524523,0.0332246,79.9995
750,105.5,80,0.0332213,0.524558,0.0332213,80.0051
750,105.5,80,0.0332178,0.524592,0.0332178,79.9846
750,105.5,80,0.033214,0.524626,0.033214,79.9629
750,105.5,80,0.0332095,0.524661,0.0332095,79.9221
750,105.5,80,0.0332002,0.524696,0.0332002,79.5409
750,105.5,80,0.0331952,0.524729,0.0331952,79.8567
750,105.5,80,0.0331902,0.524772,0.0331902,79.9486
750,105.5,80,0.0331847,0.52481,0.0331847,79.8723
750,105.5,80,0.0331798,0.524849,0.0331798,79.9197
750,105.5,80,0.0331747,0.524882,0.0331747,79.8496
750,105.5,80,0.0331703,0.524919,0.0331703,79.9372
750,105.5,80,0.0331656,0.524954,0.0331656,79.9014
750,105.5,80,0.0331618,0.52499,0.0331618,79.9746
750,105.5,80,0.0331582,0.525026,0.0331582,79.9952
750,105.5,80,0.0331507,0.525073,0.0331507,79.8406
750,105.5,80,0.0331473,0.52511,0.0331473,80.0081
750,105.5,80,0.0331437,0.525146,0.0331437,80.0028
750,105.5,80,0.0331401,0.525179,0.0331401,79.9734
750,105.5,80,0.0331364,0.525212,0.0331364,79.9607
750,105.5,80,0.0331327,0.525247,0.0331327,79.9845
750,105.5,80,0.0331288,0.525288,0.0331288,80.0098
750,105.5,80,0.0331202,0.525334,0.0331202,79.7697
750,105.5,80,0.0331157,0.525374,0.0331157,79.9635
750,105.5,80,0.0331112,0.525409,0.0331112,79.9235
750,105.5,80,0.0331065,0.525442,0.0331065,79.8843
750,105.5,80,0.0331012,0.525475,0.0331012,79.8473
750,105.5,80,0.0330952,0.525509,0.0330952,79.7866
750,105.5,80,0.0330897,0.525545,0.0330897,79.8573
750,105.5,80,0.0330837,0.525578,0.0330837,79.7817
750,105.5,80,0.0330778,0.525611,0.0330778,79.7911
750,105.5,80,0.0330717,0.525644,0.0330717,79.7668
750,105.5,80,0.0330655,0.525677,0.0330655,79.769
750,105.5,80,0.0330597,0.525713,0.0330597,79.8229
750,105.5,80,0.0330542,0.525747,0.0330542,79.8323
750,105.5,80,0.0330482,0.525782,0.0330482,79.8034
750,105.5,80,0.0330434,0.525815,0.0330434,79.8711
750,105.5,80,0.0330386,0.52585,0.0330386,79.8992
750,105.5,80,0.0330298,0.525886,0.0330298,79.5972
750,105.5,80,0.0330259,0.525922,0.0330259,79.9708
750,105.5,80,0.0330218,0.525961,0.0330218,79.9814
750,105.5,80,0.0330181,0.526001,0.0330181,80.0111
750,105.5,80,0.0330139,0.526034,0.0330139,79.9236
750,105.5,80,0.0330103,0.526067,0.0330103,79.967
750,105.5,80,0.0330062,0.5261,0.0330062,79.9277
750,105.5,80,0.033002,0.526134,0.033002,79.9366
750,105.5,80,0.032997,0.526168,0.032997,79.8582
750,105.5,80,0.0329921,0.526202,0.0329921,79.8817
750,105.5,80,0.0329869,0.526235,0.0329869,79.8408
750,105.5,80,0.0329814,0.526268,0.0329814,79.8158
750,105.5,80,0.0329761,0.526301,0.0329761,79.8368
750,105.5,80,0.0329705,0.526334,0.0329705,79.8081
750,105.5,80,0.0329648,0.526367,0.0329648,79.7986
750,105.5,80,0.032958,0.526401,0.032958,79.729
750,105.5,80,0.0329522,0.526434,0.0329522,79.7831
750,105.5,80,0.0329463,0.526467,0.0329463,79.7804
750,105.5,80,0.0329408,0.5265,0.0329408,79.8164
750,105.5,80,0.0329356,0.526533,0.0329356,79.8312
750,105.5,80,0.0329304,0.526566,0.0329304,79.8392
750,105.5,80,0.0329257,0.5266,0.0329257,79.8867
750,105.5,80,0.0329215,0.526633,0.0329215,79.9126
750,105.5,80,0.0329174,0.526667,0.0329174,79.9398
750,105.5,80,0.0329136,0.5267,0.0329136,79.9422
750,105.5,80,0.0329102,0.526733,0.0329102,79.9806
750,105.5,80,0.0329072,0.526766,0.0329072,80.0194
750,105.5,80,0.0329045,0.526802,0.0329045,80.0601
750,105.5,80,0.0329018,0.526836,0.0329018,80.0455
750,105.5,80,0.032899,0.526872,0.032899,80.0577
750,105.5,80,0.032893,0.526919,0.032893,79.918
750,105.5,80,0.0328891,0.526957,0.0328891,79.9962
750,105.5,80,0.0328852,0.526991,0.0328852,79.9625
750,105.5,80,0.0328808,0.527024,0.0328808,79.9146
750,105.5,80,0.0328764,0.527057,0.0328764,79.9091
750,105.5,80,0.0328716,0.52709,0.0328716,79.8757
750,105.5,80,0.0328667,0.527123,0.0328667,79.8715
750,105.5,80,0.0328617,0.527156,0.0328617,79.8624
750,105.5,80,0.0328568,0.527189,0.0328568,79.8673
750,105.5,80,0.0328514,0.527222,0.0328514,79.8363
750,105.5,80,0.0328469,0.527255,0.0328469,79.8988
750,105.5,80,0.0328427,0.527288,0.0328427,79.9267
750,105.5,80,0.032839,0.527321,0.032839,79.965
750,105.5,80,0.0328354,0.527354,0.0328354,79.9794
750,105.5,80,0.0328321,0.527388,0.0328321,80.0064
750,105.5,80,0.0328288,0.527424,0.0328288,80.0282
750,105.5,80,0.0328256,0.527458,0.0328256,80.0179
750,105.5,80,0.0328203,0.527512,0.0328203,80.0079
750,105.5,80,0.0328178,0.527548,0.0328178,80.0849
750,105.5,80,0.0328152,0.527585,0.0328152,80.0856
750,105.5,80,0.0328131,0.527618,0.0328131,80.1088
750,105.5,80,0.032811,0.527655,0.032811,80.1293
750,105.5,80,0.0328085,0.52769,0.0328085,80.0925
750,105.5,80,0.0328041,0.527725,0.0328041,79.9472
750,105.5,80,0.0328015,0.527773,0.0328015,80.1427
750,105.5,80,0.0327989,0.527807,0.0327989,80.0775
750,105.5,80,0.0327961,0.527843,0.0327961,80.0818
750,105.5,80,0.032793,0.527878,0.032793,80.0548
750,105.5,80,0.0327898,0.527911,0.0327898,80.0298
750,105.5,80,0.0327866,0.527944,0.0327866,80.0349
750,105.5,80,0.0327837,0.527977,0.0327837,80.0558
750,105.5,80,0.0327804,0.528009,0.0327804,80.0277
750,105.5,80,0.0327767,0.528042,0.0327767,79.9955
750,105.5,80,0.0327736,0.528079,0.0327736,80.0694
750,105.5,80,0.0327702,0.528112,0.0327702,80.0211
750,105.5,80,0.0327667,0.528148,0.0327667,80.0396
750,105.5,80,0.0327632,0.528181,0.0327632,80.016
750,105.5,80,0.032756,0.528219,0.032756,79.7999
750,105.5,80,0.0327529,0.528265,0.0327529,80.1178
750,105.5,80,0.0327494,0.528301,0.0327494,80.0455
750,105.5,80,0.0327464,0.528334,0.0327464,80.0584
750,105.5,80,0.0327436,0.528366,0.0327436,80.0784
750,105.5,80,0.0327405,0.5284,0.0327405,80.0563
750,105.5,80,0.0327379,0.528436,0.0327379,80.114
750,105.5,80,0.032735,0.528469,0.032735,80.0724
750,105.5,80,0.0327327,0.528504,0.0327327,80.1377
750,105.5,80,0.0327299,0.528537,0.0327299,80.0888
750,105.5,80,0.0327273,0.528574,0.0327273,80.1261
750,105.5,80,0.0327227,0.528609,0.0327227,79.9661
750,105.5,80,0.0327202,0.528656,0.0327202,80.1731
750,105.5,80,0.0327176,0.528692,0.0327176,80.1261
750,105.5,80,0.0327148,0.528725,0.0327148,80.0989
750,105.5,80,0.0327122,0.528758,0.0327122,80.1082
750,105.5,80,0.0327095,0.528792,0.0327095,80.1154
750,105.5,80,0.0327066,0.528825,0.0327066,80.0831
750,105.5,80,0.0327029,0.528861,0.0327029,80.0533
750,105.5,80,0.0326996,0.528893,0.0326996,80.0543
750,105.5,80,0.0326959,0.528926,0.0326959,80.0292
750,105.5,80,0.0326922,0.528959,0.0326922,80.028
750,105.5,80,0.0326878,0.528991,0.0326878,79.9719
750,105.5,80,0.0326835,0.529029,0.0326835,80.03
750,105.5,80,0.0326791,0.529068,0.0326791,80.0276
750,105.5,80,0.0326743,0.529115,0.0326743,80.0654
750,105.5,80,0.0326689,0.52915,0.0326689,79.9204
750,105.5,80,0.0326638,0.529185,0.0326638,79.9447
750,105.5,80,0.0326587,0.52922,0.0326587,79.9516
750,105.5,80,0.0326531,0.529254,0.0326531,79.8856
750,105.5,80,0.0326473,0.529287,0.0326473,79.8627
750,105.5,80,0.0326421,0.529319,0.0326421,79.9082
750,105.5,80,0.0326371,0.529354,0.0326371,79.9554
750,105.5,80,0.0326323,0.529387,0.0326323,79.9455
750,105.5,80,0.0326275,0.529421,0.0326275,79.9426
750,105.5,80,0.032623,0.529457,0.032623,80.007
750,105.5,80,0.0326151,0.529502,0.0326151,79.8668
750,105.5,80,0.0326113,0.52954,0.0326113,80.0572
750,105.5,80,0.0326074,0.529574,0.0326074,80.0285
750,105.5,80,0.0326036,0.529607,0.0326036,80.0297
750,105.5,80,0.0325998,0.52964,0.0325998,80.0334
750,105.5,80,0.0325962,0.529673,0.0325962,80.0357
750,105.5,80,0.0325922,0.529706,0.0325922,80.0079
750,105.5,80,0.0325882,0.529738,0.0325882,80.0097
750,105.5,80,0.0325843,0.529772,0.0325843,80.0324
750,105.5,80,0.0325803,0.529805,0.0325803,80.0134
750,105.5,80,0.032576,0.529842,0.032576,80.0211
750,105.5,80,0.032572,0.529878,0.032572,80.0425
750,105.5,80,0.0325627,0.529928,0.0325627,79.8454
750,105.5,80,0.0325576,0.529963,0.0325576,79.9461
750,105.5,80,0.0325519,0.529996,0.0325519,79.8756
750,105.5,80,0.0325474,0.530029,0.0325474,79.9806
750,105.5,80,0.0325415,0.530063,0.0325415,79.8791
750,105.5,80,0.0325358,0.530097,0.0325358,79.8894
750,105.5,80,0.0325312,0.530131,0.0325312,79.9769
750,105.5,80,0.0325275,0.530164,0.0325275,80.0373
750,105.5,80,0.0325227,0.530198,0.0325227,79.949
750,105.5,80,0.0325186,0.530235,0.0325186,80.0456
750,105.5,80,0.0325112,0.530272,0.0325112,79.8176
750,105.5,80,0.0325073,0.530316,0.0325073,80.0983
750,105.5,80,0.0325037,0.530352,0.0325037,80.0657
750,105.5,80,0.0325002,0.530385,0.0325002,80.0557
750,105.5,80,0.032497,0.53042,0.032497,80.0918
750,105.5,80,0.0324936,0.530452,0.0324936,80.0555
750,105.5,80,0.03249,0.530487,0.03249,80.0678
750,105.5,80,0.0324866,0.53052,0.0324866,80.067
750,105.5,80,0.0324834,0.530553,0.0324834,80.0836
750,105.5,80,0.0324798,0.530585,0.0324798,80.0473
750,105.5,80,0.0324759,0.530623,0.0324759,80.0699
750,105.5,80,0.0324722,0.530656,0.0324722,80.0505
750,105.5,80,0.0324644,0.530693,0.0324644,79.7833
750,105.5,80,0.0324602,0.530738,0.0324602,80.0979
750,105.5,80,0.0324552,0.530774,0.0324552,79.9745
750,105.5,80,0.0324503,0.530807,0.0324503,79.9451
750,105.5,80,0.0324449,0.530844,0.0324449,79.9611
750,105.5,80,0.0324389,0.530877,0.0324389,79.8605
750,105.5,80,0.0324331,0.530909,0.0324331,79.8804
750,105.5,80,0.0324272,0.530942,0.0324272,79.8605
750,105.5,80,0.0324215,0.530975,0.0324215,79.8886
750,105.5,80,0.032416,0.531007,0.032416,79.8896
750,105.5,80,0.03241,0.531044,0.03241,79.912
750,105.5,80,0.0324047,0.531077,0.0324047,79.9156
750,105.5,80,0.0323995,0.531111,0.0323995,79.9358
750,105.5,80,0.0323889,0.531148,0.0323889,79.5907
750,105.5,80,0.0323838,0.531189,0.0323838,80.0076
750,105.5,80,0.032379,0.531227,0.032379,79.9986
750,105.5,80,0.0323741,0.53126,0.0323741,79.9477
750,105.5,80,0.0323688,0.531293,0.0323688,79.8994
750,105.5,80,0.0323636,0.531327,0.0323636,79.935
750,105.5,80,0.0323585,0.531359,0.0323585,79.9179
750,105.5,80,0.0323533,0.531392,0.0323533,79.9133
750,105.5,80,0.0323478,0.531424,0.0323478,79.8919
750,105.5,80,0.0323416,0.531459,0.0323416,79.8561
750,105.5,80,0.0323359,0.531493,0.0323359,79.8934
750,105.5,80,0.03233,0.531529,0.03233,79.9041
750,105.5,80,0.0323239,0.531563,0.0323239,79.851
750,105.5,80,0.0323104,0.531599,0.0323104,79.3681
750,105.5,80,0.0323039,0.531646,0.0323039,79.9523
750,105.5,80,0.0322968,0.531681,0.0322968,79.7919
750,105.5,80,0.0322904,0.531713,0.0322904,79.7982
750,105.5,80,0.0322842,0.531747,0.0322842,79.8424
750,105.5,80,0.0322787,0.53178,0.0322787,79.8844
750,105.5,80,0.0322737,0.531814,0.0322737,79.9274
750,105.5,80,0.0322686,0.531846,0.0322686,79.903
750,105.5,80,0.0322642,0.53188,0.0322642,79.9719
750,105.5,80,0.0322599,0.531912,0.0322599,79.9707
750,105.5,80,0.0322554,0.531947,0.0322554,79.9806
750,105.5,80,0.0322509,0.531981,0.0322509,79.9711
750,105.5,80,0.0322414,0.532016,0.0322414,79.6197
750,105.5,80,0.0322368,0.532051,0.0322368,79.963
750,105.5,80,0.0322312,0.532093,0.0322312,79.9657
750,105.5,80,0.0322261,0.53213,0.0322261,79.9582
750,105.5,80,0.0322209,0.532165,0.0322209,79.9247
750,105.5,80,0.0322153,0.532199,0.0322153,79.8869
750,105.5,80,0.0322097,0.532232,0.0322097,79.8594
750,105.5,80,0.032204,0.532264,0.032204,79.8526
750,105.5,80,0.0321984,0.532301,0.0321984,79.9111
750,105.5,80,0.0321928,0.532334,0.0321928,79.8793
750,105.5,80,0.0321818,0.532372,0.0321818,79.5383
750,105.5,80,0.0321769,0.532414,0.0321769,80.008
750,105.5,80,0.0321721,0.532455,0.0321721,79.9995
750,105.5,80,0.0321675,0.532488,0.0321675,79.9542
750,105.5,80,0.0321632,0.532525,0.0321632,79.9953
750,105.5,80,0.032159,0.532558,0.032159,79.9843
750,105.5,80,0.0321547,0.532594,0.0321547,79.996
750,105.5,80,0.0321465,0.532628,0.0321465,79.688
750,105.5,80,0.0321428,0.532671,0.0321428,80.0784
750,105.5,80,0.0321387,0.532709,0.0321387,80.022
750,105.5,80,0.0321348,0.532743,0.0321348,80.0141
750,105.5,80,0.0321299,0.532775,0.0321299,79.9201
750,105.5,80,0.0321253,0.532808,0.0321253,79.9392
750,105.5,80,0.0321201,0.53284,0.0321201,79.8851
750,105.5,80,0.032115,0.532873,0.032115,79.9161
750,105.5,80,0.0321091,0.532905,0.0321091,79.8314
750,105.5,80,0.0321032,0.53294,0.0321032,79.8577
750,105.5,80,0.0320973,0.532972,0.0320973,79.8346
750,105.5,80,0.032091,0.533007,0.032091,79.8414
750,105.5,80,0.0320845,0.53304,0.0320845,79.7968
750,105.5,80,0.0320723,0.533077,0.0320723,79.4342
750,105.5,80,0.0320665,0.53312,0.0320665,79.9496
750,105.5,80,0.0320608,0.533159,0.0320608,79.9152
750,105.5,80,0.032055,0.533191,0.032055,79.8296
750,105.5,80,0.0320499,0.533224,0.0320499,79.9014
750,105.5,80,0.0320453,0.533256,0.0320453,79.9277
750,105.5,80,0.0320408,0.533292,0.0320408,79.9709
750,105.5,80,0.032036,0.533324,0.032036,79.9075
750,105.5,80,0.0320314,0.53336,0.0320314,79.969
750,105.5,80,0.0320269,0.533392,0.0320269,79.933
750,105.5,80,0.0320222,0.533426,0.0320222,79.9317
750,105.5,80,0.0320116,0.533461,0.0320116,79.5106
750,105.5,80,0.0320063,0.533494,0.0320063,79.8864
750,105.5,80,0.0320008,0.53354,0.0320008,79.9813
750,105.5,80,0.0319952,0.533575,0.0319952,79.8812
750,105.5,80,0.0319891,0.533607,0.0319891,79.7971
750,105.5,80,0.0319832,0.53364,0.0319832,79.8207
750,105.5,80,0.0319775,0.533672,0.0319775,79.8337
750,105.5,80,0.0319718,0.533706,0.0319718,79.8604
750,105.5,80,0.0319662,0.533738,0.0319662,79.834
750,105.5,80,0.0319605,0.53377,0.0319605,79.8321
750,105.5,80,0.0319555,0.533802,0.0319555,79.8842
750,105.5,80,0.0319507,0.533835,0.0319507,79.9064
750,105.5,80,0.0319461,0.53387,0.0319461,79.949
750,105.5,80,0.0319415,0.533904,0.0319415,79.9309
750,105.5,80,0.0319342,0.533941,0.0319342,79.7787
750,105.5,80,0.0319306,0.533988,0.0319306,80.0888
750,105.5,80,0.0319269,0.534021,0.0319269,79.9992
750,105.5,80,0.0319235,0.534056,0.0319235,80.0428
750,105.5,80,0.0319197,0.53409,0.0319197,79.9962
750,105.5,80,0.0319158,0.534122,0.0319158,79.9803
750,105.5,80,0.0319116,0.534154,0.0319116,79.9517
750,105.5,80,0.0319068,0.534186,0.0319068,79.9032
750,105.5,80,0.0319022,0.534218,0.0319022,79.9194
750,105.5,80,0.0318978,0.534252,0.0318978,79.9492
750,105.5,80,0.0318928,0.534284,0.0318928,79.8907
750,105.5,80,0.0318874,0.534317,0.0318874,79.8628
750,105.5,80,0.0318822,0.534349,0.0318822,79.8814
750,105.5,80,0.0318706,0.534398,0.0318706,79.6699
750,105.5,80,0.0318647,0.534434,0.0318647,79.8701
750,105.5,80,0.0318586,0.534466,0.0318586,79.7894
750,105.5,80,0.0318531,0.534498,0.0318531,79.8437
750,105.5,80,0.031848,0.53453,0.031848,79.8661
750,105.5,80,0.0318431,0.534562,0.0318431,79.8871
750,105.5,80,0.0318379,0.534594,0.0318379,79.866
750,105.5,80,0.0318335,0.534625,0.0318335,79.9253
750,105.5,80,0.0318294,0.534657,0.0318294,79.9531
750,105.5,80,0.0318255,0.534689,0.0318255,79.9677
750,105.5,80,0.0318213,0.534725,0.0318213,79.9795
750,105.5,80,0.0318175,0.534757,0.0318175,79.9753
750,105.5,80,0.0318137,0.534791,0.0318137,79.999
750,105.5,80,0.0318103,0.534823,0.0318103,80.0112
750,105.5,80,0.0318063,0.534857,0.0318063,79.982
750,105.5,80,0.0318028,0.534889,0.0318028,80.0025
750,105.5,80,0.0317989,0.534924,0.0317989,80.0044
750,105.5,80,0.0317896,0.534958,0.0317896,79.5852
750,105.5,80,0.031785,0.535003,0.031785,80.0179
750,105.5,80,0.0317803,0.535038,0.0317803,79.9361
750,105.5,80,0.0317748,0.53507,0.0317748,79.853
750,105.5,80,0.0317698,0.535102,0.0317698,79.8771
750,105.5,80,0.0317648,0.535134,0.0317648,79.8788
750,105.5,80,0.0317597,0.535165,0.0317597,79.874
750,105.5,80,0.0317544,0.5352,0.0317544,79.8922
750,105.5,80,0.0317498,0.535232,0.0317498,79.914
750,105.5,80,0.0317454,0.535266,0.0317454,79.9509
750,105.5,80,0.0317413,0.535298,0.0317413,79.9599
750,105.5,80,0.0317362,0.53533,0.0317362,79.8699
750,105.5,80,0.0317327,0.535362,0.0317327,80.0036
750,105.5,80,0.0317291,0.535394,0.0317291,79.9926
750,105.5,80,0.0317259,0.535426,0.0317259,80.0249
750,105.5,80,0.0317264,0.535462,0.0317264,80.3231
750,105.5,80,0.0317195,0.535499,0.0317195,79.8028
750,105.5,80,0.0317167,0.535542,0.0317167,80.1218
750,105.5,80,0.0317137,0.535577,0.0317137,80.0728
750,105.5,80,0.0317106,0.535609,0.0317106,80.0504
750,105.5,80,0.0317076,0.535642,0.0317076,80.0495
750,105.5,80,0.0317045,0.535678,0.0317045,80.0733
750,105.5,80,0.0317012,0.53571,0.0317012,80.0369
750,105.5,80,0.0316974,0.535742,0.0316974,79.9919
750,105.5,80,0.0316937,0.535774,0.0316937,79.9996
750,105.5,80,0.0316894,0.535805,0.0316894,79.9505
750,105.5,80,0.0316852,0.535837,0.0316852,79.9581
750,105.5,80,0.0316801,0.535869,0.0316801,79.893
750,105.5,80,0.0316754,0.535903,0.0316754,79.9372
750,105.5,80,0.0316702,0.535935,0.0316702,79.8914
750,105.5,80,0.0316649,0.535967,0.0316649,79.8734
750,105.5,80,0.0316592,0.536004,0.0316592,79.9025
750,105.5,80,0.0316494,0.536039,0.0316494,79.5674
750,105.5,80,0.0316447,0.53607,0.0316447,79.9145
750,105.5,80,0.0316398,0.536102,0.0316398,79.8959
750,105.5,80,0.0316353,0.536144,0.0316353,80.0207
750,105.5,80,0.0316315,0.536178,0.0316315,80.0081
750,105.5,80,0.0316276,0.536214,0.0316276,80.0106
750,105.5,80,0.0316231,0.536253,0.0316231,80.0024
750,105.5,80,0.0316156,0.536302,0.0316156,79.9032
750,105.5,80,0.0316121,0.536339,0.0316121,80.062
750,105.5,80,0.0316087,0.536383,0.0316087,80.0938
750,105.5,80,0.0316019,0.53643,0.0316019,79.9257
750,105.5,80,0.0315984,0.536471,0.0315984,80.0872
750,105.5,80,0.0315912,0.536511,0.0315912,79.837
750,105.5,80,0.0315873,0.536559,0.0315873,80.0898
750,105.5,80,0.0315832,0.536593,0.0315832,80.0015
750,105.5,80,0.0315784,0.536631,0.0315784,79.9776
750,105.5,80,0.0315738,0.536664,0.0315738,79.946
750,105.5,80,0.0315638,0.5367,0.0315638,79.5846
750,105.5,80,0.0315588,0.536733,0.0315588,79.9203
750,105.5,80,0.0315534,0.536774,0.0315534,79.9587
750,105.5,80,0.0315482,0.536809,0.0315482,79.9264
750,105.5,80,0.0315431,0.536841,0.0315431,79.8904
750,105.5,80,0.0315384,0.536873,0.0315384,79.9178
750,105.5,80,0.0315338,0.536906,0.0315338,79.939
750,105.5,80,0.0315301,0.536938,0.0315301,80.002
750,105.5,80,0.0315272,0.53697,0.0315272,80.0682
750,105.5,80,0.0315245,0.537003,0.0315245,80.0913
750,105.5,80,0.0315216,0.537036,0.0315216,80.0781
750,105.5,80,0.0315191,0.537068,0.0315191,80.0997
750,105.5,80,0.0315165,0.537102,0.0315165,80.117
750,105.5,80,0.0315137,0.537134,0.0315137,80.0759
750,105.5,80,0.0315111,0.53717,0.0315111,80.1205
750,105.5,80,0.0315054,0.537205,0.0315054,79.8962
750,105.5,80,0.0315027,0.53725,0.0315027,80.1604
750,105.5,80,0.0314999,0.537282,0.0314999,80.0814
750,105.5,80,0.0314968,0.537314,0.0314968,80.0668
750,105.5,80,0.0314939,0.537346,0.0314939,80.0841
750,105.5,80,0.031491,0.537378,0.031491,80.0833
750,105.5,80,0.0314883,0.537411,0.0314883,80.106
750,105.5,80,0.031485,0.537445,0.031485,80.0703
750,105.5,80,0.0314819,0.537476,0.0314819,80.0628
750,105.5,80,0.0314786,0.537508,0.0314786,80.0581
750,105.5,80,0.0314751,0.537539,0.0314751,80.0365
750,105.5,80,0.031471,0.537574,0.031471,80.014
750,105.5,80,0.0314667,0.537607,0.0314667,79.9906
750,105.5,80,0.0314624,0.537641,0.0314624,79.9976
750,105.5,80,0.0314526,0.537685,0.0314526,79.7582
750,105.5,80,0.0314478,0.537721,0.0314478,79.9848
750,105.5,80,0.0314433,0.537753,0.0314433,79.9544
750,105.5,80,0.0314382,0.537786,0.0314382,79.9316
750,105.5,80,0.0314337,0.537818,0.0314337,79.9567
750,105.5,80,0.0314293,0.537851,0.0314293,79.9859
750,105.5,80,0.031425,0.537884,0.031425,79.9782
750,105.5,80,0.0314208,0.537916,0.0314208,79.9938
750,105.5,80,0.031417,0.537948,0.031417,80.0138
750,105.5,80,0.0314134,0.537981,0.0314134,80.0403
750,105.5,80,0.0314098,0.538012,0.0314098,80.0334
750,105.5,80,0.0314058,0.538044,0.0314058,80.0038
750,105.5,80,0.0314022,0.538076,0.0314022,80.0337
750,105.5,80,0.0313944,0.538113,0.0313944,79.7924
750,105.5,80,0.0313905,0.538155,0.0313905,80.0848
750,105.5,80,0.0313863,0.538192,0.0313863,80.0235
750,105.5,80,0.0313819,0.538227,0.0313819,80.0162
750,105.5,80,0.0313775,0.538259,0.0313775,79.9623
750,105.5,80,0.0313725,0.53829,0.0313725,79.9243
750,105.5,80,0.0313674,0.538323,0.0313674,79.9226
750,105.5,80,0.0313624,0.538354,0.0313624,79.9205
750,105.5,80,0.0313569,0.538386,0.0313569,79.873
750,105.5,80,0.031351,0.538417,0.031351,79.8434
750,105.5,80,0.0313446,0.538449,0.0313446,79.8188
750,105.5,80,0.0313381,0.538481,0.0313381,79.8014
750,105.5,80,0.0313316,0.538513,0.0313316,79.7996
750,105.5,80,0.0313248,0.538544,0.0313248,79.7664
750,105.5,80,0.0313187,0.538576,0.0313187,79.8364
750,105.5,80,0.0313129,0.538609,0.0313129,79.8645
750,105.5,80,0.0313072,0.538644,0.0313072,79.8988
750,105.5,80,0.0312973,0.538678,0.0312973,79.5713
750,105.5,80,0.0312928,0.538723,0.0312928,80.0596
750,105.5,80,0.031289,0.538756,0.031289,80.0142
750,105.5,80,0.0312849,0.538792,0.0312849,80.0259
750,105.5,80,0.0312817,0.538826,0.0312817,80.0637
750,105.5,80,0.0312783,0.538857,0.0312783,80.0368
750,105.5,80,0.031275,0.53889,0.031275,80.0601
750,105.5,80,0.0312719,0.538927,0.0312719,80.1025
750,105.5,80,0.0312651,0.538959,0.0312651,79.7764
750,105.5,80,0.0312616,0.539003,0.0312616,80.1104
750,105.5,80,0.0312579,0.539037,0.0312579,80.0381
750,105.5,80,0.031254,0.539069,0.031254,80.0098
750,105.5,80,0.0312493,0.5391,0.0312493,79.9381
750,105.5,80,0.031245,0.539132,0.031245,79.984
750,105.5,80,0.0312406,0.539164,0.0312406,79.9541
750,105.5,80,0.0312358,0.539195,0.0312358,79.9389
750,105.5,80,0.0312309,0.539227,0.0312309,79.9161
750,105.5,80,0.0312257,0.539258,0.0312257,79.9001
750,105.5,80,0.0312208,0.539289,0.0312208,79.9151
750,105.5,80,0.0312161,0.539321,0.0312161,79.9463
750,105.5,80,0.0312115,0.539352,0.0312115,79.9448
750,105.5,80,0.0312062,0.539385,0.0312062,79.9045
750,105.5,80,0.0312018,0.539416,0.0312018,79.9533
750,105.5,80,0.0311976,0.53945,0.0311976,79.9997
750,105.5,80,0.0311936,0.539482,0.0311936,79.9932
750,105.5,80,0.0311896,0.539515,0.0311896,80.0173
750,105.5,80,0.0311861,0.539548,0.0311861,80.0465
750,105.5,80,0.0311799,0.539592,0.0311799,79.9562
750,105.5,80,0.031177,0.53963,0.031177,80.1274
750,105.5,80,0.0311745,0.539664,0.0311745,80.1261
750,105.5,80,0.0311719,0.539695,0.0311719,80.1126
750,105.5,80,0.0311696,0.539727,0.0311696,80.1349
750,105.5,80,0.0311668,0.539758,0.0311668,80.0974
750,105.5,80,0.0311641,0.539789,0.0311641,80.1055
750,105.5,80,0.0311613,0.539822,0.0311613,80.1114
750,105.5,80,0.031155,0.539864,0.031155,79.9445
750,105.5,80,0.0311515,0.539905,0.0311515,80.1137
750,105.5,80,0.0311476,0.539942,0.0311476,80.0535
750,105.5,80,0.0311436,0.539977,0.0311436,80.0418
750,105.5,80,0.0311391,0.540015,0.0311391,80.0383
750,105.5,80,0.0311295,0.540061,0.0311295,79.7966
750,105.5,80,0.0311242,0.5401,0.0311242,79.9889
750,105.5,80,0.0311191,0.540131,0.0311191,79.9158
750,105.5,80,0.0311139,0.540164,0.0311139,79.9322
750,105.5,80,0.0311076,0.540198,0.0311076,79.8583
750,105.5,80,0.0311018,0.540234,0.0311018,79.9261
750,105.5,80,0.0310908,0.540268,0.0310908,79.4933
750,105.5,80,0.0310851,0.540307,0.0310851,79.9561
750,105.5,80,0.0310806,0.540345,0.0310806,80.0231
750,105.5,80,0.0310762,0.540378,0.0310762,79.9886
750,105.5,80,0.0310719,0.540409,0.0310719,79.9719
750,105.5,80,0.031068,0.540443,0.031068,80.0255
750,105.5,80,0.0310642,0.540474,0.0310642,80.0182
750,105.5,80,0.0310606,0.540505,0.0310606,80.0336
750,105.5,80,0.0310573,0.540538,0.0310573,80.0704
750,105.5,80,0.0310532,0.540573,0.0310532,80.0259
750,105.5,80,0.0310494,0.540605,0.0310494,80.0306
750,105.5,80,0.0310409,0.540649,0.0310409,79.837
750,105.5,80,0.0310366,0.540685,0.0310366,80.0283
750,105.5,80,0.0310324,0.540718,0.0310324,79.9987
750,105.5,80,0.0310279,0.540749,0.0310279,79.9618
750,105.5,80,0.0310233,0.540783,0.0310233,79.9757
750,105.5,80,0.0310183,0.540816,0.0310183,79.9474
750,105.5,80,0.0310115,0.540847,0.0310115,79.774
750,105.5,80,0.0310071,0.54088,0.0310071,79.9898
750,105.5,80,0.0310017,0.540912,0.0310017,79.9017
750,105.5,80,0.0309967,0.540947,0.0309967,79.9535
750,105.5,80,0.0309856,0.540992,0.0309856,79.711
750,105.5,80,0.0309812,0.541026,0.0309812,79.9878
750,105.5,80,0.0309765,0.541059,0.0309765,79.9645
750,105.5,80,0.0309729,0.54109,0.0309729,80.0245
750,105.5,80,0.0309696,0.541123,0.0309696,80.0672
750,105.5,80,0.0309664,0.541155,0.0309664,80.0695
750,105.5,80,0.0309628,0.541188,0.0309628,80.0531
750,105.5,80,0.0309597,0.54122,0.0309597,80.0794
750,105.5,80,0.0309565,0.541255,0.0309565,80.0891
750,105.5,80,0.0309534,0.541298,0.0309534,80.1421
750,105.5,80,0.0309462,0.541336,0.0309462,79.8496
750,105.5,80,0.0309426,0.541367,0.0309426,80.0438
750,105.5,80,0.0309385,0.541399,0.0309385,79.9937
750,105.5,80,0.0309389,0.54143,0.0309389,80.3607
750,105.5,80,0.0309345,0.541462,0.0309345,79.9837
750,105.5,80,0.0309301,0.541493,0.0309301,79.9741
750,105.5,80,0.0309255,0.541525,0.0309255,79.9682
750,105.5,80,0.0309206,0.541556,0.0309206,79.9347
750,105.5,80,0.0309152,0.541588,0.0309152,79.8986
750,105.5,80,0.0309104,0.541619,0.0309104,79.9425
750,105.5,80,0.0309052,0.54165,0.0309052,79.9114
750,105.5,80,0.0308997,0.541681,0.0308997,79.886
750,105.5,80,0.0308946,0.541712,0.0308946,79.9104
750,105.5,80,0.0308891,0.541743,0.0308891,79.8844
750,105.5,80,0.0308842,0.541777,0.0308842,79.9647
750,105.5,80,0.0308795,0.541808,0.0308795,79.9482
750,105.5,80,0.0308747,0.541841,0.0308747,79.9608
750,105.5,80,0.0308704,0.541875,0.0308704,80.0059
750,105.5,80,0.0308623,0.541918,0.0308623,79.8506
750,105.5,80,0.0308581,0.541954,0.0308581,80.0372
750,105.5,80,0.030854,0.541987,0.030854,80.0116
750,105.5,80,0.0308501,0.542018,0.0308501,80.0077
750,105.5,80,0.0308461,0.542049,0.0308461,80.0044
750,105.5,80,0.0308418,0.542079,0.0308418,79.9748
750,105.5,80,0.0308385,0.542112,0.0308385,80.071
750,105.5,80,0.0308341,0.542143,0.0308341,79.9671
750,105.5,80,0.0308295,0.542174,0.0308295,79.9607
750,105.5,80,0.0308243,0.542205,0.0308243,79.9074
750,105.5,80,0.0308192,0.542236,0.0308192,79.9168
750,105.5,80,0.0308137,0.542267,0.0308137,79.8779
750,105.5,80,0.030808,0.542301,0.030808,79.9056
750,105.5,80,0.0308017,0.542332,0.0308017,79.8247
750,105.5,80,0.0307959,0.542366,0.0307959,79.8896
750,105.5,80,0.0307844,0.542398,0.0307844,79.4265
750,105.5,80,0.0307786,0.542442,0.0307786,79.986
750,105.5,80,0.0307731,0.542478,0.0307731,79.9365
750,105.5,80,0.0307681,0.542512,0.0307681,79.9443
750,105.5,80,0.0307629,0.542543,0.0307629,79.9052
750,105.5,80,0.0307579,0.542575,0.0307579,79.9229
750,105.5,80,0.0307532,0.542606,0.0307532,79.9351
750,105.5,80,0.0307487,0.542639,0.0307487,79.9756
750,105.5,80,0.0307437,0.542671,0.0307437,79.9331
750,105.5,80,0.0307334,0.542707,0.0307334,79.5997
750,105.5,80,0.030728,0.542749,0.030728,79.9839
750,105.5,80,0.0307224,0.542782,0.0307224,79.8973
750,105.5,80,0.0307166,0.542815,0.0307166,79.8741
750,105.5,80,0.0307098,0.542848,0.0307098,79.7964
750,105.5,80,0.0307032,0.542879,0.0307032,79.7732
750,105.5,80,0.0306965,0.54291,0.0306965,79.7653
750,105.5,80,0.0306901,0.542941,0.0306901,79.7788
750,105.5,80,0.030683,0.542971,0.030683,79.7323
750,105.5,80,0.0306765,0.543002,0.0306765,79.771
750,105.5,80,0.0306702,0.543033,0.0306702,79.7924
750,105.5,80,0.0306643,0.543063,0.0306643,79.8205
750,105.5,80,0.030658,0.543094,0.030658,79.7872
750,105.5,80,0.0306523,0.543125,0.0306523,79.8346
750,105.5,80,0.0306466,0.543156,0.0306466,79.8395
750,105.5,80,0.0306412,0.543187,0.0306412,79.8501
750,105.5,80,0.0306352,0.543225,0.0306352,79.9007
750,105.5,80,0.0306235,0.543272,0.0306235,79.6781
750,105.5,80,0.0306175,0.543304,0.0306175,79.8232
750,105.5,80,0.0306111,0.543336,0.0306111,79.7977
750,105.5,80,0.0306047,0.543375,0.0306047,79.872
750,105.5,80,0.0305911,0.54342,0.0305911,79.5429
750,105.5,80,0.0305846,0.543459,0.0305846,79.8579
750,105.5,80,0.0305778,0.543491,0.0305778,79.7538
750,105.5,80,0.0305712,0.543522,0.0305712,79.7542
750,105.5,80,0.0305639,0.543553,0.0305639,79.6836
750,105.5,80,0.0305578,0.543584,0.0305578,79.7813
750,105.5,80,0.0305516,0.543614,0.0305516,79.7666
750,105.5,80,0.030546,0.543645,0.030546,79.8228
750,105.5,80,0.0305406,0.543675,0.0305406,79.8251
750,105.5,80,0.030535,0.543706,0.030535,79.8263
750,105.5,80,0.0305299,0.543737,0.0305299,79.8472
750,105.5,80,0.030525,0.543772,0.030525,79.9282
750,105.5,80,0.03052,0.543804,0.03052,79.8794
750,105.5,80,0.0305103,0.543837,0.0305103,79.5404
750,105.5,80,0.0305054,0.543869,0.0305054,79.8768
750,105.5,80,0.0305004,0.543907,0.0305004,79.946
750,105.5,80,0.0304952,0.543944,0.0304952,79.9056
750,105.5,80,0.0304891,0.543976,0.0304891,79.7888
750,105.5,80,0.030483,0.544006,0.030483,79.773
750,105.5,80,0.0304771,0.54404,0.0304771,79.8258
750,105.5,80,0.030471,0.544071,0.030471,79.7717
750,105.5,80,0.0304644,0.544103,0.0304644,79.7449
750,105.5,80,0.0304586,0.544133,0.0304586,79.7848
750,105.5,80,0.030453,0.544166,0.030453,79.8395
750,105.5,80,0.0304475,0.544198,0.0304475,79.8269
750,105.5,80,0.0304423,0.544232,0.0304423,79.8733
750,105.5,80,0.030433,0.544267,0.030433,79.5878
750,105.5,80,0.0304284,0.544306,0.0304284,79.9617
750,105.5,80,0.0304235,0.54434,0.0304235,79.898
750,105.5,80,0.0304193,0.544374,0.0304193,79.9436
750,105.5,80,0.0304147,0.544404,0.0304147,79.8796
750,105.5,80,0.0304101,0.544435,0.0304101,79.8729
750,105.5,80,0.0304056,0.544465,0.0304056,79.8895
750,105.5,80,0.0304012,0.544496,0.0304012,79.8899
750,105.5,80,0.030396,0.544526,0.030396,79.8343
750,105.5,80,0.0303909,0.544557,0.0303909,79.8344
750,105.5,80,0.030385,0.544587,0.030385,79.7695
750,105.5,80,0.0303793,0.544617,0.0303793,79.7841
750,105.5,80,0.030373,0.544648,0.030373,79.7414
750,105.5,80,0.0303665,0.544681,0.0303665,79.7647
750,105.5,80,0.0303599,0.544714,0.0303599,79.748
750,105.5,80,0.0303527,0.544747,0.0303527,79.7122
750,105.5,80,0.03034,0.544781,0.03034,79.3066
750,105.5,80,0.0303342,0.544823,0.0303342,79.896
750,105.5,80,0.0303283,0.544855,0.0303283,79.7896
750,105.5,80,0.0303231,0.544887,0.0303231,79.8296
750,105.5,80,0.0303181,0.544918,0.0303181,79.8297
750,105.5,80,0.0303136,0.54495,0.0303136,79.8911
750,105.5,80,0.0303092,0.54498,0.0303092,79.8742
750,105.5,80,0.0303044,0.545013,0.0303044,79.8743
750,105.5,80,0.0303002,0.545045,0.0303002,79.9053
750,105.5,80,0.0302915,0.545084,0.0302915,79.6787
750,105.5,80,0.0302868,0.545126,0.0302868,79.958
750,105.5,80,0.0302821,0.54516,0.0302821,79.8894
750,105.5,80,0.0302772,0.54519,0.0302772,79.8367
750,105.5,80,0.0302721,0.545221,0.0302721,79.82
750,105.5,80,0.0302671,0.545251,0.0302671,79.8257
750,105.5,80,0.0302614,0.545282,0.0302614,79.7696
750,105.5,80,0.0302565,0.545312,0.0302565,79.8318
750,105.5,80,0.0302513,0.545344,0.0302513,79.8315
750,105.5,80,0.0302458,0.545375,0.0302458,79.7886
750,105.5,80,0.030241,0.545405,0.030241,79.8339
750,105.5,80,0.0302365,0.545435,0.0302365,79.8586
750,105.5,80,0.0302322,0.545469,0.0302322,79.919
750,105.5,80,0.0302279,0.5455,0.0302279,79.8869
750,105.5,80,0.0302204,0.545546,0.0302204,79.8193
750,105.5,80,0.0302171,0.545582,0.0302171,80.0027
750,105.5,80,0.0302136,0.545613,0.0302136,79.9562
750,105.5,80,0.0302103,0.545645,0.0302103,79.9729
750,105.5,80,0.0302071,0.545677,0.0302071,79.978
750,105.5,80,0.030203,0.545707,0.030203,79.8909
750,105.5,80,0.0301996,0.545739,0.0301996,79.97
750,105.5,80,0.0301961,0.54577,0.0301961,79.9553
750,105.5,80,0.0301927,0.545803,0.0301927,79.9725
750,105.5,80,0.0301891,0.545836,0.0301891,79.9685
750,105.5,80,0.0301814,0.545877,0.0301814,79.769
750,105.5,80,0.0301773,0.545913,0.0301773,79.9522
750,105.5,80,0.0301731,0.545945,0.0301731,79.9106
750,105.5,80,0.0301684,0.545976,0.0301684,79.8615
750,105.5,80,0.0301628,0.546009,0.0301628,79.8238
750,105.5,80,0.0301575,0.546041,0.0301575,79.8184
750,105.5,80,0.030152,0.546073,0.030152,79.805
750,105.5,80,0.0301461,0.546103,0.0301461,79.7598
750,105.5,80,0.0301396,0.546136,0.0301396,79.7465
750,105.5,80,0.0301334,0.546167,0.0301334,79.7354
750,105.5,80,0.0301217,0.546199,0.0301217,79.3329
750,105.5,80,0.0301156,0.546242,0.0301156,79.8764
750,105.5,80,0.0301101,0.546274,0.0301101,79.8001
750,105.5,80,0.0301047,0.546305,0.0301047,79.7845
750,105.5,80,0.0300997,0.546338,0.0300997,79.8563
750,105.5,80,0.0300944,0.546369,0.0300944,79.7954
750,105.5,80,0.0300886,0.5464,0.0300886,79.7689
750,105.5,80,0.0300834,0.54643,0.0300834,79.7951
750,105.5,80,0.030078,0.546462,0.030078,79.7995
750,105.5,80,0.0300711,0.546492,0.0300711,79.6592
750,105.5,80,0.0300664,0.546524,0.0300664,79.8583
750,105.5,80,0.0300606,0.546556,0.0300606,79.7621
750,105.5,80,0.0300481,0.546589,0.0300481,79.2975
750,105.5,80,0.0300397,0.546629,0.0300397,79.6881
750,105.5,80,0.0300328,0.546664,0.0300328,79.7306
750,105.5,80,0.0300264,0.546694,0.0300264,79.6844
750,105.5,80,0.0300193,0.546726,0.0300193,79.6642
750,105.5,80,0.0300132,0.546756,0.0300132,79.7025
750,105.5,80,0.0300072,0.546786,0.0300072,79.7136
750,105.5,80,0.030002,0.546816,0.030002,79.7689
750,105.5,80,0.029997,0.546847,0.029997,79.8058
750,105.5,80,0.0299925,0.546878,0.0299925,79.832
750,105.5,80,0.0299882,0.546909,0.0299882,79.8659
750,105.5,80,0.029984,0.546939,0.029984,79.8577
750,105.5,80,0.0299799,0.546969,0.0299799,79.86
750,105.5,80,0.0299747,0.546999,0.0299747,79.7769
750,105.5,80,0.02997,0.54703,0.02997,79.825
750,105.5,80,0.0299655,0.547062,0.0299655,79.8489
750,105.5,80,0.0299607,0.547097,0.0299607,79.8576
750,105.5,80,0.0299499,0.547139,0.0299499,79.5729
750,105.5,80,0.0299443,0.547173,0.0299443,79.7866
750,105.5,80,0.0299448,0.547205,0.0299448,80.2283
750,105.5,80,0.0299387,0.547236,0.0299387,79.7245
750,105.5,80,0.0299326,0.547267,0.0299326,79.7075
750,105.5,80,0.0299256,0.547297,0.0299256,79.6282
750,105.5,80,0.0299189,0.547327,0.0299189,79.6493
750,105.5,80,0.0299119,0.547357,0.0299119,79.6158
750,105.5,80,0.0299055,0.547387,0.0299055,79.6794
750,105.5,80,0.0298993,0.547419,0.0298993,79.7063
750,105.5,80,0.0298933,0.547449,0.0298933,79.6958
750,105.5,80,0.0298869,0.547479,0.0298869,79.6593
750,105.5,80,0.0298811,0.547509,0.0298811,79.7076
750,105.5,80,0.0298753,0.547541,0.0298753,79.7387
750,105.5,80,0.0298696,0.547573,0.0298696,79.7543
750,105.5,80,0.0298577,0.547616,0.0298577,79.5034
750,105.5,80,0.029853,0.547651,0.029853,79.8438
750,105.5,80,0.0298472,0.547682,0.0298472,79.7242
750,105.5,80,0.0298403,0.547712,0.0298403,79.6116
750,105.5,80,0.0298336,0.547742,0.0298336,79.6309
750,105.5,80,0.0298268,0.547774,0.0298268,79.6431
750,105.5,80,0.0298196,0.547806,0.0298196,79.6245
750,105.5,80,0.0298122,0.547836,0.0298122,79.5619
750,105.5,80,0.0298044,0.547871,0.0298044,79.6255
750,105.5,80,0.0297907,0.547904,0.0297907,79.1527
750,105.5,80,0.0297841,0.547944,0.0297841,79.7592
750,105.5,80,0.0297778,0.547981,0.0297778,79.7433
750,105.5,80,0.0297714,0.548012,0.0297714,79.6452
750,105.5,80,0.0297658,0.548042,0.0297658,79.6944
750,105.5,80,0.0297605,0.548076,0.0297605,79.7716
750,105.5,80,0.0297554,0.548106,0.0297554,79.745
750,105.5,80,0.0297501,0.548137,0.0297501,79.7317
750,105.5,80,0.029745,0.548169,0.029745,79.7528
750,105.5,80,0.0297342,0.548211,0.0297342,79.535
750,105.5,80,0.0297281,0.548245,0.0297281,79.7121
750,105.5,80,0.0297219,0.548277,0.0297219,79.673
750,105.5,80,0.0297157,0.548307,0.0297157,79.6335
750,105.5,80,0.0297089,0.548337,0.0297089,79.593
750,105.5,80,0.0297024,0.548367,0.0297024,79.611
750,105.5,80,0.0296959,0.548396,0.0296959,79.6121
750,105.5,80,0.0296895,0.548426,0.0296895,79.6133
750,105.5,80,0.0296834,0.548457,0.0296834,79.657
750,105.5,80,0.0296773,0.548487,0.0296773,79.6398
750,105.5,80,0.0296718,0.548521,0.0296718,79.731
750,105.5,80,0.0296666,0.548555,0.0296666,79.7614
750,105.5,80,0.0296561,0.548588,0.0296561,79.363
750,105.5,80,0.0296512,0.548619,0.0296512,79.7424
750,105.5,80,0.0296463,0.548656,0.0296463,79.8117
750,105.5,80,0.0296415,0.548691,0.0296415,79.7915
750,105.5,80,0.029636,0.548723,0.029636,79.7101
750,105.5,80,0.0296308,0.548754,0.0296308,79.7213
750,105.5,80,0.0296253,0.548784,0.0296253,79.6769
750,105.5,80,0.0296199,0.548814,0.0296199,79.6787
750,105.5,80,0.0296138,0.548845,0.0296138,79.6563
750,105.5,80,0.0296073,0.548875,0.0296073,79.5907
750,105.5,80,0.0296006,0.548907,0.0296006,79.6256
750,105.5,80,0.0295938,0.54894,0.0295938,79.6061
750,105.5,80,0.0295794,0.548972,0.0295794,79.0625
750,105.5,80,0.0295726,0.549011,0.0295726,79.689
750,105.5,80,0.0295665,0.549045,0.0295665,79.6733
750,105.5,80,0.02956,0.549075,0.02956,79.5768
750,105.5,80,0.0295546,0.549104,0.0295546,79.6628
750,105.5,80,0.0295495,0.549135,0.0295495,79.6969
750,105.5,80,0.0295446,0.549166,0.0295446,79.7249
750,105.5,80,0.0295392,0.549196,0.0295392,79.6695
750,105.5,80,0.0295346,0.549226,0.0295346,79.7341
750,105.5,80,0.0295303,0.549256,0.0295303,79.7552
750,105.5,80,0.0295255,0.549287,0.0295255,79.7235
750,105.5,80,0.0295203,0.549316,0.0295203,79.6776
750,105.5,80,0.0295145,0.549347,0.0295145,79.6536
750,105.5,80,0.0295087,0.549377,0.0295087,79.6279
750,105.5,80,0.0295025,0.549412,0.0295025,79.6759
750,105.5,80,0.0294885,0.549453,0.0294885,79.2655
750,105.5,80,0.0294816,0.549488,0.0294816,79.6261
750,105.5,80,0.0294743,0.549518,0.0294743,79.4947
750,105.5,80,0.0294671,0.54955,0.0294671,79.5534
750,105.5,80,0.0294596,0.549579,0.0294596,79.474
750,105.5,80,0.0294527,0.549613,0.0294527,79.5902
750,105.5,80,0.0294461,0.549642,0.0294461,79.5382
750,105.5,80,0.02944,0.549672,0.02944,79.5941
750,105.5,80,0.0294337,0.549702,0.0294337,79.5725
750,105.5,80,0.0294276,0.549734,0.0294276,79.6122
750,105.5,80,0.0294216,0.549764,0.0294216,79.6069
750,105.5,80,0.0294094,0.549806,0.0294094,79.364
750,105.5,80,0.0294035,0.54984,0.0294035,79.6603
750,105.5,80,0.0293975,0.549869,0.0293975,79.579
750,105.5,80,0.0293912,0.549899,0.0293912,79.55
750,105.5,80,0.0293848,0.549929,0.0293848,79.5562
750,105.5,80,0.0293773,0.549958,0.0293773,79.4506
750,105.5,80,0.0293698,0.549988,0.0293698,79.4584
750,105.5,80,0.0293625,0.550017,0.0293625,79.473
750,105.5,80,0.0293545,0.55005,0.0293545,79.4655
750,105.5,80,0.0293468,0.55008,0.0293468,79.4489
750,105.5,80,0.0293399,0.55011,0.0293399,79.4919
750,105.5,80,0.029333,0.550139,0.029333,79.4923
750,105.5,80,0.0293261,0.550169,0.0293261,79.4954
750,105.5,80,0.0293191,0.550199,0.0293191,79.4808
750,105.5,80,0.0293126,0.550229,0.0293126,79.5173
750,105.5,80,0.0293062,0.550258,0.0293062,79.5203
750,105.5,80,0.0293,0.550288,0.0293,79.5535
750,105.5,80,0.0292928,0.55032,0.0292928,79.4942
750,105.5,80,0.0292795,0.550355,0.0292795,79.1414
750,105.5,80,0.0292728,0.550394,0.0292728,79.6132
750,105.5,80,0.0292648,0.550427,0.0292648,79.4533
750,105.5,80,0.0292564,0.550456,0.0292564,79.3471
750,105.5,80,0.0292492,0.550489,0.0292492,79.4927
750,105.5,80,0.029242,0.550518,0.029242,79.4418
750,105.5,80,0.0292351,0.550548,0.0292351,79.4544
750,105.5,80,0.0292279,0.550577,0.0292279,79.4331
750,105.5,80,0.0292214,0.550606,0.0292214,79.4892
750,105.5,80,0.0292152,0.550635,0.0292152,79.5087
750,105.5,80,0.0292096,0.550668,0.0292096,79.607
750,105.5,80,0.0292036,0.550698,0.0292036,79.5294
750,105.5,80,0.0291919,0.550743,0.0291919,79.3849
750,105.5,80,0.0291859,0.550777,0.0291859,79.5879
750,105.5,80,0.0291792,0.550806,0.0291792,79.4593
750,105.5,80,0.0291728,0.550835,0.0291728,79.4751
750,105.5,80,0.0291657,0.550868,0.0291657,79.4926
750,105.5,80,0.0291585,0.550898,0.0291585,79.417
750,105.5,80,0.0291502,0.550928,0.0291502,79.3517
750,105.5,80,0.0291423,0.550958,0.0291423,79.3665
750,105.5,80,0.0291342,0.550989,0.0291342,79.3723
750,105.5,80,0.0291252,0.551021,0.0291252,79.3264
750,105.5,80,0.0291172,0.551052,0.0291172,79.3551
750,105.5,80,0.0291023,0.551083,0.0291023,78.8711
750,105.5,80,0.0290951,0.551122,0.0290951,79.5231
750,105.5,80,0.0290876,0.551155,0.0290876,79.4435
750,105.5,80,0.0290808,0.551184,0.0290808,79.4176
750,105.5,80,0.0290738,0.551213,0.0290738,79.3941
750,105.5,80,0.0290669,0.551242,0.0290669,79.4022
750,105.5,80,0.0290596,0.551271,0.0290596,79.3758
750,105.5,80,0.029052,0.551302,0.029052,79.3803
750,105.5,80,0.0290446,0.551331,0.0290446,79.3569
750,105.5,80,0.0290374,0.551362,0.0290374,79.4004
750,105.5,80,0.0290303,0.551392,0.0290303,79.3904
750,105.5,80,0.0290226,0.551421,0.0290226,79.3281
750,105.5,80,0.0290157,0.55145,0.0290157,79.3853
750,105.5,80,0.0290088,0.551481,0.0290088,79.4195
750,105.5,80,0.029002,0.55151,0.029002,79.3891
750,105.5,80,0.0289962,0.551541,0.0289962,79.5031
750,105.5,80,0.0289906,0.551573,0.0289906,79.5304
750,105.5,80,0.0289801,0.551617,0.0289801,79.3739
750,105.5,80,0.0289754,0.551649,0.0289754,79.5918
750,105.5,80,0.0289704,0.551679,0.0289704,79.5507
750,105.5,80,0.0289656,0.551708,0.0289656,79.5441
750,105.5,80,0.0289602,0.551737,0.0289602,79.4956
750,105.5,80,0.0289541,0.551766,0.0289541,79.4459
750,105.5,80,0.0289482,0.551796,0.0289482,79.4662
750,105.5,80,0.0289421,0.551825,0.0289421,79.4386
750,105.5,80,0.0289361,0.551856,0.0289361,79.4637
750,105.5,80,0.02893,0.551885,0.02893,79.4345
750,105.5,80,0.028923,0.551914,0.028923,79.377
750,105.5,80,0.0289165,0.551943,0.0289165,79.3976
750,105.5,80,0.0289101,0.551972,0.0289101,79.4007
750,105.5,80,0.0289041,0.552001,0.0289041,79.4353
750,105.5,80,0.0288981,0.552032,0.0288981,79.4675
750,105.5,80,0.0288919,0.552061,0.0288919,79.4187
750,105.5,80,0.0288868,0.552092,0.0288868,79.5188
750,105.5,80,0.0288819,0.552122,0.0288819,79.5354
750,105.5,80,0.0288724,0.552155,0.0288724,79.245
750,105.5,80,0.028868,0.552194,0.028868,79.645
750,105.5,80,0.0288635,0.552228,0.0288635,79.6047
750,105.5,80,0.0288575,0.552257,0.0288575,79.4275
750,105.5,80,0.0288534,0.552286,0.0288534,79.5806
750,105.5,80,0.0288485,0.552315,0.0288485,79.5159
750,105.5,80,0.0288424,0.552345,0.0288424,79.4301
750,105.5,80,0.0288365,0.552374,0.0288365,79.4272
750,105.5,80,0.0288316,0.552404,0.0288316,79.5348
750,105.5,80,0.0288245,0.552433,0.0288245,79.3302
750,105.5,80,0.0288183,0.552465,0.0288183,79.45
750,105.5,80,0.0288113,0.552494,0.0288113,79.3423
750,105.5,80,0.0288047,0.552526,0.0288047,79.4235
750,105.5,80,0.028792,0.552566,0.028792,79.1494
750,105.5,80,0.0287861,0.5526,0.0287861,79.5027
750,105.5,80,0.02878,0.552629,0.02878,79.3973
750,105.5,80,0.0287745,0.552659,0.0287745,79.4572
750,105.5,80,0.0287695,0.552688,0.0287695,79.5006
750,105.5,80,0.0287639,0.552717,0.0287639,79.435
750,105.5,80,0.0287587,0.552746,0.0287587,79.4652
750,105.5,80,0.0287536,0.552778,0.0287536,79.5243
750,105.5,80,0.0287488,0.552807,0.0287488,79.4916
750,105.5,80,0.028744,0.552836,0.028744,79.5002
750,105.5,80,0.0287449,0.552866,0.0287449,79.9537
750,105.5,80,0.0287394,0.552897,0.0287394,79.4863
750,105.5,80,0.0287341,0.552928,0.0287341,79.4907
750,105.5,80,0.0287222,0.55296,0.0287222,79.0131
750,105.5,80,0.0287153,0.552997,0.0287153,79.4607
750,105.5,80,0.0287089,0.553031,0.0287089,79.4335
750,105.5,80,0.0287028,0.553062,0.0287028,79.4301
750,105.5,80,0.0286971,0.553095,0.0286971,79.4707
750,105.5,80,0.0286909,0.553128,0.0286909,79.4405
750,105.5,80,0.0286812,0.553168,0.0286812,79.3223
750,105.5,80,0.0286763,0.553202,0.0286763,79.537
750,105.5,80,0.0286717,0.553235,0.0286717,79.544
750,105.5,80,0.0286672,0.553269,0.0286672,79.5767
750,105.5,80,0.0286629,0.553301,0.0286629,79.5524
750,105.5,80,0.028654,0.553341,0.028654,79.3596
750,105.5,80,0.0286496,0.553374,0.0286496,79.5602
750,105.5,80,0.028645,0.553403,0.028645,79.5132
750,105.5,80,0.0286403,0.553433,0.0286403,79.5055
750,105.5,80,0.0286349,0.553462,0.0286349,79.4324
750,105.5,80,0.0286297,0.55349,0.0286297,79.4481
750,105.5,80,0.0286239,0.553519,0.0286239,79.4033
750,105.5,80,0.0286183,0.553548,0.0286183,79.4245
750,105.5,80,0.0286121,0.553577,0.0286121,79.3629
750,105.5,80,0.028606,0.553608,0.028606,79.4106
750,105.5,80,0.0286,0.553637,0.0286,79.3946
750,105.5,80,0.0285945,0.553668,0.0285945,79.4394
750,105.5,80,0.0285889,0.553698,0.0285889,79.4388
750,105.5,80,0.0285829,0.55373,0.0285829,79.4281
750,105.5,80,0.0285725,0.553769,0.0285725,79.2366
750,105.5,80,0.0285672,0.553803,0.0285672,79.4958
750,105.5,80,0.0285625,0.553833,0.0285625,79.4908
750,105.5,80,0.0285574,0.553862,0.0285574,79.4585
750,105.5,80,0.0285529,0.553891,0.0285529,79.4893
750,105.5,80,0.0285485,0.553922,0.0285485,79.5304
750,105.5,80,0.0285438,0.553951,0.0285438,79.4806
750,105.5,80,0.0285392,0.55398,0.0285392,79.4909
750,105.5,80,0.0285335,0.554009,0.0285335,79.3937
750,105.5,80,0.028528,0.554039,0.028528,79.43
750,105.5,80,0.0285223,0.554068,0.0285223,79.3863
750,105.5,80,0.028516,0.554098,0.028516,79.3689
750,105.5,80,0.028509,0.554127,0.028509,79.2879
750,105.5,80,0.0285026,0.554157,0.0285026,79.3641
750,105.5,80,0.02849,0.554189,0.02849,78.9225
750,105.5,80,0.0284834,0.554224,0.0284834,79.4093
750,105.5,80,0.0284778,0.554258,0.0284778,79.458
750,105.5,80,0.0284721,0.554287,0.0284721,79.3897
750,105.5,80,0.0284665,0.554316,0.0284665,79.3776
750,105.5,80,0.0284611,0.554347,0.0284611,79.4314
750,105.5,80,0.0284553,0.554375,0.0284553,79.3644
750,105.5,80,0.0284504,0.554405,0.0284504,79.4476
750,105.5,80,0.028445,0.554433,0.028445,79.3985
750,105.5,80,0.0284397,0.554462,0.0284397,79.4095
750,105.5,80,0.0284335,0.554491,0.0284335,79.3359
750,105.5,80,0.0284278,0.554521,0.0284278,79.3876
750,105.5,80,0.0284214,0.554551,0.0284214,79.3399
750,105.5,80,0.0284151,0.554583,0.0284151,79.3707
750,105.5,80,0.0284003,0.554615,0.0284003,78.7398
750,105.5,80,0.0283929,0.554643,0.0283929,79.2274
750,105.5,80,0.0283857,0.554682,0.0283857,79.3859
750,105.5,80,0.0283779,0.554712,0.0283779,79.2218
750,105.5,80,0.0283712,0.554741,0.0283712,79.283
750,105.5,80,0.0283647,0.55477,0.0283647,79.2894
750,105.5,80,0.0283585,0.554801,0.0283585,79.3355
750,105.5,80,0.0283524,0.554831,0.0283524,79.3345
750,105.5,80,0.0283471,0.554859,0.0283471,79.3735
750,105.5,80,0.0283418,0.554887,0.0283418,79.374
750,105.5,80,0.0283367,0.554916,0.0283367,79.389
750,105.5,80,0.0283313,0.554945,0.0283313,79.3749
750,105.5,80,0.028326,0.554973,0.028326,79.3736
750,105.5,80,0.0283204,0.555002,0.0283204,79.3514
750,105.5,80,0.0283148,0.55503,0.0283148,79.3428
750,105.5,80,0.028309,0.555061,0.028309,79.3714
750,105.5,80,0.0283022,0.555091,0.0283022,79.2752
750,105.5,80,0.0282957,0.555122,0.0282957,79.3001
750,105.5,80,0.0282821,0.555161,0.0282821,78.9916
750,105.5,80,0.0282751,0.555195,0.0282751,79.3241
750,105.5,80,0.028269,0.555224,0.028269,79.3004
750,105.5,80,0.0282631,0.555253,0.0282631,79.3068
750,105.5,80,0.0282576,0.555281,0.0282576,79.3402
750,105.5,80,0.0282514,0.55531,0.0282514,79.2798
750,105.5,80,0.0282456,0.555338,0.0282456,79.3102
750,105.5,80,0.0282402,0.555366,0.0282402,79.3352
750,105.5,80,0.0282349,0.555394,0.0282349,79.3514
750,105.5,80,0.0282282,0.555423,0.0282282,79.242
750,105.5,80,0.028223,0.555453,0.028223,79.3675
750,105.5,80,0.0282176,0.555481,0.0282176,79.337
750,105.5,80,0.0282127,0.555509,0.0282127,79.3703
750,105.5,80,0.028207,0.55554,0.028207,79.3517
750,105.5,80,0.0282014,0.555569,0.0282014,79.3189
750,105.5,80,0.0281955,0.555597,0.0281955,79.2985
750,105.5,80,0.0281898,0.555626,0.0281898,79.3055
750,105.5,80,0.0281838,0.555656,0.0281838,79.3089
750,105.5,80,0.028177,0.555685,0.028177,79.2318
750,105.5,80,0.0281639,0.555724,0.0281639,79.0073
750,105.5,80,0.0281575,0.555759,0.0281575,79.3292
750,105.5,80,0.0281506,0.55579,0.0281506,79.2499
750,105.5,80,0.0281447,0.555818,0.0281447,79.2766
750,105.5,80,0.0281389,0.555849,0.0281389,79.3285
750,105.5,80,0.0281323,0.555881,0.0281323,79.2784
750,105.5,80,0.0281208,0.555915,0.0281208,78.968
750,105.5,80,0.0281154,0.555953,0.0281154,79.4184
750,105.5,80,0.0281096,0.555982,0.0281096,79.2963
750,105.5,80,0.0281034,0.55601,0.0281034,79.2419
750,105.5,80,0.0280976,0.556042,0.0280976,79.3336
750,105.5,80,0.0280916,0.55607,0.0280916,79.2501
750,105.5,80,0.0280854,0.556099,0.0280854,79.2374
750,105.5,80,0.0280785,0.556127,0.0280785,79.1823
750,105.5,80,0.0280718,0.556155,0.0280718,79.1869
750,105.5,80,0.0280648,0.556183,0.0280648,79.166
750,105.5,80,0.028057,0.556216,0.028057,79.1913
750,105.5,80,0.0280494,0.556244,0.0280494,79.1233
750,105.5,80,0.0280419,0.556275,0.0280419,79.1716
750,105.5,80,0.0280273,0.556305,0.0280273,78.6284
750,105.5,80,0.0280196,0.556341,0.0280196,79.2314
750,105.5,80,0.0280127,0.556375,0.0280127,79.2498
750,105.5,80,0.0280064,0.556404,0.0280064,79.2119
750,105.5,80,0.0279998,0.556432,0.0279998,79.1749
750,105.5,80,0.0279936,0.556461,0.0279936,79.2314
750,105.5,80,0.0279878,0.556489,0.0279878,79.2391
750,105.5,80,0.027982,0.556519,0.027982,79.265
750,105.5,80,0.0279761,0.556547,0.0279761,79.2338
750,105.5,80,0.0279697,0.556575,0.0279697,79.1821
750,105.5,80,0.0279638,0.556603,0.0279638,79.2185
750,105.5,80,0.0279577,0.556637,0.0279577,79.2894
750,105.5,80,0.0279516,0.556666,0.0279516,79.2227
750,105.5,80,0.0279393,0.556698,0.0279393,78.8135
750,105.5,80,0.0279329,0.556732,0.0279329,79.2733
750,105.5,80,0.027927,0.556765,0.027927,79.2865
750,105.5,80,0.0279211,0.556793,0.0279211,79.2119
750,105.5,80,0.0279156,0.556822,0.0279156,79.2506
750,105.5,80,0.0279107,0.55685,0.0279107,79.2881
750,105.5,80,0.0279058,0.556879,0.0279058,79.3089
750,105.5,80,0.027901,0.556907,0.027901,79.2917
750,105.5,80,0.027897,0.556944,0.027897,79.4393
750,105.5,80,0.0278883,0.556974,0.0278883,79.036
750,105.5,80,0.0278835,0.557004,0.0278835,79.3169
750,105.5,80,0.0278784,0.55704,0.0278784,79.3669
750,105.5,80,0.0278732,0.557072,0.0278732,79.3002
750,105.5,80,0.0278672,0.5571,0.0278672,79.2053
750,105.5,80,0.0278611,0.557129,0.0278611,79.2005
750,105.5,80,0.0278543,0.557157,0.0278543,79.1321
750,105.5,80,0.0278478,0.557186,0.0278478,79.167
750,105.5,80,0.0278413,0.557214,0.0278413,79.1477
750,105.5,80,0.0278349,0.557243,0.0278349,79.1791
750,105.5,80,0.027828,0.557271,0.027828,79.1047
750,105.5,80,0.0278213,0.557299,0.0278213,79.1434
750,105.5,80,0.027815,0.557327,0.027815,79.1549
750,105.5,80,0.0278086,0.557355,0.0278086,79.1469
750,105.5,80,0.0278022,0.557383,0.0278022,79.1423
750,105.5,80,0.0277964,0.557411,0.0277964,79.1899
750,105.5,80,0.0277909,0.557439,0.0277909,79.2196
750,105.5,80,0.0277854,0.55747,0.0277854,79.2601
750,105.5,80,0.0277803,0.557499,0.0277803,79.2623
750,105.5,80,0.0277753,0.557529,0.0277753,79.2763
750,105.5,80,0.0277644,0.55756,0.0277644,78.8718
750,105.5,80,0.0277589,0.557599,0.0277589,79.3298
750,105.5,80,0.0277533,0.557627,0.0277533,79.2029
750,105.5,80,0.0277474,0.557655,0.0277474,79.1771
750,105.5,80,0.0277413,0.557683,0.0277413,79.1532
750,105.5,80,0.0277342,0.557712,0.0277342,79.1076
750,105.5,80,0.0277278,0.55774,0.0277278,79.126
750,105.5,80,0.0277216,0.557768,0.0277216,79.1387
750,105.5,80,0.0277155,0.557796,0.0277155,79.1496
750,105.5,80,0.0277085,0.557823,0.0277085,79.0714
750,105.5,80,0.0277034,0.557851,0.0277034,79.2214
750,105.5,80,0.0276931,0.55789,0.0276931,79.0472
750,105.5,80,0.0276884,0.55793,0.0276884,79.3621
750,105.5,80,0.0276836,0.557961,0.0276836,79.2989
750,105.5,80,0.0276796,0.557994,0.0276796,79.3566
750,105.5,80,0.0276703,0.558037,0.0276703,79.1432
750,105.5,80,0.027666,0.558071,0.027666,79.353
750,105.5,80,0.0276618,0.558105,0.0276618,79.3454
750,105.5,80,0.0276572,0.55814,0.0276572,79.34
750,105.5,80,0.0276468,0.55818,0.0276468,79.0389
750,105.5,80,0.0276412,0.558211,0.0276412,79.221
750,105.5,80,0.0276356,0.558242,0.0276356,79.2191
750,105.5,80,0.0276289,0.558271,0.0276289,79.1148
750,105.5,80,0.0276228,0.558301,0.0276228,79.1673
750,105.5,80,0.0276169,0.558329,0.0276169,79.1602
750,105.5,80,0.0276113,0.558359,0.0276113,79.2037
750,105.5,80,0.0276062,0.558397,0.0276062,79.3175
750,105.5,80,0.0276012,0.558428,0.0276012,79.2562
750,105.5,80,0.0275965,0.558456,0.0275965,79.2426
750,105.5,80,0.0275918,0.558489,0.0275918,79.2974
750,105.5,80,0.0275873,0.558516,0.0275873,79.2521
750,105.5,80,0.0275831,0.558545,0.0275831,79.3016
750,105.5,80,0.0275794,0.558575,0.0275794,79.3383
750,105.5,80,0.0275755,0.558605,0.0275755,79.3244
750,105.5,80,0.0275719,0.558632,0.0275719,79.3295
750,105.5,80,0.0275648,0.558663,0.0275648,79.1066
750,105.5,80,0.0275611,0.558702,0.0275611,79.3998
750,105.5,80,0.0275573,0.558736,0.0275573,79.3645
750,105.5,80,0.0275533,0.558763,0.0275533,79.3027
750,105.5,80,0.0275493,0.558791,0.0275493,79.2894
750,105.5,80,0.0275446,0.558819,0.0275446,79.2402
750,105.5,80,0.0275396,0.558849,0.0275396,79.2526
750,105.5,80,0.0275338,0.558877,0.0275338,79.1518
750,105.5,80,0.0275285,0.558907,0.0275285,79.2278
750,105.5,80,0.0275231,0.558938,0.0275231,79.2196
750,105.5,80,0.0275119,0.558977,0.0275119,78.9758
750,105.5,80,0.0275068,0.559008,0.0275068,79.2394
750,105.5,80,0.0275019,0.559039,0.0275019,79.2669
750,105.5,80,0.0274972,0.559068,0.0274972,79.2421
750,105.5,80,0.0274923,0.559098,0.0274923,79.2389
750,105.5,80,0.0274881,0.559128,0.0274881,79.3001
750,105.5,80,0.0274801,0.55916,0.0274801,79.0508
750,105.5,80,0.0274759,0.559195,0.0274759,79.3317
750,105.5,80,0.0274721,0.559229,0.0274721,79.362
750,105.5,80,0.0274682,0.559262,0.0274682,79.3448
750,105.5,80,0.0274642,0.559293,0.0274642,79.3184
750,105.5,80,0.027456,0.559323,0.027456,79.0119
750,105.5,80,0.0274518,0.559361,0.0274518,79.3549
750,105.5,80,0.0274478,0.559392,0.0274478,79.316
750,105.5,80,0.027443,0.559421,0.027443,79.2353
750,105.5,80,0.0274386,0.559448,0.0274386,79.2566
750,105.5,80,0.0274344,0.559482,0.0274344,79.3193
750,105.5,80,0.0274298,0.559509,0.0274298,79.2395
750,105.5,80,0.0274246,0.559538,0.0274246,79.2021
750,105.5,80,0.0274157,0.559578,0.0274157,79.112
750,105.5,80,0.0274112,0.55961,0.0274112,79.2795
750,105.5,80,0.0274075,0.55964,0.0274075,79.3326
750,105.5,80,0.0274043,0.559668,0.0274043,79.3501
750,105.5,80,0.0274008,0.559697,0.0274008,79.3284
750,105.5,80,0.0273975,0.559729,0.0273975,79.37
750,105.5,80,0.027394,0.559757,0.027394,79.3344
750,105.5,80,0.0273884,0.559789,0.0273884,79.2129
750,105.5,80,0.0273855,0.559826,0.0273855,79.4265
750,105.5,80,0.0273831,0.559856,0.0273831,79.43
750,105.5,80,0.0273803,0.559887,0.0273803,79.4093
750,105.5,80,0.0273778,0.559919,0.0273778,79.4295
750,105.5,80,0.0273724,0.559953,0.0273724,79.2546
750,105.5,80,0.0273696,0.559992,0.0273696,79.4506
750,105.5,80,0.0273668,0.560023,0.0273668,79.412
750,105.5,80,0.0273634,0.560056,0.0273634,79.3776
750,105.5,80,0.027356,0.560097,0.027356,79.2222
750,105.5,80,0.027352,0.560132,0.027352,79.3507
750,105.5,80,0.0273478,0.560161,0.0273478,79.2886
750,105.5,80,0.0273429,0.56019,0.0273429,79.245
750,105.5,80,0.0273385,0.560222,0.0273385,79.2994
750,105.5,80,0.0273296,0.560254,0.0273296,79.0021
750,105.5,80,0.0273245,0.560292,0.0273245,79.3084
750,105.5,80,0.0273197,0.56032,0.0273197,79.2345
750,105.5,80,0.027315,0.56035,0.027315,79.2524
750,105.5,80,0.0273106,0.560379,0.0273106,79.2728
750,105.5,80,0.0273061,0.560406,0.0273061,79.2457
750,105.5,80,0.0273025,0.560434,0.0273025,79.3178
750,105.5,80,0.027299,0.560461,0.027299,79.3205
750,105.5,80,0.0272957,0.56049,0.0272957,79.3526
750,105.5,80,0.0272928,0.560517,0.0272928,79.3786
750,105.5,80,0.02729,0.560548,0.02729,79.3993
750,105.5,80,0.027287,0.560578,0.027287,79.391
750,105.5,80,0.0272804,0.560611,0.0272804,79.1733
750,105.5,80,0.0272772,0.560647,0.0272772,79.4115
750,105.5,80,0.0272741,0.560677,0.0272741,79.3819
750,105.5,80,0.0272706,0.560707,0.0272706,79.3511
750,105.5,80,0.0272667,0.560737,0.0272667,79.3234
750,105.5,80,0.0272628,0.560767,0.0272628,79.326
750,105.5,80,0.0272586,0.560799,0.0272586,79.3169
750,105.5,80,0.0272495,0.560827,0.0272495,78.8957
750,105.5,80,0.0272451,0.560865,0.0272451,79.3562
750,105.5,80,0.0272404,0.560892,0.0272404,79.2341
750,105.5,80,0.0272358,0.560921,0.0272358,79.2552
750,105.5,80,0.027231,0.560949,0.027231,79.2333
750,105.5,80,0.0272267,0.560983,0.0272267,79.3303
750,105.5,80,0.0272227,0.561014,0.0272227,79.3183
750,105.5,80,0.0272147,0.561054,0.0272147,79.1675
750,105.5,80,0.0272114,0.561083,0.0272114,79.3464
750,105.5,80,0.0272082,0.561113,0.0272082,79.374
750,105.5,80,0.0272052,0.56114,0.0272052,79.368
750,105.5,80,0.0272024,0.56117,0.0272024,79.3982
750,105.5,80,0.0271991,0.561197,0.0271991,79.3469
750,105.5,80,0.0271961,0.561228,0.0271961,79.3884
750,105.5,80,0.027193,0.561258,0.027193,79.3828
750,105.5,80,0.0271865,0.561299,0.0271865,79.2655
750,105.5,80,0.0271834,0.561328,0.0271834,79.3729
750,105.5,80,0.0271802,0.561357,0.0271802,79.3656
750,105.5,80,0.0271769,0.561384,0.0271769,79.3504
750,105.5,80,0.027173,0.561412,0.027173,79.3083
750,105.5,80,0.0271691,0.561441,0.0271691,79.3151
750,105.5,80,0.0271652,0.561473,0.0271652,79.3358
750,105.5,80,0.0271613,0.561501,0.0271613,79.319
750,105.5,80,0.027152,0.561532,0.027152,78.9468
750,105.5,80,0.0271473,0.561567,0.0271473,79.3089
750,105.5,80,0.0271422,0.561599,0.0271422,79.2646
750,105.5,80,0.0271372,0.561626,0.0271372,79.2096
750,105.5,80,0.0271317,0.561655,0.0271317,79.1848
750,105.5,80,0.0271268,0.561683,0.0271268,79.2237
750,105.5,80,0.0271223,0.561715,0.0271223,79.2943
750,105.5,80,0.0271176,0.561744,0.0271176,79.251
750,105.5,80,0.0271141,0.561772,0.0271141,79.3352
750,105.5,80,0.0271105,0.561799,0.0271105,79.3159
750,105.5,80,0.0271072,0.561828,0.0271072,79.3523
750,105.5,80,0.027101,0.561868,0.027101,79.2619
750,105.5,80,0.0270978,0.561896,0.0270978,79.3682
750,105.5,80,0.0270947,0.561923,0.0270947,79.3567
750,105.5,80,0.0270917,0.561952,0.0270917,79.371
750,105.5,80,0.0270883,0.56198,0.0270883,79.3456
750,105.5,80,0.0270851,0.562008,0.0270851,79.3556
750,105.5,80,0.0270815,0.562038,0.0270815,79.35
750,105.5,80,0.0270777,0.562068,0.0270777,79.3353
750,105.5,80,0.0270737,0.5621,0.0270737,79.3352
750,105.5,80,0.0270655,0.562137,0.0270655,79.1165
750,105.5,80,0.027061,0.562168,0.027061,79.2977
750,105.5,80,0.0270563,0.562199,0.0270563,79.2679
750,105.5,80,0.0270514,0.562227,0.0270514,79.2319
750,105.5,80,0.0270469,0.562257,0.0270469,79.2687
750,105.5,80,0.0270423,0.562286,0.0270423,79.2691
750,105.5,80,0.0270336,0.562325,0.0270336,79.1171
750,105.5,80,0.0270299,0.562357,0.0270299,79.3461
750,105.5,80,0.0270267,0.562385,0.0270267,79.3595
750,105.5,80,0.0270235,0.562413,0.0270235,79.3553
750,105.5,80,0.0270209,0.56244,0.0270209,79.3977
750,105.5,80,0.0270184,0.562468,0.0270184,79.406
750,105.5,80,0.0270161,0.562495,0.0270161,79.4242
750,105.5,80,0.0270138,0.562523,0.0270138,79.4271
750,105.5,80,0.0270116,0.562554,0.0270116,79.4517
750,105.5,80,0.0270093,0.562583,0.0270093,79.4398
750,105.5,80,0.0270047,0.562623,0.0270047,79.3632
750,105.5,80,0.0270018,0.562655,0.0270018,79.4125
750,105.5,80,0.0269997,0.562689,0.0269997,79.4848
750,105.5,80,0.0269936,0.562721,0.0269936,79.2082
750,105.5,80,0.0269906,0.562757,0.0269906,79.4296
750,105.5,80,0.026987,0.562789,0.026987,79.3797
750,105.5,80,0.0269842,0.562819,0.0269842,79.4111
750,105.5,80,0.0269793,0.562851,0.0269793,79.2811
750,105.5,80,0.0269751,0.562879,0.0269751,79.2895
750,105.5,80,0.0269701,0.562906,0.0269701,79.2181
750,105.5,80,0.0269602,0.562938,0.0269602,78.9364
750,105.5,80,0.0269557,0.562972,0.0269557,79.3308
750,105.5,80,0.0269512,0.563004,0.0269512,79.3094
750,105.5,80,0.0269471,0.563031,0.0269471,79.2793
750,105.5,80,0.0269428,0.56306,0.0269428,79.2821
750,105.5,80,0.0269388,0.563087,0.0269388,79.2895
750,105.5,80,0.0269352,0.563114,0.0269352,79.3256
750,105.5,80,0.0269317,0.56314,0.0269317,79.3256
750,105.5,80,0.0269325,0.563167,0.0269325,79.6801
750,105.5,80,0.0269289,0.563194,0.0269289,79.3234
750,105.5,80,0.0269257,0.563222,0.0269257,79.3657
750,105.5,80,0.0269223,0.563249,0.0269223,79.3452
750,105.5,80,0.0269188,0.563277,0.0269188,79.3432
750,105.5,80,0.026916,0.563304,0.026916,79.3892
750,105.5,80,0.0269124,0.563331,0.0269124,79.3363
750,105.5,80,0.0269091,0.563358,0.0269091,79.3548
750,105.5,80,0.0269052,0.563385,0.0269052,79.3053
750,105.5,80,0.0269014,0.563412,0.0269014,79.31
750,105.5,80,0.0268973,0.563439,0.0268973,79.2899
750,105.5,80,0.0268935,0.563466,0.0268935,79.3097
750,105.5,80,0.0268886,0.563497,0.0268886,79.2734
750,105.5,80,0.026879,0.563528,0.026879,78.9525
750,105.5,80,0.0268741,0.563566,0.0268741,79.329
750,105.5,80,0.0268693,0.563594,0.0268693,79.2456
750,105.5,80,0.0268638,0.563622,0.0268638,79.1911
750,105.5,80,0.0268591,0.563649,0.0268591,79.2353
750,105.5,80,0.0268547,0.563678,0.0268547,79.2865
750,105.5,80,0.0268506,0.563705,0.0268506,79.2815
750,105.5,80,0.0268467,0.563732,0.0268467,79.2983
750,105.5,80,0.0268434,0.563759,0.0268434,79.3408
750,105.5,80,0.02684,0.563786,0.02684,79.3424
750,105.5,80,0.0268371,0.563813,0.0268371,79.3827
750,105.5,80,0.0268337,0.563843,0.0268337,79.3638
750,105.5,80,0.0268313,0.56387,0.0268313,79.4234
750,105.5,80,0.0268289,0.563899,0.0268289,79.4332
750,105.5,80,0.0268263,0.563926,0.0268263,79.4109
750,105.5,80,0.0268219,0.563957,0.0268219,79.3097
750,105.5,80,0.0268193,0.563993,0.0268193,79.4612
750,105.5,80,0.0268166,0.564025,0.0268166,79.4313
750,105.5,80,0.0268134,0.564053,0.0268134,79.3744
750,105.5,80,0.0268103,0.564081,0.0268103,79.3811
750,105.5,80,0.0268068,0.564108,0.0268068,79.3371
750,105.5,80,0.0268027,0.564137,0.0268027,79.3189
750,105.5,80,0.0267989,0.564167,0.0267989,79.3435
750,105.5,80,0.0267915,0.564198,0.0267915,79.1169
750,105.5,80,0.0267878,0.564226,0.0267878,79.3347
750,105.5,80,0.0267838,0.564253,0.0267838,79.295
750,105.5,80,0.0267799,0.564291,0.0267799,79.3983
750,105.5,80,0.0267765,0.56432,0.0267765,79.3696
750,105.5,80,0.0267729,0.564348,0.0267729,79.3319
750,105.5,80,0.0267699,0.564377,0.0267699,79.407
750,105.5,80,0.0267672,0.564404,0.0267672,79.4063
750,105.5,80,0.0267649,0.564434,0.0267649,79.4488
750,105.5,80,0.0267627,0.564461,0.0267627,79.4533
750,105.5,80,0.0267582,0.564503,0.0267582,79.3975
750,105.5,80,0.0267564,0.564531,0.0267564,79.4837
750,105.5,80,0.0267545,0.564558,0.0267545,79.4806
750,105.5,80,0.0267524,0.564585,0.0267524,79.4543
750,105.5,80,0.0267509,0.564614,0.0267509,79.5213
750,105.5,80,0.0267491,0.564643,0.0267491,79.5008
750,105.5,80,0.0267471,0.564671,0.0267471,79.4802
750,105.5,80,0.0267458,0.564697,0.0267458,79.5263
750,105.5,80,0.0267434,0.564724,0.0267434,79.4426
750,105.5,80,0.0267417,0.564751,0.0267417,79.5031
750,105.5,80,0.0267402,0.56478,0.0267402,79.5307
750,105.5,80,0.0267385,0.564812,0.0267385,79.5274
750,105.5,80,0.0267344,0.564848,0.0267344,79.4003
750,105.5,80,0.0267323,0.56488,0.0267323,79.499
750,105.5,80,0.0267298,0.564907,0.0267298,79.4507
750,105.5,80,0.0267271,0.564934,0.0267271,79.4287
750,105.5,80,0.0267242,0.564961,0.0267242,79.4214
750,105.5,80,0.026721,0.564988,0.026721,79.396
750,105.5,80,0.0267181,0.565015,0.0267181,79.4128
750,105.5,80,0.0267148,0.565041,0.0267148,79.3807
750,105.5,80,0.0267114,0.565068,0.0267114,79.3814
750,105.5,80,0.0267078,0.565095,0.0267078,79.3549
750,105.5,80,0.0267045,0.565122,0.0267045,79.3945
750,105.5,80,0.0267009,0.565149,0.0267009,79.3646
750,105.5,80,0.0266976,0.565176,0.0266976,79.3815
750,105.5,80,0.026694,0.565204,0.026694,79.3795
750,105.5,80,0.02669,0.565232,0.02669,79.3397
750,105.5,80,0.0266865,0.565259,0.0266865,79.3699
750,105.5,80,0.0266828,0.565288,0.0266828,79.3834
750,105.5,80,0.0266793,0.565317,0.0266793,79.3856
750,105.5,80,0.0266726,0.565347,0.0266726,79.1761
750,105.5,80,0.0266697,0.565374,0.0266697,79.4212
750,105.5,80,0.0266674,0.565408,0.0266674,79.5068
750,105.5,80,0.0266652,0.56544,0.0266652,79.5091
750,105.5,80,0.0266632,0.565469,0.0266632,79.5057
750,105.5,80,0.0266608,0.565495,0.0266608,79.4629
750,105.5,80,0.0266591,0.565523,0.0266591,79.5249
750,105.5,80,0.0266573,0.565549,0.0266573,79.5128
750,105.5,80,0.0266556,0.565576,0.0266556,79.5189
750,105.5,80,0.0266535,0.565603,0.0266535,79.4982
750,105.5,80,0.0266517,0.565629,0.0266517,79.5158
750,105.5,80,0.0266494,0.565656,0.0266494,79.4851
750,105.5,80,0.0266473,0.565683,0.0266473,79.4941
750,105.5,80,0.0266446,0.56571,0.0266446,79.4558
750,105.5,80,0.0266421,0.565737,0.0266421,79.4689
750,105.5,80,0.0266396,0.565764,0.0266396,79.4661
750,105.5,80,0.0266361,0.56579,0.0266361,79.3864
750,105.5,80,0.026633,0.565817,0.026633,79.4248
750,105.5,80,0.0266297,0.565843,0.0266297,79.4014
750,105.5,80,0.0266263,0.56587,0.0266263,79.3987
750,105.5,80,0.026623,0.565897,0.026623,79.4063
750,105.5,80,0.0266193,0.565923,0.0266193,79.3754
750,105.5,80,0.026616,0.56595,0.026616,79.4106
750,105.5,80,0.0266125,0.565977,0.0266125,79.3848
750,105.5,80,0.0266092,0.566006,0.0266092,79.435
750,105.5,80,0.0266056,0.566036,0.0266056,79.4158
750,105.5,80,0.0265994,0.566065,0.0265994,79.2059
750,105.5,80,0.0265962,0.566104,0.0265962,79.4988
750,105.5,80,0.0265936,0.566133,0.0265936,79.4829
750,105.5,80,0.0265913,0.56616,0.0265913,79.4926
750,105.5,80,0.0265897,0.566188,0.0265897,79.5528
750,105.5,80,0.0265883,0.566216,0.0265883,79.5705
750,105.5,80,0.026587,0.566247,0.026587,79.5875
750,105.5,80,0.026584,0.566285,0.026584,79.5118
750,105.5,80,0.0265827,0.566316,0.0265827,79.5928
750,105.5,80,0.0265813,0.566343,0.0265813,79.579
750,105.5,80,0.0265802,0.566369,0.0265802,79.5925
750,105.5,80,0.0265788,0.566396,0.0265788,79.5794
750,105.5,80,0.0265775,0.566422,0.0265775,79.5875
750,105.5,80,0.0265761,0.566449,0.0265761,79.5795
750,105.5,80,0.0265747,0.566476,0.0265747,79.5816
750,105.5,80,0.0265727,0.566502,0.0265727,79.5361
750,105.5,80,0.0265708,0.566529,0.0265708,79.545
750,105.5,80,0.0265685,0.566556,0.0265685,79.5142
750,105.5,80,0.0265661,0.566582,0.0265661,79.5115
750,105.5,80,0.0265641,0.566609,0.0265641,79.538
750,105.5,80,0.0265621,0.566635,0.0265621,79.5394
750,105.5,80,0.0265597,0.566662,0.0265597,79.5171
750,105.5,80,0.0265575,0.56669,0.0265575,79.5334
750,105.5,80,0.0265553,0.566716,0.0265553,79.5245
750,105.5,80,0.0265533,0.566743,0.0265533,79.5473
750,105.5,80,0.0265513,0.56677,0.0265513,79.5539
750,105.5,80,0.0265493,0.566798,0.0265493,79.5561
750,105.5,80,0.0265472,0.566824,0.0265472,79.5456
750,105.5,80,0.0265448,0.566854,0.0265448,79.5383
750,105.5,80,0.0265421,0.566883,0.0265421,79.5142
750,105.5,80,0.0265373,0.566915,0.0265373,79.3943
750,105.5,80,0.0265351,0.566942,0.0265351,79.538
750,105.5,80,0.0265326,0.566976,0.0265326,79.5665
750,105.5,80,0.0265301,0.567005,0.0265301,79.5291
750,105.5,80,0.0265274,0.567033,0.0265274,79.518
750,105.5,80,0.0265247,0.56706,0.0265247,79.503
750,105.5,80,0.0265219,0.567087,0.0265219,79.5014
750,105.5,80,0.026519,0.567114,0.026519,79.4851
750,105.5,80,0.0265165,0.567141,0.0265165,79.5252
750,105.5,80,0.0265141,0.567168,0.0265141,79.5328
750,105.5,80,0.0265117,0.567195,0.0265117,79.5376
750,105.5,80,0.0265093,0.567222,0.0265093,79.5298
750,105.5,80,0.0265066,0.567248,0.0265066,79.5077
750,105.5,80,0.0265044,0.567275,0.0265044,79.5541
750,105.5,80,0.0265023,0.567301,0.0265023,79.5617
750,105.5,80,0.0265004,0.567328,0.0265004,79.5738
750,105.5,80,0.0264985,0.567355,0.0264985,79.5783
750,105.5,80,0.0264965,0.567381,0.0264965,79.5739
750,105.5,80,0.0264952,0.567408,0.0264952,79.6228
750,105.5,80,0.0264936,0.567434,0.0264936,79.61
750,105.5,80,0.0264924,0.567461,0.0264924,79.6407
750,105.5,80,0.0264909,0.567487,0.0264909,79.6184
750,105.5,80,0.0264895,0.567514,0.0264895,79.6293
750,105.5,80,0.0264884,0.56754,0.0264884,79.6509
750,105.5,80,0.0264874,0.567567,0.0264874,79.6631
750,105.5,80,0.0264865,0.567597,0.0264865,79.6829
750,105.5,80,0.0264853,0.567624,0.0264853,79.6597
750,105.5,80,0.0264844,0.567651,0.0264844,79.6762
750,105.5,80,0.0264818,0.567682,0.0264818,79.5736
750,105.5,80,0.0264802,0.567718,0.0264802,79.6594
750,105.5,80,0.0264783,0.567747,0.0264783,79.6188
750,105.5,80,0.0264762,0.567773,0.0264762,79.5913
750,105.5,80,0.0264745,0.5678,0.0264745,79.62
750,105.5,80,0.0264719,0.567827,0.0264719,79.5579
750,105.5,80,0.0264702,0.567855,0.0264702,79.6267
750,105.5,80,0.0264683,0.567881,0.0264683,79.6139
750,105.5,80,0.0264669,0.567908,0.0264669,79.653
750,105.5,80,0.0264645,0.567935,0.0264645,79.58
750,105.5,80,0.0264623,0.567962,0.0264623,79.5952
750,105.5,80,0.0264606,0.567989,0.0264606,79.6281
750,105.5,80,0.0264585,0.568019,0.0264585,79.6237
750,105.5,80,0.0264559,0.568047,0.0264559,79.5816
750,105.5,80,0.02645,0.568079,0.02645,79.3645
750,105.5,80,0.0264471,0.568115,0.0264471,79.6037
750,105.5,80,0.0264445,0.568145,0.0264445,79.5895
750,105.5,80,0.0264411,0.568171,0.0264411,79.5006
750,105.5,80,0.0264381,0.568198,0.0264381,79.5358
750,105.5,80,0.0264353,0.568224,0.0264353,79.5473
750,105.5,80,0.0264317,0.568251,0.0264317,79.4842
750,105.5,80,0.0264281,0.568277,0.0264281,79.4936
750,105.5,80,0.026425,0.568304,0.026425,79.5271
750,105.5,80,0.0264219,0.56833,0.0264219,79.5229
750,105.5,80,0.0264187,0.568358,0.0264187,79.5324
750,105.5,80,0.0264191,0.568384,0.0264191,79.807
750,105.5,80,0.0264159,0.56841,0.0264159,79.5283
750,105.5,80,0.0264132,0.568437,0.0264132,79.5651
750,105.5,80,0.0264107,0.568463,0.0264107,79.5752
750,105.5,80,0.0264082,0.56849,0.0264082,79.584
750,105.5,80,0.0264057,0.568516,0.0264057,79.5873
750,105.5,80,0.0264036,0.568546,0.0264036,79.6334
750,105.5,80,0.0264015,0.568575,0.0264015,79.6329
750,105.5,80,0.0263993,0.568603,0.0263993,79.6224
750,105.5,80,0.026395,0.568633,0.026395,79.4796
750,105.5,80,0.0263926,0.568671,0.0263926,79.6529
750,105.5,80,0.0263903,0.568699,0.0263903,79.6261
750,105.5,80,0.0263882,0.568726,0.0263882,79.6201
750,105.5,80,0.0263854,0.568753,0.0263854,79.5799
750,105.5,80,0.0263828,0.56878,0.0263828,79.5821
750,105.5,80,0.0263799,0.568807,0.0263799,79.5725
750,105.5,80,0.0263768,0.568834,0.0263768,79.5536
750,105.5,80,0.0263734,0.568861,0.0263734,79.5359
750,105.5,80,0.0263708,0.568888,0.0263708,79.5812
750,105.5,80,0.0263673,0.568917,0.0263673,79.5411
750,105.5,80,0.026364,0.568944,0.026364,79.5473
750,105.5,80,0.0263564,0.568982,0.0263564,79.3696
750,105.5,80,0.026352,0.569013,0.026352,79.5009
750,105.5,80,0.0263475,0.56904,0.0263475,79.4414
750,105.5,80,0.0263432,0.569067,0.0263432,79.4452
750,105.5,80,0.0263382,0.569093,0.0263382,79.4
750,105.5,80,0.0263337,0.569119,0.0263337,79.4295
750,105.5,80,0.0263295,0.56915,0.0263295,79.5026
750,105.5,80,0.0263248,0.569176,0.0263248,79.4142
750,105.5,80,0.0263204,0.569202,0.0263204,79.4399
750,105.5,80,0.0263164,0.569229,0.0263164,79.469
750,105.5,80,0.0263124,0.569256,0.0263124,79.4808
750,105.5,80,0.0263078,0.569285,0.0263078,79.4617
750,105.5,80,0.0263038,0.569313,0.0263038,79.4836
750,105.5,80,0.0263008,0.569342,0.0263008,79.5723
750,105.5,80,0.0262957,0.569378,0.0262957,79.5013
750,105.5,80,0.0262938,0.569409,0.0262938,79.6596
750,105.5,80,0.0262918,0.569436,0.0262918,79.6369
750,105.5,80,0.0262896,0.569467,0.0262896,79.6526
750,105.5,80,0.026288,0.569495,0.026288,79.6715
750,105.5,80,0.026286,0.569522,0.026286,79.6475
750,105.5,80,0.0262843,0.569549,0.0262843,79.6668
750,105.5,80,0.0262826,0.569577,0.0262826,79.672
750,105.5,80,0.0262793,0.569607,0.0262793,79.5694
750,105.5,80,0.0262773,0.569642,0.0262773,79.6857
750,105.5,80,0.0262746,0.56967,0.0262746,79.6088
750,105.5,80,0.0262718,0.569696,0.0262718,79.5863
750,105.5,80,0.0262692,0.569724,0.0262692,79.6024
750,105.5,80,0.0262663,0.56975,0.0262663,79.5812
750,105.5,80,0.0262628,0.569777,0.0262628,79.5349
750,105.5,80,0.0262597,0.569803,0.0262597,79.5623
750,105.5,80,0.0262562,0.56983,0.0262562,79.5322
750,105.5,80,0.0262527,0.569856,0.0262527,79.5235
750,105.5,80,0.0262484,0.569882,0.0262484,79.4641
750,105.5,80,0.0262443,0.569908,0.0262443,79.4849
750,105.5,80,0.0262406,0.569937,0.0262406,79.533
750,105.5,80,0.0262363,0.569963,0.0262363,79.467
750,105.5,80,0.0262318,0.569991,0.0262318,79.4681
750,105.5,80,0.0262279,0.570017,0.0262279,79.4965
750,105.5,80,0.0262244,0.570045,0.0262244,79.5445
750,105.5,80,0.0262207,0.570072,0.0262207,79.5251
750,105.5,80,0.0262149,0.570105,0.0262149,79.4406
750,105.5,80,0.0262124,0.570132,0.0262124,79.607
750,105.5,80,0.0262101,0.570165,0.0262101,79.6645
750,105.5,80,0.0262077,0.570195,0.0262077,79.6444
750,105.5,80,0.0262055,0.570223,0.0262055,79.6517
750,105.5,80,0.0262035,0.57025,0.0262035,79.653
750,105.5,80,0.0262016,0.570278,0.0262016,79.6689
750,105.5,80,0.0261996,0.570304,0.0261996,79.6608
750,105.5,80,0.0261977,0.57033,0.0261977,79.665
750,105.5,80,0.0261954,0.570356,0.0261954,79.6345
750,105.5,80,0.0261928,0.570385,0.0261928,79.6321
750,105.5,80,0.0261901,0.570413,0.0261901,79.6176
750,105.5,80,0.026188,0.57044,0.026188,79.6601
750,105.5,80,0.0261857,0.570467,0.0261857,79.6426
750,105.5,80,0.026181,0.570495,0.026181,79.474
750,105.5,80,0.0261781,0.570522,0.0261781,79.6009
750,105.5,80,0.026175,0.57056,0.026175,79.6517
750,105.5,80,0.0261722,0.570587,0.0261722,79.6118
750,105.5,80,0.0261685,0.570615,0.0261685,79.543
750,105.5,80,0.0261651,0.570641,0.0261651,79.5582
750,105.5,80,0.0261616,0.570667,0.0261616,79.5413
750,105.5,80,0.0261582,0.570693,0.0261582,79.5581
750,105.5,80,0.0261542,0.570721,0.0261542,79.5342
750,105.5,80,0.0261505,0.57075,0.0261505,79.5485
750,105.5,80,0.0261465,0.570776,0.0261465,79.5077
750,105.5,80,0.0261419,0.570802,0.0261419,79.4577
750,105.5,80,0.026138,0.57083,0.026138,79.5349
750,105.5,80,0.0261336,0.570857,0.0261336,79.483
750,105.5,80,0.0261253,0.570888,0.0261253,79.264
750,105.5,80,0.0261216,0.570924,0.0261216,79.6125
750,105.5,80,0.0261183,0.570952,0.0261183,79.5771
750,105.5,80,0.0261152,0.570979,0.0261152,79.5795
750,105.5,80,0.0261121,0.571005,0.0261121,79.5776
750,105.5,80,0.0261091,0.571031,0.0261091,79.5917
750,105.5,80,0.0261065,0.571064,0.0261065,79.66
750,105.5,80,0.0261041,0.57109,0.0261041,79.6345
750,105.5,80,0.0261017,0.571118,0.0261017,79.6497
750,105.5,80,0.0260993,0.571145,0.0260993,79.648
750,105.5,80,0.0260946,0.571182,0.0260946,79.5647
750,105.5,80,0.0260919,0.571214,0.0260919,79.6597
750,105.5,80,0.0260893,0.571243,0.0260893,79.6397
750,105.5,80,0.0260864,0.571269,0.0260864,79.603
750,105.5,80,0.0260838,0.571295,0.0260838,79.6309
750,105.5,80,0.0260807,0.571321,0.0260807,79.5805
750,105.5,80,0.0260777,0.571351,0.0260777,79.6298
750,105.5,80,0.0260742,0.571379,0.0260742,79.5771
750,105.5,80,0.0260675,0.571417,0.0260675,79.4616
750,105.5,80,0.0260634,0.571448,0.0260634,79.5591
750,105.5,80,0.0260597,0.571474,0.0260597,79.5355
750,105.5,80,0.0260556,0.5715,0.0260556,79.5108
750,105.5,80,0.0260512,0.571529,0.0260512,79.5171
750,105.5,80,0.0260467,0.571555,0.0260467,79.4782
750,105.5,80,0.0260416,0.571582,0.0260416,79.4321
750,105.5,80,0.0260372,0.571608,0.0260372,79.473
750,105.5,80,0.0260327,0.571634,0.0260327,79.4901
750,105.5,80,0.0260282,0.57166,0.0260282,79.4663
750,105.5,80,0.0260242,0.571689,0.0260242,79.5463
750,105.5,80,0.0260209,0.571716,0.0260209,79.5679
750,105.5,80,0.0260176,0.571746,0.0260176,79.6027
750,105.5,80,0.0260113,0.571773,0.0260113,79.3468
750,105.5,80,0.0260086,0.5718,0.0260086,79.6251
750,105.5,80,0.026006,0.571826,0.026006,79.6226
750,105.5,80,0.0260034,0.571862,0.0260034,79.6806
750,105.5,80,0.026001,0.571891,0.026001,79.6638
750,105.5,80,0.0259986,0.571923,0.0259986,79.6825
750,105.5,80,0.0259963,0.571951,0.0259963,79.6682
750,105.5,80,0.0259912,0.571988,0.0259912,79.5554
750,105.5,80,0.0259883,0.57202,0.0259883,79.6487
750,105.5,80,0.0259855,0.572048,0.0259855,79.6296
750,105.5,80,0.0259826,0.572073,0.0259826,79.6129
750,105.5,80,0.0259796,0.5721,0.0259796,79.5976
750,105.5,80,0.0259764,0.572126,0.0259764,79.5887
750,105.5,80,0.0259731,0.572152,0.0259731,79.5794
750,105.5,80,0.0259697,0.572178,0.0259697,79.5748
750,105.5,80,0.0259663,0.572205,0.0259663,79.5708
750,105.5,80,0.0259623,0.572231,0.0259623,79.5282
750,105.5,80,0.025959,0.572257,0.025959,79.5788
750,105.5,80,0.0259558,0.572283,0.0259558,79.5868
750,105.5,80,0.0259527,0.572311,0.0259527,79.6166
750,105.5,80,0.0259496,0.572339,0.0259496,79.6078
750,105.5,80,0.0259468,0.572366,0.0259468,79.6297
750,105.5,80,0.0259441,0.572392,0.0259441,79.6335
750,105.5,80,0.0259388,0.572421,0.0259388,79.4584
750,105.5,80,0.0259361,0.572456,0.0259361,79.687
750,105.5,80,0.0259336,0.572485,0.0259336,79.6708
750,105.5,80,0.0259313,0.572512,0.0259313,79.6727
750,105.5,80,0.0259293,0.572539,0.0259293,79.6996
750,105.5,80,0.0259272,0.572565,0.0259272,79.6842
750,105.5,80,0.0259255,0.572592,0.0259255,79.7146
750,105.5,80,0.0259235,0.572618,0.0259235,79.6951
750,105.5,80,0.0259219,0.572645,0.0259219,79.733
750,105.5,80,0.0259199,0.572671,0.0259199,79.6985
750,105.5,80,0.0259181,0.572698,0.0259181,79.7206
750,105.5,80,0.0259166,0.572724,0.0259166,79.7368
750,105.5,80,0.0259149,0.57275,0.0259149,79.7326
750,105.5,80,0.0259133,0.572776,0.0259133,79.7369
750,105.5,80,0.0259118,0.572808,0.0259118,79.7635
750,105.5,80,0.0259081,0.572843,0.0259081,79.6484
750,105.5,80,0.0259061,0.572875,0.0259061,79.7346
750,105.5,80,0.0259037,0.572901,0.0259037,79.674
750,105.5,80,0.0259011,0.572928,0.0259011,79.6708
750,105.5,80,0.0258985,0.572954,0.0258985,79.668
750,105.5,80,0.0258955,0.57298,0.0258955,79.63
750,105.5,80,0.0258922,0.573006,0.0258922,79.6045
750,105.5,80,0.0258884,0.573032,0.0258884,79.5801
750,105.5,80,0.025885,0.573058,0.025885,79.5986
750,105.5,80,0.0258814,0.573085,0.0258814,79.5968
750,105.5,80,0.0258779,0.573111,0.0258779,79.5954
750,105.5,80,0.0258732,0.573137,0.0258732,79.4908
750,105.5,80,0.0258694,0.573163,0.0258694,79.5729
750,105.5,80,0.0258657,0.57319,0.0258657,79.5777
750,105.5,80,0.0258616,0.573216,0.0258616,79.5454
750,105.5,80,0.0258579,0.573245,0.0258579,79.609
750,105.5,80,0.0258544,0.573273,0.0258544,79.614
750,105.5,80,0.0258481,0.573302,0.0258481,79.424
750,105.5,80,0.0258446,0.573334,0.0258446,79.6424
750,105.5,80,0.0258416,0.573366,0.0258416,79.679
750,105.5,80,0.0258394,0.573391,0.0258394,79.6907
750,105.5,80,0.0258367,0.573425,0.0258367,79.7089
750,105.5,80,0.025834,0.573452,0.025834,79.669
750,105.5,80,0.0258316,0.573478,0.0258316,79.6837
750,105.5,80,0.0258295,0.573506,0.0258295,79.7244
750,105.5,80,0.0258237,0.573542,0.0258237,79.5439
750,105.5,80,0.0258205,0.573571,0.0258205,79.6496
750,105.5,80,0.0258175,0.573599,0.0258175,79.6575
750,105.5,80,0.0258183,0.573625,0.0258183,79.9464
750,105.5,80,0.025815,0.573651,0.025815,79.6138
750,105.5,80,0.0258111,0.573677,0.0258111,79.5685
750,105.5,80,0.0258064,0.573703,0.0258064,79.5155
750,105.5,80,0.0258027,0.573729,0.0258027,79.5843
750,105.5,80,0.0257983,0.573754,0.0257983,79.5217
750,105.5,80,0.0257934,0.57378,0.0257934,79.4899
750,105.5,80,0.0257887,0.573806,0.0257887,79.5105
750,105.5,80,0.0257838,0.573833,0.0257838,79.494
750,105.5,80,0.025779,0.57386,0.025779,79.5078
750,105.5,80,0.0257737,0.573886,0.0257737,79.4625
750,105.5,80,0.0257691,0.573914,0.0257691,79.529
750,105.5,80,0.0257647,0.573939,0.0257647,79.5233
750,105.5,80,0.0257607,0.573967,0.0257607,79.5785
750,105.5,80,0.0257572,0.573995,0.0257572,79.6112
750,105.5,80,0.0257505,0.574024,0.0257505,79.3884
750,105.5,80,0.0257475,0.574059,0.0257475,79.7045
750,105.5,80,0.0257449,0.574086,0.0257449,79.6746
750,105.5,80,0.0257422,0.574113,0.0257422,79.6633
750,105.5,80,0.0257396,0.574139,0.0257396,79.6709
750,105.5,80,0.0257371,0.574164,0.0257371,79.6812
750,105.5,80,0.0257349,0.574196,0.0257349,79.7371
750,105.5,80,0.0257323,0.574224,0.0257323,79.685
750,105.5,80,0.0257298,0.574252,0.0257298,79.6938
750,105.5,80,0.025725,0.574279,0.025725,79.5137
750,105.5,80,0.0257224,0.574313,0.0257224,79.727
750,105.5,80,0.025719,0.574343,0.025719,79.6549
750,105.5,80,0.0257158,0.574369,0.0257158,79.6312
750,105.5,80,0.0257125,0.574395,0.0257125,79.6144
750,105.5,80,0.025709,0.574422,0.025709,79.6182
750,105.5,80,0.025705,0.574448,0.025705,79.5669
750,105.5,80,0.0257005,0.574475,0.0257005,79.5355
750,105.5,80,0.0256961,0.574502,0.0256961,79.5511
750,105.5,80,0.0256921,0.574531,0.0256921,79.5923
750,105.5,80,0.0256876,0.574556,0.0256876,79.5258
750,105.5,80,0.025684,0.574583,0.025684,79.6053
750,105.5,80,0.0256802,0.57461,0.0256802,79.5947
750,105.5,80,0.025673,0.574649,0.025673,79.4887
750,105.5,80,0.0256693,0.574677,0.0256693,79.6122
750,105.5,80,0.0256663,0.574702,0.0256663,79.6386
750,105.5,80,0.0256634,0.574728,0.0256634,79.6507
750,105.5,80,0.0256605,0.574755,0.0256605,79.6658
750,105.5,80,0.0256579,0.574781,0.0256579,79.6734
750,105.5,80,0.0256554,0.574812,0.0256554,79.7195
750,105.5,80,0.025653,0.574839,0.025653,79.7063
750,105.5,80,0.0256508,0.574867,0.0256508,79.7182
750,105.5,80,0.025647,0.574894,0.025647,79.6013
750,105.5,80,0.025645,0.574922,0.025645,79.7409
750,105.5,80,0.0256433,0.574948,0.0256433,79.756
750,105.5,80,0.025641,0.574983,0.025641,79.7528
750,105.5,80,0.0256387,0.575009,0.0256387,79.7176
750,105.5,80,0.0256362,0.575035,0.0256362,79.6984
750,105.5,80,0.0256336,0.575061,0.0256336,79.6845
750,105.5,80,0.0256306,0.575088,0.0256306,79.6691
750,105.5,80,0.0256274,0.575115,0.0256274,79.6489
750,105.5,80,0.0256241,0.575141,0.0256241,79.6372
750,105.5,80,0.0256203,0.575167,0.0256203,79.5913
750,105.5,80,0.0256168,0.575193,0.0256168,79.6186
750,105.5,80,0.0256123,0.575218,0.0256123,79.5345
750,105.5,80,0.0256084,0.575245,0.0256084,79.5967
750,105.5,80,0.0256046,0.575271,0.0256046,79.5962
750,105.5,80,0.0256004,0.575297,0.0256004,79.5626
750,105.5,80,0.0255966,0.575323,0.0255966,79.5931
750,105.5,80,0.0255934,0.575348,0.0255934,79.6363
750,105.5,80,0.0255896,0.575374,0.0255896,79.594
750,105.5,80,0.0255856,0.575401,0.0255856,79.5893
750,105.5,80,0.0255823,0.575428,0.0255823,79.644
750,105.5,80,0.0255792,0.575455,0.0255792,79.6596
750,105.5,80,0.0255738,0.575483,0.0255738,79.4952
750,105.5,80,0.0255711,0.575509,0.0255711,79.69
750,105.5,80,0.0255692,0.575535,0.0255692,79.7417
750,105.5,80,0.0255671,0.575571,0.0255671,79.7748
750,105.5,80,0.0255648,0.5756,0.0255648,79.7447
750,105.5,80,0.0255625,0.575626,0.0255625,79.7133
750,105.5,80,0.0255603,0.575651,0.0255603,79.7237
750,105.5,80,0.0255579,0.575677,0.0255579,79.7096
750,105.5,80,0.0255556,0.575702,0.0255556,79.7247
750,105.5,80,0.0255532,0.57573,0.0255532,79.7275
750,105.5,80,0.0255507,0.575759,0.0255507,79.7265
750,105.5,80,0.0255481,0.575786,0.0255481,79.7103
750,105.5,80,0.0255455,0.575814,0.0255455,79.716
750,105.5,80,0.0255396,0.575849,0.0255396,79.563
750,105.5,80,0.0255364,0.57588,0.0255364,79.7029
750,105.5,80,0.0255331,0.575912,0.0255331,79.6952
750,105.5,80,0.0255293,0.575939,0.0255293,79.6156
750,105.5,80,0.0255213,0.575968,0.0255213,79.3402
750,105.5,80,0.0255171,0.576002,0.0255171,79.6556
750,105.5,80,0.0255129,0.576031,0.0255129,79.6112
750,105.5,80,0.0255083,0.576057,0.0255083,79.537
750,105.5,80,0.0255043,0.576084,0.0255043,79.6016
750,105.5,80,0.0255003,0.576109,0.0255003,79.5825
750,105.5,80,0.0254967,0.576135,0.0254967,79.6195
750,105.5,80,0.0254931,0.576161,0.0254931,79.6199
750,105.5,80,0.0254902,0.576188,0.0254902,79.6875
750,105.5,80,0.0254875,0.576213,0.0254875,79.6907
750,105.5,80,0.0254851,0.576239,0.0254851,79.7112
750,105.5,80,0.0254826,0.576264,0.0254826,79.7128
750,105.5,80,0.025481,0.57629,0.025481,79.7762
750,105.5,80,0.0254795,0.576315,0.0254795,79.7981
750,105.5,80,0.0254778,0.576341,0.0254778,79.7713
750,105.5,80,0.0254766,0.576366,0.0254766,79.8236
750,105.5,80,0.0254752,0.576395,0.0254752,79.8162
750,105.5,80,0.0254736,0.576421,0.0254736,79.7957
750,105.5,80,0.0254719,0.576448,0.0254719,79.7867
750,105.5,80,0.0254699,0.576475,0.0254699,79.7707
750,105.5,80,0.0254668,0.576511,0.0254668,79.7445
750,105.5,80,0.0254653,0.576541,0.0254653,79.8199
750,105.5,80,0.0254636,0.576568,0.0254636,79.8042
750,105.5,80,0.0254619,0.576594,0.0254619,79.7896
750,105.5,80,0.02546,0.576619,0.02546,79.7773
750,105.5,80,0.0254581,0.576645,0.0254581,79.7797
750,105.5,80,0.0254558,0.57667,0.0254558,79.7426
750,105.5,80,0.0254537,0.576696,0.0254537,79.7663
750,105.5,80,0.0254521,0.576721,0.0254521,79.8044
750,105.5,80,0.02545,0.576747,0.02545,79.7686
750,105.5,80,0.0254481,0.576772,0.0254481,79.7826
750,105.5,80,0.0254457,0.576798,0.0254457,79.7422
750,105.5,80,0.0254432,0.576824,0.0254432,79.748
750,105.5,80,0.0254406,0.576849,0.0254406,79.7249
750,105.5,80,0.0254377,0.576875,0.0254377,79.7138
750,105.5,80,0.0254347,0.5769,0.0254347,79.6976
750,105.5,80,0.0254315,0.576926,0.0254315,79.6807
750,105.5,80,0.0254278,0.576951,0.0254278,79.6458
750,105.5,80,0.0254241,0.576977,0.0254241,79.642
750,105.5,80,0.0254202,0.577002,0.0254202,79.6253
750,105.5,80,0.0254167,0.577031,0.0254167,79.6899
750,105.5,80,0.0254135,0.577056,0.0254135,79.6837
750,105.5,80,0.0254104,0.577082,0.0254104,79.7009
750,105.5,80,0.0254072,0.577109,0.0254072,79.7021
750,105.5,80,0.0254014,0.577138,0.0254014,79.5341
750,105.5,80,0.0253986,0.577171,0.0253986,79.7671
750,105.5,80,0.0253959,0.577201,0.0253959,79.7522
750,105.5,80,0.0253932,0.577227,0.0253932,79.7329
750,105.5,80,0.0253909,0.577254,0.0253909,79.7696
750,105.5,80,0.0253886,0.57728,0.0253886,79.7668
750,105.5,80,0.0253865,0.577306,0.0253865,79.786
750,105.5,80,0.0253846,0.577332,0.0253846,79.789
750,105.5,80,0.0253831,0.577358,0.0253831,79.8329
750,105.5,80,0.0253812,0.577383,0.0253812,79.8009
750,105.5,80,0.0253798,0.577408,0.0253798,79.8404
750,105.5,80,0.0253782,0.577434,0.0253782,79.8209
750,105.5,80,0.0253766,0.57746,0.0253766,79.8356
750,105.5,80,0.0253748,0.577485,0.0253748,79.8069
750,105.5,80,0.025373,0.577511,0.025373,79.8138
750,105.5,80,0.0253712,0.577536,0.0253712,79.8194
750,105.5,80,0.0253694,0.577563,0.0253694,79.8152
750,105.5,80,0.0253669,0.577589,0.0253669,79.7672
750,105.5,80,0.0253623,0.57762,0.0253623,79.6627
750,105.5,80,0.0253598,0.577656,0.0253598,79.8205
750,105.5,80,0.0253573,0.577682,0.0253573,79.7757
750,105.5,80,0.0253543,0.577709,0.0253543,79.7292
750,105.5,80,0.0253516,0.577735,0.0253516,79.7572
750,105.5,80,0.0253488,0.57776,0.0253488,79.7418
750,105.5,80,0.0253459,0.577787,0.0253459,79.7459
750,105.5,80,0.0253424,0.577812,0.0253424,79.6885
750,105.5,80,0.025339,0.577839,0.025339,79.6974
750,105.5,80,0.0253351,0.577864,0.0253351,79.6587
750,105.5,80,0.02533,0.57789,0.02533,79.5688
750,105.5,80,0.0253275,0.577915,0.0253275,79.7683
750,105.5,80,0.0253241,0.577941,0.0253241,79.6932
750,105.5,80,0.025321,0.577966,0.025321,79.7192
750,105.5,80,0.0253159,0.577994,0.0253159,79.5908
750,105.5,80,0.02531,0.578024,0.02531,79.5637
750,105.5,80,0.0253074,0.578051,0.0253074,79.7681
750,105.5,80,0.0253048,0.578083,0.0253048,79.808
750,105.5,80,0.0253022,0.578112,0.0253022,79.7814
750,105.5,80,0.0252998,0.578137,0.0252998,79.7744
750,105.5,80,0.0252974,0.578163,0.0252974,79.7771
750,105.5,80,0.0252952,0.578188,0.0252952,79.7993
750,105.5,80,0.0252932,0.578214,0.0252932,79.8148
750,105.5,80,0.0252913,0.57824,0.0252913,79.8241
750,105.5,80,0.0252895,0.578267,0.0252895,79.8407
750,105.5,80,0.0252879,0.578292,0.0252879,79.8433
750,105.5,80,0.0252861,0.578321,0.0252861,79.8586
750,105.5,80,0.0252845,0.578347,0.0252845,79.8448
750,105.5,80,0.0252826,0.578373,0.0252826,79.8404
750,105.5,80,0.0252805,0.578401,0.0252805,79.8218
750,105.5,80,0.0252781,0.578429,0.0252781,79.8138
750,105.5,80,0.0252732,0.578455,0.0252732,79.6061
750,105.5,80,0.0252701,0.578481,0.0252701,79.735
750,105.5,80,0.0252705,0.578513,0.0252705,80.0085
750,105.5,80,0.0252679,0.578541,0.0252679,79.8047
750,105.5,80,0.0252641,0.578567,0.0252641,79.6806
750,105.5,80,0.0252605,0.578593,0.0252605,79.7128
750,105.5,80,0.0252567,0.578618,0.0252567,79.6831
750,105.5,80,0.0252526,0.578645,0.0252526,79.6775
750,105.5,80,0.0252487,0.57867,0.0252487,79.6732
750,105.5,80,0.0252447,0.578696,0.0252447,79.6635
750,105.5,80,0.0252404,0.578721,0.0252404,79.6425
750,105.5,80,0.025236,0.578749,0.025236,79.6708
750,105.5,80,0.0252312,0.578774,0.0252312,79.599
750,105.5,80,0.0252268,0.578799,0.0252268,79.6345
750,105.5,80,0.0252224,0.578825,0.0252224,79.6265
750,105.5,80,0.0252185,0.578852,0.0252185,79.6979
750,105.5,80,0.0252143,0.578877,0.0252143,79.6517
750,105.5,80,0.0252109,0.578906,0.0252109,79.7346
750,105.5,80,0.0252046,0.57894,0.0252046,79.6165
750,105.5,80,0.0252018,0.578971,0.0252018,79.8003
750,105.5,80,0.0251997,0.578996,0.0251997,79.8118
750,105.5,80,0.0251976,0.579023,0.0251976,79.8241
750,105.5,80,0.0251953,0.57905,0.0251953,79.8166
750,105.5,80,0.0251929,0.579077,0.0251929,79.813
750,105.5,80,0.0251908,0.579102,0.0251908,79.815
750,105.5,80,0.0251888,0.579131,0.0251888,79.852
750,105.5,80,0.0251867,0.579157,0.0251867,79.8274
750,105.5,80,0.0251818,0.579192,0.0251818,79.7104
750,105.5,80,0.0251795,0.579221,0.0251795,79.832
750,105.5,80,0.0251766,0.579247,0.0251766,79.7643
750,105.5,80,0.0251738,0.579273,0.0251738,79.7838
750,105.5,80,0.0251704,0.5793,0.0251704,79.7331
750,105.5,80,0.0251666,0.579325,0.0251666,79.6923
750,105.5,80,0.025163,0.57935,0.025163,79.705
750,105.5,80,0.0251585,0.579375,0.0251585,79.6347
750,105.5,80,0.0251543,0.579403,0.0251543,79.6879
750,105.5,80,0.02515,0.579428,0.02515,79.6442
750,105.5,80,0.0251453,0.579456,0.0251453,79.6496
750,105.5,80,0.0251407,0.579481,0.0251407,79.6193
750,105.5,80,0.0251308,0.579511,0.0251308,79.3157
750,105.5,80,0.0251262,0.579546,0.0251262,79.7289
750,105.5,80,0.0251216,0.579574,0.0251216,79.6573
750,105.5,80,0.0251169,0.579599,0.0251169,79.6102
750,105.5,80,0.0251128,0.579629,0.0251128,79.7089
750,105.5,80,0.0251089,0.579655,0.0251089,79.6839
750,105.5,80,0.0251051,0.579681,0.0251051,79.6817
750,105.5,80,0.0251009,0.579708,0.0251009,79.6802
750,105.5,80,0.0250939,0.579748,0.0250939,79.6317
750,105.5,80,0.0250902,0.579774,0.0250902,79.6952
750,105.5,80,0.0250869,0.579799,0.0250869,79.7215
750,105.5,80,0.0250836,0.579824,0.0250836,79.7163
750,105.5,80,0.0250803,0.57985,0.0250803,79.7337
750,105.5,80,0.0250769,0.579875,0.0250769,79.7107
750,105.5,80,0.0250734,0.5799,0.0250734,79.7075
750,105.5,80,0.0250701,0.579925,0.0250701,79.7184
750,105.5,80,0.0250666,0.579951,0.0250666,79.7162
750,105.5,80,0.0250622,0.579977,0.0250622,79.639
750,105.5,80,0.0250583,0.580002,0.0250583,79.6771
750,105.5,80,0.0250538,0.580028,0.0250538,79.6248
750,105.5,80,0.0250494,0.580053,0.0250494,79.6301
750,105.5,80,0.025044,0.580078,0.025044,79.5517
750,105.5,80,0.0250391,0.580103,0.0250391,79.5876
750,105.5,80,0.0250339,0.580128,0.0250339,79.5653
750,105.5,80,0.0250289,0.580156,0.0250289,79.6172
750,105.5,80,0.0250232,0.580182,0.0250232,79.5416
750,105.5,80,0.0250183,0.580208,0.0250183,79.5956
750,105.5,80,0.0250137,0.580233,0.0250137,79.6057
750,105.5,80,0.025005,0.580269,0.025005,79.4985
750,105.5,80,0.0250004,0.5803,0.0250004,79.6753
750,105.5,80,0.0249961,0.580327,0.0249961,79.6517
750,105.5,80,0.0249924,0.580352,0.0249924,79.6789
750,105.5,80,0.0249883,0.580377,0.0249883,79.6433
750,105.5,80,0.0249843,0.580402,0.0249843,79.6506
750,105.5,80,0.0249806,0.580428,0.0249806,79.6751
750,105.5,80,0.0249768,0.580453,0.0249768,79.6703
750,105.5,80,0.024973,0.580481,0.024973,79.6978
750,105.5,80,0.0249688,0.580507,0.0249688,79.6478
750,105.5,80,0.0249648,0.580532,0.0249648,79.6548
750,105.5,80,0.0249603,0.580557,0.0249603,79.6158
750,105.5,80,0.0249508,0.580586,0.0249508,79.3054
750,105.5,80,0.0249459,0.580619,0.0249459,79.6622
750,105.5,80,0.0249407,0.580648,0.0249407,79.6141
750,105.5,80,0.0249354,0.580673,0.0249354,79.5355
750,105.5,80,0.0249293,0.580699,0.0249293,79.4917
750,105.5,80,0.0249239,0.580726,0.0249239,79.5608
750,105.5,80,0.0249192,0.580759,0.0249192,79.6736
750,105.5,80,0.0249099,0.580796,0.0249099,79.4525
750,105.5,80,0.0249061,0.580824,0.0249061,79.6801
750,105.5,80,0.0249025,0.580852,0.0249025,79.7036
750,105.5,80,0.0248992,0.580881,0.0248992,79.7329
750,105.5,80,0.0248931,0.580917,0.0248931,79.6183
750,105.5,80,0.0248904,0.580948,0.0248904,79.788
750,105.5,80,0.0248877,0.580975,0.0248877,79.7563
750,105.5,80,0.0248852,0.581002,0.0248852,79.7749
750,105.5,80,0.0248826,0.58103,0.0248826,79.7758
750,105.5,80,0.0248773,0.581068,0.0248773,79.682
750,105.5,80,0.0248745,0.581097,0.0248745,79.7723
750,105.5,80,0.0248717,0.581122,0.0248717,79.7344
750,105.5,80,0.0248686,0.581147,0.0248686,79.7287
750,105.5,80,0.0248649,0.581172,0.0248649,79.6659
750,105.5,80,0.0248613,0.581197,0.0248613,79.6683
750,105.5,80,0.0248572,0.581222,0.0248572,79.638
750,105.5,80,0.0248532,0.581247,0.0248532,79.64
750,105.5,80,0.0248489,0.581272,0.0248489,79.6144
750,105.5,80,0.0248447,0.581297,0.0248447,79.6268
750,105.5,80,0.02484,0.581322,0.02484,79.5824
750,105.5,80,0.0248355,0.581346,0.0248355,79.6019
750,105.5,80,0.0248312,0.581371,0.0248312,79.6115
750,105.5,80,0.0248263,0.581396,0.0248263,79.5647
750,105.5,80,0.0248223,0.581423,0.0248223,79.6656
750,105.5,80,0.0248185,0.581448,0.0248185,79.6513
750,105.5,80,0.0248152,0.581479,0.0248152,79.7427
750,105.5,80,0.0248086,0.581506,0.0248086,79.4824
750,105.5,80,0.0248061,0.581538,0.0248061,79.7987
750,105.5,80,0.0248037,0.581568,0.0248037,79.8039
750,105.5,80,0.0248012,0.581594,0.0248012,79.7669
750,105.5,80,0.024799,0.581619,0.024799,79.7815
750,105.5,80,0.0247971,0.581644,0.0247971,79.8059
750,105.5,80,0.0247953,0.581669,0.0247953,79.8222
750,105.5,80,0.0247936,0.581694,0.0247936,79.8289
750,105.5,80,0.0247918,0.581719,0.0247918,79.8254
750,105.5,80,0.0247902,0.581744,0.0247902,79.8403
750,105.5,80,0.0247885,0.581769,0.0247885,79.8274
750,105.5,80,0.0247864,0.581793,0.0247864,79.8001
750,105.5,80,0.0247837,0.581818,0.0247837,79.7562
750,105.5,80,0.024781,0.581848,0.024781,79.793
750,105.5,80,0.0247783,0.581874,0.0247783,79.7614
750,105.5,80,0.024773,0.581902,0.024773,79.5966
750,105.5,80,0.0247693,0.581927,0.0247693,79.6785
750,105.5,80,0.0247657,0.581962,0.0247657,79.7664
750,105.5,80,0.0247622,0.581988,0.0247622,79.7038
750,105.5,80,0.0247583,0.582013,0.0247583,79.6681
750,105.5,80,0.0247539,0.582038,0.0247539,79.6245
750,105.5,80,0.0247492,0.582063,0.0247492,79.6016
750,105.5,80,0.0247442,0.582089,0.0247442,79.5725
750,105.5,80,0.024739,0.582114,0.024739,79.5624
750,105.5,80,0.0247338,0.58214,0.0247338,79.5695
750,105.5,80,0.0247278,0.582167,0.0247278,79.5287
750,105.5,80,0.0247226,0.582192,0.0247226,79.5503
750,105.5,80,0.0247175,0.582218,0.0247175,79.5745
750,105.5,80,0.0247125,0.582244,0.0247125,79.569
750,105.5,80,0.0247078,0.58227,0.0247078,79.616
750,105.5,80,0.024698,0.582297,0.024698,79.2358
750,105.5,80,0.0246934,0.582332,0.0246934,79.6909
750,105.5,80,0.024688,0.582358,0.024688,79.5507
750,105.5,80,0.0246836,0.582385,0.0246836,79.6274
750,105.5,80,0.0246785,0.582409,0.0246785,79.5466
750,105.5,80,0.0246736,0.582434,0.0246736,79.5601
750,105.5,80,0.0246685,0.582459,0.0246685,79.5436
750,105.5,80,0.0246638,0.582483,0.0246638,79.5752
750,105.5,80,0.0246586,0.582508,0.0246586,79.5278
750,105.5,80,0.0246538,0.582533,0.0246538,79.5728
750,105.5,80,0.0246483,0.582558,0.0246483,79.5064
750,105.5,80,0.0246427,0.582583,0.0246427,79.4985
750,105.5,80,0.0246368,0.582607,0.0246368,79.4707
750,105.5,80,0.024631,0.582633,0.024631,79.4929
750,105.5,80,0.0246253,0.582657,0.0246253,79.4771
750,105.5,80,0.0246196,0.582683,0.0246196,79.5009
750,105.5,80,0.0246143,0.582707,0.0246143,79.5077
750,105.5,80,0.0246092,0.582733,0.0246092,79.5458
750,105.5,80,0.024605,0.582759,0.024605,79.6225
750,105.5,80,0.0246011,0.582788,0.0246011,79.6632
750,105.5,80,0.0245941,0.582815,0.0245941,79.4294
750,105.5,80,0.0245908,0.582849,0.0245908,79.7477
750,105.5,80,0.0245875,0.582875,0.0245875,79.6813
750,105.5,80,0.0245844,0.582901,0.0245844,79.6963
750,105.5,80,0.0245801,0.582926,0.0245801,79.59
750,105.5,80,0.0245772,0.58295,0.0245772,79.7035
750,105.5,80,0.0245727,0.582975,0.0245727,79.573
750,105.5,80,0.0245688,0.582999,0.0245688,79.6237
750,105.5,80,0.0245641,0.583024,0.0245641,79.5579
750,105.5,80,0.0245598,0.583049,0.0245598,79.5883
750,105.5,80,0.0245551,0.583073,0.0245551,79.5512
750,105.5,80,0.0245504,0.583098,0.0245504,79.5558
750,105.5,80,0.0245452,0.583122,0.0245452,79.5076
750,105.5,80,0.0245399,0.583149,0.0245399,79.5382
750,105.5,80,0.0245345,0.583173,0.0245345,79.4926
750,105.5,80,0.0245292,0.583198,0.0245292,79.5016
750,105.5,80,0.0245233,0.583222,0.0245233,79.4471
750,105.5,80,0.0245178,0.583248,0.0245178,79.5063
750,105.5,80,0.0245121,0.583274,0.0245121,79.483
750,105.5,80,0.0245076,0.5833,0.0245076,79.5847
750,105.5,80,0.0245015,0.583326,0.0245015,79.4476
750,105.5,80,0.0244909,0.583353,0.0244909,79.1566
750,105.5,80,0.024486,0.583385,0.024486,79.6048
750,105.5,80,0.0244808,0.583415,0.0244808,79.5828
750,105.5,80,0.0244762,0.58344,0.0244762,79.5438
750,105.5,80,0.0244766,0.583465,0.0244766,79.942
750,105.5,80,0.0244721,0.583489,0.0244721,79.5567
750,105.5,80,0.0244681,0.583514,0.0244681,79.59
750,105.5,80,0.0244639,0.583538,0.0244639,79.5753
750,105.5,80,0.02446,0.583563,0.02446,79.6015
750,105.5,80,0.0244559,0.583587,0.0244559,79.5773
750,105.5,80,0.0244514,0.583614,0.0244514,79.5847
750,105.5,80,0.0244463,0.583638,0.0244463,79.4995
750,105.5,80,0.0244409,0.583669,0.0244409,79.5707
750,105.5,80,0.0244291,0.583703,0.0244291,79.2209
750,105.5,80,0.0244224,0.583731,0.0244224,79.4361
750,105.5,80,0.0244162,0.583756,0.0244162,79.4028
750,105.5,80,0.0244102,0.583782,0.0244102,79.4477
750,105.5,80,0.0244044,0.583806,0.0244044,79.4345
750,105.5,80,0.0243988,0.583831,0.0243988,79.4416
750,105.5,80,0.0243924,0.583855,0.0243924,79.3884
750,105.5,80,0.0243871,0.58388,0.0243871,79.4711
750,105.5,80,0.0243818,0.583905,0.0243818,79.4625
750,105.5,80,0.0243768,0.58393,0.0243768,79.5029
750,105.5,80,0.0243714,0.583954,0.0243714,79.4494
750,105.5,80,0.0243667,0.583981,0.0243667,79.5447
750,105.5,80,0.0243622,0.584016,0.0243622,79.6294
750,105.5,80,0.0243525,0.584062,0.0243525,79.4811
750,105.5,80,0.0243417,0.584099,0.0243417,79.3033
750,105.5,80,0.0243357,0.584133,0.0243357,79.5302
750,105.5,80,0.0243229,0.584167,0.0243229,79.1538
750,105.5,80,0.0243164,0.584198,0.0243164,79.4594
750,105.5,80,0.0243098,0.584229,0.0243098,79.4559
750,105.5,80,0.024296,0.584265,0.024296,79.1113
750,105.5,80,0.0242894,0.584293,0.0242894,79.3952
750,105.5,80,0.0242827,0.584323,0.0242827,79.4361
750,105.5,80,0.0242707,0.584353,0.0242707,79.0649
750,105.5,80,0.0242655,0.584391,0.0242655,79.5839
750,105.5,80,0.024261,0.584422,0.024261,79.5697
750,105.5,80,0.0242518,0.58446,0.0242518,79.3784
750,105.5,80,0.0242474,0.584488,0.0242474,79.5563
750,105.5,80,0.0242383,0.584531,0.0242383,79.4316
750,105.5,80,0.0242333,0.584558,0.0242333,79.4915
750,105.5,80,0.0242285,0.584587,0.0242285,79.522
750,105.5,80,0.0242231,0.584616,0.0242231,79.486
750,105.5,80,0.0242123,0.584656,0.0242123,79.3118
750,105.5,80,0.0242062,0.584686,0.0242062,79.4433
750,105.5,80,0.0241949,0.584725,0.0241949,79.2833
750,105.5,80,0.0241893,0.584753,0.0241893,79.4462
750,105.5,80,0.0241786,0.584789,0.0241786,79.2429
750,105.5,80,0.0241737,0.584823,0.0241737,79.5581
750,105.5,80,0.0241693,0.584852,0.0241693,79.5223
750,105.5,80,0.0241644,0.584879,0.0241644,79.4856
750,105.5,80,0.024156,0.584916,0.024156,79.3921
750,105.5,80,0.0241518,0.584946,0.0241518,79.5497
750,105.5,80,0.0241476,0.584974,0.0241476,79.5319
750,105.5,80,0.0241432,0.585003,0.0241432,79.5338
750,105.5,80,0.0241346,0.58504,0.0241346,79.3701
750,105.5,80,0.0241299,0.585068,0.0241299,79.5035
750,105.5,80,0.0241201,0.585109,0.0241201,79.3649
750,105.5,80,0.0241152,0.585138,0.0241152,79.4881
750,105.5,80,0.0241097,0.585168,0.0241097,79.4685
750,105.5,80,0.0240976,0.585198,0.0240976,79.017
750,105.5,80,0.0240913,0.585234,0.0240913,79.4769
750,105.5,80,0.0240845,0.585262,0.0240845,79.3341
750,105.5,80,0.0240779,0.585293,0.0240779,79.409
750,105.5,80,0.0240646,0.585327,0.0240646,79.0272
750,105.5,80,0.0240576,0.585356,0.0240576,79.335
750,105.5,80,0.0240513,0.585386,0.0240513,79.4015
750,105.5,80,0.0240394,0.585413,0.0240394,78.9462
750,105.5,80,0.0240333,0.585438,0.0240333,79.3247
750,105.5,80,0.0240272,0.585469,0.0240272,79.3957
750,105.5,80,0.0240217,0.585497,0.0240217,79.4226
750,105.5,80,0.0240164,0.585524,0.0240164,79.3983
750,105.5,80,0.0240112,0.585548,0.0240112,79.3784
750,105.5,80,0.0240056,0.585572,0.0240056,79.3297
750,105.5,80,0.0240003,0.585596,0.0240003,79.3575
750,105.5,80,0.0239946,0.585625,0.0239946,79.3922
750,105.5,80,0.0239885,0.58565,0.0239885,79.317
750,105.5,80,0.0239747,0.585678,0.0239747,78.8157
750,105.5,80,0.0239671,0.58571,0.0239671,79.3202
750,105.5,80,0.0239591,0.585737,0.0239591,79.1994
750,105.5,80,0.0239505,0.585762,0.0239505,79.078
750,105.5,80,0.0239424,0.585787,0.0239424,79.1412
750,105.5,80,0.0239349,0.585811,0.0239349,79.1711
750,105.5,80,0.0239271,0.585836,0.0239271,79.1426
750,105.5,80,0.02392,0.58586,0.02392,79.1782
750,105.5,80,0.023913,0.585884,0.023913,79.1925
750,105.5,80,0.0239064,0.585908,0.0239064,79.2141
750,105.5,80,0.0238997,0.585932,0.0238997,79.2216
750,105.5,80,0.0238937,0.585956,0.0238937,79.2637
750,105.5,80,0.0238877,0.585982,0.0238877,79.2767
750,105.5,80,0.0238815,0.586006,0.0238815,79.245
750,105.5,80,0.0238754,0.586029,0.0238754,79.2404
750,105.5,80,0.0238686,0.586053,0.0238686,79.1852
750,105.5,80,0.0238621,0.586079,0.0238621,79.241
750,105.5,80,0.0238554,0.586103,0.0238554,79.1869
750,105.5,80,0.0238478,0.586127,0.0238478,79.1356
750,105.5,80,0.0238408,0.586151,0.0238408,79.1589
750,105.5,80,0.0238341,0.586175,0.0238341,79.1885
750,105.5,80,0.0238277,0.5862,0.0238277,79.2226
750,105.5,80,0.0238139,0.586234,0.0238139,78.9345
750,105.5,80,0.0238079,0.586263,0.0238079,79.319
750,105.5,80,0.0238017,0.586288,0.0238017,79.2255
750,105.5,80,0.0237953,0.586312,0.0237953,79.198
750,105.5,80,0.0237896,0.586337,0.0237896,79.2555
750,105.5,80,0.0237842,0.58636,0.0237842,79.2732
750,105.5,80,0.0237787,0.586385,0.0237787,79.2679
750,105.5,80,0.0237727,0.586411,0.0237727,79.2516
750,105.5,80,0.0237667,0.586437,0.0237667,79.2562
750,105.5,80,0.0237607,0.586462,0.0237607,79.2427
750,105.5,80,0.0237468,0.586495,0.0237468,78.8773
750,105.5,80,0.0237389,0.586523,0.0237389,79.1521
750,105.5,80,0.0237313,0.586548,0.0237313,79.0971
750,105.5,80,0.0237234,0.586572,0.0237234,79.0485
750,105.5,80,0.0237155,0.586596,0.0237155,79.0521
750,105.5,80,0.0237069,0.58662,0.0237069,78.9813
750,105.5,80,0.0236987,0.586644,0.0236987,79.0232
750,105.5,80,0.0236907,0.586668,0.0236907,79.0175
750,105.5,80,0.0236823,0.586691,0.0236823,78.9929
750,105.5,80,0.0236745,0.586715,0.0236745,79.0342
750,105.5,80,0.0236672,0.58674,0.0236672,79.0987
750,105.5,80,0.02366,0.586764,0.02366,79.0724
750,105.5,80,0.0236533,0.586787,0.0236533,79.1062
750,105.5,80,0.023646,0.586811,0.023646,79.0631
750,105.5,80,0.0236391,0.586837,0.0236391,79.1332
750,105.5,80,0.023632,0.586861,0.023632,79.0713
750,105.5,80,0.0236245,0.586887,0.0236245,79.0957
750,105.5,80,0.0236162,0.586912,0.0236162,79.0113
750,105.5,80,0.0236,0.586938,0.0236,78.4326
750,105.5,80,0.023592,0.586962,0.023592,78.9771
750,105.5,80,0.0235829,0.586995,0.0235829,79.1085
750,105.5,80,0.0235749,0.587019,0.0235749,78.9808
750,105.5,80,0.0235676,0.587045,0.0235676,79.081
750,105.5,80,0.0235598,0.58707,0.0235598,79.0041
750,105.5,80,0.023553,0.587093,0.023553,79.0554
750,105.5,80,0.0235462,0.587117,0.0235462,79.0598
750,105.5,80,0.0235399,0.587141,0.0235399,79.102
750,105.5,80,0.0235334,0.587164,0.0235334,79.0732
750,105.5,80,0.0235272,0.587188,0.0235272,79.1004
750,105.5,80,0.0235205,0.587211,0.0235205,79.0553
750,105.5,80,0.0235136,0.587235,0.0235136,79.039
750,105.5,80,0.0235062,0.587259,0.0235062,78.9978
750,105.5,80,0.0234981,0.587282,0.0234981,78.9359
750,105.5,80,0.0234887,0.587306,0.0234887,78.8225
750,105.5,80,0.023482,0.587329,0.023482,79.0422
750,105.5,80,0.0234721,0.587353,0.0234721,78.7709
750,105.5,80,0.0234642,0.587376,0.0234642,78.9379
750,105.5,80,0.0234568,0.5874,0.0234568,78.9751
750,105.5,80,0.0234496,0.587423,0.0234496,78.9863
750,105.5,80,0.0234427,0.587447,0.0234427,79.0037
750,105.5,80,0.0234364,0.587472,0.0234364,79.0844
750,105.5,80,0.0234299,0.587495,0.0234299,79.0326
750,105.5,80,0.0234232,0.587521,0.0234232,79.0686
750,105.5,80,0.0234158,0.587546,0.0234158,78.9941
750,105.5,80,0.0234007,0.587577,0.0234007,78.6388
750,105.5,80,0.0233931,0.587606,0.0233931,79.0354
750,105.5,80,0.0233844,0.58763,0.0233844,78.8512
750,105.5,80,0.0233762,0.587656,0.0233762,78.9444
750,105.5,80,0.0233683,0.587679,0.0233683,78.9026
750,105.5,80,0.0233602,0.587703,0.0233602,78.8763
750,105.5,80,0.0233607,0.587726,0.0233607,79.5651
750,105.5,80,0.0233527,0.58775,0.0233527,78.8824
750,105.5,80,0.0233444,0.587773,0.0233444,78.8508
750,105.5,80,0.0233371,0.587797,0.0233371,78.934
750,105.5,80,0.0233301,0.58782,0.0233301,78.9602
750,105.5,80,0.0233225,0.587844,0.0233225,78.9006
750,105.5,80,0.0233152,0.587867,0.0233152,78.9265
750,105.5,80,0.0233077,0.58789,0.0233077,78.9011
750,105.5,80,0.0232999,0.587914,0.0232999,78.8791
750,105.5,80,0.0232918,0.587937,0.0232918,78.8452
750,105.5,80,0.0232824,0.58796,0.0232824,78.7393
750,105.5,80,0.0232751,0.587984,0.0232751,78.9115
750,105.5,80,0.0232657,0.588009,0.0232657,78.7953
750,105.5,80,0.0232566,0.588033,0.0232566,78.781
750,105.5,80,0.023248,0.588058,0.023248,78.8367
750,105.5,80,0.023232,0.588083,0.023232,78.2795
750,105.5,80,0.023225,0.588115,0.023225,79.0641
750,105.5,80,0.0232179,0.588141,0.0232179,78.9394
750,105.5,80,0.0232113,0.588167,0.0232113,78.9888
750,105.5,80,0.0232046,0.58819,0.0232046,78.9284
750,105.5,80,0.0231979,0.588215,0.0231979,78.9452
750,105.5,80,0.0231903,0.588238,0.0231903,78.8463
750,105.5,80,0.0231828,0.588262,0.0231828,78.868
750,105.5,80,0.023175,0.588285,0.023175,78.8305
750,105.5,80,0.0231669,0.588311,0.0231669,78.8546
750,105.5,80,0.0231576,0.588335,0.0231576,78.7164
750,105.5,80,0.0231488,0.588359,0.0231488,78.7671
750,105.5,80,0.0231308,0.588385,0.0231308,78.1051
750,105.5,80,0.0231217,0.58841,0.0231217,78.7443
750,105.5,80,0.0231136,0.588438,0.0231136,78.8781
750,105.5,80,0.0231057,0.588464,0.0231057,78.871
750,105.5,80,0.0230982,0.588488,0.0230982,78.8098
750,105.5,80,0.0230902,0.588512,0.0230902,78.7967
750,105.5,80,0.0230816,0.588535,0.0230816,78.7089
750,105.5,80,0.0230736,0.588558,0.0230736,78.7611
750,105.5,80,0.0230653,0.588581,0.0230653,78.7266
750,105.5,80,0.0230568,0.588604,0.0230568,78.7168
750,105.5,80,0.0230474,0.588627,0.0230474,78.6396
750,105.5,80,0.0230388,0.588652,0.0230388,78.7409
750,105.5,80,0.0230303,0.588677,0.0230303,78.7351
750,105.5,80,0.0230219,0.5887,0.0230219,78.7046
750,105.5,80,0.0230129,0.588723,0.0230129,78.6564
750,105.5,80,0.0230052,0.588746,0.0230052,78.7568
750,105.5,80,0.0229977,0.588769,0.0229977,78.7727
750,105.5,80,0.0229904,0.588794,0.0229904,78.817
750,105.5,80,0.0229829,0.588817,0.0229829,78.7566
750,105.5,80,0.0229754,0.588842,0.0229754,78.8052
750,105.5,80,0.0229681,0.588865,0.0229681,78.7708
750,105.5,80,0.0229527,0.588891,0.0229527,78.2323
750,105.5,80,0.0229447,0.588915,0.0229447,78.7299
750,105.5,80,0.0229366,0.588943,0.0229366,78.8204
750,105.5,80,0.0229282,0.58897,0.0229282,78.7499
750,105.5,80,0.0229198,0.588993,0.0229198,78.6519
750,105.5,80,0.0229106,0.589016,0.0229106,78.5915
750,105.5,80,0.0229019,0.589039,0.0229019,78.6218
750,105.5,80,0.0228931,0.589062,0.0228931,78.6116
750,105.5,80,0.0228846,0.589086,0.0228846,78.6707
750,105.5,80,0.0228759,0.589109,0.0228759,78.6084
750,105.5,80,0.022868,0.589131,0.022868,78.6751
750,105.5,80,0.0228602,0.589154,0.0228602,78.6745
750,105.5,80,0.0228524,0.589179,0.0228524,78.7202
750,105.5,80,0.022844,0.589202,0.022844,78.6207
750,105.5,80,0.0228359,0.589225,0.0228359,78.645
750,105.5,80,0.0228277,0.589248,0.0228277,78.633
750,105.5,80,0.0228196,0.589271,0.0228196,78.6446
750,105.5,80,0.0228108,0.589293,0.0228108,78.5714
750,105.5,80,0.0228027,0.589317,0.0228027,78.6483
750,105.5,80,0.0227944,0.589341,0.0227944,78.652
750,105.5,80,0.0227859,0.589369,0.0227859,78.6988
750,105.5,80,0.0227686,0.589402,0.0227686,78.2997
750,105.5,80,0.0227609,0.589426,0.0227609,78.6846
750,105.5,80,0.0227536,0.589449,0.0227536,78.6774
750,105.5,80,0.022746,0.589473,0.022746,78.6717
750,105.5,80,0.0227392,0.589496,0.0227392,78.7056
750,105.5,80,0.022732,0.589522,0.022732,78.7406
750,105.5,80,0.0227247,0.589548,0.0227247,78.7388
750,105.5,80,0.0227091,0.589584,0.0227091,78.4438
750,105.5,80,0.0227011,0.589607,0.0227011,78.5909
750,105.5,80,0.0226932,0.589633,0.0226932,78.6643
750,105.5,80,0.022685,0.589655,0.022685,78.5685
750,105.5,80,0.0226767,0.589679,0.0226767,78.5932
750,105.5,80,0.0226676,0.589703,0.0226676,78.4992
750,105.5,80,0.0226591,0.589728,0.0226591,78.6077
750,105.5,80,0.022643,0.589768,0.022643,78.4808
750,105.5,80,0.0226343,0.589793,0.0226343,78.5466
750,105.5,80,0.0226264,0.589815,0.0226264,78.5625
750,105.5,80,0.0226184,0.589839,0.0226184,78.5764
750,105.5,80,0.0226105,0.589862,0.0226105,78.5616
750,105.5,80,0.0226016,0.589886,0.0226016,78.5361
750,105.5,80,0.022593,0.589912,0.022593,78.5681
750,105.5,80,0.0225753,0.589943,0.0225753,78.1591
750,105.5,80,0.0225653,0.589969,0.0225653,78.4685
750,105.5,80,0.0225562,0.589994,0.0225562,78.5072
750,105.5,80,0.0225474,0.590017,0.0225474,78.4656
750,105.5,80,0.0225389,0.590042,0.0225389,78.5248
750,105.5,80,0.0225301,0.590065,0.0225301,78.4603
750,105.5,80,0.0225226,0.59009,0.0225226,78.6058
750,105.5,80,0.0225156,0.590114,0.0225156,78.6287
750,105.5,80,0.0225016,0.590139,0.0225016,78.105
750,105.5,80,0.0224941,0.59017,0.0224941,78.7075
750,105.5,80,0.0224868,0.590194,0.0224868,78.5764
750,105.5,80,0.0224792,0.590217,0.0224792,78.5241
750,105.5,80,0.0224706,0.59024,0.0224706,78.4592
750,105.5,80,0.0224623,0.590262,0.0224623,78.4577
750,105.5,80,0.0224535,0.590286,0.0224535,78.4312
750,105.5,80,0.0224448,0.590308,0.0224448,78.4189
750,105.5,80,0.0224358,0.590331,0.0224358,78.391
750,105.5,80,0.0224279,0.590353,0.0224279,78.472
750,105.5,80,0.0224204,0.590376,0.0224204,78.5098
750,105.5,80,0.0224125,0.590398,0.0224125,78.4671
750,105.5,80,0.0224042,0.590421,0.0224042,78.4387
750,105.5,80,0.0223972,0.590444,0.0223972,78.5339
750,105.5,80,0.0223901,0.590467,0.0223901,78.5417
750,105.5,80,0.022382,0.59049,0.022382,78.438
750,105.5,80,0.0223738,0.590512,0.0223738,78.4232
750,105.5,80,0.0223656,0.590534,0.0223656,78.4181
750,105.5,80,0.0223572,0.590557,0.0223572,78.4006
750,105.5,80,0.0223484,0.590579,0.0223484,78.3681
750,105.5,80,0.0223387,0.590602,0.0223387,78.2954
750,105.5,80,0.0223296,0.590624,0.0223296,78.3271
750,105.5,80,0.02232,0.590646,0.02232,78.2859
750,105.5,80,0.0223109,0.590669,0.0223109,78.3257
750,105.5,80,0.022301,0.590691,0.022301,78.2497
750,105.5,80,0.0222921,0.590713,0.0222921,78.3304
750,105.5,80,0.0222835,0.590737,0.0222835,78.3893
750,105.5,80,0.022275,0.590759,0.022275,78.3534
750,105.5,80,0.0222663,0.590782,0.0222663,78.3371
750,105.5,80,0.0222572,0.590804,0.0222572,78.2986
750,105.5,80,0.0222488,0.590827,0.0222488,78.3629
750,105.5,80,0.0222405,0.59085,0.0222405,78.3611
750,105.5,80,0.0222234,0.590875,0.0222234,77.803
750,105.5,80,0.0222157,0.590905,0.0222157,78.5449
750,105.5,80,0.0222083,0.590932,0.0222083,78.5116
750,105.5,80,0.0222011,0.590954,0.0222011,78.4212
750,105.5,80,0.0221939,0.590976,0.0221939,78.4173
750,105.5,80,0.0221875,0.590999,0.0221875,78.48
750,105.5,80,0.0221816,0.591022,0.0221816,78.5366
750,105.5,80,0.0221754,0.591044,0.0221754,78.4886
750,105.5,80,0.0221688,0.591066,0.0221688,78.4579
750,105.5,80,0.0221625,0.591088,0.0221625,78.4836
750,105.5,80,0.022156,0.591112,0.022156,78.4846
750,105.5,80,0.0221483,0.591134,0.0221483,78.3636
750,105.5,80,0.0221407,0.591156,0.0221407,78.3598
750,105.5,80,0.0221323,0.591178,0.0221323,78.295
750,105.5,80,0.022124,0.591201,0.022124,78.3385
750,105.5,80,0.0221154,0.591223,0.0221154,78.2754
750,105.5,80,0.0221063,0.591246,0.0221063,78.2507
750,105.5,80,0.0220977,0.591269,0.0220977,78.2714
750,105.5,80,0.0220893,0.591291,0.0220893,78.2848
750,105.5,80,0.0220811,0.591313,0.0220811,78.2944
750,105.5,80,0.0220728,0.591336,0.0220728,78.279
750,105.5,80,0.0220647,0.591358,0.0220647,78.2944
750,105.5,80,0.0220568,0.591382,0.0220568,78.3534
750,105.5,80,0.0220397,0.591405,0.0220397,77.6505
750,105.5,80,0.0220305,0.591429,0.0220305,78.2397
750,105.5,80,0.0220211,0.591459,0.0220211,78.3485
750,105.5,80,0.0220114,0.591483,0.0220114,78.2064
750,105.5,80,0.0220004,0.591505,0.0220004,78.0257
750,105.5,80,0.0219904,0.591527,0.0219904,78.0929
750,105.5,80,0.0219803,0.59155,0.0219803,78.1467
750,105.5,80,0.0219706,0.591573,0.0219706,78.1217
750,105.5,80,0.021961,0.591595,0.021961,78.1141
750,105.5,80,0.0219524,0.591617,0.0219524,78.198
750,105.5,80,0.0219438,0.591639,0.0219438,78.2032
750,105.5,80,0.0219353,0.591664,0.0219353,78.2665
750,105.5,80,0.0219248,0.591687,0.0219248,78.0884
750,105.5,80,0.021916,0.591711,0.021916,78.1918
750,105.5,80,0.0218962,0.591735,0.0218962,77.4532
750,105.5,80,0.0218859,0.591765,0.0218859,78.2449
750,105.5,80,0.0218761,0.591789,0.0218761,78.1246
750,105.5,80,0.0218662,0.591811,0.0218662,78.054
750,105.5,80,0.0218568,0.591833,0.0218568,78.0758
750,105.5,80,0.0218468,0.591855,0.0218468,78.0269
750,105.5,80,0.0218379,0.591877,0.0218379,78.1133
750,105.5,80,0.0218292,0.591899,0.0218292,78.1193
750,105.5,80,0.0218211,0.591921,0.0218211,78.1611
750,105.5,80,0.0218118,0.591942,0.0218118,78.0693
750,105.5,80,0.0218119,0.591964,0.0218119,78.8238
750,105.5,80,0.021803,0.591987,0.021803,78.1031
750,105.5,80,0.0217936,0.592008,0.0217936,78.0576
750,105.5,80,0.0217841,0.592031,0.0217841,78.054
750,105.5,80,0.0217733,0.592053,0.0217733,77.9343
750,105.5,80,0.0217637,0.592074,0.0217637,78.0146
750,105.5,80,0.0217543,0.592096,0.0217543,78.041
750,105.5,80,0.0217444,0.592118,0.0217444,77.9844
750,105.5,80,0.0217356,0.59214,0.0217356,78.0664
750,105.5,80,0.0217281,0.592162,0.0217281,78.1701
750,105.5,80,0.0217198,0.592183,0.0217198,78.1069
750,105.5,80,0.0217103,0.592207,0.0217103,78.056
750,105.5,80,0.0217014,0.592229,0.0217014,78.0488
750,105.5,80,0.0216923,0.59225,0.0216923,78.0163
750,105.5,80,0.0216828,0.592272,0.0216828,77.9946
750,105.5,80,0.0216728,0.592294,0.0216728,77.9357
750,105.5,80,0.0216633,0.592315,0.0216633,77.9783
750,105.5,80,0.0216537,0.592337,0.0216537,77.9649
750,105.5,80,0.0216446,0.592359,0.0216446,78.0023
750,105.5,80,0.0216362,0.592381,0.0216362,78.0569
750,105.5,80,0.0216276,0.592402,0.0216276,78.0346
750,105.5,80,0.02162,0.592424,0.02162,78.1176
750,105.5,80,0.0216129,0.592446,0.0216129,78.1504
750,105.5,80,0.0216057,0.592468,0.0216057,78.1309
750,105.5,80,0.0215987,0.592489,0.0215987,78.1443
750,105.5,80,0.0215916,0.592511,0.0215916,78.1507
750,105.5,80,0.0215839,0.592533,0.0215839,78.1021
750,105.5,80,0.021576,0.592556,0.021576,78.103
750,105.5,80,0.0215672,0.592578,0.0215672,77.9916
750,105.5,80,0.0215501,0.592602,0.0215501,77.4482
750,105.5,80,0.0215409,0.592631,0.0215409,78.1342
750,105.5,80,0.0215325,0.592658,0.0215325,78.1331
750,105.5,80,0.0215244,0.592679,0.0215244,78.0211
750,105.5,80,0.0215167,0.592701,0.0215167,78.0495
750,105.5,80,0.0215089,0.592722,0.0215089,78.0459
750,105.5,80,0.0215018,0.592744,0.0215018,78.0933
750,105.5,80,0.0214949,0.592765,0.0214949,78.0988
750,105.5,80,0.0214881,0.592787,0.0214881,78.1157
750,105.5,80,0.0214813,0.592808,0.0214813,78.1102
750,105.5,80,0.0214738,0.59283,0.0214738,78.0448
750,105.5,80,0.0214671,0.592851,0.0214671,78.1081
750,105.5,80,0.0214601,0.592873,0.0214601,78.0896
750,105.5,80,0.0214536,0.592896,0.0214536,78.1473
750,105.5,80,0.0214462,0.59292,0.0214462,78.1153
750,105.5,80,0.0214398,0.592942,0.0214398,78.1292
750,105.5,80,0.0214338,0.592965,0.0214338,78.1876
750,105.5,80,0.021428,0.592986,0.021428,78.1724
750,105.5,80,0.0214224,0.593009,0.0214224,78.2126
750,105.5,80,0.0214122,0.593032,0.0214122,77.8476
750,105.5,80,0.0214072,0.593062,0.0214072,78.3364
750,105.5,80,0.0214018,0.593087,0.0214018,78.2512
750,105.5,80,0.0213967,0.593111,0.0213967,78.2558
750,105.5,80,0.0213914,0.593132,0.0213914,78.1932
750,105.5,80,0.021386,0.593154,0.021386,78.1947
750,105.5,80,0.0213798,0.593176,0.0213798,78.1376
750,105.5,80,0.0213737,0.5932,0.0213737,78.1702
750,105.5,80,0.021367,0.593222,0.021367,78.1004
750,105.5,80,0.0213528,0.593245,0.0213528,77.5526
750,105.5,80,0.0213442,0.593267,0.0213442,77.9366
750,105.5,80,0.0213363,0.593298,0.0213363,78.1576
750,105.5,80,0.0213286,0.59332,0.0213286,78.0015
750,105.5,80,0.0213208,0.593342,0.0213208,77.972
750,105.5,80,0.0213136,0.593363,0.0213136,78.0067
750,105.5,80,0.0213059,0.593386,0.0213059,78.0011
750,105.5,80,0.0212987,0.593407,0.0212987,78.0056
750,105.5,80,0.0212918,0.593429,0.0212918,78.0256
750,105.5,80,0.0212841,0.59345,0.0212841,77.9555
750,105.5,80,0.0212767,0.593472,0.0212767,77.9932
750,105.5,80,0.021269,0.593493,0.021269,77.948
750,105.5,80,0.0212613,0.593515,0.0212613,77.9534
750,105.5,80,0.021253,0.593536,0.021253,77.897
750,105.5,80,0.0212439,0.593557,0.0212439,77.8234
750,105.5,80,0.021236,0.59358,0.021236,77.9637
750,105.5,80,0.0212281,0.593603,0.0212281,77.9545
750,105.5,80,0.0212209,0.593624,0.0212209,77.9684
750,105.5,80,0.0212137,0.593648,0.0212137,78.0314
750,105.5,80,0.0212002,0.593671,0.0212002,77.5128
750,105.5,80,0.0211939,0.593699,0.0211939,78.1538
750,105.5,80,0.0211873,0.593724,0.0211873,78.0782
750,105.5,80,0.0211808,0.593746,0.0211808,78.0253
750,105.5,80,0.0211742,0.593767,0.0211742,77.9981
750,105.5,80,0.0211672,0.593788,0.0211672,77.9575
750,105.5,80,0.0211597,0.593809,0.0211597,77.9194
750,105.5,80,0.0211516,0.593831,0.0211516,77.8616
750,105.5,80,0.0211442,0.593852,0.0211442,77.9198
750,105.5,80,0.0211364,0.593873,0.0211364,77.8838
750,105.5,80,0.021128,0.593894,0.021128,77.8303
750,105.5,80,0.0211202,0.593916,0.0211202,77.9052
750,105.5,80,0.0211127,0.593937,0.0211127,77.8923
750,105.5,80,0.0211058,0.593959,0.0211058,77.9644
750,105.5,80,0.0210986,0.59398,0.0210986,77.9114
750,105.5,80,0.0210908,0.594002,0.0210908,77.8707
750,105.5,80,0.0210834,0.594023,0.0210834,77.8942
750,105.5,80,0.0210758,0.594044,0.0210758,77.8684
750,105.5,80,0.0210678,0.594065,0.0210678,77.832
750,105.5,80,0.0210585,0.594086,0.0210585,77.7304
750,105.5,80,0.0210493,0.594107,0.0210493,77.7273
750,105.5,80,0.0210398,0.59413,0.0210398,77.766
750,105.5,80,0.0210305,0.594151,0.0210305,77.7227
750,105.5,80,0.0210209,0.594175,0.0210209,77.766
750,105.5,80,0.021002,0.594197,0.021002,77.0114
750,105.5,80,0.0209919,0.594227,0.0209919,77.8733
750,105.5,80,0.0209828,0.594251,0.0209828,77.7776
750,105.5,80,0.0209746,0.594272,0.0209746,77.7877
750,105.5,80,0.0209666,0.594293,0.0209666,77.7827
750,105.5,80,0.0209584,0.594314,0.0209584,77.7649
750,105.5,80,0.02095,0.594335,0.02095,77.7405
750,105.5,80,0.0209407,0.594358,0.0209407,77.7208
750,105.5,80,0.0209321,0.594379,0.0209321,77.7153
750,105.5,80,0.0209233,0.5944,0.0209233,77.6971
750,105.5,80,0.0209145,0.59442,0.0209145,77.695
750,105.5,80,0.0209051,0.594441,0.0209051,77.6377
750,105.5,80,0.0208967,0.594462,0.0208967,77.723
750,105.5,80,0.0208889,0.594483,0.0208889,77.7589
750,105.5,80,0.0208811,0.594504,0.0208811,77.7585
750,105.5,80,0.0208743,0.594525,0.0208743,77.8317
750,105.5,80,0.0208677,0.594546,0.0208677,77.8488
750,105.5,80,0.0208608,0.594567,0.0208608,77.8231
750,105.5,80,0.0208539,0.594588,0.0208539,77.8166
750,105.5,80,0.020846,0.594608,0.020846,77.7282
750,105.5,80,0.0208384,0.594629,0.0208384,77.7592
750,105.5,80,0.0208304,0.59465,0.0208304,77.7281
750,105.5,80,0.020822,0.594671,0.020822,77.6835
750,105.5,80,0.020812,0.594693,0.020812,77.5718
750,105.5,80,0.0208027,0.594714,0.0208027,77.6059
750,105.5,80,0.0207933,0.594734,0.0207933,77.5823
750,105.5,80,0.0207838,0.594755,0.0207838,77.5832
750,105.5,80,0.0207737,0.594779,0.0207737,77.6108
750,105.5,80,0.0207649,0.594801,0.0207649,77.6658
750,105.5,80,0.020748,0.594823,0.020748,77.0472
750,105.5,80,0.020739,0.594844,0.020739,77.6003
750,105.5,80,0.0207307,0.594872,0.0207307,77.8143
750,105.5,80,0.0207221,0.594895,0.0207221,77.6776
750,105.5,80,0.0207132,0.594916,0.0207132,77.5879
750,105.5,80,0.0207045,0.594936,0.0207045,77.5975
750,105.5,80,0.0206947,0.594958,0.0206947,77.5407
750,105.5,80,0.0206861,0.594979,0.0206861,77.6
750,105.5,80,0.0206774,0.594999,0.0206774,77.5837
750,105.5,80,0.0206688,0.59502,0.0206688,77.589
750,105.5,80,0.02066,0.595041,0.02066,77.5735
750,105.5,80,0.020652,0.595061,0.020652,77.626
750,105.5,80,0.020644,0.595082,0.020644,77.627
750,105.5,80,0.0206365,0.595103,0.0206365,77.6598
750,105.5,80,0.020628,0.595124,0.020628,77.5863
750,105.5,80,0.0206197,0.595145,0.0206197,77.6071
750,105.5,80,0.0206112,0.595166,0.0206112,77.5666
750,105.5,80,0.0206022,0.595186,0.0206022,77.5325
750,105.5,80,0.0205927,0.595211,0.0205927,77.6099
750,105.5,80,0.0205821,0.595233,0.0205821,77.4209
750,105.5,80,0.020562,0.595256,0.020562,76.8016
750,105.5,80,0.0205515,0.595283,0.0205515,77.5836
750,105.5,80,0.0205419,0.595308,0.0205419,77.5692
750,105.5,80,0.0205325,0.595329,0.0205325,77.4813
750,105.5,80,0.0205234,0.595353,0.0205234,77.5641
750,105.5,80,0.0205133,0.595373,0.0205133,77.3896
750,105.5,80,0.0205041,0.595395,0.0205041,77.495
750,105.5,80,0.0204949,0.595417,0.0204949,77.5038
750,105.5,80,0.020475,0.595441,0.020475,76.8075
750,105.5,80,0.0204636,0.595463,0.0204636,77.3282
750,105.5,80,0.020453,0.595491,0.020453,77.5504
750,105.5,80,0.0204428,0.595512,0.0204428,77.3445
750,105.5,80,0.0204327,0.595532,0.0204327,77.3456
750,105.5,80,0.0204223,0.595554,0.0204223,77.385
750,105.5,80,0.0204132,0.595575,0.0204132,77.4132
750,105.5,80,0.0204043,0.595597,0.0204043,77.4795
750,105.5,80,0.0203958,0.595622,0.0203958,77.5934
750,105.5,80,0.0203753,0.595654,0.0203753,77.0635
750,105.5,80,0.0203655,0.595681,0.0203655,77.5262
750,105.5,80,0.0203439,0.595706,0.0203439,76.6813
750,105.5,80,0.0203336,0.595734,0.0203336,77.5103
750,105.5,80,0.0203232,0.595756,0.0203232,77.3141
750,105.5,80,0.0203135,0.595781,0.0203135,77.476
750,105.5,80,0.0203032,0.595805,0.0203032,77.3617
750,105.5,80,0.0202845,0.595827,0.0202845,76.7214
750,105.5,80,0.020275,0.595855,0.020275,77.5244
750,105.5,80,0.0202642,0.595877,0.0202642,77.2737
750,105.5,80,0.0202539,0.595898,0.0202539,77.2455
750,105.5,80,0.0202433,0.59592,0.0202433,77.2611
750,105.5,80,0.0202326,0.59594,0.0202326,77.192
750,105.5,80,0.0202217,0.595961,0.0202217,77.1999
750,105.5,80,0.020211,0.595985,0.020211,77.3063
750,105.5,80,0.0201926,0.596009,0.0201926,76.8037
750,105.5,80,0.0201844,0.59603,0.0201844,77.4008
750,105.5,80,0.0201853,0.596059,0.0201853,78.0699
750,105.5,80,0.0201765,0.596081,0.0201765,77.3659
750,105.5,80,0.0201685,0.596105,0.0201685,77.4823
750,105.5,80,0.0201602,0.596129,0.0201602,77.4718
750,105.5,80,0.0201426,0.596158,0.0201426,77.0064
750,105.5,80,0.020134,0.596181,0.020134,77.3835
750,105.5,80,0.0201257,0.596204,0.0201257,77.429
750,105.5,80,0.0201173,0.596227,0.0201173,77.4051
750,105.5,80,0.0201003,0.59626,0.0201003,77.1556
750,105.5,80,0.020094,0.596283,0.020094,77.5363
750,105.5,80,0.0200869,0.596308,0.0200869,77.509
750,105.5,80,0.0200722,0.596332,0.0200722,76.972
750,105.5,80,0.0200649,0.596361,0.0200649,77.5683
750,105.5,80,0.0200564,0.596382,0.0200564,77.315
750,105.5,80,0.0200479,0.596406,0.0200479,77.395
750,105.5,80,0.0200302,0.596431,0.0200302,76.7865
750,105.5,80,0.0200197,0.596459,0.0200197,77.348
750,105.5,80,0.0200098,0.596481,0.0200098,77.223
750,105.5,80,0.0200003,0.596505,0.0200003,77.2778
750,105.5,80,0.0199911,0.596528,0.0199911,77.2936
750,105.5,80,0.0199725,0.59656,0.0199725,76.9746
750,105.5,80,0.0199637,0.596582,0.0199637,77.297
750,105.5,80,0.0199548,0.596607,0.0199548,77.3286
750,105.5,80,0.0199447,0.59663,0.0199447,77.2004
750,105.5,80,0.0199253,0.596651,0.0199253,76.4509
750,105.5,80,0.0199152,0.59668,0.0199152,77.3178
750,105.5,80,0.0199051,0.596702,0.0199051,77.1479
750,105.5,80,0.0198948,0.596724,0.0198948,77.1362
750,105.5,80,0.0198857,0.596747,0.0198857,77.2494
750,105.5,80,0.0198682,0.59677,0.0198682,76.6472
750,105.5,80,0.0198593,0.596798,0.0198593,77.352
750,105.5,80,0.0198513,0.596819,0.0198513,77.2552
750,105.5,80,0.0198434,0.596842,0.0198434,77.2994
750,105.5,80,0.019835,0.596862,0.019835,77.1806
750,105.5,80,0.0198255,0.596882,0.0198255,77.0976
750,105.5,80,0.0198159,0.596902,0.0198159,77.0689
750,105.5,80,0.0198061,0.596926,0.0198061,77.1583
750,105.5,80,0.0197961,0.596947,0.0197961,77.0753
750,105.5,80,0.0197758,0.596968,0.0197758,76.3287
750,105.5,80,0.019766,0.596996,0.019766,77.2471
750,105.5,80,0.0197555,0.597017,0.0197555,77.0289
750,105.5,80,0.0197454,0.597037,0.0197454,76.9948
750,105.5,80,0.0197352,0.597059,0.0197352,77.0408
750,105.5,80,0.0197247,0.597078,0.0197247,76.9417
750,105.5,80,0.0197123,0.597099,0.0197123,76.8106
750,105.5,80,0.0197,0.597118,0.0197,76.7878
750,105.5,80,0.0196875,0.597138,0.0196875,76.7664
750,105.5,80,0.019675,0.597158,0.019675,76.7531
750,105.5,80,0.0196625,0.597179,0.0196625,76.8095
750,105.5,80,0.0196497,0.597199,0.0196497,76.755
750,105.5,80,0.019638,0.59722,0.019638,76.8654
750,105.5,80,0.0196267,0.597241,0.0196267,76.885
750,105.5,80,0.0196025,0.597264,0.0196025,76.0645
750,105.5,80,0.0195901,0.597291,0.0195901,76.9819
750,105.5,80,0.0195771,0.597313,0.0195771,76.7723
750,105.5,80,0.0195639,0.597333,0.0195639,76.6534
750,105.5,80,0.0195499,0.597354,0.0195499,76.6536
750,105.5,80,0.0195376,0.597375,0.0195376,76.7524
750,105.5,80,0.0195256,0.597397,0.0195256,76.8203
750,105.5,80,0.0195144,0.597418,0.0195144,76.8331
750,105.5,80,0.0194911,0.597446,0.0194911,76.37
750,105.5,80,0.0194801,0.597467,0.0194801,76.8221
750,105.5,80,0.0194683,0.59749,0.0194683,76.8395
750,105.5,80,0.0194562,0.597512,0.0194562,76.7635
750,105.5,80,0.0194427,0.597533,0.0194427,76.6293
750,105.5,80,0.0194309,0.597554,0.0194309,76.7112
750,105.5,80,0.0194072,0.597575,0.0194072,75.8782
750,105.5,80,0.0193963,0.597595,0.0193963,76.7347
750,105.5,80,0.0193853,0.59762,0.0193853,76.9258
750,105.5,80,0.0193746,0.597642,0.0193746,76.8299
750,105.5,80,0.0193632,0.597663,0.0193632,76.7355
750,105.5,80,0.0193507,0.597683,0.0193507,76.5756
750,105.5,80,0.0193388,0.597704,0.0193388,76.6844
750,105.5,80,0.0193272,0.597724,0.0193272,76.6809
750,105.5,80,0.0193015,0.597755,0.0193015,76.2296
750,105.5,80,0.0192903,0.597778,0.0192903,76.8029
750,105.5,80,0.0192793,0.597802,0.0192793,76.7925
750,105.5,80,0.0192678,0.597824,0.0192678,76.7469
750,105.5,80,0.0192427,0.597853,0.0192427,76.1378
750,105.5,80,0.0192297,0.597874,0.0192297,76.5869
750,105.5,80,0.0192156,0.597897,0.0192156,76.5385
750,105.5,80,0.0192021,0.597921,0.0192021,76.599
750,105.5,80,0.019176,0.597949,0.019176,76.0413
750,105.5,80,0.0191634,0.59797,0.0191634,76.545
750,105.5,80,0.0191501,0.597995,0.0191501,76.6228
750,105.5,80,0.019125,0.598018,0.019125,75.7688
750,105.5,80,0.0191121,0.598044,0.0191121,76.681
750,105.5,80,0.0190984,0.598066,0.0190984,76.4528
750,105.5,80,0.0190859,0.598088,0.0190859,76.5516
750,105.5,80,0.0190737,0.59811,0.0190737,76.549
750,105.5,80,0.0190508,0.598138,0.0190508,76.1612
750,105.5,80,0.01904,0.598161,0.01904,76.6737
750,105.5,80,0.0190291,0.598185,0.0190291,76.6994
750,105.5,80,0.0190051,0.598209,0.0190051,75.7886
750,105.5,80,0.0189922,0.598236,0.0189922,76.6437
750,105.5,80,0.0189787,0.598258,0.0189787,76.4172
750,105.5,80,0.0189648,0.598282,0.0189648,76.4566
750,105.5,80,0.018937,0.598308,0.018937,75.7216
750,105.5,80,0.0189237,0.598331,0.0189237,76.4315
750,105.5,80,0.0189101,0.598351,0.0189101,76.2921
750,105.5,80,0.018895,0.598374,0.018895,76.3267
750,105.5,80,0.0188805,0.598394,0.0188805,76.1685
750,105.5,80,0.0188656,0.598415,0.0188656,76.2277
750,105.5,80,0.018835,0.598435,0.018835,74.9204
750,105.5,80,0.0188208,0.59846,0.0188208,76.3959
750,105.5,80,0.0188072,0.598481,0.0188072,76.29
750,105.5,80,0.0187942,0.598502,0.0187942,76.3154
750,105.5,80,0.0187801,0.598522,0.0187801,76.1745
750,105.5,80,0.0187532,0.598553,0.0187532,75.8894
750,105.5,80,0.0187397,0.598576,0.0187397,76.3199
750,105.5,80,0.0187261,0.598602,0.0187261,76.4173
750,105.5,80,0.0187016,0.598631,0.0187016,75.9228
750,105.5,80,0.0186895,0.598658,0.0186895,76.5004
750,105.5,80,0.0186632,0.598687,0.0186632,75.8141
750,105.5,80,0.0186495,0.598715,0.0186495,76.4035
750,105.5,80,0.0186191,0.598742,0.0186191,75.4713
750,105.5,80,0.0186044,0.598765,0.0186044,76.1765
750,105.5,80,0.0185901,0.598787,0.0185901,76.1567
750,105.5,80,0.0185608,0.598815,0.0185608,75.5162
750,105.5,80,0.0185466,0.598836,0.0185466,76.0818
750,105.5,80,0.0185321,0.598856,0.0185321,76.0186
750,105.5,80,0.0185168,0.598879,0.0185168,76.0689
750,105.5,80,0.0184855,0.598907,0.0184855,75.4334
750,105.5,80,0.0184712,0.598929,0.0184712,76.0698
750,105.5,80,0.0184575,0.59895,0.0184575,76.0767
750,105.5,80,0.0184445,0.59897,0.0184445,76.0633
750,105.5,80,0.0184312,0.59899,0.0184312,76.0491
750,105.5,80,0.0184049,0.59901,0.0184049,75.0689
750,105.5,80,0.0183907,0.599035,0.0183907,76.1501
750,105.5,80,0.0183762,0.599057,0.0183762,76.0033
750,105.5,80,0.0183605,0.599077,0.0183605,75.8243
750,105.5,80,0.0183461,0.599096,0.0183461,75.8422
750,105.5,80,0.0183321,0.599117,0.0183321,75.9847
750,105.5,80,0.0183186,0.599136,0.0183186,75.8931
750,105.5,80,0.0183048,0.599157,0.0183048,75.9665
750,105.5,80,0.0182749,0.599178,0.0182749,74.8754
750,105.5,80,0.018259,0.599203,0.018259,75.9925
750,105.5,80,0.0182446,0.599222,0.0182446,75.7646
750,105.5,80,0.0182303,0.599242,0.0182303,75.8518
750,105.5,80,0.0182164,0.59926,0.0182164,75.7698
750,105.5,80,0.0182019,0.599281,0.0182019,75.8826
750,105.5,80,0.0181885,0.5993,0.0181885,75.849
750,105.5,80,0.0181751,0.59932,0.0181751,75.8598
750,105.5,80,0.0181453,0.599339,0.0181453,74.6205
750,105.5,80,0.0181303,0.599359,0.0181303,75.7076
750,105.5,80,0.0181158,0.599377,0.0181158,75.6618
750,105.5,80,0.018101,0.599402,0.018101,75.9469
750,105.5,80,0.0181004,0.59942,0.0181004,76.7709
750,105.5,80,0.0180849,0.59944,0.0180849,75.6488
750,105.5,80,0.01807,0.599458,0.01807,75.6085
750,105.5,80,0.0180553,0.599478,0.0180553,75.7373
750,105.5,80,0.0180405,0.599496,0.0180405,75.5915
750,105.5,80,0.0180245,0.599518,0.0180245,75.716
750,105.5,80,0.0179952,0.599544,0.0179952,75.1072
750,105.5,80,0.017981,0.599565,0.017981,75.7701
750,105.5,80,0.0179662,0.599583,0.0179662,75.5525
750,105.5,80,0.0179519,0.599602,0.0179519,75.6202
750,105.5,80,0.0179378,0.59962,0.0179378,75.6224
750,105.5,80,0.0179231,0.599639,0.0179231,75.6013
750,105.5,80,0.0179068,0.599659,0.0179068,75.5191
750,105.5,80,0.0178912,0.599681,0.0178912,75.657
750,105.5,80,0.0178612,0.599705,0.0178612,74.9009
750,105.5,80,0.0178455,0.599726,0.0178455,75.5907
750,105.5,80,0.0178301,0.599744,0.0178301,75.4137
750,105.5,80,0.0178146,0.599762,0.0178146,75.43
750,105.5,80,0.0177987,0.59978,0.0177987,75.3614
750,105.5,80,0.0177804,0.599799,0.0177804,75.2427
750,105.5,80,0.0177631,0.599817,0.0177631,75.2205
750,105.5,80,0.0177467,0.599836,0.0177467,75.3425
750,105.5,80,0.0177304,0.599853,0.0177304,75.275
750,105.5,80,0.0177153,0.599871,0.0177153,75.3705
750,105.5,80,0.0176989,0.599889,0.0176989,75.2557
750,105.5,80,0.0176833,0.599909,0.0176833,75.4396
750,105.5,80,0.0176673,0.599927,0.0176673,75.2797
750,105.5,80,0.0176521,0.599945,0.0176521,75.3836
750,105.5,80,0.0176361,0.599964,0.0176361,75.3128
750,105.5,80,0.0176083,0.599983,0.0176083,74.4378
750,105.5,80,0.0175935,0.600008,0.0175935,75.6563
750,105.5,80,0.017579,0.600027,0.017579,75.4186
750,105.5,80,0.0175632,0.600044,0.0175632,75.2171
750,105.5,80,0.0175469,0.600064,0.0175469,75.2926
750,105.5,80,0.0175305,0.600083,0.0175305,75.2343
750,105.5,80,0.0175126,0.600101,0.0175126,75.0934
750,105.5,80,0.0174968,0.600123,0.0174968,75.3979
750,105.5,80,0.0174657,0.600148,0.0174657,74.7229
750,105.5,80,0.017448,0.600167,0.017448,75.0542
750,105.5,80,0.0174336,0.600187,0.0174336,75.3913
750,105.5,80,0.0174171,0.600204,0.0174171,75.0628
750,105.5,80,0.0174015,0.600223,0.0174015,75.2041
750,105.5,80,0.0173853,0.60024,0.0173853,75.0692
750,105.5,80,0.0173712,0.600258,0.0173712,75.292
750,105.5,80,0.017357,0.600276,0.017357,75.2296
750,105.5,80,0.0173432,0.600295,0.0173432,75.3371
750,105.5,80,0.0173289,0.600313,0.0173289,75.2225
750,105.5,80,0.0172989,0.600332,0.0172989,74.0863
750,105.5,80,0.0172848,0.600355,0.0172848,75.4599
750,105.5,80,0.0172711,0.600374,0.0172711,75.3106
750,105.5,80,0.0172565,0.600392,0.0172565,75.1337
750,105.5,80,0.017243,0.60041,0.017243,75.248
750,105.5,80,0.0172284,0.600428,0.0172284,75.1706
750,105.5,80,0.0172137,0.60045,0.0172137,75.3103
750,105.5,80,0.0171821,0.600474,0.0171821,74.4768
750,105.5,80,0.0171676,0.600496,0.0171676,75.2956
750,105.5,80,0.0171533,0.600513,0.0171533,75.0961
750,105.5,80,0.0171377,0.600532,0.0171377,75.0991
750,105.5,80,0.0171235,0.60055,0.0171235,75.0744
750,105.5,80,0.0171087,0.600569,0.0171087,75.1164
750,105.5,80,0.0170931,0.600587,0.0170931,75.0531
750,105.5,80,0.0170606,0.600606,0.0170606,73.7697
750,105.5,80,0.0170454,0.600629,0.0170454,75.2613
750,105.5,80,0.0170305,0.600648,0.0170305,75.0615
750,105.5,80,0.0170151,0.600665,0.0170151,74.9048
750,105.5,80,0.0170001,0.600683,0.0170001,74.948
750,105.5,80,0.0169847,0.6007,0.0169847,74.9403
750,105.5,80,0.0169689,0.600718,0.0169689,74.8573
750,105.5,80,0.0169522,0.600735,0.0169522,74.7597
750,105.5,80,0.0169353,0.600754,0.0169353,74.873
750,105.5,80,0.0169211,0.600771,0.0169211,74.9357
750,105.5,80,0.016908,0.600788,0.016908,75.0342
750,105.5,80,0.0168948,0.600806,0.0168948,75.0838
750,105.5,80,0.0168657,0.600832,0.0168657,74.4928
750,105.5,80,0.016851,0.600851,0.016851,75.0355
750,105.5,80,0.0168366,0.600869,0.0168366,74.9059
750,105.5,80,0.0168217,0.600886,0.0168217,74.8185
750,105.5,80,0.0168084,0.600903,0.0168084,74.953
750,105.5,80,0.0167951,0.60092,0.0167951,74.9333
750,105.5,80,0.0167817,0.600937,0.0167817,74.9345
750,105.5,80,0.0167678,0.600954,0.0167678,74.897
750,105.5,80,0.0167523,0.600974,0.0167523,74.9002
750,105.5,80,0.0167371,0.600992,0.0167371,74.8558
750,105.5,80,0.0167058,0.601016,0.0167058,74.1886
750,105.5,80,0.0166912,0.601035,0.0166912,74.9279
750,105.5,80,0.0166763,0.601053,0.0166763,74.798
750,105.5,80,0.0166613,0.60107,0.0166613,74.7159
750,105.5,80,0.0166462,0.601088,0.0166462,74.7608
750,105.5,80,0.0166297,0.601104,0.0166297,74.5706
750,105.5,80,0.0166147,0.601121,0.0166147,74.6982
750,105.5,80,0.0166006,0.601138,0.0166006,74.7441
750,105.5,80,0.0165871,0.601155,0.0165871,74.8242
750,105.5,80,0.0165733,0.601172,0.0165733,74.7562
750,105.5,80,0.0165606,0.601191,0.0165606,74.9841
750,105.5,80,0.0165473,0.601209,0.0165473,74.839
750,105.5,80,0.0165173,0.601227,0.0165173,73.6342
750,105.5,80,0.0165024,0.601249,0.0165024,74.9242
750,105.5,80,0.016487,0.601268,0.016487,74.7232
750,105.5,80,0.0164719,0.601285,0.0164719,74.5786
750,105.5,80,0.0164547,0.601302,0.0164547,74.4959
750,105.5,80,0.0164386,0.601319,0.0164386,74.4779
750,105.5,80,0.0164214,0.60134,0.0164214,74.6859
750,105.5,80,0.0163867,0.601363,0.0163867,73.7379
750,105.5,80,0.0163685,0.601382,0.0163685,74.496
750,105.5,80,0.0163524,0.601398,0.0163524,74.4252
750,105.5,80,0.0163367,0.601415,0.0163367,74.5015
750,105.5,80,0.0163209,0.601432,0.0163209,74.4341
750,105.5,80,0.0163036,0.601448,0.0163036,74.323
750,105.5,80,0.0162873,0.601465,0.0162873,74.3656
750,105.5,80,0.016271,0.601482,0.016271,74.4007
750,105.5,80,0.0162541,0.601498,0.0162541,74.3283
750,105.5,80,0.0162384,0.601516,0.0162384,74.456
750,105.5,80,0.016223,0.601532,0.016223,74.4006
750,105.5,80,0.0162075,0.601549,0.0162075,74.4815
750,105.5,80,0.0161915,0.601567,0.0161915,74.4232
750,105.5,80,0.0161738,0.601585,0.0161738,74.3077
750,105.5,80,0.0161411,0.601606,0.0161411,73.6342
750,105.5,80,0.0161244,0.601625,0.0161244,74.4241
750,105.5,80,0.0161093,0.601642,0.0161093,74.3717
750,105.5,80,0.0160942,0.601659,0.0160942,74.4021
750,105.5,80,0.0160786,0.601675,0.0160786,74.3233
750,105.5,80,0.0160614,0.601693,0.0160614,74.2778
750,105.5,80,0.0160454,0.601709,0.0160454,74.2362
750,105.5,80,0.0160302,0.601725,0.0160302,74.2892
750,105.5,80,0.016016,0.601742,0.016016,74.4159
750,105.5,80,0.0160024,0.60176,0.0160024,74.5205
750,105.5,80,0.0159878,0.601776,0.0159878,74.34
750,105.5,80,0.0159589,0.601799,0.0159589,73.831
750,105.5,80,0.0159439,0.601818,0.0159439,74.424
750,105.5,80,0.0159275,0.601835,0.0159275,74.2449
750,105.5,80,0.015913,0.601852,0.015913,74.326
750,105.5,80,0.0158988,0.601868,0.0158988,74.292
750,105.5,80,0.0158847,0.601884,0.0158847,74.2817
750,105.5,80,0.0158694,0.6019,0.0158694,74.1833
750,105.5,80,0.0158545,0.601916,0.0158545,74.2064
750,105.5,80,0.0158396,0.601932,0.0158396,74.2373
750,105.5,80,0.0158252,0.601949,0.0158252,74.2706
750,105.5,80,0.0158108,0.601964,0.0158108,74.2104
750,105.5,80,0.0157958,0.60198,0.0157958,74.1601
750,105.5,80,0.0157825,0.601997,0.0157825,74.3252
750,105.5,80,0.0157555,0.602023,0.0157555,74.047
750,105.5,80,0.0151804,0.602558,0.0151804,73.6503
750,105.5,80,0.0151635,0.602577,0.0151635,73.8285
750,105.5,80,0.015126,0.6026,0.015126,73.0016
750,105.5,80,0.0151078,0.602617,0.0151078,73.5499
750,105.5,80,0.01509,0.602632,0.01509,73.5391
750,105.5,80,0.015072,0.602648,0.015072,73.4453
750,105.5,80,0.0150728,0.602663,0.0150728,74.95
750,105.5,80,0.0150532,0.602678,0.0150532,73.303
750,105.5,80,0.0150348,0.602693,0.0150348,73.3852
750,105.5,80,0.0150165,0.602708,0.0150165,73.4019
750,105.5,80,0.0149988,0.602723,0.0149988,73.4183
750,105.5,80,0.0149805,0.602738,0.0149805,73.3621
750,105.5,80,0.0149639,0.602754,0.0149639,73.5558
750,105.5,80,0.0149466,0.60277,0.0149466,73.472
750,105.5,80,0.0149282,0.602785,0.0149282,73.4073
750,105.5,80,0.0148912,0.602803,0.0148912,72.2704
750,105.5,80,0.014874,0.602824,0.014874,73.7879
750,105.5,80,0.0148569,0.602839,0.0148569,73.3892
750,105.5,80,0.0148383,0.602855,0.0148383,73.2788
750,105.5,80,0.0148208,0.602869,0.0148208,73.3187
750,105.5,80,0.0148031,0.602885,0.0148031,73.3782
750,105.5,80,0.0147859,0.6029,0.0147859,73.3413
750,105.5,80,0.0147683,0.602915,0.0147683,73.3238
750,105.5,80,0.0147518,0.60293,0.0147518,73.3571
750,105.5,80,0.0147352,0.602949,0.0147352,73.5869
750,105.5,80,0.0147182,0.602964,0.0147182,73.3505
750,105.5,80,0.0146826,0.60298,0.0146826,71.9809
750,105.5,80,0.0146659,0.603,0.0146659,73.6314
750,105.5,80,0.0146499,0.603016,0.0146499,73.461
750,105.5,80,0.0146338,0.603031,0.0146338,73.3307
750,105.5,80,0.0146162,0.603046,0.0146162,73.2037
750,105.5,80,0.0145998,0.60306,0.0145998,73.2557
750,105.5,80,0.0145836,0.603075,0.0145836,73.2865
750,105.5,80,0.0145689,0.603091,0.0145689,73.4776
750,105.5,80,0.014553,0.603106,0.014553,73.2642
750,105.5,80,0.0145392,0.60312,0.0145392,73.4307
750,105.5,80,0.0145252,0.603135,0.0145252,73.4376
750,105.5,80,0.0145112,0.60315,0.0145112,73.3946
750,105.5,80,0.0144964,0.603165,0.0144964,73.3757
750,105.5,80,0.0144806,0.603179,0.0144806,73.2371
750,105.5,80,0.014466,0.603195,0.014466,73.4017
750,105.5,80,0.0144521,0.60321,0.0144521,73.3952
750,105.5,80,0.0144379,0.603225,0.0144379,73.4226
750,105.5,80,0.0144244,0.60324,0.0144244,73.4208
750,105.5,80,0.0143939,0.603257,0.0143939,72.3332
750,105.5,80,0.0143778,0.603275,0.0143778,73.4106
750,105.5,80,0.0143599,0.603292,0.0143599,73.1611
750,105.5,80,0.0143437,0.603306,0.0143437,73.1116
750,105.5,80,0.0143279,0.603321,0.0143279,73.2123
750,105.5,80,0.0143131,0.603336,0.0143131,73.2078
750,105.5,80,0.0142966,0.60335,0.0142966,73.0557
750,105.5,80,0.014282,0.603364,0.014282,73.1949
750,105.5,80,0.014264,0.603379,0.014264,72.9473
750,105.5,80,0.0142501,0.603394,0.0142501,73.3383
750,105.5,80,0.014236,0.603409,0.014236,73.2646
750,105.5,80,0.0142234,0.603424,0.0142234,73.3238
750,105.5,80,0.0142108,0.603438,0.0142108,73.3354
750,105.5,80,0.0141984,0.603453,0.0141984,73.3564
750,105.5,80,0.0141842,0.603468,0.0141842,73.2579
750,105.5,80,0.0141701,0.603483,0.0141701,73.2238
750,105.5,80,0.0141406,0.603503,0.0141406,72.5441
750,105.5,80,0.0141258,0.603519,0.0141258,73.2417
750,105.5,80,0.01411,0.603534,0.01411,73.0427
750,105.5,80,0.0140951,0.603548,0.0140951,73.0905
750,105.5,80,0.0140805,0.603563,0.0140805,73.1503
750,105.5,80,0.014065,0.603578,0.014065,73.0333
750,105.5,80,0.0140493,0.603593,0.0140493,73.0669
750,105.5,80,0.0140324,0.603609,0.0140324,72.9623
750,105.5,80,0.0140034,0.603625,0.0140034,72.2046
750,105.5,80,0.0139894,0.603639,0.0139894,73.0633
750,105.5,80,0.0139736,0.603658,0.0139736,73.2495
750,105.5,80,0.0139591,0.603673,0.0139591,73.046
750,105.5,80,0.0139436,0.603688,0.0139436,72.9895
750,105.5,80,0.0139279,0.603702,0.0139279,72.9154
750,105.5,80,0.0139127,0.603717,0.0139127,72.9989
750,105.5,80,0.013897,0.603731,0.013897,72.8809
750,105.5,80,0.0138823,0.603746,0.0138823,73.026
750,105.5,80,0.0138678,0.603761,0.0138678,73.0096
750,105.5,80,0.0138362,0.603777,0.0138362,71.9068
750,105.5,80,0.0138201,0.603796,0.0138201,73.1155
750,105.5,80,0.0138044,0.603812,0.0138044,72.946
750,105.5,80,0.013789,0.603826,0.013789,72.8594
750,105.5,80,0.0137738,0.60384,0.0137738,72.876
750,105.5,80,0.0137567,0.603854,0.0137567,72.6755
750,105.5,80,0.0137404,0.60387,0.0137404,72.8351
750,105.5,80,0.0137244,0.603885,0.0137244,72.8275
750,105.5,80,0.0136917,0.6039,0.0136917,71.7273
750,105.5,80,0.0136769,0.603916,0.0136769,72.8974
750,105.5,80,0.013662,0.603933,0.013662,73.0315
750,105.5,80,0.0136461,0.603949,0.0136461,72.8698
750,105.5,80,0.0136308,0.603965,0.0136308,72.9041
750,105.5,80,0.0136152,0.603981,0.0136152,72.8765
750,105.5,80,0.0135845,0.604001,0.0135845,72.2019
750,105.5,80,0.0135685,0.604017,0.0135685,72.8076
750,105.5,80,0.0135539,0.604031,0.0135539,72.7667
750,105.5,80,0.0135395,0.604044,0.0135395,72.7291
750,105.5,80,0.0135246,0.604058,0.0135246,72.7261
750,105.5,80,0.0135082,0.604072,0.0135082,72.6037
750,105.5,80,0.0134931,0.604089,0.0134931,72.8788
750,105.5,80,0.0134784,0.604103,0.0134784,72.7016
750,105.5,80,0.0134492,0.604122,0.0134492,72.159
750,105.5,80,0.0134354,0.604138,0.0134354,72.863
750,105.5,80,0.013421,0.604151,0.013421,72.6554
750,105.5,80,0.0134067,0.604165,0.0134067,72.6488
750,105.5,80,0.0133905,0.604178,0.0133905,72.5095
750,105.5,80,0.0133754,0.604192,0.0133754,72.5695
750,105.5,80,0.0133609,0.604205,0.0133609,72.6232
750,105.5,80,0.0133461,0.604219,0.0133461,72.6299
750,105.5,80,0.0133324,0.604233,0.0133324,72.7081
750,105.5,80,0.0133184,0.604247,0.0133184,72.6242
750,105.5,80,0.0133041,0.60426,0.0133041,72.5802
750,105.5,80,0.0132895,0.604273,0.0132895,72.5681
750,105.5,80,0.0132741,0.604287,0.0132741,72.5405
750,105.5,80,0.013261,0.604301,0.013261,72.6759
750,105.5,80,0.0132484,0.604315,0.0132484,72.7341
750,105.5,80,0.0132352,0.604329,0.0132352,72.6731
750,105.5,80,0.0132224,0.604343,0.0132224,72.7279
750,105.5,80,0.013195,0.604357,0.013195,71.6355
750,105.5,80,0.0131807,0.604376,0.0131807,72.8419
750,105.5,80,0.0131648,0.60439,0.0131648,72.4208
750,105.5,80,0.0131502,0.604404,0.0131502,72.516
750,105.5,80,0.0131362,0.604417,0.0131362,72.4989
750,105.5,80,0.013122,0.60443,0.013122,72.4749
750,105.5,80,0.0131058,0.604443,0.0131058,72.3007
750,105.5,80,0.0130743,0.604466,0.0130743,72.1389
750,105.5,80,0.0130592,0.604482,0.0130592,72.5528
750,105.5,80,0.0130433,0.604495,0.0130433,72.2941
750,105.5,80,0.0130292,0.604508,0.0130292,72.4199
750,105.5,80,0.0130156,0.604521,0.0130156,72.5032
750,105.5,80,0.0130023,0.604535,0.0130023,72.4786
750,105.5,80,0.0129875,0.604548,0.0129875,72.3899
750,105.5,80,0.0129736,0.604561,0.0129736,72.402
750,105.5,80,0.01296,0.604575,0.01296,72.4635
750,105.5,80,0.0129473,0.604588,0.0129473,72.4824
750,105.5,80,0.0129337,0.604601,0.0129337,72.4281
750,105.5,80,0.0129214,0.604614,0.0129214,72.5188
750,105.5,80,0.012894,0.604635,0.012894,72.0906
750,105.5,80,0.0128795,0.60465,0.0128795,72.4884
750,105.5,80,0.0128649,0.604665,0.0128649,72.4125
750,105.5,80,0.01285,0.604679,0.01285,72.31
750,105.5,80,0.0128343,0.604693,0.0128343,72.3067
750,105.5,80,0.0128052,0.604712,0.0128052,71.828
750,105.5,80,0.0127903,0.604727,0.0127903,72.3588
750,105.5,80,0.0127744,0.60474,0.0127744,72.1092
750,105.5,80,0.0127593,0.604753,0.0127593,72.2039
750,105.5,80,0.0127444,0.604766,0.0127444,72.1711
750,105.5,80,0.0127307,0.604779,0.0127307,72.2739
750,105.5,80,0.0127173,0.604791,0.0127173,72.2699
750,105.5,80,0.0127031,0.604804,0.0127031,72.2045
750,105.5,80,0.0126901,0.604817,0.0126901,72.2815
750,105.5,80,0.0126762,0.60483,0.0126762,72.2381
750,105.5,80,0.0126627,0.604843,0.0126627,72.2391
750,105.5,80,0.0126475,0.604857,0.0126475,72.2485
750,105.5,80,0.0126335,0.604871,0.0126335,72.2747
750,105.5,80,0.0126201,0.604885,0.0126201,72.2715
750,105.5,80,0.0125926,0.604898,0.0125926,71.1872
750,105.5,80,0.0125787,0.604911,0.0125787,72.1861
750,105.5,80,0.012564,0.604929,0.012564,72.408
750,105.5,80,0.0125497,0.604942,0.0125497,72.1595
750,105.5,80,0.0125337,0.604955,0.0125337,71.9502
750,105.5,80,0.0125196,0.604968,0.0125196,72.1073
750,105.5,80,0.0125052,0.60498,0.0125052,72.0535
750,105.5,80,0.0124913,0.604993,0.0124913,72.0921
750,105.5,80,0.0124736,0.605006,0.0124736,71.8557
750,105.5,80,0.012459,0.605019,0.012459,72.0173
750,105.5,80,0.012444,0.605031,0.012444,71.9602
750,105.5,80,0.012432,0.605046,0.012432,72.3452
750,105.5,80,0.0124183,0.605058,0.0124183,72.0517
750,105.5,80,0.012388,0.605077,0.012388,71.5239
750,105.5,80,0.0123743,0.605091,0.0123743,72.1525
750,105.5,80,0.0123592,0.605103,0.0123592,71.8948
750,105.5,80,0.0123452,0.605116,0.0123452,71.9898
750,105.5,80,0.0123311,0.605128,0.0123311,71.9697
750,105.5,80,0.0123176,0.60514,0.0123176,72.0049
750,105.5,80,0.0123038,0.605153,0.0123038,71.9793
750,105.5,80,0.0122911,0.605165,0.0122911,72.0498
750,105.5,80,0.0122777,0.605179,0.0122777,72.0769
750,105.5,80,0.0122637,0.605191,0.0122637,71.9288
750,105.5,80,0.0122652,0.605204,0.0122652,73.1632
750,105.5,80,0.0122498,0.605216,0.0122498,71.8084
750,105.5,80,0.0122357,0.605229,0.0122357,71.9446
750,105.5,80,0.0122217,0.605241,0.0122217,71.9
750,105.5,80,0.0122076,0.605253,0.0122076,71.9135
750,105.5,80,0.0121947,0.605266,0.0121947,71.9691
750,105.5,80,0.0121815,0.605278,0.0121815,71.982
750,105.5,80,0.0121675,0.605291,0.0121675,71.8814
750,105.5,80,0.0121519,0.605304,0.0121519,71.7906
750,105.5,80,0.0121372,0.605316,0.0121372,71.7856
750,105.5,80,0.0121224,0.605329,0.0121224,71.8868
750,105.5,80,0.0120938,0.605345,0.0120938,71.2446
750,105.5,80,0.0120806,0.605359,0.0120806,72.0101
750,105.5,80,0.0120666,0.605372,0.0120666,71.8686
750,105.5,80,0.0120536,0.605385,0.0120536,71.8963
750,105.5,80,0.0120395,0.605397,0.0120395,71.7747
750,105.5,80,0.0120268,0.605409,0.0120268,71.8767
750,105.5,80,0.0120152,0.605421,0.0120152,71.9553
750,105.5,80,0.0120039,0.605433,0.0120039,71.9723
750,105.5,80,0.0119935,0.605446,0.0119935,72.1361
750,105.5,80,0.0119822,0.605461,0.0119822,72.1381
750,105.5,80,0.01196,0.605474,0.01196,71.1975
750,105.5,80,0.0119484,0.605491,0.0119484,72.1778
750,105.5,80,0.0119352,0.605504,0.0119352,71.8464
750,105.5,80,0.0119229,0.605516,0.0119229,71.894
750,105.5,80,0.0119107,0.60553,0.0119107,71.944
750,105.5,80,0.0118944,0.605544,0.0118944,71.7032
750,105.5,80,0.0118822,0.605557,0.0118822,71.8954
750,105.5,80,0.0118559,0.605569,0.0118559,70.7979
750,105.5,80,0.0118434,0.605586,0.0118434,72.0672
750,105.5,80,0.0118283,0.605599,0.0118283,71.6141
750,105.5,80,0.011815,0.60561,0.011815,71.6875
750,105.5,80,0.0118022,0.605622,0.0118022,71.7219
750,105.5,80,0.0117888,0.605634,0.0117888,71.6648
750,105.5,80,0.0117768,0.605646,0.0117768,71.7746
750,105.5,80,0.011765,0.605658,0.011765,71.8058
750,105.5,80,0.0117524,0.60567,0.0117524,71.7055
750,105.5,80,0.01174,0.605681,0.01174,71.7065
750,105.5,80,0.011726,0.605694,0.011726,71.6431
750,105.5,80,0.011714,0.605706,0.011714,71.7291
750,105.5,80,0.011702,0.605717,0.011702,71.7191
750,105.5,80,0.0116905,0.605729,0.0116905,71.7538
750,105.5,80,0.011678,0.605741,0.011678,71.6687
750,105.5,80,0.0116666,0.605752,0.0116666,71.7427
750,105.5,80,0.0116541,0.605764,0.0116541,71.6695
750,105.5,80,0.0116408,0.605776,0.0116408,71.5752
750,105.5,80,0.0116261,0.605788,0.0116261,71.4559
750,105.5,80,0.011613,0.605799,0.011613,71.5975
750,105.5,80,0.0115997,0.605811,0.0115997,71.5526
750,105.5,80,0.011587,0.605823,0.011587,71.5854
750,105.5,80,0.0115744,0.605837,0.0115744,71.7682
750,105.5,80,0.0115468,0.605853,0.0115468,71.0183
750,105.5,80,0.0115333,0.605866,0.0115333,71.6265
750,105.5,80,0.0115197,0.605879,0.0115197,71.5731
750,105.5,80,0.0115059,0.605891,0.0115059,71.519
750,105.5,80,0.0114936,0.605903,0.0114936,71.5571
750,105.5,80,0.0114821,0.605915,0.0114821,71.6566
750,105.5,80,0.0114702,0.605926,0.0114702,71.5939
750,105.5,80,0.0114587,0.605939,0.0114587,71.7085
750,105.5,80,0.0114322,0.605952,0.0114322,70.5934
750,105.5,80,0.0114193,0.605969,0.0114193,71.7778
750,105.5,80,0.0114055,0.605981,0.0114055,71.4569
750,105.5,80,0.0113929,0.605994,0.0113929,71.6033
750,105.5,80,0.0113806,0.606006,0.0113806,71.5105
750,105.5,80,0.011368,0.606018,0.011368,71.5313
750,105.5,80,0.0113556,0.60603,0.0113556,71.4893
750,105.5,80,0.0113414,0.606042,0.0113414,71.4214
750,105.5,80,0.011328,0.606054,0.011328,71.4303
750,105.5,80,0.0113023,0.60607,0.0113023,70.975
750,105.5,80,0.0112899,0.606083,0.0112899,71.5125
750,105.5,80,0.0112767,0.606096,0.0112767,71.477
750,105.5,80,0.0112642,0.606107,0.0112642,71.4201
750,105.5,80,0.0112514,0.606119,0.0112514,71.4058
750,105.5,80,0.0112375,0.606131,0.0112375,71.3034
750,105.5,80,0.0112235,0.606144,0.0112235,71.4167
750,105.5,80,0.0111941,0.606156,0.0111941,70.2076
750,105.5,80,0.0111803,0.606172,0.0111803,71.5356
750,105.5,80,0.0111662,0.606184,0.0111662,71.2668
750,105.5,80,0.0111506,0.606196,0.0111506,71.1598
750,105.5,80,0.0111362,0.606207,0.0111362,71.1573
750,105.5,80,0.0111213,0.606219,0.0111213,71.1971
750,105.5,80,0.0111064,0.60623,0.0111064,71.0953
750,105.5,80,0.0110913,0.606242,0.0110913,71.1688
750,105.5,80,0.0110779,0.606254,0.0110779,71.2268
750,105.5,80,0.0110646,0.606266,0.0110646,71.2725
750,105.5,80,0.0110508,0.606278,0.0110508,71.2477
750,105.5,80,0.0110204,0.606293,0.0110204,70.454
750,105.5,80,0.0110048,0.606305,0.0110048,71.1409
750,105.5,80,0.0109891,0.606317,0.0109891,71.0133
750,105.5,80,0.0109724,0.606328,0.0109724,70.8592
750,105.5,80,0.0109574,0.60634,0.0109574,71.0858
750,105.5,80,0.010942,0.606351,0.010942,70.9853
750,105.5,80,0.0109261,0.606362,0.0109261,70.8968
750,105.5,80,0.0109084,0.606373,0.0109084,70.7399
750,105.5,80,0.010892,0.606384,0.010892,70.8476
750,105.5,80,0.0108768,0.606395,0.0108768,70.9197
750,105.5,80,0.0108613,0.606406,0.0108613,70.9119
750,105.5,80,0.0108476,0.606418,0.0108476,71.0708
750,105.5,80,0.0108339,0.60643,0.0108339,71.1486
750,105.5,80,0.0108201,0.606442,0.0108201,71.0646
750,105.5,80,0.0107913,0.606453,0.0107913,69.9492
750,105.5,80,0.0107773,0.606466,0.0107773,71.136
750,105.5,80,0.0107642,0.606479,0.0107642,71.1889
750,105.5,80,0.0107517,0.60649,0.0107517,71.0469
750,105.5,80,0.0107379,0.606501,0.0107379,70.9654
750,105.5,80,0.0107249,0.606512,0.0107249,71.0347
750,105.5,80,0.0107113,0.606524,0.0107113,71.0003
750,105.5,80,0.0106975,0.606534,0.0106975,70.9087
750,105.5,80,0.0106832,0.606545,0.0106832,70.8584
750,105.5,80,0.0106679,0.606556,0.0106679,70.7669
750,105.5,80,0.0106539,0.606567,0.0106539,70.8782
750,105.5,80,0.0106402,0.606577,0.0106402,70.8764
750,105.5,80,0.0106267,0.606588,0.0106267,70.8876
750,105.5,80,0.0106112,0.606598,0.0106112,70.7163
750,105.5,80,0.0105968,0.60661,0.0105968,70.9286
750,105.5,80,0.0105824,0.606622,0.0105824,70.8251
750,105.5,80,0.0105679,0.606633,0.0105679,70.8251
750,105.5,80,0.010553,0.606644,0.010553,70.7828
750,105.5,80,0.0105269,0.606658,0.0105269,70.3752
750,105.5,80,0.0105138,0.606671,0.0105138,70.995
750,105.5,80,0.0104993,0.606681,0.0104993,70.7197
750,105.5,80,0.0104857,0.606692,0.0104857,70.7889
750,105.5,80,0.0104718,0.606703,0.0104718,70.8035
750,105.5,80,0.0104582,0.606713,0.0104582,70.7623
750,105.5,80,0.0104445,0.606724,0.0104445,70.748
750,105.5,80,0.0104303,0.606734,0.0104303,70.6998
750,105.5,80,0.0104176,0.606744,0.0104176,70.8086
750,105.5,80,0.0104048,0.606755,0.0104048,70.797
750,105.5,80,0.0103907,0.606765,0.0103907,70.6817
750,105.5,80,0.0103749,0.606776,0.0103749,70.5336
750,105.5,80,0.0103599,0.606786,0.0103599,70.606
750,105.5,80,0.0103454,0.606797,0.0103454,70.6324
750,105.5,80,0.010331,0.606808,0.010331,70.7544
750,105.5,80,0.0103156,0.606819,0.0103156,70.5511
750,105.5,80,0.0103012,0.606831,0.0103012,70.7219
750,105.5,80,0.0102701,0.606842,0.0102701,69.5153
750,105.5,80,0.0102539,0.606857,0.0102539,70.8111
750,105.5,80,0.0102376,0.606868,0.0102376,70.4992
750,105.5,80,0.0102224,0.60688,0.0102224,70.6639
750,105.5,80,0.0102059,0.606891,0.0102059,70.4262
750,105.5,80,0.0101905,0.606903,0.0101905,70.6157
750,105.5,80,0.0101594,0.606914,0.0101594,69.3472
750,105.5,80,0.0101422,0.606927,0.0101422,70.5939
750,105.5,80,0.010126,0.606939,0.010126,70.5069
750,105.5,80,0.0101106,0.606949,0.0101106,70.4319
750,105.5,80,0.0100962,0.60696,0.0100962,70.4825
750,105.5,80,0.010081,0.60697,0.010081,70.4475
750,105.5,80,0.010067,0.60698,0.010067,70.4767
750,105.5,80,0.0100522,0.606991,0.0100522,70.4135
750,105.5,80,0.0100375,0.607001,0.0100375,70.4019
750,105.5,80,0.0100214,0.607012,0.0100214,70.3804
750,105.5,80,0.0100061,0.607022,0.0100061,70.3267
750,105.5,80,0.0099912,0.607033,0.0099912,70.4482
750,105.5,80,0.00996088,0.607047,0.00996088,69.7911
750,105.5,80,0.0099429,0.607058,0.0099429,70.2708
750,105.5,80,0.0099258,0.607069,0.0099258,70.1477
750,105.5,80,0.00990841,0.607079,0.00990841,70.1442
750,105.5,80,0.00989141,0.607089,0.00989141,70.1071
750,105.5,80,0.00987073,0.607099,0.00987073,69.9284
750,105.5,80,0.00985704,0.60711,0.00985704,70.4229
750,105.5,80,0.00984101,0.607121,0.00984101,70.2587
750,105.5,80,0.00982084,0.607132,0.00982084,69.9551
750,105.5,80,0.00978833,0.607146,0.00978833,69.5709
750,105.5,80,0.00977327,0.607157,0.00977327,70.3776
750,105.5,80,0.00975785,0.60717,0.00975785,70.443
750,105.5,80,0.00974339,0.60718,0.00974339,70.2596
750,105.5,80,0.00971336,0.607194,0.00971336,69.6671
750,105.5,80,0.00969738,0.607205,0.00969738,70.2101
750,105.5,80,0.00968081,0.607215,0.00968081,70.0261
750,105.5,80,0.00966541,0.607225,0.00966541,70.1096
750,105.5,80,0.00964996,0.607235,0.00964996,70.1302
750,105.5,80,0.00965142,0.607245,0.00965142,71.4196
750,105.5,80,0.00961743,0.607255,0.00961743,68.5764
750,105.5,80,0.0096006,0.607264,0.0096006,69.9283
750,105.5,80,0.00958423,0.607274,0.00958423,69.9884
750,105.5,80,0.00958544,0.607284,0.00958544,71.3498
750,105.5,80,0.0095681,0.607294,0.0095681,69.8742
750,105.5,80,0.00955263,0.607304,0.00955263,69.999
750,105.5,80,0.00953723,0.607313,0.00953723,69.9936
750,105.5,80,0.00952207,0.607323,0.00952207,70.0014
750,105.5,80,0.00950607,0.607332,0.00950607,69.9236
750,105.5,80,0.00948983,0.607342,0.00948983,69.8942
750,105.5,80,0.00947391,0.607352,0.00947391,70.0346
750,105.5,80,0.00945838,0.607362,0.00945838,69.9734
750,105.5,80,0.00944151,0.607372,0.00944151,69.8748
750,105.5,80,0.00942651,0.607382,0.00942651,70.0074
750,105.5,80,0.00939271,0.607396,0.00939271,69.2867
750,105.5,80,0.00937551,0.607406,0.00937551,69.8535
750,105.5,80,0.00935928,0.607416,0.00935928,69.8744
750,105.5,80,0.0093431,0.607425,0.0093431,69.7972
750,105.5,80,0.00932735,0.607434,0.00932735,69.8209
750,105.5,80,0.00931014,0.607444,0.00931014,69.6913
750,105.5,80,0.00929376,0.607454,0.00929376,69.8367
750,105.5,80,0.00927714,0.607463,0.00927714,69.7156
750,105.5,80,0.00926055,0.607473,0.00926055,69.7581
750,105.5,80,0.00924423,0.607482,0.00924423,69.7183
750,105.5,80,0.00922731,0.607491,0.00922731,69.6579
750,105.5,80,0.00921224,0.6075,0.00921224,69.7952
750,105.5,80,0.00919795,0.60751,0.00919795,69.8944
750,105.5,80,0.00918317,0.607519,0.00918317,69.7998
750,105.5,80,0.00916665,0.607529,0.00916665,69.7035
750,105.5,80,0.00915039,0.607538,0.00915039,69.6586
750,105.5,80,0.00913671,0.607547,0.00913671,69.8943
750,105.5,80,0.00912117,0.607557,0.00912117,69.7276
750,105.5,80,0.00910553,0.607566,0.00910553,69.7525
750,105.5,80,0.00907168,0.607576,0.00907168,68.2604
750,105.5,80,0.00905551,0.607589,0.00905551,70.0095
750,105.5,80,0.00903908,0.607599,0.00903908,69.647
750,105.5,80,0.00902204,0.607608,0.00902204,69.544
750,105.5,80,0.00900656,0.607618,0.00900656,69.7689
750,105.5,80,0.0089921,0.607628,0.0089921,69.8291
750,105.5,80,0.00897708,0.607638,0.00897708,69.6965
750,105.5,80,0.00896139,0.607648,0.00896139,69.7298
750,105.5,80,0.00892769,0.607657,0.00892769,68.2166
750,105.5,80,0.00891101,0.607666,0.00891101,69.4596
750,105.5,80,0.00889328,0.607678,0.00889328,69.7406
750,105.5,80,0.00887663,0.607689,0.00887663,69.5981
750,105.5,80,0.00885985,0.607697,0.00885985,69.4153
750,105.5,80,0.0088423,0.607707,0.0088423,69.4375
750,105.5,80,0.00882486,0.607716,0.00882486,69.3383
750,105.5,80,0.00880649,0.607725,0.00880649,69.2511
750,105.5,80,0.00879,0.607733,0.00879,69.3902
750,105.5,80,0.00877384,0.607742,0.00877384,69.4481
750,105.5,80,0.00875737,0.607751,0.00875737,69.3698
750,105.5,80,0.00873892,0.60776,0.00873892,69.1987
750,105.5,80,0.00872121,0.607769,0.00872121,69.245
750,105.5,80,0.00870276,0.607778,0.00870276,69.251
750,105.5,80,0.00868408,0.607787,0.00868408,69.1935
750,105.5,80,0.0086644,0.607796,0.0086644,69.0824
750,105.5,80,0.00864576,0.607804,0.00864576,69.1283
750,105.5,80,0.00862674,0.607814,0.00862674,69.1647
750,105.5,80,0.00860692,0.607822,0.00860692,69.0245
750,105.5,80,0.00858565,0.607834,0.00858565,69.3405
750,105.5,80,0.00854717,0.607844,0.00854717,67.9552
750,105.5,80,0.00852845,0.607853,0.00852845,69.0918
750,105.5,80,0.00850867,0.607862,0.00850867,68.9302
750,105.5,80,0.00849069,0.607871,0.00849069,69.0901
750,105.5,80,0.00847271,0.607879,0.00847271,69.0487
750,105.5,80,0.00845375,0.607888,0.00845375,69.0699
750,105.5,80,0.00843711,0.607897,0.00843711,69.1309
750,105.5,80,0.00842048,0.607905,0.00842048,69.1192
750,105.5,80,0.0084039,0.607913,0.0084039,69.1134
750,105.5,80,0.00838635,0.607922,0.00838635,69.0216
750,105.5,80,0.00836686,0.60793,0.00836686,68.8542
750,105.5,80,0.00834868,0.607939,0.00834868,68.9454
750,105.5,80,0.00833103,0.607947,0.00833103,68.9754
750,105.5,80,0.00831219,0.607955,0.00831219,68.8676
750,105.5,80,0.00829488,0.607964,0.00829488,68.9763
750,105.5,80,0.0082775,0.607972,0.0082775,68.9887
750,105.5,80,0.00826036,0.60798,0.00826036,68.9673
750,105.5,80,0.00824238,0.607989,0.00824238,68.8984
750,105.5,80,0.00822662,0.607997,0.00822662,69.0544
750,105.5,80,0.00821132,0.608005,0.00821132,69.0887
750,105.5,80,0.00819635,0.608013,0.00819635,69.0963
750,105.5,80,0.00818047,0.608022,0.00818047,69.1244
750,105.5,80,0.00816304,0.60803,0.00816304,68.8765
750,105.5,80,0.008147,0.608039,0.008147,69.0547
750,105.5,80,0.00813147,0.608048,0.00813147,69.094
750,105.5,80,0.00809992,0.608057,0.00809992,67.9967
750,105.5,80,0.00808419,0.608065,0.00808419,68.9708
750,105.5,80,0.00806818,0.608075,0.00806818,69.1896
750,105.5,80,0.00805007,0.608085,0.00805007,68.8994
750,105.5,80,0.00803358,0.608093,0.00803358,68.9077
750,105.5,80,0.0080171,0.608101,0.0080171,68.85
750,105.5,80,0.00800103,0.608109,0.00800103,68.8884
750,105.5,80,0.00798319,0.608117,0.00798319,68.7166
750,105.5,80,0.00796669,0.608125,0.00796669,68.8355
750,105.5,80,0.00794976,0.608134,0.00794976,68.8551
750,105.5,80,0.0079328,0.608142,0.0079328,68.7525
750,105.5,80,0.00791636,0.608149,0.00791636,68.7825
750,105.5,80,0.0078989,0.608158,0.0078989,68.7196
750,105.5,80,0.00788333,0.608165,0.00788333,68.8284
750,105.5,80,0.00786752,0.608174,0.00786752,68.8352
750,105.5,80,0.0078494,0.608181,0.0078494,68.6016
750,105.5,80,0.00783296,0.608189,0.00783296,68.724
750,105.5,80,0.00781653,0.608197,0.00781653,68.7125
750,105.5,80,0.00780106,0.608205,0.00780106,68.7798
750,105.5,80,0.00778427,0.608213,0.00778427,68.7498
750,105.5,80,0.00776875,0.608222,0.00776875,68.9235
750,105.5,80,0.00773748,0.60823,0.00773748,67.6243
750,105.5,80,0.00772119,0.608241,0.00772119,68.9705
750,105.5,80,0.007704,0.60825,0.007704,68.7876
750,105.5,80,0.00768866,0.608258,0.00768866,68.8112
750,105.5,80,0.00767333,0.608266,0.00767333,68.7743
750,105.5,80,0.0076561,0.608275,0.0076561,68.7074
750,105.5,80,0.00763933,0.608283,0.00763933,68.6126
750,105.5,80,0.0076049,0.608291,0.0076049,67.4266
750,105.5,80,0.00758758,0.608302,0.00758758,68.8375
750,105.5,80,0.00756914,0.60831,0.00756914,68.573
750,105.5,80,0.00755258,0.608318,0.00755258,68.5181
750,105.5,80,0.00753586,0.608326,0.00753586,68.5547
750,105.5,80,0.00751971,0.608333,0.00751971,68.5289
750,105.5,80,0.00750191,0.608341,0.00750191,68.3833
750,105.5,80,0.00748624,0.608349,0.00748624,68.5706
750,105.5,80,0.007471,0.608356,0.007471,68.5885
750,105.5,80,0.00745581,0.608364,0.00745581,68.559
750,105.5,80,0.00744055,0.608371,0.00744055,68.5518
750,105.5,80,0.00742308,0.608379,0.00742308,68.3545
750,105.5,80,0.00740599,0.608387,0.00740599,68.5008
750,105.5,80,0.00738808,0.608394,0.00738808,68.2946
750,105.5,80,0.00737027,0.608403,0.00737027,68.509
750,105.5,80,0.00735093,0.608411,0.00735093,68.2732
750,105.5,80,0.00731452,0.608421,0.00731452,67.6627
750,105.5,80,0.00729523,0.608429,0.00729523,68.223
750,105.5,80,0.00727432,0.608437,0.00727432,68.0455
750,105.5,80,0.00725538,0.608444,0.00725538,68.1398
750,105.5,80,0.00723641,0.608452,0.00723641,68.2218
750,105.5,80,0.00721783,0.608459,0.00721783,68.1571
750,105.5,80,0.00719758,0.608467,0.00719758,68.062
750,105.5,80,0.00717935,0.608474,0.00717935,68.1221
750,105.5,80,0.00716081,0.608482,0.00716081,68.1451
750,105.5,80,0.00714284,0.608489,0.00714284,68.145
750,105.5,80,0.00712408,0.608496,0.00712408,68.0953
750,105.5,80,0.00710728,0.608504,0.00710728,68.2285
750,105.5,80,0.00707209,0.608512,0.00707209,67.045
750,105.5,80,0.00705362,0.608521,0.00705362,68.3103
750,105.5,80,0.00703409,0.608529,0.00703409,68.1698
750,105.5,80,0.00701611,0.608536,0.00701611,68.0595
750,105.5,80,0.00699874,0.608544,0.00699874,68.1466
750,105.5,80,0.00698161,0.608551,0.00698161,68.07
750,105.5,80,0.00696311,0.608558,0.00696311,67.9462
750,105.5,80,0.00694655,0.608565,0.00694655,68.089
750,105.5,80,0.00693041,0.608572,0.00693041,68.1127
750,105.5,80,0.00691407,0.608579,0.00691407,68.1105
750,105.5,80,0.00689917,0.608586,0.00689917,68.2252
750,105.5,80,0.00688453,0.608593,0.00688453,68.2001
750,105.5,80,0.00686895,0.6086,0.00686895,68.1138
750,105.5,80,0.00685279,0.608606,0.00685279,68.0553
750,105.5,80,0.00683506,0.608613,0.00683506,67.918
750,105.5,80,0.00681881,0.60862,0.00681881,68.0246
750,105.5,80,0.00680274,0.608627,0.00680274,68.1217
750,105.5,80,0.00678721,0.608634,0.00678721,68.0596
750,105.5,80,0.00677061,0.608641,0.00677061,67.9884
750,105.5,80,0.00675487,0.608648,0.00675487,68.0969
750,105.5,80,0.00673888,0.608656,0.00673888,68.1103
750,105.5,80,0.00670716,0.608663,0.00670716,66.8787
750,105.5,80,0.00668902,0.608672,0.00668902,68.1683
750,105.5,80,0.00667348,0.608679,0.00667348,68.0839
750,105.5,80,0.00666031,0.608686,0.00666031,68.2064
750,105.5,80,0.00664126,0.608693,0.00664126,67.6738
750,105.5,80,0.00662296,0.6087,0.00662296,67.7215
750,105.5,80,0.00660561,0.608707,0.00660561,67.8548
750,105.5,80,0.00658877,0.608714,0.00658877,67.8761
750,105.5,80,0.00657267,0.60872,0.00657267,67.8628
750,105.5,80,0.00655682,0.608728,0.00655682,68.015
750,105.5,80,0.00653899,0.608735,0.00653899,67.7987
750,105.5,80,0.00650573,0.608742,0.00650573,66.8463
750,105.5,80,0.00649033,0.608752,0.00649033,68.277
750,105.5,80,0.00647348,0.608759,0.00647348,67.8772
750,105.5,80,0.00645839,0.608766,0.00645839,67.9276
750,105.5,80,0.00644299,0.608773,0.00644299,67.9289
750,105.5,80,0.0064062,0.608783,0.0064062,67.121
750,105.5,80,0.00638917,0.608791,0.00638917,67.8738
750,105.5,80,0.00637271,0.608797,0.00637271,67.757
750,105.5,80,0.00635727,0.608805,0.00635727,67.9158
750,105.5,80,0.00634009,0.608812,0.00634009,67.7258
750,105.5,80,0.00630735,0.608821,0.00630735,67.2332
750,105.5,80,0.00629055,0.608828,0.00629055,67.7687
750,105.5,80,0.0062924,0.608835,0.0062924,69.0943
750,105.5,80,0.00627437,0.608841,0.00627437,67.5763
750,105.5,80,0.00625876,0.608848,0.00625876,67.6795
750,105.5,80,0.00624347,0.608854,0.00624347,67.6946
750,105.5,80,0.00622856,0.608861,0.00622856,67.8408
750,105.5,80,0.00621136,0.608867,0.00621136,67.5923
750,105.5,80,0.00619564,0.608874,0.00619564,67.6931
750,105.5,80,0.00618056,0.60888,0.00618056,67.6931
750,105.5,80,0.00614911,0.608888,0.00614911,66.6952
750,105.5,80,0.0061338,0.608896,0.0061338,67.9886
750,105.5,80,0.00611854,0.608903,0.00611854,67.7098
750,105.5,80,0.00610207,0.608909,0.00610207,67.52
750,105.5,80,0.00608363,0.608916,0.00608363,67.4375
750,105.5,80,0.00606647,0.608922,0.00606647,67.4192
750,105.5,80,0.00604959,0.608928,0.00604959,67.4303
750,105.5,80,0.00603247,0.608934,0.00603247,67.3972
750,105.5,80,0.00601546,0.608941,0.00601546,67.5232
750,105.5,80,0.00599676,0.608947,0.00599676,67.4074
750,105.5,80,0.00596179,0.608954,0.00596179,66.2472
750,105.5,80,0.00594527,0.60896,0.00594527,67.4081
750,105.5,80,0.00592776,0.608966,0.00592776,67.2916
750,105.5,80,0.00591171,0.608974,0.00591171,67.7309
750,105.5,80,0.00589517,0.608981,0.00589517,67.4926
750,105.5,80,0.00587874,0.608987,0.00587874,67.3439
750,105.5,80,0.00586015,0.608993,0.00586015,67.2309
750,105.5,80,0.00584641,0.608999,0.00584641,67.5356
750,105.5,80,0.00583071,0.609004,0.00583071,67.3685
750,105.5,80,0.00581523,0.609011,0.00581523,67.5093
750,105.5,80,0.0057974,0.609017,0.0057974,67.3008
750,105.5,80,0.00578085,0.609023,0.00578085,67.3005
750,105.5,80,0.00576368,0.60903,0.00576368,67.3024
750,105.5,80,0.00572928,0.609036,0.00572928,65.9865
750,105.5,80,0.00571402,0.609042,0.00571402,67.4878
750,105.5,80,0.0056978,0.609049,0.0056978,67.4239
750,105.5,80,0.00567977,0.609056,0.00567977,67.2843
750,105.5,80,0.00566276,0.609061,0.00566276,67.1429
750,105.5,80,0.00564665,0.609067,0.00564665,67.2593
750,105.5,80,0.00563096,0.609073,0.00563096,67.2658
750,105.5,80,0.00561565,0.60908,0.00561565,67.4489
750,105.5,80,0.0055997,0.609085,0.0055997,67.1833
750,105.5,80,0.00558473,0.609092,0.00558473,67.4462
750,105.5,80,0.00555202,0.609099,0.00555202,66.4484
750,105.5,80,0.00553678,0.609106,0.00553678,67.3691
750,105.5,80,0.00552205,0.609112,0.00552205,67.2803
750,105.5,80,0.00550775,0.609117,0.00550775,67.2575
750,105.5,80,0.00549348,0.609123,0.00549348,67.2414
750,105.5,80,0.00547817,0.609128,0.00547817,67.1597
750,105.5,80,0.00546289,0.609134,0.00546289,67.1388
750,105.5,80,0.00544739,0.609139,0.00544739,67.1433
750,105.5,80,0.00543083,0.609145,0.00543083,67.0134
750,105.5,80,0.00541589,0.60915,0.00541589,67.1327
750,105.5,80,0.00540048,0.609156,0.00540048,67.0838
750,105.5,80,0.00538469,0.609161,0.00538469,67.1006
750,105.5,80,0.00536725,0.609167,0.00536725,66.8981
750,105.5,80,0.0053504,0.609172,0.0053504,66.9376
750,105.5,80,0.00533279,0.609177,0.00533279,66.8604
750,105.5,80,0.0053153,0.609183,0.0053153,66.8577
750,105.5,80,0.00529722,0.609188,0.00529722,66.7977
750,105.5,80,0.00528141,0.609193,0.00528141,67.0008
750,105.5,80,0.00526506,0.609199,0.00526506,66.9122
750,105.5,80,0.00524855,0.609205,0.00524855,67.0246
750,105.5,80,0.0052149,0.609212,0.0052149,66.3714
750,105.5,80,0.00520001,0.609219,0.00520001,67.256
750,105.5,80,0.0051851,0.609224,0.0051851,66.9789
750,105.5,80,0.00516883,0.60923,0.00516883,66.8931
750,105.5,80,0.00515333,0.609235,0.00515333,66.9001
750,105.5,80,0.00513763,0.609241,0.00513763,67.0461
750,105.5,80,0.00512106,0.609246,0.00512106,66.9131
750,105.5,80,0.00508738,0.609253,0.00508738,66.1545
750,105.5,80,0.00507198,0.609259,0.00507198,67.0272
750,105.5,80,0.00505622,0.609265,0.00505622,66.8627
750,105.5,80,0.00504006,0.60927,0.00504006,66.8105
750,105.5,80,0.00502172,0.609275,0.00502172,66.6624
750,105.5,80,0.00500463,0.60928,0.00500463,66.7055
750,105.5,80,0.00498786,0.609285,0.00498786,66.6848
750,105.5,80,0.00497196,0.60929,0.00497196,66.738
750,105.5,80,0.00495476,0.609296,0.00495476,66.7515
750,105.5,80,0.00493845,0.609301,0.00493845,66.781
750,105.5,80,0.00492155,0.609306,0.00492155,66.7118
750,105.5,80,0.00488762,0.609312,0.00488762,65.4362
750,105.5,80,0.00487227,0.609318,0.00487227,67.0527
750,105.5,80,0.00485696,0.609324,0.00485696,66.8139
750,105.5,80,0.00484176,0.609329,0.00484176,66.7629
750,105.5,80,0.00482512,0.609334,0.00482512,66.5728
750,105.5,80,0.00480865,0.609339,0.00480865,66.5925
750,105.5,80,0.00479198,0.609343,0.00479198,66.5459
750,105.5,80,0.00477535,0.609348,0.00477535,66.539
750,105.5,80,0.004758,0.609353,0.004758,66.4683
750,105.5,80,0.0047417,0.609358,0.0047417,66.6501
750,105.5,80,0.00472473,0.609363,0.00472473,66.4741
750,105.5,80,0.00470578,0.609368,0.00470578,66.3019
750,105.5,80,0.00468869,0.609372,0.00468869,66.4389
750,105.5,80,0.00467228,0.609377,0.00467228,66.4817
750,105.5,80,0.00465631,0.609382,0.00465631,66.5057
750,105.5,80,0.00464108,0.609387,0.00464108,66.6718
750,105.5,80,0.00462393,0.609391,0.00462393,66.3882
750,105.5,80,0.00460811,0.609396,0.00460811,66.5041
750,105.5,80,0.00459173,0.609401,0.00459173,66.4452
750,105.5,80,0.0045738,0.609405,0.0045738,66.3198
750,105.5,80,0.00455798,0.60941,0.00455798,66.4457
750,105.5,80,0.00454231,0.609415,0.00454231,66.5459
750,105.5,80,0.00450769,0.609421,0.00450769,65.6257
750,105.5,80,0.0044911,0.609426,0.0044911,66.5714
750,105.5,80,0.00447488,0.609431,0.00447488,66.3552
750,105.5,80,0.00445931,0.609436,0.00445931,66.4821
750,105.5,80,0.0044431,0.60944,0.0044431,66.333
750,105.5,80,0.00442836,0.609445,0.00442836,66.4488
750,105.5,80,0.00441367,0.609449,0.00441367,66.4327
750,105.5,80,0.00439847,0.609454,0.00439847,66.4012
750,105.5,80,0.00438286,0.609458,0.00438286,66.3375
750,105.5,80,0.00436615,0.609462,0.00436615,66.2879
750,105.5,80,0.00435117,0.609467,0.00435117,66.3643
750,105.5,80,0.00433681,0.609471,0.00433681,66.4051
750,105.5,80,0.00432177,0.609476,0.00432177,66.3381
750,105.5,80,0.00430527,0.60948,0.00430527,66.2091
750,105.5,80,0.00428986,0.609484,0.00428986,66.2859
750,105.5,80,0.00427435,0.609488,0.00427435,66.266
750,105.5,80,0.00425903,0.609493,0.00425903,66.2704
750,105.5,80,0.00424351,0.609497,0.00424351,66.2553
750,105.5,80,0.00422983,0.609501,0.00422983,66.3807
750,105.5,80,0.00421551,0.609505,0.00421551,66.3539
750,105.5,80,0.00420084,0.60951,0.00420084,66.2812
750,105.5,80,0.00418384,0.609514,0.00418384,66.1483
750,105.5,80,0.00416836,0.609518,0.00416836,66.1931
750,105.5,80,0.00415282,0.609523,0.00415282,66.2952
750,105.5,80,0.00413738,0.609527,0.00413738,66.2154
750,105.5,80,0.00410421,0.609533,0.00410421,65.458
750,105.5,80,0.00408755,0.609538,0.00408755,66.2613
750,105.5,80,0.0040705,0.609542,0.0040705,66.1814
750,105.5,80,0.00405245,0.609547,0.00405245,65.9277
750,105.5,80,0.0040365,0.609551,0.0040365,66.071
750,105.5,80,0.00402089,0.609555,0.00402089,66.0755
750,105.5,80,0.00400577,0.609559,0.00400577,66.112
750,105.5,80,0.0039887,0.609563,0.0039887,65.9354
750,105.5,80,0.00397294,0.609567,0.00397294,66.1081
750,105.5,80,0.00395774,0.609571,0.00395774,66.151
750,105.5,80,0.00392756,0.609577,0.00392756,65.6567
750,105.5,80,0.00391273,0.609582,0.00391273,66.2412
750,105.5,80,0.003898,0.609586,0.003898,66.1048
750,105.5,80,0.00388276,0.60959,0.00388276,66.0048
750,105.5,80,0.00386503,0.609594,0.00386503,65.9234
750,105.5,80,0.00384855,0.609598,0.00384855,65.882
750,105.5,80,0.00383222,0.609602,0.00383222,65.8822
750,105.5,80,0.00381644,0.609605,0.00381644,65.914
750,105.5,80,0.00380073,0.609609,0.00380073,65.9088
750,105.5,80,0.00378065,0.609613,0.00378065,65.6603
750,105.5,80,0.00376451,0.609618,0.00376451,66.0055
750,105.5,80,0.00374915,0.609621,0.00374915,65.898
750,105.5,80,0.00371883,0.609625,0.00371883,64.8428
750,105.5,80,0.00370475,0.60963,0.00370475,66.2147
750,105.5,80,0.00369093,0.609634,0.00369093,66.1487
750,105.5,80,0.00367162,0.609639,0.00367162,65.6855
750,105.5,80,0.00365665,0.609642,0.00365665,65.8901
750,105.5,80,0.00364197,0.609646,0.00364197,65.8755
750,105.5,80,0.00362803,0.60965,0.00362803,65.9253
750,105.5,80,0.00361448,0.609653,0.00361448,65.9465
750,105.5,80,0.00359943,0.609657,0.00359943,65.9143
750,105.5,80,0.00358561,0.609661,0.00358561,65.9134
750,105.5,80,0.00357141,0.609664,0.00357141,65.8727
750,105.5,80,0.00355632,0.609668,0.00355632,65.799
750,105.5,80,0.00353975,0.609672,0.00353975,65.7442
750,105.5,80,0.00352483,0.609675,0.00352483,65.7711
750,105.5,80,0.00351,0.609679,0.00351,65.8081
750,105.5,80,0.00349738,0.609683,0.00349738,66.0948
750,105.5,80,0.00348194,0.609688,0.00348194,65.9756
750,105.5,80,0.00346518,0.609691,0.00346518,65.7271
750,105.5,80,0.00344954,0.609695,0.00344954,65.759
750,105.5,80,0.00343405,0.609699,0.00343405,65.6801
750,105.5,80,0.00341828,0.609702,0.00341828,65.6756
750,105.5,80,0.00340455,0.609706,0.00340455,65.8028
750,105.5,80,0.00339011,0.609709,0.00339011,65.7684
750,105.5,80,0.00337532,0.609713,0.00337532,65.6732
750,105.5,80,0.00335881,0.609717,0.00335881,65.7069
750,105.5,80,0.00333015,0.60972,0.00333015,64.7999
750,105.5,80,0.00331631,0.609725,0.00331631,66.0556
750,105.5,80,0.00330091,0.609729,0.00330091,65.6064
750,105.5,80,0.00328709,0.609732,0.00328709,65.7665
750,105.5,80,0.00327239,0.609735,0.00327239,65.6066
750,105.5,80,0.00325809,0.609739,0.00325809,65.6837
750,105.5,80,0.00324338,0.609742,0.00324338,65.6231
750,105.5,80,0.00323116,0.609746,0.00323116,65.7952
750,105.5,80,0.00321899,0.609749,0.00321899,65.7702
750,105.5,80,0.00320656,0.609752,0.00320656,65.7395
750,105.5,80,0.00319383,0.609755,0.00319383,65.7061
750,105.5,80,0.00317911,0.609759,0.00317911,65.6575
750,105.5,80,0.00316529,0.609762,0.00316529,65.5992
750,105.5,80,0.00315179,0.609765,0.00315179,65.6993
750,105.5,80,0.00312551,0.609769,0.00312551,64.7863
750,105.5,80,0.003113,0.609772,0.003113,65.7049
750,105.5,80,0.00310037,0.609776,0.00310037,65.8428
750,105.5,80,0.00308934,0.609779,0.00308934,65.8947
750,105.5,80,0.00307585,0.609783,0.00307585,65.6135
750,105.5,80,0.00306279,0.609786,0.00306279,65.6507
750,105.5,80,0.00305278,0.609789,0.00305278,65.8223
750,105.5,80,0.00304198,0.609792,0.00304198,65.775
750,105.5,80,0.00303044,0.609795,0.00303044,65.6832
750,105.5,80,0.00301935,0.609798,0.00301935,65.7365
750,105.5,80,0.00300729,0.609802,0.00300729,65.7235
750,105.5,80,0.00299485,0.609805,0.00299485,65.7225
750,105.5,80,0.00296797,0.609808,0.00296797,64.507
750,105.5,80,0.00295486,0.609812,0.00295486,65.8216
750,105.5,80,0.00294211,0.609816,0.00294211,65.5901
750,105.5,80,0.0029283,0.609819,0.0029283,65.5513
750,105.5,80,0.00291267,0.609822,0.00291267,65.3194
750,105.5,80,0.0028977,0.609825,0.0028977,65.3535
750,105.5,80,0.00288261,0.609828,0.00288261,65.2921
750,105.5,80,0.00286662,0.609831,0.00286662,65.2924
750,105.5,80,0.00285241,0.609834,0.00285241,65.3408
750,105.5,80,0.00283882,0.609837,0.00283882,65.4967
750,105.5,80,0.00282545,0.60984,0.00282545,65.4385
750,105.5,80,0.00279661,0.609844,0.00279661,64.7381
750,105.5,80,0.00278237,0.609847,0.00278237,65.4576
750,105.5,80,0.00276912,0.60985,0.00276912,65.4035
750,105.5,80,0.00275488,0.609853,0.00275488,65.2668
750,105.5,80,0.00274248,0.609855,0.00274248,65.4048
750,105.5,80,0.00272989,0.609858,0.00272989,65.3813
750,105.5,80,0.00271683,0.609861,0.00271683,65.3619
750,105.5,80,0.00270189,0.609864,0.00270189,65.1721
750,105.5,80,0.00268763,0.609866,0.00268763,65.2157
750,105.5,80,0.00267351,0.609869,0.00267351,65.2174
750,105.5,80,0.00266013,0.609872,0.00266013,65.3085
750,105.5,80,0.00264685,0.609874,0.00264685,65.2652
750,105.5,80,0.00263257,0.609877,0.00263257,65.1748
750,105.5,80,0.0026193,0.60988,0.0026193,65.2467
750,105.5,80,0.00260606,0.609882,0.00260606,65.2378
750,105.5,80,0.00259097,0.609885,0.00259097,65.0795
750,105.5,80,0.00257739,0.609888,0.00257739,65.3129
750,105.5,80,0.00256462,0.60989,0.00256462,65.2485
750,105.5,80,0.00255278,0.609893,0.00255278,65.3448
750,105.5,80,0.00254087,0.609896,0.00254087,65.341
750,105.5,80,0.00252796,0.609898,0.00252796,65.2772
750,105.5,80,0.00251585,0.609901,0.00251585,65.2949
750,105.5,80,0.00248967,0.609904,0.00248967,64.3535
750,105.5,80,0.00247478,0.609906,0.00247478,65.0109
750,105.5,80,0.00246126,0.609909,0.00246126,65.3499
750,105.5,80,0.0024485,0.609912,0.0024485,65.2783
750,105.5,80,0.00243544,0.609915,0.00243544,65.2324
750,105.5,80,0.00242129,0.609917,0.00242129,65.0309
750,105.5,80,0.00240806,0.60992,0.00240806,65.0944
750,105.5,80,0.00239517,0.609922,0.00239517,65.1132
750,105.5,80,0.0023823,0.609925,0.0023823,65.1239
750,105.5,80,0.00236927,0.609927,0.00236927,65.0832
750,105.5,80,0.0023561,0.609929,0.0023561,65.0615
750,105.5,80,0.00234441,0.609932,0.00234441,65.1714
750,105.5,80,0.00233274,0.609934,0.00233274,65.2404
750,105.5,80,0.00232074,0.609937,0.00232074,65.2092
750,105.5,80,0.00229353,0.609939,0.00229353,64.1762
750,105.5,80,0.00227972,0.609942,0.00227972,65.2259
750,105.5,80,0.00226582,0.609945,0.00226582,65.0962
750,105.5,80,0.00225102,0.609947,0.00225102,64.8708
750,105.5,80,0.00223826,0.60995,0.00223826,65.0399
750,105.5,80,0.00222529,0.609952,0.00222529,64.9841
750,105.5,80,0.00221234,0.609954,0.00221234,64.9839
750,105.5,80,0.00219795,0.609956,0.00219795,64.8622
750,105.5,80,0.00218493,0.609958,0.00218493,64.9482
750,105.5,80,0.00217198,0.609961,0.00217198,64.9438
750,105.5,80,0.00215957,0.609963,0.00215957,65.0383
750,105.5,80,0.00214651,0.609965,0.00214651,64.9173
750,105.5,80,0.0021352,0.609967,0.0021352,65.0488
750,105.5,80,0.00212391,0.609969,0.00212391,65.0413
750,105.5,80,0.00211191,0.609972,0.00211191,65.0016
750,105.5,80,0.00209829,0.609974,0.00209829,64.837
750,105.5,80,0.00208576,0.609976,0.00208576,64.9286
750,105.5,80,0.00207289,0.609978,0.00207289,64.8786
750,105.5,80,0.00206068,0.60998,0.00206068,64.9219
750,105.5,80,0.00204924,0.609982,0.00204924,65.0047
750,105.5,80,0.00203685,0.609984,0.00203685,64.9744
750,105.5,80,0.00202532,0.609986,0.00202532,65.0002
750,105.5,80,0.00199942,0.609989,0.00199942,64.4163
750,105.5,80,0.00198708,0.609992,0.00198708,65.0143
750,105.5,80,0.00197456,0.609994,0.00197456,64.85
750,105.5,80,0.0019626,0.609996,0.0019626,64.8699
750,105.5,80,0.00195053,0.609998,0.00195053,64.8794
750,105.5,80,0.00193959,0.61,0.00193959,64.9518
750,105.5,80,0.00192886,0.610002,0.00192886,64.9941
750,105.5,80,0.00191716,0.610004,0.00191716,64.8756
750,105.5,80,0.00190463,0.610006,0.00190463,64.8341
750,105.5,80,0.00189391,0.610007,0.00189391,64.929
750,105.5,80,0.00188321,0.610009,0.00188321,64.9336
750,105.5,80,0.00187341,0.610011,0.00187341,64.9932
750,105.5,80,0.00185438,0.610014,0.00185438,64.4566
750,105.5,80,0.00184505,0.610015,0.00184505,65.0423
750,105.5,80,0.00183506,0.610017,0.00183506,64.9498
750,105.5,80,0.00182449,0.61002,0.00182449,65.0432
750,105.5,80,0.00181232,0.610022,0.00181232,64.886
750,105.5,80,0.00180114,0.610024,0.00180114,64.8146
750,105.5,80,0.00178999,0.610025,0.00178999,64.8776
750,105.5,80,0.00177861,0.610027,0.00177861,64.7879
750,105.5,80,0.00176826,0.610029,0.00176826,64.8653
750,105.5,80,0.00175803,0.610031,0.00175803,64.8588
750,105.5,80,0.00174744,0.610033,0.00174744,64.8219
750,105.5,80,0.00173642,0.610034,0.00173642,64.7829
750,105.5,80,0.00172458,0.610036,0.00172458,64.7842
750,105.5,80,0.00171337,0.610038,0.00171337,64.7844
750,105.5,80,0.00170283,0.61004,0.00170283,64.8397
750,105.5,80,0.00169296,0.610042,0.00169296,64.8797
750,105.5,80,0.00168645,0.610043,0.00168645,65.1675
750,105.5,80,0.00166513,0.610045,0.00166513,64.0329
750,105.5,80,0.00165577,0.610047,0.00165577,65.0176
750,105.5,80,0.0016472,0.610049,0.0016472,64.9812
750,105.5,80,0.00163776,0.610051,0.00163776,64.8739
750,105.5,80,0.00162798,0.610053,0.00162798,64.8176
750,105.5,80,0.0016182,0.610054,0.0016182,64.8162
750,105.5,80,0.00160823,0.610056,0.00160823,64.7711
750,105.5,80,0.00159958,0.610058,0.00159958,64.9173
750,105.5,80,0.00159085,0.610059,0.00159085,64.8563
750,105.5,80,0.00157868,0.610061,0.00157868,64.5842
750,105.5,80,0.00156842,0.610062,0.00156842,64.7177
750,105.5,80,0.00155834,0.610064,0.00155834,64.7912
750,105.5,80,0.00154783,0.610066,0.00154783,64.6892
750,105.5,80,0.00153533,0.610067,0.00153533,64.5847
750,105.5,80,0.00152369,0.610069,0.00152369,64.6302
750,105.5,80,0.00150117,0.610071,0.00150117,63.9116
750,105.5,80,0.00149046,0.610073,0.00149046,64.7938
750,105.5,80,0.00147867,0.610074,0.00147867,64.6705
750,105.5,80,0.00146785,0.610076,0.00146785,64.6588
750,105.5,80,0.00145414,0.610077,0.00145414,64.4471
750,105.5,80,0.00144487,0.610079,0.00144487,64.7063
750,105.5,80,0.0014299,0.61008,0.0014299,64.2501
750,105.5,80,0.00141915,0.610082,0.00141915,64.5679
750,105.5,80,0.00140873,0.610083,0.00140873,64.667
750,105.5,80,0.00139854,0.610085,0.00139854,64.6512
750,105.5,80,0.00137736,0.610086,0.00137736,63.8708
750,105.5,80,0.00136674,0.610088,0.00136674,64.587
750,105.5,80,0.00135574,0.61009,0.00135574,64.7264
750,105.5,80,0.00134334,0.610091,0.00134334,64.4474
750,105.5,80,0.00133228,0.610092,0.00133228,64.4873
750,105.5,80,0.00132181,0.610094,0.00132181,64.5292
750,105.5,80,0.00131177,0.610095,0.00131177,64.6081
750,105.5,80,0.00131177,0.610096,0.00131177,65.349
750,105.5,80,0.0013021,0.610098,0.0013021,64.5824
750,105.5,80,0.00129398,0.610099,0.00129398,64.7098
750,105.5,80,0.00128518,0.610101,0.00128518,64.6723
750,105.5,80,0.00127591,0.610102,0.00127591,64.5815
750,105.5,80,0.0012672,0.610103,0.0012672,64.6618
750,105.5,80,0.00125554,0.610105,0.00125554,64.4453
750,105.5,80,0.00124512,0.610106,0.00124512,64.532
750,105.5,80,0.00122463,0.610108,0.00122463,64.089
750,105.5,80,0.00121361,0.610109,0.00121361,64.542
750,105.5,80,0.00120387,0.61011,0.00120387,64.5275
750,105.5,80,0.00120629,0.610112,0.00120629,65.4525
750,105.5,80,0.00119577,0.610113,0.00119577,64.4219
750,105.5,80,0.00118482,0.610114,0.00118482,64.4339
750,105.5,80,0.00117374,0.610115,0.00117374,64.453
750,105.5,80,0.00114821,0.610117,0.00114821,63.3995
750,105.5,80,0.00113566,0.610118,0.00113566,64.2865
750,105.5,80,0.00112474,0.610119,0.00112474,64.3832
750,105.5,80,0.00111425,0.61012,0.00111425,64.4971
750,105.5,80,0.00110339,0.610122,0.00110339,64.4618
750,105.5,80,0.00109237,0.610123,0.00109237,64.3446
750,105.5,80,0.00108054,0.610124,0.00108054,64.2725
750,105.5,80,0.00107017,0.610125,0.00107017,64.3882
750,105.5,80,0.00105976,0.610126,0.00105976,64.3927
750,105.5,80,0.00104988,0.610127,0.00104988,64.3664
750,105.5,80,0.00104047,0.610128,0.00104047,64.4464
750,105.5,80,0.00103219,0.610129,0.00103219,64.4811
750,105.5,80,0.00102379,0.61013,0.00102379,64.5116
750,105.5,80,0.0010151,0.610132,0.0010151,64.4364
750,105.5,80,0.000994727,0.610133,0.000994727,63.6308
750,105.5,80,0.000984014,0.610134,0.000984014,64.4809
750,105.5,80,0.000972723,0.610135,0.000972723,64.359
750,105.5,80,0.000961797,0.610136,0.000961797,64.2685
750,105.5,80,0.000949966,0.610137,0.000949966,64.1783
750,105.5,80,0.00093915,0.610138,0.00093915,64.2098
750,105.5,80,0.000928628,0.610139,0.000928628,64.3064
750,105.5,80,0.000917447,0.61014,0.000917447,64.1718
750,105.5,80,0.000905291,0.610141,0.000905291,64.0775
750,105.5,80,0.000893876,0.610142,0.000893876,64.1799
750,105.5,80,0.000871576,0.610143,0.000871576,63.3758
750,105.5,80,0.000859697,0.610144,0.000859697,64.3253
750,105.5,80,0.00084974,0.610145,0.00084974,64.3467
750,105.5,80,0.00084034,0.610146,0.00084034,64.2758
750,105.5,80,0.000831562,0.610147,0.000831562,64.3429
750,105.5,80,0.00082127,0.610148,0.00082127,64.1908
750,105.5,80,0.00081138,0.610149,0.00081138,64.2265
750,105.5,80,0.000801505,0.610149,0.000801505,64.1823
750,105.5,80,0.000792275,0.61015,0.000792275,64.3065
750,105.5,80,0.000782294,0.610151,0.000782294,64.2158
750,105.5,80,0.000764819,0.610152,0.000764819,63.9081
750,105.5,80,0.000758183,0.610153,0.000758183,64.5039
750,105.5,80,0.000750309,0.610154,0.000750309,64.3223
750,105.5,80,0.000741743,0.610155,0.000741743,64.2556
750,105.5,80,0.000733681,0.610155,0.000733681,64.3
750,105.5,80,0.000724955,0.610156,0.000724955,64.2172
750,105.5,80,0.00071569,0.610157,0.00071569,64.2133
750,105.5,80,0.000705636,0.610158,0.000705636,64.1298
750,105.5,80,0.000694513,0.610158,0.000694513,64.0193
750,105.5,80,0.000684336,0.610159,0.000684336,64.1112
750,105.5,80,0.000674172,0.61016,0.000674172,64.1559
750,105.5,80,0.00066362,0.61016,0.00066362,64.0648
750,105.5,80,0.000645076,0.610161,0.000645076,63.8405
750,105.5,80,0.000635852,0.610162,0.000635852,64.1553
750,105.5,80,0.000625375,0.610163,0.000625375,64.0674
750,105.5,80,0.000614995,0.610163,0.000614995,64.136
750,105.5,80,0.000604652,0.610164,0.000604652,63.9993
750,105.5,80,0.000594206,0.610165,0.000594206,63.9828
750,105.5,80,0.000584057,0.610165,0.000584057,64.0467
750,105.5,80,0.000573382,0.610166,0.000573382,63.9824
750,105.5,80,0.000564248,0.610166,0.000564248,64.0966
750,105.5,80,0.000546473,0.610167,0.000546473,63.4655
750,105.5,80,0.000536567,0.610168,0.000536567,64.1507
750,105.5,80,0.000527038,0.610168,0.000527038,64.1269
750,105.5,80,0.000517372,0.610169,0.000517372,63.9997
750,105.5,80,0.000506859,0.610169,0.000506859,63.9389
750,105.5,80,0.000495604,0.61017,0.000495604,63.9026
750,105.5,80,0.000484644,0.61017,0.000484644,63.8601
750,105.5,80,0.000473606,0.610171,0.000473606,63.8633
750,105.5,80,0.000463751,0.610171,0.000463751,63.9618
750,105.5,80,0.000453419,0.610172,0.000453419,63.888
750,105.5,80,0.000444835,0.610172,0.000444835,64.0206
750,105.5,80,0.000435535,0.610173,0.000435535,63.956
750,105.5,80,0.000425666,0.610173,0.000425666,63.9172
750,105.5,80,0.0004155,0.610174,0.0004155,63.9254
750,105.5,80,0.000404013,0.610174,0.000404013,63.8246
750,105.5,80,0.000394414,0.610174,0.000394414,63.975
750,105.5,80,0.000374259,0.610175,0.000374259,63.5262
750,105.5,80,0.000363366,0.610175,0.000363366,63.8992
750,105.5,80,0.000354472,0.610176,0.000354472,63.9791
750,105.5,80,0.000345412,0.610176,0.000345412,63.939
750,105.5,80,0.000336399,0.610176,0.000336399,63.9082
750,105.5,80,0.000327115,0.610177,0.000327115,63.9118
750,105.5,80,0.000305864,0.610177,0.000305864,63.0104
750,105.5,80,0.000295851,0.610177,0.000295851,63.8532
750,105.5,80,0.000282121,0.610178,0.000282121,63.5414
750,105.5,80,0.000261727,0.610178,0.000261727,63.4834
750,105.5,80,0.000252148,0.610178,0.000252148,63.8313
750,105.5,80,0.000242723,0.610179,0.000242723,63.802
750,105.5,80,0.000232546,0.610179,0.000232546,63.7343
750,105.5,80,0.000223144,0.610179,0.000223144,63.8051
750,105.5,80,0.000213469,0.610179,0.000213469,63.7605
750,105.5,80,0.000202576,0.61018,0.000202576,63.6901
750,105.5,80,0.000192724,0.61018,0.000192724,63.7315
750,105.5,80,0.00018339,0.61018,0.00018339,63.8204
750,105.5,80,0.000174625,0.61018,0.000174625,63.8041
750,105.5,80,0.000165519,0.61018,0.000165519,63.7715
750,105.5,80,0.000158071,0.61018,0.000158071,63.8971
750,105.5,80,0.000150743,0.610181,0.000150743,63.9257
750,105.5,80,0.00014327,0.610181,0.00014327,63.8841
750,105.5,80,0.00013562,0.610181,0.00013562,63.8653
750,105.5,80,0.000126814,0.610181,0.000126814,63.7653
750,105.5,80,0.000117961,0.610181,0.000117961,63.7649
750,105.5,80,0.000108724,0.610181,0.000108724,63.7172
750,105.5,80,9.93118e-05,0.00610181,0,-7.58957
750,105.5,80,8.93636e-05,6.10181e-05,0,0.00643741
750,105.5,80,7.99647e-05,6.10181e-07,0,6.43741e-05
750,105.5,80,7.09904e-05,6.10181e-09,0,6.43741e-07
750,105.5,80,6.11951e-05,6.10181e-11,0,6.43741e-09
750,105.5,80,5.23345e-05,6.10181e-13,0,6.43741e-11
750,105.5,80,3.29265e-05,6.10181e-15,0,6.43741e-13
750,105.5,80,2.25646e-05,6.10181e-17,0,6.43741e-15
750,105.5,80,1.09832e-05,6.10181e-19,0,6.43741e-17
750,105.5,80,8.47262e-07,6.10181e-21,0,6.43741e-19
750,105.5,80,0,6.10181e-23,0,6.43741e-21
750,105.5,80,0,6.10181e-25,0,6.43741e-23
750,105.5,80,0,6.10181e-27,0,6.43741e-25
750,105.5,80,0,6.10181e-29,0,6.43741e-27
750,105.5,80,0,6.10181e-31,0,6.43741e-29
750,105.5,80,0,6.10181e-33,0,6.43741e-31
750,105.5,80,0,6.10181e-35,0,6.43741e-33
750,105.5,80,0,6.10181e-37,0,6.43741e-35
750,105.5,80,0,6.10181e-39,0,6.43741e-37
750,105.5,80,0,6.10181e-41,0,6.43741e-39
750,105.5,80,0,6.10181e-43,0,6.43741e-41
750,105.5,80,0,6.10181e-45,0,6.43741e-43
750,105.5,80,0,6.10181e-47,0,6.43741e-45
750,105.5,80,0,6.10181e-49,0,6.43741e-47
750,105.5,80,0,6.10181e-51,0,6.43741e-49
750,105.5,80,0,6.10181e-53,0,6.43741e-51
750,105.5,80,0,6.10181e-55,0,6.43741e-53
750,105.5,80,0,6.10181e-57,0,6.43741e-55
750,105.5,80,0,6.10181e-59,0,6.43741e-57
750,105.5,80,0,6.10181e-61,0,6.43741e-59
750,105.5,80,0,6.10181e-63,0,6.43741e-61
750,105.5,80,0,6.10181e-65,0,6.43741e-63
750,105.5,80,0,6.10181e-67,0,6.43741e-65
750,105.5,80,0,6.10181e-69,0,6.43741e-67
750,105.5,80,0,6.10181e-71,0,6.43741e-69
750,105.5,80,0,6.10181e-73,0,6.43741e-71
750,105.5,80,0,6.10181e-75,0,6.43741e-73
750,105.5,80,0,6.10181e-77,0,6.43741e-75
750,105.5,80,0,6.10181e-79,0,6.43741e-77
750,105.5,80,0,6.10181e-81,0,6.43741e-79
750,105.5,80,0,6.10181e-83,0,6.43741e-81
750,105.5,80,0,6.10181e-85,0,6.43741e-83
750,105.5,80,0,6.10181e-87,0,6.43741e-85
750,105.5,80,0,6.10181e-89,0,6.43741e-87
750,105.5,80,0,6.10181e-91,0,6.43741e-89
750,105.5,80,0,6.10181e-93,0,6.43741e-91
750,105.5,80,0,6.10181e-95,0,6.43741e-93
750,105.5,80,0,6.10181e-97,0,6.43741e-95
750,105.5,80,0,6.10181e-99,0,6.43741e-97
750,105.5,80,0,6.10181e-101,0,6.43741e-99
750,105.5,80,0,6.10181e-103,0,6.43741e-101
750,105.5,80,0,6.10181e-105,0,6.43741e-103
750,105.5,80,0,6.10181e-107,0,6.43741e-105
750,105.5,80,0,6.10181e-109,0,6.43741e-107
750,105.5,80,0,6.10181e-111,0,6.43741e-109
750,105.5,80,0,6.10181e-113,0,6.43741e-111
750,105.5,80,0,6.10181e-115,0,6.43741e-113
750,105.5,80,0,6.10181e-117,0,6.43741e-115
750,105.5,80,0,6.10181e-119,0,6.43741e-117
750,105.5,80,0,6.10181e-121,0,6.43741e-119
750,105.5,80,0,6.10181e-123,0,6.43741e-121
750,105.5,80,0,6.10181e-125,0,6.43741e-123
750,105.5,80,0,6.10181e-127,0,6.43741e-125
750,105.5,80,0,6.10181e-129,0,6.43741e-127
750,105.5,80,0,6.10181e-131,0,6.43741e-129
750,105.5,80,0,6.10181e-133,0,6.43741e-131
750,105.5,80,0,6.10181e-135,0,6.43741e-133
750,105.5,80,0,6.10181e-137,0,6.43741e-135
750,105.5,80,0,6.10181e-139,0,6.43741e-137
750,105.5,80,0,6.10181e-141,0,6.43741e-139
750,105.5,80,0,6.10181e-143,0,6.43741e-141
750,105.5,80,0,6.10181e-145,0,6.43741e-143
750,105.5,80,0,6.10181e-147,0,6.43741e-145
750,105.5,80,0,6.10181e-149,0,6.43741e-147
750,105.5,80,0,6.10181e-151,0,6.43741e-149
750,105.5,80,0,6.10181e-153,0,6.43741e-151
750,105.5,80,0,6.10181e-155,0,6.43741e-153
750,105.5,80,0,6.10181e-157,0,6.43741e-155
750,105.5,80,0,6.10181e-159,0,6.43741e-157
750,105.5,80,0,6.10181e-161,0,6.43741e-159
750,105.5,80,0,6.10181e-163,0,6.43741e-161
750,105.5,80,0,6.10181e-165,0,6.43741e-163
750,105.5,80,0,6.10181e-167,0,6.43741e-165
750,105.5,80,0,6.10181e-169,0,6.43741e-167
750,105.5,80,0,6.10181e-171,0,6.43741e-169
750,105.5,80,0,6.10181e-173,0,6.43741e-171
750,105.5,80,0,6.10181e-175,0,6.43741e-173
750,105.5,80,1.19859e-07,6.10181e-177,0,6.43741e-175
750,105.5,80,1.01657e-05,6.10181e-179,0,6.43741e-177
750,105.5,80,1.51164e-05,6.10181e-181,0,6.43741e-179
750,105.5,80,2.03218e-05,6.10181e-183,0,6.43741e-181
750,105.5,80,2.54914e-05,6.10181e-185,0,6.43741e-183
750,105.5,80,3.06483e-05,6.10181e-187,0,6.43741e-185
750,105.5,80,3.56455e-05,6.10181e-189,0,6.43741e-187
750,105.5,80,4.042e-05,6.10181e-191,0,6.43741e-189
750,105.5,80,4.52061e-05,6.10181e-193,0,6.43741e-191
750,105.5,80,5.49149e-05,6.10181e-195,0,6.43741e-193
750,105.5,80,5.98247e-05,6.10181e-197,0,6.43741e-195
750,105.5,80,6.47364e-05,6.10181e-199,0,6.43741e-197
750,105.5,80,6.92409e-05,6.10181e-201,0,6.43741e-199
750,105.5,80,7.45982e-05,6.10181e-203,0,6.43741e-201
750,105.5,80,7.99845e-05,6.10181e-205,0,6.43741e-203
750,105.5,80,8.52129e-05,6.10181e-207,0,6.43741e-205
750,105.5,80,9.111e-05,6.10181e-209,0,6.43741e-207
750,105.5,80,9.71601e-05,6.10181e-211,0,6.43741e-209
750,105.5,80,0.000103645,1.03739e-07,0.000103645,8.3619
750,105.5,80,0.000110611,2.19865e-07,0.000110611,0.613772
750,105.5,80,0.000117608,3.43674e-07,0.000117608,0.619938
750,105.5,80,0.000125128,4.77943e-07,0.000125128,0.654599
750,105.5,80,0.000132477,6.22808e-07,0.000132477,0.637053
750,105.5,80,0.000148078,8.28749e-07,0.000148078,1.00854
750,105.5,80,0.000156526,1.01016e-06,0.000156526,0.700669
750,105.5,80,0.000164586,1.18842e-06,0.000164586,0.718904
750,105.5,80,0.000172926,1.36138e-06,0.000172926,0.796898
750,105.5,80,0.000181304,1.54309e-06,0.000181304,0.804846
750,105.5,80,0.000190145,1.73326e-06,0.000190145,0.849957
750,105.5,80,0.000198237,1.93158e-06,0.000198237,0.795971
750,105.5,80,0.000206272,2.14746e-06,0.000206272,0.769128
750,105.5,80,0.000214362,2.39022e-06,0.000214362,0.732522
750,105.5,80,0.000222429,2.61367e-06,0.000222429,0.809497
750,105.5,80,0.000237216,2.90274e-06,0.000237216,1.14898
750,105.5,80,0.000244884,3.22719e-06,0.000244884,0.646983
750,105.5,80,0.000252762,3.50783e-06,0.000252762,0.757653
750,105.5,80,0.000260233,3.77084e-06,0.000260233,0.786877
750,105.5,80,0.000267683,4.03884e-06,0.000267683,0.796494
750,105.5,80,0.000275232,4.31415e-06,0.000275232,0.810669
750,105.5,80,0.000283054,4.64895e-06,0.000283054,0.741804
750,105.5,80,0.00029025,4.94269e-06,0.00029025,0.787074
750,105.5,80,0.000297509,5.2404e-06,0.000297509,0.803989
750,105.5,80,0.000304476,5.54524e-06,0.000304476,0.785603
750,105.5,80,0.000311456,5.89404e-06,0.000311456,0.732838
750,105.5,80,0.000318457,6.22364e-06,0.000318457,0.78062
750,105.5,80,0.000325299,6.57541e-06,0.000325299,0.750868
750,105.5,80,0.000332415,6.91755e-06,0.000332415,0.803179
750,105.5,80,0.000347477,7.28817e-06,0.000347477,1.39103
750,105.5,80,0.000354986,7.7365e-06,0.000354986,0.742698
750,105.5,80,0.000360174,8.16288e-06,0.000360174,0.621601
750,105.5,80,0.000367695,8.53104e-06,0.000367695,0.877646
750,105.5,80,0.000375893,8.90698e-06,0.000375893,0.938587
750,105.5,80,0.000383371,9.30013e-06,0.000383371,0.871903
750,105.5,80,0.000390749,9.70471e-06,0.000390749,0.86408
750,105.5,80,0.000397942,1.01171e-05,0.000397942,0.854844
750,105.5,80,0.000405907,1.05233e-05,0.000405907,0.942242
750,105.5,80,0.000412884,1.09363e-05,0.000412884,0.868864
750,105.5,80,0.000419712,1.13649e-05,0.000419712,0.85086
750,105.5,80,0.000426637,1.17919e-05,0.000426637,0.874803
750,105.5,80,0.000433674,1.22463e-05,0.000433674,0.863816
750,105.5,80,0.000440455,1.27103e-05,0.000440455,0.846594
750,105.5,80,0.000447457,1.31865e-05,0.000447457,0.863364
750,105.5,80,0.000454646,1.36908e-05,0.000454646,0.860829
750,105.5,80,0.000469167,1.43846e-05,0.000469167,1.13902
750,105.5,80,0.000476599,1.49299e-05,0.000476599,0.878631
750,105.5,80,0.000484235,1.54468e-05,0.000484235,0.937155
750,105.5,80,0.000491907,1.59695e-05,0.000491907,0.948152
750,105.5,80,0.000499942,1.65042e-05,0.000499942,0.977762
750,105.5,80,0.000507706,1.70394e-05,0.000507706,0.971769
750,105.5,80,0.000515502,1.76457e-05,0.000515502,0.918763
750,105.5,80,0.000531953,1.82153e-05,0.000531953,1.62985
750,105.5,80,0.00053955,1.89659e-05,0.00053955,0.843596
750,105.5,80,0.000547352,1.95353e-05,0.000547352,1.01255
750,105.5,80,0.000555329,2.01207e-05,0.000555329,1.02401
750,105.5,80,0.000562771,2.06841e-05,0.000562771,1.019
750,105.5,80,0.000569855,2.12622e-05,0.000569855,0.988166
750,105.5,80,0.000576354,2.18558e-05,0.000576354,0.939415
750,105.5,80,0.000583224,2.24392e-05,0.000583224,0.989245
750,105.5,80,0.000590146,2.30494e-05,0.000590146,0.980651
750,105.5,80,0.000596827,2.36463e-05,0.000596827,0.984464
750,105.5,80,0.000603583,2.42501e-05,0.000603583,0.99554
750,105.5,80,0.000610439,2.48827e-05,0.000610439,0.989722
750,105.5,80,0.000617384,2.55004e-05,0.000617384,1.02107
750,105.5,80,0.000624005,2.61425e-05,0.000624005,0.985461
750,105.5,80,0.000630834,2.67734e-05,0.000630834,1.02224
750,105.5,80,0.000637986,2.74225e-05,0.000637986,1.04371
750,105.5,80,0.000645758,2.80687e-05,0.000645758,1.10865
750,105.5,80,0.000653279,2.87789e-05,0.000653279,1.04648
750,105.5,80,0.000660771,2.95359e-05,0.000660771,1.02185
750,105.5,80,0.000675978,3.05341e-05,0.000675978,1.33411
750,105.5,80,0.000684114,3.13348e-05,0.000684114,1.07244
750,105.5,80,0.000691477,3.20875e-05,0.000691477,1.06315
750,105.5,80,0.000699374,3.2803e-05,0.000699374,1.14545
750,105.5,80,0.000707422,3.36499e-05,0.000707422,1.07195
750,105.5,80,0.00072319,3.44296e-05,0.00072319,1.71605
750,105.5,80,0.000731127,3.52592e-05,0.000731127,1.1117
750,105.5,80,0.000739599,3.61548e-05,0.000739599,1.11819
750,105.5,80,0.000747808,3.70184e-05,0.000747808,1.13343
750,105.5,80,0.000756018,3.77948e-05,0.000756018,1.21057
750,105.5,80,0.00076442,3.85882e-05,0.00076442,1.22505
750,105.5,80,0.000773519,3.93625e-05,0.000773519,1.3114
750,105.5,80,0.000782868,4.01582e-05,0.000782868,1.32718
750,105.5,80,0.00079178,4.09507e-05,0.00079178,1.31055
750,105.5,80,0.000800346,4.1817e-05,0.000800346,1.23771
750,105.5,80,0.000808835,4.26348e-05,0.000808835,1.28288
750,105.5,80,0.000817041,4.35151e-05,0.000817041,1.22671
750,105.5,80,0.000824808,4.43735e-05,0.000824808,1.22029
750,105.5,80,0.000832746,4.52898e-05,0.000832746,1.20653
750,105.5,80,0.000849241,4.64737e-05,0.000849241,1.58833
750,105.5,80,0.000857363,4.75192e-05,0.000857363,1.18091
750,105.5,80,0.000865668,4.84292e-05,0.000865668,1.28642
750,105.5,80,0.000874621,4.9367e-05,0.000874621,1.32911
750,105.5,80,0.000883873,5.02516e-05,0.000883873,1.40779
750,105.5,80,0.000893397,5.12087e-05,0.000893397,1.38668
750,105.5,80,0.000902507,5.21605e-05,0.000902507,1.37342
750,105.5,80,0.000912077,5.31674e-05,0.000912077,1.38315
750,105.5,80,0.000921256,5.41478e-05,0.000921256,1.38666
750,105.5,80,0.000939364,5.54565e-05,0.000939364,1.7502
750,105.5,80,0.000948617,5.65857e-05,0.000948617,1.33929
750,105.5,80,0.000957684,5.78378e-05,0.000957684,1.2792
750,105.5,80,0.000974597,5.92626e-05,0.000974597,1.6627
750,105.5,80,0.000982751,6.04338e-05,0.000982751,1.29081
750,105.5,80,0.00099072,6.66034e-05,0.00099072,0.852439
750,105.5,80,0.00103556,6.84091e-05,0.00103556,2.84127
750,105.5,80,0.00104218,6.96787e-05,0.00104218,1.22371
750,105.5,80,0.00104864,7.10353e-05,0.00104864,1.19321
750,105.5,80,0.00106129,7.25582e-05,0.00106129,1.50873
750,105.5,80,0.00106799,7.39039e-05,0.00106799,1.23438
750,105.5,80,0.0010748,7.5301e-05,0.0010748,1.23309
750,105.5,80,0.00108854,7.68902e-05,0.00108854,1.57728
750,105.5,80,0.00109529,7.82375e-05,0.00109529,1.2688
750,105.5,80,0.00110871,7.97046e-05,0.00110871,1.65171
750,105.5,80,0.00111523,8.08897e-05,0.00111523,1.33554
750,105.5,80,0.00112219,8.20128e-05,0.00112219,1.40643
750,105.5,80,0.00112879,8.35968e-05,0.00112879,1.23207
750,105.5,80,0.00113573,8.48276e-05,0.00113573,1.37269
750,105.5,80,0.00114245,8.59714e-05,0.00114245,1.40267
750,105.5,80,0.00114995,8.71267e-05,0.00114995,1.46907
750,105.5,80,0.00115702,8.8299e-05,0.00115702,1.43548
750,105.5,80,0.00116462,8.95104e-05,0.00116462,1.46705
750,105.5,80,0.00117159,9.06828e-05,0.00117159,1.44592
750,105.5,80,0.00117833,9.18721e-05,0.00117833,1.42791
750,105.5,80,0.00118504,9.30584e-05,0.00118504,1.43414
750,105.5,80,0.00119351,9.42525e-05,0.00119351,1.583
750,105.5,80,0.00120015,9.5453e-05,0.00120015,1.44079
750,105.5,80,0.0012066,9.66598e-05,0.0012066,1.43089
750,105.5,80,0.00121281,9.78799e-05,0.00121281,1.41383
750,105.5,80,0.00121871,9.91785e-05,0.00121871,1.36788
750,105.5,80,0.00122437,0.000100404,0.00122437,1.38097
750,105.5,80,0.00122983,0.000101635,0.00122983,1.36928
750,105.5,80,0.00123456,0.00010287,0.00123456,1.31536
750,105.5,80,0.00123939,0.000104164,0.00123939,1.31045
750,105.5,80,0.00124278,0.000105413,0.00124278,1.21324
750,105.5,80,0.00124673,0.000106821,0.00124673,1.226
750,105.5,80,0.00125003,0.000108119,0.00125003,1.20309
750,105.5,80,0.00125672,0.000109852,0.00125672,1.3421
750,105.5,80,0.00126107,0.000111289,0.00126107,1.26293
750,105.5,80,0.00126494,0.000112616,0.00126494,1.25562
750,105.5,80,0.0012689,0.000113885,0.0012689,1.2812
750,105.5,80,0.00127315,0.00011516,0.00127315,1.30616
750,105.5,80,0.00127681,0.000116438,0.00127681,1.26241
750,105.5,80,0.00128217,0.00011772,0.00128217,1.40287
750,105.5,80,0.00128601,0.000119007,0.00128601,1.28404
750,105.5,80,0.00129189,0.000120369,0.00129189,1.42795
750,105.5,80,0.00129684,0.000121666,0.00129684,1.38129
750,105.5,80,0.00130163,0.000122969,0.00130163,1.37233
750,105.5,80,0.00130597,0.000124275,0.00130597,1.33947
750,105.5,80,0.00131064,0.000125586,0.00131064,1.36992
750,105.5,80,0.00131465,0.000126902,0.00131465,1.31998
750,105.5,80,0.00131871,0.000128264,0.00131871,1.31664
750,105.5,80,0.00132218,0.000129597,0.00132218,1.28045
750,105.5,80,0.00132559,0.00013109,0.00132559,1.25019
750,105.5,80,0.00132833,0.000132449,0.00132833,1.22491
750,105.5,80,0.00133146,0.000133784,0.00133146,1.26236
750,105.5,80,0.00133434,0.000135128,0.00133434,1.24406
750,105.5,80,0.00133694,0.000136534,0.00133694,1.21472
750,105.5,80,0.00133949,0.000137915,0.00133949,1.21714
750,105.5,80,0.00134049,0.000139435,0.00134049,1.09005
750,105.5,80,0.00134711,0.000140837,0.00134711,1.53471
750,105.5,80,0.00135062,0.000142521,0.00135062,1.25319
750,105.5,80,0.0013498,0.00014413,0.0013498,0.972107
750,105.5,80,0.00135385,0.000145514,0.00135385,1.34837
750,105.5,80,0.00135769,0.000146873,0.00135769,1.34078
750,105.5,80,0.0013615,0.000148266,0.0013615,1.3341
750,105.5,80,0.00136531,0.000149631,0.00136531,1.34449
750,105.5,80,0.00136916,0.000151001,0.00136916,1.35057
750,105.5,80,0.00137322,0.000152376,0.00137322,1.37071
750,105.5,80,0.0013778,0.000153766,0.0013778,1.41252
750,105.5,80,0.001381,0.000155148,0.001381,1.30837
750,105.5,80,0.0013828,0.000156532,0.0013828,1.19714
750,105.5,80,0.00138518,0.000157918,0.00138518,1.24576
750,105.5,80,0.00138871,0.000159312,0.00138871,1.33987
750,105.5,80,0.00139082,0.000160931,0.00139082,1.20512
750,105.5,80,0.00139249,0.000162592,0.00139249,1.17324
750,105.5,80,0.00139418,0.000164615,0.00139418,1.15624
750,105.5,80,0.00139448,0.000166331,0.00139448,1.08282
750,105.5,80,0.00139416,0.000167956,0.00139416,1.04158
750,105.5,80,0.00139407,0.000169546,0.00139407,1.057
750,105.5,80,0.00139428,0.000171611,0.00139428,1.07523
750,105.5,80,0.0013939,0.000173165,0.0013939,1.03686
750,105.5,80,0.00139443,0.000174598,0.00139443,1.1049
750,105.5,80,0.00139546,0.000176147,0.00139546,1.13996
750,105.5,80,0.00139666,0.000177563,0.00139666,1.16088
750,105.5,80,0.00139734,0.000179168,0.00139734,1.11416
750,105.5,80,0.00139227,0.000180673,0.00139227,0.68788
750,105.5,80,0.00139306,0.000182221,0.00139306,1.12052
750,105.5,80,0.00139278,0.00018396,0.00139278,1.04667
750,105.5,80,0.00139125,0.000185644,0.00139125,0.961928
750,105.5,80,0.00139102,0.000187035,0.00139102,1.04407
750,105.5,80,0.00139037,0.000188459,0.00139037,1.01206
750,105.5,80,0.00138988,0.000189849,0.00138988,1.02357
750,105.5,80,0.00138935,0.00019127,0.00138935,1.02045
750,105.5,80,0.0013905,0.000192662,0.0013905,1.15533
750,105.5,80,0.00139126,0.000194079,0.00139126,1.1237
750,105.5,80,0.00139091,0.000195471,0.00139091,1.03558
750,105.5,80,0.00138964,0.000197014,0.00138964,0.971495
750,105.5,80,0.00138771,0.000198436,0.00138771,0.910642
750,105.5,80,0.00138461,0.000199969,0.00138461,0.835568
750,105.5,80,0.00138034,0.00020135,0.00138034,0.715181
750,105.5,80,0.0013737,0.000202827,0.0013737,0.557392
750,105.5,80,0.00136717,0.000204251,0.00136717,0.545559
750,105.5,80,0.00135383,0.00020577,0.00135383,0.085784
750,105.5,80,0.00134669,0.000207445,0.00134669,0.572797
750,105.5,80,0.00134087,0.000209088,0.00134087,0.647485
750,105.5,80,0.00133583,0.00021043,0.00133583,0.622942
750,105.5,80,0.00132991,0.000211772,0.00132991,0.550566
750,105.5,80,0.00132236,0.000213113,0.00132236,0.418816
750,105.5,80,0.00131563,0.000214514,0.00131563,0.503817
750,105.5,80,0.00130993,0.000215824,0.00130993,0.548919
750,105.5,80,0.00130474,0.000217129,0.00130474,0.58657
750,105.5,80,0.00129861,0.000218428,0.00129861,0.506911
750,105.5,80,0.00129373,0.000219742,0.00129373,0.608698
750,105.5,80,0.00128902,0.000221032,0.00128902,0.613386
750,105.5,80,0.00128366,0.000222317,0.00128366,0.55796
750,105.5,80,0.00127831,0.000223596,0.00127831,0.55529
750,105.5,80,0.00127115,0.000224869,0.00127115,0.404892
750,105.5,80,0.00126594,0.000226137,0.00126594,0.556445
750,105.5,80,0.00126099,0.000227402,0.00126099,0.575262
750,105.5,80,0.0012568,0.000228661,0.0012568,0.632582
750,105.5,80,0.00125207,0.000229914,0.00125207,0.584787
750,105.5,80,0.00124931,0.000231164,0.00124931,0.741044
750,105.5,80,0.00124656,0.000232433,0.00124656,0.743247
750,105.5,80,0.00124438,0.000233678,0.00124438,0.783819
750,105.5,80,0.00124114,0.000234933,0.00124114,0.69903
750,105.5,80,0.00123831,0.000236172,0.00123831,0.727054
750,105.5,80,0.00123526,0.000237487,0.00123526,0.722418
750,105.5,80,0.00123156,0.000238719,0.00123156,0.653278
750,105.5,80,0.00122702,0.000240049,0.00122702,0.60991
750,105.5,80,0.00122407,0.000241273,0.00122407,0.708
750,105.5,80,0.00122092,0.000242595,0.00122092,0.708231
750,105.5,80,0.00121503,0.000243837,0.00121503,0.476721
750,105.5,80,0.00121325,0.000245115,0.00121325,0.800514
750,105.5,80,0.00121109,0.000246791,0.00121109,0.809196
750,105.5,80,0.00120833,0.000248086,0.00120833,0.726299
750,105.5,80,0.00120409,0.000249358,0.00120409,0.608378
750,105.5,80,0.00120065,0.000250581,0.00120065,0.656717
750,105.5,80,0.00119685,0.000251825,0.00119685,0.631927
750,105.5,80,0.00119349,0.000253063,0.00119349,0.662407
750,105.5,80,0.00118979,0.000254253,0.00118979,0.623617
750,105.5,80,0.00118609,0.000255443,0.00118609,0.621723
750,105.5,80,0.00118308,0.000256627,0.00118308,0.673592
750,105.5,80,0.00118023,0.000257823,0.00118023,0.687158
750,105.5,80,0.00117583,0.000259,0.00117583,0.557382
750,105.5,80,0.0011726,0.000260173,0.0011726,0.648913
750,105.5,80,0.00116848,0.000261342,0.00116848,0.574654
750,105.5,80,0.0011632,0.000262507,0.0011632,0.478259
750,105.5,80,0.00115612,0.000263663,0.00115612,0.328359
750,105.5,80,0.00114995,0.000264815,0.00114995,0.397437
750,105.5,80,0.00114403,0.00026596,0.00114403,0.412812
750,105.5,80,0.00113834,0.0002671,0.00113834,0.427341
750,105.5,80,0.00113198,0.000268233,0.00113198,0.369223
750,105.5,80,0.00112798,0.000269419,0.00112798,0.570193
750,105.5,80,0.00112425,0.000270554,0.00112425,0.575538
750,105.5,80,0.00112045,0.000271823,0.00112045,0.601244
750,105.5,80,0.00111655,0.000273034,0.00111655,0.578375
750,105.5,80,0.00110881,0.000274569,0.00110881,0.412866
750,105.5,80,0.0011058,0.000275855,0.0011058,0.651786
750,105.5,80,0.00110362,0.000276981,0.00110362,0.685627
750,105.5,80,0.00110186,0.000278084,0.00110186,0.715387
750,105.5,80,0.00110134,0.000279404,0.00110134,0.820677
750,105.5,80,0.00110126,0.000280527,0.00110126,0.849247
750,105.5,80,0.00110131,0.000281644,0.00110131,0.859686
750,105.5,80,0.00110066,0.000282771,0.00110066,0.804576
750,105.5,80,0.00110004,0.000283912,0.00110004,0.807199
750,105.5,80,0.00109871,0.000285078,0.00109871,0.753969
750,105.5,80,0.00109315,0.000286589,0.00109315,0.528487
750,105.5,80,0.00109,0.00028788,0.00109,0.634939
750,105.5,80,0.00108722,0.000289048,0.00108722,0.638532
750,105.5,80,0.00108459,0.000290196,0.00108459,0.645809
750,105.5,80,0.00108106,0.000291295,0.00108106,0.563581
750,105.5,80,0.00107729,0.000292373,0.00107729,0.537359
750,105.5,80,0.00107342,0.00029348,0.00107342,0.535998
750,105.5,80,0.00106905,0.00029455,0.00106905,0.483692
750,105.5,80,0.00106298,0.000295654,0.00106298,0.360582
750,105.5,80,0.00105707,0.000296741,0.00105707,0.363896
750,105.5,80,0.00105088,0.00029785,0.00105088,0.350347
750,105.5,80,0.00104436,0.000299035,0.00104436,0.355374
750,105.5,80,0.00103517,0.000300194,0.00103517,0.151259
750,105.5,80,0.00103106,0.000301467,0.00103106,0.538721
750,105.5,80,0.00102716,0.00030271,0.00102716,0.544551
750,105.5,80,0.00102232,0.000303733,0.00102232,0.411886
750,105.5,80,0.00101787,0.000304833,0.00101787,0.46657
750,105.5,80,0.00101354,0.000305847,0.00101354,0.445439
750,105.5,80,0.00100921,0.000306863,0.00100921,0.445284
750,105.5,80,0.00100469,0.000307868,0.00100469,0.425233
750,105.5,80,0.000999649,0.000308868,0.000999649,0.378963
750,105.5,80,0.000997316,0.000309866,0.000997316,0.594031
750,105.5,80,0.00099423,0.000310914,0.00099423,0.544304
750,105.5,80,0.000992267,0.000311907,0.000992267,0.620166
750,105.5,80,0.000989361,0.000312914,0.000989361,0.546586
750,105.5,80,0.00098593,0.000313901,0.00098593,0.498433
750,105.5,80,0.000981334,0.000314933,0.000981334,0.419459
750,105.5,80,0.000976571,0.00031597,0.000976571,0.407196
750,105.5,80,0.000972229,0.000316981,0.000972229,0.428428
750,105.5,80,0.000967857,0.000317968,0.000967857,0.416586
750,105.5,80,0.00095984,0.000319363,0.00095984,0.312338
750,105.5,80,0.000956558,0.000320532,0.000956558,0.536233
750,105.5,80,0.000953827,0.000321529,0.000953827,0.540379
750,105.5,80,0.000950225,0.00032252,0.000950225,0.470268
750,105.5,80,0.000947237,0.00032348,0.000947237,0.50884
750,105.5,80,0.000955556,0.000324437,0.000955556,1.4156
750,105.5,80,0.000952138,0.00032539,0.000952138,0.475301
750,105.5,80,0.000948985,0.00032634,0.000948985,0.494133
750,105.5,80,0.000945488,0.000327324,0.000945488,0.474971
750,105.5,80,0.000943364,0.000328276,0.000943364,0.573795
750,105.5,80,0.000941858,0.000329218,0.000941858,0.62069
750,105.5,80,0.000941029,0.00033016,0.000941029,0.674319
750,105.5,80,0.000939549,0.000331178,0.000939549,0.630275
750,105.5,80,0.000938847,0.000332117,0.000938847,0.683064
750,105.5,80,0.000938022,0.000333168,0.000938022,0.679739
750,105.5,80,0.000934314,0.000334169,0.000934314,0.459082
750,105.5,80,0.000932564,0.000335169,0.000932564,0.604257
750,105.5,80,0.000930375,0.000336349,0.000930375,0.595149
750,105.5,80,0.000928594,0.00033742,0.000928594,0.608567
750,105.5,80,0.000925025,0.000338356,0.000925025,0.447223
750,105.5,80,0.000923492,0.000339355,0.000923492,0.615011
750,105.5,80,0.00092189,0.000340277,0.00092189,0.59923
750,105.5,80,0.000920647,0.000341206,0.000920647,0.627892
750,105.5,80,0.000919365,0.000342137,0.000919365,0.624397
750,105.5,80,0.000917238,0.000343064,0.000917238,0.555799
750,105.5,80,0.000915182,0.000343998,0.000915182,0.561458
750,105.5,80,0.000913001,0.000344941,0.000913001,0.552146
750,105.5,80,0.000909651,0.000345851,0.000909651,0.450789
750,105.5,80,0.000906938,0.000346758,0.000906938,0.499952
750,105.5,80,0.000905225,0.000347664,0.000905225,0.578603
750,105.5,80,0.000903262,0.000348567,0.000903262,0.557184
750,105.5,80,0.000901391,0.00034948,0.000901391,0.565127
750,105.5,80,0.000899632,0.000350449,0.000899632,0.58098
750,105.5,80,0.000897977,0.000351424,0.000897977,0.588709
750,105.5,80,0.000896445,0.000352382,0.000896445,0.594783
750,105.5,80,0.000892836,0.000353287,0.000892836,0.422105
750,105.5,80,0.000888607,0.000354282,0.000888607,0.40154
750,105.5,80,0.000885389,0.000355365,0.000885389,0.491201
750,105.5,80,0.000881865,0.000356418,0.000881865,0.462725
750,105.5,80,0.000878548,0.000357313,0.000878548,0.436175
750,105.5,80,0.000873589,0.000358231,0.000873589,0.315584
750,105.5,80,0.000869894,0.000359101,0.000869894,0.394782
750,105.5,80,0.00086677,0.000360009,0.00086677,0.449349
750,105.5,80,0.000863078,0.000361088,0.000863078,0.449287
750,105.5,80,0.000855318,0.000362075,0.000855318,0.141689
750,105.5,80,0.000852052,0.000363269,0.000852052,0.49086
750,105.5,80,0.000848833,0.000364178,0.000848833,0.434477
750,105.5,80,0.000843754,0.000365022,0.000843754,0.265108
750,105.5,80,0.000839692,0.000365962,0.000839692,0.378208
750,105.5,80,0.000836034,0.000366841,0.000836034,0.38743
750,105.5,80,0.000833268,0.000367675,0.000833268,0.442661
750,105.5,80,0.000823542,0.0003685,0.000823542,-0.120638
750,105.5,80,0.00082152,0.000369385,0.00082152,0.504971
750,105.5,80,0.000819432,0.000370204,0.000819432,0.48664
750,105.5,80,0.000817009,0.000371093,0.000817009,0.473633
750,105.5,80,0.000814227,0.000371908,0.000814227,0.427495
750,105.5,80,0.000811137,0.000372772,0.000811137,0.415831
750,105.5,80,0.000807804,0.000373626,0.000807804,0.392877
750,105.5,80,0.000798617,0.000374468,0.000798617,-0.0584473
750,105.5,80,0.000794965,0.000375533,0.000794965,0.417704
750,105.5,80,0.000792305,0.000376414,0.000792305,0.442714
750,105.5,80,0.000789014,0.000377204,0.000789014,0.36835
750,105.5,80,0.000784492,0.000377989,0.000784492,0.266838
750,105.5,80,0.000780631,0.00037877,0.000780631,0.316594
750,105.5,80,0.000776442,0.000379571,0.000776442,0.297716
750,105.5,80,0.000772264,0.000380371,0.000772264,0.296596
750,105.5,80,0.000766641,0.000381184,0.000766641,0.191289
750,105.5,80,0.000761983,0.000381947,0.000761983,0.239247
750,105.5,80,0.000757726,0.000382706,0.000757726,0.268663
750,105.5,80,0.000754429,0.00038346,0.000754429,0.34256
750,105.5,80,0.000750324,0.000384211,0.000750324,0.274979
750,105.5,80,0.000747641,0.000384974,0.000747641,0.390987
750,105.5,80,0.000745551,0.000385742,0.000745551,0.437583
750,105.5,80,0.000743074,0.000386485,0.000743074,0.400027
750,105.5,80,0.000739793,0.000387226,0.000739793,0.33341
750,105.5,80,0.000737522,0.000387964,0.000737522,0.41251
750,105.5,80,0.000735835,0.0003887,0.000735835,0.457948
750,105.5,80,0.000733543,0.000389434,0.000733543,0.407997
750,105.5,80,0.000731397,0.000390209,0.000731397,0.427837
750,105.5,80,0.00072903,0.000390939,0.00072903,0.398899
750,105.5,80,0.000728707,0.000391721,0.000728707,0.56381
750,105.5,80,0.000727904,0.000392449,0.000727904,0.52308
750,105.5,80,0.000726806,0.000393224,0.000726806,0.504188
750,105.5,80,0.000723321,0.000393999,0.000723321,0.324102
750,105.5,80,0.000720468,0.000394957,0.000720468,0.410342
750,105.5,80,0.000716881,0.000395804,0.000716881,0.336535
750,105.5,80,0.000712166,0.000396535,0.000712166,0.208398
750,105.5,80,0.000708329,0.000397243,0.000708329,0.266267
750,105.5,80,0.000704193,0.000397988,0.000704193,0.25727
750,105.5,80,0.000700172,0.000398708,0.000700172,0.254515
750,105.5,80,0.000695421,0.000399464,0.000695421,0.214036
750,105.5,80,0.000692262,0.000400163,0.000692262,0.310897
750,105.5,80,0.000688616,0.000400891,0.000688616,0.283035
750,105.5,80,0.000683471,0.000401608,0.000683471,0.162371
750,105.5,80,0.00067907,0.000402288,0.00067907,0.200384
750,105.5,80,0.00067491,0.000402972,0.00067491,0.220118
750,105.5,80,0.000670343,0.000403711,0.000670343,0.214197
750,105.5,80,0.000665947,0.000404418,0.000665947,0.210753
750,105.5,80,0.000658483,0.000405293,0.000658483,0.0870446
750,105.5,80,0.000655917,0.00040609,0.000655917,0.365945
750,105.5,80,0.000653278,0.000406813,0.000653278,0.342103
750,105.5,80,0.000650108,0.000407476,0.000650108,0.281859
750,105.5,80,0.000647705,0.000408247,0.000647705,0.367274
750,105.5,80,0.000644409,0.000408944,0.000644409,0.282685
750,105.5,80,0.000635936,0.000409873,0.000635936,0.0562236
750,105.5,80,0.000631862,0.000410551,0.000631862,0.213514
750,105.5,80,0.00062751,0.000411225,0.00062751,0.18981
750,105.5,80,0.000623233,0.000411848,0.000623233,0.168876
750,105.5,80,0.000618193,0.000412507,0.000618193,0.128734
750,105.5,80,0.000615421,0.000413123,0.000615421,0.283548
750,105.5,80,0.000612052,0.000413739,0.000612052,0.234971
750,105.5,80,0.000608459,0.000414347,0.000608459,0.212616
750,105.5,80,0.000603406,0.000414954,0.000603406,0.0940542
750,105.5,80,0.000599342,0.000415553,0.000599342,0.168372
750,105.5,80,0.000594769,0.00041615,0.000594769,0.125144
750,105.5,80,0.000590269,0.00041674,0.000590269,0.126815
750,105.5,80,0.000584775,0.000417404,0.000584775,0.0952531
750,105.5,80,0.000581641,0.000418035,0.000581641,0.249314
750,105.5,80,0.000575292,0.000418855,0.000575292,0.119453
750,105.5,80,0.000571299,0.000419557,0.000571299,0.212631
750,105.5,80,0.000568512,0.000420148,0.000568512,0.256182
750,105.5,80,0.000565375,0.000420713,0.000565375,0.217614
750,105.5,80,0.000561945,0.000421276,0.000561945,0.191809
750,105.5,80,0.00055828,0.000421848,0.00055828,0.177006
750,105.5,80,0.000553975,0.000422436,0.000553975,0.135773
750,105.5,80,0.000550429,0.000422988,0.000550429,0.174169
750,105.5,80,0.000547373,0.000423546,0.000547373,0.215711
750,105.5,80,0.000545168,0.000424092,0.000545168,0.27727
750,105.5,80,0.000542783,0.000424647,0.000542783,0.265351
750,105.5,80,0.000541987,0.000425189,0.000541987,0.387739
750,105.5,80,0.000540777,0.00042573,0.000540777,0.353667
750,105.5,80,0.000539357,0.00042627,0.000539357,0.336081
750,105.5,80,0.000536945,0.000426807,0.000536945,0.254806
750,105.5,80,0.000535761,0.000427343,0.000535761,0.352237
750,105.5,80,0.000534486,0.000427897,0.000534486,0.347584
750,105.5,80,0.0005338,0.000428434,0.0005338,0.391041
750,105.5,80,0.000533112,0.000428994,0.000533112,0.392657
750,105.5,80,0.000532563,0.000429564,0.000532563,0.403693
750,105.5,80,0.000533332,0.000430161,0.000533332,0.500389
750,105.5,80,0.000534234,0.000430902,0.000534234,0.498169
750,105.5,80,0.000535177,0.000431493,0.000535177,0.515189
750,105.5,80,0.000537457,0.000432031,0.000537457,0.630866
750,105.5,80,0.000539162,0.000432586,0.000539162,0.582579
750,105.5,80,0.000540369,0.000433127,0.000540369,0.547441
750,105.5,80,0.000541453,0.000433678,0.000541453,0.536993
750,105.5,80,0.000542418,0.000434221,0.000542418,0.529719
750,105.5,80,0.000543505,0.000434777,0.000543505,0.538489
750,105.5,80,0.000543879,0.000435323,0.000543879,0.483662
750,105.5,80,0.000543906,0.000435985,0.000543906,0.455731
750,105.5,80,0.000543839,0.000436537,0.000543839,0.448635
750,105.5,80,0.000543837,0.000437112,0.000543837,0.453869
750,105.5,80,0.000543563,0.0004377,0.000543563,0.433548
750,105.5,80,0.000542637,0.000438268,0.000542637,0.382493
750,105.5,80,0.000542307,0.00043882,0.000542307,0.427067
750,105.5,80,0.000542377,0.000439521,0.000542377,0.457483
750,105.5,80,0.000542655,0.000440157,0.000542655,0.47247
750,105.5,80,0.000542279,0.000440747,0.000542279,0.425546
750,105.5,80,0.000542711,0.00044129,0.000542711,0.488098
750,105.5,80,0.000542776,0.000441836,0.000542776,0.45885
750,105.5,80,0.000543167,0.000442379,0.000543167,0.485353
750,105.5,80,0.000542102,0.000442946,0.000542102,0.3717
750,105.5,80,0.00054128,0.000443488,0.00054128,0.387135
750,105.5,80,0.000540344,0.000444089,0.000540344,0.384775
750,105.5,80,0.000539022,0.000444645,0.000539022,0.348745
750,105.5,80,0.000537138,0.000445256,0.000537138,0.317243
750,105.5,80,0.000532807,0.000446047,0.000532807,0.21316
750,105.5,80,0.000529886,0.000446638,0.000529886,0.235259
750,105.5,80,0.000527853,0.00044718,0.000527853,0.284467
750,105.5,80,0.000528167,0.000447726,0.000528167,0.467657
750,105.5,80,0.000526161,0.000448253,0.000526161,0.28167
750,105.5,80,0.000526059,0.00044878,0.000526059,0.4337
750,105.5,80,0.000526149,0.000449306,0.000526149,0.449255
750,105.5,80,0.000526356,0.000449833,0.000526356,0.458774
750,105.5,80,0.000526577,0.00045036,0.000526577,0.460073
750,105.5,80,0.000527303,0.000450894,0.000527303,0.500424
750,105.5,80,0.000526994,0.000451421,0.000526994,0.418168
750,105.5,80,0.00052727,0.000451961,0.00052727,0.464706
750,105.5,80,0.000527524,0.00045257,0.000527524,0.460986
750,105.5,80,0.000528811,0.00045312,0.000528811,0.543303
750,105.5,80,0.000530025,0.000453686,0.000530025,0.5364
750,105.5,80,0.000532276,0.000454268,0.000532276,0.611884
750,105.5,80,0.000534674,0.000454837,0.000534674,0.629067
750,105.5,80,0.000536049,0.000455543,0.000536049,0.533691
750,105.5,80,0.00053772,0.000456116,0.00053772,0.576738
750,105.5,80,0.000545044,0.000456682,0.000545044,1.0212
750,105.5,80,0.000546162,0.000457235,0.000546162,0.546142
750,105.5,80,0.000547248,0.000457792,0.000547248,0.544114
750,105.5,80,0.000547174,0.00045834,0.000547174,0.452834
750,105.5,80,0.000546939,0.000458906,0.000546939,0.44044
750,105.5,80,0.000547201,0.000459476,0.000547201,0.479028
750,105.5,80,0.00054519,0.000460033,0.00054519,0.299912
750,105.5,80,0.000541394,0.00046058,0.000541394,0.154149
750,105.5,80,0.000538334,0.000461124,0.000538334,0.210076
750,105.5,80,0.000535251,0.00046166,0.000535251,0.203747
750,105.5,80,0.000532974,0.000462193,0.000532974,0.266401
750,105.5,80,0.000528833,0.000462722,0.000528833,0.114372
750,105.5,80,0.000525698,0.000463324,0.000525698,0.224103
750,105.5,80,0.000523247,0.000463848,0.000523247,0.245453
750,105.5,80,0.0005205,0.000464422,0.0005205,0.240129
750,105.5,80,0.000517043,0.000464945,0.000517043,0.163577
750,105.5,80,0.000511742,0.000465647,0.000511742,0.123769
750,105.5,80,0.000508952,0.000466237,0.000508952,0.238376
750,105.5,80,0.000504992,0.00046678,0.000504992,0.133598
750,105.5,80,0.000501293,0.000467282,0.000501293,0.129473
750,105.5,80,0.000492168,0.000467774,0.000492168,-0.311082
750,105.5,80,0.000489302,0.000468264,0.000489302,0.187384
750,105.5,80,0.000485521,0.000468808,0.000485521,0.143591
750,105.5,80,0.000483316,0.000469301,0.000483316,0.239088
750,105.5,80,0.000481404,0.00046982,0.000481404,0.268658
750,105.5,80,0.000480424,0.00047033,0.000480424,0.336049
750,105.5,80,0.000479742,0.000470878,0.000479742,0.361818
750,105.5,80,0.000478076,0.000471367,0.000478076,0.277797
750,105.5,80,0.000476638,0.000471989,0.000476638,0.319156
750,105.5,80,0.000475108,0.000472554,0.000475108,0.303349
750,105.5,80,0.000472342,0.000473035,0.000472342,0.186688
750,105.5,80,0.000470618,0.000473506,0.000470618,0.265158
750,105.5,80,0.000468517,0.000474006,0.000468517,0.243977
750,105.5,80,0.000465689,0.000474472,0.000465689,0.173157
750,105.5,80,0.000464369,0.000474937,0.000464369,0.292921
750,105.5,80,0.00046424,0.000475402,0.00046424,0.387953
750,105.5,80,0.00046391,0.000475866,0.00046391,0.371772
750,105.5,80,0.000463069,0.000476329,0.000463069,0.330389
750,105.5,80,0.000463106,0.000476793,0.000463106,0.400548
750,105.5,80,0.000463543,0.000477257,0.000463543,0.432942
750,105.5,80,0.000463208,0.000477729,0.000463208,0.371506
750,105.5,80,0.000461841,0.000478191,0.000461841,0.287566
750,105.5,80,0.000460872,0.000478661,0.000460872,0.320086
750,105.5,80,0.000459256,0.000479121,0.000459256,0.265774
750,105.5,80,0.000456718,0.000479582,0.000456718,0.192261
750,105.5,80,0.000453277,0.000480036,0.000453277,0.115478
750,105.5,80,0.00045065,0.000480487,0.00045065,0.178664
750,105.5,80,0.000448401,0.000480993,0.000448401,0.227504
750,105.5,80,0.000445855,0.000481472,0.000445855,0.195773
750,105.5,80,0.000443865,0.000481941,0.000443865,0.232916
750,105.5,80,0.000440352,0.000482534,0.000440352,0.172501
750,105.5,80,0.000438951,0.00048305,0.000438951,0.284796
750,105.5,80,0.000437019,0.000483568,0.000437019,0.248598
750,105.5,80,0.000433908,0.000484027,0.000433908,0.140831
750,105.5,80,0.000431274,0.000484463,0.000431274,0.166234
750,105.5,80,0.000429213,0.000484893,0.000429213,0.208413
750,105.5,80,0.000426461,0.000485337,0.000426461,0.159905
750,105.5,80,0.000423739,0.000485775,0.000423739,0.158357
750,105.5,80,0.000420579,0.000486216,0.000420579,0.125759
750,105.5,80,0.000418314,0.000486637,0.000418314,0.184878
750,105.5,80,0.000416217,0.000487094,0.000416217,0.210752
750,105.5,80,0.00041238,0.000487661,0.00041238,0.137361
750,105.5,80,0.000410602,0.000488135,0.000410602,0.236292
750,105.5,80,0.000409261,0.000488545,0.000409261,0.251335
750,105.5,80,0.000408132,0.000488968,0.000408132,0.27051
750,105.5,80,0.00040691,0.000489375,0.00040691,0.259055
750,105.5,80,0.000405587,0.000489781,0.000405587,0.250148
750,105.5,80,0.000402526,0.000490183,0.000402526,0.108906
750,105.5,80,0.000399678,0.000490595,0.000399678,0.130293
750,105.5,80,0.0003962,0.000490991,0.0003962,0.0706801
750,105.5,80,0.000391532,0.000491385,0.000391532,-0.0254037
750,105.5,80,0.000387094,0.000491782,0.000387094,-0.00418916
750,105.5,80,0.000382495,0.000492169,0.000382495,-0.0251466
750,105.5,80,0.000378355,0.000492547,0.000378355,0.00475846
750,105.5,80,0.000374628,0.000492922,0.000374628,0.034834
750,105.5,80,0.000369922,0.000493292,0.000369922,-0.0466803
750,105.5,80,0.000365965,0.000493673,0.000365965,0.022168
750,105.5,80,0.0003621,0.000494043,0.0003621,0.021485
750,105.5,80,0.000358557,0.000494402,0.000358557,0.0376908
750,105.5,80,0.000353547,0.000494756,0.000353547,-0.0830933
750,105.5,80,0.000348923,0.000495105,0.000348923,-0.0557382
750,105.5,80,0.000343965,0.000495449,0.000343965,-0.0860556
750,105.5,80,0.000339215,0.000495807,0.000339215,-0.0541061
750,105.5,80,0.000334233,0.000496156,0.000334233,-0.0784898
750,105.5,80,0.000330155,0.000496522,0.000330155,0.00626117
750,105.5,80,0.000326797,0.000496863,0.000326797,0.0398401
750,105.5,80,0.000320277,0.000497307,0.000320277,-0.0839934
750,105.5,80,0.000317668,0.000497666,0.000317668,0.106063
750,105.5,80,0.000315404,0.000497991,0.000315404,0.113655
750,105.5,80,0.000313144,0.000498311,0.000313144,0.110548
750,105.5,80,0.000310044,0.000498622,0.000310044,0.0372763
750,105.5,80,0.000307802,0.00049893,0.000307802,0.104327
750,105.5,80,0.000304757,0.000499269,0.000304757,0.0625464
750,105.5,80,0.000301018,0.000499575,0.000301018,-0.0160685
750,105.5,80,0.000296362,0.000499882,0.000296362,-0.0843217
750,105.5,80,0.000292765,0.00050019,0.000292765,-0.00167181
750,105.5,80,0.000288986,0.0005005,0.000288986,-0.0118011
750,105.5,80,0.000286007,0.000500786,0.000286007,0.0292023
750,105.5,80,0.000282487,0.000501094,0.000282487,0.00606736
750,105.5,80,0.000277903,0.000501404,0.000277903,-0.0676459
750,105.5,80,0.000274587,0.000501785,0.000274587,0.0677753
750,105.5,80,0.000271314,0.000502073,0.000271314,0.00962782
750,105.5,80,0.000267996,0.000502353,0.000267996,0.000718554
750,105.5,80,0.000264064,0.000502634,0.000264064,-0.0450209
750,105.5,80,0.000259162,0.000502909,0.000259162,-0.121627
750,105.5,80,0.000255446,0.000503165,0.000255446,-0.0524046
750,105.5,80,0.000252215,0.000503424,0.000252215,-0.00918332
750,105.5,80,0.00024938,0.000503674,0.00024938,0.0133585
750,105.5,80,0.000246654,0.000503921,0.000246654,0.0210833
750,105.5,80,0.000243805,0.000504165,0.000243805,0.00819543
750,105.5,80,0.000242371,0.000504421,0.000242371,0.126272
750,105.5,80,0.000240685,0.000504683,0.000240685,0.109748
750,105.5,80,0.000236541,0.000504955,0.000236541,-0.0578653
750,105.5,80,0.000234756,0.000505262,0.000234756,0.120185
750,105.5,80,0.000232059,0.000505528,0.000232059,0.0397169
750,105.5,80,0.000228928,0.000505758,0.000228928,-0.0247686
750,105.5,80,0.000225558,0.000505989,0.000225558,-0.0407308
750,105.5,80,0.000220991,0.00050622,0.000220991,-0.13098
750,105.5,80,0.000217127,0.000506458,0.000217127,-0.0653724
750,105.5,80,0.00021298,0.000506672,0.00021298,-0.11632
750,105.5,80,0.000209385,0.000506896,0.000209385,-0.0584844
750,105.5,80,0.00020628,0.000507103,0.00020628,-0.0400297
750,105.5,80,0.000202336,0.000507344,0.000202336,-0.0592474
750,105.5,80,0.000194869,0.000507559,0.000194869,-0.341726
750,105.5,80,0.000190291,0.000507841,0.000190291,-0.0509825
750,105.5,80,0.000184545,0.000508025,0.000184545,-0.267134
750,105.5,80,0.000178656,0.000508204,0.000178656,-0.283396
750,105.5,80,0.000172664,0.000508377,0.000172664,-0.295925
750,105.5,80,0.000166755,0.000508547,0.000166755,-0.285473
750,105.5,80,0.000160878,0.000508708,0.000160878,-0.29577
750,105.5,80,0.000155895,0.000508864,0.000155895,-0.227752
750,105.5,80,0.000151498,0.000509021,0.000151498,-0.172508
750,105.5,80,0.000146961,0.000509169,0.000146961,-0.195011
750,105.5,80,0.000143971,0.000509313,0.000143971,-0.0773249
750,105.5,80,0.000141027,0.000509455,0.000141027,-0.0752516
750,105.5,80,0.00013842,0.000509593,0.00013842,-0.0508308
750,105.5,80,0.000135598,0.000509729,0.000135598,-0.0701759
750,105.5,80,0.000131869,0.000509861,0.000131869,-0.145287
750,105.5,80,0.000129123,0.00050999,0.000129123,-0.0687596
750,105.5,80,0.000125844,0.000510124,0.000125844,-0.0985214
750,105.5,80,0.000123349,0.00051026,0.000123349,-0.0347213
750,105.5,80,0.000120242,0.000510391,0.000120242,-0.0835888
750,105.5,80,0.000116496,0.000510522,0.000116496,-0.125675
750,105.5,80,0.000114958,0.000510673,0.000114958,0.0461323
750,105.5,80,0.00011333,0.000510805,0.00011333,0.0277421
750,105.5,80,0.000112687,0.000510919,0.000112687,0.0876498
750,105.5,80,0.000112255,0.000511036,0.000112255,0.10492
750,105.5,80,0.000110658,0.000511147,0.000110658,0.00919522
750,105.5,80,0.000109752,0.000511258,0.000109752,0.0647763
750,105.5,80,0.000108549,0.000511367,0.000108549,0.039151
750,105.5,80,0.000107218,0.000511474,0.000107218,0.0282052
750,105.5,80,0.000104156,0.000511579,0.000104156,-0.112666
750,105.5,80,0.000101307,0.000511681,0.000101307,-0.0962726
750,105.5,80,9.81033e-05,5.11681e-06,0,-8.10239
750,105.5,80,9.49692e-05,5.11681e-08,0,5.39823e-06
750,105.5,80,9.08218e-05,5.11681e-10,0,5.39823e-08
750,105.5,80,8.73835e-05,5.11681e-12,0,5.39823e-10
750,105.5,80,8.41697e-05,5.11681e-14,0,5.39823e-12
750,105.5,80,8.15993e-05,5.11681e-16,0,5.39823e-14
750,105.5,80,7.88586e-05,5.11681e-18,0,5.39823e-16
750,105.5,80,7.62459e-05,5.11681e-20,0,5.39823e-18
750,105.5,80,7.45559e-05,5.11681e-22,0,5.39823e-20
750,105.5,80,7.22891e-05,5.11681e-24,0,5.39823e-22
750,105.5,80,6.99373e-05,5.11681e-26,0,5.39823e-24
750,105.5,80,6.64982e-05,5.11681e-28,0,5.39823e-26
750,105.5,80,6.51393e-05,5.11681e-30,0,5.39823e-28
750,105.5,80,6.31937e-05,5.11681e-32,0,5.39823e-30
750,105.5,80,6.06777e-05,5.11681e-34,0,5.39823e-32
750,105.5,80,5.87953e-05,5.11681e-36,0,5.39823e-34
750,105.5,80,5.70562e-05,5.11681e-38,0,5.39823e-36
750,105.5,80,5.56126e-05,5.11681e-40,0,5.39823e-38
750,105.5,80,5.39114e-05,5.11681e-42,0,5.39823e-40
750,105.5,80,5.28456e-05,5.11681e-44,0,5.39823e-42
750,105.5,80,5.24978e-05,5.11681e-46,0,5.39823e-44
750,105.5,80,5.20622e-05,5.11681e-48,0,5.39823e-46
750,105.5,80,5.16226e-05,5.11681e-50,0,5.39823e-48
750,105.5,80,5.16404e-05,5.11681e-52,0,5.39823e-50
750,105.5,80,5.17505e-05,5.11681e-54,0,5.39823e-52
750,105.5,80,5.18251e-05,5.11681e-56,0,5.39823e-54
750,105.5,80,5.58768e-05,5.11681e-58,0,5.39823e-56
750,105.5,80,5.47631e-05,5.11681e-60,0,5.39823e-58
750,105.5,80,5.5135e-05,5.11681e-62,0,5.39823e-60
750,105.5,80,5.43348e-05,5.11681e-64,0,5.39823e-62
750,105.5,80,5.32121e-05,5.11681e-66,0,5.39823e-64
750,105.5,80,5.19738e-05,5.11681e-68,0,5.39823e-66
750,105.5,80,5.04334e-05,5.11681e-70,0,5.39823e-68
750,105.5,80,4.83895e-05,5.11681e-72,0,5.39823e-70
750,105.5,80,4.54491e-05,5.11681e-74,0,5.39823e-72
750,105.5,80,4.29665e-05,5.11681e-76,0,5.39823e-74
750,105.5,80,4.0058e-05,5.11681e-78,0,5.39823e-76
750,105.5,80,3.28568e-05,5.11681e-80,0,5.39823e-78
750,105.5,80,3.00271e-05,5.11681e-82,0,5.39823e-80
750,105.5,80,2.74203e-05,5.11681e-84,0,5.39823e-82
750,105.5,80,2.48568e-05,5.11681e-86,0,5.39823e-84
750,105.5,80,2.2671e-05,5.11681e-88,0,5.39823e-86
750,105.5,80,2.0371e-05,5.11681e-90,0,5.39823e-88
750,105.5,80,1.86754e-05,5.11681e-92,0,5.39823e-90
750,105.5,80,1.6876e-05,5.11681e-94,0,5.39823e-92
750,105.5,80,1.516e-05,5.11681e-96,0,5.39823e-94
750,105.5,80,1.38892e-05,5.11681e-98,0,5.39823e-96
750,105.5,80,8.37074e-06,5.11681e-100,0,5.39823e-98
750,105.5,80,6.38937e-06,5.11681e-102,0,5.39823e-100
750,105.5,80,4.41619e-06,5.11681e-104,0,5.39823e-102
750,105.5,80,1.72982e-06,5.11681e-106,0,5.39823e-104
750,105.5,80,0,5.11681e-108,0,5.39823e-106
750,105.5,80,0,5.11681e-110,0,5.39823e-108
750,105.5,80,0,5.11681e-112,0,5.39823e-110
750,105.5,80,0,5.11681e-114,0,5.39823e-112
750,105.5,80,0,5.11681e-116,0,5.39823e-114
750,105.5,80,0,5.11681e-118,0,5.39823e-116
750,105.5,80,0,5.11681e-120,0,5.39823e-118
750,105.5,80,0,5.11681e-122,0,5.39823e-120
750,105.5,80,0,5.11681e-124,0,5.39823e-122
750,105.5,80,0,5.11681e-126,0,5.39823e-124
750,105.5,80,0,5.11681e-128,0,5.39823e-126
750,105.5,80,0,5.11681e-130,0,5.39823e-128
750,105.5,80,0,5.11681e-132,0,5.39823e-130
750,105.5,80,0,5.11681e-134,0,5.39823e-132
750,105.5,80,0,5.11681e-136,0,5.39823e-134
750,105.5,80,0,5.11681e-138,0,5.39823e-136
750,105.5,80,0,5.11681e-140,0,5.39823e-138
750,105.5,80,0,5.11681e-142,0,5.39823e-140
750,105.5,80,0,5.11681e-144,0,5.39823e-142
750,105.5,80,0,5.11681e-146,0,5.39823e-144
750,105.5,80,0,5.11681e-148,0,5.39823e-146
750,105.5,80,0,5.11681e-150,0,5.39823e-148
750,105.5,80,0,5.11681e-152,0,5.39823e-150
750,105.5,80,0,5.11681e-154,0,5.39823e-152
750,105.5,80,0,5.11681e-156,0,5.39823e-154
750,105.5,80,0,5.11681e-158,0,5.39823e-156
750,105.5,80,0,5.11681e-160,0,5.39823e-158
750,105.5,80,0,5.11681e-162,0,5.39823e-160
750,105.5,80,0,5.11681e-164,0,5.39823e-162
750,105.5,80,0,5.11681e-166,0,5.39823e-164
750,105.5,80,0,5.11681e-168,0,5.39823e-166
750,105.5,80,0,5.11681e-170,0,5.39823e-168
750,105.5,80,0,5.11681e-172,0,5.39823e-170
750,105.5,80,0,5.11681e-174,0,5.39823e-172
750,105.5,80,0,5.11681e-176,0,5.39823e-174
750,105.5,80,0,5.11681e-178,0,5.39823e-176
750,105.5,80,0,5.11681e-180,0,5.39823e-178
750,105.5,80,0,5.11681e-182,0,5.39823e-180
750,105.5,80,0,5.11681e-184,0,5.39823e-182
750,105.5,80,0,5.11681e-186,0,5.39823e-184
750,105.5,80,0,5.11681e-188,0,5.39823e-186
750,105.5,80,0,5.11681e-190,0,5.39823e-188
750,105.5,80,0,5.11681e-192,0,5.39823e-190
750,105.5,80,0,5.11681e-194,0,5.39823e-192
750,105.5,80,0,5.11681e-196,0,5.39823e-194
750,105.5,80,0,5.11681e-198,0,5.39823e-196
750,105.5,80,0,5.11681e-200,0,5.39823e-198
750,105.5,80,0,5.11681e-202,0,5.39823e-200
750,105.5,80,0,5.11681e-204,0,5.39823e-202
750,105.5,80,0,5.11681e-206,0,5.39823e-204
750,105.5,80,0,5.11681e-208,0,5.39823e-206
750,105.5,80,0,5.11681e-210,0,5.39823e-208
750,105.5,80,0,5.11681e-212,0,5.39823e-210
750,105.5,80,0,5.11681e-214,0,5.39823e-212
750,105.5,80,0,5.11681e-216,0,5.39823e-214
750,105.5,80,0,5.11681e-218,0,5.39823e-216
750,105.5,80,0,5.11681e-220,0,5.39823e-218
750,105.5,80,0,5.11681e-222,0,5.39823e-220
750,105.5,80,0,5.11681e-224,0,5.39823e-222
750,105.5,80,0,5.11681e-226,0,5.39823e-224
750,105.5,80,0,5.11681e-228,0,5.39823e-226
750,105.5,80,0,5.11681e-230,0,5.39823e-228
750,105.5,80,0,5.11681e-232,0,5.39823e-230
750,105.5,80,0,5.11681e-234,0,5.39823e-232
750,105.5,80,0,5.11681e-236,0,5.39823e-234
750,105.5,80,0,5.11681e-238,0,5.39823e-236
750,105.5,80,0,5.11681e-240,0,5.39823e-238
750,105.5,80,0,5.11681e-242,0,5.39823e-240
750,105.5,80,0,5.11681e-244,0,5.39823e-242
750,105.5,80,0,5.11681e-246,0,5.39823e-244
750,105.5,80,0,5.11681e-248,0,5.39823e-246
750,105.5,80,0,5.11681e-250,0,5.39823e-248
750,105.5,80,0,5.11681e-252,0,5.39823e-250
750,105.5,80,0,5.11681e-254,0,5.39823e-252
750,105.5,80,0,5.11681e-256,0,5.39823e-254
750,105.5,80,0,5.11681e-258,0,5.39823e-256
750,105.5,80,0,5.11681e-260,0,5.39823e-258
750,105.5,80,0,5.11681e-262,0,5.39823e-260
750,105.5,80,0,5.11681e-264,0,5.39823e-262
750,105.5,80,0,5.11681e-266,0,5.39823e-264
750,105.5,80,0,5.11681e-268,0,5.39823e-266
750,105.5,80,0,5.11681e-270,0,5.39823e-268
750,105.5,80,0,5.11681e-272,0,5.39823e-270
750,105.5,80,0,5.11681e-274,0,5.39823e-272
750,105.5,80,0,5.11681e-276,0,5.39823e-274
750,105.5,80,0,5.11681e-278,0,5.39823e-276
750,105.5,80,0,5.11681e-280,0,5.39823e-278
750,105.5,80,0,5.11681e-282,0,5.39823e-280
750,105.5,80,0,5.11681e-284,0,5.39823e-282
750,105.5,80,0,5.11681e-286,0,5.39823e-284
750,105.5,80,0,5.11681e-288,0,5.39823e-286
750,105.5,80,0,5.11681e-290,0,5.39823e-288
750,105.5,80,0,5.11681e-292,0,5.39823e-290
750,105.5,80,0,5.11681e-294,0,5.39823e-292
750,105.5,80,0,5.11681e-296,0,5.39823e-294
750,105.5,80,0,5.11681e-298,0,5.39823e-296
750,105.5,80,0,5.11681e-300,0,5.39823e-298
750,105.5,80,0,5.11681e-302,0,5.39823e-300
750,105.5,80,0,5.11681e-304,0,5.39823e-302
750,105.5,80,0,5.11681e-306,0,5.39823e-304
750,105.5,80,0,5.11681e-308,0,5.39823e-306
750,105.5,80,0,5.11681e-310,0,5.39823e-308
750,105.5,80,0,5.11681e-312,0,5.39823e-310
750,105.5,80,0,5.11681e-314,0,5.39823e-312
750,105.5,80,0,5.11681e-316,0,5.39823e-314
750,105.5,80,0,5.11681e-318,0,5.39823e-316
750,105.5,80,0,5.11704e-320,0,5.39848e-318
750,105.5,80,0,5.13828e-322,0,5.42089e-320
750,105.5,80,0,4.94066e-324,0,5.2371e-322
750,105.5,80,0,0,0,0
750,105.5,80,0,0,0,0
750,105.5,80,0,0,0,0
750,105.5,80,0,0,0,0
750,105.5,80,0,0,0,0
750,105.5,80,0,0,0,0
750,105.5,80,0,0,0,0
750,105.5,80,0,0,0,0
750,105.5,80,0,0,0,0
750,105.5,80,0,0,0,0
750,105.5,80,0,0,0,0
750,105.5,80,0,0,0,0
750,105.5,80,0,0,0,0
750,105.5,80,0,0,0,0
750,105.5,80,0,0,0,0
750,105.5,80,0,0,0,0
750,105.5,80,0,0,0,0
750,105.5,80,0,0,0,0
750,105.5,80,0,0,0,0
750,105.5,80,0,0,0,0
750,105.5,80,0,0,0,0
750,105.5,80,0,0,0,0
750,105.5,80,0,0,0,0
750,105.5,80,0,0,0,0
750,105.5,80,0,0,0,0
750,105.5,80,0,0,0,0
750,105.5,80,0,0,0,0
750,105.5,80,0,0,0,0
750,105.5,80,0,0,0,0
750,105.5,80,0,0,0,0
750,105.5,80,0,0,0,0
750,105.5,80,0,0,0,0
750,105.5,80,0,0,0,0
750,105.5,80,0,0,0,0
750,105.5,80,0,0,0,0
750,105.5,80,0,0,0,0
750,105.5,80,0,0,0,0
750,105.5,80,0,0,0,0
750,105.5,80,0,0,0,0
750,105.5,80,0,0,0,0
750,105.5,80,0,0,0,0
750,105.5,80,0,0,0,0
750,105.5,80,0,0,0,0
750,105.5,80,0,0,0,0
750,105.5,80,0,0,0,0
750,105.5,80,0,0,0,0
750,105.5,80,0,0,0,0
750,105.5,80,0,0,0,0
750,105.5,80,0,0,0,0
750,105.5,80,0,0,0,0
750,105.5,80,0,0,0,0
750,105.5,80,0,0,0,0
750,105.5,80,0,0,0,0
750,105.5,80,0,0,0,0
750,105.5,80,0,0,0,0
750,105.5,80,0,0,0,0
750,105.5,80,0,0,0,0
750,105.5,80,0,0,0,0
750,105.5,80,0,0,0,0
750,105.5,80,0,0,0,0
750,105.5,80,0,0,0,0
750,105.5,80,0,0,0,0
750,105.5,80,0,0,0,0
750,105.5,80,0,0,0,0
750,105.5,80,0,0,0,0
750,105.5,80,0,0,0,0
750,105.5,80,0,0,0,0
750,105.5,80,0,0,0,0
750,105.5,80,0,0,0,0
750,105.5,80,0,0,0,0
750,105.5,80,0,0,0,0
750,105.5,80,0,0,0,0
750,105.5,80,0,0,0,0
750,105.5,80,0,0,0,0
750,105.5,80,0,0,0,0
750,105.5,80,0,0,0,0
750,105.5,80,0,0,0,0
750,105.5,80,0,0,0,0
750,105.5,80,0,0,0,0
750,105.5,80,0,0,0,0
750,105.5,80,0,0,0,0
750,105.5,80,0,0,0,0
750,105.5,80,0,0,0,0
750,105.5,80,0,0,0,0
750,105.5,80,0,0,0,0
750,105.5,80,0,0,0,0
750,105.5,80,0,0,0,0
750,105.5,80,0,0,0,0
750,105.5,80,0,0,0,0
750,105.5,80,0,0,0,0
750,105.5,80,0,0,0,0
750,105.5,80,0,0,0,0
750,105.5,80,0,0,0,0
750,105.5,80,0,0,0,0
750,105.5,80,0,0,0,0
750,105.5,80,0,0,0,0
750,105.5,80,0,0,0,0
750,105.5,80,0,0,0,0
750,105.5,80,0,0,0,0
750,105.5,80,0,0,0,0
750,105.5,80,0,0,0,0
750,105.5,80,0,0,0,0
750,105.5,80,0,0,0,0
750,105.5,80,0,0,0,0
750,105.5,80,0,0,0,0
750,105.5,80,0,0,0,0
750,105.5,80,0,0,0,0
750,105.5,80,0,0,0,0
750,105.5,80,0,0,0,0
750,105.5,80,0,0,0,0
750,105.5,80,0,0,0,0
750,105.5,80,0,0,0,0
750,105.5,80,0,0,0,0
750,105.5,80,0,0,0,0
750,105.5,80,0,0,0,0
750,105.5,80,0,0,0,0
750,105.5,80,0,0,0,0
750,105.5,80,0,0,0,0
750,105.5,80,0,0,0,0
750,105.5,80,0,0,0,0
750,105.5,80,0,0,0,0
750,105.5,80,0,0,0,0
750,105.5,80,0,0,0,0
750,105.5,80,0,0,0,0
750,105.5,80,0,0,0,0
750,105.5,80,0,0,0,0
750,105.5,80,0,0,0,0
750,105.5,80,0,0,0,0
750,105.5,80,0,0,0,0
750,105.5,80,0,0,0,0
750,105.5,80,0,0,0,0
750,105.5,80,0,0,0,0
750,105.5,80,0,0,0,0
750,105.5,80,0,0,0,0
750,105.5,80,0,0,0,0
750,105.5,80,0,0,0,0
750,105.5,80,0,0,0,0
750,105.5,80,0,0,0,0
750,105.5,80,0,0,0,0
750,105.5,80,0,0,0,0
750,105.5,80,0,0,0,0
750,105.5,80,0,0,0,0
750,105.5,80,0,0,0,0
750,105.5,80,0,0,0,0
750,105.5,80,0,0,0,0
750,105.5,80,0,0,0,0
750,105.5,80,0,0,0,0
750,105.5,80,0,0,0,0
750,105.5,80,0,0,0,0
750,105.5,80,0,0,0,0
750,105.5,80,0,0,0,0
750,105.5,80,0,0,0,0
750,105.5,80,0,0,0,0
750,105.5,80,0,0,0,0
750,105.5,80,0,0,0,0
750,105.5,80,0,0,0,0
750,105.5,80,0,0,0,0
750,105.5,80,0,0,0,0
750,105.5,80,0,0,0,0
750,105.5,80,0,0,0,0
750,105.5,80,0,0,0,0
750,105.5,80,0,0,0,0
750,105.5,80,0,0,0,0
750,105.5,80,0,0,0,0
750,105.5,80,0,0,0,0
750,105.5,80,0,0,0,0
750,105.5,80,0,0,0,0
750,105.5,80,0,0,0,0
750,105.5,80,0,0,0,0
750,105.5,80,0,0,0,0
750,105.5,80,0,0,0,0
750,105.5,80,0,0,0,0
750,105.5,80,0,0,0,0
750,105.5,80,0,0,0,0
750,105.5,80,0,0,0,0
750,105.5,80,0,0,0,0
750,105.5,80,0,0,0,0
750,105.5,80,0,0,0,0
750,105.5,80,0,0,0,0
750,105.5,80,0,0,0,0
750,105.5,80,0,0,0,0
750,105.5,80,0,0,0,0
750,105.5,80,0,0,0,0
750,105.5,80,0,0,0,0
750,105.5,80,0,0,0,0
750,105.5,80,0,0,0,0
750,105.5,80,0,0,0,0
750,105.5,80,0,0,0,0
750,105.5,80,0,0,0,0
750,105.5,80,0,0,0,0
750,105.5,80,0,0,0,0
750,105.5,80,0,0,0,0
750,105.5,80,0,0,0,0
750,105.5,80,0,0,0,0
750,105.5,80,0,0,0,0
750,105.5,80,0,0,0,0
750,105.5,80,0,0,0,0
750,105.5,80,0,0,0,0
750,105.5,80,0,0,0,0
750,105.5,80,0,0,0,0
750,105.5,80,0,0,0,0
750,105.5,80,0,0,0,0
750,105.5,80,0,0,0,0
750,105.5,80,0,0,0,0
750,105.5,80,0,0,0,0
750,105.5,80,0,0,0,0
750,105.5,80,0,0,0,0
750,105.5,80,0,0,0,0
750,105.5,80,0,0,0,0
750,105.5,80,0,0,0,0
750,105.5,80,0,0,0,0
750,105.5,80,0,0,0,0
750,105.5,80,0,0,0,0
750,105.5,80,0,0,0,0
750,105.5,80,0,0,0,0
750,105.5,80,0,0,0,0
750,105.5,80,0,0,0,0
750,105.5,80,0,0,0,0
750,105.5,80,0,0,0,0
750,105.5,80,0,0,0,0
750,105.5,80,0,0,0,0
750,105.5,80,0,0,0,0
750,105.5,80,0,0,0,0
750,105.5,80,0,0,0,0
750,105.5,80,0,0,0,0
750,105.5,80,0,0,0,0
750,105.5,80,0,0,0,0
750,105.5,80,0,0,0,0
750,105.5,80,0,0,0,0
750,105.5,80,0,0,0,0
750,105.5,80,0,0,0,0
750,105.5,80,0,0,0,0
750,105.5,80,0,0,0,0
750,105.5,80,0,0,0,0
750,105.5,80,0,0,0,0
750,105.5,80,0,0,0,0
750,105.5,80,0,0,0,0
750,105.5,80,0,0,0,0
750,105.5,80,0,0,0,0
750,105.5,80,0,0,0,0
750,105.5,80,0,0,0,0
750,105.5,80,0,0,0,0
750,105.5,80,0,0,0,0
750,105.5,80,0,0,0,0
750,105.5,80,0,0,0,0
750,105.5,80,0,0,0,0
750,105.5,80,0,0,0,0
750,105.5,80,0,0,0,0
750,105.5,80,0,0,0,0
750,105.5,80,0,0,0,0
750,105.5,80,0,0,0,0
750,105.5,80,0,0,0,0
750,105.5,80,0,0,0,0
750,105.5,80,0,0,0,0
750,105.5,80,0,0,0,0
750,105.5,80,0,0,0,0
750,105.5,80,0,0,0,0
750,105.5,80,0,0,0,0
750,105.5,80,0,0,0,0
750,105.5,80,0,0,0,0
750,105.5,80,0,0,0,0
750,105.5,80,0,0,0,0
750,105.5,80,0,0,0,0
750,105.5,80,0,0,0,0
750,105.5,80,0,0,0,0
750,105.5,80,0,0,0,0
750,105.5,80,0,0,0,0
750,105.5,80,0,0,0,0
750,105.5,80,0,0,0,0
750,105.5,80,0,0,0,0
750,105.5,80,0,0,0,0
750,105.5,80,0,0,0,0
750,105.5,80,0,0,0,0
750,105.5,80,0,0,0,0
750,105.5,80,0,0,0,0
750,105.5,80,0,0,0,0
750,105.5,80,0,0,0,0
750,105.5,80,0,0,0,0
750,105.5,80,0,0,0,0
750,105.5,80,0,0,0,0
750,105.5,80,0,0,0,0
750,105.5,80,0,0,0,0
750,105.5,80,0,0,0,0
750,105.5,80,0,0,0,0
750,105.5,80,0,0,0,0
750,105.5,80,0,0,0,0
750,105.5,80,0,0,0,0
750,105.5,80,0,0,0,0
750,105.5,80,0,0,0,0
750,105.5,80,0,0,0,0
750,105.5,80,0,0,0,0
750,105.5,80,0,0,0,0
750,105.5,80,0,0,0,0
750,105.5,80,0,0,0,0
750,105.5,80,0,0,0,0
750,105.5,80,0,0,0,0
750,105.5,80,0,0,0,0
750,105.5,80,0,0,0,0
750,105.5,80,0,0,0,0
750,105.5,80,0,0,0,0
750,105.5,80,0,0,0,0
750,105.5,80,0,0,0,0
750,105.5,80,0,0,0,0
750,105.5,80,0,0,0,0
750,105.5,80,0,0,0,0
750,105.5,80,0,0,0,0
750,105.5,80,0,0,0,0
750,105.5,80,0,0,0,0
750,105.5,80,0,0,0,0
750,105.5,80,0,0,0,0
750,105.5,80,0,0,0,0
750,105.5,80,0,0,0,0
750,105.5,80,0,0,0,0
750,105.5,80,0,0,0,0
750,105.5,80,0,0,0,0
750,105.5,80,0,0,0,0
750,105.5,80,0,0,0,0
750,105.5,80,0,0,0,0
750,105.5,80,0,0,0,0
750,105.5,80,0,0,0,0
750,105.5,80,0,0,0,0
750,105.5,80,0,0,0,0
750,105.5,80,0,0,0,0
750,105.5,80,0,0,0,0
750,105.5,80,0,0,0,0
750,105.5,80,0,0,0,0
750,105.5,80,0,0,0,0
750,105.5,80,0,0,0,0
750,105.5,80,0,0,0,0
750,105.5,80,0,0,0,0
750,105.5,80,0,0,0,0
750,105.5,80,0,0,0,0
750,105.5,80,0,0,0,0
750,105.5,80,0,0,0,0
750,105.5,80,0,0,0,0
750,105.5,80,0,0,0,0
750,105.5,80,0,0,0,0
750,105.5,80,0,0,0,0
750,105.5,80,0,0,0,0
750,105.5,80,0,0,0,0
750,105.5,80,0,0,0,0
750,105.5,80,0,0,0,0
750,105.5,80,0,0,0,0
750,105.5,80,0,0,0,0
750,105.5,80,0,0,0,0
750,105.5,80,0,0,0,0
750,105.5,80,0,0,0,0
750,105.5,80,0,0,0,0
750,105.5,80,0,0,0,0
750,105.5,80,0,0,0,0
750,105.5,80,0,0,0,0
750,105.5,80,0,0,0,0
750,105.5,80,0,0,0,0
750,105.5,80,0,0,0,0
750,105.5,80,0,0,0,0
750,105.5,80,0,0,0,0
750,105.5,80,0,0,0,0
750,105.5,80,0,0,0,0
750,105.5,80,0,0,0,0
750,105.5,80,0,0,0,0
750,105.5,80,0,0,0,0
750,105.5,80,0,0,0,0
750,105.5,80,0,0,0,0
750,105.5,80,0,0,0,0
750,105.5,80,0,0,0,0
750,105.5,80,0,0,0,0
750,105.5,80,0,0,0,0
750,105.5,80,0,0,0,0
750,105.5,80,0,0,0,0
750,105.5,80,0,0,0,0
750,105.5,80,0,0,0,0
750,105.5,80,0,0,0,0
750,105.5,80,0,0,0,0
750,105.5,80,0,0,0,0
750,105.5,80,0,0,0,0
750,105.5,80,0,0,0,0
750,105.5,80,0,0,0,0
750,105.5,80,0,0,0,0
750,105.5,80,0,0,0,0
750,105.5,80,0,0,0,0
750,105.5,80,0,0,0,0
750,105.5,80,0,0,0,0
750,105.5,80,0,0,0,0
750,105.5,80,0,0,0,0
750,105.5,80,0,0,0,0
750,105.5,80,0,0,0,0
750,105.5,80,0,0,0,0
750,105.5,80,0,0,0,0
750,105.5,80,0,0,0,0
750,105.5,80,0,0,0,0
750,105.5,80,0,0,0,0
750,105.5,80,0,0,0,0
750,105.5,80,0,0,0,0
750,105.5,80,0,0,0,0
750,105.5,80,0,0,0,0
750,105.5,80,0,0,0,0
750,105.5,80,0,0,0,0
750,105.5,80,0,0,0,0
750,105.5,80,0,0,0,0
750,105.5,80,0,0,0,0
750,105.5,80,0,0,0,0
750,105.5,80,0,0,0,0
750,105.5,80,0,0,0,0
750,105.5,80,0,0,0,0
750,105.5,80,0,0,0,0
750,105.5,80,0,0,0,0
750,105.5,80,0,0,0,0
750,105.5,80,0,0,0,0
750,105.5,80,0,0,0,0
750,105.5,80,0,0,0,0
750,105.5,80,0,0,0,0
750,105.5,80,0,0,0,0
750,105.5,80,0,0,0,0
750,105.5,80,0,0,0,0
750,105.5,80,0,0,0,0
750,105.5,80,0,0,0,0
750,105.5,80,0,0,0,0
750,105.5,80,0,0,0,0
750,105.5,80,0,0,0,0
750,105.5,80,0,0,0,0
750,105.5,80,0,0,0,0
750,105.5,80,0,0,0,0
750,105.5,80,0,0,0,0
750,105.5,80,0,0,0,0
750,105.5,80,0,0,0,0
750,105.5,80,0,0,0,0
750,105.5,80,0,0,0,0
750,105.5,80,0,0,0,0
750,105.5,80,0,0,0,0
750,105.5,80,0,0,0,0
750,105.5,80,0,0,0,0
750,105.5,80,0,0,0,0
750,105.5,80,0,0,0,0
750,105.5,80,0,0,0,0
750,105.5,80,0,0,0,0
750,105.5,80,0,0,0,0
750,105.5,80,0,0,0,0
750,105.5,80,0,0,0,0
750,105.5,80,0,0,0,0
750,105.5,80,0,0,0,0
750,105.5,80,0,0,0,0
750,105.5,80,0,0,0,0
750,105.5,80,0,0,0,0
750,105.5,80,0,0,0,0
750,105.5,80,0,0,0,0
750,105.5,80,0,0,0,0
750,105.5,80,0,0,0,0
750,105.5,80,0,0,0,0
750,105.5,80,0,0,0,0
750,105.5,80,0,0,0,0
750,105.5,80,0,0,0,0
750,105.5,80,0,0,0,0
750,105.5,80,0,0,0,0
750,105.5,80,0,0,0,0
750,105.5,80,0,0,0,0
750,105.5,80,0,0,0,0
750,105.5,80,0,0,0,0
750,105.5,80,0,0,0,0
750,105.5,80,0,0,0,0
750,105.5,80,0,0,0,0
750,105.5,80,0,0,0,0
750,105.5,80,0,0,0,0
750,105.5,80,0,0,0,0
750,105.5,80,0,0,0,0
750,105.5,80,0,0,0,0
750,105.5,80,0,0,0,0
750,105.5,80,0,0,0,0
750,105.5,80,0,0,0,0
750,105.5,80,0,0,0,0
750,105.5,80,0,0,0,0
750,105.5,80,0,0,0,0
750,105.5,80,0,0,0,0
750,105.5,80,0,0,0,0
750,105.5,80,0,0,0,0
750,105.5,80,0,0,0,0
750,105.5,80,0,0,0,0
750,105.5,80,0,0,0,0
750,105.5,80,0,0,0,0
750,105.5,80,0,0,0,0
750,105.5,80,0,0,0,0
750,105.5,80,0,0,0,0
750,105.5,80,0,0,0,0
750,105.5,80,0,0,0,0
750,105.5,80,0,0,0,0
750,105.5,80,0,0,0,0
750,105.5,80,0,0,0,0
750,105.5,80,0,0,0,0
750,105.5,80,0,0,0,0
750,105.5,80,0,0,0,0
750,105.5,80,0,0,0,0
750,105.5,80,0,0,0,0
750,105.5,80,0,0,0,0
750,105.5,80,0,0,0,0
750,105.5,80,0,0,0,0
750,105.5,80,0,0,0,0
750,105.5,80,0,0,0,0
750,105.5,80,0,0,0,0
750,105.5,80,0,0,0,0
750,105.5,80,0,0,0,0
750,105.5,80,0,0,0,0
750,105.5,80,0,0,0,0
750,105.5,80,0,0,0,0
750,105.5,80,0,0,0,0
750,105.5,80,0,0,0,0
750,105.5,80,0,0,0,0
750,105.5,80,0,0,0,0
750,105.5,80,0,0,0,0
750,105.5,80,0,0,0,0
750,105.5,80,0,0,0,0
750,105.5,80,0,0,0,0
750,105.5,80,0,0,0,0
750,105.5,80,0,0,0,0
750,105.5,80,0,0,0,0
750,105.5,80,0,0,0,0
750,105.5,80,0,0,0,0
750,105.5,80,0,0,0,0
750,105.5,80,0,0,0,0
750,105.5,80,0,0,0,0
750,105.5,80,0,0,0,0
750,105.5,80,0,0,0,0
750,105.5,80,0,0,0,0
750,105.5,80,0,0,0,0
750,105.5,80,0,0,0,0
750,105.5,80,0,0,0,0
750,105.5,80,0,0,0,0
750,105.5,80,0,0,0,0
750,105.5,80,0,0,0,0
750,105.5,80,0,0,0,0
750,105.5,80,0,0,0,0
750,105.5,80,0,0,0,0
750,105.5,80,0,0,0,0
750,105.5,80,0,0,0,0
750,105.5,80,0,0,0,0
750,105.5,80,0,0,0,0
750,105.5,80,0,0,0,0
750,105.5,80,0,0,0,0
750,105.5,80,0,0,0,0
750,105.5,80,0,0,0,0
750,105.5,80,0,0,0,0
750,105.5,80,0,0,0,0
750,105.5,80,0,0,0,0
750,105.5,80,0,0,0,0
750,105.5,80,0,0,0,0
750,105.5,80,0,0,0,0
750,105.5,80,0,0,0,0
750,105.5,80,0,0,0,0
750,105.5,80,0,0,0,0
750,105.5,80,0,0,0,0
750,105.5,80,0,0,0,0
750,105.5,80,0,0,0,0
750,105.5,80,0,0,0,0
750,105.5,80,0,0,0,0
750,105.5,80,0,0,0,0
750,105.5,80,0,0,0,0
750,105.5,80,0,0,0,0
750,105.5,80,0,0,0,0
750,105.5,80,0,0,0,0
750,105.5,80,0,0,0,0
750,105.5,80,0,0,0,0
750,105.5,80,0,0,0,0
750,105.5,80,0,0,0,0
750,105.5,80,0,0,0,0
750,105.5,80,0,0,0,0
750,105.5,80,0,0,0,0
750,105.5,80,0,0,0,0
750,105.5,80,0,0,0,0
750,105.5,80,0,0,0,0
750,105.5,80,0,0,0,0
750,105.5,80,0,0,0,0
750,105.5,80,0,0,0,0
750,105.5,80,0,0,0,0
750,105.5,80,0,0,0,0
750,105.5,80,0,0,0,0
750,105.5,80,0,0,0,0
750,105.5,80,0,0,0,0
750,105.5,80,0,0,0,0
750,105.5,80,0,0,0,0
750,105.5,80,0,0,0,0
750,105.5,80,0,0,0,0
750,105.5,80,0,0,0,0
750,105.5,80,0,0,0,0
750,105.5,80,0,0,0,0
750,105.5,80,0,0,0,0
750,105.5,80,0,0,0,0
750,105.5,80,0,0,0,0
750,105.5,80,0,0,0,0
750,105.5,80,0,0,0,0
750,105.5,80,0,0,0,0
750,105.5,80,0,0,0,0
750,105.5,80,0,0,0,0
750,105.5,80,0,0,0,0
750,105.5,80,0,0,0,0
750,105.5,80,0,0,0,0
750,105.5,80,0,0,0,0
750,105.5,80,0,0,0,0
750,105.5,80,0,0,0,0
750,105.5,80,0,0,0,0
750,105.5,80,0,0,0,0
750,105.5,80,0,0,0,0
750,105.5,80,0,0,0,0
750,105.5,80,0,0,0,0
750,105.5,80,0,0,0,0
750,105.5,80,0,0,0,0
750,105.5,80,0,0,0,0
750,105.5,80,0,0,0,0
750,105.5,80,0,0,0,0
750,105.5,80,0,0,0,0
750,105.5,80,0,0,0,0
750,105.5,80,0,0,0,0
750,105.5,80,0,0,0,0
750,105.5,80,0,0,0,0
750,105.5,80,0,0,0,0
750,105.5,80,0,0,0,0
750,105.5,80,0,0,0,0
750,105.5,80,0,0,0,0
750,105.5,80,0,0,0,0
750,105.5,80,0,0,0,0
750,105.5,80,0,0,0,0
750,105.5,80,0,0,0,0
750,105.5,80,0,0,0,0
750,105.5,80,0,0,0,0
750,105.5,80,0,0,0,0
750,105.5,80,0,0,0,0
750,105.5,80,0,0,0,0
750,105.5,80,0,0,0,0
750,105.5,80,0,0,0,0
750,105.5,80,0,0,0,0
750,105.5,80,0,0,0,0
750,105.5,80,0,0,0,0
750,105.5,80,0,0,0,0
750,105.5,80,0,0,0,0
750,105.5,80,0,0,0,0
750,105.5,80,0,0,0,0
750,105.5,80,0,0,0,0
750,105.5,80,0,0,0,0
750,105.5,80,0,0,0,0
750,105.5,80,0,0,0,0
750,105.5,80,0,0,0,0
750,105.5,80,0,0,0,0
750,105.5,80,0,0,0,0
750,105.5,80,0,0,0,0
750,105.5,80,0,0,0,0
750,105.5,80,0,0,0,0
750,105.5,80,0,0,0,0
750,105.5,80,0,0,0,0
750,105.5,80,0,0,0,0
750,105.5,80,0,0,0,0
750,105.5,80,0,0,0,0
750,105.5,80,0,0,0,0
750,105.5,80,0,0,0,0
750,105.5,80,0,0,0,0
750,105.5,80,0,0,0,0
750,105.5,80,0,0,0,0
750,105.5,80,0,0,0,0
750,105.5,80,0,0,0,0
750,105.5,80,0,0,0,0
750,105.5,80,0,0,0,0
750,105.5,80,0,0,0,0
750,105.5,80,0,0,0,0
750,105.5,80,0,0,0,0
750,105.5,80,0,0,0,0
750,105.5,80,0,0,0,0
750,105.5,80,0,0,0,0
750,105.5,80,0,0,0,0
750,105.5,80,0,0,0,0
750,105.5,80,0,0,0,0
750,105.5,80,0,0,0,0
750,105.5,80,0,0,0,0
750,105.5,80,0,0,0,0
750,105.5,80,0,0,0,0
750,105.5,80,0,0,0,0
750,105.5,80,0,0,0,0
750,105.5,80,0,0,0,0
750,105.5,80,0,0,0,0
750,105.5,80,0,0,0,0
750,105.5,80,0,0,0,0
750,105.5,80,0,0,0,0
750,105.5,80,0,0,0,0
750,105.5,80,0,0,0,0
750,105.5,80,0,0,0,0
750,105.5,80,0,0,0,0
750,105.5,80,0,0,0,0
750,105.5,80,0,0,0,0
750,105.5,80,0,0,0,0
750,105.5,80,0,0,0,0
750,105.5,80,0,0,0,0
750,105.5,80,0,0,0,0
750,105.5,80,0,0,0,0
750,105.5,80,0,0,0,0
750,105.5,80,0,0,0,0
750,105.5,80,0,0,0,0
750,105.5,80,0,0,0,0
750,105.5,80,0,0,0,0
750,105.5,80,0,0,0,0
750,105.5,80,0,0,0,0
750,105.5,80,0,0,0,0
750,105.5,80,0,0,0,0
750,105.5,80,0,0,0,0
750,105.5,80,0,0,0,0
750,105.5,80,0,0,0,0
750,105.5,80,0,0,0,0
750,105.5,80,0,0,0,0
750,105.5,80,0,0,0,0
750,105.5,80,0,0,0,0
750,105.5,80,0,0,0,0
750,105.5,80,0,0,0,0
750,105.5,80,0,0,0,0
750,105.5,80,0,0,0,0
750,105.5,80,0,0,0,0
750,105.5,80,0,0,0,0
750,105.5,80,0,0,0,0
750,105.5,80,0,0,0,0
750,105.5,80,0,0,0,0
750,105.5,80,0,0,0,0
750,105.5,80,0,0,0,0
750,105.5,80,0,0,0,0
750,105.5,80,0,0,0,0
750,105.5,80,0,0,0,0
750,105.5,80,0,0,0,0
750,105.5,80,0,0,0,0
750,105.5,80,0,0,0,0
750,105.5,80,0,0,0,0
750,105.5,80,0,0,0,0
750,105.5,80,0,0,0,0
750,105.5,80,0,0,0,0
750,105.5,80,0,0,0,0
750,105.5,80,0,0,0,0
750,105.5,80,0,0,0,0
750,105.5,80,0,0,0,0
750,105.5,80,0,0,0,0
750,105.5,80,0,0,0,0
750,105.5,80,0,0,0,0
750,105.5,80,0,0,0,0
750,105.5,80,0,0,0,0
750,105.5,80,0,0,0,0
750,105.5,80,0,0,0,0
750,105.5,80,0,0,0,0
750,105.5,80,0,0,0,0
750,105.5,80,0,0,0,0
750,105.5,80,0,0,0,0
750,105.5,80,0,0,0,0
750,105.5,80,0,0,0,0
750,105.5,80,0,0,0,0
750,105.5,80,0,0,0,0
750,105.5,80,0,0,0,0
750,105.5,80,0,0,0,0
750,105.5,80,0,0,0,0
750,105.5,80,0,0,0,0
750,105.5,80,0,0,0,0
750,105.5,80,0,0,0,0
750,105.5,80,0,0,0,0
750,105.5,80,0,0,0,0
750,105.5,80,0,0,0,0
750,105.5,80,0,0,0,0
750,105.5,80,0,0,0,0
750,105.5,80,0,0,0,0
750,105.5,80,0,0,0,0
750,105.5,80,0,0,0,0
750,105.5,80,0,0,0,0
750,105.5,80,0,0,0,0
750,105.5,80,0,0,0,0
750,105.5,80,0,0,0,0
750,105.5,80,0,0,0,0
750,105.5,80,0,0,0,0
750,105.5,80,0,0,0,0
750,105.5,80,0,0,0,0
750,105.5,80,0,0,0,0
750,105.5,80,0,0,0,0
750,105.5,80,0,0,0,0
750,105.5,80,0,0,0,0
750,105.5,80,0,0,0,0
750,105.5,80,0,0,0,0
750,105.5,80,0,0,0,0
750,105.5,80,0,0,0,0
750,105.5,80,0,0,0,0
750,105.5,80,0,0,0,0
750,105.5,80,0,0,0,0
750,105.5,80,0,0,0,0
750,105.5,80,0,0,0,0
750,105.5,80,0,0,0,0
750,105.5,80,0,0,0,0
750,105.5,80,0,0,0,0
750,105.5,80,0,0,0,0
750,105.5,80,0,0,0,0
750,105.5,80,0,0,0,0
750,105.5,80,0,0,0,0
750,105.5,80,0,0,0,0
750,105.5,80,0,0,0,0
750,105.5,80,0,0,0,0
750,105.5,80,0,0,0,0
750,105.5,80,0,0,0,0
750,105.5,80,0,0,0,0
750,105.5,80,0,0,0,0
750,105.5,80,0,0,0,0
750,105.5,80,0,0,0,0
750,105.5,80,0,0,0,0
750,105.5,80,0,0,0,0
750,105.5,80,0,0,0,0
750,105.5,80,0,0,0,0
750,105.5,80,0,0,0,0
750,105.5,80,0,0,0,0
750,105.5,80,0,0,0,0
750,105.5,80,0,0,0,0
750,105.5,80,0,0,0,0
750,105.5,80,0,0,0,0
750,105.5,80,0,0,0,0
750,105.5,80,0,0,0,0
750,105.5,80,0,0,0,0
750,105.5,80,0,0,0,0
750,105.5,80,0,0,0,0
750,105.5,80,0,0,0,0
750,105.5,80,0,0,0,0
750,105.5,80,0,0,0,0
750,105.5,80,0,0,0,0
750,105.5,80,0,0,0,0
750,105.5,80,0,0,0,0
750,105.5,80,0,0,0,0
750,105.5,80,0,0,0,0
750,105.5,80,0,0,0,0
750,105.5,80,0,0,0,0
750,105.5,80,0,0,0,0
750,105.5,80,0,0,0,0
750,105.5,80,0,0,0,0
750,105.5,80,0,0,0,0
750,105.5,80,0,0,0,0
750,105.5,80,0,0,0,0
750,105.5,80,0,0,0,0
750,105.5,80,0,0,0,0
750,105.5,80,0,0,0,0
750,105.5,80,0,0,0,0
750,105.5,80,0,0,0,0
750,105.5,80,0,0,0,0
750,105.5,80,0,0,0,0
750,105.5,80,0,0,0,0
750,105.5,80,0,0,0,0
750,105.5,80,0,0,0,0
750,105.5,80,0,0,0,0
750,105.5,80,0,0,0,0
750,105.5,80,0,0,0,0
750,105.5,80,0,0,0,0
750,105.5,80,0,0,0,0
750,105.5,80,0,0,0,0
750,105.5,80,0,0,0,0
750,105.5,80,0,0,0,0
750,105.5,80,0,0,0,0
750,105.5,80,0,0,0,0
750,105.5,80,0,0,0,0
750,105.5,80,0,0,0,0
750,105.5,80,0,0,0,0
750,105.5,80,0,0,0,0
750,105.5,80,0,0,0,0
750,105.5,80,0,0,0,0
750,105.5,80,0,0,0,0
750,105.5,80,0,0,0,0
750,105.5,80,0,0,0,0
750,105.5,80,0,0,0,0
750,105.5,80,0,0,0,0
750,105.5,80,0,0,0,0
750,105.5,80,0,0,0,0
750,105.5,80,0,0,0,0
750,105.5,80,0,0,0,0
750,105.5,80,0,0,0,0
750,105.5,80,0,0,0,0
750,105.5,80,0,0,0,0
750,105.5,80,0,0,0,0
750,105.5,80,0,0,0,0
750,105.5,80,0,0,0,0
750,105.5,80,0,0,0,0
750,105.5,80,0,0,0,0
750,105.5,80,0,0,0,0
750,105.5,80,0,0,0,0
750,105.5,80,0,0,0,0
750,105.5,80,0,0,0,0
750,105.5,80,0,0,0,0
750,105.5,80,0,0,0,0
750,105.5,80,0,0,0,0
750,105.5,80,0,0,0,0
750,105.5,80,0,0,0,0
750,105.5,80,0,0,0,0
750,105.5,80,0,0,0,0
750,105.5,80,0,0,0,0
750,105.5,80,0,0,0,0
750,105.5,80,0,0,0,0
750,105.5,80,0,0,0,0
750,105.5,80,0,0,0,0
750,105.5,80,0,0,0,0
750,105.5,80,0,0,0,0
750,105.5,80,0,0,0,0
750,105.5,80,0,0,0,0
750,105.5,80,0,0,0,0
750,105.5,80,0,0,0,0
750,105.5,80,0,0,0,0
750,105.5,80,0,0,0,0
750,105.5,80,0,0,0,0
750,105.5,80,0,0,0,0
750,105.5,80,0,0,0,0
750,105.5,80,0,0,0,0
750,105.5,80,0,0,0,0
750,105.5,80,0,0,0,0
750,105.5,80,0,0,0,0
750,105.5,80,0,0,0,0
750,105.5,80,0,0,0,0
750,105.5,80,0,0,0,0
750,105.5,80,0,0,0,0
750,105.5,80,0,0,0,0
750,105.5,80,0,0,0,0
750,105.5,80,0,0,0,0
750,105.5,80,0,0,0,0
750,105.5,80,0,0,0,0
750,105.5,80,0,0,0,0
750,105.5,80,0,0,0,0
750,105.5,80,0,0,0,0
750,105.5,80,0,0,0,0
750,105.5,80,0,0,0,0
750,105.5,80,0,0,0,0
750,105.5,80,0,0,0,0
750,105.5,80,0,0,0,0
750,105.5,80,0,0,0,0
750,105.5,80,0,0,0,0
750,105.5,80,0,0,0,0
750,105.5,80,0,0,0,0
750,105.5,80,0,0,0,0
750,105.5,80,0,0,0,0
750,105.5,80,0,0,0,0
750,105.5,80,0,0,0,0
750,105.5,80,0,0,0,0
750,105.5,80,0,0,0,0
750,105.5,80,0,0,0,0
750,105.5,80,0,0,0,0
750,105.5,80,0,0,0,0
750,105.5,80,0,0,0,0
750,105.5,80,0,0,0,0
750,105.5,80,0,0,0,0
750,105.5,80,0,0,0,0
750,105.5,80,0,0,0,0
750,105.5,80,0,0,0,0
750,105.5,80,0,0,0,0
750,105.5,80,0,0,0,0
750,105.5,80,0,0,0,0
750,105.5,80,0,0,0,0
750,105.5,80,0,0,0,0
750,105.5,80,0,0,0,0
750,105.5,80,0,0,0,0
750,105.5,80,0,0,0,0
750,105.5,80,0,0,0,0
750,105.5,80,0,0,0,0
750,105.5,80,0,0,0,0
750,105.5,80,0,0,0,0
750,105.5,80,0,0,0,0
750,105.5,80,0,0,0,0
750,105.5,80,0,0,0,0
750,105.5,80,0,0,0,0
750,105.5,80,0,0,0,0
750,105.5,80,0,0,0,0
750,105.5,80,0,0,0,0
750,105.5,80,0,0,0,0
750,105.5,80,0,0,0,0
750,105.5,80,0,0,0,0
750,105.5,80,0,0,0,0
750,105.5,80,0,0,0,0
750,105.5,80,0,0,0,0
750,105.5,80,0,0,0,0
750,105.5,80,0,0,0,0
750,105.5,80,0,0,0,0
750,105.5,80,0,0,0,0
750,105.5,80,0,0,0,0
750,105.5,80,0,0,0,0
750,105.5,80,0,0,0,0
750,105.5,80,0,0,0,0
750,105.5,80,0,0,0,0
750,105.5,80,0,0,0,0
750,105.5,80,0,0,0,0
750,105.5,80,0,0,0,0
750,105.5,80,0,0,0,0
750,105.5,80,0,0,0,0
750,105.5,80,0,0,0,0
750,105.5,80,0,0,0,0
750,105.5,80,0,0,0,0
750,105.5,80,0,0,0,0
750,105.5,80,0,0,0,0
750,105.5,80,0,0,0,0
750,105.5,80,0,0,0,0
750,105.5,80,0,0,0,0
750,105.5,80,0,0,0,0
750,105.5,80,0,0,0,0
750,105.5,80,0,0,0,0
750,105.5,80,0,0,0,0
750,105.5,80,0,0,0,0
750,105.5,80,0,0,0,0
750,105.5,80,0,0,0,0
750,105.5,80,0,0,0,0
750,105.5,80,0,0,0,0
750,105.5,80,0,0,0,0
750,105.5,80,0,0,0,0
750,105.5,80,0,0,0,0
750,105.5,80,0,0,0,0
750,105.5,80,0,0,0,0
750,105.5,80,0,0,0,0
750,105.5,80,0,0,0,0
750,105.5,80,0,0,0,0
750,105.5,80,0,0,0,0
750,105.5,80,0,0,0,0
750,105.5,80,0,0,0,0
750,105.5,80,0,0,0,0
750,105.5,80,0,0,0,0
750,105.5,80,0,0,0,0
750,105.5,80,0,0,0,0
750,105.5,80,0,0,0,0
750,105.5,80,0,0,0,0
750,105.5,80,0,0,0,0
750,105.5,80,0,0,0,0
750,105.5,80,0,0,0,0
750,105.5,80,0,0,0,0
750,105.5,80,0,0,0,0
750,105.5,80,0,0,0,0
750,105.5,80,0,0,0,0
750,105.5,80,0,0,0,0
750,105.5,80,0,0,0,0
750,105.5,80,0,0,0,0
750,105.5,80,0,0,0,0
750,105.5,80,0,0,0,0
750,105.5,80,0,0,0,0
750,105.5,80,0,0,0,0
750,105.5,80,0,0,0,0
750,105.5,80,0,0,0,0
750,105.5,80,0,0,0,0
750,105.5,80,0,0,0,0
750,105.5,80,0,0,0,0
750,105.5,80,0,0,0,0
750,105.5,80,0,0,0,0
750,105.5,80,0,0,0,0
750,105.5,80,0,0,0,0
750,105.5,80,0,0,0,0
750,105.5,80,0,0,0,0
750,105.5,80,0,0,0,0
750,105.5,80,0,0,0,0
750,105.5,80,0,0,0,0
750,105.5,80,0,0,0,0
750,105.5,80,0,0,0,0
750,105.5,80,0,0,0,0
750,105.5,80,0,0,0,0
750,105.5,80,0,0,0,0
750,105.5,80,0,0,0,0
750,105.5,80,0,0,0,0
750,105.5,80,0,0,0,0
750,105.5,80,0,0,0,0
750,105.5,80,0,0,0,0
750,105.5,80,0,0,0,0
750,105.5,80,0,0,0,0
750,105.5,80,0,0,0,0
750,105.5,80,0,0,0,0
750,105.5,80,0,0,0,0
750,105.5,80,0,0,0,0
750,105.5,80,0,0,0,0
750,105.5,80,0,0,0,0
750,105.5,80,0,0,0,0
750,105.5,80,0,0,0,0
750,105.5,80,0,0,0,0
750,105.5,80,0,0,0,0
750,105.5,80,0,0,0,0
750,105.5,80,0,0,0,0
750,105.5,80,0,0,0,0
750,105.5,80,0,0,0,0
750,105.5,80,0,0,0,0
750,105.5,80,0,0,0,0
750,105.5,80,0,0,0,0
750,105.5,80,0,0,0,0
750,105.5,80,0,0,0,0
750,105.5,80,0,0,0,0
750,105.5,80,0,0,0,0
750,105.5,80,0,0,0,0
750,105.5,80,0,0,0,0
750,105.5,80,0,0,0,0
750,105.5,80,0,0,0,0
750,105.5,80,0,0,0,0
750,105.5,80,0,0,0,0
750,105.5,80,0,0,0,0
750,105.5,80,0,0,0,0
750,105.5,80,0,0,0,0
750,105.5,80,0,0,0,0
750,105.5,80,0,0,0,0
750,105.5,80,0,0,0,0
750,105.5,80,0,0,0,0
750,105.5,80,0,0,0,0
750,105.5,80,0,0,0,0
750,105.5,80,0,0,0,0
750,105.5,80,0,0,0,0
750,105.5,80,0,0,0,0
750,105.5,80,0,0,0,0
750,105.5,80,0,0,0,0
750,105.5,80,0,0,0,0
750,105.5,80,0,0,0,0
750,105.5,80,0,0,0,0
750,105.5,80,0,0,0,0
750,105.5,80,0,0,0,0
750,105.5,80,0,0,0,0
750,105.5,80,0,0,0,0
750,105.5,80,0,0,0,0
750,105.5,80,0,0,0,0
750,105.5,80,0,0,0,0
750,105.5,80,0,0,0,0
750,105.5,80,0,0,0,0
750,105.5,80,0,0,0,0
750,105.5,80,0,0,0,0
750,105.5,80,0,0,0,0
750,105.5,80,0,0,0,0
750,105.5,80,0,0,0,0
750,105.5,80,0,0,0,0
750,105.5,80,0,0,0,0
750,105.5,80,0,0,0,0
750,105.5,80,0,0,0,0
750,105.5,80,0,0,0,0
750,105.5,80,0,0,0,0
750,105.5,80,0,0,0,0
750,105.5,80,0,0,0,0
750,105.5,80,0,0,0,0
750,105.5,80,0,0,0,0
750,105.5,80,0,0,0,0
750,105.5,80,0,0,0,0
750,105.5,80,0,0,0,0
750,105.5,80,0,0,0,0
750,105.5,80,0,0,0,0
750,105.5,80,0,0,0,0
750,105.5,80,0,0,0,0
750,105.5,80,0,0,0,0
750,105.5,80,0,0,0,0
750,105.5,80,0,0,0,0
750,105.5,80,0,0,0,0
750,105.5,80,0,0,0,0
750,105.5,80,0,0,0,0
750,105.5,80,0,0,0,0
750,105.5,80,0,0,0,0
750,105.5,80,0,0,0,0
750,105.5,80,0,0,0,0
750,105.5,80,0,0,0,0
750,105.5,80,0,0,0,0
750,105.5,80,0,0,0,0
750,105.5,80,0,0,0,0
750,105.5,80,0,0,0,0
750,105.5,80,0,0,0,0
750,105.5,80,0,0,0,0
750,105.5,80,0,0,0,0
750,105.5,80,0,0,0,0
750,105.5,80,0,0,0,0
750,105.5,80,0,0,0,0
750,105.5,80,0,0,0,0
750,105.5,80,0,0,0,0
750,105.5,80,0,0,0,0
750,105.5,80,0,0,0,0
750,105.5,80,0,0,0,0
750,105.5,80,0,0,0,0
750,105.5,80,0,0,0,0
750,105.5,80,0,0,0,0
750,105.5,80,0,0,0,0
750,105.5,80,0,0,0,0
750,105.5,80,0,0,0,0
750,105.5,80,0,0,0,0
750,105.5,80,0,0,0,0
750,105.5,80,0,0,0,0
750,105.5,80,0,0,0,0
750,105.5,80,0,0,0,0
750,105.5,80,0,0,0,0
750,105.5,80,0,0,0,0
750,105.5,80,0,0,0,0
750,105.5,80,0,0,0,0
750,105.5,80,0,0,0,0
750,105.5,80,0,0,0,0
750,105.5,80,0,0,0,0
750,105.5,80,0,0,0,0
750,105.5,80,0,0,0,0
750,105.5,80,0,0,0,0
750,105.5,80,0,0,0,0
750,105.5,80,0,0,0,0
750,105.5,80,0,0,0,0
750,105.5,80,0,0,0,0
750,105.5,80,0,0,0,0
750,105.5,80,0,0,0,0
750,105.5,80,0,0,0,0
750,105.5,80,0,0,0,0
750,105.5,80,0,0,0,0
750,105.5,80,0,0,0,0
750,105.5,80,0,0,0,0
750,105.5,80,0,0,0,0
750,105.5,80,0,0,0,0
750,105.5,80,0,0,0,0
750,105.5,80,0,0,0,0
750,105.5,80,0,0,0,0
750,105.5,80,0,0,0,0
750,105.5,80,0,0,0,0
750,105.5,80,0,0,0,0
750,105.5,80,0,0,0,0
750,105.5,80,0,0,0,0
750,105.5,80,0,0,0,0
750,105.5,80,0,0,0,0
750,105.5,80,0,0,0,0
750,105.5,80,0,0,0,0
750,105.5,80,0,0,0,0
750,105.5,80,0,0,0,0
750,105.5,80,0,0,0,0
750,105.5,80,0,0,0,0
750,105.5,80,0,0,0,0
750,105.5,80,0,0,0,0
750,105.5,80,0,0,0,0
750,105.5,80,0,0,0,0
750,105.5,80,0,0,0,0
750,105.5,80,0,0,0,0
750,105.5,80,0,0,0,0
750,105.5,80,0,0,0,0
750,105.5,80,0,0,0,0
750,105.5,80,0,0,0,0
750,105.5,80,0,0,0,0
750,105.5,80,0,0,0,0
750,105.5,80,0,0,0,0
750,105.5,80,0,0,0,0
750,105.5,80,0,0,0,0
750,105.5,80,0,0,0,0
750,105.5,80,0,0,0,0
750,105.5,80,0,0,0,0
750,105.5,80,0,0,0,0
750,105.5,80,0,0,0,0
750,105.5,80,0,0,0,0
750,105.5,80,0,0,0,0
750,105.5,80,0,0,0,0
750,105.5,80,0,0,0,0
750,105.5,80,0,0,0,0
750,105.5,80,0,0,0,0
750,105.5,80,0,0,0,0
750,105.5,80,0,0,0,0
750,105.5,80,0,0,0,0
750,105.5,80,0,0,0,0
750,105.5,80,0,0,0,0
750,105.5,80,0,0,0,0
750,105.5,80,0,0,0,0
750,105.5,80,0,0,0,0
750,105.5,80,0,0,0,0
