pivot_1,pivot_2,pivot_3,pivot_4,pf_x,pf_y,pf_z,tau_c_1,tau_c_2,tau_c_3,tau_c_4,tau_c_5,tau_c_6,tau_c_7,tau_c_8,tau_c_scaled_1,tau_c_scaled_2,tau_c_scaled_3,tau_c_scaled_4,tau_c_scaled_5,f_drive_ref_1,f_drive_ref_2,f_drive_ref_3,f_drive_ref_4,f_drive_ref_5,f_drive_ref_6,f_drive_ref_7,f_drive_ref_8,f_krnl_1,f_krnl_2,f_krnl_3,f_krnl_4,f_krnl_5,f_krnl_6,f_krnl_7,f_krnl_8,f_null_1,f_null_2,f_null_3,f_null_4,f_null_5,f_null_6,f_null_7,f_null_8,f_null_scale_factor,f_null_scaled_1,f_null_scaled_2,f_null_scaled_3,f_null_scaled_4,f_null_scaled_5,f_null_scaled_6,f_null_scaled_7,f_null_scaled_8,f_drv_1,f_drv_2,f_drv_3,f_drv_4,f_drv_5,f_drv_6,f_drv_7,f_drv_8,f_wheel_1,f_wheel_2,f_wheel_3,f_wheel_4,f_wheel_5,f_wheel_6,f_wheel_7,f_wheel_8
2.42939,3.77884,5.47752,0.763,0,0,-50,1.09282,-1.5248,2.07231,-0.497218,1.56031,-0.8051,1.23971,-1.17162,0,2.71347,0,-8.33465,0,-4.2964,0,1.09662,-43.5901,1.57776,-43.3496,-4.83732,-43.5471,-2.49734,-43.614,0.637752,-2.08506,1.4377,-1.44239,-6.22931,2.59809,-2.79483,1.80912,-1.1824,0.927455,-1.9338,1.33341,-1.33775,-5.7774,2.40961,-2.59208,1.67788,-1.09662,-45.5239,2.91117,-44.6874,-10.6147,-41.1375,-5.08943,-41.9361,-0.458868,19.0056,-26.5183,36.0401,-8.64727,27.1358,-14.0017,21.5601,-20.376,
2.42939,3.77884,5.47752,0.763,0,0,-50,1.09282,-1.5248,2.07231,-0.497218,1.56031,-0.8051,1.23971,-1.17162,0,2.71347,0,-8.33465,0,-4.2964,0,1.09662,-43.5901,1.57776,-43.3496,-4.83732,-43.5471,-2.49734,-43.614,0.637752,-2.08506,1.4377,-1.44239,-6.22931,2.59809,-2.79483,1.80912,-1.1824,0.927455,-1.9338,1.33341,-1.33775,-5.7774,2.40961,-2.59208,1.67788,-1.09662,-45.5239,2.91117,-44.6874,-10.6147,-41.1375,-5.08943,-41.9361,-0.458868,19.0056,-26.5183,36.0401,-8.64727,27.1358,-14.0017,21.5601,-20.376,
2.42939,3.77884,5.47752,0.763,0,0,-50,1.09282,-1.5248,2.07231,-0.497218,1.56031,-0.8051,1.23971,-1.17162,0,2.71347,0,-8.33465,0,-4.2964,0,1.09662,-43.5901,1.57776,-43.3496,-4.83732,-43.5471,-2.49734,-43.614,0.637752,-2.08506,1.4377,-1.44239,-6.22931,2.59809,-2.79483,1.80912,-1.1824,0.927455,-1.9338,1.33341,-1.33775,-5.7774,2.40961,-2.59208,1.67788,-1.09662,-45.5239,2.91117,-44.6874,-10.6147,-41.1375,-5.08943,-41.9361,-0.458868,19.0056,-26.5183,36.0401,-8.64727,27.1358,-14.0017,21.5601,-20.376,
2.42939,3.77884,5.47752,0.763,0,0,-50,1.09282,-1.5248,2.07231,-0.497218,1.56031,-0.8051,1.23971,-1.17162,0,2.71347,0,-8.33465,0,-4.2964,0,1.09662,-43.5901,1.57776,-43.3496,-4.83732,-43.5471,-2.49734,-43.614,0.637752,-2.08506,1.4377,-1.44239,-6.22931,2.59809,-2.79483,1.80912,-1.1824,0.927455,-1.9338,1.33341,-1.33775,-5.7774,2.40961,-2.59208,1.67788,-1.09662,-45.5239,2.91117,-44.6874,-10.6147,-41.1375,-5.08943,-41.9361,-0.458868,19.0056,-26.5183,36.0401,-8.64727,27.1358,-14.0017,21.5601,-20.376,
2.42937,3.77884,5.47751,0.763,0,0,-50,1.09302,-1.52461,2.07226,-0.497243,1.56041,-0.805001,1.23972,-1.17163,0,2.71167,0,-8.33465,0,-4.2973,0,1.09662,-43.5902,1.57671,-43.3496,-4.83732,-43.5471,-2.49786,-43.614,0.637752,-2.08509,1.43608,-1.44218,-6.22921,2.59813,-2.79592,1.80889,-1.18247,0.927399,-1.93371,1.33182,-1.33748,-5.77696,2.40951,-2.59294,1.67757,-1.09662,-45.5239,2.90853,-44.6871,-10.6143,-41.1376,-5.0908,-41.9364,-0.458868,19.009,-26.5149,36.0394,-8.6477,27.1376,-14,21.5603,-20.3761,
2.42936,3.77883,5.47751,0.763,0,0,-50,1.09311,-1.5245,2.07224,-0.497235,1.5604,-0.805029,1.23973,-1.17164,0,2.71077,0,-8.33555,0,-4.2973,0,1.09662,-43.5902,1.57619,-43.3495,-4.83783,-43.5471,-2.49786,-43.614,0.637752,-2.08526,1.43546,-1.44194,-6.22984,2.59841,-2.7962,1.80865,-1.18272,0.927204,-1.93346,1.33096,-1.33697,-5.77633,2.40926,-2.59264,1.67699,-1.09662,-45.5236,2.90715,-44.6865,-10.6142,-41.1378,-5.09051,-41.937,-0.458868,19.0107,-26.513,36.0389,-8.64756,27.1373,-14.0005,21.5606,-20.3764,
2.42937,3.77882,5.47751,0.763,0,0,-50,1.09303,-1.52457,2.07226,-0.497211,1.56036,-0.805077,1.23974,-1.17165,0,2.71167,0,-8.33646,0,-4.2973,0,1.09662,-43.5902,1.57671,-43.3495,-4.83836,-43.5471,-2.49786,-43.614,0.637752,-2.08542,1.43622,-1.44209,-6.23059,2.59867,-2.79602,1.80889,-1.18291,0.927052,-1.93329,1.33145,-1.33689,-5.77608,2.40911,-2.59206,1.67693,-1.09662,-45.5234,2.90817,-44.6864,-10.6144,-41.138,-5.08992,-41.9371,-0.458868,19.0092,-26.5142,36.0392,-8.64714,27.1366,-14.0013,21.5606,-20.3764,
2.42937,3.77888,5.47756,0.763012,0,0,-50,1.09287,-1.52495,2.0729,-0.496736,1.56033,-0.804849,1.23968,-1.17153,0,2.71167,0,-8.33195,0,-4.29368,0,1.09752,-43.5902,1.57671,-43.3498,-4.83575,-43.5472,-2.49577,-43.614,0.638275,-2.08478,1.43678,-1.44156,-6.22687,2.59747,-2.79319,1.80788,-1.1811,0.929232,-1.93725,1.3351,-1.33954,-5.78621,2.41366,-2.59552,1.67994,-1.09752,-45.5274,2.91181,-44.6893,-10.622,-41.1335,-5.09129,-41.9341,-0.459244,19.0065,-26.5209,36.0504,-8.6389,27.1362,-13.9974,21.5596,-20.3745,
2.42933,3.77897,5.47758,0.763036,0,0,-50,1.09294,-1.52531,2.07413,-0.495829,1.56075,-0.803945,1.23956,-1.17131,0,2.70897,0,-8.32477,0,-4.2919,0,1.09932,-43.5902,1.57514,-43.3502,-4.8316,-43.5473,-2.49473,-43.614,0.63932,-2.08392,1.43459,-1.441,-6.22075,2.59578,-2.79217,1.80665,-1.1781,0.933128,-1.94456,1.33865,-1.34464,-5.80476,2.42219,-2.60546,1.68584,-1.09932,-45.5348,2.9138,-44.6949,-10.6364,-41.1251,-5.10019,-41.9281,-0.459996,19.0076,-26.5271,36.0718,-8.62311,27.1434,-13.9816,21.5576,-20.3705,
2.4293,3.77905,5.47755,0.763,0,0,-50,1.09337,-1.52445,2.07221,-0.497535,1.5607,-0.804539,1.23963,-1.17154,0,2.70628,0,-8.31938,0,-4.29461,0,1.09662,-43.5903,1.57359,-43.3506,-4.82849,-43.5472,-2.49631,-43.614,0.637752,-2.08233,1.43134,-1.44122,-6.21718,2.59357,-2.79449,1.80677,-1.17886,0.930239,-1.93707,1.33149,-1.34068,-5.78347,2.41264,-2.59954,1.68073,-1.09662,-45.5273,2.90508,-44.6913,-10.612,-41.1345,-5.09585,-41.9333,-0.458868,19.0152,-26.5122,36.0385,-8.65279,27.1426,-13.992,21.5587,-20.3745,
2.42926,3.77891,5.47747,0.76294,0,0,-50,1.09409,-1.52278,2.06899,-0.500025,1.5601,-0.806267,1.2399,-1.17209,0,2.70358,0,-8.32927,0,-4.29998,0,1.09213,-43.5903,1.57202,-43.3499,-4.8342,-43.547,-2.49942,-43.614,0.63514,-2.08313,1.42861,-1.44114,-6.22576,2.59554,-2.79956,1.8076,-1.18471,0.921852,-1.92033,1.31697,-1.32852,-5.73923,2.39271,-2.58078,1.66634,-1.09213,-45.5107,2.88898,-44.6785,-10.5734,-41.1543,-5.0802,-41.9477,-0.456988,19.0276,-26.4831,35.9824,-8.69609,27.1322,-14.022,21.5635,-20.3842,
2.42926,3.77864,5.47738,0.762928,0,0,-50,1.09444,-1.52199,2.06829,-0.500231,1.55997,-0.806848,1.2401,-1.17234,0,2.70358,0,-8.34994,0,-4.30717,0,1.09123,-43.5903,1.57202,-43.3486,-4.84615,-43.5468,-2.50359,-43.614,0.634617,-2.08674,1.42846,-1.44157,-6.24186,2.60167,-2.80586,1.80954,-1.19054,0.916586,-1.91268,1.30931,-1.32132,-5.7212,2.38465,-2.57181,1.6586,-1.09123,-45.503,2.88132,-44.6699,-10.5674,-41.1621,-5.07541,-41.9554,-0.456612,19.0337,-26.4693,35.9703,-8.69967,27.13,-14.0321,21.5669,-20.3885,
2.42927,3.77837,5.47731,0.76294,0,0,-50,1.09455,-1.52178,2.06886,-0.499395,1.56002,-0.806833,1.24021,-1.1724,0,2.70448,0,-8.36972,0,-4.31257,0,1.09213,-43.5903,1.57254,-43.3473,-4.85758,-43.5466,-2.50673,-43.614,0.63514,-2.09061,1.42941,-1.44191,-6.25686,2.60794,-2.8106,1.8112,-1.19478,0.91408,-1.91098,1.3066,-1.31802,-5.71927,2.38387,-2.56912,1.65558,-1.09213,-45.5013,2.87913,-44.6654,-10.5769,-41.1627,-5.07585,-41.9585,-0.456988,19.0356,-26.4657,35.9802,-8.68513,27.1308,-14.0319,21.5689,-20.3896,
2.4293,3.77806,5.47721,0.762976,0,0,-50,1.09453,-1.52198,2.07068,-0.497473,1.56044,-0.806092,1.24027,-1.17229,0,2.70628,0,-8.39307,0,-4.31976,0,1.09482,-43.5903,1.57359,-43.3458,-4.87108,-43.5463,-2.5109,-43.614,0.636707,-2.09556,1.43096,-1.44269,-6.27422,2.61578,-2.81659,1.81355,-1.1986,0.913418,-1.91412,1.30706,-1.31778,-5.73099,2.3893,-2.57273,1.65653,-1.09482,-45.5044,2.88065,-44.6636,-10.6021,-41.157,-5.08363,-41.9575,-0.458116,19.0352,-26.4692,36.0119,-8.65171,27.138,-14.019,21.5699,-20.3876,
2.42936,3.77773,5.47711,0.763072,0,0,-50,1.09399,-1.52348,2.07565,-0.492922,1.56157,-0.803649,1.24013,-1.17171,0,2.71077,0,-8.41825,0,-4.32694,0,1.10202,-43.5902,1.57619,-43.3442,-4.88563,-43.5461,-2.51508,-43.614,0.64089,-2.1019,1.43483,-1.4441,-6.29203,2.62529,-2.822,1.81651,-1.19951,0.91872,-1.93106,1.31821,-1.32672,-5.78061,2.4119,-2.59263,1.66887,-1.10202,-45.5212,2.8944,-44.6709,-10.6662,-41.1342,-5.1077,-41.9451,-0.461126,19.0259,-26.4953,36.0983,-8.57256,27.1577,-13.9765,21.5675,-20.3775,
2.42942,3.77731,5.47701,0.763203,0,0,-50,1.09336,-1.52549,2.08248,-0.486706,1.56308,-0.800293,1.23994,-1.17091,0,2.71526,0,-8.4497,0,-4.33506,0,1.1119,-43.5901,1.5788,-43.3421,-4.90381,-43.5458,-2.51979,-43.6139,0.646638,-2.11003,1.43903,-1.44543,-6.31397,2.6374,-2.82842,1.81966,-1.20003,0.926564,-1.95508,1.33335,-1.33929,-5.8503,2.44371,-2.62071,1.68603,-1.1119,-45.5452,2.91216,-44.6814,-10.7541,-41.1021,-5.1405,-41.9278,-0.465263,19.015,-26.5302,36.217,-8.46445,27.184,-13.9181,21.5643,-20.3636,
2.42953,3.77688,5.47687,0.763359,0,0,-50,1.0923,-1.52825,2.09066,-0.479388,1.565,-0.796109,1.23965,-1.16988,0,2.72336,0,-8.48207,0,-4.34493,0,1.12359,-43.5899,1.58351,-43.34,-4.92251,-43.5455,-2.52552,-43.6138,0.653433,-2.11873,1.44572,-1.44796,-6.33641,2.65024,-2.83524,1.82422,-1.19936,0.936819,-1.98487,1.35438,-1.35648,-5.93607,2.48279,-2.6561,1.70897,-1.12359,-45.5748,2.93789,-44.6965,-10.8586,-41.0627,-5.18163,-41.9048,-0.470153,18.9966,-26.5782,36.3593,-8.33718,27.2173,-13.8454,21.559,-20.3458,
2.42962,3.77645,5.47674,0.763503,0,0,-50,1.09138,-1.53071,2.09823,-0.472568,1.56677,-0.792263,1.23939,-1.16895,0,2.73055,0,-8.51442,0,-4.3548,0,1.13437,-43.5898,1.58769,-43.3379,-4.9412,-43.5452,-2.53125,-43.6137,0.659706,-2.12721,1.45169,-1.45025,-6.359,2.66286,-2.84229,1.82856,-1.19938,0.945801,-2.01192,1.37301,-1.37165,-6.01435,2.51854,-2.68824,1.72945,-1.13437,-45.6017,2.9607,-44.7095,-10.9556,-41.0266,-5.21949,-41.8842,-0.474667,18.9806,-26.6211,36.491,-8.21857,27.2481,-13.7785,21.5546,-20.3296,
2.42977,3.77597,5.47659,0.763635,0,0,-50,1.09022,-1.53322,2.10526,-0.466176,1.56838,-0.7888,1.23916,-1.16811,0,2.74133,0,-8.55038,0,-4.3665,0,1.14426,-43.5895,1.59395,-43.3355,-4.96198,-43.5448,-2.53804,-43.6136,0.665456,-2.1361,1.46029,-1.45352,-6.38482,2.67634,-2.84995,1.83436,-1.20084,0.952883,-2.03546,1.39149,-1.38503,-6.08399,2.55024,-2.71567,1.74793,-1.14426,-45.625,2.98544,-44.7205,-11.046,-40.9945,-5.25372,-41.8657,-0.478805,18.9603,-26.6647,36.6131,-8.1074,27.2762,-13.7183,21.5506,-20.315,
2.42992,3.7754,5.47641,0.763755,0,0,-50,1.0891,-1.53543,2.11163,-0.46021,1.56979,-0.785826,1.23902,-1.16741,0,2.75303,0,-8.59261,0,-4.37998,0,1.15325,-43.5893,1.60075,-43.3327,-4.98638,-43.5443,-2.54587,-43.6135,0.670681,-2.1459,1.46966,-1.45699,-6.41575,2.69152,-2.85904,1.8409,-1.20449,0.957454,-2.0546,1.40713,-1.395,-6.14278,2.577,-2.73739,1.76258,-1.15325,-45.6439,3.00788,-44.7277,-11.1292,-40.9673,-5.28327,-41.8509,-0.482565,18.9408,-26.7031,36.7241,-8.00365,27.3008,-13.6665,21.5481,-20.3028,
2.43009,3.7748,5.47622,0.763875,0,0,-50,1.08792,-1.53765,2.11802,-0.45419,1.57119,-0.782893,1.23889,-1.16672,0,2.7656,0,-8.63757,0,-4.39436,0,1.16224,-43.589,1.60806,-43.3297,-5.01236,-43.5438,-2.55422,-43.6134,0.675909,-2.15616,1.47972,-1.4607,-6.44881,2.70753,-2.8687,1.84791,-1.20879,0.961484,-2.07312,1.42273,-1.40444,-6.20043,2.60325,-2.75821,1.77674,-1.16224,-45.6621,3.03079,-44.7341,-11.2128,-40.9406,-5.31243,-41.8367,-0.486327,18.9204,-26.7418,36.8352,-7.89896,27.325,-13.6155,21.5459,-20.2908,
2.43026,3.77419,5.47602,0.76397,0,0,-50,1.08686,-1.53941,2.12312,-0.449223,1.57223,-0.780747,1.23884,-1.16623,0,2.77819,0,-8.6834,0,-4.40873,0,1.16942,-43.5887,1.61537,-43.3266,-5.03883,-43.5433,-2.56256,-43.6134,0.680089,-2.16613,1.48985,-1.46429,-6.48299,2.72335,-2.87842,1.85497,-1.21461,0.962795,-2.08554,1.43442,-1.40981,-6.24179,2.62203,-2.77133,1.78595,-1.16942,-45.6743,3.04979,-44.7364,-11.2806,-40.9213,-5.33389,-41.8274,-0.489336,18.9019,-26.7724,36.9239,-7.81258,27.3431,-13.5782,21.5451,-20.2823,
2.43041,3.77352,5.47584,0.764054,0,0,-50,1.08597,-1.54077,2.12753,-0.444716,1.5729,-0.779241,1.2389,-1.1659,0,2.78986,0,-8.73373,0,-4.42222,0,1.17572,-43.5885,1.62216,-43.3232,-5.06791,-43.5429,-2.57039,-43.6133,0.683749,-2.17668,1.49986,-1.46718,-6.52076,2.74031,-2.88801,1.86153,-1.2222,0.961968,-2.09389,1.44282,-1.41138,-6.27276,2.63609,-2.77817,1.79073,-1.17572,-45.6824,3.06498,-44.7346,-11.3407,-40.9068,-5.34856,-41.8226,-0.49197,18.8864,-26.796,37.0004,-7.73418,27.3548,-13.552,21.5461,-20.2765,
2.43062,3.77284,5.47569,0.764102,0,0,-50,1.08485,-1.54184,2.13009,-0.441741,1.57285,-0.779087,1.23906,-1.16584,0,2.80515,0,-8.78496,0,-4.43391,0,1.17931,-43.5882,1.63105,-43.3198,-5.0975,-43.5425,-2.57718,-43.6133,0.685839,-2.18665,1.51317,-1.47033,-6.56009,2.75676,-2.8955,1.8686,-1.23182,0.957376,-2.09345,1.44867,-1.40766,-6.28048,2.63926,-2.77208,1.78895,-1.17931,-45.6816,3.07972,-44.7274,-11.378,-40.9032,-5.34926,-41.8243,-0.493474,18.867,-26.8146,37.045,-7.68246,27.3539,-13.5493,21.5489,-20.2754,
2.43078,3.77218,5.47553,0.764174,0,0,-50,1.08388,-1.54313,2.13388,-0.437751,1.57322,-0.778078,1.23915,-1.16559,0,2.81774,0,-8.8344,0,-4.4456,0,1.1847,-43.5879,1.63836,-43.3164,-5.12606,-43.5421,-2.58397,-43.6132,0.688974,-2.19674,1.52428,-1.47302,-6.59744,2.77319,-2.90355,1.87493,-1.23978,0.955576,-2.09916,1.45656,-1.40758,-6.30436,2.65,-2.77457,1.79163,-1.1847,-45.687,3.09493,-44.724,-11.4304,-40.8921,-5.35854,-41.8216,-0.49573,18.8501,-26.837,37.1109,-7.61307,27.3603,-13.5318,21.5504,-20.2711,
2.43093,3.77146,5.47539,0.764258,0,0,-50,1.08305,-1.54437,2.13824,-0.43316,1.57355,-0.776955,1.23927,-1.16532,0,2.82852,0,-8.88833,0,-4.45637,0,1.191,-43.5876,1.64463,-43.3127,-5.1572,-43.5417,-2.59022,-43.6132,0.692634,-2.20784,1.53463,-1.47485,-6.63787,2.79123,-2.91167,1.88047,-1.24823,0.95415,-2.10661,1.46427,-1.40723,-6.33352,2.66325,-2.77817,1.79425,-1.191,-45.6943,3.10889,-44.7199,-11.4907,-40.8784,-5.36839,-41.8189,-0.498364,18.8357,-26.8586,37.1867,-7.53322,27.3662,-13.5123,21.5525,-20.2664,
2.43111,3.7707,5.47526,0.764366,0,0,-50,1.08184,-1.54629,2.14391,-0.427428,1.57402,-0.775319,1.23932,-1.16487,0,2.842,0,-8.94495,0,-4.46628,0,1.19909,-43.5873,1.65246,-43.3088,-5.1899,-43.5413,-2.59597,-43.6131,0.697337,-2.21978,1.54757,-1.47696,-6.68005,2.8105,-2.91867,1.88645,-1.25593,0.954739,-2.11931,1.47753,-1.41012,-6.3777,2.68329,-2.78657,1.80107,-1.19909,-45.7067,3.12999,-44.7189,-11.5676,-40.858,-5.38254,-41.812,-0.501748,18.8146,-26.892,37.2854,-7.43352,27.3742,-13.4838,21.5534,-20.2586,
2.43125,3.7699,5.47511,0.764462,0,0,-50,1.081,-1.54762,2.14886,-0.422199,1.57434,-0.774089,1.23947,-1.16457,0,2.85279,0,-9.00517,0,-4.47708,0,1.20628,-43.5871,1.65873,-43.3046,-5.22467,-43.541,-2.60224,-43.613,0.70152,-2.23216,1.5585,-1.47842,-6.72505,2.83072,-2.92721,1.89197,-1.26526,0.953382,-2.1281,1.48585,-1.40949,-6.41154,2.69875,-2.79075,1.80377,-1.20628,-45.7152,3.14458,-44.7141,-11.6362,-40.8422,-5.39299,-41.8093,-0.504759,18.8001,-26.9151,37.3715,-7.34259,27.3798,-13.4624,21.5559,-20.2533,
2.43144,3.76912,5.47495,0.76457,0,0,-50,1.07976,-1.54954,2.15455,-0.416452,1.57498,-0.772293,1.23951,-1.16411,0,2.86716,0,-9.06359,0,-4.48963,0,1.21436,-43.5868,1.66708,-43.3005,-5.2584,-43.5405,-2.60953,-43.6129,0.706222,-2.24437,1.57169,-1.48116,-6.76871,2.85062,-2.936,1.89892,-1.27341,0.953631,-2.1403,1.49881,-1.41248,-6.45485,2.71844,-2.79986,1.81087,-1.21436,-45.7271,3.1659,-44.713,-11.7133,-40.8221,-5.40939,-41.8021,-0.508143,18.7785,-26.9486,37.4704,-7.24264,27.3909,-13.4312,21.5567,-20.2454,
2.43162,3.76831,5.47477,0.764654,0,0,-50,1.07877,-1.55085,2.15893,-0.411736,1.57533,-0.771239,1.23966,-1.16386,0,2.88065,0,-9.12473,0,-4.50311,0,1.22066,-43.5865,1.67492,-43.2962,-5.2937,-43.5401,-2.61736,-43.6129,0.709882,-2.25662,1.58417,-1.48367,-6.81484,2.87095,-2.94586,1.90592,-1.28356,0.950991,-2.14602,1.50653,-1.41096,-6.48086,2.73024,-2.80149,1.81251,-1.22066,-45.7325,3.18145,-44.7072,-11.7746,-40.8098,-5.41885,-41.8004,-0.510777,18.7612,-26.9714,37.5466,-7.16063,27.397,-13.4129,21.5593,-20.2411,
2.4318,3.76736,5.4746,0.764749,0,0,-50,1.07777,-1.55219,2.16388,-0.406316,1.57547,-0.770309,1.23987,-1.16363,0,2.89413,0,-9.19572,0,-4.5157,0,1.22785,-43.5862,1.68276,-43.2912,-5.33467,-43.5396,-2.62466,-43.6128,0.714062,-2.27076,1.59776,-1.4854,-6.86825,2.8945,-2.9557,1.91261,-1.29546,0.947808,-2.15224,1.51437,-1.40787,-6.50978,2.74343,-2.80143,1.81278,-1.22785,-45.7384,3.19713,-44.6991,-11.8445,-40.7962,-5.4261,-41.8,-0.513785,18.7439,-26.9945,37.6327,-7.06637,27.3995,-13.3967,21.563,-20.2371,
2.43199,3.76662,5.47445,0.764809,0,0,-50,1.0767,-1.55332,2.16706,-0.402703,1.57543,-0.769984,1.24004,-1.16352,0,2.90851,0,-9.25145,0,-4.5265,0,1.23234,-43.5859,1.69111,-43.2872,-5.36684,-43.5392,-2.63093,-43.6128,0.716677,-2.28152,1.61116,-1.48773,-6.91073,2.91268,-2.96315,1.91915,-1.30552,0.943953,-2.15365,1.52086,-1.40435,-6.5234,2.74943,-2.79707,1.81159,-1.23234,-45.7395,3.21197,-44.6916,-11.8902,-40.7898,-5.42801,-41.8012,-0.515667,18.7253,-27.0142,37.688,-7.00354,27.3988,-13.391,21.566,-20.2352,
2.4322,3.76577,5.47433,0.764869,0,0,-50,1.07557,-1.5544,2.17023,-0.39892,1.575,-0.770152,1.2403,-1.1635,0,2.92379,0,-9.31527,0,-4.53548,0,1.23684,-43.5855,1.7,-43.2827,-5.40368,-43.5389,-2.63614,-43.6127,0.71929,-2.29363,1.62645,-1.48935,-6.95941,2.93329,-2.96959,1.9254,-1.31748,0.938788,-2.15323,1.52689,-1.39819,-6.53341,2.75373,-2.78781,1.80754,-1.23684,-45.7387,3.22689,-44.6808,-11.9371,-40.7852,-5.42396,-41.8052,-0.517547,18.7056,-27.0331,37.7431,-6.93773,27.3913,-13.3939,21.5704,-20.2348,
2.4324,3.76492,5.47421,0.764917,0,0,-50,1.07451,-1.55527,2.17279,-0.395649,1.57443,-0.770651,1.24058,-1.16356,0,2.93906,0,-9.37909,0,-4.54445,0,1.24043,-43.5852,1.70887,-43.278,-5.4405,-43.5386,-2.64136,-43.6127,0.72138,-2.30548,1.64174,-1.49091,-7.0083,2.95368,-2.97606,1.93167,-1.3301,0.932587,-2.15006,1.53106,-1.39041,-6.53585,2.75456,-2.77543,1.80145,-1.24043,-45.7352,3.23993,-44.6684,-11.9764,-40.784,-5.41679,-41.8112,-0.519052,18.6871,-27.0482,37.7876,-6.88086,27.3814,-13.4026,21.5754,-20.2359,
2.43261,3.7642,5.47412,0.764965,0,0,-50,1.07332,-1.55639,2.1754,-0.392524,1.57399,-0.770893,1.24078,-1.16354,0,2.95435,0,-9.43302,0,-4.55168,0,1.24403,-43.5848,1.71775,-43.2741,-5.47162,-43.5384,-2.64555,-43.6127,0.72347,-2.31557,1.65664,-1.49267,-7.04964,2.97103,-2.98069,1.93748,-1.34026,0.928195,-2.1493,1.53768,-1.38549,-6.54344,2.75769,-2.76666,1.79836,-1.24403,-45.7341,3.25544,-44.6596,-12.0151,-40.7807,-5.41221,-41.8143,-0.520556,18.6665,-27.0676,37.8331,-6.8265,27.3738,-13.4068,21.5788,-20.2355,
2.43282,3.7633,5.47403,0.765001,0,0,-50,1.0722,-1.55711,2.17739,-0.389643,1.57297,-0.772083,1.24114,-1.16373,0,2.97054,0,-9.50041,0,-4.55794,0,1.24673,-43.5845,1.72716,-43.2692,-5.51051,-43.5381,-2.64918,-43.6126,0.72504,-2.32772,1.67366,-1.49353,-7.1015,2.99225,-2.98527,1.94323,-1.35431,0.92056,-2.14281,1.54071,-1.37489,-6.53736,2.75455,-2.74812,1.78886,-1.24673,-45.7273,3.26787,-44.6441,-12.0479,-40.7836,-5.3973,-41.8238,-0.521686,18.647,-27.0802,37.8677,-6.7764,27.3561,-13.4275,21.585,-20.2387,
2.43306,3.76259,5.47397,0.765049,0,0,-50,1.0707,-1.55857,2.1801,-0.386459,1.57231,-0.772523,1.24132,-1.16369,0,2.98851,0,-9.55345,0,-4.56244,0,1.25032,-43.584,1.7376,-43.2653,-5.5411,-43.538,-2.6518,-43.6126,0.72713,-2.33753,1.6913,-1.4953,-7.14229,3.00925,-2.98729,1.94901,-1.36411,0.91658,-2.14254,1.55021,-1.37056,-6.54648,2.75822,-2.73809,1.78643,-1.25032,-45.7266,3.28781,-44.6358,-12.0876,-40.7798,-5.38988,-41.8262,-0.52319,18.6209,-27.1056,37.9148,-6.72103,27.3446,-13.4352,21.5882,-20.238,
2.43328,3.76173,5.4739,0.765085,0,0,-50,1.06955,-1.55938,2.18214,-0.38359,1.57133,-0.77363,1.24165,-1.16385,0,3.00469,0,-9.61816,0,-4.56784,0,1.25302,-43.5837,1.74701,-43.2605,-5.57843,-43.5378,-2.65493,-43.6126,0.728698,-2.34913,1.70836,-1.49608,-7.19209,3.02967,-2.99114,1.95454,-1.37748,0.90964,-2.13687,1.55399,-1.36089,-6.54222,2.75591,-2.72086,1.77793,-1.25302,-45.7205,3.301,-44.6214,-12.1207,-40.7819,-5.37579,-41.8346,-0.524318,18.6009,-27.1196,37.9502,-6.67113,27.3274,-13.4544,21.5939,-20.2408,
2.43352,3.76106,5.47383,0.765133,0,0,-50,1.06805,-1.56088,2.18488,-0.38045,1.57084,-0.773854,1.24179,-1.16377,0,3.02266,0,-9.6685,0,-4.57324,0,1.25661,-43.5832,1.75745,-43.2567,-5.60746,-43.5376,-2.65807,-43.6125,0.730788,-2.35843,1.72558,-1.49816,-7.23085,3.0459,-2.99365,1.96058,-1.38663,0.906231,-2.13729,1.56378,-1.35768,-6.55281,2.76029,-2.71293,1.77674,-1.25661,-45.7205,3.32123,-44.6144,-12.1603,-40.7773,-5.371,-41.8358,-0.525822,18.5748,-27.1457,37.9979,-6.61652,27.319,-13.4583,21.5964,-20.2394,
2.43372,3.76029,5.47378,0.765193,0,0,-50,1.06678,-1.56222,2.18816,-0.376657,1.5702,-0.774127,1.242,-1.1637,0,3.03795,0,-9.72602,0,-4.57682,0,1.26111,-43.5829,1.76633,-43.2524,-5.64064,-43.5375,-2.66014,-43.6125,0.733403,-2.36917,1.74185,-1.4988,-7.27464,3.06458,-2.996,1.96534,-1.39694,0.902766,-2.1388,1.57248,-1.35307,-6.5673,2.7666,-2.70469,1.77424,-1.26111,-45.7217,3.33881,-44.6055,-12.2079,-40.7709,-5.36483,-41.8383,-0.527704,18.5527,-27.169,38.0549,-6.55056,27.3078,-13.4631,21.6,-20.2382,
2.434,3.75951,5.47375,0.765241,0,0,-50,1.06504,-1.56387,2.19096,-0.373294,1.56926,-0.774884,1.24221,-1.16368,0,3.05862,0,-9.78444,0,-4.57954,0,1.2647,-43.5824,1.77835,-43.248,-5.67433,-43.5374,-2.66172,-43.6125,0.735493,-2.37972,1.76261,-1.50033,-7.31969,3.08322,-2.99649,1.97132,-1.40791,0.898284,-2.13767,1.58333,-1.34772,-6.57516,2.7696,-2.6917,1.77081,-1.2647,-45.7201,3.36167,-44.5957,-12.2495,-40.7678,-5.35342,-41.8416,-0.529208,18.5224,-27.1977,38.1037,-6.49207,27.2915,-13.4762,21.6037,-20.238,
2.43426,3.75877,5.47371,0.765277,0,0,-50,1.06342,-1.56527,2.19316,-0.370493,1.56828,-0.775851,1.24243,-1.16374,0,3.0784,0,-9.84018,0,-4.58222,0,1.2674,-43.5819,1.78984,-43.2438,-5.70647,-43.5373,-2.66328,-43.6124,0.73706,-2.38958,1.78245,-1.50177,-7.36285,3.10082,-2.99703,1.97709,-1.4189,0.893226,-2.13444,1.59213,-1.34142,-6.57669,2.76974,-2.67702,1.76599,-1.2674,-45.7164,3.38197,-44.5852,-12.2832,-40.7675,-5.3403,-41.8464,-0.530337,18.4943,-27.222,38.1418,-6.44336,27.2745,-13.4931,21.6075,-20.2389,
2.43452,3.75803,5.4737,0.765313,0,0,-50,1.06179,-1.5667,2.19536,-0.367665,1.56716,-0.776953,1.24266,-1.1638,0,3.09816,0,-9.8959,0,-4.58311,0,1.27009,-43.5814,1.80132,-43.2395,-5.73859,-43.5372,-2.6638,-43.6124,0.738628,-2.39939,1.80275,-1.50279,-7.40598,3.1184,-2.99632,1.98235,-1.42985,0.88827,-2.13131,1.60133,-1.33488,-6.57851,2.76998,-2.66154,1.76086,-1.27009,-45.7128,3.40265,-44.5744,-12.3171,-40.7673,-5.32534,-41.8515,-0.531465,18.4659,-27.2469,38.1802,-6.39417,27.255,-13.5122,21.6115,-20.24,
2.4348,3.75727,5.47369,0.765337,0,0,-50,1.06013,-1.56798,2.19701,-0.365304,1.5659,-0.778399,1.24292,-1.16395,0,3.11884,0,-9.95253,0,-4.58401,0,1.27189,-43.581,1.81334,-43.2352,-5.77124,-43.5372,-2.66432,-43.6124,0.739673,-2.40909,1.82386,-1.5039,-7.45009,3.13603,-2.99547,1.98788,-1.44163,0.882255,-2.12543,1.60911,-1.32683,-6.57288,2.76678,-2.64277,1.75382,-1.27189,-45.7064,3.42245,-44.562,-12.3441,-40.7704,-5.30708,-41.8586,-0.532217,18.4371,-27.2693,38.2089,-6.35311,27.2331,-13.5374,21.616,-20.2426,
2.43505,3.75653,5.47371,0.765349,0,0,-50,1.05867,-1.56894,2.19804,-0.363442,1.56435,-0.780323,1.24323,-1.1642,0,3.13771,0,-10.0082,0,-4.58222,0,1.27279,-43.5805,1.8243,-43.2309,-5.80336,-43.5373,-2.66328,-43.6124,0.740195,-2.41839,1.84413,-1.50403,-7.49355,3.15312,-2.99314,1.99219,-1.45386,0.875455,-2.11719,1.61446,-1.31671,-6.56026,2.76041,-2.62036,1.74408,-1.27279,-45.6977,3.43876,-44.5476,-12.3636,-40.7769,-5.28364,-41.8683,-0.532593,18.4117,-27.286,38.2269,-6.32073,27.206,-13.5708,21.6214,-20.2469,
2.43536,3.75582,5.47373,0.765373,0,0,-50,1.0567,-1.57061,2.19979,-0.361074,1.56294,-0.781849,1.24344,-1.1643,0,3.16108,0,-10.0613,0,-4.58043,0,1.27459,-43.5799,1.83788,-43.2268,-5.83393,-43.5373,-2.66224,-43.6124,0.741243,-2.42735,1.86773,-1.50533,-7.53506,3.16956,-2.98953,1.99771,-1.46461,0.870256,-2.11242,1.6254,-1.31002,-6.55743,2.75833,-2.60166,1.73852,-1.27459,-45.6923,3.46328,-44.5368,-12.3914,-40.779,-5.2639,-41.8738,-0.533347,18.3774,-27.3149,38.2572,-6.27954,27.1816,-13.5974,21.6251,-20.2487,
2.43566,3.7552,5.47376,0.765397,0,0,-50,1.05477,-1.57231,2.20152,-0.358841,1.56171,-0.783138,1.24361,-1.16436,0,3.18356,0,-10.108,0,-4.57864,0,1.27639,-43.5794,1.85094,-43.2231,-5.86087,-43.5374,-2.6612,-43.6123,0.742288,-2.43525,1.89006,-1.50682,-7.57172,3.18409,-2.98574,2.00302,-1.47387,0.866012,-2.10896,1.63682,-1.30492,-6.5572,2.75746,-2.58569,1.73464,-1.27639,-45.6883,3.48776,-44.528,-12.4181,-40.7799,-5.24689,-41.8777,-0.534099,18.3438,-27.3445,38.2873,-6.24071,27.1602,-13.6198,21.628,-20.2497,
2.43596,3.75444,5.47379,0.76542,0,0,-50,1.05291,-1.57382,2.20328,-0.356376,1.5602,-0.784808,1.24386,-1.1645,0,3.20602,0,-10.1647,0,-4.57592,0,1.27818,-43.5788,1.86399,-43.2187,-5.8935,-43.5375,-2.65962,-43.6123,0.743333,-2.44476,1.91355,-1.50743,-7.61589,3.20166,-2.98198,2.00802,-1.4855,0.860439,-2.10357,1.64649,-1.29705,-6.55301,2.75483,-2.56581,1.72778,-1.27818,-45.6824,3.51048,-44.5157,-12.4465,-40.7827,-5.22543,-41.8845,-0.534851,18.3115,-27.3708,38.3179,-6.19785,27.1338,-13.6488,21.6324,-20.2521,
2.43626,3.75376,5.47383,0.765456,0,0,-50,1.05095,-1.57566,2.20562,-0.353524,1.55894,-0.785967,1.24404,-1.16451,0,3.22849,0,-10.2159,0,-4.57324,0,1.28088,-43.5783,1.87705,-43.2146,-5.92302,-43.5376,-2.65807,-43.6123,0.7449,-2.45356,1.93658,-1.50841,-7.65573,3.21781,-2.97789,2.01304,-1.49517,0.856679,-2.10191,1.65903,-1.29222,-6.55851,2.75663,-2.55109,1.72453,-1.28088,-45.6802,3.53608,-44.5069,-12.4815,-40.781,-5.20916,-41.8878,-0.535979,18.2774,-27.4028,38.3586,-6.14824,27.112,-13.669,21.6355,-20.2523,
2.4366,3.75309,5.47387,0.765492,0,0,-50,1.04873,-1.57777,2.20803,-0.350658,1.55768,-0.78711,1.24419,-1.16449,0,3.25365,0,-10.2662,0,-4.57052,0,1.28357,-43.5776,1.89167,-43.2107,-5.95202,-43.5377,-2.65649,-43.6123,0.746468,-2.46213,1.96166,-1.51001,-7.69509,3.23365,-2.97306,2.01878,-1.50452,0.853149,-2.10056,1.67358,-1.28826,-6.56505,2.75879,-2.53646,1.72232,-1.28357,-45.6782,3.56526,-44.4989,-12.5171,-40.7789,-5.19295,-41.89,-0.537107,18.2388,-27.4394,38.4005,-6.09839,27.09,-13.6889,21.638,-20.2519,
2.43693,3.75244,5.4739,0.76554,0,0,-50,1.04643,-1.58012,2.21102,-0.347332,1.55658,-0.787873,1.24429,-1.16437,0,3.27883,0,-10.3148,0,-4.56784,0,1.28717,-43.577,1.9063,-43.2068,-5.97998,-43.5378,-2.65493,-43.6122,0.748558,-2.4706,1.98661,-1.51175,-7.73285,3.24918,-2.96815,2.02452,-1.51277,0.850871,-2.10216,1.69035,-1.2863,-6.57966,2.76464,-2.52551,1.7226,-1.28717,-45.6791,3.59665,-44.4931,-12.5596,-40.7731,-5.18044,-41.8896,-0.538611,18.1987,-27.4804,38.4525,-6.04057,27.071,-13.7021,21.6398,-20.2498,
2.43728,3.75185,5.47395,0.7656,0,0,-50,1.04392,-1.58289,2.2146,-0.34359,1.55561,-0.78827,1.24433,-1.16412,0,3.3049,0,-10.3588,0,-4.56423,0,1.29167,-43.5763,1.92145,-43.2033,-6.00535,-43.5379,-2.65284,-43.6122,0.751173,-2.47849,2.01211,-1.51379,-7.76702,3.26353,-2.96206,2.03024,-1.51922,0.850216,-2.10725,1.71073,-1.28705,-6.60365,2.77471,-2.51839,1.72614,-1.29167,-45.6836,3.63217,-44.4903,-12.609,-40.7632,-5.17123,-41.8861,-0.540493,18.1551,-27.5285,38.5148,-5.97549,27.0542,-13.7091,21.6404,-20.2456,
2.43764,3.75116,5.47399,0.76566,0,0,-50,1.04141,-1.58555,2.21823,-0.339668,1.55455,-0.788841,1.24441,-1.16393,0,3.33185,0,-10.4109,0,-4.56155,0,1.29616,-43.5756,1.93711,-43.1991,-6.03538,-43.538,-2.65128,-43.6121,0.753785,-2.48767,2.03884,-1.51566,-7.80743,3.28041,-2.95697,2.03642,-1.52762,0.848483,-2.11075,1.72992,-1.28601,-6.62447,2.78337,-2.50894,1.72787,-1.29616,-45.6864,3.66702,-44.4851,-12.6598,-40.7546,-5.16022,-41.8843,-0.542374,18.1115,-27.5748,38.5778,-5.90726,27.0357,-13.719,21.642,-20.2423,
2.43799,3.75057,5.47403,0.765732,0,0,-50,1.03883,-1.58853,2.22239,-0.335429,1.5537,-0.788928,1.24442,-1.16361,0,3.35792,0,-10.455,0,-4.55794,0,1.30155,-43.5749,1.95225,-43.1955,-6.06074,-43.5381,-2.64918,-43.6121,0.75692,-2.49572,2.06439,-1.51769,-7.84139,3.29501,-2.95091,2.04213,-1.53341,0.848792,-2.11835,1.75224,-1.2882,-6.65571,2.79678,-2.50471,1.73334,-1.30155,-45.6933,3.70449,-44.4837,-12.7165,-40.7414,-5.15389,-41.8787,-0.54463,18.0667,-27.6266,38.6502,-5.83355,27.0209,-13.7205,21.6421,-20.2366,
2.43833,3.74997,5.47411,0.765792,0,0,-50,1.0363,-1.59131,2.22597,-0.331642,1.55257,-0.789492,1.24448,-1.16338,0,3.38399,0,-10.4999,0,-4.55257,0,1.30605,-43.5743,1.9674,-43.1919,-6.08663,-43.5383,-2.64607,-43.612,0.759535,-2.50366,2.09046,-1.51923,-7.87623,3.30963,-2.9437,2.04736,-1.54004,0.84806,-2.12326,1.77284,-1.28839,-6.67952,2.80677,-2.49643,1.73629,-1.30605,-45.6975,3.74024,-44.4803,-12.7662,-40.7316,-5.1425,-41.8758,-0.546512,18.0226,-27.6749,38.7126,-5.76769,27.0013,-13.7303,21.6431,-20.2327,
2.43869,3.7494,5.47415,0.765864,0,0,-50,1.03362,-1.59439,2.23016,-0.327409,1.55173,-0.789557,1.24447,-1.16304,0,3.41095,0,-10.543,0,-4.54896,0,1.31144,-43.5736,1.98307,-43.1884,-6.11147,-43.5385,-2.64397,-43.612,0.76267,-2.5115,2.11666,-1.52148,-7.90957,3.32395,-2.93738,2.05332,-1.54557,0.848515,-2.13104,1.79602,-1.291,-6.71139,2.82042,-2.49241,1.74227,-1.31144,-45.7046,3.77909,-44.4794,-12.8229,-40.718,-5.13638,-41.8697,-0.548768,17.9761,-27.7285,38.7853,-5.69407,26.9866,-13.7314,21.6429,-20.2268,
2.43907,3.74882,5.47421,0.765948,0,0,-50,1.03076,-1.5978,2.23494,-0.32266,1.55091,-0.789409,1.24443,-1.16261,0,3.43881,0,-10.5862,0,-4.54445,0,1.31773,-43.5728,1.99925,-43.1849,-6.13632,-43.5386,-2.64136,-43.6119,0.766328,-2.5195,2.14382,-1.52374,-7.94275,3.33849,-2.93022,2.05925,-1.5504,0.849928,-2.1414,1.82209,-1.29507,-6.75077,2.83748,-2.49047,1.75021,-1.31773,-45.7142,3.82135,-44.4799,-12.8871,-40.7011,-5.13183,-41.8617,-0.551401,17.9263,-27.7879,38.8685,-5.61147,26.9723,-13.7289,21.6423,-20.2194,
2.43945,3.74827,5.47426,0.766008,0,0,-50,1.02797,-1.60088,2.23858,-0.318934,1.54997,-0.789731,1.24443,-1.16233,0,3.46758,0,-10.6275,0,-4.54088,0,1.32223,-43.572,2.01597,-43.1815,-6.16012,-43.5387,-2.63928,-43.6119,0.768943,-2.52675,2.17127,-1.52644,-7.9751,3.35202,-2.92338,2.06574,-1.55606,0.849725,-2.14704,1.84498,-1.29706,-6.77664,2.8483,-2.48407,1.75531,-1.32223,-45.7191,3.86095,-44.4785,-12.9368,-40.6904,-5.12335,-41.8566,-0.553283,17.8777,-27.8414,38.9319,-5.54668,26.956,-13.7345,21.6422,-20.2144,
2.43982,3.74773,5.47431,0.766056,0,0,-50,1.02532,-1.60367,2.24162,-0.315732,1.54895,-0.790315,1.24445,-1.16212,0,3.49544,0,-10.668,0,-4.53726,0,1.32582,-43.5713,2.03215,-43.1782,-6.18341,-43.5389,-2.63718,-43.6118,0.771033,-2.53363,2.19792,-1.52895,-8.00692,3.36506,-2.9167,2.07201,-1.56219,0.848694,-2.15028,1.86537,-1.29761,-6.79543,2.85591,-2.47539,1.7585,-1.32582,-45.7216,3.89752,-44.4758,-12.9788,-40.683,-5.11257,-41.8533,-0.554787,17.8317,-27.8898,38.9848,-5.491,26.9383,-13.7446,21.6425,-20.2108,
2.4402,3.74724,5.47432,0.766104,0,0,-50,1.02261,-1.60656,2.24468,-0.312624,1.54823,-0.790566,1.24441,-1.16186,0,3.5242,0,-10.7048,0,-4.53637,0,1.32941,-43.5705,2.04886,-43.1751,-6.20462,-43.5389,-2.63666,-43.6118,0.773123,-2.53992,2.22427,-1.53249,-8.03614,3.37704,-2.91147,2.07929,-1.56745,0.84814,-2.15421,1.88649,-1.29976,-6.81577,2.8642,-2.46933,1.76353,-1.32941,-45.7247,3.93535,-44.4749,-13.0204,-40.6747,-5.106,-41.8483,-0.556291,17.7845,-27.9402,39.0379,-5.43693,26.9257,-13.749,21.6419,-20.2063,
2.4406,3.74666,5.47435,0.766152,0,0,-50,1.01985,-1.60943,2.24778,-0.309352,1.5473,-0.791078,1.24442,-1.16166,0,3.55386,0,-10.748,0,-4.53458,0,1.33301,-43.5697,2.06609,-43.1715,-6.22946,-43.539,-2.63563,-43.6118,0.775215,-2.54718,2.25218,-1.53556,-8.07019,3.39095,-2.90583,2.08656,-1.57417,0.846803,-2.15696,1.90715,-1.30032,-6.83386,2.87147,-2.46067,1.7669,-1.33301,-45.7267,3.97324,-44.4719,-13.0633,-40.6675,-5.09629,-41.8449,-0.557797,17.7366,-27.9901,39.0918,-5.38003,26.9096,-13.7579,21.6422,-20.2027,
2.44099,3.74615,5.47438,0.766211,0,0,-50,1.01695,-1.61263,2.25144,-0.305676,1.54649,-0.791243,1.24438,-1.16133,0,3.58353,0,-10.7866,0,-4.5319,0,1.33751,-43.5689,2.08332,-43.1683,-6.2517,-43.5391,-2.63407,-43.6117,0.777828,-2.5539,2.2799,-1.53877,-8.10059,3.40368,-2.89926,2.09357,-1.57914,0.846985,-2.16311,1.93104,-1.30331,-6.86108,2.88287,-2.45563,1.77322,-1.33751,-45.732,4.01436,-44.4716,-13.1128,-40.6562,-5.08969,-41.8385,-0.559677,17.6862,-28.0458,39.1555,-5.3161,26.8954,-13.7607,21.6414,-20.1971,
2.44138,3.74567,5.47439,0.766247,0,0,-50,1.01431,-1.61532,2.25393,-0.303074,1.54568,-0.791752,1.24437,-1.16115,0,3.61228,0,-10.8226,0,-4.53097,0,1.3402,-43.5681,2.10003,-43.1653,-6.2724,-43.5391,-2.63353,-43.6117,0.779395,-2.55976,2.30619,-1.54227,-8.12937,3.41517,-2.89397,2.10089,-1.58481,0.845655,-2.16468,1.95024,-1.30423,-6.87465,2.88805,-2.4473,1.77663,-1.3402,-45.7328,4.05027,-44.4695,-13.147,-40.651,-5.08083,-41.8351,-0.560805,17.6402,-28.0925,39.1987,-5.27084,26.8814,-13.7696,21.6412,-20.1939,
2.44179,3.74518,5.47442,0.766283,0,0,-50,1.0115,-1.61817,2.25645,-0.300421,1.54477,-0.792373,1.24435,-1.16097,0,3.64284,0,-10.8594,0,-4.52918,0,1.3429,-43.5672,2.11778,-43.1622,-6.29361,-43.5391,-2.63249,-43.6117,0.780963,-2.56571,2.33421,-1.54589,-8.15895,3.42689,-2.88771,2.10845,-1.5906,0.844268,-2.16615,1.9707,-1.30515,-6.88834,2.89322,-2.438,1.7801,-1.3429,-45.7334,4.08847,-44.4674,-13.182,-40.6459,-5.07049,-41.8316,-0.561934,17.5912,-28.1421,39.2427,-5.22472,26.8655,-13.7804,21.6409,-20.1907,
2.44224,3.74471,5.47443,0.766307,0,0,-50,1.00842,-1.62116,2.25848,-0.298271,1.54382,-0.793184,1.24431,-1.16082,0,3.67699,0,-10.8945,0,-4.52829,0,1.34469,-43.5662,2.13762,-43.1593,-6.31378,-43.5392,-2.63197,-43.6116,0.782008,-2.57107,2.36463,-1.55056,-8.18767,3.43779,-2.88106,2.11729,-1.59648,0.842285,-2.16557,1.99169,-1.30601,-6.89635,2.8956,-2.42667,1.78336,-1.34469,-45.7318,4.12931,-44.4653,-13.2101,-40.6436,-5.05865,-41.8283,-0.562686,17.5378,-28.1941,39.278,-5.18732,26.8491,-13.7945,21.6402,-20.1881,
2.4426,3.74424,5.47443,0.766331,0,0,-50,1.00605,-1.62344,2.26035,-0.296202,1.54305,-0.793843,1.24432,-1.16072,0,3.70396,0,-10.9295,0,-4.52829,0,1.34649,-43.5655,2.15328,-43.1563,-6.33396,-43.5392,-2.63197,-43.6116,0.783053,-2.57656,2.38922,-1.55386,-8.2159,3.44884,-2.87684,2.12442,-1.60265,0.840166,-2.16474,2.00734,-1.3055,-6.90272,2.89759,-2.41703,1.78487,-1.34649,-45.7302,4.16062,-44.4618,-13.2367,-40.6416,-5.049,-41.8268,-0.563438,17.4966,-28.2337,39.3105,-5.15133,26.8356,-13.806,21.6404,-20.1864,
2.44302,3.74379,5.47443,0.766355,0,0,-50,1.00325,-1.62616,2.26233,-0.294098,1.54224,-0.794511,1.24429,-1.16057,0,3.73543,0,-10.9637,0,-4.52829,0,1.34829,-43.5646,2.17156,-43.1534,-6.35361,-43.5392,-2.63197,-43.6116,0.7841,-2.58181,2.41726,-1.55818,-8.24378,3.45953,-2.87145,2.13279,-1.60841,0.838277,-2.16427,2.02633,-1.30619,-6.91057,2.90004,-2.40707,1.78787,-1.34829,-45.7288,4.19789,-44.4596,-13.2642,-40.6391,-5.03904,-41.8237,-0.564192,17.4478,-28.2811,39.3449,-5.11475,26.8216,-13.8176,21.6399,-20.1839,
2.44348,3.74336,5.47443,0.766367,0,0,-50,1.00026,-1.62894,2.26379,-0.292498,1.54134,-0.795435,1.24425,-1.16048,0,3.76958,0,-10.996,0,-4.52829,0,1.34919,-43.5636,2.1914,-43.1507,-6.37222,-43.5392,-2.63197,-43.6116,0.784623,-2.58647,2.44721,-1.56315,-8.27071,3.46939,-2.86526,2.14192,-1.61427,0.835788,-2.16174,2.04535,-1.30646,-6.91256,2.89968,-2.39475,1.79019,-1.34919,-45.7253,4.23675,-44.4572,-13.2848,-40.6395,-5.02673,-41.8214,-0.564568,17.3959,-28.3294,39.3702,-5.08692,26.8058,-13.8337,21.6392,-20.1822,
2.44386,3.74293,5.47441,0.766379,0,0,-50,0.997829,-1.63117,2.26513,-0.290968,1.54066,-0.796147,1.24424,-1.16041,0,3.79834,0,-11.0284,0,-4.53008,0,1.35009,-43.5627,2.2081,-43.1479,-6.39084,-43.5391,-2.63301,-43.6116,0.785145,-2.59125,2.4725,-1.56734,-8.2973,3.47939,-2.86169,2.15009,-1.62037,0.833196,-2.15902,2.06008,-1.3059,-6.91328,2.89901,-2.38435,1.79145,-1.35009,-45.7218,4.26818,-44.4538,-13.3041,-40.6401,-5.01736,-41.8201,-0.564944,17.3535,-28.3682,39.3935,-5.06031,26.7941,-13.846,21.639,-20.1811,
2.44433,3.74253,5.47438,0.766367,0,0,-50,0.994959,-1.63358,2.26546,-0.290408,1.53977,-0.797399,1.24422,-1.16044,0,3.8334,0,-11.0581,0,-4.5319,0,1.34919,-43.5617,2.22847,-43.1454,-6.40791,-43.5391,-2.63407,-43.6116,0.784623,-2.59503,2.50243,-1.57299,-8.32277,3.48798,-2.85639,2.16006,-1.62686,0.82932,-2.15211,2.07531,-1.30451,-6.90224,2.89265,-2.36886,1.79138,-1.34919,-45.7138,4.30378,-44.4499,-13.3101,-40.6464,-5.00293,-41.8202,-0.564568,17.3036,-28.4102,39.3993,-5.05058,26.7786,-13.8678,21.6386,-20.1816,
2.44475,3.74213,5.47435,0.766355,0,0,-50,0.992456,-1.63563,2.26572,-0.289888,1.53901,-0.79853,1.24422,-1.1605,0,3.86486,0,-11.0877,0,-4.53458,0,1.34829,-43.5608,2.24674,-43.1429,-6.42496,-43.539,-2.63563,-43.6116,0.7841,-2.59887,2.52932,-1.57805,-8.34798,3.49664,-2.8526,2.16928,-1.6335,0.825403,-2.14511,2.08771,-1.30253,-6.89044,2.88614,-2.35455,1.79053,-1.34829,-45.7059,4.33445,-44.4454,-13.3154,-40.6528,-4.99017,-41.8211,-0.564192,17.2601,-28.4458,39.4039,-5.04153,26.7653,-13.8875,21.6385,-20.1826,
2.44514,3.74177,5.47431,0.766331,0,0,-50,0.990197,-1.63732,2.26537,-0.289933,1.53823,-0.799842,1.24423,-1.16062,0,3.89452,0,-11.1147,0,-4.53726,0,1.34649,-43.5599,2.26397,-43.1406,-6.44047,-43.5389,-2.63718,-43.6116,0.783053,-2.60209,2.55454,-1.58288,-8.37124,3.50426,-2.84907,2.17806,-1.64019,0.820934,-2.13615,2.09711,-1.29944,-6.87224,2.87677,-2.3389,1.78805,-1.34649,-45.696,4.36107,-44.44,-13.3127,-40.6621,-4.97608,-41.8236,-0.563438,17.2208,-28.4752,39.3977,-5.04231,26.7518,-13.9103,21.6388,-20.1848,
2.44561,3.7414,5.47425,0.766295,0,0,-50,0.987579,-1.63923,2.26459,-0.290386,1.53744,-0.801334,1.24423,-1.16079,0,3.92957,0,-11.1426,0,-4.54177,0,1.34379,-43.5588,2.28432,-43.1382,-6.45651,-43.5387,-2.6398,-43.6117,0.781485,-2.60514,2.58359,-1.58913,-8.39587,3.5119,-2.84556,2.18885,-1.64757,0.815625,-2.12482,2.10724,-1.29613,-6.84788,2.86439,-2.32091,1.78528,-1.34379,-45.6836,4.39156,-44.4343,-13.3044,-40.6743,-4.96071,-41.8264,-0.56231,17.1753,-28.5083,39.3841,-5.0502,26.7381,-13.9362,21.6388,-20.1876,
2.44598,3.74106,5.4742,0.766247,0,0,-50,0.985712,-1.64027,2.26308,-0.291425,1.53662,-0.803046,1.2443,-1.16108,0,3.95743,0,-11.1686,0,-4.54538,0,1.3402,-43.558,2.3005,-43.1359,-6.47149,-43.5386,-2.6419,-43.6117,0.779395,-2.60781,2.60704,-1.59375,-8.41878,3.51882,-2.84308,2.19746,-1.65541,0.80959,-2.11126,2.11063,-1.29029,-6.81576,2.8488,-2.30173,1.77904,-1.3402,-45.6692,4.41114,-44.4262,-13.2873,-40.6898,-4.94363,-41.8327,-0.560805,17.1428,-28.5264,39.3579,-5.06825,26.7238,-13.966,21.6399,-20.1927,
2.44642,3.74072,5.47415,0.766199,0,0,-50,0.983342,-1.64183,2.26171,-0.292408,1.53575,-0.804769,1.24432,-1.16132,0,3.99069,0,-11.1938,0,-4.54896,0,1.33661,-43.5569,2.31982,-43.1337,-6.48597,-43.5385,-2.64397,-43.6117,0.777305,-2.61022,2.63465,-1.59955,-8.44145,3.52539,-2.83918,2.20755,-1.66281,0.803823,-2.09815,2.11779,-1.28576,-6.78543,2.83379,-2.2822,1.77448,-1.33661,-45.6551,4.43761,-44.4195,-13.2714,-40.7047,-4.92617,-41.8373,-0.559301,17.1016,-28.5535,39.3341,-5.08536,26.7087,-13.996,21.6403,-20.1969,
2.4469,3.74041,5.47411,0.766164,0,0,-50,0.980614,-1.6439,2.26097,-0.292912,1.53498,-0.806182,1.24428,-1.16145,0,4.02665,0,-11.2172,0,-4.55257,0,1.33391,-43.5558,2.3407,-43.1317,-6.49941,-43.5383,-2.64607,-43.6118,0.775738,-2.61248,2.6642,-1.60608,-8.46274,3.53158,-2.83449,2.21837,-1.66902,0.79922,-2.08795,2.12928,-1.28361,-6.76359,2.82251,-2.26538,1.77297,-1.33391,-45.6438,4.46999,-44.4153,-13.263,-40.7158,-4.91145,-41.8388,-0.558173,17.0542,-28.5896,39.3212,-5.09412,26.6953,-14.0205,21.6396,-20.1992,
2.44729,3.74011,5.47406,0.766104,0,0,-50,0.978762,-1.64484,2.25895,-0.294464,1.53414,-0.808033,1.24434,-1.16179,0,4.0554,0,-11.2396,0,-4.55615,0,1.32941,-43.5549,2.3574,-43.1298,-6.51233,-43.5382,-2.64814,-43.6118,0.773123,-2.61432,2.688,-1.61108,-8.48323,3.53713,-2.83152,2.22728,-1.67658,0.792932,-2.07297,2.1314,-1.27747,-6.72662,2.80471,-2.24521,1.76608,-1.32941,-45.6279,4.4888,-44.4072,-13.239,-40.7335,-4.89335,-41.8457,-0.556291,17.0219,-28.6059,39.2861,-5.1211,26.6807,-14.0527,21.6407,-20.2051,
2.44778,3.73982,5.474,0.766032,0,0,-50,0.976278,-1.64629,2.25658,-0.296411,1.53323,-0.810103,1.24435,-1.16214,0,4.09225,0,-11.2612,0,-4.56065,0,1.32402,-43.5537,2.3788,-43.1279,-6.52474,-43.538,-2.65076,-43.6119,0.769988,-2.61562,2.7178,-1.61799,-8.50393,3.54208,-2.82714,2.23869,-1.68425,0.786118,-2.05618,2.13651,-1.27193,-6.68509,2.78449,-2.22247,1.75988,-1.32402,-45.6099,4.51531,-44.3998,-13.2098,-40.7535,-4.87323,-41.852,-0.554035,16.9788,-28.6312,39.2449,-5.15497,26.6648,-14.0887,21.6409,-20.2111,
2.44817,3.73956,5.47394,0.76596,0,0,-50,0.974457,-1.64711,2.25406,-0.298461,1.53244,-0.812043,1.2444,-1.16253,0,4.12192,0,-11.281,0,-4.56516,0,1.31863,-43.5528,2.39603,-43.1262,-6.5361,-43.5379,-2.65338,-43.6119,0.766853,-2.61679,2.74179,-1.62352,-8.52269,3.54656,-2.82441,2.24815,-1.69177,0.779438,-2.03962,2.13706,-1.26543,-6.64292,2.76432,-2.20145,1.7523,-1.31863,-45.5924,4.53309,-44.3916,-13.179,-40.7736,-4.85483,-41.8596,-0.551778,16.9471,-28.6454,39.201,-5.19062,26.6511,-14.1225,21.6418,-20.2178,
2.44868,3.73928,5.47387,0.765876,0,0,-50,0.972035,-1.64839,2.25119,-0.300857,1.53153,-0.814246,1.24442,-1.16294,0,4.15967,0,-11.3017,0,-4.57052,0,1.31234,-43.5516,2.41795,-43.1244,-6.548,-43.5377,-2.65649,-43.612,0.763193,-2.6177,2.77198,-1.63081,-8.54305,3.551,-2.82035,2.2601,-1.69984,0.772037,-2.02096,2.14007,-1.25905,-6.59555,2.7415,-2.17741,1.74488,-1.31234,-45.5725,4.55802,-44.3834,-13.1435,-40.7962,-4.8339,-41.8671,-0.549144,16.905,-28.6676,39.1511,-5.23229,26.6354,-14.1608,21.6421,-20.225,
2.44914,3.73905,5.47378,0.765804,0,0,-50,0.969749,-1.64971,2.24881,-0.30289,1.53089,-0.815982,1.2444,-1.16325,0,4.19471,0,-11.3187,0,-4.57682,0,1.30695,-43.5505,2.4383,-43.1229,-6.55782,-43.5375,-2.66014,-43.612,0.760058,-2.61833,2.79947,-1.63803,-8.56025,3.55459,-2.81734,2.27157,-1.7065,0.765865,-2.00528,2.14402,-1.25451,-6.556,2.72234,-2.1577,1.73971,-1.30695,-45.5557,4.58232,-44.3774,-13.1138,-40.8151,-4.81784,-41.8723,-0.546888,16.8652,-28.6905,39.1097,-5.26765,26.6241,-14.191,21.6418,-20.2305,
2.44962,3.73881,5.47371,0.76572,0,0,-50,0.9675,-1.65085,2.24593,-0.30533,1.53007,-0.818059,1.24442,-1.16366,0,4.23067,0,-11.3367,0,-4.58222,0,1.30065,-43.5493,2.45918,-43.1213,-6.56815,-43.5373,-2.66328,-43.6121,0.756398,-2.61883,2.82798,-1.64512,-8.57842,3.55821,-2.81355,2.28306,-1.71396,0.758858,-1.98732,2.14603,-1.24841,-6.5098,2.70017,-2.13508,1.73252,-1.30065,-45.5366,4.60521,-44.3697,-13.0779,-40.8371,-4.79836,-41.8796,-0.544254,16.8261,-28.7105,39.0596,-5.31009,26.61,-14.2271,21.6421,-20.2375,
2.45009,3.73861,5.47364,0.765636,0,0,-50,0.965321,-1.65197,2.24303,-0.307827,1.52932,-0.820045,1.24442,-1.16405,0,4.26572,0,-11.352,0,-4.58762,0,1.29436,-43.5481,2.47953,-43.12,-6.57693,-43.5371,-2.66641,-43.6122,0.75274,-2.61893,2.85549,-1.65222,-8.59446,3.56098,-2.80979,2.29432,-1.72079,0.752189,-1.96993,2.14787,-1.24278,-6.46466,2.67853,-2.11349,1.72576,-1.29436,-45.5181,4.6274,-44.3627,-13.0416,-40.8586,-4.77991,-41.8864,-0.541621,16.7882,-28.7299,39.0092,-5.35352,26.5969,-14.2617,21.6421,-20.2443,
2.45058,3.7384,5.47357,0.765564,0,0,-50,0.962901,-1.65345,2.24073,-0.309802,1.52863,-0.821794,1.24439,-1.16435,0,4.30257,0,-11.3682,0,-4.59302,0,1.28897,-43.5469,2.50093,-43.1185,-6.58623,-43.5369,-2.66955,-43.6122,0.749603,-2.61933,2.88454,-1.65964,-8.61114,3.56425,-2.80565,2.30606,-1.72712,0.74631,-1.95483,2.15276,-1.2386,-6.42658,2.66003,-2.09388,1.72104,-1.28897,-45.5017,4.65369,-44.3571,-13.0128,-40.8769,-4.76343,-41.8912,-0.539363,16.7461,-28.7556,38.9693,-5.38785,26.5848,-14.2921,21.6415,-20.2496,
2.45107,3.73817,5.4735,0.76548,0,0,-50,0.960618,-1.65466,2.23793,-0.312189,1.52785,-0.823797,1.24439,-1.16475,0,4.33943,0,-11.3852,0,-4.59838,0,1.28268,-43.5457,2.52233,-43.117,-6.59605,-43.5367,-2.67266,-43.6123,0.745945,-2.61964,2.91367,-1.66693,-8.62872,3.56757,-2.80155,2.31782,-1.73429,0.739596,-1.93747,2.15494,-1.23286,-6.38177,2.63856,-2.07202,1.71425,-1.28268,-45.4831,4.67726,-44.3499,-12.9778,-40.8981,-4.74468,-41.898,-0.536731,16.7064,-28.7768,38.9205,-5.42938,26.5712,-14.3269,21.6416,-20.2565,
2.45157,3.738,5.47342,0.765397,0,0,-50,0.958299,-1.65596,2.2351,-0.31468,1.52714,-0.825682,1.24436,-1.16511,0,4.37628,0,-11.3978,0,-4.60378,0,1.27639,-43.5444,2.54372,-43.1159,-6.60329,-43.5365,-2.6758,-43.6123,0.742288,-2.61924,2.94233,-1.67456,-8.6429,3.56947,-2.79715,2.32962,-1.74037,0.733398,-1.92095,2.1579,-1.22812,-6.33869,2.61785,-2.05143,1.70854,-1.27639,-45.4654,4.70162,-44.3441,-12.942,-40.9187,-4.72722,-41.9038,-0.534099,16.6661,-28.7993,38.8714,-5.4727,26.559,-14.3597,21.6411,-20.2627,
2.45207,3.73783,5.47336,0.765325,0,0,-50,0.955797,-1.65757,2.23284,-0.316686,1.52644,-0.827382,1.24431,-1.16539,0,4.41403,0,-11.4104,0,-4.60829,0,1.27099,-43.5431,2.56564,-43.1148,-6.61052,-43.5363,-2.67841,-43.6124,0.73915,-2.61902,2.97193,-1.6822,-8.65693,3.57157,-2.7919,2.34139,-1.74575,0.728051,-1.90678,2.16372,-1.22472,-6.30268,2.60029,-2.03264,1.70465,-1.27099,-45.4499,4.72936,-44.3396,-12.9132,-40.9361,-4.71106,-41.9077,-0.531841,16.6226,-28.8274,38.832,-5.50758,26.5468,-14.3892,21.6401,-20.2676,
2.45256,3.73766,5.47327,0.765237,0,0,-50,0.953573,-1.65875,2.2299,-0.319279,1.52588,-0.829156,1.24428,-1.16576,0,4.45088,0,-11.423,0,-4.61548,0,1.26446,-43.5419,2.58703,-43.1137,-6.61775,-43.5361,-2.68259,-43.6125,0.73535,-2.61857,3.00014,-1.69018,-8.67121,3.57345,-2.78875,2.35372,-1.75201,0.721719,-1.88987,2.16526,-1.21983,-6.25817,2.57902,-2.01269,1.69872,-1.26446,-45.4317,4.75229,-44.3336,-12.8759,-40.9571,-4.69528,-41.9137,-0.529105,16.5839,-28.8479,38.7809,-5.55268,26.537,-14.4201,21.6396,-20.2742,
2.453,3.73752,5.4732,0.765169,0,0,-50,0.951466,-1.66003,2.22769,-0.321237,1.52536,-0.830615,1.24423,-1.16604,0,4.48414,0,-11.4338,0,-4.62088,0,1.25931,-43.5407,2.60634,-43.1128,-6.62396,-43.5359,-2.68572,-43.6125,0.732355,-2.61823,3.02583,-1.6972,-8.68349,3.57514,-2.78511,2.36452,-1.75696,0.716753,-1.87662,2.16877,-1.21647,-6.22391,2.56249,-1.99623,1.69478,-1.25931,-45.4173,4.77511,-44.3292,-12.8479,-40.9734,-4.68195,-41.9177,-0.52695,16.5472,-28.8701,38.7425,-5.58672,26.5279,-14.4455,21.6388,-20.2789,
2.45355,3.73736,5.47311,0.765097,0,0,-50,0.948711,-1.66192,2.22554,-0.323197,1.52479,-0.832137,1.24414,-1.16628,0,4.52548,0,-11.4455,0,-4.62717,0,1.25391,-43.5393,2.63034,-43.1117,-6.63067,-43.5357,-2.68937,-43.6126,0.72922,-2.61777,3.05771,-1.706,-8.69717,3.57693,-2.78015,2.37782,-1.76195,0.711663,-1.86297,2.17606,-1.21409,-6.18945,2.54557,-1.97853,1.69221,-1.25391,-45.4022,4.8064,-44.3258,-12.8201,-40.9901,-4.6679,-41.9204,-0.524694,16.4993,-28.9029,38.705,-5.62082,26.5182,-14.4719,21.6372,-20.2832,
2.45407,3.73722,5.47304,0.765025,0,0,-50,0.946188,-1.66359,2.22333,-0.325192,1.52421,-0.83368,1.24407,-1.16654,0,4.56413,0,-11.4562,0,-4.63254,0,1.24852,-43.5379,2.65278,-43.1108,-6.63687,-43.5355,-2.69249,-43.6126,0.726085,-2.61721,3.08761,-1.71408,-8.70994,3.57847,-2.77515,2.39013,-1.76682,0.706652,-1.84946,2.18187,-1.21126,-6.1549,2.52873,-1.96106,1.68899,-1.24852,-45.3874,4.83464,-44.322,-12.7918,-41.0067,-4.65355,-41.9236,-0.522438,16.4554,-28.9319,38.6665,-5.65552,26.508,-14.4988,21.6359,-20.2877,
2.4546,3.7371,5.47296,0.764977,0,0,-50,0.943361,-1.66582,2.22216,-0.326338,1.52386,-0.834631,1.24392,-1.16662,0,4.60368,0,-11.4652,0,-4.63883,0,1.24492,-43.5365,2.67574,-43.11,-6.64204,-43.5353,-2.69614,-43.6127,0.723992,-2.61679,3.11786,-1.72275,-8.72102,3.57991,-2.77043,2.40291,-1.76993,0.703376,-1.84059,2.19303,-1.21174,-6.13416,2.51802,-1.94866,1.69015,-1.24492,-45.3771,4.86876,-44.3217,-12.7762,-41.0172,-4.6448,-41.9225,-0.520932,16.4063,-28.9708,38.6463,-5.67545,26.5019,-14.5153,21.6334,-20.2891,
2.45512,3.73697,5.47288,0.764929,0,0,-50,0.940544,-1.66804,2.22101,-0.327443,1.52344,-0.835662,1.24379,-1.16671,0,4.64323,0,-11.4751,0,-4.64423,0,1.24133,-43.5351,2.6987,-43.1091,-6.64772,-43.5351,-2.69928,-43.6127,0.721902,-2.61648,3.14842,-1.73114,-8.73276,3.58161,-2.76515,2.41545,-1.77322,0.700041,-1.83165,2.20402,-1.21187,-6.1133,2.50728,-1.93572,1.69092,-1.24133,-45.3667,4.90272,-44.321,-12.761,-41.0278,-4.635,-41.9218,-0.519428,16.3573,-29.0095,38.6263,-5.69466,26.4945,-14.5332,21.6311,-20.2907,
2.45564,3.73685,5.4728,0.764881,0,0,-50,0.93782,-1.67018,2.21984,-0.328584,1.52311,-0.83659,1.24365,-1.1668,0,4.68187,0,-11.4841,0,-4.65053,0,1.23774,-43.5337,2.72113,-43.1083,-6.65288,-43.5348,-2.70293,-43.6127,0.719812,-2.61606,3.17795,-1.73959,-8.74377,3.58306,-2.76066,2.428,-1.77635,0.696788,-1.82284,2.21435,-1.21213,-6.09255,2.49663,-1.92359,1.6918,-1.23774,-45.3565,4.93548,-44.3204,-12.7454,-41.0382,-4.62652,-41.9209,-0.517924,16.3099,-29.0466,38.6059,-5.7145,26.4888,-14.5494,21.6287,-20.2922,
2.45619,3.73673,5.47275,0.764845,0,0,-50,0.934712,-1.67283,2.21925,-0.329228,1.52262,-0.837506,1.24349,-1.1668,0,4.72322,0,-11.4931,0,-4.65414,0,1.23504,-43.5322,2.74512,-43.1075,-6.65805,-43.5347,-2.70503,-43.6127,0.718245,-2.61574,3.21028,-1.74803,-8.75474,3.58465,-2.75362,2.44053,-1.77865,0.69437,-1.81629,2.22912,-1.21378,-6.07903,2.48907,-1.91203,1.69463,-1.23504,-45.3485,4.97424,-44.3213,-12.7371,-41.0456,-4.61706,-41.9181,-0.516795,16.2559,-29.0926,38.5956,-5.72571,26.4803,-14.5653,21.6259,-20.2922,
2.45674,3.73662,5.47267,0.764809,0,0,-50,0.931638,-1.67544,2.21865,-0.329914,1.52235,-0.838189,1.24331,-1.16679,0,4.76458,0,-11.5012,0,-4.66043,0,1.23234,-43.5307,2.76913,-43.1068,-6.6627,-43.5345,-2.70868,-43.6128,0.716677,-2.6153,3.24187,-1.7571,-8.76508,3.586,-2.74838,2.45384,-1.78077,0.692031,-1.80987,2.24347,-1.21597,-6.06571,2.48163,-1.90197,1.69813,-1.23234,-45.3405,5.0126,-44.3228,-12.7284,-41.0529,-4.61065,-41.9146,-0.515667,16.2024,-29.1381,38.5851,-5.73764,26.4756,-14.5772,21.6227,-20.2919,
2.45731,3.7365,5.47258,0.764809,0,0,-50,0.92813,-1.67885,2.21963,-0.329236,1.52228,-0.838185,1.24305,-1.16653,0,4.8069,0,-11.5102,0,-4.66673,0,1.23234,-43.5291,2.79369,-43.106,-6.66787,-43.5342,-2.71233,-43.6128,0.716677,-2.61561,3.27437,-1.76639,-8.77555,3.58833,-2.74296,2.46734,-1.78111,0.691896,-1.80973,2.26552,-1.22216,-6.07176,2.48275,-1.89784,1.70714,-1.23234,-45.3388,5.05922,-44.3282,-12.7396,-41.0515,-4.61018,-41.9056,-0.515667,16.1414,-29.1974,38.6023,-5.72585,26.4744,-14.5771,21.6182,-20.2874,
2.45784,3.73641,5.47251,0.764797,0,0,-50,0.924882,-1.6819,2.22004,-0.329064,1.5221,-0.83844,1.24282,-1.16636,0,4.84726,0,-11.5174,0,-4.67209,0,1.23145,-43.5276,2.81712,-43.1054,-6.672,-43.5341,-2.71545,-43.6128,0.716155,-2.61546,3.30536,-1.77517,-8.78469,3.58986,-2.73725,2.48008,-1.78173,0.691151,-1.80768,2.2845,-1.22691,-6.07154,2.48113,-1.89185,1.71411,-1.23145,-45.3353,5.10162,-44.3323,-12.7435,-41.0529,-4.6073,-41.8987,-0.515291,16.0849,-29.2504,38.6094,-5.72286,26.4714,-14.5816,21.6142,-20.2844,
2.45842,3.73627,5.47245,0.764797,0,0,-50,0.921289,-1.68538,2.22106,-0.328331,1.52187,-0.838595,1.24257,-1.16611,0,4.89041,0,-11.5273,0,-4.6766,0,1.23145,-43.526,2.84216,-43.1045,-6.67768,-43.5339,-2.71806,-43.6128,0.716155,-2.61583,3.33904,-1.78414,-8.79588,3.59241,-2.73044,2.49332,-1.7822,0.690968,-1.80746,2.30717,-1.23278,-6.07767,2.48224,-1.88665,1.72281,-1.23145,-45.3334,5.14933,-44.3373,-12.7554,-41.0517,-4.60471,-41.89,-0.515291,16.0224,-29.311,38.6272,-5.71011,26.4674,-14.5843,21.6099,-20.2801,
2.45898,3.73618,5.47237,0.764797,0,0,-50,0.917763,-1.68882,2.22203,-0.327697,1.52183,-0.838552,1.2423,-1.16583,0,4.93264,0,-11.5344,0,-4.68289,0,1.23145,-43.5244,2.86667,-43.1038,-6.68181,-43.5337,-2.72172,-43.6128,0.716155,-2.61584,3.37129,-1.7935,-8.805,3.59416,-2.72491,2.50684,-1.78209,0.691014,-1.80758,2.32961,-1.23933,-6.08437,2.48361,-1.88295,1.73226,-1.23145,-45.3319,5.19628,-44.3432,-12.7662,-41.05,-4.60467,-41.8805,-0.515291,15.9611,-29.3708,38.6441,-5.69909,26.4665,-14.5835,21.6052,-20.2754,
2.45956,3.73608,5.47231,0.764809,0,0,-50,0.913999,-1.69262,2.22355,-0.326595,1.5217,-0.838421,1.242,-1.16548,0,4.97579,0,-11.5416,0,-4.6874,0,1.23234,-43.5227,2.89171,-43.1032,-6.68594,-43.5335,-2.72433,-43.6128,0.716677,-2.61599,3.40472,-1.80267,-8.81394,3.59609,-2.7179,2.52009,-1.78124,0.691847,-1.80986,2.35554,-1.24717,-6.09789,2.48794,-1.88037,1.74352,-1.23234,-45.3326,5.24725,-44.3504,-12.7838,-41.0456,-4.6047,-41.8693,-0.515667,15.8956,-29.4369,38.6705,-5.67991,26.4643,-14.5812,21.6,-20.2693,
2.46015,3.73596,5.47224,0.764821,0,0,-50,0.910189,-1.69645,2.22511,-0.325431,1.52161,-0.838261,1.24171,-1.16513,0,5.01983,0,-11.5506,0,-4.69276,0,1.23324,-43.521,2.91727,-43.1024,-6.69111,-43.5333,-2.72745,-43.6128,0.7172,-2.61639,3.43882,-1.81205,-8.82436,3.5986,-2.7114,2.53384,-1.78079,0.692526,-1.81192,2.38147,-1.25489,-6.1111,2.49212,-1.87772,1.75475,-1.23324,-45.3329,5.29874,-44.3573,-12.8022,-41.0412,-4.60516,-41.858,-0.516043,15.8294,-29.5035,38.6976,-5.65966,26.4627,-14.5784,21.5949,-20.2631,
2.46074,3.73587,5.47218,0.764833,0,0,-50,0.906256,-1.70042,2.22668,-0.324298,1.52146,-0.83814,1.24139,-1.16476,0,5.06477,0,-11.5578,0,-4.69727,0,1.23414,-43.5192,2.94334,-43.1018,-6.69524,-43.5331,-2.73006,-43.6128,0.717722,-2.61646,3.47364,-1.82155,-8.83348,3.6005,-2.70395,2.54761,-1.77983,0.693402,-1.81426,2.40863,-1.26307,-6.12515,2.49659,-1.87493,1.76652,-1.23414,-45.3335,5.35197,-44.3648,-12.8204,-41.0365,-4.60499,-41.8462,-0.516419,15.761,-29.5725,38.7249,-5.63996,26.4602,-14.5764,21.5895,-20.2568,
2.46133,3.73575,5.47213,0.764869,0,0,-50,0.902137,-1.7048,2.2293,-0.322222,1.52137,-0.837648,1.24105,-1.16425,0,5.10881,0,-11.5668,0,-4.70088,0,1.23684,-43.5175,2.9689,-43.101,-6.70041,-43.533,-2.73216,-43.6127,0.71929,-2.61723,3.50823,-1.83058,-8.84344,3.60343,-2.69622,2.56084,-1.77804,0.695617,-1.82059,2.44038,-1.27338,-6.15165,2.50661,-1.87554,1.78136,-1.23684,-45.3381,5.40928,-44.3743,-12.8521,-41.0264,-4.6077,-41.8314,-0.517547,15.6893,-29.6488,38.7705,-5.60386,26.4586,-14.5678,21.5835,-20.2479,
2.46193,3.73561,5.47207,0.764905,0,0,-50,0.897949,-1.70925,2.23197,-0.320107,1.52132,-0.83711,1.2407,-1.16373,0,5.15376,0,-11.5767,0,-4.70535,0,1.23953,-43.5157,2.99498,-43.1001,-6.70609,-43.5328,-2.73475,-43.6127,0.720857,-2.61812,3.54341,-1.8399,-8.8542,3.60665,-2.68893,2.57457,-1.77643,0.697767,-1.82684,2.47247,-1.28382,-6.17817,2.5166,-1.87625,1.79645,-1.23953,-45.3426,5.46745,-44.3839,-12.8843,-41.0162,-4.611,-41.8163,-0.518676,15.6165,-29.7261,38.8168,-5.56708,26.4578,-14.5584,21.5774,-20.2389,
2.46255,3.7355,5.47202,0.764941,0,0,-50,0.893563,-1.7139,2.23467,-0.317983,1.5212,-0.836636,1.24033,-1.1632,0,5.20049,0,-11.5857,0,-4.70896,0,1.24223,-43.5138,3.02209,-43.0993,-6.71125,-43.5327,-2.73685,-43.6127,0.722425,-2.61878,3.58009,-1.84943,-8.8644,3.60953,-2.68054,2.58857,-1.77448,0.700053,-1.83328,2.50625,-1.2947,-6.20555,2.52686,-1.87652,1.81214,-1.24223,-45.3471,5.52834,-44.394,-12.9168,-41.0059,-4.61337,-41.8005,-0.519804,15.5402,-29.8069,38.8638,-5.53014,26.4557,-14.5502,21.571,-20.2296,
2.46317,3.73536,5.47199,0.764977,0,0,-50,0.889241,-1.71848,2.23738,-0.315826,1.521,-0.836245,1.23998,-1.16268,0,5.24634,0,-11.5956,0,-4.71164,0,1.24492,-43.512,3.04869,-43.0984,-6.71694,-43.5326,-2.73841,-43.6127,0.723992,-2.61957,3.61641,-1.85849,-8.87522,3.6127,-2.67178,2.60207,-1.77276,0.702251,-1.8396,2.53963,-1.30513,-6.23263,2.53702,-1.87626,1.82731,-1.24492,-45.3516,5.58832,-44.4035,-12.9496,-40.9956,-4.61467,-41.7853,-0.520932,15.4651,-29.8865,38.9109,-5.49263,26.4522,-14.5434,21.5648,-20.2205,
2.46379,3.73521,5.47195,0.765013,0,0,-50,0.884854,-1.7231,2.24013,-0.313596,1.52077,-0.835889,1.23963,-1.16216,0,5.29308,0,-11.6073,0,-4.71436,0,1.24762,-43.5101,3.07581,-43.0973,-6.72366,-43.5325,-2.73998,-43.6126,0.725563,-2.6206,3.65362,-1.86758,-8.88751,3.61642,-2.66296,2.61584,-1.77142,0.704306,-1.8457,2.57326,-1.31535,-6.25953,2.54707,-1.87554,1.84235,-1.24762,-45.3558,5.64907,-44.4127,-12.9832,-40.9854,-4.61552,-41.7703,-0.522062,15.3888,-29.967,38.9588,-5.45384,26.4482,-14.5372,21.5588,-20.2115,
2.46442,3.73506,5.47193,0.765049,0,0,-50,0.880345,-1.72786,2.24291,-0.311367,1.52047,-0.835598,1.23927,-1.16163,0,5.34071,0,-11.618,0,-4.71615,0,1.25032,-43.5081,3.10344,-43.0964,-6.72985,-43.5325,-2.74102,-43.6126,0.72713,-2.62142,3.69165,-1.87669,-8.89917,3.61983,-2.65321,2.62961,-1.76979,0.706478,-1.85198,2.60807,-1.32584,-6.28707,2.55733,-1.87443,1.85776,-1.25032,-45.3601,5.71151,-44.4222,-13.0169,-40.9751,-4.61545,-41.7548,-0.52319,15.3104,-30.0497,39.0071,-5.41508,26.443,-14.5321,21.5525,-20.2023,
2.46507,3.73491,5.47191,0.765109,0,0,-50,0.875441,-1.73325,2.2468,-0.30818,1.52021,-0.834931,1.23885,-1.16094,0,5.38924,0,-11.6297,0,-4.71704,0,1.25481,-43.5061,3.13159,-43.0953,-6.73656,-43.5324,-2.74154,-43.6126,0.729743,-2.62275,3.73076,-1.88576,-8.91115,3.62395,-2.64266,2.64335,-1.76702,0.710129,-1.86249,2.64932,-1.33913,-6.32806,2.57347,-1.87663,1.87712,-1.25481,-45.3686,5.78091,-44.4345,-13.0646,-40.9589,-4.61817,-41.7354,-0.52507,15.2251,-30.1435,39.0748,-5.35965,26.4384,-14.5205,21.5452,-20.1902,
2.46573,3.73475,5.47189,0.765169,0,0,-50,0.870442,-1.73874,2.25074,-0.304971,1.52,-0.8342,1.23842,-1.16022,0,5.43869,0,-11.6414,0,-4.71883,0,1.25931,-43.504,3.16027,-43.0943,-6.74328,-43.5324,-2.74258,-43.6125,0.732355,-2.62405,3.77036,-1.89519,-8.92325,3.62808,-2.63252,2.6576,-1.76421,0.713807,-1.87306,2.69131,-1.3528,-6.36948,2.58975,-1.87911,1.89701,-1.25931,-45.3771,5.85158,-44.4471,-13.1128,-40.9426,-4.62169,-41.7155,-0.52695,15.1381,-30.239,39.1432,-5.30384,26.4348,-14.5078,21.5377,-20.1778,
2.46639,3.73458,5.47187,0.765217,0,0,-50,0.865591,-1.74395,2.25416,-0.302175,1.51971,-0.833719,1.23802,-1.1596,0,5.48811,0,-11.654,0,-4.72062,0,1.2629,-43.5019,3.18894,-43.0931,-6.75051,-43.5323,-2.74362,-43.6125,0.734448,-2.62524,3.81001,-1.90448,-8.93627,3.63226,-2.62246,2.67188,-1.76224,0.716647,-1.88137,2.73044,-1.36484,-6.40415,2.60305,-1.87938,1.9148,-1.2629,-45.3833,5.91937,-44.458,-13.1547,-40.9292,-4.62299,-41.6977,-0.528456,15.0538,-30.3296,39.2027,-5.25522,26.4298,-14.4995,21.5307,-20.167,
2.46714,3.7344,5.47187,0.765277,0,0,-50,0.859894,-1.75012,2.25832,-0.298778,1.51925,-0.833217,1.23754,-1.15885,0,5.54474,0,-11.6675,0,-4.72062,0,1.2674,-43.4995,3.22179,-43.0919,-6.75826,-43.5323,-2.74362,-43.6124,0.73706,-2.6265,3.85587,-1.91474,-8.95035,3.63681,-2.60943,2.68768,-1.75944,0.720342,-1.89198,2.77755,-1.37927,-6.44732,2.61975,-1.87968,1.93605,-1.2674,-45.3915,5.99933,-44.4712,-13.2056,-40.9125,-4.6233,-41.6764,-0.530337,14.9547,-30.4368,39.275,-5.19614,26.4218,-14.4907,21.5225,-20.1539,
2.46778,3.73422,5.47187,0.765325,0,0,-50,0.855151,-1.75521,2.26174,-0.295941,1.51883,-0.832883,1.23716,-1.15825,0,5.59238,0,-11.681,0,-4.72062,0,1.27099,-43.4975,3.24941,-43.0907,-6.76601,-43.5323,-2.74362,-43.6124,0.73915,-2.62782,3.89467,-1.92317,-8.96389,3.64128,-2.59863,2.70099,-1.75771,0.723094,-1.90016,2.81621,-1.39063,-6.48174,2.63299,-1.87905,1.95307,-1.27099,-45.3976,6.06562,-44.4813,-13.2477,-40.8993,-4.62267,-41.6593,-0.531841,14.8722,-30.5254,39.3345,-5.1468,26.4144,-14.4849,21.5159,-20.1434,
2.46847,3.73403,5.47187,0.765385,0,0,-50,0.849828,-1.761,2.26584,-0.292543,1.5184,-0.832363,1.23672,-1.15753,0,5.64452,0,-11.6953,0,-4.72062,0,1.27549,-43.4952,3.27965,-43.0894,-6.77427,-43.5323,-2.74362,-43.6124,0.741765,-2.62931,3.93711,-1.93242,-8.9783,3.64619,-2.58678,2.71554,-1.75531,0.726643,-1.91057,2.86088,-1.40418,-6.52402,2.64948,-1.87967,1.97323,-1.27549,-45.4058,6.14053,-44.4936,-13.2983,-40.8828,-4.62328,-41.6391,-0.533723,14.7796,-30.6261,39.4059,-5.08771,26.4069,-14.4759,21.5082,-20.1309,
2.46916,3.73383,5.47188,0.765444,0,0,-50,0.844566,-1.76673,2.26994,-0.289111,1.51789,-0.831927,1.2363,-1.15682,0,5.69575,0,-11.7106,0,-4.71973,0,1.27998,-43.4929,3.30936,-43.088,-6.78304,-43.5323,-2.7431,-43.6123,0.744378,-2.63093,3.97916,-1.9412,-8.99332,3.65138,-2.5746,2.72961,-1.75315,0.730103,-1.92085,2.9052,-1.41728,-6.56605,2.66588,-1.87972,1.99289,-1.27998,-45.4138,6.21456,-44.5053,-13.3491,-40.8664,-4.62282,-41.6194,-0.535603,14.6881,-30.7257,39.4773,-5.02802,26.3981,-14.4683,21.5008,-20.1186,
2.46988,3.73363,5.47191,0.765516,0,0,-50,0.838831,-1.77305,2.27469,-0.285145,1.51727,-0.831419,1.23582,-1.15601,0,5.74968,0,-11.7259,0,-4.71704,0,1.28537,-43.4905,3.34064,-43.0866,-6.79182,-43.5324,-2.74154,-43.6123,0.747513,-2.63262,4.02379,-1.95013,-9.00834,3.65673,-2.5605,2.74392,-1.75016,0.734429,-1.93347,2.95519,-1.43223,-6.61599,2.68561,-1.88051,2.01521,-1.28537,-45.424,6.29583,-44.5189,-13.4078,-40.8468,-4.62205,-41.597,-0.537859,14.5884,-30.8357,39.5598,-4.95904,26.3873,-14.4595,21.4925,-20.1045,
2.47061,3.73341,5.47194,0.765576,0,0,-50,0.833183,-1.77915,2.27894,-0.281592,1.51663,-0.831099,1.23537,-1.15528,0,5.8045,0,-11.7421,0,-4.71526,0,1.28987,-43.4881,3.37243,-43.0852,-6.80112,-43.5325,-2.7405,-43.6122,0.750128,-2.63418,4.06898,-1.95929,-9.02438,3.66215,-2.54689,2.75877,-1.74798,0.737919,-1.94381,3.00258,-1.4458,-6.65926,2.70237,-1.8794,2.03575,-1.28987,-45.4319,6.375,-44.531,-13.4604,-40.8301,-4.6199,-41.5765,-0.539741,14.4901,-30.9418,39.6337,-4.89725,26.3762,-14.4539,21.4847,-20.0918,
2.47133,3.73317,5.47197,0.765636,0,0,-50,0.827614,-1.78516,2.28319,-0.277982,1.5159,-0.830884,1.23494,-1.15457,0,5.85843,0,-11.7601,0,-4.71254,0,1.29436,-43.4857,3.4037,-43.0835,-6.81144,-43.5326,-2.73892,-43.6122,0.75274,-2.636,4.11389,-1.9679,-9.04171,3.66812,-2.53298,2.77312,-1.74625,0.741225,-1.95387,3.04932,-1.45866,-6.70194,2.71891,-1.87751,2.05551,-1.29436,-45.4395,6.45301,-44.5422,-13.5134,-40.8137,-4.61643,-41.5567,-0.541621,14.3933,-31.0462,39.7077,-4.83448,26.3635,-14.4501,21.4772,-20.0795,
2.47213,3.73293,5.47203,0.765696,0,0,-50,0.821403,-1.7918,2.28763,-0.274249,1.51495,-0.830858,1.23446,-1.15382,0,5.91866,0,-11.778,0,-4.70807,0,1.29885,-43.4829,3.43861,-43.0819,-6.82177,-43.5327,-2.73633,-43.6121,0.755353,-2.63753,4.16415,-1.97732,-9.05958,3.67398,-2.5163,2.78879,-1.74413,0.7447,-1.96417,3.10105,-1.47251,-6.74667,2.73601,-1.87389,2.07681,-1.29885,-45.4471,6.53966,-44.5544,-13.5684,-40.7967,-4.61022,-41.5353,-0.543502,14.2853,-31.1618,39.7849,-4.76955,26.347,-14.4497,21.4689,-20.0664,
2.47279,3.7327,5.47207,0.76578,0,0,-50,0.815815,-1.7981,2.29294,-0.269742,1.51439,-0.830122,1.23398,-1.15294,0,5.96808,0,-11.7951,0,-4.70535,0,1.30515,-43.4806,3.46727,-43.0804,-6.83158,-43.5328,-2.73475,-43.6121,0.759013,-2.63975,4.2055,-1.98514,-9.07542,3.68021,-2.50344,2.80184,-1.7411,0.749613,-1.97879,3.15249,-1.48809,-6.80305,2.75873,-1.87661,2.10029,-1.30515,-45.4594,6.61976,-44.5684,-13.6346,-40.7741,-4.61136,-41.5118,-0.546136,14.1881,-31.2713,39.8773,-4.69116,26.3372,-14.4369,21.4606,-20.0512,
2.47354,3.73243,5.47213,0.76584,0,0,-50,0.809936,-1.80439,2.29735,-0.265951,1.51344,-0.830125,1.23355,-1.15223,0,6.02471,0,-11.8158,0,-4.70088,0,1.30964,-43.478,3.5001,-43.0785,-6.84345,-43.533,-2.73216,-43.612,0.761625,-2.64175,4.25325,-1.99358,-9.09507,3.68699,-2.48786,2.8165,-1.73978,0.752761,-1.9886,3.20168,-1.50069,-6.84642,2.77542,-1.87276,2.12015,-1.30964,-45.4666,6.70178,-44.5792,-13.6899,-40.7576,-4.60492,-41.4919,-0.548016,14.0858,-31.3808,39.9539,-4.62524,26.3206,-14.437,21.453,-20.0388,
2.47436,3.73214,5.47219,0.765936,0,0,-50,0.803054,-1.81207,2.30362,-0.260613,1.51258,-0.829478,1.23298,-1.15121,0,6.08583,0,-11.8374,0,-4.69637,0,1.31683,-43.4751,3.53553,-43.0765,-6.85585,-43.5332,-2.72954,-43.6119,0.765805,-2.64433,4.3047,-2.00288,-9.11518,3.69468,-2.4712,2.83237,-1.73651,0.75832,-2.00525,3.26434,-1.51882,-6.91223,2.80175,-1.87396,2.14785,-1.31683,-45.4804,6.79987,-44.5953,-13.7681,-40.7314,-4.60351,-41.4641,-0.551024,13.9662,-31.5142,40.0629,-4.53241,26.3057,-14.4257,21.443,-20.021,
2.47505,3.73185,5.47227,0.766008,0,0,-50,0.797337,-1.81833,2.30854,-0.256329,1.51156,-0.829381,1.23255,-1.15045,0,6.13796,0,-11.8589,0,-4.69008,0,1.32223,-43.4727,3.56574,-43.0745,-6.86823,-43.5334,-2.72589,-43.6119,0.768943,-2.64674,4.34952,-2.00995,-9.13489,3.70202,-2.45554,2.84525,-1.73494,0.762117,-2.01713,3.31484,-1.53182,-6.96185,2.82137,-1.87141,2.16841,-1.32223,-45.4898,6.88058,-44.6063,-13.8301,-40.712,-4.59729,-41.4435,-0.553283,13.8667,-31.6231,40.1484,-4.4579,26.288,-14.424,21.4356,-20.0078,
2.4759,3.73155,5.47234,0.766092,0,0,-50,0.790311,-1.82601,2.31437,-0.251343,1.51051,-0.829085,1.23199,-1.1495,0,6.20178,0,-11.8814,0,-4.68468,0,1.32852,-43.4696,3.60273,-43.0725,-6.88114,-43.5336,-2.72275,-43.6118,0.7726,-2.64905,4.40338,-2.01939,-9.15618,3.70972,-2.43768,2.8617,-1.73232,0.766901,-2.03156,3.37696,-1.54867,-7.02189,2.84499,-1.86946,2.19464,-1.32852,-45.5012,6.97969,-44.6211,-13.903,-40.6886,-4.59221,-41.4172,-0.555915,13.7445,-31.7566,40.25,-4.37118,26.2697,-14.4189,21.4259,-19.9913,
2.47662,3.73123,5.47242,0.766176,0,0,-50,0.784233,-1.83273,2.31998,-0.24644,1.50955,-0.828751,1.23152,-1.14864,0,6.25571,0,-11.9057,0,-4.67928,0,1.33481,-43.467,3.63399,-43.0702,-6.89507,-43.5338,-2.71962,-43.6118,0.77626,-2.65196,4.44971,-2.02676,-9.17795,3.71814,-2.4224,2.87533,-1.73064,0.771282,-2.04541,3.43198,-1.5632,-7.07879,2.86774,-1.86836,2.21769,-1.33481,-45.5124,7.06597,-44.6334,-13.9739,-40.6661,-4.58798,-41.3941,-0.558549,13.6388,-31.8736,40.3475,-4.28592,26.253,-14.4131,21.4177,-19.9763,
2.47742,3.73091,5.47251,0.766247,0,0,-50,0.777773,-1.8397,2.32518,-0.241902,1.50831,-0.828843,1.23105,-1.14783,0,6.31504,0,-11.9299,0,-4.67209,0,1.3402,-43.4641,3.66837,-43.068,-6.90901,-43.5341,-2.71545,-43.6117,0.779395,-2.65438,4.50069,-2.03469,-9.20043,3.72623,-2.40456,2.89005,-1.72925,0.775017,-2.05719,3.48811,-1.57692,-7.13048,2.88789,-1.86357,2.23984,-1.3402,-45.5213,7.15648,-44.6449,-14.0395,-40.6462,-4.57902,-41.3719,-0.560805,13.5265,-31.9948,40.4379,-4.20699,26.2315,-14.4147,21.4095,-19.9623,
2.47828,3.73056,5.47258,0.766343,0,0,-50,0.770417,-1.84781,2.33174,-0.236237,1.50723,-0.828393,1.23045,-1.14679,0,6.37975,0,-11.956,0,-4.66673,0,1.34739,-43.4609,3.70587,-43.0656,-6.92398,-43.5342,-2.71233,-43.6116,0.783578,-2.65728,4.55567,-2.04392,-9.22439,3.73531,-2.3868,2.90679,-1.72674,0.780312,-2.07351,3.55485,-1.5949,-7.1979,2.91471,-1.86245,2.26821,-1.34739,-45.5345,7.26072,-44.6605,-14.1219,-40.6195,-4.57478,-41.3434,-0.563816,13.3986,-32.1359,40.552,-4.10847,26.2127,-14.4068,21.3992,-19.9442,
2.47901,3.73021,5.47268,0.766439,0,0,-50,0.763944,-1.85505,2.33806,-0.230692,1.50611,-0.828026,1.22995,-1.14584,0,6.43457,0,-11.982,0,-4.6595,0,1.35458,-43.4582,3.73764,-43.0632,-6.93894,-43.5345,-2.70814,-43.6115,0.787758,-2.66049,4.6034,-2.05085,-9.24742,3.74451,-2.37018,2.92019,-1.72471,0.785395,-2.08954,3.61548,-1.61073,-7.26288,2.94092,-1.86153,2.29351,-1.35458,-45.5478,7.35313,-44.6739,-14.2018,-40.5936,-4.56967,-41.318,-0.566824,13.286,-32.2618,40.6619,-4.01203,26.1931,-14.4004,21.3904,-19.9276,
2.47991,3.72983,5.47276,0.766547,0,0,-50,0.756064,-1.8638,2.34538,-0.224344,1.50491,-0.827493,1.22931,-1.14469,0,6.50199,0,-12.0108,0,-4.65324,0,1.36267,-43.4549,3.7767,-43.0605,-6.95546,-43.5347,-2.70451,-43.6115,0.792463,-2.66379,4.66105,-2.06013,-9.27351,3.75464,-2.35135,2.93746,-1.72199,0.791334,-2.10795,3.68845,-1.63025,-7.33845,2.97117,-1.8607,2.32452,-1.36267,-45.5628,7.46515,-44.6908,-14.2939,-40.5636,-4.56521,-41.2869,-0.57021,13.1489,-32.4139,40.7891,-3.90164,26.1724,-14.3912,21.3792,-19.9077,
2.48065,3.72945,5.47285,0.766667,0,0,-50,0.749035,-1.87185,2.353,-0.217682,1.5039,-0.826627,1.22871,-1.14354,0,6.5577,0,-12.0387,0,-4.64695,0,1.37166,-43.452,3.80899,-43.0579,-6.97145,-43.535,-2.70085,-43.6114,0.797688,-2.6676,4.70951,-2.06727,-9.29762,3.7649,-2.33531,2.95136,-1.71906,0.797914,-2.12852,3.75778,-1.6495,-7.41871,3.00406,-1.86338,2.35493,-1.37166,-45.5805,7.56677,-44.7074,-14.3902,-40.5309,-4.56423,-41.2564,-0.573971,13.0267,-32.5538,40.9217,-3.78578,26.1548,-14.3761,21.3688,-19.8876,
2.48155,3.72905,5.47293,0.766775,0,0,-50,0.741086,-1.88065,2.36041,-0.211211,1.50265,-0.826139,1.22806,-1.14239,0,6.62512,0,-12.0692,0,-4.64065,0,1.37975,-43.4486,3.84804,-43.0551,-6.989,-43.5352,-2.6972,-43.6113,0.802393,-2.67107,4.76739,-2.0763,-9.32513,3.77561,-2.31661,2.96866,-1.71672,0.803714,-2.14678,3.83162,-1.66875,-7.49474,3.03451,-1.86189,2.38595,-1.37975,-45.5954,7.67966,-44.7239,-14.4837,-40.5007,-4.55909,-41.2253,-0.577357,12.8884,-32.7069,41.0506,-3.67323,26.133,-14.3676,21.3576,-19.8677,
2.48239,3.72862,5.47304,0.766906,0,0,-50,0.733089,-1.88976,2.36895,-0.20371,1.50136,-0.82534,1.2274,-1.14111,0,6.68804,0,-12.1016,0,-4.63254,0,1.38963,-43.4453,3.88449,-43.0521,-7.00758,-43.5355,-2.69249,-43.6112,0.80814,-2.67532,4.82247,-2.08397,-9.35315,3.78741,-2.29788,2.98412,-1.71374,0.810879,-2.16936,3.91044,-1.68985,-7.58427,3.07113,-1.8633,2.41976,-1.38963,-45.6147,7.79493,-44.7419,-14.5918,-40.4643,-4.55579,-41.1914,-0.581494,12.7494,-32.8653,41.1992,-3.54278,26.1106,-14.3537,21.346,-19.8454,
2.48313,3.72816,5.47314,0.767026,0,0,-50,0.72605,-1.89776,2.37671,-0.196774,1.50016,-0.824681,1.22684,-1.14,0,6.74376,0,-12.1358,0,-4.62535,0,1.39862,-43.4424,3.91677,-43.0489,-7.02718,-43.5357,-2.68832,-43.6111,0.813367,-2.6799,4.87187,-2.09028,-9.38213,3.79969,-2.28174,2.99779,-1.71223,0.816842,-2.18905,3.97955,-1.70743,-7.66371,3.10374,-1.86382,2.44872,-1.39862,-45.6315,7.89632,-44.7563,-14.6909,-40.432,-4.55214,-41.1624,-0.585256,12.627,-33.0045,41.3341,-3.42216,26.0897,-14.3423,21.3363,-19.826,
2.48407,3.72769,5.47322,0.767158,0,0,-50,0.717309,-1.90759,2.38559,-0.188998,1.49886,-0.823842,1.2261,-1.13864,0,6.81387,0,-12.1708,0,-4.61905,0,1.40851,-43.4388,3.95738,-43.0456,-7.0473,-43.536,-2.68466,-43.611,0.819117,-2.68418,4.93244,-2.09937,-9.41296,3.81228,-2.26275,3.01586,-1.70947,0.823948,-2.21163,4.06408,-1.72977,-7.75579,3.14112,-1.86439,2.48492,-1.40851,-45.6504,8.02145,-44.7754,-14.8031,-40.3948,-4.54905,-41.1261,-0.589395,12.4749,-33.1755,41.4884,-3.28693,26.0672,-14.3277,21.3235,-19.8025,
2.48492,3.72721,5.47332,0.767302,0,0,-50,0.708905,-1.91722,2.39494,-0.180745,1.49758,-0.822817,1.22538,-1.13726,0,6.87769,0,-12.2068,0,-4.61187,0,1.41929,-43.4354,3.99434,-43.0422,-7.06793,-43.5362,-2.68049,-43.6109,0.825387,-2.689,4.98845,-2.10701,-9.44369,3.8255,-2.24476,3.03186,-1.70661,0.831645,-2.2363,4.14863,-1.75229,-7.8538,3.18146,-1.86685,2.52144,-1.41929,-45.6717,8.14296,-44.7945,-14.9217,-40.3548,-4.54734,-41.0894,-0.593908,12.3288,-33.3429,41.6511,-3.14339,26.0449,-14.3099,21.311,-19.7784,
2.48577,3.72667,5.47342,0.767482,0,0,-50,0.699811,-1.92791,2.40623,-0.170759,1.49628,-0.821248,1.22457,-1.13561,0,6.94151,0,-12.2472,0,-4.60378,0,1.43278,-43.432,4.0313,-43.0384,-7.09115,-43.5365,-2.6758,-43.6107,0.833227,-2.69504,5.04529,-2.11414,-9.47719,3.84084,-2.2265,3.04754,-1.70288,0.841387,-2.26757,4.24504,-1.77881,-7.97398,3.23163,-1.87335,2.56416,-1.43278,-45.6995,8.27633,-44.8172,-15.0651,-40.3049,-4.54915,-41.0465,-0.59955,12.1706,-33.5289,41.8475,-2.96972,26.0223,-14.2826,21.2969,-19.7497,
2.48659,3.7262,5.47352,0.767662,0,0,-50,0.690677,-1.93871,2.41758,-0.160819,1.49509,-0.819499,1.22371,-1.1339,0,7.00352,0,-12.2832,0,-4.5966,0,1.44626,-43.4286,4.06721,-43.035,-7.11177,-43.5368,-2.67162,-43.6106,0.841067,-2.70048,5.1,-2.12146,-9.50712,3.8548,-2.20897,3.06298,-1.69816,0.851662,-2.29989,4.34347,-1.80677,-8.09686,3.28298,-1.8813,2.60863,-1.44626,-45.7285,8.41068,-44.8418,-15.2086,-40.2538,-4.55292,-41.0019,-0.605193,12.0118,-33.7168,42.0449,-2.79684,26.0016,-14.2522,21.2819,-19.7201,
2.48747,3.72561,5.47362,0.767817,0,0,-50,0.681846,-1.94884,2.42782,-0.151646,1.49367,-0.81842,1.22297,-1.13245,0,7.06913,0,-12.3272,0,-4.58941,0,1.45795,-43.425,4.1052,-43.0308,-7.13704,-43.537,-2.66745,-43.6104,0.847862,-2.70642,5.15838,-2.12864,-9.54406,3.87083,-2.19122,3.0795,-1.69643,0.859421,-2.32596,4.43322,-1.8294,-8.20237,3.32667,-1.88318,2.64659,-1.45795,-45.751,8.53842,-44.8602,-15.3394,-40.2103,-4.55063,-40.9638,-0.610084,11.8582,-33.8928,42.2229,-2.63732,25.977,-14.2334,21.2691,-19.6947,
2.48833,3.72509,5.4737,0.768021,0,0,-50,0.67182,-1.9608,2.44072,-0.140364,1.49251,-0.816192,1.22198,-1.13051,0,7.13384,0,-12.3659,0,-4.58311,0,1.47322,-43.4215,4.14266,-43.0271,-7.15922,-43.5372,-2.6638,-43.6102,0.856746,-2.71247,5.21537,-2.1364,-9.57596,3.88612,-2.17388,3.09596,-1.6909,0.871266,-2.36328,4.54398,-1.86137,-8.34321,3.38584,-1.89402,2.6974,-1.47322,-45.7848,8.68664,-44.8885,-15.5024,-40.1514,-4.55782,-40.9128,-0.616479,11.6838,-34.101,42.4474,-2.44111,25.9568,-14.1946,21.2519,-19.661,
2.48912,3.72452,5.47379,0.768225,0,0,-50,0.662382,-1.97215,2.45353,-0.12901,1.49128,-0.814087,1.22108,-1.12866,0,7.19317,0,-12.409,0,-4.57592,0,1.4885,-43.4182,4.17701,-43.023,-7.18397,-43.5375,-2.65962,-43.6101,0.865631,-2.71932,5.2689,-2.14255,-9.61078,3.90292,-2.15761,3.1106,-1.68674,0.882476,-2.39973,4.64968,-1.89075,-8.48128,3.44424,-1.90404,2.74503,-1.4885,-45.8179,8.82669,-44.9137,-15.6653,-40.0933,-4.56366,-40.865,-0.622874,11.5197,-34.2982,42.6701,-2.24365,25.9352,-14.158,21.2362,-19.6288,
2.49008,3.72392,5.4739,0.768429,0,0,-50,0.651529,-1.98489,2.46688,-0.117232,1.48973,-0.812196,1.22006,-1.12669,0,7.26507,0,-12.4539,0,-4.56784,0,1.50378,-43.4142,4.21863,-43.0187,-7.20975,-43.5378,-2.65493,-43.6099,0.874515,-2.72575,5.33269,-2.15058,-9.64819,3.92012,-2.13779,3.12867,-1.68221,0.893936,-2.43665,4.76709,-1.92248,-8.62486,3.50433,-1.91104,2.79683,-1.50378,-45.8508,8.98572,-44.9412,-15.8346,-40.0335,-4.56598,-40.8131,-0.629269,11.3309,-34.5199,42.9023,-2.03883,25.9083,-14.1251,21.2185,-19.5946,
2.49098,3.72332,5.474,0.768656,0,0,-50,0.640491,-1.99814,2.48155,-0.104334,1.48835,-0.809702,1.21896,-1.12453,0,7.33249,0,-12.4989,0,-4.56065,0,1.52086,-43.4104,4.25765,-43.0144,-7.23552,-43.538,-2.65076,-43.6097,0.884445,-2.73278,5.39283,-2.15801,-9.68478,3.93787,-2.11969,3.14565,-1.67666,0.907076,-2.47884,4.89171,-1.95748,-8.78483,3.57194,-1.92272,2.85334,-1.52086,-45.8892,9.14936,-44.9718,-16.0203,-39.9661,-4.57348,-40.7563,-0.636416,11.139,-34.7502,43.1573,-1.8145,25.8843,-14.0818,21.1994,-19.557,
2.49187,3.72264,5.47408,0.76886,0,0,-50,0.630234,-2.01024,2.49489,-0.0923824,1.4869,-0.807739,1.21802,-1.12264,0,7.39901,0,-12.5501,0,-4.55436,0,1.53615,-43.4066,4.29615,-43.0094,-7.2649,-43.5383,-2.64711,-43.6095,0.893332,-2.74026,5.45274,-2.16481,-9.72658,3.95721,-2.10299,3.16266,-1.67394,0.917681,-2.51468,5.00387,-1.9866,-8.9259,3.63146,-1.92987,2.90231,-1.53615,-45.9213,9.30003,-44.996,-16.1908,-39.9068,-4.57698,-40.7072,-0.642813,10.9606,-34.9607,43.3894,-1.60665,25.8592,-14.0476,21.183,-19.5242,
2.4928,3.72198,5.47418,0.7691,0,0,-50,0.618508,-2.0243,2.51056,-0.0785359,1.48539,-0.805109,1.21686,-1.12035,0,7.46912,0,-12.5995,0,-4.54717,0,1.55412,-43.4025,4.33673,-43.0046,-7.29325,-43.5385,-2.64293,-43.6093,0.903784,-2.74787,5.51558,-2.17225,-9.76672,3.97664,-2.08463,3.18043,-1.66863,0.931376,-2.5593,5.13707,-2.02318,-9.09649,3.70374,-1.94157,2.96218,-1.55412,-45.9618,9.4738,-45.0278,-16.3897,-39.8348,-4.58451,-40.6471,-0.650336,10.7567,-35.2052,43.6619,-1.36584,25.8329,-14.0019,21.1627,-19.4844,
2.49363,3.72137,5.47426,0.769327,0,0,-50,0.6077,-2.03736,2.52544,-0.06538,1.48404,-0.802493,1.21576,-1.11819,0,7.53113,0,-12.6454,0,-4.54088,0,1.5712,-43.3989,4.37261,-43.0001,-7.31953,-43.5387,-2.63928,-43.6091,0.913713,-2.7551,5.57144,-2.17867,-9.80356,3.99481,-2.06861,3.19615,-1.66358,0.94447,-2.60211,5.26205,-2.05768,-9.25917,3.77298,-1.95374,3.01867,-1.5712,-46.001,9.63467,-45.0578,-16.5787,-39.7658,-4.59302,-40.5904,-0.657484,10.5687,-35.4324,43.9208,-1.13704,25.8094,-13.9564,21.1436,-19.4468,
2.49465,3.72069,5.47433,0.769567,0,0,-50,0.595026,-2.0524,2.54168,-0.0510907,1.48249,-0.799756,1.21447,-1.11579,0,7.60752,0,-12.6957,0,-4.53548,0,1.58917,-43.3945,4.41682,-42.9952,-7.34839,-43.5389,-2.63614,-43.6089,0.924165,-2.76243,5.63888,-2.18741,-9.84512,4.01449,-2.05007,3.21631,-1.65807,0.95845,-2.64765,5.40459,-2.09653,-9.43605,3.84768,-1.96489,3.08267,-1.58917,-46.0421,9.8214,-45.0917,-16.7844,-39.6912,-4.60103,-40.5262,-0.665007,10.3483,-35.6938,44.2032,-0.888534,25.7824,-13.9088,21.1212,-19.405,
2.49558,3.72,5.47442,0.769819,0,0,-50,0.582645,-2.06729,2.55853,-0.0361886,1.48092,-0.796831,1.2132,-1.11335,0,7.67763,0,-12.7479,0,-4.52918,0,1.60805,-43.3903,4.45738,-42.9901,-7.37828,-43.5391,-2.63249,-43.6086,0.935139,-2.77042,5.70191,-2.19467,-9.88721,4.03507,-2.03261,3.23436,-1.6527,0.972982,-2.69557,5.54785,-2.13537,-9.62008,3.92605,-1.97769,3.14698,-1.60805,-46.0859,10.0052,-45.1255,-16.9984,-39.6131,-4.61019,-40.4617,-0.672907,10.133,-35.9529,44.4961,-0.629366,25.7552,-13.8579,21.0991,-19.3626,
2.49653,3.71923,5.47451,0.770034,0,0,-50,0.571162,-2.08076,2.57331,-0.0228605,1.4791,-0.794862,1.21214,-1.11129,0,7.74864,0,-12.8054,0,-4.52199,0,1.62423,-43.3861,4.49846,-42.9844,-7.41125,-43.5394,-2.62832,-43.6084,0.944549,-2.77836,5.76641,-2.20123,-9.93419,4.05669,-2.0148,3.2525,-1.65042,0.98413,-2.73427,5.6749,-2.1663,-9.77654,3.99231,-1.98283,3.20089,-1.62423,-46.1203,10.1734,-45.1507,-17.1878,-39.5471,-4.61114,-40.4075,-0.67968,9.93326,-36.1871,44.7532,-0.397573,25.7234,-13.8237,21.0808,-19.3268,
2.49749,3.71857,5.47459,0.770322,0,0,-50,0.557171,-2.09783,2.59283,-0.00579453,1.47757,-0.791029,1.21058,-1.10839,0,7.82054,0,-12.8548,0,-4.51659,0,1.6458,-43.3817,4.54005,-42.9795,-7.43957,-43.5396,-2.62518,-43.6082,0.95709,-2.7864,5.83043,-2.20921,-9.97382,4.07712,-1.99732,3.27133,-1.64235,1.0021,-2.79225,5.84268,-2.21385,-9.99476,4.08568,-2.00152,3.2782,-1.6458,-46.174,10.3827,-45.1934,-17.4343,-39.4539,-4.6267,-40.33,-0.688708,9.68993,-36.4841,45.0926,-0.100774,25.6969,-13.757,21.0536,-19.2763,
2.49846,3.71776,5.47467,0.770562,0,0,-50,0.544707,-2.11258,2.60938,0.00910623,1.47572,-0.788559,1.20939,-1.10608,0,7.89335,0,-12.9159,0,-4.5103,0,1.66377,-43.3773,4.58216,-42.9735,-7.4746,-43.5398,-2.62153,-43.6079,0.967542,-2.79502,5.89666,-2.21591,-10.0234,4.10038,-1.98002,3.29023,-1.63951,1.0148,-2.83639,5.98394,-2.2487,-10.1717,4.16107,-2.00933,3.33893,-1.66377,-46.2137,10.5661,-45.2222,-17.6463,-39.3787,-4.63086,-40.269,-0.696232,9.47317,-36.7405,45.3805,0.158369,25.6647,-13.7141,21.0329,-19.2361,
2.49944,3.717,5.47474,0.770849,0,0,-50,0.53043,-2.12989,2.62926,0.0266682,1.474,-0.784869,1.20784,-1.10319,0,7.96706,0,-12.9726,0,-4.50494,0,1.68535,-43.3728,4.62479,-42.9678,-7.50704,-43.54,-2.61841,-43.6076,0.980085,-2.80378,5.96298,-2.22343,-10.0688,4.12316,-1.96277,3.30961,-1.63298,1.03207,-2.89368,6.15419,-2.29473,-10.3916,4.25537,-2.02571,3.41574,-1.68535,-46.2665,10.779,-45.2625,-17.8987,-39.2846,-4.64413,-40.1919,-0.705262,9.22487,-37.0416,45.7263,0.463794,25.6347,-13.6499,21.006,-19.1859,
2.50044,3.71633,5.47481,0.771113,0,0,-50,0.516194,-2.14697,2.64808,0.0431824,1.47221,-0.781535,1.20628,-1.1004,0,8.04166,0,-13.0229,0,-4.49953,0,1.70512,-43.3682,4.66793,-42.9628,-7.53588,-43.5402,-2.61528,-43.6074,0.991582,-2.81113,6.02923,-2.23152,-10.1099,4.14343,-1.94479,3.32936,-1.62614,1.04857,-2.94766,6.32206,-2.3399,-10.6009,4.34467,-2.03925,3.49106,-1.70512,-46.3158,10.99,-45.3027,-18.1368,-39.1955,-4.65453,-40.1163,-0.713538,8.97728,-37.3385,46.0536,0.750999,25.6036,-13.5919,20.9789,-19.1375,
2.50134,3.71546,5.47487,0.771401,0,0,-50,0.502745,-2.16336,2.66788,0.0609722,1.4705,-0.777886,1.20488,-1.09766,0,8.10908,0,-13.0885,0,-4.49503,0,1.72669,-43.364,4.70691,-42.9561,-7.57346,-43.5403,-2.61266,-43.6071,1.00413,-2.82127,6.09153,-2.2372,-10.1616,4.16925,-1.93049,3.34712,-1.62213,1.06446,-3.00314,6.48421,-2.38142,-10.8166,4.43801,-2.05493,3.56288,-1.72669,-46.3671,11.1911,-45.3376,-18.3901,-39.1023,-4.6676,-40.0442,-0.722568,8.74339,-37.6237,46.3979,1.06039,25.5739,-13.5285,20.9545,-19.0898,
2.50243,3.71467,5.47496,0.771652,0,0,-50,0.488018,-2.18066,2.68644,0.0774769,1.4683,-0.775152,1.20337,-1.09498,0,8.19087,0,-13.1478,0,-4.48873,0,1.74557,-43.3588,4.7542,-42.9501,-7.60744,-43.5406,-2.60901,-43.6068,1.0151,-2.82902,6.16471,-2.24533,-10.2106,4.19212,-1.91094,3.36877,-1.61752,1.07916,-3.05298,6.65273,-2.42308,-11.0189,4.52399,-2.06222,3.63545,-1.74557,-46.4118,11.4069,-45.3732,-18.6264,-39.0166,-4.67123,-39.9714,-0.730468,8.48727,-37.9245,46.7206,1.34742,25.5357,-13.4809,20.9282,-19.0432,
2.50346,3.71385,5.47502,0.771916,0,0,-50,0.473435,-2.19797,2.7057,0.0946505,1.46631,-0.771972,1.20184,-1.09222,0,8.26817,0,-13.2089,0,-4.48426,0,1.76534,-43.3539,4.79888,-42.9439,-7.64243,-43.5407,-2.60641,-43.6066,1.0266,-2.83742,6.23421,-2.25288,-10.2604,4.21592,-1.89393,3.3896,-1.613,1.09445,-3.1054,6.82301,-2.46566,-11.2295,4.6141,-2.07281,3.70974,-1.76534,-46.4593,11.6219,-45.4096,-18.8719,-38.9266,-4.67922,-39.8968,-0.738745,8.23364,-38.2256,47.0557,1.6461,25.501,-13.4256,20.9016,-18.9952,
2.50451,3.71301,5.47507,0.772192,0,0,-50,0.458166,-2.21614,2.72601,0.112738,1.46431,-0.768487,1.20021,-1.08931,0,8.34726,0,-13.2719,0,-4.48065,0,1.78602,-43.3488,4.8446,-42.9375,-7.67845,-43.5408,-2.60432,-43.6063,1.03862,-2.84609,6.30516,-2.26071,-10.3116,4.24053,-1.87726,3.41119,-1.60813,1.11062,-3.16091,7.00262,-2.51079,-11.4523,4.70961,-2.08491,3.78853,-1.78602,-46.5097,11.8472,-45.4483,-19.1307,-38.8312,-4.68923,-39.8178,-0.747399,7.96811,-38.5416,47.409,1.96067,25.4662,-13.365,20.8733,-18.9445,
2.5056,3.71226,5.47511,0.772467,0,0,-50,0.441958,-2.2354,2.74695,0.131163,1.46224,-0.764843,1.1984,-1.08622,0,8.42905,0,-13.3285,0,-4.47708,0,1.80669,-43.3435,4.89187,-42.9317,-7.71087,-43.541,-2.60224,-43.606,1.05063,-2.85369,6.37749,-2.2695,-10.3584,4.2631,-1.85943,3.43367,-1.60155,1.12808,-3.21919,7.19434,-2.56018,-11.6851,4.80913,-2.09759,3.87346,-1.80669,-46.5627,12.0862,-45.4919,-19.396,-38.7318,-4.69983,-39.7325,-0.756051,7.68622,-38.8764,47.773,2.2811,25.4302,-13.3016,20.8418,-18.8907,
2.50674,3.71131,5.47517,0.772755,0,0,-50,0.425482,-2.25485,2.76859,0.150573,1.45986,-0.761406,1.19668,-1.08316,0,8.51443,0,-13.3995,0,-4.47257,0,1.82826,-43.3379,4.94121,-42.9244,-7.75151,-43.5411,-2.59963,-43.6057,1.06318,-2.86303,6.45466,-2.27731,-10.4163,4.29052,-1.84134,3.45688,-1.59747,1.14447,-3.27666,7.38717,-2.60632,-11.9211,4.91038,-2.10736,3.9563,-1.82826,-46.6145,12.3284,-45.5307,-19.6726,-38.6307,-4.70699,-39.6494,-0.765082,7.39968,-39.2149,48.1493,2.61866,25.3889,-13.2418,20.8119,-18.8375,
2.50788,3.71044,5.47521,0.773042,0,0,-50,0.408481,-2.27497,2.7907,0.170224,1.45763,-0.757631,1.19482,-1.07995,0,8.59981,0,-13.4651,0,-4.46985,0,1.84983,-43.3322,4.99055,-42.9176,-7.78907,-43.5412,-2.59805,-43.6054,1.07572,-2.87161,6.53077,-2.28591,-10.4701,4.31624,-1.82406,3.48066,-1.59211,1.16188,-3.33646,7.58795,-2.65594,-12.165,5.01494,-2.11934,4.0441,-1.84983,-46.6687,12.5785,-45.5735,-19.9541,-38.5263,-4.71738,-39.5613,-0.774111,7.10403,-39.5647,48.5339,2.96042,25.3501,-13.1762,20.7795,-18.7818,
2.50905,3.70963,5.47524,0.773354,0,0,-50,0.389664,-2.29742,2.81522,0.191731,1.45531,-0.753153,1.19263,-1.07631,0,8.6879,0,-13.5253,0,-4.46717,0,1.8732,-43.3263,5.04143,-42.9113,-7.82352,-43.5413,-2.59649,-43.6051,1.08931,-2.87965,6.60842,-2.29544,-10.5198,4.34066,-1.80569,3.50527,-1.58396,1.18261,-3.40549,7.81516,-2.71461,-12.4407,5.13329,-2.13542,4.14536,-1.8732,-46.7318,12.8566,-45.6259,-20.2642,-38.408,-4.73191,-39.4597,-0.783894,6.77677,-39.9551,48.9604,3.33445,25.3097,-13.0983,20.7413,-18.7184,
2.51029,3.70864,5.47528,0.773618,0,0,-50,0.372586,-2.31712,2.83617,0.210628,1.45275,-0.750188,1.19088,-1.07334,0,8.78049,0,-13.5999,0,-4.46449,0,1.89297,-43.3201,5.09492,-42.9035,-7.8662,-43.5414,-2.59493,-43.6048,1.1008,-2.8883,6.69126,-2.30412,-10.5818,4.36877,-1.78754,3.53129,-1.58141,1.19701,-3.45733,8.00952,-2.75806,-12.6666,5.22948,-2.13971,4.227,-1.89297,-46.7774,13.1044,-45.6616,-20.5327,-38.3119,-4.73464,-39.3778,-0.792171,6.47976,-40.2977,49.3246,3.66309,25.2652,-13.0467,20.711,-18.6667,
2.5115,3.70774,5.47531,0.773929,0,0,-50,0.353312,-2.33994,2.86113,0.232708,1.45027,-0.745788,1.18868,-1.06968,0,8.87127,0,-13.6673,0,-4.46266,0,1.91634,-43.3139,5.14735,-42.8964,-7.90476,-43.5415,-2.59387,-43.6044,1.11439,-2.89688,6.77175,-2.3134,-10.6374,4.39555,-1.7698,3.55699,-1.57472,1.21694,-3.52532,8.24081,-2.81526,-12.945,5.34912,-2.15374,4.32864,-1.91634,-46.8392,13.3882,-45.7117,-20.8498,-38.1923,-4.74761,-39.2758,-0.801954,6.14456,-40.6946,49.7588,4.04709,25.2221,-12.9702,20.6727,-18.6031,
2.51276,3.70679,5.47534,0.774265,0,0,-50,0.332541,-2.36462,2.88827,0.25672,1.44752,-0.741011,1.18628,-1.06571,0,8.96565,0,-13.7383,0,-4.45998,0,1.94151,-43.3074,5.20185,-42.8889,-7.94537,-43.5416,-2.59232,-43.604,1.12902,-2.90596,6.8558,-2.3227,-10.6956,4.42395,-1.75092,3.5835,-1.56732,1.23874,-3.59974,8.49258,-2.87723,-13.2491,5.48014,-2.16895,4.43904,-1.94151,-46.9071,13.6944,-45.7661,-21.1945,-38.0614,-4.76126,-39.165,-0.812487,5.78332,-41.1238,50.2308,4.46469,25.1743,-12.8871,20.6309,-18.5341,
2.51406,3.70579,5.47535,0.77454,0,0,-50,0.313579,-2.38645,2.91121,0.277301,1.44481,-0.737593,1.18425,-1.0624,0,9.0636,0,-13.8139,0,-4.45909,0,1.96218,-43.3005,5.25841,-42.8809,-7.98854,-43.5416,-2.5918,-43.6037,1.14104,-2.91425,6.94265,-2.33222,-10.759,4.45262,-1.73289,3.61172,-1.56387,1.2547,-3.6565,8.71094,-2.92624,-13.4993,5.5867,-2.17426,4.53163,-1.96218,-46.957,13.9693,-45.8071,-21.4878,-37.9549,-4.76605,-39.0721,-0.821142,5.45356,-41.5035,50.6298,4.82263,25.1272,-12.8277,20.5956,-18.4765,
2.51539,3.70478,5.47535,0.774876,0,0,-50,0.291755,-2.41216,2.93918,0.302093,1.44204,-0.732641,1.18171,-1.0583,0,9.16338,0,-13.8893,0,-4.45909,0,1.98735,-43.2935,5.31601,-42.8728,-8.0317,-43.5416,-2.5918,-43.6033,1.15567,-2.92335,7.0309,-2.34231,-10.8215,4.48248,-1.71503,3.64067,-1.55709,1.27632,-3.73113,8.97369,-2.98954,-13.8116,5.72109,-2.18892,4.64666,-1.98735,-47.0246,14.2897,-45.8624,-21.8434,-37.8205,-4.78072,-38.9567,-0.831678,5.074,-41.9506,51.1161,5.25379,25.0789,-12.7416,20.5515,-18.4052,
2.5168,3.70375,5.47536,0.775152,0,0,-50,0.275626,-2.42953,2.95454,0.316292,1.43905,-0.731786,1.17941,-1.05696,0,9.26854,0,-13.9666,0,-4.45819,0,2.00802,-43.286,5.37671,-42.8645,-8.07589,-43.5416,-2.59128,-43.603,1.16769,-2.9311,7.12369,-2.35253,-10.8871,4.5117,-1.69548,3.67115,-1.55344,1.28287,-3.76021,9.13874,-3.01799,-13.9666,5.78791,-2.17508,4.7096,-1.99286,-47.0462,14.5155,-45.8825,-22.0425,-37.7537,-4.76636,-38.8934,-0.825172,4.79349,-42.2527,51.3832,5.50073,25.027,-12.7267,20.5115,-18.382,
2.51819,3.7028,5.47534,0.775463,0,0,-50,0.262841,-2.44235,2.96297,0.324415,1.43638,-0.732538,1.17658,-1.05761,0,9.37281,0,-14.0377,0,-4.45998,0,2.03139,-43.2785,5.43688,-42.8569,-8.11647,-43.5416,-2.59232,-43.6027,1.18128,-2.93869,7.21446,-2.36379,-10.9472,4.53962,-1.67745,3.70214,-1.54646,1.2823,-3.76828,9.2511,-3.03108,-14.0377,5.82116,-2.151,4.74725,-1.98303,-47.0468,14.688,-45.8879,-22.1541,-37.7204,-4.74332,-38.8554,-0.801755,4.57115,-42.4756,51.5299,5.64199,24.9806,-12.7398,20.4622,-18.3932,
2.51962,3.70159,5.47533,0.775823,0,0,-50,0.249421,-2.456,2.9736,0.334953,1.43344,-0.733003,1.17374,-1.05819,0,9.48067,0,-14.1284,0,-4.46088,0,2.05836,-43.2706,5.49911,-42.847,-8.16833,-43.5415,-2.59284,-43.6022,1.19695,-2.9491,7.31091,-2.37351,-11.0221,4.57495,-1.65973,3.73378,-1.54131,1.28183,-3.78024,9.37133,-3.04244,-14.1284,5.86429,-2.12749,4.78607,-1.97569,-47.0509,14.8704,-45.8894,-22.2967,-37.6772,-4.72032,-38.8162,-0.778741,4.33776,-42.7131,51.7147,5.82528,24.9294,-12.7479,20.4129,-18.4033,
2.52111,3.70045,5.47531,0.776158,0,0,-50,0.235662,-2.46985,2.98364,0.344821,1.43055,-0.733604,1.1709,-1.05869,0,9.59212,0,-14.2138,0,-4.46266,0,2.08352,-43.2624,5.56341,-42.8377,-8.21711,-43.5415,-2.59387,-43.6018,1.21158,-2.95804,7.40927,-2.38427,-11.0938,4.60803,-1.64133,3.76691,-1.53584,1.28124,-3.78997,9.49306,-3.05482,-14.2138,5.904,-2.10294,4.82633,-1.96778,-47.0524,15.0565,-45.8925,-22.4309,-37.6375,-4.69682,-38.7755,-0.756196,4.09848,-42.9539,51.8894,5.99689,24.8791,-12.7583,20.3635,-18.412,
2.52278,3.69934,5.47527,0.77647,0,0,-50,0.220398,-2.48497,2.99354,0.354407,1.42749,-0.734527,1.16795,-1.05903,0,9.71704,0,-14.2974,0,-4.46538,0,2.10689,-43.2531,5.63546,-42.8285,-8.26484,-43.5414,-2.59545,-43.6015,1.22517,-2.96529,7.51767,-2.39723,-11.1662,4.63989,-1.6202,3.80453,-1.53014,1.28042,-3.79682,9.62579,-3.06946,-14.2974,5.94102,-2.07454,4.8714,-1.95923,-47.0499,15.2612,-45.898,-22.5622,-37.6004,-4.66999,-38.7301,-0.734058,3.83302,-43.2169,52.0616,6.16359,24.826,-12.7744,20.3122,-18.4179,
2.52421,3.69818,5.47523,0.776853,0,0,-50,0.207025,-2.49853,3.00376,0.364508,1.42475,-0.734825,1.1648,-1.05987,0,9.8249,0,-14.3846,0,-4.46806,0,2.13565,-43.2449,5.69766,-42.8189,-8.31463,-43.5413,-2.59701,-43.601,1.24189,-2.97516,7.61345,-2.40725,-11.2381,4.67464,-1.60352,3.83682,-1.52272,1.27998,-3.80815,9.74508,-3.08123,-14.3846,5.98346,-2.05248,4.91106,-1.94905,-47.0531,15.4427,-45.9001,-22.6992,-37.5578,-4.64949,-38.6899,-0.707157,3.60043,-43.4527,52.2394,6.33927,24.7783,-12.7796,20.2574,-18.4325,
2.52581,3.69697,5.4752,0.777213,0,0,-50,0.19228,-2.51329,3.01442,0.375011,1.42176,-0.735379,1.16171,-1.06043,0,9.94446,0,-14.4754,0,-4.47078,0,2.16262,-43.2358,5.76659,-42.8088,-8.36645,-43.5412,-2.59859,-43.6005,1.25757,-2.98404,7.71881,-2.41845,-11.3147,4.70998,-1.58444,3.87278,-1.51645,1.27934,-3.81762,9.87501,-3.09403,-14.4754,6.02568,-2.02704,4.95462,-1.94007,-47.0534,15.6416,-45.9028,-22.8418,-37.5155,-4.62563,-38.6459,-0.682499,3.344,-43.7094,52.4247,6.52193,24.7263,-12.7892,20.2036,-18.4423,
2.52741,3.69577,5.47514,0.777584,0,0,-50,0.177476,-2.5281,3.02499,0.385389,1.41894,-0.735765,1.15845,-1.0611,0,10.0649,0,-14.5652,0,-4.47525,0,2.19048,-43.2265,5.83601,-42.7987,-8.41774,-43.541,-2.60118,-43.6001,1.27376,-2.99281,7.82438,-2.43009,-11.3906,4.74528,-1.5663,3.90955,-1.50924,1.27871,-3.82694,10.0051,-3.10739,-14.5652,6.06785,-2.00285,4.99919,-1.92988,-47.0534,15.8411,-45.9061,-22.983,-37.4732,-4.60403,-38.6009,-0.656115,3.08654,-43.9669,52.6085,6.70242,24.6773,-12.7959,20.147,-18.4538,
2.5291,3.69452,5.47509,0.777956,0,0,-50,0.161885,-2.54362,3.03597,0.3962,1.41589,-0.736327,1.15517,-1.06169,0,10.1916,0,-14.6587,0,-4.47886,0,2.21835,-43.2166,5.90905,-42.7882,-8.47108,-43.5409,-2.60328,-43.5996,1.28996,-3.0013,7.93562,-2.44193,-11.47,4.78173,-1.54645,3.94806,-1.5023,1.27801,-3.83568,10.1418,-3.1208,-14.6587,6.11108,-1.97637,5.04565,-1.91994,-47.0522,16.0508,-45.909,-23.1298,-37.4298,-4.57965,-38.5539,-0.629981,2.81539,-44.2368,52.7994,6.89043,24.6241,-12.8057,20.0898,-18.4641,
2.53083,3.69325,5.47502,0.778351,0,0,-50,0.145996,-2.55944,3.04716,0.407208,1.41295,-0.736694,1.15165,-1.0624,0,10.3211,0,-14.754,0,-4.48426,0,2.24801,-43.2063,5.98362,-42.7774,-8.52543,-43.5407,-2.60641,-43.5991,1.30721,-3.01004,8.04886,-2.45423,-11.5508,4.81925,-1.52737,3.98791,-1.49427,1.27731,-3.84475,10.2809,-3.13482,-14.754,6.15568,-1.95093,5.0938,-1.90864,-47.051,16.2645,-45.9122,-23.2794,-37.385,-4.55734,-38.5053,-0.601437,2.53906,-44.512,52.9941,7.08188,24.573,-12.8121,20.0287,-18.4766,
2.53258,3.692,5.47495,0.778759,0,0,-50,0.129903,-2.57542,3.05816,0.417994,1.40996,-0.73713,1.14795,-1.06326,0,10.4523,0,-14.8475,0,-4.48963,0,2.27857,-43.1958,6.05921,-42.7667,-8.57874,-43.5405,-2.60953,-43.5985,1.32497,-3.0184,8.16337,-2.46679,-11.6304,4.85644,-1.50772,4.02837,-1.48496,1.27661,-3.85333,10.4215,-3.14913,-14.8475,6.19979,-1.92478,5.14267,-1.89571,-47.0491,16.4807,-45.9159,-23.4262,-37.3407,-4.53431,-38.4559,-0.570744,2.25918,-44.7899,53.1853,7.26947,24.5211,-12.8197,19.9644,-18.4915,
2.53434,3.69073,5.47487,0.779178,0,0,-50,0.113678,-2.59153,3.06934,0.429004,1.40696,-0.737526,1.14417,-1.06418,0,10.5844,0,-14.9428,0,-4.49503,0,2.31003,-43.185,6.13529,-42.7558,-8.63306,-43.5403,-2.61266,-43.598,1.34326,-3.02687,8.27889,-2.4791,-11.7113,4.89449,-1.48811,4.06917,-1.47528,1.27593,-3.86206,10.5633,-3.16315,-14.9428,6.24501,-1.89871,5.19196,-1.88236,-47.0471,16.6986,-45.9189,-23.5758,-37.2953,-4.51138,-38.406,-0.539099,1.97702,-45.0701,53.3799,7.46094,24.4688,-12.8265,19.8986,-18.5074,
2.53638,3.68939,5.47477,0.77961,0,0,-50,0.0950887,-2.60979,3.08122,0.440577,1.40376,-0.738043,1.13999,-1.06502,0,10.7372,0,-15.0434,0,-4.50311,0,2.34238,-43.1724,6.22326,-42.7442,-8.69044,-43.5401,-2.61736,-43.5974,1.36207,-3.03442,8.41069,-2.49422,-11.7988,4.93433,-1.46589,4.11714,-1.46458,1.275,-3.86888,10.7236,-3.18013,-15.0434,6.29126,-1.86901,5.24934,-1.86734,-47.0413,16.9469,-45.9243,-23.7339,-37.2488,-4.48637,-38.348,-0.505276,1.65372,-45.3876,53.5865,7.66221,24.4133,-12.8355,19.826,-18.5221,
2.53806,3.68806,5.47468,0.780005,0,0,-50,0.0795743,-2.62521,3.09285,0.45219,1.40101,-0.738087,1.1366,-1.06566,0,10.863,0,-15.1432,0,-4.50941,0,2.37204,-43.1619,6.29569,-42.7326,-8.74729,-43.5398,-2.62101,-43.5968,1.37931,-3.04293,8.52171,-2.50475,-11.883,4.97358,-1.449,4.15641,-1.45753,1.27435,-3.87777,10.8597,-3.19194,-15.1432,6.33809,-1.84654,5.29674,-1.85741,-47.0397,17.1554,-45.9245,-23.8905,-37.2017,-4.46755,-38.3001,-0.478104,1.3839,-45.6558,53.7887,7.86418,24.3655,-12.8363,19.767,-18.5331,
2.53992,3.68671,5.47457,0.780497,0,0,-50,0.0628024,-2.64171,3.10401,0.463296,1.39809,-0.73836,1.13218,-1.06715,0,11.0033,0,-15.2448,0,-4.51749,0,2.4089,-43.1501,6.37636,-42.7207,-8.80515,-43.5396,-2.6257,-43.5962,1.40073,-3.052,8.64408,-2.51764,-11.9688,5.01518,-1.43001,4.20053,-1.44471,1.27292,-3.88497,11.0033,-3.20477,-15.2354,6.38395,-1.82029,5.34695,-1.83901,-47.035,17.3796,-45.9255,-24.0405,-37.1556,-4.44599,-38.2492,-0.438276,1.09222,-45.9428,53.9828,8.05733,24.3146,-12.841,19.6901,-18.5591,
2.54188,3.68529,5.47447,0.780964,0,0,-50,0.0454603,-2.65862,3.11536,0.474692,1.39506,-0.738792,1.12794,-1.06842,0,11.1498,0,-15.3508,0,-4.52561,0,2.44395,-43.1375,6.46065,-42.7082,-8.86556,-43.5393,-2.63041,-43.5955,1.4211,-3.06036,8.77196,-2.53058,-12.0594,5.05778,-1.41005,4.24673,-1.43358,1.27107,-3.88993,11.1498,-3.21655,-15.3283,6.42879,-1.79227,5.39789,-1.82218,-47.0275,17.6104,-45.9247,-24.1939,-37.1105,-4.42269,-38.1976,-0.401076,0.790613,-46.2369,54.1802,8.25551,24.2619,-12.8485,19.6163,-18.5813,
2.54384,3.68387,5.47433,0.781395,0,0,-50,0.0279881,-2.6756,3.12697,0.486345,1.39224,-0.739021,1.12397,-1.06935,0,11.2972,0,-15.4578,0,-4.53548,0,2.4763,-43.1248,6.54541,-42.6955,-8.92646,-43.5389,-2.63614,-43.5949,1.43991,-3.06787,8.90017,-2.54349,-12.1515,5.09999,-1.39128,4.29386,-1.42437,1.26932,-3.89411,11.2972,-3.2285,-15.4242,6.47352,-1.76598,5.45029,-1.80799,-47.0189,17.8426,-45.924,-24.3506,-37.0654,-4.40213,-38.1446,-0.368075,0.486749,-46.5321,54.3822,8.45817,24.2129,-12.8525,19.5472,-18.5974,
2.5461,3.68242,5.4742,0.781947,0,0,-50,0.00794197,-2.69504,3.13891,0.498131,1.38886,-0.739625,1.11864,-1.07114,0,11.4661,0,-15.5665,0,-4.54538,0,2.51765,-43.1099,6.64256,-42.6825,-8.98836,-43.5386,-2.6419,-43.5941,1.46395,-3.07558,9.04583,-2.55931,-12.2457,5.14493,-1.36747,4.34762,-1.40747,1.26756,-3.89848,11.4661,-3.24408,-15.5221,6.52152,-1.73335,5.51087,-1.78405,-47.0084,18.1087,-45.9266,-24.5105,-37.0171,-4.37525,-38.0832,-0.320106,0.138121,-46.8703,54.5897,8.66314,24.154,-12.863,19.4546,-18.6286,
2.54792,3.68097,5.47408,0.782438,0,0,-50,-0.00820069,-2.71082,3.15035,0.509812,1.38615,-0.739608,1.11443,-1.07259,0,11.6028,0,-15.6753,0,-4.55436,0,2.5545,-43.0977,6.72107,-42.6694,-9.05024,-43.5383,-2.64711,-43.5934,1.48537,-3.08449,9.16638,-2.56995,-12.337,5.18921,-1.35097,4.39119,-1.39622,1.2658,-3.90434,11.6028,-3.25303,-15.6161,6.56848,-1.71005,5.55834,-1.76732,-47.0021,18.3238,-45.9225,-24.6663,-36.9698,-4.35716,-38.035,-0.281956,-0.142621,-47.1447,54.7887,8.86629,24.107,-12.8628,19.3813,-18.6537,
2.55017,3.6795,5.47395,0.782953,0,0,-50,-0.0282927,-2.73021,3.16247,0.521857,1.38282,-0.740175,1.1094,-1.07407,0,11.7717,0,-15.785,0,-4.56423,0,2.59315,-43.0825,6.81816,-42.6562,-9.11262,-43.5379,-2.65284,-43.5926,1.50783,-3.09096,9.31218,-2.58481,-12.4328,5.23385,-1.32744,4.44523,-1.38113,1.26412,-3.90735,11.7717,-3.26752,-15.7165,6.61623,-1.67805,5.61932,-1.74592,-46.9898,18.5899,-45.9237,-24.8291,-36.9217,-4.33088,-37.9733,-0.238086,-0.492047,-47.4819,54.9994,9.07578,24.0491,-12.8726,19.2938,-18.6794,
2.55234,3.67799,5.47383,0.783469,0,0,-50,-0.0476253,-2.74888,3.17476,0.534251,1.37955,-0.740614,1.10457,-1.07553,0,11.9344,0,-15.8982,0,-4.57324,0,2.6318,-43.0676,6.91159,-42.6423,-9.17702,-43.5376,-2.65807,-43.5918,1.53029,-3.0979,9.45384,-2.59788,-12.5306,5.27984,-1.30529,4.49716,-1.36725,1.26239,-3.91076,11.9344,-3.27954,-15.8185,6.66522,-1.64779,5.67716,-1.726,-46.9784,18.846,-45.9219,-24.9955,-36.8724,-4.30586,-37.9146,-0.195702,-0.828266,-47.8066,55.2132,9.29132,23.9921,-12.8802,19.2098,-18.7048,
2.55428,3.6765,5.4737,0.784032,0,0,-50,-0.0648511,-2.76567,3.18661,0.546355,1.37671,-0.740537,1.09965,-1.07744,0,12.08,0,-16.0105,0,-4.58311,0,2.67405,-43.0541,6.99519,-42.6286,-9.24089,-43.5372,-2.6638,-43.5909,1.55485,-3.10671,9.58205,-2.60884,-12.6248,5.32681,-1.28777,4.54394,-1.35204,1.26069,-3.91661,12.08,-3.28895,-15.9161,6.71548,-1.62349,5.72851,-1.7045,-46.9707,19.0752,-45.9175,-25.157,-36.8218,-4.28729,-37.8624,-0.149655,-1.12785,-48.0985,55.4193,9.50183,23.9429,-12.8789,19.1243,-18.7381,
2.55679,3.67496,5.47354,0.784595,0,0,-50,-0.0872504,-2.78714,3.19958,0.559206,1.37315,-0.74113,1.09394,-1.07911,0,12.2679,0,-16.1256,0,-4.59481,0,2.71629,-43.0364,7.10301,-42.6143,-9.30627,-43.5368,-2.67059,-43.5901,1.5794,-3.11184,9.74314,-2.625,-12.7268,5.37413,-1.26173,4.60472,-1.33371,1.25913,-3.91821,12.2679,-3.30522,-16.0247,6.76673,-1.58868,5.79795,-1.67932,-46.9546,19.3709,-45.9195,-25.331,-36.7701,-4.25926,-37.7921,-0.0999198,-1.5174,-48.472,55.6449,9.72533,23.8809,-12.8892,19.025,-18.7671,
2.55885,3.67343,5.47341,0.785159,0,0,-50,-0.1056,-2.8049,3.21186,0.571754,1.37014,-0.741166,1.08889,-1.08094,0,12.4225,0,-16.2406,0,-4.60468,0,2.75854,-43.0217,7.19171,-42.6,-9.37163,-43.5365,-2.67632,-43.5892,1.60395,-3.11939,9.87885,-2.6361,-12.8245,5.42199,-1.24251,4.65457,-1.3181,1.25748,-3.92259,12.4225,-3.31486,-16.1266,6.81807,-1.56244,5.85305,-1.65749,-46.9443,19.6142,-45.9149,-25.4983,-36.7184,-4.23875,-37.7361,-0.0535418,-1.83651,-48.7808,55.8584,9.94355,23.8286,-12.8898,18.9371,-18.799,
2.56148,3.67185,5.47328,0.785722,0,0,-50,-0.129242,-2.82742,3.22528,0.585136,1.3662,-0.742073,1.08305,-1.08254,0,12.6202,0,-16.3593,0,-4.61458,0,2.80078,-43.0026,7.30511,-42.5851,-9.439,-43.5361,-2.68207,-43.5882,1.6285,-3.12305,10.0486,-2.65181,-12.9308,5.4705,-1.21348,4.71827,-1.29938,1.25591,-3.92228,12.6202,-3.33044,-16.2399,6.87047,-1.52402,5.92574,-1.63191,-46.9249,19.9253,-45.9156,-25.6789,-36.6657,-4.20609,-37.6625,-0.00340268,-2.24768,-49.1726,56.0919,10.1763,23.76,-12.9056,18.8356,-18.8269,
2.56367,3.6702,5.47317,0.786309,0,0,-50,-0.1487,-2.84615,3.23834,0.598616,1.36281,-0.742313,1.07781,-1.08443,0,12.7838,0,-16.4824,0,-4.62267,0,2.84482,-42.9866,7.39889,-42.5696,-9.50892,-43.5358,-2.68676,-43.5873,1.6541,-3.13009,10.1931,-2.66202,-13.0356,5.52158,-1.19192,4.77061,-1.2833,1.25416,-3.92564,12.7838,-3.33861,-16.3488,6.92496,-1.49487,5.98313,-1.60947,-46.9122,20.1827,-45.9082,-25.8577,-36.6109,-4.18163,-37.6042,0.0446338,-2.58609,-49.4983,56.3189,10.4107,23.7011,-12.9098,18.7445,-18.8597,
2.56643,3.66843,5.47304,0.786908,0,0,-50,-0.173547,-2.86977,3.25316,0.61364,1.35864,-0.743115,1.07178,-1.08605,0,12.9914,0,-16.6155,0,-4.63254,0,2.88976,-42.9659,7.51787,-42.5526,-9.5844,-43.5355,-2.69249,-43.5863,1.68022,-3.1338,10.3728,-2.67643,-13.1538,5.57567,-1.16221,4.83762,-1.2648,1.25245,-3.92493,12.9914,-3.35209,-16.4745,6.98323,-1.4556,6.05886,-1.58409,-46.8908,20.5093,-45.9047,-26.0589,-36.5522,-4.14809,-37.5274,0.0961246,-3.01821,-49.909,56.5767,10.672,23.6285,-12.9237,18.6397,-18.8877,
2.56899,3.66683,5.47291,0.787495,0,0,-50,-0.196455,-2.89154,3.26662,0.627259,1.35486,-0.743756,1.06588,-1.08784,0,13.1829,0,-16.7359,0,-4.64244,0,2.9338,-42.9466,7.62751,-42.5372,-9.65273,-43.5351,-2.69824,-43.5853,1.70581,-3.13716,10.5382,-2.68976,-13.2607,5.62557,-1.13521,4.89974,-1.24527,1.25096,-3.92447,13.1829,-3.36479,-16.5886,7.03737,-1.4201,6.12938,-1.55779,-46.871,20.8104,-45.902,-26.2414,-36.4978,-4.11834,-37.4559,0.148023,-3.4166,-50.2876,56.8108,10.9089,23.5629,-12.9349,18.537,-18.919,
2.57132,3.66533,5.47279,0.788095,0,0,-50,-0.217405,-2.91149,3.27902,0.639857,1.35136,-0.744262,1.06001,-1.08995,0,13.3582,0,-16.8483,0,-4.65142,0,2.97874,-42.9286,7.72786,-42.5227,-9.71644,-43.5348,-2.70345,-43.5843,1.73193,-3.14104,10.6901,-2.70153,-13.3592,5.67326,-1.11067,4.95659,-1.22456,1.24958,-3.92498,13.3582,-3.37577,-16.6934,7.08919,-1.38787,6.19366,-1.53019,-46.8536,21.086,-45.8985,-26.4098,-36.4456,-4.09131,-37.3906,0.201744,-3.78096,-50.6346,57.0264,11.1279,23.5019,-12.9437,18.435,-18.9556,
2.57425,3.66366,5.47269,0.788706,0,0,-50,-0.243763,-2.9363,3.29329,0.654249,1.34671,-0.745675,1.05344,-1.09181,0,13.5775,0,-16.9732,0,-4.65861,0,3.02458,-42.9059,7.85336,-42.5064,-9.78726,-43.5345,-2.70762,-43.5832,1.75857,-3.14143,10.8785,-2.71605,-13.4731,5.7249,-1.07591,5.02721,-1.20182,1.2481,-3.92081,13.5775,-3.38989,-16.8157,7.14522,-1.34283,6.27444,-1.49999,-46.8267,21.4308,-45.8963,-26.603,-36.3893,-4.05045,-37.3088,0.258579,-4.23935,-51.066,57.2746,11.3782,23.4211,-12.9683,18.3207,-18.988,
2.577,3.66196,5.47262,0.789329,0,0,-50,-0.268591,-2.95969,3.30746,0.668783,1.34216,-0.74693,1.04709,-1.09381,0,13.7842,0,-17.1008,0,-4.66401,0,3.07132,-42.884,7.97159,-42.4897,-9.85957,-43.5343,-2.71076,-43.5821,1.78573,-3.14283,11.0581,-2.72789,-13.5873,5.77795,-1.04335,5.09341,-1.18,1.24653,-3.91763,13.7842,-3.40038,-16.9369,7.20237,-1.30057,6.34907,-1.4709,-46.8017,21.7558,-45.8901,-26.7964,-36.332,-4.01132,-37.233,0.314825,-4.67115,-51.4728,57.5211,11.631,23.3419,-12.9901,18.2103,-19.0227,
2.57976,3.66026,5.4725,0.78994,0,0,-50,-0.293432,-2.98306,3.32183,0.68348,1.338,-0.747757,1.04078,-1.09564,0,13.9909,0,-17.2284,0,-4.67298,0,3.11716,-42.8619,8.08976,-42.4729,-9.93187,-43.534,-2.71597,-43.581,1.81236,-3.14365,11.2367,-2.73986,-13.702,5.83084,-1.01337,5.16082,-1.15867,1.24511,-3.91417,13.9909,-3.41142,-17.0604,7.26002,-1.26175,6.42577,-1.44266,-46.7761,22.0807,-45.8843,-26.9923,-36.274,-3.97772,-37.1552,0.369698,-5.10317,-51.8793,57.7709,11.8866,23.2695,-13.0045,18.1006,-19.0546,
2.58258,3.65851,5.47242,0.790551,0,0,-50,-0.318852,-3.00689,3.3365,0.69861,1.33349,-0.748886,1.03447,-1.09745,0,14.2021,0,-17.3597,0,-4.67928,0,3.163,-42.839,8.21044,-42.4554,-10.0062,-43.5338,-2.71962,-43.5799,1.839,-3.14361,11.4201,-2.75072,-13.8201,5.88498,-0.981067,5.2291,-1.13744,1.24361,-3.90944,14.2021,-3.42083,-17.1869,7.31864,-1.22007,6.50298,-1.41454,-46.7484,22.4126,-45.8763,-27.1931,-36.2151,-3.93969,-37.0769,0.424458,-5.54526,-52.2937,58.026,12.1497,23.191,-13.0241,17.9908,-19.0861,
2.58525,3.65659,5.47236,0.791223,0,0,-50,-0.342922,-3.02954,3.35186,0.714822,1.32899,-0.74969,1.02819,-1.0996,0,14.4026,0,-17.5035,0,-4.68378,0,3.21333,-42.8169,8.32489,-42.4362,-10.0876,-43.5336,-2.72224,-43.5786,1.86825,-3.14604,11.5975,-2.75817,-13.9454,5.94488,-0.951567,5.2933,-1.11685,1.24187,-3.90696,14.4026,-3.42528,-17.3183,7.38275,-1.18172,6.57356,-1.38698,-46.7238,22.7275,-45.8615,-27.4059,-36.1509,-3.90395,-37.0051,0.481268,-5.96386,-52.6877,58.2931,12.4317,23.1128,-13.0381,17.8815,-19.1235,
2.58842,3.65487,5.47228,0.791858,0,0,-50,-0.371702,-3.05628,3.36687,0.730155,1.32382,-0.751453,1.02104,-1.10157,0,14.6408,0,-17.6329,0,-4.68918,0,3.26097,-42.7902,8.46084,-42.4187,-10.1608,-43.5334,-2.72537,-43.5774,1.89592,-3.14222,11.8018,-2.77069,-14.0659,5.99867,-0.912411,5.37055,-1.09086,1.24056,-3.8981,14.6408,-3.4372,-17.4496,7.44169,-1.1319,6.66248,-1.35328,-46.6883,23.1016,-45.8559,-27.6104,-36.0917,-3.85727,-36.915,0.542646,-6.46438,-53.1527,58.5542,12.6983,23.023,-13.0688,17.7573,-19.1577,
2.59147,3.65326,5.47222,0.792517,0,0,-50,-0.399287,-3.08189,3.38084,0.744417,1.31878,-0.753228,1.0137,-1.10393,0,14.8691,0,-17.7534,0,-4.69369,0,3.31041,-42.7643,8.59105,-42.4023,-10.2289,-43.5333,-2.72799,-43.5762,1.92465,-3.13847,11.9973,-2.78252,-14.178,6.05007,-0.874127,5.44458,-1.06229,1.23937,-3.88973,14.8691,-3.44858,-17.5718,7.49829,-1.08337,6.74787,-1.31657,-46.654,23.4601,-45.8509,-27.8007,-36.035,-3.81135,-36.8283,0.608082,-6.94412,-53.5981,58.7973,12.9464,22.9354,-13.0996,17.6295,-19.1988,
2.59417,3.65129,5.47219,0.793164,0,0,-50,-0.423662,-3.10463,3.39656,0.761225,1.31414,-0.754118,1.00761,-1.10586,0,15.0713,0,-17.9008,0,-4.69637,0,3.35894,-42.7409,8.70633,-42.3821,-10.3122,-43.5332,-2.72954,-43.5749,1.95285,-3.13864,12.1771,-2.78732,-14.3072,6.11098,-0.843948,5.50945,-1.04284,1.23768,-3.88463,15.0713,-3.44981,-17.7077,7.56343,-1.04454,6.81893,-1.2907,-46.6256,23.7776,-45.832,-28.0199,-35.9697,-3.77408,-36.756,0.662151,-7.36803,-53.9936,59.0707,13.2387,22.8547,-13.1151,17.5236,-19.2324,
2.59759,3.6496,5.47217,0.793823,0,0,-50,-0.454847,-3.13332,3.4116,0.776615,1.30825,-0.756618,0.999764,-1.10808,0,15.3284,0,-18.0275,0,-4.69816,0,3.40838,-42.7108,8.85277,-42.3647,-10.3838,-43.5331,-2.73058,-43.5736,1.98157,-3.13082,12.3963,-2.79916,-14.4285,6.16431,-0.798171,5.59264,-1.01219,1.23653,-3.87133,15.3284,-3.46123,-17.8411,7.62232,-0.986959,6.91544,-1.2516,-46.5822,24.1811,-45.8259,-28.225,-35.9108,-3.71754,-36.6582,0.729969,-7.91038,-54.4926,59.3322,13.5063,22.7522,-13.1586,17.3872,-19.271,
2.60061,3.64753,5.47215,0.794506,0,0,-50,-0.482243,-3.15867,3.42841,0.794617,1.30293,-0.757973,0.993022,-1.11012,0,15.5549,0,-18.183,0,-4.69906,0,3.45961,-42.6839,8.98172,-42.343,-10.4716,-43.5331,-2.7311,-43.5723,2.01133,-3.12806,12.5966,-2.8036,-14.5669,6.22859,-0.76238,5.66533,-0.989732,1.23484,-3.86267,15.5549,-3.46201,-17.9879,7.69134,-0.941421,6.9958,-1.22216,-46.5466,24.5366,-45.805,-28.4595,-35.8417,-3.67252,-36.5765,0.78917,-8.38683,-54.9334,59.6245,13.8194,22.6596,-13.1821,17.2699,-19.3065,
2.60388,3.64561,5.47215,0.795177,0,0,-50,-0.512019,-3.18602,3.44461,0.811734,1.29714,-0.760012,0.985681,-1.11223,0,15.8002,0,-18.3268,0,-4.69906,0,3.50995,-42.6543,9.12132,-42.3229,-10.5528,-43.5331,-2.7311,-43.5709,2.04058,-3.12138,12.8098,-2.81023,-14.6997,6.28844,-0.720505,5.74444,-0.962943,1.23344,-3.85005,15.8002,-3.46627,-18.1313,7.75644,-0.888703,7.08545,-1.18774,-46.5043,24.9216,-45.7891,-28.6841,-35.7766,-3.6198,-36.4854,0.85284,-8.90467,-55.409,59.9063,14.1171,22.559,-13.2176,17.1423,-19.3432,
2.60682,3.64391,5.47217,0.795884,0,0,-50,-0.538711,-3.21058,3.45881,0.826768,1.2918,-0.761883,0.978227,-1.115,0,16.0204,0,-18.4544,0,-4.69816,0,3.56297,-42.6273,9.24651,-42.3049,-10.6248,-43.5331,-2.73058,-43.5694,2.07138,-3.11634,13.0015,-2.81595,-14.816,6.34388,-0.68218,5.81523,-0.933018,1.2322,-3.83996,16.0204,-3.46982,-18.2563,7.81694,-0.840584,7.16553,-1.14967,-46.4673,25.267,-45.7747,-28.8811,-35.7162,-3.57116,-36.4039,0.921717,-9.36889,-55.8362,60.1533,14.3786,22.466,-13.2501,17.0126,-19.3913,
2.61048,3.64178,5.47219,0.796591,0,0,-50,-0.572071,-3.24101,3.4769,0.846044,1.28525,-0.764305,0.970296,-1.11707,0,16.2946,0,-18.6144,0,-4.69637,0,3.61601,-42.5933,9.40226,-42.2821,-10.715,-43.5332,-2.72954,-43.568,2.10219,-3.10637,13.2398,-2.82107,-14.965,6.40987,-0.6347,5.90375,-0.904383,1.23073,-3.8231,16.2946,-3.47198,-18.4179,7.88882,-0.781145,7.26593,-1.11305,-46.4163,25.6969,-45.7541,-29.1329,-35.6444,-3.51069,-36.302,0.989138,-9.94905,-56.3654,60.4679,14.7138,22.3521,-13.2923,16.8747,-19.4273,
2.61384,3.63974,5.47221,0.797275,0,0,-50,-0.602814,-3.26902,3.49398,0.864381,1.2792,-0.766386,0.962831,-1.11915,0,16.5472,0,-18.7672,0,-4.69459,0,3.66724,-42.5613,9.54565,-42.2602,-10.8011,-43.5332,-2.7285,-43.5665,2.13195,-3.0972,13.4602,-2.82427,-15.106,6.47329,-0.591698,5.98543,-0.87729,1.22934,-3.8075,16.5472,-3.47199,-18.5704,7.95787,-0.727398,7.35813,-1.07849,-46.3688,26.0928,-45.7322,-29.3716,-35.5754,-3.4559,-36.2084,1.05346,-10.4837,-56.8526,60.7649,15.0327,22.2469,-13.3285,16.7449,-19.4635,
2.61698,3.6379,5.47226,0.79797,0,0,-50,-0.631482,-3.29512,3.50939,0.880963,1.27334,-0.768551,0.955318,-1.12166,0,16.7826,0,-18.9057,0,-4.69097,0,3.71937,-42.5312,9.67923,-42.2402,-10.8791,-43.5334,-2.72641,-43.565,2.16223,-3.08853,13.6657,-2.82685,-15.2335,6.53234,-0.549976,6.06122,-0.847855,1.22809,-3.79297,16.7826,-3.47161,-18.708,8.02227,-0.675417,7.44369,-1.04124,-46.3241,26.4619,-45.7118,-29.5872,-35.5111,-3.40182,-36.1213,1.12099,-10.9823,-57.3064,61.0329,15.3211,22.145,-13.3661,16.6142,-19.5071,
2.62077,3.63556,5.47232,0.798701,0,0,-50,-0.666147,-3.32649,3.52889,0.902148,1.26638,-0.771016,0.94724,-1.12371,0,17.0667,0,-19.0809,0,-4.68647,0,3.7742,-42.4942,9.84023,-42.2146,-10.9778,-43.5335,-2.72379,-43.5634,2.19408,-3.07582,13.9144,-2.82728,-15.3957,6.60438,-0.501027,6.15299,-0.81923,1.22654,-3.77263,17.0667,-3.46779,-18.8835,8.10055,-0.614532,7.54691,-1.00482,-46.2668,26.9069,-45.6824,-29.8613,-35.433,-3.33832,-36.0165,1.18926,-11.5852,-57.852,61.372,15.6895,22.024,-13.409,16.4737,-19.5428,
2.6244,3.63364,5.47237,0.799516,0,0,-50,-0.699374,-3.35656,3.54537,0.919788,1.2597,-0.773679,0.938018,-1.12698,0,17.339,0,-19.2247,0,-4.68289,0,3.83532,-42.4582,9.99448,-42.1935,-11.0587,-43.5337,-2.72172,-43.5616,2.22958,-3.06324,14.1492,-2.83063,-15.5312,6.66747,-0.451788,6.24158,-0.780263,1.22544,-3.75381,17.339,-3.46876,-19.0325,8.17058,-0.553638,7.64868,-0.956166,-46.212,27.3335,-45.6623,-30.0913,-35.3631,-3.27535,-35.913,1.27341,-12.163,-58.375,61.6586,15.9963,21.9078,-13.4553,16.3134,-19.5996,
2.628,3.63118,5.47244,0.800211,0,0,-50,-0.732342,-3.38625,3.56537,0.941925,1.25306,-0.775679,0.930678,-1.12867,0,17.6087,0,-19.409,0,-4.67749,0,3.88745,-42.422,10.1471,-42.1662,-11.1623,-43.5339,-2.71858,-43.5601,2.25986,-3.05019,14.3883,-2.82628,-15.6991,6.7424,-0.407357,6.32878,-0.756275,1.22382,-3.73289,17.6087,-3.45886,-19.2129,8.25148,-0.498532,7.74528,-0.925544,-46.1549,27.7557,-45.6251,-30.3752,-35.2824,-3.21711,-35.8148,1.33432,-12.7364,-58.8913,62.0064,16.3813,21.7923,-13.4901,16.1857,-19.6291,
2.63164,3.6291,5.47252,0.80099,0,0,-50,-0.765768,-3.41629,3.58292,0.961097,1.24619,-0.778322,0.921949,-1.13151,0,17.8819,0,-19.5654,0,-4.6712,0,3.94587,-42.3847,10.3015,-42.1428,-11.2502,-43.5341,-2.71493,-43.5583,2.29379,-3.03557,14.626,-2.82516,-15.8452,6.80941,-0.358307,6.41743,-0.721029,1.22261,-3.71131,17.8819,-3.45407,-19.3725,8.32525,-0.438069,7.846,-0.881537,-46.096,28.1834,-45.5969,-30.6227,-35.2088,-3.153,-35.7123,1.41225,-13.3177,-59.4138,62.3117,16.7147,21.6728,-13.536,16.0339,-19.6784,
2.63495,3.62657,5.47261,0.801757,0,0,-50,-0.796086,-3.44358,3.60274,0.983429,1.23992,-0.779734,0.914609,-1.13377,0,18.13,0,-19.755,0,-4.6649,0,4.0034,-42.3504,10.4417,-42.1143,-11.3568,-43.5343,-2.71127,-43.5565,2.3272,-3.02475,14.8498,-2.81674,-16.0129,6.88834,-0.319417,6.49734,-0.696411,1.22089,-3.69289,18.13,-3.43894,-19.55,8.40992,-0.389973,7.93255,-0.850243,-46.0433,28.5716,-45.5532,-30.9068,-35.1244,-3.10125,-35.624,1.47696,-13.845,-59.8883,62.6563,17.1031,21.5638,-13.5606,15.9062,-19.7177,
2.639,3.62416,5.47272,0.80256,0,0,-50,-0.833362,-3.47683,3.62292,1.00576,1.2323,-0.782568,0.905469,-1.13636,0,18.4338,0,-19.9357,0,-4.65682,0,4.06362,-42.3078,10.6131,-42.0868,-11.4582,-43.5346,-2.70658,-43.5547,2.36217,-3.00555,15.115,-2.81168,-16.182,6.96425,-0.265851,6.59627,-0.661037,1.21957,-3.66548,18.4338,-3.42905,-19.7351,8.4934,-0.324225,8.04462,-0.806181,-45.9733,29.0469,-45.5158,-31.1932,-35.0412,-3.03081,-35.51,1.55599,-14.4933,-60.4665,63.0073,17.4914,21.4313,-13.6099,15.7473,-19.7627,
2.6427,3.62172,5.47281,0.803458,0,0,-50,-0.867377,-3.50726,3.64256,1.02776,1.22527,-0.784638,0.8962,-1.13972,0,18.7115,0,-20.1185,0,-4.64963,0,4.13103,-42.2682,10.7697,-42.0587,-11.5607,-43.5349,-2.70241,-43.5525,2.40132,-2.99045,15.3606,-2.80425,-16.3471,7.04341,-0.219252,6.6866,-0.624078,1.21815,-3.64281,18.7115,-3.41599,-19.9131,8.57991,-0.267081,8.14526,-0.760219,-45.911,29.4812,-45.4747,-31.4739,-34.955,-2.96949,-35.4072,1.6411,-15.0848,-60.9958,63.3488,17.8741,21.3091,-13.6459,15.5861,-19.8212,
2.64646,3.61924,5.47294,0.804225,0,0,-50,-0.902071,-3.53804,3.66276,1.05056,1.21804,-0.787012,0.887907,-1.14204,0,18.9937,0,-20.3051,0,-4.63976,0,4.18855,-42.2274,10.9287,-42.0298,-11.6654,-43.5352,-2.69668,-43.5507,2.43472,-2.97149,15.6104,-2.79414,-16.5182,7.12133,-0.170998,6.77821,-0.593486,1.21674,-3.61552,18.9937,-3.39974,-20.0983,8.66478,-0.20806,8.2473,-0.722116,-45.8429,29.9225,-45.4296,-31.7637,-34.8704,-2.90474,-35.3034,1.7126,-15.6882,-61.5311,63.7001,18.2706,21.1833,-13.6872,15.4419,-19.8615,
2.65022,3.61671,5.47306,0.805064,0,0,-50,-0.936647,-3.5687,3.68309,1.07361,1.21089,-0.789121,0.879103,-1.14486,0,19.2751,0,-20.4948,0,-4.63075,0,4.25147,-42.1861,11.087,-42.0002,-11.7716,-43.5355,-2.69145,-43.5486,2.47126,-2.95289,15.8599,-2.78291,-16.6904,7.20197,-0.124146,6.86989,-0.559743,1.21534,-3.58876,19.2751,-3.38218,-20.2844,8.75282,-0.150879,8.34924,-0.680277,-45.7748,30.3621,-45.3824,-32.056,-34.7827,-2.84233,-35.1994,1.79098,-16.2895,-62.0643,64.0538,18.6714,21.0589,-13.7238,15.2887,-19.9106,
2.65409,3.61406,5.47318,0.806011,0,0,-50,-0.97232,-3.60032,3.70419,1.09762,1.20351,-0.791101,0.869417,-1.14836,0,19.5654,0,-20.6934,0,-4.62177,0,4.32248,-42.1428,11.2503,-41.9689,-11.8828,-43.5359,-2.68624,-43.5462,2.51248,-2.93397,16.1178,-2.77014,-16.869,7.28809,-0.0766385,6.96473,-0.521182,1.2139,-3.56154,19.5654,-3.36266,-20.4772,8.84701,-0.0930314,8.45448,-0.632662,-45.7044,30.8156,-45.3315,-32.36,-34.6889,-2.77927,-35.0918,1.87982,-16.9099,-62.6143,64.4206,19.0891,20.9306,-13.7583,15.1203,-19.9715,
2.65809,3.61148,5.47333,0.806874,0,0,-50,-1.00932,-3.63288,3.72514,1.1215,1.19585,-0.793563,0.859985,-1.15132,0,19.8656,0,-20.8866,0,-4.61097,0,4.38719,-42.0975,11.4189,-41.9381,-11.9909,-43.5363,-2.67997,-43.5441,2.55006,-2.91075,16.3823,-2.75649,-17.0467,7.37063,-0.0256317,7.06306,-0.483841,1.21263,-3.52965,19.8656,-3.34259,-20.6713,8.93781,-0.0310816,8.56485,-0.586719,-45.6271,31.2844,-45.2807,-32.6621,-34.5984,-2.71105,-34.9792,1.96334,-17.5535,-63.1806,64.7851,19.5043,20.7974,-13.8011,14.9563,-20.0229,
2.66218,3.60898,5.47347,0.807641,0,0,-50,-1.04721,-3.666,3.74597,1.14524,1.18817,-0.796244,0.850958,-1.15363,0,20.1721,0,-21.0745,0,-4.60021,0,4.44471,-42.0505,11.5908,-41.908,-12.0959,-43.5366,-2.67372,-43.5421,2.58345,-2.88367,16.6501,-2.74208,-17.2233,7.44933,0.0268171,7.16418,-0.448758,1.21153,-3.49366,20.1721,-3.32212,-20.8666,9.02511,0.0324898,8.67964,-0.543685,-45.5441,31.7629,-45.2301,-32.9625,-34.5115,-2.64123,-34.8624,2.03977,-18.2123,-63.7564,65.1473,19.9172,20.6638,-13.8477,14.7993,-20.0632,
2.66633,3.60597,5.47362,0.808624,0,0,-50,-1.08569,-3.69972,3.76964,1.17266,1.18031,-0.798047,0.84095,-1.15699,0,20.484,0,-21.3001,0,-4.58941,0,4.51842,-42.0019,11.7656,-41.8714,-12.2219,-43.537,-2.66745,-43.5395,2.62624,-2.85908,16.9287,-2.72187,-17.4253,7.54609,0.0754962,7.26669,-0.410264,1.21001,-3.45953,20.484,-3.2935,-21.0849,9.13088,0.0913516,8.79281,-0.496426,-45.4614,32.2495,-45.1649,-33.3068,-34.4061,-2.5761,-34.7467,2.12982,-18.8816,-64.343,65.559,20.3941,20.5271,-13.8791,14.6252,-20.1215,
2.67061,3.60345,5.47379,0.809439,0,0,-50,-1.12544,-3.73423,3.79069,1.19684,1.17211,-0.801118,0.831143,-1.1597,0,20.8048,0,-21.4889,0,-4.57592,0,4.57954,-41.9512,11.9451,-41.8405,-12.3272,-43.5375,-2.65962,-43.5374,2.66172,-2.8279,17.2077,-2.70462,-17.6043,7.62633,0.131917,7.37274,-0.370138,1.20904,-3.41905,20.8048,-3.27001,-21.2844,9.22057,0.159494,8.91397,-0.447512,-45.3702,32.75,-45.1105,-33.6116,-34.3169,-2.50013,-34.6234,2.21421,-19.5729,-64.9432,65.9251,20.8146,20.3844,-13.9325,14.4547,-20.1687,
2.67549,3.60037,5.47396,0.810469,0,0,-50,-1.17076,-3.77354,3.8159,1.22601,1.16302,-0.803853,0.819446,-1.16329,0,21.1707,0,-21.7198,0,-4.56334,0,4.65684,-41.8924,12.1496,-41.8023,-12.456,-43.5379,-2.65232,-43.5346,2.70659,-2.79294,17.5278,-2.68184,-17.8187,7.72576,0.191952,7.49452,-0.322355,1.20784,-3.37342,21.1707,-3.23923,-21.5221,9.33146,0.231847,9.05217,-0.389352,-45.2658,33.3203,-45.0416,-33.9781,-34.2065,-2.42047,-34.4824,2.31724,-20.361,-65.6269,66.3635,21.322,20.2264,-13.9801,14.2512,-20.2312,
2.67953,3.59748,5.47414,0.811308,0,0,-50,-1.20835,-3.80599,3.83876,1.25288,1.15532,-0.805814,0.81041,-1.16581,0,21.4736,0,-21.9365,0,-4.54985,0,4.71975,-41.843,12.3187,-41.7662,-12.5767,-43.5384,-2.64449,-43.5323,2.74311,-2.76267,17.7974,-2.65678,-18.0153,7.8171,0.239636,7.59453,-0.288434,1.20656,-3.33332,21.4736,-3.20556,-21.7365,9.43177,0.289135,9.16323,-0.348012,-45.1763,33.7923,-44.9717,-34.3132,-34.1066,-2.35536,-34.3691,2.3951,-21.0148,-66.1911,66.761,21.7892,20.0925,-14.0142,14.0941,-20.275,
2.68417,3.59466,5.47432,0.812315,0,0,-50,-1.25153,-3.8432,3.862,1.27999,1.14658,-0.808574,0.798808,-1.16962,0,21.8214,0,-22.1486,0,-4.53637,0,4.79525,-41.7854,12.5127,-41.7304,-12.6948,-43.5389,-2.63666,-43.5295,2.78693,-2.72653,18.1002,-2.63272,-18.2133,7.90997,0.297608,7.71078,-0.238887,1.20559,-3.28709,21.8214,-3.17398,-21.9577,9.53619,0.358794,9.29606,-0.288,-45.0725,34.3341,-44.9044,-34.6525,-34.0027,-2.27787,-34.2335,2.49893,-21.7658,-66.8383,67.1652,22.2608,19.9405,-14.0622,13.8923,-20.3412,
2.68885,3.59171,5.47451,0.813166,0,0,-50,-1.29531,-3.88061,3.88629,1.30855,1.13789,-0.81129,0.788427,-1.17213,0,22.1729,0,-22.3697,0,-4.52199,0,4.85907,-41.7263,12.7083,-41.6928,-12.8178,-43.5394,-2.62832,-43.5271,2.82397,-2.68584,18.4064,-2.60445,-18.4214,8.00298,0.354729,7.8286,-0.197716,1.20463,-3.23544,22.1729,-3.13741,-22.191,9.64063,0.427318,9.43057,-0.238175,-44.9618,34.8812,-44.8302,-35.0087,-33.8988,-2.201,-34.0966,2.5858,-22.5271,-67.4889,67.5877,22.7574,19.7894,-14.1094,13.7118,-20.3848,
2.69373,3.589,5.47473,0.814228,0,0,-50,-1.34083,-3.91955,3.90903,1.33522,1.12854,-0.814687,0.775631,-1.17656,0,22.5387,0,-22.5728,0,-4.50583,0,4.93874,-41.6638,12.9117,-41.658,-12.9306,-43.54,-2.61893,-43.5241,2.87021,-2.64426,18.7209,-2.57818,-18.6149,8.09403,0.418483,7.95148,-0.139814,1.20393,-3.18352,22.5387,-3.10396,-22.4111,9.74468,0.503826,9.57305,-0.168327,-44.8474,35.4504,-44.7619,-35.3417,-33.7953,-2.11511,-33.9511,2.70188,-23.3187,-68.1661,67.9832,23.2213,19.6268,-14.1685,13.4892,-20.4618,
2.69897,3.58564,5.47493,0.815167,0,0,-50,-1.38988,-3.96113,3.93658,1.36794,1.11903,-0.817359,0.764043,-1.17924,0,22.9315,0,-22.8245,0,-4.49056,0,5.00917,-41.5957,13.1297,-41.6143,-13.0704,-43.5405,-2.61007,-43.5214,2.91108,-2.59501,19.0625,-2.5417,-18.8514,8.19984,0.47968,8.08431,-0.0939284,1.20296,-3.1217,22.9315,-3.05757,-22.6775,9.8641,0.577037,9.72513,-0.112992,-44.7174,36.0612,-44.6719,-35.7478,-33.6764,-2.03303,-33.7963,2.79809,-24.1719,-68.8892,68.4622,23.7903,19.4615,-14.2149,13.2877,-20.5086,
2.7035,3.58249,5.47514,0.81603,0,0,-50,-1.43236,-3.997,3.96172,1.39816,1.11067,-0.819348,0.754002,-1.18171,0,23.2712,0,-23.0609,0,-4.47525,0,5.07388,-41.5357,13.318,-41.5729,-13.2015,-43.541,-2.60118,-43.5189,2.94863,-2.55146,19.3614,-2.50501,-19.0688,8.29946,0.530731,8.19869,-0.0551245,1.20194,-3.06669,23.2712,-3.01087,-22.9195,9.97544,0.637907,9.85433,-0.0662563,-44.6024,36.5892,-44.5838,-36.1209,-33.5656,-1.96328,-33.6646,2.88237,-24.9107,-69.5131,68.8996,24.3158,19.3161,-14.2495,13.1131,-20.5515,
2.70915,3.57936,5.47535,0.817073,0,0,-50,-1.48544,-4.04171,3.98841,1.42991,1.10041,-0.822844,0.740258,-1.18549,0,23.6954,0,-23.2955,0,-4.45909,0,5.15208,-41.4598,13.5527,-41.5314,-13.3314,-43.5416,-2.5918,-43.5158,2.994,-2.4946,19.7226,-2.46727,-19.2963,8.40141,0.600339,8.3438,0.00538636,1.20143,-2.99709,23.6954,-2.96426,-23.1833,10.0937,0.721268,10.0245,0.00647136,-44.4568,37.2482,-44.4957,-36.5147,-33.4478,-1.87053,-33.4913,3.00048,-25.8337,-70.2906,69.3636,24.8679,19.1375,-14.3103,12.874,-20.6172,
2.71382,3.57613,5.47559,0.818055,0,0,-50,-1.52924,-4.07846,4.01395,1.46096,1.09161,-0.824912,0.729068,-1.18884,0,24.0451,0,-23.5381,0,-4.4411,0,5.22579,-41.3961,13.7459,-41.4881,-13.4657,-43.5422,-2.58135,-43.5128,3.03677,-2.44751,20.0299,-2.42559,-19.5179,8.50627,0.653135,8.46165,0.0514029,1.20046,-2.93814,24.0451,-2.91183,-23.4304,10.2114,0.784063,10.1579,0.0617071,-44.3343,37.791,-44.3999,-36.8962,-33.3308,-1.79729,-33.355,3.09847,-26.5954,-70.9297,69.8079,25.408,18.9845,-14.3463,12.6794,-20.6755,
2.71912,3.5732,5.47583,0.818918,0,0,-50,-1.57924,-4.12011,4.03901,1.49116,1.08191,-0.828372,0.716862,-1.19165,0,24.4433,0,-23.7575,0,-4.42315,0,5.2905,-41.3226,13.9654,-41.4485,-13.587,-43.5428,-2.57093,-43.5102,3.07431,-2.3885,20.3676,-2.38464,-19.7329,8.59972,0.718538,8.5982,0.104427,1.20011,-2.86645,24.4433,-2.86183,-23.6816,10.3206,0.862323,10.3188,0.125323,-44.189,38.4087,-44.3104,-37.2686,-33.2222,-1.70861,-33.1914,3.19963,-27.4651,-71.6541,70.2436,25.9333,18.8158,-14.4065,12.4672,-20.7243,
2.72496,3.56959,5.47607,0.819985,0,0,-50,-1.63425,-4.1658,4.0688,1.52746,1.07148,-0.831114,0.703103,-1.19514,0,24.881,0,-24.0289,0,-4.40516,0,5.3705,-41.2404,14.2064,-41.3991,-13.7369,-43.5434,-2.56049,-43.5069,3.12072,-2.32317,20.7433,-2.33281,-19.9896,8.71623,0.784214,8.74877,0.162735,1.19947,-2.78658,24.881,-2.79815,-23.9769,10.4549,0.940643,10.4939,0.195196,-44.0269,39.0874,-44.1972,-37.7139,-33.0886,-1.61984,-33.013,3.31591,-28.4218,-72.4488,70.7617,26.5644,18.6344,-14.4542,12.2279,-20.7851,
2.72984,3.56613,5.47631,0.820955,0,0,-50,-1.6803,-4.20387,4.09595,1.561,1.06259,-0.83281,0.691662,-1.19823,0,25.2468,0,-24.2878,0,-4.38717,0,5.4433,-41.1706,14.4074,-41.3514,-13.8797,-43.5441,-2.55004,-43.5038,3.16295,-2.26723,21.0631,-2.28155,-20.2259,8.82727,0.835567,8.87366,0.209288,1.19863,-2.71756,25.2468,-2.73472,-24.2432,10.5806,1.00153,10.6362,0.250858,-43.8881,39.6542,-44.0861,-38.1229,-32.9635,-1.54851,-32.8676,3.41381,-29.2226,-73.1107,71.234,27.1478,18.4798,-14.4837,12.0289,-20.8387,
2.73588,3.56281,5.47658,0.821938,0,0,-50,-1.73741,-4.25084,4.12437,1.59585,1.0518,-0.836359,0.677409,-1.20155,0,25.6998,0,-24.5367,0,-4.36739,0,5.517,-41.0828,14.6558,-41.3051,-14.0169,-43.5447,-2.53856,-43.5007,3.2057,-2.19361,21.4442,-2.22703,-20.4701,8.93422,0.906746,9.0309,0.272512,1.19845,-2.62893,25.6998,-2.66899,-24.5324,10.7072,1.08669,10.8231,0.326592,-43.7117,40.3556,-43.9741,-38.5493,-32.8375,-1.45187,-32.6776,3.53229,-30.2158,-73.9276,71.7281,27.754,18.2921,-14.5454,11.781,-20.8966,
2.74127,3.55934,5.47684,0.822921,0,0,-50,-1.78723,-4.29129,4.15119,1.62964,1.04235,-0.838811,0.66489,-1.20497,0,26.1043,0,-24.7974,0,-4.34761,0,5.59071,-41.0032,14.8771,-41.2562,-14.1604,-43.5454,-2.52708,-43.4975,3.24844,-2.12652,21.7912,-2.16919,-20.7141,9.0463,0.965152,9.17051,0.32679,1.19713,-2.54571,26.0868,-2.59679,-24.7974,10.8296,1.15541,10.9783,0.391209,-43.5489,40.9639,-43.853,-38.9578,-32.7158,-1.37167,-32.5193,3.63965,-31.0823,-74.6311,72.1946,28.3416,18.1278,-14.588,11.5633,-20.956,
2.74617,3.55595,5.47711,0.823892,0,0,-50,-1.83285,-4.32827,4.17698,1.66234,1.03351,-0.840715,0.653214,-1.2084,0,26.4719,0,-25.0518,0,-4.32694,0,5.66351,-40.9297,15.0779,-41.2079,-14.3002,-43.5461,-2.51508,-43.4944,3.29067,-2.06423,22.1099,-2.11121,-20.9469,9.15654,1.0166,9.29669,0.376908,1.19597,-2.46875,26.4427,-2.52493,-25.0518,10.9509,1.21582,11.1185,0.450769,-43.3985,41.5206,-43.7328,-39.352,-32.5952,-1.29925,-32.3758,3.74144,-31.8757,-75.2742,72.6432,28.9103,17.974,-14.6211,11.3602,-21.0156,
2.75242,3.55245,5.4774,0.824922,0,0,-50,-1.88886,-4.37289,4.20331,1.69634,1.02315,-0.844387,0.638758,-1.2125,0,26.9402,0,-25.3142,0,-4.30538,0,5.74081,-40.8348,15.3332,-41.1576,-14.4443,-43.5468,-2.50256,-43.4909,3.33549,-1.98142,22.5018,-2.04529,-21.2024,9.27014,1.08704,9.46051,0.444767,1.19393,-2.36568,26.8655,-2.44194,-25.3142,11.0679,1.29785,11.2952,0.531021,-43.2005,42.1987,-43.5995,-39.7585,-32.4789,-1.2047,-32.1958,3.86651,-32.8497,-76.0502,73.1011,29.5016,17.7939,-14.685,11.1088,-21.0869,
2.75758,3.54888,5.47768,0.825917,0,0,-50,-1.93682,-4.41132,4.23026,1.73094,1.01415,-0.846096,0.626502,-1.21599,0,27.3276,0,-25.5821,0,-4.28471,0,5.81541,-40.7551,15.5439,-41.1058,-14.5912,-43.5475,-2.49055,-43.4876,3.37875,-1.91125,22.8352,-1.97927,-21.4477,9.38615,1.13857,9.59474,0.497904,1.19277,-2.27968,27.2371,-2.36081,-25.5821,11.1955,1.35805,11.4443,0.593883,-43.0347,42.781,-43.4666,-40.1733,-32.352,-1.13251,-32.0433,3.97263,-33.6839,-76.7186,73.5698,30.1032,17.6373,-14.7147,10.8957,-21.1476,
2.76419,3.54529,5.47799,0.826971,0,0,-50,-1.99566,-4.45762,4.25693,1.76599,1.0034,-0.850039,0.61115,-1.22037,0,27.8228,0,-25.8508,0,-4.26135,0,5.89451,-40.6515,15.8127,-41.0532,-14.7384,-43.5483,-2.47699,-43.484,3.42461,-1.81852,23.2455,-1.90452,-21.7118,9.5029,1.21234,9.76919,0.571955,1.19064,-2.16519,27.6769,-2.26759,-25.8508,11.3145,1.44345,11.6315,0.680989,-42.8167,43.4895,-43.3208,-40.5892,-32.2338,-1.03354,-31.8525,4.1056,-34.7072,-77.5239,74.0336,30.7128,17.4505,-14.7833,10.6287,-21.2238,
2.7703,3.54165,5.47829,0.82799,0,0,-50,-2.05084,-4.50096,4.28402,1.80162,0.993401,-0.852929,0.596929,-1.22432,0,28.2812,0,-26.124,0,-4.23886,0,5.97091,-40.5541,16.0608,-40.9992,-14.8879,-43.549,-2.46393,-43.4805,3.4689,-1.7299,23.6286,-1.82764,-21.9728,9.62122,1.27617,9.93055,0.638508,1.18893,-2.05672,28.0926,-2.17293,-26.124,11.4389,1.51728,11.8067,0.759139,-42.6109,44.1534,-43.1722,-41.012,-32.1101,-0.946656,-31.6738,4.22804,-35.6667,-78.2776,74.5047,31.3326,17.2765,-14.8336,10.3814,-21.2924,
2.77667,3.53783,5.47866,0.829165,0,0,-50,-2.10868,-4.54631,4.31232,1.83911,0.982488,-0.85611,0.581185,-1.22929,0,28.7594,0,-26.4108,0,-4.211,0,6.05899,-40.4509,16.319,-40.942,-15.0445,-43.5499,-2.44776,-43.4764,3.51997,-1.63614,24.0285,-1.74358,-22.2437,9.74814,1.34425,10.0981,0.713956,1.18733,-1.94264,28.5298,-2.07021,-26.4108,11.5743,1.59607,11.9898,0.847705,-42.3936,44.8489,-43.0122,-41.4553,-31.9756,-0.851682,-31.4866,4.36767,-36.6728,-79.0663,74.9968,31.9846,17.0868,-14.8889,10.1076,-21.379,
2.78326,3.5335,5.479,0.830123,0,0,-50,-2.16878,-4.59289,4.34426,1.88158,0.972007,-0.858264,0.567183,-1.23215,0,29.2537,0,-26.7352,0,-4.18586,0,6.13089,-40.3425,16.5853,-40.8766,-15.2215,-43.5507,-2.43316,-43.473,3.56165,-1.53148,24.4434,-1.64682,-22.5481,9.88443,1.40561,10.2727,0.775604,1.1857,-1.81587,28.9824,-1.95263,-26.7352,11.72,1.66663,12.1803,0.919632,-42.1583,45.5678,-42.8292,-41.9568,-31.8308,-0.766529,-31.2927,4.48128,-37.718,-79.8763,75.5523,32.7232,16.9045,-14.9263,9.86405,-21.4286,
2.78992,3.52987,5.47933,0.831094,0,0,-50,-2.22773,-4.6381,4.3707,1.91757,0.961609,-0.861822,0.552028,-1.23616,0,29.7526,0,-27.0076,0,-4.16068,0,6.2037,-40.2313,16.8533,-40.821,-15.3699,-43.5516,-2.41854,-43.4695,3.60385,-1.42607,24.8504,-1.55617,-22.8155,10.0019,1.47504,10.4504,0.85036,1.18374,-1.6881,29.4164,-1.8421,-27.0076,11.8397,1.74606,12.3706,1.00661,-41.9194,46.2697,-42.6631,-42.3774,-31.7118,-0.672478,-31.0989,4.61045,-38.7432,-80.6626,76.0121,33.349,16.7236,-14.9882,9.60049,-21.4984,
2.79663,3.52524,5.47973,0.832268,0,0,-50,-2.28978,-4.68595,4.40462,1.96312,0.950497,-0.86348,0.536283,-1.24033,0,30.2559,0,-27.3545,0,-4.131,0,6.29178,-40.1173,17.1229,-40.7495,-15.5585,-43.5525,-2.4013,-43.4653,3.6549,-1.31525,25.2741,-1.44718,-23.1321,10.152,1.53474,10.6278,0.921528,1.18253,-1.55533,29.8874,-1.71134,-27.3545,12.0051,1.81488,12.5677,1.08974,-41.6726,47.0103,-42.4608,-42.913,-31.5474,-0.586417,-30.8975,4.74464,-39.8222,-81.4948,76.6021,34.1413,16.5304,-15.017,9.32666,-21.5709,
2.80361,3.52092,5.48012,0.833347,0,0,-50,-2.35295,-4.73404,4.43598,2.00605,0.939405,-0.86605,0.520272,-1.24441,0,30.7799,0,-27.679,0,-4.10135,0,6.37268,-39.9966,17.4028,-40.6818,-15.7347,-43.5535,-2.38408,-43.4613,3.70178,-1.19689,25.7056,-1.33616,-23.4377,10.2918,1.60017,10.8141,0.997758,1.18096,-1.41348,30.3574,-1.57796,-27.679,12.1542,1.88974,12.7711,1.17831,-41.4101,47.7602,-42.2597,-43.4137,-31.3992,-0.494346,-30.6902,4.88009,-40.9209,-82.3311,77.1475,34.8878,16.3375,-15.0617,9.04821,-21.642,
2.81072,3.51648,5.48047,0.834486,0,0,-50,-2.41719,-4.78268,4.468,2.05012,0.9286,-0.867993,0.503549,-1.24885,0,31.3129,0,-28.0116,0,-4.07528,0,6.45807,-39.872,17.6866,-40.6116,-15.9149,-43.5543,-2.36894,-43.4571,3.75126,-1.0742,26.1421,-1.21963,-23.749,10.4361,1.66217,11.0053,1.07793,1.17949,-1.26701,30.8343,-1.43853,-28.0116,12.3092,1.9605,12.9806,1.2714,-41.139,48.5208,-42.0501,-43.9265,-31.2451,-0.408443,-30.4764,5.02265,-42.0381,-83.177,77.7044,35.6542,16.1496,-15.0955,8.75737,-21.7191,
2.81802,3.51205,5.4809,0.835552,0,0,-50,-2.48283,-4.83189,4.49972,2.09444,0.917241,-0.870655,0.486898,-1.253,0,31.8603,0,-28.3441,0,-4.04292,0,6.53806,-39.7418,17.9771,-40.5406,-16.0948,-43.5553,-2.35015,-43.453,3.7976,-0.943519,26.5873,-1.09545,-24.0628,10.5792,1.72864,11.201,1.15906,1.17792,-1.11139,31.3178,-1.29035,-28.3441,12.4615,2.03621,13.1939,1.36528,-40.8532,49.2949,-41.831,-44.4389,-31.0938,-0.313943,-30.2592,5.16289,-43.1797,-84.0329,78.2561,36.4251,15.952,-15.1418,8.46779,-21.7914,
2.8253,3.50745,5.48131,0.836667,0,0,-50,-2.54877,-4.88111,4.53256,2.14047,0.906138,-0.872536,0.469931,-1.25732,0,32.4068,0,-28.6893,0,-4.01237,0,6.62165,-39.6098,18.2662,-40.4662,-16.2812,-43.5563,-2.33241,-43.4488,3.84603,-0.809712,27.0315,-0.965011,-24.3836,10.7284,1.7899,11.3971,1.24114,1.17658,-0.952689,31.8047,-1.13541,-28.6893,12.6228,2.10596,13.4096,1.46029,-40.5625,50.0709,-41.6016,-44.9705,-30.9335,-0.226451,-30.0392,5.30632,-44.3264,-84.8888,78.8272,37.2256,15.7589,-15.1745,8.17271,-21.8665,
2.83274,3.50273,5.48174,0.837817,0,0,-50,-2.6161,-4.93106,4.56607,2.18784,0.89482,-0.874293,0.4524,-1.26188,0,32.9641,0,-29.0434,0,-3.98001,0,6.70794,-39.473,18.56,-40.3888,-16.4721,-43.5573,-2.31362,-43.4443,3.89602,-0.669777,27.4827,-0.826736,-24.7108,10.8821,1.85078,11.5974,1.32659,1.17533,-0.787209,32.3013,-0.971688,-29.0434,12.7901,2.17528,13.6307,1.55919,-40.2602,50.8612,-41.3605,-45.5155,-30.7672,-0.138337,-29.8136,5.4552,-45.4973,-85.7575,79.41,38.0494,15.5621,-15.2051,7.86782,-21.9458,
2.84015,3.49848,5.48218,0.839004,0,0,-50,-2.68215,-4.97967,4.59577,2.23077,0.883538,-0.876959,0.433959,-1.26743,0,33.5204,0,-29.3616,0,-3.94675,0,6.79692,-39.3342,18.8523,-40.3186,-16.6433,-43.5583,-2.2943,-43.4397,3.94756,-0.530413,27.9246,-0.691574,-25.0112,11.0235,1.91659,11.7982,1.42197,1.17394,-0.622672,32.7818,-0.811865,-29.3616,12.9409,2.24996,13.8503,1.6693,-39.9569,51.6341,-41.1304,-46.0049,-30.6173,-0.044336,-29.5893,5.61686,-46.6462,-86.603,79.9264,38.7959,15.3659,-15.2515,7.54711,-22.0422,
2.84751,3.49332,5.48265,0.840202,0,0,-50,-2.75021,-5.02968,4.63224,2.28264,0.872223,-0.877447,0.416355,-1.27189,0,34.0723,0,-29.749,0,-3.9117,0,6.8868,-39.1944,19.1412,-40.2321,-16.8513,-43.5593,-2.27394,-43.4349,3.99961,-0.382341,28.3736,-0.537432,-25.3567,11.1917,1.96822,11.9961,1.50523,1.17322,-0.448571,33.2885,-0.630526,-29.749,13.1303,2.30915,14.0741,1.76597,-39.643,52.4297,-40.8626,-46.6003,-30.429,0.0352078,-29.3608,5.76559,-47.8297,-87.4727,80.5607,39.6981,15.1691,-15.26,7.24095,-22.1199,
2.85519,3.48897,5.48312,0.841424,0,0,-50,-2.8184,-5.07917,4.66227,2.32698,0.860784,-0.879948,0.396941,-1.27783,0,34.6484,0,-30.0752,0,-3.87665,0,6.97848,-39.0462,19.4417,-40.1584,-17.0262,-43.5604,-2.25359,-43.43,4.05271,-0.231691,28.8251,-0.388489,-25.663,11.3375,2.03317,12.2051,1.60738,1.17193,-0.271525,33.781,-0.455282,-30.0752,13.2868,2.38273,14.3035,1.88374,-39.3177,53.2227,-40.6137,-47.1015,-30.2736,0.129145,-29.1265,5.93645,-49.0156,-88.3333,81.0829,40.4692,14.9702,-15.3034,6.90332,-22.2232,
2.86307,3.48407,5.48361,0.842659,0,0,-50,-2.8894,-5.13041,4.69614,2.37683,0.849136,-0.88139,0.377459,-1.28331,0,35.239,0,-30.4429,0,-3.83978,0,7.07106,-38.8919,19.7486,-40.0745,-17.2228,-43.5615,-2.23217,-43.4249,4.10631,-0.0701499,29.2907,-0.223281,-25.9984,11.4995,2.09192,12.4189,1.70659,1.17095,-0.0821422,34.298,-0.261452,-30.4429,13.4654,2.44953,14.542,1.99833,-38.9741,54.0466,-40.3359,-47.6657,-30.0961,0.21736,-28.8829,6.10465,-50.2505,-89.2245,81.6721,41.3362,14.7676,-15.3285,6.56451,-22.3184,
2.87129,3.47857,5.48413,0.843929,0,0,-50,-2.96453,-5.18428,4.73413,2.43273,0.837148,-0.881792,0.357428,-1.28851,0,35.8555,0,-30.8554,0,-3.80116,0,7.16633,-38.7283,20.0676,-39.9791,-17.443,-43.5627,-2.20974,-43.4197,4.16147,0.105809,29.7783,-0.0387656,-26.3664,11.6795,2.14535,12.6423,1.80576,1.17026,0.123824,34.8483,-0.0453656,-30.8554,13.668,2.5106,14.7947,2.11321,-38.6044,54.9159,-40.0245,-48.2984,-29.8946,0.300865,-28.625,6.27468,-51.557,-90.1614,82.3328,42.3083,14.5591,-15.3355,6.21613,-22.4088,
2.87964,3.47404,5.48464,0.845223,0,0,-50,-3.03786,-5.23625,4.76458,2.47954,0.825218,-0.88431,0.335821,-1.29531,0,36.482,0,-31.1952,0,-3.7625,0,7.2634,-38.5593,20.3904,-39.8997,-17.6239,-43.5638,-2.18728,-43.4143,4.21767,0.279115,30.2561,0.136699,-26.6849,11.8329,2.21169,12.8713,1.92335,1.16902,0.32629,35.3699,0.159803,-31.1952,13.8329,2.58551,15.0468,2.24843,-38.233,55.7603,-39.7399,-48.8191,-29.7309,0.398225,-28.3674,6.4661,-52.8323,-91.0653,82.8623,43.1224,14.3516,-15.3793,5.84037,-22.5271,
2.88811,3.4684,5.48524,0.846626,0,0,-50,-3.11542,-5.29116,4.80293,2.53718,0.812594,-0.88469,0.314029,-1.30162,0,37.1175,0,-31.6176,0,-3.71755,0,7.36856,-38.3851,20.7164,-39.7998,-17.8484,-43.5651,-2.16117,-43.4083,4.27853,0.467354,30.752,0.338411,-27.056,12.0205,2.26514,13.1013,2.03403,1.1686,0.546149,35.9367,0.395466,-31.6176,14.0471,2.64704,15.3101,2.37696,-37.839,56.6531,-39.4043,-49.466,-29.518,0.485864,-28.0982,6.6555,-54.1813,-92.0203,83.5293,44.1249,14.1321,-15.3859,5.46138,-22.6369,
2.8968,3.46327,5.48574,0.8478,0,0,-50,-3.19237,-5.3447,4.83717,2.59028,0.801029,-0.885668,0.29278,-1.30721,0,37.7691,0,-32.0023,0,-3.67982,0,7.45665,-38.2037,21.0491,-39.7077,-18.0523,-43.5662,-2.13926,-43.4033,4.32951,0.661062,31.2448,0.540708,-27.4072,12.1887,2.32058,13.3406,2.1469,1.16766,0.771897,36.4833,0.631364,-32.0023,14.2323,2.70965,15.5774,2.50686,-37.4318,57.5325,-39.0763,-50.0546,-29.3339,0.570394,-27.8259,6.83637,-55.5195,-92.9513,84.1248,45.0484,13.9309,-15.4029,5.09183,-22.7341,
2.90571,3.45855,5.48629,0.84913,0,0,-50,-3.26986,-5.39827,4.86805,2.63974,0.788938,-0.88781,0.269377,-1.31461,0,38.4369,0,-32.3564,0,-3.63847,0,7.55642,-38.0148,21.3885,-39.622,-18.2396,-43.5673,-2.11524,-43.3975,4.38725,0.856371,31.7397,0.744699,-27.7359,12.3492,2.38435,13.5865,2.27734,1.16659,0.999034,37.0272,0.868759,-32.3564,14.4065,2.78155,15.8498,2.65673,-37.0157,58.4157,-38.7533,-50.596,-29.1608,0.666312,-27.5476,7.04397,-56.8672,-93.8829,84.6618,45.9086,13.7207,-15.4402,4.68482,-22.8628,
2.91477,3.45279,5.48687,0.850449,0,0,-50,-3.35145,-5.45436,4.90627,2.69953,0.776769,-0.887554,0.246419,-1.32083,0,39.1164,0,-32.7888,0,-3.59531,0,7.65529,-37.8194,21.732,-39.5162,-18.4677,-43.5686,-2.09017,-43.3916,4.44445,1.0694,32.2509,0.97585,-28.1155,12.5395,2.43244,13.8354,2.39764,1.16622,1.24716,37.6115,1.13805,-32.7888,14.6238,2.83675,16.1351,2.79616,-36.5723,59.3435,-38.3782,-51.2565,-28.9447,0.746588,-27.2566,7.24061,-58.2861,-94.8584,85.3264,46.9483,13.509,-15.4357,4.28555,-22.971,
2.92402,3.44749,5.48753,0.851955,0,0,-50,-3.43337,-5.51033,4.94065,2.75512,0.763813,-0.88876,0.221051,-1.32918,0,39.8103,0,-33.1861,0,-3.54588,0,7.7683,-37.6167,22.081,-39.4178,-18.6768,-43.5699,-2.06145,-43.3849,4.50983,1.28304,32.7624,1.20825,-28.4683,12.7213,2.49073,14.0895,2.53746,1.16572,1.49566,38.1918,1.40849,-33.1861,14.8295,2.90349,16.4244,2.95797,-36.1211,60.2727,-38.0094,-51.8628,-28.7404,0.842037,-26.9605,7.4678,-59.7107,-95.8318,85.9244,47.9151,13.2837,-15.4567,3.84437,-23.1161,
2.93229,3.44203,5.48807,0.853169,0,0,-50,-3.50844,-5.56115,4.97648,2.81204,0.752958,-0.887549,0.199706,-1.33493,0,40.4305,0,-33.5959,0,-3.50544,0,7.85932,-37.4329,22.3913,-39.3152,-18.8919,-43.571,-2.03796,-43.3794,4.56248,1.487,33.2227,1.4349,-28.8188,12.9018,2.52622,14.3168,2.64885,1.16577,1.73349,38.7299,1.67276,-33.5959,15.0405,2.94498,16.6901,3.08794,-35.6994,61.1212,-37.6424,-52.4878,-28.5306,0.907027,-26.6893,7.65042,-61.0163,-96.7157,86.5474,48.905,13.0949,-15.4356,3.47315,-23.2162,
2.94239,3.43627,5.48867,0.854595,0,0,-50,-3.59698,-5.62034,5.01316,2.87288,0.740432,-0.887548,0.172999,-1.34284,0,41.1882,0,-34.0273,0,-3.46048,0,7.96628,-37.2047,22.7683,-39.2059,-19.1177,-43.5722,-2.01184,-43.3728,4.62434,1.72984,33.7666,1.7023,-29.2003,13.0949,2.57724,14.5974,2.79702,1.16531,2.0158,39.3485,1.9837,-34.0273,15.2596,3.00328,17.0104,3.25938,-35.1889,62.1168,-37.2222,-53.1451,-28.3127,0.991435,-26.3624,7.88372,-62.5562,-97.7451,87.1854,49.9632,12.8771,-15.4356,3.00867,-23.3538,
2.95186,3.43038,5.48934,0.856201,0,0,-50,-3.68222,-5.67732,5.05089,2.93502,0.727747,-0.88656,0.146107,-1.35162,0,41.8983,0,-34.4696,0,-3.41016,0,8.08672,-36.9875,23.1195,-39.0925,-19.3486,-43.5736,-1.98261,-43.3654,4.69398,1.96482,34.2799,1.96871,-29.5731,13.2971,2.61921,14.8579,2.9429,1.16557,2.29014,39.9557,2.29467,-34.4696,15.4987,3.05287,17.3179,3.43015,-34.6974,63.0751,-36.7978,-53.8181,-28.0749,1.07026,-26.0475,8.12414,-64.0386,-98.736,87.8416,51.0438,12.6565,-15.4184,2.54098,-23.5065,
2.96161,3.42432,5.48991,0.857543,0,0,-50,-3.76912,-5.73443,5.08924,2.99908,0.716191,-0.884603,0.120324,-1.35875,0,42.6299,0,-34.9235,0,-3.36703,0,8.18739,-36.7602,23.4792,-38.9747,-19.5848,-43.5747,-1.95755,-43.359,4.75219,2.2139,34.7989,2.2509,-29.9582,13.4977,2.65282,15.1286,3.08276,1.16574,2.58083,40.5665,2.62397,-34.9235,15.7348,3.0925,17.636,3.5937,-34.1794,64.0457,-36.3507,-54.5083,-27.8399,1.13495,-25.723,8.34589,-65.5499,-99.7293,88.5086,52.1579,12.4555,-15.3844,2.0926,-23.6304,
2.97179,3.418,5.49061,0.859065,0,0,-50,-3.86022,-5.79396,5.12895,3.06633,0.703527,-0.882694,0.0922232,-1.3672,0,43.393,0,-35.398,0,-3.31489,0,8.30154,-36.5194,23.852,-38.8499,-19.831,-43.5761,-1.92725,-43.3517,4.81817,2.47741,35.3358,2.55385,-30.3532,13.7108,2.68794,15.4093,3.2362,1.1662,2.88917,41.2087,2.97831,-35.398,15.9896,3.13469,17.9704,3.77407,-33.6303,65.0607,-35.8716,-55.2291,-27.5864,1.20743,-25.3813,8.59225,-67.1342,-100.764,89.1991,53.3275,12.2352,-15.3512,1.60388,-23.7774,
2.98224,3.41149,5.49127,0.860791,0,0,-50,-3.95393,-5.85484,5.16945,3.1357,0.690937,-0.879804,0.0617844,-1.37706,0,44.1768,0,-35.8861,0,-3.26547,0,8.43097,-36.2682,24.2323,-38.7201,-20.0834,-43.5773,-1.89854,-43.3434,4.89298,2.74977,35.8801,2.87124,-30.7521,13.9338,2.71763,15.6991,3.40273,1.16695,3.20884,41.8702,3.35059,-35.8861,16.2601,3.17134,18.32,3.97081,-33.0593,66.1025,-35.3695,-55.9695,-27.3172,1.2728,-25.0233,8.8638,-68.7639,-101.823,89.9034,54.534,12.0163,-15.3009,1.07451,-23.9488,
2.99282,3.40487,5.49187,0.862229,0,0,-50,-4.04817,-5.91504,5.21018,3.20653,0.679397,-0.876063,0.0328216,-1.38517,0,44.9704,0,-36.3822,0,-3.22051,0,8.53883,-36.0097,24.6148,-38.5864,-20.3391,-43.5785,-1.87242,-43.3363,4.95531,3.03374,36.4211,3.20316,-31.1574,14.1535,2.73854,15.9935,3.56119,1.16769,3.54248,42.5287,3.74031,-36.3822,16.527,3.19777,18.6755,4.15838,-32.4673,67.1434,-34.8461,-56.7214,-27.0515,1.32536,-24.6608,9.11368,-70.403,-102.87,90.6119,55.7658,11.8156,-15.2359,0.570811,-24.09,
3.00382,3.39827,5.49262,0.863931,0,0,-50,-4.0754,-5.9114,5.19452,3.2172,0.681794,-0.878314,0.0191647,-1.40031,0,45.7956,0,-36.8775,0,-3.1639,0,8.66646,-35.7368,25.0094,-38.4512,-20.5935,-43.5799,-1.83952,-43.3278,5.02905,3.32779,36.9754,3.55225,-31.5561,14.3796,2.7661,16.2975,3.74072,1.14381,3.80636,42.2929,4.06311,-36.0942,16.4475,3.1639,18.6413,4.27867,-31.9304,67.3023,-34.3881,-56.6877,-27.1323,1.32438,-24.6865,9.30772,-70.8765,-102.807,90.3395,55.9514,11.8573,-15.275,0.333299,-24.3532,
3.01496,3.39161,5.49325,0.865393,0,0,-50,-4.10171,-5.90652,5.1788,3.22797,0.685811,-0.879426,0.00726895,-1.41377,0,46.6306,0,-37.3772,0,-3.11716,0,8.77611,-35.4561,25.4057,-38.3132,-20.8492,-43.581,-1.81236,-43.3204,5.09239,3.63108,37.5239,3.91436,-31.958,14.6017,2.78223,16.6075,3.91492,1.12038,4.06819,42.041,4.38558,-35.8051,16.3595,3.11716,18.6067,4.3862,-31.3879,67.4468,-33.9276,-56.6543,-27.2215,1.3048,-24.7137,9.47859,-71.3341,-102.722,90.0661,56.1385,11.9272,-15.2944,0.126417,-24.5873,
3.02642,3.38475,5.49399,0.867047,0,0,-50,-4.11929,-5.89287,5.15533,3.23089,0.691331,-0.88148,-0.00334122,-1.4291,0,47.4907,0,-37.8913,0,-3.06141,0,8.90015,-35.1624,25.8107,-38.1693,-21.1114,-43.5823,-1.77996,-43.3119,5.16403,3.94646,38.0819,4.2969,-32.3617,14.8343,2.7983,16.9247,4.10357,1.09402,4.31752,41.6626,4.70091,-35.4045,16.2291,3.06141,18.516,4.48941,-30.8449,67.4733,-33.4684,-56.5158,-27.3532,1.28144,-24.7959,9.65343,-71.6398,-102.485,89.6579,56.1895,12.0231,-15.3301,-0.0581082,-24.854,
3.03787,3.37779,5.49468,0.868928,0,0,-50,-4.14813,-5.8899,5.14159,3.24447,0.694687,-0.881598,-0.0183209,-1.44479,0,48.3491,0,-38.4136,0,-3.0093,0,9.04127,-34.8647,26.2114,-38.0214,-21.3766,-43.5836,-1.74969,-43.3021,5.24551,4.26343,38.6313,4.68759,-32.7596,15.0753,2.8056,17.2421,4.30219,1.07261,4.57299,41.4362,5.02794,-35.1381,16.1699,3.0093,18.494,4.61456,-30.2917,67.6476,-32.9935,-56.5147,-27.4137,1.25961,-24.8081,9.86007,-72.1414,-102.433,89.419,56.4255,12.0815,-15.3321,-0.318625,-25.1267,
3.05037,3.37083,5.49531,0.870438,0,0,-50,-4.19009,-5.89651,5.13341,3.26583,0.697156,-0.881161,-0.0350244,-1.45825,0,49.2866,0,-38.9358,0,-2.96256,0,9.15451,-34.5344,26.6452,-37.8717,-21.6408,-43.5846,-1.72252,-43.2941,5.31089,4.60819,39.2086,5.11529,-33.1684,15.3075,2.81051,17.5908,4.50856,1.0541,4.85748,41.3297,5.39202,-34.9628,16.1356,2.96256,18.5424,4.75247,-29.6769,67.9749,-32.4796,-56.6036,-27.449,1.24004,-24.7517,10.0634,-72.8711,-102.548,89.2768,56.7971,12.1245,-15.3245,-0.60912,-25.3608,
3.06111,3.36389,5.49609,0.872452,0,0,-50,-4.21605,-5.89252,5.12152,3.28037,0.700079,-0.880453,-0.0497672,-1.47403,0,50.0919,0,-39.4562,0,-2.90412,0,9.30552,-34.2463,27.0144,-37.7206,-21.9031,-43.586,-1.68856,-43.2834,5.39805,4.91751,39.7129,5.50705,-33.5397,15.5519,2.80553,17.8851,4.70562,1.03514,5.09033,41.1085,5.70058,-34.7183,16.0984,2.90412,18.5136,4.871,-29.1559,68.1229,-32.02,-56.6214,-27.4875,1.21556,-24.7697,10.269,-73.3226,-102.479,89.0699,57.0499,12.1753,-15.3122,-0.865517,-25.6352,
3.0734,3.35687,5.49679,0.874333,0,0,-50,-4.25575,-5.89764,5.1131,3.30126,0.702291,-0.879367,-0.0680968,-1.48944,0,51.0141,0,-39.9829,0,-2.85108,0,9.44663,-33.9115,27.4335,-37.5658,-22.1674,-43.5871,-1.65774,-43.2731,5.47948,5.2619,40.2653,5.94839,-33.9261,15.7952,2.80057,18.2255,4.92806,1.01804,5.3568,40.9915,6.05567,-34.538,16.08,2.85108,18.5542,5.01694,-28.5547,68.425,-31.5102,-56.7055,-27.5071,1.19334,-24.7189,10.4964,-74.013,-102.568,88.9234,57.4133,12.2137,-15.2933,-1.18429,-25.9032,
3.08723,3.34989,5.49751,0.876251,0,0,-50,-4.2966,-5.90074,5.09821,3.31701,0.705681,-0.879406,-0.0876364,-1.50627,0,52.0513,0,-40.506,0,-2.79715,0,9.59044,-33.5289,27.8998,-37.4103,-22.4289,-43.5883,-1.6264,-43.2625,5.56244,5.63653,40.8626,6.43933,-34.317,16.0378,2.79998,18.6095,5.18432,0.99899,5.63084,40.8214,6.43283,-34.2823,16.0216,2.79715,18.5907,5.17908,-27.8981,68.7212,-30.9775,-56.7113,-27.5667,1.17076,-24.6718,10.7415,-74.7235,-102.622,88.6646,57.6871,12.2727,-15.294,-1.52411,-26.196,
3.09874,3.34271,5.49827,0.87806,0,0,-50,-4.34368,-5.91375,5.1003,3.34938,0.705827,-0.876034,-0.107321,-1.51997,0,52.9142,0,-41.0444,0,-2.74054,0,9.72616,-33.2057,28.2837,-37.2483,-22.6969,-43.5895,-1.5935,-43.2524,5.64072,5.97559,41.3647,6.88456,-34.6845,16.2845,2.77559,18.9235,5.39393,0.987374,5.90014,40.8425,6.79763,-34.2466,16.0789,2.74054,18.6845,5.32583,-27.3056,69.1262,-30.4507,-56.9435,-27.5106,1.14705,-24.5679,10.9665,-75.5423,-102.848,88.7008,58.2501,12.2753,-15.2354,-1.86645,-26.4343,
3.11186,3.33531,5.499,0.880272,0,0,-50,-4.40187,-5.93336,5.10337,3.38593,0.705278,-0.872078,-0.133196,-1.53665,0,53.8984,0,-41.5999,0,-2.68572,0,9.89204,-32.8317,28.717,-37.0792,-22.9721,-43.5907,-1.56163,-43.2398,5.73637,6.34609,41.9173,7.38391,-35.0613,16.5468,2.75027,19.2845,5.64957,0.976528,6.19713,40.9334,7.2106,-34.2384,16.1584,2.68572,18.8319,5.51696,-26.6346,69.6505,-29.8686,-57.2105,-27.4323,1.12409,-24.408,11.2533,-76.5543,-103.189,88.7543,58.8857,12.2657,-15.1666,-2.31645,-26.7244,
3.12498,3.32737,5.49974,0.882387,0,0,-50,-4.47732,-5.9674,5.12081,3.44083,0.701836,-0.865174,-0.163284,-1.5518,0,54.8826,0,-42.1949,0,-2.63,0,10.0506,-32.452,29.1454,-36.8958,-23.2656,-43.5918,-1.52925,-43.2276,5.82779,6.73064,42.4606,7.90547,-35.4491,16.8219,2.70765,19.6429,5.89955,0.971323,6.53763,41.2429,7.67876,-34.4325,16.3395,2.63,19.0795,5.73036,-25.9144,70.3883,-29.217,-57.6981,-27.2523,1.10075,-24.148,11.5582,-77.8664,-103.781,89.0576,59.8406,12.2058,-15.0465,-2.83973,-26.9878,
3.13799,3.31937,5.50054,0.884244,0,0,-50,-4.55467,-6.00266,5.14025,3.4989,0.698118,-0.857713,-0.192655,-1.5655,0,55.8578,0,-42.7953,0,-2.56977,0,10.19,-32.0703,29.5649,-36.7084,-23.5602,-43.5931,-1.49424,-43.2167,5.90808,7.12049,42.9859,8.43872,-35.8301,17.0933,2.65652,19.994,6.14087,0.967347,6.88799,41.5823,8.16318,-34.6602,16.5351,2.56977,19.3411,5.94036,-25.1823,71.1472,-28.5452,-58.2204,-27.0579,1.07553,-23.8756,11.8484,-79.2117,-104.394,89.3957,60.8505,12.1412,-14.9167,-3.35053,-27.2261,
3.15118,3.31117,5.5013,0.886641,0,0,-50,-4.64904,-6.0522,5.17072,3.57149,0.691361,-0.847436,-0.23083,-1.58178,0,56.8474,0,-43.4101,0,-2.51313,0,10.3697,-31.6774,29.9854,-36.514,-23.8603,-43.5942,-1.46132,-43.2024,6.01164,7.51228,43.5082,8.98554,-36.1999,17.3825,2.59524,20.3515,6.4065,0.96836,7.2746,42.1316,8.70124,-35.0546,16.8325,2.51313,19.7075,6.2038,-24.4029,72.117,-27.8128,-58.9149,-26.7617,1.05181,-23.4949,12.2154,-80.8528,-105.256,89.9256,62.1128,12.0237,-14.738,-4.01444,-27.5093,
3.16517,3.30289,5.50209,0.88887,0,0,-50,-4.75232,-6.10715,5.20361,3.64977,0.683965,-0.836355,-0.271539,-1.59779,0,57.8963,0,-44.0312,0,-2.45383,0,10.5369,-31.255,30.4255,-36.3152,-24.1619,-43.5953,-1.42685,-43.1889,6.10793,7.92366,44.0415,9.57081,-36.5681,17.67,2.5275,20.7279,6.68455,0.970853,7.6927,42.7578,9.29184,-35.5022,17.155,2.45383,20.1237,6.48971,-23.5623,73.1834,-27.0233,-59.6641,-26.4403,1.02698,-23.0652,12.5976,-82.649,-106.211,90.4976,63.4743,11.895,-14.5453,-4.72242,-27.7876,
3.18081,3.29466,5.50289,0.890931,0,0,-50,-4.86858,-6.16941,5.23736,3.73351,0.676072,-0.824721,-0.316713,-1.61429,0,59.0693,0,-44.6487,0,-2.39361,0,10.6915,-30.7754,30.9106,-36.115,-24.46,-43.5964,-1.39184,-43.1762,6.19694,8.36485,44.6096,10.2209,-36.9345,17.9519,2.45603,21.1471,6.99409,0.974586,8.15226,43.4759,9.96116,-35.9958,17.4957,2.39361,20.6096,6.81634,-22.6231,74.3865,-26.1539,-60.4559,-26.1007,1.00176,-22.5666,13.0133,-84.671,-107.294,91.0845,64.9307,11.7578,-14.343,-5.50805,-28.0746,
3.19382,3.2863,5.50371,0.893436,0,0,-50,-4.99247,-6.24271,5.2871,3.83374,0.664255,-0.809106,-0.366743,-1.63124,0,60.0454,0,-45.2751,0,-2.33249,0,10.8793,-30.3705,31.3085,-35.9094,-24.7608,-43.5976,-1.35632,-43.1606,6.30507,8.75855,45.0835,10.7956,-37.265,18.2478,2.36803,21.4919,7.2687,0.98499,8.62708,44.4068,10.6336,-36.7057,17.9739,2.33249,21.1693,7.15959,-21.7434,75.7153,-25.2759,-61.4665,-25.6237,0.976174,-21.9912,13.4647,-86.8255,-108.569,91.9496,66.6737,11.5523,-14.0714,-6.37815,-28.3694,
3.20881,3.27787,5.50455,0.895785,0,0,-50,-5.13751,-6.32925,5.34163,3.946,0.65091,-0.791854,-0.424343,-1.64905,0,61.1698,0,-45.9079,0,-2.26958,0,11.0555,-29.8977,31.7603,-35.6993,-25.0629,-43.5987,-1.31975,-43.1456,6.40643,9.18896,45.6014,11.4489,-37.5983,18.542,2.27385,21.8874,7.5807,0.998121,9.17169,45.5157,11.4274,-37.5277,18.5071,2.26958,21.8463,7.56646,-20.726,77.276,-24.2718,-62.5906,-25.0915,0.949835,-21.2993,13.9729,-89.3479,-110.074,92.898,68.6261,11.3202,-13.7714,-7.37988,-28.6792,
3.22521,3.26949,5.50536,0.898134,0,0,-50,-5.31183,-6.43711,5.40797,4.0786,0.634169,-0.771313,-0.493566,-1.66831,0,62.3994,0,-46.5362,0,-2.20843,0,11.2317,-29.373,32.2462,-35.4881,-25.3611,-43.5998,-1.2842,-43.1305,6.50776,9.63788,46.1413,12.1602,-37.9207,18.834,2.17124,22.3179,7.92566,1.01713,9.80294,46.9315,12.3685,-38.5701,19.1566,2.20843,22.7001,8.0614,-19.5701,79.1776,-23.1196,-63.9312,-24.4432,0.924231,-20.4303,14.5692,-92.3797,-111.95,94.0517,70.9321,11.029,-13.4141,-8.58375,-29.0141,
3.23835,3.26117,5.5062,0.900327,0,0,-50,-5.49502,-6.55743,5.49261,4.23045,0.613309,-0.746545,-0.564952,-1.68482,0,63.3854,0,-47.16,0,-2.14552,0,11.3962,-28.9465,32.6295,-35.2759,-25.6554,-43.6008,-1.24763,-43.1161,6.60233,10.0339,46.5701,12.7704,-38.2095,19.1204,2.05618,22.6558,8.20276,1.04345,10.4699,48.5935,13.3253,-39.8696,19.9512,2.14552,23.6402,8.55916,-18.4767,81.2231,-21.9506,-65.525,-23.6496,0.897894,-19.4759,15.1615,-95.5656,-114.042,95.5237,73.5731,10.6662,-12.9834,-9.82525,-29.3012,
3.25498,3.25278,5.50706,0.902999,0,0,-50,-5.72104,-6.7061,5.58734,4.40697,0.588412,-0.717629,-0.657126,-1.70755,0,64.6321,0,-47.7891,0,-2.08083,0,11.5966,-28.4002,33.1061,-35.0594,-25.9504,-43.6019,-1.21002,-43.0983,6.71753,10.4765,47.0823,13.5098,-38.4924,19.4199,1.93456,23.0847,8.57035,1.07561,11.2686,50.642,14.5313,-41.4026,20.8881,2.08083,24.83,9.21833,-17.1316,83.7481,-20.5282,-67.353,-22.7138,0.87081,-18.2683,15.9359,-99.4963,-116.628,97.1712,76.643,10.2333,-12.4805,-11.4283,-29.6965,
3.27066,3.24424,5.50795,0.905528,0,0,-50,-5.99105,-6.89145,5.71224,4.6259,0.555904,-0.680989,-0.765327,-1.72983,0,65.8086,0,-48.43,0,-2.01431,0,11.7863,-27.8774,33.5476,-34.8364,-26.249,-43.6029,-1.17134,-43.0812,6.82649,10.9064,47.5496,14.2317,-38.7588,19.7197,1.79803,23.4826,8.91618,1.12029,12.2183,53.2693,15.9436,-43.421,22.0918,2.01431,26.3072,9.98869,-15.6591,86.8169,-18.8929,-69.67,-21.5112,0.842963,-16.7739,16.8152,-104.192,-119.851,99.3432,80.4504,9.66789,-11.8433,-13.31,-30.084,
3.28665,3.23521,5.50884,0.908117,0,0,-50,-6.35379,-7.15075,5.89231,4.92619,0.50904,-0.629993,-0.909134,-1.75418,0,67.0076,0,-49.1068,0,-1.94779,0,11.9804,-27.3375,33.9889,-34.5981,-26.5623,-43.604,-1.13267,-43.0633,6.93799,11.3472,48.0072,14.9831,-39.0196,20.0336,1.63991,23.8831,9.27011,1.18774,13.4775,57.0199,17.796,-46.345,23.7947,1.94779,28.3668,11.0105,-13.86,91.0089,-16.8021,-72.9073,-19.8093,0.815117,-14.6965,17.9484,-110.501,-124.361,102.475,85.6729,8.85288,-10.9564,-15.811,-30.5075,
3.30314,3.22481,5.50972,0.910669,0,0,-50,-6.7604,-7.44015,6.09633,5.27077,0.458898,-0.566595,-1.07128,-1.78068,0,68.2444,0,-49.887,0,-1.88127,0,12.1718,-26.7733,34.4351,-34.32,-26.9208,-43.6049,-1.094,-43.0455,7.04789,11.8263,48.4584,15.7896,-39.2984,20.3836,1.4394,24.2892,9.6276,1.26427,14.9516,61.2643,19.9622,-49.6836,25.7703,1.81978,30.7079,12.1718,-11.8218,95.6994,-14.3577,-76.6044,-17.8347,0.725779,-12.3376,19.2197,-117.572,-129.394,106.023,91.6655,7.98084,-9.85382,-18.6309,-30.9684,
3.318,3.21623,5.51063,0.913342,0,0,-50,-6.76275,-7.4001,6.04691,5.26462,0.476995,-0.554423,-1.09181,-1.80696,0,69.3589,0,-50.5305,0,-1.81296,0,12.3723,-26.2587,34.8291,-34.0877,-27.2143,-43.6059,-1.05428,-43.0265,7.16291,12.2287,48.8496,16.5067,-39.5008,20.6856,1.27013,24.6512,9.97061,1.24087,15.1743,60.6162,20.4827,-49.0156,25.6682,1.57608,30.5891,12.3723,-11.0843,95.4453,-13.605,-76.2298,-17.9377,0.521794,-12.4374,19.5352,-117.613,-128.697,105.164,91.5586,8.29557,-9.64214,-18.988,-31.4254,
3.33599,3.20634,5.51157,0.916122,0,0,-50,-6.75787,-7.34653,5.98257,5.24932,0.501423,-0.540517,-1.11146,-1.836,0,70.7081,0,-51.272,0,-1.74287,0,12.5808,-25.6279,35.2958,-33.817,-27.55,-43.6069,-1.01353,-43.0064,7.28251,12.6963,49.2957,17.3776,-39.716,21.025,1.05345,25.0835,10.3786,1.21219,15.3902,59.7556,21.0649,-48.1432,25.4862,1.27698,30.4059,12.5808,-10.2377,95.0514,-12.7521,-75.6932,-18.1207,0.263454,-12.6006,19.8633,-117.528,-127.766,104.045,91.2926,8.72041,-9.40029,-19.3298,-31.9304,
3.35115,3.19643,5.51248,0.918974,0,0,-50,-6.76816,-7.31118,5.94119,5.2563,0.520066,-0.522702,-1.13492,-1.86247,0,71.8451,0,-52.0154,0,-1.67456,0,12.7947,-25.0899,35.6803,-33.5423,-27.8837,-43.6078,-0.973814,-42.9855,7.40514,13.1232,49.6559,18.143,-39.9057,21.3652,0.831686,25.4413,10.7316,1.19225,15.6461,59.2022,21.631,-47.5776,25.4727,0.991577,30.3324,12.7947,-9.44384,94.8825,-11.9112,-75.4613,-18.1351,0.0177635,-12.653,20.1999,-117.707,-127.151,103.325,91.4139,9.04463,-9.09047,-19.7378,-32.3909,
3.3703,3.18644,5.51339,0.921898,0,0,-50,-6.76251,-7.25612,5.8728,5.23762,0.546308,-0.507666,-1.15576,-1.89283,0,73.2814,0,-52.765,0,-1.60625,0,13.014,-24.4021,36.1542,-33.2619,-28.2176,-43.6087,-0.934097,-42.9636,7.5308,13.5835,50.0826,19.0778,-40.0674,21.7085,0.578539,25.8874,11.176,1.16446,15.8175,58.3192,22.2154,-46.657,25.2787,0.673686,30.1449,13.014,-8.58461,94.4734,-11.0465,-74.8746,-18.33,-0.260411,-12.8187,20.5448,-117.609,-126.193,102.136,91.0891,9.50101,-8.82898,-20.1001,-32.9188,
3.388,3.1762,5.51434,0.924966,0,0,-50,-6.76699,-7.21218,5.81806,5.23331,0.569127,-0.489664,-1.17991,-1.92237,0,74.6089,0,-53.5326,0,-1.53523,0,13.2441,-23.7583,36.5805,-32.9714,-28.5565,-43.6095,-0.892799,-42.9403,7.66258,14.0227,50.4551,19.964,-40.2051,22.06,0.312824,26.2909,11.5958,1.14215,16.016,57.627,22.8018,-45.9201,25.1958,0.357291,30.028,13.2441,-7.74232,94.2075,-10.1696,-74.4766,-18.4138,-0.535509,-12.9123,20.9067,-117.687,-125.429,101.184,91.014,9.89786,-8.5159,-20.5202,-33.4326,
3.40441,3.16582,5.51528,0.928082,0,0,-50,-6.77797,-7.17597,5.77344,5.23914,0.589606,-0.469412,-1.20594,-1.95087,0,75.8394,0,-54.3109,0,-1.46424,0,13.4778,-23.155,36.9653,-32.6732,-28.8972,-43.6103,-0.851522,-42.9163,7.79634,14.4432,50.7789,20.803,-40.3209,22.4147,0.0369419,26.6573,11.9917,1.12393,16.2331,57.0721,23.3812,-45.318,25.1927,0.0415202,29.9611,13.4778,-6.92186,94.0374,-9.29206,-74.2152,-18.4177,-0.810001,-12.9552,21.2742,-117.878,-124.8,100.408,91.1155,10.254,-8.16368,-20.9729,-33.9281,
3.42454,3.15554,5.51622,0.931246,0,0,-50,-6.77544,-7.12348,5.70524,5.22209,0.616821,-0.451507,-1.22951,-1.98265,0,77.3494,0,-55.0821,0,-1.39411,0,13.7151,-22.4061,37.424,-32.3744,-29.2316,-43.6111,-0.810742,-42.8914,7.93208,14.8737,51.1538,21.8028,-40.391,22.7666,-0.27589,27.0975,12.4742,1.09948,16.3534,56.2427,23.9718,-44.4091,25.0315,-0.303336,29.7932,13.7151,-6.05276,93.6667,-8.40261,-73.6407,-18.5796,-1.11408,-13.0982,21.6472,-117.834,-123.887,99.2216,90.819,10.7273,-7.85229,-21.3828,-34.4809,
3.44277,3.14495,5.51719,0.93447,0,0,-50,-6.78206,-7.08157,5.65151,5.21992,0.640534,-0.430561,-1.25558,-2.01297,0,78.7165,0,-55.8767,0,-1.3213,0,13.9569,-21.7203,37.8261,-32.0629,-29.5729,-43.6119,-0.768402,-42.8656,8.07031,15.2834,51.4673,22.7307,-40.4416,23.126,-0.59854,27.4851,12.9189,1.08035,16.5114,55.6027,24.5571,-43.691,24.9841,-0.646633,29.6936,13.9569,-5.20889,93.4288,-7.50582,-73.264,-18.6277,-1.41504,-13.172,22.0272,-117.949,-123.158,98.2871,90.7813,11.1397,-7.48802,-21.8362,-35.0082,
3.46193,3.13389,5.51811,0.937826,0,0,-50,-6.7883,-7.03777,5.59505,5.21693,0.666287,-0.407573,-1.28272,-2.04451,0,80.1537,0,-56.7063,0,-1.2521,0,14.2086,-20.9915,38.2354,-31.7338,-29.9258,-43.6126,-0.728162,-42.8383,8.21411,15.6926,51.7717,23.7069,-40.4613,23.4986,-0.956792,27.8832,13.3891,1.0612,16.653,54.9403,25.1579,-42.9376,24.9368,-1.01535,29.5897,14.2086,-4.33848,93.1757,-6.57596,-72.8634,-18.6758,-1.74351,-13.2485,22.4227,-118.057,-122.396,97.3052,90.7293,11.5876,-7.08822,-22.3082,-35.5567,
3.48139,3.12111,5.51905,0.941217,0,0,-50,-6.00351,-6.36975,5.12204,4.54174,0.801441,-0.524046,-0.972835,-2.03654,0,81.6134,0,-57.6644,0,-1.182,0,14.4629,-20.2434,38.6367,-31.3489,-30.3287,-43.6132,-0.687402,-42.8101,8.35934,16.1359,52.0434,24.722,-40.4694,23.9133,-1.37469,28.2743,13.8647,0.859827,13.8741,44.7483,21.2566,-34.7967,20.5613,-1.182,24.311,11.9212,-6.36927,83.385,-10.0923,-65.1255,-23.0519,-1.8694,-18.4992,20.2806,-104.409,-110.778,89.079,78.9867,13.9381,-9.11384,-16.9189,-35.4181,
3.50137,3.11039,5.51998,0.944728,0,0,-50,-5.07558,-5.59851,4.58685,3.73349,0.945453,-0.684508,-0.589978,-2.01331,0,83.1117,0,-58.4689,0,-1.1119,0,14.7263,-19.4675,39.0334,-31.0218,-30.6632,-43.6139,-0.64664,-42.7805,8.50961,16.4944,52.316,25.7293,-40.4027,24.2759,-1.76806,28.6648,14.3656,0.628884,10.3731,32.9007,16.1808,-25.4086,15.2667,-1.1119,18.0269,9.03431,-9.09447,71.9341,-14.8411,-56.0718,-28.3472,-1.75855,-24.7537,17.5439,-88.271,-97.3654,79.7713,64.9302,16.4427,-11.9045,-10.2605,-35.0142,
3.52134,3.09736,5.52091,0.948252,0,0,-50,-4.43267,-5.05361,4.22218,3.17959,1.04502,-0.800321,-0.317561,-1.99659,0,84.6092,0,-59.4459,0,-1.04267,0,14.9905,-18.6844,39.4142,-30.6198,-31.0647,-43.6144,-0.606378,-42.7503,8.66029,16.9006,52.5416,26.7643,-40.3289,24.6935,-2.23469,29.0404,14.8635,0.466583,7.88555,24.5151,12.4878,-18.8168,11.5216,-1.04267,13.5498,6.93508,-10.7988,63.9293,-18.132,-49.8815,-32.0929,-1.64905,-29.2005,15.5954,-77.09,-87.8888,73.4292,55.2973,18.1742,-13.9186,-5.5228,-34.7233,
3.54094,3.08649,5.52192,0.951883,0,0,-50,-4.03676,-4.70713,3.99273,2.8309,1.10581,-0.879041,-0.146544,-1.98926,0,86.0796,0,-60.2611,0,-0.966279,0,15.2629,-17.9081,39.773,-30.2803,-31.3957,-43.615,-0.561955,-42.7186,8.81547,17.2151,52.7613,27.752,-40.1899,25.0564,-2.6618,29.396,15.3657,0.363017,6.24938,19.1533,10.0745,-14.5896,9.09588,-0.966279,10.6712,5.57802,-11.6587,58.9262,-20.2058,-45.9853,-34.5192,-1.52823,-32.0473,14.3935,-70.2045,-81.8632,69.4388,49.233,19.2315,-15.2877,-2.5486,-34.5959,
3.56145,3.07445,5.52275,0.95561,0,0,-50,-3.75805,-4.4514,3.83021,2.58581,1.15016,-0.937945,-0.0223002,-1.98586,0,87.6175,0,-61.1644,0,-0.904266,0,15.5424,-17.0888,40.1318,-29.9,-31.7581,-43.6155,-0.525892,-42.6854,8.97463,17.535,52.958,28.7862,-40.0171,25.4479,-3.15203,29.7562,15.8901,0.286884,5.03051,15.1928,8.25829,-11.4803,7.30059,-0.904266,8.53657,4.55861,-12.0583,55.3246,-21.6417,-43.2384,-36.3149,-1.43016,-34.1488,13.5332,-65.3574,-77.4157,66.6123,44.9707,20.0028,-16.3121,-0.387829,-34.5367,
3.58252,3.06105,5.52367,0.959373,0,0,-50,-3.54231,-4.24417,3.70598,2.39883,1.18407,-0.988089,0.077909,-1.98377,0,89.1976,0,-62.1693,0,-0.835065,0,15.8246,-16.2396,40.4829,-29.4718,-32.1559,-43.616,-0.485649,-42.6513,9.13519,17.8681,53.1218,29.8528,-39.8053,25.8688,-3.6994,30.107,16.4296,0.22573,4.03335,11.9912,6.73867,-8.98525,5.83937,-0.835065,6.79605,3.70865,-12.2062,52.4741,-22.7331,-41.1411,-37.7766,-1.32071,-35.8553,12.8438,-61.6054,-73.8116,64.4519,41.7188,20.5924,-17.1841,1.35494,-34.5003,
3.60201,3.04883,5.52468,0.963196,0,0,-50,-3.38869,-4.08886,3.6176,2.26519,1.20702,-1.02876,0.151116,-1.98402,0,90.66,0,-63.0852,0,-0.75957,0,16.1114,-15.4472,40.7918,-29.0769,-32.5134,-43.6164,-0.441745,-42.6161,9.29818,18.1415,53.2568,30.8251,-39.5607,26.2577,-4.21359,30.4176,16.9416,0.180267,3.27031,9.60042,5.55674,-7.13147,4.73339,-0.75957,5.48328,3.054,-12.1769,50.3922,-23.5202,-39.6449,-38.883,-1.20131,-37.1328,12.3522,-58.9338,-71.1107,62.9147,39.3946,20.9916,-17.8914,2.62811,-34.5047,
3.62537,3.03745,5.52552,0.966959,0,0,-50,-3.28895,-3.96889,3.55139,2.16805,1.22443,-1.06095,0.204609,-1.98656,0,92.4118,0,-63.9391,0,-0.696627,0,16.3936,-14.4903,41.1415,-28.7049,-32.8423,-43.6168,-0.40514,-42.5808,9.45848,18.3298,53.4374,31.9572,-39.2129,26.6226,-4.79094,30.7661,17.5393,0.145405,2.66526,7.77008,4.64674,-5.70176,3.87107,-0.696627,4.47356,2.55031,-11.825,48.9115,-24.0581,-38.5441,-39.7457,-1.10177,-38.1072,12.0088,-57.1992,-69.0242,61.7634,37.7052,21.2945,-18.4512,3.55842,-34.5488,
3.64643,3.02344,5.52641,0.970842,0,0,-50,-3.20681,-3.86574,3.50336,2.10007,1.23749,-1.08961,0.249101,-1.9894,0,93.991,0,-64.9898,0,-0.630109,0,16.6848,-13.6208,41.4374,-28.242,-33.2412,-43.6171,-0.366456,-42.5438,9.62374,18.5806,53.5222,32.987,-38.8691,27.0465,-5.41725,31.0642,18.0921,0.116315,2.16121,6.22545,3.83689,-4.52107,3.14592,-0.630109,3.61324,2.10439,-11.4596,47.6629,-24.4051,-37.7623,-40.4712,-0.996564,-38.9305,11.7281,-55.7707,-67.2303,60.9281,36.523,21.5215,-18.9497,4.33218,-34.5983,
3.66854,3.01162,5.52733,0.974905,0,0,-50,-3.15131,-3.78149,3.46592,2.04684,1.24645,-1.11481,0.282299,-1.99389,0,95.6493,0,-65.876,0,-0.560908,0,16.9895,-12.7014,41.7284,-27.8472,-33.5726,-43.6174,-0.326211,-42.5043,9.7965,18.7137,53.642,34.0329,-38.4493,27.4194,-6.02652,31.3563,18.6748,0.0930732,1.74174,4.99263,3.16755,-3.5786,2.55201,-0.560908,2.91843,1.73813,-10.9596,46.7211,-24.6797,-37.1512,-41.0654,-0.887118,-39.5859,11.5346,-54.8054,-65.7651,60.2769,35.5972,21.6774,-19.388,4.90955,-34.6763,
3.69055,2.99728,5.52835,0.978931,0,0,-50,-3.10387,-3.70284,3.43754,2.00964,1.25312,-1.13941,0.312655,-1.99788,0,97.3005,0,-66.9519,0,-0.484518,0,17.2915,-11.7797,41.9979,-27.3628,-33.9686,-43.6178,-0.281785,-42.4645,9.96757,18.8902,53.6934,35.0685,-37.9916,27.8422,-6.71648,31.6239,19.2597,0.0721388,1.36271,3.87338,2.5298,-2.74067,2.00851,-0.484518,2.28131,1.38937,-10.417,45.8713,-24.833,-36.7093,-41.6092,-0.766304,-40.1832,11.3569,-53.9803,-64.3973,59.7833,34.9503,21.7934,-19.8158,5.43748,-34.7457,
3.71271,2.98559,5.5292,0.98303,0,0,-50,-3.08161,-3.64312,3.41856,1.98654,1.2571,-1.15837,0.330862,-2.00386,0,98.9624,0,-67.8283,0,-0.420682,0,17.5989,-10.8463,42.2486,-26.964,-34.286,-43.618,-0.24466,-42.4233,10.1415,18.9359,53.7839,36.0764,-37.4825,28.2033,-7.36961,31.8739,19.8482,0.0570833,1.08092,3.07016,2.05936,-2.13963,1.60994,-0.420682,1.81947,1.133,-9.76535,45.3188,-24.9046,-36.4256,-42.008,-0.665341,-40.6038,11.2745,-53.5932,-63.3585,59.4531,34.5485,21.8625,-20.1455,5.75413,-34.8497,
3.7344,2.97284,5.53014,0.987225,0,0,-50,-3.06288,-3.58634,3.4044,1.97166,1.2594,-1.17733,0.346974,-2.00981,0,100.589,0,-68.7846,0,-0.349693,0,17.9135,-9.92737,42.4739,-26.5246,-34.627,-43.6182,-0.203374,-42.3804,10.3194,18.9815,53.833,37.0429,-36.939,28.5841,-8.0584,32.0975,20.4327,0.0433948,0.823699,2.33607,1.60747,-1.60296,1.2404,-0.349693,1.39286,0.886675,-9.10367,44.81,-24.9172,-36.23,-42.3778,-0.553067,-40.9875,11.2061,-53.2675,-62.3712,59.207,34.2898,21.9025,-20.4753,6.03433,-34.9532,
3.75656,2.95934,5.53112,0.991419,0,0,-50,-3.05153,-3.53371,3.39499,1.96564,1.2603,-1.19532,0.360019,-2.01588,0,102.251,0,-69.7975,0,-0.27688,0,18.2281,-8.98383,42.6835,-26.0545,-34.9821,-43.6184,-0.161028,-42.3367,10.4971,19.001,53.8579,38.0048,-36.3395,28.9745,-8.79634,32.3015,21.0314,0.0314767,0.598087,1.69527,1.19626,-1.14385,0.912021,-0.27688,1.01674,0.661998,-8.38574,44.3787,-24.8583,-36.126,-42.7063,-0.437907,-41.32,11.1591,-53.07,-61.4558,59.0433,34.185,21.9182,-20.7881,6.26121,-35.0588,
3.77901,2.94831,5.5321,0.99964,0,0,-50,-3.04788,-3.48597,3.38731,1.95944,1.25972,-1.21204,0.355391,-2.03377,0,103.935,0,-70.6245,0,-0.203172,0,18.8446,-8.02355,42.8744,-25.6673,-35.2672,-43.6185,-0.118161,-42.249,10.8447,18.8575,53.9659,38.8996,-35.6559,29.415,-9.46759,32.5472,21.7173,0.0214598,0.404678,1.1581,0.834778,-0.765168,0.631239,-0.203172,0.698456,0.466049,-7.61887,44.0324,-24.8325,-36.0324,-42.9873,-0.321334,-41.5506,11.3108,-53.0066,-60.6255,58.9097,34.0772,21.9083,-21.079,6.18072,-35.3698,
3.802,2.93399,5.5332,1.00016,0,0,-50,-3.04463,-3.43655,3.38386,1.96398,1.2582,-1.22992,0.378014,-2.02906,0,105.659,0,-71.6986,0,-0.120489,0,18.8833,-7.03602,43.0474,-25.1596,-35.6312,-43.6186,-0.0700742,-42.2434,10.8665,18.831,53.9371,39.8876,-34.9796,29.7089,-10.3141,32.6425,22.2613,0.011682,0.219983,0.630092,0.465966,-0.408631,0.347059,-0.120489,0.38133,0.260056,-6.81604,43.6775,-24.6936,-36.0398,-43.2715,-0.190563,-41.8621,11.1266,-52.9501,-59.7661,58.8498,34.1562,21.8817,-21.3899,6.57416,-35.2879,
3.82433,2.9207,5.53411,1.00458,0,0,-50,-3.05143,-3.39556,3.38427,1.97595,1.2561,-1.24385,0.380636,-2.03673,0,107.334,0,-72.6953,0,-0.052182,0,19.215,-6.07272,43.1939,-24.6838,-35.9624,-43.6186,-0.0303481,-42.1949,11.0532,18.6997,53.9442,40.7586,-34.2447,30.0811,-11.1157,32.7767,22.8737,0.00469443,0.0877843,0.253238,0.191338,-0.160759,0.141214,-0.052182,0.153868,0.107379,-5.98494,43.4471,-24.4925,-36.1232,-43.4774,-0.0825301,-42.0411,11.1606,-53.0683,-59.0532,58.8568,34.3643,21.8452,-21.6322,6.61975,-35.4213,
3.84692,2.9073,5.53523,1.00902,0,0,-50,-3.07949,-3.36968,3.3916,2.0064,1.25271,-1.25076,0.370622,-2.04777,0,109.028,0,-73.7002,0,0.0313956,0,19.5484,-5.0955,43.32,-24.1998,-36.2899,-43.6187,0.0182591,-42.1454,11.2407,18.5218,53.9478,41.6043,-33.4569,30.4463,-11.9418,32.882,23.4948,0.00262904,0.0486945,0.141831,0.10938,-0.0879597,0.0800447,-0.0313956,0.0864484,0.0617688,-5.04681,43.4618,-24.0904,-36.3779,-43.5386,-0.0131365,-42.0589,11.3025,-53.5564,-58.6032,58.9844,34.894,21.7863,-21.7524,6.4456,-35.6133,
3.87002,2.89388,5.53623,1.0139,0,0,-50,-3.14206,-3.36867,3.40803,2.06504,1.24996,-1.24332,0.337991,-2.06636,0,110.76,0,-74.7069,0,0.106891,0,19.9142,-4.09381,43.4261,-23.7105,-36.6115,-43.6186,0.0621658,-42.0901,11.4462,18.2765,53.9589,42.4243,-32.6107,30.8171,-12.8018,32.97,24.1365,0.00834964,0.152603,0.450538,0.354228,-0.272288,0.257312,-0.106891,0.275287,0.201531,-3.94121,43.8767,-23.3563,-36.8837,-43.3613,-0.0447251,-41.8148,11.6477,-54.6444,-58.5857,59.2701,35.9138,21.7384,-21.6229,5.87811,-35.9367,
3.89318,2.88082,5.53714,1.01794,0,0,-50,-3.19726,-3.36152,3.42119,2.11727,1.24801,-1.23713,0.311238,-2.08196,0,112.498,0,-75.6866,0,0.175234,0,20.2171,-3.08682,43.5093,-23.2303,-36.918,-43.6185,0.101913,-42.0435,11.6161,17.9745,53.9771,43.2191,-31.7343,31.1518,-13.6856,33.0143,24.7612,0.0128042,0.230149,0.691133,0.553386,-0.406332,0.398873,-0.175234,0.422721,0.317047,-2.85667,44.2004,-22.6769,-37.3244,-43.2197,-0.0733209,-41.6208,11.9331,-55.6045,-58.4611,59.4989,36.822,21.7044,-21.5152,5.41283,-36.2079,
3.91615,2.86792,5.53826,1.02288,0,0,-50,-3.2527,-3.35471,3.43338,2.17002,1.24598,-1.22991,0.279501,-2.10092,0,114.22,0,-76.6537,0,0.258811,0,20.5875,-2.08705,43.5687,-22.7523,-37.2145,-43.6184,0.15052,-41.9856,11.8235,17.6193,54.0074,43.9527,-30.8164,31.4974,-14.568,33.0428,25.4009,0.0177657,0.313018,0.959479,0.780852,-0.547476,0.559574,-0.258811,0.587028,0.451265,-1.77403,44.5282,-21.9714,-37.762,-43.0588,-0.108292,-41.3986,12.2748,-56.5687,-58.3427,59.7109,37.7394,21.6691,-21.3897,4.86089,-36.5377,
3.9388,2.85525,5.53935,1.02689,0,0,-50,-3.30279,-3.34421,3.44333,2.21882,1.24446,-1.22331,0.252565,-2.11704,0,115.919,0,-77.6038,0,0.340601,0,20.8886,-1.09975,43.6048,-22.2791,-37.4997,-43.6182,0.198087,-41.9378,11.992,17.2264,54.0391,44.6448,-29.884,31.8062,-15.4648,33.0249,26.0148,0.0220243,0.379399,1.19017,0.983269,-0.658173,0.700508,-0.340601,0.72735,0.572956,-0.720355,44.795,-21.2958,-38.1579,-42.9177,-0.142514,-41.2105,12.5649,-57.4398,-58.1601,59.8839,38.5881,21.6427,-21.275,4.39243,-36.818,
3.96449,2.8407,5.5404,1.03176,0,0,-50,-3.35103,-3.32539,3.4519,2.26866,1.24354,-1.21748,0.224676,-2.13516,0,117.846,0,-78.695,0,0.419708,0,21.2535,0.0208727,43.6187,-21.7311,-37.8199,-43.618,0.244093,-41.879,12.1959,16.7209,54.0812,45.365,-28.7844,32.1611,-16.5119,32.9787,26.7188,0.0254184,0.425019,1.37466,1.15311,-0.731654,0.817485,-0.419708,0.838267,0.67915,0.445892,44.9933,-20.578,-38.5516,-42.8005,-0.175615,-41.0407,12.875,-58.2788,-57.8329,60.033,39.4549,21.6268,-21.1736,3.90741,-37.1333,
3.98589,2.8284,5.54151,1.03617,0,0,-50,-3.39233,-3.31046,3.45847,2.31201,1.24266,-1.21147,0.198071,-2.15221,0,119.451,0,-79.618,0,0.502392,0,21.5843,0.954412,43.6082,-21.264,-38.0845,-43.6177,0.29218,-41.8248,12.3805,16.2581,54.1222,45.9101,-27.8283,32.4577,-17.3991,32.9146,27.3154,0.0288746,0.469446,1.56276,1.32564,-0.803532,0.937204,-0.502392,0.950398,0.788723,1.42386,45.171,-19.9384,-38.888,-42.6805,-0.210212,-40.8744,13.1692,-58.9971,-57.5732,60.1473,40.2089,21.6115,-21.069,3.44471,-37.4297,
4.01203,2.8144,5.54261,1.04029,0,0,-50,-3.43414,-3.28534,3.4636,2.35636,1.24237,-1.20604,0.174106,-2.16825,0,121.411,0,-80.6678,0,0.585075,0,21.8934,2.09377,43.5684,-20.7289,-38.3784,-43.6173,0.340266,-41.7734,12.5528,15.6173,54.2183,46.5516,-26.6525,32.7628,-18.4957,32.7744,28.0095,0.031633,0.494021,1.71509,1.47257,-0.843099,1.03639,-0.585075,1.03675,0.886024,2.58779,45.2835,-19.2563,-39.2215,-42.5809,-0.244809,-40.7366,13.4388,-59.7242,-57.1364,60.2365,40.9802,21.6064,-20.9746,3.02793,-37.7087,
4.03308,2.80053,5.54374,1.04526,0,0,-50,-3.46856,-3.26557,3.46809,2.39984,1.24202,-1.20044,0.146939,-2.18671,0,122.99,0,-81.7078,0,0.669583,0,22.2665,3.0101,43.5147,-20.1948,-38.6621,-43.6169,0.389412,-41.7104,12.7604,15.1051,54.2219,46.9368,-25.6272,33.0801,-19.4413,32.6703,28.6259,0.0344413,0.52024,1.86747,1.61656,-0.882632,1.13932,-0.669583,1.12521,0.985914,3.53034,45.3821,-18.5782,-39.5447,-42.4776,-0.28017,-40.5852,13.7463,-60.3228,-56.7924,60.3146,41.7364,21.6003,-20.8773,2.55547,-38.0298,
4.05715,2.78807,5.54473,1.04931,0,0,-50,-3.50047,-3.23711,3.47012,2.43581,1.24224,-1.19603,0.125565,-2.20192,0,124.795,0,-82.6426,0,0.744184,0,22.5703,4.05681,43.4296,-19.7113,-38.9108,-43.6165,0.432797,-41.6584,12.9292,14.4013,54.3658,47.4194,-24.4913,33.3436,-20.477,32.4781,29.2669,0.0363425,0.523379,1.97579,1.72334,-0.890073,1.21179,-0.744184,1.18034,1.06363,4.58019,45.4054,-17.988,-39.8009,-42.4047,-0.311387,-40.4781,13.9929,-60.8777,-56.2975,60.35,42.362,21.6042,-20.8006,2.18374,-38.2943,
4.08113,2.77326,5.54595,1.05424,0,0,-50,-3.53233,-3.20874,3.47209,2.47835,1.24243,-1.19053,0.0993259,-2.22044,0,126.594,0,-83.7535,0,0.835844,0,22.9397,5.09699,43.3198,-19.1328,-39.1985,-43.616,0.486102,-41.5942,13.1343,13.6965,54.4411,47.7634,-23.2886,33.6492,-21.5745,32.2745,29.9476,0.0387422,0.530633,2.10917,1.85046,-0.902253,1.30364,-0.835844,1.25038,1.16024,5.62762,45.429,-17.2824,-40.1008,-42.3123,-0.349742,-40.3438,14.2945,-61.4319,-55.8043,60.3841,43.1017,21.6074,-20.7049,1.72741,-38.6164,
4.10564,2.76012,5.54707,1.05877,0,0,-50,-3.56021,-3.17613,3.47221,2.51395,1.24295,-1.18586,0.0762318,-2.23734,0,128.432,0,-84.7386,0,0.919421,0,23.2794,6.15704,43.1819,-18.6163,-39.4464,-43.6154,0.534706,-41.5343,13.3225,12.8844,54.623,48.1091,-22.0711,33.9125,-22.672,32.014,30.6128,0.0405532,0.522502,2.21514,1.95098,-0.895053,1.37526,-0.919421,1.29827,1.24145,6.67954,45.3971,-16.6654,-40.3415,-42.2401,-0.384716,-40.236,14.564,-61.9166,-55.2371,60.3862,43.7208,21.6165,-20.6237,1.32577,-38.9103,
4.12933,2.7466,5.54819,1.06318,0,0,-50,-3.58483,-3.14277,3.47157,2.54931,1.2436,-1.18127,0.0538816,-2.25388,0,130.209,0,-85.7525,0,1.00393,0,23.6102,7.1783,43.0239,-18.0814,-39.6945,-43.6148,0.58385,-41.4751,13.5056,12.0673,54.7925,48.3531,-20.8602,34.1668,-23.7696,31.7288,31.2652,0.0422358,0.509672,2.31421,2.04223,-0.881047,1.44306,-1.00393,1.34009,1.32051,7.68798,45.3381,-16.0392,-40.5755,-42.1717,-0.420079,-40.135,14.8261,-62.3448,-54.6568,60.3751,44.3359,21.6279,-20.5438,0.937071,-39.198,
4.15612,2.73246,5.54928,1.06778,0,0,-50,-3.6073,-3.10082,3.46954,2.58354,1.24465,-1.17724,0.032293,-2.27066,0,132.218,0,-86.8131,0,1.08572,0,23.9553,8.32798,42.8163,-17.5183,-39.9462,-43.6141,0.631412,-41.4125,13.6963,11.0676,55.068,48.5921,-19.4945,34.422,-25.0092,31.3528,31.9806,0.0434127,0.480473,2.39065,2.10952,-0.846308,1.49435,-1.08572,1.36111,1.38836,8.80846,45.2069,-15.4088,-40.7925,-42.1197,-0.454306,-40.0514,15.0847,-62.7357,-53.9273,60.3399,44.9311,21.6461,-20.4737,0.561618,-39.4898,
4.18091,2.71799,5.55041,1.072,0,0,-50,-3.62645,-3.06073,3.46698,2.61805,1.24572,-1.17306,0.0118649,-2.28651,0,134.077,0,-87.8988,0,1.17019,0,24.2717,9.38695,42.5966,-16.9382,-40.1956,-43.6134,0.680534,-41.3544,13.8709,10.1167,55.2985,48.6888,-18.1899,34.6579,-26.2071,30.9655,32.6581,0.0446517,0.451726,2.46917,2.17404,-0.812208,1.54753,-1.17019,1.38266,1.45824,9.83867,45.0658,-14.7641,-41.0078,-42.0658,-0.489656,-39.9717,15.3291,-63.0688,-53.2301,60.2954,45.5312,21.6647,-20.4011,0.206347,-39.7654,
4.20373,2.70364,5.55157,1.07711,0,0,-50,-3.64304,-3.0232,3.46384,2.65183,1.24673,-1.16866,-0.012101,-2.30492,0,135.789,0,-88.9747,0,1.25738,0,24.6546,10.3564,42.3714,-16.3598,-40.4344,-43.6125,0.731235,-41.283,14.0818,9.20331,55.5047,48.6497,-16.9519,34.9054,-27.3338,30.6082,33.3221,0.0460009,0.423361,2.55327,2.23793,-0.779802,1.60568,-1.25738,1.40801,1.53285,10.7798,44.9246,-14.1219,-41.2142,-42.0069,-0.526144,-39.875,15.6147,-63.3571,-52.5774,60.2406,46.1187,21.6823,-20.3245,-0.210452,-40.0855,
4.22808,2.68943,5.5527,1.08183,0,0,-50,-3.65714,-2.9804,3.4596,2.68343,1.248,-1.16468,-0.0337028,-2.32204,0,137.615,0,-90.0407,0,1.34189,0,25.0087,11.385,42.1066,-15.7835,-40.6629,-43.6117,0.780376,-41.2161,14.2766,8.17149,55.8066,48.5838,-15.6468,35.128,-28.5327,30.1691,34.0016,0.0470298,0.384304,2.62457,2.28488,-0.735866,1.65206,-1.34189,1.41884,1.59909,11.7694,44.7312,-13.4986,-41.3987,-41.9596,-0.561511,-39.7972,15.8757,-63.6024,-51.833,60.167,46.6684,21.7043,-20.2553,-0.586135,-40.3834,
4.25569,2.67543,5.55389,1.08656,0,0,-50,-3.6698,-2.92948,3.45403,2.71296,1.24956,-1.16072,-0.0549099,-2.33938,0,139.686,0,-91.0905,0,1.43087,0,25.3638,12.5432,41.7763,-15.2128,-40.8798,-43.6107,0.832115,-41.148,14.4715,6.92835,56.2947,48.5179,-14.2003,35.3324,-29.865,29.5993,34.7285,0.0479111,0.331945,2.69715,2.32455,-0.680353,1.69281,-1.43087,1.41814,1.66388,12.8751,44.4734,-12.8882,-41.5602,-41.9179,-0.59875,-39.7299,16.1354,-63.8226,-50.9475,60.0701,47.1819,21.7315,-20.1864,-0.954955,-40.6849,
4.27844,2.66195,5.55507,1.0913,0,0,-50,-3.6797,-2.88744,3.44855,2.74168,1.25091,-1.15654,-0.0767768,-2.35676,0,141.392,0,-92.1017,0,1.51984,0,25.7188,13.4901,41.4802,-14.6603,-41.0812,-43.6097,0.883853,-41.0791,14.6662,5.88367,56.6521,48.2907,-12.967,35.5236,-31.0097,29.1211,35.3736,0.0490119,0.28837,2.77662,2.36682,-0.635535,1.74108,-1.51984,1.42728,1.73372,13.7785,44.2568,-12.2935,-41.7167,-41.8686,-0.63599,-39.6518,16.3999,-63.9948,-50.2163,59.9748,47.6813,21.7549,-20.1137,-1.33525,-40.9871,
4.3064,2.64805,5.55623,1.0962,0,0,-50,-3.68674,-2.83176,3.4416,2.7687,1.2527,-1.15291,-0.0976529,-2.37435,0,143.489,0,-93.1443,0,1.60703,0,26.0864,14.6444,41.0868,-14.0878,-41.281,-43.6086,0.93455,-41.0067,14.8673,4.5324,57.2703,48.0591,-11.506,35.7069,-32.3819,28.4527,36.1046,0.0496274,0.224931,2.84218,2.38505,-0.571015,1.77204,-1.60703,1.41204,1.79178,14.8694,43.929,-11.7027,-41.852,-41.8366,-0.672483,-39.5947,16.6591,-64.1173,-49.2479,59.854,48.1513,21.786,-20.0506,-1.69831,-41.293,
4.33119,2.63344,5.55744,1.101,0,0,-50,-3.69168,-2.7817,3.43435,2.79726,1.25439,-1.14897,-0.118885,-2.39189,0,145.349,0,-94.24,0,1.6978,0,26.4469,15.6586,40.7111,-13.4832,-41.4824,-43.6075,0.987325,-40.9348,15.0642,3.3131,57.7636,47.648,-10.1746,35.8799,-33.6576,27.8391,36.7977,0.0504432,0.167123,2.91378,2.40352,-0.51324,1.80989,-1.6978,1.40429,1.85619,15.8257,43.6249,-11.0797,-41.9956,-41.7976,-0.710474,-39.5305,16.9204,-64.2031,-48.3773,59.7278,48.6481,21.8155,-19.9821,-2.06757,-41.5981,
4.35416,2.61858,5.55864,1.10582,0,0,-50,-3.69451,-2.73428,3.42665,2.82576,1.25607,-1.14506,-0.140191,-2.40941,0,147.071,0,-95.3545,0,1.78771,0,26.8082,16.5892,40.3409,-12.8653,-41.6782,-43.6063,1.0396,-40.8617,15.2613,2.15534,58.202,47.1112,-8.92799,36.0425,-34.8739,27.2528,37.4707,0.051262,0.110487,2.98355,2.41501,-0.457667,1.84761,-1.78771,1.39703,1.92083,16.6997,43.3244,-10.4503,-42.1359,-41.7587,-0.748107,-39.4647,17.1821,-64.2523,-47.5527,59.594,49.1437,21.8446,-19.914,-2.4381,-41.9028,
4.38258,2.60381,5.55988,1.11066,0,0,-50,-3.69409,-2.67267,3.41753,2.85183,1.25817,-1.14141,-0.160433,-2.42704,0,149.203,0,-96.4619,0,1.88026,0,27.1713,17.7291,39.8531,-12.2486,-41.8636,-43.605,1.09341,-40.7874,15.4589,0.669701,58.9819,46.5601,-7.46457,36.1837,-36.3215,26.429,38.2169,0.0517672,0.0346686,3.05333,2.41029,-0.38642,1.87313,-1.88026,1.36816,1.97838,17.7637,42.9064,-9.83828,-42.25,-41.7318,-0.786849,-39.4192,17.4373,-64.245,-46.4812,59.4353,49.597,21.8812,-19.8506,-2.79015,-42.2094,
4.40624,2.58894,5.5611,1.11561,0,0,-50,-3.69256,-2.62101,3.40843,2.87836,1.26004,-1.13759,-0.181793,-2.44496,0,150.977,0,-97.5773,0,1.97196,0,27.5425,18.6668,39.4225,-11.6246,-42.0411,-43.6036,1.14672,-40.7104,15.6606,-0.594283,59.5624,45.8532,-6.22052,36.3188,-37.5807,25.744,38.9049,0.0524725,-0.0311835,3.12539,2.40604,-0.326406,1.90574,-1.97196,1.35085,2.04144,18.6356,42.5479,-9.21859,-42.3675,-41.6978,-0.825234,-39.3595,17.7021,-64.2184,-45.5827,59.2771,50.0585,21.9137,-19.7841,-3.16161,-42.5211,
4.43432,2.57468,5.56229,1.1207,0,0,-50,-3.68694,-2.55685,3.39847,2.90166,1.26222,-1.13424,-0.202244,-2.46302,0,153.083,0,-98.6469,0,2.06093,0,27.9245,19.7663,38.8829,-11.0239,-42.2026,-43.6022,1.19845,-40.6301,15.8678,-2.12944,60.4861,45.1289,-4.82312,36.4377,-39.0187,24.8421,39.6416,0.0528191,-0.112475,3.19482,2.38367,-0.254753,1.9246,-2.06093,1.31214,2.09383,19.6538,42.0777,-8.64023,-42.4574,-41.6776,-0.862482,-39.3179,17.9616,-64.1208,-44.467,59.1038,50.4636,21.9517,-19.7259,-3.51728,-42.8352,
4.45811,2.56057,5.56353,1.12586,0,0,-50,-3.68156,-2.50278,3.38847,2.92513,1.26421,-1.13042,-0.22412,-2.48157,0,154.867,0,-99.7048,0,2.15442,0,28.311,20.6856,38.4018,-10.4275,-42.3539,-43.6007,1.2528,-40.5477,16.0769,-3.4575,61.2296,44.2927,-3.63146,36.5461,-40.2751,24.074,40.3245,0.0534925,-0.18495,3.27532,2.36933,-0.194256,1.95494,-2.15442,1.28778,2.15706,20.5006,41.6771,-8.05822,-42.5482,-41.6457,-0.901619,-39.26,18.234,-64.0272,-43.5266,58.93,50.8718,21.9862,-19.6595,-3.89774,-43.1577,
4.48731,2.54588,5.56471,1.13105,0,0,-50,-3.67021,-2.43256,3.37734,2.94738,1.26657,-1.12731,-0.244186,-2.49978,0,157.057,0,-100.807,0,2.2425,0,28.7002,21.7981,37.7813,-9.80414,-42.5025,-43.5992,1.304,-40.4638,16.2871,-5.10284,62.3457,43.3488,-2.24639,36.6382,-41.7841,23.0322,41.0818,0.0536688,-0.273863,3.34602,2.32648,-0.120561,1.96633,-2.2425,1.23611,2.20481,21.5243,41.1273,-7.47766,-42.6231,-41.6328,-0.938497,-39.2277,18.4919,-63.8297,-42.3054,58.7364,51.2587,22.0274,-19.6055,-4.24672,-43.4744,
4.51334,2.53048,5.56593,1.13625,0,0,-50,-3.65848,-2.36949,3.36569,2.97098,1.26884,-1.12388,-0.265181,-2.51827,0,159.01,0,-101.962,0,2.33416,0,29.0903,22.7741,37.2012,-9.14848,-42.6485,-43.5975,1.35729,-40.3785,16.4974,-6.59977,63.2974,42.2463,-1.02151,36.7174,-43.1747,22.0905,41.8163,0.0540632,-0.356805,3.42206,2.28397,-0.0552259,1.98506,-2.33416,1.19428,2.26072,22.4173,40.6232,-6.86451,-42.7037,-41.6125,-0.976874,-39.1842,18.7581,-63.6257,-41.2085,58.5338,51.6693,22.0667,-19.5458,-4.61184,-43.7961,
4.53944,2.51481,5.5672,1.14152,0,0,-50,-3.64482,-2.30538,3.35331,2.99434,1.27118,-1.12031,-0.286589,-2.53717,0,160.967,0,-103.137,0,2.42943,0,29.4858,23.7372,36.5941,-8.47885,-42.7866,-43.5958,1.41267,-40.291,16.71,-8.12137,64.3087,41.026,0.164912,36.7795,-44.5744,21.1068,42.5603,0.0545029,-0.442638,3.50501,2.23604,0.0089882,2.00459,-2.42943,1.15038,2.31966,23.2946,40.0992,-6.24282,-42.7777,-41.5912,-1.01677,-39.1406,19.0297,-63.3881,-40.0935,58.3184,52.0756,22.1076,-19.4836,-4.98416,-44.1247,
4.56597,2.49915,5.56845,1.1462,0,0,-50,-3.62844,-2.23874,3.34046,3.01674,1.27363,-1.11695,-0.305387,-2.5544,0,162.956,0,-104.311,0,2.52292,0,29.8363,24.6993,35.9518,-7.80817,-42.9141,-43.594,1.46701,-40.2124,16.8982,-9.67545,65.4165,39.7169,1.3144,36.8066,-46,20.0398,43.2908,0.054846,-0.53066,3.58784,2.17832,0.0720895,2.0187,-2.52292,1.09911,2.37433,24.1686,39.5397,-5.62985,-42.842,-41.5753,-1.05591,-39.1133,19.2725,-63.1032,-38.9346,58.0949,52.4651,22.1501,-19.4252,-5.31108,-44.4244,
4.59315,2.48239,5.56973,1.15196,0,0,-50,-3.60928,-2.16926,3.32639,3.04006,1.27615,-1.11349,-0.328165,-2.57464,0,164.995,0,-105.569,0,2.61908,0,30.2686,25.6672,35.2673,-7.08762,-43.039,-43.5921,1.5229,-40.1144,17.1297,-11.2983,66.5991,38.2034,2.43994,36.8431,-47.4633,18.9412,44.0855,0.0551813,-0.623452,3.67502,2.10811,0.134639,2.03305,-2.61908,1.0452,2.43269,25.0438,38.9423,-4.9795,-42.9043,-41.559,-1.09618,-39.0692,19.5624,-62.77,-37.7263,57.8502,52.8707,22.1939,-19.3651,-5.70721,-44.7764,
4.6198,2.46917,5.571,1.15724,0,0,-50,-3.58948,-2.10119,3.31404,3.05712,1.2786,-1.11002,-0.349066,-2.59358,0,166.994,0,-106.56,0,2.71439,0,30.665,26.598,34.5707,-6.5181,-43.1289,-43.5901,1.5783,-40.0233,17.3415,-12.8558,67.9935,36.8809,3.46886,36.8589,-48.8328,17.7782,44.7856,0.0555854,-0.714594,3.77945,2.05004,0.192818,2.04881,-2.71439,0.988208,2.48943,25.8834,38.3502,-4.46806,-42.9361,-41.5413,-1.13609,-39.0351,19.8309,-62.4258,-36.5424,57.6354,53.1674,22.2366,-19.3047,-6.07071,-45.1058,
4.64658,2.45437,5.57222,1.16249,0,0,-50,-3.56657,-2.03087,3.30055,3.076,1.28112,-1.10684,-0.369409,-2.61224,0,169.003,0,-107.67,0,2.80605,0,31.0587,27.5143,33.846,-5.87907,-43.2206,-43.5881,1.63157,-39.9317,17.5513,-14.4384,69.3927,35.3425,4.44456,36.8554,-50.2393,16.5786,45.5189,0.0558537,-0.806437,3.87584,1.97401,0.248245,2.05851,-2.80605,0.92598,2.5424,26.7078,37.7219,-3.90506,-42.9724,-41.5296,-1.17448,-39.0057,20.0937,-62.0273,-35.3194,57.4008,53.4957,22.2803,-19.2493,-6.42451,-45.4302,
4.67364,2.43877,5.57348,1.16793,0,0,-50,-3.54128,-1.95893,3.2861,3.09546,1.28372,-1.10358,-0.390526,-2.63157,0,171.032,0,-108.84,0,2.90043,0,31.4667,28.42,33.0892,-5.20399,-43.3071,-43.586,1.68642,-39.8356,17.7683,-16.0456,70.8511,33.6395,5.36055,36.835,-51.6659,15.3345,46.2792,0.0561382,-0.90077,3.97745,1.88846,0.300931,2.06785,-2.90043,0.86085,2.59803,27.5192,37.0666,-3.31553,-43.0062,-41.5182,-1.21401,-38.9747,20.3663,-61.5875,-34.0683,57.1496,53.8341,22.3256,-19.1926,-6.79176,-45.7665,
4.70076,2.42253,5.57485,1.17347,0,0,-50,-3.5144,-1.88669,3.27063,3.11524,1.28647,-1.09996,-0.412521,-2.65168,0,173.066,0,-110.058,0,3.00289,0,31.882,29.3068,32.3063,-4.5001,-43.3859,-43.5837,1.74596,-39.7366,17.9886,-17.6616,72.3599,31.7861,6.20078,36.7897,-53.0968,14.0528,47.0594,0.056555,-0.99885,4.09231,1.79766,0.350685,2.08064,-3.00289,0.794756,2.66145,28.3079,36.3986,-2.70243,-43.0352,-41.5031,-1.25693,-38.9419,20.65,-61.12,-32.812,56.8805,54.1781,22.3734,-19.1297,-7.17428,-46.1161,
4.72709,2.40466,5.57603,1.17902,0,0,-50,-3.4847,-1.81407,3.25392,3.13666,1.28911,-1.09707,-0.433753,-2.67109,0,175.041,0,-111.398,0,3.09187,0,32.2981,30.1472,31.5236,-3.72418,-43.4594,-43.5816,1.79767,-39.6362,18.2088,-19.2693,73.8007,29.7085,6.92013,36.7246,-54.5169,12.801,47.8744,0.0567139,-1.09284,4.18553,1.68488,0.392467,2.08279,-3.09187,0.725992,2.71514,29.0543,35.7091,-2.03929,-43.0669,-41.4988,-1.2942,-38.9102,20.9239,-60.6034,-31.5491,56.5899,54.5506,22.4193,-19.0795,-7.54353,-46.4537,
4.75425,2.38856,5.57728,1.18481,0,0,-50,-3.45305,-1.73938,3.23802,3.15478,1.29181,-1.09396,-0.455887,-2.69138,0,177.078,0,-112.606,0,3.18535,0,32.7323,30.992,30.6934,-3.02425,-43.5137,-43.5793,1.85199,-39.5301,18.4379,-20.8741,75.4781,27.6783,7.58053,36.6543,-55.9243,11.4478,48.6654,0.0569582,-1.18895,4.2991,1.57651,0.431773,2.08777,-3.18535,0.652047,2.7719,29.803,34.9925,-1.44774,-43.0819,-41.4916,-1.33336,-38.8781,21.2098,-60.0531,-30.2501,56.3134,54.8657,22.4663,-19.0253,-7.92847,-46.8065,
4.78195,2.37296,5.57835,1.19063,0,0,-50,-3.41767,-1.66104,3.22258,3.17156,1.29437,-1.09154,-0.476997,-2.71096,0,179.155,0,-113.776,0,3.26535,0,33.1691,31.8301,29.8234,-2.34495,-43.5556,-43.5773,1.89847,-39.4221,18.6678,-22.4773,77.3081,25.5947,8.15946,36.5802,-57.337,10.0183,49.4503,0.0569502,-1.28008,4.40271,1.45762,0.464683,2.08325,-3.26535,0.570542,2.81621,30.55,34.2261,-0.887329,-43.0909,-41.4941,-1.36688,-38.8515,21.4841,-59.4377,-28.8877,56.0448,55.1575,22.5108,-18.9833,-8.29559,-47.1471,
4.80941,2.35751,5.57951,1.19656,0,0,-50,-3.38136,-1.58366,3.20684,3.18768,1.29701,-1.08877,-0.49904,-2.73128,0,181.215,0,-114.934,0,3.35254,0,33.614,32.6371,28.9379,-1.67186,-43.5866,-43.5751,1.94913,-39.3106,18.9014,-24.0435,79.2013,23.4454,8.63673,36.4881,-58.7192,8.56453,50.2363,0.0570945,-1.37275,4.52196,1.3386,0.493109,2.08327,-3.35254,0.488987,2.86821,31.2644,33.4599,-0.333253,-43.0935,-41.4918,-1.40341,-38.8216,21.7696,-58.8063,-27.5419,55.7711,55.4379,22.5568,-18.9351,-8.67896,-47.5006,
4.83658,2.34266,5.58071,1.20255,0,0,-50,-3.34406,-1.50713,3.19138,3.20261,1.29968,-1.08584,-0.521457,-2.75192,0,183.253,0,-116.048,0,3.44241,0,34.0625,33.4112,28.0407,-1.02451,-43.6066,-43.5727,2.00134,-39.1969,19.1361,-25.5549,81.1677,21.2814,9.01456,36.3853,-60.0611,7.087,51.0094,0.0573152,-1.46469,4.65215,1.21975,0.516672,2.08543,-3.44241,0.406193,2.92362,31.9465,32.6928,0.195237,-43.09,-41.4873,-1.44107,-38.7907,22.0597,-58.1575,-26.211,55.5023,55.6976,22.6031,-18.8842,-9.06882,-47.8595,
4.86417,2.32379,5.58186,1.20855,0,0,-50,-3.30269,-1.42746,3.17194,3.2219,1.30247,-1.08327,-0.543876,-2.77258,0,185.322,0,-117.464,0,3.52871,0,34.5128,34.172,27.1084,-0.201288,-43.6182,-43.5704,2.05148,-39.0813,19.3711,-27.1647,83.0708,18.6419,9.2207,36.2193,-61.47,5.59662,51.8924,0.0574054,-1.5594,4.76871,1.07015,0.529318,2.07918,-3.52871,0.321276,2.9789,32.6126,31.8771,0.868859,-43.0889,-41.4912,-1.47723,-38.76,22.35,-57.438,-24.8255,55.1641,56.033,22.6517,-18.8395,-9.45871,-48.2187,
4.89232,2.30852,5.58301,1.21409,0,0,-50,-3.25966,-1.34648,3.15573,3.23627,1.30521,-1.08064,-0.564134,-2.79199,0,187.433,0,-118.609,0,3.61501,0,34.9281,34.9214,26.1358,0.464665,-43.6162,-43.568,2.10161,-38.9734,19.5872,-28.6558,85.2598,16.266,9.3795,36.0616,-62.8301,3.9638,52.6656,0.0575362,-1.64875,4.90553,0.935883,0.539661,2.07485,-3.61501,0.228062,3.03018,33.2727,31.0413,1.40055,-43.0765,-41.4931,-1.5134,-38.7454,22.6174,-56.6897,-23.417,54.8823,56.2829,22.6993,-18.7938,-9.81102,-48.5564,
4.91908,2.29022,5.58415,1.22095,0,0,-50,-3.21634,-1.26895,3.13617,3.25371,1.30792,-1.07804,-0.589957,-2.81487,0,189.44,0,-119.981,0,3.70037,0,35.4431,35.6083,25.192,1.26271,-43.6004,-43.5656,2.1512,-38.838,19.8544,-30.1699,87.2676,13.5451,9.32706,35.8878,-64.1364,2.49494,53.5778,0.0576954,-1.74066,5.03493,0.781491,0.538128,2.07056,-3.70037,0.143946,3.09119,33.8676,30.227,2.0442,-43.0623,-41.495,-1.54917,-38.6941,22.9456,-55.9363,-22.0687,54.5421,56.5863,22.7464,-18.7486,-10.2601,-48.9542,
4.94662,2.27411,5.58539,1.2266,0,0,-50,-3.17128,-1.19001,3.11855,3.26809,1.3108,-1.07511,-0.611317,-2.83518,0,191.505,0,-121.189,0,3.79386,0,35.8665,36.2885,24.2019,1.96478,-43.5744,-43.5629,2.2055,-38.7253,20.0733,-31.5891,89.502,10.9687,9.21032,35.6784,-65.4331,0.854067,54.3819,0.0579807,-1.83156,5.18939,0.635971,0.534021,2.06866,-3.79386,0.0495194,3.1531,34.4569,29.3913,2.60075,-43.0404,-41.4942,-1.58836,-38.6758,23.2264,-55.1528,-20.6958,54.2356,56.8363,22.7966,-18.6976,-10.6316,-49.3074,
4.97489,2.25958,5.58641,1.23355,0,0,-50,-3.12229,-1.10712,3.10289,3.28047,1.31332,-1.07287,-0.636205,-2.85764,0,193.626,0,-122.279,0,3.87024,0,36.3878,36.9581,23.1665,2.59799,-43.5412,-43.5606,2.24987,-38.5849,20.342,-32.946,91.9606,8.45252,9.01166,35.5309,-66.6992,-0.839546,55.2087,0.0580254,-1.9117,5.33605,0.49046,0.522905,2.06169,-3.87024,-0.0487149,3.2035,35.0464,28.5026,3.08845,-43.0183,-41.4989,-1.62038,-38.6336,23.5455,-54.3007,-19.2543,53.9633,57.0517,22.8403,-18.6586,-11.0644,-49.698,
5.00247,2.24052,5.58763,1.23986,0,0,-50,-3.07293,-1.02715,3.08165,3.29699,1.31628,-1.07013,-0.660302,-2.87979,0,195.694,0,-123.709,0,3.96194,0,36.8614,37.5828,22.1387,3.42714,-43.4838,-43.5578,2.30312,-38.4556,20.5852,-34.382,94.229,5.45161,8.5325,35.2561,-67.9738,-2.47272,56.1347,0.0582863,-2.004,5.49226,0.317754,0.497328,2.05495,-3.96194,-0.144126,3.27189,35.5788,27.631,3.74489,-42.9865,-41.5029,-1.65882,-38.5998,23.8571,-53.4422,-17.8635,53.594,57.3389,22.8918,-18.611,-11.4835,-50.0833,
5.02982,2.22268,5.58872,1.2462,0,0,-50,-3.02198,-0.947015,3.06167,3.31182,1.31904,-1.06781,-0.683875,-2.9014,0,197.745,0,-125.047,0,4.04373,0,37.3369,38.1741,21.1027,4.20251,-43.4157,-43.5553,2.35062,-38.3244,20.8286,-35.7254,96.5898,2.53204,7.93895,34.9896,-69.1932,-4.12903,57.0321,0.0584412,-2.08784,5.64482,0.147975,0.463962,2.04484,-4.04373,-0.241305,3.33302,36.0863,26.7475,4.35048,-42.9518,-41.5104,-1.69311,-38.5657,24.1616,-52.5561,-16.4698,53.2464,57.5969,22.9399,-18.5706,-11.8935,-50.4591,
5.06065,2.20517,5.58983,1.25323,0,0,-50,-2.96263,-0.856041,3.04222,3.32572,1.3219,-1.06552,-0.709183,-2.9248,0,200.058,0,-126.36,0,4.12641,0,37.8636,38.8066,19.9158,4.96198,-43.3355,-43.5527,2.39864,-38.1771,21.0972,-37.0795,99.418,-0.538785,7.19533,34.721,-70.5028,-6.072,57.966,0.0585284,-2.17021,5.81877,-0.0315342,0.421131,2.03217,-4.12641,-0.355384,3.39266,36.6364,25.7345,4.93044,-42.9144,-41.5205,-1.72778,-38.5325,24.4899,-51.524,-14.8877,52.9082,57.8386,22.9896,-18.5309,-12.3336,-50.8661,
5.08594,2.18796,5.59092,1.25891,0,0,-50,-2.91312,-0.782793,3.02244,3.33914,1.32463,-1.06317,-0.730854,-2.94497,0,201.954,0,-127.651,0,4.2082,0,38.2897,39.2977,18.9282,5.70699,-43.2437,-43.55,2.44613,-38.0567,21.3138,-38.2443,101.693,-3.3872,6.32916,34.4087,-71.5741,-7.64833,58.8159,0.058795,-2.24857,5.97902,-0.19915,0.372123,2.02306,-4.2082,-0.449684,3.45808,37.0491,24.9072,5.50784,-42.8716,-41.527,-1.76207,-38.5064,24.7719,-50.6629,-13.6138,52.5642,58.0721,23.0371,-18.4898,-12.7105,-51.2169,
5.11279,2.17127,5.5919,1.26537,0,0,-50,-2.85856,-0.70395,3.00342,3.35175,1.32722,-1.06116,-0.754593,-2.96656,0,203.968,0,-128.903,0,4.28191,0,38.7741,39.7918,17.8661,6.42806,-43.1424,-43.5476,2.48893,-37.9182,21.5591,-39.3721,104.223,-6.27997,5.32958,34.1167,-72.6578,-9.3467,59.6989,0.0589325,-2.3203,6.14213,-0.370095,0.314086,2.01058,-4.28191,-0.550825,3.51821,37.4715,24.0082,6.05797,-42.8283,-41.537,-1.79298,-38.469,25.0774,-49.7141,-12.2426,52.2334,58.2913,23.082,-18.455,-13.1234,-51.5924,
5.14037,2.15397,5.593,1.27204,0,0,-50,-2.80187,-0.624149,2.98355,3.36439,1.33001,-1.05881,-0.779634,-2.98941,0,206.037,0,-130.2,0,4.36459,0,39.2748,40.2693,16.7622,7.17315,-43.0248,-43.5448,2.53694,-37.7735,21.8118,-40.4749,106.869,-9.29066,4.14229,33.7882,-73.7314,-11.1076,60.6179,0.0591958,-2.39595,6.32621,-0.549969,0.245206,2.00012,-4.36459,-0.657523,3.58833,37.8734,23.0884,6.62318,-42.7796,-41.5447,-1.82766,-38.431,25.4001,-48.7281,-10.8548,51.8879,58.5111,23.1306,-18.4141,-13.5588,-51.9898,
5.1687,2.13578,5.59421,1.27892,0,0,-50,-2.74279,-0.543276,2.96249,3.37725,1.33302,-1.05617,-0.805915,-3.01349,0,208.161,0,-131.564,0,4.4554,0,39.7907,40.728,15.6147,7.95463,-42.8872,-43.5417,2.58965,-37.6225,22.0711,-41.5583,109.629,-12.4463,2.73318,33.4141,-74.7938,-12.9285,61.5821,0.0595691,-2.47559,6.53048,-0.741412,0.162813,1.99045,-4.4554,-0.770137,3.66838,38.2524,22.1452,7.21321,-42.7244,-41.5513,-1.86574,-38.3927,25.7395,-47.7007,-9.44827,51.5216,58.7348,23.183,-18.3682,-14.0159,-52.4086,
5.19676,2.11752,5.5952,1.2858,0,0,-50,-2.68151,-0.461649,2.94119,3.38993,1.33573,-1.05429,-0.831405,-3.03655,0,210.266,0,-132.934,0,4.5291,0,40.3066,41.15,14.4661,8.73654,-42.7348,-43.5392,2.63244,-37.4698,22.3294,-42.5749,112.411,-15.6057,1.14643,33.0343,-75.8069,-14.7372,62.553,0.0597452,-2.54364,6.71605,-0.932365,0.0684934,1.97364,-4.5291,-0.880479,3.73724,38.6063,21.1822,7.80418,-42.6663,-41.5655,-1.89666,-38.3503,26.0666,-46.635,-8.02867,51.1512,58.9553,23.2301,-18.3355,-14.4592,-52.8095,
5.22398,2.09955,5.59638,1.29364,0,0,-50,-2.62273,-0.385442,2.92023,3.40188,1.33864,-1.05166,-0.861723,-3.06304,0,212.308,0,-134.281,0,4.61808,0,40.8944,41.5285,13.3405,9.50279,-42.5709,-43.536,2.6841,-37.2936,22.6224,-43.5157,115.166,-18.7119,-0.57424,32.6571,-76.7235,-16.4491,63.5826,0.0601912,-2.61926,6.93198,-1.12629,-0.0345642,1.96567,-4.61808,-0.990093,3.82711,38.9093,20.2724,8.3765,-42.6055,-41.5703,-1.93398,-38.2837,26.4495,-45.6126,-6.70334,50.7866,59.1631,23.2806,-18.2897,-14.9865,-53.2702,
5.25453,2.08026,5.59759,1.30158,0,0,-50,-2.55482,-0.299461,2.89791,3.41448,1.34175,-1.04913,-0.891979,-3.09021,0,214.599,0,-135.728,0,4.70885,0,41.4903,41.9166,12.0658,10.3224,-42.3797,-43.5327,2.73678,-37.1127,22.918,-44.4419,118.315,-22.0913,-2.64614,32.2159,-77.7078,-18.4385,64.6651,0.0605968,-2.69304,7.16953,-1.33866,-0.160348,1.95218,-4.70885,-1.11731,3.9185,39.2236,19.2354,8.98371,-42.54,-41.5805,-1.97206,-38.23,26.8365,-44.4316,-5.20802,50.3985,59.3822,23.3349,-18.2457,-15.5127,-53.7427,
5.2803,2.0647,5.59845,1.3073,0,0,-50,-2.49546,-0.225896,2.88006,3.42457,1.34419,-1.04753,-0.91304,-3.11003,0,216.531,0,-136.895,0,4.77358,0,41.9191,42.2136,10.9819,10.9803,-42.214,-43.5303,2.77435,-36.9811,23.1297,-45.11,121.008,-24.8452,-4.50195,31.8279,-78.5084,-20.1873,65.4942,0.0608034,-2.74284,7.35768,-1.51067,-0.273734,1.93524,-4.77358,-1.22746,3.98227,39.4707,18.3396,9.46965,-42.4877,-41.5951,-1.99922,-38.2086,27.112,-43.3993,-3.92862,50.088,59.5577,23.3772,-18.2179,-15.879,-54.0875,
5.30714,2.04622,5.59963,1.31467,0,0,-50,-2.43463,-0.152961,2.85836,3.43595,1.34718,-1.04504,-0.942064,-3.13586,0,218.545,0,-138.281,0,4.86166,0,42.4719,42.4931,9.84488,11.7585,-42.0039,-43.5271,2.82548,-36.8096,23.4017,-45.8528,123.82,-27.9391,-6.75603,31.3611,-79.2774,-21.9047,66.5306,0.0613247,-2.81191,7.59324,-1.71336,-0.414311,1.92321,-4.86166,-1.3433,4.07996,39.6812,17.4381,10.0451,-42.4182,-41.6038,-2.03619,-38.1529,27.4816,-42.3414,-2.66019,49.7106,59.7557,23.4293,-18.1746,-16.3837,-54.5366,
5.33461,2.02695,5.60061,1.32212,0,0,-50,-2.36993,-0.0770569,2.83535,3.44756,1.34996,-1.04323,-0.970732,-3.1611,0,220.605,0,-139.726,0,4.93537,0,43.0309,42.7475,8.67412,12.5657,-41.7695,-43.5243,2.86825,-36.6342,23.6754,-46.5544,126.731,-31.1048,-9.27191,30.8648,-80.0188,-23.6592,67.6026,0.0616776,-2.87136,7.81647,-1.91847,-0.571869,1.90367,-4.93537,-1.45924,4.16956,39.8761,16.4906,10.6472,-42.3414,-41.6206,-2.06712,-38.0934,27.845,-41.2162,-1.34012,49.3104,59.9576,23.4775,-18.143,-16.8823,-54.9757,
5.36278,2.00797,5.6018,1.32972,0,0,-50,-2.30436,-0.0020916,2.81333,3.45879,1.35306,-1.04079,-1.00072,-3.18799,0,222.718,0,-141.15,0,5.02435,0,43.6008,42.9749,7.46643,13.3563,-41.5234,-43.5208,2.91988,-36.4532,23.9531,-47.1568,129.757,-34.2337,-11.9716,30.3418,-80.7156,-25.483,68.6807,0.0622475,-2.93539,8.07705,-2.13096,-0.745203,1.8887,-5.02435,-1.58625,4.2752,40.0395,15.5435,11.2254,-42.2686,-41.6321,-2.10446,-38.0395,28.2283,-40.0759,-0.0363757,48.9275,60.1529,23.5315,-18.1006,-17.4038,-55.4433,
5.39367,1.9897,5.60275,1.33728,0,0,-50,-2.2292,0.0826752,2.7929,3.46997,1.35582,-1.03912,-1.02887,-3.21367,0,225.034,0,-142.52,0,5.09533,0,44.1679,43.1849,6.13588,14.1124,-41.2726,-43.518,2.96108,-36.2711,24.228,-47.5984,133.123,-37.3546,-14.9222,29.8352,-81.4309,-27.574,69.727,0.0625725,-2.97835,8.32985,-2.33737,-0.93372,1.86686,-5.09533,-1.72537,4.36299,40.2066,14.4657,11.7751,-42.2063,-41.6512,-2.13426,-37.9964,28.591,-38.7688,1.43783,48.5722,60.3473,23.5795,-18.0717,-17.8934,-55.8899,
5.41804,2.16819,5.60388,1.34486,0,0,-50,-2.20732,0.140668,3.06187,3.36016,1.34765,-1.02563,-1.02641,-3.22362,0,226.862,0,-129.134,0,5.18074,0,44.736,43.3217,5.08149,6.56092,-43.1224,-43.5146,3.01063,-36.0865,24.5021,-38.8626,138.221,-21.4592,-2.44557,35.0045,-80.951,-33.2171,64.6799,0.0639985,-2.48715,8.84593,-1.37336,-0.156513,2.24023,-5.18074,-2.12584,4.13941,40.8345,13.9274,5.18756,-43.2789,-41.2744,-2.17011,-38.2124,28.6415,-38.3881,2.44639,53.25,58.4375,23.4373,-17.8371,-17.8506,-56.0629,
5.44587,1.95296,5.60494,1.35314,0,0,-50,-2.1052,0.215287,2.7506,3.49073,1.36163,-1.03469,-1.09247,-3.2688,0,228.949,0,-145.276,0,5.25981,0,45.3571,43.4463,3.87413,15.6191,-40.7263,-43.5114,3.0565,-35.8824,24.8001,-48.4129,138.854,-43.0455,-20.9137,28.7709,-82.4109,-30.8178,71.9333,0.0638242,-3.08992,8.86226,-2.74734,-1.3348,1.83628,-5.25981,-1.96692,4.59108,40.3564,12.7364,12.8717,-42.0611,-41.6752,-2.2033,-37.8493,29.3911,-36.6122,3.74413,47.8365,60.7083,23.6806,-17.9946,-18.9994,-56.8487,
5.47441,1.93306,5.60596,1.3599,0,0,-50,-2.03514,0.288073,2.72758,3.5018,1.36467,-1.03297,-1.11934,-3.29389,0,231.089,0,-146.769,0,5.33623,0,45.864,43.5391,2.63301,16.4266,-40.4074,-43.5083,3.10084,-35.7139,25.042,-48.7037,141.984,-46.0074,-24.4377,28.1172,-82.8887,-32.6862,72.9955,0.0643783,-3.13546,9.14068,-2.96188,-1.57326,1.81013,-5.33623,-2.10428,4.69932,40.4037,11.7737,13.4647,-41.9806,-41.6982,-2.23539,-37.8182,29.7413,-35.3937,5.00996,47.4362,60.9009,23.7335,-17.9647,-19.4668,-57.285,
5.5042,1.91162,5.60711,1.36856,0,0,-50,-1.96272,0.360883,2.70307,3.51348,1.36795,-1.03088,-1.15443,-3.32468,0,233.324,0,-148.377,0,5.42249,0,46.5138,43.5982,1.33488,17.2891,-40.0459,-43.5047,3.15088,-35.4956,25.3505,-48.9583,145.293,-49.0699,-28.3864,27.4289,-83.2815,-34.5242,74.2547,0.0651104,-3.18769,9.46012,-3.19496,-1.84825,1.78591,-5.42249,-2.24789,4.83476,40.4105,10.795,14.0941,-41.8942,-41.7188,-2.27161,-37.7435,30.1853,-34.1343,6.27623,47.0099,61.104,23.7905,-17.9283,-20.077,-57.8205,
5.53126,1.89635,5.60805,1.37648,0,0,-50,-1.89622,0.426966,2.68836,3.52325,1.37049,-1.02898,-1.18539,-3.35188,0,235.353,0,-149.522,0,5.49352,0,47.108,43.6184,0.154767,17.8985,-39.7773,-43.5017,3.19208,-35.2937,25.6309,-48.9209,148.308,-51.409,-31.7041,26.9596,-83.5899,-36.2802,75.2642,0.0657199,-3.21508,9.74676,-3.37859,-2.08359,1.77178,-5.49352,-2.38433,4.94635,40.4033,9.90152,14.5199,-41.8609,-41.7299,-2.30144,-37.678,30.5773,-32.9778,7.42549,46.7541,61.274,23.8346,-17.8954,-20.6155,-58.2935,
5.55639,1.87621,5.60907,1.38378,0,0,-50,1.54424,3.56074,4.01046,5.13644,0.430762,-1.7375,-1.39831,-2.79526,0,-234.001,0,-151.032,0,5.56991,0,47.6553,43.6085,-0.94135,18.6956,-39.4089,-43.4984,3.23638,-35.1057,25.8878,-51.6142,-202.262,5.35942,-134.391,34.9952,33.6678,65.3474,14.3451,0.165437,-8.53891,-33.4618,0.886648,-22.2333,5.78951,5.56991,10.8109,2.37321,35.0696,-34.4031,19.5823,-61.6422,-37.7089,8.80629,-24.2948,28.261,26.8563,61.9259,69.7471,89.3294,7.49151,-30.2174,-24.3184,-48.6132,
5.587,1.857,5.61012,1.39289,0,0,-50,1.68163,3.64966,3.97191,5.14953,0.42001,-1.74509,-1.467,-2.81332,0,-231.705,0,-152.473,0,5.64812,0,48.3384,43.5593,-2.27546,19.4492,-39.0425,-43.495,3.28174,-34.8684,26.2065,-55.0736,-198.59,6.08525,-132.351,34.4696,33.3303,67.5928,15.5742,0.169459,-9.33271,-33.6528,1.0312,-22.4281,5.84117,5.64812,11.4542,2.63918,34.2266,-35.9283,20.4804,-61.4705,-37.6539,8.92986,-23.4143,28.8457,29.2458,63.4723,69.0766,89.557,7.30453,-30.3493,-25.5131,-48.9273,
5.61057,1.83687,5.61113,1.40121,0,0,-50,1.78996,3.71553,3.93314,5.1622,0.410619,-1.7536,-1.52812,-2.83068,0,-229.937,0,-153.983,0,5.72451,0,48.9622,43.4935,-3.30155,20.2313,-38.643,-43.4917,3.32604,-34.6493,26.4956,-57.8879,-195.559,6.61677,-131.055,33.8635,33.1201,69.4046,16.6567,0.172841,-10.0054,-33.8006,1.14365,-22.6516,5.853,5.72451,11.996,2.87896,33.4881,-37.1022,21.3749,-61.2946,-37.6387,9.05055,-22.6533,29.3745,31.1297,64.6178,68.4024,89.7773,7.1412,-30.4975,-26.576,-49.2293,
5.64042,1.81476,5.61215,1.4087,0,0,-50,1.92329,3.79461,3.88919,5.17375,0.401288,-1.76218,-1.59514,-2.84721,0,-227.698,0,-155.641,0,5.8009,0,49.524,43.3756,-4.59829,21.0807,-38.1863,-43.4883,3.37034,-34.4499,26.7543,-61.1576,-191.618,7.11123,-129.251,33.1041,32.7552,71.5683,17.9742,0.177099,-10.8309,-33.9353,1.25939,-22.8901,5.8627,5.8009,12.6746,3.18321,32.5447,-38.5336,22.3401,-61.0764,-37.6256,9.17124,-21.7752,29.9376,33.4485,65.9932,67.6382,89.9783,6.97893,-30.6466,-27.7415,-49.5167,
5.86512,1.79742,5.6131,1.41734,0,0,-50,3.00061,4.40753,3.93065,5.27225,0.356008,-1.73355,-1.94696,-2.87341,0,-210.846,0,-156.941,0,5.87192,0,50.172,41.2607,-14.147,21.7397,-37.815,-43.485,3.41152,-34.2174,27.051,-75.4349,-160.717,7.15375,-108.73,32.0958,26.3775,81.3317,24.4106,0.222611,-16.7926,-35.7774,1.5925,-24.2045,7.14488,5.87192,18.1053,5.43405,24.4681,-49.9244,23.3322,-62.0195,-36.3402,9.28344,-16.1121,32.4851,52.1846,76.6527,68.3591,91.6913,6.19145,-30.1487,-33.8602,-49.9723,
5.88971,1.77846,5.61403,1.42696,0,0,-50,3.11977,4.45408,3.9133,5.29358,0.345622,-1.7396,-2.03133,-2.89508,0,-209.002,0,-158.363,0,5.94202,0,50.8938,40.9004,-15.1573,22.4527,-37.3961,-43.4818,3.45216,-33.9555,27.379,-77.1774,-156.509,6.76983,-107.513,31.478,25.9163,82.5806,25.3873,0.229277,-17.695,-35.8839,1.55217,-24.6503,7.21717,5.94202,18.9338,5.82072,23.2054,-51.0412,24.0048,-62.0463,-36.2647,9.39418,-15.0217,33.1998,54.2569,77.4623,68.0574,92.0622,6.01081,-30.2539,-35.3276,-50.3492,
5.91537,1.75828,5.61514,1.43572,0,0,-50,3.24844,4.50262,3.89993,5.31954,0.333793,-1.74715,-2.12047,-2.91655,0,-207.078,0,-159.877,0,6.0247,0,51.5508,40.4981,-16.2017,23.2028,-36.9353,-43.478,3.50009,-33.7143,27.6755,-78.8502,-152.05,6.27087,-106.318,30.7517,25.4222,83.843,26.4559,0.236986,-18.6864,-36.0337,1.48611,-25.1958,7.28771,6.0247,19.8696,6.26968,21.8117,-52.2354,24.6889,-62.1312,-36.1903,9.52479,-13.8447,33.9451,56.4947,78.3064,67.8248,92.5137,5.80509,-30.3852,-36.8778,-50.7225,
5.74687,1.7372,5.61632,1.44366,0,0,-50,2.38803,4.04079,3.74395,5.20705,0.362722,-1.79694,-1.86966,-2.91729,0,-219.715,0,-161.458,0,6.11372,0,52.1458,42.6416,-9.18062,23.9762,-36.438,-43.4738,3.55169,-33.4937,27.9421,-71.5925,-175.888,7.56704,-123.034,30.4672,31.4939,78.682,22.2429,0.194124,-13.8978,-34.144,1.46894,-23.8839,5.9144,6.11372,15.274,4.31787,28.7438,-43.3247,25.4451,-60.3219,-37.5594,9.66541,-18.2197,32.2599,41.5309,70.2747,65.1122,90.5573,6.30822,-31.2512,-32.5159,-50.7355,
5.96713,1.71688,5.61752,1.45329,0,0,-50,3.50082,4.58573,3.88042,5.37359,0.309344,-1.76463,-2.30919,-2.96122,0,-203.196,0,-162.982,0,6.20359,0,52.8685,39.6056,-18.2752,24.7113,-35.9435,-43.4695,3.60378,-33.2229,28.2635,-81.7497,-142.787,4.95476,-104.152,29.1731,24.4552,86.2663,28.5979,0.253672,-20.7376,-36.2211,1.25688,-26.4205,7.40038,6.20359,21.8833,7.25447,18.868,-54.4963,25.9682,-62.364,-36.0691,9.80737,-11.3396,35.518,60.8838,79.7518,67.4855,93.4538,5.3799,-30.6892,-40.1598,-51.4994,
5.79913,1.69647,5.61876,1.46217,0,0,-50,2.60846,4.13944,3.67479,5.22096,0.341617,-1.81861,-2.01765,-2.95379,0,-215.795,0,-164.512,0,6.29618,0,53.5345,42.1038,-11.3956,25.4397,-35.4317,-43.4651,3.65744,-32.9706,28.5574,-75.9864,-167.305,7.11964,-120.366,28.9449,30.9098,81.9355,24.2804,0.203695,-15.4781,-34.0793,1.45024,-24.5179,5.89595,6.29618,16.6899,4.94581,26.6257,-45.475,26.89,-59.9497,-37.5691,9.95362,-16.2808,33.5032,45.3645,71.9902,63.9094,90.7994,5.94117,-31.6279,-35.0896,-51.3703,
5.82164,1.67616,5.6201,1.47026,0,0,-50,2.70315,4.17752,3.64276,5.22796,0.330803,-1.83138,-2.08606,-2.97044,0,-214.107,0,-166.036,0,6.39681,0,54.1412,41.8366,-12.3403,26.1542,-34.9077,-43.4601,3.71576,-32.7386,28.8232,-77.769,-163.406,6.79272,-119.439,28.1245,30.7169,83.3519,25.2258,0.208251,-16.1954,-34.0295,1.41459,-24.8732,5.85694,6.39681,17.3581,5.25329,25.6412,-46.3698,27.5687,-59.7809,-37.6032,10.1126,-15.3805,34.0765,47.0114,72.6526,63.3523,90.9211,5.75309,-31.8501,-36.2794,-51.6599,
5.84881,1.65461,5.62155,1.48056,0,0,-50,2.81144,4.21795,3.60979,5.23386,0.318743,-1.84481,-2.16829,-2.99006,0,-212.07,0,-167.652,0,6.50557,0,54.9133,41.486,-13.4722,26.9002,-34.3361,-43.4547,3.77878,-32.4401,29.1587,-79.6706,-158.639,6.29156,-118.219,27.2716,30.4438,84.9287,26.2254,0.213691,-17.0249,-33.8997,1.34445,-25.2624,5.82771,6.50557,18.1485,5.60412,24.4611,-47.3719,28.2446,-59.5985,-37.627,10.2843,-14.2916,34.7628,48.8946,73.3556,62.779,91.0236,5.54335,-32.0836,-37.7094,-52.001,
5.87306,1.63252,5.62301,1.4899,0,0,-50,2.90218,4.24672,3.57463,5.23684,0.307777,-1.85955,-2.24454,-3.00871,0,-210.25,0,-169.309,0,6.61525,0,55.6144,41.147,-14.4744,27.6524,-33.7333,-43.4491,3.84233,-32.1661,29.4606,-81.2844,-154.219,5.74612,-117.362,26.3407,30.2702,86.3746,27.1882,0.21854,-17.7639,-33.7029,1.25576,-25.6484,5.75651,6.61525,18.8763,5.94172,23.3831,-48.1774,28.9081,-59.3816,-37.6926,10.4576,-13.2898,35.4023,50.4728,73.8559,62.1674,91.0755,5.35264,-32.3399,-39.0355,-52.3253,
5.896,1.60877,5.62453,1.50019,0,0,-50,2.97656,4.26323,3.53271,5.2341,0.297558,-1.87608,-2.32085,-3.02854,0,-208.53,0,-171.09,0,6.72941,0,56.3855,40.8042,-15.4144,28.4453,-33.0674,-43.4432,3.90845,-31.8615,29.7898,-82.7347,-149.847,5.13607,-116.793,25.3258,30.2133,87.7919,28.1076,0.22273,-18.4275,-33.3755,1.14396,-26.0133,5.64081,6.72941,19.5539,6.2604,22.3767,-48.7899,29.5893,-59.0807,-37.8024,10.6379,-12.3076,36.0502,51.7663,74.143,61.4385,91.0278,5.17492,-32.6275,-40.3626,-52.6702,
5.91867,1.58783,5.6262,1.50875,0,0,-50,3.059,4.28508,3.50457,5.23816,0.285181,-1.89298,-2.39502,-3.04567,0,-206.829,0,-172.661,0,6.85433,0,57.0282,40.4443,-16.3355,29.1318,-32.4643,-43.4366,3.98081,-31.6051,30.0617,-83.9455,-145.566,4.46739,-116.139,24.3904,30.0918,89.0738,28.992,0.227781,-19.1212,-33.1572,1.01758,-26.4541,5.55566,6.85433,20.2893,6.60381,21.3231,-49.4927,30.1493,-58.9184,-37.881,10.8351,-11.3158,36.6655,53.2,74.5231,60.949,91.0984,4.95967,-32.9213,-41.6525,-52.9682,
5.94203,1.56641,5.6278,1.51831,0,0,-50,3.13321,4.29898,3.47323,5.23749,0.273937,-1.90996,-2.47149,-3.06386,0,-205.078,0,-174.267,0,6.97478,0,57.7446,40.0517,-17.2757,29.8203,-31.833,-43.4302,4.05056,-31.3165,30.3622,-85.0356,-141.074,3.70836,-115.529,23.4305,29.9889,90.3542,29.8445,0.232579,-19.7775,-32.8108,0.862487,-26.8697,5.44943,6.97478,21.0145,6.9412,20.2742,-50.0865,30.6828,-58.7027,-37.9807,11.0253,-10.302,37.3034,54.4906,74.7648,60.404,91.0868,4.76413,-33.2166,-42.9824,-53.2844,
5.96562,1.54588,5.62929,1.52807,0,0,-50,3.2009,4.30733,3.44304,5.23422,0.263917,-1.92605,-2.54745,-3.08185,0,-203.309,0,-175.807,0,7.08621,0,58.4771,39.6332,-18.2154,30.4674,-31.2141,-43.4241,4.11509,-31.0185,30.6666,-85.9529,-136.505,2.88172,-114.921,22.5003,29.8703,91.5749,30.6449,0.237233,-20.3909,-32.3836,0.683639,-27.2631,5.33781,7.08621,21.7246,7.26997,19.2423,-50.599,31.1511,-58.4772,-38.0863,11.2013,-9.29387,37.9366,55.6678,74.9101,59.8789,91.03,4.58986,-33.4964,-44.3035,-53.5974,
5.98774,1.52315,5.63102,1.53797,0,0,-50,3.25521,4.30689,3.40697,5.22728,0.253272,-1.94572,-2.62209,-3.10027,0,-201.65,0,-177.512,0,7.21564,0,59.2195,39.2205,-19.0877,31.1691,-30.5135,-43.4169,4.19002,-30.7134,30.9722,-86.7139,-132.053,2.02386,-114.651,21.4337,29.894,92.7903,31.4512,0.241374,-20.9305,-31.8743,0.488509,-27.6739,5.17354,7.21564,22.3972,7.59152,18.29,-50.962,31.6576,-58.1874,-38.2434,11.4057,-8.31619,38.5637,56.6124,74.9024,59.2516,90.9093,4.40473,-33.8387,-45.6015,-53.9177,
6.00909,1.50134,5.63279,1.54779,0,0,-50,3.30366,4.30309,3.37383,5.22004,0.242284,-1.9659,-2.69482,-3.11788,0,-200.048,0,-179.148,0,7.34868,0,59.9556,38.804,-19.9208,31.8272,-29.8264,-43.4094,4.26702,-30.4079,31.2721,-87.2929,-127.713,1.14395,-114.457,20.3992,29.9446,93.9257,32.1929,0.245409,-21.4225,-31.3421,0.280735,-28.0888,5.00616,7.34868,23.0503,7.90043,17.3815,-51.2629,32.1079,-57.9152,-38.4033,11.6157,-7.35765,39.1726,57.455,74.8364,58.6753,90.7833,4.21364,-34.1896,-46.8664,-54.2241,
6.031,1.47807,5.63481,1.55746,0,0,-50,3.34963,4.29596,3.34008,5.21222,0.22998,-1.98918,-2.76971,-3.13592,0,-198.405,0,-180.892,0,7.50056,0,60.681,38.3583,-20.7661,32.5123,-29.0781,-43.4007,4.35492,-30.1041,31.5648,-87.7303,-123.215,0.186718,-114.395,19.2546,30.0462,95.0801,32.9844,0.249634,-21.9005,-30.7586,0.0466111,-28.5569,4.80661,7.50056,23.7352,8.23401,16.4578,-51.5246,32.559,-57.635,-38.5941,11.8555,-6.36883,39.7988,58.2545,74.7123,58.0883,90.6473,3.99965,-34.5945,-48.1688,-54.5377,
6.05297,1.45547,5.63653,1.56772,0,0,-50,3.38135,4.28,3.30181,5.19685,0.22098,-2.01029,-2.84089,-3.15381,0,-196.757,0,-182.587,0,7.62909,0,61.4504,37.8929,-21.6036,33.1612,-28.3359,-43.3932,4.4293,-29.7787,31.8719,-87.995,-118.677,-0.805795,-114.371,18.1352,30.1525,96.1859,33.7019,0.253017,-22.2642,-30.0272,-0.20388,-28.9377,4.58851,7.62909,24.3366,8.52714,15.6287,-51.6308,32.9573,-57.2736,-38.8047,12.0584,-5.44203,40.399,58.806,74.4348,57.4227,90.38,3.84313,-34.9616,-49.4068,-54.8488,
6.07426,1.43201,5.63873,1.57921,0,0,-50,3.40896,4.26134,3.26505,5.18263,0.207925,-2.03598,-2.91521,-3.17158,0,-195.16,0,-184.347,0,7.7945,0,62.3123,37.4243,-22.4056,33.8169,-27.55,-43.3833,4.52498,-29.4104,32.212,-88.106,-114.168,-1.82358,-114.536,16.993,30.3864,97.2726,34.336,0.256513,-22.6003,-29.2856,-0.467773,-29.38,4.35892,7.7945,24.9517,8.80763,14.8239,-51.6912,33.3492,-56.93,-39.0244,12.3195,-4.45872,41.0197,59.2863,74.1103,56.7835,90.1327,3.61609,-35.4083,-50.6992,-55.158,
6.09389,1.41145,5.64062,1.58775,0,0,-50,3.43357,4.24435,3.23528,5.1704,0.197524,-2.05863,-2.97897,-3.18702,0,-193.688,0,-185.889,0,7.93562,0,62.9532,36.9773,-23.1359,34.376,-26.8492,-43.3747,4.60661,-29.1341,32.4622,-88.0457,-110.099,-2.77777,-114.683,15.9232,30.5419,98.2031,34.9896,0.259827,-22.8767,-28.6066,-0.72174,-29.7977,4.13729,7.93562,25.5159,9.09124,14.1006,-51.7425,33.6542,-56.6469,-39.2374,12.5422,-3.61824,41.5534,59.7142,73.8148,56.2657,89.9199,3.43521,-35.8022,-51.8082,-55.4264,
6.11361,1.38755,5.6428,1.59944,0,0,-50,3.43839,4.21473,3.19031,5.14634,0.186146,-2.08556,-3.04478,-3.2036,0,-192.209,0,-187.682,0,8.09919,0,63.8295,36.514,-23.8603,35.008,-26.0197,-43.3646,4.7012,-28.7528,32.8004,-87.8521,-105.805,-3.77971,-115.146,14.7232,30.9194,99.2222,35.5351,0.261945,-23.0124,-27.715,-0.990078,-30.162,3.85667,8.09919,25.9908,9.30826,13.5016,-51.5753,34.0179,-56.1818,-39.5079,12.8004,-2.76204,42.1086,59.798,73.2996,55.4836,89.5016,3.23732,-36.2706,-52.9527,-55.7147,
6.13348,1.36708,5.64503,1.61024,0,0,-50,3.45415,4.19181,3.16224,5.13237,0.172725,-2.11128,-3.11165,-3.21843,0,-190.719,0,-189.217,0,8.26635,0,64.6394,36.0327,-24.5811,35.5332,-25.2977,-43.354,4.79783,-28.397,33.1089,-87.5147,-101.628,-4.78991,-115.412,13.6988,31.1769,100.097,36.0193,0.265144,-23.204,-26.946,-1.27001,-30.6007,3.63215,8.26635,26.54,9.5503,12.8288,-51.5271,34.2632,-55.8985,-39.7218,13.0642,-1.85699,42.6592,60.0722,72.901,54.9954,89.2587,3.00391,-36.7179,-54.1156,-55.9726,
6.15347,1.34306,5.64735,1.62119,0,0,-50,3.45187,4.15894,3.11821,5.10612,0.16092,-2.14031,-3.17424,-3.23413,0,-189.22,0,-191.018,0,8.44073,0,65.4609,35.5342,-25.2964,36.1305,-24.4372,-43.3427,4.89862,-28.0326,33.418,-87.0001,-97.3204,-5.83349,-116.017,12.4352,31.6019,101.054,36.5746,0.267095,-23.2373,-25.9938,-1.5581,-30.9876,3.32138,8.44073,26.9912,9.76889,12.2969,-51.2902,34.5724,-55.4248,-40.0213,13.3393,-1.04145,43.1869,60.0325,72.3294,54.2297,88.8021,2.79861,-37.2227,-55.2043,-56.2457,
6.17315,1.31743,5.64995,1.63237,0,0,-50,3.44081,4.12233,3.06833,5.07499,0.147797,-2.17285,-3.23466,-3.24966,0,-187.744,0,-192.941,0,8.63578,0,66.2995,35.0296,-25.9907,36.745,-23.503,-43.3298,5.01132,-27.6572,33.7293,-86.3132,-93.0212,-6.87717,-116.846,11.0632,32.1604,102.027,37.1268,0.268522,-23.177,-24.9782,-1.84667,-31.3758,2.97072,8.63578,27.3965,9.96937,11.8526,-50.969,34.8983,-54.8789,-40.3591,13.6471,-0.260745,43.6987,59.8401,71.6927,53.3623,88.2606,2.57039,-37.7887,-56.255,-56.5158,
6.19112,1.29484,5.65214,1.64344,0,0,-50,3.42366,4.08613,3.02041,5.04212,0.13725,-2.20081,-3.28674,-3.26285,0,-186.396,0,-194.635,0,8.80025,0,67.13,34.5567,-26.6162,37.2665,-22.667,-43.3187,5.10633,-27.282,34.0335,-85.5506,-89.1072,-7.82214,-117.608,9.86714,32.6827,102.864,37.5284,0.269263,-23.0356,-23.9933,-2.10621,-31.6674,2.65686,8.80025,27.6975,10.105,11.5211,-50.6095,35.1603,-54.3345,-40.6619,13.9066,0.415494,44.1385,59.542,71.0631,52.5288,87.6891,2.38696,-38.2749,-57.1606,-56.7451,
6.20894,1.27221,5.65476,1.65452,0,0,-50,3.40903,4.05202,2.97746,5.01295,0.122919,-2.23234,-3.34042,-3.27536,0,-185.059,0,-196.332,0,8.9962,0,67.9605,34.0769,-27.2278,37.7698,-21.8181,-43.3052,5.21949,-26.9035,34.3335,-84.6589,-85.246,-8.76354,-118.441,8.66828,33.2661,103.668,37.9063,0.270432,-22.8945,-23.0532,-2.36994,-32.0303,2.34418,8.9962,28.035,10.2511,11.1825,-50.281,35.3999,-53.8484,-40.9611,14.2157,1.13151,44.5846,59.2874,70.4699,51.7819,87.1818,2.13771,-38.8234,-58.0942,-56.9627,
6.22688,1.24785,5.65735,1.66479,0,0,-50,3.38517,4.01473,2.92508,4.97571,0.110238,-2.2651,-3.38864,-3.28819,0,-183.714,0,-198.159,0,9.19035,0,68.7308,33.583,-27.8347,38.2901,-20.8915,-43.2916,5.33158,-26.5495,34.608,-83.5855,-81.3704,-9.70061,-119.476,7.31672,33.9391,104.496,38.3621,0.270789,-22.634,-22.0342,-2.62682,-32.3529,1.98129,9.19035,28.2963,10.3881,10.949,-49.8689,35.6633,-53.2445,-41.3103,14.5219,1.74688,44.9961,58.8725,69.8215,50.8709,86.5342,1.91717,-39.3931,-58.9329,-57.186,
6.24462,1.22596,5.66005,1.67772,0,0,-50,3.36277,3.9784,2.88067,4.94242,0.0946433,-2.29705,-3.43988,-3.29849,0,-182.383,0,-199.801,0,9.39349,0,69.7006,33.084,-28.4259,38.7381,-20.0487,-43.277,5.44881,-26.0997,34.9484,-82.4445,-77.5431,-10.6165,-120.373,6.1982,34.608,105.217,38.546,0.271425,-22.3775,-21.0472,-2.88158,-32.6722,1.68235,9.39349,28.5586,10.4624,10.7065,-49.4731,35.8565,-52.7208,-41.5946,14.8423,2.45886,45.4108,58.483,69.1895,50.0986,85.9551,1.64597,-39.9487,-59.824,-57.3651,
6.26239,1.20044,5.66305,1.68961,0,0,-50,3.32983,3.93901,2.82186,4.8985,0.0788042,-2.33379,-3.48548,-3.30958,0,-181.051,0,-201.715,0,9.61818,0,70.5922,32.5736,-29.0094,39.2372,-19.0534,-43.2605,5.57844,-25.6824,35.2562,-81.0716,-73.684,-11.5148,-121.631,4.80385,35.4774,106.016,38.865,0.271107,-21.9791,-19.9763,-3.12174,-32.9751,1.30236,9.61818,28.7416,10.5366,10.5945,-48.9857,36.1154,-52.0285,-41.9581,15.1966,3.05917,45.7928,57.9101,68.5046,49.0758,85.1913,1.37051,-40.5876,-60.6171,-57.5579,
6.27876,1.17726,5.66555,1.70277,0,0,-50,3.29062,3.89954,2.75976,4.84965,0.0660573,-2.36499,-3.52382,-3.31786,0,-179.823,0,-203.453,0,9.80604,0,71.5791,32.0944,-29.5387,39.6682,-18.1389,-43.2464,5.68679,-25.2163,35.5911,-79.6861,-70.0972,-12.3108,-122.809,3.58411,36.337,106.713,38.9672,0.269864,-21.5044,-18.9167,-3.32225,-33.1418,0.967222,9.80604,28.7981,10.5158,10.59,-48.4554,36.346,-51.2808,-42.2791,15.4928,3.58182,46.1069,57.2281,67.8181,47.9958,84.3417,1.14882,-41.1303,-61.2837,-57.7019,
0.0113371,1.15282,5.66835,1.71376,0,0,-50,3.25222,3.86358,2.69573,4.79991,0.0517217,-2.39965,-3.55806,-3.32661,0,-178.641,0,-205.286,0,10.0155,0,72.4034,31.6249,-30.0408,40.0996,-17.1643,-43.2303,5.80752,-24.8236,35.8661,-78.1632,-66.6988,-13.0509,-124.174,2.22571,37.2914,107.415,39.2094,0.268574,-20.9926,-17.9135,-3.50513,-33.3498,0.597767,10.0155,28.8489,10.5306,10.6324,-47.9544,36.5944,-50.514,-42.6325,15.823,4.02523,46.3967,56.5604,67.1928,46.8822,83.4766,0.899507,-41.733,-61.8793,-57.854,
0.0269286,1.1284,5.67121,1.72606,0,0,-50,3.21095,3.82768,2.62844,4.74654,0.0363895,-2.43457,-3.5908,-3.33379,0,-177.471,0,-207.118,0,10.2303,0,73.3264,31.1527,-30.5302,40.5068,-16.1799,-43.2135,5.93133,-24.3803,36.1689,-76.527,-63.3285,-13.75,-125.582,0.900488,38.3265,108.083,39.3251,0.266925,-20.427,-16.904,-3.67022,-33.521,0.240363,10.2303,28.8501,10.4968,10.7257,-47.4342,36.8366,-49.7009,-42.9731,16.1616,4.46976,46.6657,55.8426,66.5683,45.7119,82.5485,0.632861,-42.3403,-62.4487,-57.9789,
0.0427597,1.10711,5.67439,1.73834,0,0,-50,3.18318,3.7977,2.58215,4.70861,0.0164919,-2.47037,-3.62981,-3.33967,0,-176.284,0,-208.714,0,10.4685,0,74.2468,30.6655,-31.0196,40.8419,-15.3141,-43.1944,6.06853,-23.9347,36.4653,-74.8774,-60.063,-14.4668,-126.753,-0.207391,39.2355,108.618,39.3644,0.266811,-19.9781,-16.0255,-3.85991,-33.8192,-0.0553342,10.4685,28.9805,10.5029,10.6874,-47.0451,36.982,-49.1334,-43.2498,16.537,5.04589,46.9682,55.3596,66.047,44.9069,81.8889,0.286815,-42.963,-63.1271,-58.0812,
0.058495,1.08142,5.67692,1.75049,0,0,-50,3.13409,3.76239,2.50016,4.6415,0.00476218,-2.50299,-3.65318,-3.346,0,-175.104,0,-210.641,0,10.6581,0,75.1582,30.1736,-31.4982,41.2219,-14.2598,-43.179,6.17774,-23.4898,36.7535,-72.9348,-56.7591,-15.0868,-128.345,-1.64489,40.3888,109.259,39.4672,0.263888,-19.2466,-14.9781,-3.98123,-33.8688,-0.434066,10.6581,28.8321,10.4149,10.927,-46.4763,37.2407,-48.1286,-43.613,16.8359,5.34234,47.1684,54.5059,65.4329,43.4811,80.7217,0.0828205,-43.5302,-63.5336,-58.1913,
0.0741464,1.05618,5.67979,1.76423,0,0,-50,3.08791,3.72926,2.42168,4.57644,-0.0109164,-2.53774,-3.67891,-3.35027,0,-173.93,0,-212.534,0,10.8739,0,76.1892,29.677,-31.9666,41.5686,-13.215,-43.161,6.3019,-22.9824,37.0729,-70.8951,-53.4884,-15.6715,-129.926,-2.99995,41.6185,109.838,39.4132,0.261274,-18.5231,-13.9751,-4.09456,-33.9463,-0.783809,10.8739,28.6978,10.2976,11.1539,-45.9418,37.4741,-47.1613,-43.9448,17.1758,5.71546,47.3705,53.7027,64.8566,42.1162,79.5903,-0.18985,-44.1347,-63.981,-58.2655,
0.0889469,1.03103,5.683,1.77708,0,0,-50,3.04598,3.70064,2.34637,4.51403,-0.0297754,-2.57519,-3.70346,-3.35394,0,-172.82,0,-214.421,0,11.1147,0,77.1527,29.2006,-32.4023,41.8879,-12.1653,-43.1406,6.44048,-22.5042,37.3651,-68.797,-50.4491,-16.1784,-131.56,-4.35409,42.9216,110.378,39.3725,0.258954,-17.8152,-13.064,-4.18945,-34.0679,-1.12751,11.1147,28.5828,10.1957,11.3854,-45.4663,37.6984,-46.2331,-44.2681,17.5552,6.07856,47.5607,52.9735,64.3589,40.8065,78.5049,-0.517832,-44.7859,-64.408,-58.3294,
0.104287,1.00471,5.68595,1.79012,0,0,-50,3.00045,3.67254,2.26058,4.4418,-0.0459547,-2.61069,-3.72332,-3.35738,0,-171.67,0,-216.395,0,11.3358,0,78.1306,28.7002,-32.8464,42.1935,-11.0588,-43.1214,6.56765,-22.0151,37.6553,-66.4818,-47.38,-16.6453,-133.301,-5.79453,44.3008,110.908,39.3243,0.255883,-17.0116,-12.1237,-4.25924,-34.1095,-1.48272,11.3358,28.3794,10.0624,11.6886,-44.9702,37.9342,-45.1683,-44.6041,17.9035,6.36426,47.7177,52.1817,63.8703,39.3145,77.2488,-0.799212,-45.4033,-64.7534,-58.3892,
0.116523,0.983354,5.68891,1.80342,0,0,-50,2.96467,3.65029,2.19337,4.38474,-0.0649798,-2.64355,-3.74339,-3.35712,0,-170.752,0,-217.996,0,11.5578,0,79.1283,28.2961,-33.1951,42.42,-10.1553,-43.1018,6.69526,-21.5123,37.9448,-64.5372,-44.874,-16.9858,-134.715,-6.87025,45.5595,111.279,39.0498,0.253687,-16.3723,-11.3839,-4.30908,-34.1755,-1.74289,11.5578,28.2301,9.90643,11.9239,-44.5791,38.1109,-44.3307,-44.8446,18.2531,6.71783,47.8513,51.5595,63.4833,38.1455,76.2564,-1.13008,-45.9747,-65.1025,-58.3847,
0.130161,0.9576,5.69163,1.81579,0,0,-50,2.9212,3.6281,2.10245,4.30733,-0.0799131,-2.67628,-3.75579,-3.35882,0,-169.729,0,-219.928,0,11.7619,0,80.0559,27.8408,-33.578,42.6675,-9.05953,-43.0834,6.81249,-21.0413,38.208,-62.1592,-42.2154,-17.2786,-136.485,-8.27979,47.0262,111.73,38.9356,0.250113,-15.5469,-10.5586,-4.32161,-34.1368,-2.07089,11.7619,27.9451,9.73832,12.2939,-44.1366,38.3459,-43.1964,-45.1543,18.5744,6.90379,47.9463,50.8035,63.0974,36.5643,74.9102,-1.38979,-46.5441,-65.3181,-58.4143,
0.143595,0.932349,5.69471,1.82954,0,0,-50,2.88135,3.60802,2.016,4.23282,-0.0988846,-2.71127,-3.77077,-3.35843,0,-168.721,0,-221.822,0,11.9929,0,81.0868,27.3872,-33.9489,42.8826,-7.97937,-43.0622,6.94515,-20.5142,38.4936,-59.7257,-39.6183,-17.531,-138.214,-9.59967,48.5637,112.108,38.6757,0.246951,-14.7494,-9.78378,-4.3293,-34.1323,-2.37065,11.9929,27.6852,9.55101,12.6378,-43.7327,38.5533,-42.1116,-45.4328,18.938,7.17104,48.0446,50.1104,62.7482,35.0609,73.6142,-1.71973,-47.1526,-65.5786,-58.4075,
0.156909,0.907386,5.69786,1.84316,0,0,-50,2.84469,3.59064,1.9314,4.15896,-0.118892,-2.74648,-3.78533,-3.35742,0,-167.723,0,-223.694,0,12.2293,0,82.1088,26.9328,-34.3106,43.0684,-6.90651,-43.0401,7.08084,-19.9878,38.7695,-57.2202,-37.1284,-17.7411,-139.927,-10.8912,50.1272,112.433,38.3925,0.243965,-13.9597,-9.05803,-4.3282,-34.1372,-2.65706,12.2293,27.4297,9.36641,12.973,-43.3686,38.7402,-41.0437,-45.6972,19.3101,7.44192,48.136,49.473,62.446,33.5896,72.3298,-2.06769,-47.7648,-65.8319,-58.3899,
0.170236,0.882698,5.70138,1.8569,0,0,-50,2.81239,3.57591,1.8523,4.0889,-0.142505,-2.78436,-3.80183,-3.35561,0,-166.723,0,-225.545,0,12.4926,0,83.1388,26.4731,-34.6664,43.2258,-5.84126,-43.015,7.23193,-19.4534,39.0404,-54.6408,-34.7245,-17.9243,-141.618,-12.1354,51.7344,112.698,38.0764,0.241476,-13.1944,-8.38514,-4.32829,-34.1973,-2.9304,12.4926,27.2138,9.19453,13.2787,-43.0516,38.8975,-40.0385,-45.9454,19.7245,7.76032,48.2349,48.911,62.1897,32.2139,71.1114,-2.47835,-48.4237,-66.1188,-58.3584,
0.182544,0.856549,5.70461,1.87246,0,0,-50,2.77485,3.56184,1.75626,4.00402,-0.163931,-2.81959,-3.81211,-3.35115,0,-165.8,0,-227.507,0,12.7353,0,84.3064,26.0445,-34.9896,43.3637,-4.70906,-42.9913,7.37106,-18.8433,39.3385,-51.9575,-32.434,-17.9628,-143.416,-13.4291,53.5451,112.932,37.5697,0.237842,-12.3577,-7.71415,-4.2723,-34.1103,-3.19401,12.7353,26.86,8.93564,13.6868,-42.7038,39.0914,-38.8193,-46.1853,20.1063,8.01666,48.2741,48.2582,61.945,30.5437,69.6351,-2.85098,-49.0363,-66.2975,-58.2809,
0.194228,0.831298,5.70785,1.88555,0,0,-50,2.74371,3.55238,1.66704,3.92424,-0.185595,-2.85457,-3.821,-3.34811,0,-164.924,0,-229.4,0,12.978,0,85.2879,25.6339,-35.2915,43.4688,-3.6127,-42.9673,7.51014,-18.3269,39.5817,-49.3,-30.4181,-17.9524,-145.163,-14.6994,55.2992,113.134,37.2065,0.234686,-11.57,-7.1387,-4.21318,-34.0677,-3.44973,12.978,26.551,8.73186,14.0638,-42.4302,39.2556,-37.6804,-46.417,20.4881,8.22412,48.3136,47.7168,61.7806,28.992,68.2476,-3.22775,-49.6447,-66.4521,-58.228,
0.205422,0.806958,5.7112,1.90124,0,0,-50,2.71335,3.54291,1.57968,3.84498,-0.209431,-2.88947,-3.83152,-3.34142,0,-164.084,0,-231.226,0,13.2296,0,86.4644,25.2372,-35.5762,43.5438,-2.55371,-42.9418,7.65427,-17.7038,39.8643,-46.6683,-28.4302,-17.9043,-146.797,-15.833,57.1134,113.225,36.5875,0.231638,-10.8101,-6.58552,-4.14732,-34.0038,-3.66752,13.2296,26.2272,8.47506,14.4271,-42.1618,39.3965,-36.5575,-46.6093,20.8839,8.52349,48.3394,47.1887,61.6158,27.4727,66.8692,-3.64228,-50.2516,-66.6351,-58.1117,
0.216495,0.782318,5.71464,1.91444,0,0,-50,2.68766,3.5376,1.49474,3.76699,-0.23378,-2.92531,-3.84036,-3.33679,0,-163.254,0,-233.074,0,13.4876,0,87.4549,24.8418,-35.8535,43.5935,-1.48014,-42.9152,7.80194,-17.1758,40.0946,-43.9562,-26.6499,-17.8096,-148.467,-17.0144,58.9318,113.312,36.1481,0.228868,-10.0602,-6.09931,-4.07605,-33.9793,-3.89404,13.4876,25.9335,8.27315,14.7816,-41.9528,39.5175,-35.4595,-46.8093,21.2895,8.7577,48.3678,46.7419,61.5235,25.9954,65.5129,-4.06575,-50.875,-66.7889,-58.0312,
0.227305,0.756001,5.71813,1.93071,0,0,-50,2.65867,3.53232,1.39713,3.67682,-0.258958,-2.96114,-3.84742,-3.32854,0,-162.443,0,-235.048,0,13.7491,0,88.6746,24.4527,-36.12,43.6174,-0.332494,-42.8878,7.95154,-16.5215,40.3687,-41.0702,-24.8486,-17.613,-150.201,-18.2166,60.9879,113.314,35.4466,0.225441,-9.25889,-5.60189,-3.97068,-33.8615,-4.10676,13.7491,25.5455,7.99111,15.1939,-41.7218,39.6467,-34.194,-46.9945,21.7007,9.02407,48.3598,46.2377,61.4316,24.2979,63.9446,-4.50362,-51.4981,-66.9117,-57.8877,
0.237995,0.730618,5.72171,1.94526,0,0,-50,6.10624,7.92713,-7.99614,-6.0093,-1.69056,-1.59222,-2.32131,-3.14075,0,-161.641,0,234.287,0,14.0179,0,89.7658,24.0652,-36.3793,43.6118,0.774616,-42.859,8.10518,-15.9324,40.6047,16.3672,-125.285,-19.5013,201.532,95.9528,30.1791,3.61947,-8.17064,0.46449,7.60242,-58.1934,-9.05816,93.6099,44.5691,14.0179,1.68121,-3.79518,31.6677,-94.5727,34.5536,94.3845,1.71014,22.1231,-14.2512,36.8096,106.196,137.863,-139.063,-104.51,-29.401,-27.6908,-40.3706,-54.6218,
0.249416,0.706146,5.72537,1.96012,0,0,-50,6.43755,8.20276,-8.53171,-6.66901,-1.84257,-1.50412,-2.36586,-3.16209,0,-160.785,0,232.452,0,14.292,0,90.8803,23.6482,-36.6518,43.5798,1.84154,-42.8291,8.26177,-15.3273,40.837,14.0045,-123.162,-22.2152,199.801,96.755,28.3859,2.93927,-7.11723,0.503491,7.05115,-62.0112,-11.1851,100.598,48.7153,14.292,1.4799,-3.58346,30.6993,-98.6629,32.3946,102.44,5.88619,22.5538,-13.8474,37.2536,111.957,142.657,-148.377,-115.983,-32.0448,-26.1586,-41.1454,-54.9928,
0.258859,0.681279,5.72911,1.97532,0,0,-50,6.7852,8.49123,-9.09578,-7.37269,-2.00618,-1.40588,-2.41277,-3.18624,0,-160.077,0,230.587,0,14.5725,0,92.0209,23.301,-36.8734,43.5205,2.92456,-42.7979,8.42186,-14.7045,41.0654,11.6662,-121.032,-24.8262,197.93,97.5154,26.6923,2.29491,-6.10483,0.545944,6.3691,-66.0765,-13.5537,108.059,53.2379,14.5725,1.25289,-3.33289,29.6701,-102.95,29.9668,110.983,10.44,22.9943,-13.4516,37.7325,118.004,147.674,-158.188,-128.221,-34.8901,-24.4501,-41.9613,-55.4129,
0.270244,0.655118,5.73286,1.99075,0,0,-50,7.19489,8.82829,-9.75058,-8.20063,-2.19491,-1.28271,-2.46662,-3.21811,0,-159.223,0,228.625,0,14.8538,0,93.1777,22.8797,-37.1363,43.4291,4.062,-42.766,8.58233,-14.0694,41.2873,9.25857,-118.67,-27.5937,195.835,98.2084,24.8807,1.67509,-4.98686,0.597,5.52737,-70.846,-16.4734,116.914,58.6304,14.8538,1.00003,-2.97716,28.4071,-107.982,26.9557,120.976,15.8644,23.4361,-13.0694,38.3101,125.128,153.536,-169.575,-142.62,-38.1724,-22.3079,-42.8977,-55.9671,
0.279448,0.628944,5.73672,2.00663,0,0,-50,7.62452,9.17972,-10.4378,-9.08088,-2.39822,-1.14683,-2.52437,-3.25498,0,-158.532,0,226.662,0,15.1432,0,94.3686,22.5369,-37.3453,43.3079,5.19717,-42.7326,8.7473,-13.412,41.5055,6.91233,-116.327,-30.2067,193.635,98.848,23.2089,1.0819,-3.91995,0.652475,4.51012,-75.9006,-19.7091,126.342,64.4959,15.1432,0.705916,-2.55767,27.0471,-113.246,23.5988,131.539,21.7633,23.8905,-12.7061,38.9478,132.6,159.647,-181.527,-157.928,-41.7081,-19.9448,-43.9022,-56.6083,
0.288916,0.603154,5.74072,2.02104,0,0,-50,8.11458,9.5818,-11.2086,-10.0765,-2.62771,-0.987245,-2.58457,-3.2963,0,-157.822,0,224.728,0,15.4434,0,95.4499,22.1824,-37.557,43.1595,6.31223,-42.6972,8.91827,-12.8123,41.6945,4.65243,-113.995,-32.7481,191.334,99.3805,21.5476,0.606098,-2.87781,0.716711,3.33445,-81.7012,-23.4709,137.131,71.2271,15.4434,0.434397,-2.06256,25.5168,-119.258,19.6886,143.444,28.5299,24.3617,-12.3779,39.632,141.123,166.64,-194.933,-175.244,-45.6994,-17.1695,-44.9491,-57.327,
0.297628,0.579545,5.74537,2.03816,0,0,-50,8.61667,9.99203,-12.0116,-11.1222,-2.87654,-0.819614,-2.65609,-3.35511,0,-157.169,0,222.957,0,15.7922,0,96.7334,21.8543,-37.7489,42.9985,7.32933,-42.6553,9.11672,-12.0969,41.9077,2.6297,-111.623,-35.0585,189.192,99.8698,20.1097,-0.076442,-1.77943,0.785302,2.06511,-87.6576,-27.5315,148.573,78.428,15.7922,-0.0600301,-1.39739,23.9194,-125.406,15.4669,155.902,35.7727,24.9089,-12.1569,40.5103,149.855,173.775,-208.897,-193.43,-50.0268,-14.2541,-46.1929,-58.3498,
0.305562,0.556811,5.74924,2.05382,0,0,-50,9.12123,10.3969,-12.8122,-12.1812,-3.12411,-0.63962,-2.73008,-3.41948,0,-156.574,0,221.252,0,16.0825,0,97.9082,21.5541,-37.9211,42.8207,8.30488,-42.6197,9.28177,-11.439,42.092,0.736614,-109.351,-37.199,187.048,100.257,18.7861,-0.643161,-0.758473,0.856086,0.630605,-93.6138,-31.8455,160.129,85.8282,16.0825,-0.550601,-0.649318,22.1848,-131.535,10.9752,168.434,43.2085,25.3643,-11.9896,41.4427,158.63,180.815,-222.821,-211.846,-54.3323,-11.1238,-47.4796,-59.4692,
0.312716,0.534221,5.75359,2.07011,0,0,-50,9.67847,10.8425,-13.6952,-13.3576,-3.40304,-0.436596,-2.81247,-3.49695,0,-156.037,0,219.558,0,16.4087,0,99.1297,21.2823,-38.0743,42.6222,9.27001,-42.5789,9.46709,-10.752,42.2727,-1.10844,-107.063,-39.2595,184.858,100.599,17.5292,-1.23062,0.264226,0.936082,-1.03759,-100.22,-36.7501,173.043,94.1693,16.4087,-1.15196,0.247337,20.2447,-138.294,5.87211,182.313,51.5904,25.8758,-11.904,42.52,168.321,188.566,-238.178,-232.306,-59.1834,-7.59297,-48.9126,-60.8166,
0.320422,0.512038,5.75782,2.08636,0,0,-50,10.2873,11.3251,-14.6587,-14.654,-3.70816,-0.205279,-2.90607,-3.59152,0,-155.459,0,217.894,0,16.726,0,100.348,20.9883,-38.2372,42.4061,10.2131,-42.5385,9.64713,-10.0637,42.4418,-2.86617,-104.723,-41.2658,182.64,100.869,16.3074,-1.81073,1.31251,1.02567,-2.93975,-107.411,-42.3252,187.329,103.458,16.726,-1.85721,1.34621,18.0485,-145.648,0.080908,197.542,60.9197,26.3732,-11.9209,43.7881,178.909,196.957,-254.934,-254.853,-64.4897,-3.57006,-50.5403,-62.4612,
0.327349,0.490658,5.76208,2.10239,0,0,-50,10.9307,11.8303,-15.6754,-16.0347,-4.0344,0.0467759,-3.00782,-3.70045,0,-154.94,0,216.29,0,17.0451,0,101.551,20.7229,-38.3816,42.1781,11.1174,-42.497,9.82802,-9.38184,42.5978,-4.5219,-102.445,-43.1368,180.452,101.079,15.1833,-2.37303,2.32504,1.12263,-5.0764,-115.008,-48.4265,202.581,113.474,17.0451,-2.66403,2.61015,15.6465,-153.389,-6.24843,213.698,70.977,26.8731,-12.0459,45.2079,190.098,205.745,-272.615,-278.864,-70.1635,0.813495,-52.3098,-64.3557,
0.333869,0.468943,5.76639,2.11856,0,0,-50,11.4335,12.1835,-16.467,-17.1712,-4.28848,0.283473,-3.11871,-3.82025,0,-154.451,0,214.662,0,17.3687,0,102.764,20.4722,-38.5159,41.9268,12.0306,-42.4542,10.0113,-8.69198,42.7439,-6.1654,-100.138,-44.9667,178.177,101.237,14.0932,-2.91224,3.33567,1.20477,-7.42786,-120.642,-54.1744,214.662,121.966,16.979,-3.50857,4.01871,13.0444,-159.158,-12.2477,226.692,79.5122,26.9903,-12.2006,46.7626,198.843,211.888,-286.382,-298.63,-74.5823,4.92996,-54.2385,-66.4391,
0.340592,0.448641,5.77061,2.13459,0,0,-50,11.3461,11.9755,-16.3424,-17.1958,-4.24086,0.376373,-3.22073,-3.92281,0,-153.947,0,213.139,0,17.6851,0,103.966,20.2128,-38.6527,41.6739,12.8792,-42.4116,10.1903,-8.0055,42.8777,-7.65135,-97.8674,-46.6691,176.007,101.333,13.0912,-3.47206,4.34656,1.21097,-9.26555,-118.514,-56.5149,213.139,122.711,15.853,-4.20456,5.26356,10.9473,-157.167,-14.841,226.018,80.2997,26.0433,-12.2101,48.1413,197.323,208.27,-284.216,-299.057,-73.754,6.54562,-56.0128,-68.2228,
0.34644,0.429143,5.77473,2.15047,0,0,-50,11.2595,11.7753,-16.2231,-17.2183,-4.19989,0.460038,-3.31911,-4.02188,0,-153.508,0,211.677,0,17.9943,0,105.157,19.9864,-38.7702,41.4149,13.6893,-42.3693,10.365,-7.32366,42.9994,-9.04994,-95.6784,-48.2427,173.897,101.385,12.19,-4.02409,5.31724,1.21725,-11.0161,-116.465,-58.7235,211.677,123.412,14.8383,-4.89833,6.47243,8.97037,-155.235,-17.3087,225.366,81.0423,25.2034,-12.222,49.4719,195.818,204.788,-282.141,-299.449,-73.0416,8.00067,-57.7237,-69.9457,
0.351773,0.409213,5.77907,2.16843,0,0,-50,11.1618,11.5635,-16.1013,-17.2404,-4.16508,0.537056,-3.42328,-4.13008,0,-153.108,0,210.182,0,18.3196,0,106.504,19.7794,-38.8763,41.1338,14.5119,-42.3239,10.5487,-6.55032,43.124,-10.4532,-93.3751,-49.7999,171.746,101.406,11.3589,-4.69188,6.35647,1.2238,-12.7926,-114.272,-60.9449,210.182,124.1,13.901,-5.7419,7.77902,6.98676,-153.148,-19.8111,224.694,81.7762,24.4497,-12.2922,50.903,194.117,201.104,-280.022,-299.833,-72.4361,9.3401,-59.5352,-71.8274,
0.356111,0.393586,5.78256,2.18323,0,0,-50,11.0792,11.3923,-16.0049,-17.258,-4.13949,0.594579,-3.50825,-4.21994,0,-152.783,0,209.01,0,18.5812,0,107.614,19.6105,-38.9617,40.902,15.1529,-42.2868,10.6963,-5.91162,43.2162,-11.5245,-91.5083,-51.0071,170.045,101.386,10.7337,-5.26017,7.2124,1.22915,-14.1653,-112.477,-62.6952,209.01,124.619,13.1934,-6.46553,8.86511,5.4452,-151.439,-21.7932,224.163,82.3317,23.8896,-12.3772,52.0813,192.683,198.128,-278.346,-300.139,-71.9912,10.3405,-61.0131,-73.3903,
0.360965,0.375693,5.78638,2.198,0,0,-50,10.996,11.2084,-15.8944,-17.2776,-4.10815,0.662472,-3.60011,-4.3117,0,-152.419,0,207.668,0,18.8679,0,108.722,19.4212,-39.0564,40.6244,15.8823,-42.2456,10.8579,-5.27242,43.2988,-12.7251,-89.4719,-52.3322,168.025,101.31,10.003,-5.74703,8.10713,1.23594,-15.7274,-110.582,-64.6792,207.668,125.213,12.363,-7.10296,10.0199,3.6938,-149.638,-24.0548,223.55,82.9673,23.2209,-12.3754,53.3187,191.234,194.928,-276.425,-300.48,-71.4461,11.5213,-62.6107,-74.9861,
0.364752,0.358304,5.79011,2.21645,0,0,-50,10.8931,11.0098,-15.7876,-17.2953,-4.0891,0.713221,-3.69817,-4.4192,0,-152.135,0,206.364,0,19.1474,0,110.105,19.2732,-39.1297,40.3421,16.5863,-42.2049,11.0152,-4.47298,43.3887,-13.8829,-87.3364,-53.5911,166.147,101.222,9.44827,-6.49475,9.11015,1.24205,-17.2433,-108.477,-66.5631,206.364,125.724,11.7353,-8.06683,11.3153,2.02985,-147.606,-26.221,222.95,83.5186,22.7505,-12.5398,54.704,189.445,191.475,-274.567,-300.788,-71.1148,12.4038,-64.3159,-76.8557,
0.367772,0.341826,5.79373,2.23291,0,0,-50,10.8028,10.8293,-15.6867,-17.3112,-4.0724,0.759443,-3.78706,-4.51442,0,-151.908,0,205.128,0,19.4189,0,111.34,19.1549,-39.1877,40.0633,17.2488,-42.1647,11.1679,-3.75795,43.4565,-14.9756,-85.3946,-54.7296,164.333,101.099,8.93938,-7.12341,10.0046,1.24825,-18.6933,-106.594,-68.3161,205.128,126.197,11.1586,-8.89178,12.4882,0.461648,-145.781,-28.2528,222.377,84.0321,22.3265,-12.6497,55.9447,187.874,188.336,-272.811,-301.064,-70.8244,13.2077,-65.8619,-78.5116,
0.370924,0.325935,5.79727,2.24898,0,0,-50,10.7126,10.6526,-15.5883,-17.3269,-4.05664,0.802418,-3.87498,-4.6093,0,-151.672,0,203.936,0,19.6849,0,112.545,19.0313,-39.2479,39.7841,17.8832,-42.1249,11.3174,-3.05911,43.5113,-16.0032,-83.4874,-55.816,162.564,100.941,8.46012,-7.7414,10.8931,1.2545,-20.076,-104.735,-70.0212,203.936,126.63,10.6132,-9.7116,13.6654,-1.04474,-143.983,-30.2371,221.819,84.5054,21.9306,-12.7707,57.1767,186.307,185.262,-271.1,-301.337,-70.5503,13.9551,-67.391,-80.1617,
0.373189,0.310427,5.80116,2.26545,0,0,-50,10.6235,10.479,-15.4924,-17.3413,-4.04614,0.838092,-3.96076,-4.70414,0,-151.502,0,202.773,0,19.9762,0,113.78,18.9423,-39.2909,39.502,18.498,-42.0806,11.4809,-2.34226,43.5557,-17.0189,-81.6412,-56.8413,160.848,100.76,8.04233,-8.39725,11.7702,1.26065,-21.4549,-102.921,-71.657,202.773,127.024,10.1386,-10.586,14.8382,-2.51253,-142.212,-32.155,221.271,84.9432,21.6195,-12.9283,58.3939,184.756,182.243,-269.434,-301.589,-70.3677,14.5755,-68.8828,-81.8111,
0.37501,0.293614,5.80421,2.28228,0,0,-50,10.5323,10.2978,-15.3901,-17.3548,-4.03687,0.872192,-4.04893,-4.79844,0,-151.365,0,201.512,0,20.2054,0,115.042,18.8707,-39.3253,39.1855,19.1595,-42.0453,11.6094,-1.6091,43.589,-18.1057,-79.7251,-57.8731,158.983,100.528,7.66681,-9.01444,12.6506,1.2675,-22.9491,-101.052,-73.3544,201.512,127.42,9.71771,-11.4258,16.0346,-4.07831,-140.377,-34.1689,220.672,85.3749,21.3272,-13.0349,59.6236,183.171,179.093,-267.653,-301.822,-70.2064,15.1686,-70.4162,-83.4512,
0.376425,0.27837,5.80752,2.2992,0,0,-50,10.4413,10.1248,-15.2963,-17.3672,-4.03241,0.896651,-4.13354,-4.89394,0,-151.259,0,200.369,0,20.4534,0,116.311,18.8151,-39.352,38.8888,19.7546,-42.0067,11.7484,-0.871299,43.61,-19.0937,-77.9211,-58.8103,157.315,100.284,7.36754,-9.69877,13.5257,1.27368,-24.3192,-99.2462,-74.9052,200.369,127.73,9.38386,-12.3531,17.2274,-5.5041,-138.598,-36.0164,220.123,85.7228,21.1323,-13.2244,60.8373,181.588,176.084,-266.022,-302.038,-70.1289,15.5939,-71.8876,-85.112,
0.377443,0.265055,5.81088,2.31626,0,0,-50,10.3495,9.96111,-15.2134,-17.3785,-4.03279,0.909994,-4.21399,-4.99108,0,-151.183,0,199.37,0,20.7051,0,117.591,18.775,-39.3711,38.6224,20.2706,-41.967,11.8893,-0.126981,43.6185,-19.9643,-76.2468,-59.646,155.903,100.037,7.15949,-10.4689,14.4007,1.27881,-25.5305,-97.505,-76.2757,199.37,127.929,9.15561,-13.3877,18.4157,-6.75544,-136.876,-37.6533,219.641,85.9616,21.045,-13.5147,62.0342,179.992,173.237,-264.581,-302.234,-70.1356,15.826,-73.2868,-86.8015,
0.378114,0.249991,5.81455,2.33444,0,0,-50,10.2544,9.7841,-15.12,-17.3902,-4.03402,0.923701,-4.30059,-5.09389,0,-151.133,0,198.24,0,20.981,0,118.955,18.7486,-39.3837,38.3127,20.8501,-41.923,12.0437,0.665975,43.6136,-20.9559,-74.4459,-60.5433,154.281,99.7284,6.93983,-11.2554,15.3292,1.28493,-26.9269,-95.658,-77.794,198.24,128.144,8.91721,-14.4624,19.697,-8.17828,-135.042,-39.4814,219.091,86.2213,20.9609,-13.7964,63.3106,178.337,170.158,-262.957,-302.438,-70.1569,16.0644,-74.7929,-88.5893,
0.378546,0.238726,5.81783,2.34929,0,0,-50,10.1769,9.64467,-15.0491,-17.3996,-4.03695,0.929552,-4.36958,-5.17959,0,-151.1,0,197.396,0,21.2264,0,120.069,18.7316,-39.3918,38.0753,21.2804,-41.8834,12.1807,1.31347,43.5989,-21.705,-73.0452,-61.2295,153.085,99.4664,6.79388,-11.9435,16.0954,1.28945,-27.9876,-94.1883,-78.9526,197.396,128.257,8.76039,-15.4006,20.7542,-9.25602,-133.58,-40.8772,218.676,86.3739,20.9411,-14.0871,64.3531,176.989,167.733,-261.724,-302.601,-70.2078,16.1661,-75.9927,-90.0799,
0.378678,0.226837,5.82077,2.36631,0,0,-50,10.0873,9.48999,-14.9746,-17.4087,-4.04311,0.927768,-4.44571,-5.27729,0,-151.09,0,196.504,0,21.4475,0,121.345,18.7264,-39.3943,37.8197,21.7315,-41.8473,12.3042,2.0552,43.5702,-22.5012,-71.5215,-61.9473,151.873,99.1582,6.71673,-12.766,16.9681,1.29387,-29.1136,-92.5393,-80.1515,196.504,128.297,8.69055,-16.5175,21.9544,-10.3872,-131.934,-42.3318,218.235,86.4501,20.9947,-14.4623,65.5246,175.43,165.043,-260.428,-302.76,-70.315,16.1351,-77.3167,-91.779,
0.378474,0.214673,5.82396,2.38376,0,0,-50,9.9976,9.33289,-14.8982,-17.4177,-4.05074,0.922903,-4.52323,-5.37785,0,-151.106,0,195.592,0,21.6866,0,122.654,18.7344,-39.3905,37.5525,22.19,-41.8078,12.4375,2.81511,43.5277,-23.3314,-69.9917,-62.6675,150.635,98.8153,6.65521,-13.6148,17.8652,1.29844,-30.2945,-90.8802,-81.3702,195.592,128.306,8.64141,-17.678,23.1969,-11.5601,-130.271,-43.8176,217.782,86.4982,21.0789,-14.8629,66.7247,173.871,162.311,-259.1,-302.917,-70.4477,16.0505,-78.6649,-93.5278,
0.377911,0.205458,5.82726,2.40137,0,0,-50,9.90717,9.18976,-14.839,-17.4257,-4.06226,0.904847,-4.59517,-5.48157,0,-151.148,0,194.9,0,21.9338,0,123.975,18.7566,-39.3799,37.3464,22.5351,-41.7666,12.5752,3.58138,43.4714,-24.0069,-68.6515,-63.2832,149.806,98.5007,6.68939,-14.6016,18.783,1.30102,-31.2334,-89.3168,-82.3326,194.9,128.151,8.70301,-18.9969,24.4371,-12.4768,-128.697,-44.9862,217.436,86.3846,21.2782,-15.4155,67.9085,172.299,159.822,-258.069,-303.055,-70.6481,15.7365,-79.916,-95.3316,
0.376712,0.195199,5.83071,2.41894,0,0,-50,9.82221,9.04515,-14.7741,-17.4331,-4.07482,0.886447,-4.66729,-5.58352,0,-151.238,0,194.131,0,22.1926,0,125.292,18.8038,-39.3574,37.1133,22.917,-41.723,12.7193,4.3446,43.4018,-24.7789,-67.3126,-63.912,148.845,98.1455,6.72232,-15.5485,19.6894,1.30425,-32.3178,-87.7922,-83.3569,194.131,128.006,8.76756,-20.2791,25.6798,-13.514,-127.15,-46.2436,217.048,86.2829,21.4869,-15.9345,69.0816,170.821,157.307,-256.94,-303.184,-70.8665,15.4165,-81.1703,-97.1047,
0.374555,0.184198,5.83383,2.43788,0,0,-50,9.73493,8.89304,-14.706,-17.4391,-4.09134,0.859764,-4.74207,-5.69076,0,-151.399,0,193.306,0,22.4263,0,126.713,18.8886,-39.3167,36.8589,23.3239,-41.6831,12.8493,5.16559,43.3117,-25.6461,-65.9464,-64.5487,147.853,97.7416,6.82929,-16.5705,20.6487,1.30742,-33.5302,-86.2196,-84.3923,193.306,127.789,8.92874,-21.6646,26.9965,-14.6415,-125.536,-47.5333,216.63,86.1061,21.778,-16.499,70.3082,169.303,154.662,-255.756,-303.289,-71.1537,14.9524,-82.4707,-98.9698,
0.372482,0.175761,5.83663,2.45352,0,0,-50,9.66546,8.77209,-14.6534,-17.4438,-4.1061,0.833572,-4.80238,-5.78042,0,-151.555,0,192.673,0,22.6367,0,127.886,18.9701,-39.2775,36.6609,23.6341,-41.6469,12.9661,5.84229,43.2256,-26.3494,-64.8871,-65.0501,147.125,97.4001,6.93949,-17.4495,21.4519,1.30959,-34.507,-84.9756,-85.1891,192.673,127.554,9.0879,-22.8517,28.0932,-15.5369,-124.253,-48.5282,216.307,85.9073,22.054,-17.0094,71.3188,168.095,152.558,-254.842,-303.37,-71.4104,14.4969,-83.5196,-100.529,
0.36909,0.166832,5.84013,2.47131,0,0,-50,9.59403,8.64314,-14.5987,-17.4476,-4.12654,0.796772,-4.86641,-5.88054,0,-151.809,0,192.004,0,22.8991,0,129.22,19.1032,-39.2129,36.4484,23.9604,-41.6013,13.1118,6.61059,43.1148,-27.1769,-63.8159,-65.5738,146.408,97.0121,7.11287,-18.4895,22.3499,1.31143,-35.6405,-83.6898,-85.9952,192.004,127.224,9.328,-24.2477,29.3102,-16.5373,-122.903,-49.5468,215.964,85.6229,22.4398,-17.6371,72.4251,166.853,150.315,-253.89,-303.437,-71.766,13.8569,-84.6332,-102.27,
0.365435,0.158024,5.84298,2.48924,0,0,-50,9.52323,8.51493,-14.5453,-17.4504,-4.14758,0.755193,-4.93048,-5.98151,0,-152.083,0,191.343,0,23.113,0,130.565,19.2464,-39.1428,36.2359,24.2806,-41.5637,13.2304,7.38248,42.9894,-28.0151,-62.7744,-66.0806,145.737,96.5999,7.33575,-19.5451,23.2669,1.31293,-36.782,-82.4187,-86.7594,191.343,126.829,9.63136,-25.6614,30.5479,-17.5356,-121.562,-50.5235,215.623,85.2656,22.8617,-18.2789,73.5373,165.621,148.086,-252.962,-303.486,-72.1318,13.1338,-85.7474,-104.026,
0.361696,0.151541,5.8465,2.50729,0,0,-50,9.45359,8.39823,-14.505,-17.4534,-4.16909,0.70642,-4.99228,-6.08742,0,-152.364,0,190.857,0,23.3773,0,131.919,19.3926,-39.0706,36.0777,24.515,-41.5169,13.3767,8.15711,42.8491,-28.7524,-61.8785,-66.5392,145.379,96.2116,7.58571,-20.7211,24.2368,1.31282,-37.7466,-81.2351,-87.3538,190.857,126.308,9.95865,-27.203,31.8184,-18.354,-120.306,-51.276,215.372,84.7914,23.3354,-19.0459,74.6676,164.41,146.056,-252.261,-303.537,-72.5059,12.2856,-86.8223,-105.868,
0.356579,0.144374,5.84939,2.52517,0,0,-50,9.39459,8.28644,-14.4634,-17.4535,-4.1944,0.652014,-5.04957,-6.1868,0,-152.748,0,190.319,0,23.5939,0,133.26,19.5923,-38.9709,35.9011,24.7729,-41.4781,13.4966,8.92194,42.6964,-29.6055,-61.081,-66.9614,144.978,95.8018,7.90408,-21.8624,25.1587,1.31275,-38.8645,-80.1839,-87.9033,190.319,125.764,10.3761,-28.6999,33.0269,-19.2722,-119.155,-52.0022,215.092,84.2855,23.8726,-19.7779,75.7234,163.384,144.112,-251.537,-303.539,-72.9462,11.3394,-87.8186,-107.597,
0.351497,0.138574,5.85292,2.54436,0,0,-50,9.33023,8.17433,-14.4287,-17.4544,-4.2195,0.589944,-5.1118,-6.29939,0,-153.129,0,189.884,0,23.8581,0,134.699,19.7901,-38.8708,35.7568,24.9807,-41.4303,13.6426,9.73945,42.5174,-30.4195,-60.3122,-67.3912,144.793,95.372,8.24864,-23.1758,26.219,1.31142,-39.8927,-79.0947,-88.3782,189.884,125.073,10.8174,-30.3932,34.3841,-20.1026,-117.965,-52.6214,214.865,83.6426,24.4601,-20.6538,76.9015,162.265,142.162,-250.934,-303.556,-73.3826,10.2599,-88.9009,-109.555,
0.345865,0.133515,5.85606,2.56057,0,0,-50,9.28718,8.08685,-14.4005,-17.4531,-4.24464,0.532042,-5.16014,-6.39081,0,-153.551,0,189.505,0,24.0936,0,135.915,20.0087,-38.7587,35.63,25.1613,-41.3872,13.7727,10.4275,42.3539,-31.207,-59.7875,-67.7196,144.65,95.0008,8.58489,-24.2964,27.0893,1.31009,-40.8841,-78.3272,-88.719,189.505,124.46,11.247,-31.8306,35.4895,-20.8754,-117.086,-53.089,214.666,83.0727,25.0197,-21.403,77.8434,161.516,140.641,-250.444,-303.533,-73.8198,9.2529,-89.7416,-111.145,
0.339741,0.12913,5.8588,2.58062,0,0,-50,9.22629,7.9829,-14.3765,-17.4515,-4.27135,0.456017,-5.22247,-6.50903,0,-154.011,0,189.176,0,24.2995,0,137.418,20.2457,-38.6355,35.5193,25.3173,-41.3493,13.8862,11.2746,42.1363,-32.0365,-59.1759,-68.0964,144.747,94.5447,9.0485,-25.7467,28.2521,1.30694,-41.8698,-77.3395,-88.998,189.176,123.564,11.8259,-33.6495,36.9238,-21.6241,-115.975,-53.4787,214.493,82.2151,25.712,-22.3749,79.0601,160.457,138.833,-250.026,-303.505,-74.2844,7.93073,-90.8256,-113.201,
0.333066,0.125259,5.86214,2.59926,0,0,-50,9.18076,7.89459,-14.3563,-17.449,-4.29853,0.38186,-5.27828,-6.61854,0,-154.511,0,188.886,0,24.5502,0,138.816,20.5032,-38.4995,35.4211,25.4546,-41.3026,14.0244,12.0578,41.9189,-32.8829,-58.7329,-68.4238,144.878,94.113,9.48841,-27.1267,29.3422,1.30376,-42.8714,-76.5736,-89.2081,188.886,122.701,12.3706,-35.3667,38.2552,-22.3682,-115.073,-53.7871,214.34,81.3981,26.395,-23.3089,80.1742,159.665,137.297,-249.674,-303.461,-74.7571,6.64105,-91.7961,-115.105,
0.325959,0.122155,5.86503,2.61594,0,0,-50,9.14957,7.82447,-14.3425,-17.4446,-4.32576,0.309538,-5.32444,-6.71381,0,-155.044,0,188.653,0,24.7668,0,140.067,20.7762,-38.3528,35.3419,25.5644,-41.2619,14.1436,12.7554,41.712,-33.7008,-58.4767,-68.6695,145.084,93.7287,9.93789,-28.392,30.3124,1.3003,-43.8213,-76.0375,-89.2913,188.653,121.876,12.9223,-36.9183,39.4154,-23.0451,-114.39,-53.9494,214.217,80.6139,27.0659,-24.1629,81.1274,159.123,136.078,-249.434,-303.384,-75.2307,5.38326,-92.599,-116.762,
0.318421,0.119567,5.86756,2.63398,0,0,-50,9.11512,7.7523,-14.3326,-17.4392,-4.35312,0.22873,-5.37589,-6.81889,0,-155.61,0,188.459,0,24.9565,0,141.42,21.0647,-38.1951,35.2756,25.6558,-41.226,14.2479,13.5056,41.4751,-34.5452,-58.2443,-68.915,145.431,93.3049,10.454,-29.7881,31.4131,1.29586,-44.7659,-75.4767,-89.3044,188.459,120.91,13.5469,-38.6013,40.707,-23.7011,-113.672,-54.0288,214.114,79.6844,27.7948,-25.0957,82.1822,158.524,134.823,-249.262,-303.291,-75.7065,3.97792,-93.4937,-118.589,
0.309708,0.117565,5.87063,2.65433,0,0,-50,9.08047,7.67841,-14.3272,-17.4328,-4.38306,0.134951,-5.43483,-6.93999,0,-156.263,0,188.308,0,25.1866,0,142.946,21.3967,-38.0101,35.2242,25.7263,-41.1821,14.3743,14.3467,41.1917,-35.4847,-58.0789,-69.1658,145.959,92.8238,11.0486,-31.4099,32.7124,1.29015,-45.7804,-74.9302,-89.234,188.308,119.756,14.2543,-40.5234,42.2038,-24.3836,-112.94,-54.0098,214.035,78.5741,28.6285,-26.1767,83.3955,157.921,133.538,-249.169,-303.179,-76.2271,2.34698,-94.5188,-120.695,
0.30223,0.116067,5.87336,2.67132,0,0,-50,9.05585,7.62051,-14.3241,-17.4271,-4.40746,0.0556902,-5.48554,-7.04278,0,-156.824,0,188.196,0,25.3915,0,144.221,21.6804,-37.849,35.1856,25.7791,-41.1427,14.4868,15.0446,40.942,-36.2916,-57.994,-69.3667,146.431,92.4064,11.5469,-32.7781,33.837,1.28522,-46.6427,-74.5351,-89.1516,188.196,118.763,14.8403,-42.1271,43.488,-24.9623,-112.384,-53.966,213.975,77.6199,29.3271,-27.0825,84.43,157.493,132.531,-249.114,-303.08,-76.6514,0.968526,-95.4007,-122.483,
0.293554,0.115168,5.87605,2.69217,0,0,-50,9.02251,7.55245,-14.3257,-17.4201,-4.43332,-0.0427128,-5.55171,-7.17241,0,-157.475,0,188.129,0,25.5928,0,145.785,22.0079,-37.6595,35.1624,25.8107,-41.1037,14.5972,15.895,40.6194,-37.2123,-57.9148,-69.5983,147.153,91.8782,12.1768,-34.4801,35.3005,1.27845,-47.5742,-74.0414,-88.9783,188.129,117.462,15.5674,-44.0812,45.1301,-25.5663,-111.701,-53.8158,213.939,76.3584,30.1646,-28.1862,85.7495,156.913,131.347,-249.143,-302.959,-77.1012,-0.742832,-96.5515,-124.738,
0.284146,0.114521,5.87832,2.70931,0,0,-50,9.01462,7.512,-14.332,-17.4101,-4.46121,-0.132071,-5.59871,-7.27248,0,-158.18,0,188.08,0,25.7637,0,147.07,22.3613,-37.4508,35.1457,25.8334,-41.0703,14.6907,16.5888,40.341,-38.1148,-58.1025,-69.6984,147.826,91.4556,12.7831,-35.9174,36.4689,1.27231,-48.4937,-73.9242,-88.6777,188.08,116.36,16.264,-45.6979,46.3996,-26.1324,-111.375,-53.532,213.914,75.2893,30.9547,-29.1091,86.7406,156.776,130.644,-249.252,-302.784,-77.5862,-2.29689,-97.3688,-126.478,
0.272977,0.114234,5.88102,2.7298,0,0,-50,9.00736,7.46799,-14.3425,-17.3979,-4.49236,-0.239216,-5.65826,-7.39519,0,-159.018,0,188.059,0,25.9659,0,148.607,22.7781,-37.1987,35.1383,25.8436,-41.0306,14.8014,17.4119,39.9926,-39.1807,-58.3805,-69.8025,148.704,90.9329,13.5099,-37.6542,37.9364,1.26465,-49.5499,-73.8309,-88.2757,188.059,114.998,17.0853,-47.6194,47.9763,-26.7718,-111.03,-53.1374,213.902,73.9677,31.8867,-30.2075,87.9689,156.65,129.878,-249.434,-302.572,-78.128,-4.16028,-98.4046,-128.612,
0.263569,0.114365,5.88348,2.74874,0,0,-50,8.99657,7.42632,-14.353,-17.3881,-4.51608,-0.335209,-5.72027,-7.51426,0,-159.723,0,188.069,0,26.1501,0,150.027,23.1271,-36.9828,35.1417,25.8389,-40.9941,14.9022,18.166,39.6558,-40.1067,-58.6012,-69.9188,149.553,90.4186,14.1477,-39.2559,39.3892,1.25754,-50.4357,-73.6932,-87.9256,188.069,113.705,17.7913,-49.3657,49.5334,-27.3086,-110.676,-52.7839,213.907,72.7107,32.6934,-31.1997,89.1892,156.462,129.153,-249.618,-302.402,-78.5405,-5.82972,-99.483,-130.683,
0.251645,0.114989,5.88594,2.76818,0,0,-50,9.00488,7.40177,-14.3715,-17.3733,-4.54656,-0.442422,-5.77735,-7.63094,0,-160.618,0,188.115,0,26.3353,0,151.485,23.5664,-36.7044,35.1578,25.817,-40.9571,15.0033,18.9334,39.2952,-41.1766,-59.1175,-69.9233,150.563,89.909,14.9015,-40.9551,40.8712,1.24941,-51.4466,-73.8622,-87.3631,188.115,112.334,18.6181,-51.1699,51.065,-27.8801,-110.567,-52.2053,213.932,71.3764,33.6214,-32.2365,90.3602,156.607,128.727,-249.939,-302.144,-79.0707,-7.6943,-100.476,-132.712,
0.242069,0.116523,5.88832,2.78549,0,0,-50,9.00619,7.38051,-14.3919,-17.3619,-4.56861,-0.534862,-5.83505,-7.74105,0,-161.336,0,188.23,0,26.5132,0,152.784,23.9168,-36.477,35.1973,25.7631,-40.9214,15.1005,19.611,38.9615,-42.0255,-59.5522,-69.9351,151.572,89.4417,15.5352,-42.484,42.2994,1.24185,-52.1895,-73.9551,-86.8492,188.23,111.073,19.2925,-52.7589,52.5296,-28.2727,-110.432,-51.6518,213.993,70.152,34.3929,-33.1479,91.4911,156.629,128.357,-250.295,-301.946,-79.454,-9.30195,-101.479,-134.627,
0.231092,0.118692,5.89065,2.80727,0,0,-50,9.0014,7.35085,-14.4178,-17.3489,-4.58991,-0.647795,-5.91554,-7.88387,0,-162.159,0,188.393,0,26.6885,0,154.417,24.3158,-36.2123,35.2531,25.6866,-40.886,15.1961,20.4547,38.5252,-43.0232,-60.0363,-69.9686,152.869,88.8073,16.3111,-44.3746,44.1996,1.23238,-53.0211,-73.9877,-86.2281,188.393,109.445,20.1015,-54.6865,54.4708,-28.7053,-110.2,-50.975,214.08,68.5586,35.2976,-34.2318,92.996,156.546,127.841,-250.744,-301.719,-79.8246,-11.266,-102.879,-137.111,
0.22021,0.122215,5.89304,2.82625,0,0,-50,9.0085,7.34315,-14.4529,-17.3345,-4.61161,-0.751933,-5.98327,-8.00719,0,-162.975,0,188.657,0,26.8674,0,155.841,24.7084,-35.9456,35.3434,25.5623,-40.8497,15.2935,21.1823,38.13,-43.8858,-60.7133,-69.878,154.262,88.2889,17.0504,-46.1018,45.9158,1.22297,-53.6709,-74.2504,-85.4585,188.657,107.974,20.8521,-56.381,56.1535,-28.9625,-110.196,-50.1151,214.22,67.1248,36.1456,-35.1987,94.2835,156.67,127.707,-251.355,-301.47,-80.2019,-13.0771,-104.057,-139.256,
0.207974,0.126014,5.89532,2.84375,0,0,-50,9.03345,7.35454,-14.4932,-17.3165,-4.63801,-0.855344,-6.04025,-8.11636,0,-163.893,0,188.942,0,27.0382,0,157.153,25.1463,-35.6405,35.4403,25.4278,-40.8147,15.3865,21.8462,37.7536,-44.779,-61.6338,-69.6606,155.684,87.8363,17.8259,-47.7517,47.5021,1.21362,-54.3449,-74.8002,-84.5418,188.942,106.6,21.6339,-57.9526,57.6497,-29.1985,-110.441,-49.1015,214.37,65.7854,37.0204,-36.1064,95.4032,157.104,127.905,-252.056,-301.157,-80.661,-14.8755,-105.048,-141.154,
0.1978,0.129897,5.89767,2.86634,0,0,-50,9.02699,7.33297,-14.5283,-17.3042,-4.64995,-0.967655,-6.14054,-8.27394,0,-164.656,0,189.233,0,27.2143,0,158.847,25.5077,-35.3829,35.5387,25.29,-40.7785,15.4823,22.6934,37.2505,-45.6764,-62.2126,-69.6476,157.244,87.0992,18.593,-49.6876,49.7662,1.20344,-54.9688,-74.869,-83.8166,189.233,104.818,22.3755,-59.7959,59.8906,-29.4611,-110.252,-48.2779,214.523,64.04,37.8578,-37.1026,97.141,156.991,127.53,-252.665,-300.943,-80.8688,-16.8288,-106.792,-143.895,
0.186091,0.13523,5.90001,2.88719,0,0,-50,9.03927,7.33828,-14.5762,-17.2875,-4.66745,-1.08018,-6.22788,-8.41515,0,-165.534,0,189.633,0,27.3905,0,160.411,25.9202,-35.0818,35.6731,25.1001,-40.742,15.5781,23.4652,36.7692,-46.5344,-63.1233,-69.444,158.992,86.4654,19.4144,-51.5666,51.9082,1.19272,-55.5027,-75.2887,-82.8274,189.633,103.129,23.156,-61.5046,61.9121,-29.5825,-110.37,-47.1543,214.733,62.3874,38.734,-38.0395,98.6813,157.205,127.622,-253.498,-300.653,-81.1731,-18.7857,-108.311,-146.35,
0.172034,0.140623,5.90235,2.90772,0,0,-50,9.07332,7.36341,-14.6295,-17.2656,-4.69185,-1.19821,-6.3093,-8.5496,0,-166.589,0,190.038,0,27.5658,0,161.951,26.4108,-34.714,35.808,24.9074,-40.7055,15.6732,24.215,36.2798,-47.5095,-64.3537,-69.0895,160.799,85.8535,20.3249,-53.4566,54.0317,1.18183,-56.1483,-76.0553,-81.6522,190.038,101.464,24.0206,-63.1767,63.8564,-29.7375,-110.769,-45.8442,214.945,60.7589,39.6938,-38.9617,100.136,157.797,128.059,-254.427,-300.271,-81.5973,-20.8384,-109.727,-148.689,
0.160277,0.145944,5.90469,2.92536,0,0,-50,9.10191,7.38878,-14.6788,-17.2471,-4.71112,-1.29795,-6.38428,-8.66836,0,-167.47,0,190.437,0,27.741,0,163.274,26.8171,-34.4011,35.94,24.7165,-40.6688,15.7683,24.8512,35.847,-48.2854,-65.4477,-68.7521,162.431,85.318,21.0912,-55.0779,55.9484,1.17242,-56.6105,-76.7319,-80.6061,190.437,100.028,24.7276,-64.5742,65.5948,-29.7935,-111.133,-44.6661,215.153,59.3595,40.4959,-39.723,101.442,158.294,128.501,-255.284,-299.95,-81.9325,-22.5731,-111.031,-150.754,
0.147214,0.153003,5.907,2.94739,0,0,-50,9.12606,7.41449,-14.7403,-17.2265,-4.72727,-1.41698,-6.48755,-8.82056,0,-168.45,0,190.966,0,27.9145,0,164.926,27.2641,-34.0478,36.1135,24.4622,-40.6322,15.8623,25.6347,35.2909,-49.1268,-66.6915,-68.3537,164.501,84.5927,22.0044,-57.0331,58.4661,1.16089,-57.0306,-77.4211,-79.3508,190.966,98.2024,25.5446,-66.2089,67.8724,-29.7665,-111.469,-43.2373,215.428,57.5702,41.4069,-40.5742,103.163,158.714,128.948,-256.354,-299.591,-82.2134,-24.6431,-112.827,-153.401,
0.13402,0.15981,5.90931,2.96862,0,0,-50,9.15707,7.44681,-14.801,-17.205,-4.74361,-1.53213,-6.59011,-8.96761,0,-169.44,0,191.477,0,28.088,0,166.518,27.711,-33.6851,36.2792,24.2158,-40.5954,15.9563,26.3783,34.7386,-49.9618,-68.011,-67.9055,166.506,83.8693,22.9021,-58.8938,60.9641,1.14997,-57.4546,-78.2106,-78.0893,191.477,96.4472,26.3367,-67.7261,70.1069,-29.7436,-111.896,-41.8101,215.693,55.8518,42.293,-41.3478,104.846,159.253,129.51,-257.408,-299.218,-82.4975,-26.6457,-114.611,-155.958,
0.119495,0.168007,5.9117,2.99039,0,0,-50,9.19661,7.49472,-14.8728,-17.1801,-4.76276,-1.6532,-6.69677,-9.11799,0,-170.529,0,192.092,0,28.2668,0,168.151,28.1973,-33.2791,36.4765,23.9176,-40.5572,16.053,27.128,34.1564,-50.7729,-69.5818,-67.2953,168.751,83.1374,23.8818,-60.8235,63.6216,1.13831,-57.7955,-79.206,-76.6031,192.092,94.6364,27.185,-69.2363,72.4214,-29.5982,-112.485,-40.1266,216.009,54.0792,43.238,-42.1082,106.578,159.941,130.343,-258.658,-298.785,-82.8306,-28.7514,-116.466,-158.574,
0.106264,0.175185,5.91404,3.01195,0,0,-50,9.23207,7.53476,-14.936,-17.1579,-4.77622,-1.76699,-6.81126,-9.27019,0,-171.521,0,192.63,0,28.4421,0,169.768,28.6351,-32.9031,36.6473,23.6551,-40.5196,16.1478,27.8581,33.5636,-51.5662,-71.0183,-66.76,170.809,82.3358,24.7819,-62.6222,66.337,1.12775,-58.1537,-80.0907,-75.2885,192.63,92.854,27.9477,-70.6221,74.8114,-29.5185,-112.994,-38.6413,216.285,52.3344,44.0955,-42.764,108.375,160.558,131.039,-259.757,-298.398,-83.0647,-30.7302,-118.457,-161.221,
0.094196,0.183347,5.91644,3.03312,0,0,-50,9.25342,7.5716,-14.9916,-17.122,-4.78148,-1.87638,-6.92721,-9.41497,0,-172.426,0,193.242,0,28.6228,0,171.356,29.0301,-32.5552,36.8391,23.3553,-40.4806,16.2453,28.5625,32.9662,-52.2094,-72.4122,-66.1932,172.954,81.5259,25.6417,-64.347,69.129,1.11626,-58.2792,-80.8308,-73.8888,193.062,91.004,28.6228,-71.8279,77.1659,-29.2491,-113.386,-37.0497,216.417,50.5235,44.8681,-43.2654,110.132,160.929,131.68,-260.723,-297.773,-83.1561,-32.6326,-120.473,-163.739,
0.0800426,0.191652,5.91885,3.05525,0,0,-50,9.13863,7.53724,-14.812,-16.76,-4.69821,-2.00092,-6.97423,-9.40782,0,-173.488,0,193.865,0,28.8035,0,173.015,29.488,-32.141,37.0318,23.0485,-40.4413,16.3428,29.2848,32.3263,-52.9479,-74.096,-65.481,175.193,80.6625,26.598,-66.1253,72.0965,1.08292,-57.3382,-80.2398,-70.9105,189.72,87.3507,28.8035,-71.6082,78.0745,-27.8502,-112.381,-33.8787,212.768,46.9094,45.1463,-42.3234,110.401,158.933,131.082,-257.6,-291.479,-81.708,-34.7985,-121.291,-163.614,
0.0639598,0.200017,5.92136,3.07741,0,0,-50,9.0307,7.51301,-14.6248,-16.3828,-4.61685,-2.12516,-7.01294,-9.3853,0,-174.694,0,194.492,0,28.9913,0,174.677,30.0011,-31.6627,37.2233,22.738,-40.4003,16.444,29.9938,31.6695,-53.7433,-76.0731,-64.6075,177.468,79.7957,27.6278,-67.9011,75.1323,1.04935,-56.3957,-79.8275,-67.7961,186.226,83.7339,28.9913,-71.2523,78.8403,-26.3947,-111.49,-30.5728,208.964,43.3337,45.4353,-41.2584,110.51,157.056,130.661,-254.345,-284.918,-80.293,-36.9594,-121.964,-163.223,
0.0512206,0.208454,5.9238,3.09988,0,0,-50,8.94232,7.49264,-14.4972,-16.1038,-4.54954,-2.23433,-7.08241,-9.4066,0,-175.65,0,195.125,0,29.1746,0,176.362,30.402,-31.2779,37.4138,22.4231,-40.3599,16.5428,30.6978,30.9876,-54.3669,-77.6975,-63.8898,179.681,78.817,28.5205,-69.524,78.3375,1.02293,-55.6137,-79.4794,-65.3551,183.801,80.6246,29.1746,-71.1185,80.134,-25.2118,-110.757,-27.9413,206.224,40.2646,45.7174,-40.4206,111.122,155.519,130.307,-252.125,-280.067,-79.1225,-38.8579,-123.172,-163.593,
0.0355572,0.217298,5.92634,3.12141,0,0,-50,8.85597,7.48525,-14.3484,-15.7831,-4.48268,-2.34468,-7.12913,-9.39425,0,-176.824,0,195.788,0,29.3652,0,177.977,30.8881,-30.7979,37.6107,22.0913,-40.3178,16.6452,31.358,30.3193,-55.0248,-79.7599,-62.9023,181.955,77.9226,29.5252,-71.1368,81.4754,0.994581,-54.7266,-79.3277,-62.5615,180.969,77.5004,29.3652,-70.7513,81.0339,-23.8385,-110.126,-24.9509,203.06,37.1826,46.0104,-39.3933,111.353,154.017,130.178,-249.537,-274.488,-77.9596,-40.777,-123.985,-163.378,
0.0212001,0.226514,5.9289,3.1437,0,0,-50,8.77868,7.48128,-14.2277,-15.5063,-4.42182,-2.44921,-7.19339,-9.40314,0,-177.901,0,196.48,0,29.5567,0,179.649,31.3271,-30.3513,37.8126,21.7438,-40.2752,16.7481,32.026,29.6129,-55.5873,-81.7209,-61.9397,184.262,76.9295,30.4872,-72.6747,84.8222,0.969478,-53.8907,-79.2267,-60.0492,178.638,74.5815,29.5567,-70.4565,82.2333,-22.5636,-109.578,-22.2366,200.382,34.3063,46.3048,-38.4305,111.846,152.673,130.109,-247.439,-269.676,-76.9013,-42.5949,-125.102,-163.533,
0.00842491,0.236185,5.93146,3.16441,0,0,-50,8.71389,7.48585,-14.1384,-15.2759,-4.37226,-2.54263,-7.26044,-9.42091,0,-178.859,0,197.205,0,29.749,0,181.202,31.7123,-29.9486,38.0212,21.3771,-40.2321,16.8513,32.6323,28.9434,-55.9717,-83.5559,-60.9652,186.521,75.9918,31.3758,-74.0449,88.0392,0.94815,-53.0696,-79.2235,-57.8042,176.85,72.0516,29.749,-70.2057,83.4744,-21.3573,-109.172,-19.783,198.227,31.8195,46.6003,-37.5734,112.418,151.546,130.189,-245.885,-265.668,-76.0392,-44.2197,-126.268,-163.842,
6.2757,0.246468,5.93424,3.19042,0,0,-50,8.64065,7.48949,-14.0222,-14.9987,-4.30938,-2.65304,-7.34602,-9.44077,0,-180.053,0,197.976,0,29.9575,0,183.153,32.1849,-29.4401,38.239,20.985,-40.1851,16.9631,33.3739,28.085,-56.5406,-85.8458,-59.8088,189.09,74.7206,32.4455,-75.6017,92.1063,0.923318,-52.205,-79.263,-55.2225,174.591,68.9909,29.9575,-69.8044,85.0433,-20.0201,-108.703,-16.9836,195.576,28.8058,46.9207,-36.4305,113.128,150.272,130.252,-243.864,-260.847,-74.9457,-46.1399,-127.757,-164.187,
6.26009,0.257421,5.93706,3.21355,0,0,-50,8.57619,7.50518,-13.923,-14.7417,-4.25806,-2.75248,-7.41727,-9.44893,0,-181.223,0,198.798,0,30.1687,0,184.888,32.6403,-28.9344,38.4665,20.5649,-40.1371,17.0762,34.0145,27.3057,-56.9073,-88.1807,-58.5034,191.602,73.6183,33.4881,-76.9779,95.8596,0.900878,-51.2666,-79.4401,-52.7044,172.61,66.3211,30.1687,-69.3477,86.3578,-18.6263,-108.374,-14.2379,193.175,26.1839,47.245,-35.3331,113.663,149.151,130.525,-242.139,-256.377,-74.0532,-47.8693,-128.996,-164.329,
6.24588,0.269202,5.93993,3.23645,0,0,-50,8.51774,7.52539,-13.8474,-14.5175,-4.21326,-2.84642,-7.49721,-9.46847,0,-182.289,0,199.681,0,30.3845,0,186.605,33.0482,-28.4675,38.7061,20.1103,-40.0878,17.1916,34.6309,26.5196,-57.1042,-90.4117,-57.1659,194.156,72.4878,34.4901,-78.2256,99.6801,0.880961,-50.3066,-79.6492,-50.3609,171.044,63.8589,30.3845,-68.9137,87.8143,-17.2583,-108.117,-11.6548,191.155,23.7711,47.5761,-34.2828,114.334,148.135,130.876,-240.824,-252.479,-73.274,-49.5029,-130.386,-164.669,
6.22873,0.280826,5.94291,3.2605,0,0,-50,8.45881,7.55136,-13.7503,-14.2592,-4.16569,-2.94473,-7.57116,-9.47145,0,-183.575,0,200.553,0,30.6074,0,188.409,33.5316,-27.8966,38.9373,19.659,-40.0366,17.3107,35.2587,25.679,-57.3724,-93.0716,-55.597,196.736,71.2838,35.6094,-79.4704,103.746,0.859531,-49.3133,-79.998,-47.7873,169.101,61.2707,30.6074,-68.3073,89.1733,-15.7818,-107.895,-8.85007,188.76,21.2341,47.9181,-33.0486,114.852,147.11,131.328,-239.136,-247.986,-72.4468,-51.2127,-131.672,-164.721,
6.21325,0.293062,5.94595,3.28478,0,0,-50,8.40703,7.58063,-13.678,-14.0377,-4.12389,-3.03849,-7.6582,-9.4904,0,-184.737,0,201.471,0,30.8357,0,190.23,33.9595,-27.3741,39.1749,19.1811,-39.9837,17.4325,35.8717,24.8155,-57.4841,-95.5881,-54.0341,199.336,70.0064,36.6749,-80.563,107.936,0.840783,-48.3317,-80.3689,-45.431,167.598,58.8603,30.8357,-67.736,90.7512,-14.3722,-107.743,-6.2561,186.78,18.8766,48.2682,-31.8643,115.567,146.209,131.837,-237.878,-244.134,-71.7198,-52.8432,-133.186,-165.05,
6.19746,0.302566,5.94907,3.30865,0,0,-50,8.37808,7.61603,-13.6141,-13.8464,-4.08867,-3.12685,-7.75037,-9.51905,0,-185.921,0,202.184,0,31.0693,0,192.021,34.3874,-26.8346,39.3554,18.808,-39.9292,17.557,36.4538,23.9521,-57.7511,-98.1319,-52.6051,201.535,68.6805,37.6631,-81.4779,112.044,0.824929,-47.6405,-80.9519,-43.3955,166.252,56.6565,31.0693,-67.2134,92.4287,-13.2531,-107.786,-4.04007,185.06,16.7273,48.6263,-30.7596,116.381,145.706,132.453,-236.767,-240.807,-71.1073,-54.38,-134.789,-165.549,
6.18167,0.313423,5.95221,3.33217,0,0,-50,8.3446,7.65516,-13.5538,-13.6525,-4.05565,-3.21341,-7.83916,-9.54084,0,-187.105,0,202.998,0,31.3048,0,193.784,34.8068,-26.2883,39.5573,18.3796,-39.8739,17.6823,37.0069,23.0884,-57.8266,-100.753,-51.0002,203.847,67.3714,38.6829,-82.2983,116.201,0.809267,-46.7972,-81.5362,-41.2728,164.967,54.5215,31.3048,-66.6013,94.0377,-11.9903,-107.824,-1.71554,183.347,14.6476,48.9871,-29.5944,117.126,145.124,133.133,-235.719,-237.434,-70.533,-55.8854,-136.333,-165.928,
6.16482,0.324677,5.9554,3.35722,0,0,-50,8.3115,7.69864,-13.4905,-13.4511,-4.02098,-3.3026,-7.9341,-9.56165,0,-188.369,0,203.842,0,31.5448,0,195.664,35.2448,-25.6981,39.7616,17.9333,-39.8171,17.8098,37.5738,22.1539,-57.8532,-103.594,-49.2495,206.227,65.9285,39.7568,-83.0291,120.679,0.793445,-45.9033,-82.1964,-39.0768,163.63,52.3107,31.5448,-65.879,95.7522,-10.6585,-107.894,0.684825,181.563,12.4936,49.3546,-28.3052,117.906,144.548,133.889,-234.617,-233.932,-69.9301,-57.4365,-137.984,-166.29,
6.14731,0.336301,5.9587,3.38257,0,0,-50,8.27993,7.74713,-13.4283,-13.2489,-3.98838,-3.39134,-8.02972,-9.57956,0,-189.682,0,204.714,0,31.792,0,197.565,35.6893,-25.0771,39.9674,17.4698,-39.7582,17.9409,38.1232,21.1946,-57.7783,-106.586,-47.3573,208.609,64.4435,40.8602,-83.6393,125.28,0.778067,-44.9554,-82.9314,-36.8471,162.312,50.1414,31.792,-65.077,97.4766,-9.26609,-108.008,3.12027,179.781,10.3832,49.7329,-26.9538,118.671,143.999,134.733,-233.536,-230.416,-69.3631,-58.9799,-139.647,-166.601,
6.13045,0.347938,5.96231,3.40761,0,0,-50,8.25906,7.80257,-13.3838,-13.0726,-3.9633,-3.47783,-8.13257,-9.60819,0,-190.947,0,205.586,0,32.0626,0,199.442,36.1071,-24.4717,40.168,17.0036,-39.6932,18.0842,38.6418,20.2336,-57.5965,-109.541,-45.449,210.909,62.9447,41.9264,-84.0877,129.88,0.764734,-44.046,-83.7696,-34.7564,161.29,48.136,32.0626,-64.3047,99.3237,-7.93894,-108.241,5.41158,178.293,8.44278,50.1467,-25.6629,119.557,143.636,135.697,-232.761,-227.35,-68.9269,-60.4841,-141.436,-167.099,
6.11359,0.359826,5.96535,3.43289,0,0,-50,8.22768,7.85314,-13.3268,-12.8817,-3.93187,-3.56106,-8.22885,-9.62158,0,-192.211,0,206.478,0,32.2909,0,201.339,36.5145,-23.8596,40.3673,16.5249,-39.638,18.2049,39.141,19.2501,-57.3005,-112.543,-43.4469,213.201,61.3736,43.0016,-84.3795,134.563,0.750922,-43.0282,-84.5111,-32.6252,160.098,46.0867,32.2909,-63.3624,101.046,-6.51373,-108.371,7.74208,176.622,6.44879,50.4958,-24.2214,120.296,143.09,136.576,-231.771,-224.029,-68.3803,-61.9315,-143.11,-167.332,
6.09677,0.372086,5.9687,3.45909,0,0,-50,8.20367,7.91081,-13.2811,-12.7046,-3.90422,-3.64557,-8.3353,-9.64362,0,-193.472,0,207.398,0,32.5416,0,203.303,36.9106,-23.2421,40.5668,16.0287,-39.5769,18.3374,39.6319,18.2182,-56.8951,-115.616,-41.3668,215.495,59.7009,44.0785,-84.5024,139.44,0.738266,-42.0037,-85.3554,-30.5397,159.092,44.0751,32.5416,-62.3853,102.944,-5.09318,-108.598,10.0271,175.121,4.49825,50.879,-22.7534,121.162,142.672,137.579,-230.976,-220.949,-67.8995,-63.4012,-144.962,-167.715,
6.07968,0.38443,5.97201,3.48523,0,0,-50,8.17985,7.97098,-13.2349,-12.5273,-3.87779,-3.72841,-8.43993,-9.66093,0,-194.754,0,208.323,0,32.7906,0,205.264,37.3024,-22.608,40.7616,15.5268,-39.5158,18.4686,40.0944,17.1762,-56.3769,-118.765,-39.1907,217.725,58.0004,45.1603,-84.4647,144.345,0.726093,-40.9349,-86.2346,-28.4561,158.088,42.1137,32.7906,-61.3292,104.808,-3.63252,-108.843,12.3055,173.615,2.59788,51.2592,-21.2348,121.984,142.258,138.626,-230.172,-217.867,-67.4399,-64.842,-146.781,-168.016,
6.06168,0.397804,5.97578,3.51092,0,0,-50,8.15483,8.03726,-13.1907,-12.3455,-3.85811,-3.81202,-8.54138,-9.67381,0,-196.104,0,209.326,0,33.0728,0,207.191,37.7032,-21.9329,40.9656,14.9802,-39.446,18.6172,40.5225,16.1405,-55.6485,-122.066,-36.774,219.963,56.3482,46.3032,-84.306,149.264,0.714266,-39.7478,-87.1877,-26.2664,157.112,40.2476,33.0728,-60.2169,106.614,-2.04457,-109.121,14.6992,172.092,0.801585,51.69,-19.6944,122.754,141.823,139.778,-229.404,-214.705,-67.0976,-66.296,-148.546,-168.24,
6.04323,0.408782,5.97881,3.53725,0,0,-50,8.13583,8.10247,-13.1375,-12.1672,-3.83101,-3.8906,-8.64269,-9.68151,0,-197.488,0,210.15,0,33.3002,0,209.166,38.1016,-21.2334,41.1276,14.5297,-39.3894,18.7367,40.9334,15.0681,-55.0219,-125.456,-34.4973,221.901,54.5541,47.367,-83.9226,154.221,0.703026,-38.6819,-88.1986,-24.2525,156.002,38.353,33.3002,-58.9998,108.421,-0.580276,-109.432,16.875,170.532,-1.03638,52.037,-18.0664,123.489,141.493,140.912,-228.478,-211.603,-66.6263,-67.6627,-150.308,-168.374,
6.02519,0.42266,5.98219,3.56448,0,0,-50,8.10517,8.16915,-13.0878,-11.9805,-3.80648,-3.97247,-8.74597,-9.68434,0,-198.841,0,211.191,0,33.5537,0,211.208,38.4783,-20.5428,41.3252,13.9575,-39.3258,18.8697,41.3284,13.9481,-54.0251,-128.872,-31.9055,224.08,52.6855,48.5136,-83.3504,159.414,0.691634,-37.3656,-89.132,-22.0669,154.981,36.4391,33.5537,-57.648,110.256,1.11276,-109.675,19.2583,168.939,-2.88677,52.4234,-16.3195,124.204,140.959,142.072,-227.614,-208.356,-66.1997,-69.0865,-152.104,-168.423,
6.00718,0.434536,5.98567,3.59204,0,0,-50,8.09431,8.24537,-13.0511,-11.8216,-3.78517,-4.05273,-8.86031,-9.70076,0,-200.192,0,212.081,0,33.8144,0,213.275,38.8421,-19.8464,41.4881,13.4657,-39.26,19.0063,41.6971,12.8038,-53.0864,-132.322,-29.4737,225.97,50.7288,49.5673,-82.5483,164.59,0.682191,-36.2151,-90.2689,-20.1067,154.155,34.6067,33.8144,-56.3137,112.282,2.62702,-110.115,21.3814,167.62,-4.6533,52.8207,-14.6165,125.086,140.771,143.398,-226.975,-205.594,-65.829,-70.4823,-154.092,-168.709,
5.98896,0.449564,5.98915,3.61871,0,0,-50,8.05507,8.31248,-12.9979,-11.6283,-3.76494,-4.13208,-8.95471,-9.68998,0,-201.558,0,213.208,0,34.0759,0,215.275,39.1972,-19.1356,41.6858,12.8408,-39.1935,19.1431,42.0237,11.6875,-51.7099,-135.778,-26.6088,228.043,48.8624,50.75,-81.6312,169.725,0.671446,-34.7204,-91.1675,-17.8664,153.119,32.8084,34.0759,-54.8109,113.961,4.47673,-110.303,23.8194,165.96,-6.38504,53.219,-12.7873,125.649,140.088,144.565,-226.051,-202.232,-65.4771,-71.8622,-155.734,-168.521,
5.96964,0.462363,5.99307,3.64674,0,0,-50,8.04264,8.39708,-12.9612,-11.4641,-3.74959,-4.21381,-9.06907,-9.70002,0,-203.007,0,214.168,0,34.3698,0,217.377,39.5595,-18.3748,41.8467,12.3062,-39.1182,19.2966,42.3347,10.5051,-50.3928,-139.451,-23.859,229.815,46.8459,51.8632,-80.4401,175.014,0.662702,-33.3954,-92.4146,-15.8114,152.299,31.0449,34.3698,-53.3078,115.982,6.16411,-110.789,26.0353,164.605,-8.07331,53.6664,-10.9731,126.487,139.872,146.036,-225.412,-199.376,-65.2103,-73.2836,-157.723,-168.696,
5.95002,0.476397,5.99669,3.67547,0,0,-50,8.01554,8.47721,-12.9119,-11.2806,-3.73,-4.29466,-9.17548,-9.69286,0,-204.478,0,215.221,0,34.6413,0,219.532,39.9123,-17.5953,42.0153,11.7177,-39.0481,19.438,42.619,9.28482,-48.8016,-143.193,-20.884,231.613,44.737,53.0229,-79.0064,180.417,0.653326,-31.8834,-93.5515,-13.6441,151.319,29.2278,34.6413,-51.6169,117.871,8.02898,-111.147,28.3712,163.037,-9.82025,54.0793,-8.99792,127.156,139.401,147.43,-224.556,-196.184,-64.8696,-74.6898,-159.574,-168.572,
5.93299,0.491857,6,3.70374,0,0,-50,7.97677,8.54776,-12.8623,-11.0995,-3.7086,-4.37202,-9.27332,-9.67527,0,-205.755,0,216.38,0,34.8893,0,221.652,40.2062,-16.913,42.1914,11.0668,-38.9836,19.567,42.8644,8.0764,-46.9889,-146.585,-17.8989,233.447,42.5966,54.1489,-77.3756,185.653,0.644322,-30.276,-94.4479,-11.5327,150.415,27.4459,34.8893,-49.8548,119.621,9.93021,-111.361,30.6587,161.482,-11.5376,54.4564,-6.9904,127.697,138.726,148.657,-223.693,-193.034,-64.4974,-76.0351,-161.275,-168.266,
5.91211,0.505698,6.00405,3.7317,0,0,-50,7.95029,8.63373,-12.8132,-10.9173,-3.69743,-4.45168,-9.37541,-9.6632,0,-207.322,0,217.418,0,35.1931,0,223.749,40.5507,-16.0696,42.3405,10.4818,-38.904,19.7248,43.0735,6.87495,-45.062,-150.432,-14.727,234.927,40.5376,55.3249,-75.5813,190.891,0.636117,-28.6647,-95.6923,-9.3681,149.441,25.7867,35.1931,-48.0786,121.429,11.886,-111.762,32.9724,159.923,-13.1173,54.9179,-5.00512,128.304,138.266,150.152,-222.839,-189.866,-64.3032,-77.4205,-163.051,-168.056,
5.89327,0.520211,6.00757,3.76101,0,0,-50,7.91929,8.71571,-12.764,-10.74,-3.67906,-4.52959,-9.47748,-9.64403,0,-208.735,0,218.507,0,35.4574,0,225.947,40.8462,-15.3028,42.4882,9.8662,-38.8342,19.8617,43.2565,5.60954,-42.9688,-154.082,-11.6013,236.417,38.2686,56.4378,-73.462,196.183,0.628256,-26.9954,-96.8027,-7.2886,148.53,24.0424,35.4574,-46.1529,123.253,13.8508,-112.105,35.1996,158.397,-14.7918,55.3191,-2.89649,128.862,137.727,151.578,-221.983,-186.783,-63.9836,-78.7754,-164.826,-167.722,
5.8734,0.535108,6.01146,3.79108,0,0,-50,7.88851,8.80393,-12.7147,-10.5598,-3.6642,-4.61001,-9.58207,-9.62307,0,-210.225,0,219.624,0,35.7486,0,228.202,41.1422,-14.4882,42.6304,9.23221,-38.7568,20.0124,43.4055,4.30655,-40.6282,-157.868,-8.30312,237.788,35.9344,57.585,-71.0675,201.546,0.620797,-25.2219,-98.0043,-5.15455,147.618,22.308,35.7486,-44.1185,125.119,15.9203,-112.493,37.4759,156.85,-16.4488,55.761,-0.712957,129.426,137.192,153.112,-221.125,-183.649,-63.7252,-80.1741,-166.645,-167.358,
5.85308,0.746294,6.01588,3.82293,0,0,-50,6.08461,7.89601,-11.062,-7.95698,-3.55851,-4.79031,-8.5188,-8.04036,0,-211.749,0,235.463,0,36.0802,0,230.592,41.428,-13.6496,43.6186,0.090918,-38.668,20.1836,43.5207,2.92195,-19.3458,-157.036,20.2353,249.644,33.6131,70.3246,-68.609,211.815,0.513053,-9.92543,-80.5677,10.3818,128.081,17.2453,36.0802,-35.2001,108.672,31.5025,-94.2172,54.0004,128.171,-21.4226,56.2638,8.32063,111.594,105.819,137.322,-192.383,-138.382,-61.8872,-83.3098,-148.153,-139.832,
5.8329,0.761478,6.01964,3.85021,0,0,-50,3.18137,3.54629,0.7268,3.58655,-2.55913,-5.85315,-2.91352,-1.37562,0,-213.262,0,-234.637,0,36.3625,0,232.637,41.695,-12.8108,43.6149,-0.571371,-38.5917,20.3289,43.5842,1.73394,-128.489,-118.236,22.2451,-103.584,-67.957,132.175,-61.2049,98.7652,0.275109,-35.3484,-32.5278,6.11982,-28.4968,-18.6956,36.3625,-16.838,27.1712,6.34658,-45.3386,49.7347,-29.0682,-57.2873,56.6914,26.7462,28.9051,55.3281,61.6747,12.64,62.3747,-44.5066,-101.794,-50.67,-23.9238,
5.81291,0.578766,6.02425,3.8808,0,0,-50,7.80559,9.08829,-12.5799,-10.0469,-3.63884,-4.85117,-9.89621,-9.55707,0,-214.762,0,222.899,0,36.7085,0,234.932,41.9427,-11.9748,42.9927,7.36282,-38.4975,20.5068,43.6168,0.399841,-32.5904,-169.094,1.76106,240.876,28.9033,60.9294,-62.6062,216.935,0.602477,-19.6349,-101.875,1.061,145.122,17.4135,36.7085,-37.7187,130.698,22.3078,-113.85,44.0537,152.485,-21.084,57.2153,5.89808,131.098,135.749,158.057,-218.782,-174.728,-63.2842,-84.3682,-172.108,-166.21,
5.79258,0.595137,6.02815,3.91032,0,0,-50,13.2562,20.4879,-12.0922,-8.21481,-4.26701,1.24836,10.8012,9.61673,0,-216.287,0,224.126,0,37.0006,0,-234.093,42.1776,-11.1194,43.1075,6.65805,-38.4174,20.6566,43.6096,-0.887581,80.4487,-208.154,23.411,125.298,129.286,-0.301668,-61.7947,-131.571,1.03907,83.5917,-216.287,24.3256,130.194,134.337,-0.313454,-64.2089,-136.711,125.769,-227.406,67.4331,136.852,95.9195,20.3431,-20.5993,-137.599,230.543,356.312,-210.299,-142.866,-74.2089,21.7106,187.847,167.248,
5.77116,0.610021,6.03297,3.94137,0,0,-50,13.2018,20.6463,-12.3648,-8.33972,-4.59856,1.235,10.7618,9.48907,0,-217.893,0,225.243,0,37.362,0,-231.764,42.406,-10.2137,43.2018,6.01571,-38.3174,20.8414,43.5611,-2.24107,81.9776,-205.163,25.2345,125.715,131.605,1.71939,-61.8574,-126.39,1.06205,87.064,-217.893,26.8002,133.515,139.771,1.82608,-65.6954,-134.232,129.47,-228.107,70.0021,139.531,101.453,22.6675,-22.1344,-136.473,229.596,359.066,-215.041,-145.039,-79.975,21.4782,187.162,165.027,
5.74953,0.626655,6.03699,3.97395,0,0,-50,13.1433,20.8091,-12.6618,-8.4779,-4.96252,1.20881,10.7007,9.34533,0,-219.515,0,226.49,0,37.664,0,-229.321,42.617,-9.29403,43.2959,5.29629,-38.2332,20.9955,43.465,-3.65855,83.4523,-201.973,27.1125,126.205,133.929,3.9575,-61.6801,-120.931,1.08685,90.7004,-219.515,29.4673,137.167,145.561,4.30122,-67.0372,-131.434,133.317,-228.809,72.7632,142.463,107.328,25.2968,-23.5722,-135.093,228.579,361.897,-220.205,-147.442,-86.3047,21.0228,186.1,162.527,
5.72858,0.643157,6.04245,4.0053,0,0,-50,13.0863,20.9664,-12.9534,-8.61203,-5.32049,1.18343,10.6184,9.19365,0,-221.087,0,227.728,0,38.0729,0,-226.97,42.8023,-8.39929,43.3774,4.58112,-38.1181,21.2037,43.3289,-5.01918,84.7803,-198.886,28.8986,126.618,136.044,6.00609,-61.2683,-115.594,1.11162,94.2437,-221.087,32.1243,140.751,151.23,6.6765,-68.1072,-128.497,137.046,-229.486,75.5018,145.332,113.112,27.8802,-24.7782,-133.516,227.588,364.634,-225.276,-149.774,-92.5303,20.5814,184.668,159.89,
5.7084,0.656999,6.04789,4.04185,0,0,-50,13.0469,21.102,-13.277,-8.77798,-5.7016,1.16593,10.4968,9.00919,0,-222.6,0,228.766,0,38.481,0,-224.229,42.9631,-7.53382,43.4367,3.98028,-38.0022,21.4108,43.1166,-6.59923,85.3277,-195.558,30.5782,127.078,138.311,8.0434,-60.6077,-109.687,1.13828,97.127,-222.6,34.8067,144.651,157.437,9.15566,-68.9887,-124.855,140.09,-230.134,78.2434,148.631,119.435,30.5665,-25.8722,-131.454,226.902,366.992,-230.904,-152.661,-99.1582,20.277,182.554,156.682,
5.68762,0.672303,6.05351,4.07285,0,0,-50,12.9967,21.2508,-13.5808,-8.91558,-6.0684,1.13663,10.3701,8.84069,0,-224.159,0,229.914,0,38.9025,0,-221.903,43.1104,-6.63946,43.4925,3.31509,-37.8812,21.624,42.8913,-7.93259,86.2782,-192.553,32.3349,127.383,140.177,9.97461,-59.6922,-104.396,1.16414,100.44,-224.159,37.6423,148.291,163.186,11.6119,-69.4901,-121.532,143.55,-230.798,81.1348,151.606,125.305,33.2359,-26.5988,-129.464,226.029,369.579,-236.188,-155.054,-105.537,19.7674,180.35,153.751,
5.66492,0.68956,6.05786,4.10262,0,0,-50,12.9352,21.4194,-13.9023,-9.04684,-6.4672,1.08659,10.2311,8.67499,0,-225.861,0,231.208,0,39.2288,0,-219.671,43.25,-5.65932,43.5432,2.56407,-37.7868,21.7886,42.6362,-9.20571,87.5026,-189.484,34.3117,127.597,141.913,12.1411,-58.4728,-99.1666,1.19198,104.301,-225.861,40.8988,152.093,169.157,14.472,-69.6985,-118.205,147.551,-231.52,84.4421,154.657,131.37,36.2606,-27.0623,-127.41,224.96,372.512,-241.778,-157.336,-112.473,18.8973,177.932,150.869,
5.643,0.703366,6.06156,4.13356,0,0,-50,12.8907,21.567,-14.23,-9.18586,-6.86058,1.04223,10.0655,8.4998,0,-227.505,0,232.244,0,39.5065,0,-217.35,43.3636,-4.71003,43.5745,1.9627,-37.7059,21.9284,42.3309,-10.5204,88.1495,-186.505,36.1937,127.755,143.582,14.1677,-57.0242,-93.9418,1.21983,107.528,-227.505,44.1503,155.84,175.146,17.2822,-69.5601,-114.593,150.891,-232.215,87.7247,157.803,137.44,39.2106,-27.2291,-125.114,224.187,375.078,-247.479,-159.754,-119.314,18.1257,175.052,147.823,
5.6214,0.719257,6.06695,4.16218,0,0,-50,12.8371,21.7218,-14.5468,-9.31158,-7.25347,0.993453,9.88895,8.32967,0,-229.125,0,233.435,0,39.911,0,-215.204,43.4552,-3.77254,43.6002,1.27003,-37.5871,22.1314,42.0126,-11.7274,88.9948,-183.6,38.0198,127.821,145.047,16.0708,-55.3951,-88.9858,1.24795,111.061,-229.125,47.4469,159.515,181.012,20.0556,-69.1305,-111.05,154.517,-232.897,91.0471,160.785,143.425,42.187,-27.1179,-122.778,223.254,377.771,-252.988,-161.94,-126.147,17.2774,171.982,144.864,
5.59969,0.734477,6.07086,4.19715,0,0,-50,12.7976,21.8628,-14.9197,-9.47867,-7.70358,0.927512,9.65468,8.12282,0,-230.753,0,234.577,0,40.204,0,-212.581,43.5269,-2.82807,43.6144,0.606316,-37.5003,22.2781,41.5769,-13.1891,89.2135,-180.378,39.8752,128.055,146.65,18.2812,-53.3254,-83.3407,1.27928,114.129,-230.753,51.0114,163.817,187.606,23.3867,-68.218,-106.616,157.656,-233.581,94.6258,164.423,150.106,45.6648,-26.6411,-119.805,222.568,380.223,-259.472,-164.846,-133.975,16.1307,167.908,141.266,
5.57694,0.947377,6.07478,4.22582,0,0,-50,6.87554,8.24065,8.38617,11.5237,-4.55744,-4.7795,9.19913,8.65863,0,-232.459,0,-220.695,0,40.498,0,-210.431,43.5799,-1.83736,42.7578,-8.62289,-37.4127,22.4249,41.1818,-14.3754,-34.6726,-174.829,20.6377,-219.43,58.6376,70.7789,-88.4024,-185.206,0.572175,-19.8388,-100.033,11.8084,-125.552,33.551,40.498,-50.5817,-105.97,23.7412,-101.87,54.5662,-134.175,-3.86176,62.9229,-9.39991,-120.346,119.575,143.316,145.846,200.413,-79.2599,-83.1217,159.985,150.585,
5.55321,0.96485,6.07834,4.25417,0,0,-50,6.96318,8.28207,8.52316,11.6553,-4.63149,-4.7648,9.1264,8.52017,0,-234.239,0,-219.384,0,40.7649,0,-208.304,43.6113,-0.802856,42.6007,-9.36864,-37.3327,22.5579,40.7576,-15.5371,-35.8226,-176.629,20.5706,-219.392,60.67,70.6344,-88.8902,-179.139,0.577125,-20.6742,-101.937,11.8718,-126.617,35.0142,40.7649,-51.3008,-103.385,22.9371,-102.74,54.4725,-135.985,-2.31844,63.3228,-10.5431,-118.923,121.099,144.036,148.229,202.701,-80.5476,-82.8661,158.72,148.177,
5.53043,0.784967,6.08201,4.27949,0,0,-50,-13.6284,-12.8381,17.3281,15.5983,0.490732,-1.97211,14.8195,18.2663,0,235.291,0,-232.875,0,41.0399,0,-206.405,43.6182,0.190833,43.5895,-1.59559,-37.2497,22.6947,40.3512,-16.5641,-31.1469,185.761,-76.8128,-229.686,-5.8201,-13.2531,20.4274,-215.199,0.959137,-29.8741,178.17,-73.674,-220.3,-5.58227,-12.7115,19.5927,-206.405,13.7441,178.361,-30.0845,-221.896,-42.832,9.98317,59.9438,-222.969,-237.015,-223.271,301.359,271.275,8.53447,-34.2975,257.73,317.674,
5.50765,0.800762,6.08569,4.30664,0,0,-50,-13.4012,-12.8347,17.0604,15.1964,0.430374,-1.95069,14.8908,18.0544,0,233.583,0,-231.691,0,41.3158,0,-204.369,43.6026,1.1844,43.5588,-2.28387,-37.1659,22.8316,39.8867,-17.6532,-35.3311,183.849,-79.5342,-225.175,-4.44262,-13.1755,15.8414,-213.942,0.955254,-33.7502,175.623,-75.9754,-215.099,-4.24383,-12.586,15.1326,-204.369,9.85238,176.807,-32.4165,-217.383,-41.4098,10.2456,55.0193,-222.022,-233.065,-223.212,296.702,264.286,7.48477,-33.925,258.971,313.99,
5.48221,0.819026,6.08881,4.33745,0,0,-50,-13.1444,-12.8279,16.7665,14.7568,0.372243,-1.91985,14.9675,17.816,0,231.674,0,-230.321,0,41.5505,0,-202.058,43.5583,2.29326,43.5099,-3.079,-37.0943,22.9477,39.324,-18.8736,-39.9739,181.455,-82.4217,-219.926,-2.9078,-13.15,10.73,-212.256,0.951957,-38.0535,172.737,-78.4619,-209.361,-2.7681,-12.5182,10.2145,-202.058,5.50485,175.031,-34.952,-212.44,-39.8624,10.4295,49.5385,-220.932,-228.599,-223.094,291.592,256.639,6.47379,-33.3887,260.304,309.843,
5.46002,0.837709,6.09254,4.36171,0,0,-50,-12.9113,-12.8053,16.5277,14.3755,0.339281,-1.87694,15.0296,17.6246,0,230.011,0,-228.92,0,41.83,0,-200.239,43.4968,3.25887,43.4447,-3.89133,-37.0086,23.0858,38.8547,-19.8218,-43.8204,178.892,-85.0811,-214.998,-1.61417,-13.385,6.6018,-210.653,0.950565,-41.6541,170.049,-80.8752,-204.369,-1.53438,-12.7233,6.27544,-200.239,1.84262,173.307,-37.4304,-208.261,-38.5429,10.3625,45.1301,-220.061,-224.544,-222.701,287.439,250.008,5.90054,-32.6424,261.385,306.515,
5.43137,0.852881,6.09718,4.3895,0,0,-50,-12.6456,-12.7766,16.266,13.9886,0.260443,-1.88086,15.1084,17.3956,0,227.862,0,-227.782,0,42.1778,0,-198.155,43.3855,4.50372,43.3807,-4.55,-36.9011,23.2572,38.2889,-20.8938,-48.1069,175.748,-87.4283,-210.008,-0.357047,-12.9973,1.5699,-208.76,0.949202,-45.6631,166.82,-82.9871,-199.34,-0.33891,-12.337,1.49016,-198.155,-2.2776,171.324,-39.6064,-203.89,-37.24,10.9202,39.779,-219.049,-219.924,-222.202,282.887,243.281,4.52945,-32.7106,262.754,302.533,
5.40729,0.867706,6.1016,4.4141,0,0,-50,-12.4129,-12.7495,16.048,13.6565,0.199138,-1.87653,15.172,17.197,0,226.056,0,-226.67,0,42.5095,0,-196.31,43.2645,5.54689,43.3085,-5.19257,-36.7979,23.4202,37.7633,-21.8294,-51.7492,172.808,-89.4444,-205.429,0.736777,-12.7647,-2.6835,-206.82,0.949183,-49.1194,164.026,-84.8991,-194.99,0.699337,-12.116,-2.54713,-196.31,-5.85489,169.573,-41.5906,-200.182,-36.0985,11.3042,35.2161,-218.139,-215.876,-221.731,279.095,237.504,3.46326,-32.6353,263.862,299.078,
5.38461,0.883333,6.10462,4.43736,0,0,-50,-12.1858,-12.7169,15.8405,13.3381,0.156826,-1.85543,15.2296,17.01,0,224.355,0,-225.498,0,42.736,0,-194.565,43.1276,6.52687,43.2221,-5.86871,-36.727,23.5312,37.2453,-22.7019,-55.1181,169.782,-91.3056,-200.807,1.82232,-12.7198,-6.61133,-204.802,0.950016,-52.3631,161.295,-86.7418,-190.77,1.73123,-12.0841,-6.28087,-194.565,-9.2355,167.822,-43.5197,-196.638,-34.9958,11.4471,30.9644,-217.267,-211.927,-221.163,275.487,231.967,2.72741,-32.2684,264.862,295.827,
5.36136,0.89769,6.1077,4.46497,0,0,-50,-11.9567,-12.6978,15.6308,13.0281,0.0950678,-1.85482,15.2876,16.796,0,222.611,0,-224.421,0,42.967,0,-192.494,42.9642,7.52772,43.1333,-6.48863,-36.6543,23.6442,36.6043,-23.7215,-58.693,166.691,-92.8956,-196.142,2.88288,-12.3845,-10.8991,-202.286,0.951592,-55.8518,158.622,-88.3987,-186.648,2.74332,-11.785,-10.3715,-192.494,-12.8876,166.15,-45.2654,-193.136,-33.911,11.8592,26.2329,-216.216,-207.943,-220.831,271.841,226.575,1.65335,-32.2577,265.871,292.104,
5.34071,0.910957,6.11134,4.48856,0,0,-50,-11.7511,-12.6742,15.4568,12.762,0.0408918,-1.85532,15.3368,16.6115,0,221.062,0,-223.426,0,43.2402,0,-190.725,42.7996,8.4132,43.0435,-7.06027,-36.568,23.7776,36.0347,-24.5781,-61.6964,163.736,-94.2531,-191.954,3.76385,-12.1078,-14.5356,-199.937,0.953925,-58.8537,156.192,-89.9104,-183.11,3.59043,-11.5499,-13.8659,-190.725,-16.0541,164.605,-46.8669,-190.17,-32.9775,12.2276,22.1689,-215.303,-204.367,-220.421,268.814,221.947,0.711162,-32.2664,266.726,288.895,
5.31763,0.923996,6.11453,4.51084,0,0,-50,-11.5269,-12.632,15.2839,12.4988,-0.0138023,-1.85653,15.3903,16.4282,0,219.331,0,-222.448,0,43.4793,0,-189.054,42.594,9.39876,42.9478,-7.62089,-36.492,23.894,35.4783,-25.3748,-64.5985,160.324,-95.5011,-187.703,4.64471,-11.7983,-18.2143,-197.573,0.956884,-61.8132,153.411,-91.3835,-179.61,4.44445,-11.2896,-17.429,-189.054,-19.2192,162.81,-48.4357,-187.231,-32.0475,12.6044,18.0493,-214.429,-200.468,-219.687,265.806,217.371,-0.24004,-32.2876,267.658,285.707,
5.29612,0.936831,6.11743,4.53399,0,0,-50,-11.3132,-12.5972,15.1215,12.2512,-0.066669,-1.85861,15.4383,16.2434,0,217.718,0,-221.485,0,43.6968,0,-187.318,42.382,10.3128,42.8464,-8.17149,-36.4225,23.9997,34.8813,-26.1893,-67.3677,157.009,-96.5703,-183.528,5.47403,-11.4773,-21.7352,-195.001,0.960598,-64.7132,150.823,-92.7653,-176.296,5.25834,-11.025,-20.8788,-187.318,-22.3312,161.135,-49.9189,-184.468,-31.1642,12.9747,14.0025,-213.507,-196.751,-219.082,262.982,213.063,-1.15946,-32.3236,268.492,282.494,
5.27451,0.949798,6.12013,4.55446,0,0,-50,-11.0975,-12.5477,14.9694,12.0152,-0.111716,-1.8541,15.4851,16.074,0,216.097,0,-220.513,0,43.8991,0,-185.783,42.1493,11.2261,42.7368,-8.72637,-36.3577,24.0979,34.338,-26.8978,-69.825,153.521,-97.5437,-179.437,6.27607,-11.2454,-24.9747,-192.554,0.964835,-67.3696,148.122,-94.1135,-173.127,6.05537,-10.85,-24.0965,-185.783,-25.2203,159.348,-51.3767,-181.853,-30.3023,13.2479,10.2415,-212.68,-193.001,-218.221,260.337,208.961,-1.94289,-32.2452,269.306,279.547,
5.25156,0.962873,6.12288,4.57862,0,0,-50,-10.8679,-12.5024,14.8137,11.7756,-0.168504,-1.86021,15.533,15.8791,0,214.376,0,-219.532,0,44.1058,0,-183.971,41.8806,12.1904,42.6191,-9.28439,-36.2911,24.198,33.6782,-27.7195,-72.4608,149.755,-98.3798,-175.108,7.08048,-10.8486,-28.5067,-189.605,0.970285,-70.3077,145.305,-95.4564,-169.905,6.87009,-10.5262,-27.6596,-183.971,-28.4271,157.496,-52.8373,-179.189,-29.421,13.6718,6.01852,-211.69,-189.007,-217.434,257.63,204.793,-2.9305,-32.3515,270.139,276.158,
5.23095,0.974857,6.12564,4.59909,0,0,-50,-10.6596,-12.4532,14.6823,11.5682,-0.217173,-1.8638,15.5747,15.711,0,212.83,0,-218.634,0,44.3125,0,-182.435,41.6204,13.051,42.5048,-9.79447,-36.2243,24.2979,33.1038,-28.403,-74.6151,146.241,-99.0538,-171.247,7.7751,-10.5283,-31.4941,-186.95,0.97585,-72.8131,142.709,-96.6616,-167.111,7.58733,-10.274,-30.7335,-182.435,-31.1927,155.76,-54.1568,-176.906,-28.6369,14.0239,2.37022,-210.838,-185.385,-216.578,255.344,201.187,-3.77693,-32.4139,270.865,273.235,
5.21297,0.985247,6.12859,4.61973,0,0,-50,-10.4758,-12.4195,14.5716,11.3905,-0.269048,-1.8774,15.609,15.5475,0,211.482,0,-217.854,0,44.5336,0,-180.888,41.3791,13.797,42.4007,-10.2356,-36.1525,24.4046,32.5106,-29.08,-76.5807,143.108,-99.5414,-167.788,8.33327,-10.1242,-34.2054,-184.25,0.981754,-75.1835,140.497,-97.7252,-164.726,8.18122,-9.93946,-33.5813,-180.888,-33.8043,154.294,-55.3245,-174.962,-27.9713,14.4652,-1.0707,-209.968,-182.187,-215.991,253.42,198.095,-4.6791,-32.6504,271.461,270.391,
5.19159,0.994859,6.13107,4.64038,0,0,-50,-10.2646,-12.3658,14.4623,11.2168,-0.331638,-1.9001,15.6511,15.3743,0,209.878,0,-217.133,0,44.7197,0,-179.339,41.0747,14.6785,42.3004,-10.6426,-36.0918,24.4942,31.9032,-29.7451,-78.5215,139.436,-99.8949,-164.305,8.9169,-9.5644,-37.1443,-181.429,0.988482,-77.617,137.83,-98.7443,-162.412,8.8142,-9.45423,-36.7165,-179.339,-36.5424,152.509,-56.444,-173.055,-27.2776,15.04,-4.81329,-209.084,-178.514,-215.057,251.519,195.075,-5.76762,-33.0453,272.193,267.379,
5.17204,1.00459,6.13332,4.65856,0,0,-50,-10.0669,-12.3083,14.3637,11.0561,-0.382886,-1.91318,15.6883,15.2201,0,208.412,0,-216.404,0,44.8887,0,-177.976,40.78,15.4785,42.1948,-11.0537,-36.0366,24.5755,31.3572,-30.3202,-80.1382,135.952,-100.191,-161.013,9.46733,-9.14508,-39.6861,-178.818,0.995287,-79.7606,135.311,-99.7184,-160.254,9.42272,-9.10198,-39.499,-177.976,-38.9806,150.789,-57.5236,-171.308,-26.6138,15.4735,-8.14182,-208.296,-175.077,-214.057,249.804,192.281,-6.65888,-33.2727,272.84,264.698,
5.15524,1.0146,6.13571,4.67954,0,0,-50,-9.88792,-12.2749,14.2723,10.9015,-0.431936,-1.92831,15.7159,15.0557,0,207.152,0,-215.653,0,45.0675,0,-176.402,40.5141,16.1614,42.0821,-11.4754,-35.9779,24.6613,30.7141,-30.9714,-81.7809,132.797,-100.402,-157.699,9.92408,-8.72905,-42.0691,-175.872,1.00301,-82.0273,133.197,-100.705,-158.174,9.95398,-8.75535,-42.1959,-176.402,-41.5131,149.358,-58.6227,-169.65,-26.0239,15.906,-11.4818,-207.373,-171.964,-213.477,248.214,189.591,-7.51193,-33.5358,273.319,261.837,
5.13525,1.02502,6.13784,4.69723,0,0,-50,-9.6808,-12.2048,14.1793,10.7447,-0.480112,-1.93677,15.752,14.9025,0,205.653,0,-214.871,0,45.2275,0,-175.075,40.183,16.968,41.9602,-11.9135,-35.9252,24.738,30.1615,-31.5099,-83.1513,129.083,-100.572,-154.332,10.4751,-8.35716,-44.4392,-173.145,1.01115,-84.0784,130.522,-101.693,-156.053,10.5919,-8.45033,-44.9347,-175.075,-43.8954,147.49,-59.7328,-167.967,-25.3333,16.2877,-14.7731,-206.585,-168.362,-212.257,246.597,186.865,-8.34977,-33.683,273.948,259.175,
5.11774,1.03537,6.13971,4.71507,0,0,-50,-9.4928,-12.1472,14.094,10.598,-0.521155,-1.94173,15.7808,14.7543,0,204.34,0,-214.095,0,45.3677,0,-173.737,39.8798,17.6689,41.8347,-12.3469,-35.8788,24.8052,29.5944,-32.043,-84.3925,125.707,-100.665,-151.099,10.9589,-8.05002,-46.5364,-170.403,1.01956,-86.0434,128.166,-102.635,-154.055,11.1733,-8.20749,-47.4467,-173.737,-46.1636,145.835,-60.7999,-166.402,-24.7056,16.5977,-17.8523,-205.78,-165.092,-211.256,245.112,184.312,-9.06356,-33.7691,274.448,256.596,
5.10109,1.04526,6.14139,4.73309,0,0,-50,-9.31141,-12.0938,14.0159,10.4611,-0.561783,-1.94871,15.8065,14.6064,0,203.09,0,-213.353,0,45.4936,0,-172.386,39.5799,18.3308,41.7104,-12.7604,-35.8372,24.8653,29.0125,-32.5709,-85.5396,122.443,-100.673,-147.989,11.393,-7.72722,-48.5068,-167.624,1.02841,-87.9698,125.922,-103.534,-152.193,11.7166,-7.94675,-49.8848,-172.386,-48.3899,144.253,-61.8231,-164.953,-24.1205,16.9186,-20.8723,-204.957,-161.938,-210.328,243.755,181.932,-9.77015,-33.8907,274.896,254.024,
5.08446,1.05587,6.14297,4.74857,0,0,-50,-9.12847,-12.0256,13.9364,10.3228,-0.593698,-1.94404,15.8327,14.474,0,201.844,0,-212.558,0,45.6122,0,-171.225,39.2698,18.9861,41.5728,-13.202,-35.7978,24.922,28.5047,-33.0162,-86.4349,119.136,-100.668,-144.887,11.8714,-7.539,-50.2629,-165.076,1.03725,-89.6544,123.574,-104.418,-150.284,12.3135,-7.81982,-52.1351,-171.225,-50.3846,142.56,-62.845,-163.486,-23.4843,17.1022,-23.6304,-204.241,-158.756,-209.141,242.372,179.527,-10.3252,-33.8094,275.352,251.721,
5.06789,1.06391,6.1446,4.76658,0,0,-50,-8.94923,-11.9717,13.8793,10.2131,-0.644596,-1.96584,15.8575,14.3241,0,200.601,0,-211.954,0,45.7344,0,-169.874,38.9497,19.6343,41.4652,-13.5359,-35.7571,24.9803,27.9054,-33.5242,-87.4049,115.904,-100.499,-142.141,12.205,-7.05637,-52.1235,-162.244,1.04703,-91.5153,121.355,-105.225,-148.826,12.7789,-7.38821,-54.5747,-169.874,-52.5656,140.989,-63.7595,-162.362,-22.9782,17.5921,-26.6693,-203.398,-155.639,-208.204,241.379,177.619,-11.2104,-34.1886,275.783,249.114,
5.05223,1.07232,6.14585,4.78204,0,0,-50,-8.77698,-11.9094,13.822,10.1055,-0.68448,-1.97543,15.881,14.1919,0,199.426,0,-211.323,0,45.8279,0,-168.714,38.6374,20.242,41.3499,-13.8843,-35.726,25.0248,27.3839,-33.9516,-88.1399,112.8,-100.322,-139.493,12.5654,-6.72006,-53.7267,-159.7,1.05644,-93.1148,119.166,-105.985,-147.367,13.2746,-7.09935,-56.7592,-168.714,-54.4774,139.408,-64.6347,-161.251,-22.4513,17.9255,-29.3753,-202.666,-152.643,-207.12,240.383,175.748,-11.904,-34.3553,276.192,246.817,
5.03832,1.08112,6.14708,4.79663,0,0,-50,-8.61868,-11.8524,13.7653,9.99895,-0.715457,-1.97728,15.8998,14.0696,0,198.383,0,-210.664,0,45.9205,0,-167.62,38.3523,20.7772,41.2262,-14.2475,-35.6951,25.0689,26.8858,-34.3474,-88.7548,109.95,-100.143,-136.901,12.9019,-6.4951,-55.0914,-157.278,1.06576,-94.5913,117.18,-106.729,-145.903,13.7503,-6.92222,-58.7142,-167.62,-56.239,137.957,-65.5026,-160.151,-21.9447,18.1467,-31.8284,-201.968,-149.89,-206.129,239.397,173.895,-12.4427,-34.3875,276.518,244.689,
5.02187,1.0881,6.14818,4.81084,0,0,-50,-8.44064,-11.7774,13.7245,9.91304,-0.763801,-1.99618,15.9261,13.9413,0,197.149,0,-210.141,0,46.0032,0,-166.554,38.0052,21.4054,41.1258,-14.5347,-35.6674,25.1083,26.3949,-34.726,-89.273,106.759,-99.8477,-134.568,13.2324,-6.0501,-56.6237,-154.826,1.07575,-96.0356,114.847,-107.411,-144.762,14.2348,-6.50841,-60.9131,-166.554,-58.0304,136.252,-66.2856,-159.296,-21.4326,18.5999,-34.5182,-201.28,-146.794,-204.824,238.686,172.401,-13.2835,-34.7161,276.976,242.457,
5.00761,1.0956,6.14924,4.82449,0,0,-50,-8.28002,-11.712,13.6826,9.82605,-0.801416,-2.00606,15.9464,13.8221,0,196.08,0,-209.578,0,46.0823,0,-165.531,37.6961,21.9452,41.0156,-14.8428,-35.6409,25.1459,25.9184,-35.0831,-89.705,103.892,-99.564,-132.264,13.5324,-5.73507,-57.9057,-152.48,1.08559,-97.3828,112.784,-108.086,-143.585,14.6906,-6.22594,-62.8618,-165.531,-59.6867,134.729,-67.07,-158.428,-20.9503,18.9199,-36.9434,-200.614,-144,-203.687,237.958,170.888,-13.9377,-34.8879,277.328,240.385,
4.99334,1.10377,6.15022,4.83752,0,0,-50,-8.11681,-11.6398,13.6374,9.73486,-0.834571,-2.00914,15.9663,13.7068,0,195.009,0,-208.965,0,46.156,0,-164.554,37.3791,22.481,40.8929,-15.1775,-35.6162,25.1809,25.4592,-35.4177,-90.0271,100.991,-99.2588,-129.893,13.8615,-5.49093,-59.0968,-150.174,1.09576,-98.6476,110.661,-108.763,-142.331,15.1889,-6.01672,-64.7557,-164.554,-61.2686,133.142,-67.8704,-157.509,-20.4273,19.1642,-39.2964,-199.971,-141.162,-202.431,237.172,169.302,-14.5143,-34.9416,277.676,238.379,
4.97901,1.11085,6.15101,4.85014,0,0,-50,-7.95463,-11.5655,13.6027,9.65792,-0.872721,-2.01907,15.9872,13.5928,0,193.935,0,-208.434,0,46.2153,0,-163.607,37.0533,23.014,40.7844,-15.4667,-35.5962,25.209,25.0103,-35.7362,-90.2773,98.1289,-98.9016,-127.744,14.1584,-5.17242,-60.2617,-147.921,1.10604,-99.8504,108.535,-109.389,-141.29,15.6598,-5.7209,-66.6519,-163.607,-62.7972,131.549,-68.6049,-156.756,-19.9365,19.4881,-41.6416,-199.343,-138.341,-201.139,236.569,167.964,-15.1777,-35.1142,278.038,236.396,
4.96515,1.1178,6.15167,4.86212,0,0,-50,-7.7962,-11.4898,13.5704,9.58504,-0.908856,-2.02718,16.0072,13.4835,0,192.895,0,-207.912,0,46.2647,0,-162.708,36.7306,23.5255,40.6759,-15.7499,-35.5796,25.2325,24.5802,-36.0333,-90.4447,95.3519,-98.5247,-125.676,14.4494,-4.87858,-61.3344,-145.751,1.11634,-100.967,106.445,-109.987,-140.298,16.1305,-5.44617,-68.4701,-162.708,-64.2366,129.971,-69.3114,-156.048,-19.4491,19.7863,-43.8899,-198.742,-135.586,-199.823,236.008,166.696,-15.8062,-35.2553,278.386,234.496,
4.95215,1.12406,6.15222,4.87337,0,0,-50,-7.64687,-11.4173,13.5447,9.52184,-0.944471,-2.03694,16.0258,13.3803,0,191.92,0,-207.443,0,46.3061,0,-161.864,36.4216,24.0011,40.5766,-16.004,-35.5657,25.2521,24.1732,-36.3076,-90.5516,92.7542,-98.1387,-123.801,14.7078,-4.58113,-62.308,-143.706,1.12636,-101.994,104.475,-110.539,-139.445,16.5663,-5.16,-70.1812,-161.864,-65.572,128.476,-69.9629,-155.449,-18.9994,20.0921,-46.008,-198.172,-132.989,-198.561,235.56,165.597,-16.4256,-35.425,278.71,232.702,
4.9395,1.13143,6.15268,4.88375,0,0,-50,-7.49837,-11.3389,13.5097,9.44854,-0.971295,-2.03456,16.0434,13.2842,0,190.972,0,-206.89,0,46.3402,0,-161.086,36.1153,24.4597,40.4575,-16.3026,-35.5542,25.2683,23.7951,-36.5566,-90.555,90.185,-97.7511,-121.8,15.0145,-4.4099,-63.1637,-141.749,1.13641,-102.908,102.487,-111.086,-138.416,17.0627,-5.01147,-71.7801,-161.086,-66.7927,126.947,-70.6281,-154.718,-18.4915,20.2568,-47.985,-197.642,-130.406,-197.199,234.951,164.322,-16.8921,-35.3836,279.015,231.03,
4.92751,1.13806,6.15306,4.89349,0,0,-50,-7.35739,-11.2631,13.481,9.38479,-0.998865,-2.03487,16.0602,13.1931,0,190.072,0,-206.393,0,46.369,0,-160.355,35.8193,24.8911,40.3486,-16.5704,-35.5445,25.2819,23.4378,-36.7867,-90.5133,87.7652,-97.3558,-119.986,15.2917,-4.22028,-63.9508,-139.904,1.14618,-103.745,100.595,-111.587,-137.525,17.527,-4.8372,-73.2992,-160.355,-67.9253,125.486,-71.2387,-154.096,-18.0175,20.4447,-49.8614,-197.142,-127.955,-195.88,234.452,163.214,-17.3716,-35.3891,279.307,229.446,
4.91586,1.14417,6.15332,4.90283,0,0,-50,-7.22036,-11.1877,13.4572,9.3281,-1.02717,-2.03707,16.0767,13.105,0,189.198,0,-205.935,0,46.3888,0,-159.655,35.5269,25.3067,40.2466,-16.8167,-35.5378,25.2913,23.0933,-37.0039,-90.4308,85.4329,-96.9471,-118.299,15.5507,-4.01526,-64.6924,-138.127,1.15585,-104.525,98.748,-112.057,-136.736,17.9744,-4.64105,-74.7749,-159.655,-68.998,124.055,-71.8101,-153.553,-17.5635,20.6503,-51.6816,-196.659,-125.572,-194.569,234.038,162.228,-17.8638,-35.4272,279.594,227.913,
4.90483,1.15122,6.15349,4.91191,0,0,-50,-7.08691,-11.1125,13.4248,9.26209,-1.04752,-2.02954,16.0909,13.0206,0,188.371,0,-205.407,0,46.4014,0,-158.974,35.2457,25.6968,40.1271,-17.0999,-35.5336,25.2973,22.7562,-37.2121,-90.2995,83.1749,-96.5328,-116.495,15.8325,-3.9125,-65.3317,-136.384,1.16563,-105.256,96.9513,-112.522,-135.79,18.4549,-4.56054,-76.1528,-158.974,-70.0103,122.648,-72.3947,-152.89,-17.0787,20.7367,-53.3965,-196.186,-123.251,-193.261,233.475,161.08,-18.2177,-35.2964,279.841,226.445,
4.89381,1.15729,6.15352,4.92044,0,0,-50,-6.95538,-11.0355,13.4011,9.20814,-1.07201,-2.02758,16.1063,12.9389,0,187.544,0,-204.951,0,46.4032,0,-158.335,34.9603,26.0839,40.0224,-17.3434,-35.533,25.2981,22.4383,-37.4047,-90.1259,80.9706,-96.1029,-114.891,16.0943,-3.75215,-65.9647,-134.727,1.17523,-105.918,95.1589,-112.943,-135.023,18.9144,-4.40963,-77.5235,-158.335,-70.9582,121.243,-72.9203,-152.366,-16.6186,20.8885,-55.0851,-195.739,-120.963,-191.921,233.062,160.141,-18.6436,-35.2622,280.109,225.024,
4.88307,1.16251,6.15342,4.92842,0,0,-50,-6.82831,-10.9591,13.3849,9.16479,-1.09909,-2.02999,16.1221,12.8607,0,186.739,0,-204.56,0,46.396,0,-157.736,34.6782,26.4578,39.9315,-17.5518,-35.5354,25.2947,22.1391,-37.5826,-89.9241,78.8614,-95.6703,-113.474,16.3321,-3.552,-66.5744,-133.163,1.18453,-106.518,93.414,-113.325,-134.413,19.3459,-4.20746,-78.8596,-157.736,-71.8399,119.872,-73.3932,-151.965,-16.1895,21.0873,-56.7205,-195.319,-118.753,-190.593,232.781,159.388,-19.1146,-35.3041,280.384,223.664,
4.87265,1.16843,6.15322,4.93587,0,0,-50,-6.70318,-10.88,13.3613,9.11434,-1.12003,-2.02404,16.137,12.7872,0,185.958,0,-204.116,0,46.3807,0,-157.177,34.4007,26.8175,39.8269,-17.7879,-35.5406,25.2875,21.8583,-37.7465,-89.6659,76.7964,-95.2325,-111.979,16.6016,-3.43382,-67.1113,-131.663,1.19378,-107.041,91.678,-113.687,-133.678,19.8187,-4.09923,-80.1161,-157.177,-72.6406,118.495,-73.8597,-151.466,-15.7219,21.1882,-58.2578,-194.923,-116.577,-189.218,232.37,158.51,-19.4787,-35.2006,280.643,222.385,
4.86279,1.17306,6.15289,4.94256,0,0,-50,-6.58644,-10.8044,13.3481,9.07851,-1.14437,-2.02465,16.1522,12.7191,0,185.218,0,-203.768,0,46.3564,0,-156.675,34.1346,27.1555,39.7439,-17.9724,-35.5487,25.276,21.6054,-37.8919,-89.4001,74.8895,-94.8114,-110.752,16.8331,-3.25988,-67.6274,-130.307,1.20235,-107.491,90.0437,-113.997,-133.163,20.2394,-3.91953,-81.3121,-156.675,-73.3559,117.199,-74.2529,-151.136,-15.3094,21.3564,-59.7067,-194.567,-114.547,-187.903,232.14,157.887,-19.902,-35.2114,280.908,221.201,
4.85342,1.17836,6.1524,4.94877,0,0,-50,-6.47364,-10.7283,13.3267,9.0354,-1.16179,-2.01669,16.1661,12.6559,0,184.515,0,-203.371,0,46.3196,0,-156.21,33.8786,27.4742,39.6482,-18.1827,-35.5612,25.2585,21.3698,-38.0253,-89.0969,73.0565,-94.3893,-109.453,17.0917,-3.17023,-68.0711,-129.021,1.21073,-107.872,88.4518,-114.28,-132.519,20.6935,-3.83829,-82.4158,-156.21,-73.9939,115.926,-74.6318,-150.701,-14.8677,21.4202,-61.046,-194.235,-112.585,-186.579,231.769,157.137,-20.2051,-35.0728,281.149,220.103,
4.84422,1.18253,6.15193,4.95447,0,0,-50,-6.36488,-10.6532,13.3161,9.00567,-1.18446,-2.01632,16.1809,12.5955,0,183.825,0,-203.058,0,46.2845,0,-155.782,33.6243,27.7848,39.572,-18.3479,-35.573,25.2419,21.1525,-38.1465,-88.7847,71.306,-93.9794,-108.376,17.3178,-3.0125,-68.52,-127.824,1.21873,-108.204,86.9024,-114.535,-132.081,21.1057,-3.67141,-83.5071,-155.782,-74.5799,114.687,-74.9631,-150.429,-14.4673,21.5705,-62.3546,-193.929,-110.694,-185.273,231.584,156.62,-20.5992,-35.0665,281.408,219.053,
4.8354,1.18733,6.15124,4.9595,0,0,-50,-6.25971,-10.5762,13.2966,8.9688,-1.20014,-2.0069,16.195,12.5412,0,183.164,0,-202.698,0,46.2324,0,-155.404,33.3779,28.0803,39.4836,-18.5373,-35.5905,25.2172,20.9602,-38.2525,-88.4302,69.6197,-93.5689,-107.237,17.5804,-2.93916,-68.9073,-126.719,1.22637,-108.448,85.3792,-114.75,-131.512,21.56,-3.60448,-84.5055,-155.404,-75.0698,113.46,-75.2661,-150.049,-14.0305,21.6127,-63.5453,-193.657,-108.864,-183.934,231.245,155.979,-20.8721,-34.9026,281.653,218.107,
4.82696,1.19146,6.15057,4.964,0,0,-50,-6.16017,-10.5013,13.2824,8.9394,-1.21744,-2.00065,16.2092,12.4909,0,182.531,0,-202.388,0,46.1821,0,-155.067,33.1398,28.3609,39.4066,-18.7004,-35.6074,25.1933,20.7881,-38.3463,-88.0712,68.035,-93.1773,-106.244,17.824,-2.84236,-69.2774,-125.711,1.23353,-108.638,83.9231,-114.937,-131.055,21.9864,-3.50613,-85.4555,-155.067,-75.4984,112.284,-75.5302,-149.756,-13.621,21.6871,-64.6674,-193.414,-107.133,-182.632,230.998,155.468,-21.1729,-34.7939,281.9,217.232,
4.81904,1.19523,6.14965,4.96796,0,0,-50,-6.06711,-10.4291,13.2689,8.91352,-1.23267,-1.99349,16.223,12.4452,0,181.937,0,-202.105,0,46.1129,0,-154.77,32.9141,28.6225,39.3357,-18.8491,-35.6306,25.1604,20.6358,-38.4285,-87.713,66.5641,-92.7983,-105.345,18.0618,-2.75688,-69.6192,-124.802,1.24012,-108.775,82.5476,-115.081,-130.641,22.3989,-3.41887,-86.3363,-154.77,-75.8607,111.17,-75.7454,-149.49,-13.2318,21.7415,-65.7005,-193.198,-105.515,-181.376,230.763,155.018,-21.4377,-34.6695,282.138,216.438,
4.81153,1.1984,6.14871,4.97178,0,0,-50,-5.97928,-10.361,13.2608,8.89446,-1.24944,-1.9901,16.2362,12.4011,0,181.374,0,-201.868,0,46.0428,0,-154.484,32.6985,28.8686,39.2759,-18.9734,-35.6541,25.1271,20.4892,-38.5069,-87.3727,65.1876,-92.4353,-104.567,18.2709,-2.64388,-69.9496,-123.943,1.24642,-108.903,81.2508,-115.213,-130.334,22.7732,-3.29538,-87.1863,-154.484,-76.2042,110.119,-75.937,-149.307,-12.881,21.8317,-66.697,-192.991,-103.988,-180.192,230.623,154.686,-21.7294,-34.6104,282.369,215.672,
4.80451,1.20109,6.14778,4.97435,0,0,-50,-5.8994,-10.2933,13.2535,8.87971,-1.26491,-1.98578,16.2501,12.3664,0,180.847,0,-201.666,0,45.9726,0,-154.291,32.4949,29.0976,39.2246,-19.0793,-35.6776,25.0937,20.39,-38.5595,-87.0136,63.9373,-92.1108,-103.926,18.4881,-2.54614,-70.2528,-123.27,1.25165,-108.911,80.0273,-115.291,-130.079,23.1407,-3.18688,-87.9321,-154.291,-76.416,109.125,-76.0663,-149.159,-12.5369,21.9068,-67.5422,-192.85,-102.598,-179.014,230.496,154.43,-21.9984,-34.5354,282.61,215.068,
4.79767,1.20358,6.14651,4.97681,0,0,-50,-5.82177,-10.2266,13.2467,8.86739,-1.2791,-1.98093,16.2638,12.3328,0,180.334,0,-201.48,0,45.8774,0,-154.107,32.295,29.3192,39.1772,-19.1765,-35.7095,25.0484,20.2952,-38.6095,-86.6576,62.7311,-91.7817,-103.331,18.703,-2.4498,-70.5514,-122.63,1.25668,-108.901,78.8328,-115.34,-129.853,23.5036,-3.07861,-88.6603,-154.107,-76.6056,108.152,-76.1627,-149.03,-12.2058,21.9698,-68.3652,-192.716,-101.248,-177.854,230.378,154.215,-22.2452,-34.451,282.848,214.483,
4.79146,1.20597,6.14524,4.97897,0,0,-50,-5.75122,-10.1648,13.2388,8.85493,-1.29063,-1.97455,16.2762,12.3029,0,179.868,0,-201.3,0,45.7821,0,-153.945,32.1124,29.5192,39.1311,-19.2703,-35.7413,25.003,20.2118,-38.6532,-86.3205,61.6388,-91.4749,-102.774,18.9076,-2.37741,-70.8133,-122.059,1.26124,-108.871,77.741,-115.372,-129.622,23.847,-2.99848,-89.3123,-153.945,-76.7581,107.26,-76.2405,-148.892,-11.8943,22.0045,-69.1005,-192.598,-100.021,-176.779,230.239,153.999,-22.4458,-34.3401,283.064,213.963,
4.78565,1.20815,6.14389,4.98032,0,0,-50,-5.68674,-10.104,13.2296,8.84391,-1.30005,-1.96629,16.2886,12.2794,0,179.433,0,-201.136,0,45.6814,0,-153.843,31.9403,29.7053,39.089,-19.3557,-35.7748,24.955,20.1595,-38.6805,-85.9769,60.6398,-91.1934,-102.291,19.1206,-2.32619,-71.0539,-121.613,1.26503,-108.763,76.7109,-115.362,-129.401,24.1881,-2.94269,-89.885,-153.843,-76.8227,106.416,-76.273,-148.756,-11.5867,22.0123,-69.7255,-192.524,-98.8998,-175.723,230.08,153.807,-22.6096,-34.1964,283.281,213.555,
4.78039,1.2099,6.14261,4.98146,0,0,-50,-5.62891,-10.0489,13.2234,8.83679,-1.30948,-1.96015,16.3002,12.2586,0,179.038,0,-201.005,0,45.5852,0,-153.758,31.7836,29.8729,39.055,-19.424,-35.8068,24.9091,20.1154,-38.7035,-85.6637,59.7477,-90.9392,-101.897,19.3089,-2.26645,-71.2768,-121.226,1.26836,-108.653,75.7816,-115.344,-129.242,24.4907,-2.87468,-90.4048,-153.758,-76.8689,105.655,-76.2888,-148.666,-11.3161,22.0344,-70.2894,-192.461,-97.894,-174.763,229.972,153.683,-22.7735,-34.0896,283.482,213.192,
4.77573,1.21125,6.14096,4.98225,0,0,-50,-5.57847,-9.99907,13.2175,8.83277,-1.31606,-1.95328,16.3109,12.2414,0,178.688,0,-200.904,0,45.4612,0,-153.699,31.644,30.0208,39.0289,-19.4764,-35.8479,24.8499,20.0848,-38.7194,-85.383,58.9747,-90.7025,-101.59,19.485,-2.21661,-71.4844,-120.925,1.27102,-108.524,74.9583,-115.285,-129.123,24.7659,-2.81736,-90.8584,-153.699,-76.8799,104.979,-76.2563,-148.6,-11.082,22.0325,-70.7736,-192.418,-97.0169,-173.897,229.87,153.613,-22.888,-33.97,283.668,212.894,
4.77148,1.21222,6.13935,4.98272,0,0,-50,-5.53355,-9.95316,13.2138,8.83201,-1.32259,-1.9479,16.3212,12.2274,0,178.37,0,-200.832,0,45.3408,0,-153.663,31.5163,30.1548,39.01,-19.5143,-35.8878,24.7923,20.0667,-38.7287,-85.123,58.2877,-90.4916,-101.362,19.6455,-2.16152,-71.6801,-120.69,1.27321,-108.379,74.2123,-115.214,-129.055,25.0128,-2.75206,-91.2635,-153.663,-76.8628,104.367,-76.2044,-148.569,-10.875,22.0402,-71.1968,-192.392,-96.2357,-173.098,229.805,153.6,-23.0015,-33.8765,283.846,212.65,
4.76785,1.21282,6.13772,4.98286,0,0,-50,-5.49608,-9.9132,13.2113,8.83391,-1.32776,-1.94323,16.3305,12.2169,0,178.098,0,-200.787,0,45.2185,0,-153.653,31.4066,30.269,38.9983,-19.5377,-35.9281,24.7337,20.0611,-38.7316,-84.8972,57.7163,-90.3105,-101.215,19.7871,-2.11022,-71.8562,-120.532,1.27479,-108.226,73.5761,-115.127,-129.028,25.2244,-2.69009,-91.6015,-153.653,-76.8194,103.845,-76.1285,-148.566,-10.7037,22.0436,-71.5404,-192.384,-95.584,-172.403,229.762,153.633,-23.0916,-33.7953,284.008,212.468,
4.7647,1.21313,6.13602,4.98271,0,0,-50,-5.46456,-9.87773,13.2094,8.83776,-1.3315,-1.93868,16.339,12.2096,0,177.861,0,-200.763,0,45.0909,0,-153.664,31.3111,30.3678,38.9922,-19.5498,-35.9702,24.6726,20.0672,-38.7285,-84.6975,57.2367,-90.152,-101.131,19.9164,-2.06477,-72.0176,-120.44,1.27586,-108.062,73.0259,-115.021,-129.029,25.4105,-2.63435,-91.8841,-153.664,-76.7508,103.394,-76.0288,-148.579,-10.5597,22.0382,-71.8169,-192.393,-95.0358,-171.787,229.729,153.7,-23.1566,-33.7163,284.157,212.34,
4.76212,1.2132,6.13445,4.98207,0,0,-50,-5.44035,-9.84718,13.2075,8.84264,-1.33381,-1.93407,16.3468,12.207,0,177.668,0,-200.758,0,44.9732,0,-153.712,31.2327,30.4484,38.9908,-19.5526,-36.0088,24.6161,20.0918,-38.7157,-84.5219,56.8656,-90.0289,-101.112,20.0345,-2.03201,-72.1548,-120.438,1.27628,-107.873,72.5763,-114.902,-129.046,25.5696,-2.59341,-92.0894,-153.712,-76.6407,103.025,-75.911,-148.599,-10.4393,22.0227,-71.9977,-192.428,-94.6147,-171.255,229.696,153.785,-23.1967,-33.636,284.293,212.295,
4.76003,1.21298,6.1325,4.98098,0,0,-50,-5.4225,-9.82052,13.2044,8.84911,-1.33276,-1.92755,16.3541,12.2086,0,177.511,0,-200.774,0,44.8266,0,-153.794,31.1688,30.5138,38.995,-19.5442,-36.0569,24.5457,20.134,-38.6938,-84.3707,56.592,-89.9214,-101.158,20.1513,-2.01728,-72.2809,-120.529,1.27599,-107.656,72.2109,-114.739,-129.077,25.7128,-2.57402,-92.2297,-153.794,-76.4874,102.725,-75.7438,-148.621,-10.344,21.9716,-72.0957,-192.488,-94.3043,-170.792,229.641,153.898,-23.1785,-33.5225,284.419,212.323,
4.75834,1.21225,6.13067,4.97881,0,0,-50,-5.41218,-9.79563,13.2026,8.85965,-1.33151,-1.92176,16.3619,12.2184,0,177.384,0,-200.829,0,44.69,0,-153.956,31.1172,30.5665,39.0093,-19.5157,-36.1015,24.48,20.2179,-38.65,-84.2212,56.4248,-89.8603,-101.335,20.2696,-2.00506,-72.3973,-120.785,1.27463,-107.351,71.9209,-114.539,-129.165,25.8362,-2.55571,-92.2799,-153.956,-76.2339,102.487,-75.5296,-148.68,-10.2653,21.9242,-72.0621,-192.607,-94.1249,-170.359,229.61,154.081,-23.1567,-33.422,284.556,212.494,
4.7571,1.21039,6.12883,4.97616,0,0,-50,-5.40917,-9.7766,13.2098,8.88149,-1.33334,-1.92294,16.3701,12.2318,0,177.292,0,-200.968,0,44.5516,0,-154.155,31.0794,30.6049,39.0455,-19.4432,-36.1466,24.4133,20.3201,-38.5964,-84.1148,56.3733,-89.8402,-101.717,20.3483,-1.94011,-72.5278,-121.145,1.27248,-107.035,71.734,-114.32,-129.433,25.8928,-2.46875,-92.2904,-154.155,-75.9552,102.339,-75.2747,-148.876,-10.2538,21.9445,-71.9703,-192.751,-94.0725,-170.028,229.735,154.461,-23.1886,-33.4424,284.697,212.726,
4.75628,1.20759,6.1269,4.97336,0,0,-50,-5.41194,-9.76364,13.2248,8.91284,-1.33772,-1.93036,16.378,12.2465,0,177.23,0,-201.179,0,44.4069,0,-154.365,31.0541,30.6306,39.0998,-19.3336,-36.1937,24.3435,20.4283,-38.5392,-84.0548,56.4165,-89.8471,-102.261,20.386,-1.8266,-72.6707,-121.563,1.26984,-106.736,71.6397,-114.091,-129.855,25.8869,-2.31948,-92.2799,-154.365,-75.6818,102.27,-74.9913,-149.189,-10.3068,22.024,-71.8516,-192.905,-94.1207,-169.802,229.997,155.006,-23.2647,-33.5715,284.835,212.983,
4.75574,1.20414,6.1251,4.96937,0,0,-50,-5.42157,-9.75126,13.2423,8.94978,-1.34286,-1.93954,16.387,12.2698,0,177.189,0,-201.437,0,44.2721,0,-154.665,31.0376,30.6473,39.1663,-19.1986,-36.2374,24.2784,20.5819,-38.4574,-83.9879,56.5554,-89.8979,-102.96,20.4252,-1.70436,-72.8109,-122.159,1.26609,-106.336,71.6044,-113.819,-130.357,25.8602,-2.15788,-92.1853,-154.665,-75.2989,102.252,-74.6527,-149.555,-10.3771,22.1205,-71.6034,-193.122,-94.2882,-169.587,230.301,155.648,-23.354,-33.7312,284.992,213.388,
4.7556,1.20015,6.12288,4.96529,0,0,-50,-5.43632,-9.74413,13.2621,8.99138,-1.34665,-1.95007,16.3954,12.2943,0,177.179,0,-201.737,0,44.1058,0,-154.97,31.0335,30.6514,39.2426,-19.0421,-36.2911,24.198,20.7385,-38.3732,-83.9599,56.7792,-89.9537,-103.751,20.4423,-1.56976,-72.952,-122.804,1.26194,-105.952,71.6517,-113.516,-130.927,25.7969,-1.98093,-92.0607,-154.97,-74.9185,102.303,-74.2732,-149.969,-10.4942,22.217,-71.3222,-193.344,-94.5447,-169.463,230.645,156.372,-23.42,-33.9143,285.137,213.814,
4.75582,1.19567,6.12076,4.96127,0,0,-50,-5.45518,-9.74223,13.2862,9.03752,-1.352,-1.96457,16.403,12.3191,0,177.195,0,-202.073,0,43.9467,0,-155.272,31.0401,30.6447,39.3276,-18.866,-36.3424,24.121,20.8928,-38.2894,-83.9664,57.0704,-90.0256,-104.624,20.4267,-1.40757,-73.0892,-123.466,1.25762,-105.597,71.7726,-113.218,-131.576,25.6889,-1.77018,-91.9181,-155.272,-74.5573,102.417,-73.89,-150.442,-10.6534,22.3508,-71.0253,-193.562,-94.8727,-169.43,231.064,157.174,-23.513,-34.1664,285.27,214.244,
4.75647,1.19073,6.11863,4.95598,0,0,-50,-5.48228,-9.74166,13.3093,9.08643,-1.35546,-1.97792,16.4111,12.3533,0,177.244,0,-202.443,0,43.7867,0,-155.669,31.06,30.6246,39.4203,-18.6716,-36.3937,24.0434,21.0949,-38.1784,-83.9651,57.4788,-90.1348,-105.624,20.4198,-1.26127,-73.207,-124.322,1.25214,-105.136,71.9715,-112.861,-132.256,25.5684,-1.57929,-91.6654,-155.669,-74.0761,102.596,-73.4412,-150.928,-10.8253,22.4641,-70.5705,-193.847,-95.3441,-169.42,231.466,158.025,-23.5733,-34.3986,285.411,214.84,
4.75769,1.18524,6.11638,4.9514,0,0,-50,-5.51417,-9.75105,13.3379,9.14036,-1.35979,-1.99618,16.4172,12.3838,0,177.336,0,-202.855,0,43.6177,0,-156.012,31.0974,30.5866,39.5222,-18.455,-36.4478,23.9613,21.2694,-38.0815,-84.0375,57.9762,-90.2452,-106.692,20.3554,-1.07871,-73.318,-125.125,1.24685,-104.782,72.2877,-112.522,-133.029,25.3802,-1.34499,-91.4167,-156.012,-73.6849,102.874,-73.0003,-151.484,-11.0676,22.6163,-70.1472,-194.094,-95.8986,-169.584,231.963,158.963,-23.6485,-34.7162,285.517,215.37,
4.75942,1.1793,6.11418,4.94558,0,0,-50,-5.55495,-9.76254,13.3655,9.19687,-1.36229,-2.01347,16.4235,12.4238,0,177.465,0,-203.301,0,43.4532,0,-156.449,31.1501,30.5329,39.6312,-18.2197,-36.5003,23.8813,21.4909,-37.9569,-84.1029,58.6025,-90.3934,-107.889,20.2953,-0.912287,-73.4011,-126.123,1.24045,-104.326,72.6936,-112.129,-133.831,25.1753,-1.13165,-91.0505,-156.449,-73.1755,103.227,-72.4974,-152.051,-11.325,22.7497,-69.5597,-194.406,-96.6078,-169.783,232.443,159.946,-23.6919,-35.0169,285.626,216.066,
4.76158,1.1727,6.11187,4.93978,0,0,-50,-5.60114,-9.78038,13.3974,9.25921,-1.36556,-2.03459,16.4289,12.4644,0,177.628,0,-203.795,0,43.2798,0,-156.884,31.2163,30.4653,39.7504,-17.9581,-36.5554,23.7968,21.7107,-37.8317,-84.2086,59.3219,-90.5475,-109.195,20.1975,-0.715511,-73.478,-127.153,1.23382,-103.899,73.1928,-111.72,-134.728,24.9201,-0.882815,-90.6589,-156.884,-72.6824,103.658,-71.9694,-152.686,-11.6353,22.914,-68.9483,-194.716,-97.4111,-170.094,232.999,161.03,-23.7488,-35.3841,285.72,216.772,
4.76412,1.16557,6.10953,4.9343,0,0,-50,-5.6512,-9.80465,13.4341,9.32663,-1.3704,-2.06014,16.4332,12.5033,0,177.818,0,-204.33,0,43.1045,0,-157.295,31.2936,30.3858,39.8774,-17.6742,-36.6109,23.7114,21.9176,-37.7122,-84.3569,60.1122,-90.6999,-110.583,20.0573,-0.482822,-73.55,-128.168,1.22726,-103.528,73.7731,-111.312,-135.713,24.6155,-0.592546,-90.2647,-157.295,-72.2339,104.159,-71.4346,-153.388,-11.9954,23.1188,-68.3471,-195.007,-98.2817,-170.516,233.637,162.202,-23.833,-35.8284,285.795,217.448,
4.76726,1.15805,6.10715,4.92712,0,0,-50,-5.71206,-9.83,13.4669,9.39523,-1.37124,-2.08198,16.4377,12.5552,0,178.054,0,-204.894,0,42.9256,0,-157.833,31.3888,30.2874,40.0093,-17.3736,-36.6674,23.624,22.1877,-37.5539,-84.4783,61.0613,-90.8887,-112.111,19.9347,-0.288888,-73.5749,-129.445,1.21931,-103.005,74.4526,-110.821,-136.697,24.3066,-0.352244,-89.7105,-157.833,-71.6163,104.74,-70.812,-154.071,-12.3608,23.2717,-67.5228,-195.387,-99.3402,-170.957,234.207,163.395,-23.8476,-36.2084,285.874,218.351,
4.77011,1.15013,6.1047,4.92105,0,0,-50,-5.7683,-9.85738,13.5067,9.4695,-1.37708,-2.11077,16.442,12.5984,0,178.267,0,-205.488,0,42.7423,0,-158.289,31.4747,30.1982,40.1457,-17.0561,-36.725,23.5342,22.4155,-37.4184,-84.6261,61.9545,-91.0345,-113.658,19.7689,-0.0240543,-73.6315,-130.573,1.21227,-102.589,75.1053,-110.358,-137.784,23.9652,-0.0291602,-89.261,-158.289,-71.1145,105.303,-70.2122,-154.84,-12.7598,23.5051,-66.8455,-195.707,-100.318,-171.433,234.899,164.687,-23.9492,-36.7091,285.948,219.103,
4.77374,1.14213,6.10222,4.91344,0,0,-50,-5.83609,-9.88734,13.5397,9.5411,-1.37669,-2.13328,16.4455,12.6542,0,178.539,0,-206.088,0,42.5562,0,-158.86,31.5842,30.0837,40.2807,-16.7347,-36.7833,23.4431,22.6996,-37.2467,-84.7509,63.0216,-91.2139,-115.29,19.6221,0.175342,-73.6168,-131.942,1.20401,-102.041,75.8786,-109.822,-138.81,23.6252,0.211113,-88.6352,-158.86,-70.4567,105.962,-69.5415,-155.545,-13.1581,23.6542,-65.9356,-196.106,-101.497,-171.954,235.474,165.932,-23.9425,-37.1006,286.008,220.072,
4.77811,1.13419,6.09975,4.90647,0,0,-50,-5.90943,-9.92671,13.5723,9.61087,-1.37394,-2.15556,16.4461,12.7074,0,178.867,0,-206.684,0,42.3711,0,-159.382,31.7155,29.9452,40.4124,-16.4141,-36.841,23.3522,22.9584,-37.0878,-84.9301,64.1914,-91.3887,-116.901,19.4369,0.362536,-73.5577,-133.256,1.19606,-101.581,76.7766,-109.306,-139.82,23.2476,0.433614,-87.9792,-159.382,-69.8658,106.722,-68.8936,-156.234,-13.5934,23.7858,-65.0209,-196.469,-102.773,-172.638,236.039,167.146,-23.8946,-37.4881,286.019,220.999,
4.78198,1.12629,6.09729,4.89928,0,0,-50,-5.97856,-9.96006,13.6041,9.68082,-1.37262,-2.17776,16.448,12.7609,0,179.158,0,-207.276,0,42.1859,0,-159.921,31.8311,29.8222,40.5408,-16.0944,-36.8986,23.2612,23.2245,-36.9217,-85.0581,65.2951,-91.5358,-118.51,19.2679,0.559847,-73.506,-134.58,1.1883,-101.075,77.5902,-108.772,-140.826,22.8961,0.665266,-87.3473,-159.921,-69.2435,107.412,-68.2313,-156.92,-14.0025,23.9264,-64.1228,-196.843,-103.975,-173.218,236.593,168.362,-23.8716,-37.8741,286.052,221.929,
4.78722,1.11821,6.09478,4.8919,0,0,-50,-6.06146,-10.0062,13.6338,9.74955,-1.36572,-2.19736,16.4464,12.8191,0,179.55,0,-207.882,0,41.9981,0,-160.475,31.9869,29.6551,40.6695,-15.7664,-36.9567,23.1687,23.4964,-36.7493,-85.2431,66.63,-91.7082,-120.178,19.0613,0.714654,-73.3698,-135.989,1.18006,-100.592,78.6271,-108.221,-141.817,22.4934,0.843332,-86.5804,-160.475,-68.6047,108.282,-67.5513,-157.583,-14.4633,24.012,-63.084,-197.224,-105.417,-174.021,237.109,169.557,-23.7516,-38.2149,286.025,222.94,
4.79172,1.11034,6.09231,4.88402,0,0,-50,-6.13822,-10.0427,13.6612,9.8171,-1.36007,-2.21548,16.4467,12.8789,0,179.888,0,-208.472,0,41.8129,0,-161.066,32.1202,29.5107,40.7924,-15.4457,-37.0138,23.0774,23.7854,-36.5628,-85.3473,67.8642,-91.8514,-121.828,18.8889,0.869201,-73.2404,-137.432,1.17197,-100.024,79.5345,-107.647,-142.778,22.1371,1.01867,-85.8352,-161.066,-67.9039,109.045,-66.8544,-158.223,-14.8767,24.096,-62.0498,-197.629,-106.752,-174.655,237.587,170.732,-23.6533,-38.53,286.03,223.98,
4.79743,1.10238,6.08986,4.87577,0,0,-50,-6.22711,-10.0891,13.6861,9.88295,-1.34909,-2.23036,16.4441,12.944,0,180.316,0,-209.069,0,41.6287,0,-161.684,32.288,29.327,40.914,-15.1206,-37.0704,22.9864,24.0861,-36.3655,-85.4832,69.3043,-92.0173,-123.527,18.6897,0.97646,-73.0236,-138.973,1.16342,-99.4531,80.6301,-107.055,-143.714,21.744,1.13603,-84.9572,-161.684,-67.1651,109.957,-66.141,-158.835,-15.3264,24.1224,-60.8712,-198.05,-108.298,-175.463,238.018,171.877,-23.4625,-38.7889,285.984,225.113,
4.80283,1.09438,6.08733,4.86721,0,0,-50,-6.31392,-10.1312,13.7105,9.94965,-1.33863,-2.24492,16.4422,13.0103,0,180.721,0,-209.67,0,41.439,0,-162.326,32.446,29.152,41.0337,-14.7926,-37.1284,22.8926,24.3964,-36.158,-85.5731,70.7154,-92.1581,-125.247,18.4999,1.08874,-72.7995,-140.546,1.15497,-98.8344,81.6741,-106.44,-144.656,21.3668,1.25746,-84.0813,-162.326,-66.3883,110.826,-65.4061,-159.449,-15.7616,24.15,-59.6849,-198.484,-109.807,-176.196,238.443,173.037,-23.2805,-39.0421,285.951,226.266,
4.80788,1.0862,6.0848,4.85825,0,0,-50,-6.39858,-10.1687,13.7356,10.0184,-1.32971,-2.26035,16.4413,13.0783,0,181.1,0,-210.283,0,41.2494,0,-162.999,32.5927,28.988,41.1532,-14.4568,-37.1862,22.7986,24.7195,-35.9379,-85.6122,72.0944,-92.2742,-127.009,18.3166,1.21689,-72.5711,-142.162,1.14657,-98.1602,82.6611,-105.799,-145.625,21.0012,1.39525,-83.2077,-162.999,-65.5674,111.649,-64.6454,-160.081,-16.185,24.1939,-58.4882,-198.936,-111.28,-176.847,238.879,174.234,-23.1254,-39.3104,285.936,227.448,
4.81446,1.07661,6.08222,4.84889,0,0,-50,-6.50153,-10.2226,13.7683,10.0992,-1.32077,-2.28208,16.4375,13.1517,0,181.593,0,-211.002,0,41.0561,0,-163.701,32.7827,28.7729,41.29,-14.0615,-37.2448,22.7027,25.0548,-35.705,-85.7153,73.7906,-92.4,-129.047,18.0458,1.38676,-72.2653,-143.919,1.13745,-97.4969,83.9332,-105.1,-146.785,20.5262,1.57737,-82.1982,-163.701,-64.7142,112.706,-63.8105,-160.847,-16.7186,24.2801,-57.1434,-199.406,-113.07,-177.784,239.449,175.639,-22.9698,-39.6884,285.869,228.726,
4.82063,1.06724,6.07962,4.83922,0,0,-50,-6.60082,-10.2705,13.7987,10.1782,-1.31159,-2.30183,16.4344,13.2263,0,182.056,0,-211.705,0,40.8611,0,-164.426,32.9597,28.57,41.4199,-13.674,-37.3037,22.6058,25.3989,-35.461,-85.7553,75.4307,-92.4946,-131.061,17.7946,1.54668,-71.9433,-145.696,1.12855,-96.7795,85.1277,-104.385,-147.91,20.0822,1.74551,-81.192,-164.426,-63.8198,113.698,-62.9653,-161.584,-17.2215,24.3513,-55.7931,-199.887,-114.797,-178.617,239.978,177.013,-22.8103,-40.0317,285.815,230.022,
4.82726,1.05847,6.07698,4.82895,0,0,-50,-6.7038,-10.3177,13.8222,10.2501,-1.29602,-2.31369,16.4298,13.3061,0,182.553,0,-212.362,0,40.6633,0,-165.196,33.1483,28.351,41.5383,-13.3101,-37.3632,22.5073,25.7618,-35.1983,-85.7489,77.1383,-92.5924,-133.016,17.565,1.62474,-71.5355,-147.557,1.11954,-95.9993,86.3594,-103.661,-148.916,19.6647,1.81896,-80.0869,-165.196,-62.8509,114.71,-62.1225,-162.226,-17.6985,24.3263,-54.3251,-200.394,-116.588,-179.439,240.386,178.263,-22.5395,-40.238,285.736,231.411,
4.83409,1.04845,6.07426,4.81858,0,0,-50,-6.81193,-10.3697,13.8543,10.3346,-1.28542,-2.33418,16.4252,13.3862,0,183.066,0,-213.114,0,40.4593,0,-165.974,33.3412,28.1239,41.6695,-12.8933,-37.4243,22.4056,26.1253,-34.9293,-85.7433,78.9442,-92.6464,-135.184,17.2764,1.78964,-71.1194,-149.462,1.11047,-95.2157,87.6655,-102.881,-150.119,19.185,1.98735,-78.9762,-165.974,-61.8745,115.789,-61.2118,-163.012,-18.2392,24.393,-52.8509,-200.903,-118.468,-180.343,240.944,179.732,-22.3552,-40.5944,285.655,232.804,
4.84135,1.0387,6.0716,4.80826,0,0,-50,-6.92308,-10.4242,13.8842,10.4161,-1.27211,-2.35188,16.4189,13.4671,0,183.61,0,-213.846,0,40.2597,0,-166.748,33.5446,27.881,41.7933,-12.4862,-37.4838,22.306,26.4843,-34.6579,-85.7217,80.8119,-92.6881,-137.321,16.9796,1.92133,-70.6413,-151.365,1.10163,-94.4332,89.0245,-102.108,-151.277,18.7052,2.11659,-77.8203,-166.748,-60.8886,116.905,-60.3142,-163.763,-18.7786,24.4225,-51.336,-201.405,-120.401,-181.29,241.464,181.15,-22.1237,-40.9023,285.546,234.21,
4.849,1.02888,6.06885,4.79806,0,0,-50,-7.03751,-10.4818,13.9141,10.4981,-1.25729,-2.36891,16.4113,13.5478,0,184.184,0,-214.582,0,40.053,0,-167.512,33.7568,27.6237,41.9139,-12.0754,-37.5451,22.2026,26.8364,-34.386,-85.6906,82.7477,-92.7037,-139.474,16.6632,2.04479,-70.1162,-153.263,1.09298,-93.6577,90.4413,-101.323,-152.442,18.2125,2.23491,-76.6353,-167.512,-59.901,118.065,-59.4091,-164.518,-19.3326,24.4375,-49.7989,-201.898,-122.391,-182.292,241.985,182.576,-21.8659,-41.1985,285.414,235.615,
4.85673,1.01919,6.0661,4.78875,0,0,-50,-7.15069,-10.5424,13.9453,10.5797,-1.24336,-2.38725,16.4026,13.6229,0,184.763,0,-215.309,0,39.8472,0,-168.211,33.9693,27.3619,42.029,-11.6685,-37.6059,22.0995,27.1554,-34.1346,-85.6737,84.6772,-92.6839,-141.576,16.3248,2.18223,-69.5843,-155.035,1.08499,-92.9551,91.8738,-100.561,-153.609,17.7122,2.36769,-75.4982,-168.211,-58.9858,119.236,-58.5321,-165.277,-19.8937,24.4671,-48.3428,-202.345,-124.36,-183.346,242.527,183.995,-21.6237,-41.5174,285.262,236.919,
4.86486,1.00839,6.06344,4.77641,0,0,-50,-7.27583,-10.5976,13.9774,10.6707,-1.22793,-2.40499,16.3946,13.7181,0,185.374,0,-216.119,0,39.6477,0,-169.137,34.1908,27.0846,42.1525,-11.214,-37.6645,21.9993,27.5747,-33.7968,-85.4943,86.8011,-92.6514,-144,15.9848,2.30879,-68.9109,-157.242,1.07564,-91.9614,93.367,-99.6599,-154.893,17.194,2.48343,-74.1236,-169.137,-57.7706,120.452,-57.5074,-166.107,-20.4706,24.4827,-46.5489,-202.933,-126.536,-184.307,243.085,185.578,-21.3553,-41.8259,285.124,238.575,
4.87336,0.999592,6.06072,4.76474,0,0,-50,-7.3967,-10.6509,13.9977,10.7428,-1.20187,-2.40794,16.384,13.8105,0,186.011,0,-216.778,0,39.4436,0,-170.012,34.4197,26.7931,42.2495,-10.8427,-37.7242,21.8968,27.9673,-33.4727,-85.2911,88.8691,-92.64,-146.085,15.6959,2.2774,-68.1528,-159.322,1.06709,-91.0137,94.8317,-98.8556,-155.886,16.749,2.43021,-72.7255,-170.012,-56.594,121.625,-56.6061,-166.729,-20.9752,24.327,-44.7582,-203.485,-128.638,-185.232,243.437,186.831,-20.902,-41.8773,284.94,240.182,
4.88126,0.989573,6.058,4.75296,0,0,-50,-7.51592,-10.702,14.0266,10.8278,-1.18409,-2.42136,16.3751,13.9013,0,186.603,0,-217.53,0,39.2396,0,-170.896,34.6302,26.5205,42.356,-10.4189,-37.7837,21.7941,28.3596,-33.1409,-85.0438,90.911,-92.5486,-148.361,15.3632,2.36463,-67.4221,-161.412,1.05876,-90.0406,96.2525,-97.9863,-157.078,16.2659,2.50357,-71.3835,-170.896,-55.4104,122.773,-55.6303,-167.497,-21.5178,24.2976,-43.0239,-204.036,-130.712,-186.122,243.94,188.31,-20.5929,-42.1107,284.785,241.761,
4.891,0.979255,6.05534,4.74115,0,0,-50,-7.65198,-10.7677,14.0575,10.9155,-1.16126,-2.43316,16.3615,13.9962,0,187.334,0,-218.304,0,39.04,0,-171.781,34.887,26.1818,42.4613,-9.98132,-37.8415,21.6935,28.7489,-32.8038,-84.8092,93.2612,-92.4545,-150.735,14.9689,2.40868,-66.5375,-163.556,1.05029,-89.074,97.951,-97.1037,-158.315,15.7216,2.5298,-69.8835,-171.781,-54.187,124.133,-54.6425,-168.296,-22.1199,24.2233,-41.1346,-204.585,-133.078,-187.265,244.478,189.835,-20.1959,-42.3158,284.548,243.413,
4.89983,0.968397,6.05272,4.72925,0,0,-50,-7.78177,-10.8267,14.0924,11.0096,-1.14458,-2.45095,16.3499,14.0892,0,187.996,0,-219.118,0,38.8432,0,-172.673,35.1168,25.8727,42.5672,-9.5197,-37.8983,21.5941,29.1372,-32.4594,-84.5062,95.502,-92.2858,-153.181,14.5642,2.5299,-65.6811,-165.681,1.0422,-88.0727,99.5325,-96.1807,-159.646,15.1788,2.63667,-68.4531,-172.673,-52.9558,125.405,-53.6135,-169.165,-22.7195,24.2307,-39.3159,-205.133,-135.335,-188.291,245.084,191.471,-19.9057,-42.6252,284.345,245.03,
4.90875,0.956341,6.05009,4.7159,0,0,-50,-7.91832,-10.884,14.1322,11.1152,-1.13061,-2.47367,16.3386,14.1909,0,188.665,0,-220.022,0,38.6464,0,-173.675,35.3461,25.5585,42.6788,-9.00583,-37.9549,21.4945,29.5679,-32.0675,-84.0884,97.8537,-92.0452,-155.884,14.1212,2.70396,-64.7354,-168.01,1.03371,-86.9234,101.153,-95.1485,-161.139,14.5973,2.79512,-66.918,-173.675,-51.5773,126.711,-52.4697,-170.145,-23.3576,24.2897,-37.35,-205.742,-137.71,-189.287,245.777,193.307,-19.6627,-43.0203,284.149,246.799,
4.9186,0.94534,6.04729,4.70472,0,0,-50,-8.05611,-10.952,14.1691,11.2118,-1.11142,-2.49114,16.3234,14.2812,0,189.404,0,-220.847,0,38.4361,0,-174.513,35.5962,25.2091,42.7753,-8.53576,-38.015,21.388,29.9246,-31.7349,-83.7583,100.254,-91.7946,-158.348,13.6609,2.81609,-63.7662,-170.045,1.02628,-85.9595,102.889,-94.2069,-162.509,14.0199,2.89009,-65.4419,-174.513,-50.3633,128.098,-51.4316,-171.045,-23.9951,24.2781,-35.5173,-206.248,-140.106,-190.47,246.419,194.988,-19.329,-43.3241,283.885,248.368,
4.92711,0.934434,6.04478,4.6921,0,0,-50,-8.18403,-11.0033,14.2045,11.3084,-1.0952,-2.50846,16.3113,14.3773,0,190.042,0,-221.665,0,38.2482,0,-175.46,35.8094,24.9053,42.8659,-8.06877,-38.0685,21.2927,30.3227,-31.3548,-83.2668,102.465,-91.5042,-160.827,13.2398,2.93731,-62.7729,-172.206,1.01889,-84.8401,104.401,-93.2331,-163.866,13.49,2.99281,-63.959,-175.46,-49.0307,129.306,-50.3673,-171.934,-24.5785,24.2855,-33.6363,-206.814,-142.331,-191.362,247.035,196.667,-19.0469,-43.6254,283.676,250.039,
4.9367,0.923504,6.04234,4.67913,0,0,-50,-8.32152,-11.0603,14.2406,11.4062,-1.07486,-2.523,16.2963,14.4778,0,190.761,0,-222.485,0,38.0648,0,-176.432,36.0465,24.5608,42.9515,-7.59979,-38.1204,21.1996,30.7267,-30.9589,-82.7239,104.848,-91.1948,-163.355,12.788,3.01221,-61.6424,-174.423,1.01152,-83.6769,106.056,-92.2454,-165.237,12.9353,3.04691,-62.3525,-176.432,-47.6304,130.616,-49.2939,-172.837,-25.1851,24.2465,-31.6258,-207.391,-144.722,-192.352,247.663,198.369,-18.6933,-43.8783,283.414,251.789,
4.94655,0.913809,6.04024,4.66573,0,0,-50,-8.45703,-11.1121,14.272,11.4945,-1.0485,-2.52852,16.2798,14.582,0,191.5,0,-223.212,0,37.9075,0,-177.437,36.2867,24.2046,43.0232,-7.18302,-38.1648,21.1196,31.1388,-30.5445,-82.0956,107.197,-90.9217,-165.723,12.3701,2.97316,-60.397,-176.65,1.00446,-82.4614,107.674,-91.3268,-166.461,12.4252,2.98641,-60.6661,-177.437,-46.1746,131.879,-48.3036,-173.644,-25.7395,24.106,-29.5273,-207.982,-147.079,-193.253,248.209,199.905,-18.2348,-43.9743,283.127,253.6,
4.95666,0.902065,6.0378,4.65228,0,0,-50,-8.60213,-11.1716,14.3138,11.6023,-1.02935,-2.54682,16.2629,14.6861,0,192.259,0,-224.093,0,37.7242,0,-178.447,36.5297,23.8363,43.1045,-6.67724,-38.2163,21.0262,31.547,-30.1226,-81.4286,109.708,-90.4975,-168.414,11.8564,3.08206,-59.1248,-178.914,0.997388,-81.2159,109.421,-90.2611,-167.974,11.8255,3.07401,-58.9704,-178.447,-44.6862,133.258,-47.1565,-174.651,-26.3908,24.1002,-27.4234,-208.569,-149.602,-194.288,248.935,201.778,-17.9017,-44.2925,282.833,255.41,
4.96698,0.892297,6.03588,4.63997,0,0,-50,-8.73985,-11.2288,14.3499,11.6943,-1.00524,-2.55581,16.2441,14.7839,0,193.033,0,-224.825,0,37.5804,0,-179.37,36.7737,23.4581,43.1677,-6.25592,-38.2565,20.9529,31.9154,-29.7321,-80.7704,112.099,-90.1439,-170.761,11.3902,3.07249,-57.8201,-180.961,0.991205,-80.0601,111.113,-89.3512,-169.259,11.2901,3.04546,-57.3116,-179.37,-43.2864,134.571,-46.1835,-175.515,-26.9665,23.9984,-25.3962,-209.102,-151.997,-195.284,249.563,203.379,-17.4824,-44.4489,282.507,257.111,
4.97785,0.879918,6.03363,4.62452,0,0,-50,-8.89569,-11.2858,14.3959,11.8114,-0.983436,-2.57331,16.2248,14.9014,0,193.848,0,-225.754,0,37.4114,0,-180.528,37.0265,23.057,43.2418,-5.72105,-38.3036,20.8667,32.3708,-29.2356,-79.8644,114.776,-89.6176,-173.658,10.8259,3.15294,-56.2827,-183.449,0.984078,-78.5928,112.948,-88.1907,-170.893,10.6536,3.10274,-55.3866,-180.528,-41.5663,136.005,-44.9489,-176.614,-27.6501,23.9694,-23.0157,-209.764,-154.708,-196.274,250.364,205.415,-17.1032,-44.7533,282.171,259.155,
4.98876,0.868137,6.03179,4.61039,0,0,-50,-9.04781,-11.3447,14.4429,11.925,-0.963915,-2.59197,16.2044,15.0108,0,194.666,0,-226.638,0,37.2739,0,-181.588,37.2757,22.6519,43.3062,-5.21126,-38.3419,20.7964,32.7807,-28.7753,-78.9775,117.386,-89.0767,-176.408,10.256,3.23918,-54.7579,-185.718,0.977764,-77.2214,114.776,-87.096,-172.485,10.0279,3.16716,-53.5403,-181.588,-39.9457,137.428,-43.7897,-177.697,-28.3139,23.9635,-20.7596,-210.363,-157.353,-197.299,251.181,207.391,-16.7637,-45.0777,281.816,261.057,
4.99956,0.857375,6.02989,4.59624,0,0,-50,-9.19482,-11.398,14.4863,12.0314,-0.939171,-2.60316,16.1834,15.12,0,195.476,0,-227.445,0,37.131,0,-182.649,37.5182,22.248,43.3598,-4.74491,-38.3814,20.7233,33.1846,-28.3084,-78.0279,119.901,-88.5444,-178.995,9.71568,3.24006,-53.1731,-187.935,0.971878,-75.8336,116.529,-86.0543,-173.961,9.44245,3.14895,-51.6778,-182.649,-38.3154,138.777,-42.6945,-178.706,-28.939,23.8722,-18.4932,-210.958,-159.91,-198.225,251.936,209.241,-16.3334,-45.2724,281.45,262.957,
5.01053,0.84448,6.02805,4.58169,0,0,-50,-9.35237,-11.4574,14.5401,12.1579,-0.923984,-2.62902,16.162,15.2313,0,196.299,0,-228.412,0,36.9935,0,-183.741,37.7601,21.8348,43.4174,-4.18541,-38.4193,20.6529,33.5929,-27.8227,-76.987,122.572,-87.8317,-181.92,9.07498,3.40712,-51.5303,-190.207,0.966005,-74.3698,118.405,-84.8459,-175.736,8.76647,3.29129,-49.7786,-183.741,-36.6097,140.24,-41.4285,-179.921,-29.6529,23.9442,-16.1856,-211.563,-162.65,-199.26,252.871,211.442,-16.0693,-45.7222,281.078,264.892,
5.02182,0.832736,6.02609,4.5667,0,0,-50,-9.50809,-11.5117,14.5901,12.277,-0.9002,-2.64435,16.1388,15.3461,0,197.146,0,-229.293,0,36.846,0,-184.865,38.0042,21.4072,43.4636,-3.67521,-38.4599,20.5773,34.0063,-27.3159,-75.8509,125.201,-87.1386,-184.693,8.4615,3.44619,-49.7618,-192.479,0.960441,-72.8503,120.248,-83.6915,-177.386,8.12677,3.30986,-47.7933,-184.865,-34.8461,141.655,-40.2279,-181.062,-30.3331,23.8872,-13.787,-212.181,-165.358,-200.204,253.742,213.514,-15.6556,-45.9887,280.675,266.888,
5.0333,0.822238,6.02442,4.55143,0,0,-50,-9.66014,-11.5604,14.6384,12.3888,-0.870726,-2.65159,16.1142,15.4631,0,198.007,0,-230.08,0,36.7211,0,-186.01,38.2475,20.9695,43.4997,-3.21873,-38.4941,20.5132,34.4194,-26.7936,-74.6326,127.751,-86.4905,-187.296,7.87475,3.37499,-47.885,-194.717,0.955283,-71.2953,122.038,-82.6229,-178.921,7.52262,3.22407,-45.7437,-186.01,-33.0478,143.008,-39.1232,-182.14,-30.9715,23.7373,-11.3243,-212.804,-168.002,-201.05,254.58,215.457,-15.1431,-46.1145,280.248,268.923,
5.04514,0.809654,6.023,4.53614,0,0,-50,-9.82399,-11.6175,14.6974,12.5208,-0.851898,-2.67458,16.0887,15.5803,0,198.895,0,-231.024,0,36.6142,0,-187.157,38.4931,20.5151,43.5368,-2.67111,-38.5233,20.4583,34.8251,-26.2641,-73.3308,130.469,-85.6501,-190.214,7.18164,3.48009,-45.9521,-196.95,0.950275,-69.6844,123.982,-81.3911,-180.756,6.82454,3.30705,-43.6671,-187.157,-31.1913,144.497,-37.8543,-183.427,-31.6988,23.7654,-8.8421,-213.421,-170.852,-202.043,255.607,217.753,-14.8156,-46.5144,279.803,270.961,
5.05733,0.798329,6.02135,4.5205,0,0,-50,-9.9853,-11.6693,14.7537,12.6455,-0.823554,-2.68628,16.0613,15.7004,0,199.809,0,-231.873,0,36.491,0,-188.33,38.7402,20.0445,43.5643,-2.1779,-38.5568,20.3951,35.2315,-25.7163,-71.9393,133.128,-84.8406,-192.962,6.51589,3.44555,-43.8944,-199.16,0.945621,-68.0273,125.889,-80.2271,-182.469,6.16156,3.25818,-41.5074,-188.33,-29.2871,145.933,-36.6628,-184.647,-32.3953,23.6532,-6.27591,-214.046,-173.657,-202.944,256.585,219.922,-14.3227,-46.7179,279.327,273.051,
5.06878,0.786693,6.02012,4.50476,0,0,-50,-10.1422,-11.7165,14.8129,12.7745,-0.801181,-2.70405,16.0349,15.8192,0,200.667,0,-232.746,0,36.3984,0,-189.51,38.9671,19.5998,43.5866,-1.67082,-38.582,20.3474,35.6318,-25.1587,-70.4802,135.667,-83.9626,-195.725,5.83053,3.47886,-41.8379,-201.319,0.941344,-66.3461,127.709,-79.0377,-184.244,5.48853,3.2748,-39.3839,-189.51,-27.379,147.309,-35.4511,-185.915,-33.0934,23.6222,-3.75206,-214.669,-176.387,-203.766,257.616,222.165,-13.9336,-47.027,278.868,275.116,
5.08289,0.77454,6.01878,4.48888,0,0,-50,-10.3224,-11.7784,14.8809,12.916,-0.772485,-2.71984,16.0018,15.9445,0,201.726,0,-233.657,0,36.2978,0,-190.701,39.2399,19.0477,43.6037,-1.14104,-38.6093,20.2956,36.0268,-24.5898,-68.8853,138.591,-82.9856,-198.656,5.05977,3.45659,-39.5026,-203.473,0.937229,-64.5613,129.892,-77.7766,-186.186,4.74217,3.23962,-37.023,-190.701,-25.3214,148.94,-34.1728,-187.327,-33.8671,23.5352,-0.996244,-215.291,-179.52,-204.841,258.799,224.626,-13.4345,-47.3016,278.293,277.296,
5.09572,0.762209,6.01746,4.4725,0,0,-50,-10.4938,-11.8304,14.9494,13.0597,-0.747331,-2.7389,15.9709,16.0698,0,202.688,0,-234.582,0,36.1989,0,-191.93,39.4809,18.543,43.6145,-0.603255,-38.636,20.2447,36.4248,-23.9963,-67.1988,141.306,-81.9313,-201.567,4.28519,3.48107,-37.1784,-205.612,0.933455,-62.7271,131.903,-76.4792,-188.154,4.00003,3.24942,-34.7044,-191.93,-23.2461,150.446,-32.8647,-188.757,-34.6359,23.4942,1.72041,-215.926,-182.501,-205.747,259.99,227.125,-12.9971,-47.633,277.754,279.474,
5.10828,0.749985,6.01642,4.45563,0,0,-50,-10.6632,-11.8776,15.0205,13.2059,-0.722774,-2.7587,15.9395,16.1972,0,203.63,0,-235.499,0,36.1207,0,-193.195,39.7107,18.0457,43.6186,-0.0700844,-38.6571,20.2044,36.8245,-23.3783,-65.4074,143.932,-80.8325,-204.458,3.4941,3.50281,-34.7761,-207.731,0.930025,-60.8305,133.86,-75.1762,-190.151,3.2496,3.2577,-32.3426,-193.195,-21.1198,151.906,-31.5576,-190.221,-35.4075,23.4621,4.48188,-216.574,-185.448,-206.568,261.226,229.668,-12.57,-47.9774,277.209,281.691,
5.12147,0.739115,6.01525,4.43883,0,0,-50,-11.4565,-7.54215,-6.39793,-6.67945,0.508915,1.84659,4.97722,8.12403,0,204.619,0,234.925,0,36.0335,0,-194.455,39.9453,17.5202,43.6168,0.404031,-38.6805,20.1595,37.2121,-22.7563,46.8967,184.243,-80.8779,146.252,103.27,-60.073,29.2001,-109.256,0.599829,28.13,110.514,-48.5129,87.7262,61.9444,-36.0335,17.515,-65.5347,68.0753,128.034,-4.89607,88.1302,23.2638,-15.874,54.7271,-88.291,-199.243,-131.168,-111.268,-116.164,8.8507,32.1145,86.5604,141.287,
5.13513,0.725992,6.01436,4.4217,0,0,-50,-11.1257,-7.19729,-6.14068,-6.34197,0.568593,1.78207,4.80845,7.97456,0,205.644,0,233.941,0,35.9661,0,-195.74,40.181,16.9728,43.6077,0.976351,-38.6986,20.1247,37.5963,-22.1157,48.4553,183.402,-81.1181,143.173,102.977,-61.9316,30.0762,-110.257,0.580739,28.1399,106.508,-47.1084,83.1459,59.8025,-35.9661,17.4664,-64.0307,68.3208,123.481,-3.50067,84.1222,21.1039,-15.8414,55.0627,-86.1464,-193.491,-125.17,-106.794,-110.295,9.88857,30.9925,83.6253,138.688,
5.14919,0.714104,6.01344,4.40466,0,0,-50,-10.8263,-6.87955,-5.91099,-6.0372,0.623125,1.72263,4.64806,7.83651,0,206.698,0,233.049,0,35.8978,0,-197.018,40.4156,16.4063,43.593,1.49469,-38.7169,20.0894,37.9677,-21.4719,50.0842,182.633,-81.2549,140.239,102.64,-63.7041,31.0263,-111.202,0.563509,28.2229,102.915,-45.7879,79.0257,57.8388,-35.8978,17.4836,-62.6632,68.6385,119.322,-2.19482,80.5204,19.1218,-15.8083,55.4513,-84.1351,-188.283,-119.644,-102.8,-104.995,10.837,29.9588,80.8358,136.287,
5.16369,0.702048,6.01257,4.38728,0,0,-50,-10.5355,-6.57051,-5.69366,-5.74637,0.675874,1.66517,4.48877,7.70078,0,207.786,0,232.145,0,35.8322,0,-198.321,40.6492,15.8186,43.5719,2.02014,-38.7345,20.0556,38.3351,-20.8089,51.7444,181.814,-81.3246,137.238,102.257,-65.501,32.0375,-112.126,0.547048,28.3067,99.4609,-44.4884,75.0757,55.9397,-35.8322,17.5261,-61.3381,68.9559,115.279,-0.916564,77.0959,17.2052,-15.7766,55.8611,-82.147,-183.226,-114.27,-99.0203,-99.9368,11.7543,28.9595,78.0655,133.927,
5.18027,0.68817,6.01196,4.3692,0,0,-50,-10.2273,-6.24518,-5.47158,-5.44747,0.731551,1.60621,4.31992,7.55859,0,209.029,0,231.104,0,35.7864,0,-199.677,40.9058,15.1427,43.5396,2.6246,-38.7468,20.0319,38.7051,-20.1122,53.4719,180.829,-81.3351,133.848,101.778,-67.5014,33.2344,-113.058,0.530157,28.3485,95.8675,-43.1203,70.9603,53.9582,-35.7864,17.6195,-59.9386,69.2543,111.01,0.419285,73.5849,15.2114,-15.7545,56.3246,-80.0508,-177.866,-108.612,-95.1579,-94.7386,12.7226,27.934,75.1291,131.454,
5.19517,0.67349,6.01153,4.35103,0,0,-50,-9.93436,-5.9416,-5.26806,-5.17213,0.783891,1.55155,4.15998,7.42109,0,210.147,0,230.003,0,35.754,0,-201.04,41.127,14.5312,43.4964,3.26349,-38.7554,20.0152,39.0641,-19.4058,55.0266,179.699,-81.2952,130.402,101.271,-69.49,34.3052,-113.971,0.51452,28.3123,92.459,-41.828,67.0944,52.1059,-35.754,17.6507,-58.6406,69.4393,106.99,1.66839,70.3578,13.3505,-15.7388,56.7148,-78.0463,-172.771,-103.332,-91.6185,-89.9501,13.6329,26.9834,72.3475,129.062,
5.20842,0.662608,6.01088,4.33312,0,0,-50,-9.69977,-5.68924,-5.10575,-4.94829,0.826777,1.50518,4.01855,7.30268,0,211.14,0,229.187,0,35.7055,0,-202.383,41.3158,13.9853,43.4583,3.7366,-38.7683,19.9901,39.4053,-18.7033,56.6616,178.805,-81.1486,127.58,100.772,-71.1556,35.2935,-114.772,0.501794,28.4325,89.7233,-40.7199,64.0189,50.5667,-35.7055,17.7101,-57.5919,69.7483,103.709,2.7384,67.7555,11.7983,-15.7154,57.1153,-76.2952,-168.692,-98.9434,-88.7957,-86.0573,14.3787,26.1771,69.8878,127.003,
5.22336,0.654494,6.01007,4.31492,0,0,-50,-9.48991,-5.45085,-4.96149,-4.74479,0.866098,1.46148,3.87785,7.19135,0,212.261,0,228.578,0,35.6443,0,-203.748,41.5202,13.3663,43.4266,4.08906,-38.7846,19.9585,39.7392,-17.9829,58.5833,178.092,-80.8822,125.068,100.219,-72.6967,36.4802,-115.464,0.490316,28.7243,87.3214,-39.6578,61.3229,49.1391,-35.6443,17.8868,-56.6139,70.2446,100.688,3.76873,65.4119,10.3545,-15.6858,57.626,-74.5968,-165.042,-94.7974,-86.2869,-82.5181,15.0626,25.417,67.4409,125.067,
5.23907,0.643445,6.00919,4.29478,0,0,-50,-9.24868,-5.18758,-4.80453,-4.52267,0.909566,1.41331,3.72258,7.06402,0,213.439,0,227.749,0,35.5787,0,-205.259,41.7251,12.7124,43.3787,4.56864,-38.8021,19.9245,40.0934,-17.1787,60.5116,177.07,-80.5563,122.035,99.579,-74.4886,37.7244,-116.225,0.477639,28.9027,84.5754,-38.4769,58.2885,47.5628,-35.5787,18.0187,-55.5135,70.6278,97.2878,4.90188,62.8572,8.76078,-15.6542,58.112,-72.6922,-160.847,-90.2187,-83.557,-78.6551,15.8185,24.5793,64.7404,122.852,
5.25496,0.634049,6.00847,4.27793,0,0,-50,-9.03957,-4.95708,-4.67425,-4.33539,0.946619,1.3724,3.58564,6.9553,0,214.631,0,227.045,0,35.5248,0,-206.523,41.9218,12.0477,43.3339,4.976,-38.8164,19.8966,40.3771,-16.5007,62.2613,176.172,-80.1677,119.352,98.9684,-76.0654,39.0249,-116.772,0.46703,29.0779,82.2775,-37.4407,55.7411,46.2212,-35.5248,18.2258,-54.536,70.9997,94.3253,5.8932,60.7171,7.40479,-15.6281,58.6029,-71.0368,-157.21,-86.2102,-81.2912,-75.398,16.4629,23.8677,62.3589,120.962,
5.273,0.626691,6.00766,4.25695,0,0,-50,-8.83084,-4.71327,-4.54445,-4.14472,0.985459,1.32918,3.43021,6.83529,0,215.984,0,226.493,0,35.4637,0,-208.096,42.1323,11.2897,43.2961,5.29473,-38.8326,19.865,40.7143,-15.6504,64.596,175.278,-79.6434,116.718,98.1956,-77.7137,40.5501,-117.304,0.456338,29.4776,79.9858,-36.3443,53.2627,44.8104,-35.4637,18.5045,-53.5302,71.6099,91.2755,6.95184,58.5574,5.97777,-15.5987,59.2188,-69.1806,-153.58,-81.9699,-79.0339,-72.0821,17.1384,23.1162,59.6559,118.875,
5.28779,0.62004,6.00665,4.23992,0,0,-50,-8.65476,-4.51305,-4.44116,-3.99088,1.01619,1.29305,3.30179,6.73377,0,217.093,0,225.994,0,35.3882,0,-209.373,42.2946,10.6654,43.2599,5.58259,-38.8526,19.8259,40.9749,-14.9548,66.4365,174.44,-79.1585,114.49,97.566,-79.0674,41.8072,-117.694,0.44757,29.735,78.0742,-35.4289,51.2421,43.6676,-35.3882,18.7116,-52.6761,72.0296,88.7396,7.831,56.8247,4.81506,-15.5623,59.6865,-67.6309,-150.518,-78.4879,-77.2376,-69.4066,17.6728,22.4879,57.4224,117.109,
5.30364,0.61376,6.00555,4.22058,0,0,-50,-8.47235,-4.3025,-4.33693,-3.83345,1.0483,1.25503,3.16171,6.62277,0,218.282,0,225.523,0,35.3055,0,-210.824,42.4584,9.99352,43.224,5.85414,-38.8744,19.7831,41.2565,-14.1595,68.5389,173.504,-78.5876,112.193,96.8315,-80.4971,43.1741,-118.058,0.438593,30.0607,76.0979,-34.468,49.2071,42.4696,-35.3055,18.9358,-51.7794,72.5191,86.0914,8.75606,55.0613,3.59525,-15.5224,60.1923,-65.9388,-147.345,-74.8261,-75.4248,-66.6688,18.2313,21.8266,54.9862,115.179,
5.32142,0.60802,6.00456,4.19964,0,0,-50,-8.28476,-4.08199,-4.23338,-3.67477,1.08171,1.21636,3.01134,6.50507,0,219.615,0,225.093,0,35.2318,0,-212.394,42.6293,9.23739,43.1897,6.10216,-38.8938,19.7448,41.5439,-13.2927,70.8991,172.472,-77.9104,109.836,95.9731,-81.9997,44.7257,-118.326,0.429657,30.4623,74.1038,-33.4748,47.1919,41.2355,-35.2318,19.2167,-50.8396,73.0916,83.3412,9.71495,53.2941,2.34173,-15.4869,60.7606,-64.1323,-144.083,-70.9912,-73.624,-63.9091,18.8123,21.154,52.3711,113.132,
5.33674,0.602723,6.00368,4.18212,0,0,-50,-8.12318,-3.89563,-4.14888,-3.5437,1.10941,1.1839,2.88377,6.40395,0,220.765,0,224.695,0,35.1653,0,-213.708,42.7659,8.58291,43.1568,6.33085,-38.9113,19.7103,41.7704,-12.5628,72.8421,171.499,-77.2831,107.784,95.2232,-83.283,46.0642,-118.484,0.422238,30.7567,72.4134,-32.6319,45.5105,40.2069,-35.1653,19.4501,-50.0283,73.5226,80.9963,10.5249,51.8413,1.29558,-15.4549,61.2204,-62.5911,-141.273,-67.75,-72.1545,-61.6296,19.294,20.5896,50.1525,111.373,
5.35573,0.594226,6.00273,4.16017,0,0,-50,-7.91279,-3.66163,-4.04498,-3.38159,1.14461,1.14363,2.72406,6.27405,0,222.188,0,224.058,0,35.0943,0,-215.355,42.9211,7.76959,43.1014,6.69729,-38.9299,19.6735,42.0361,-11.6428,75.0943,170.064,-76.4317,104.973,94.2257,-84.9792,47.7096,-118.643,0.412975,31.0121,70.232,-31.5644,43.3513,38.9128,-35.0943,19.7029,-48.9967,73.9332,78.0016,11.5371,50.0486,-0.0171273,-15.4208,61.739,-60.6395,-137.614,-63.6806,-70.3474,-58.8103,19.9063,19.8892,47.375,109.114,
5.3718,0.592656,6.00168,4.14038,0,0,-50,-7.76847,-3.48239,-3.97369,-3.266,1.17009,1.11251,2.58944,6.16811,0,223.394,0,223.94,0,35.0152,0,-216.839,43.0404,7.07884,43.0909,6.76497,-38.9507,19.6324,42.2582,-10.8088,77.4801,169.084,-75.7171,103.366,93.3434,-86.1262,49.1429,-118.58,0.406557,31.5001,68.7422,-30.7833,42.0243,37.9494,-35.0152,19.9794,-48.2095,74.5405,75.821,12.3076,48.7892,-1.00133,-15.3827,62.2376,-59.0183,-135.104,-60.5634,-69.1077,-56.8001,20.3494,19.348,45.0338,107.271,
5.38933,0.588042,6.0006,4.12253,0,0,-50,-7.60283,-3.29332,-3.89941,-3.14466,1.196,1.08083,2.45573,6.06093,0,224.709,0,223.594,0,34.9343,0,-218.178,43.1579,6.32317,43.0592,6.96372,-38.9718,19.5904,42.4445,-10.0526,79.5272,167.878,-74.8818,101.334,92.4824,-87.3928,50.6697,-118.433,0.399738,31.7901,67.1074,-29.9331,40.5072,36.9688,-34.9343,20.2546,-47.3424,74.948,73.4306,13.1261,47.4709,-2.00304,-15.3439,62.6991,-57.3949,-132.223,-57.2752,-67.8158,-54.6897,20.8001,18.797,42.7084,105.408,
5.40824,0.583907,5.99954,4.10121,0,0,-50,-7.42589,-3.08835,-3.82238,-3.01733,1.22463,1.04656,2.30483,5.93816,0,226.127,0,223.284,0,34.8552,0,-219.777,43.2698,5.50591,43.03,7.14169,-38.9925,19.5493,42.6491,-9.14543,81.9257,166.448,-73.9368,99.2105,91.4261,-88.7758,52.3133,-118.194,0.39262,32.1657,65.3509,-29.0291,38.952,35.8957,-34.8552,20.5392,-46.4052,75.4355,70.8568,14.001,46.0937,-3.09677,-15.3059,63.1884,-55.5506,-129.146,-53.7104,-66.4763,-52.4753,21.2979,18.2011,40.0841,103.272,
5.42406,0.580384,5.9985,4.08316,0,0,-50,-7.27589,-2.91732,-3.76049,-2.91334,1.24798,1.01765,2.17745,5.83243,0,227.313,0,223.02,0,34.777,0,-221.13,43.3514,4.82076,43.0046,7.29326,-39.0128,19.5086,42.8072,-8.37423,83.9066,165.158,-73.1026,97.437,90.5188,-89.924,53.6739,-117.923,0.386737,32.4498,63.8726,-28.2715,37.6825,35.007,-34.777,20.7577,-45.6054,75.8013,68.6934,14.7331,44.9758,-4.00582,-15.2683,63.5649,-53.9796,-126.537,-50.736,-65.3998,-50.6667,21.704,17.6982,37.8686,101.434,
5.4441,0.577376,5.99751,4.06081,0,0,-50,-7.09909,-2.71183,-3.69053,-2.79381,1.27596,0.984355,2.02138,5.70356,0,228.816,0,222.794,0,34.7024,0,-222.807,43.4393,3.95119,42.9825,7.42258,-39.0322,19.4698,42.9837,-7.41545,86.4347,163.516,-72.0376,95.4182,89.3278,-91.2784,55.3794,-117.428,0.380182,32.8609,62.1659,-27.3874,36.2762,33.9608,-34.7024,21.0542,-44.6439,76.3002,66.1171,15.5951,43.6988,-5.07141,-15.2326,64.0379,-52.0594,-123.462,-47.1622,-64.1831,-48.588,22.1906,17.1192,35.1544,99.1924,
5.46086,0.574787,5.99647,4.04249,0,0,-50,-6.9499,-2.54207,-3.63504,-2.69711,1.29821,0.956602,1.89205,5.59475,0,230.074,0,222.6,0,34.6251,0,-224.18,43.4995,3.22236,42.9631,7.53382,-39.0523,19.4296,43.1123,-6.62713,88.4654,162.066,-71.1045,93.7502,88.3393,-92.3782,56.7808,-116.93,0.374818,33.1585,60.7453,-26.6513,35.1393,33.1112,-34.6251,21.2825,-43.8274,76.6579,63.9676,16.3118,42.6731,-5.94107,-15.1955,64.3948,-50.4545,-120.868,-44.2099,-63.218,-46.9062,22.5776,16.6366,32.9052,97.3,
5.47973,0.57281,5.99548,4.02008,0,0,-50,-6.78384,-2.35039,-3.57518,-2.59178,1.32406,0.925449,1.74084,5.46549,0,231.488,0,222.452,0,34.5505,0,-225.861,43.5525,2.4013,42.9481,7.61876,-39.0716,19.3907,43.25,-5.65938,90.9115,160.291,-70.0325,91.9687,87.0859,-93.6197,58.3292,-116.258,0.369051,33.551,59.1555,-25.8456,33.9412,32.1392,-34.5505,21.5265,-42.905,77.1035,61.5568,17.1026,41.5599,-6.93241,-15.1597,64.7764,-48.5644,-117.98,-40.8763,-62.177,-45.0745,23.0272,16.0948,30.2756,95.052,
5.4995,0.571276,5.99451,4.00008,0,0,-50,-6.62187,-2.16578,-3.52116,-2.49385,1.34724,0.897103,1.59832,5.34473,0,232.971,0,222.337,0,34.4777,0,-227.361,43.5915,1.53968,42.9364,7.68463,-39.0904,19.3528,43.3545,-4.79323,93.1793,158.52,-68.8978,90.2815,85.9139,-94.7512,59.9118,-115.415,0.363876,33.9057,57.6815,-25.0702,32.8513,31.262,-34.4777,21.8004,-41.9969,77.4972,59.2212,17.8662,40.5359,-7.82838,-15.1249,65.1549,-46.7901,-115.163,-37.6658,-61.2375,-43.3713,23.4302,15.6018,27.7968,92.9518,
5.5158,0.570018,5.99355,3.98135,0,0,-50,-6.4807,-2.00658,-3.47568,-2.41081,1.36772,0.871506,1.47131,5.23306,0,234.194,0,222.242,0,34.4058,0,-228.766,43.6108,0.829042,42.9267,7.73866,-39.1089,19.3153,43.4367,-3.98036,95.1683,156.855,-67.9179,88.8552,84.8142,-95.7412,61.1782,-114.651,0.359362,34.1999,56.3678,-24.4071,31.9312,30.479,-34.4058,21.9851,-41.2012,77.8107,57.1969,18.5196,39.6698,-8.6299,-15.0905,65.4218,-45.1816,-112.708,-34.8971,-60.4467,-41.9271,23.7865,15.1566,25.5879,91.0097,
5.53657,0.569071,5.99262,3.95844,0,0,-50,12.9051,22.0496,-13.6904,-8.01107,-5.69031,1.29018,10.9108,9.6469,0,-235.487,0,222.171,0,34.3357,0,-230.484,43.6186,-0.0768083,42.9193,7.77929,-39.1269,19.2787,43.5165,-2.98409,97.3996,-198.73,47.1335,116.856,135.47,8.75496,-55.2739,-114.398,1.18496,115.415,-235.487,55.8515,138.47,160.527,10.3743,-65.4975,-135.557,159.034,-235.564,98.7708,146.249,121.4,29.653,-21.9811,-138.541,224.437,383.471,-238.094,-139.323,-98.962,22.438,189.753,167.772,
5.55586,0.568448,5.99166,3.93778,0,0,-50,12.9177,21.9471,-13.4762,-7.95964,-5.4654,1.27038,10.9753,9.72498,0,-234.04,0,222.125,0,34.2637,0,-232.034,43.609,-0.918351,42.9145,7.80604,-39.1454,19.2412,43.5688,-2.08444,97.2872,-200.745,45.482,117.212,134.056,7.74499,-56.0218,-117.868,1.16586,113.423,-234.04,53.0254,136.653,156.289,9.02955,-65.3134,-137.417,157.032,-234.959,95.9399,144.459,117.144,28.2708,-21.7446,-139.502,224.656,381.688,-234.368,-138.428,-95.0504,22.0936,190.875,169.13,
5.57585,0.568076,5.99075,3.91733,0,0,-50,12.9334,21.8383,-13.2631,-7.91043,-5.24246,1.24887,11.0267,9.79712,0,-232.541,0,222.097,0,34.1954,0,-233.567,43.5819,-1.78983,42.9116,7.82198,-39.1629,19.2055,43.6023,-1.1933,97.0436,-202.782,43.7576,117.61,132.597,6.72139,-56.6699,-121.335,1.14675,111.285,-232.541,50.1792,134.869,152.056,7.70776,-64.9863,-139.141,154.867,-234.331,93.0907,142.691,112.893,26.9133,-21.384,-140.335,224.929,379.796,-230.663,-137.573,-91.1733,21.7195,191.769,170.385,
5.5952,0.567932,5.98986,3.89722,0,0,-50,12.9493,21.7321,-13.0594,-7.86126,-5.0283,1.2267,11.0657,9.86372,0,-231.09,0,222.086,0,34.1289,0,-235.076,43.5392,-2.63244,42.9105,7.82815,-39.1799,19.1708,43.6175,-0.316291,96.7717,-204.779,42.0843,117.998,131.116,5.71447,-57.1759,-124.707,1.12849,109.206,-231.09,47.4916,133.159,147.962,6.4487,-64.5223,-140.73,152.745,-233.723,90.402,140.987,108.783,25.6195,-20.9048,-141.046,225.205,377.95,-227.12,-136.718,-87.4487,21.3338,192.448,171.543,
5.6163,0.5681,5.98888,3.87861,0,0,-50,6.64596,8.5001,-11.2625,-8.21605,-3.27037,-4.62197,-9.20707,-8.48492,0,-229.508,0,222.099,0,34.0552,0,234.767,43.4739,-3.55063,42.9118,7.82095,-39.1988,19.1323,43.6158,0.495501,-21.3182,-187.059,19.1205,234.387,29.7951,64.6599,-58.9666,225.436,0.526682,-11.2279,-98.5207,10.0704,123.448,15.6926,34.0552,-31.0567,118.733,32.246,-102.071,52.9822,131.269,-23.5062,53.1875,12.5592,119.229,115.582,147.828,-195.87,-142.888,-56.8759,-80.3821,-160.123,-147.564,
5.63896,0.568807,5.98773,3.85359,0,0,-50,6.61462,8.3974,-11.2401,-8.25032,-3.29248,-4.58036,-9.06833,-8.44399,0,-227.808,0,222.152,0,33.9689,0,232.891,43.3823,-4.53485,42.9173,7.79061,-39.2207,19.0872,43.5898,1.58663,-23.521,-183.634,17.2522,234.8,31.9692,64.552,-62.2009,221.257,0.526226,-12.3774,-96.6331,9.07856,123.558,16.823,33.9689,-32.7317,116.431,31.0049,-101.168,51.9959,131.348,-22.3978,53.0561,10.8581,118.018,115.037,146.042,-195.48,-143.484,-57.2606,-79.6584,-157.71,-146.852,
5.65836,0.570473,5.98708,3.83423,0,0,-50,6.5918,8.32018,-11.2289,-8.28324,-3.31191,-4.54996,-8.96217,-8.4136,0,-226.353,0,222.277,0,33.9204,0,231.439,43.2861,-5.37567,42.9302,7.71911,-39.2331,19.0618,43.5509,2.42994,-25.1344,-180.743,15.7689,235.198,33.6366,64.4554,-64.6267,217.891,0.526262,-13.2273,-95.1181,8.29858,123.776,17.7017,33.9204,-34.0106,114.668,30.0589,-100.494,51.2288,131.495,-21.5314,52.9822,9.54034,117.098,114.64,144.699,-195.285,-144.056,-57.5984,-79.1298,-155.864,-146.323,
5.67532,0.57257,5.98655,3.81324,0,0,-50,6.55391,8.23651,-11.2074,-8.29749,-3.33478,-4.51816,-8.84966,-8.37648,0,-225.081,0,222.434,0,33.8808,0,229.864,43.1888,-6.1089,42.9463,7.62905,-39.2431,19.0411,43.4903,3.34375,-26.4827,-177.93,14.5699,235.458,35.49,64.4298,-67.0549,214.403,0.525857,-13.9261,-93.5657,7.66169,123.817,18.6626,33.8808,-35.2612,112.745,29.2627,-99.6746,50.608,131.446,-20.5805,52.9219,8.22907,116.089,113.981,143.244,-194.912,-144.304,-57.9961,-78.5766,-153.907,-145.678,
5.69319,0.57565,5.98596,3.78944,0,0,-50,6.50235,8.14142,-11.1777,-8.30151,-3.36054,-4.48244,-8.72092,-8.32866,0,-223.741,0,222.665,0,33.8368,0,228.079,43.0727,-6.8796,42.9696,7.49675,-39.2543,19.0181,43.3984,4.3778,-27.7399,-174.825,13.4258,235.703,37.5961,64.4345,-69.6518,210.463,0.525135,-14.5672,-91.8067,7.05034,123.776,19.743,33.8368,-36.5766,110.522,28.5055,-98.6863,50.0199,131.273,-19.5113,52.8549,6.82185,114.899,113.084,141.59,-194.394,-144.374,-58.4442,-77.9555,-151.668,-144.846,
5.71185,0.579389,5.98522,3.76722,0,0,-50,6.45272,8.05206,-11.1512,-8.30802,-3.38217,-4.44822,-8.59719,-8.27902,0,-222.341,0,222.945,0,33.7811,0,226.413,42.9369,-7.68208,42.9973,7.33603,-39.2684,18.9889,43.2904,5.34091,-28.8289,-171.704,12.2948,236.016,39.5164,64.4001,-71.9798,206.634,0.524551,-15.1222,-90.0675,6.44924,123.802,20.7284,33.7811,-37.757,108.39,27.8147,-97.7496,49.4466,131.138,-18.5401,52.77,5.53339,113.731,112.221,140.036,-193.934,-144.487,-58.8203,-77.3603,-149.516,-143.983,
5.73033,0.584015,5.98481,3.74523,0,0,-50,6.4028,7.96786,-11.1283,-8.31383,-3.40679,-4.41669,-8.47798,-8.23142,0,-220.955,0,223.292,0,33.7505,0,224.764,42.7876,-8.47406,43.0308,7.13705,-39.2762,18.9729,43.1625,6.29154,-29.701,-168.586,11.287,236.336,41.421,64.3854,-74.1603,202.816,0.524195,-15.5691,-88.3717,5.91658,123.886,21.7127,33.7505,-38.8744,106.315,27.2185,-96.8457,48.9474,131.023,-17.5635,52.7234,4.2881,112.607,111.353,138.571,-193.536,-144.588,-59.2484,-76.8119,-147.443,-143.155,
5.74705,0.588078,5.9849,3.7302,0,0,-50,6.38137,7.91696,-11.1311,-8.34315,-3.42753,-4.39737,-8.40212,-8.20874,0,-219.701,0,223.597,0,33.7568,0,223.636,42.6399,-9.18828,43.0594,6.96217,-39.2746,18.9762,43.0631,6.93946,-30.3501,-166.036,10.336,236.716,42.6811,64.298,-75.6181,200.004,0.525006,-15.934,-87.17,5.42646,124.277,22.4079,33.7568,-39.6999,105.003,26.7059,-96.3583,48.4859,131.239,-16.8667,52.733,3.36319,111.943,110.98,137.686,-193.584,-145.098,-59.6092,-76.4759,-146.124,-142.761,
5.76287,0.593015,5.9852,3.70906,0,0,-50,6.33684,7.84836,-11.1174,-8.34957,-3.45866,-4.37131,-8.29822,-8.17146,0,-218.515,0,223.967,0,33.7793,0,222.051,42.4892,-9.86163,43.0933,6.74948,-39.2689,18.9879,42.9068,7.8482,-30.8469,-163.23,9.60057,236.923,44.5451,64.3124,-77.4933,196.374,0.525237,-16.2019,-85.7343,5.04257,124.441,23.3967,33.7793,-40.7023,103.143,26.2873,-95.596,48.1359,131.19,-15.8721,52.7672,2.20445,110.991,110.206,136.493,-193.346,-145.21,-60.1507,-76.0228,-144.317,-142.112,
5.77823,0.599008,5.98572,3.68741,0,0,-50,6.28653,7.78031,-11.101,-8.34788,-3.49251,-4.3464,-8.19197,-8.13075,0,-217.363,0,224.417,0,33.8188,0,220.428,42.3327,-10.5132,43.133,6.49114,-39.2589,19.0086,42.7269,8.77495,-31.1292,-160.434,9.03745,237.13,46.4609,64.373,-79.3025,192.68,0.525357,-16.3539,-84.2851,4.74789,124.578,24.4086,33.8188,-41.6621,101.226,25.9788,-94.7983,47.8809,131.069,-14.8503,52.8275,1.06477,110.001,109.331,135.31,-193.061,-145.181,-60.7393,-75.5896,-142.469,-141.404,
5.79367,0.604868,5.98653,3.66795,0,0,-50,6.24967,7.72643,-11.0989,-8.36111,-3.52665,-4.32588,-8.10194,-8.10149,0,-216.205,0,224.856,0,33.879,0,218.968,42.1654,-11.1654,43.1703,6.23826,-39.2436,19.0402,42.548,9.6048,-31.323,-157.772,8.44315,237.367,48.1631,64.383,-80.8426,189.263,0.526211,-16.4825,-83.0214,4.44288,124.905,25.3439,33.879,-42.5402,99.5922,25.6829,-94.1868,47.6131,131.143,-13.8997,52.9192,0.00778743,109.197,108.69,134.373,-193.024,-145.411,-61.333,-75.2327,-140.903,-140.895,
5.80891,0.610309,5.98792,3.65092,0,0,-50,6.2322,7.6911,-11.118,-8.39703,-3.56454,-4.31155,-8.03421,-8.09154,0,-215.062,0,225.264,0,33.9833,0,217.691,41.9903,-11.8068,43.2036,6.00329,-39.2171,19.0947,42.3783,10.3279,-31.4616,-155.288,7.79712,237.618,49.6504,64.3373,-82.1182,186.188,0.528206,-16.6182,-82.0241,4.11849,125.511,26.2256,33.9833,-43.3753,98.3456,25.3721,-93.8309,47.3221,131.515,-12.9915,53.078,-0.997029,108.674,108.386,133.758,-193.357,-146.035,-61.9921,-74.9835,-139.725,-140.722,
5.82393,0.617751,5.98952,3.63488,0,0,-50,6.20449,7.65425,-11.1305,-8.41804,-3.60242,-4.30088,-7.96607,-8.07514,0,-213.936,0,225.822,0,34.1037,0,216.487,41.8083,-12.436,43.247,5.68159,-39.1864,19.1577,42.2071,11.0066,-31.3299,-152.844,7.41222,237.985,51.0471,64.3843,-83.2637,183.309,0.529691,-16.5952,-80.9599,3.92618,126.059,27.0392,34.1037,-44.104,97.0972,25.2131,-93.3959,47.1732,131.74,-12.1472,53.2614,-1.89688,108.104,107.904,133.117,-193.574,-146.401,-62.6508,-74.798,-138.54,-140.437,
5.83837,0.624258,5.99141,3.61906,0,0,-50,6.18847,7.62757,-11.1556,-8.45387,-3.64387,-4.29132,-7.90712,-8.06973,0,-212.852,0,226.31,0,34.2449,0,215.301,41.6243,-13.0384,43.2831,5.40005,-39.1503,19.2314,42.0277,11.6729,-31.1989,-150.518,6.96353,238.271,52.429,64.3746,-84.3213,180.458,0.531962,-16.5966,-80.0697,3.70434,126.751,27.8903,34.2449,-44.8558,95.9971,25.0277,-93.1081,46.9874,132.151,-11.26,53.4762,-2.82804,107.67,107.626,132.653,-194.011,-147.024,-63.3716,-74.6316,-137.515,-140.343,
5.85287,0.632659,5.99307,3.60336,0,0,-50,6.15548,7.59265,-11.1651,-8.46672,-3.68145,-4.28195,-7.83853,-8.04867,0,-211.765,0,226.941,0,34.3698,0,214.123,41.4309,-13.6407,43.3269,5.03624,-39.1182,19.2966,41.8393,12.3313,-30.8239,-148.167,6.75323,238.66,53.7734,64.4536,-85.3147,177.656,0.533249,-16.4368,-79.0098,3.60115,127.265,28.6746,34.3698,-45.494,94.7347,24.9941,-92.6504,46.9281,132.301,-10.4435,53.6664,-3.65465,107.066,107.052,132.046,-194.175,-147.247,-64.0252,-74.4687,-136.322,-139.977,
5.86738,0.640821,5.99525,3.58795,0,0,-50,6.13385,7.56825,-11.1893,-8.49545,-3.72491,-4.27541,-7.77995,-8.04002,0,-210.676,0,227.553,0,34.5334,0,212.968,41.2286,-14.2405,43.3666,4.68248,-39.076,19.3818,41.6443,12.9746,-30.4109,-145.868,6.50642,239.023,55.1015,64.4986,-86.2276,174.89,0.535413,-16.2824,-78.0998,3.48362,127.976,29.502,34.5334,-46.1674,93.6383,24.9462,-92.3402,46.8502,132.658,-9.57393,53.9152,-4.52309,106.613,106.676,131.622,-194.597,-147.747,-64.7811,-74.355,-135.303,-139.827,
5.88104,0.648478,5.99771,3.57385,0,0,-50,6.12133,7.55323,-11.2233,-8.53385,-3.77015,-4.27175,-7.73262,-8.04087,0,-209.652,0,228.127,0,34.7177,0,211.911,41.0302,-14.8024,43.4012,4.35024,-39.0282,19.4778,41.4573,13.5602,-29.9721,-143.754,6.26629,239.359,56.3195,64.5205,-87.0086,172.35,0.538087,-16.1276,-77.3522,3.37181,128.796,30.3048,34.7177,-46.8182,92.7395,24.9026,-92.1546,46.773,133.146,-8.72347,54.1954,-5.36087,106.3,106.458,131.36,-195.188,-148.415,-65.5678,-74.2913,-134.48,-139.841,
5.89418,0.658677,6.00017,3.56109,0,0,-50,6.09005,7.5311,-11.2382,-8.54208,-3.81144,-4.27202,-7.68017,-8.0266,0,-208.667,0,228.892,0,34.9019,0,210.953,40.8322,-15.34,43.4433,3.9074,-38.9803,19.5736,41.2809,14.0882,-29.2335,-141.721,6.38649,239.854,57.4082,64.6964,-87.6891,170.096,0.539472,-15.7706,-76.4547,3.44533,129.394,30.9701,34.9019,-47.3058,91.7618,25.0616,-91.7947,46.8886,133.302,-8.01017,54.4755,-6.02494,105.85,105.914,130.976,-195.446,-148.558,-66.2859,-74.296,-133.568,-139.593,
5.90686,0.668384,6.00309,3.54845,0,0,-50,6.06902,7.5183,-11.2657,-8.56384,-3.85842,-4.27449,-7.63599,-8.0235,0,-207.716,0,229.62,0,35.1212,0,210.005,40.6345,-15.8565,43.4792,3.4855,-38.9229,19.6875,41.0995,14.609,-28.4874,-139.783,6.47987,240.292,58.5035,64.8441,-88.3242,167.869,0.541626,-15.4295,-75.7103,3.50966,130.148,31.687,35.1212,-47.8387,90.9224,25.2049,-91.5668,46.9888,133.634,-7.23586,54.8087,-6.73919,105.531,105.548,130.753,-195.925,-148.936,-67.103,-74.3389,-132.8,-139.539,
5.91927,0.678043,6.00587,3.53599,0,0,-50,6.04642,7.50562,-11.2905,-8.58232,-3.90342,-4.27647,-7.59083,-8.01736,0,-206.785,0,230.344,0,35.3297,0,209.071,40.4345,-16.3598,43.5108,3.06537,-38.868,19.7956,40.9144,15.1196,-27.6974,-137.907,6.59986,240.719,59.5636,64.9895,-88.908,165.678,0.543622,-15.0569,-74.9692,3.58783,130.86,32.3801,35.3297,-48.3324,90.066,25.3775,-91.329,47.0986,133.926,-6.48787,55.1254,-7.418,105.186,105.155,130.533,-196.356,-149.258,-67.8856,-74.3734,-132.014,-139.432,
5.93163,0.687918,6.00905,3.52429,0,0,-50,6.02922,7.49925,-11.3233,-8.60803,-3.9519,-4.28165,-7.55301,-8.01838,0,-205.858,0,231.085,0,35.5679,0,208.193,40.2292,-16.8581,43.539,2.63556,-38.8049,19.919,40.7345,15.5976,-26.8544,-136.093,6.74623,241.164,60.5641,65.1384,-89.4225,163.615,0.546036,-14.6635,-74.312,3.68369,131.685,33.0702,35.5679,-48.8279,89.34,25.5658,-91.1701,47.2227,134.32,-5.73473,55.4869,-8.0934,104.938,104.856,130.422,-196.928,-149.705,-68.7287,-74.4634,-131.357,-139.45,
5.94353,0.69771,6.0122,3.5134,0,0,-50,6.01261,7.49479,-11.3556,-8.63242,-3.99887,-4.28788,-7.51825,-8.01958,0,-204.965,0,231.819,0,35.8043,0,207.377,40.0258,-17.3356,43.5627,2.20914,-38.742,20.0412,40.5624,16.0399,-25.9836,-134.384,6.92559,241.612,61.4834,65.2921,-89.8683,161.7,0.548371,-14.2487,-73.6925,3.7978,132.493,33.7157,35.8043,-49.2812,88.6715,25.7771,-91.0282,47.3605,134.702,-5.02625,55.8455,-8.71875,104.711,104.567,130.344,-197.489,-150.129,-69.5455,-74.5718,-130.752,-139.471,
5.95538,0.707621,6.01559,3.50313,0,0,-50,5.99934,7.49446,-11.393,-8.66131,-4.04772,-4.29626,-7.48848,-8.02515,0,-204.076,0,232.563,0,36.0587,0,206.607,39.8175,-17.8088,43.5824,1.77729,-38.6738,20.1725,40.3955,16.4557,-25.0755,-132.729,7.12321,242.073,62.3487,65.4477,-90.2595,159.891,0.550954,-13.8154,-73.1277,3.92456,133.371,34.3513,36.0587,-49.7289,88.0927,26.0021,-90.9365,47.507,135.148,-4.32246,56.2311,-9.33334,104.548,104.336,130.338,-198.139,-150.632,-70.3951,-74.7175,-130.234,-139.568,
5.96647,0.717903,6.01958,3.49308,0,0,-50,5.98968,7.50032,-11.4366,-8.69337,-4.10295,-4.30832,-7.46387,-8.0374,0,-203.245,0,233.334,0,36.358,0,205.852,39.6176,-18.2491,43.5984,1.32907,-38.5929,20.3266,40.228,16.861,-24.0939,-131.182,7.41936,242.515,63.2269,65.64,-90.6344,158.159,0.5539,-13.3456,-72.6618,4.10958,134.329,35.0214,36.358,-50.2024,87.6041,26.272,-90.9109,47.708,135.658,-3.57157,56.6846,-9.97438,104.465,104.168,130.44,-198.897,-151.189,-71.3556,-74.9272,-129.806,-139.781,
5.9769,0.728653,6.02298,3.48319,0,0,-50,5.96677,7.49791,-11.4599,-8.70153,-4.1501,-4.31852,-7.42961,-8.0332,0,-202.462,0,234.14,0,36.6133,0,205.111,39.425,-18.6616,43.6102,0.860329,-38.5235,20.4579,40.0594,17.2579,-23.0289,-129.714,7.84767,242.967,64.057,65.8901,-90.983,156.474,0.555671,-12.7965,-72.0786,4.36072,135.01,35.5946,36.6133,-50.5566,86.948,26.6285,-90.7403,47.9709,135.87,-2.92893,57.0711,-10.4973,104.206,103.77,130.398,-199.302,-151.331,-72.1757,-75.1046,-129.211,-139.708,
5.98648,0.739954,6.02683,3.47429,0,0,-50,5.94445,7.49932,-11.4835,-8.70606,-4.20029,-4.33311,-7.40081,-8.03239,0,-201.744,0,234.988,0,36.9018,0,204.443,39.2445,-19.0383,43.6171,0.367442,-38.4446,20.6059,39.9041,17.6139,-21.893,-128.382,8.4063,243.435,64.8263,66.2025,-91.2942,154.99,0.557408,-12.2033,-71.561,4.68574,135.692,36.1347,36.9018,-50.8881,86.3925,27.0412,-90.5993,48.3028,136.06,-2.30987,57.5077,-10.984,104.006,103.382,130.423,-199.713,-151.41,-73.0486,-75.3584,-128.71,-139.694,
5.99542,0.751842,6.03129,3.46614,0,0,-50,2.76152,2.98318,1.01908,3.67028,-2.92538,-5.68303,-3.10395,-1.53004,0,-201.073,0,-235.36,0,37.2361,0,203.832,39.0727,-19.3884,43.6184,-0.151109,-38.3523,20.7771,39.7592,17.9385,-122.63,-67.2934,8.66848,-109.514,-33.4512,129.658,-43.1318,46.2782,0.287188,-35.2178,-19.3259,2.48948,-31.4511,-9.60677,37.2361,-12.3869,13.2905,3.85494,-38.7142,46.1079,-31.6022,-47.9591,58.0132,27.3723,31.229,48.0264,51.8813,17.7231,63.8309,-50.8762,-98.8353,-53.9817,-26.6094,
6.00412,0.764102,6.03515,3.45855,0,0,-50,2.80203,2.9764,1.09043,3.73217,-2.9672,-5.7061,-3.11901,-1.55538,0,-200.421,0,-234.44,0,37.5256,0,203.263,38.9026,-19.7276,43.6133,-0.685839,-38.2718,20.9249,39.622,18.2396,-122.873,-65.8176,7.98187,-108.98,-32.0672,128.544,-42.5738,45.4282,0.291928,-35.8699,-19.214,2.33013,-31.8143,-9.36131,37.5256,-12.4285,13.2618,3.03263,-38.9416,45.9434,-32.5001,-47.6332,58.4505,27.1935,31.5013,48.7309,51.7635,18.9639,64.9073,-51.6034,-99.2366,-54.2437,-27.0501,
6.01247,0.775295,6.04018,3.45075,0,0,-50,2.84333,2.96943,1.16269,3.79426,-3.02061,-5.73725,-3.13476,-1.58217,0,-199.794,0,-233.601,0,37.903,0,202.678,38.7364,-20.0518,43.6029,-1.17396,-38.166,21.1173,39.4785,18.5482,-123.038,-64.3787,7.28481,-108.52,-30.5713,127.616,-42.0082,44.5772,0.297009,-36.5433,-19.1211,2.16366,-32.2316,-9.07995,37.903,-12.4768,13.2398,2.19313,-39.1729,45.7665,-33.4055,-47.246,59.0203,27.0017,31.788,49.4491,51.6423,20.2207,65.9872,-52.5323,-99.7783,-54.5176,-27.5159,
6.02043,0.788742,6.04438,3.44508,0,0,-50,2.88962,2.96349,1.23803,3.85998,-3.06501,-5.76326,-3.15043,-1.60968,0,-199.198,0,-232.592,0,38.2176,0,202.253,38.5756,-20.3595,43.5831,-1.76013,-38.0771,21.2772,39.3727,18.7716,-123.377,-63.1441,6.67016,-107.844,-29.2765,126.443,-41.6113,44.0274,0.302251,-37.2909,-19.0854,2.01607,-32.596,-8.84886,38.2176,-12.5771,13.3073,1.28474,-39.4449,45.5992,-34.3561,-46.926,59.4949,26.7957,32.079,50.2542,51.539,21.5309,67.1301,-53.3046,-100.231,-54.7901,-27.9944,
6.02727,0.801685,6.04955,3.44005,0,0,-50,2.93905,2.95911,1.31423,3.92699,-3.11884,-5.79625,-3.16687,-1.63924,0,-198.684,0,-231.621,0,38.6059,0,201.875,38.4354,-20.6229,43.5567,-2.32407,-37.9665,21.4741,39.2778,18.9696,-123.738,-62.1363,6.11639,-107.203,-27.9308,125.426,-41.294,43.5978,0.3078,-38.0864,-19.1255,1.88262,-32.9972,-8.59708,38.6059,-12.7103,13.4194,0.348974,-39.7485,45.4393,-35.3212,-46.5635,60.08,26.5675,32.389,51.1139,51.4628,22.8561,68.2954,-54.2408,-100.804,-55.0759,-28.5085,
6.03391,0.816066,6.05455,3.43554,0,0,-50,2.99269,2.955,1.39448,3.99793,-3.17106,-5.82777,-3.18434,-1.6709,0,-198.186,0,-230.543,0,38.9808,0,201.537,38.2976,-20.8777,43.5188,-2.95019,-37.8587,21.6635,39.1919,19.1464,-124.183,-61.2246,5.60649,-106.448,-26.6039,124.271,-41.0339,43.2733,0.313674,-38.9532,-19.2046,1.75861,-33.3899,-8.34497,38.9808,-12.8713,13.5737,-0.655531,-40.0823,45.2774,-36.3401,-46.2036,60.6443,26.3206,32.7201,52.0468,51.3913,24.2518,69.5291,-55.1489,-101.353,-55.3798,-29.0592,
6.04169,0.829896,6.05978,3.42907,0,0,-50,3.04308,2.94705,1.47652,4.06826,-3.22685,-5.85944,-3.20247,-1.70275,0,-197.603,0,-229.506,0,39.3726,0,201.052,38.1341,-21.1749,43.4738,-3.55175,-37.745,21.861,39.0672,19.3996,-124.464,-60.0154,5.0031,-105.737,-25.1379,123.114,-40.6033,42.705,0.319806,-39.8042,-19.1933,1.60002,-33.8153,-8.03924,39.3726,-12.9852,13.6573,-1.6701,-40.3682,45.0738,-37.367,-45.7842,61.2336,26.082,33.0569,52.9231,51.253,25.6786,70.7524,-56.119,-101.903,-55.6951,-29.6131,
6.04934,0.840957,6.06498,3.42386,0,0,-50,3.08533,2.93772,1.54706,4.12657,-3.28126,-5.892,-3.21792,-1.7303,0,-197.03,0,-228.676,0,39.7627,0,200.661,37.9711,-21.4659,43.4319,-4.03241,-37.6308,22.0571,38.9655,19.603,-124.586,-58.7745,4.39214,-105.116,-23.8898,122.203,-40.2415,42.2386,0.325383,-40.5382,-19.1242,1.42913,-34.203,-7.77333,39.7627,-13.0939,13.7437,-2.56714,-40.5901,44.861,-38.2354,-45.4041,61.8198,25.8716,33.3467,53.6579,51.0907,26.9055,71.7665,-57.0654,-102.469,-55.9638,-30.0922,
6.05578,0.850988,6.0702,3.42021,0,0,-50,3.1264,2.93008,1.61162,4.18007,-3.33501,-5.92553,-3.2323,-1.75674,0,-196.546,0,-227.924,0,40.1546,0,200.388,37.8319,-21.7102,43.3892,-4.46785,-37.515,22.2534,38.8938,19.7448,-124.734,-57.7767,3.86942,-104.523,-22.7942,121.433,-40.0151,41.966,0.330673,-41.2461,-19.1052,1.27951,-34.5631,-7.53743,40.1546,-13.2319,13.877,-3.41422,-40.8154,44.6687,-39.0309,-45.0524,62.408,25.6619,33.6218,54.3722,50.958,28.0281,72.6968,-58.0002,-103.053,-56.214,-30.5521,
6.06178,0.862265,6.07573,3.41573,0,0,-50,3.17243,2.92291,1.68277,4.24017,-3.39288,-5.95985,-3.24864,-1.78651,0,-196.097,0,-227.078,0,40.5689,0,200.052,37.7011,-21.9365,43.3361,-4.95686,-37.3915,22.4603,38.8049,19.919,-124.947,-56.8876,3.38914,-103.899,-21.5518,120.574,-39.7561,41.6494,0.336466,-42.0406,-19.1408,1.14033,-34.9586,-7.25147,40.5689,-13.3766,14.0136,-4.33947,-41.0773,44.4764,-39.9155,-44.6429,63.0292,25.4284,33.9326,55.1727,50.8332,29.2656,73.742,-59.0066,-103.65,-56.4982,-31.0698,
6.06751,0.874141,6.08124,3.41187,0,0,-50,3.22103,2.91606,1.7552,4.30148,-3.45055,-5.99406,-3.26559,-1.81775,0,-195.667,0,-226.187,0,40.9824,0,199.762,37.5749,-22.1521,43.2742,-5.47118,-37.2671,22.6661,38.7278,20.0686,-125.206,-56.0833,2.94601,-103.21,-20.3465,119.669,-39.5605,41.4314,0.342464,-42.8785,-19.2065,1.0089,-35.3455,-6.96793,40.9824,-13.548,14.1888,-5.30368,-41.3586,44.2831,-40.8167,-44.235,63.6485,25.1798,34.2573,56.0178,50.7142,30.5252,74.8083,-60.0096,-104.245,-56.7929,-31.6131,
6.07332,0.884951,6.08622,3.40761,0,0,-50,3.26379,2.90754,1.82232,4.35717,-3.50338,-6.02425,-3.28133,-1.8463,0,-195.231,0,-225.376,0,41.3563,0,199.442,37.4455,-22.3702,43.2125,-5.93863,-37.1536,22.8516,38.6418,20.2336,-125.37,-55.2122,2.50427,-102.574,-19.2119,118.806,-39.3131,41.144,0.348098,-43.6411,-19.2193,0.871732,-35.7058,-6.68764,41.3563,-13.6848,14.3221,-6.1956,-41.5894,44.0842,-41.6444,-43.8413,64.2079,24.957,34.5557,56.7616,50.566,31.6926,75.7768,-60.9283,-104.77,-57.0665,-32.1096,
6.07924,0.894359,6.09247,3.40335,0,0,-50,3.3062,2.89801,1.88963,4.41182,-3.56837,-6.0631,-3.29711,-1.87557,0,-194.787,0,-224.671,0,41.8246,0,199.123,37.3124,-22.5915,43.1547,-6.34489,-37.0102,23.0831,38.5554,20.3978,-125.441,-54.2863,2.00405,-102.026,-18.0104,118.135,-39.0714,40.8471,0.354041,-44.4113,-19.2196,0.709516,-36.1214,-6.37643,41.8246,-13.8329,14.4616,-7.09896,-41.811,43.8642,-42.4663,-43.3866,64.9078,24.7225,34.8594,57.4992,50.4002,32.8631,76.7274,-62.0586,-105.445,-57.3411,-32.6186,
6.08454,0.902999,6.09834,3.40058,0,0,-50,3.34631,2.8894,1.95043,4.46088,-3.62869,-6.10032,-3.31168,-1.90325,0,-194.39,0,-224.023,0,42.265,0,198.915,37.1922,-22.7888,43.0983,-6.71753,-36.874,23.3001,38.4988,20.5045,-125.529,-53.4908,1.56222,-101.476,-16.9941,117.539,-38.9457,40.7125,0.359584,-45.1384,-19.2344,0.56175,-36.4892,-6.11079,42.265,-14.0043,14.6396,-7.94622,-42.0232,43.66,-43.2067,-42.9848,65.5651,24.4945,35.1441,58.1966,50.2504,33.9206,77.5806,-63.1077,-106.093,-57.5944,-33.0999,
6.08934,0.91164,6.10425,3.39771,0,0,-50,3.38719,2.88136,2.01135,4.5104,-3.68976,-6.13727,-3.32651,-1.9315,0,-194.029,0,-223.375,0,42.7081,0,198.7,37.0822,-22.9673,43.0386,-7.08967,-36.7357,23.5175,38.4396,20.6151,-125.636,-52.7891,1.15828,-100.941,-15.9637,116.952,-38.8271,40.5813,0.365175,-45.8792,-19.2773,0.422975,-36.8612,-5.82954,42.7081,-14.1787,14.8193,-8.79697,-42.2445,43.4616,-43.9509,-42.5653,66.2257,24.2609,35.4344,58.9076,50.1106,34.9801,78.4417,-64.1698,-106.735,-57.8523,-33.5914,
6.09397,0.920401,6.10974,3.39556,0,0,-50,3.42755,2.87341,2.06983,4.55776,-3.74634,-6.17164,-3.34114,-1.95958,0,-193.683,0,-222.718,0,43.1198,0,198.539,36.9756,-23.1386,42.9749,-7.46644,-36.6061,23.7188,38.3953,20.6975,-125.765,-52.1386,0.791596,-100.362,-15.0365,116.34,-38.7665,40.5377,0.370636,-46.6129,-19.3244,0.293394,-37.1978,-5.57305,43.1198,-14.3683,15.0247,-9.63734,-42.463,43.2683,-44.6642,-42.1791,66.8386,24.0271,35.7223,59.6096,49.9723,35.9971,79.2654,-65.1538,-107.333,-58.1068,-34.0797,
6.09862,0.929532,6.11672,3.39314,0,0,-50,3.47443,2.86528,2.13616,4.61158,-3.81815,-6.21546,-3.3579,-1.99238,0,-193.334,0,-222.033,0,43.6438,0,198.357,36.8676,-23.3102,42.9049,-7.85857,-36.4395,23.974,38.3451,20.7904,-125.901,-51.4991,0.387057,-99.7821,-13.9342,115.774,-38.721,40.4955,0.376975,-47.4616,-19.4139,0.145911,-37.6153,-5.25285,43.6438,-14.5968,15.2658,-10.594,-42.7241,43.0508,-45.4739,-41.6923,67.6178,23.7483,36.0562,60.4249,49.8309,37.1506,80.2014,-66.4026,-108.095,-58.3983,-34.65,
6.10361,0.93888,6.12334,3.39112,0,0,-50,3.52011,2.85567,2.20123,4.66356,-3.8861,-6.25682,-3.37474,-2.02525,0,-192.959,0,-221.332,0,44.1399,0,198.205,36.7507,-23.4942,42.8296,-8.25928,-36.2801,24.2145,38.3029,20.868,-126.021,-50.8011,-0.0170365,-99.1431,-12.913,115.152,-38.6977,40.4969,0.383319,-48.3061,-19.473,-0.00653042,-38.0034,-4.9498,44.1399,-14.8335,15.5232,-11.5554,-42.9672,42.823,-46.2627,-41.2299,68.3544,23.4694,36.3913,61.2192,49.6638,38.2823,81.1053,-67.5843,-108.814,-58.6912,-35.2218,
6.10729,0.948384,6.13006,3.38934,0,0,-50,3.5697,2.84941,2.26625,4.71707,-3.95552,-6.29833,-3.39215,-2.0598,0,-192.683,0,-220.619,0,44.6442,0,198.072,36.664,-23.6292,42.7491,-8.66593,-36.1165,24.4579,38.2658,20.9359,-126.233,-50.3742,-0.323788,-98.5302,-11.8766,114.565,-38.7355,40.5597,0.389684,-49.1908,-19.63,-0.126175,-38.3956,-4.62812,44.6442,-15.0946,15.8054,-12.5268,-43.2592,42.623,-47.0615,-40.7446,69.1021,23.1712,36.7414,62.0818,49.555,39.4131,82.036,-68.7917,-109.536,-58.9939,-35.8226,
6.11094,0.957288,6.13705,3.38793,0,0,-50,3.61851,2.84278,2.32962,4.76864,-4.02726,-6.34171,-3.40941,-2.09452,0,-192.41,0,-219.951,0,45.1682,0,197.966,36.5776,-23.7627,42.6703,-9.04623,-35.9447,24.7096,38.2362,20.99,-126.417,-49.9443,-0.637956,-97.9397,-10.8736,114.044,-38.8039,40.6548,0.396059,-50.0686,-19.7809,-0.252668,-38.7899,-4.30657,45.1682,-15.3686,16.1017,-13.4909,-43.5435,42.4176,-47.8361,-40.2513,69.8778,22.8676,37.0917,62.9306,49.4397,40.5152,82.9328,-70.0393,-110.291,-59.2941,-36.4265,
6.11427,0.965653,6.14454,3.38675,0,0,-50,3.66818,2.83665,2.39265,4.81978,-4.10389,-6.38828,-3.42682,-2.13018,0,-192.16,0,-219.324,0,45.7299,0,197.878,36.4983,-23.8844,42.5931,-9.40285,-35.7586,24.9781,38.2115,21.0349,-126.596,-49.5668,-0.949335,-97.3887,-9.86241,113.604,-38.9063,40.7773,0.402538,-50.9597,-19.9525,-0.382144,-39.2027,-3.97,45.7299,-15.6613,16.4144,-14.4614,-43.8369,42.211,-48.6055,-39.7286,70.7081,22.5502,37.4494,63.7945,49.3331,41.6113,83.8223,-71.3719,-111.101,-59.5969,-37.0466,
6.11776,0.973515,6.1521,3.3858,0,0,-50,3.71607,2.8295,2.45391,4.86868,-4.18101,-6.43534,-3.44398,-2.16561,0,-191.898,0,-218.734,0,46.2971,0,197.806,36.4147,-24.0115,42.5179,-9.7374,-35.5687,25.2478,38.1913,21.0715,-126.737,-49.146,-1.27591,-96.8511,-8.89268,113.2,-39.0205,40.9117,0.408984,-51.8333,-20.0999,-0.521826,-39.6105,-3.63696,46.2971,-15.9588,16.7322,-15.4186,-44.1114,41.9961,-49.3479,-39.2057,71.5449,22.2326,37.8038,64.6272,49.2087,42.6767,84.6727,-72.7132,-111.919,-59.8953,-37.6628,
6.12051,0.981412,6.15966,3.38503,0,0,-50,3.76618,2.82439,2.51461,4.91793,-4.25837,-6.48195,-3.46144,-2.20208,0,-191.692,0,-218.142,0,46.8643,0,197.749,36.3484,-24.1118,42.4397,-10.0729,-35.3768,25.5161,38.1752,21.1008,-126.928,-48.874,-1.54698,-96.3283,-7.92982,112.814,-39.1735,41.083,0.415413,-52.7273,-20.3029,-0.642634,-40.016,-3.29415,46.8643,-16.2732,17.0664,-16.3789,-44.4147,41.797,-50.0889,-38.6709,72.3804,21.902,38.1672,65.4987,49.1198,43.7323,85.5293,-74.0586,-112.729,-60.199,-38.297,
6.12323,0.988782,6.1672,3.38454,0,0,-50,3.81459,2.81897,2.57286,4.96471,-4.33523,-6.52843,-3.47852,-2.2381,0,-191.488,0,-217.589,0,47.4296,0,197.712,36.2827,-24.2106,42.3643,-10.3854,-35.1834,25.782,38.1648,21.1196,-127.096,-48.5969,-1.81842,-95.8266,-7.01725,112.469,-39.345,41.2733,0.421712,-53.5978,-20.4939,-0.76685,-40.4112,-2.95926,47.4296,-16.5923,17.4054,-17.3151,-44.7045,41.5974,-50.7966,-38.1427,73.2116,21.5725,38.525,66.3407,49.0256,44.7453,86.3427,-75.3953,-113.538,-60.496,-38.9235,
6.12601,0.995649,6.17452,3.38418,0,0,-50,3.86028,2.81285,2.62823,5.00856,-4.40978,-6.5735,-3.49501,-2.27305,0,-191.279,0,-217.074,0,47.9788,0,197.685,36.2152,-24.3114,42.2919,-10.6761,-34.9937,26.039,38.1572,21.1333,-127.233,-48.2917,-2.09188,-95.3442,-6.162,112.15,-39.517,41.4632,0.427811,-54.4314,-20.6597,-0.894928,-40.7893,-2.63617,47.9788,-16.9058,17.7384,-18.2162,-44.9711,41.397,-51.4653,-37.6299,74.0177,21.2514,38.8717,67.1353,48.9191,45.7084,87.1054,-76.6918,-114.322,-60.7827,-39.5313,
6.12828,1.00212,6.18175,3.38405,0,0,-50,3.90577,2.80815,2.68122,5.05085,-4.48332,-6.6178,-3.51113,-2.30768,0,-191.109,0,-216.589,0,48.5208,0,197.675,36.1601,-24.3933,42.222,-10.9495,-34.8046,26.2912,38.1544,21.1383,-127.388,-48.0798,-2.33116,-94.8974,-5.34173,111.874,-39.7154,41.6762,0.433709,-55.2491,-20.8527,-1.01105,-41.1579,-2.31676,48.5208,-17.2249,18.0754,-19.0891,-45.246,41.2109,-52.1074,-37.1214,74.8119,20.9295,39.2137,67.9265,48.8374,46.6299,87.8408,-77.9708,-115.092,-61.0631,-40.1336,
6.13022,1.00858,6.18922,3.38408,0,0,-50,3.95332,2.80447,2.73469,5.0938,-4.55932,-6.66335,-3.52773,-2.34375,0,-190.964,0,-216.104,0,49.0807,0,197.678,36.1127,-24.4635,42.1504,-11.222,-34.6074,26.5503,38.1552,21.137,-127.565,-47.9354,-2.55232,-94.4585,-4.51318,111.618,-39.9445,41.917,0.439719,-56.0927,-21.0781,-1.1223,-41.5352,-1.98453,49.0807,-17.5643,18.4317,-19.98,-45.5416,41.0281,-52.7572,-36.5919,75.631,20.5908,39.5687,68.7534,48.7734,47.5598,88.5878,-79.2925,-115.884,-61.3517,-40.7609,
6.13229,1.01458,6.19667,3.38432,0,0,-50,3.99885,2.79998,2.7862,5.13454,-4.6349,-6.7089,-3.544,-2.37939,0,-190.808,0,-215.654,0,49.6398,0,197.696,36.0619,-24.5383,42.0822,-11.4749,-34.4085,26.8075,38.1602,21.1278,-127.713,-47.7532,-2.78614,-94.0346,-3.7272,111.394,-40.1822,42.1671,0.445623,-56.9118,-21.2799,-1.24156,-41.9039,-1.66092,49.6398,-17.9061,18.7906,-20.8499,-45.8183,40.8407,-53.3789,-36.0694,76.4473,20.2541,39.9185,69.5453,48.6954,48.4556,89.2963,-80.607,-116.676,-61.6347,-41.3806,
6.13361,1.02062,6.20438,3.38481,0,0,-50,4.04819,2.7983,2.83809,5.17659,-4.71313,-6.75565,-3.56083,-2.41686,0,-190.709,0,-215.201,0,50.2177,0,197.733,36.0295,-24.5858,42.0122,-11.7289,-34.2009,27.0719,38.1706,21.1091,-127.919,-47.7283,-2.97313,-93.6321,-2.92568,111.203,-40.4693,42.4621,0.451588,-57.7667,-21.5535,-1.34263,-42.2831,-1.3212,50.2177,-18.2754,19.1754,-21.7372,-46.1394,40.6695,-54.012,-35.5221,77.2896,19.8952,40.2844,70.4033,48.6661,49.3581,90.0277,-81.9675,-117.49,-61.9275,-42.0323,
6.13499,1.02639,6.21218,3.38565,0,0,-50,4.09695,2.7963,2.88874,5.2172,-4.79195,-6.80313,-3.57777,-2.45485,0,-190.606,0,-214.769,0,50.8029,0,197.796,35.9956,-24.6355,41.9438,-11.9709,-33.9886,27.3379,38.1883,21.077,-128.113,-47.689,-3.16661,-93.2318,-2.16056,111.038,-40.783,42.79,0.457528,-58.6154,-21.819,-1.44881,-42.6562,-0.988517,50.8029,-18.6593,19.5776,-22.6199,-46.4545,40.495,-54.627,-34.9772,78.1408,19.529,40.6546,71.2512,48.6314,50.239,90.734,-83.3382,-118.315,-62.2221,-42.6931,
6.13603,1.032,6.22032,3.38677,0,0,-50,4.14783,2.7956,2.93959,5.25824,-4.874,-6.85255,-3.59518,-2.49444,0,-190.528,0,-214.348,0,51.4132,0,197.879,35.9699,-24.673,41.876,-12.2059,-33.7651,27.6135,38.2118,21.0345,-128.329,-47.7181,-3.34717,-92.8495,-1.39054,110.912,-41.1359,43.1546,0.46355,-59.4868,-22.1197,-1.55158,-43.0403,-0.644582,51.4132,-19.0685,20.0043,-23.517,-46.7927,40.3245,-55.2462,-34.4096,79.0267,19.1432,41.0388,72.1361,48.6192,51.1232,91.4477,-84.7652,-119.175,-62.5249,-43.3816,
6.13673,1.03738,6.22875,3.3881,0,0,-50,4.2005,2.79627,2.99039,5.29952,-4.95895,-6.90361,-3.6129,-2.53532,0,-190.476,0,-213.944,0,52.0459,0,197.979,35.9527,-24.698,41.8098,-12.4311,-33.5309,27.8974,38.2397,20.9836,-128.562,-47.8143,-3.51563,-92.493,-0.615744,110.828,-41.5221,43.5469,0.469611,-60.3741,-22.4541,-1.65098,-43.4357,-0.28916,52.0459,-19.4992,20.4501,-24.4214,-47.1521,40.1588,-55.8668,-33.8201,79.9434,18.7405,41.4337,73.0522,48.6307,52.0068,92.1656,-86.2427,-120.063,-62.8331,-44.0926,
6.13735,1.04266,6.23745,3.38963,0,0,-50,4.25444,2.79728,3.04151,5.34094,-5.04642,-6.9561,-3.63115,-2.57773,0,-190.429,0,-213.548,0,52.6985,0,198.094,35.9373,-24.7204,41.7435,-12.6519,-33.2869,28.1881,38.2719,20.9249,-128.798,-47.9259,-3.68536,-92.141,0.157796,110.763,-41.9345,43.9649,0.475778,-61.2793,-22.8021,-1.75341,-43.8386,0.0750759,52.6985,-19.9515,20.9175,-25.3419,-47.5225,39.9901,-56.4905,-33.2118,80.8866,18.3204,41.8425,73.9903,48.6483,52.8959,92.886,-87.7638,-120.976,-63.1505,-44.8301,
6.13773,1.04767,6.24653,3.3914,0,0,-50,4.30995,2.79931,3.09276,5.38254,-5.13743,-7.01069,-3.64977,-2.6216,0,-190.4,0,-213.172,0,53.3789,0,198.227,35.9278,-24.7342,41.6796,-12.8608,-33.0298,28.4889,38.3089,20.857,-129.043,-48.0823,-3.85331,-91.8146,0.936473,110.743,-42.3803,44.4113,0.482008,-62.1998,-23.1761,-1.85733,-44.2554,0.451388,53.3789,-20.4277,21.4066,-26.272,-47.9102,39.8222,-57.1162,-32.5784,81.8678,17.8813,42.2636,74.9556,48.6837,53.7872,93.6094,-89.3467,-121.925,-63.4743,-45.5931,
6.13794,1.05239,6.25571,3.39341,0,0,-50,4.36575,2.80213,3.143,5.42334,-5.22931,-7.06579,-3.66848,-2.66611,0,-190.385,0,-212.818,0,54.0674,0,198.377,35.9228,-24.7415,41.6184,-13.0575,-32.7669,28.7909,38.3506,20.7803,-129.291,-48.2696,-4.01555,-91.5093,1.69635,110.755,-42.8498,44.8805,0.488171,-63.1161,-23.5638,-1.96027,-44.6722,0.828109,54.0674,-20.918,21.9093,-27.1933,-48.3053,39.6581,-57.7296,-31.9388,82.8583,17.4326,42.6897,75.9261,48.7327,54.6608,94.3189,-90.9446,-122.883,-63.7997,-46.3672,
6.13795,1.05683,6.2656,3.39562,0,0,-50,4.42426,2.80586,3.19496,5.46548,-5.32822,-7.12497,-3.68793,-2.71316,0,-190.384,0,-212.486,0,54.8098,0,198.543,35.9225,-24.7419,41.5601,-13.2419,-32.4803,29.1139,38.3965,20.6952,-129.545,-48.4924,-4.191,-91.2353,2.49216,110.824,-43.3593,45.3782,0.494567,-64.0686,-23.9828,-2.07273,-45.122,1.23254,54.8098,-21.4441,22.4426,-28.1461,-48.7247,39.4873,-58.3638,-31.2478,83.9237,16.9524,43.1378,76.9436,48.7975,55.5645,95.0518,-92.6647,-123.912,-64.1379,-47.1855,
6.13777,1.06095,6.27326,3.39814,0,0,-50,4.47389,2.81043,3.23523,5.49863,-5.40421,-7.17099,-3.70496,-2.75349,0,-190.397,0,-212.176,0,55.3841,0,198.732,35.9269,-24.7355,41.5051,-13.4131,-32.2564,29.3617,38.4485,20.5985,-129.797,-48.7406,-4.28598,-90.9498,3.06139,110.84,-43.8306,45.8813,0.499676,-64.8567,-24.3545,-2.1416,-45.4455,1.5297,55.3841,-21.9011,22.9258,-28.9298,-49.09,39.3635,-58.8586,-30.7267,84.7459,16.5474,43.5243,77.8068,48.877,56.2648,95.6283,-93.9862,-124.713,-64.4341,-47.8867,
6.13729,1.06468,6.28181,3.40086,0,0,-50,4.52681,2.81643,3.27765,5.53364,-5.48889,-7.22214,-3.72271,-2.79646,0,-190.433,0,-211.897,0,56.025,0,198.936,35.9388,-24.7182,41.4549,-13.5677,-32.0043,29.6363,38.5044,20.4939,-130.06,-49.0439,-4.39632,-90.7124,3.68465,110.933,-44.3452,46.4122,0.505033,-65.6845,-24.7688,-2.22028,-45.8127,1.86087,56.025,-22.3958,23.4397,-29.7458,-49.487,39.2346,-59.3804,-30.1435,85.6613,16.1086,43.9335,78.7271,48.9813,57.0026,96.2372,-95.459,-125.602,-64.7427,-48.6341,
6.13661,1.06813,0.00735831,3.40376,0,0,-50,4.58048,2.82349,3.3196,5.5684,-5.5753,-7.27428,-3.74062,-2.84024,0,-190.485,0,-211.638,0,56.6802,0,199.154,35.9557,-24.6937,41.4078,-13.7107,-31.7442,29.9148,38.5637,20.3821,-130.328,-49.3838,-4.50336,-90.5013,4.3042,111.063,-44.8814,46.9628,0.510343,-66.5119,-25.2027,-2.29826,-46.1867,2.19662,56.6802,-22.9049,23.9671,-30.5562,-49.8963,39.1095,-59.8974,-29.5476,86.595,15.6588,44.3492,79.6605,49.1042,57.7322,96.8417,-96.9617,-126.509,-65.0542,-49.3954,
6.13573,1.0715,0.0163225,3.40685,0,0,-50,4.6359,2.83173,3.36179,5.60355,-5.66384,-7.32755,-3.7591,-2.8856,0,-190.55,0,-211.385,0,57.3525,0,199.386,35.9773,-24.6622,41.3614,-13.8501,-31.4748,30.1981,38.6265,20.2628,-130.608,-49.7639,-4.60398,-90.3019,4.92655,111.213,-45.4437,47.5408,0.515698,-67.3541,-25.6631,-2.37426,-46.5685,2.54061,57.3525,-23.4352,24.5167,-31.3768,-50.3253,38.9871,-60.4186,-28.9342,87.5507,15.1913,44.7795,80.6243,49.2475,58.4659,97.453,-98.5015,-127.436,-65.3756,-50.1843,
6.13429,1.07421,0.0255983,3.41026,0,0,-50,4.69239,2.84271,3.40261,5.63821,-5.75514,-7.3826,-3.77729,-2.93122,0,-190.658,0,-211.182,0,58.0482,0,199.641,36.0127,-24.6105,41.3237,-13.962,-31.1933,30.4888,38.6953,20.1312,-130.906,-50.2452,-4.69174,-90.1723,5.54807,111.452,-46.0432,48.1499,0.520838,-68.181,-26.1696,-2.44364,-46.9652,2.88965,58.0482,-23.981,25.0783,-32.1683,-50.7801,38.8801,-60.9272,-28.3037,88.537,14.7142,45.2095,81.6068,49.4385,59.1758,98.0558,-100.089,-128.393,-65.6919,-50.9777,
6.1327,1.07663,0.0351977,3.41378,0,0,-50,4.74995,2.85467,3.44376,5.67321,-5.84953,-7.43927,-3.79575,-2.978,0,-190.778,0,-211.001,0,58.7682,0,199.905,36.0519,-24.553,41.2898,-14.062,-30.8992,30.7868,38.7659,19.9947,-131.205,-50.7521,-4.78472,-90.0734,6.18184,111.727,-46.6622,48.7729,0.525998,-69.0133,-26.6955,-2.51675,-47.3784,3.25163,58.7682,-24.5442,25.6544,-32.9615,-51.2485,38.773,-61.4404,-27.6476,89.555,14.2217,45.6491,82.6078,49.6464,59.8914,98.6645,-101.731,-129.379,-66.013,-51.7912,
6.13079,1.07874,0.0461513,3.41753,0,0,-50,4.81334,2.86852,3.48962,5.71214,-5.95735,-7.5033,-3.8157,-3.02969,0,-190.92,0,-210.843,0,59.5897,0,200.186,36.0986,-24.4843,41.26,-14.1491,-30.5601,31.1234,38.8407,19.8492,-131.516,-51.3203,-4.90458,-90.0258,6.91068,112.083,-47.3444,49.4357,0.531656,-69.9214,-27.2848,-2.60755,-47.8628,3.67411,59.5897,-25.1709,26.2828,-33.8228,-51.7691,38.6525,-62.0119,-26.886,90.7131,13.6697,46.132,83.7102,49.8874,60.6891,99.3416,-103.606,-130.492,-66.36,-52.6903,
6.12872,1.08061,0.0555948,3.42146,0,0,-50,4.87076,2.88343,3.52749,5.74514,-6.04965,-7.55872,-3.83403,-3.07647,0,-191.076,0,-210.702,0,60.298,0,200.481,36.1493,-24.4094,41.2335,-14.2262,-30.2649,31.4106,38.9184,19.6963,-131.828,-51.9156,-4.96983,-89.9776,7.49505,112.414,-47.9939,50.1022,0.536392,-70.7114,-27.8471,-2.66578,-48.2633,4.02029,60.298,-25.7436,26.8744,-34.5622,-52.2565,38.5677,-62.4895,-26.2446,91.7086,13.1748,46.5708,84.7089,50.1467,61.3477,99.9155,-105.211,-131.456,-66.6787,-53.5039,
6.12625,1.08218,0.067531,3.42553,0,0,-50,4.93916,2.90087,3.57569,5.78657,-6.16704,-7.62744,-3.85515,-3.13235,0,-191.261,0,-210.585,0,61.1932,0,200.787,36.2094,-24.3201,41.2111,-14.2909,-29.8878,31.7696,38.9983,19.5376,-132.157,-52.5893,-5.09215,-90.0053,8.27991,112.857,-48.7403,50.8134,0.542219,-71.6578,-28.5149,-2.76106,-48.8026,4.48953,61.1932,-26.4279,27.552,-35.4484,-52.835,38.4501,-63.0935,-25.3983,92.9628,12.5704,47.0896,85.8984,50.45,62.1859,100.636,-107.253,-132.651,-67.046,-54.4756,
6.12375,1.08345,0.0780533,3.43018,0,0,-50,5.00106,2.91897,3.61503,5.82107,-6.26927,-7.68871,-3.8751,-3.18396,0,-191.449,0,-210.489,0,61.9823,0,201.136,36.2702,-24.2293,41.1929,-14.3433,-29.5519,32.0823,39.0888,19.3561,-132.483,-53.2723,-5.16737,-90.0178,8.89422,113.295,-49.4778,51.5744,0.547091,-72.4804,-29.1448,-2.82702,-49.2479,4.86594,61.9823,-27.0688,28.2159,-36.2102,-53.3741,38.3659,-63.5911,-24.6859,94.0647,12.0199,47.5719,86.9749,50.7647,62.8701,101.236,-109.031,-133.717,-67.3931,-55.3732,
6.12094,1.08439,0.0872092,3.43415,0,0,-50,5.05757,2.93824,3.64919,5.85225,-6.35853,-7.7413,-3.89239,-3.22912,0,-191.659,0,-210.418,0,62.669,0,201.433,36.338,-24.1275,41.1793,-14.3823,-29.2569,32.3515,39.1652,19.2008,-132.797,-53.9877,-5.1984,-90.0766,9.44966,113.698,-50.1281,52.2361,0.551188,-73.1959,-29.7574,-2.8653,-49.6491,5.20854,62.669,-27.63,28.7919,-36.8579,-53.8848,38.314,-64.0314,-24.0483,95.0206,11.5352,47.9928,87.9578,51.0999,63.4641,101.778,-110.583,-134.631,-67.6938,-56.1585,
6.11791,1.0853,0.0982467,3.43859,0,0,-50,5.12328,2.95971,3.69083,5.88951,-6.46629,-7.804,-3.91277,-3.28287,0,-191.887,0,-210.35,0,63.4969,0,201.766,36.411,-24.0172,41.1662,-14.4198,-28.898,32.6725,39.25,19.027,-133.13,-54.762,-5.26555,-90.1638,10.1296,114.175,-50.8781,52.9822,0.556137,-74.0383,-30.4552,-2.92837,-50.1434,5.63345,63.4969,-28.2952,29.4654,-37.6273,-54.4724,38.2379,-64.5632,-23.2646,96.1693,10.9548,48.4924,89.1006,51.4733,64.1884,102.426,-112.457,-135.722,-68.0482,-57.0934,
6.11482,1.08588,0.108433,3.44375,0,0,-50,5.18454,2.98212,3.72555,5.92134,-6.56435,-7.86274,-3.9328,-3.33429,0,-192.119,0,-210.307,0,64.2608,0,202.153,36.4851,-23.9045,41.1579,-14.4434,-28.5637,32.9652,39.3477,18.824,-133.464,-55.5566,-5.30075,-90.2426,10.6771,114.678,-51.6436,53.8046,0.560359,-74.788,-31.1316,-2.97032,-50.5683,5.983,64.2608,-28.9389,30.1499,-38.3029,-55.0361,38.1876,-65.0117,-22.5807,97.226,10.4088,48.9739,90.1658,51.8629,64.7923,102.98,-114.163,-136.743,-68.3965,-57.9877,
6.11158,1.08626,0.118872,3.44832,0,0,-50,5.24699,3.00527,3.76285,5.95555,-6.66568,-7.92154,-3.95239,-3.38581,0,-192.361,0,-210.278,0,65.0437,0,202.495,36.5623,-23.7863,41.1524,-14.4592,-28.2181,33.2615,39.4333,18.6441,-133.782,-56.3591,-5.34519,-90.3723,11.2925,115.18,-52.38,54.5568,0.564713,-75.5486,-31.8267,-3.0185,-51.0344,6.37702,65.0437,-29.5796,30.8089,-38.9864,-55.613,38.1339,-65.4936,-21.841,98.3052,9.85363,49.4531,91.2519,52.2656,65.441,103.575,-115.925,-137.766,-68.7372,-58.8836,
6.10777,1.08651,0.129502,3.45403,0,0,-50,5.31301,3.03292,3.7975,5.98868,-6.76761,-7.98215,-3.97398,-3.44072,0,-192.647,0,-210.259,0,65.841,0,202.924,36.6526,-23.6468,41.1487,-14.4696,-27.8629,33.5596,39.5392,18.4184,-134.15,-57.3079,-5.34648,-90.5053,11.85,115.751,-53.2072,55.4666,0.568815,-76.3064,-32.5976,-3.04116,-51.4808,6.74048,65.841,-30.265,31.5502,-39.6537,-56.2444,38.1076,-65.9504,-21.1224,99.4006,9.27417,49.9687,92.4002,52.7465,66.0434,104.151,-117.698,-138.82,-69.1128,-59.8386,
6.10454,1.0865,0.140623,3.46067,0,0,-50,5.37708,3.05848,3.83091,6.01941,-6.87282,-8.04639,-3.99743,-3.49889,0,-192.89,0,-210.26,0,66.6751,0,203.422,36.729,-23.5281,41.1489,-14.4691,-27.488,33.8674,39.6606,18.1555,-134.485,-58.156,-5.38978,-90.608,12.3538,116.372,-54.0895,56.4856,0.572946,-77.0524,-33.3203,-3.08805,-51.9135,7.07805,66.6751,-30.9904,32.3632,-40.3234,-56.8484,38.0609,-66.3826,-20.4099,100.542,8.67027,50.5187,93.5144,53.191,66.6245,104.685,-119.527,-139.937,-69.5206,-60.8503,
6.10088,1.08625,0.152367,3.46597,0,0,-50,5.44516,3.08587,3.871,6.05644,-6.98616,-8.1113,-4.01981,-3.5574,0,-193.164,0,-210.279,0,67.5559,0,203.819,36.8147,-23.3937,41.1526,-14.4587,-27.0883,34.1879,39.7562,17.9452,-134.8,-59.0449,-5.44562,-90.8126,13.0231,116.981,-54.9173,57.349,0.577493,-77.8459,-34.098,-3.14481,-52.4436,7.52073,67.5559,-31.7143,33.1186,-41.0312,-57.4917,38.0077,-66.9023,-19.5676,101.744,8.04193,51.0638,94.6984,53.6672,67.3217,105.329,-121.499,-141.066,-69.9097,-61.8678,
6.09718,1.08575,0.164316,3.47268,0,0,-50,5.51335,3.11506,3.90716,6.09023,-7.09949,-8.17861,-4.04456,-3.61935,0,-193.442,0,-210.317,0,68.452,0,204.323,36.9011,-23.2572,41.1598,-14.438,-26.6779,34.5091,39.8758,17.678,-135.13,-59.9768,-5.48936,-90.9957,13.5982,117.668,-55.8341,58.3942,0.581738,-78.6105,-34.8908,-3.19337,-52.9357,7.91057,68.452,-32.4808,33.9702,-41.7094,-58.148,37.9665,-67.3737,-18.7673,102.961,7.39495,51.6481,95.8844,54.175,67.9506,105.917,-123.469,-142.237,-70.3402,-62.9453,
6.09337,1.08487,0.176192,3.47845,0,0,-50,5.58019,3.1443,3.94514,6.12584,-7.21321,-8.24371,-4.06753,-3.67879,0,-193.727,0,-210.382,0,69.3428,0,204.755,36.9895,-23.1164,41.1724,-14.402,-26.2662,34.8235,39.977,17.4478,-135.426,-60.8912,-5.54185,-91.2498,14.241,118.343,-56.6881,59.3152,0.585948,-79.3528,-35.6791,-3.24723,-53.4676,8.34447,69.3428,-33.2163,34.7556,-42.3634,-58.7955,37.9252,-67.8696,-17.9217,104.166,6.76075,52.2034,97.0469,54.6835,68.6111,106.536,-125.447,-143.369,-70.7396,-63.9789,
6.0894,1.08357,0.185971,3.48502,0,0,-50,5.63668,3.17469,3.96936,6.15092,-7.30446,-8.29916,-4.08858,-3.72983,0,-194.025,0,-210.48,0,70.0762,0,205.248,37.0809,-22.9695,41.1912,-14.3482,-25.9244,35.0787,40.0909,17.1844,-135.728,-61.8543,-5.52298,-91.4845,14.6523,119.043,-57.5062,60.3142,0.588665,-79.898,-36.4115,-3.25118,-53.8537,8.62529,70.0762,-33.8519,35.5049,-42.8172,-59.381,37.94,-68.2019,-17.2991,105.155,6.23908,52.6893,98.0292,55.212,69.0324,106.972,-127.034,-144.333,-71.1057,-64.8666,
6.08525,1.08184,0.198111,3.49174,0,0,-50,5.70225,3.20701,4.00371,6.18412,-7.41923,-8.36581,-4.11259,-3.79052,0,-194.336,0,-210.61,0,70.9867,0,205.752,37.1758,-22.8155,41.2159,-14.2771,-25.4966,35.3908,40.2054,16.915,-136.014,-62.8407,-5.56356,-91.8001,15.2512,119.834,-58.416,61.3551,0.592374,-80.5713,-37.2252,-3.29571,-54.38,9.03439,70.9867,-34.6041,36.3452,-43.3955,-60.0407,37.9202,-68.6571,-16.4623,106.377,5.60125,53.2601,99.1696,55.7742,69.6297,107.55,-129.03,-145.492,-71.5234,-65.9221,
6.08096,1.07983,0.209352,3.49847,0,0,-50,5.76334,3.24021,4.03301,6.21378,-7.52478,-8.42757,-4.13537,-3.84701,0,-194.658,0,-210.761,0,71.8298,0,206.257,37.2733,-22.6558,41.2446,-14.1941,-25.0972,35.6752,40.3184,16.6438,-136.291,-63.8519,-5.57252,-92.1333,15.7807,120.632,-59.2892,62.3911,0.595445,-81.1539,-38.0203,-3.31813,-54.8604,9.39657,71.8298,-35.3035,37.1505,-43.8806,-60.6761,37.9265,-69.0544,-15.7006,107.505,5.01492,53.7943,100.232,56.3515,70.1393,108.066,-130.866,-146.566,-71.9194,-66.9045,
6.07607,1.07743,0.220785,3.50589,0,0,-50,5.82663,3.27789,4.06036,6.24312,-7.63139,-8.49042,-4.1594,-3.90515,0,-195.024,0,-210.941,0,72.6873,0,206.813,37.3837,-22.4733,41.2785,-14.0952,-24.6877,35.9598,40.4407,16.3442,-136.589,-64.9988,-5.54565,-92.5108,16.2952,121.507,-60.2109,63.5287,0.598214,-81.7097,-38.8832,-3.31749,-55.3413,9.74803,72.6873,-36.019,38.0038,-44.326,-61.3565,37.961,-69.4365,-14.9397,108.647,4.42173,54.348,101.333,57.0067,70.6149,108.576,-132.72,-147.66,-72.3373,-67.9156,
6.07188,1.07497,0.232746,3.51201,0,0,-50,5.88826,3.31074,4.0943,6.27654,-7.74468,-8.55368,-4.18217,-3.96342,0,-195.339,0,-211.125,0,73.5843,0,207.273,37.4776,-22.3163,41.313,-13.9937,-24.2559,36.2525,40.5401,16.0963,-136.812,-65.954,-5.58703,-92.9157,16.9325,122.317,-61.0648,64.4928,0.601585,-82.3041,-39.677,-3.36108,-55.8967,10.1864,73.5843,-36.7357,38.7979,-44.8265,-61.9933,37.9519,-69.8905,-14.0695,109.837,3.80439,54.8942,102.405,57.5781,71.2053,109.157,-134.69,-148.76,-72.7334,-68.929,
6.06698,1.07177,0.243735,3.5195,0,0,-50,5.9453,3.34853,4.11734,6.30258,-7.84631,-8.61358,-4.20492,-4.01768,0,-195.707,0,-211.365,0,74.4085,0,207.834,37.5865,-22.1323,41.3576,-13.8615,-23.856,36.5168,40.6595,15.7922,-137.062,-67.0836,-5.55447,-93.3535,17.4123,123.249,-61.9539,65.6277,0.603723,-82.7477,-40.5,-3.35336,-56.3597,10.5122,74.4085,-37.403,39.621,-45.1611,-62.6323,38.0042,-70.2212,-13.3438,110.925,3.2565,55.4132,103.396,58.2353,71.6059,109.61,-136.458,-149.801,-73.1291,-69.8726,
6.06206,1.06849,0.258128,3.52583,0,0,-50,6.01736,3.38701,4.16124,6.34561,-7.98375,-8.68671,-4.23093,-4.08635,0,-196.075,0,-211.611,0,75.488,0,208.309,37.6948,-21.9474,41.4028,-13.7256,-23.328,36.8564,40.7586,15.5346,-137.268,-68.1566,-5.61615,-93.9051,18.2648,124.186,-62.9158,66.6543,0.607863,-83.44,-41.4299,-3.41385,-57.0814,11.1025,75.488,-38.2442,40.5167,-45.7452,-63.3773,37.989,-70.807,-12.2255,112.344,2.51442,56.0513,104.65,58.9045,72.3694,110.358,-138.848,-151.073,-73.5814,-71.067,
6.05698,1.06529,0.271023,3.53319,0,0,-50,6.08431,3.42777,4.19474,6.38095,-8.1046,-8.75355,-4.25765,-4.15142,0,-196.456,0,-211.851,0,76.4551,0,208.861,37.8059,-21.7556,41.4466,-13.593,-22.8508,37.1541,40.8718,15.2343,-137.494,-69.3104,-5.60667,-94.4016,18.928,125.134,-63.8711,67.8176,0.610985,-84.0066,-42.3476,-3.42559,-57.6779,11.5647,76.4551,-39.0243,41.4355,-46.2007,-64.1031,38.021,-71.271,-11.286,113.609,1.84754,56.6698,105.814,59.6134,72.9521,110.973,-140.95,-152.236,-74.0461,-72.1985,
6.05178,1.06112,0.283511,3.54167,0,0,-50,6.14411,3.46954,4.21989,6.40957,-8.21942,-8.81961,-4.28414,-4.21312,0,-196.846,0,-212.164,0,77.3917,0,209.497,37.9185,-21.5586,41.5029,-13.4201,-22.385,37.4366,40.9996,14.8869,-137.697,-70.5001,-5.58007,-94.937,19.4839,126.214,-64.8499,69.1109,0.613178,-84.4327,-43.2291,-3.42158,-58.2132,11.9471,77.3917,-39.7645,42.3772,-46.5142,-64.7877,38.0813,-71.6333,-10.438,114.828,1.23512,57.2642,106.854,60.3399,73.3894,111.471,-142.947,-153.384,-74.5068,-73.2717,
6.04661,1.05713,0.295159,3.54874,0,0,-50,6.20152,3.51007,4.2463,6.43984,-8.32784,-8.87914,-4.30777,-4.26966,0,-197.235,0,-212.463,0,78.2653,0,210.028,38.0296,-21.362,41.5561,-13.2543,-21.9474,37.6948,41.1038,14.5967,-137.871,-71.6446,-5.5377,-95.494,20.0859,127.191,-65.7218,70.2181,0.615337,-84.8373,-44.0856,-3.40755,-58.761,12.3596,78.2653,-40.4411,43.2078,-46.8077,-65.4476,38.1486,-72.0153,-9.58783,115.96,0.662746,57.8045,107.852,61.0447,73.8487,111.997,-144.832,-154.42,-74.9178,-74.255,
6.04131,1.05283,0.307228,3.55779,0,0,-50,6.25915,3.55386,4.2673,6.46579,-8.43743,-8.94276,-4.33587,-4.33137,0,-197.632,0,-212.786,0,79.1704,0,210.706,38.1422,-21.1603,41.6127,-13.0754,-21.4909,37.9569,41.2342,14.2242,-138.054,-72.8769,-5.47445,-96.0269,20.5851,128.299,-66.6949,71.6042,0.617079,-85.1906,-44.9709,-3.37817,-59.2562,12.7026,79.1704,-41.156,44.1855,-47.0484,-66.1312,38.2346,-72.3316,-8.7883,117.127,0.0781885,58.4096,108.855,61.8063,74.2139,112.448,-146.738,-155.526,-75.4064,-75.3282,
6.03552,1.04832,0.319547,3.56606,0,0,-50,6.31988,3.60036,4.29213,6.49643,-8.55082,-9.00533,-4.3633,-4.39316,0,-198.066,0,-213.124,0,80.0944,0,211.326,38.2641,-20.9392,41.6712,-12.8878,-21.0217,38.2188,41.3504,13.8827,-138.224,-74.1758,-5.38857,-96.6365,21.1911,129.394,-67.6412,72.9053,0.618997,-85.5599,-45.9146,-3.33551,-59.8177,13.1173,80.0944,-41.8697,45.1282,-47.2959,-66.8538,38.3357,-72.7055,-7.90445,118.313,-0.519268,59.0109,109.911,62.615,74.6457,112.981,-148.71,-156.614,-75.8835,-76.4027,
6.03065,1.04366,0.332227,3.57473,0,0,-50,6.37546,3.64182,4.31654,6.52469,-8.66655,-9.06981,-4.39189,-4.45678,0,-198.431,0,-213.473,0,81.0454,0,211.976,38.3655,-20.7527,41.7309,-12.6934,-20.5354,38.4822,41.4692,13.5239,-138.334,-75.2884,-5.35921,-97.2077,21.7744,130.505,-68.594,74.2472,0.621012,-85.9071,-46.755,-3.32813,-60.3671,13.5222,81.0454,-42.5977,46.1084,-47.5416,-67.5077,38.4027,-73.0605,-7.01327,119.528,-1.1285,59.6323,110.878,63.3359,75.0702,113.473,-150.723,-157.736,-76.3806,-77.5091,
6.02512,1.03884,0.345613,3.58346,0,0,-50,6.43736,3.68847,4.34441,6.55773,-8.78944,-9.13617,-4.42259,-4.52495,0,-198.846,0,-213.835,0,82.0493,0,212.631,38.4798,-20.54,41.7915,-12.4922,-20.0185,38.7537,41.5857,13.1611,-138.449,-76.5349,-5.29329,-97.8422,22.445,131.65,-69.5819,75.6335,0.623236,-86.2867,-47.6993,-3.29897,-60.9788,13.9885,82.0493,-43.3659,47.1375,-47.8069,-68.2393,38.4926,-73.471,-6.02994,120.803,-1.78022,60.2986,111.954,64.1473,75.555,114.048,-152.86,-158.89,-76.9146,-78.6948,
6.01947,1.03375,0.359419,3.59141,0,0,-50,6.50034,3.73523,4.37671,6.5952,-8.91761,-9.20211,-4.45249,-4.59368,0,-199.27,0,-214.217,0,83.0848,0,213.227,38.5951,-20.3225,41.8546,-12.2792,-19.4816,39.0264,41.689,12.8303,-138.529,-77.7574,-5.22942,-98.5416,23.2262,132.777,-70.5472,76.9211,0.625746,-86.6842,-48.6564,-3.27228,-61.662,14.5337,83.0848,-44.1446,48.1331,-48.089,-68.9788,38.5823,-73.9411,-4.94787,122.111,-2.45562,60.9633,113.049,64.9604,76.1168,114.699,-155.089,-160.037,-77.4346,-79.8902,
6.01314,1.02856,0.373009,3.60114,0,0,-50,6.56539,3.78912,4.40182,6.62848,-9.04114,-9.26857,-4.48696,-4.66559,0,-199.744,0,-214.606,0,84.104,0,213.957,38.723,-20.0778,41.9178,-12.0618,-18.9494,39.2875,41.8119,12.424,-138.637,-79.197,-5.08803,-99.2267,23.8921,134.013,-71.5742,78.4859,0.627581,-87.0059,-49.7025,-3.19315,-62.2728,14.9942,84.104,-44.9186,49.2563,-48.283,-69.7804,38.7246,-74.3346,-3.95517,123.392,-3.10672,61.6802,114.181,65.8977,76.5533,115.278,-157.237,-161.192,-78.034,-81.1408,
6.00781,1.02314,0.385712,3.60904,0,0,-50,6.61925,3.83361,4.4277,6.66065,-9.15793,-9.3284,-4.51535,-4.72818,0,-200.144,0,-215.012,0,85.0568,0,214.549,38.8295,-19.8711,41.9825,-11.8346,-18.4488,39.525,41.9087,12.0934,-138.662,-80.3481,-5.00245,-99.9205,24.6009,135.137,-72.4647,79.7568,0.629413,-87.2754,-50.5721,-3.1486,-62.8912,15.4841,85.0568,-45.6102,50.2,-48.4459,-70.4432,38.8339,-74.7258,-2.9647,124.582,-3.70154,62.2934,115.117,66.6714,77.0034,115.837,-159.268,-162.233,-78.5277,-82.2293,
6.00184,1.01805,0.398368,3.61883,0,0,-50,6.67821,3.88595,4.4479,6.6898,-9.27161,-9.38974,-4.55006,-4.79681,0,-200.592,0,-215.394,0,86.0059,0,215.284,38.9474,-19.639,42.0422,-11.6206,-17.9471,39.7553,42.0251,11.6825,-138.725,-81.7278,-4.83953,-100.567,25.1944,136.343,-73.4243,81.3363,0.630805,-87.5084,-51.5542,-3.0528,-63.4378,15.8927,86.0059,-46.3164,51.3073,-48.561,-71.1932,38.9894,-75.0584,-2.05441,125.761,-4.29133,62.9898,116.143,67.5817,77.3548,116.344,-161.245,-163.3,-79.1315,-83.4228,
5.99522,1.01176,0.411418,3.62804,0,0,-50,6.73546,3.9406,4.46935,6.72194,-9.3903,-9.45054,-4.58222,-4.86224,0,-201.089,0,-215.866,0,86.9847,0,215.975,39.0767,-19.3804,42.1145,-11.3558,-17.4268,39.9862,42.131,11.2947,-138.737,-83.1745,-4.65043,-101.365,25.9162,137.632,-74.3675,82.8357,0.632007,-87.6829,-52.5669,-2.9391,-64.0637,16.3792,86.9847,-47.0008,52.3528,-48.6062,-71.9473,39.1754,-75.4196,-1.04758,126.971,-4.86984,63.6475,117.138,68.5321,77.7279,116.903,-163.31,-164.357,-79.6908,-84.5607,
5.9896,1.00584,0.424769,3.63663,0,0,-50,6.79025,3.98896,4.49509,6.75583,-9.51224,-9.51118,-4.61458,-4.92992,0,-201.51,0,-216.31,0,87.986,0,216.619,39.185,-19.1605,42.181,-11.1063,-16.8914,40.2153,42.2263,10.9328,-138.7,-84.3881,-4.51883,-102.113,26.6818,138.831,-75.2814,84.2411,0.633762,-87.9031,-53.482,-2.86386,-64.7151,16.9099,87.986,-47.7105,53.3888,-48.7181,-72.6425,39.3171,-75.8214,0.0185191,128.201,-5.48421,64.3216,118.091,69.3732,78.1755,117.493,-165.43,-165.412,-80.2535,-85.7377,
5.98253,0.999856,0.438647,3.64752,0,0,-50,6.8552,4.0513,4.51608,6.78951,-9.63652,-9.57555,-4.65537,-5.00665,0,-202.041,0,-216.759,0,89.0268,0,217.436,39.3195,-18.8829,42.2467,-10.8539,-16.3317,40.4458,42.3429,10.4721,-138.704,-86.0058,-4.26532,-102.884,27.3874,140.19,-76.2975,86.0438,0.635043,-88.0829,-54.6173,-2.70866,-65.336,17.3921,89.0268,-48.4522,54.6415,-48.7635,-73.5003,39.538,-76.1898,1.06042,129.473,-6.10927,65.1136,119.221,70.4573,78.5405,118.078,-167.592,-166.531,-80.9629,-87.0722,
5.97581,0.993612,0.453555,3.65774,0,0,-50,6.92101,4.11117,4.54396,6.82887,-9.77162,-9.64183,-4.69666,-5.08762,0,-202.544,0,-217.227,0,90.145,0,218.202,39.4453,-18.6186,42.3136,-10.5899,-15.7269,40.6848,42.4477,10.0387,-138.648,-87.4929,-4.0444,-103.702,28.2348,141.526,-77.3169,87.7601,0.636951,-88.3121,-55.7286,-2.57608,-66.0531,17.9842,90.145,-49.2471,55.8988,-48.8668,-74.3473,39.7375,-76.643,2.25721,130.83,-6.79931,65.9376,120.365,71.4986,79.0255,118.763,-169.941,-167.684,-81.6811,-88.4804,
5.96964,0.987117,0.468104,3.66801,0,0,-50,6.97981,4.16724,4.56865,6.8646,-9.9026,-9.70607,-4.73711,-5.16559,0,-203.007,0,-217.714,0,91.2361,0,218.973,39.5595,-18.3748,42.3815,-10.3148,-15.1334,40.9093,42.5486,9.60225,-138.544,-88.8615,-3.83956,-104.503,29.05,142.87,-78.2974,89.4672,0.638596,-88.4738,-56.7466,-2.45193,-66.7353,18.5512,91.2361,-50.0004,57.1334,-48.9143,-75.1215,39.9296,-77.0502,3.41783,132.145,-7.45182,66.7356,121.388,72.4738,79.4548,119.384,-172.219,-168.801,-82.3846,-89.8364,
5.96173,0.980166,0.481982,3.67865,0,0,-50,7.04321,4.23498,4.58841,6.90108,-10.0273,-9.76635,-4.77876,-5.24085,0,-203.6,0,-218.235,0,92.277,0,219.771,39.7036,-18.0613,42.4522,-10.02,-14.5642,41.1153,42.6484,9.14892,-138.451,-90.605,-3.48999,-105.406,29.8712,144.291,-79.2541,91.2784,0.639522,-88.5424,-57.9439,-2.23192,-67.4092,19.1033,92.277,-50.6847,58.3745,-48.8388,-76.0053,40.2203,-77.4292,4.53907,133.392,-8.03636,67.5235,122.491,73.6519,79.7985,120.019,-174.389,-169.85,-83.1089,-91.1452,
5.95529,0.972975,0.49568,3.68938,0,0,-50,7.09447,4.29264,4.60501,6.93143,-10.1492,-9.82597,-4.81883,-5.31283,0,-204.084,0,-218.775,0,93.3043,0,220.575,39.8192,-17.805,42.5231,-9.71447,-13.9997,41.311,42.7441,8.69095,-138.282,-92.0364,-3.22264,-106.243,30.6419,145.712,-80.1694,93.0569,0.640336,-88.5466,-58.9342,-2.06357,-68.0311,19.6211,93.3043,-51.3353,59.5877,-48.7274,-76.7392,40.4596,-77.7456,5.6214,134.615,-8.59126,68.2786,123.382,74.6546,80.0871,120.547,-176.508,-170.886,-83.8058,-92.3971,
5.94714,0.965641,0.509437,3.70011,0,0,-50,7.15567,4.36237,4.6228,6.96797,-10.2726,-9.8837,-4.86183,-5.38754,0,-204.695,0,-219.325,0,94.3362,0,221.38,39.963,-17.4799,42.5932,-9.40234,-13.43,41.4997,42.8348,8.23199,-138.12,-93.8173,-2.81994,-107.182,31.5005,147.159,-81.0819,94.9065,0.64105,-88.5421,-60.1416,-1.80772,-68.7094,20.1934,94.3362,-51.9776,60.8398,-48.5791,-77.6215,40.7855,-78.1117,6.76337,135.836,-9.14276,69.0718,124.446,75.8672,80.3966,121.182,-178.654,-171.89,-84.5536,-93.6963,
5.94002,0.957971,0.523807,3.71069,0,0,-50,7.21062,4.42505,4.64246,7.00409,-10.4015,-9.94274,-4.90464,-5.4637,0,-205.229,0,-219.9,0,95.4138,0,222.173,40.0864,-17.195,42.6641,-9.07538,-12.8323,41.6884,42.9195,7.77826,-137.886,-95.3483,-2.47983,-108.109,32.4116,148.606,-81.9897,96.7126,0.64206,-88.531,-61.2193,-1.5922,-69.4122,20.8102,95.4138,-52.6423,62.0953,-48.4446,-78.4143,41.0719,-78.4876,7.97783,137.102,-9.72278,69.8736,125.402,76.9575,80.7384,121.81,-180.895,-172.917,-85.2981,-95.0209,
5.93323,0.95114,0.538607,3.72169,0,0,-50,7.27062,4.4889,4.66506,7.04263,-10.5334,-10.003,-4.95276,-5.54791,0,-205.737,0,-220.412,0,96.5239,0,222.998,40.2021,-16.9227,42.7251,-8.78373,-12.2139,41.8737,43.0025,7.30562,-137.649,-96.8524,-2.13814,-108.957,33.3128,149.994,-82.9083,98.6138,0.643518,-88.5799,-62.3263,-1.37593,-70.1159,21.4374,96.5239,-53.353,63.4598,-48.3778,-79.2489,41.3492,-78.8997,9.22348,138.398,-10.3505,70.7654,126.446,78.0678,81.1314,122.481,-183.189,-173.966,-86.135,-96.4854,
5.92492,0.942619,0.553923,3.73297,0,0,-50,7.33086,4.56115,4.68535,7.08401,-10.671,-10.0629,-5.0009,-5.63039,0,-206.361,0,-221.051,0,97.6726,0,223.844,40.3415,-16.5877,42.7984,-8.41936,-11.5712,42.0559,43.0822,6.82022,-137.337,-98.6134,-1.67991,-110.005,34.3622,151.553,-83.835,100.586,0.644477,-88.5104,-63.554,-1.08266,-70.8959,22.1457,97.6726,-54.0297,64.8255,-48.1689,-80.1418,41.7157,-79.3153,10.5745,139.728,-10.9476,71.6457,127.493,79.3243,81.4844,123.2,-185.582,-175.008,-86.9722,-97.9198,
5.91725,0.93471,0.569083,3.74481,0,0,-50,7.38967,4.63162,4.70394,7.12276,-10.8055,-10.1225,-5.05234,-5.71569,0,-206.936,0,-221.645,0,98.8096,0,224.732,40.4675,-16.2778,42.8636,-8.08059,-10.9323,42.2264,43.1599,6.30964,-137.005,-100.29,-1.2352,-110.958,35.3395,153.08,-84.7376,102.649,0.645478,-88.4337,-64.7352,-0.797292,-71.6211,22.8109,98.8096,-54.6963,66.2575,-47.9662,-81.0131,42.0663,-79.7017,11.8785,141.036,-11.5364,72.5672,128.516,80.5499,81.8077,123.874,-187.921,-176.043,-87.8669,-99.4033,
5.91015,0.925997,0.583428,3.7569,0,0,-50,7.43491,4.69629,4.71408,7.15279,-10.9314,-10.1788,-5.10017,-5.79167,0,-207.469,0,-222.298,0,99.8855,0,225.639,40.582,-15.9903,42.9324,-7.70683,-10.3255,42.3789,43.233,5.7873,-136.6,-101.839,-0.805539,-111.908,36.2582,154.68,-85.5729,104.706,0.645756,-88.2102,-65.7634,-0.520181,-72.2655,23.4139,99.8855,-55.2592,67.6143,-47.6282,-81.7537,42.4122,-79.9724,13.0885,142.264,-12.0262,73.4016,129.303,81.6746,81.984,124.396,-190.111,-177.023,-88.6986,-100.725,
5.90136,0.918878,0.597725,3.76921,0,0,-50,7.50113,4.77753,4.72952,7.19297,-11.057,-10.2335,-5.15744,-5.87904,0,-208.128,0,-222.832,0,100.958,0,226.562,40.7211,-15.6327,42.9862,-7.40102,-9.71855,42.5222,43.301,5.25478,-136.256,-103.814,-0.221935,-112.834,37.1855,156.163,-86.3907,106.918,0.646489,-88.088,-67.1147,-0.143479,-72.9462,24.04,100.958,-55.8507,69.1215,-47.3669,-82.7475,42.8427,-80.3472,14.3215,143.48,-12.5497,74.3763,130.454,83.0875,82.2525,125.095,-192.296,-177.975,-89.6945,-102.244,
5.89334,0.911029,0.612706,3.78179,0,0,-50,7.55996,4.85336,4.74444,7.2314,-11.1884,-10.2898,-5.21487,-5.96722,0,-208.73,0,-223.421,0,102.081,0,227.506,40.8451,-15.3058,43.043,-7.06337,-9.08049,42.663,43.3637,4.7095,-135.825,-105.595,0.322187,-113.774,38.1712,157.709,-87.2086,109.147,0.647276,-87.9163,-68.3492,0.208544,-73.6433,24.7073,102.081,-56.448,70.648,-47.0712,-83.655,43.2515,-80.7067,15.6268,144.744,-13.0843,75.3575,131.478,84.4063,82.5119,125.763,-194.58,-178.953,-90.6934,-103.778,
5.88501,0.903155,0.628561,3.79441,0,0,-50,7.62425,4.93299,4.76388,7.27591,-11.3281,-10.3471,-5.27663,-6.06279,0,-209.354,0,-224.011,0,103.27,0,228.452,40.9711,-14.965,43.0972,-6.72425,-8.40295,42.8016,43.4197,4.16191,-135.353,-107.418,0.910192,-114.748,39.2636,159.246,-88.0375,111.421,0.648496,-87.7756,-69.6598,0.590256,-74.4135,25.4623,103.27,-57.092,72.2559,-46.8044,-84.6249,43.6875,-81.1378,17.0594,146.072,-13.6723,76.4178,132.596,85.7912,82.8501,126.538,-197.01,-179.95,-91.7675,-105.44,
5.87633,0.895114,0.645578,3.80691,0,0,-50,7.69472,5.01646,4.78948,7.32846,-11.4791,-10.4058,-5.34303,-6.16731,0,-210.005,0,-224.614,0,104.547,0,229.39,41.0995,-14.609,43.1499,-6.37747,-7.67339,42.9384,43.4683,3.61887,-134.829,-109.264,1.54724,-115.775,40.5059,160.77,-88.8893,113.72,0.650289,-87.6778,-71.0533,1.00615,-75.2869,26.3406,104.547,-57.8037,73.9508,-46.5784,-85.6623,44.1561,-81.6644,18.6672,147.485,-14.3354,77.5697,133.821,87.2428,83.2954,127.451,-199.637,-180.97,-92.9222,-107.258,
5.86731,0.882878,0.662943,3.8195,0,0,-50,7.73932,5.09275,4.80278,7.37215,-11.6349,-10.462,-5.39947,-6.25515,0,-210.682,0,-225.532,0,105.849,0,230.334,41.2296,-14.2375,43.2247,-5.84906,-6.92663,43.0652,43.5104,3.0711,-134.066,-110.992,2.24305,-117.077,41.9845,162.632,-89.7163,115.957,0.65085,-87.2569,-72.2394,1.45989,-76.1994,27.3256,105.849,-58.3918,75.4709,-46.0273,-86.477,44.6846,-82.0484,20.3989,148.914,-14.8814,78.542,134.597,88.5695,83.5266,128.211,-202.347,-181.948,-93.9038,-108.785,
5.85796,0.878096,0.67917,3.83252,0,0,-50,7.83144,5.1907,4.83316,7.43251,-11.7763,-10.5171,-5.48013,-6.37421,0,-211.383,0,-225.891,0,107.066,0,231.311,41.3609,-13.8515,43.2522,-5.64228,-6.22695,43.1719,43.5467,2.50458,-133.62,-113.137,2.99096,-117.9,43.0562,163.898,-90.465,118.46,0.653247,-87.2868,-73.9064,1.95383,-77.0177,28.1264,107.066,-59.096,77.3834,-45.9259,-87.7579,45.206,-82.66,21.8994,150.238,-15.5493,79.8879,136.199,90.2731,84.055,129.261,-204.805,-182.906,-95.3065,-110.856,
5.84877,0.869132,0.694881,3.84618,0,0,-50,7.88985,5.27773,4.84419,7.4754,-11.9131,-10.5689,-5.54849,-6.46943,0,-212.072,0,-226.563,0,108.244,0,232.335,41.4865,-13.4707,43.301,-5.25433,-5.54792,43.2644,43.5768,1.90942,-132.927,-115.113,3.76104,-118.939,44.2384,165.548,-91.1415,120.946,0.653854,-86.9147,-75.2673,2.45917,-77.769,28.9255,108.244,-59.5932,79.0809,-45.4282,-88.738,45.7602,-83.0233,23.3776,151.509,-16.0164,80.9904,137.215,91.7866,84.2468,130.007,-207.184,-183.807,-96.4955,-112.512,
5.83953,0.859017,0.710617,3.85992,0,0,-50,7.9399,5.36262,4.85091,7.51546,-12.0504,-10.6188,-5.615,-6.56005,0,-212.765,0,-227.322,0,109.425,0,233.365,41.6092,-13.0868,43.352,-4.81609,-4.86648,43.3463,43.599,1.31078,-132.131,-117.041,4.56782,-120.04,45.5004,167.281,-91.7769,123.428,0.654135,-86.4315,-76.5606,2.98797,-78.5224,29.7634,109.425,-60.0345,80.7385,-44.8223,-89.6474,46.3399,-83.3385,24.897,152.771,-16.4356,82.0493,138.085,93.2629,84.3636,130.704,-209.572,-184.675,-97.6523,-114.088,
5.83,0.849682,0.728197,3.87402,0,0,-50,8.00503,5.45543,4.86845,7.56843,-12.2042,-10.6724,-5.69309,-6.67022,0,-213.48,0,-228.022,0,110.743,0,234.423,41.732,-12.6898,43.395,-4.41117,-4.10371,43.4252,43.6131,0.695694,-131.306,-119.024,5.4325,-121.13,46.9023,168.941,-92.4567,126.042,0.655513,-86.0728,-78.022,3.56108,-79.4026,30.7451,110.743,-60.6066,82.6223,-44.3409,-90.7118,46.9561,-83.8137,26.6414,154.168,-16.9935,83.318,139.218,94.877,84.6687,131.625,-212.248,-185.606,-99.0103,-116.004,
5.82046,0.84049,0.743645,3.88815,0,0,-50,8.06016,5.54627,4.87492,7.61074,-12.3377,-10.7195,-5.7665,-6.7656,0,-214.195,0,-228.711,0,111.902,0,235.483,41.8511,-12.2911,43.4337,-4.01211,-3.43243,43.4834,43.6186,0.0794175,-130.456,-121.054,6.32031,-122.161,48.1363,170.598,-92.9875,128.634,0.655939,-85.571,-79.4044,4.14574,-80.1304,31.5745,111.902,-60.9942,84.3761,-43.7198,-91.6955,47.5795,-84.1425,28.1421,155.385,-17.3756,84.4555,140.177,96.4569,84.7812,132.361,-214.568,-186.426,-100.287,-117.663,
5.81068,0.832197,0.760687,3.90196,0,0,-50,11.6592,12.9868,16.1077,18.4643,-8.25278,-5.69047,17.1008,14.4033,0,-214.929,0,-229.333,0,113.18,0,-234.721,41.9693,-11.8813,43.4655,-3.65177,-2.69094,43.5356,43.6155,-0.522763,-19.8073,-161.768,-2.60273,-240.571,49.5683,52.901,-94.9644,-222.165,0.953287,-18.8821,-154.211,-2.48114,-229.333,47.2528,50.4298,-90.5283,-211.787,23.0872,-166.093,40.9844,-232.985,44.5619,93.9654,-46.9128,-212.31,202.769,225.857,280.133,321.118,-143.527,-98.9647,297.405,250.492,
5.80094,0.822046,0.777117,3.91567,0,0,-50,11.5219,12.875,16.0709,18.5485,-8.30337,-5.63901,16.9912,14.1856,0,-215.659,0,-230.094,0,114.412,0,-233.692,42.0831,-11.4718,43.5004,-3.21039,-1.9753,43.5739,43.6043,-1.12067,-19.4891,-160.679,-0.431529,-241.733,50.7557,52.9341,-97.0716,-219.555,0.951854,-18.5508,-152.943,-0.410753,-230.094,48.312,50.3855,-92.398,-208.984,23.5323,-164.414,43.0896,-233.305,46.3367,93.9595,-48.7937,-210.105,200.381,223.914,279.494,322.583,-144.406,-98.0697,295.5,246.706,
5.79105,0.812878,0.793547,3.92998,0,0,-50,11.3891,12.762,16.0342,18.628,-8.34418,-5.57956,16.8751,13.9597,0,-216.401,0,-230.782,0,115.644,0,-232.619,42.1944,-11.0552,43.528,-2.81145,-1.25913,43.6005,43.5838,-1.74447,-19.2706,-159.591,1.66312,-242.783,51.9051,52.8456,-99.1895,-216.771,0.950569,-18.318,-151.702,1.58091,-230.782,49.3394,50.2334,-94.2865,-206.055,23.8764,-162.758,45.1089,-233.593,48.0802,93.8339,-50.7027,-207.8,198.072,221.948,278.856,323.965,-145.116,-97.0359,293.48,242.777,
5.78076,0.803806,0.812039,3.94535,0,0,-50,11.25,12.6394,15.9956,18.709,-8.37905,-5.51067,16.748,13.7143,0,-217.173,0,-231.462,0,117.031,0,-231.466,42.306,-10.6202,43.5517,-2.41645,-0.452716,43.6163,43.5518,-2.41436,-19.1111,-158.398,3.83313,-243.815,53.0239,52.6561,-101.452,-213.702,0.949337,-18.1429,-150.373,3.63893,-231.462,50.3375,49.9883,-96.3125,-202.875,24.1631,-160.993,47.1906,-233.879,49.8848,93.6047,-52.7607,-205.289,195.652,219.815,278.184,325.374,-145.723,-95.8378,291.27,238.509,
5.77018,0.79477,0.828589,3.96335,0,0,-50,11.1131,12.5081,15.956,18.7908,-8.41193,-5.43288,16.6095,13.4489,0,-217.967,0,-232.14,0,118.273,0,-230.116,42.416,-10.172,43.5717,-2.02282,0.269171,43.6178,43.5013,-3.19788,-19.1385,-157.087,6.03858,-244.716,54.3325,52.3756,-103.801,-210.17,0.948611,-18.155,-149.014,5.72826,-232.14,51.5404,49.6841,-98.4666,-199.37,24.261,-159.186,49.3,-234.163,51.8096,93.3019,-54.9653,-202.567,193.271,217.532,277.496,326.796,-146.294,-94.4848,288.86,233.895,
5.75921,0.78565,0.849265,3.98181,0,0,-50,10.9659,12.3658,15.9134,18.8759,-8.4374,-5.34608,16.4586,13.1628,0,-218.789,0,-232.824,0,119.823,0,-228.732,42.525,-9.70625,43.5884,-1.62537,1.17088,43.6029,43.4349,-4.00014,-19.1799,-155.651,8.3702,-245.642,55.4866,51.9991,-106.3,-206.392,0.947819,-18.1791,-147.529,7.93343,-232.824,52.5912,49.2857,-100.754,-195.622,24.3459,-157.235,51.5218,-234.449,53.7621,92.8887,-57.3187,-199.622,190.711,215.057,276.754,328.276,-146.737,-92.9753,286.237,228.918,
5.74815,0.775739,0.866807,3.99553,0,0,-50,10.8396,12.2593,15.87,18.9655,-8.47337,-5.28495,16.3328,12.9373,0,-219.619,0,-233.567,0,121.139,0,-227.703,42.6298,-9.23529,43.6023,-1.19329,1.93554,43.5757,43.3759,-4.59575,-18.9415,-154.612,10.8036,-246.617,56.5051,51.8891,-108.15,-203.423,0.947086,-17.9393,-146.431,10.2319,-233.567,53.5152,49.1435,-102.428,-192.66,24.6905,-155.666,53.8343,-234.761,55.4508,92.7192,-59.0519,-197.255,188.514,213.205,276,329.834,-147.363,-91.9123,284.049,224.997,
5.73759,0.765121,0.882171,4.00615,0,0,-50,10.7269,12.1752,15.827,19.0579,-8.51793,-5.24142,16.2301,12.7566,0,-220.411,0,-234.364,0,122.291,0,-226.906,42.7249,-8.78469,43.6125,-0.730265,2.60477,43.5408,43.3246,-5.05606,-18.5283,-153.769,13.2858,-247.589,57.4467,51.9608,-109.589,-201.027,0.946583,-17.5386,-145.555,12.5761,-234.364,54.378,49.1852,-103.735,-190.289,25.1863,-154.34,56.1887,-235.094,56.9828,92.726,-60.4101,-195.345,186.555,211.742,275.253,331.441,-148.138,-91.1551,282.263,221.853,
5.72657,0.754671,0.90107,4.01946,0,0,-50,10.6006,12.0685,15.7809,19.1527,-8.55186,-5.179,16.1073,12.5352,0,-221.238,0,-235.148,0,123.709,0,-225.908,42.8192,-8.31311,43.6178,-0.274472,3.42714,43.4838,43.2535,-5.63243,-18.2726,-152.663,15.8748,-248.505,58.3686,51.8365,-111.363,-198.037,0.94625,-17.2904,-144.457,15.0215,-235.148,55.2313,49.0502,-105.377,-187.393,25.5287,-152.77,58.6393,-235.422,58.6585,92.5341,-62.1236,-193.025,184.359,209.887,274.451,333.09,-148.728,-90.0696,280.126,218.003,
5.71513,0.744748,0.917524,4.03442,0,0,-50,12.4726,21.6443,-11.3509,-7.57728,1.16793,4.15865,9.69898,5.41982,0,-222.095,0,235.347,0,124.943,0,-224.786,42.9114,-7.82302,43.6184,0.158351,4.14215,43.4215,43.1644,-6.27869,95.3139,-181.555,17.9919,104.146,39.1323,-64.8396,-96.121,-78.1567,1.2233,116.597,-222.095,22.0095,127.401,47.8704,-79.318,-117.584,-95.6089,159.509,-229.918,65.6278,127.559,52.0126,-35.8965,-74.4201,-101.888,216.914,376.423,-197.407,-131.779,20.3118,72.3244,168.678,94.2578,
5.70386,0.735448,0.937142,4.04758,0,0,-50,12.4873,21.6832,-11.48,-7.5886,1.36585,4.24389,9.61227,5.23799,0,-222.941,0,234.65,0,126.414,0,-223.799,42.9969,-7.33861,43.615,0.563978,4.99314,43.3319,43.078,-6.84613,94.457,-180.089,19.4362,103.35,36.3987,-65.5412,-96.25,-75.3114,1.23795,116.933,-222.941,24.061,127.942,45.0597,-81.1367,-119.153,-93.2317,159.93,-230.279,67.676,128.506,50.0528,-37.8048,-76.0745,-100.078,217.17,377.1,-199.652,-131.976,23.7539,73.8068,167.17,91.0954,
5.69252,0.723991,0.954196,4.05864,0,0,-50,12.5118,21.7125,-11.5927,-7.58247,1.55086,4.31039,9.53281,5.08063,0,-223.791,0,233.79,0,127.693,0,-222.969,43.0773,-6.8507,43.6057,1.06362,5.73135,43.2405,42.9997,-7.32219,93.5042,-178.949,20.9003,102.48,33.7925,-66.1612,-96.298,-72.8936,1.25059,116.935,-223.791,26.1376,128.16,42.2604,-82.7403,-120.429,-91.1597,160.012,-230.642,69.7433,129.224,47.9918,-39.4998,-77.4293,-98.4819,217.596,377.608,-201.612,-131.869,26.9716,74.9634,165.788,88.3588,
5.68032,0.713517,0.974078,4.0706,0,0,-50,12.531,21.751,-11.726,-7.58132,1.75058,4.3702,9.44441,4.90134,0,-224.706,0,233.005,0,129.184,0,-222.072,43.1577,-6.32465,43.5922,1.52029,6.58986,43.118,42.909,-7.83595,92.6232,-177.601,22.5164,101.637,30.7997,-66.681,-96.3612,-70.2181,1.26523,117.189,-224.706,28.4884,128.594,38.9687,-84.3667,-121.919,-88.8419,160.347,-231.031,72.0806,130.114,45.5586,-41.2487,-79.0099,-96.6779,217.931,378.278,-203.93,-131.849,30.4448,76.0034,164.251,85.2407,
5.66752,0.701772,0.992462,4.07981,0,0,-50,12.5537,21.7887,-11.844,-7.55911,1.9369,4.40567,9.37426,4.74999,0,-225.666,0,232.124,0,130.563,0,-221.381,43.2351,-5.77178,43.5713,2.03215,7.38137,42.9896,42.835,-8.23106,91.8152,-176.529,24.21,100.698,27.8121,-67.0651,-96.4186,-68.0204,1.27835,117.372,-225.666,30.949,128.728,35.5537,-85.733,-123.257,-86.9541,160.607,-231.438,74.5203,130.76,42.9351,-42.7434,-80.4221,-95.1852,218.326,378.933,-205.983,-131.463,33.6852,76.6203,163.031,82.6086,
5.65498,0.689369,1.01026,4.09005,0,0,-50,12.5829,21.8185,-11.9702,-7.54218,2.12252,4.43879,9.288,4.58975,0,-226.606,0,231.194,0,131.898,0,-220.614,43.3041,-5.22936,43.5427,2.57242,8.14523,42.8514,42.7485,-8.66901,90.8365,-175.461,25.9124,99.8258,24.8842,-67.4176,-96.3673,-65.7033,1.29149,117.314,-226.606,33.4655,128.924,32.1377,-87.0689,-124.457,-84.855,160.618,-231.836,77.0082,131.496,40.2829,-44.2175,-81.7087,-93.524,218.833,379.452,-208.177,-131.168,36.9134,77.1963,161.53,79.8218,
5.64256,0.679997,1.02641,4.101,0,0,-50,12.6037,21.8561,-12.108,-7.53837,2.29205,4.4822,9.18651,4.42152,0,-227.538,0,230.491,0,133.109,0,-219.792,43.3657,-4.6908,43.5167,2.98037,8.83639,42.7142,42.651,-9.13672,90.039,-174.291,27.5412,99.1334,22.4075,-67.6879,-96.147,-63.2472,1.3055,117.546,-227.538,35.9552,129.419,29.2531,-88.3668,-125.52,-82.5695,160.912,-232.229,79.4719,132.4,38.0895,-45.6526,-82.8694,-91.7063,219.194,380.106,-210.574,-131.102,39.8618,77.9513,159.765,76.896,
5.62989,0.672818,1.04203,4.10882,0,0,-50,12.612,21.9072,-12.2343,-7.52122,2.44193,4.50373,9.11376,4.28091,0,-228.488,0,229.952,0,134.28,0,-219.206,43.4216,-4.14111,43.4942,3.29268,9.50229,42.571,42.5783,-9.46971,89.6414,-173.232,29.1683,98.4421,19.9816,-67.764,-96.0051,-61.2589,1.31897,118.234,-228.488,38.4721,129.842,26.3552,-89.3787,-126.628,-80.7987,161.656,-232.629,81.9663,133.135,35.8575,-46.8077,-84.0496,-90.2685,219.339,380.995,-212.77,-130.804,42.4683,78.3257,158.5,74.4506,
5.61697,0.664693,1.06131,4.11701,0,0,-50,12.6224,21.9572,-12.3772,-7.50379,2.6114,4.49809,9.03949,4.12434,0,-229.457,0,229.343,0,135.727,0,-218.591,43.4715,-3.57982,43.466,3.64597,10.3214,42.3799,42.4992,-9.81842,89.1357,-172.056,30.9602,97.7302,16.8644,-67.7044,-95.9648,-59.1582,1.33362,118.873,-229.457,41.2891,130.335,22.4907,-90.2917,-127.98,-78.8943,162.344,-233.037,84.7551,133.981,32.812,-47.9118,-85.481,-88.7128,219.521,381.865,-215.256,-130.501,45.4156,78.2276,157.209,71.7276,
5.60396,0.656999,1.07669,4.1263,0,0,-50,12.6373,22.0033,-12.5225,-7.49306,2.76441,4.51634,8.94,3.96577,0,-230.433,0,228.766,0,136.88,0,-217.895,43.5144,-3.01376,43.4367,3.98028,10.9717,42.2162,42.4062,-10.2127,88.5566,-170.947,32.6648,97.1135,14.4636,-67.7178,-95.6355,-56.9452,1.34798,119.372,-230.433,44.0315,130.907,19.4966,-91.2822,-128.915,-76.7609,162.887,-233.447,87.4682,134.887,30.4684,-49.0659,-86.5084,-86.9736,219.779,382.665,-217.782,-130.314,48.0767,78.5451,155.478,68.9698,
5.59076,0.649809,1.09409,4.1339,0,0,-50,12.6463,22.0558,-12.6699,-7.47383,2.91781,4.50323,8.86043,3.81597,0,-231.423,0,228.227,0,138.185,0,-217.325,43.5504,-2.43934,43.4069,4.29251,11.7046,42.0189,42.3274,-10.5346,88.1322,-169.834,34.4625,96.4735,11.6449,-67.538,-95.4447,-54.9618,1.36264,120.093,-231.423,46.9602,131.459,15.8678,-92.0303,-130.057,-74.8933,163.643,-233.862,90.3671,135.752,27.5724,-50.0113,-87.7298,-85.4279,219.936,383.579,-220.347,-129.98,50.7445,78.317,154.094,66.3647,
5.57684,0.644548,1.1096,4.14273,0,0,-50,12.6509,22.1162,-12.8314,-7.46349,3.06511,4.51344,8.75572,3.65252,0,-232.467,0,227.832,0,139.348,0,-216.662,43.5801,-1.83266,43.3838,4.52081,12.3548,41.8324,42.2327,-10.908,87.79,-168.615,36.2455,95.9241,9.30853,-67.3868,-95.0066,-52.7406,1.37868,121.035,-232.467,49.9711,132.249,12.8335,-92.9052,-130.984,-72.7127,164.615,-234.3,93.3548,136.77,25.1883,-51.0728,-88.7514,-83.6207,220.015,384.63,-223.155,-129.8,53.3062,78.4945,152.273,63.522,
5.56274,0.639454,1.12528,4.14966,0,0,-50,12.6519,22.1808,-12.9869,-7.4415,3.20511,4.5022,8.671,3.50691,0,-233.524,0,227.45,0,140.525,0,-216.143,43.6016,-1.21831,43.3602,4.74172,13.0095,41.6334,42.1561,-11.2003,87.5816,-167.48,38.0697,95.3341,6.84813,-67.1099,-94.6444,-50.8257,1.39434,122.119,-233.524,53.0821,132.928,9.54862,-93.5739,-131.966,-70.8682,165.72,-234.743,96.4422,137.67,22.5581,-51.9405,-89.8102,-82.0686,220.034,385.754,-225.86,-129.417,55.741,78.2991,150.8,60.9898,
5.54744,0.634397,1.142,4.15776,0,0,-50,12.6536,22.2505,-13.1651,-7.42203,3.356,4.48958,8.56592,3.34108,0,-234.672,0,227.071,0,141.778,0,-215.535,43.6152,-0.550928,43.3356,4.96094,13.7037,41.4101,42.064,-11.5415,87.3185,-166.207,40.0477,94.7488,4.25702,-66.7756,-94.1482,-48.6577,1.41193,123.288,-234.672,56.5446,133.779,6.01061,-94.2825,-132.931,-68.7013,166.903,-235.223,99.8802,138.74,19.7143,-52.8724,-90.8667,-80.2428,220.062,386.965,-228.959,-129.079,58.3653,78.0796,148.972,58.1058,
5.53493,0.629807,1.15834,4.16479,0,0,-50,12.6565,22.3058,-13.3289,-7.40936,3.48968,4.45117,8.47653,3.19221,0,-235.611,0,226.727,0,143.004,0,-215.008,43.6187,-0.00519737,43.3124,5.1598,14.3782,41.1807,41.9818,-11.8371,87.0078,-165.064,41.7791,94.2962,1.64168,-66.3413,-93.7955,-46.7986,1.42739,124.194,-235.611,59.6352,134.598,2.34332,-94.6951,-133.883,-66.8001,167.813,-235.616,102.948,139.758,16.7216,-53.5144,-91.9013,-78.6371,220.114,387.927,-231.806,-128.859,60.6901,77.4116,147.418,55.5166,
5.52073,0.625744,1.17334,4.17166,0,0,-50,-21.7326,-13.1647,-5.64146,-8.41039,2.82631,-4.23477,5.44235,9.2795,0,234.563,0,226.422,0,144.129,0,-214.493,43.6143,0.614218,43.2911,5.33572,14.9945,40.9604,41.8995,-12.1251,85.1464,189.503,-73.8794,72.195,-111.325,-25.4234,20.0629,-70.3577,1.23778,105.393,234.563,-91.4465,89.3615,-137.796,-31.4686,24.8335,-87.0874,149.007,235.178,-48.1554,94.6972,-122.801,9.49178,66.733,-99.2125,-377.958,-228.951,-98.1123,-146.268,49.1532,-73.6482,94.6496,161.383,
5.50658,0.622293,1.18737,4.17829,0,0,-50,-21.6041,-13.2273,-5.65803,-8.38006,2.63805,-4.41975,5.4678,9.1757,0,233.503,0,226.163,0,145.181,0,-213.996,43.6013,1.23091,43.2724,5.48511,15.5678,40.7459,41.8182,-12.4025,83.3157,190.575,-73.9535,72.7353,-112.884,-23.4554,18.4998,-70.4195,1.22526,102.083,233.503,-90.612,89.1194,-138.312,-28.7388,22.667,-86.282,145.684,234.734,-47.3396,94.6045,-122.744,12.0071,64.4852,-98.6845,-375.724,-230.04,-98.4005,-145.74,45.8792,-76.8653,95.0922,159.577,
5.49213,0.618782,1.20127,4.18384,0,0,-50,-21.4784,-13.2856,-5.67449,-8.35123,2.45253,-4.60407,5.49837,9.0754,0,232.419,0,225.9,0,146.224,0,-213.579,43.5789,1.86093,43.2529,5.63702,16.1327,40.5256,41.7488,-12.6344,81.5133,191.55,-74.0136,73.2547,-114.44,-21.4497,16.8627,-70.5317,1.21336,98.9047,232.419,-89.8049,88.8841,-138.856,-26.0261,20.4605,-85.5802,142.484,234.28,-46.5521,94.5211,-122.723,14.4995,62.2093,-98.2145,-373.538,-231.054,-98.6867,-145.239,42.6527,-80.0707,95.6238,157.833,
5.47471,0.616289,1.21549,4.19036,0,0,-50,-21.3339,-13.3489,-5.70574,-8.33907,2.25442,-4.77635,5.52996,8.96046,0,231.112,0,225.713,0,147.29,0,-213.091,43.5399,2.61997,43.2387,5.74482,16.7071,40.2922,41.6655,-12.9063,79.4655,192.652,-74.2191,74.1101,-115.853,-19.4197,15.0007,-70.6436,1.19963,95.3295,231.112,-89.0358,88.905,-138.981,-23.2966,17.9953,-84.7466,138.869,233.732,-45.7971,94.6498,-122.274,16.9956,59.6609,-97.6528,-371.024,-232.155,-99.2303,-145.027,39.2073,-83.0669,96.1732,155.834,
5.45627,0.614563,1.22998,4.1962,0,0,-50,-21.1878,-13.4089,-5.74429,-8.33481,2.05115,-4.94792,5.56305,8.84157,0,229.729,0,225.583,0,148.377,0,-212.652,43.4842,3.42199,43.2287,5.81943,17.2891,40.0459,41.5893,-13.1497,77.4181,193.735,-74.4493,75.1072,-117.232,-17.3085,13.0111,-70.7755,1.18579,91.8016,229.729,-88.2812,89.0614,-139.012,-20.5242,15.4284,-83.9249,135.286,233.151,-45.0525,94.8809,-121.723,19.5217,57.0177,-97.0746,-368.484,-233.198,-99.9007,-144.953,35.6722,-86.0508,96.7487,153.766,
5.43884,0.613305,1.24492,4.20108,0,0,-50,-21.0525,-13.4625,-5.78487,-8.3302,1.84614,-5.12854,5.59319,8.72605,0,228.422,0,225.489,0,149.497,0,-212.286,43.4179,4.17967,43.2214,5.87382,17.8856,39.7831,41.5247,-13.3524,75.5242,194.748,-74.5906,76.0924,-118.666,-15.0587,11.0492,-70.8894,1.17291,88.583,228.422,-87.488,89.2495,-139.184,-17.6625,12.9598,-83.1468,132.001,232.601,-44.2666,95.1234,-121.299,22.1205,54.4845,-96.4993,-366.131,-234.13,-100.607,-144.873,32.1068,-89.192,97.2729,151.757,
5.42509,0.612166,1.25967,4.20649,0,0,-50,-20.9393,-13.5113,-5.82355,-8.32024,1.65316,-5.30942,5.60737,8.62228,0,227.391,0,225.404,0,150.604,0,-211.881,43.3564,4.77609,43.2146,5.92302,18.4705,39.5149,41.4519,-13.5767,73.858,195.683,-74.5547,76.9284,-120.098,-12.8007,9.45,-70.84,1.16204,85.8258,227.391,-86.6355,89.3938,-139.559,-14.8749,10.9813,-82.3188,129.182,232.167,-43.4208,95.3168,-121.088,24.64,52.4332,-95.8954,-364.161,-234.979,-101.279,-144.7,28.7506,-92.3377,97.5194,149.953,
5.41434,0.611303,1.27299,4.21104,0,0,-50,-20.8489,-13.5511,-5.85781,-8.30922,1.48269,-5.47571,5.61505,8.53495,0,226.584,0,225.339,0,151.602,0,-211.539,43.3025,5.24188,43.2095,5.96031,18.995,39.2655,41.3897,-13.7653,72.5048,196.476,-74.4358,77.6185,-121.406,-10.7142,8.14336,-70.7512,1.15324,83.6158,226.584,-85.8427,89.5131,-140.011,-12.3561,9.39129,-81.5934,126.918,231.826,-42.6332,95.4735,-121.016,26.9094,50.781,-95.3587,-362.59,-235.672,-101.875,-144.508,25.786,-95.2297,97.653,148.434,
5.39897,0.610728,1.28596,4.2157,0,0,-50,-20.7314,-13.5963,-5.90148,-8.31203,1.30942,-5.61902,5.63575,8.43567,0,225.431,0,225.296,0,152.575,0,-211.19,43.2168,5.90704,43.2061,5.98516,19.5025,39.0159,41.325,-13.9581,70.7756,197.287,-74.5009,78.5902,-122.519,-8.72785,6.4492,-70.7747,1.14266,80.8721,225.431,-85.1288,89.8015,-139.997,-9.97292,7.36921,-80.871,124.089,231.338,-41.9227,95.7867,-120.495,29.043,48.6943,-94.8291,-360.546,-236.457,-102.634,-144.557,22.7725,-97.722,98.013,146.707,
5.38425,0.610285,1.29902,4.22036,0,0,-50,-20.6185,-13.6396,-5.94631,-8.31453,1.138,-5.76246,5.65294,8.33887,0,224.328,0,225.262,0,153.555,0,-210.84,43.1252,6.54238,43.2034,6.00432,20.0105,38.7578,41.2595,-14.1506,69.0859,198.064,-74.5099,79.5527,-123.626,-6.704,4.81399,-70.7594,1.1326,78.2467,224.328,-84.3898,90.1014,-140.018,-7.59295,5.45233,-80.142,121.372,230.87,-41.1864,96.1057,-120.008,31.1648,46.7119,-94.2926,-358.583,-237.211,-103.414,-144.601,19.7912,-100.217,98.312,145.024,
5.37097,0.610057,1.31279,4.22449,0,0,-50,-20.5163,-13.679,-5.99137,-8.31335,0.961162,-5.92033,5.66614,8.24571,0,223.332,0,225.245,0,154.587,0,-210.531,43.0346,7.11442,43.2021,6.01416,20.5423,38.4786,41.2008,-14.3206,67.5482,198.823,-74.4116,80.468,-124.832,-4.50302,3.25944,-70.716,1.12327,75.8748,223.332,-83.5843,90.3872,-140.22,-5.0581,3.66122,-79.4332,118.909,230.446,-40.3822,96.4013,-119.678,33.4205,44.8621,-93.7537,-356.804,-237.895,-104.198,-144.58,16.7159,-102.962,98.5415,143.404,
5.35841,0.610129,1.3274,4.22797,0,0,-50,-20.4205,-13.7151,-6.0382,-8.31008,0.775489,-6.09253,5.67796,8.15391,0,222.39,0,225.251,0,155.683,0,-210.269,42.9418,7.65434,43.2025,6.01105,21.1022,38.1744,41.1506,-14.4642,66.1184,199.584,-74.2311,81.3842,-126.133,-2.10199,1.71363,-70.6747,1.11427,73.6737,222.39,-82.7134,90.6838,-140.546,-2.34218,1.90944,-78.7506,116.615,230.044,-39.5109,96.6949,-119.444,35.8322,43.0601,-93.2148,-355.139,-238.523,-105.012,-144.523,13.4868,-105.957,98.7471,141.807,
5.34646,0.610524,1.34229,4.23117,0,0,-50,-20.3298,-13.7489,-6.087,-8.3069,0.58729,-6.26835,5.68766,8.06426,0,221.494,0,225.28,0,156.8,0,-210.029,42.8473,8.16687,43.2049,5.99397,21.6685,37.8558,41.1042,-14.5958,64.7657,200.342,-73.9992,82.3176,-127.442,0.388545,0.20624,-70.624,1.10558,71.6034,221.494,-81.8118,91.0084,-140.897,0.429567,0.228014,-78.0802,114.451,229.66,-38.6069,97.0023,-119.228,38.2854,41.3322,-92.676,-353.561,-239.111,-105.861,-144.468,10.2137,-109.015,98.9158,140.248,
5.33566,0.611423,1.35624,4.23419,0,0,-50,-20.2481,-13.7789,-6.13615,-8.30668,0.411251,-6.42959,5.69328,7.98109,0,220.684,0,225.348,0,157.847,0,-209.803,42.7566,8.62903,43.2102,5.95513,22.1945,37.5499,41.0599,-14.7198,63.5514,201.068,-73.7624,83.2547,-128.618,2.74109,-1.15883,-70.5507,1.09756,69.7514,220.684,-80.9586,91.377,-141.166,3.0085,-1.27189,-77.4335,112.508,229.313,-37.7484,97.3321,-118.971,40.5584,39.788,-92.1534,-352.141,-239.633,-106.716,-144.464,7.15218,-111.819,99.0136,138.802,
5.32325,0.613185,1.3694,4.23674,0,0,-50,-20.1602,-13.8073,-6.19106,-8.31569,0.242128,-6.56939,5.70249,7.8956,0,219.753,0,225.48,0,158.833,0,-209.612,42.6462,9.15921,43.2207,5.879,22.6866,37.2546,41.0224,-14.8241,62.2906,201.778,-73.6131,84.3682,-129.603,4.94516,-2.6457,-70.5321,1.08908,67.8396,219.753,-80.1707,91.8839,-141.148,5.38568,-2.88139,-76.8152,110.486,228.912,-36.95,97.7629,-118.461,42.6403,38.141,-91.6393,-350.613,-240.127,-107.671,-144.621,4.21092,-114.25,99.1738,137.315,
5.31221,0.615402,1.38245,4.23895,0,0,-50,-20.0823,-13.8321,-6.24612,-8.324,0.0754303,-6.70925,5.70744,7.815,0,218.925,0,225.646,0,159.812,0,-209.446,42.5425,9.62935,43.2336,5.78316,23.1709,36.9553,40.9894,-14.915,61.1905,202.491,-73.4127,85.4703,-130.569,7.16902,-4.01074,-70.4936,1.08116,66.1565,218.925,-79.3706,92.4067,-141.165,7.75082,-4.33623,-76.2145,108.699,228.554,-36.137,98.1899,-117.994,44.7062,36.6532,-91.1295,-349.258,-240.559,-108.628,-144.765,1.31183,-116.683,99.2599,135.913,
5.303,0.618038,1.39559,4.24093,0,0,-50,-20.0165,-13.8535,-6.30078,-8.33024,-0.0911397,-6.85358,5.70688,7.73984,0,218.234,0,225.844,0,160.797,0,-209.298,42.4519,10.021,43.2487,5.66915,23.6543,36.6478,40.9598,-14.996,60.2807,203.228,-73.143,86.5412,-131.549,9.4554,-5.21865,-70.4234,1.07384,64.7317,218.234,-78.5437,92.9312,-141.262,10.1536,-5.60398,-75.6232,107.184,228.255,-35.295,98.6003,-117.608,46.8014,35.3558,-90.6193,-348.114,-240.93,-109.579,-144.874,-1.58504,-119.193,99.2501,134.606,
5.29187,0.621047,1.40899,4.24255,0,0,-50,-19.9407,-13.8755,-6.36032,-8.3403,-0.261713,-6.99224,5.71171,7.66021,0,217.399,0,226.07,0,161.802,0,-209.176,42.3379,10.4925,43.2655,5.53903,24.1432,36.3276,40.9355,-15.0623,59.2423,203.965,-72.8986,87.7506,-132.471,11.7817,-6.61294,-70.4149,1.06586,63.1442,217.399,-77.7,93.5303,-141.196,12.5577,-7.0485,-75.0528,105.482,227.892,-34.4345,99.0694,-117.053,48.8853,33.887,-90.1151,-346.795,-241.313,-110.614,-145.049,-4.55154,-121.604,99.334,133.221,
5.28304,0.624354,1.4224,4.24376,0,0,-50,-19.88,-13.8933,-6.41741,-8.34647,-0.431366,-7.13715,5.71145,7.58847,0,216.737,0,226.318,0,162.808,0,-209.085,42.2435,10.866,43.2836,5.3959,24.6281,36.0006,40.9172,-15.1118,58.4432,204.722,-72.5732,88.8834,-133.42,14.1728,-7.81464,-70.3871,1.05869,61.8732,216.737,-76.8325,94.0998,-141.25,15.0046,-8.27328,-74.5181,104.117,227.603,-33.5489,99.4957,-116.622,51.0052,32.644,-89.6299,-345.74,-241.623,-111.607,-145.156,-7.50202,-124.124,99.3295,131.973,
5.27265,0.628417,1.43647,4.24473,0,0,-50,-19.8112,-13.9116,-6.48154,-8.35657,-0.609866,-7.28068,5.71345,7.51093,0,215.958,0,226.622,0,163.863,0,-209.013,42.1284,11.3043,43.3052,5.22001,25.1322,35.6505,40.9026,-15.1515,57.5542,205.53,-72.249,90.1997,-134.331,16.6787,-9.17649,-70.3977,1.05073,60.4742,215.958,-75.9145,94.776,-141.146,17.5249,-9.64205,-73.9693,102.603,227.262,-32.6093,99.996,-116.014,53.1754,31.2605,-89.1208,-344.543,-241.94,-112.722,-145.332,-10.6064,-126.62,99.3643,130.625,
5.26398,0.632096,1.45052,4.24542,0,0,-50,-19.7527,-13.9277,-6.54071,-8.36074,-0.786219,-7.43027,5.71445,7.44195,0,215.307,0,226.898,0,164.918,0,-208.96,42.0287,11.6694,43.3241,5.06064,25.6308,35.2937,40.892,-15.18,56.7994,206.314,-71.8451,91.3791,-135.283,19.2396,-10.3954,-70.4134,1.04359,59.2752,215.307,-74.9768,95.3622,-141.18,20.0783,-10.8485,-73.4827,101.304,226.976,-31.6527,100.423,-115.549,55.372,30.0435,-88.6626,-343.525,-242.221,-113.752,-145.404,-13.6734,-129.222,99.3817,129.425,
5.25616,0.636494,1.46362,4.24604,0,0,-50,-19.7011,-13.941,-6.60011,-8.36785,-0.951214,-7.56379,5.71137,7.37694,0,214.721,0,227.228,0,165.9,0,-208.915,41.9362,11.9975,43.3459,4.87005,26.0909,34.955,40.8827,-15.205,56.1743,207.112,-71.4637,92.5989,-136.092,21.6339,-11.494,-70.4119,1.03674,58.2381,214.721,-74.0893,96.001,-141.092,22.4287,-11.9163,-72.9989,100.174,226.718,-30.7434,100.871,-115.001,57.3837,28.9664,-88.2039,-342.627,-242.453,-114.784,-145.528,-16.5429,-131.544,99.3282,128.295,
5.24878,0.641719,1.47648,4.24642,0,0,-50,-19.6538,-13.9521,-6.66163,-8.37701,-1.11388,-7.69002,5.70552,7.31317,0,214.167,0,227.62,0,166.864,0,-208.886,41.8465,12.3067,43.3708,4.6435,26.5383,34.6166,40.8769,-15.2206,55.6512,207.957,-71.0806,93.8995,-136.82,23.9973,-12.5432,-70.4111,1.02987,57.3133,214.167,-73.2035,96.7039,-140.906,24.714,-12.9178,-72.514,99.1598,226.474,-29.8327,101.347,-114.368,59.3306,27.9591,-87.7346,-341.805,-242.645,-115.854,-145.687,-19.3718,-133.739,99.2264,127.185,
5.24192,0.646261,1.48932,4.24661,0,0,-50,-19.6091,-13.963,-6.71854,-8.38127,-1.27437,-7.81932,5.70267,7.25527,0,213.653,0,227.961,0,167.827,0,-208.871,41.7612,12.5933,43.3914,4.44646,26.9804,34.2731,40.874,-15.2285,55.1358,208.75,-70.6492,95.08,-137.574,26.3906,-13.5539,-70.4423,1.02349,56.4308,213.653,-72.3085,97.3132,-140.806,27.0105,-13.8722,-72.0968,98.1919,226.247,-28.9171,101.76,-113.825,61.2836,27.0017,-87.3253,-341.027,-242.835,-116.844,-145.761,-22.163,-135.988,99.1769,126.179,
5.23548,0.652301,1.50367,4.24654,0,0,-50,-19.5682,-13.972,-6.78384,-8.38652,-1.45487,-7.9624,5.69487,7.1933,0,213.17,0,228.414,0,168.904,0,-208.877,41.6791,12.8623,43.4175,4.18429,27.4696,33.8822,40.8751,-15.2255,54.7444,209.72,-70.1364,96.4639,-138.368,29.1031,-14.5755,-70.4702,1.01645,55.645,213.17,-71.2902,98.0508,-140.644,29.5819,-14.8153,-71.6296,97.3241,226.032,-27.8727,102.235,-113.174,63.4642,26.0597,-86.8551,-340.316,-242.992,-117.98,-145.853,-25.302,-138.476,99.0412,125.101,
5.22956,0.657922,1.51713,4.24623,0,0,-50,-19.531,-13.9799,-6.8438,-8.3896,-1.62329,-8.09523,5.68942,7.13827,0,212.726,0,228.835,0,169.913,0,-208.9,41.6022,13.1088,43.4403,3.94019,27.9231,33.5095,40.8798,-15.2128,54.3948,210.622,-69.6282,97.7432,-139.089,31.6685,-15.5273,-70.5301,1.00999,54.9382,212.726,-70.3238,98.7197,-140.479,31.9849,-15.6824,-71.2347,96.5405,225.834,-26.8835,102.66,-112.556,65.4944,25.1974,-86.4475,-339.67,-243.129,-119.023,-145.906,-28.2311,-140.787,98.9464,124.144,
5.22394,0.664154,1.53128,4.24547,0,0,-50,-19.4968,-13.9862,-6.90601,-8.39127,-1.80064,-8.23449,5.68398,7.08415,0,212.304,0,229.303,0,170.975,0,-208.957,41.5279,13.3425,43.464,3.66941,28.3946,33.1109,40.8913,-15.1819,54.1285,211.596,-69.0633,99.0892,-139.82,34.4019,-16.4852,-70.6277,1.00335,54.3098,212.304,-69.2945,99.421,-140.288,34.5171,-16.5404,-70.8642,95.8377,225.647,-25.8305,103.09,-111.893,67.6281,24.3508,-86.0461,-339.076,-243.238,-120.105,-145.935,-31.3155,-143.209,98.8518,123.203,
5.21877,0.670649,1.54382,4.24421,0,0,-50,-19.468,-13.9894,-6.96362,-8.39415,-1.95878,-8.3517,5.6794,7.0362,0,211.917,0,229.79,0,171.915,0,-209.051,41.4584,13.5568,43.487,3.38701,28.8074,32.7524,40.9104,-15.1305,53.9755,212.52,-68.5603,100.396,-140.387,36.8358,-17.363,-70.7624,0.997163,53.8224,211.917,-68.3658,100.111,-139.989,36.7313,-17.3137,-70.5616,95.2808,225.473,-24.8788,103.498,-111.181,69.4837,23.5966,-85.6921,-338.574,-243.293,-121.106,-145.985,-34.0657,-145.247,98.7721,122.369,
5.21394,0.677372,1.5586,4.24249,0,0,-50,-19.4408,-13.9924,-7.0249,-8.39111,-2.14407,-8.49778,5.67701,6.98852,0,211.554,0,230.294,0,173.023,0,-209.181,41.3925,13.7568,43.5087,3.09457,29.2882,32.3232,40.9364,-15.0598,53.8668,213.555,-67.9049,101.749,-141.109,39.7661,-18.299,-70.9595,0.990634,53.3623,211.554,-67.2689,100.796,-139.788,39.3937,-18.1276,-70.2949,94.7548,225.311,-23.7601,103.89,-110.499,71.7168,22.8088,-85.3547,-338.102,-243.347,-122.172,-145.932,-37.2882,-147.788,98.7307,121.539,
5.20969,0.684096,1.57008,4.24028,0,0,-50,-19.4205,-13.9916,-7.07658,-8.39136,-2.28995,-8.60217,5.67543,6.94988,0,211.235,0,230.798,0,173.884,0,-209.346,41.3336,13.9328,43.5286,2.80199,29.6574,31.9848,40.9695,-14.9695,53.8912,214.453,-67.4056,102.984,-141.559,42.0495,-19.0916,-71.182,0.984997,53.0827,211.235,-66.3943,101.438,-139.435,41.4187,-18.8052,-70.114,94.4162,225.168,-22.8657,104.24,-109.778,73.4035,22.1643,-85.0836,-337.748,-243.332,-123.071,-145.937,-39.8253,-149.603,98.7031,120.867,
5.2058,0.690172,1.5844,4.23767,0,0,-50,-19.4005,-13.9922,-7.13021,-8.38232,-2.46952,-8.74754,5.6795,6.91362,0,210.944,0,231.254,0,174.958,0,-209.542,41.2792,14.0932,43.5448,2.53746,30.1124,31.5568,41.0085,-14.8624,53.8983,215.421,-66.707,104.168,-142.252,44.971,-19.9604,-71.49,0.979217,52.7781,210.944,-65.3206,102.004,-139.295,44.0364,-19.5456,-70.0042,94.0573,225.037,-21.7758,104.541,-109.183,75.5932,21.4629,-84.8666,-337.399,-243.342,-124.004,-145.78,-42.9481,-152.131,98.7739,120.237,
5.20227,0.697482,1.59629,4.23484,0,0,-50,-19.386,-13.9889,-7.18133,-8.3793,-2.62069,-8.85451,5.6789,6.87963,0,210.679,0,231.802,0,175.85,0,-209.754,41.2291,14.2391,43.5622,2.21906,30.4854,31.1966,41.0504,-14.7464,54.0599,216.388,-66.1415,105.428,-142.664,47.3865,-20.7146,-71.7811,0.973615,52.6336,210.679,-64.3963,102.646,-138.9,46.1363,-20.168,-69.8871,93.8627,224.918,-20.8341,104.865,-108.414,77.3329,20.8823,-84.6335,-337.148,-243.286,-124.893,-145.727,-45.5772,-153.991,98.7634,119.646,
5.19927,0.704265,1.60976,4.23171,0,0,-50,-19.3737,-13.9862,-7.23218,-8.36984,-2.79061,-8.98549,5.68228,6.84952,0,210.454,0,232.311,0,176.86,0,-209.989,41.1862,14.3625,43.5762,1.92353,30.9028,30.7831,41.0963,-14.6179,54.2391,217.387,-65.4487,106.62,-143.207,50.1777,-21.4815,-72.1359,0.968111,52.5094,210.454,-63.3616,103.22,-138.64,48.5776,-20.7965,-69.8355,93.6957,224.817,-19.7854,105.144,-107.737,79.3607,20.2998,-84.4534,-336.934,-243.238,-125.777,-145.562,-48.5324,-156.269,98.8223,119.122,
5.19671,0.711408,1.6253,4.22797,0,0,-50,-19.3643,-13.9827,-7.28659,-8.35512,-2.98645,-9.14176,5.68865,6.8215,0,210.262,0,232.847,0,178.026,0,-210.269,41.1493,14.4681,43.5889,1.61223,31.3776,30.2991,41.1506,-14.4642,54.4987,218.498,-64.6074,107.865,-143.849,53.4492,-22.2891,-72.5793,0.962305,52.4444,210.262,-62.172,103.799,-138.426,51.4345,-21.4489,-69.8434,93.5936,224.73,-18.5832,105.412,-107.049,81.7336,19.7017,-84.3076,-336.771,-243.177,-126.723,-145.306,-51.9383,-158.987,98.9331,118.635,
5.19465,0.719089,1.63845,4.22468,0,0,-50,-19.359,-13.9777,-7.33677,-8.34514,-3.15247,-9.26248,5.68933,6.79558,0,210.107,0,233.423,0,179.012,0,-210.516,41.1194,14.5529,43.6,1.27735,31.7732,29.884,41.1981,-14.3285,54.8328,219.571,-63.8904,109.108,-144.252,56.2045,-22.9481,-72.9534,0.956899,52.4694,210.107,-61.1367,104.405,-138.034,53.782,-21.959,-69.809,93.5888,224.66,-17.5367,105.682,-106.261,83.666,19.2391,-84.1375,-336.679,-243.09,-127.596,-145.133,-54.8256,-161.087,98.9449,118.184,
5.19296,0.726316,1.65399,4.22076,0,0,-50,-19.3552,-13.973,-7.38881,-8.32762,-3.34786,-9.41641,5.69671,6.77419,0,209.981,0,233.965,0,180.178,0,-210.81,41.0947,14.6223,43.608,0.96224,32.2338,29.3865,41.2539,-14.1669,55.1916,220.704,-62.996,110.312,-144.81,59.5257,-23.6648,-73.4444,0.951415,52.5101,209.981,-59.9353,104.953,-137.774,56.6336,-22.515,-69.8761,93.6048,224.603,-16.3273,105.915,-105.54,86.0201,18.7389,-84.043,-336.613,-243.008,-128.501,-144.828,-58.2237,-163.764,99.0731,117.812,
5.19167,0.735148,1.66594,4.21671,0,0,-50,-19.3583,-13.9634,-7.43547,-8.31782,-3.5007,-9.51678,5.69629,6.75347,0,209.884,0,234.627,0,181.074,0,-211.114,41.0759,14.675,43.6148,0.577047,32.5826,28.9993,41.311,-13.9997,55.7473,221.822,-62.3134,111.592,-145.014,62.0673,-24.2291,-73.8765,0.946186,52.7473,209.884,-58.96,105.586,-137.21,58.7272,-22.9252,-69.9009,93.8232,224.559,-15.3452,106.164,-104.628,87.7265,18.3857,-83.9006,-336.666,-242.843,-129.313,-144.658,-60.8817,-165.509,99.0659,117.452,
5.19073,0.742986,1.68057,4.21241,0,0,-50,-19.361,-13.956,-7.48398,-8.29978,-3.68532,-9.65495,5.70318,6.73766,0,209.813,0,235.215,0,182.171,0,-211.437,41.062,14.7139,43.618,0.235192,33.0035,28.5194,41.3708,-13.8218,56.2586,222.972,-61.4314,112.79,-145.404,65.2321,-24.8463,-74.41,0.940984,52.9384,209.813,-57.8059,106.134,-136.823,61.3824,-23.38,-70.0186,94.0004,224.527,-14.1879,106.369,-103.82,89.9018,17.9909,-83.8404,-336.713,-242.713,-130.156,-144.344,-64.0925,-167.912,99.1858,117.177,
5.19009,0.750979,1.69265,4.20788,0,0,-50,-14.6786,-15.5316,17.9451,17.0056,-11.6056,-12.5475,15.2032,14.0708,0,209.766,0,-235.424,0,183.077,0,-211.776,41.0527,14.74,43.6185,-0.113471,33.3456,28.1187,41.433,-13.6343,-56.8596,192.132,-60.9993,-239.515,-50.5906,136.992,-62.1903,-186.838,0.982921,-55.8885,188.851,-59.9575,-235.424,-49.7265,134.652,-61.1282,-183.647,-14.8358,203.591,-16.339,-235.538,-16.3809,162.771,-19.6951,-197.281,-255.28,-270.115,312.089,295.75,-201.837,-218.218,264.404,244.709,
5.18968,0.759416,1.70785,4.20259,0,0,-50,-14.7015,-15.5613,17.9307,16.9807,-11.7351,-12.6945,15.2847,14.1475,0,209.735,0,-234.792,0,184.217,0,-212.173,41.0466,14.7567,43.616,-0.481468,33.769,27.6087,41.5045,-13.4151,-56.8335,192.006,-61.0333,-238.289,-51.2062,139.066,-62.1948,-187.687,0.985324,-55.9994,189.188,-60.1376,-234.792,-50.4548,137.026,-61.282,-184.933,-14.9528,203.945,-16.5216,-235.273,-16.6858,164.634,-19.7775,-198.348,-255.678,-270.631,311.839,295.317,-204.088,-220.774,265.822,246.044,
5.18962,0.768249,1.72246,4.19746,0,0,-50,-14.7242,-15.5893,17.9173,16.953,-11.8622,-12.8417,15.3636,14.2245,0,209.731,0,-234.129,0,185.313,0,-212.558,41.0458,14.7592,43.61,-0.866676,34.1687,27.1125,41.5728,-13.202,-56.7866,191.876,-61.1291,-237.031,-51.8393,141.098,-62.1449,-188.504,0.987756,-56.0913,189.527,-60.3807,-234.129,-51.2045,139.37,-61.384,-186.196,-15.0456,204.286,-16.7706,-234.996,-17.0358,166.483,-19.8113,-199.398,-256.072,-271.118,311.606,294.835,-206.298,-223.334,267.193,247.382,
5.18985,0.777105,1.73581,4.19266,0,0,-50,-14.7449,-15.6138,17.9057,16.9234,-11.9807,-12.9825,15.4365,14.2982,0,209.748,0,-233.465,0,186.314,0,-212.918,41.0491,14.7498,43.6007,-1.25286,34.5276,26.6539,41.6357,-13.0021,-56.7204,191.738,-61.2889,-235.797,-52.4689,142.991,-62.046,-189.255,0.990108,-56.1593,189.842,-60.6827,-233.465,-51.9499,141.577,-61.4322,-187.383,-15.1102,204.591,-17.082,-234.718,-17.4222,168.231,-19.7965,-200.385,-256.434,-271.544,311.403,294.321,-208.361,-225.783,268.46,248.664,
5.1905,0.786716,1.75109,4.1875,0,0,-50,-14.7745,-15.6461,17.891,16.8933,-12.12,-13.1428,15.5176,14.3815,0,209.796,0,-232.744,0,187.46,0,-213.304,41.0587,14.7233,43.5866,-1.67186,34.9308,26.1232,41.7022,-12.7874,-56.6268,191.674,-61.3833,-234.443,-53.1041,145.179,-61.9093,-190.084,0.992752,-56.2164,190.285,-60.9383,-232.744,-52.7192,144.126,-61.4606,-188.706,-15.1577,205.008,-17.3517,-234.416,-17.7884,170.25,-19.7584,-201.493,-256.948,-272.106,311.148,293.796,-210.783,-228.571,269.871,250.112,
5.19183,0.797215,1.76477,4.18139,0,0,-50,-14.7999,-15.6642,17.8794,16.8559,-12.2493,-13.3022,15.5917,14.4701,0,209.896,0,-231.957,0,188.486,0,-213.763,41.0782,14.6686,43.5667,-2.12934,35.2851,25.6427,41.7795,-12.5323,-56.382,191.555,-61.663,-233.079,-53.8553,147.261,-61.5829,-190.977,0.995185,-56.1105,190.633,-61.3661,-231.957,-53.596,146.552,-61.2864,-190.058,-15.0323,205.301,-17.7995,-234.086,-18.3109,172.195,-19.5068,-202.59,-257.389,-272.421,310.946,293.147,-213.032,-231.343,271.16,251.653,
5.1939,0.805268,1.7793,4.17474,0,0,-50,-14.8417,-15.6882,17.862,16.8358,-12.3923,-13.4574,15.6629,14.5632,0,210.052,0,-231.353,0,189.576,0,-214.262,41.1085,14.5834,43.5481,-2.48013,35.6538,25.1275,41.862,-12.2541,-55.9942,191.721,-61.5758,-232.03,-54.3359,149.514,-61.166,-192.004,0.997081,-55.8307,191.161,-61.3961,-231.353,-54.1773,149.077,-60.9874,-191.444,-14.7222,205.745,-17.848,-233.833,-18.5235,174.205,-19.1255,-203.698,-258.116,-272.838,310.644,292.796,-215.519,-234.042,272.398,253.273,
5.19698,0.810949,1.79368,4.16614,0,0,-50,-14.8954,-15.7032,17.8403,16.831,-12.5417,-13.6044,15.727,14.6678,0,210.283,0,-230.927,0,190.654,0,-214.907,41.1533,14.4567,43.5333,-2.72746,36.0115,24.6122,41.9659,-11.8934,-55.3098,192.124,-61.2058,-231.376,-54.6001,151.885,-60.5033,-193.316,0.99806,-55.2025,191.751,-61.087,-230.927,-54.4942,151.59,-60.3859,-192.941,-14.0492,206.208,-17.5537,-233.654,-18.4827,176.202,-18.4201,-204.835,-259.051,-273.1,310.266,292.712,-218.116,-236.599,273.513,255.093,
5.19998,0.815479,1.80855,4.15902,0,0,-50,-14.9554,-15.7316,17.8161,16.834,-12.696,-13.7454,15.7904,14.7639,0,210.507,0,-230.587,0,191.77,0,-215.441,41.1964,14.3334,43.5205,-2.92464,36.3735,24.0739,42.0495,-11.5944,-54.7429,192.638,-60.6547,-230.787,-54.6712,154.252,-59.9531,-194.484,0.999133,-54.6954,192.47,-60.6021,-230.587,-54.6237,154.119,-59.9011,-194.315,-13.499,206.804,-17.0816,-233.512,-18.2502,178.193,-17.8516,-205.91,-260.094,-273.593,309.846,292.764,-220.801,-239.051,274.616,256.764,
5.20419,0.821686,1.82437,4.15156,0,0,-50,-15.0218,-15.7609,17.7914,16.8297,-12.8622,-13.9038,15.8527,14.8669,0,210.823,0,-230.121,0,192.956,0,-216,41.2563,14.16,43.5015,-3.19475,36.7498,23.4956,42.1347,-11.2806,-54.0886,193.212,-60.2036,-230.03,-54.8432,156.822,-59.2551,-195.665,1.0004,-54.1101,193.289,-60.2275,-230.121,-54.8649,156.884,-59.2786,-195.743,-12.8538,207.449,-16.726,-233.316,-18.1152,180.38,-17.1439,-207.024,-261.249,-274.103,309.416,292.69,-223.691,-241.806,275.699,258.555,
5.20806,0.827726,1.841,4.14364,0,0,-50,-15.0897,-15.7914,17.7647,16.8282,-13.0407,-14.0683,15.9225,14.9787,0,211.113,0,-229.668,0,194.204,0,-216.594,41.3108,14.0002,43.4814,-3.45744,37.1355,22.881,42.2228,-10.9465,-53.4188,193.768,-59.6629,-229.262,-54.9091,159.527,-58.5339,-196.952,1.00177,-53.5135,194.112,-59.7687,-229.668,-55.0064,159.81,-58.6376,-197.301,-12.2027,208.112,-16.2872,-233.126,-17.8709,182.691,-16.4149,-208.247,-262.43,-274.633,308.951,292.664,-226.795,-244.666,276.914,260.499,
5.21286,0.832412,1.85681,4.13434,0,0,-50,-15.1624,-15.8101,17.7365,16.8344,-13.2168,-14.2225,15.9816,15.096,0,211.474,0,-229.317,0,195.389,0,-217.292,41.3776,13.8015,43.4647,-3.66115,37.4925,22.2912,42.3227,-10.5534,-52.5137,194.453,-59.0107,-228.76,-54.8504,162.231,-57.5842,-198.399,1.00243,-52.6415,194.926,-59.1542,-229.317,-54.9838,162.626,-57.7243,-198.882,-11.2639,208.728,-15.6895,-232.978,-17.4913,184.917,-15.4015,-209.435,-263.694,-274.958,308.462,292.772,-229.857,-247.348,277.94,262.539,
5.21875,0.835972,1.87206,4.12402,0,0,-50,-15.2408,-15.8197,17.7069,16.8474,-13.3916,-14.3681,16.0287,15.2161,0,211.915,0,-229.05,0,196.533,0,-218.065,41.4581,13.5578,43.4514,-3.81583,37.828,21.7171,42.4294,-10.1161,-51.4,195.28,-58.254,-228.485,-54.676,164.952,-56.4229,-199.952,1.00247,-51.527,195.763,-58.398,-229.05,-54.8112,165.359,-56.5624,-200.447,-10.0689,209.321,-14.9466,-232.866,-16.9832,187.077,-14.133,-210.563,-265.057,-275.126,307.945,292.999,-232.897,-249.881,278.76,264.627,
5.22395,0.839255,1.88798,4.11492,0,0,-50,-15.3194,-15.8403,17.6758,16.8631,-13.5731,-14.5132,16.0827,15.3331,0,212.305,0,-228.804,0,197.727,0,-218.749,41.5281,13.342,43.4387,-3.95849,38.169,21.1119,42.5198,-9.72925,-50.4408,196.08,-57.4071,-228.143,-54.3616,167.68,-55.3955,-201.403,1.00289,-50.5868,196.648,-57.5732,-228.804,-54.5189,168.165,-55.5558,-201.986,-9.05874,209.99,-14.1346,-232.762,-16.3499,189.277,-13.0361,-211.715,-266.425,-275.484,307.406,293.271,-236.053,-252.403,279.699,266.663,
5.23005,0.842839,1.90443,4.10681,0,0,-50,-15.4053,-15.8688,17.6434,16.8787,-13.759,-14.66,16.1313,15.4449,0,212.762,0,-228.535,0,198.96,0,-219.356,41.6087,13.0884,43.4242,-4.11412,38.511,20.4815,42.5972,-9.38448,-49.4999,196.997,-56.5308,-227.755,-53.9956,170.454,-54.3483,-202.718,1.00342,-49.6694,197.672,-56.7244,-228.535,-54.1805,171.038,-54.5344,-203.412,-8.0607,210.76,-13.3002,-232.649,-15.6695,191.519,-11.9373,-212.797,-267.918,-275.979,306.842,293.542,-239.287,-254.956,280.545,268.608,
5.2362,0.846686,1.92203,4.09594,0,0,-50,-15.4917,-15.8836,17.6084,16.8957,-13.9666,-14.8217,16.1883,15.5826,0,213.224,0,-228.246,0,200.281,0,-220.171,41.6884,12.8323,43.4081,-4.28114,38.8656,19.8003,42.6967,-8.9209,-48.3188,197.852,-55.5894,-227.375,-53.5316,173.543,-53.0278,-204.404,1.00383,-48.5039,198.61,-55.8024,-228.246,-53.7367,174.208,-53.231,-205.187,-6.81553,211.442,-12.3943,-232.528,-14.8711,194.009,-10.5343,-214.108,-269.421,-276.236,306.233,293.838,-242.898,-257.769,281.535,271.001,
5.24266,0.850233,1.93943,4.08537,0,0,-50,-15.5793,-15.8982,17.5728,16.9146,-14.1736,-14.9781,16.2402,15.7176,0,213.708,0,-227.98,0,201.586,0,-220.964,41.7704,12.5628,43.3926,-4.43509,39.2042,19.1211,42.7886,-8.46911,-47.1198,198.738,-54.6121,-227.033,-52.9749,176.599,-51.6617,-206.039,1.00417,-47.3165,199.568,-54.84,-227.98,-53.196,177.336,-51.8773,-206.899,-5.54609,212.13,-11.4474,-232.415,-13.9917,196.457,-9.08872,-215.368,-270.944,-276.49,305.615,294.167,-246.497,-260.489,282.439,273.35,
5.25011,0.853241,1.95609,4.07465,0,0,-50,-15.6691,-15.9061,17.5371,16.9362,-14.3743,-15.1245,16.2781,15.8479,0,214.267,0,-227.755,0,202.835,0,-221.769,41.8629,12.2511,43.3791,-4.5656,39.5173,18.4654,42.8769,-8.00968,-45.7959,199.716,-53.6082,-226.821,-52.3483,179.592,-50.1517,-207.637,1.00412,-45.9845,200.538,-53.8289,-227.755,-52.5639,180.331,-50.3583,-208.492,-4.12164,212.789,-10.4499,-232.32,-13.0466,198.797,-7.48132,-216.502,-272.506,-276.628,304.993,294.543,-249.988,-263.035,283.098,275.616,
5.25639,0.855734,1.97242,4.06377,0,0,-50,-15.7514,-15.9113,17.5019,16.9598,-14.5746,-15.2649,16.3226,15.9819,0,214.738,0,-227.568,0,204.06,0,-222.585,41.939,11.9879,43.3675,-4.67371,39.8136,17.8175,42.9616,-7.54265,-44.5327,200.547,-52.574,-226.614,-51.6024,182.507,-48.6825,-209.281,1.00421,-44.7201,201.391,-52.7953,-227.568,-51.8196,183.275,-48.8874,-210.162,-2.78116,213.379,-9.42772,-232.241,-12.006,201.093,-5.92584,-217.705,-273.937,-276.718,304.38,294.953,-253.471,-265.477,283.872,277.946,
5.26457,0.857459,1.98943,4.05249,0,0,-50,-15.8466,-15.9148,17.4627,16.9908,-14.7824,-15.4018,16.3523,16.1157,0,215.352,0,-227.438,0,205.336,0,-223.431,42.0357,11.6443,43.3594,-4.74855,40.1109,17.1379,43.0439,-7.0577,-43.0564,201.625,-51.369,-226.568,-50.6892,185.564,-46.9784,-210.938,1.00384,-43.2218,202.4,-51.5664,-227.438,-50.8839,186.277,-47.1589,-211.748,-1.18616,214.044,-8.20699,-232.187,-10.7731,203.415,-4.11498,-218.806,-275.593,-276.779,303.7,295.493,-257.085,-267.858,284.388,280.273,
5.27232,0.858274,2.00712,4.04086,0,0,-50,-15.9431,-15.9194,17.4211,17.0286,-14.9992,-15.5353,16.3875,16.2569,0,215.933,0,-227.377,0,206.662,0,-224.302,42.1246,11.3185,43.3555,-4.78388,40.4077,16.4257,43.123,-6.55686,-41.5647,202.689,-50.0034,-226.574,-49.5549,188.682,-45.2332,-212.685,1.00354,-41.712,203.408,-50.1806,-227.377,-49.7305,189.35,-45.3935,-213.438,0.412617,214.726,-6.82506,-232.161,-9.32282,205.776,-2.27049,-219.995,-277.272,-276.86,302.975,296.15,-260.856,-270.179,285,282.73,
5.27937,0.858969,2.02596,4.029,0,0,-50,-16.0403,-15.9281,17.3771,17.0693,-15.2308,-15.6731,16.4343,16.4099,0,216.462,0,-227.325,0,208.075,0,-225.192,42.2034,11.0209,43.3522,-4.81402,40.71,15.6616,43.1978,-6.04479,-40.107,203.684,-48.5305,-226.507,-48.2277,191.911,-43.4663,-214.522,1.00361,-40.2518,204.419,-48.7057,-227.325,-48.4018,192.604,-43.6231,-215.296,1.95162,215.44,-5.35353,-232.139,-7.69177,208.265,-0.425371,-221.341,-278.962,-277.011,302.211,296.858,-264.884,-272.575,285.814,285.389,
5.28743,0.859497,2.04458,4.01715,0,0,-50,-16.1403,-15.9326,17.3325,17.1115,-15.46,-15.8043,16.4692,16.5589,0,217.066,0,-227.286,0,209.472,0,-226.081,42.2908,10.6806,43.3496,-4.83688,40.9946,14.9008,43.2664,-5.53236,-38.5453,204.751,-47.0295,-226.499,-46.8194,195.115,-41.5625,-216.297,1.00347,-38.6791,205.463,-47.1928,-227.286,-46.982,195.793,-41.7068,-217.048,3.61167,216.143,-3.84315,-232.122,-5.98745,210.694,1.55957,-222.581,-280.7,-277.089,301.434,297.591,-268.869,-274.857,286.421,287.981,
5.29637,0.85976,2.06204,4.00558,0,0,-50,-16.2383,-15.9294,17.289,17.1537,-15.6753,-15.922,16.4869,16.6963,0,217.737,0,-227.266,0,210.781,0,-226.949,42.3846,10.3021,43.3484,-4.8483,41.2485,14.1827,43.3275,-5.03164,-36.9009,205.86,-45.5649,-226.583,-45.4021,198.158,-39.5679,-217.938,1.00301,-37.0121,206.48,-45.7022,-227.266,-45.5389,198.755,-39.6871,-218.594,5.37248,216.782,-2.35378,-232.114,-4.29037,212.938,3.64041,-223.626,-282.405,-277.033,300.679,298.325,-272.613,-276.904,286.729,290.37,
5.3046,0.859712,2.07981,3.99332,0,0,-50,-16.3327,-15.9228,17.2448,17.1981,-15.8973,-16.0384,16.5107,16.8429,0,218.354,0,-227.269,0,212.114,0,-227.868,42.468,9.95281,43.3486,-4.84623,41.494,13.4474,43.3859,-4.50009,-35.2434,206.857,-44.0412,-226.652,-43.8287,201.223,-37.5063,-219.676,1.00273,-35.3395,207.421,-44.1612,-227.269,-43.9481,201.772,-37.6085,-220.274,7.12852,217.374,-0.812574,-232.116,-2.45412,215.219,5.77743,-224.774,-284.047,-276.918,299.91,299.098,-276.475,-278.929,287.143,292.92,
5.31233,0.859257,2.09844,3.98017,0,0,-50,-16.427,-15.9145,17.1985,17.2466,-16.1323,-16.1559,16.5417,17.0028,0,218.934,0,-227.304,0,213.511,0,-228.855,42.5436,9.62425,43.3508,-4.82649,41.7373,12.6724,43.4414,-3.92882,-33.5414,207.78,-42.4031,-226.704,-42.0365,204.382,-35.3275,-221.547,1.00264,-33.63,208.329,-42.5152,-227.304,-42.1476,204.923,-35.4208,-222.132,8.91362,217.954,0.835641,-232.13,-0.410335,217.595,8.02055,-226.061,-285.687,-276.774,299.105,299.94,-280.562,-280.973,287.681,295.702,
5.32219,0.858442,2.11852,3.96659,0,0,-50,-16.5349,-15.9044,17.1468,17.3021,-16.3811,-16.272,16.5582,17.1655,0,219.673,0,-227.365,0,215.018,0,-229.873,42.6365,9.20417,43.3547,-4.79116,41.9834,11.8316,43.4907,-3.33862,-31.5983,208.922,-40.56,-226.837,-39.9927,207.739,-32.8524,-223.409,1.00233,-31.6719,209.408,-40.6544,-227.365,-40.0858,208.222,-32.9289,-223.929,10.9646,218.612,2.70035,-232.156,1.89753,220.054,10.5618,-227.268,-287.563,-276.598,298.206,300.906,-284.889,-282.991,287.968,298.53,
5.33151,0.85686,2.13856,3.95279,0,0,-50,-16.6405,-15.893,17.0946,17.3618,-16.6297,-16.3789,16.5767,17.3321,0,220.372,0,-227.483,0,216.52,0,-230.908,42.7204,8.80676,43.3623,-4.72257,42.212,10.988,43.5326,-2.73842,-29.6569,209.99,-38.6322,-226.996,-37.769,211.008,-30.3313,-225.294,1.00215,-29.7206,210.441,-38.7151,-227.483,-37.85,211.461,-30.3964,-225.777,12.9998,219.248,4.64713,-232.206,4.36196,222.449,13.1362,-228.516,-289.4,-276.4,297.297,301.944,-289.212,-284.85,288.291,301.427,
5.34019,0.854607,2.1572,3.93881,0,0,-50,-16.7374,-15.8737,17.0449,17.4221,-16.864,-16.4711,16.5894,17.4932,0,221.024,0,-227.652,0,217.918,0,-231.957,42.7953,8.43526,43.3728,-4.62486,42.4094,10.1995,43.5667,-2.12935,-27.722,210.935,-36.7435,-227.221,-35.5093,214.044,-27.7956,-227.126,1.0019,-27.7746,211.335,-36.8132,-227.652,-35.5766,214.45,-27.8483,-227.557,15.0207,219.771,6.5596,-232.277,6.8328,224.649,15.7183,-229.686,-291.085,-276.065,296.433,302.992,-293.287,-286.454,288.51,304.229,
5.35108,0.851803,2.17574,3.92498,0,0,-50,-16.841,-15.8469,16.9928,17.4873,-17.0914,-16.5499,16.5764,17.6411,0,221.84,0,-227.863,0,219.309,0,-232.994,42.8845,7.96907,43.3856,-4.50321,42.5912,9.41152,43.5919,-1.52664,-25.5665,212.067,-34.7449,-227.592,-33.1345,217.043,-25.0457,-228.797,1.00119,-25.5969,212.319,-34.7863,-227.863,-33.174,217.302,-25.0755,-229.069,17.2876,220.288,8.5993,-232.366,9.41724,226.713,18.5164,-230.596,-292.887,-275.599,295.527,304.126,-297.242,-287.824,288.285,306.801,
5.36148,0.848279,2.1951,3.91133,0,0,-50,-16.948,-15.8268,16.9384,17.5582,-17.3251,-16.6226,16.5714,17.797,0,222.62,0,-228.127,0,220.761,0,-234.018,42.9651,7.52256,43.4012,-4.35031,42.7655,8.58496,43.6087,-0.931489,-23.445,213.169,-32.5949,-227.932,-30.5212,220.005,-22.2744,-230.484,1.00086,-23.465,213.351,-32.6227,-228.127,-30.5473,220.193,-22.2934,-230.681,19.5001,220.874,10.7784,-232.477,12.2182,228.778,21.3153,-231.613,-294.749,-275.249,294.581,305.36,-301.307,-289.088,288.198,309.513,
5.37319,0.844756,2.21791,3.89717,0,0,-50,-17.0014,-15.7381,16.793,17.5635,-17.5193,-16.6215,16.4896,17.8981,0,223.498,0,-228.391,0,222.472,0,-235.079,43.0502,7.01899,43.4162,-4.19737,42.9501,7.60751,43.6175,-0.314201,-21.1557,214.394,-30.1255,-228.162,-27.435,223.28,-19.191,-232.27,0.996378,-21.0791,213.617,-30.0164,-227.335,-27.3356,222.472,-19.1215,-231.429,21.9711,220.636,13.3999,-231.533,15.6145,230.079,24.4961,-231.743,-295.677,-273.706,292.052,305.452,-304.683,-289.069,286.775,311.271,
5.38281,0.841245,2.23676,3.8823,0,0,-50,-12.5966,-17.6521,7.38359,8.9437,-20.8752,-13.355,-9.2635,-7.6944,0,224.22,0,-228.654,0,223.885,0,235.044,43.1158,6.60439,43.4307,-4.0449,43.0859,6.79655,43.6174,0.334504,-137.394,206.815,-17.0891,-111.129,91.955,234.747,-17.1209,119.475,0.953729,-131.036,197.245,-16.2983,-105.987,87.7001,223.885,-16.3287,113.947,-87.9205,203.85,27.1324,-110.032,130.786,230.682,27.2887,114.281,-219.072,-306.992,128.41,155.543,-363.047,-232.261,-161.104,-133.816,
5.39319,0.836631,2.25626,3.86707,0,0,-50,-12.981,-18.1116,7.45149,9.09876,-21.0003,-13.322,-9.33286,-7.70097,0,224.998,0,-229,0,225.348,0,233.902,43.182,6.15657,43.4489,-3.84447,43.2102,5.95521,43.6072,0.998823,-137.032,210.481,-15.3174,-111.449,93.4783,233.215,-15.7581,117.767,0.966267,-132.409,203.38,-14.8007,-107.69,90.325,225.348,-15.2266,113.794,-89.2272,209.537,28.6482,-111.534,133.535,231.303,28.3807,114.793,-225.757,-314.984,129.591,158.239,-365.223,-231.688,-162.311,-133.93,
5.40381,0.83258,2.27577,3.85169,0,0,-50,-13.3757,-18.5779,7.51882,9.2565,-21.1233,-13.2909,-9.40677,-7.70608,0,225.794,0,-229.304,0,226.811,0,232.749,43.2449,5.69772,43.4641,-3.66844,43.3182,5.11107,43.5867,1.66917,-136.587,214.139,-13.5277,-111.729,94.8908,231.677,-14.3099,116.095,0.978996,-133.718,209.641,-13.2436,-109.383,92.8977,226.811,-14.0094,113.657,-90.4729,215.339,30.2206,-113.051,136.216,231.922,29.5773,115.326,-232.62,-323.093,130.762,160.983,-367.362,-231.146,-163.596,-134.019,
5.41488,0.827715,2.29605,3.83598,0,0,-50,-13.8011,-19.0733,7.591,9.42564,-21.253,-13.2564,-9.48754,-7.7097,0,226.625,0,-229.669,0,228.332,0,231.57,43.3054,5.21852,43.4815,-3.45692,43.4129,4.23171,43.5551,2.35374,-136.005,217.943,-11.6613,-112.051,96.374,230.038,-12.7306,114.389,0.992584,-134.996,216.327,-11.5748,-111.22,95.6593,228.332,-12.6362,113.541,-91.6906,221.545,31.9066,-114.677,139.072,232.563,30.9189,115.894,-240.02,-331.71,132.017,163.924,-369.618,-230.546,-165.001,-134.082,
5.42647,0.821842,2.3175,3.81899,0,0,-50,-14.2708,-19.6161,7.6721,9.61222,-21.3915,-13.2183,-9.57712,-7.71194,0,227.494,0,-230.11,0,229.941,0,230.296,43.3629,4.71632,43.501,-3.20153,43.4937,3.29952,43.5088,3.09353,-135.297,221.966,-9.68615,-112.426,97.906,228.208,-10.9875,112.565,1.00759,-136.324,223.652,-9.75969,-113.28,98.6493,229.941,-11.0709,113.42,-92.9615,228.368,33.7413,-116.481,142.143,233.24,32.4379,116.513,-248.187,-341.149,133.428,167.169,-372.027,-229.884,-166.559,-134.121,
5.43844,0.816222,2.34095,3.7985,0,0,-50,-14.5988,-19.9144,7.63343,9.69803,-21.2379,-12.9697,-9.55578,-7.58217,0,228.392,0,-230.531,0,231.7,0,228.759,43.4163,4.19685,43.5183,-2.95698,43.5591,2.27864,43.4363,3.98444,-134.575,226.226,-7.54003,-112.762,99.2855,226.086,-9.02627,110.453,1.00957,-135.863,228.392,-7.61222,-113.842,100.236,228.251,-9.11269,111.51,-92.4467,232.589,35.9061,-116.799,143.795,230.529,34.3236,115.495,-253.891,-346.338,132.755,168.661,-369.355,-225.56,-166.187,-131.864,
5.45087,0.810913,2.35888,3.78332,0,0,-50,-14.7098,-19.8616,7.4904,9.66163,-20.8394,-12.5801,-9.45039,-7.37101,0,229.324,0,-230.929,0,233.044,0,227.621,43.4651,3.65697,43.5334,-2.7259,43.593,1.49737,43.3708,4.64297,-133.523,230.12,-5.79299,-113.256,100.395,224.498,-7.23286,109.096,0.99654,-133.061,229.324,-5.77294,-112.864,100.047,223.721,-7.20783,108.719,-89.5955,232.981,37.7605,-115.59,143.64,225.218,36.163,113.362,-255.823,-345.418,130.268,168.028,-362.424,-218.784,-164.355,-128.192,
5.4637,0.80649,2.37934,3.77039,0,0,-50,-14.8221,-19.8093,7.33443,9.62204,-20.465,-12.1928,-9.35898,-7.16625,0,230.287,0,-231.261,0,234.579,0,226.651,43.5084,3.09881,43.545,-2.53336,43.6145,0.605342,43.3072,5.20339,-132.303,233.933,-3.81999,-113.508,101.838,222.955,-5.25457,107.843,0.984414,-130.241,230.287,-3.76045,-111.738,100.251,219.48,-5.17267,106.162,-86.7322,233.386,39.7846,-114.272,143.865,220.085,38.1345,111.366,-257.776,-344.509,127.555,167.34,-355.913,-212.048,-162.765,-124.63,
5.47516,0.80045,2.40088,3.7584,0,0,-50,-10.6062,-20.3654,19.8072,10.4041,10.5569,23.2098,-23.9024,-10.4453,0,231.146,0,-231.714,0,-235.044,0,225.751,43.5411,2.60014,43.5595,-2.2703,43.6174,-0.334511,43.2416,5.72253,-124.062,119.905,-120.47,-117.116,102.635,-132.181,110.989,131.324,1.71904,-213.267,206.121,-207.092,-201.327,176.433,-227.224,190.795,225.751,-169.726,208.722,-163.533,-203.598,220.051,-227.558,234.036,231.474,-184.455,-354.181,344.473,180.94,183.598,403.649,-415.694,-181.658,
5.48894,0.794482,2.42389,3.74463,0,0,-50,-10.8494,-20.3332,19.7626,10.6005,10.6328,22.9469,-23.6757,-10.6071,0,232.18,0,-232.162,0,-233.319,0,224.719,43.5728,1.99983,43.5723,-2.01029,43.5981,-1.33796,43.1588,6.3174,-124.153,123.935,-120.821,-120.641,101.557,-133.948,109.631,133.805,1.67945,-208.509,208.143,-202.913,-202.611,170.56,-224.96,184.121,224.719,-164.936,210.143,-159.341,-204.621,214.158,-226.298,227.28,231.036,-188.684,-353.621,343.698,184.357,184.919,399.077,-411.751,-184.471,
5.5012,0.789113,2.44548,3.73053,0,0,-50,-11.0594,-20.2895,19.708,10.7711,10.7087,22.6983,-23.4601,-10.756,0,233.099,0,-232.564,0,-231.7,0,223.662,43.594,1.46552,43.5825,-1.77633,43.5591,-2.27858,43.0654,6.92501,-124.195,127.652,-121.085,-123.896,100.368,-135.597,108.229,136.087,1.64352,-204.118,209.798,-199.006,-203.626,164.956,-222.856,177.876,223.662,-160.524,211.264,-155.423,-205.403,208.515,-225.135,220.941,230.587,-192.337,-352.86,342.747,187.324,186.238,394.754,-408.002,-187.06,
5.51391,0.782522,2.46924,3.71847,0,0,-50,-11.288,-20.2688,19.7026,10.9769,10.7947,22.4945,-23.2527,-10.9061,0,234.052,0,-233.059,0,-229.917,0,222.757,43.6091,0.911618,43.5932,-1.48902,43.4927,-3.31301,42.9787,7.44421,-124.06,131.484,-121.296,-127.455,99.3382,-137.242,106.642,138.316,1.61049,-199.796,211.754,-195.346,-205.264,159.983,-221.027,171.746,222.757,-156.187,212.665,-151.752,-206.753,203.475,-224.34,214.724,230.201,-196.313,-352.5,342.655,190.902,187.733,391.209,-404.395,-189.671,
5.52693,0.776865,2.49376,3.70754,0,0,-50,-11.5105,-20.251,19.688,11.1676,10.8732,22.2935,-23.0538,-11.053,0,235.029,0,-233.483,0,-228.078,0,221.937,43.6173,0.343473,43.601,-1.24241,43.3984,-4.37834,42.8948,7.9135,-123.852,135.296,-121.419,-130.862,98.2679,-138.737,104.978,140.51,1.57951,-195.626,213.702,-191.783,-206.697,155.215,-219.136,165.814,221.937,-152.008,214.045,-148.182,-207.94,198.614,-223.515,208.708,229.85,-200.183,-352.192,342.4,194.218,189.099,387.713,-400.935,-192.227,
5.54043,0.769471,2.5163,3.69695,0,0,-50,15.8988,12.1219,7.25962,9.54484,13.8514,20.5363,-8.81505,-6.89095,0,-235.198,0,-234.037,0,-226.388,0,221.143,43.618,-0.245133,43.609,-0.919985,43.2886,-5.35544,42.8087,8.36696,-124.137,-214.184,-4.39069,-127.571,82.8714,-257.111,-10.6146,110.707,0.880506,-109.304,-188.59,-3.86603,-112.327,72.9688,-226.388,-9.34618,97.4778,-65.6856,-188.836,39.7429,-113.247,116.257,-231.743,33.4625,105.845,276.502,210.816,126.254,165.997,240.895,357.152,-153.305,-119.843,
5.55408,0.762173,2.53646,3.68684,0,0,-50,15.5396,11.7706,7.2497,9.46104,13.9103,20.3824,-8.64917,-6.82839,0,-234.174,0,-234.585,0,-224.876,0,220.385,43.6106,-0.840475,43.6145,-0.601688,43.1719,-6.22688,42.7218,8.79952,-125.276,-210.259,-5.91782,-128.554,79.6332,-258.081,-12.6886,109.608,0.871338,-109.157,-183.207,-5.15642,-112.014,69.3874,-224.876,-11.0561,95.5058,-65.5469,-184.047,38.4581,-112.616,112.559,-231.103,31.6658,104.305,270.254,204.707,126.082,164.54,241.918,354.477,-150.42,-118.755,
5.56798,0.755234,2.55538,3.67754,0,0,-50,15.2045,11.4397,7.2407,9.38147,13.9632,20.2399,-8.49237,-6.76676,0,-233.132,0,-235.105,0,-223.457,0,219.687,43.5947,-1.44664,43.6176,-0.29904,43.0464,-7.04266,42.6382,9.19644,-126.357,-206.341,-7.39907,-129.427,76.5918,-258.873,-14.6289,108.477,0.863192,-109.07,-178.112,-6.38682,-111.72,66.1134,-223.457,-12.6276,93.6368,-65.4754,-179.559,37.2308,-112.019,109.16,-230.499,30.0106,102.833,264.427,198.951,125.925,163.156,242.839,351.998,-147.693,-117.683,
5.58202,0.746725,2.57594,3.66812,0,0,-50,14.7329,16.6509,-16.9977,-14.9932,16.951,17.1544,-16.6903,-16.6119,0,-232.078,0,235.495,0,-221.915,0,218.981,43.57,-2.05879,43.6186,0.0721001,42.8925,-7.92584,42.5496,9.59766,-10.5646,-216.651,-9.05986,222.939,-40.7103,-229.556,-42.6031,222.227,0.966716,-10.213,-209.44,-8.75831,215.519,-39.3553,-221.915,-41.1851,214.83,33.357,-211.499,34.8603,215.591,3.5372,-229.841,1.36453,224.428,256.224,289.581,-295.612,-260.752,294.801,298.338,-290.267,-288.902,
5.59934,0.73975,2.59879,3.65869,0,0,-50,14.8005,16.5798,-16.9682,-15.1103,17.0061,16.9902,-16.5899,-16.7181,0,-230.779,0,234.972,0,-220.201,0,218.273,43.5279,-2.81294,43.617,0.376328,42.7002,-8.90395,42.4572,9.99854,-12.9471,-214.675,-11.631,222.022,-44.2143,-226.546,-45.9731,220.648,0.971995,-12.5845,-208.663,-11.3053,215.805,-42.9761,-220.201,-44.6856,214.468,30.9433,-211.476,32.3118,216.181,-0.275936,-229.105,-2.22841,224.467,257.4,288.344,-295.099,-262.787,295.758,295.482,-288.521,-290.749,
5.61447,0.730774,2.61725,3.64996,0,0,-50,14.8899,16.5331,-16.9492,-15.2348,17.0562,16.8514,-16.5073,-16.8129,0,-229.645,0,234.299,0,-218.817,0,217.619,43.4803,-3.47092,43.6119,0.767821,42.5286,-9.69045,42.3684,10.3686,-15.2425,-213.042,-14.1105,221.052,-47.1418,-223.806,-48.7706,219.064,0.977707,-14.9027,-208.293,-13.7959,216.124,-46.0909,-218.817,-47.6833,214.18,28.5776,-211.763,29.816,216.892,-3.56225,-228.507,-5.31496,224.549,258.954,287.532,-294.769,-264.953,296.629,293.067,-287.083,-292.398,
5.62663,0.722373,2.6372,3.64175,0,0,-50,14.9731,16.4998,-16.9283,-15.3409,17.106,16.7051,-16.4438,-16.93,0,-228.733,0,233.669,0,-217.32,0,217.003,43.4349,-3.99955,43.6039,1.13417,42.3268,-10.5371,42.2818,10.716,-17.1605,-211.518,-16.2603,219.885,-50.1096,-220.889,-51.5715,217.712,0.983843,-16.8833,-208.101,-15.9976,216.332,-49.3,-217.32,-50.7383,214.194,26.5516,-212.1,27.6063,217.466,-6.97323,-227.858,-8.45647,224.91,260.402,286.954,-294.405,-266.798,297.496,290.523,-285.979,-294.435,
5.63686,0.713589,2.65258,3.63357,0,0,-50,15.057,16.4758,-16.9105,-15.4389,17.151,16.5854,-16.3815,-17.0217,0,-227.965,0,233.01,0,-216.167,0,216.389,43.3917,-4.44386,43.5923,1.51716,42.1598,-11.1866,42.1927,11.0617,-18.9152,-210.26,-18.1904,218.779,-52.5459,-218.453,-53.8899,216.31,0.989535,-18.7172,-208.06,-18.0001,216.489,-51.996,-216.167,-53.326,214.046,24.6745,-212.504,25.5922,218.007,-9.83626,-227.354,-11.1333,225.108,261.861,286.536,-294.095,-268.503,298.278,288.442,-284.896,-296.029,
5.84547,0.703462,2.67104,3.62568,0,0,-50,15.3187,15.5094,-17.4754,-17.1556,17.1948,16.4513,-15.9473,-16.8875,0,-212.319,0,232.251,0,-214.782,0,215.798,41.5306,-13.3339,43.5747,1.95852,41.946,-11.9632,42.1042,11.3941,-37.3298,-189.917,-37.1324,226.063,-53.6062,-209.807,-57.1009,205.022,1.02371,-38.2149,-194.421,-38.0129,231.424,-54.8774,-214.782,-58.4549,209.883,3.31569,-207.755,5.56176,233.382,-12.9313,-226.745,-16.3507,221.278,266.413,269.729,-303.919,-298.358,299.04,286.109,-277.344,-293.695,
5.8585,0.69572,2.68786,3.61952,0,0,-50,15.3534,15.4315,-17.4505,-17.267,17.2076,16.3077,-15.9068,-16.9894,0,-211.342,0,231.67,0,-213.521,0,215.336,41.3534,-13.8738,43.5582,2.2958,41.7389,-12.6668,42.0332,11.6533,-38.8204,-187.904,-39.1819,224.866,-55.704,-206.935,-59.0738,203.87,1.03026,-39.9952,-193.59,-40.3676,231.67,-57.3896,-213.197,-60.8614,210.039,1.35825,-207.464,3.19062,233.966,-15.6506,-225.864,-18.8282,221.692,267.016,268.374,-303.487,-300.296,299.262,283.612,-276.64,-295.469,
5.86991,0.688398,2.70316,3.61378,0,0,-50,15.336,15.3203,-17.3755,-17.3078,17.1607,16.1292,-15.826,-17.0281,0,-210.487,0,231.121,0,-212.373,0,214.905,41.1924,-14.3447,43.5402,2.61469,41.5402,-13.3041,41.9656,11.8944,-40.1356,-186.085,-41.0045,223.708,-57.5717,-204.272,-60.8556,202.794,1.03314,-41.4656,-192.252,-42.3633,231.121,-59.4795,-211.042,-62.8722,209.514,-0.273165,-206.597,1.17693,233.736,-17.9393,-224.346,-20.9066,221.408,266.713,266.44,-302.183,-301.006,298.448,280.508,-275.234,-296.141,
5.87959,0.682358,2.7215,3.60832,0,0,-50,15.3176,15.2253,-17.3114,-17.3438,17.118,15.9381,-15.7587,-17.0981,0,-209.761,0,230.668,0,-210.998,0,214.496,41.0516,-14.7429,43.5236,2.87762,41.2893,-14.0635,41.9,12.1235,-41.1427,-184.312,-42.5238,222.487,-59.6167,-201.304,-62.8816,201.879,1.03677,-42.6556,-191.09,-44.0875,230.668,-61.8089,-208.706,-65.1939,209.302,-1.60401,-205.832,-0.563846,233.546,-20.5196,-222.77,-23.2939,221.426,266.392,264.788,-301.067,-301.631,297.704,277.185,-274.064,-297.358,
5.88802,0.677133,2.73672,3.60302,0,0,-50,15.2983,15.1404,-17.2565,-17.3742,17.0796,15.7742,-15.6934,-17.1509,0,-209.129,0,230.276,0,-209.857,0,214.098,40.926,-15.0882,43.508,3.105,41.0705,-14.6902,41.8352,12.3453,-41.9963,-182.747,-43.8068,221.437,-61.3259,-198.782,-64.6049,200.974,1.03991,-43.6725,-190.042,-45.5553,230.276,-63.7737,-206.716,-67.1836,208.996,-2.74658,-205.13,-2.04734,233.381,-22.7033,-221.406,-25.3485,221.342,266.057,263.31,-300.113,-302.161,297.037,274.334,-272.928,-298.276,
5.89644,0.67186,2.75094,3.59938,0,0,-50,15.2796,15.0562,-17.2024,-17.4037,17.0275,15.6147,-15.6393,-17.1982,0,-208.497,0,229.881,0,-208.79,0,213.825,40.7974,-15.4325,43.491,3.33438,40.8574,-15.273,41.7899,12.4976,-42.8541,-181.271,-45.07,220.475,-62.7516,-196.331,-66.0815,200.255,1.04266,-44.6823,-189.005,-46.9927,229.881,-65.4286,-204.707,-68.9006,208.798,-3.88492,-204.437,-3.50171,233.215,-24.5713,-219.98,-27.1107,221.296,265.732,261.847,-299.172,-302.673,296.131,271.56,-271.988,-299.098,
5.90486,0.66667,2.76343,3.59584,0,0,-50,15.2592,14.9711,-17.1496,-17.4322,16.9742,15.4672,-15.584,-17.2327,0,-207.866,0,229.491,0,-207.853,0,213.56,40.6661,-15.7751,43.4731,3.56001,40.6635,-15.782,41.7455,12.6453,-43.7056,-179.84,-46.3002,219.589,-63.9852,-194.092,-67.3796,199.514,1.0451,-45.6765,-187.951,-48.3882,229.491,-66.8707,-202.845,-70.4182,208.511,-5.01042,-203.726,-4.91506,233.051,-26.2072,-218.627,-28.6727,221.156,265.377,260.367,-298.254,-303.169,295.203,268.995,-271.027,-299.7,
5.91262,0.661541,2.77835,3.59275,0,0,-50,15.2401,14.8919,-17.0986,-17.4592,16.9141,15.3017,-15.5367,-17.2875,0,-207.283,0,229.107,0,-206.734,0,213.328,40.5424,-16.0905,43.4543,3.78295,40.4235,-16.3869,41.7062,12.7743,-44.4623,-178.403,-47.4459,218.605,-65.3278,-191.519,-68.8479,198.879,1.04804,-46.5982,-186.973,-49.7251,229.107,-68.4661,-200.719,-72.1552,208.433,-6.05584,-203.064,-6.2708,232.89,-28.0426,-217.106,-30.4491,221.207,265.046,258.99,-297.367,-303.638,294.158,266.116,-270.204,-300.653,
5.92002,0.657538,2.79181,3.59007,0,0,-50,15.2146,14.8152,-17.0558,-17.4833,16.8546,15.1506,-15.4919,-17.3332,0,-206.729,0,228.806,0,-205.725,0,213.127,40.4223,-16.3898,43.4388,3.95685,40.1993,-16.9294,41.6717,12.8862,-45.0917,-177.04,-48.4265,217.802,-66.4765,-189.198,-70.1505,198.307,1.05053,-47.3699,-185.985,-50.8733,228.806,-69.8353,-198.758,-73.6949,208.326,-6.94764,-202.375,-7.43446,232.763,-29.636,-215.687,-32.0232,221.213,264.602,257.655,-296.623,-304.057,293.124,263.488,-269.424,-301.447,
5.92667,0.654566,2.80561,3.58836,0,0,-50,15.1856,14.7452,-17.0212,-17.504,16.7906,15.0007,-15.4574,-17.3852,0,-206.23,0,228.584,0,-204.689,0,212.999,40.3124,-16.6583,43.4269,4.08594,39.9617,-17.4828,41.6497,12.9571,-45.5637,-175.763,-49.2228,217.113,-67.5245,-186.889,-71.4055,197.917,1.05283,-47.9711,-185.05,-51.8234,228.584,-71.0921,-196.763,-75.1782,208.373,-7.65866,-201.708,-8.39655,232.67,-31.1304,-214.246,-33.5284,221.33,264.098,256.439,-296.02,-304.417,292.011,260.881,-268.824,-302.352,
5.93316,0.652026,2.81894,3.587,0,0,-50,15.1535,14.6761,-16.99,-17.5233,16.724,14.8549,-15.425,-17.4341,0,-205.743,0,228.393,0,-203.69,0,212.897,40.2033,-16.9198,43.4163,4.19626,39.7252,-18.0138,41.632,13.014,-45.9801,-174.519,-49.9477,216.5,-68.47,-184.657,-72.5846,197.575,1.05493,-48.5059,-184.105,-52.6913,228.393,-72.2311,-194.801,-76.5717,208.428,-8.30253,-201.025,-9.27498,232.589,-32.5059,-212.815,-34.9397,221.442,263.539,255.236,-295.478,-304.753,290.852,258.347,-268.261,-303.201,
5.74282,0.649665,2.83132,3.58598,0,0,-50,15.3862,15.8748,-16.626,-16.1387,16.8585,14.8398,-15.7346,-17.7826,0,-220.019,0,228.216,0,-202.761,0,212.82,42.6784,-9.00782,43.4063,4.29875,39.4992,-18.5042,41.6187,13.0564,-33.0373,-194.909,-33.7598,209.254,-72.1067,-188.579,-74.6486,205.691,1.03466,-34.1824,-201.664,-34.93,216.507,-74.6059,-195.115,-77.2359,212.82,8.49604,-210.672,8.47636,220.806,-35.1067,-213.619,-35.6172,225.877,267.587,276.083,-289.149,-280.672,293.191,258.084,-273.645,-309.262,
5.74874,0.64728,2.84219,3.5855,0,0,-50,15.374,15.8212,-16.605,-16.1603,16.7968,14.717,-15.7014,-17.8134,0,-219.575,0,228.037,0,-201.946,0,212.784,42.6243,-9.26031,43.3959,4.40225,39.2957,-18.9324,41.6125,13.0763,-33.6328,-193.967,-34.42,208.869,-72.8378,-186.705,-75.614,205.372,1.03609,-34.8468,-200.968,-35.6624,216.408,-75.4668,-193.443,-78.3431,212.784,7.77758,-210.228,7.73358,220.81,-36.1711,-212.376,-36.7307,225.861,267.373,275.151,-288.783,-281.049,292.119,255.948,-273.068,-309.798,
5.75437,0.645123,2.85245,3.58537,0,0,-50,15.3604,15.7693,-16.5856,-16.1803,16.7348,14.6005,-15.6722,-17.842,0,-219.152,0,227.875,0,-201.177,0,212.774,42.5715,-9.50026,43.3863,4.49586,39.0994,-19.3345,41.6107,13.0818,-34.1824,-193.076,-35.03,208.53,-73.4738,-184.931,-76.4898,205.113,1.03735,-35.4591,-200.287,-36.3384,216.318,-76.218,-191.838,-79.3467,212.774,7.11245,-209.787,7.04799,220.814,-37.1186,-211.173,-37.7359,225.856,267.137,274.25,-288.445,-281.397,291.04,253.921,-272.559,-310.295,
5.75872,0.643337,2.8622,3.58569,0,0,-50,15.3422,15.7225,-16.5639,-16.1882,16.6699,14.4883,-15.6479,-17.8678,0,-218.826,0,227.741,0,-200.445,0,212.799,42.5298,-9.68536,43.3782,4.57332,38.9089,-19.715,41.615,13.0684,-34.5973,-192.334,-35.4906,208.213,-74.0295,-183.28,-77.2777,204.987,1.03811,-35.9158,-199.664,-36.8431,216.147,-76.8506,-190.264,-80.2225,212.799,6.61401,-209.349,6.53513,220.72,-37.9417,-209.979,-38.6076,225.867,266.821,273.435,-288.068,-281.533,289.912,251.97,-272.137,-310.745,
5.76308,0.641935,2.87178,3.58653,0,0,-50,15.3203,15.6745,-16.544,-16.1949,16.6018,14.3784,-15.6275,-17.8924,0,-218.499,0,227.636,0,-199.727,0,212.861,42.4871,-9.87079,43.3718,4.63414,38.7184,-20.0867,41.6259,13.0334,-34.9748,-191.602,-35.9129,207.961,-74.5066,-181.672,-78.0018,204.941,1.03865,-36.3265,-199.007,-37.3008,215.998,-77.386,-188.693,-81.0163,212.861,6.16063,-208.878,6.07098,220.632,-38.6676,-208.78,-39.3904,225.895,266.44,272.6,-287.722,-281.651,288.727,250.059,-271.782,-311.173,
5.96343,0.640832,2.88109,3.58871,0,0,-50,14.9873,14.3496,-16.8554,-17.6054,16.3293,14.1664,-15.3387,-17.6676,0,-203.472,0,227.554,0,-199.029,0,213.025,39.6728,-18.1289,43.3667,4.68196,38.5297,-20.4463,41.6542,12.9426,-47.7557,-168.938,-53.0684,214.073,-71.6339,-174.104,-77.2894,197.08,1.06297,-50.763,-179.576,-56.4103,227.554,-76.1448,-185.068,-82.1565,209.491,-11.0902,-197.705,-13.0436,232.235,-37.6152,-205.514,-40.5022,222.433,260.649,249.558,-293.137,-306.18,283.988,246.372,-266.76,-307.262,
5.96691,0.640054,2.88988,3.59156,0,0,-50,14.9638,14.3126,-16.8441,-17.613,16.2604,14.0752,-15.3522,-17.7092,0,-203.212,0,227.495,0,-198.37,0,213.239,39.6095,-18.2667,43.363,4.71574,38.3486,-20.784,41.691,12.8238,-47.8914,-168.332,-53.3461,213.9,-71.7893,-172.676,-77.7405,197.433,1.06356,-50.9353,-179.031,-56.7366,227.495,-76.3521,-183.651,-82.6815,209.981,-11.3257,-197.298,-13.3736,232.211,-38.0035,-204.435,-40.9905,222.805,260.241,248.915,-292.94,-306.314,282.789,244.785,-266.995,-307.986,
5.97011,0.63961,2.89852,3.59464,0,0,-50,14.9397,14.2783,-16.8355,-17.6195,16.1919,13.9872,-15.3686,-17.7511,0,-202.972,0,227.462,0,-197.722,0,213.47,39.5509,-18.3933,43.3609,4.73496,38.1676,-21.1146,41.7303,12.6953,-47.981,-167.769,-53.5646,213.775,-71.9068,-171.299,-78.1617,197.836,1.06403,-51.0531,-178.511,-56.9942,227.462,-76.5108,-182.266,-83.1661,210.503,-11.5022,-196.904,-13.6333,232.197,-38.3432,-203.381,-41.4359,223.198,259.821,248.319,-292.792,-306.425,281.599,243.255,-267.279,-308.715,
5.97234,0.639478,2.9068,3.59898,0,0,-50,14.9213,14.2553,-16.8314,-17.623,16.1234,13.9083,-15.4001,-17.7988,0,-202.805,0,227.452,0,-197.101,0,213.795,39.5098,-18.4814,43.3603,4.74068,37.9914,-21.4299,41.785,12.5141,-48.0071,-167.385,-53.6762,213.716,-71.8939,-170.029,-78.4597,198.462,1.06427,-51.0927,-178.143,-57.1261,227.452,-76.5148,-180.957,-83.5025,211.217,-11.5829,-196.625,-13.7658,232.193,-38.5234,-202.387,-41.7176,223.732,259.501,247.918,-292.72,-306.486,280.406,241.883,-267.827,-309.545,
5.97444,0.639694,2.91458,3.6034,0,0,-50,14.9018,14.2338,-16.8297,-17.6257,16.0573,13.8355,-15.4325,-17.8436,0,-202.647,0,227.468,0,-196.517,0,214.127,39.471,-18.5642,43.3613,4.73133,37.8236,-21.7247,41.8399,12.3292,-47.9993,-167.035,-53.7448,213.715,-71.8393,-168.86,-78.7071,199.11,1.06435,-51.0883,-177.784,-57.2035,227.468,-76.4624,-179.727,-83.7723,211.923,-11.6173,-196.349,-13.8422,232.199,-38.6388,-201.451,-41.9324,224.253,259.162,247.544,-292.691,-306.533,279.257,240.618,-268.392,-310.324,
5.97632,0.640317,2.92163,3.60774,0,0,-50,14.8815,14.2147,-16.8309,-17.6274,15.9961,13.7712,-15.4647,-17.8843,0,-202.506,0,227.515,0,-195.988,0,214.452,39.436,-18.6385,43.3642,4.7043,37.6693,-21.9912,41.893,12.1476,-47.9502,-166.73,-53.761,213.776,-71.7521,-167.828,-78.9023,199.758,1.06427,-51.0319,-177.445,-57.2161,227.515,-76.3635,-178.614,-83.9732,212.595,-11.5959,-196.083,-13.8519,232.219,-38.6942,-200.605,-42.0802,224.743,258.809,247.213,-292.712,-306.564,278.193,239.499,-268.951,-311.031,
5.97754,0.641528,2.92788,3.61352,0,0,-50,14.8646,14.2048,-16.8372,-17.6268,15.9356,13.7203,-15.5124,-17.9267,0,-202.414,0,227.606,0,-195.52,0,214.886,39.4131,-18.6867,43.3699,4.65181,37.5312,-22.226,41.9625,11.9054,-47.8371,-166.591,-53.6785,213.96,-71.4984,-166.98,-78.9173,200.648,1.06378,-50.888,-177.216,-57.1019,227.606,-76.0582,-177.629,-83.9503,213.444,-11.4749,-195.903,-13.732,232.257,-38.527,-199.855,-41.9878,225.35,258.515,247.04,-292.821,-306.553,277.141,238.614,-269.78,-311.768,
5.78221,0.643397,2.93351,3.61874,0,0,-50,15.0228,15.3436,-16.3721,-16.0551,15.9423,13.6678,-15.6766,-18.0019,0,-217.064,0,227.746,0,-195.097,0,215.277,42.2906,-10.6816,43.3785,4.57072,37.4055,-22.437,42.0241,11.686,-35.6944,-188.593,-36.8177,208.038,-74.8316,-172.208,-80.181,209.319,1.02847,-36.7105,-193.961,-37.8658,213.96,-76.9618,-177.11,-82.4634,215.277,5.58009,-204.643,5.51272,218.531,-39.5563,-199.547,-40.4393,226.963,261.265,266.845,-284.732,-279.219,277.258,237.702,-272.636,-313.076,
5.78305,0.645722,2.93846,3.62573,0,0,-50,14.9739,15.3124,-16.3559,-16.0212,15.8606,13.6153,-15.7096,-18.003,0,-217.001,0,227.92,0,-194.726,0,215.802,42.2816,-10.717,43.389,4.46986,37.294,-22.6219,42.1047,11.3921,-35.4872,-188.557,-36.6299,208.387,-74.4369,-171.624,-79.9413,210.413,1.02561,-36.396,-193.386,-37.568,213.724,-76.3433,-176.02,-81.9887,215.802,5.88557,-204.103,5.82106,218.194,-39.0493,-198.642,-39.8839,227.194,260.417,266.302,-284.451,-278.63,275.836,236.787,-273.211,-313.095,
5.78353,0.64843,2.94293,3.63188,0,0,-50,14.9264,15.2856,-16.3444,-15.9886,15.7904,13.5703,-15.7387,-18.0039,0,-216.965,0,228.123,0,-194.391,0,216.263,42.2764,-10.7373,43.401,4.35232,37.1925,-22.7883,42.174,11.133,-35.2198,-188.53,-36.3768,208.745,-74.0994,-171.143,-79.7355,211.402,1.02299,-36.0295,-192.865,-37.2131,213.544,-75.803,-175.078,-81.5686,216.263,6.2469,-203.602,6.18788,217.896,-38.6105,-197.866,-39.3947,227.396,259.589,265.836,-284.251,-278.063,274.616,236.006,-273.716,-313.111,
5.78386,0.651666,2.94691,3.64002,0,0,-50,14.874,15.259,-16.3309,-15.9494,15.7107,13.5319,-15.7817,-18.0005,0,-216.94,0,228.366,0,-194.092,0,216.873,42.2728,-10.7515,43.4148,4.21187,37.1015,-22.9361,42.2632,10.7895,-34.8924,-188.618,-36.073,209.224,-73.5504,-170.782,-79.294,212.699,1.01962,-35.5771,-192.319,-36.7809,213.329,-74.9938,-174.134,-80.8501,216.873,6.69575,-203.071,6.63391,217.541,-37.8923,-197.07,-38.5869,227.662,258.679,265.375,-284.015,-277.381,273.23,235.338,-274.464,-313.051,
5.78389,0.655321,2.95038,3.64797,0,0,-50,14.8219,15.2363,-16.3205,-15.9099,15.6381,13.5012,-15.8249,-17.9959,0,-216.938,0,228.64,0,-193.832,0,217.47,42.2726,-10.7525,43.4299,4.05315,37.0216,-23.0649,42.3477,10.4528,-34.5036,-188.74,-35.7069,209.736,-72.9961,-170.531,-78.8194,213.984,1.01629,-35.0656,-191.814,-36.2885,213.152,-74.185,-173.308,-80.1032,217.47,7.20699,-202.567,7.14142,217.205,-37.1635,-196.373,-37.7555,227.923,257.773,264.98,-283.835,-276.694,271.967,234.803,-275.216,-312.971,
5.7836,0.659396,2.95339,3.65537,0,0,-50,14.7705,15.2175,-16.3142,-15.8711,15.5751,13.4778,-15.8658,-17.9908,0,-216.96,0,228.946,0,-193.606,0,218.024,42.2757,-10.7404,43.4461,3.87616,36.952,-23.1762,42.4238,10.1394,-34.0542,-188.876,-35.2766,210.268,-72.4755,-170.381,-78.3531,215.203,1.01311,-34.5007,-191.353,-35.7392,213.024,-73.4257,-172.615,-79.3804,218.024,7.77495,-202.093,7.70694,216.901,-36.4737,-195.791,-36.9565,228.164,256.878,264.653,-283.725,-276.018,270.871,234.397,-275.927,-312.883,
5.78294,0.663878,2.95597,3.66485,0,0,-50,14.7157,15.201,-16.3044,-15.8238,15.5019,13.4602,-15.921,-17.9813,0,-217.01,0,229.282,0,-193.413,0,218.735,42.2827,-10.7125,43.463,3.68139,36.8922,-23.2713,42.518,9.73681,-33.5335,-189.16,-34.7844,210.895,-71.74,-170.341,-77.6337,216.741,1.0092,-33.842,-190.9,-35.1045,212.835,-72.4001,-171.909,-78.3479,218.735,8.44075,-201.613,8.35857,216.516,-35.5079,-195.18,-35.8299,228.472,255.925,264.366,-283.555,-275.197,269.599,234.091,-276.888,-312.718,
5.78162,0.668648,2.95815,3.6741,0,0,-50,14.6616,15.1898,-16.2957,-15.7731,15.4352,13.4485,-15.9761,-17.9708,0,-217.108,0,229.64,0,-193.249,0,219.429,42.2968,-10.6567,43.4801,3.47404,36.8413,-23.3517,42.6063,9.34303,-32.9352,-189.51,-34.2092,211.52,-71.015,-170.395,-76.8889,218.271,1.00531,-33.11,-190.516,-34.3908,212.642,-71.3919,-171.299,-77.297,219.429,9.18679,-201.173,9.08932,216.116,-34.5506,-194.651,-34.6907,228.772,254.984,264.171,-283.404,-274.315,268.438,233.887,-277.845,-312.535,
5.77948,0.674232,2.95991,3.68375,0,0,-50,14.6037,15.1838,-16.2887,-15.7153,15.372,13.4443,-16.035,-17.9582,0,-217.269,0,230.059,0,-193.117,0,220.153,42.3196,-10.566,43.4988,3.23117,36.8001,-23.4166,42.6944,8.93158,-32.1949,-189.957,-33.4881,212.203,-70.245,-170.584,-76.0543,219.9,1.00115,-32.232,-190.176,-33.5266,212.448,-70.3259,-170.78,-76.1418,220.153,10.0876,-200.742,9.97217,215.679,-33.5257,-194.196,-33.4474,229.084,253.978,264.066,-283.281,-273.309,267.339,233.813,-278.869,-312.316,
5.77701,0.67905,2.96122,3.69384,0,0,-50,14.5535,15.1828,-16.277,-15.6562,15.3078,13.4431,-16.0977,-17.9438,0,-217.454,0,230.42,0,-193.019,0,220.909,42.3455,-10.4615,43.5139,3.02157,36.7695,-23.4647,42.7824,8.50031,-31.4959,-190.505,-32.8157,212.817,-69.4071,-170.802,-75.1134,221.572,0.99701,-31.4017,-189.935,-32.7176,212.18,-69.1995,-170.291,-74.8888,220.909,10.9439,-200.397,10.7963,215.202,-32.43,-193.756,-32.1064,229.41,253.105,264.049,-283.078,-272.281,266.222,233.792,-279.959,-312.066,
5.77321,0.684455,2.96219,3.70407,0,0,-50,14.5003,15.1889,-16.2643,-15.5863,15.2475,13.4474,-16.1627,-17.9276,0,-217.739,0,230.825,0,-192.946,0,221.677,42.385,-10.3005,43.5296,2.78634,36.7467,-23.5004,42.8671,8.06202,-30.6348,-191.188,-31.9738,213.432,-68.5588,-171.139,-74.1065,223.323,0.992629,-30.409,-189.779,-31.7381,211.859,-68.0535,-169.878,-73.5602,221.677,11.976,-200.079,11.7915,214.645,-31.3067,-193.378,-30.6931,229.739,252.179,264.155,-282.858,-271.066,265.174,233.867,-281.091,-311.784,
5.76929,0.690747,2.96285,3.71451,0,0,-50,14.4436,15.197,-16.2563,-15.5159,15.1924,13.4589,-16.2298,-17.9102,0,-218.033,0,231.297,0,-192.897,0,222.46,42.425,-10.1344,43.5462,2.51241,36.7312,-23.5246,42.949,7.61412,-29.6715,-191.876,-31.0364,214.124,-67.6757,-171.58,-73.0332,225.109,0.988233,-29.3224,-189.618,-30.6712,211.605,-66.8794,-169.561,-72.1739,222.46,13.1026,-199.752,12.8751,214.117,-30.1482,-193.085,-29.2249,230.074,251.194,264.296,-282.718,-269.842,264.216,234.068,-282.257,-311.482,
5.76525,0.695912,2.96322,3.72447,0,0,-50,14.3971,15.2091,-16.2444,-15.4487,15.1402,13.4705,-16.2943,-17.893,0,-218.336,0,231.684,0,-192.869,0,223.207,42.4656,-9.96293,43.5586,2.28745,36.7225,-23.5382,43.0227,7.18603,-28.7986,-192.599,-30.1973,214.688,-66.8168,-171.99,-71.9623,226.789,0.984203,-28.3437,-189.557,-29.7203,211.297,-65.7613,-169.273,-70.8256,223.207,14.1219,-199.52,13.8383,213.584,-29.0388,-192.811,-27.8029,230.393,250.384,264.506,-282.512,-268.674,263.308,234.269,-283.38,-311.183,
5.75974,0.701892,2.96334,3.7371,0,0,-50,14.3444,15.2295,-16.2268,-15.3632,15.0761,13.4877,-16.377,-17.8702,0,-218.75,0,232.133,0,-192.86,0,224.154,42.5199,-9.72867,43.5715,2.02693,36.7197,-23.5426,43.11,6.64204,-27.7004,-193.587,-29.1563,215.327,-65.7069,-172.53,-70.5415,228.9,0.979265,-27.126,-189.573,-28.5517,210.862,-64.3445,-168.953,-69.0788,224.154,15.3939,-199.302,15.0198,212.889,-27.6248,-192.495,-25.9688,230.796,249.467,264.861,-282.206,-267.186,262.193,234.569,-284.817,-310.786,
5.75448,0.708843,2.96312,3.74904,0,0,-50,14.2891,15.2505,-16.2175,-15.2829,15.0241,13.5132,-16.4558,-17.8478,0,-219.144,0,232.654,0,-192.876,0,225.049,42.5705,-9.50485,43.5846,1.72402,36.7247,-23.5347,43.1862,6.127,-26.5222,-194.491,-28.0403,216.032,-64.6389,-173.167,-69.1457,230.896,0.974678,-25.8506,-189.566,-27.3302,210.561,-63.0021,-168.782,-67.3948,225.049,16.7199,-199.071,16.2543,212.285,-26.2774,-192.316,-24.2086,231.176,248.505,265.225,-282.044,-265.789,261.289,235.011,-286.188,-310.396,
5.74875,0.715374,2.96255,3.76123,0,0,-50,14.2388,15.2768,-16.2056,-15.2009,14.973,13.5417,-16.5371,-17.824,0,-219.574,0,233.144,0,-192.919,0,225.964,42.6242,-9.26082,43.5949,1.43932,36.7383,-23.5136,43.2577,5.6002,-25.3277,-195.477,-26.9264,216.673,-63.5259,-173.834,-67.6565,232.908,0.970184,-24.5726,-189.649,-26.1235,210.213,-61.6318,-168.651,-65.6393,225.964,18.0517,-198.91,17.4714,211.653,-24.8936,-192.164,-22.3816,231.564,247.632,265.684,-281.836,-264.364,260.401,235.507,-287.601,-309.983,
5.74282,0.722133,2.96145,3.7739,0,0,-50,14.1908,15.308,-16.1951,-15.1193,14.9249,13.5775,-16.6225,-17.7983,0,-220.019,0,233.651,0,-193.002,0,226.914,42.6784,-9.00782,43.6036,1.14462,36.7642,-23.473,43.3252,5.0513,-24.0738,-196.518,-25.7758,217.33,-62.3317,-174.587,-66.0352,234.961,0.965755,-23.2494,-189.788,-24.8931,209.887,-60.1972,-168.609,-63.7738,226.914,19.429,-198.796,18.7105,211.032,-23.433,-192.082,-20.4487,231.966,246.797,266.226,-281.654,-262.944,259.564,236.131,-289.086,-309.535,
5.73657,0.728437,2.95966,3.78673,0,0,-50,14.1499,15.3455,-16.184,-15.0393,14.8801,13.6195,-16.7102,-17.7708,0,-220.487,0,234.124,0,-193.136,0,227.876,42.7338,-8.74117,43.61,0.869736,36.806,-23.4074,43.3864,4.49533,-22.818,-197.636,-24.6495,217.933,-61.0807,-175.403,-64.306,236.994,0.961528,-21.9402,-190.032,-23.7011,209.548,-58.7307,-168.655,-61.8319,227.876,20.7937,-198.773,19.9089,210.418,-21.9247,-192.062,-18.4455,232.372,246.085,266.879,-281.462,-261.553,258.785,236.86,-290.611,-309.057,
5.72996,0.736455,2.9574,3.79967,0,0,-50,14.1008,15.3858,-16.1806,-14.9564,14.8452,13.6735,-16.7998,-17.7418,0,-220.983,0,234.725,0,-193.306,0,228.847,42.7907,-8.45827,43.6156,0.520072,36.8589,-23.3239,43.4409,3.93342,-21.3528,-198.739,-23.3211,218.649,-59.789,-176.396,-62.4899,239.05,0.957316,-20.4414,-190.256,-22.3257,209.316,-57.237,-168.867,-59.8226,228.847,22.3493,-198.714,21.2899,209.836,-20.3781,-192.191,-16.3816,232.78,245.231,267.58,-281.401,-260.111,258.178,237.8,-292.171,-308.553,
5.72399,0.743513,2.95472,3.81266,0,0,-50,14.0632,15.4295,-16.1778,-14.8839,14.8113,13.7296,-16.8899,-17.7125,0,-221.431,0,235.255,0,-193.506,0,229.821,42.8404,-8.20274,43.6181,0.212191,36.9212,-23.2253,43.4884,3.36877,-20.0077,-199.835,-22.1439,219.304,-58.4468,-177.354,-60.6097,241.016,0.95355,-19.0784,-190.552,-21.1153,209.117,-55.7319,-169.116,-57.7944,229.821,23.7621,-198.755,22.5029,209.329,-18.8108,-192.341,-14.306,233.19,244.577,268.339,-281.354,-258.851,257.587,238.776,-293.737,-308.043,
5.7164,0.75225,2.95167,3.82465,0,0,-50,12.3013,8.7866,6.9831,8.54085,14.1767,18.0007,-7.59316,-7.38921,0,-222,0,-235.329,0,-193.736,0,230.72,42.9014,-7.87752,43.6183,-0.168882,36.9919,-23.1124,43.5256,2.84736,-132.916,-171.516,-21.1168,-133.456,37.7072,-247.539,-51.0812,125.37,0.782648,-104.026,-134.237,-16.527,-104.449,29.5115,-193.736,-39.9786,98.1208,-61.125,-142.114,27.0913,-104.618,66.5034,-216.848,3.54704,100.968,213.935,152.81,121.445,148.536,246.552,313.055,-132.055,-128.508,
5.70921,0.958666,2.94835,3.83988,0,0,-50,14.2886,9.90719,7.26378,8.63491,14.2437,17.9525,-8.47466,-8.43671,0,-222.539,0,-219.848,0,-193.985,0,231.862,42.957,-7.56883,42.6578,-9.10503,37.0685,-22.9895,43.5639,2.18408,-141.14,-184.177,-22.2828,-116.126,32.4932,-229.774,-50.8195,132.407,0.844242,-119.156,-155.49,-18.8121,-98.0383,27.4321,-193.985,-42.904,111.784,-76.1991,-163.059,23.8457,-107.143,64.5006,-216.974,0.659986,113.968,248.498,172.299,126.327,150.172,247.716,312.217,-147.385,-146.725,
5.70189,0.96769,2.94438,3.85437,0,0,-50,14.492,10.1137,7.26299,8.65289,14.2144,18.0041,-8.60369,-8.54105,0,-223.088,0,-219.171,0,-194.282,0,232.949,43.0112,-7.25408,42.5739,-9.4896,37.1594,-22.8422,43.591,1.55268,-140.628,-187.142,-21.7178,-115.388,33.9287,-229.293,-50.1607,134.529,0.847311,-119.155,-158.568,-18.4017,-97.7696,28.7481,-194.282,-42.5017,113.988,-76.1441,-165.822,24.1722,-107.259,65.9075,-217.124,1.08929,115.541,252.035,175.891,126.313,150.485,247.207,313.114,-149.629,-148.54,
5.69439,0.780089,2.9409,3.86925,0,0,-50,12.88,9.34104,7.00364,8.60821,14.0852,18.1528,-7.92722,-7.66743,0,-223.651,0,-233.241,0,-194.543,0,234.065,43.0644,-6.93121,43.5967,-1.38297,37.2385,-22.713,43.6093,0.9037,-132.152,-180.417,-19.8219,-131.16,42.3225,-245.757,-49.3823,131.619,0.791607,-104.612,-142.82,-15.6912,-103.827,33.5028,-194.543,-39.0913,104.191,-61.5478,-149.751,27.9056,-105.21,70.7414,-217.256,4.51795,105.094,224.001,162.453,121.802,149.708,244.959,315.701,-137.865,-133.347,
5.68619,0.788682,2.93682,3.88453,0,0,-50,13.0792,9.54235,7.01252,8.6366,14.0527,18.2081,-8.04303,-7.7589,0,-224.266,0,-232.597,0,-194.849,0,235.211,43.1198,-6.57797,43.5832,-1.75752,37.331,-22.5606,43.618,0.237281,-131.676,-183.578,-19.3032,-130.51,43.9675,-245.215,-48.6741,133.719,0.794604,-104.631,-145.872,-15.3384,-103.704,34.9367,-194.849,-38.6767,106.254,-61.5109,-152.45,28.2448,-105.461,72.2678,-217.41,4.94134,106.491,227.465,165.954,121.957,150.202,244.395,316.663,-139.879,-134.937,
5.67771,0.800714,2.93229,3.89993,0,0,-50,14.3542,15.913,16.7798,17.9392,14.3,13.6251,15.2237,15.0885,0,-224.902,0,-231.694,0,-195.189,0,-234.872,43.1741,-6.21187,43.5589,-2.28178,37.4329,-22.3913,43.6165,-0.434425,-17.1433,-211.047,-24.9671,-247.257,-52.4734,-176.936,-49.0546,-217.535,0.937058,-16.0643,-197.763,-23.3956,-231.694,-49.1706,-165.799,-45.967,-203.843,27.1098,-203.975,20.1633,-233.976,-11.7378,-188.191,-2.35048,-204.278,249.639,276.749,291.823,311.986,248.695,236.958,264.759,262.409,
5.66879,0.808899,2.92692,3.9149,0,0,-50,14.3615,15.8946,16.7715,17.9093,14.3522,13.6254,15.1518,14.9696,0,-225.571,0,-231.08,0,-195.592,0,-233.75,43.2277,-5.82669,43.5388,-2.63824,37.5525,-22.19,43.6051,-1.08722,-17.6776,-211.38,-25.3477,-246.606,-53.566,-177.531,-49.9165,-215.47,0.937044,-16.5647,-198.073,-23.752,-231.08,-50.1937,-166.355,-46.774,-201.905,26.6631,-203.899,19.7868,-233.719,-12.6412,-188.545,-3.1689,-202.992,249.764,276.427,291.679,311.466,249.604,236.963,263.51,260.341,
5.66016,0.81416,2.92223,3.93011,0,0,-50,14.3529,15.865,16.76,17.8963,14.4174,13.6419,15.0826,14.8506,0,-226.218,0,-230.686,0,-195.943,0,-232.609,43.2764,-5.45348,43.5243,-2.86727,37.6561,-22.0138,43.5835,-1.75022,-18.12,-211.511,-25.3604,-246.192,-54.582,-178.312,-50.8198,-213.415,0.937016,-16.9787,-198.189,-23.7631,-230.686,-51.1442,-167.082,-47.619,-199.973,26.2977,-203.642,19.7612,-233.553,-13.4881,-189.095,-4.03545,-201.723,249.616,275.913,291.478,311.239,250.738,237.25,262.306,258.271,
5.64862,0.820668,2.91606,3.94751,0,0,-50,14.3455,15.8409,16.7437,17.8821,14.4925,13.6654,14.9891,14.7086,0,-227.083,0,-230.198,0,-196.406,0,-231.304,43.3365,-4.95367,43.5047,-3.15043,37.7913,-21.7809,43.5465,-2.50831,-18.5003,-211.876,-25.3071,-245.738,-55.6972,-179.319,-51.6938,-210.97,0.93676,-17.3304,-198.477,-23.7066,-230.198,-52.1749,-167.979,-48.4247,-197.628,26.0061,-203.43,19.7981,-233.348,-14.3836,-189.76,-4.87817,-200.137,249.488,275.494,291.195,310.993,252.044,237.66,260.68,255.802,
5.63986,0.828338,2.91009,3.96401,0,0,-50,14.3578,15.8208,16.7351,17.8549,14.5611,13.6844,14.9145,14.5858,0,-227.74,0,-229.622,0,-196.854,0,-230.066,43.3782,-4.57384,43.4793,-3.48402,37.9206,-21.555,43.4992,-3.22656,-19.139,-212.151,-25.6173,-245.038,-56.7377,-180.127,-52.5196,-208.71,0.937089,-17.935,-198.804,-24.0057,-229.622,-53.1683,-168.795,-49.2155,-195.58,25.4432,-203.378,19.4736,-233.106,-15.2477,-190.35,-5.71634,-198.807,249.701,275.145,291.046,310.519,253.237,237.99,259.383,253.667,
5.62964,0.835181,2.90434,3.98297,0,0,-50,14.3587,15.7898,16.722,17.8359,14.6437,13.7114,14.825,14.4396,0,-228.507,0,-229.109,0,-197.285,0,-228.645,43.4227,-4.13018,43.4544,-3.78146,38.0439,-21.3365,43.4302,-4.05063,-19.7737,-212.357,-25.6926,-244.433,-57.8882,-181.106,-53.487,-206.087,0.93731,-18.5341,-199.044,-24.0819,-229.109,-54.2592,-169.752,-50.1339,-193.167,24.8886,-203.175,19.3725,-232.891,-16.2152,-191.089,-6.70374,-197.218,249.717,274.605,290.818,310.19,254.674,238.458,257.826,251.123,
5.61919,0.839375,2.89752,4.00079,0,0,-50,14.3541,15.7638,16.7053,17.833,14.7389,13.7672,14.7385,14.309,0,-229.291,0,-228.795,0,-197.796,0,-227.308,43.4635,-3.67618,43.4382,-3.9637,38.1885,-21.0766,43.3511,-4.82389,-20.2103,-212.583,-25.4143,-244.053,-58.7613,-182.436,-54.2098,-203.664,0.937481,-18.9468,-199.292,-23.8254,-228.795,-55.0876,-171.03,-50.8207,-190.931,24.5167,-202.969,19.6128,-232.758,-16.899,-192.107,-7.46957,-195.755,249.637,274.153,290.527,310.14,256.329,239.43,256.322,248.852,
5.60844,0.842731,2.89201,4.0114,0,0,-50,14.3453,15.7653,16.6864,17.8362,14.7917,13.8031,14.6514,14.2139,0,-230.097,0,-228.543,0,-198.21,0,-226.513,43.5005,-3.20875,43.4246,-4.10943,38.3042,-20.8657,43.2975,-5.2834,-20.0762,-213.199,-25.0114,-243.979,-59.2466,-183.444,-54.3444,-202.026,0.936731,-18.806,-199.71,-23.429,-228.543,-55.4982,-171.838,-50.9061,-189.244,24.6944,-202.919,19.9957,-232.652,-17.194,-192.704,-7.60863,-194.527,249.484,274.178,290.199,310.195,257.247,240.053,254.807,247.198,
5.59673,0.846901,2.88521,4.0247,0,0,-50,14.3416,15.7642,16.6667,17.8364,14.8602,13.851,14.5557,14.1051,0,-230.975,0,-228.23,0,-198.719,0,-225.515,43.5351,-2.69923,43.4071,-4.2905,38.445,-20.605,43.2234,-5.85887,-20.075,-213.832,-24.6364,-243.785,-59.812,-184.666,-54.5412,-200.055,0.936193,-18.7941,-200.188,-23.0644,-228.23,-55.9956,-172.883,-51.0611,-187.29,24.741,-202.887,20.3427,-232.521,-17.5505,-193.488,-7.83772,-193.149,249.419,274.16,289.855,310.198,258.438,240.887,253.143,245.306,
5.58627,0.851419,2.8794,4.03721,0,0,-50,14.3416,15.7623,16.6499,17.832,14.9192,13.8882,14.4669,14.0022,0,-231.76,0,-227.891,0,-199.155,0,-224.577,43.5609,-2.24361,43.3873,-4.48657,38.5642,-20.3812,43.1467,-6.3992,-20.1464,-214.403,-24.3969,-243.535,-60.3712,-185.683,-54.7457,-198.189,0.935763,-18.8523,-200.63,-22.8297,-227.891,-56.4931,-173.756,-51.229,-185.458,24.7086,-202.874,20.5576,-232.378,-17.929,-194.137,-8.08229,-191.857,249.418,274.127,289.564,310.121,259.464,241.535,251.599,243.517,
5.57396,0.854943,2.8722,4.05175,0,0,-50,14.3352,15.7577,16.628,17.8373,14.9971,13.9486,14.3653,13.8882,0,-232.683,0,-227.627,0,-199.696,0,-223.486,43.5852,-1.7073,43.3712,-4.63941,38.71,-20.1029,43.0491,-7.02572,-20.1498,-215.015,-23.8867,-243.387,-60.8875,-187.08,-54.9022,-196.074,0.935249,-18.8451,-201.093,-22.34,-227.627,-56.9449,-174.966,-51.3473,-183.378,24.7402,-202.8,21.0312,-232.267,-18.235,-195.069,-8.29813,-190.404,249.307,274.047,289.183,310.214,260.82,242.585,249.832,241.533,
5.5612,0.857867,2.86646,4.06483,0,0,-50,14.3177,15.7517,16.6042,17.8474,15.0592,13.9945,14.2566,13.7728,0,-233.64,0,-227.408,0,-200.126,0,-222.505,43.6035,-1.1509,43.3575,-4.76622,38.8247,-19.8804,42.9535,-7.58848,-19.9773,-215.666,-23.2645,-243.407,-61.3758,-188.293,-54.981,-194.061,0.934271,-18.6642,-201.491,-21.7354,-227.408,-57.3416,-175.917,-51.3672,-181.305,24.9393,-202.641,21.6221,-232.174,-18.5169,-195.797,-8.41371,-188.894,249.003,273.942,288.768,310.39,261.9,243.383,247.941,239.527,
5.54844,0.860551,2.85942,4.07793,0,0,-50,14.306,15.7512,16.5803,17.8587,15.1291,14.0563,14.1519,13.668,0,-234.597,0,-227.206,0,-200.654,0,-221.522,43.6146,-0.594831,43.3445,-4.88259,38.9636,-19.6067,42.8504,-8.15045,-19.798,-216.361,-22.6154,-243.403,-61.7296,-189.701,-54.9221,-192.115,0.933457,-18.4806,-201.964,-21.1105,-227.206,-57.6219,-177.078,-51.2674,-179.331,25.134,-202.559,22.234,-232.089,-18.6583,-196.684,-8.41699,-187.482,248.799,273.933,288.353,310.587,263.115,244.457,246.121,237.704,
5.53549,0.863032,2.85283,4.08752,0,0,-50,14.2897,15.7621,16.5557,17.8716,15.1763,14.1057,14.048,13.5821,0,-235.568,0,-227.02,0,-201.148,0,-220.803,43.6187,-0.029761,43.3323,-4.9901,39.092,-19.3495,42.7703,-8.56088,-19.3229,-217.235,-21.9355,-243.548,-61.9129,-190.944,-54.5777,-190.575,0.932138,-18.0116,-202.493,-20.4469,-227.02,-57.7114,-177.986,-50.8739,-177.642,25.6071,-202.523,22.8854,-232.011,-18.6194,-197.336,-8.10364,-186.203,248.517,274.124,287.926,310.811,263.936,245.317,244.314,236.21,
5.52129,0.865105,2.84593,4.09877,0,0,-50,-10.3469,-8.96339,19.8256,14.5921,6.71731,8.38985,12.3975,18.1939,0,234.606,0,-226.865,0,-201.666,0,-219.959,43.6147,0.589657,43.3218,-5.07993,39.2246,-19.0792,42.6713,-9.04164,-20.4226,135.305,-140.312,-236.951,-10.5878,-86.408,60.7202,-205.882,0.957433,-19.5533,129.545,-134.339,-226.865,-10.1371,-82.7299,58.1355,-197.118,24.0614,130.135,-91.0173,-231.945,29.0876,-101.809,100.807,-206.159,-179.947,-155.885,344.792,253.775,116.823,145.91,215.609,316.416,
5.5097,0.86622,2.83886,4.10813,0,0,-50,-10.3565,-9.03293,19.8603,14.5521,6.82742,8.46123,12.5977,18.3357,0,233.736,0,-226.781,0,-202.196,0,-219.257,43.6049,1.09504,43.3162,-5.12821,39.3586,-18.8014,42.5848,-9.44061,-21.3744,134.531,-140.823,-235.459,-11.3631,-87.4539,59.3952,-206.639,0.963145,-20.5867,129.573,-135.633,-226.781,-10.9443,-84.2308,57.2062,-199.024,23.0182,130.668,-92.3171,-231.91,28.4142,-103.032,99.7909,-208.464,-180.113,-157.094,345.397,253.08,118.738,147.152,219.091,318.882,
5.49623,0.866987,2.83151,4.11702,0,0,-50,-10.3609,-9.09773,19.8976,14.5112,6.9457,8.54174,12.8116,18.4851,0,232.726,0,-226.724,0,-202.747,0,-218.59,43.5862,1.68231,43.3122,-5.16143,39.4956,-18.5117,42.4991,-9.81892,-22.3042,133.562,-141.338,-233.922,-12.111,-88.5862,57.9537,-207.478,0.969227,-21.6179,129.452,-136.989,-226.724,-11.7383,-85.8601,56.1703,-201.094,21.9683,131.134,-93.6764,-231.885,27.7573,-104.372,98.6695,-210.913,-180.19,-158.221,346.045,252.369,120.795,148.552,222.811,321.48,
5.48194,0.867454,2.82366,4.12803,0,0,-50,-10.366,-9.17395,19.9365,14.4701,7.08201,8.63553,13.0488,18.643,0,231.655,0,-226.689,0,-203.336,0,-217.765,43.5577,2.30475,43.3098,-5.18168,39.6397,-18.2011,42.3885,-10.2859,-23.3927,132.589,-141.811,-232.315,-12.9352,-89.8986,56.2644,-208.335,0.975783,-22.8262,129.378,-138.377,-226.689,-12.622,-87.7215,54.9019,-203.289,20.7315,131.682,-95.0671,-231.87,27.0177,-105.923,97.2904,-213.575,-180.279,-159.547,346.721,251.654,123.165,150.183,226.936,324.226,
5.46478,0.867658,2.81529,4.13773,0,0,-50,-10.3608,-9.23811,19.9796,14.426,7.22829,8.7412,13.304,18.8136,0,230.368,0,-226.673,0,-203.964,0,-217.037,43.5118,3.05188,43.3087,-5.1905,39.7908,-17.8684,42.2867,-10.6969,-24.4025,131.266,-142.319,-230.606,-13.7132,-91.3091,54.4606,-209.317,0.982947,-23.9864,129.028,-139.892,-226.673,-13.4793,-89.752,53.5319,-205.747,19.5254,132.08,-96.5833,-231.864,26.3115,-107.62,95.8186,-216.444,-180.188,-160.663,347.471,250.888,125.709,152.021,231.374,327.192,
5.44678,0.867562,2.80748,4.14552,0,0,-50,-10.3467,-9.2853,20.0216,14.3844,7.36944,8.84705,13.5498,18.9762,0,229.018,0,-226.681,0,-204.549,0,-216.453,43.4498,3.83456,43.3092,-5.18635,39.929,-17.5575,42.2021,-11.0259,-25.2454,129.781,-142.791,-228.996,-14.3767,-92.6646,52.7023,-210.298,0.989888,-24.9901,128.468,-141.347,-226.681,-14.2313,-91.7276,52.1694,-208.171,18.4597,132.303,-98.0383,-231.867,25.6977,-109.285,94.3715,-219.197,-179.943,-161.484,348.202,250.164,128.164,153.862,235.649,330.021,
5.4333,0.867119,2.79856,4.15431,0,0,-50,-10.3354,-9.33336,20.0546,14.3536,7.50675,8.95118,13.7662,19.1246,0,228.006,0,-226.714,0,-205.219,0,-215.794,43.3941,4.42001,43.3115,-5.16714,40.0841,-17.2003,42.1036,-11.3962,-26.0769,128.669,-143.058,-227.667,-15.0265,-94.1058,51.3014,-211.143,0.995814,-25.9677,128.13,-142.459,-226.714,-14.9636,-93.7118,51.0866,-210.259,17.4264,132.55,-99.1473,-231.881,25.1205,-110.912,93.1902,-221.655,-179.746,-162.319,348.775,249.628,130.552,155.673,239.412,332.602,
5.42128,0.86598,2.79067,4.16187,0,0,-50,-10.3225,-9.37061,20.081,14.3325,7.62974,9.04824,13.9529,19.249,0,227.105,0,-226.799,0,-205.81,0,-215.227,43.3379,4.94128,43.3174,-5.11783,40.2185,-16.8836,42.0162,-11.7143,-26.7657,127.688,-143.195,-226.648,-15.5387,-95.4478,50.0554,-211.896,1.00067,-26.7836,127.773,-143.29,-226.799,-15.5491,-95.5114,50.0887,-212.037,16.5543,132.714,-99.973,-231.917,24.6694,-112.395,92.1049,-223.752,-179.521,-162.967,349.234,249.261,132.691,157.361,242.659,334.764,
5.41035,0.864446,2.7841,4.16927,0,0,-50,-10.3105,-9.40579,20.103,14.3177,7.74274,9.13902,14.1205,19.3519,0,226.285,0,-226.914,0,-206.303,0,-214.672,43.2813,5.41464,43.3252,-5.05138,40.3285,-16.6192,41.9284,-12.0247,-27.4151,126.849,-143.252,-225.832,-15.9689,-96.686,48.8186,-212.533,1.00479,-27.5464,127.456,-143.938,-226.914,-16.0454,-97.1492,49.0524,-213.551,15.7348,132.871,-100.613,-231.966,24.2831,-113.768,90.9809,-225.575,-179.314,-163.579,349.617,249.004,134.656,158.939,245.575,336.555,
5.39678,0.862205,2.7766,4.17592,0,0,-50,-10.2447,-9.37677,20.0175,14.2378,7.82795,9.20909,14.2298,19.3764,0,225.268,0,-227.082,0,-206.865,0,-214.174,43.2038,6.00128,43.3364,-4.95427,40.4521,-16.3161,41.8476,-12.3032,-27.9986,125.729,-143.282,-225,-16.3671,-98.1076,47.4697,-213.323,1.00399,-28.1102,126.23,-143.853,-225.897,-16.4323,-98.4987,47.6589,-214.174,15.0936,132.231,-100.516,-230.851,24.0198,-114.815,89.5064,-226.477,-178.168,-163.074,348.131,247.614,136.138,160.158,247.475,336.981,
5.3846,0.859401,2.76995,4.1815,0,0,-50,-10.1497,-9.30415,19.8536,14.1226,7.87034,9.24607,14.2596,19.3191,0,224.354,0,-227.293,0,-207.364,0,-213.755,43.1275,6.52739,43.3501,-4.83272,40.5597,-16.0467,41.7782,-12.5368,-28.4601,124.741,-143.21,-224.436,-16.6561,-99.4354,46.2757,-214.04,0.998669,-28.4222,124.575,-143.02,-224.137,-16.634,-99.3031,46.2141,-213.755,14.7053,131.102,-99.6694,-228.97,23.9257,-115.35,87.9923,-226.292,-176.517,-161.811,345.28,245.61,136.876,160.801,247.993,335.985,
5.37232,0.856153,2.76217,4.18758,0,0,-50,-10.0506,-9.22757,19.681,14.0058,7.9167,9.28862,14.2883,19.2605,0,223.433,0,-227.536,0,-207.948,0,-213.299,43.0441,7.05614,43.3656,-4.69191,40.6833,-15.7308,41.7012,-12.7904,-28.9342,123.732,-143.07,-223.903,-16.9431,-100.928,45.0897,-214.81,0.992965,-28.7307,122.862,-142.064,-222.328,-16.8239,-100.218,44.7725,-213.299,14.3135,129.918,-98.6984,-227.019,23.8594,-115.949,86.4738,-226.089,-174.793,-160.479,342.278,243.579,137.682,161.541,248.491,334.965,
5.36147,0.852222,2.75534,4.19268,0,0,-50,-9.96884,-9.16264,19.5396,13.9206,7.96057,9.33351,14.3136,19.2099,0,222.619,0,-227.831,0,-208.46,0,-212.916,42.965,7.52307,43.3837,-4.52141,40.7898,-15.4525,41.6354,-13.0031,-29.2966,122.884,-142.823,-223.661,-17.1185,-102.325,44.0491,-215.508,0.987973,-28.9443,121.406,-141.105,-220.971,-16.9126,-101.095,43.5193,-212.916,14.0207,128.93,-97.7218,-225.493,23.8772,-116.547,85.1547,-225.919,-173.371,-159.35,339.819,242.097,138.445,162.322,248.931,334.086,
5.35221,0.848651,2.74838,4.19721,0,0,-50,-9.89496,-9.10237,19.4106,13.8443,7.99993,9.37522,14.3335,19.1676,0,221.925,0,-228.099,0,-208.982,0,-212.576,42.8936,7.92026,43.3996,-4.36644,40.8964,-15.1681,41.5761,-13.1916,-29.6007,122.133,-142.572,-223.452,-17.2649,-103.646,43.2127,-216.165,0.983399,-29.1093,120.105,-140.205,-219.742,-16.9783,-101.925,42.4953,-212.576,13.7842,128.026,-96.8052,-224.109,23.9181,-117.093,84.0713,-225.768,-172.086,-158.302,337.575,240.77,139.129,163.047,249.278,333.349,
5.34117,0.844504,2.74182,4.20115,0,0,-50,-9.81791,-9.03665,19.2836,13.7713,8.04151,9.42148,14.3582,19.1233,0,221.096,0,-228.41,0,-209.474,0,-212.281,42.8034,8.39371,43.4173,-4.18645,40.995,-14.8997,41.5237,-13.3554,-29.8476,121.233,-142.292,-223.297,-17.3626,-105.006,42.2403,-216.867,0.978854,-29.2165,118.67,-139.283,-218.575,-16.9955,-102.786,41.3471,-212.281,13.587,127.063,-95.8658,-222.762,23.9995,-117.685,82.8708,-225.636,-170.746,-157.159,335.367,239.501,139.852,163.852,249.708,332.579,
5.3329,0.840082,2.73337,4.20474,0,0,-50,-9.74899,-8.97368,19.1616,13.71,8.08094,9.4698,14.3724,19.0913,0,220.476,0,-228.742,0,-210.107,0,-212.012,42.7326,8.74737,43.4354,-3.99441,41.1194,-14.5528,41.4756,-13.5041,-30.0229,120.535,-141.903,-223.289,-17.4144,-106.469,41.6668,-217.623,0.974218,-29.2488,117.427,-138.245,-217.532,-16.9654,-103.724,40.5925,-212.012,13.4837,126.175,-94.8093,-221.526,24.154,-118.277,82.0681,-225.516,-169.548,-156.064,333.245,238.435,140.538,164.692,249.954,332.023,
5.32384,0.835504,2.72543,4.20806,0,0,-50,-9.68032,-8.91026,19.043,13.6511,8.1201,9.51888,14.3891,19.0581,0,219.797,0,-229.085,0,-210.703,0,-211.763,42.6515,9.13416,43.4532,-3.79552,41.2337,-14.2256,41.4306,-13.6417,-30.1726,119.777,-141.51,-223.296,-17.435,-107.913,41.0119,-218.375,0.969722,-29.2591,116.15,-137.225,-216.535,-16.9071,-104.646,39.7702,-211.763,13.3925,125.284,-93.7719,-220.33,24.3266,-118.871,81.2008,-225.405,-168.353,-154.961,331.183,237.411,141.219,165.546,250.244,331.445,
5.31463,0.83083,2.71754,4.21074,0,0,-50,-9.61366,-8.8459,18.93,13.5969,8.15773,9.56822,14.4055,19.0283,0,219.106,0,-229.436,0,-211.295,0,-211.562,42.5657,9.52633,43.4705,-3.59239,41.3446,-13.9001,41.3938,-13.7529,-30.2603,118.992,-141.102,-223.337,-17.417,-109.34,40.4012,-219.143,0.965403,-29.2134,114.875,-136.22,-215.61,-16.8144,-105.557,39.0034,-211.562,13.3522,124.401,-92.7497,-219.203,24.5302,-119.458,80.3972,-225.315,-167.194,-153.842,329.217,236.467,141.874,166.404,250.53,330.927,
5.30654,0.825773,2.70977,4.21301,0,0,-50,-9.55641,-8.78798,18.8299,13.5571,8.19342,9.61841,14.4188,19.0037,0,218.499,0,-229.815,0,-211.878,0,-211.392,42.4872,9.87049,43.4881,-3.3725,41.4515,-13.5781,41.3625,-13.8466,-30.2946,118.331,-140.626,-223.532,-17.3395,-110.74,39.9192,-219.895,0.96133,-29.1231,113.755,-135.188,-214.888,-16.669,-106.458,38.3755,-211.392,13.364,123.625,-91.7001,-218.26,24.7825,-120.036,79.7381,-225.238,-166.199,-152.834,327.476,235.776,142.494,167.277,250.761,330.499,
5.29912,0.819661,2.70106,4.21492,0,0,-50,-9.50472,-8.73128,18.734,13.5308,8.23027,9.67509,14.4289,18.984,0,217.943,0,-230.273,0,-212.531,0,-211.248,42.4128,10.1852,43.5079,-3.10664,41.568,-13.2169,41.3359,-13.9259,-30.2608,117.765,-140.008,-223.944,-17.1781,-112.269,39.5827,-220.723,0.957073,-28.9618,112.71,-133.998,-214.331,-16.4407,-107.45,37.8835,-211.248,13.451,122.895,-90.4903,-217.437,25.1274,-120.667,79.2194,-225.174,-165.299,-151.848,325.809,235.319,143.135,168.262,250.937,330.157,
5.29233,0.814412,2.69447,4.21633,0,0,-50,-9.46328,-8.68547,18.6592,13.5125,8.26095,9.72277,14.4396,18.9663,0,217.434,0,-230.667,0,-213.025,0,-211.143,42.3426,10.4732,43.5236,-2.87822,41.6542,-12.9426,41.3163,-13.9838,-30.2141,117.262,-139.488,-224.316,-17.0192,-113.507,39.2236,-221.392,0.953707,-28.8154,111.834,-133.031,-213.931,-16.2313,-108.252,37.4078,-211.143,13.5272,122.307,-89.5072,-216.81,25.4229,-121.195,78.7241,-225.127,-164.579,-151.052,324.508,235.001,143.669,169.092,251.124,329.848,
5.28458,0.8086,2.68692,4.2176,0,0,-50,-9.41654,-8.63246,18.5748,13.4908,8.29398,9.77561,14.4514,18.9482,0,216.852,0,-231.103,0,-213.591,0,-211.048,42.2602,10.8012,43.5396,-2.6252,41.7508,-12.6278,41.2985,-14.0363,-30.1313,116.67,-138.906,-224.71,-16.8249,-114.893,38.8507,-222.161,0.949974,-28.624,110.833,-131.957,-213.469,-15.9832,-109.146,36.9072,-211.048,13.6362,121.635,-88.4179,-216.094,25.7676,-121.773,78.2057,-225.084,-163.766,-150.13,323.04,234.622,144.243,170.011,251.328,329.534,
5.27758,0.80262,2.67962,4.21835,0,0,-50,-9.37721,-8.58425,18.5011,13.4792,8.3246,9.82778,14.461,18.9348,0,216.327,0,-231.551,0,-214.139,0,-210.991,42.1835,11.0967,43.5545,-2.36478,41.8418,-12.3227,41.2879,-14.0675,-29.9974,116.162,-138.29,-225.201,-16.5868,-116.226,38.5812,-222.915,0.946509,-28.3928,109.948,-130.893,-213.154,-15.6996,-110.009,36.5174,-210.991,13.7907,121.045,-87.338,-215.519,26.1423,-122.331,77.8054,-225.058,-163.082,-149.291,321.758,234.42,144.776,170.918,251.495,329.301,
5.27165,0.796603,2.67231,4.21878,0,0,-50,-9.34461,-8.54079,18.4349,13.4748,8.35227,9.8784,14.4675,18.9261,0,215.882,0,-232.003,0,-214.687,0,-210.959,42.117,11.3467,43.5679,-2.10271,41.9308,-12.0165,41.2819,-14.0853,-29.8308,115.757,-137.645,-225.757,-16.3156,-117.513,38.4405,-223.655,0.943232,-28.1374,109.185,-129.831,-212.941,-15.3894,-110.842,36.2583,-210.959,13.9796,120.532,-86.2629,-215.044,26.5413,-122.859,77.5401,-225.044,-162.515,-148.535,320.607,234.344,145.257,171.798,251.609,329.149,
5.2646,0.790084,2.66503,4.21891,0,0,-50,-9.31054,-8.49438,18.368,13.4722,8.3818,9.93277,14.4766,18.9163,0,215.354,0,-232.492,0,-215.233,0,-210.949,42.036,11.6432,43.5807,-1.81863,42.0172,-11.7107,41.28,-14.0907,-29.622,115.274,-136.956,-226.36,-16.0058,-118.857,38.2299,-224.437,0.9399,-27.8417,108.346,-128.725,-212.756,-15.0438,-111.714,35.9323,-210.949,14.1942,119.99,-85.1441,-214.575,26.9734,-123.424,77.2123,-225.039,-161.923,-147.728,319.443,234.299,145.77,172.744,251.767,328.98,
5.25809,0.783097,2.65691,4.2187,0,0,-50,-9.27945,-8.44775,18.3006,13.474,8.41011,9.98935,14.4829,18.9111,0,214.866,0,-233.016,0,-215.842,0,-210.965,41.9593,11.9165,43.5924,-1.5141,42.1109,-11.3694,41.283,-14.0818,-29.3611,114.849,-136.188,-227.05,-15.6399,-120.271,38.1551,-225.284,0.936441,-27.495,107.549,-127.532,-212.619,-14.6459,-112.627,35.73,-210.965,14.4644,119.466,-83.9401,-214.133,27.465,-123.996,77.0131,-225.047,-161.382,-146.917,318.271,234.331,146.263,173.728,251.876,328.889,
5.25313,0.775499,2.64958,4.21815,0,0,-50,-9.26338,-8.4139,18.2531,13.4971,8.43654,10.0465,14.4862,18.9106,0,214.494,0,-233.585,0,-216.392,0,-211.006,41.8997,12.1246,43.6026,-1.18284,42.1931,-11.0602,41.2908,-14.0591,-29.062,114.641,-135.331,-227.971,-15.207,-121.599,38.2,-226.064,0.933389,-27.1261,107.005,-126.317,-212.786,-14.1941,-113.499,35.6555,-211.006,14.7735,119.13,-82.7141,-213.969,27.999,-124.559,76.9463,-225.065,-161.102,-146.329,317.446,234.732,146.722,174.721,251.934,328.88,
5.24798,0.767757,2.64302,4.21694,0,0,-50,-9.25256,-8.38312,18.2165,13.5284,8.46215,10.1034,14.4903,18.9125,0,214.107,0,-234.166,0,-216.884,0,-211.097,41.8366,12.3403,43.6105,-0.845249,42.2647,-10.7834,41.3078,-14.0091,-28.7056,114.441,-134.463,-228.957,-14.7439,-122.846,38.2522,-226.818,0.93069,-26.716,106.509,-125.143,-213.088,-13.722,-114.332,35.601,-211.097,15.1206,118.849,-81.5329,-213.933,28.5427,-125.115,76.9088,-225.106,-160.914,-145.793,316.81,235.277,147.168,175.71,252.005,328.914,
5.24311,0.759752,2.63528,4.21498,0,0,-50,-9.24211,-8.34793,18.1757,13.5595,8.48523,10.1612,14.4912,18.9214,0,213.742,0,-234.766,0,-217.464,0,-211.243,41.7761,12.5437,43.6158,-0.496102,42.3469,-10.4559,41.3351,-13.9284,-28.265,114.242,-133.535,-229.967,-14.2255,-124.166,38.4893,-227.674,0.927833,-26.2252,105.998,-123.898,-213.371,-13.1989,-115.205,35.7116,-211.243,15.5509,118.542,-80.2826,-213.867,29.148,-125.661,77.0467,-225.172,-160.732,-145.181,316.099,235.817,147.569,176.717,252.021,329.068,
5.23848,0.751854,2.6273,4.21244,0,0,-50,-9.23358,-8.312,18.1362,13.5909,8.50545,10.2174,14.4904,18.9349,0,213.395,0,-235.359,0,-218.063,0,-211.434,41.7176,12.7369,43.6184,-0.151632,42.429,-10.1176,41.3703,-13.8233,-27.7707,114.049,-132.602,-230.964,-13.6816,-125.457,38.8334,-228.557,0.925083,-25.6902,105.505,-122.668,-213.661,-12.6566,-116.058,35.9241,-211.434,16.0274,118.242,-79.0499,-213.813,29.7724,-126.176,77.2944,-225.257,-160.584,-144.557,315.413,236.363,147.921,177.693,252.007,329.302,
5.23483,0.74289,2.61919,4.20945,0,0,-50,-21.7912,-11.7458,-9.20184,-18.2964,15.3654,6.74608,9.79815,18.8793,0,213.121,0,235.208,0,-218.671,0,-211.659,41.6708,12.8893,43.618,0.239375,42.5097,-9.773,41.4116,-13.6993,87.1337,139.592,-132.167,121.222,-126.027,-91.2003,76.3207,-117.611,1.52674,133.031,213.121,-201.785,185.075,-192.411,-139.239,116.522,-179.562,174.701,226.01,-158.167,185.314,-149.901,-149.012,157.933,-193.261,-378.977,-204.276,-160.032,-318.198,267.224,117.323,170.403,328.336,
5.23066,0.734513,2.61016,4.20613,0,0,-50,-21.7884,-11.728,-9.14965,-18.3005,15.57,6.86708,9.92856,19.0624,0,212.808,0,234.58,0,-219.348,0,-211.908,41.6167,13.0629,43.6145,0.604748,42.5962,-9.38899,41.4568,-13.5618,86.8911,138.669,-132.121,120.148,-126.381,-92.4101,76.4941,-118.471,1.53465,133.347,212.808,-202.759,184.385,-193.951,-141.817,117.392,-181.812,174.964,225.871,-159.144,184.99,-151.355,-151.206,158.849,-195.374,-378.929,-203.965,-159.124,-318.269,270.782,119.428,172.671,331.519,
5.22733,0.726807,2.60308,4.20241,0,0,-50,-21.7904,-11.7095,-9.08964,-18.2938,15.7318,6.95463,10.0387,19.2198,0,212.558,0,234.002,0,-219.879,0,-212.186,41.5729,13.2015,43.6085,0.940814,42.6616,-9.08706,41.5069,-13.4076,86.7293,137.834,-132.078,119.056,-126.648,-93.2475,76.6241,-119.166,1.54213,133.748,212.558,-203.681,183.6,-195.308,-143.8,118.164,-183.769,175.321,225.76,-160.072,184.541,-152.647,-152.887,159.671,-197.177,-378.964,-203.643,-158.081,-318.153,273.597,120.95,174.586,334.257,
5.22464,0.717136,2.59545,4.19819,0,0,-50,-21.7981,-11.6884,-9.00337,-18.2783,15.9155,7.04245,10.1686,19.4165,0,212.357,0,233.276,0,-220.452,0,-212.503,41.5373,13.3131,43.5974,1.36251,42.7297,-8.76112,41.5631,-13.2324,86.5123,136.81,-132.006,117.57,-126.944,-94.0312,76.8391,-119.924,1.5522,134.284,212.357,-204.9,182.492,-197.043,-145.955,119.27,-186.146,175.822,225.67,-161.303,183.855,-154.313,-154.716,160.833,-199.378,-379.098,-203.277,-156.58,-317.883,276.791,122.477,176.846,337.678,
5.22167,0.708292,2.58787,4.1934,0,0,-50,-21.8075,-11.6643,-8.92628,-18.2656,16.0945,7.13412,10.2919,19.6025,0,212.134,0,232.613,0,-221.02,0,-212.862,41.4976,13.4365,43.5836,1.74804,42.7949,-8.43725,41.626,-13.033,86.3924,135.849,-131.925,116.232,-127.2,-94.8443,77.0376,-120.669,1.56154,134.905,212.134,-206.006,181.501,-198.628,-148.103,120.297,-188.429,176.403,225.571,-162.423,183.25,-155.833,-156.541,161.924,-201.462,-379.26,-202.857,-155.24,-317.662,279.905,124.072,178.99,340.913,
5.21945,0.697098,2.58052,4.18821,0,0,-50,-21.8216,-11.6391,-8.81023,-18.2332,16.2811,7.21035,10.434,19.8242,0,211.968,0,231.773,0,-221.572,0,-213.251,41.4677,13.5284,43.5613,2.23577,42.8558,-8.12212,41.6931,-12.8168,86.1777,134.693,-131.815,114.388,-127.474,-95.4366,77.2796,-121.431,1.57371,135.619,211.968,-207.439,180.014,-200.608,-150.19,121.616,-191.097,177.087,225.496,-163.878,182.249,-157.752,-158.312,163.309,-203.914,-379.506,-202.42,-153.221,-317.099,283.149,125.397,181.46,344.769,
5.21774,0.688158,2.57326,4.18278,0,0,-50,-21.841,-11.6112,-8.72387,-18.2171,16.4607,7.29637,10.556,20.0248,0,211.839,0,231.103,0,-222.116,0,-213.659,41.4444,13.5995,43.5396,2.62512,42.9136,-7.81119,41.7621,-12.5903,86.1321,133.707,-131.687,112.938,-127.682,-96.1215,77.5793,-122.13,1.58436,136.464,211.839,-208.639,178.934,-202.293,-152.291,122.913,-193.497,177.909,225.439,-165.1,181.559,-159.38,-160.102,164.675,-206.088,-379.843,-201.935,-151.719,-316.819,286.273,126.893,183.582,348.257,
5.21589,0.681591,2.56598,4.17669,0,0,-50,-21.8643,-11.5788,-8.67108,-18.2187,16.6311,7.39407,10.6562,20.1969,0,211.701,0,230.61,0,-222.662,0,-214.115,41.4193,13.676,43.5214,2.911,42.9693,-7.4983,41.838,-12.3358,86.2898,132.896,-131.556,111.93,-127.818,-96.9311,77.8956,-122.78,1.59299,137.459,211.701,-209.568,178.303,-203.613,-154.41,124.087,-195.587,178.878,225.377,-166.046,181.214,-160.643,-161.908,165.925,-207.923,-380.248,-201.37,-150.801,-316.847,289.236,128.592,185.325,351.25,
5.21456,0.676318,2.55867,4.1701,0,0,-50,-21.8937,-11.5427,-8.63608,-18.2322,16.7983,7.49741,10.743,20.3593,0,211.601,0,230.215,0,-223.21,0,-214.61,41.401,13.731,43.5055,3.14045,43.023,-7.18398,41.9184,-12.0598,86.5815,132.167,-131.414,111.135,-127.905,-97.7807,78.2765,-123.386,1.60101,138.618,211.601,-210.394,177.928,-204.777,-156.548,125.321,-197.543,180.019,225.332,-166.889,181.069,-161.754,-163.732,167.24,-209.602,-380.761,-200.742,-150.193,-317.081,292.144,130.39,186.835,354.075,
5.21371,0.669714,2.55162,4.16346,0,0,-50,-21.9255,-11.5067,-8.57802,-18.2332,16.9681,7.59023,10.84,20.5416,0,211.537,0,229.72,0,-223.739,0,-215.107,41.3893,13.7663,43.4838,3.42766,43.0725,-6.88062,41.9975,-11.7812,86.8014,131.337,-131.251,110.053,-128.001,-98.4825,78.6801,-123.989,1.61065,139.807,211.537,-211.4,177.256,-206.165,-158.621,126.726,-199.703,181.196,225.304,-167.916,180.684,-163.092,-165.501,168.724,-211.485,-381.312,-200.116,-149.183,-317.099,295.097,132.004,188.522,357.245,
5.21292,0.663051,2.54374,4.1565,0,0,-50,-21.9604,-11.4678,-8.52506,-18.2409,17.159,7.70038,10.9435,20.7402,0,211.478,0,229.22,0,-224.33,0,-215.63,41.3784,13.799,43.46,3.71733,43.1255,-6.54077,42.0785,-11.4885,87.0545,130.474,-131.062,108.994,-128.096,-99.3247,79.1549,-124.646,1.62084,141.102,211.478,-212.431,176.662,-207.623,-160.99,128.298,-202.032,182.48,225.277,-168.971,180.379,-164.498,-167.531,170.376,-213.521,-381.92,-199.44,-148.262,-317.233,298.417,133.92,190.322,360.699,
5.21245,0.658234,2.53627,4.14895,0,0,-50,-22.0008,-11.4251,-8.49548,-18.2615,17.3321,7.80906,11.024,20.9124,0,211.443,0,228.859,0,-224.89,0,-216.196,41.372,13.8183,43.4416,3.92666,43.1731,-6.2186,42.1641,-11.1705,87.4743,129.748,-130.878,108.239,-128.121,-100.151,79.6538,-125.213,1.62965,142.552,211.443,-213.285,176.392,-208.792,-163.211,129.807,-204.053,183.924,225.261,-169.844,180.319,-165.618,-169.43,171.971,-215.224,-382.622,-198.698,-147.747,-317.591,301.428,135.81,191.723,363.694,
5.21228,0.654459,2.52934,4.14018,0,0,-50,-22.0489,-11.3761,-8.47475,-18.287,17.4851,7.90774,11.0857,21.0658,0,211.43,0,228.575,0,-225.41,0,-216.854,41.3695,13.8258,43.4264,4.09062,43.2151,-5.9194,42.2604,-10.8002,88.0656,129.083,-130.698,107.611,-128.074,-100.862,80.1663,-125.691,1.63793,144.246,211.43,-214.075,176.26,-209.777,-165.206,131.307,-205.873,185.615,225.255,-170.648,180.351,-166.562,-171.126,173.568,-216.673,-383.46,-197.844,-147.387,-318.035,304.088,137.526,192.795,366.363,
5.21232,0.650791,2.52067,4.13283,0,0,-50,-22.094,-11.3313,-8.47488,-18.3318,17.6869,8.04881,11.1635,21.2489,0,211.433,0,228.3,0,-226.061,0,-217.405,41.3702,13.8238,43.4111,4.24985,43.2649,-5.54423,42.3386,-10.4895,88.5556,128.413,-130.48,107.138,-128.079,-101.969,80.8131,-126.292,1.64651,145.807,211.433,-214.837,176.404,-210.883,-167.892,133.059,-207.941,187.178,225.257,-171.426,180.654,-167.619,-173.436,175.398,-218.431,-384.243,-197.065,-147.389,-318.815,307.598,139.979,194.147,369.545,
5.21263,0.647244,2.51381,4.12456,0,0,-50,-22.1433,-11.2834,-8.45929,-18.362,17.8429,8.15027,11.2225,21.4056,0,211.456,0,228.034,0,-226.575,0,-218.025,41.3745,13.8109,43.3958,4.40381,43.3019,-5.24752,42.4239,-10.139,89.122,127.771,-130.284,106.557,-128.02,-102.675,81.3753,-126.737,1.65497,147.494,211.456,-215.616,176.348,-211.869,-169.924,134.673,-209.745,188.868,225.267,-172.22,180.752,-168.567,-175.171,177.097,-219.884,-385.102,-196.233,-147.118,-319.339,310.311,141.744,195.173,372.27,
5.21351,0.643062,2.50553,4.11622,0,0,-50,-22.1982,-11.233,-8.44624,-18.4023,18.0405,8.27969,11.2971,21.6007,0,211.522,0,227.721,0,-227.196,0,-218.651,41.3865,13.7747,43.377,4.58528,43.3438,-4.88875,42.507,-9.78479,89.6719,127.033,-130.038,105.91,-127.979,-103.59,82.0887,-127.271,1.66509,149.312,211.522,-216.526,176.351,-213.097,-172.486,136.685,-211.918,190.699,225.297,-173.149,180.936,-169.753,-177.375,179.192,-221.702,-386.055,-195.356,-146.891,-320.04,313.748,143.995,196.471,375.664,
5.215,0.63991,2.49895,4.10757,0,0,-50,-22.2569,-11.1816,-8.43389,-18.4392,18.1945,8.3769,11.3458,21.762,0,211.634,0,227.484,0,-227.689,0,-219.3,41.407,13.7132,43.3623,4.72197,43.3751,-4.60348,42.5901,-9.41663,90.3047,126.394,-129.818,105.339,-127.876,-104.195,82.7522,-127.629,1.6744,151.206,211.634,-217.367,176.379,-214.115,-174.464,138.56,-213.701,192.613,225.347,-174.005,181.101,-170.74,-179.068,181.15,-223.118,-387.077,-194.463,-146.676,-320.681,316.425,145.685,197.319,378.469,
5.21703,0.637213,2.49112,4.09851,0,0,-50,-22.3231,-11.1256,-8.43976,-18.4953,18.379,8.50163,11.396,21.943,0,211.786,0,227.282,0,-228.276,0,-219.979,41.4348,13.6288,43.3494,4.83888,43.4098,-4.26389,42.6736,-9.03039,91.0149,125.736,-129.56,104.893,-127.756,-105.017,83.5633,-128.027,1.68438,153.304,211.786,-218.229,176.68,-215.19,-176.888,140.752,-215.645,194.738,225.415,-174.88,181.519,-171.78,-181.152,183.426,-224.676,-388.227,-193.489,-146.778,-321.658,319.635,147.854,198.191,381.617,
5.21951,0.634972,2.48485,4.08866,0,0,-50,-22.3949,-11.0661,-8.4379,-18.5445,18.5241,8.59334,11.4253,22.0985,0,211.972,0,227.114,0,-228.747,0,-220.718,41.4685,13.526,43.3385,4.93601,43.4357,-3.99121,42.7605,-8.60958,91.8132,125.113,-129.324,104.414,-127.576,-105.508,84.321,-128.265,1.69424,155.554,211.972,-219.106,176.902,-216.145,-178.757,142.86,-217.312,197.022,225.498,-175.767,181.838,-172.709,-182.748,185.621,-225.922,-389.477,-192.454,-146.746,-322.514,322.158,149.449,198.701,384.322,
5.22235,0.633414,2.47733,4.07718,0,0,-50,-22.48,-10.9952,-8.45658,-18.6162,18.693,8.70937,11.4485,22.2675,0,212.185,0,226.997,0,-229.311,0,-221.579,41.5067,13.4081,43.3307,5.00353,43.4644,-3.66473,42.8566,-8.11808,92.8081,124.457,-129.052,104.079,-127.336,-106.167,85.2261,-128.512,1.70489,158.228,212.185,-220.02,177.443,-217.094,-181.004,145.301,-219.098,199.734,225.594,-176.689,182.447,-173.629,-184.668,188.158,-227.216,-390.956,-191.221,-147.071,-323.76,325.096,151.467,199.104,387.261,
5.22564,0.632144,2.47044,4.0663,0,0,-50,-22.5647,-10.9268,-8.47676,-18.6889,18.8514,8.81609,11.464,22.4283,0,212.432,0,226.902,0,-229.828,0,-222.395,41.5505,13.2718,43.3243,5.05857,43.4887,-3.36513,42.9424,-7.65127,93.7638,123.833,-128.785,103.77,-127.089,-106.729,86.1236,-128.684,1.71546,160.848,212.432,-220.927,178.014,-218.016,-183.09,147.742,-220.753,202.399,225.703,-177.603,183.073,-174.527,-186.455,190.684,-228.404,-392.43,-190.031,-147.422,-325.025,327.851,153.323,199.373,390.058,
5.22924,0.631473,2.46434,4.0564,0,0,-50,-22.6462,-10.8631,-8.50259,-18.7632,18.9938,8.91216,11.4692,22.5721,0,212.702,0,226.852,0,-230.285,0,-223.138,41.5982,13.1218,43.3209,5.08764,43.5084,-3.09979,43.016,-7.22581,94.664,123.283,-128.536,103.552,-126.841,-107.205,86.9854,-128.778,1.72532,163.326,212.702,-221.766,178.66,-218.842,-184.962,150.078,-222.183,204.924,225.824,-178.445,183.748,-175.333,-188.062,193.094,-229.409,-393.848,-188.924,-147.871,-326.316,330.328,154.994,199.464,392.558,
5.23312,0.630946,2.45677,4.04501,0,0,-50,-22.7402,-10.7883,-8.54426,-18.8585,19.1699,9.03691,11.4753,22.7402,0,212.993,0,226.812,0,-230.853,0,-223.991,41.6486,12.9607,43.3182,5.11049,43.5306,-2.77017,43.0955,-6.73561,95.7127,122.652,-128.24,103.4,-126.547,-107.868,87.9996,-128.903,1.73656,166.211,212.993,-222.697,179.56,-219.757,-187.319,152.817,-223.847,207.859,225.953,-179.379,184.671,-176.226,-190.089,195.912,-230.583,-395.482,-187.623,-148.596,-327.974,333.39,157.164,199.57,395.482,
5.23726,0.630742,2.45059,4.03337,0,0,-50,-22.8014,-10.6933,-8.56737,-18.9145,19.2773,9.11957,11.4435,22.8484,0,213.304,0,226.797,0,-231.316,0,-224.864,41.702,12.7879,43.3172,5.11931,43.5469,-2.50145,43.1709,-6.23368,96.7922,122.049,-127.97,103.219,-126.213,-108.254,88.9413,-128.885,1.74469,168.872,212.937,-223.267,180.084,-220.203,-188.869,155.175,-224.864,210.574,225.725,-179.95,185.204,-176.656,-191.37,198.346,-231.098,-396.545,-185.971,-148.998,-328.947,335.257,158.601,199.018,397.364,
5.2418,0.630796,2.44297,4.02058,0,0,-50,-22.8503,-10.576,-8.6016,-18.9715,19.3956,9.22295,11.3971,22.9552,0,213.644,0,226.801,0,-231.888,0,-225.824,41.7597,12.5983,43.3175,5.11695,43.5647,-2.16947,43.2472,-5.68063,97.9975,121.374,-127.651,103.131,-125.834,-108.835,90.0407,-128.884,1.75215,171.706,212.666,-223.663,180.701,-220.48,-190.695,157.765,-225.824,213.466,225.264,-180.345,185.818,-176.916,-192.864,201.012,-231.505,-397.396,-183.931,-149.593,-329.938,337.315,160.399,198.21,399.222,
5.24649,0.631161,2.43578,4.01022,0,0,-50,-22.884,-10.4707,-8.64177,-19.0253,19.5096,9.32576,11.3509,23.0502,0,213.996,0,226.828,0,-232.427,0,-226.601,41.8182,12.4025,43.3193,5.10114,43.5791,-1.85616,43.3037,-5.23255,98.9996,120.79,-127.345,103.143,-125.517,-109.467,91.092,-128.879,1.75824,174.065,212.379,-223.903,181.351,-220.689,-192.469,160.162,-226.601,215.883,224.781,-180.583,186.452,-177.11,-194.325,203.465,-231.833,-397.982,-182.099,-150.292,-330.875,339.297,162.187,197.407,400.872,
5.25203,0.631976,2.42834,3.99819,0,0,-50,-22.9438,-10.3585,-8.69534,-19.1067,19.6395,9.43535,11.2962,23.1614,0,214.411,0,226.889,0,-232.985,0,-227.503,41.8863,12.1708,43.3235,5.06584,43.5918,-1.53178,43.3635,-4.71114,100.178,120.141,-127.008,103.182,-125.121,-110.038,92.2542,-128.77,1.76674,176.988,212.258,-224.39,182.296,-221.055,-194.407,162.989,-227.503,218.874,224.429,-181.067,187.361,-177.463,-195.939,206.352,-232.214,-399.023,-180.149,-151.223,-332.29,341.556,164.093,196.455,402.807,
5.25692,0.63345,2.42098,3.98389,0,0,-50,-23.046,-10.2485,-8.77114,-19.2308,19.7836,9.5512,11.2403,23.2844,0,214.778,0,227,0,-233.537,0,-228.575,41.9453,11.9658,43.3309,5.00197,43.6018,-1.21098,43.4264,-4.0907,101.589,119.469,-126.684,103.325,-124.613,-110.509,93.3867,-128.561,1.77795,180.619,212.41,-225.238,183.707,-221.556,-196.48,166.037,-228.575,222.564,224.376,-181.907,188.709,-177.954,-197.691,209.463,-232.666,-400.8,-178.235,-152.542,-334.449,344.062,166.108,195.483,404.946,
5.2626,0.635691,2.41373,3.97045,0,0,-50,-23.1557,-10.1437,-8.86522,-19.3754,19.9378,9.67453,11.1783,23.4093,0,215.204,0,227.168,0,-234.081,0,-229.584,42.0126,11.7274,43.342,4.90485,43.6095,-0.894829,43.4775,-3.50642,102.97,118.838,-126.351,103.601,-124.102,-111.007,94.5628,-128.283,1.78967,184.282,212.682,-226.127,185.412,-222.102,-198.667,169.236,-229.584,226.295,224.409,-182.785,190.317,-178.493,-199.562,212.714,-233.09,-402.708,-176.413,-154.178,-336.963,346.745,168.253,194.405,407.119,
5.26862,0.638232,2.40666,3.95832,0,0,-50,-23.2598,-10.0442,-8.96686,-19.5239,20.0946,9.80068,11.114,23.5303,0,215.656,0,227.358,0,-234.611,0,-230.493,42.0825,11.4739,43.3543,4.79472,43.6147,-0.586456,43.5168,-2.97889,104.248,118.247,-126.015,103.945,-123.618,-111.537,95.7335,-127.979,1.80103,187.753,212.966,-226.956,187.209,-222.639,-200.881,172.419,-230.493,229.836,224.44,-183.601,192.003,-179.024,-201.468,215.936,-233.472,-404.518,-174.682,-155.945,-339.547,349.471,170.447,193.287,409.222,
5.27476,0.641899,2.39977,3.94336,0,0,-50,-23.4247,-9.94493,-9.10261,-19.7374,20.275,9.93655,11.0423,23.6718,0,216.116,0,227.634,0,-235.128,0,-231.615,42.1521,11.2155,43.3716,4.6357,43.6177,-0.285905,43.5565,-2.32772,105.839,117.612,-125.68,104.431,-122.979,-111.913,96.9253,-127.491,1.81671,192.279,213.667,-228.324,189.721,-223.417,-203.314,176.085,-231.615,234.431,224.882,-184.953,194.357,-179.8,-203.6,219.642,-233.943,-407.386,-172.955,-158.306,-343.259,352.609,172.81,192.041,411.683,
5.28181,0.645482,2.39251,3.92987,0,0,-50,-20.1954,-13.5719,-10.0628,-8.07513,-14.7253,-18.821,8.5155,9.96282,0,216.644,0,227.902,0,235.566,0,-232.627,42.2301,10.9182,43.388,4.48026,43.6186,0.0308719,43.584,-1.73976,77.8021,231.017,-9.4043,125.566,-122.468,241.039,-19.6347,-130.934,0.937784,72.9616,216.644,-8.8192,117.754,-114.849,226.042,-18.4131,-122.788,115.192,227.563,34.5688,122.234,-71.2299,226.073,25.1709,-124.528,-351.225,-236.033,-175.006,-140.437,-256.093,-327.322,148.096,173.266,
5.28837,0.649581,2.38661,3.91634,0,0,-50,-20.2822,-13.5171,-10.0315,-8.05383,-14.779,-18.9049,8.51733,9.98586,0,217.137,0,228.21,0,235.124,0,-233.642,42.3009,10.6406,43.406,4.30239,43.6177,0.28806,43.6035,-1.14993,80.0263,230.606,-9.57131,124.87,-122.53,240.775,-19.1844,-131.209,0.941593,75.3522,217.137,-9.01227,117.577,-115.374,226.712,-18.0639,-123.545,117.653,227.778,34.3937,121.879,-71.7558,227,25.5396,-124.695,-352.733,-235.08,-174.46,-140.067,-257.025,-328.781,148.128,173.667,
5.29433,0.65344,2.38013,3.90404,0,0,-50,-20.3619,-13.4663,-9.99769,-8.03367,-14.816,-18.9774,8.51637,10.0008,0,217.584,0,228.499,0,234.638,0,-234.564,42.3635,10.3884,43.4222,4.13486,43.6149,0.57085,43.6143,-0.61371,82.0546,230.191,-9.80236,124.182,-122.707,240.33,-18.8293,-131.371,0.94523,77.5605,217.584,-9.26548,117.381,-115.987,227.167,-17.798,-124.176,119.924,227.972,34.1568,121.516,-72.3718,227.738,25.8163,-124.79,-354.12,-234.196,-173.873,-139.716,-257.67,-330.042,148.111,173.927,
5.30181,0.658629,2.37356,3.88793,0,0,-50,-15.9896,-15.2946,-17.9595,-16.5847,-17.6364,-15.4183,-16.3924,-14.8986,0,218.145,0,228.888,0,234.145,0,235.467,42.44,10.0714,43.4431,3.90948,43.6102,0.857265,43.6186,0.0888186,-31.9301,211.19,-20.5478,240.784,-5.29639,233.435,-18.5556,221.74,0.950597,-30.3527,200.757,-19.5326,228.888,-5.03473,221.903,-17.6389,210.785,12.0873,210.828,23.9105,232.798,38.5755,222.76,25.9797,210.874,-278.08,-265.993,-312.339,-288.429,-306.72,-268.144,-285.085,-259.106,
5.30789,0.663579,2.3657,3.8724,0,0,-50,-16.1516,-15.4485,-17.9762,-16.5911,-17.5751,-15.4698,-16.4503,-15.0436,0,218.6,0,229.259,0,233.556,0,234.302,42.5004,9.81331,43.4619,3.69441,43.6021,1.20008,43.6119,0.766255,-31.7019,212.728,-20.2864,240.076,-7.31828,231.943,-20.0501,221.452,0.954947,-30.2736,203.144,-19.3724,229.259,-6.98857,221.493,-19.1468,211.475,12.2268,212.957,24.0895,232.954,36.6136,222.693,24.4652,212.241,-280.897,-268.67,-312.63,-288.541,-305.653,-269.04,-286.092,-261.627,
5.31516,0.668372,2.35817,3.85676,0,0,-50,-16.3265,-15.6074,-17.9933,-16.5964,-17.5192,-15.5258,-16.5136,-15.1909,0,219.146,0,229.619,0,232.991,0,233.129,42.5707,9.50388,43.4791,3.48603,43.5919,1.5282,43.5946,1.44819,-31.3333,214.377,-19.9945,239.301,-9.30009,230.491,-21.4593,221.161,0.95954,-30.0655,205.703,-19.1855,229.619,-8.92381,221.166,-20.591,212.213,12.5052,215.207,24.2936,233.105,34.6681,222.694,23.0036,213.661,-283.939,-271.434,-312.927,-288.634,-304.681,-270.013,-287.193,-264.19,
5.32373,0.675083,2.35307,3.84084,0,0,-50,-16.5251,-15.7731,-18.0273,-16.5939,-17.4635,-15.5649,-16.5716,-15.3251,0,219.789,0,230.122,0,232.608,0,231.934,42.6506,9.13875,43.5016,3.19415,43.5835,1.75073,43.566,2.14232,-30.6806,216.34,-19.2689,238.749,-10.9603,229.11,-22.7088,220.791,0.963868,-29.5721,208.523,-18.5726,230.122,-10.5643,220.831,-21.8883,212.814,13.0785,217.662,24.9289,233.317,33.0192,222.582,21.6777,214.956,-287.393,-274.315,-313.518,-288.589,-303.712,-270.693,-288.201,-266.524,
5.33119,0.680153,2.34985,3.82358,0,0,-50,-16.7049,-15.9328,-18.0549,-16.59,-17.4018,-15.5947,-16.5967,-15.4352,0,220.348,0,230.503,0,232.367,0,230.64,42.7176,8.82008,43.5172,2.97359,43.5777,1.8907,43.5226,2.89379,-30.266,218.172,-18.6424,238.191,-12.5561,227.831,-24.0993,220.077,0.967722,-29.2891,211.13,-18.0407,230.503,-12.1509,220.477,-23.3214,212.973,13.4285,219.95,25.4765,233.476,31.4268,222.367,20.2011,215.867,-290.52,-277.092,-313.998,-288.521,-302.639,-271.212,-288.639,-268.437,
5.3406,0.686085,2.34568,3.80464,0,0,-50,-16.9227,-16.1168,-18.0868,-16.5858,-17.34,-15.6378,-16.6386,-15.5696,0,221.054,0,230.947,0,232.055,0,229.22,42.7987,8.41781,43.5341,2.71539,43.5694,2.07243,43.46,3.71733,-29.5965,220.298,-17.9231,237.478,-14.3604,226.396,-25.5708,219.371,0.972498,-28.7825,214.24,-17.4302,230.947,-13.9655,220.169,-24.8676,213.338,14.0162,222.658,26.1039,233.663,29.6039,222.242,18.5924,217.055,-294.308,-280.292,-314.552,-288.449,-301.566,-271.962,-289.367,-270.775,
5.34833,0.692413,2.34195,3.78824,0,0,-50,-17.1194,-16.2791,-18.1207,-16.5814,-17.2813,-15.6689,-16.6719,-15.6868,0,221.634,0,231.422,0,231.774,0,227.989,42.8625,8.08675,43.5504,2.43987,43.5613,2.23531,43.3931,4.42981,-28.922,222.167,-17.1802,236.943,-15.8888,225.065,-26.8883,218.737,0.976697,-28.248,216.99,-16.7798,231.422,-15.5185,219.82,-26.2617,213.64,14.6145,225.077,26.7705,233.862,28.0428,222.056,17.1314,218.07,-297.729,-283.115,-315.143,-288.372,-300.545,-272.502,-289.946,-272.815,
5.35876,0.699052,2.33961,3.77686,0,0,-50,-17.3252,-16.4189,-18.1614,-16.5716,-17.2627,-15.7082,-16.7453,-15.8009,0,222.416,0,231.92,0,231.599,0,227.136,42.9445,7.63916,43.5656,2.15067,43.556,2.33711,43.34,4.92303,-27.719,224.09,-16.2301,236.482,-16.8459,224.183,-27.4461,218.628,0.980708,-27.1842,219.767,-15.917,231.92,-16.5209,219.859,-26.9166,214.41,15.7603,227.406,27.6486,234.071,27.0351,222.196,16.4234,219.333,-301.307,-285.547,-315.851,-288.202,-300.222,-273.187,-291.222,-274.799,
5.36835,0.706146,2.33783,3.76326,0,0,-50,-17.5359,-16.5691,-18.2054,-16.5607,-17.2293,-15.7385,-16.7971,-15.9101,0,223.135,0,232.452,0,231.466,0,226.116,43.0157,7.22734,43.5798,1.84154,43.5518,2.41436,43.269,5.51206,-26.6091,226.062,-15.2079,236.056,-17.8979,223.167,-28.2749,218.237,0.984733,-26.2028,222.611,-14.9757,232.452,-17.6246,219.76,-27.8432,214.906,16.8129,229.838,28.6041,234.294,25.9271,222.174,15.4258,220.418,-304.972,-288.159,-316.616,-288.012,-299.64,-273.713,-292.123,-276.697,
5.37817,0.7145,2.33617,3.74743,0,0,-50,-17.637,-16.5924,-18.1161,-16.4003,-17.0534,-15.6248,-16.7152,-15.8863,0,223.872,0,233.079,0,231.341,0,224.929,43.0847,6.80428,43.5936,1.47745,43.5477,2.4869,43.1763,6.19635,-25.4018,228.229,-14.0204,235.631,-19.0658,221.973,-29.3196,217.664,0.980911,-24.9169,223.872,-13.7527,231.133,-18.7018,217.735,-28.7599,213.509,18.1678,230.676,29.8409,232.61,24.8459,220.222,14.4164,219.706,-306.731,-288.563,-315.063,-285.222,-296.581,-271.735,-290.699,-276.283,
5.38808,0.721726,2.33522,3.73132,0,0,-50,-17.6996,-16.5766,-17.9897,-16.2066,-16.8543,-15.4839,-16.5983,-15.8239,0,224.615,0,233.621,0,231.27,0,223.721,43.15,6.37694,43.6032,1.16239,43.5453,2.52813,43.0709,6.89095,-24.2211,230.331,-12.9137,235.126,-20.213,220.885,-30.3552,216.992,0.975182,-23.62,224.615,-12.5932,229.291,-19.7114,215.403,-29.6018,211.607,19.53,230.992,31.01,230.453,23.834,217.931,13.4691,218.497,-307.819,-288.289,-312.864,-281.854,-293.119,-269.285,-288.667,-275.198,
5.39778,0.729863,2.33452,3.71753,0,0,-50,-17.7653,-16.5567,-17.879,-16.0234,-16.6755,-15.3489,-16.5012,-15.7684,0,225.342,0,234.231,0,231.217,0,222.686,43.2098,5.9583,43.6112,0.807543,43.5435,2.55892,42.9718,7.48438,-22.8813,232.351,-11.6928,234.746,-21.1088,219.891,-31.1686,216.516,0.969836,-22.1911,225.342,-11.3401,227.665,-20.4721,213.258,-30.2284,209.985,21.0186,231.301,32.2711,228.472,23.0715,215.817,12.7433,217.469,-308.962,-287.943,-310.938,-278.667,-290.009,-266.937,-286.977,-274.234,
5.40659,0.738025,2.33406,3.70515,0,0,-50,-17.8273,-16.5362,-17.781,-15.8547,-16.5135,-15.2224,-16.4134,-15.7175,0,226.003,0,234.843,0,231.183,0,221.758,43.2606,5.57748,43.6163,0.451598,43.5424,2.57875,42.8758,8.01578,-21.5628,234.213,-10.4822,234.442,-21.8553,218.969,-31.8914,216.093,0.964945,-20.8069,226.003,-10.1148,226.224,-21.0892,211.293,-30.7734,208.518,22.4537,231.58,33.5015,226.675,22.4532,213.872,12.1024,216.534,-310.04,-287.587,-309.235,-275.734,-287.191,-264.737,-285.45,-273.347,
5.41796,0.746449,2.33392,3.69276,0,0,-50,-17.9053,-16.5118,-17.6765,-15.6728,-16.3582,-15.0998,-16.3419,-15.6735,0,226.856,0,235.475,0,231.172,0,220.829,43.3212,5.08512,43.6186,0.0841219,43.542,2.58501,42.7732,8.54645,-19.8793,236.291,-9.13637,234.005,-22.5574,218.124,-32.4446,215.827,0.96007,-19.0856,226.856,-8.77156,224.661,-21.6566,209.414,-31.149,207.209,24.2357,231.941,34.847,224.745,21.8854,211.999,11.6241,215.756,-311.397,-287.161,-307.417,-272.57,-284.49,-262.605,-284.206,-272.582,
5.42873,0.755378,2.33412,3.68031,0,0,-50,-14.6506,-19.817,7.66923,9.6981,-19.7055,-11.9474,-8.91074,-6.93473,0,227.664,0,-235.094,0,231.187,0,219.895,43.3735,4.61809,43.6176,-0.305313,43.5425,2.57615,42.6635,9.07837,-136.725,233.647,-8.55187,-119.803,93.782,216.275,-8.51622,100.274,0.974393,-133.223,227.664,-8.33289,-116.735,91.3806,210.737,-8.29815,97.7064,-89.85,232.282,35.2847,-117.041,134.923,213.313,34.3653,106.785,-254.794,-344.644,133.378,168.663,-342.704,-207.781,-154.969,-120.604,
5.43975,0.765816,2.33485,3.66805,0,0,-50,-14.7164,-19.8029,7.66472,9.71805,-19.572,-11.9379,-8.93542,-6.91542,0,228.49,0,-234.312,0,231.242,0,218.975,43.4217,4.14012,43.612,-0.76058,43.5444,2.54432,42.549,9.60072,-136.064,235.736,-8.15259,-120.075,92.0517,216.458,-7.65372,100.303,0.969262,-131.882,228.49,-7.902,-116.384,89.2222,209.805,-7.41846,97.2201,-88.4603,232.63,35.71,-117.145,132.767,212.349,35.1305,106.821,-255.938,-344.398,133.3,169.01,-340.382,-207.616,-155.399,-120.268,
5.45099,0.774564,2.33654,3.65611,0,0,-50,-14.7879,-19.784,7.65371,9.7359,-19.4274,-11.9045,-8.95573,-6.88949,0,229.333,0,-233.655,0,231.369,0,218.08,43.4655,3.65177,43.6037,-1.14209,43.5486,2.47073,42.4313,10.1079,-135.265,237.973,-7.6701,-120.421,90.572,216.541,-6.74153,100.317,0.963692,-130.354,229.333,-7.39162,-116.049,87.2835,208.679,-6.49676,96.6751,-86.8881,232.985,36.2121,-117.191,130.832,211.15,35.9346,106.783,-257.182,-344.07,133.108,169.32,-337.867,-207.035,-155.752,-119.817,
5.46297,0.78396,2.33905,3.64494,0,0,-50,-14.8641,-19.7639,7.63899,9.75427,-19.2887,-11.8708,-8.98283,-6.86774,0,230.232,0,-232.951,0,231.557,0,217.242,43.5062,3.13061,43.5911,-1.55171,43.5547,2.36165,42.3158,10.5812,-134.341,240.286,-7.10075,-120.715,89.1844,216.693,-5.77326,100.441,0.958158,-128.72,230.232,-6.80364,-115.664,85.4527,207.627,-5.53169,96.2379,-85.2136,233.363,36.7874,-117.215,129.007,209.988,36.7841,106.819,-258.506,-343.72,132.852,169.639,-335.456,-206.449,-156.223,-119.439,
5.47509,0.794111,2.34222,3.63503,0,0,-50,-14.9398,-19.7448,7.6222,9.7728,-19.166,-11.8437,-9.01694,-6.85307,0,231.141,0,-232.189,0,231.795,0,216.499,43.5409,2.60328,43.5731,-1.9941,43.562,2.22331,42.2088,11.0001,-133.364,242.522,-6.47516,-120.907,87.9072,216.936,-4.80154,100.675,0.95307,-127.105,231.141,-6.17129,-115.233,83.7818,206.755,-4.5762,95.95,-83.5645,233.744,37.4018,-117.227,127.344,208.978,37.6326,106.95,-259.823,-343.387,132.56,169.962,-333.321,-205.977,-156.816,-119.184,
5.48711,0.806155,2.34574,3.62588,0,0,-50,-15.0112,-19.7294,7.60707,9.79288,-19.0637,-11.8354,-9.05975,-6.84892,0,232.042,0,-231.286,0,232.059,0,215.812,43.5691,2.07974,43.5459,-2.51874,43.5695,2.06981,42.1064,11.386,-132.415,244.586,-5.83082,-120.945,86.5809,217.308,-3.85492,101.005,0.948714,-125.624,232.042,-5.53178,-114.742,82.1405,206.163,-3.65722,95.8246,-82.055,234.122,38.0141,-117.261,125.71,208.233,38.4491,107.211,-261.065,-343.12,132.297,170.311,-331.543,-205.833,-157.561,-119.112,
5.49896,0.816929,2.34952,3.61668,0,0,-50,-15.0841,-19.7118,7.59178,9.81346,-18.9561,-11.815,-9.09893,-6.84205,0,232.931,0,-230.478,0,232.342,0,215.123,43.5906,1.56319,43.5162,-2.98775,43.577,1.90533,41.9999,11.7726,-131.401,246.688,-5.16646,-121.06,85.3768,217.6,-2.91227,101.305,0.944233,-124.073,232.931,-4.87835,-114.308,80.6156,205.465,-2.74986,95.6558,-80.4828,234.494,38.6379,-117.296,124.193,207.371,39.2501,107.428,-262.332,-342.815,132.031,170.669,-329.671,-205.479,-158.242,-118.992,
5.51116,0.822849,2.35423,3.6071,0,0,-50,-15.1687,-19.6841,7.56868,9.83275,-18.8141,-11.7419,-9.12307,-6.81599,0,233.846,0,-230.034,0,232.696,0,214.404,43.6065,1.03129,43.4978,-3.24532,43.5855,1.70006,41.8851,12.1747,-130.134,249.161,-4.3927,-121.493,84.6099,217.595,-1.87741,101.478,0.938535,-122.135,233.846,-4.1227,-114.025,79.4094,204.22,-1.76202,95.2407,-78.529,234.877,39.3751,-117.27,122.995,205.92,40.1231,107.415,-263.803,-342.332,131.629,171.004,-327.201,-204.206,-158.662,-118.539,
5.52389,0.829644,2.35845,3.59775,0,0,-50,-15.2552,-19.6569,7.55205,9.85679,-18.682,-11.6821,-9.15565,-6.80025,0,234.801,0,-229.525,0,233.012,0,213.703,43.6161,0.476228,43.4747,-3.54081,43.5923,1.51619,41.7695,12.5657,-128.784,251.635,-3.6354,-121.937,83.7468,217.674,-0.863874,101.772,0.933099,-120.168,234.801,-3.39219,-113.78,78.144,203.111,-0.80608,94.9631,-76.552,235.277,40.0825,-117.32,121.736,204.627,40.9634,107.529,-265.307,-341.859,131.34,171.423,-324.904,-203.167,-159.229,-118.265,
5.53708,0.836619,2.36321,3.58912,0,0,-50,19.1743,8.10517,9.92276,24.6285,-19.6886,-7.97544,-4.3829,-13.6505,0,-235.449,0,-229.001,0,233.369,0,213.056,43.6185,-0.099292,43.449,-3.84395,43.599,1.30876,41.6595,12.9257,-127.597,-99.2892,114.723,-123.747,86.5185,100.036,-109.607,58.6869,1.85056,-236.125,-183.741,212.303,-229.001,160.108,185.123,-202.835,108.604,-192.507,-183.84,255.752,-232.845,203.707,186.431,-161.175,121.529,333.466,140.959,172.57,428.321,-342.41,-138.703,-76.2243,-237.4,
5.55082,0.844564,2.36833,3.58135,0,0,-50,18.9007,7.80733,9.93651,24.5775,-19.6515,-8.06911,-4.11209,-13.3488,0,-234.419,0,-228.405,0,233.753,0,212.473,43.6131,-0.698315,43.417,-4.18905,43.6052,1.08512,41.5579,13.2488,-127.671,-96.7705,113.998,-123.28,85.1859,100.245,-109.134,56.3611,1.85274,-236.542,-179.291,211.209,-228.405,157.828,185.728,-202.197,104.423,-192.929,-179.989,254.626,-232.595,201.433,186.813,-160.639,117.671,328.708,135.78,172.809,427.435,-341.765,-140.332,-71.5146,-232.154,
5.56535,0.851455,2.37459,3.5741,0,0,-50,18.6303,7.49746,9.93913,24.5426,-19.6471,-8.16781,-3.84414,-13.0637,0,-233.328,0,-227.889,0,234.223,0,211.929,43.5983,-1.33222,43.3871,-4.48813,43.6111,0.812316,41.4607,13.5497,-127.643,-94.0298,113.315,-122.626,83.9585,100.428,-108.588,54.0216,1.85841,-237.213,-174.746,210.586,-227.889,156.029,186.636,-201.8,100.394,-193.614,-176.078,253.973,-232.377,199.64,187.449,-160.34,113.944,324.005,130.391,172.854,426.828,-341.689,-142.049,-66.8547,-227.194,
5.58011,0.856249,2.38003,3.56712,0,0,-50,18.3605,7.18169,9.94123,24.518,-19.675,-8.26557,-3.58065,-12.8002,0,-232.222,0,-227.529,0,234.631,0,211.405,43.5739,-1.97523,43.3651,-4.69606,43.6149,0.57503,41.365,13.8391,-127.486,-91.1497,112.57,-121.883,82.9284,100.558,-108.05,51.722,1.86679,-237.988,-170.157,210.144,-227.529,154.81,187.72,-201.706,96.5539,-194.415,-172.132,253.509,-232.225,198.425,188.295,-160.341,110.393,319.313,124.899,172.891,426.4,-342.174,-143.749,-62.2721,-222.613,
5.59674,0.862037,2.38719,3.5599,0,0,-50,18.0597,6.82822,9.93624,24.4958,-19.7174,-8.38353,-3.29748,-12.5136,0,-230.974,0,-227.095,0,235.167,0,210.864,43.535,-2.69975,43.3372,-4.947,43.6179,0.262966,41.2641,14.1371,-127.262,-87.9205,111.815,-120.991,81.7774,100.755,-107.378,49.2369,1.87696,-238.865,-165.023,209.872,-227.095,153.493,189.113,-201.544,92.4155,-195.329,-167.723,253.21,-232.042,197.111,189.376,-160.279,106.553,314.081,118.752,172.804,426.014,-342.911,-145.801,-57.3475,-217.627,
5.61363,0.867598,2.3939,3.55438,0,0,-50,16.6596,11.8481,7.27038,9.39824,14.0599,20.8998,-8.79369,-6.36353,0,-229.708,0,-226.678,0,-235.568,0,210.45,43.4832,-3.43445,43.309,-5.1879,43.6187,-0.0297572,41.1854,14.3649,-136.234,-202.144,-6.75253,-114.788,80.7126,-252.375,1.15507,94.0443,0.933407,-127.162,-188.683,-6.30286,-107.144,75.3377,-235.568,1.07815,87.7816,-83.6789,-192.117,37.0062,-112.332,118.956,-235.598,42.2635,102.146,289.733,206.054,126.441,163.448,244.519,363.476,-152.934,-110.67,
5.6264,0.872571,2.39992,3.5487,0,0,-50,16.536,11.6622,7.26697,9.32724,14.0924,20.8392,-8.72454,-6.33136,0,-228.75,0,-226.305,0,-235.116,0,210.024,43.4358,-3.98965,43.2827,-5.40324,43.6177,-0.292696,41.1031,14.5986,-137.494,-199.533,-7.99239,-114.145,79.0646,-252.166,0.554876,93.1641,0.932387,-128.198,-186.042,-7.452,-106.427,73.7188,-235.116,0.517359,86.865,-84.7622,-190.031,35.8307,-111.831,117.336,-235.409,41.6205,101.464,287.583,202.82,126.382,162.213,245.085,362.422,-151.731,-110.111,
5.63791,0.877964,2.40787,3.54333,0,0,-50,16.4095,11.4851,7.26826,9.26253,14.1288,20.7659,-8.65702,-6.30959,0,-227.887,0,-225.9,0,-234.52,0,209.621,43.387,-4.48911,43.2529,-5.63657,43.614,-0.639249,41.0242,14.8191,-138.625,-197.145,-9.20751,-113.634,77.156,-251.964,-0.214178,92.443,0.930767,-129.028,-183.496,-8.57005,-105.767,71.8143,-234.52,-0.19935,86.0429,-85.6409,-187.985,34.6829,-111.403,115.428,-235.16,40.8248,100.862,285.382,199.741,126.405,161.087,245.717,361.146,-150.557,-109.732,
5.65244,0.882255,2.41511,3.53801,0,0,-50,16.2593,11.2712,7.26407,9.18214,14.1607,20.7002,-8.57956,-6.27378,0,-226.797,0,-225.579,0,-233.977,0,209.222,43.3172,-5.11933,43.2284,-5.82209,43.6082,-0.954924,40.9447,15.0372,-139.92,-194.08,-10.6183,-112.966,75.434,-251.702,-0.908053,91.5052,0.929581,-130.067,-180.413,-9.87057,-105.011,70.122,-233.977,-0.844108,85.0614,-86.7497,-185.532,33.3578,-110.833,113.73,-234.932,40.1006,100.099,282.771,196.021,126.332,159.689,246.273,360.004,-149.21,-109.109,
5.66855,0.88591,2.42593,3.53296,0,0,-50,16.0652,11.0196,7.26329,9.09258,14.1975,20.613,-8.48581,-6.239,0,-225.589,0,-225.305,0,-233.166,0,208.844,43.2291,-5.81632,43.2068,-5.98006,43.5953,-1.42678,40.8683,15.2436,-141.248,-190.567,-12.2864,-112.418,73.3069,-251.448,-1.93412,90.5743,0.927293,-130.978,-176.711,-11.3931,-104.244,67.977,-233.166,-1.79349,83.9889,-87.7493,-182.527,31.8137,-110.224,111.572,-234.593,39.0748,99.2324,279.394,191.645,126.318,158.132,246.914,358.486,-147.579,-108.504,
5.68207,0.888858,2.43418,3.52822,0,0,-50,15.9051,10.8111,7.26293,9.01987,14.2273,20.5447,-8.41016,-6.20702,0,-224.575,0,-225.083,0,-232.547,0,208.488,43.1466,-6.40016,43.189,-6.10741,43.5821,-1.78618,40.7955,15.4373,-142.311,-187.579,-13.6472,-111.941,71.6058,-251.21,-2.67925,89.7362,0.92571,-131.738,-173.644,-12.6334,-103.625,66.2862,-232.547,-2.48021,83.0697,-88.5918,-180.044,30.5556,-109.732,109.868,-234.334,38.3153,98.5071,276.61,188.019,126.312,156.867,247.432,357.3,-146.264,-107.948,
5.69293,0.89165,2.43975,3.52359,0,0,-50,15.7838,10.648,7.26266,8.96349,14.2515,20.4946,-8.35315,-6.1787,0,-223.761,0,-224.874,0,-232.129,0,208.141,43.0745,-6.86824,43.1717,-6.22799,43.5714,-2.02901,40.7237,15.6259,-143.148,-185.171,-14.6963,-111.499,70.2853,-250.987,-3.1433,88.9924,0.924867,-132.393,-171.259,-13.5921,-103.122,65.0046,-232.129,-2.90714,82.3062,-89.3182,-178.127,29.5796,-109.35,108.576,-234.158,37.8165,97.932,274.501,185.183,126.307,155.887,247.852,356.428,-145.272,-107.456,
5.70299,0.894335,2.44417,3.52007,0,0,-50,15.6813,10.5039,7.2605,8.91091,14.2705,20.455,-8.30598,-6.15425,0,-223.005,0,-224.673,0,-231.798,0,207.877,43.0032,-7.30152,43.1549,-6.34386,43.562,-2.22168,40.6684,15.7693,-143.906,-182.976,-15.632,-111.018,69.2199,-250.724,-3.51218,88.3491,0.924515,-133.044,-169.164,-14.452,-102.637,63.9949,-231.798,-3.24707,81.6801,-90.0405,-176.466,28.7028,-108.981,107.557,-234.019,37.4213,97.4494,272.718,182.677,126.27,154.972,248.182,355.739,-144.452,-107.03,
5.71416,0.896384,2.44941,3.51639,0,0,-50,15.558,10.3397,7.25901,8.85339,14.29,20.411,-8.25158,-6.12575,0,-222.168,0,-224.519,0,-231.405,0,207.601,42.919,-7.78135,43.1418,-6.43228,43.5498,-2.44978,40.6101,15.9188,-144.683,-180.482,-16.6831,-110.565,68.0834,-250.466,-3.93899,87.6415,0.923899,-133.672,-166.747,-15.4135,-102.151,62.9022,-231.405,-3.63923,80.9719,-90.7532,-174.528,27.7283,-108.584,106.452,-233.855,36.9709,96.8907,270.574,179.821,126.244,153.972,248.522,354.974,-143.506,-106.535,
5.72618,0.898038,2.45497,3.51279,0,0,-50,15.4226,10.1627,7.25757,8.79219,14.309,20.3661,-8.19391,-6.09478,0,-221.266,0,-224.395,0,-230.988,0,207.331,42.8223,-8.29667,43.1311,-6.50362,43.5355,-2.69191,40.5526,16.0647,-145.464,-177.77,-17.809,-110.109,66.9441,-250.19,-4.38238,86.898,0.92325,-134.299,-164.126,-16.4421,-101.658,61.8061,-230.988,-4.04603,80.2286,-91.4769,-172.423,26.689,-108.161,105.342,-233.68,36.5066,96.2933,268.219,176.742,126.219,152.908,248.852,354.193,-142.503,-105.996,
5.73774,0.899572,2.45836,3.50944,0,0,-50,15.3059,10.0013,7.2536,8.73421,14.3229,20.3363,-8.14613,-6.0621,0,-220.4,0,-224.28,0,-230.734,0,207.079,42.7236,-8.79082,43.1211,-6.56978,43.5261,-2.83954,40.4985,16.2007,-146.187,-175.192,-18.814,-109.577,66.1248,-249.897,-4.60789,86.1573,0.923316,-134.977,-161.758,-17.3713,-101.174,61.0541,-230.734,-4.25454,79.5504,-92.2533,-170.549,25.7498,-107.744,104.58,-233.573,36.2439,95.7511,266.189,173.936,126.15,151.899,249.095,353.675,-141.672,-105.428,
5.74792,0.901058,2.46161,3.50628,0,0,-50,15.2004,9.85788,7.25119,8.68375,14.3363,20.3078,-8.10398,-6.03397,0,-219.636,0,-224.168,0,-230.49,0,206.843,42.6319,-9.22557,43.1112,-6.63385,43.5167,-2.98089,40.4472,16.3283,-146.801,-172.902,-19.7082,-109.12,65.3448,-249.628,-4.81627,85.5047,0.923333,-135.546,-159.646,-18.1972,-100.754,60.335,-230.49,-4.44702,78.9493,-92.9142,-168.871,24.914,-107.388,103.852,-233.471,36.0002,95.2775,264.356,171.441,126.108,151.022,249.327,353.179,-140.939,-104.939,
5.75737,0.902184,2.46457,3.50424,0,0,-50,15.1045,9.7271,7.24803,8.63637,14.346,20.2842,-8.06744,-6.01026,0,-218.928,0,-224.084,0,-230.268,0,206.689,42.5428,-9.62776,43.1037,-6.68241,43.5077,-3.10969,40.4137,16.4111,-147.343,-170.791,-20.5304,-108.685,64.721,-249.358,-5.02105,84.9649,0.923444,-136.063,-157.716,-18.9587,-100.365,59.7662,-230.268,-4.63666,78.4603,-93.5205,-167.344,24.145,-107.047,103.274,-233.378,35.777,94.8714,262.687,169.167,126.053,150.198,249.496,352.769,-140.303,-104.526,
5.76695,0.902999,2.46753,3.50229,0,0,-50,15.0048,9.59367,7.24516,8.58882,14.3548,20.2616,-8.03069,-5.98583,0,-218.209,0,-224.023,0,-230.046,0,206.544,42.4486,-10.0352,43.0983,-6.71753,43.4983,-3.23847,40.3817,16.4895,-147.86,-168.63,-21.3637,-108.268,64.1306,-249.091,-5.21791,84.4245,0.923542,-136.555,-155.737,-19.7303,-99.9897,59.2273,-230.046,-4.81896,77.9696,-94.1062,-165.772,23.368,-106.707,102.726,-233.284,35.5628,94.4592,260.953,166.846,126.003,149.371,249.649,352.375,-139.664,-104.101,
5.77652,0.903551,2.47049,3.50048,0,0,-50,14.903,9.45998,7.24273,8.54192,14.3629,20.2397,-7.99438,-5.9614,0,-217.491,0,-223.982,0,-229.824,0,206.408,42.3507,-10.4407,43.0946,-6.74129,43.4885,-3.36721,40.3518,16.5626,-148.343,-166.459,-22.1951,-107.873,63.5718,-248.829,-5.40881,83.8951,0.923621,-137.013,-153.745,-20.4999,-99.6335,58.7163,-229.824,-4.99569,77.4872,-94.662,-164.186,22.5947,-106.375,102.205,-233.191,35.3561,94.0498,259.183,164.521,125.96,148.555,249.789,351.994,-139.033,-103.677,
5.78524,0.903946,2.47242,3.4992,0,0,-50,14.8157,9.3418,7.23912,8.49904,14.3677,20.2258,-7.96505,-5.93893,0,-216.837,0,-223.952,0,-229.679,0,206.312,42.258,-10.8098,43.0919,-6.75834,43.4819,-3.45112,40.3305,16.6143,-148.767,-164.497,-22.9232,-107.474,63.2038,-248.578,-5.51277,83.4294,0.923973,-137.457,-151.991,-21.1804,-99.3032,58.3986,-229.679,-5.09365,77.0865,-95.1989,-162.801,21.9115,-106.062,101.88,-233.13,35.2369,93.7008,257.665,162.466,125.898,147.809,249.873,351.754,-138.523,-103.286,
5.79242,0.904126,2.47425,3.49796,0,0,-50,14.7397,9.24243,7.23729,8.4645,14.3723,20.2126,-7.93971,-5.91999,0,-216.299,0,-223.938,0,-229.542,0,206.218,42.1793,-11.1128,43.0907,-6.76608,43.4755,-3.53084,40.3098,16.6646,-149.093,-162.86,-23.5329,-107.181,62.8639,-248.383,-5.60981,83.0365,0.924144,-137.784,-150.506,-21.7478,-99.0503,58.0953,-229.542,-5.18427,76.7377,-95.6045,-161.619,21.3429,-105.816,101.571,-233.073,35.1255,93.4023,256.342,160.738,125.866,147.209,249.953,351.524,-138.082,-102.956,
5.79967,0.904102,2.47582,3.49681,0,0,-50,14.6632,9.14271,7.23526,8.42993,14.3759,20.2018,-7.91515,-5.90023,0,-215.755,0,-223.94,0,-229.424,0,206.132,42.0976,-11.4183,43.0909,-6.76505,43.4699,-3.59908,40.2906,16.7109,-149.404,-161.203,-24.1393,-106.887,62.5822,-248.191,-5.6778,82.6418,0.924384,-138.106,-149.013,-22.314,-98.8047,57.85,-229.424,-5.24847,76.3927,-96.0089,-160.431,20.7769,-105.57,101.32,-233.023,35.0421,93.1037,255.013,159.004,125.831,146.607,250.015,351.335,-137.655,-102.613,
5.80523,0.903802,2.47689,3.49595,0,0,-50,14.6031,9.06582,7.2339,8.40387,14.3778,20.1948,-7.89635,-5.88412,0,-215.338,0,-223.963,0,-229.344,0,206.068,42.0335,-11.6523,43.0929,-6.75214,43.4661,-3.64545,40.2764,16.7452,-149.622,-159.921,-24.6016,-106.681,62.4074,-248.058,-5.71199,82.3347,0.924558,-138.335,-147.856,-22.7456,-98.6328,57.6992,-229.344,-5.28107,76.1232,-96.3011,-159.508,20.3472,-105.385,101.165,-232.989,34.9953,92.8684,253.968,157.667,125.807,146.154,250.049,351.214,-137.328,-102.333,
5.81108,0.903179,2.47781,3.4953,0,0,-50,14.5397,8.98533,7.23227,8.37663,14.3785,20.1898,-7.87724,-5.86673,0,-214.899,0,-224.009,0,-229.275,0,206.019,41.9646,-11.8979,43.0971,-6.72528,43.4627,-3.68555,40.2653,16.7718,-149.834,-158.57,-25.0823,-106.476,62.2915,-247.927,-5.7311,82.0215,0.924766,-138.562,-146.64,-23.1952,-98.4651,57.605,-229.275,-5.29992,75.8506,-96.597,-158.538,19.9018,-105.19,101.068,-232.96,34.9654,92.6224,252.864,156.267,125.779,145.68,250.06,351.128,-136.995,-102.03,
5.81676,0.902208,2.47833,3.49485,0,0,-50,14.4783,8.90785,7.23034,8.35045,14.3774,20.1885,-7.85965,-5.84872,0,-214.473,0,-224.082,0,-229.236,0,205.986,41.8963,-12.1361,43.1036,-6.68344,43.4608,-3.70796,40.2579,16.7896,-150.021,-157.256,-25.5381,-106.286,62.2714,-247.815,-5.71342,81.7194,0.92503,-138.774,-145.466,-23.6235,-98.3175,57.6029,-229.236,-5.28509,75.5929,-96.8773,-157.602,19.4801,-105.001,101.064,-232.944,34.9728,92.3825,251.796,154.919,125.745,145.225,250.041,351.105,-136.69,-101.717,
5.82237,0.900866,2.47858,3.49453,0,0,-50,14.4167,8.83129,7.22848,8.32506,14.375,20.1897,-7.84259,-5.82969,0,-214.052,0,-224.183,0,-229.217,0,205.961,41.8276,-12.3709,43.1125,-6.62558,43.4598,-3.71889,40.2524,16.8026,-150.183,-155.949,-25.9824,-106.119,62.3222,-247.722,-5.66885,81.4185,0.925302,-138.964,-144.3,-24.0415,-98.1917,57.6668,-229.217,-5.2454,75.3367,-97.1367,-156.671,19.071,-104.817,101.127,-232.936,35.007,92.1393,250.724,153.588,125.713,144.784,249.999,351.126,-136.393,-101.386,
5.82813,0.899117,2.47859,3.49438,0,0,-50,14.3526,8.75281,7.22652,8.29932,14.371,20.1936,-7.82557,-5.80923,0,-213.62,0,-224.314,0,-229.216,0,205.95,41.7556,-12.6118,43.124,-6.55014,43.4598,-3.71942,40.25,16.8084,-150.328,-154.601,-26.4334,-105.964,62.4487,-247.641,-5.59991,81.1132,0.925599,-139.144,-143.099,-24.4667,-98.0805,57.8025,-229.216,-5.18327,75.0783,-97.3879,-155.71,18.6573,-104.631,101.262,-232.936,35.0668,91.8868,249.611,152.223,125.679,144.336,249.931,351.193,-136.097,-101.03,
5.83308,0.897067,2.4783,3.4945,0,0,-50,14.2962,8.68538,7.22481,8.27768,14.3657,20.2003,-7.81123,-5.79025,0,-213.249,0,-224.468,0,-229.238,0,205.959,41.6927,-12.8183,43.1374,-6.46175,43.4609,-3.70691,40.252,16.8036,-150.426,-153.435,-26.8148,-105.861,62.6554,-247.596,-5.51328,80.8536,0.925853,-139.273,-142.058,-24.8266,-98.0115,58.0097,-229.238,-5.10448,74.8585,-97.58,-154.876,18.3108,-104.473,101.471,-232.945,35.1476,91.6621,248.63,151.05,125.649,143.96,249.839,351.309,-135.847,-100.7,
5.83729,0.894814,2.47773,3.49495,0,0,-50,14.2479,8.62858,7.22303,8.2595,14.359,20.2097,-7.7997,-5.77306,0,-212.933,0,-224.637,0,-229.281,0,205.993,41.6384,-12.9935,43.1518,-6.36454,43.463,-3.68192,40.2595,16.7857,-150.487,-152.44,-27.1313,-105.793,62.9389,-247.578,-5.41368,80.6425,0.926098,-139.366,-141.174,-25.1262,-97.9743,58.2875,-229.281,-5.0136,74.6828,-97.7276,-154.168,18.0256,-104.339,101.751,-232.963,35.2459,91.4686,247.79,150.062,125.618,143.644,249.722,351.473,-135.647,-100.401,
5.84202,0.892309,2.47648,3.49582,0,0,-50,14.1993,8.56803,7.21963,8.23845,14.3495,20.225,-7.78982,-5.75412,0,-212.578,0,-224.825,0,-229.375,0,206.058,41.5764,-13.1905,43.1676,-6.25644,43.4675,-3.62774,40.2742,16.7505,-150.56,-151.348,-27.4646,-105.673,63.3654,-247.541,-5.25652,80.4261,0.926613,-139.511,-140.241,-25.4491,-97.9175,58.7152,-229.375,-4.87076,74.5239,-97.9344,-153.432,17.7186,-104.174,102.183,-233.002,35.4034,91.2744,246.944,149.009,125.559,143.277,249.557,351.739,-135.475,-100.072,
5.84574,0.889577,2.47469,3.49714,0,0,-50,14.1632,8.52271,7.21571,8.22191,14.3379,20.245,-7.78422,-5.73746,0,-212.3,0,-225.03,0,-229.508,0,206.157,41.5271,-13.3449,43.1846,-6.13847,43.4739,-3.55011,40.2962,16.6974,-150.59,-150.499,-27.703,-105.587,63.9126,-247.535,-5.06961,80.2729,0.927174,-139.623,-139.539,-25.6855,-97.8977,59.2581,-229.508,-4.70041,74.4269,-98.096,-152.883,17.4991,-104.036,102.732,-233.059,35.5958,91.1243,246.317,148.221,125.491,142.99,249.355,352.087,-135.378,-99.7819,
5.84969,0.886509,2.4725,3.49871,0,0,-50,14.1263,8.47552,7.21122,8.20434,14.3243,20.2688,-7.77926,-5.7193,0,-212.003,0,-225.26,0,-229.673,0,206.275,41.474,-13.509,43.2032,-6.00595,43.4816,-3.45477,40.3224,16.6341,-150.614,-149.6,-27.9479,-105.492,64.5584,-247.531,-4.84661,80.1142,0.927855,-139.748,-138.807,-25.9317,-97.8815,59.9009,-229.673,-4.49696,74.3344,-98.2738,-152.316,17.2715,-103.887,103.383,-233.128,35.8254,90.9685,245.674,147.4,125.413,142.684,249.119,352.501,-135.291,-99.4661,
5.85251,0.883441,2.47002,3.50032,0,0,-50,14.1014,8.44375,7.20701,8.19216,14.3104,20.2943,-7.7775,-5.70343,0,-211.792,0,-225.49,0,-229.859,0,206.395,41.4358,-13.6258,43.2214,-5.87338,43.4901,-3.34689,40.349,16.5694,-150.598,-148.96,-28.0973,-105.443,65.2419,-247.56,-4.60766,80.0006,0.928498,-139.83,-138.309,-26.0883,-97.9036,60.5769,-229.859,-4.2782,74.2804,-98.3945,-151.935,17.1331,-103.777,104.067,-233.206,36.0708,90.8497,245.242,146.848,125.339,142.472,248.877,352.944,-135.261,-99.19,
5.85531,0.879343,2.46732,3.50256,0,0,-50,14.0732,8.41158,7.20289,8.18051,14.2931,20.3243,-7.77523,-5.68603,0,-211.582,0,-225.797,0,-230.061,0,206.563,41.3974,-13.7419,43.2451,-5.69618,43.4989,-3.22961,40.3861,16.4789,-150.539,-148.307,-28.2467,-105.456,66.0797,-247.628,-4.36159,79.9068,0.92906,-139.86,-137.786,-26.2429,-97.9745,61.392,-230.061,-4.05218,74.2383,-98.4626,-151.528,17.0022,-103.671,104.891,-233.291,36.3339,90.7171,244.751,146.288,125.268,142.27,248.575,353.466,-135.221,-98.8874,
5.85745,0.875064,2.4643,3.50479,0,0,-50,14.0517,8.3885,7.19897,8.1723,14.275,20.3565,-7.77472,-5.66898,0,-211.422,0,-226.118,0,-230.288,0,206.731,41.368,-13.8302,43.2691,-5.51111,43.5085,-3.09822,40.4227,16.3888,-150.449,-147.801,-28.3363,-105.504,66.9703,-247.724,-4.08888,79.8289,0.929614,-139.859,-137.397,-26.3418,-98.0779,62.2565,-230.288,-3.80108,74.21,-98.4911,-151.228,16.9273,-103.589,105.765,-233.386,36.6216,90.5989,244.378,145.887,125.2,142.127,248.261,354.026,-135.213,-98.5909,
