dist_sp,kl_bl_base_dist,kr_bl_base_dist,kl_bl_base_f_mag,kr_bl_base_f_mag,kl_bl_base_f_dir_x,kl_bl_base_f_dir_y,kl_bl_base_f_dir_z,kr_bl_base_f_dir_x,kr_bl_base_f_dir_y,kr_bl_base_f_dir_z,kl_bl_base_f_at_base_x,kl_bl_base_f_at_base_y,kl_bl_base_f_at_base_mz,kr_bl_base_f_at_base_x,kr_bl_base_f_at_base_y,kr_bl_base_f_at_base_mz
0.7,0.621877,1.00896,1960.15,-1787,-234.6,104.395,0,1311.13,-347.427,0,1944.9,-241.901,-112.18,-1309.62,1211.18,-321.469,
0.7,0.621904,1.00896,-38.2477,213.013,4.58129,-2.0368,0,-156.286,41.4174,0,-37.9502,4.71906,2.18913,156.103,-144.381,38.3204,
0.7,0.621915,1.00896,-38.9584,213.051,4.66827,-2.07451,0,-156.312,41.4264,0,-38.6553,4.80613,2.22991,156.128,-144.409,38.3275,
0.7,0.621927,1.00896,-38.9546,213.081,4.66962,-2.07418,0,-156.333,41.4339,0,-38.6517,4.80502,2.22982,156.147,-144.433,38.3332,
0.7,0.621938,1.00896,-38.9274,213.105,4.66825,-2.07262,0,-156.35,41.4384,0,-38.6247,4.80105,2.22837,156.162,-144.453,38.3379,
0.7,0.62195,1.00896,-38.9259,213.148,4.66982,-2.07245,0,-156.38,41.4486,0,-38.6232,4.80022,2.2284,156.191,-144.485,38.346,
0.7,0.621961,1.00896,-38.9699,213.174,4.67692,-2.07466,0,-156.398,41.4554,0,-38.667,4.80507,2.23103,156.208,-144.505,38.3509,
0.7,0.621974,1.00896,-38.8511,213.211,4.66451,-2.06822,0,-156.424,41.4645,0,-38.5491,4.78985,2.22433,156.232,-144.533,38.3579,
0.7,0.621988,1.00896,-38.7911,213.229,4.65927,-2.06493,0,-156.434,41.4724,0,-38.4896,4.78188,2.22101,156.242,-144.548,38.3614,
0.7,0.622004,1.00896,-38.5633,213.265,4.63395,-2.05276,0,-156.46,41.4814,0,-38.2636,4.75325,2.20806,156.267,-144.574,38.368,
0.7,0.622019,1.00896,-38.6152,213.29,4.64207,-2.05554,0,-156.478,41.4885,0,-38.3152,4.75911,2.21114,156.285,-144.591,38.3725,
0.7,0.622034,1.00896,-38.8506,213.316,4.67226,-2.06811,0,-156.497,41.4958,0,-38.5488,4.78761,2.22471,156.304,-144.609,38.3773,
0.7,0.622069,1.00896,-37.2366,213.352,4.4821,-1.98226,0,-156.523,41.5049,0,-36.9474,4.5878,2.13245,156.331,-144.633,38.3838,
0.7,0.622087,1.00896,-38.4939,213.372,4.63557,-2.04928,0,-156.537,41.5106,0,-38.195,4.74228,2.20454,156.346,-144.646,38.3872,
0.7,0.622106,1.00895,-38.3147,213.397,4.61619,-2.03975,0,-156.556,41.5174,0,-38.0172,4.71979,2.19435,156.365,-144.662,38.3917,
0.7,0.622127,1.00895,-38.0994,213.393,4.59267,-2.02826,0,-156.553,41.5183,0,-37.8036,4.69288,2.1821,156.363,-144.658,38.3908,
0.7,0.622146,1.00895,-38.2093,213.442,4.60812,-2.0341,0,-156.589,41.5295,0,-37.9127,4.70599,2.18847,156.4,-144.691,38.3996,
0.7,0.622165,1.00895,-38.1995,213.46,4.60911,-2.03359,0,-156.602,41.5345,0,-37.903,4.70437,2.18799,156.414,-144.702,38.4027,
0.7,0.622185,1.00895,-38.2358,213.5,4.61565,-2.03551,0,-156.632,41.5437,0,-37.9391,4.70839,2.19015,156.444,-144.728,38.4098,
0.7,0.622205,1.00895,-38.1406,213.534,4.60627,-2.03053,0,-156.657,41.5519,0,-37.8447,4.69618,2.18479,156.47,-144.751,38.4159,
0.7,0.622226,1.00895,-37.9852,213.564,4.5898,-2.02234,0,-156.679,41.5591,0,-37.6906,4.6765,2.17599,156.492,-144.77,38.4211,
0.7,0.622247,1.00895,-38.0075,213.593,4.5946,-2.0237,0,-156.701,41.5663,0,-37.7128,4.6786,2.17739,156.515,-144.789,38.4264,
0.7,0.622268,1.00895,-38.1595,213.64,4.61504,-2.03193,0,-156.734,41.5768,0,-37.8637,4.69661,2.18623,156.549,-144.82,38.4346,
0.7,0.622289,1.00895,-38.0481,213.635,4.60357,-2.02615,0,-156.731,41.5776,0,-37.7532,4.68213,2.17999,156.546,-144.816,38.4337,
0.7,0.622312,1.00895,-38.0049,213.685,4.60044,-2.024,0,-156.768,41.5889,0,-37.7105,4.67597,2.17768,156.584,-144.849,38.4426,
0.7,0.622335,1.00894,-37.8075,213.666,4.57862,-2.01359,0,-156.754,41.5868,0,-37.5147,4.6507,2.16655,156.571,-144.835,38.439,
0.7,0.622359,1.00894,-38.2421,213.615,4.63348,-2.03675,0,-156.718,41.5802,0,-37.9461,4.70317,2.19164,156.536,-144.798,38.4296,
0.7,0.622412,1.00894,-35.889,213.68,4.35293,-1.91131,0,-156.767,41.5944,0,-35.6115,4.41169,2.05718,156.585,-144.841,38.4412,
0.7,0.622438,1.00893,-37.9056,213.701,4.59991,-2.01866,0,-156.783,41.6,0,-37.6126,4.65842,2.17299,156.602,-144.853,38.4447,
0.7,0.622464,1.00893,-37.4383,213.691,4.54562,-1.99374,0,-156.777,41.5996,0,-37.1491,4.59974,2.14644,156.596,-144.845,38.4428,
0.7,0.622491,1.00893,-37.4625,213.701,4.55098,-1.99499,0,-156.785,41.6029,0,-37.1732,4.60152,2.14805,156.605,-144.849,38.4443,
0.7,0.622518,1.00893,-37.3865,213.698,4.54417,-1.99094,0,-156.784,41.6036,0,-37.098,4.59093,2.14393,156.605,-144.845,38.4435,
0.7,0.622547,1.00892,-37.2578,213.712,4.53111,-1.98411,0,-156.796,41.6077,0,-36.9704,4.57382,2.1368,156.618,-144.852,38.4459,
0.7,0.622576,1.00892,-37.2269,213.746,4.52974,-1.98246,0,-156.821,41.6154,0,-36.94,4.56855,2.13531,156.644,-144.873,38.4517,
0.7,0.622604,1.00891,-37.2757,213.743,4.5379,-1.98507,0,-156.819,41.6161,0,-36.9886,4.5731,2.13838,156.644,-144.868,38.4509,
0.7,0.622633,1.00891,-37.1985,213.747,4.53062,-1.9809,0,-156.823,41.6183,0,-36.9121,4.56216,2.13422,156.65,-144.869,38.4514,
0.7,0.62266,1.00891,-37.4992,213.846,4.5691,-1.99685,0,-156.895,41.6387,0,-37.2107,4.59754,2.15176,156.725,-144.933,38.4689,
0.7,0.622688,1.0089,-37.2273,213.905,4.5377,-1.98228,0,-156.937,41.6514,0,-36.9411,4.56265,2.13645,156.771,-144.97,38.4792,
0.7,0.622715,1.0089,-37.3013,213.934,4.54831,-1.98613,0,-156.956,41.6582,0,-37.0147,4.57031,2.14096,156.794,-144.988,38.4842,
0.7,0.622744,1.0089,-37.1811,213.988,4.53509,-1.97972,0,-156.994,41.6698,0,-36.8956,4.55419,2.13433,156.836,-145.021,38.4935,
0.7,0.622773,1.00889,-37.2096,213.973,4.54023,-1.98125,0,-156.982,41.6682,0,-36.924,4.55619,2.13624,156.828,-145.008,38.4906,
0.7,0.622802,1.00889,-37.1192,213.962,4.53067,-1.97649,0,-156.974,41.6672,0,-36.8345,4.54359,2.13135,156.823,-144.998,38.4883,
0.7,0.622832,1.00888,-37.1598,213.665,4.53731,-1.97868,0,-156.757,41.6114,0,-36.875,4.54676,2.13401,156.611,-144.79,38.4342,
0.7,0.62286,1.00888,-37.0957,213.977,4.53113,-1.9753,0,-156.986,41.6728,0,-36.8116,4.53722,2.13065,156.843,-144.997,38.4898,
0.7,0.622889,1.00887,-37.0231,214.005,4.52405,-1.97135,0,-157.007,41.6793,0,-36.7398,4.52664,2.12681,156.867,-145.012,38.4945,
0.7,0.622918,1.00887,-37.0742,214.004,4.53194,-1.97396,0,-157.006,41.6803,0,-36.7908,4.53115,2.13007,156.871,-145.007,38.4938,
0.7,0.622947,1.00886,-37.5356,214.042,4.58997,-1.99847,0,-157.036,41.6889,0,-37.2489,4.5856,2.15695,156.904,-145.028,38.5002,
0.7,0.623004,1.00886,-34.9687,214.018,4.27849,-1.86165,0,-157.019,41.6852,0,-34.702,4.26849,2.01011,156.891,-145.006,38.4952,
0.7,0.623031,1.00885,-37.5005,214.082,4.58916,-1.99646,0,-157.066,41.6989,0,-37.2147,4.57565,2.156,156.943,-145.043,38.506,
0.7,0.623059,1.00885,-37.033,213.999,4.53285,-1.97167,0,-157.007,41.684,0,-36.751,4.51654,2.12951,156.888,-144.981,38.4906,
0.7,0.623085,1.00884,-37.2604,213.997,4.56156,-1.98386,0,-157.007,41.6848,0,-36.977,4.54227,2.14297,156.892,-144.973,38.4894,
0.7,0.623111,1.00883,-37.214,213.949,4.55695,-1.98141,0,-156.974,41.6768,0,-36.9311,4.53443,2.14071,156.863,-144.934,38.4801,
0.7,0.623136,1.00882,-37.3836,214.043,4.57877,-1.99046,0,-157.045,41.6963,0,-37.0998,4.55283,2.1509,156.938,-144.99,38.4962,
0.7,0.623163,1.00882,-37.0954,213.992,4.54454,-1.97514,0,-157.01,41.6879,0,-36.814,4.51518,2.13479,156.908,-144.949,38.4863,
0.7,0.623188,1.00881,-37.3758,213.985,4.57968,-1.99017,0,-157.009,41.6879,0,-37.0926,4.54696,2.15137,156.91,-144.935,38.4842,
0.7,0.623214,1.00879,-37.195,213.265,4.55815,-1.98066,0,-156.487,41.5502,0,-36.9135,4.52253,2.14143,156.398,-144.43,38.3528,
0.7,0.623241,1.00878,-37.5122,214.067,4.59758,-1.99772,0,-157.079,41.7078,0,-37.2286,4.55836,2.16021,156.996,-144.964,38.4961,
0.7,0.623291,1.00877,-35.8808,214.009,4.39847,-1.91121,0,-157.04,41.6978,0,-35.6102,4.35504,2.06722,156.962,-144.915,38.4846,
0.7,0.623317,1.00876,-37.1147,213.829,4.5504,-1.97708,0,-156.913,41.6642,0,-36.8351,4.50192,2.13885,156.839,-144.783,38.4511,
0.7,0.623344,1.00875,-36.978,213.852,4.53435,-1.96992,0,-156.934,41.6701,0,-36.6999,4.48237,2.13154,156.866,-144.788,38.4541,
0.7,0.623373,1.00874,-36.772,213.854,4.50989,-1.95911,0,-156.94,41.672,0,-36.4958,4.45407,2.12029,156.877,-144.778,38.4534,
0.7,0.623402,1.00872,-36.787,213.81,4.51237,-1.96005,0,-156.912,41.6644,0,-36.5111,4.45275,2.12175,156.855,-144.736,38.444,
0.7,0.623431,1.00871,-36.9133,213.814,4.52829,-1.96699,0,-156.921,41.6664,0,-36.6368,4.46492,2.12963,156.87,-144.727,38.4437,
0.7,0.62346,1.0087,-36.8391,213.903,4.51955,-1.96322,0,-156.99,41.684,0,-36.5636,4.45284,2.12593,156.945,-144.776,38.4583,
0.7,0.62349,1.00869,-36.7097,213.877,4.50403,-1.9566,0,-156.976,41.6798,0,-36.4356,4.43395,2.11908,156.936,-144.747,38.4524,
0.7,0.623518,1.00867,-36.8041,213.846,4.51578,-1.96188,0,-156.959,41.6743,0,-36.5296,4.44242,2.12508,156.925,-144.713,38.4455,
0.7,0.623545,1.00865,-37.5158,213.39,4.60347,-1.99998,0,-156.635,41.5872,0,-37.2364,4.52527,2.16675,156.614,-144.379,38.3609,
0.7,0.623601,1.00863,-34.8205,213.864,4.27347,-1.85668,0,-156.989,41.6803,0,-34.5619,4.19432,2.01218,156.974,-144.686,38.4447,
0.7,0.623628,1.00862,-37.18,214.039,4.56328,-1.98273,0,-157.122,41.7149,0,-36.9043,4.47556,2.1491,157.115,-144.791,38.4747,
0.7,0.623654,1.0086,-36.9317,213.831,4.53297,-1.96972,0,-156.975,41.6748,0,-36.6581,4.44275,2.13529,156.976,-144.635,38.4357,
0.7,0.62368,1.00859,-37.0301,213.995,4.54516,-1.97518,0,-157.1,41.7073,0,-36.7562,4.45175,2.14152,157.11,-144.732,38.4636,
0.7,0.623708,1.00857,-36.8532,213.962,4.52368,-1.96593,0,-157.081,41.7011,0,-36.581,4.4274,2.13187,157.098,-144.695,38.4561,
0.7,0.623733,1.00854,-37.0578,212.835,4.54882,-1.97709,0,-156.266,41.4821,0,-36.7844,4.44916,2.14424,156.298,-143.902,38.2504,
0.7,0.623758,1.00853,-37.3403,214.195,4.58352,-1.99245,0,-157.269,41.7474,0,-37.0653,4.48024,2.16113,157.31,-144.808,38.4932,
0.7,0.623808,1.00852,-35.3242,214.086,4.33582,-1.88549,0,-157.194,41.7268,0,-35.0647,4.23275,2.0455,157.243,-144.72,38.4721,
0.7,0.623832,1.0085,-37.2979,214.02,4.57765,-1.9912,0,-157.152,41.7144,0,-37.0243,4.46646,2.16032,157.21,-144.658,38.4585,
0.7,0.623854,1.00849,-37.18,214.006,4.56273,-1.98541,0,-157.147,41.7124,0,-36.9076,4.44955,2.15402,157.211,-144.636,38.4546,
0.7,0.623876,1.00847,-37.1215,213.991,4.5551,-1.98265,0,-157.141,41.7101,0,-36.8498,4.43967,2.15117,157.215,-144.61,38.4502,
0.7,0.6239,1.00846,-37.0932,214.101,4.55128,-1.98153,0,-157.228,41.7321,0,-36.8222,4.43315,2.15012,157.309,-144.67,38.4685,
0.7,0.623924,1.00844,-36.8947,213.971,4.52654,-1.9713,0,-157.139,41.7071,0,-36.6255,4.40608,2.13925,157.228,-144.567,38.4436,
0.7,0.623944,1.00841,-37.2919,213.164,4.57464,-1.9929,0,-156.555,41.5502,0,-37.0202,4.45066,2.16282,156.658,-143.995,38.2957,
0.7,0.623963,1.0084,-37.2472,214.12,4.56846,-1.9909,0,-157.261,41.7365,0,-36.9762,4.44256,2.16075,157.372,-144.628,38.4661,
0.7,0.623983,1.00839,-37.215,214.122,4.56379,-1.98954,0,-157.268,41.7369,0,-36.9445,4.43584,2.15943,157.386,-144.616,38.465,
0.7,0.623999,1.00837,-37.4866,214.013,4.59606,-2.00446,0,-157.193,41.7163,0,-37.2145,4.46562,2.17568,157.319,-144.53,38.4442,
0.7,0.624028,1.00836,-36.9783,214.43,4.53174,-1.97793,0,-157.503,41.7977,0,-36.7105,4.40007,2.14712,157.637,-144.798,38.5177,
0.7,0.624043,1.00834,-37.7573,214.398,4.62612,-2.01991,0,-157.484,41.792,0,-37.4842,4.49003,2.19287,157.624,-144.764,38.5106,
0.7,0.624054,1.00833,-37.8105,214.174,4.63125,-2.02311,0,-157.324,41.7489,0,-37.5374,4.4939,2.19643,157.472,-144.6,38.4691,
0.7,0.624062,1.00831,-38.0938,214.302,4.66425,-2.03859,0,-157.422,41.7744,0,-37.819,4.52526,2.21332,157.577,-144.675,38.4908,
0.7,0.624069,1.0083,-38.2075,214.325,4.67641,-2.04497,0,-157.443,41.7798,0,-37.9321,4.53655,2.22034,157.604,-144.678,38.4936,
0.7,0.624074,1.00829,-38.3394,214.404,4.69067,-2.05235,0,-157.502,41.7966,0,-38.0633,4.55012,2.22841,157.666,-144.728,38.5075,
0.7,0.624079,1.00827,-38.3834,214.304,4.69405,-2.05504,0,-157.433,41.7782,0,-38.1073,4.55324,2.23136,157.603,-144.649,38.4883,
0.7,0.624079,1.00826,-38.733,214.411,4.73448,-2.07406,0,-157.516,41.8,0,-38.4546,4.59297,2.25202,157.693,-144.708,38.5061,
0.7,0.624079,1.00823,-38.7321,213.402,4.73215,-2.07432,0,-156.784,41.6058,0,-38.4539,4.59116,2.25229,156.973,-144.003,38.3223,
0.7,0.624078,1.00822,-38.8271,214.455,4.7413,-2.0797,0,-157.564,41.8124,0,-38.5484,4.60078,2.25812,157.76,-144.701,38.5101,
0.7,0.624072,1.0082,-39.1832,214.484,4.77963,-2.09948,0,-157.59,41.819,0,-38.9024,4.63968,2.27945,157.792,-144.708,38.514,
0.7,0.624068,1.00819,-39.0277,214.634,4.75819,-2.09146,0,-157.705,41.8491,0,-38.7482,4.61988,2.27067,157.913,-144.799,38.5398,
0.7,0.624064,1.00817,-39.0417,214.569,4.75744,-2.0925,0,-157.661,41.8381,0,-38.7623,4.62022,2.27174,157.874,-144.743,38.5268,
0.7,0.624061,1.00816,-39.0351,214.529,4.75404,-2.0925,0,-157.638,41.8319,0,-38.7559,4.61813,2.2716,157.855,-144.706,38.5186,
0.7,0.624056,1.00814,-39.1278,214.445,4.76276,-2.09781,0,-157.583,41.8171,0,-38.8481,4.62797,2.27721,157.803,-144.639,38.5025,
0.7,0.624036,1.00812,-39.9396,213.99,4.85802,-2.1416,0,-157.259,41.7339,0,-39.654,4.72456,2.32435,157.479,-144.32,38.4195,
0.7,0.624022,1.0081,-39.7022,214.695,4.82352,-2.12964,0,-157.781,41.8744,0,-39.4187,4.69468,2.31088,158.001,-144.792,38.5456,
0.7,0.624014,1.00809,-39.5134,214.546,4.79784,-2.11992,0,-157.675,41.8484,0,-39.2313,4.67157,2.30004,157.894,-144.689,38.5186,
0.7,0.624002,1.00807,-39.7028,214.756,4.81786,-2.13043,0,-157.832,41.8918,0,-39.4194,4.69356,2.31114,158.052,-144.828,38.5561,
0.7,0.623989,1.00806,-39.8652,214.794,4.83466,-2.13942,0,-157.861,41.9005,0,-39.5807,4.71256,2.32063,158.082,-144.85,38.5626,
0.7,0.623975,1.00804,-39.8781,214.303,4.83327,-2.14039,0,-157.502,41.8058,0,-39.5936,4.71409,2.32139,157.726,-144.514,38.4739,
0.7,0.62396,1.00803,-39.8556,215.288,4.82752,-2.13936,0,-158.225,41.9985,0,-39.5712,4.71152,2.32006,158.453,-145.175,38.6504,
0.7,0.623928,1.00803,-41.2895,215.247,4.99465,-2.21646,0,-158.194,41.992,0,-40.9949,4.88157,2.40344,158.424,-145.145,38.6428,
0.7,0.623911,1.00802,-40.0844,215.476,4.84578,-2.1515,0,-158.36,42.0379,0,-39.7984,4.73945,2.33322,158.594,-145.299,38.6838,
0.7,0.623894,1.00802,-40.2812,215.527,4.86665,-2.16172,0,-158.395,42.0485,0,-39.9938,4.76321,2.34459,158.632,-145.333,38.6929,
0.7,0.623875,1.00802,-40.4995,215.69,4.8902,-2.17321,0,-158.511,42.0802,0,-40.2104,4.78966,2.35718,158.751,-145.444,38.7223,
0.7,0.623854,1.00801,-40.6767,215.734,4.9086,-2.18263,0,-158.54,42.0891,0,-40.3864,4.81141,2.36735,158.781,-145.477,38.7306,
0.7,0.623835,1.00801,-40.6078,215.794,4.89753,-2.17896,0,-158.581,42.1014,0,-40.3179,4.80417,2.36317,158.82,-145.522,38.7418,
0.7,0.623814,1.00801,-40.6708,215.931,4.90235,-2.18239,0,-158.678,42.1299,0,-40.3803,4.81271,2.36663,158.915,-145.622,38.7673,
0.7,0.623792,1.00801,-40.697,216.059,4.90272,-2.18383,0,-158.767,42.1566,0,-40.4062,4.81712,2.36791,159.002,-145.716,38.791,
0.7,0.623768,1.00802,-40.7568,216.372,4.90689,-2.18706,0,-158.986,42.2208,0,-40.4654,4.82566,2.37112,159.223,-145.937,38.8483,
0.7,0.623743,1.00802,-41.0165,216.363,4.93514,-2.20103,0,-158.97,42.2221,0,-40.7232,4.85802,2.38593,159.196,-145.953,38.849,
0.7,0.623717,1.00803,-40.8235,216.244,4.90874,-2.19051,0,-158.878,42.202,0,-40.5313,4.83706,2.37434,159.098,-145.886,38.8291,
0.7,0.623661,1.00803,-42.6812,216.305,5.12534,-2.28965,0,-158.917,42.2171,0,-42.3752,5.06142,2.48159,159.131,-145.941,38.8416,
0.7,0.623632,1.00803,-41.2481,216.308,4.95011,-2.21252,0,-158.913,42.2204,0,-40.9522,4.89367,2.39785,159.119,-145.957,38.8435,
0.7,0.623601,1.00803,-41.5746,216.373,4.98617,-2.22978,0,-158.952,42.2358,0,-41.276,4.93482,2.41638,159.152,-146.018,38.857,
0.7,0.62357,1.00803,-41.3968,216.357,4.96184,-2.22008,0,-158.932,42.235,0,-41.0994,4.91606,2.40561,159.125,-146.024,38.8559,
0.7,0.623537,1.00804,-41.3076,216.435,4.94803,-2.21515,0,-158.974,42.2535,0,-41.0105,4.90784,2.39998,159.151,-146.111,38.8737,
0.7,0.623473,1.00804,-43.5471,216.321,5.21,-2.33532,0,-158.885,42.2333,0,-43.2333,5.17942,2.52906,159.052,-146.051,38.8551,
0.7,0.623439,1.00804,-42.0955,216.406,5.0332,-2.25755,0,-158.941,42.2518,0,-41.7918,5.00985,2.44418,159.098,-146.127,38.8723,
0.7,0.623403,1.00804,-42.1658,216.518,5.03841,-2.26141,0,-159.017,42.276,0,-41.8612,5.02124,2.44769,159.164,-146.22,38.8943,
0.7,0.623368,1.00804,-42.2982,216.65,5.05113,-2.26872,0,-159.106,42.3042,0,-41.9924,5.04015,2.45479,159.245,-146.328,38.9201,
0.7,0.62333,1.00805,-42.4359,216.716,5.06427,-2.27611,0,-159.146,42.32,0,-42.1286,5.06009,2.46211,159.274,-146.394,38.9342,
0.7,0.623291,1.00805,-42.4186,216.676,5.05884,-2.27519,0,-159.108,42.3157,0,-42.1111,5.06147,2.46047,159.226,-146.387,38.929,
0.7,0.623254,1.00805,-42.0861,216.605,5.01612,-2.25735,0,-159.05,42.306,0,-41.7806,5.02514,2.44055,159.156,-146.36,38.9186,
0.7,0.623218,1.00805,-42.3762,216.565,5.04765,-2.27297,0,-159.007,42.3066,0,-42.0682,5.06315,2.45674,159.086,-146.378,38.9162,
0.7,0.623181,1.00805,-42.5154,216.549,5.06126,-2.28048,0,-158.989,42.307,0,-42.206,5.08313,2.46418,159.053,-146.391,38.9159,
0.7,0.623144,1.00805,-42.0597,216.647,5.00388,-2.25606,0,-159.053,42.3288,0,-41.7533,5.0322,2.4371,159.102,-146.481,38.936,
0.7,0.623072,1.00805,-43.9825,216.702,5.22582,-2.35919,0,-159.086,42.3426,0,-43.6612,5.26898,2.54724,159.119,-146.545,38.9487,
0.7,0.623038,1.00805,-41.9538,216.743,4.98152,-2.25038,0,-159.108,42.3546,0,-41.647,5.02917,2.42915,159.123,-146.602,38.9593,
0.7,0.623004,1.00805,-42.1808,216.724,5.00519,-2.26255,0,-159.079,42.3599,0,-41.8719,5.05957,2.44169,159.059,-146.644,38.9617,
0.7,0.62297,1.00805,-41.8716,216.682,4.9652,-2.24598,0,-159.041,42.3561,0,-41.5646,5.02572,2.42318,159.004,-146.643,38.9571,
0.7,0.622912,1.00805,-43.4928,216.653,5.1514,-2.33302,0,-159.012,42.355,0,-43.1733,5.22617,2.5159,158.956,-146.652,38.955,
0.7,0.622886,1.00804,-41.8391,216.578,4.95269,-2.2444,0,-158.949,42.3446,0,-41.5314,5.02999,2.41976,158.877,-146.628,38.9442,
0.7,0.62286,1.00804,-41.822,216.453,4.94777,-2.24367,0,-158.852,42.3247,0,-41.5142,5.03031,2.41833,158.762,-146.57,38.9247,
0.7,0.622836,1.00803,-41.6817,216.389,4.92823,-2.23637,0,-158.8,42.3161,0,-41.3748,5.01538,2.40985,158.69,-146.553,38.9159,
0.7,0.622815,1.00801,-41.1532,215.947,4.86288,-2.20825,0,-158.466,42.2377,0,-40.85,4.95339,2.379,158.316,-146.309,38.8424,
0.7,0.622779,1.008,-42.3369,216.154,4.99714,-2.27206,0,-158.615,42.2828,0,-42.0247,5.09831,2.44697,158.445,-146.475,38.8825,
0.7,0.622761,1.00799,-41.3578,215.957,4.87847,-2.21967,0,-158.468,42.2488,0,-41.0527,4.98106,2.39025,158.277,-146.367,38.8497,
0.7,0.62275,1.00797,-40.8989,215.747,4.82218,-2.19504,0,-158.311,42.2128,0,-40.5972,4.92606,2.36368,158.099,-146.252,38.8148,
0.7,0.622736,1.00795,-41.0627,215.727,4.83875,-2.20385,0,-158.296,42.2141,0,-40.7598,4.9458,2.37314,158.062,-146.263,38.8139,
0.7,0.622726,1.00793,-40.8681,215.314,4.81323,-2.19354,0,-157.995,42.1384,0,-40.5667,4.92212,2.36195,157.738,-146.006,38.742,
0.7,0.622715,1.00788,-40.9041,213.569,4.81445,-2.19562,0,-156.72,41.8073,0,-40.6025,4.92607,2.3641,156.418,-144.87,38.4331,
0.7,0.622707,1.00786,-40.7739,215.14,4.79599,-2.18883,0,-157.874,42.1203,0,-40.4733,4.9099,2.35666,157.546,-145.961,38.7185,
0.7,0.622694,1.00783,-40.9325,215.411,4.80864,-2.19778,0,-158.076,42.1783,0,-40.6309,4.92744,2.36613,157.723,-146.168,38.7697,
0.7,0.622687,1.0078,-40.5921,214.98,4.76563,-2.17974,0,-157.765,42.0978,0,-40.2932,4.88545,2.34665,157.387,-145.898,38.6946,
0.7,0.622682,1.00777,-40.5132,214.427,4.75351,-2.17559,0,-157.365,41.9955,0,-40.215,4.87481,2.3423,156.962,-145.545,38.5974,
0.7,0.622677,1.00773,-40.6102,214.611,4.76203,-2.18084,0,-157.503,42.037,0,-40.3114,4.88535,2.34812,157.073,-145.695,38.6332,
0.7,0.622671,1.0077,-40.5587,214.669,4.75321,-2.17806,0,-157.551,42.0541,0,-40.2605,4.878,2.34537,157.095,-145.759,38.6462,
0.7,0.622662,1.00767,-40.7937,214.846,4.77751,-2.1906,0,-157.685,42.0941,0,-40.4938,4.90534,2.35913,157.203,-145.903,38.6808,
0.7,0.622654,1.0076,-40.6661,213.055,4.75932,-2.18351,0,-156.379,41.7543,0,-40.3673,4.88921,2.35189,155.848,-144.736,38.3636,
0.7,0.622636,1.00756,-41.387,214.807,4.83651,-2.22193,0,-157.669,42.1037,0,-41.083,4.97485,2.39378,157.104,-145.954,38.682,
0.7,0.622622,1.00753,-41.2334,214.658,4.81452,-2.21349,0,-157.562,42.0806,0,-40.9306,4.95622,2.38493,156.97,-145.88,38.6581,
0.7,0.622609,1.0075,-41.3084,214.556,4.81925,-2.21723,0,-157.489,42.0668,0,-41.005,4.96523,2.38927,156.869,-145.84,38.6428,
0.7,0.622595,1.00747,-41.3793,214.783,4.82343,-2.22082,0,-157.657,42.1171,0,-41.0754,4.97404,2.39332,157.007,-146.025,38.6869,
0.7,0.622579,1.00744,-41.4504,214.955,4.82775,-2.22437,0,-157.782,42.1571,0,-41.1459,4.98313,2.39733,157.1,-146.178,38.7217,
0.7,0.622577,1.00741,-40.4155,215.052,4.70696,-2.16809,0,-157.852,42.1818,0,-40.1185,4.85907,2.33741,157.14,-146.278,38.7427,
0.7,0.622558,1.00738,-41.7453,214.831,4.85771,-2.23931,0,-157.689,42.1446,0,-41.4385,5.01989,2.41414,156.946,-146.162,38.7066,
0.7,0.62254,1.00733,-41.4014,214.017,4.81368,-2.22061,0,-157.086,41.9979,0,-41.097,4.97975,2.39402,156.28,-145.687,38.5684,
0.7,0.622502,1.0073,-42.7522,215.485,4.962,-2.29261,0,-158.161,42.2926,0,-42.4375,5.1455,2.47152,157.315,-146.727,38.8371,
0.7,0.622481,1.00727,-41.8684,215.477,4.85506,-2.24495,0,-158.152,42.2976,0,-41.5599,5.04121,2.42003,157.27,-146.764,38.8401,
0.7,0.622461,1.00725,-41.8759,215.54,4.85179,-2.24502,0,-158.193,42.3172,0,-41.5671,5.04449,2.42002,157.273,-146.855,38.8567,
0.7,0.622439,1.00723,-42.0061,215.611,4.86258,-2.25176,0,-158.239,42.3383,0,-41.6959,5.06312,2.42698,157.282,-146.949,38.8743,
0.7,0.622418,1.00718,-42.0931,213.734,4.86871,-2.2563,0,-156.85,41.9835,0,-41.782,5.07663,2.43144,155.827,-145.764,38.5457,
0.7,0.622397,1.00716,-41.7397,215.989,4.82411,-2.23729,0,-158.497,42.4338,0,-41.4308,5.0372,2.41043,157.421,-147.355,38.9581,
0.7,0.622352,1.00714,-43.3151,215.945,4.99885,-2.32159,0,-158.458,42.4326,0,-42.9937,5.23493,2.49997,157.343,-147.376,38.9556,
0.7,0.622329,1.00712,-42.2743,215.676,4.87541,-2.26562,0,-158.253,42.3868,0,-41.9601,5.11312,2.43915,157.1,-147.244,38.9125,
0.7,0.622306,1.0071,-42.4016,215.561,4.88674,-2.2722,0,-158.161,42.3712,0,-42.086,5.13264,2.44572,156.968,-147.217,38.8971,
0.7,0.622282,1.0071,-42.4694,217.388,4.89119,-2.27548,0,-159.483,42.7368,0,-42.1527,5.14517,2.44882,158.241,-148.528,39.2335,
0.7,0.622256,1.00708,-42.7242,215.728,4.91672,-2.28876,0,-158.256,42.4174,0,-42.4051,5.18075,2.46262,156.984,-147.446,38.9394,
0.7,0.622231,1.00706,-42.4005,215.853,4.87574,-2.271,0,-158.339,42.4488,0,-42.0833,5.14593,2.44312,157.026,-147.583,38.9673,
0.7,0.622206,1.00704,-42.6581,215.547,4.90153,-2.28444,0,-158.108,42.3955,0,-42.3384,5.1817,2.45712,156.757,-147.425,38.9174,
0.7,0.622182,1.00701,-42.4617,215.488,4.87523,-2.27353,0,-158.059,42.391,0,-42.1429,5.1623,2.44497,156.668,-147.434,38.912,
0.7,0.622158,1.00696,-42.0988,214.499,4.83,-2.25372,0,-157.317,42.21,0,-41.7823,5.12248,2.42326,155.853,-146.861,38.7442,
0.7,0.622114,1.00694,-43.9741,215.564,5.03864,-2.35333,0,-158.09,42.4261,0,-43.6424,5.35946,2.52955,156.581,-147.64,38.9418,
0.7,0.622096,1.00691,-42.0178,215.463,4.81189,-2.2481,0,-158.011,42.4129,0,-41.7005,5.12477,2.41631,156.463,-147.619,38.9287,
0.7,0.62208,1.00688,-41.9862,215.449,4.8059,-2.24596,0,-157.992,42.4165,0,-41.6687,5.12442,2.41383,156.404,-147.662,38.9316,
0.7,0.622065,1.00686,-42.0246,215.374,4.80785,-2.24755,0,-157.93,42.4075,0,-41.7063,5.13271,2.41536,156.305,-147.658,38.923,
0.7,0.622053,1.00683,-41.7835,215.336,4.77815,-2.23412,0,-157.895,42.4059,0,-41.4667,5.10643,2.4009,156.233,-147.68,38.9212,
0.7,0.622043,1.0068,-41.5721,215.383,4.75208,-2.22224,0,-157.923,42.421,0,-41.2565,5.08319,2.38826,156.223,-147.759,38.9346,
0.7,0.622036,1.00678,-41.4035,215.374,4.73105,-2.21261,0,-157.908,42.4253,0,-41.089,5.06536,2.37806,156.169,-147.803,38.9382,
0.7,0.62203,1.00675,-41.2644,215.621,4.71339,-2.2046,0,-158.083,42.4793,0,-40.9506,5.05099,2.36957,156.305,-148.018,38.9876,
0.7,0.622029,1.00669,-40.9303,213.142,4.67407,-2.18609,0,-156.258,42.0018,0,-40.6187,5.01223,2.34998,154.427,-146.405,38.5486,
0.7,0.622031,1.00666,-40.7503,215.076,4.65256,-2.17573,0,-157.67,42.3887,0,-40.4399,4.99208,2.33929,155.784,-147.78,38.9033,
0.7,0.622035,1.00663,-40.6189,215.616,4.63677,-2.16802,0,-158.062,42.501,0,-40.3094,4.97762,2.33144,156.135,-148.194,39.0055,
0.7,0.622049,1.0066,-39.9302,215.461,4.5568,-2.1301,0,-157.945,42.4761,0,-39.6255,4.89605,2.29138,155.983,-148.129,38.9817,
0.7,0.622061,1.00656,-39.9907,215.074,4.56345,-2.13274,0,-157.659,42.4057,0,-39.6855,4.90463,2.29463,155.665,-147.905,38.9161,
0.7,0.622072,1.00653,-39.9428,214.688,4.55767,-2.12966,0,-157.373,42.3357,0,-39.6378,4.89975,2.2917,155.345,-147.682,38.8506,
0.7,0.622085,1.00649,-39.8925,214.986,4.55155,-2.12656,0,-157.59,42.4,0,-39.5879,4.89443,2.28866,155.524,-147.926,38.9087,
0.7,0.6221,1.00646,-39.6989,214.788,4.52923,-2.11577,0,-157.444,42.3667,0,-39.3956,4.87131,2.27742,155.345,-147.828,38.8768,
0.7,0.622118,1.00642,-39.4746,214.689,4.50362,-2.1033,0,-157.371,42.3525,0,-39.173,4.84424,2.26448,155.239,-147.796,38.8626,
0.7,0.622137,1.00639,-39.4056,214.943,4.49569,-2.09908,0,-157.555,42.408,0,-39.1045,4.83611,2.26045,155.388,-148.007,38.9123,
0.7,0.622159,1.00632,-39.3357,212.681,4.4876,-2.09483,0,-155.894,41.9729,0,-39.0351,4.82784,2.25638,153.685,-146.523,38.5104,
0.7,0.622181,1.00628,-39.4746,215.336,4.50357,-2.10164,0,-157.84,42.5017,0,-39.1729,4.84504,2.26432,155.572,-148.385,38.9946,
0.7,0.622231,1.00625,-37.4987,215.27,4.27846,-1.99516,0,-157.791,42.4938,0,-37.2121,4.60266,2.15096,155.493,-148.374,38.9862,
0.7,0.622256,1.00621,-38.9275,214.967,4.44151,-2.0706,0,-157.567,42.44,0,-38.63,4.77805,2.23291,155.24,-148.201,38.9351,
0.7,0.622283,1.00618,-38.8318,214.972,4.43043,-2.06503,0,-157.571,42.4456,0,-38.535,4.76625,2.22743,155.214,-148.235,38.9391,
0.7,0.622311,1.00614,-38.883,215.245,4.43647,-2.06723,0,-157.77,42.5043,0,-38.5858,4.7724,2.23039,155.383,-148.453,38.9917,
0.7,0.622338,1.00607,-39.2792,213.455,4.48167,-2.08783,0,-156.46,42.1615,0,-38.979,4.82083,2.25316,154.036,-147.276,38.6733,
0.7,0.622394,1.00603,-37.171,215.209,4.24078,-1.97476,0,-157.746,42.5126,0,-36.887,4.56151,2.13233,155.278,-148.511,38.9937,
0.7,0.622424,1.00599,-38.5908,214.733,4.4026,-2.04959,0,-157.4,42.4236,0,-38.296,4.73523,2.21388,154.912,-148.207,38.91,
0.7,0.622455,1.00595,-38.3677,214.825,4.37711,-2.03707,0,-157.469,42.4473,0,-38.0747,4.70727,2.20119,154.956,-148.294,38.9292,
0.7,0.622489,1.00588,-38.8507,213.614,4.43205,-2.06206,0,-156.582,42.2186,0,-38.5541,4.76581,2.22903,154.038,-147.506,38.7146,
0.7,0.622561,1.00584,-36.0918,215.122,4.11797,-1.91425,0,-157.691,42.5224,0,-35.8164,4.42543,2.07111,155.106,-148.568,38.9901,
0.7,0.622599,1.0058,-37.9982,215.025,4.33589,-2.01459,0,-157.622,42.509,0,-37.7085,4.65807,2.18072,155.017,-148.52,38.9745,
0.7,0.622637,1.00577,-37.6996,214.796,4.30221,-1.99805,0,-157.458,42.4692,0,-37.4123,4.62027,2.16381,154.835,-148.381,38.9349,
0.7,0.622678,1.00569,-38.2433,213.356,4.36469,-2.02607,0,-156.41,42.1962,0,-37.952,4.68563,2.19525,153.763,-147.422,38.6777,
0.7,0.622763,1.00565,-35,214.832,3.99542,-1.85272,0,-157.499,42.4943,0,-34.7337,4.28547,2.00961,154.813,-148.458,38.9469,
0.7,0.622809,1.00561,-36.9565,214.408,4.21936,-1.95548,0,-157.194,42.4181,0,-36.6755,4.52348,2.12224,154.494,-148.179,38.8715,
0.7,0.622858,1.00557,-36.65,214.41,4.18497,-1.9384,0,-157.202,42.4249,0,-36.3716,4.48442,2.10493,154.482,-148.195,38.8734,
0.7,0.622907,1.00552,-36.5212,214.255,4.17109,-1.9308,0,-157.097,42.401,0,-36.244,4.46689,2.09786,154.359,-148.099,38.8464,
0.7,0.622957,1.00548,-36.5209,213.968,4.17187,-1.92995,0,-156.897,42.3507,0,-36.2438,4.46521,2.09815,154.143,-147.911,38.7954,
0.7,0.623009,1.00543,-36.4804,214.305,4.16801,-1.92695,0,-157.154,42.4241,0,-36.2038,4.4586,2.09614,154.377,-148.153,38.8575,
0.7,0.623065,1.00539,-35.9012,214.085,4.10252,-1.89565,0,-157.002,42.3865,0,-35.6293,4.38604,2.0632,154.21,-148.01,38.8186,
0.7,0.623117,1.00534,-36.5593,214.349,4.17821,-1.92967,0,-157.207,42.4447,0,-36.2826,4.46478,2.10133,154.394,-148.199,38.8671,
0.7,0.623169,1.00525,-36.2319,210.068,4.14118,-1.91164,0,-154.092,41.6081,0,-35.9578,4.42324,2.0828,151.302,-145.248,38.0918,
0.7,0.623221,1.0052,-37.1598,214.786,4.24771,-1.9599,0,-157.566,42.5477,0,-36.879,4.53499,2.13644,154.698,-148.514,38.9477,
0.7,0.623334,1.00515,-32.687,214.362,3.73741,-1.72265,0,-157.267,42.4686,0,-32.4404,3.98633,1.87982,154.389,-148.224,38.8712,
0.7,0.62339,1.0051,-36.2996,214.199,4.15098,-1.91215,0,-157.16,42.4411,0,-36.0258,4.42544,2.08784,154.271,-148.112,38.8417,
0.7,0.623446,1.00505,-36.0176,213.627,4.11917,-1.89633,0,-156.756,42.3329,0,-35.7461,4.38967,2.07189,153.86,-147.716,38.7379,
0.7,0.623503,1.00495,-36.758,211.71,4.20403,-1.93448,0,-155.377,41.9621,0,-36.4812,4.47852,2.11475,152.481,-146.388,38.3901,
0.7,0.623619,1.0049,-31.3577,213.742,3.58757,-1.64878,0,-156.882,42.3693,0,-31.1219,3.81777,1.80459,153.947,-147.79,38.7582,
0.7,0.623675,1.00484,-36.3945,214.015,4.16414,-1.9126,0,-157.097,42.4281,0,-36.121,4.42951,2.09472,154.148,-147.974,38.8072,
0.7,0.62373,1.00479,-35.6486,213.669,4.07884,-1.87244,0,-156.857,42.3636,0,-35.381,4.33736,2.05206,153.902,-147.731,38.7441,
0.7,0.623789,1.00474,-35.7701,214.058,4.09333,-1.87782,0,-157.155,42.4446,0,-35.5018,4.35049,2.05937,154.186,-147.997,38.8143,
0.7,0.623844,1.00464,-35.9557,210.178,4.11471,-1.88651,0,-154.334,41.6836,0,-35.6862,4.37155,2.07034,151.403,-145.302,38.1096,
0.7,0.623898,1.00459,-36.4312,214.358,4.16921,-1.91045,0,-157.417,42.5169,0,-36.1583,4.42789,2.098,154.42,-148.186,38.8669,
0.7,0.624006,1.00454,-32.4284,214.082,3.71061,-1.69891,0,-157.227,42.4665,0,-32.1859,3.93859,1.86801,154.227,-147.989,38.8162,
0.7,0.624055,1.00449,-35.9937,213.736,4.11786,-1.88481,0,-156.985,42.4025,0,-35.7247,4.3702,2.07366,153.984,-147.743,38.7528,
0.7,0.624103,1.00444,-35.8679,213.107,4.10259,-1.87724,0,-156.538,42.2825,0,-35.6,4.35356,2.06667,153.54,-147.299,38.6377,
0.7,0.624151,1.00439,-35.9317,213.532,4.10861,-1.87982,0,-156.864,42.3717,0,-35.6636,4.35988,2.07062,153.855,-147.584,38.7139,
0.7,0.624198,1.00434,-35.7937,213.347,4.09177,-1.87181,0,-156.741,42.3395,0,-35.5267,4.34175,2.06293,153.731,-147.445,38.6792,
0.7,0.624243,1.00428,-36.3129,213.748,4.14975,-1.89811,0,-157.049,42.4243,0,-36.0423,4.40329,2.09313,154.029,-147.713,38.7509,
0.7,0.624288,1.00423,-36.2641,213.313,4.14271,-1.89462,0,-156.746,42.3429,0,-35.9941,4.3959,2.0906,153.727,-147.4,38.6708,
0.7,0.624335,1.00412,-36.7571,211.267,4.19735,-1.91956,0,-155.271,41.946,0,-36.4836,4.45395,2.11934,152.274,-145.964,38.2976,
0.7,0.624424,1.00407,-33.4114,213.676,3.81269,-1.74319,0,-157.058,42.4295,0,-33.1633,4.04551,1.92701,154.022,-147.615,38.7329,
0.7,0.624466,1.00401,-36.3745,213.06,4.14911,-1.89703,0,-156.623,42.3121,0,-36.1046,4.40257,2.09824,153.592,-147.175,38.6198,
0.7,0.62451,1.00395,-35.8392,212.765,4.08598,-1.86853,0,-156.424,42.2582,0,-35.5735,4.33594,2.06771,153.393,-146.958,38.5649,
0.7,0.624553,1.0039,-36.0686,212.978,4.1104,-1.87984,0,-156.596,42.305,0,-35.8015,4.3619,2.08129,153.56,-147.09,38.6019,
0.7,0.624597,1.00383,-35.8531,212.303,4.08403,-1.868,0,-156.119,42.1759,0,-35.5879,4.33393,2.06921,153.088,-146.608,38.478,
0.7,0.624641,1.00378,-36.1748,213.291,4.11889,-1.88406,0,-156.863,42.3773,0,-35.9075,4.37073,2.08818,153.815,-147.276,38.6556,
0.7,0.624695,1.00372,-35.3011,213.095,4.0177,-1.83816,0,-156.734,42.3425,0,-35.0407,4.26229,2.03829,153.687,-147.126,38.6185,
0.7,0.624738,1.00361,-36.0411,209.033,4.1,-1.87611,0,-153.776,41.5437,0,-35.7755,4.34981,2.08137,150.784,-144.293,37.8795,
0.7,0.624787,1.00355,-36.0721,213.395,4.10196,-1.87703,0,-157.002,42.4155,0,-35.8066,4.35099,2.08364,153.946,-147.289,38.6684,
0.7,0.624893,1.00349,-32.7626,213.935,3.72282,-1.70429,0,-157.412,42.5267,0,-32.5221,3.94639,1.8935,154.349,-147.648,38.7648,
0.7,0.624948,1.00344,-34.8233,212.933,3.95576,-1.81106,0,-156.69,42.332,0,-34.5682,4.19143,2.0132,153.639,-146.942,38.5817,
0.7,0.625005,1.00338,-35.5129,213.719,4.03307,-1.84636,0,-157.282,42.4932,0,-35.2532,4.27125,2.05367,154.22,-147.47,38.7226,
0.7,0.625062,1.00327,-35.5509,210.311,4.03652,-1.84778,0,-154.803,41.8234,0,-35.2913,4.27245,2.05651,151.787,-145.09,38.1022,
0.7,0.625178,1.00322,-31.9945,213.995,3.6313,-1.66159,0,-157.526,42.5596,0,-31.7616,3.83926,1.85188,154.458,-147.618,38.7683,
0.7,0.625251,1.00317,-33.1079,212.987,3.75775,-1.71855,0,-156.796,42.3629,0,-32.8675,3.96821,1.91721,153.742,-146.91,38.5844,
0.7,0.625315,1.00311,-34.2379,212.96,3.88566,-1.77612,0,-156.791,42.3618,0,-33.9898,4.09982,1.98336,153.736,-146.878,38.578,
0.7,0.62538,1.00305,-34.1012,213.189,3.86984,-1.76807,0,-156.972,42.4112,0,-33.8546,4.07953,1.97619,153.914,-147.023,38.6182,
0.7,0.625447,1.00294,-34.8748,210.423,3.95723,-1.80717,0,-154.965,41.8683,0,-34.6231,4.16804,2.02178,151.943,-145.087,38.1143,
0.7,0.625588,1.00288,-28.5556,213.059,3.24018,-1.47826,0,-156.92,42.3958,0,-28.3505,3.40537,1.65685,153.86,-146.891,38.5903,
0.7,0.625658,1.00283,-33.9638,213.467,3.85373,-1.75736,0,-157.234,42.4797,0,-33.7204,4.04582,1.97149,154.168,-147.158,38.6628,
0.7,0.62573,1.00278,-32.9331,212.972,3.73649,-1.70338,0,-156.88,42.3833,0,-32.6976,3.91868,1.91249,153.823,-146.804,38.5717,
0.7,0.625806,1.00272,-32.7123,212.668,3.71145,-1.69121,0,-156.67,42.3259,0,-32.479,3.88744,1.9006,153.618,-146.579,38.5152,
0.7,0.62588,1.00267,-33.0852,213.239,3.75368,-1.70977,0,-157.1,42.4417,0,-32.8498,3.92696,1.92317,154.043,-146.959,38.6171,
0.7,0.625955,1.00262,-32.7458,213.15,3.71507,-1.69138,0,-157.045,42.4266,0,-32.5135,3.88181,1.90437,153.991,-146.885,38.5997,
0.7,0.626033,1.00257,-32.6446,213.379,3.70341,-1.68511,0,-157.22,42.4737,0,-32.4136,3.86492,1.8994,154.168,-147.029,38.6397,
0.7,0.62611,1.00247,-32.5205,209.52,3.6894,-1.67768,0,-154.386,41.708,0,-32.291,3.84516,1.89314,151.404,-144.346,37.9385,
0.7,0.626192,1.00241,-33.3979,213.347,3.78916,-1.72197,0,-157.229,42.4769,0,-33.1628,3.94316,1.9453,154.182,-146.968,38.63,
0.7,0.626348,1.00236,-28.4367,214.149,3.22613,-1.46444,0,-157.82,42.6346,0,-28.2377,3.34827,1.65805,154.772,-147.51,38.7741,
0.7,0.626428,1.00231,-32.2245,213.424,3.65585,-1.65848,0,-157.285,42.4885,0,-31.9996,3.78884,1.87993,154.258,-147,38.6417,
0.7,0.626515,1.00227,-32.0287,213.783,3.63381,-1.64754,0,-157.551,42.5596,0,-31.8059,3.75971,1.86966,154.525,-147.239,38.7059,
0.7,0.626534,1.00217,-36.5848,209.809,4.14779,-1.88052,0,-154.634,41.7729,0,-36.3303,4.29513,2.13551,151.666,-144.488,37.9849,
0.7,0.626616,1.00212,-33.3079,214.189,3.77589,-1.71123,0,-157.871,42.6482,0,-33.0769,3.90438,1.94537,154.841,-147.495,38.7769,
0.7,0.62679,1.00207,-27.2706,213.867,3.09173,-1.40027,0,-157.641,42.585,0,-27.0828,3.1859,1.59479,154.617,-147.264,38.7176,
0.7,0.626875,1.00203,-31.8888,213.976,3.6148,-1.63648,0,-157.724,42.6058,0,-31.6698,3.71933,1.86601,154.703,-147.332,38.7366,
0.7,0.62696,1.00195,-31.5227,211.057,3.57289,-1.61679,0,-155.569,42.0223,0,-31.307,3.67061,1.84572,152.607,-145.306,38.2064,
0.7,0.627046,1.00191,-32.3009,214.103,3.66063,-1.65565,0,-157.817,42.6294,0,-32.0806,3.75505,1.89245,154.819,-147.393,38.7569,
0.7,0.627229,1.00186,-24.1947,213.832,2.74137,-1.23855,0,-157.62,42.5761,0,-24.0308,2.80256,1.41943,154.631,-147.199,38.707,
0.7,0.627323,1.00182,-31.4552,214.167,3.56431,-1.60925,0,-157.871,42.6426,0,-31.243,3.63663,1.84668,154.881,-147.421,38.7668,
0.7,0.627419,1.00178,-29.6693,213.541,3.36242,-1.51698,0,-157.411,42.5165,0,-29.4699,3.42332,1.74313,154.435,-146.982,38.6526,
0.7,0.627525,1.00174,-29.1193,213.508,3.30082,-1.48814,0,-157.39,42.5091,0,-28.9246,3.35243,1.71222,154.419,-146.952,38.6459,
0.7,0.627624,1.00169,-29.7474,213.223,3.37174,-1.51964,0,-157.184,42.4526,0,-29.5492,3.4177,1.75047,154.219,-146.748,38.5934,
0.7,0.627723,1.00164,-29.8103,213.52,3.3782,-1.52219,0,-157.405,42.5133,0,-29.6125,3.41789,1.75549,154.44,-146.946,38.6465,
0.7,0.627821,1.0016,-29.7897,213.48,3.374,-1.52045,0,-157.379,42.5084,0,-29.5929,3.40875,1.75556,154.416,-146.913,38.6388,
0.7,0.62792,1.0015,-29.7848,209.795,3.37105,-1.51935,0,-154.671,41.7768,0,-29.5888,3.40094,1.75663,151.759,-144.368,37.9709,
0.7,0.628011,1.00145,-31.8445,214.269,3.60133,-1.62335,0,-157.971,42.668,0,-31.6358,3.62901,1.87945,154.999,-147.443,38.7802,
0.7,0.628182,1.00141,-25.7041,213.948,2.90448,-1.30786,0,-157.735,42.6048,0,-25.5369,2.91749,1.51926,154.771,-147.219,38.7218,
0.7,0.628262,1.00136,-30.6044,213.356,3.45735,-1.55567,0,-157.298,42.488,0,-30.4062,3.46685,1.81018,154.346,-146.807,38.6142,
0.7,0.628344,1.00132,-30.4993,213.517,3.44478,-1.54926,0,-157.416,42.5205,0,-30.3026,3.44779,1.80531,154.466,-146.915,38.6431,
0.7,0.628419,1.00127,-30.7061,213.029,3.46666,-1.5591,0,-157.056,42.4234,0,-30.5088,3.46465,1.81877,154.116,-146.577,38.5545,
0.7,0.628491,1.00123,-31.5333,213.894,3.55716,-1.60087,0,-157.69,42.5959,0,-31.3313,3.55161,1.86896,154.743,-147.17,38.7109,
0.7,0.628568,1.00119,-30.8855,213.637,3.47985,-1.56809,0,-157.499,42.5459,0,-30.6884,3.47207,1.83181,154.559,-146.991,38.6642,
0.7,0.62864,1.0011,-31.3109,210.187,3.52228,-1.58962,0,-154.958,41.8623,0,-31.1118,3.51374,1.85819,152.067,-144.613,38.0393,
0.7,0.628711,1.00106,-30.8804,213.599,3.46821,-1.56781,0,-157.47,42.5427,0,-30.6847,3.45937,1.83379,154.538,-146.958,38.6566,
0.7,0.62878,1.00102,-32.4447,214.523,3.63952,-1.64712,0,-158.146,42.7264,0,-32.2399,3.62797,1.92793,155.209,-147.592,38.8236,
0.7,0.628916,1.00098,-27.8858,214.514,3.1222,-1.41494,0,-158.131,42.7237,0,-27.7111,3.10616,1.65929,155.205,-147.583,38.8217,
0.7,0.628978,1.00094,-31.8105,213.903,3.55778,-1.61363,0,-157.673,42.6009,0,-31.6119,3.53702,1.894,154.766,-147.159,38.7108,
0.7,0.629036,1.00091,-31.8462,214.123,3.55766,-1.61531,0,-157.827,42.6374,0,-31.6481,3.53475,1.8973,154.929,-147.307,38.7502,
0.7,0.629092,1.00087,-32.0483,213.989,3.57564,-1.62566,0,-157.723,42.6112,0,-31.8495,3.551,1.9105,154.835,-147.211,38.7256,
0.7,0.62915,1.00078,-31.9396,210.418,3.5581,-1.62044,0,-155.088,41.9013,0,-31.7423,3.53243,1.90525,152.259,-144.747,38.0786,
0.7,0.629208,1.00074,-32.5523,214.133,3.62019,-1.65168,0,-157.824,42.6415,0,-32.3518,3.59427,1.94291,154.952,-147.298,38.7505,
0.7,0.629307,1.0007,-29.8304,214.116,3.30589,-1.51423,0,-157.808,42.6385,0,-29.6479,3.2831,1.78245,154.943,-147.282,38.7469,
0.7,0.629357,1.00065,-32.2893,213.526,3.57315,-1.63938,0,-157.371,42.5219,0,-32.0924,3.54747,1.93055,154.52,-146.872,38.6397,
0.7,0.629401,1.0006,-32.5644,212.844,3.59759,-1.65342,0,-156.869,42.3876,0,-32.3665,3.57206,1.94805,154.033,-146.396,38.5155,
0.7,0.629441,1.00056,-32.8986,213.206,3.62867,-1.67044,0,-157.136,42.4621,0,-32.6992,3.60304,1.96911,154.301,-146.639,38.5805,
0.7,0.629482,1.00051,-32.7319,213.212,3.60457,-1.66213,0,-157.139,42.4644,0,-32.5341,3.57916,1.96019,154.311,-146.637,38.5809,
0.7,0.629528,1.00046,-32.6439,213.103,3.58946,-1.65788,0,-157.061,42.4442,0,-32.4473,3.56341,1.95607,154.24,-146.554,38.5604,
0.7,0.629569,1.00041,-32.788,213.206,3.59911,-1.66549,0,-157.136,42.4665,0,-32.5912,3.57354,1.96575,154.322,-146.617,38.5783,
0.7,0.629607,1.00037,-33.0673,213.321,3.62363,-1.6798,0,-157.22,42.4903,0,-32.8694,3.59823,1.98358,154.412,-146.688,38.5981,
0.7,0.629652,1.00032,-32.4111,212.909,3.54628,-1.64658,0,-156.918,42.4104,0,-32.2178,3.52077,1.94535,154.123,-146.396,38.5227,
0.7,0.629689,1.00021,-33.6862,210.425,3.68001,-1.71152,0,-155.099,41.9222,0,-33.4859,3.65365,2.02294,152.343,-144.668,38.0712,
0.7,0.629755,1.00016,-30.9012,212.811,3.3642,-1.57043,0,-156.863,42.4,0,-30.7185,3.34175,1.85754,154.081,-146.297,38.5017,
0.7,0.629786,1.0001,-33.8675,213.43,3.68085,-1.72133,0,-157.326,42.5254,0,-33.6678,3.6574,2.03681,154.54,-146.711,38.6125,
0.7,0.629819,1.00005,-33.3091,212.816,3.61395,-1.69317,0,-156.879,42.4046,0,-33.1133,3.59179,2.00422,154.107,-146.277,38.5001,
0.7,0.629847,0.999992,-33.7161,212.447,3.65107,-1.71408,0,-156.614,42.3334,0,-33.5184,3.63099,2.0296,153.853,-146.009,38.4319,
0.7,0.629906,0.999889,-31.5571,209.304,3.4141,-1.604,0,-154.304,41.7096,0,-31.3726,3.39383,1.9005,151.603,-143.822,37.8606,
0.7,0.629958,0.999821,-32.7785,212.892,3.53289,-1.66594,0,-156.958,42.4266,0,-32.5879,3.51578,1.97582,154.219,-146.268,38.5076,
0.7,0.629985,0.99977,-33.8922,213.264,3.65159,-1.72138,0,-157.237,42.5022,0,-33.6958,3.62883,2.04416,154.502,-146.51,38.5735,
0.7,0.630009,0.999729,-33.9525,213.686,3.65075,-1.72438,0,-157.548,42.5875,0,-33.7562,3.6305,2.04869,154.819,-146.789,38.6487,
0.7,0.630027,0.999667,-34.3258,212.154,3.68362,-1.7434,0,-156.427,42.2841,0,-34.1279,3.6656,2.07212,153.724,-145.719,38.3697,
0.7,0.630051,0.999557,-33.9638,208.784,3.63794,-1.72503,0,-153.953,41.6171,0,-33.7686,3.62179,2.05124,151.311,-143.375,37.7572,
0.7,0.630069,0.999505,-34.182,212.392,3.65424,-1.73624,0,-156.618,42.3386,0,-33.986,3.64041,2.06529,153.94,-145.837,38.4081,
0.7,0.630087,0.999453,-34.6182,213.616,3.69322,-1.75847,0,-157.523,42.585,0,-34.4201,3.68231,2.09249,154.841,-146.664,38.628,
0.7,0.630113,0.999395,-33.8501,212.674,3.59605,-1.71971,0,-156.835,42.4006,0,-33.6574,3.59191,2.0477,154.174,-146,38.4559,
0.7,0.63013,0.999341,-34.3632,212.482,3.64228,-1.74582,0,-156.7,42.3665,0,-34.168,3.64169,2.07961,154.05,-145.853,38.4196,
0.7,0.630142,0.999287,-34.6092,212.224,3.66014,-1.75809,0,-156.514,42.318,0,-34.4132,3.66343,2.09531,153.878,-145.659,38.3712,
0.7,0.630151,0.999231,-34.9261,212.587,3.68509,-1.77393,0,-156.788,42.3936,0,-34.7287,3.69255,2.11533,154.157,-145.891,38.4351,
0.7,0.630163,0.999171,-34.7031,211.982,3.65346,-1.76234,0,-156.35,42.276,0,-34.5074,3.66459,2.10264,153.736,-145.457,38.3238,
0.7,0.630178,0.999063,-34.805,210.502,3.65577,-1.76716,0,-155.269,41.986,0,-34.6093,3.67064,2.1097,152.695,-144.408,38.0527,
0.7,0.630187,0.999007,-34.8873,212.352,3.64709,-1.77065,0,-156.641,42.3577,0,-34.6921,3.67086,2.11628,154.054,-145.658,38.3852,
0.7,0.63019,0.99902,-35.3997,217.351,3.69196,-1.79628,0,-160.309,43.3553,0,-35.202,3.72071,2.14812,157.683,-149.086,39.2887,
0.7,0.630195,0.998957,-35.1979,211.507,3.66202,-1.78551,0,-156.011,42.1935,0,-35.0018,3.69521,2.13668,153.463,-145.055,38.23,
0.7,0.630194,0.998899,-35.643,211.987,3.69939,-1.8075,0,-156.374,42.292,0,-35.4448,3.73798,2.16444,153.831,-145.363,38.3145,
0.7,0.630187,0.998841,-36.1808,211.932,3.74533,-1.8343,0,-156.344,42.2844,0,-35.9801,3.79048,2.19784,153.812,-145.304,38.3024,
0.7,0.630182,0.998783,-35.9686,212.361,3.71384,-1.82295,0,-156.67,42.3733,0,-35.7695,3.76435,2.18568,154.143,-145.577,38.3778,
0.7,0.630176,0.998719,-36.0407,211.531,3.71142,-1.82604,0,-156.069,42.212,0,-35.8417,3.76794,2.1908,153.563,-144.985,38.2254,
0.7,0.630174,0.998662,-35.8331,212.119,3.6807,-1.81456,0,-156.509,42.3327,0,-35.6357,3.7418,2.17902,154.009,-145.366,38.3293,
0.7,0.630165,0.998546,-36.3116,207.614,3.72018,-1.83785,0,-153.205,41.4421,0,-36.112,3.78789,2.20884,150.78,-142.236,37.5108,
0.7,0.630149,0.998487,-36.5751,213.048,3.73692,-1.85025,0,-157.224,42.531,0,-36.3745,3.8118,2.22554,154.747,-145.935,38.4902,
0.7,0.630121,0.998425,-37.44,212.44,3.80514,-1.89177,0,-156.786,42.4129,0,-37.2354,3.89445,2.27957,154.329,-145.494,38.3778,
0.7,0.630103,0.998369,-37.0408,212.273,3.75457,-1.87047,0,-156.671,42.3821,0,-36.8387,3.8495,2.25591,154.229,-145.357,38.3454,
0.7,0.630077,0.998313,-37.5202,212.51,3.79224,-1.89373,0,-156.854,42.432,0,-37.3159,3.89597,2.28574,154.422,-145.497,38.3858,
0.7,0.630054,0.9982,-37.0262,210.01,3.73192,-1.86767,0,-155.027,41.9386,0,-36.825,3.84139,2.25627,152.65,-143.738,37.9292,
0.7,0.630002,0.998148,-39.2707,212.828,3.93551,-1.97905,0,-157.115,42.5041,0,-39.0581,4.06715,2.39437,154.72,-145.644,38.4359,
0.7,0.629963,0.998095,-38.6874,212.362,3.86486,-1.94882,0,-156.779,42.4147,0,-38.4783,4.0035,2.35942,154.402,-145.303,38.3494,
0.7,0.629929,0.998044,-38.6137,212.163,3.84576,-1.94402,0,-156.64,42.378,0,-38.4054,3.99267,2.35552,154.278,-145.144,38.3111,
0.7,0.629896,0.997989,-38.2635,212.314,3.79897,-1.92549,0,-156.76,42.4108,0,-38.0574,3.95308,2.33479,154.412,-145.223,38.3358,
0.7,0.629852,0.997938,-39.2429,212.442,3.8832,-1.97388,0,-156.861,42.439,0,-39.0319,4.05123,2.39513,154.526,-145.286,38.3564,
0.7,0.629812,0.997887,-38.8719,212.54,3.83423,-1.95435,0,-156.94,42.462,0,-38.6632,4.00939,2.37315,154.619,-145.33,38.3716,
0.7,0.629771,0.997785,-39.0936,208.429,3.84378,-1.9647,0,-153.921,41.6469,0,-38.8841,4.0293,2.38724,151.671,-142.473,37.6246,
0.7,0.629729,0.997729,-38.5336,212.923,3.77614,-1.93581,0,-157.248,42.5477,0,-38.3273,3.96886,2.35355,154.964,-145.52,38.4333,
0.7,0.629635,0.997677,-42.4896,212.647,4.13581,-2.13319,0,-157.053,42.4964,0,-42.2629,4.37031,2.59631,154.785,-145.309,38.3812,
0.7,0.629586,0.997625,-39.8255,212.288,3.86343,-1.99862,0,-156.796,42.4296,0,-39.6133,4.09376,2.43399,154.546,-145.041,38.314,
0.7,0.629537,0.997573,-40.111,212.045,3.87777,-2.01185,0,-156.624,42.3851,0,-39.8976,4.12038,2.45196,154.391,-144.851,38.2677,
0.7,0.629477,0.997515,-41.0306,211.583,3.95234,-2.05714,0,-156.293,42.2976,0,-40.8125,4.2125,2.50861,154.077,-144.511,38.1817,
0.7,0.629422,0.997463,-40.6942,211.961,3.90661,-2.03947,0,-156.581,42.3785,0,-40.4782,4.1756,2.48849,154.374,-144.747,38.2476,
0.7,0.629367,0.997412,-40.2218,212.55,3.84805,-2.01507,0,-157.025,42.5008,0,-40.0086,4.12485,2.46003,154.824,-145.126,38.3514,
0.7,0.629314,0.997359,-40.1485,212.354,3.8277,-2.01064,0,-156.889,42.4654,0,-39.9359,4.11482,2.45602,154.702,-144.97,38.3137,
0.7,0.629258,0.997263,-40.5037,209.177,3.84818,-2.02789,0,-154.556,41.8375,0,-40.2895,4.14914,2.47814,152.426,-142.76,37.7362,
0.7,0.629193,0.997216,-41.5841,212.387,3.93611,-2.08156,0,-156.934,42.4825,0,-41.3644,4.25784,2.54461,154.784,-144.929,38.313,
0.7,0.629132,0.997165,-40.1113,213.06,3.78333,-2.00731,0,-157.44,42.6205,0,-39.8996,4.10527,2.45482,155.295,-145.368,38.4324,
0.7,0.629009,0.99712,-44.3995,213.281,4.15761,-2.22073,0,-157.608,42.6677,0,-44.1656,4.54049,2.71795,155.474,-145.499,38.4703,
0.7,0.628938,0.997075,-41.6219,212.985,3.88267,-2.08155,0,-157.394,42.613,0,-41.4028,4.25505,2.54818,155.276,-145.278,38.4149,
0.7,0.628874,0.997032,-41.5706,212.77,3.864,-2.07868,0,-157.24,42.5742,0,-41.3519,4.24837,2.5453,155.136,-145.113,38.3742,
0.7,0.628811,0.996989,-41.457,212.992,3.83951,-2.07262,0,-157.409,42.6231,0,-41.2391,4.23552,2.53859,155.315,-145.247,38.4124,
0.7,0.628749,0.996909,-40.5381,211.301,3.74125,-2.02633,0,-156.165,42.293,0,-40.3251,4.14028,2.48257,154.11,-144.064,38.1043,
0.7,0.62861,0.996872,-45.3245,213.901,4.15293,-2.26533,0,-158.087,42.8163,0,-45.0866,4.6271,2.77608,156.018,-145.823,38.5717,
0.7,0.62854,0.996837,-42.611,213.251,3.89073,-2.12961,0,-157.609,42.6888,0,-42.3875,4.34941,2.61,155.556,-145.367,38.4531,
0.7,0.628468,0.996798,-42.5252,213.138,3.86996,-2.12517,0,-157.529,42.6686,0,-42.3022,4.34004,2.60486,155.487,-145.276,38.4313,
0.7,0.628395,0.996763,-43.0582,213.22,3.90579,-2.15149,0,-157.593,42.6886,0,-42.8325,4.39408,2.63759,155.559,-145.32,38.4449,
0.7,0.628312,0.996727,-43.1129,213.569,3.89755,-2.15396,0,-157.854,42.7618,0,-42.8869,4.39949,2.64096,155.825,-145.545,38.5065,
0.7,0.628236,0.996693,-43.026,213.53,3.87766,-2.14916,0,-157.827,42.7575,0,-42.8005,4.39054,2.63566,155.808,-145.507,38.4983,
0.7,0.628159,0.996626,-42.9735,211.113,3.86125,-2.14619,0,-156.043,42.2801,0,-42.7482,4.38519,2.63244,154.065,-143.837,38.0601,
0.7,0.628081,0.996594,-43.4724,213.615,3.89442,-2.17074,0,-157.894,42.7843,0,-43.2446,4.43643,2.66295,155.901,-145.532,38.5102,
0.7,0.627911,0.996563,-47.4819,214.3,4.22702,-2.37043,0,-158.401,42.9244,0,-47.2328,4.8471,2.90827,156.409,-145.989,38.6327,
0.7,0.627826,0.996531,-43.6366,213.809,3.87286,-2.17808,0,-158.038,42.8282,0,-43.4077,4.45562,2.67255,156.06,-145.645,38.5431,
0.7,0.62774,0.996502,-43.6781,214.081,3.86466,-2.17989,0,-158.239,42.8852,0,-43.4488,4.46094,2.67489,156.267,-145.822,38.5913,
0.7,0.627647,0.996473,-44.2514,214.123,3.9026,-2.20835,0,-158.27,42.8957,0,-44.019,4.52072,2.70977,156.306,-145.842,38.5981,
0.7,0.62756,0.996418,-43.7927,212.349,3.85051,-2.18512,0,-156.955,42.5439,0,-43.5626,4.47512,2.68145,155.025,-144.619,38.2768,
0.7,0.627473,0.996394,-43.2187,214.682,3.78876,-2.15607,0,-158.677,43.0127,0,-42.9915,4.41766,2.64608,156.734,-146.202,38.6967,
0.7,0.627293,0.996371,-48.8819,214.752,4.25981,-2.43769,0,-158.725,43.0292,0,-48.6247,4.99942,2.99227,156.79,-146.244,38.7087,
0.7,0.627205,0.996348,-45.0722,214.388,3.91664,-2.2472,0,-158.452,42.9584,0,-44.8349,4.61133,2.75877,156.53,-145.991,38.6426,
0.7,0.627116,0.996324,-44.6838,214.406,3.87148,-2.22743,0,-158.463,42.9649,0,-44.4483,4.57329,2.73468,156.549,-145.997,38.6453,
0.7,0.627025,0.996303,-44.8011,214.661,3.8698,-2.23294,0,-158.646,43.018,0,-44.5648,4.58709,2.74152,156.739,-146.165,38.6906,
0.7,0.626925,0.996281,-45.7848,214.603,3.94142,-2.28182,0,-158.6,43.009,0,-45.5431,4.68987,2.80133,156.703,-146.121,38.6798,
0.7,0.62683,0.996237,-45.4256,212.954,3.89814,-2.26359,0,-157.376,42.6822,0,-45.1856,4.65515,2.77897,155.508,-144.989,38.3816,
0.7,0.626734,0.996218,-44.1284,215.122,3.77487,-2.19856,0,-158.972,43.1177,0,-43.895,4.52439,2.6992,157.095,-146.46,38.7718,
0.7,0.626538,0.996199,-50.8079,215.082,4.31852,-2.53068,0,-158.938,43.1115,0,-50.5387,5.21395,3.10688,157.07,-146.429,38.7642,
0.7,0.626444,0.996178,-45.9404,214.685,3.89313,-2.28788,0,-158.641,43.0341,0,-45.6968,4.71649,2.80885,156.784,-146.154,38.6921,
0.7,0.62635,0.99616,-46.3003,214.858,3.91187,-2.30547,0,-158.764,43.0709,0,-46.0546,4.75557,2.83046,156.914,-146.267,38.7229,
0.7,0.626257,0.996143,-45.6008,215.058,3.8412,-2.27024,0,-158.906,43.1127,0,-45.3586,4.68564,2.78734,157.065,-146.399,38.7585,
0.7,0.626157,0.996125,-46.5334,214.95,3.90703,-2.31649,0,-158.822,43.0934,0,-46.2861,4.78339,2.84398,156.991,-146.322,38.7387,
0.7,0.626062,0.996088,-45.7204,213.675,3.82724,-2.27573,0,-157.871,42.8418,0,-45.4772,4.70164,2.79396,156.068,-145.445,38.5079,
0.7,0.625968,0.99607,-44.9236,215.294,3.7492,-2.2358,0,-159.062,43.1676,0,-44.6844,4.62156,2.74492,157.254,-146.542,38.7992,
0.7,0.625776,0.996053,-50.709,215.314,4.20579,-2.52321,0,-159.073,43.1731,0,-50.4386,5.22028,3.09775,157.273,-146.552,38.8024,
0.7,0.625686,0.996033,-46.4262,214.833,3.83962,-2.30968,0,-158.716,43.0788,0,-46.1785,4.78075,2.83586,156.926,-146.22,38.7153,
0.7,0.625595,0.996015,-46.5108,214.981,3.83569,-2.31357,0,-158.822,43.1105,0,-46.2625,4.79096,2.84075,157.039,-146.316,38.7416,
0.7,0.625505,0.995996,-46.4974,214.99,3.82371,-2.31248,0,-158.826,43.1142,0,-46.249,4.79092,2.83968,157.05,-146.317,38.7426,
0.7,0.625414,0.995979,-46.1648,215.158,3.78561,-2.29559,0,-158.947,43.1498,0,-45.9181,4.758,2.81912,157.177,-146.428,38.7726,
0.7,0.625316,0.995939,-46.3564,213.757,3.78947,-2.30487,0,-157.908,42.8749,0,-46.1085,4.77907,2.83056,156.162,-145.465,38.5191,
0.7,0.625223,0.995921,-46.6564,215.069,3.80328,-2.31935,0,-158.875,43.1411,0,-46.4068,4.8112,2.84866,157.125,-146.354,38.7552,
0.7,0.62513,0.995901,-45.3505,215.296,3.68644,-2.25408,0,-159.042,43.1899,0,-45.1078,4.67782,2.76869,157.295,-146.504,38.7956,
0.7,0.624941,0.995878,-51.8416,215.082,4.19005,-2.57525,0,-158.884,43.1508,0,-51.5638,5.34963,3.16455,157.143,-146.353,38.7565,
0.7,0.624852,0.995858,-46.3139,215.072,3.73375,-2.30001,0,-158.876,43.152,0,-46.0656,4.78015,2.82694,157.141,-146.342,38.7543,
0.7,0.624763,0.995839,-46.211,215.215,3.71586,-2.29413,0,-158.979,43.1832,0,-45.9632,4.77058,2.82047,157.249,-146.434,38.7794,
0.7,0.624675,0.995795,-46.5435,213.394,3.733,-2.30997,0,-157.634,42.8264,0,-46.2938,4.80594,2.84057,155.928,-145.186,38.4505,
0.7,0.624586,0.995776,-45.479,215.395,3.6382,-2.25638,0,-159.111,43.232,0,-45.2349,4.69708,2.7754,157.394,-146.543,38.8106,
0.7,0.624399,0.995757,-53.7168,215.277,4.27394,-2.66313,0,-159.021,43.2115,0,-53.4282,5.55055,3.27762,157.311,-146.459,38.7889,
0.7,0.624309,0.995738,-47.1512,215.171,3.74187,-2.33668,0,-158.941,43.1943,0,-46.8977,4.8732,2.87681,157.237,-146.384,38.7695,
0.7,0.624219,0.995719,-47.6357,215.077,3.77082,-2.35991,0,-158.87,43.1795,0,-47.3795,4.92439,2.90616,157.171,-146.317,38.7522,
0.7,0.624123,0.995698,-47.9457,215.004,3.78517,-2.37432,0,-158.815,43.1691,0,-47.6877,4.9576,2.92485,157.121,-146.264,38.7387,
0.7,0.624033,0.995678,-47.8275,215.085,3.7664,-2.36756,0,-158.874,43.1894,0,-47.57,4.94676,2.91738,157.184,-146.316,38.7531,
0.7,0.623942,0.99566,-47.2785,215.317,3.71386,-2.34045,0,-159.043,43.239,0,-47.0237,4.89174,2.88356,157.355,-146.471,38.7945,
0.7,0.623853,0.995642,-47.6697,215.31,3.73509,-2.35889,0,-159.035,43.241,0,-47.4127,4.93368,2.90715,157.352,-146.464,38.793,
0.7,0.623756,0.995607,-47.7099,214.25,3.72804,-2.36003,0,-158.246,43.0339,0,-47.4525,4.93946,2.9093,156.58,-145.74,38.6018,
0.7,0.623661,0.995591,-48.1711,215.482,3.75431,-2.38198,0,-159.152,43.2844,0,-47.911,4.98951,2.93699,157.481,-146.578,38.8238,
0.7,0.62357,0.995575,-46.6779,215.705,3.62874,-2.30722,0,-159.313,43.3328,0,-46.4256,4.83634,2.84567,157.643,-146.73,38.8639,
0.7,0.623377,0.995559,-55.4643,215.535,4.28946,-2.73931,0,-159.184,43.3022,0,-55.1641,5.75156,3.38042,157.519,-146.615,38.8334,
0.7,0.623287,0.99554,-47.1472,215.54,3.63761,-2.32757,0,-159.186,43.3061,0,-46.8919,4.89076,2.87319,157.527,-146.614,38.8339,
0.7,0.623191,0.995523,-48.8601,215.412,3.76045,-2.41116,0,-159.088,43.2831,0,-48.5952,5.07117,2.97707,157.434,-146.527,38.8108,
0.7,0.6231,0.995505,-48.5991,215.429,3.73143,-2.39735,0,-159.098,43.2892,0,-48.3354,5.04609,2.96079,157.446,-146.538,38.8139,
0.7,0.62301,0.995481,-48.5622,214.919,3.71988,-2.3947,0,-158.728,43.1928,0,-48.2985,5.04421,2.95818,157.074,-146.191,38.7219,
0.7,0.622914,0.995462,-48.211,215.51,3.68382,-2.37657,0,-159.161,43.3144,0,-47.949,5.00954,2.93644,157.506,-146.593,38.8284,
0.7,0.622826,0.995446,-48.3604,215.569,3.68678,-2.38307,0,-159.2,43.3288,0,-48.0974,5.02653,2.94527,157.549,-146.633,38.8391,
0.7,0.622735,0.995411,-48.195,214.39,3.66563,-2.37403,0,-158.322,43.0992,0,-47.9327,5.01126,2.93483,156.686,-145.832,38.6268,
0.7,0.622642,0.995391,-47.6505,215.601,3.61613,-2.3462,0,-159.213,43.3465,0,-47.3909,4.95648,2.90133,157.571,-146.657,38.8451,
0.7,0.622458,0.995373,-52.5943,215.868,3.97217,-2.58803,0,-159.406,43.4046,0,-52.3075,5.47397,3.20174,157.765,-146.84,38.8933,
0.7,0.622368,0.995355,-48.7415,215.577,3.67258,-2.39758,0,-159.186,43.3499,0,-48.4755,5.07457,2.9669,157.551,-146.643,38.8409,
0.7,0.622279,0.995337,-48.556,215.621,3.65012,-2.38753,0,-159.216,43.3614,0,-48.2908,5.05656,2.95535,157.583,-146.674,38.849,
0.7,0.622185,0.995318,-49.3227,215.504,3.69889,-2.42439,0,-159.125,43.3412,0,-49.0532,5.13759,3.0018,157.496,-146.595,38.828,
0.7,0.622098,0.995286,-48.4855,214.623,3.628,-2.3824,0,-158.464,43.1703,0,-48.2205,5.05148,2.95064,156.849,-145.999,38.6696,
0.7,0.62201,0.99527,-47.743,215.969,3.56432,-2.34511,0,-159.452,43.4436,0,-47.4819,4.97522,2.90525,157.831,-146.916,38.9122,
0.7,0.621832,0.995252,-53.3644,215.941,3.96495,-2.61945,0,-159.425,43.4403,0,-53.0724,5.56283,3.24698,157.808,-146.899,38.9075,
0.7,0.621745,0.995236,-49.2975,215.723,3.6541,-2.41913,0,-159.259,43.3992,0,-49.0277,5.13972,2.99937,157.647,-146.753,38.8685,
0.7,0.621659,0.995219,-49.2456,215.772,3.64149,-2.41579,0,-159.29,43.4123,0,-48.9759,5.13518,2.99605,157.681,-146.789,38.8775,
0.7,0.621567,0.995203,-49.8817,215.773,3.67916,-2.44633,0,-159.286,43.4151,0,-49.6085,5.20219,3.03463,157.68,-146.791,38.8778,
0.7,0.621482,0.995185,-49.0202,215.756,3.6072,-2.40342,0,-159.268,43.414,0,-48.7517,5.11287,2.98212,157.666,-146.781,38.875,
0.7,0.621399,0.995169,-48.9879,215.834,3.59649,-2.40117,0,-159.321,43.4319,0,-48.7195,5.10994,2.98007,157.721,-146.838,38.8894,
0.7,0.621315,0.995151,-48.7623,215.904,3.57144,-2.38956,0,-159.367,43.4479,0,-48.495,5.0869,2.96624,157.769,-146.888,38.9023,
0.7,0.621233,0.995114,-48.0154,214.8,3.5079,-2.35255,0,-158.544,43.2284,0,-47.7523,5.00841,2.92092,156.958,-146.141,38.7038,
0.7,0.621069,0.995096,-52.7995,216.068,3.83987,-2.58572,0,-159.476,43.4844,0,-52.5101,5.50807,3.21183,157.883,-147.007,38.9326,
0.7,0.620986,0.995077,-49.6684,215.665,3.60384,-2.43177,0,-159.176,43.4016,0,-49.3961,5.18166,3.02132,157.586,-146.735,38.8602,
0.7,0.620896,0.995057,-50.2802,215.643,3.63897,-2.46113,0,-159.156,43.3985,0,-50.0045,5.24573,3.05849,157.568,-146.722,38.8564,
0.7,0.620812,0.995038,-49.4613,215.767,3.57112,-2.42038,0,-159.244,43.4242,0,-49.1901,5.16043,3.00865,157.656,-146.808,38.8789,
0.7,0.620729,0.995015,-49.32,215.558,3.55233,-2.41286,0,-159.087,43.3839,0,-49.0495,5.14581,3.00003,157.501,-146.668,38.8414,
0.7,0.620647,0.994994,-49.6234,215.582,3.56538,-2.42711,0,-159.103,43.3912,0,-49.3513,5.17757,3.01847,157.517,-146.686,38.846,
0.7,0.620565,0.99495,-49.5783,213.993,3.55319,-2.42433,0,-157.925,43.0763,0,-49.3064,5.17297,3.0157,156.352,-145.608,38.56,
0.7,0.620479,0.994926,-50.3941,215.304,3.60218,-2.46359,0,-158.891,43.3446,0,-50.1177,5.25806,3.06533,157.309,-146.503,38.7965,
0.7,0.620401,0.994906,-48.4848,216,3.45739,-2.36971,0,-159.398,43.4891,0,-48.2188,5.05883,2.94919,157.815,-146.978,38.9221,
0.7,0.620248,0.994886,-53.4816,215.976,3.79581,-2.61279,0,-159.375,43.4886,0,-53.1882,5.58014,3.25314,157.795,-146.964,38.918,
0.7,0.620167,0.994861,-49.6338,215.472,3.51322,-2.42439,0,-158.999,43.3882,0,-49.3616,5.17856,3.01911,157.424,-146.625,38.8275,
0.7,0.620093,0.994833,-49.8458,215.013,3.51945,-2.43431,0,-158.657,43.2991,0,-49.5724,5.20056,3.03203,157.082,-146.319,38.7455,
0.7,0.620019,0.994799,-49.2189,214.883,3.4665,-2.40336,0,-158.562,43.2781,0,-48.9489,5.13498,2.99393,156.979,-146.24,38.7231,
0.7,0.619947,0.994762,-49.2683,214.565,3.46208,-2.40521,0,-158.331,43.22,0,-48.9981,5.13964,2.99702,156.736,-146.034,38.6668,
0.7,0.619878,0.994678,-47.9719,212.532,3.36305,-2.34133,0,-156.847,42.831,0,-47.7089,5.00381,2.91827,155.231,-144.673,38.3029,
0.7,0.619741,0.994639,-54.0617,214.476,3.77297,-2.637,0,-158.286,43.2333,0,-53.7654,5.63783,3.28896,156.638,-146.009,38.6545,
0.7,0.619679,0.994605,-48.1828,215.125,3.35777,-2.34881,0,-158.764,43.3692,0,-47.9187,5.02407,2.93142,157.103,-146.461,38.7727,
0.7,0.61962,0.994576,-49.0197,214.927,3.41013,-2.38829,0,-158.612,43.3302,0,-48.7511,5.11089,2.98243,156.949,-146.337,38.738,
0.7,0.619557,0.994552,-48.7286,215.62,3.38279,-2.37272,0,-159.112,43.4678,0,-48.4616,5.08008,2.9648,157.445,-146.82,38.8642,
0.7,0.619499,0.994522,-48.7257,215.107,3.37562,-2.37119,0,-158.726,43.3644,0,-48.4589,5.07907,2.96476,157.063,-146.478,38.7724,
0.7,0.619443,0.994492,-48.4523,215.17,3.35,-2.3563,0,-158.771,43.3804,0,-48.1871,5.04945,2.94833,157.102,-146.528,38.7845,
0.7,0.619383,0.994425,-49.0117,212.179,3.38159,-2.38199,0,-156.565,42.7862,0,-48.7436,5.10612,2.98268,154.905,-144.505,38.2468,
0.7,0.619319,0.994394,-48.3093,215.516,3.32608,-2.3469,0,-159.023,43.4614,0,-48.0452,5.03114,2.94027,157.331,-146.789,38.8496,
0.7,0.619217,0.994364,-51.265,215.345,3.5197,-2.48891,0,-158.892,43.4292,0,-50.9852,5.33444,3.12101,157.196,-146.683,38.8197,
0.7,0.619165,0.994332,-48.6149,214.938,3.33266,-2.35958,0,-158.589,43.3518,0,-48.3497,5.05671,2.96004,156.888,-146.417,38.7476,
0.7,0.619121,0.994298,-48.1888,214.592,3.29939,-2.33802,0,-158.331,43.2898,0,-47.9262,5.01056,2.93444,156.624,-146.195,38.6867,
0.7,0.619081,0.994268,-47.4389,215.358,3.24433,-2.30061,0,-158.891,43.4518,0,-47.1805,4.9309,2.88909,157.169,-146.731,38.8263,
0.7,0.619044,0.994218,-47.3821,213.791,3.23696,-2.2969,0,-157.715,43.1398,0,-47.1242,4.92331,2.88594,155.996,-145.695,38.547,
0.7,0.619004,0.994194,-47.2387,215.919,3.22252,-2.28906,0,-159.273,43.5692,0,-46.9817,4.90688,2.87749,157.533,-147.163,38.9326,
0.7,0.618934,0.994167,-49.9412,215.399,3.39555,-2.41862,0,-158.876,43.4659,0,-49.6698,5.18455,3.04268,157.135,-146.827,38.8407,
0.7,0.618902,0.994139,-46.9572,215.581,3.18861,-2.27316,0,-159.002,43.5075,0,-46.7023,4.87265,2.86128,157.252,-146.969,38.8755,
0.7,0.618869,0.994109,-47.4334,215.127,3.21702,-2.29538,0,-158.658,43.4209,0,-47.1761,4.91931,2.89081,156.903,-146.679,38.7956,
0.7,0.61884,0.994077,-46.9374,215.197,3.18051,-2.27036,0,-158.701,43.4395,0,-46.6831,4.8648,2.86115,156.936,-146.746,38.8102,
0.7,0.618811,0.994037,-46.6046,215.164,3.15524,-2.25328,0,-158.673,43.4387,0,-46.3525,4.82702,2.84149,156.893,-146.744,38.8065,
0.7,0.618759,0.993955,-48.6854,211.69,3.28998,-2.35188,0,-156.108,42.749,0,-48.4228,5.03477,2.96981,154.327,-144.41,38.1835,
0.7,0.618732,0.993913,-46.8402,214.561,3.16166,-2.26189,0,-158.224,43.3335,0,-46.588,4.84015,2.85796,156.404,-146.384,38.703,
0.7,0.618711,0.993865,-46.6897,213.823,3.1487,-2.2539,0,-157.681,43.1887,0,-46.4387,4.8208,2.84949,155.851,-145.898,38.5718,
0.7,0.618692,0.993822,-46.5424,214.117,3.1362,-2.24611,0,-157.894,43.2507,0,-46.2926,4.80149,2.84126,156.051,-146.114,38.6264,
0.7,0.618672,0.993779,-46.5785,214.151,3.13547,-2.24716,0,-157.915,43.2609,0,-46.3289,4.80137,2.84419,156.061,-146.152,38.6341,
0.7,0.618649,0.993735,-46.9359,213.899,3.15521,-2.26367,0,-157.725,43.2144,0,-46.6848,4.83423,2.86676,155.863,-145.996,38.5903,
0.7,0.618676,0.993688,-43.0642,213.767,2.89747,-2.0757,0,-157.626,43.1944,0,-42.8342,4.43158,2.63101,155.751,-145.923,38.5683,
0.7,0.618658,0.99364,-46.5314,213.817,3.12665,-2.24241,0,-157.653,43.2174,0,-46.2833,4.78422,2.84362,155.773,-145.972,38.5787,
0.7,0.618642,0.993523,-46.1082,210.456,3.09436,-2.22179,0,-155.191,42.5461,0,-45.8628,4.73623,2.81859,153.298,-143.705,37.9753,
0.7,0.618605,0.99347,-47.5549,213.903,3.18377,-2.29063,0,-157.731,43.247,0,-47.3027,4.87598,2.90868,155.792,-146.078,38.5992,
0.7,0.61859,0.993424,-46.3862,213.67,3.10248,-2.23361,0,-157.553,43.202,0,-46.1407,4.75168,2.83804,155.605,-145.937,38.5591,
0.7,0.618578,0.993378,-46.1904,213.729,3.08675,-2.22329,0,-157.59,43.2154,0,-45.9465,4.72661,2.827,155.63,-145.997,38.5718,
0.7,0.618561,0.993334,-46.5636,213.891,3.10801,-2.24044,0,-157.699,43.2498,0,-46.3181,4.76005,2.85073,155.727,-146.13,38.6033,
0.7,0.618549,0.993283,-46.2073,213.603,3.08067,-2.22231,0,-157.483,43.1955,0,-45.9642,4.71889,2.8298,155.5,-145.952,38.5534,
0.7,0.618537,0.993237,-46.1047,214.048,3.07006,-2.21623,0,-157.805,43.2905,0,-45.8627,4.70358,2.82443,155.804,-146.277,38.6358,
0.7,0.618529,0.993142,-45.9,210.252,3.05234,-2.20503,0,-154.995,42.5328,0,-45.6596,4.67742,2.81287,153.002,-143.724,37.9549,
0.7,0.618515,0.993088,-46.1494,213.895,3.06403,-2.21559,0,-157.676,43.275,0,-45.9082,4.69787,2.82908,155.632,-146.237,38.6149,
0.7,0.6185,0.993038,-46.3051,214.103,3.06662,-2.22083,0,-157.826,43.3215,0,-46.0642,4.70311,2.84062,155.764,-146.401,38.6548,
0.7,0.618493,0.992988,-45.8497,213.678,3.03308,-2.19839,0,-157.507,43.2393,0,-45.6117,4.65159,2.81367,155.435,-146.13,38.5801,
0.7,0.618487,0.992938,-45.8383,213.466,3.02909,-2.1973,0,-157.346,43.1983,0,-45.6009,4.64504,2.81398,155.262,-146.005,38.5438,
0.7,0.618478,0.992882,-46.0047,213.303,3.03614,-2.20482,0,-157.225,43.1676,0,-45.767,4.65653,2.8252,155.128,-145.912,38.5164,
0.7,0.618472,0.992842,-45.8141,214.27,3.0196,-2.19506,0,-157.905,43.368,0,-45.5779,4.63185,2.8145,155.779,-146.627,38.6966,
0.7,0.618469,0.992788,-45.544,214.001,2.99765,-2.18143,0,-157.703,43.3187,0,-45.3099,4.59873,2.799,155.567,-146.46,38.6497,
0.7,0.618458,0.992732,-46.1207,213.663,3.0263,-2.20745,0,-157.453,43.256,0,-45.8847,4.64582,2.83652,155.306,-146.245,38.5903,
0.7,0.618457,0.992668,-45.4887,212.446,2.98095,-2.1764,0,-156.557,43.0164,0,-45.2565,4.57628,2.79875,154.406,-145.43,38.3724,
0.7,0.618453,0.992607,-45.7898,212.316,2.9967,-2.18988,0,-156.463,42.9961,0,-45.5567,4.60104,2.81832,154.297,-145.357,38.3506,
0.7,0.618447,0.992546,-45.82,212.608,2.99471,-2.19052,0,-156.679,43.0609,0,-45.5873,4.59864,2.82119,154.494,-145.572,38.405,
0.7,0.618439,0.992484,-46.0883,212.345,3.00773,-2.20254,0,-156.485,43.0117,0,-45.8548,4.62017,2.83872,154.288,-145.408,38.3591,
0.7,0.618435,0.992416,-45.7588,212.288,2.9822,-2.18606,0,-156.445,43.0045,0,-45.5275,4.58181,2.81943,154.231,-145.385,38.3505,
0.7,0.618435,0.992287,-45.4659,207.723,2.95904,-2.17123,0,-153.083,42.087,0,-45.2367,4.54667,2.80247,150.887,-142.288,37.5288,
0.7,0.618432,0.992221,-45.673,213.014,2.96786,-2.18041,0,-156.985,43.164,0,-45.4432,4.56203,2.81623,154.715,-145.928,38.4863,
0.7,0.61842,0.992147,-46.2039,212.501,2.99154,-2.20416,0,-156.612,43.0665,0,-45.9726,4.60449,2.85095,154.328,-145.593,38.3954,
0.7,0.618418,0.99208,-45.664,212.224,2.9514,-2.17751,0,-156.411,43.0171,0,-45.436,4.54514,2.81867,154.112,-145.419,38.3469,
0.7,0.618413,0.992014,-45.8778,212.02,2.96014,-2.1868,0,-156.261,42.9817,0,-45.6491,4.56126,2.83283,153.949,-145.295,38.3117,
0.7,0.618409,0.991948,-45.8487,212.248,2.95352,-2.18452,0,-156.43,43.0335,0,-45.6208,4.55321,2.832,154.1,-145.467,38.3546,
0.7,0.618402,0.991811,-46.0731,206.496,2.9631,-2.19428,0,-152.193,41.8748,0,-45.8445,4.57018,2.84685,149.893,-141.557,37.3184,
0.7,0.6184,0.991746,-45.6163,213.164,2.92955,-2.1715,0,-157.106,43.23,0,-45.3906,4.51918,2.81969,154.718,-146.143,38.5251,
0.7,0.618391,0.99168,-46.1679,212.718,2.95589,-2.19581,0,-156.777,43.1427,0,-45.9405,4.56339,2.85574,154.378,-145.855,38.4463,
0.7,0.618383,0.991614,-46.123,212.046,2.9479,-2.19284,0,-156.282,43.0086,0,-45.8963,4.55398,2.85389,153.878,-145.408,38.3263,
0.7,0.618381,0.991541,-45.7281,211.244,2.91804,-2.17321,0,-155.693,42.8493,0,-45.5039,4.50984,2.83042,153.284,-144.87,38.1825,
0.7,0.618377,0.991475,-45.8005,213.22,2.91781,-2.1757,0,-157.149,43.253,0,-45.5764,4.51219,2.8358,154.705,-146.239,38.5412,
0.7,0.61837,0.991334,-46.0183,208.272,2.92162,-2.18442,0,-153.503,42.2565,0,-45.7941,4.52403,2.85108,151.088,-142.874,37.6497,
0.7,0.618367,0.991266,-45.8158,212.196,2.90347,-2.17397,0,-156.395,43.0562,0,-45.5931,4.49852,2.83958,153.921,-145.579,38.3605,
0.7,0.618365,0.9912,-45.8118,211.883,2.89847,-2.17294,0,-156.162,42.9955,0,-45.5896,4.49318,2.84025,153.681,-145.379,38.3053,
0.7,0.618361,0.991064,-45.8279,208.826,2.89473,-2.17279,0,-153.907,42.3811,0,-45.6062,4.48998,2.84215,151.435,-143.31,37.7556,
0.7,0.618348,0.990991,-46.5315,211.833,2.92841,-2.20469,0,-156.125,42.994,0,-46.3073,4.54943,2.88756,153.604,-145.386,38.3005,
0.7,0.61834,0.990924,-46.2257,211.719,2.9037,-2.1892,0,-156.038,42.9726,0,-46.0034,4.51497,2.86943,153.508,-145.322,38.2814,
0.7,0.618332,0.990857,-46.2845,211.632,2.90179,-2.19122,0,-155.973,42.9573,0,-46.0624,4.51622,2.87392,153.431,-145.276,38.2671,
0.7,0.618323,0.990783,-46.2753,211.412,2.89561,-2.18991,0,-155.811,42.9161,0,-46.0536,4.51094,2.87417,153.257,-145.141,38.2289,
0.7,0.618311,0.990647,-46.3939,208.883,2.89679,-2.19465,0,-153.944,42.4096,0,-46.172,4.51828,2.88232,151.397,-143.433,37.7745,
0.7,0.61829,0.990578,-47.0784,211.969,2.92759,-2.22533,0,-156.217,43.0401,0,-46.8542,4.57649,2.92643,153.62,-145.566,38.334,
0.7,0.618276,0.990508,-46.7828,211.438,2.90287,-2.21058,0,-155.825,42.9365,0,-46.5603,4.54398,2.90876,153.221,-145.217,38.2396,
0.7,0.618258,0.990432,-47.0611,211.119,2.91311,-2.22294,0,-155.592,42.8745,0,-46.8377,4.56736,2.92675,152.978,-145.009,38.1829,
0.7,0.618243,0.990365,-46.8748,211.429,2.89522,-2.21317,0,-155.819,42.939,0,-46.6526,4.5457,2.91583,153.191,-145.235,38.2404,
0.7,0.618231,0.990295,-46.6531,211.48,2.87543,-2.20171,0,-155.856,42.9511,0,-46.4323,4.52031,2.90277,153.216,-145.282,38.2508,
0.7,0.618217,0.990147,-46.8901,204.743,2.8837,-2.21186,0,-150.897,41.5886,0,-46.6686,4.53961,2.9182,148.312,-140.678,37.0348,
0.7,0.618199,0.990075,-46.8881,212.12,2.8764,-2.21069,0,-156.336,43.0899,0,-46.667,4.53579,2.91875,153.644,-145.759,38.3704,
0.7,0.618169,0.990004,-47.7703,211.733,2.91689,-2.25006,0,-156.051,43.0139,0,-47.5457,4.61328,2.97513,153.352,-145.505,38.3016,
0.7,0.618152,0.989933,-47.0509,211.44,2.86609,-2.21514,0,-155.835,42.9574,0,-46.8301,4.54023,2.931,153.126,-145.317,38.25,
0.7,0.618135,0.989855,-47.1538,210.634,2.86549,-2.21891,0,-155.245,42.797,0,-46.9329,4.54647,2.9381,152.533,-144.774,38.1053,
0.7,0.618115,0.989713,-47.3384,206.03,2.86915,-2.22666,0,-151.852,41.865,0,-47.117,4.56025,2.95035,149.177,-141.632,37.2747,
0.7,0.618096,0.989642,-47.0297,212.037,2.8433,-2.2111,0,-156.279,43.0874,0,-46.8101,4.52676,2.93181,153.513,-145.776,38.363,
0.7,0.618058,0.989565,-48.4516,211.236,2.91431,-2.27583,0,-155.691,42.9268,0,-48.2261,4.65605,3.02187,152.923,-145.236,38.2192,
0.7,0.618034,0.989496,-47.8881,210.593,2.87235,-2.24839,0,-155.216,42.7977,0,-47.6656,4.59824,2.9874,152.445,-144.807,38.1041,
0.7,0.618016,0.989427,-47.2778,211.329,2.82861,-2.21865,0,-155.756,42.9488,0,-47.0585,4.53575,2.95006,152.965,-145.326,38.2386,
0.7,0.617995,0.989357,-47.6271,210.777,2.84214,-2.23393,0,-155.347,42.8393,0,-47.4065,4.56585,2.97249,152.551,-144.962,38.1404,
0.7,0.617974,0.989208,-47.6765,204.631,2.83778,-2.2352,0,-150.818,41.5987,0,-47.456,4.56725,2.97619,148.08,-140.758,37.0307,
0.7,0.617954,0.989138,-47.3151,211.815,2.80913,-2.2172,0,-156.111,43.062,0,-47.0966,4.52942,2.95424,153.267,-145.713,38.3321,
0.7,0.617913,0.989067,-48.5963,211.678,2.87006,-2.275,0,-156.01,43.0371,0,-48.3726,4.64531,3.0355,153.156,-145.631,38.3085,
0.7,0.617892,0.98899,-47.8095,209.808,2.81615,-2.23695,0,-154.633,42.6607,0,-47.5896,4.56715,2.98689,151.791,-144.357,37.9714,
0.7,0.617873,0.988919,-47.6948,210.404,2.80204,-2.23054,0,-155.071,42.784,0,-47.4758,4.55308,2.98031,152.211,-144.779,38.0804,
0.7,0.617848,0.988849,-47.9418,210.946,2.80859,-2.24093,0,-155.469,42.8958,0,-47.722,4.57379,2.99629,152.592,-145.163,38.1797,
0.7,0.617827,0.988696,-47.3837,207.498,2.76855,-2.21376,0,-152.942,42.201,0,-47.1666,4.51779,2.96192,150.106,-142.782,37.5548,
0.7,0.617785,0.988627,-48.7394,211.733,2.83226,-2.27456,0,-156.052,43.0647,0,-48.5167,4.64106,3.04778,153.128,-145.74,38.3259,
0.7,0.617761,0.988477,-47.7798,206.421,2.76844,-2.22858,0,-152.139,41.9898,0,-47.5618,4.54697,2.98828,149.267,-142.104,37.3664,
0.7,0.617733,0.988405,-48.4111,210.173,2.79651,-2.25681,0,-154.905,42.7568,0,-48.1905,4.60434,3.02827,151.968,-144.7,38.0468,
0.7,0.61769,0.988331,-48.8686,211.409,2.80765,-2.27548,0,-155.818,43.0116,0,-48.6465,4.64209,3.05797,152.851,-145.561,38.2716,
0.7,0.617666,0.988261,-47.9172,211.119,2.745,-2.22983,0,-155.602,42.9542,0,-47.6997,4.54892,2.99895,152.631,-145.373,38.2204,
0.7,0.617646,0.988186,-47.8668,210.171,2.73485,-2.22615,0,-154.907,42.7653,0,-47.6497,4.54135,2.99632,151.933,-144.733,38.05,
0.7,0.617627,0.988107,-47.916,209.565,2.73044,-2.22693,0,-154.464,42.6457,0,-47.699,4.54321,2.99993,151.486,-144.326,37.9414,
0.7,0.617608,0.988037,-47.7446,210.689,2.71356,-2.21723,0,-155.289,42.8756,0,-47.5287,4.52402,2.98974,152.287,-145.112,38.1461,
0.7,0.617591,0.987891,-47.7427,204.842,2.70627,-2.21577,0,-150.981,41.6925,0,-47.527,4.52089,2.99017,148.036,-141.11,37.0901,
0.7,0.617568,0.98781,-47.9399,210.305,2.70974,-2.22354,0,-155.01,42.8082,0,-47.7236,4.5369,3.00302,151.974,-144.883,38.0802,
0.7,0.617528,0.987734,-49.44,210.013,2.77934,-2.29005,0,-154.8,42.7543,0,-49.2175,4.67377,3.09795,151.752,-144.694,38.0286,
0.7,0.617507,0.987663,-47.8635,210.803,2.68347,-2.21569,0,-155.379,42.9173,0,-47.6483,4.52228,2.99961,152.311,-145.25,38.1729,
0.7,0.617482,0.987589,-48.5954,209.439,2.71651,-2.24828,0,-154.375,42.6429,0,-48.3771,4.58927,3.04589,151.315,-144.322,37.927,
0.7,0.61746,0.987508,-48.3667,208.918,2.69618,-2.2363,0,-153.993,42.5405,0,-48.1497,4.56552,3.03196,150.923,-143.98,37.8345,
0.7,0.617438,0.987432,-48.3889,209.283,2.68971,-2.23598,0,-154.264,42.6183,0,-48.1719,4.5654,3.03376,151.175,-144.242,37.9016,
0.7,0.617415,0.987357,-48.4587,209.495,2.68568,-2.23772,0,-154.422,42.6639,0,-48.2416,4.56981,3.03854,151.318,-144.399,37.9412,
0.7,0.617388,0.98728,-48.7994,209.131,2.69604,-2.25248,0,-154.155,42.5928,0,-48.581,4.59952,3.06035,151.042,-144.162,37.8766,
0.7,0.617364,0.987203,-48.5355,209.526,2.67343,-2.23877,0,-154.448,42.6762,0,-48.3185,4.57246,3.04421,151.317,-144.445,37.9493,
0.7,0.61734,0.987121,-48.3873,209.423,2.65724,-2.23017,0,-154.377,42.658,0,-48.1712,4.55639,3.03532,151.234,-144.383,37.9316,
0.7,0.617314,0.986972,-48.6689,204.285,2.66449,-2.24168,0,-150.59,41.615,0,-48.4518,4.58082,3.05337,147.502,-140.864,37.0033,
0.7,0.617292,0.986898,-48.4703,209.271,2.64612,-2.23102,0,-154.266,42.6325,0,-48.2543,4.55989,3.04133,151.093,-144.312,37.9075,
0.7,0.617269,0.9868,-48.2305,209.056,2.62545,-2.2183,0,-154.133,42.5997,0,-48.0158,4.53536,3.02665,150.931,-144.17,37.8693,
0.7,0.617217,0.986725,-50.6674,209.455,2.7417,-2.3286,0,-154.427,42.6834,0,-50.4422,4.76113,3.18021,151.209,-144.456,37.9425,
0.7,0.61719,0.986651,-48.6187,210.273,2.62251,-2.23306,0,-155.028,42.8518,0,-48.4027,4.56656,3.052,151.787,-145.033,38.0921,
0.7,0.617165,0.986577,-48.7367,209.434,2.62104,-2.23721,0,-154.408,42.6837,0,-48.5204,4.57579,3.05975,151.17,-144.466,37.9413,
0.7,0.617141,0.986495,-48.6815,209.047,2.61026,-2.23337,0,-154.125,42.6072,0,-48.4656,4.56875,3.05664,150.882,-144.209,37.8721,
0.7,0.617117,0.986421,-48.797,209.273,2.60845,-2.23739,0,-154.289,42.6551,0,-48.5808,4.57771,3.06424,151.034,-144.376,37.9143,
0.7,0.61709,0.986271,-48.8635,204.299,2.60365,-2.2394,0,-150.631,41.6449,0,-48.6471,4.58181,3.06881,147.448,-140.941,37.0128,
0.7,0.617065,0.986191,-48.9657,208.628,2.601,-2.24303,0,-153.824,42.5302,0,-48.7491,4.58942,3.0756,150.563,-143.937,37.798,
0.7,0.617039,0.98612,-49.1049,209.127,2.60007,-2.2485,0,-154.188,42.6335,0,-48.8879,4.60054,3.0847,150.911,-144.294,37.8898,
0.7,0.617008,0.986048,-49.4888,209.023,2.61162,-2.26507,0,-154.109,42.6141,0,-49.2703,4.63455,3.10918,150.824,-144.235,37.8721,
0.7,0.616981,0.985976,-48.6571,210.566,2.55958,-2.22586,0,-155.244,42.9311,0,-48.4425,4.55465,3.05731,151.922,-145.314,38.1532,
0.7,0.616923,0.985897,-50.9608,209.546,2.66369,-2.33023,0,-154.492,42.7272,0,-50.7364,4.76635,3.2028,151.176,-144.622,37.9697,
0.7,0.616893,0.985826,-49.315,209.575,2.56904,-2.25385,0,-154.51,42.7338,0,-49.098,4.61052,3.09971,151.183,-144.656,37.9764,
0.7,0.61686,0.985755,-49.6719,209.454,2.57862,-2.269,0,-154.419,42.7124,0,-49.4535,4.64191,3.12252,151.083,-144.587,37.9559,
0.7,0.61683,0.985607,-49.3228,204.176,2.55207,-2.25184,0,-150.524,41.6415,0,-49.1061,4.60722,3.10095,147.248,-140.971,37.0022,
0.7,0.616798,0.985537,-49.1976,210.311,2.537,-2.24504,0,-155.045,42.8952,0,-48.9817,4.59368,3.09343,151.66,-145.221,38.1156,
0.7,0.616731,0.985466,-52.1018,209.517,2.66768,-2.37521,0,-154.458,42.7363,0,-51.8736,4.86066,3.27682,151.075,-144.686,37.973,
0.7,0.616695,0.985395,-49.6478,209.98,2.53298,-2.26213,0,-154.797,42.8351,0,-49.4304,4.63036,3.12273,151.394,-145.021,38.0585,
0.7,0.616663,0.985324,-49.6279,209.522,2.52323,-2.26015,0,-154.457,42.7449,0,-49.4108,4.62659,3.12185,151.051,-144.718,37.9767,
0.7,0.616628,0.985177,-49.8405,204.441,2.52491,-2.26874,0,-150.708,41.7149,0,-49.6226,4.64503,3.13547,147.364,-141.233,37.0583,
0.7,0.616587,0.985107,-50.5515,209.065,2.5509,-2.29998,0,-154.112,42.6621,0,-50.3306,4.7099,3.18046,150.682,-144.442,37.898,
0.7,0.616551,0.985036,-50.297,208.811,2.5287,-2.28724,0,-153.922,42.6146,0,-50.0774,4.68467,3.16473,150.488,-144.28,37.8534,
0.7,0.616514,0.984959,-49.7428,209.792,2.49142,-2.261,0,-154.642,42.8173,0,-49.5258,4.63165,3.13012,151.184,-144.968,38.0322,
0.7,0.616433,0.984887,-52.9688,209.597,2.6318,-2.40568,0,-154.495,42.7803,0,-52.7379,4.92934,3.33362,151.031,-144.846,37.9981,
0.7,0.616393,0.984815,-50.4746,209.17,2.49814,-2.29146,0,-154.177,42.6961,0,-50.2547,4.69594,3.17689,150.71,-144.566,37.9223,
0.7,0.616352,0.984743,-50.976,208.553,2.51294,-2.31335,0,-153.719,42.5733,0,-50.7541,4.74145,3.20867,150.253,-144.151,37.8116,
0.7,0.61631,0.984666,-50.8114,208.447,2.49483,-2.3051,0,-153.638,42.5537,0,-50.5903,4.72495,3.19853,150.165,-144.089,37.7935,
0.7,0.616265,0.984594,-51.2564,208.706,2.50592,-2.32458,0,-153.826,42.6096,0,-51.0334,4.76509,3.22676,150.342,-144.28,37.8417,
0.7,0.616224,0.984522,-50.7744,208.884,2.47231,-2.30184,0,-153.953,42.6485,0,-50.5536,4.71886,3.19669,150.456,-144.418,37.8755,
0.7,0.616182,0.984451,-50.9688,208.817,2.47173,-2.30993,0,-153.901,42.6376,0,-50.7473,4.7357,3.20916,150.395,-144.384,37.8647,
0.7,0.61614,0.984301,-50.7933,203.835,2.45329,-2.30124,0,-150.224,41.6189,0,-50.5727,4.7183,3.19831,146.784,-140.963,36.9636,
0.7,0.616041,0.984229,-54.1065,209.571,2.59081,-2.44919,0,-154.449,42.7931,0,-53.8716,5.02537,3.40706,150.902,-144.942,38.0051,
0.7,0.615998,0.984157,-50.6939,209.568,2.41753,-2.2936,0,-154.443,42.7959,0,-50.4739,4.70746,3.19236,150.886,-144.955,38.0061,
0.7,0.615955,0.984084,-51.1657,208.745,2.42998,-2.31389,0,-153.835,42.6311,0,-50.9437,4.75031,3.22224,150.281,-144.398,37.858,
0.7,0.615907,0.984011,-51.3998,208.993,2.4303,-2.32352,0,-154.015,42.6853,0,-51.1769,4.77121,3.23714,150.448,-144.582,37.9043,
0.7,0.615862,0.983944,-51.3245,209.172,2.41648,-2.3191,0,-154.126,42.7265,0,-51.102,4.76335,3.23256,150.565,-144.718,37.9381,
0.7,0.615816,0.983781,-51.677,201.273,2.42236,-2.33397,0,-148.326,41.1196,0,-51.453,4.79512,3.25494,144.855,-139.278,36.5079,
0.7,0.615769,0.98371,-51.0697,209.549,2.38311,-2.30552,0,-154.421,42.8127,0,-50.8485,4.73793,3.21685,150.798,-145.018,38.0103,
0.7,0.615667,0.98363,-54.575,208.95,2.52265,-2.46155,0,-153.981,42.6934,0,-54.3388,5.06158,3.43793,150.356,-144.615,37.9028,
0.7,0.615619,0.983558,-52.0796,208.185,2.39636,-2.34783,0,-153.416,42.5395,0,-51.8542,4.82941,3.28087,149.793,-144.098,37.7654,
0.7,0.615571,0.983487,-51.981,208.526,2.38088,-2.34229,0,-153.662,42.6112,0,-51.7561,4.81976,3.27475,150.024,-144.35,37.8289,
0.7,0.615522,0.983415,-52.2894,208.015,2.38407,-2.355,0,-153.283,42.5083,0,-52.0633,4.84782,3.29428,149.643,-144.009,37.7374,
0.7,0.61547,0.983336,-52.5074,207.572,2.38225,-2.36347,0,-152.957,42.4198,0,-52.2803,4.86742,3.30813,149.313,-143.715,37.6584,
0.7,0.615425,0.983264,-51.9318,208.325,2.3457,-2.33626,0,-153.508,42.5745,0,-51.7073,4.81329,3.27201,149.838,-144.253,37.7966,
0.7,0.61538,0.983194,-52.0036,208.264,2.33856,-2.33815,0,-153.457,42.5628,0,-51.7789,4.81919,3.27667,149.78,-144.226,37.7871,
0.7,0.615336,0.983122,-51.8986,208.282,2.32367,-2.33209,0,-153.467,42.5677,0,-51.6744,4.80865,3.27021,149.778,-144.253,37.7919,
0.7,0.615288,0.982972,-51.3665,205.034,2.28906,-2.30693,0,-151.068,41.9069,0,-51.1447,4.75855,3.23683,147.416,-142.03,37.2052,
0.7,0.615199,0.982903,-55.4817,208.283,2.45137,-2.48909,0,-153.454,42.5717,0,-55.2422,5.13788,3.4965,149.735,-144.298,37.7965,
0.7,0.61515,0.982832,-51.9562,208.956,2.28489,-2.32989,0,-153.945,42.711,0,-51.7321,4.81054,3.27448,150.205,-144.78,37.9203,
0.7,0.615105,0.982763,-52.2964,208.095,2.28982,-2.34396,0,-153.305,42.5363,0,-52.0709,4.84113,3.29609,149.572,-144.198,37.7654,
0.7,0.615061,0.982685,-52.0941,207.779,2.27104,-2.33363,0,-153.068,42.4734,0,-51.8696,4.82136,3.28354,149.329,-143.994,37.7096,
0.7,0.615016,0.982615,-52.2858,208.102,2.2694,-2.34098,0,-153.3,42.5409,0,-52.0605,4.83822,3.29578,149.547,-144.233,37.7698,
0.7,0.614972,0.982544,-52.2927,207.924,2.25967,-2.34002,0,-153.165,42.5065,0,-52.0675,4.83793,3.29639,149.405,-144.124,37.739,
0.7,0.614924,0.982464,-52.7516,207.099,2.26858,-2.35931,0,-152.556,42.34,0,-52.5245,4.8794,3.3255,148.8,-143.564,37.5904,
0.7,0.614882,0.982391,-52.0726,207.976,2.22961,-2.32751,0,-153.199,42.5216,0,-51.8485,4.81544,3.28291,149.417,-144.186,37.7509,
0.7,0.614841,0.982318,-52.0855,207.872,2.22062,-2.32658,0,-153.12,42.5038,0,-51.8614,4.81546,3.28394,149.327,-144.13,37.7338,
0.7,0.614801,0.982173,-51.3774,204.883,2.18122,-2.29354,0,-150.911,41.897,0,-51.1565,4.74884,3.23951,147.153,-142.084,37.1938,
0.7,0.614719,0.982093,-54.2617,208.283,2.28377,-2.41939,0,-153.415,42.5951,0,-54.0286,5.01269,3.42189,149.583,-144.455,37.8123,
0.7,0.61468,0.982021,-52.2058,207.699,2.18792,-2.32627,0,-152.98,42.4782,0,-51.9817,4.82141,3.29249,149.147,-144.067,37.7081,
0.7,0.61464,0.981949,-52.3593,207.448,2.18499,-2.33174,0,-152.792,42.4293,0,-52.1347,4.83428,3.30242,148.952,-143.908,37.664,
0.7,0.614596,0.981877,-52.7401,207.449,2.19194,-2.34723,0,-152.79,42.4321,0,-52.514,4.86798,3.32671,148.938,-143.924,37.6658,
0.7,0.614556,0.981798,-52.3406,207.091,2.16585,-2.32809,0,-152.526,42.3619,0,-52.1164,4.82982,3.30175,148.668,-143.689,37.6022,
0.7,0.614515,0.981727,-52.4605,207.721,2.16133,-2.33213,0,-152.983,42.4927,0,-52.2358,4.83965,3.30954,149.103,-144.144,37.7183,
0.7,0.614475,0.981655,-52.5783,207.362,2.15676,-2.33607,0,-152.715,42.4229,0,-52.3533,4.8491,3.31724,148.831,-143.91,37.6547,
0.7,0.614423,0.981582,-53.4945,207.342,2.18277,-2.37577,0,-152.697,42.4218,0,-53.2657,4.93222,3.3753,148.802,-143.911,37.6526,
0.7,0.614386,0.981502,-52.396,206.673,2.1289,-2.32575,0,-152.204,42.2886,0,-52.172,4.82935,3.30628,148.308,-143.46,37.5325,
0.7,0.614349,0.981429,-52.3568,207.262,2.11849,-2.32264,0,-152.635,42.4127,0,-52.1331,4.82426,3.30409,148.716,-143.884,37.641,
0.7,0.614313,0.981358,-52.3226,207.328,2.10847,-2.31975,0,-152.676,42.4292,0,-52.0992,4.81968,3.3022,148.746,-143.947,37.6546,
0.7,0.614276,0.981287,-52.303,207.717,2.09861,-2.3174,0,-152.958,42.5117,0,-52.0798,4.81628,3.30125,149.01,-144.233,37.7269,
0.7,0.614242,0.98121,-52.0954,207.102,2.08195,-2.3066,0,-152.503,42.3889,0,-51.8733,4.7957,3.28842,148.555,-143.82,37.6165,
0.7,0.614209,0.98114,-52.0485,207.798,2.07199,-2.30301,0,-153.008,42.5332,0,-51.8267,4.78989,3.28574,149.04,-144.318,37.7445,
0.7,0.614177,0.98107,-52.105,207.416,2.06633,-2.30403,0,-152.72,42.4583,0,-51.8831,4.79343,3.28962,148.749,-144.071,37.677,
0.7,0.614141,0.980928,-51.6995,204.573,2.04194,-2.28487,0,-150.616,41.8809,0,-51.4795,4.75447,3.26433,146.682,-142.125,37.1634,
0.7,0.614081,0.980849,-53.3511,208.109,2.09145,-2.35517,0,-153.217,42.6068,0,-53.1244,4.9027,3.36929,149.204,-144.594,37.807,
0.7,0.614051,0.980779,-51.9015,207.697,2.02698,-2.28977,0,-152.906,42.5248,0,-51.6811,4.76775,3.27807,148.892,-144.326,37.7341,
0.7,0.614018,0.980707,-52.3834,207.077,2.03745,-2.30979,0,-152.445,42.4002,0,-52.1611,4.81011,3.30886,148.433,-143.91,37.6229,
0.7,0.613986,0.980634,-52.2102,207.149,2.0228,-2.30093,0,-152.494,42.4173,0,-51.9889,4.79245,3.29825,148.47,-143.975,37.6375,
0.7,0.613955,0.980553,-52.3413,206.283,2.0198,-2.30548,0,-151.856,42.2423,0,-52.1195,4.8027,3.30686,147.837,-143.386,37.4814,
0.7,0.613924,0.980481,-52.1538,207.335,2.0046,-2.29619,0,-152.624,42.4598,0,-51.9331,4.78369,3.29535,148.576,-144.131,37.674,
0.7,0.61394,0.980336,-48.7027,202.238,1.87179,-2.14253,0,-148.863,41.4206,0,-48.4968,4.46511,3.07767,144.893,-140.619,36.751,
0.7,0.613908,0.980257,-52.3683,206.348,2.00423,-2.30288,0,-151.886,42.2643,0,-52.1471,4.79901,3.30972,147.826,-143.491,37.4993,
0.7,0.61388,0.980184,-52.1781,206.728,1.98922,-2.2935,0,-152.16,42.345,0,-51.9578,4.7796,3.29807,148.081,-143.772,37.5701,
0.7,0.613852,0.980111,-51.5748,208.226,1.95876,-2.26593,0,-153.258,42.6546,0,-51.3572,4.72243,3.26028,149.139,-144.829,37.8438,
0.7,0.613794,0.980037,-53.938,207.491,2.03228,-2.36742,0,-152.713,42.5064,0,-53.7108,4.93461,3.41046,148.598,-144.332,37.7118,
0.7,0.613767,0.979957,-51.993,206.625,1.95148,-2.28081,0,-152.072,42.3303,0,-51.7742,4.75466,3.28785,147.965,-143.743,37.5556,
0.7,0.613741,0.979869,-51.9595,205.922,1.9427,-2.27801,0,-151.557,42.1899,0,-51.7411,4.74951,3.28613,147.45,-143.265,37.429,
0.7,0.613715,0.979794,-51.8944,207.03,1.93264,-2.27382,0,-152.369,42.4192,0,-51.6764,4.74145,3.2824,148.228,-144.053,37.6321,
0.7,0.613691,0.979719,-51.9867,206.423,1.92841,-2.27652,0,-151.918,42.297,0,-51.7686,4.74762,3.28866,147.78,-143.644,37.5231,
0.7,0.613663,0.979639,-52.23,206.241,1.92922,-2.2857,0,-151.782,42.2613,0,-52.011,4.76774,3.30444,147.638,-143.529,37.4913,
0.7,0.613639,0.979565,-52.0134,206.613,1.91362,-2.27482,0,-152.051,42.3388,0,-51.7956,4.74576,3.29115,147.891,-143.801,37.5602,
0.7,0.613615,0.979418,-51.9474,201.353,1.90365,-2.27047,0,-148.17,41.2639,0,-51.7301,4.73746,3.2874,144.097,-140.17,36.607,
0.7,0.613592,0.979339,-51.6903,207.147,1.88678,-2.25794,0,-152.429,42.4518,0,-51.4743,4.71164,3.27157,148.231,-144.217,37.6617,
0.7,0.613541,0.979267,-50.8913,211.461,1.84262,-2.22034,0,-155.597,43.3373,0,-50.679,4.63458,3.22179,151.302,-147.237,38.4478,
0.7,0.613408,0.978832,-57.3877,189.15,2.02923,-2.49358,0,-139.116,38.7683,0,-57.1497,5.21016,3.63605,135.236,-131.806,34.4015,
0.7,0.613366,0.978758,-53.0217,207.503,1.85995,-2.3008,0,-152.608,42.5317,0,-52.8023,4.80868,3.36037,148.342,-144.611,37.7411,
0.7,0.613346,0.978683,-51.932,206.304,1.81471,-2.25205,0,-151.722,42.2889,0,-51.7173,4.70745,3.29175,147.472,-143.788,37.5243,
0.7,0.613329,0.978609,-51.6552,206.721,1.79813,-2.2385,0,-152.024,42.3767,0,-51.4419,4.67966,3.27471,147.757,-144.092,37.6015,
0.7,0.613312,0.978529,-51.6795,206.521,1.79223,-2.23808,0,-151.874,42.3373,0,-51.4663,4.67939,3.27671,147.604,-143.964,37.5664,
0.7,0.613292,0.97838,-51.7388,202.602,1.78706,-2.23914,0,-148.984,41.5386,0,-51.5256,4.68221,3.28095,144.776,-141.259,36.8561,
0.7,0.613261,0.978305,-52.5982,206.929,1.80297,-2.27324,0,-152.163,42.4277,0,-52.382,4.75425,3.33651,147.856,-144.288,37.6445,
0.7,0.613243,0.978223,-51.9517,205.348,1.77372,-2.2439,0,-150.998,42.1051,0,-51.7384,4.69326,3.29598,146.717,-143.196,37.3579,
0.7,0.613223,0.978146,-52.1551,205.887,1.77302,-2.25111,0,-151.393,42.2175,0,-51.9412,4.70919,3.30934,147.091,-143.583,37.4571,
0.7,0.613205,0.978068,-51.985,205.725,1.76009,-2.24223,0,-151.27,42.1866,0,-51.772,4.69138,3.299,146.963,-143.482,37.4288,
0.7,0.613188,0.977991,-51.8624,205.904,1.74892,-2.23532,0,-151.4,42.2249,0,-51.6502,4.67762,3.29172,147.08,-143.618,37.4625,
0.7,0.61317,0.97791,-51.9054,206.233,1.74297,-2.23572,0,-151.639,42.2932,0,-51.6932,4.6792,3.29488,147.305,-143.856,37.5232,
0.7,0.613147,0.977761,-52.3671,200.497,1.75043,-2.25401,0,-147.413,41.1206,0,-52.1532,4.71808,3.3247,143.186,-139.879,36.4819,
0.7,0.613126,0.977686,-51.9334,207.191,1.72832,-2.23392,0,-152.331,42.4952,0,-51.7215,4.67678,3.29757,147.956,-144.56,37.7011,
0.7,0.613082,0.977612,-53.5255,206.866,1.76507,-2.29934,0,-152.087,42.4291,0,-53.3075,4.8155,3.39954,147.713,-144.344,37.6431,
0.7,0.613056,0.97753,-52.6701,205.565,1.7283,-2.26091,0,-151.128,42.1644,0,-52.4558,4.73652,3.34558,146.774,-143.445,37.4071,
0.7,0.613033,0.977455,-52.5035,205.894,1.71485,-2.25216,0,-151.365,42.2333,0,-52.2901,4.71961,3.33537,146.995,-143.688,37.4683,
0.7,0.613012,0.977381,-52.3246,206.129,1.70111,-2.243,0,-151.533,42.2828,0,-52.1121,4.70139,3.3244,147.153,-143.864,37.5123,
0.7,0.61299,0.977306,-52.4455,205.878,1.69721,-2.24666,0,-151.344,42.2324,0,-52.2327,4.7102,3.33246,146.962,-143.7,37.4677,
0.7,0.612965,0.97715,-52.2334,202.779,1.68181,-2.23621,0,-149.057,41.5986,0,-52.0216,4.68914,3.31936,144.73,-141.556,36.9057,
0.7,0.612921,0.977075,-53.7441,206.527,1.71368,-2.29809,0,-151.807,42.3686,0,-53.5266,4.82072,3.41612,147.393,-144.186,37.5892,
0.7,0.612897,0.976993,-52.5364,205.748,1.66676,-2.24503,0,-151.232,42.21,0,-52.3239,4.71022,3.33975,146.828,-143.651,37.4482,
0.7,0.612876,0.97692,-52.5163,205.91,1.65828,-2.24272,0,-151.345,42.2443,0,-52.3041,4.70658,3.33882,146.933,-143.775,37.4788,
0.7,0.612855,0.97677,-52.4472,200.57,1.64835,-2.23825,0,-147.413,41.1521,0,-52.2355,4.69856,3.33477,143.101,-140.068,36.5091,
0.7,0.612834,0.976694,-52.3155,206.467,1.63635,-2.23118,0,-151.743,42.364,0,-52.1045,4.68492,3.32674,147.297,-144.196,37.5834,
0.7,0.612789,0.976612,-53.7105,206.278,1.66382,-2.28756,0,-151.601,42.3275,0,-53.4942,4.80596,3.41616,147.154,-144.074,37.55,
0.7,0.612767,0.976536,-52.7868,205.201,1.62746,-2.24648,0,-150.805,42.1091,0,-52.5744,4.72163,3.35773,146.376,-143.331,37.3548,
0.7,0.612746,0.976459,-52.6281,205.638,1.61479,-2.23824,0,-151.123,42.2015,0,-52.4164,4.70561,3.34797,146.676,-143.648,37.4357,
0.7,0.612723,0.976383,-52.8606,205.203,1.61418,-2.24651,0,-150.799,42.1146,0,-52.6482,4.7247,3.36308,146.356,-143.354,37.3573,
0.7,0.612696,0.976301,-53.1151,204.958,1.61347,-2.25577,0,-150.616,42.067,0,-52.9018,4.74567,3.3796,146.173,-143.191,37.3136,
0.7,0.612672,0.976224,-53.0861,205.046,1.60445,-2.25305,0,-150.678,42.0872,0,-52.8731,4.74133,3.37809,146.227,-143.262,37.3305,
0.7,0.612647,0.976071,-52.6579,201.872,1.58315,-2.2332,0,-148.34,41.4402,0,-52.4468,4.70137,3.35116,143.944,-141.064,36.7548,
0.7,0.612597,0.975987,-54.3869,205.645,1.61794,-2.30315,0,-151.112,42.2177,0,-54.1692,4.85199,3.46188,146.626,-143.709,37.4424,
0.7,0.612575,0.975912,-52.9136,205.265,1.56621,-2.23888,0,-150.827,42.1408,0,-52.702,4.71873,3.36845,146.345,-143.453,37.3743,
0.7,0.612553,0.975837,-52.9184,205.13,1.55838,-2.23751,0,-150.723,42.1148,0,-52.7069,4.71729,3.3691,146.239,-143.369,37.3507,
0.7,0.612532,0.975761,-52.8898,205.083,1.54975,-2.2348,0,-150.683,42.1069,0,-52.6786,4.71267,3.36766,146.194,-143.347,37.3432,
0.7,0.612509,0.975681,-53.0072,204.876,1.54512,-2.23824,0,-150.523,42.0648,0,-52.7957,4.72125,3.37549,146.038,-143.211,37.3064,
0.7,0.612484,0.975529,-53.1349,199.907,1.54028,-2.24201,0,-146.874,41.0472,0,-52.923,4.73072,3.38397,142.505,-139.729,36.4007,
0.7,0.612463,0.975454,-53.044,204.677,1.52953,-2.23662,0,-150.363,42.0296,0,-52.8327,4.7207,3.37854,145.868,-143.102,37.2732,
0.7,0.612444,0.97538,-52.5993,206.151,1.50909,-2.21642,0,-151.439,42.3345,0,-52.39,4.67906,3.35061,146.909,-144.142,37.5426,
0.7,0.612406,0.975298,-53.6926,205.751,1.52511,-2.25973,0,-151.144,42.2555,0,-53.4793,4.77182,3.42109,146.616,-143.87,37.4705,
0.7,0.612387,0.975222,-52.7094,205.55,1.48969,-2.21718,0,-150.992,42.2169,0,-52.5002,4.6824,3.35882,146.463,-143.739,37.4348,
0.7,0.612369,0.975073,-52.7203,200.275,1.4826,-2.21655,0,-147.105,41.138,0,-52.5113,4.68118,3.35992,142.683,-140.07,36.4761,
0.7,0.612347,0.974991,-52.875,205.435,1.47889,-2.22195,0,-150.894,42.2013,0,-52.6655,4.69292,3.37015,146.352,-143.688,37.4168,
0.7,0.612306,0.974914,-54.2173,205.408,1.50013,-2.27584,0,-150.87,42.1979,0,-54.0029,4.80779,3.4565,146.321,-143.68,37.4129,
0.7,0.612285,0.974836,-53.0806,204.848,1.4604,-2.22703,0,-150.457,42.0852,0,-52.8709,4.70487,3.38443,145.915,-143.296,37.3117,
0.7,0.612264,0.974749,-52.9883,204.726,1.44938,-2.22198,0,-150.367,42.062,0,-52.7792,4.69451,3.37896,145.823,-143.215,37.2899,
0.7,0.612238,0.974587,-53.0619,201.217,1.44231,-2.22384,0,-147.789,41.3476,0,-52.8526,4.69895,3.38403,143.31,-140.773,36.6521,
0.7,0.612192,0.974508,-54.9741,204.623,1.47618,-2.30174,0,-150.289,42.0506,0,-54.7577,4.86406,3.50677,145.727,-143.166,37.2735,
0.7,0.612171,0.974423,-53.0639,204.701,1.41646,-2.22047,0,-150.345,42.0686,0,-52.8552,4.69276,3.38535,145.777,-143.227,37.2883,
0.7,0.612146,0.974345,-53.6748,204.219,1.42376,-2.24486,0,-149.988,41.9728,0,-53.4639,4.74477,3.4247,145.425,-142.897,37.2012,
0.7,0.612123,0.974267,-53.3317,204.616,1.40604,-2.22917,0,-150.277,42.0569,0,-53.1223,4.71247,3.40317,145.7,-143.183,37.2744,
0.7,0.612102,0.97419,-53.3534,204.398,1.39841,-2.22878,0,-150.111,42.0149,0,-53.1441,4.71244,3.40492,145.534,-143.041,37.2356,
0.7,0.612081,0.97401,-52.9285,200.292,1.37904,-2.20956,0,-147.114,41.1866,0,-52.721,4.67282,3.37819,142.599,-140.179,36.4888,
0.7,0.612037,0.973934,-55.0404,204.47,1.41708,-2.29518,0,-150.178,42.0499,0,-54.825,4.85507,3.51376,145.566,-143.112,37.2509,
0.7,0.612017,0.973858,-53.1633,204.968,1.36093,-2.21571,0,-150.537,42.1559,0,-52.9554,4.68755,3.39429,145.909,-143.47,37.3425,
0.7,0.611998,0.973782,-53.4189,203.985,1.35979,-2.22503,0,-149.81,41.9573,0,-53.2102,4.70819,3.41096,145.201,-142.791,37.1644,
0.7,0.611977,0.973707,-53.3358,204.835,1.34965,-2.2202,0,-150.426,42.1352,0,-53.1276,4.69878,3.40605,145.797,-143.395,37.32,
0.7,0.611956,0.973625,-53.3557,204.049,1.34222,-2.21973,0,-149.846,41.9768,0,-53.1476,4.69872,3.40765,145.23,-142.853,37.1777,
0.7,0.611935,0.973474,-53.4496,199.044,1.33669,-2.22229,0,-146.158,40.9531,0,-53.2413,4.70514,3.414,141.647,-139.369,36.2677,
0.7,0.611914,0.973401,-53.6549,204.033,1.33385,-2.2294,0,-149.812,41.982,0,-53.446,4.72138,3.42745,145.185,-142.876,37.1782,
0.7,0.611868,0.973318,-54.7334,204.914,1.344,-2.2716,0,-150.455,42.1672,0,-54.5206,4.81245,3.49706,145.804,-143.5,37.3394,
0.7,0.611846,0.973243,-53.403,205.017,1.3037,-2.21522,0,-150.524,42.1917,0,-53.1955,4.69367,3.41239,145.866,-143.584,37.3594,
0.7,0.611824,0.973166,-53.6197,204.41,1.30119,-2.22291,0,-150.073,42.07,0,-53.4116,4.71086,3.42658,145.425,-143.168,37.2496,
0.7,0.611802,0.97309,-53.7331,203.994,1.29612,-2.22635,0,-149.761,41.9881,0,-53.5247,4.7187,3.43422,145.12,-142.885,37.1747,
0.7,0.611775,0.972927,-53.9595,198.12,1.29308,-2.23438,0,-145.444,40.7867,0,-53.7504,4.7365,3.44908,140.923,-138.79,36.1061,
0.7,0.611752,0.972849,-53.4809,205.082,1.2734,-2.21329,0,-150.55,42.2248,0,-53.2738,4.69241,3.41887,145.866,-143.676,37.3759,
0.7,0.61171,0.972766,-54.843,204.348,1.29006,-2.26812,0,-150.008,42.0779,0,-54.6311,4.8071,3.50685,145.336,-143.171,37.243,
0.7,0.61169,0.972689,-53.7209,203.605,1.25588,-2.22051,0,-149.458,41.9256,0,-53.5135,4.70642,3.43553,144.798,-142.659,37.1084,
0.7,0.611668,0.972613,-53.8118,203.998,1.25002,-2.22311,0,-149.741,42.0085,0,-53.6043,4.71209,3.44177,145.066,-142.946,37.1812,
0.7,0.611648,0.972537,-53.7142,203.693,1.24021,-2.21782,0,-149.512,41.9473,0,-53.5073,4.70122,3.43596,144.84,-142.741,37.1265,
0.7,0.61163,0.972379,-53.6234,197.768,1.23059,-2.21275,0,-145.153,40.7308,0,-53.4171,4.69076,3.43062,140.61,-138.606,36.0483,
0.7,0.611611,0.972303,-53.7003,203.67,1.22457,-2.21461,0,-149.479,41.9473,0,-53.4939,4.69513,3.43598,144.795,-142.754,37.1253,
0.7,0.611573,0.972227,-54.3486,205.306,1.22361,-2.23838,0,-150.674,42.286,0,-54.1402,4.74654,3.47844,145.948,-143.91,37.4244,
0.7,0.61156,0.972152,-53.2671,204.099,1.19231,-2.19242,0,-149.791,42.0368,0,-53.0631,4.64885,3.40982,145.107,-143.047,37.2026,
0.7,0.611542,0.972069,-53.749,202.794,1.19571,-2.21088,0,-148.83,41.7694,0,-53.5433,4.68841,3.44113,144.171,-142.141,36.9657,
0.7,0.611521,0.971995,-53.9495,203.572,1.19234,-2.21779,0,-149.394,41.9303,0,-53.7434,4.70334,3.45445,144.714,-142.696,37.1085,
0.7,0.611506,0.971921,-53.5062,203.904,1.17536,-2.19788,0,-149.629,41.9998,0,-53.3019,4.66172,3.42661,144.938,-142.941,37.1702,
0.7,0.611488,0.971849,-53.7367,203.793,1.17286,-2.20587,0,-149.538,41.9779,0,-53.5318,4.67916,3.44187,144.849,-142.874,37.151,
0.7,0.61147,0.971693,-53.7507,197.809,1.16543,-2.20505,0,-145.135,40.7483,0,-53.546,4.67776,3.44325,140.575,-138.699,36.0621,
0.7,0.611452,0.971618,-53.6273,204.382,1.15511,-2.19839,0,-149.952,42.1039,0,-53.4233,4.66442,3.43583,145.236,-143.318,37.2614,
0.7,0.61141,0.971543,-55.2214,204.273,1.17286,-2.26072,0,-149.866,42.0837,0,-55.0118,4.79789,3.53893,145.148,-143.253,37.2427,
0.7,0.611388,0.971463,-54.1534,202.994,1.14189,-2.2156,0,-148.925,41.8145,0,-53.948,4.70285,3.4709,144.229,-142.365,37.0105,
0.7,0.611367,0.971389,-54.1435,203.437,1.13359,-2.21367,0,-149.243,41.9074,0,-53.9384,4.69972,3.47069,144.531,-142.689,37.0925,
0.7,0.611343,0.971314,-54.314,203.61,1.12845,-2.21922,0,-149.364,41.9447,0,-54.1084,4.71234,3.48202,144.642,-142.821,37.125,
0.7,0.611324,0.971233,-53.9315,203.202,1.11248,-2.20225,0,-149.06,41.8631,0,-53.7275,4.67682,3.45793,144.343,-142.546,37.0518,
0.7,0.611304,0.971158,-54.0763,203.292,1.10753,-2.2068,0,-149.119,41.8838,0,-53.872,4.68715,3.46763,144.393,-142.622,37.0695,
0.7,0.611284,0.971008,-54.1585,197.469,1.10113,-2.20877,0,-144.836,40.6882,0,-53.9541,4.69213,3.47331,140.235,-138.559,36.01,
0.7,0.611264,0.970926,-53.861,203.934,1.08709,-2.1952,0,-149.574,42.0235,0,-53.6579,4.66423,3.45462,144.817,-143.106,37.1899,
0.7,0.611218,0.970853,-55.6103,204.151,1.10492,-2.26368,0,-149.724,42.0697,0,-55.401,4.81154,3.56759,144.958,-143.271,37.2308,
0.7,0.611196,0.970778,-54.3803,203.065,1.07244,-2.21217,0,-148.921,41.8479,0,-54.1758,4.70317,3.48905,144.176,-142.519,37.0337,
0.7,0.611176,0.970702,-54.2563,203.257,1.06207,-2.2055,0,-149.055,41.8894,0,-54.0524,4.6904,3.48147,144.302,-142.665,37.0698,
0.7,0.611139,0.97062,-55.445,202.811,1.07515,-2.25239,0,-148.721,41.7997,0,-55.2366,4.79367,3.55765,143.976,-142.361,36.9894,
0.7,0.611119,0.970469,-54.3099,197.406,1.04519,-2.20503,0,-144.741,40.6885,0,-54.1059,4.69355,3.48519,140.116,-138.59,36.0058,
0.7,0.611098,0.970394,-54.1038,203.922,1.03311,-2.19548,0,-149.511,42.0325,0,-53.9008,4.67361,3.47236,144.73,-143.175,37.1953,
0.7,0.611048,0.970319,-56.1221,203.786,1.05317,-2.27611,0,-149.402,42.0058,0,-55.9119,4.84454,3.60253,144.623,-143.09,37.1717,
0.7,0.611026,0.970236,-54.5401,202.221,1.01496,-2.21066,0,-148.25,41.6853,0,-54.336,4.70568,3.50141,143.504,-142,36.8871,
0.7,0.611004,0.970159,-54.6189,202.624,1.00797,-2.21251,0,-148.538,41.7709,0,-54.4147,4.71025,3.50688,143.778,-142.295,36.9617,
0.7,0.610981,0.970082,-54.7727,202.331,1.00227,-2.2174,0,-148.317,41.7127,0,-54.5681,4.7213,3.51717,143.56,-142.098,36.9092,
0.7,0.610956,0.970007,-54.8802,202.675,0.99496,-2.22038,0,-148.561,41.7857,0,-54.6754,4.7281,3.52453,143.796,-142.349,36.9728,
0.7,0.610933,0.969922,-54.7683,202.055,0.984243,-2.21453,0,-148.103,41.6608,0,-54.5641,4.71612,3.51777,143.346,-141.924,36.8608,
0.7,0.610909,0.969767,-54.5244,198.401,0.971237,-2.20331,0,-145.412,40.9128,0,-54.3213,4.69272,3.50256,140.733,-139.378,36.1963,
0.7,0.610886,0.969689,-54.9014,202.108,0.969279,-2.21715,0,-148.122,41.6798,0,-54.6971,4.72269,3.52723,143.352,-141.993,36.8736,
0.7,0.610865,0.969603,-54.7786,201.364,0.958615,-2.21088,0,-147.573,41.5291,0,-54.5751,4.70953,3.51983,142.815,-141.478,36.7386,
0.7,0.610839,0.969525,-54.7436,203.288,0.949123,-2.20819,0,-148.977,41.9285,0,-54.5404,4.70417,3.51802,144.168,-142.843,37.091,
0.7,0.610793,0.969447,-55.8852,203.535,0.953933,-2.25108,0,-149.153,41.9818,0,-55.6782,4.79694,3.59237,144.333,-143.027,37.1371,
0.7,0.610772,0.96937,-54.7465,202.452,0.926145,-2.204,0,-148.354,41.7602,0,-54.5439,4.69643,3.51969,143.554,-142.276,36.9404,
0.7,0.610751,0.969287,-54.6298,202.431,0.915707,-2.19804,0,-148.333,41.7576,0,-54.4279,4.68372,3.51269,143.53,-142.27,36.9375,
0.7,0.610727,0.969209,-55.049,202.166,0.913801,-2.21375,0,-148.132,41.7041,0,-54.8458,4.71698,3.54014,143.329,-142.097,36.8904,
0.7,0.610707,0.969057,-54.3999,199.203,0.894802,-2.18659,0,-145.945,41.094,0,-54.1993,4.65866,3.49889,141.207,-140.035,36.3518,
0.7,0.610668,0.968973,-56.0913,202.007,0.905321,-2.25245,0,-147.995,41.6743,0,-55.885,4.79754,3.6088,143.186,-142.016,36.8645,
0.7,0.610644,0.968896,-54.8626,203.049,0.876435,-2.20225,0,-148.75,41.8898,0,-54.661,4.68969,3.53025,143.911,-142.761,37.0559,
0.7,0.610622,0.968818,-55.0093,201.892,0.870095,-2.20734,0,-147.895,41.6521,0,-54.8074,4.69969,3.54017,143.081,-141.958,36.8457,
0.7,0.6106,0.968741,-54.9269,202.479,0.860259,-2.20302,0,-148.317,41.7737,0,-54.7255,4.69017,3.53532,143.487,-142.381,36.9539,
0.7,0.610576,0.968662,-55.2823,201.563,0.856836,-2.21651,0,-147.639,41.587,0,-55.0799,4.71785,3.5587,142.826,-141.75,36.788,
0.7,0.610553,0.968576,-55.1751,201.167,0.846498,-2.21133,0,-147.346,41.5073,0,-54.9733,4.70632,3.55224,142.537,-141.479,36.7164,
0.7,0.610529,0.968498,-55.3224,201.537,0.839617,-2.21639,0,-147.61,41.5858,0,-55.1202,4.71653,3.56216,142.789,-141.749,36.785,
0.7,0.610504,0.968421,-55.359,201.941,0.831047,-2.21684,0,-147.897,41.6708,0,-55.1569,4.71742,3.56493,143.064,-142.044,36.8597,
0.7,0.610479,0.968343,-55.4659,201.56,0.823419,-2.22004,0,-147.611,41.5954,0,-55.2636,4.7242,3.57224,142.783,-141.788,36.7915,
0.7,0.610452,0.968176,-55.0929,197.884,0.808269,-2.20418,0,-144.908,40.8415,0,-54.8922,4.68996,3.54868,140.16,-139.22,36.1221,
0.7,0.610405,0.968096,-57.1046,201.63,0.818813,-2.28244,0,-147.646,41.617,0,-56.897,4.85668,3.67911,142.804,-141.865,36.807,
0.7,0.610379,0.968017,-55.2673,202.45,0.782879,-2.20812,0,-148.239,41.7876,0,-55.0665,4.69811,3.56116,143.375,-142.452,36.9576,
0.7,0.610354,0.967928,-55.5014,200.648,0.776905,-2.21644,0,-146.917,41.419,0,-55.3,4.71581,3.57665,142.089,-141.194,36.6296,
0.7,0.61033,0.967847,-55.4251,201.572,0.766339,-2.21243,0,-147.589,41.6124,0,-55.2241,4.70713,3.57214,142.734,-141.853,36.7993,
0.7,0.610305,0.967768,-55.4852,201.508,0.757833,-2.21373,0,-147.534,41.6013,0,-55.2842,4.71002,3.57643,142.679,-141.818,36.7885,
0.7,0.610283,0.967687,-55.2497,201.901,0.745498,-2.20319,0,-147.816,41.6852,0,-55.0497,4.68759,3.5617,142.948,-142.104,36.8612,
0.7,0.610255,0.967519,-55.7788,194.697,0.742754,-2.2233,0,-142.532,40.2043,0,-55.5772,4.7304,3.5962,137.829,-137.052,35.5478,
0.7,0.610231,0.967441,-55.2021,202.66,0.725711,-2.1992,0,-148.353,41.8506,0,-55.0027,4.67942,3.5594,143.456,-142.667,37.0025,
0.7,0.610181,0.96736,-57.0036,202.1,0.730445,-2.26847,0,-147.936,41.7383,0,-56.7981,4.82784,3.67636,143.048,-142.285,36.9016,
0.7,0.610157,0.96728,-55.3448,202.079,0.700071,-2.20136,0,-147.914,41.7385,0,-55.1455,4.6852,3.56978,143.024,-142.279,36.8986,
0.7,0.610129,0.967111,-55.7699,195.62,0.695307,-2.21729,0,-143.175,40.4116,0,-55.5691,4.71921,3.59756,138.436,-137.748,35.7208,
0.7,0.610076,0.96703,-57.018,202.317,0.691157,-2.26464,0,-148.071,41.799,0,-56.8131,4.82064,3.67886,143.166,-142.472,36.9446,
0.7,0.610047,0.966949,-55.7499,202.026,0.665398,-2.21324,0,-147.85,41.7439,0,-55.5498,4.71104,3.59748,142.95,-142.279,36.8926,
0.7,0.610021,0.966861,-55.6983,201.247,0.654756,-2.21017,0,-147.276,41.587,0,-55.4986,4.70433,3.59459,142.391,-141.737,36.751,
0.7,0.609996,0.966701,-55.6961,196.066,0.645242,-2.20901,0,-143.47,40.5227,0,-55.4966,4.70169,3.5949,138.706,-138.106,35.8066,
0.7,0.609971,0.966619,-55.486,202.103,0.633589,-2.19956,0,-147.882,41.7745,0,-55.2874,4.68154,3.58178,142.968,-142.368,36.9101,
0.7,0.609921,0.966537,-57.3048,201.599,0.634883,-2.26986,0,-147.507,41.675,0,-57.1002,4.82979,3.70017,142.6,-142.024,36.8191,
0.7,0.609897,0.966449,-55.8827,200.281,0.609859,-2.21242,0,-146.538,41.4065,0,-55.6833,4.70731,3.60882,141.661,-141.103,36.5792,
0.7,0.609873,0.966367,-56.0001,200.3,0.602139,-2.21611,0,-146.548,41.4152,0,-55.8006,4.71456,3.6169,141.665,-141.125,36.5835,
0.7,0.609847,0.966284,-55.9964,200.704,0.592828,-2.21505,0,-146.838,41.5045,0,-55.7971,4.71144,3.61718,141.942,-141.418,36.6581,
0.7,0.609826,0.966201,-55.815,200.456,0.582229,-2.20688,0,-146.65,41.4586,0,-55.6166,4.69355,3.60595,141.756,-141.253,36.6137,
0.7,0.609806,0.966112,-55.6252,200.232,0.571915,-2.19825,0,-146.482,41.4175,0,-55.4277,4.67484,3.5942,141.591,-141.102,36.5735,
0.7,0.609786,0.965947,-55.6542,194.661,0.563728,-2.19818,0,-142.395,40.2767,0,-55.4568,4.67445,3.5966,137.633,-137.196,35.5579,
0.7,0.609757,0.965842,-56.0119,200.096,0.557062,-2.21143,0,-146.374,41.4074,0,-55.8135,4.70164,3.62025,141.472,-141.03,36.551,
0.7,0.609713,0.965761,-56.9287,201.663,0.548299,-2.24505,0,-147.513,41.736,0,-56.7275,4.7734,3.68046,142.57,-142.144,36.8382,
0.7,0.609691,0.965695,-55.9367,201.732,0.529977,-2.20458,0,-147.552,41.7517,0,-55.7392,4.68776,3.61679,142.606,-142.204,36.8518,
0.7,0.609665,0.965597,-56.3196,198.831,0.524282,-2.21858,0,-145.43,41.1575,0,-56.121,4.71735,3.64201,140.549,-140.167,36.3227,
0.7,0.609643,0.965507,-55.9504,199.965,0.512144,-2.20295,0,-146.255,41.3973,0,-55.7533,4.68379,3.61862,141.344,-140.972,36.5305,
0.7,0.609619,0.965427,-56.1115,200.47,0.504491,-2.20822,0,-146.616,41.5049,0,-55.9141,4.6948,3.62951,141.692,-141.337,36.6235,
0.7,0.609596,0.965264,-56.0836,194.593,0.495167,-2.20573,0,-142.304,40.296,0,-55.8865,4.6898,3.6282,137.522,-137.209,35.5514,
0.7,0.609569,0.965174,-55.9486,201.117,0.484348,-2.1993,0,-147.069,41.6525,0,-55.7522,4.67584,3.61996,142.124,-141.818,36.7442,
0.7,0.609525,0.965095,-57.3197,201.172,0.477947,-2.25081,0,-147.1,41.6672,0,-57.1189,4.78491,3.7097,142.154,-141.866,36.7551,
0.7,0.609502,0.965013,-56.3175,199.756,0.460646,-2.21008,0,-146.057,41.3784,0,-56.1204,4.69874,3.6453,141.145,-140.876,36.4973,
0.7,0.609475,0.964932,-56.3024,200.837,0.450849,-2.20839,0,-146.84,41.6076,0,-56.1056,4.69516,3.64476,141.9,-141.647,36.6956,
0.7,0.609452,0.96485,-56.235,200.271,0.441221,-2.2046,0,-146.419,41.4949,0,-56.0387,4.68718,3.64083,141.489,-141.258,36.5932,
0.7,0.60943,0.96468,-55.8129,196.273,0.428854,-2.18674,0,-143.484,40.6739,0,-55.6182,4.64946,3.61397,138.65,-138.453,35.8641,
0.7,0.609383,0.964597,-57.5848,200.888,0.423456,-2.2533,0,-146.85,41.6349,0,-57.3843,4.79217,3.72961,141.9,-141.718,36.7083,
0.7,0.609401,0.964506,-53.3792,199.98,0.391005,-2.08687,0,-146.184,41.4518,0,-53.1935,4.43987,3.45765,141.252,-141.083,36.543,
0.7,0.60938,0.964339,-56.1075,194.132,0.401961,-2.19234,0,-141.908,40.2486,0,-55.9126,4.66422,3.63486,137.132,-136.948,35.4734,
0.7,0.609358,0.964256,-56.0007,200.876,0.392354,-2.18682,0,-146.822,41.6509,0,-55.8064,4.65281,3.62842,141.857,-141.743,36.7094,
0.7,0.609309,0.964172,-57.8384,200.458,0.386507,-2.25653,0,-146.513,41.5689,0,-57.6381,4.80023,3.74846,141.554,-141.457,36.634,
0.7,0.609288,0.964192,-56.2773,207.41,0.367077,-2.19467,0,-151.552,43.0093,0,-56.0826,4.66787,3.6478,146.433,-146.393,37.9075,
0.7,0.609267,0.964111,-56.4518,199.357,0.359317,-2.20037,0,-145.66,41.3424,0,-56.2569,4.67956,3.65964,140.738,-140.717,36.4364,
0.7,0.609245,0.96402,-56.4423,199.03,0.350135,-2.19898,0,-145.418,41.2795,0,-56.2476,4.67606,3.65952,140.5,-140.493,36.3773,
0.7,0.609222,0.963937,-56.5005,199.686,0.341146,-2.20017,0,-145.889,41.4194,0,-56.3058,4.67813,3.66381,140.953,-140.967,36.4983,
0.7,0.609196,0.963856,-56.684,199.854,0.331952,-2.20631,0,-146.005,41.4575,0,-56.4889,4.69036,3.67625,141.062,-141.095,36.5298,
0.7,0.609172,0.963767,-56.5806,199.158,0.321742,-2.20112,0,-145.492,41.3163,0,-56.3861,4.67884,3.6701,140.563,-140.612,36.4035,
0.7,0.60915,0.963602,-56.5721,193.243,0.312198,-2.19969,0,-141.155,40.0947,0,-56.3779,4.67514,3.67011,136.368,-136.456,35.3243,
0.7,0.609125,0.963508,-56.8893,198.105,0.30404,-2.21094,0,-144.704,41.1072,0,-56.6943,4.69832,3.69125,139.792,-139.895,36.2136,
0.7,0.609105,0.963425,-56.0405,200.733,0.290484,-2.17661,0,-146.615,41.6548,0,-55.8487,4.62515,3.63675,141.638,-141.759,36.6947,
0.7,0.609065,0.96334,-57.5871,200.059,0.280371,-2.23413,0,-146.117,41.5186,0,-57.3904,4.74663,3.73825,141.155,-141.291,36.5724,
0.7,0.609045,0.963255,-56.3372,199.699,0.265572,-2.18446,0,-145.847,41.4473,0,-56.145,4.64052,3.65769,140.891,-141.046,36.5075,
0.7,0.609022,0.96317,-56.5914,199.493,0.257355,-2.19315,0,-145.691,41.408,0,-56.3987,4.6584,3.67476,140.738,-140.909,36.4706,
0.7,0.609005,0.962991,-56.0575,194.894,0.246576,-2.17125,0,-142.324,40.4606,0,-55.8668,4.61114,3.6407,137.479,-137.673,35.6311,
0.7,0.608963,0.962904,-57.7302,199.749,0.235852,-2.23378,0,-145.865,41.4734,0,-57.5344,4.74262,3.75048,140.895,-141.113,36.5197,
0.7,0.608943,0.962818,-56.5886,198.835,0.222267,-2.18849,0,-145.194,41.2877,0,-56.3968,4.64598,3.67684,140.242,-140.475,36.3534,
0.7,0.608924,0.962724,-56.4836,198.344,0.21321,-2.18322,0,-144.833,41.1887,0,-56.2925,4.63416,3.67061,139.89,-140.135,36.2643,
0.7,0.608904,0.962637,-56.572,199.154,0.204701,-2.18552,0,-145.42,41.3607,0,-56.3808,4.63855,3.67688,140.453,-140.715,36.4132,
0.7,0.608882,0.962457,-56.3411,195.123,0.194929,-2.1755,0,-142.468,40.53,0,-56.151,4.61686,3.6624,137.592,-137.884,35.6778,
0.7,0.608834,0.962373,-58.2498,199.854,0.181707,-2.24678,0,-145.914,41.5142,0,-58.0536,4.76768,3.7875,140.919,-141.236,36.5437,
0.7,0.60881,0.962289,-57.1441,198.511,0.168616,-2.20309,0,-144.927,41.2374,0,-56.9519,4.67456,3.7161,139.963,-140.296,36.299,
0.7,0.608782,0.962205,-57.3303,198.73,0.158943,-2.20932,0,-145.08,41.2852,0,-57.1377,4.68716,3.72869,140.109,-140.459,36.3399,
0.7,0.608759,0.962121,-57.1075,198.206,0.148751,-2.19988,0,-144.69,41.1782,0,-56.9159,4.66581,3.71478,139.729,-140.1,36.2452,
0.7,0.608736,0.962028,-56.8899,198.682,0.138903,-2.19054,0,-145.033,41.2785,0,-56.6992,4.64558,3.70108,140.056,-140.443,36.3328,
0.7,0.608712,0.961861,-56.9999,192.895,0.129907,-2.19375,0,-140.792,40.0781,0,-56.809,4.65198,3.70871,135.959,-136.371,35.2764,
0.7,0.608663,0.961777,-58.2733,199.88,0.112632,-2.24106,0,-145.881,41.5304,0,-58.0787,4.75029,3.79261,140.871,-141.32,36.5549,
0.7,0.608639,0.961689,-56.9518,199.17,0.100388,-2.18927,0,-145.351,41.3818,0,-56.7618,4.6399,3.7071,140.362,-140.827,36.4259,
0.7,0.608615,0.961604,-57.122,198.719,0.0909581,-2.19507,0,-145.015,41.2902,0,-56.9316,4.6511,3.71867,140.034,-140.518,36.3444,
0.7,0.608592,0.961519,-57.2205,198.159,0.0814675,-2.19803,0,-144.601,41.1752,0,-57.0301,4.65651,3.72557,139.63,-140.131,36.2428,
0.7,0.608566,0.961348,-57.2483,192.897,0.0713844,-2.19826,0,-140.748,40.0846,0,-57.058,4.65612,3.72787,135.901,-136.43,35.2824,
0.7,0.608545,0.961254,-56.7709,198.851,0.0612106,-2.17899,0,-145.091,41.3247,0,-56.5824,4.61434,3.69734,140.089,-140.65,36.3723,
0.7,0.608499,0.961168,-58.472,199.142,0.0430031,-2.24268,0,-145.298,41.3873,0,-58.2783,4.74704,3.80915,140.284,-140.865,36.4264,
0.7,0.608473,0.961081,-57.493,198.071,0.0316586,-2.20447,0,-144.511,41.1666,0,-57.3028,4.6646,3.74593,139.519,-140.116,36.2314,
0.7,0.60845,0.960996,-57.2007,198.525,0.0218507,-2.19242,0,-144.834,41.2623,0,-57.0117,4.63799,3.72742,139.827,-140.449,36.3156,
0.7,0.608428,0.960901,-57.2995,197.294,0.0122118,-2.1953,0,-143.934,41.0092,0,-57.1104,4.64299,3.73442,138.952,-139.587,36.0913,
0.7,0.608405,0.960728,-57.3036,191.693,0.00236475,-2.19469,0,-139.837,39.8488,0,-57.1147,4.64025,3.73525,134.987,-135.644,35.0686,
0.7,0.60838,0.960643,-57.172,199.319,-0.00811681,-2.18891,0,-145.391,41.4357,0,-56.9838,4.62642,3.72726,140.345,-141.053,36.465,
0.7,0.60834,0.960549,-58.2321,198.312,-0.0284879,-2.22781,0,-144.652,41.2298,0,-58.041,4.70521,3.79767,139.628,-140.348,36.2815,
0.7,0.608319,0.960463,-57.305,197.668,-0.0377352,-2.19143,0,-144.175,41.0985,0,-57.1172,4.62706,3.73781,139.164,-139.901,36.1645,
0.7,0.6083,0.960378,-57.173,197.918,-0.0473049,-2.18548,0,-144.349,41.1533,0,-56.9859,4.61299,3.72983,139.329,-140.09,36.2115,
0.7,0.608276,0.960271,-57.6074,196.143,-0.0578705,-2.20111,0,-143.077,40.7988,0,-57.4192,4.64485,3.75877,138.072,-138.841,35.8875,
0.7,0.608255,0.960092,-57.2827,191.513,-0.0670402,-2.18749,0,-139.684,39.842,0,-57.0957,4.61536,3.73819,134.795,-135.582,35.0421,
0.7,0.608234,0.960005,-57.408,197.418,-0.076695,-2.19155,0,-143.983,41.0738,0,-57.2209,4.62218,3.74697,138.938,-139.775,36.1237,
0.7,0.608193,0.959909,-58.4246,198.026,-0.0978313,-2.2284,0,-144.422,41.2043,0,-58.2348,4.69686,3.81466,139.357,-140.214,36.2358,
0.7,0.608173,0.959824,-57.2384,198.172,-0.105154,-2.18239,0,-144.519,41.2379,0,-57.0527,4.5982,3.73782,139.45,-140.327,36.2636,
0.7,0.608152,0.959737,-57.5246,197.266,-0.115109,-2.19259,0,-143.85,41.0538,0,-57.3383,4.6179,3.75712,138.802,-139.695,36.0987,
0.7,0.608127,0.959651,-57.8608,197.193,-0.126079,-2.2047,0,-143.79,41.0428,0,-57.6736,4.64165,3.77968,138.741,-139.654,36.0864,
0.7,0.608107,0.959564,-57.5225,196.981,-0.135216,-2.19103,0,-143.627,41.0023,0,-57.3367,4.6111,3.75822,138.579,-139.516,36.0487,
0.7,0.608086,0.959471,-57.6094,196.638,-0.145237,-2.19344,0,-143.37,40.9345,0,-57.4236,4.61485,3.76448,138.329,-139.281,35.9868,
0.7,0.608064,0.959384,-57.6266,197.354,-0.155122,-2.19326,0,-143.884,41.0881,0,-57.4409,4.61305,3.7662,138.823,-139.799,36.1189,
0.7,0.608043,0.959297,-57.668,197.111,-0.165112,-2.19402,0,-143.698,41.0422,0,-57.4826,4.61292,3.76955,138.64,-139.637,36.0754,
0.7,0.608015,0.959112,-57.7064,192.644,-0.175967,-2.19466,0,-140.427,40.1225,0,-57.5211,4.61282,3.77264,135.473,-136.498,35.2603,
0.7,0.607965,0.959026,-59.1689,198.229,-0.201462,-2.24867,0,-144.488,41.2895,0,-58.9794,4.72338,3.86944,139.39,-140.466,36.2836,
0.7,0.607941,0.958939,-57.7802,197.618,-0.206663,-2.19523,0,-144.033,41.1667,0,-57.5954,4.60937,3.7792,138.948,-140.045,36.1729,
0.7,0.607915,0.958759,-57.8962,191.448,-0.217569,-2.19888,0,-139.519,39.8887,0,-57.7113,4.61518,3.78743,134.591,-135.691,35.0453,
0.7,0.607892,0.958673,-57.516,198.453,-0.226189,-2.18373,0,-144.614,41.3511,0,-57.3326,4.58165,3.76316,139.505,-140.667,36.3287,
0.7,0.607847,0.958586,-59.3266,197.452,-0.253927,-2.25088,0,-143.874,41.1465,0,-59.1379,4.71899,3.88289,138.788,-139.969,36.1466,
0.7,0.607823,0.958499,-57.8445,197.426,-0.25816,-2.19499,0,-143.847,41.1428,0,-57.6608,4.59729,3.7866,138.759,-139.962,36.1429,
0.7,0.607803,0.958403,-57.8937,195.803,-0.268223,-2.19609,0,-142.656,40.8092,0,-57.7102,4.59759,3.79049,137.609,-138.82,35.8466,
0.7,0.607783,0.958314,-57.7982,196.531,-0.277452,-2.19164,0,-143.179,40.9643,0,-57.6153,4.5864,3.78491,138.111,-139.346,35.9808,
0.7,0.607763,0.958136,-57.8215,189.976,-0.28734,-2.19187,0,-138.388,39.6048,0,-57.6388,4.58458,3.7871,133.483,-134.719,34.7829,
0.7,0.607741,0.958038,-58.068,195.319,-0.29904,-2.20072,0,-142.275,40.7237,0,-57.8848,4.60017,3.80399,137.229,-138.517,35.762,
0.7,0.607721,0.957951,-57.9694,195.976,-0.308215,-2.19627,0,-142.744,40.8639,0,-57.7868,4.58863,3.79822,137.68,-138.992,35.8831,
0.7,0.607702,0.957861,-57.993,195.736,-0.317963,-2.19642,0,-142.562,40.819,0,-57.8107,4.58679,3.80045,137.5,-138.834,35.8404,
0.7,0.607681,0.95777,-57.6834,197.331,-0.325934,-2.18404,0,-143.728,41.158,0,-57.5023,4.55868,3.78083,138.638,-139.948,36.1308,
0.7,0.607636,0.957672,-59.4317,196.508,-0.356978,-2.24905,0,-143.125,40.9904,0,-59.2457,4.68915,3.89685,138.052,-139.371,35.9807,
0.7,0.607614,0.957582,-58.1646,196.079,-0.359575,-2.2004,0,-142.803,40.9066,0,-57.9829,4.58548,3.81445,137.74,-139.077,35.9032,
0.7,0.607588,0.957492,-58.5713,195.522,-0.37295,-2.21524,0,-142.391,40.7949,0,-58.3886,4.61377,3.84183,137.339,-138.692,35.8022,
0.7,0.607568,0.957401,-58.1352,195.457,-0.380293,-2.19822,0,-142.335,40.7857,0,-57.9541,4.57547,3.81395,137.28,-138.657,35.7913,
0.7,0.607547,0.957301,-58.2598,194.921,-0.391152,-2.20214,0,-141.941,40.6796,0,-58.0786,4.58168,3.82279,136.896,-138.285,35.694,
0.7,0.607524,0.957212,-58.4141,195.518,-0.402273,-2.20718,0,-142.366,40.8081,0,-58.2328,4.59031,3.83357,137.306,-138.719,35.8043,
0.7,0.6075,0.957122,-58.5301,195.419,-0.413232,-2.21089,0,-142.287,40.7924,0,-58.3486,4.59605,3.8418,137.226,-138.659,35.7872,
0.7,0.607474,0.957033,-58.7546,195.443,-0.425576,-2.21874,0,-142.295,40.8023,0,-58.5727,4.61021,3.85718,137.229,-138.688,35.7927,
0.7,0.607451,0.956945,-58.4825,195.593,-0.433241,-2.20732,0,-142.398,40.8286,0,-58.3018,4.58559,3.83993,137.324,-138.805,35.8211,
0.7,0.607428,0.956849,-58.551,194.83,-0.443212,-2.20909,0,-141.835,40.6746,0,-58.3702,4.58792,3.84498,136.78,-138.273,35.6824,
0.7,0.607405,0.95676,-58.504,195.341,-0.452187,-2.20651,0,-142.197,40.7856,0,-58.3237,4.58114,3.84247,137.127,-138.646,35.7769,
0.7,0.607381,0.956671,-58.7285,195.266,-0.463899,-2.21429,0,-142.133,40.7745,0,-58.5478,4.59531,3.85785,137.062,-138.606,35.7646,
0.7,0.607361,0.956582,-58.3246,195.36,-0.470544,-2.19843,0,-142.193,40.7984,0,-58.1454,4.56005,3.832,137.117,-138.683,35.7827,
0.7,0.607335,0.956492,-58.8298,195.346,-0.484185,-2.21707,0,-142.173,40.8,0,-58.6492,4.59688,3.86568,137.096,-138.683,35.7811,
0.7,0.607315,0.956394,-58.254,195.004,-0.488918,-2.1947,0,-141.917,40.732,0,-58.0755,4.54784,3.82859,136.847,-138.449,35.7193,
0.7,0.60729,0.956302,-58.6201,195.76,-0.50312,-2.20825,0,-142.459,40.8936,0,-58.4408,4.57285,3.85332,137.366,-138.997,35.8589,
0.7,0.607266,0.95612,-58.3011,191.275,-0.510549,-2.19565,0,-139.182,39.9639,0,-58.123,4.54448,3.83299,134.201,-135.831,35.0393,
0.7,0.607214,0.95602,-60.0326,196.119,-0.547903,-2.25989,0,-142.702,40.9794,0,-59.8498,4.67221,3.94817,137.591,-139.279,35.9273,
0.7,0.607192,0.95593,-58.587,195.244,-0.544792,-2.20499,0,-142.056,40.7984,0,-58.4089,4.55564,3.85385,136.965,-138.669,35.7682,
0.7,0.607169,0.955838,-58.7829,194.594,-0.556827,-2.2117,0,-141.576,40.6661,0,-58.6046,4.56696,3.86747,136.499,-138.217,35.6501,
0.7,0.607148,0.955745,-58.6144,195.079,-0.565333,-2.20496,0,-141.922,40.7702,0,-58.4368,4.54985,3.85712,136.83,-138.571,35.7399,
0.7,0.607122,0.955645,-58.9893,194.005,-0.579792,-2.21872,0,-141.135,40.5482,0,-58.8109,4.57475,3.88257,136.069,-137.816,35.5438,
0.7,0.607103,0.955551,-58.6036,194.372,-0.586045,-2.2039,0,-141.396,40.6279,0,-58.4267,4.54032,3.85802,136.315,-138.087,35.6121,
0.7,0.60708,0.955457,-58.8667,194.287,-0.598667,-2.21508,0,-141.328,40.6135,0,-58.6894,4.55725,3.87598,136.247,-138.035,35.5973,
0.7,0.607062,0.955363,-58.4773,194.771,-0.604363,-2.19997,0,-141.674,40.7167,0,-58.3015,4.52286,3.85113,136.578,-138.387,35.6868,
0.7,0.607043,0.955263,-58.5682,193.996,-0.615038,-2.20319,0,-141.105,40.5563,0,-58.3924,4.52583,3.85787,136.027,-137.844,35.5455,
0.7,0.60702,0.955078,-58.8529,187.545,-0.628822,-2.21373,0,-136.397,39.2111,0,-58.6766,4.54385,3.87736,131.484,-133.279,34.3652,
0.7,0.607002,0.954984,-58.6039,194.087,-0.636086,-2.20415,0,-141.149,40.5804,0,-58.4287,4.5202,3.86177,136.062,-137.937,35.565,
0.7,0.606982,0.954883,-58.4045,195.355,-0.643921,-2.19625,0,-142.065,40.8468,0,-58.2302,4.50071,3.84939,136.944,-138.845,35.798,
0.7,0.606914,0.954789,-61.7388,195.19,-0.701249,-2.31976,0,-141.938,40.814,0,-61.5549,4.7531,4.07,136.817,-138.738,35.7686,
0.7,0.606892,0.954694,-58.859,194.523,-0.678967,-2.21114,0,-141.447,40.677,0,-58.6839,4.52742,3.88089,136.342,-138.272,35.6472,
0.7,0.606871,0.95459,-58.9998,193.036,-0.690904,-2.21612,0,-140.363,40.3686,0,-58.8246,4.5339,3.89098,135.293,-137.221,35.3753,
0.7,0.606847,0.954495,-59.2045,193.823,-0.703983,-2.22337,0,-140.93,40.5353,0,-59.0291,4.54543,3.90525,135.837,-137.787,35.5201,
0.7,0.606823,0.954402,-59.2913,193.787,-0.716022,-2.22646,0,-140.896,40.5296,0,-59.1159,4.548,3.91173,135.804,-137.769,35.5143,
0.7,0.606797,0.954306,-59.2367,194.196,-0.726534,-2.22431,0,-141.187,40.6188,0,-59.0618,4.53923,3.90898,136.08,-138.07,35.5902,
0.7,0.606774,0.954201,-59.2293,192.746,-0.736923,-2.22389,0,-140.131,40.3195,0,-59.0548,4.53437,3.90929,135.058,-137.047,35.3253,
0.7,0.606752,0.954104,-59.0852,193.84,-0.745543,-2.21827,0,-140.922,40.5516,0,-58.9115,4.51898,3.90059,135.816,-137.832,35.5264,
0.7,0.606726,0.954009,-59.4722,193.551,-0.761908,-2.23282,0,-140.707,40.4933,0,-59.2976,4.54421,3.92694,135.605,-137.635,35.4744,
0.7,0.606706,0.953912,-59.0278,193.424,-0.766363,-2.21608,0,-140.61,40.4704,0,-58.8549,4.5055,3.89848,135.508,-137.552,35.4519,
0.7,0.606685,0.953814,-59.1534,193.19,-0.778071,-2.22068,0,-140.435,40.4238,0,-58.9804,4.51059,3.9076,135.334,-137.395,35.4097,
0.7,0.606665,0.953708,-58.9837,193.141,-0.785712,-2.21394,0,-140.398,40.4165,0,-58.8116,4.49293,3.89726,135.294,-137.366,35.4014,
0.7,0.606645,0.953613,-59.0977,193.451,-0.797303,-2.21804,0,-140.615,40.4824,0,-58.9256,4.49681,3.90569,135.503,-137.594,35.4589,
0.7,0.606623,0.953422,-59.2139,186.34,-0.809388,-2.22225,0,-135.433,38.999,0,-59.0418,4.50036,3.91434,130.505,-132.554,34.1572,
0.7,0.606604,0.953319,-58.8002,194.281,-0.81352,-2.2063,0,-141.198,40.6628,0,-58.6298,4.46389,3.88793,136.06,-138.209,35.6135,
0.7,0.606564,0.953223,-60.0676,194.763,-0.851583,-2.25347,0,-141.541,40.7658,0,-59.8943,4.5498,3.97364,136.39,-138.56,35.7026,
0.7,0.606537,0.953127,-59.7794,192.924,-0.858797,-2.24257,0,-140.198,40.384,0,-59.6073,4.5231,3.95547,135.094,-137.258,35.366,
0.7,0.606514,0.953031,-59.5261,193.012,-0.865931,-2.2328,0,-140.255,40.4049,0,-59.3551,4.49909,3.93961,135.148,-137.328,35.3829,
0.7,0.60649,0.952927,-59.5996,192.232,-0.877765,-2.23543,0,-139.681,40.2437,0,-59.4287,4.49988,3.94536,134.594,-136.781,35.2406,
0.7,0.606467,0.95283,-59.5088,192.886,-0.887286,-2.23185,0,-140.15,40.3836,0,-59.3386,4.48832,3.94022,135.045,-137.253,35.3613,
0.7,0.606447,0.952734,-59.374,192.688,-0.895757,-2.22655,0,-139.999,40.3446,0,-59.2045,4.473,3.93224,134.9,-137.118,35.3254,
0.7,0.606421,0.952627,-59.8272,191.852,-0.914144,-2.24338,0,-139.389,40.1736,0,-59.6568,4.50228,3.96316,134.309,-136.528,35.1726,
0.7,0.606399,0.952531,-59.554,192.613,-0.920715,-2.23276,0,-139.935,40.3356,0,-59.3847,4.47681,3.94597,134.833,-137.079,35.3131,
0.7,0.606378,0.952433,-59.3557,193.127,-0.928562,-2.22514,0,-140.303,40.4462,0,-59.1873,4.45693,3.93374,135.185,-137.452,35.408,
0.7,0.606352,0.952336,-59.9361,192.524,-0.949149,-2.24664,0,-139.86,40.3237,0,-59.7664,4.49588,3.97307,134.755,-137.03,35.2981,
0.7,0.60633,0.952133,-59.2703,187.207,-0.949008,-2.22134,0,-135.988,39.2157,0,-59.1028,4.44139,3.92977,131.018,-133.26,34.3247,
0.7,0.606308,0.952035,-59.2536,193.92,-0.959164,-2.22035,0,-140.859,40.6246,0,-59.0865,4.43551,3.92952,135.709,-138.046,35.5562,
0.7,0.606262,0.951937,-60.7776,193.929,-1.00647,-2.27723,0,-140.859,40.6303,0,-60.607,4.53957,4.03244,135.708,-138.059,35.5586,
0.7,0.60624,0.951839,-59.6254,192.642,-0.998318,-2.23395,0,-139.919,40.3635,0,-59.4584,4.44868,3.9569,134.8,-137.15,35.3232,
0.7,0.606218,0.951742,-59.4405,193.411,-1.00608,-2.22689,0,-140.468,40.5275,0,-59.2744,4.42988,3.94555,135.33,-137.707,35.4652,
0.7,0.606196,0.951537,-59.6173,185.25,-1.02056,-2.2336,0,-134.532,38.8247,0,-59.451,4.43812,3.95819,129.608,-131.907,33.9698,
0.7,0.606175,0.95144,-59.2747,193.976,-1.02585,-2.2208,0,-140.86,40.6557,0,-59.1098,4.40708,3.93647,135.705,-138.128,35.5706,
0.7,0.606127,0.951343,-61.1717,193.479,-1.08308,-2.29183,0,-140.491,40.5546,0,-61.0023,4.53698,4.06451,135.348,-137.783,35.4803,
0.7,0.606104,0.951245,-59.6768,192.888,-1.06833,-2.23583,0,-140.055,40.4331,0,-59.5121,4.42071,3.96619,134.927,-137.369,35.3726,
0.7,0.606083,0.951136,-59.61,191.874,-1.07849,-2.2333,0,-139.316,40.2245,0,-59.4459,4.40991,3.96283,134.213,-136.651,35.187,
0.7,0.606055,0.950935,-60.0366,186.016,-1.09869,-2.24923,0,-135.053,39.0019,0,-59.8717,4.43606,3.99219,130.104,-132.492,34.114,
0.7,0.606033,0.950825,-59.6552,192.312,-1.10315,-2.23476,0,-139.622,40.3261,0,-59.4917,4.40236,3.96784,134.501,-136.982,35.2691,
0.7,0.605991,0.950726,-60.9195,193.023,-1.14999,-2.28217,0,-140.134,40.4795,0,-60.7534,4.48403,4.05409,134.992,-137.495,35.4002,
0.7,0.605963,0.950626,-60.3378,191.928,-1.15158,-2.26058,0,-139.334,40.2537,0,-60.1737,4.43572,4.0164,134.22,-136.721,35.2,
0.7,0.605939,0.950528,-60.0181,192.109,-1.15709,-2.24858,0,-139.458,40.2945,0,-59.8552,4.40686,3.9961,134.339,-136.856,35.2337,
0.7,0.605915,0.950419,-60.097,191.124,-1.17036,-2.25162,0,-138.741,40.0922,0,-59.9343,4.40754,4.0023,133.646,-136.158,35.0534,
0.7,0.605893,0.950318,-59.8709,192.098,-1.17713,-2.24319,0,-139.443,40.3004,0,-59.7092,4.38534,3.98828,134.318,-136.86,35.2328,
0.7,0.605865,0.95012,-60.0315,187.529,-1.19266,-2.24931,0,-136.114,39.3483,0,-59.8698,4.39181,3.99996,131.112,-133.618,34.3961,
0.7,0.605816,0.95002,-61.325,193.077,-1.24228,-2.2978,0,-140.135,40.5158,0,-61.1606,4.47541,4.08819,134.985,-137.576,35.4142,
0.7,0.605791,0.94991,-60.1595,191.3,-1.23008,-2.25423,0,-138.842,40.1463,0,-59.9986,4.38498,4.01148,133.737,-136.315,35.0888,
0.7,0.605765,0.949813,-60.3045,192.191,-1.24491,-2.25989,0,-139.479,40.3354,0,-60.1437,4.38977,4.02222,134.353,-136.956,35.2527,
0.7,0.605741,0.949614,-59.9005,187.124,-1.24761,-2.24473,0,-135.789,39.2772,0,-59.7411,4.35498,3.99626,130.8,-133.355,34.3243,
0.7,0.605694,0.949512,-61.4118,192.62,-1.3021,-2.30173,0,-139.771,40.4343,0,-61.2492,4.45387,4.09912,134.634,-137.279,35.333,
0.7,0.605673,0.949401,-60.1133,190.328,-1.28551,-2.25331,0,-138.106,39.9591,0,-59.9546,4.35374,4.01355,133.029,-135.65,34.9131,
0.7,0.605646,0.9493,-60.3711,192.038,-1.30316,-2.26313,0,-139.34,40.3219,0,-60.2121,4.36674,4.03181,134.219,-136.874,35.2273,
0.7,0.605623,0.949094,-60.2833,183.416,-1.31267,-2.26007,0,-133.075,38.5199,0,-60.1249,4.35486,4.02697,128.182,-130.739,33.6467,
0.7,0.605602,0.948982,-59.8589,192.08,-1.31437,-2.24441,0,-139.358,40.3441,0,-59.7021,4.31831,3.99971,134.234,-136.917,35.2362,
0.7,0.605553,0.948879,-61.8853,191.677,-1.38228,-2.32073,0,-139.061,40.2637,0,-61.724,4.4532,4.1372,133.948,-136.633,35.1626,
0.7,0.605512,0.948775,-61.5455,191.196,-1.38978,-2.30849,0,-138.709,40.1672,0,-61.3854,4.4233,4.11548,133.607,-136.295,35.0748,
0.7,0.605487,0.948671,-60.6575,190.625,-1.38159,-2.27553,0,-138.29,40.0518,0,-60.5001,4.35365,4.05718,133.202,-135.893,34.9706,
0.7,0.605459,0.948455,-60.288,186.615,-1.38512,-2.262,0,-135.375,39.2188,0,-60.132,4.3218,4.03345,130.393,-133.041,34.2356,
0.7,0.605399,0.94835,-62.5862,191.561,-1.46377,-2.34885,0,-138.959,40.2629,0,-62.4251,4.4754,4.18927,133.845,-136.572,35.1433,
0.7,0.605374,0.948236,-60.6744,189.981,-1.43138,-2.27757,0,-137.812,39.9352,0,-60.5186,4.33284,4.06238,132.739,-135.448,34.8537,
0.7,0.605347,0.948133,-60.8067,190.75,-1.44674,-2.2829,0,-138.363,40.1009,0,-60.6509,4.33681,4.07225,133.269,-136.001,34.9952,
0.7,0.605316,0.947929,-60.641,186.58,-1.45578,-2.27704,0,-135.326,39.2292,0,-60.4861,4.31967,4.06214,130.348,-133.036,34.231,
0.7,0.605268,0.947825,-61.9447,191.487,-1.51129,-2.32677,0,-138.881,40.2638,0,-61.7872,4.40132,4.15153,133.773,-136.538,35.1316,
0.7,0.605244,0.947691,-60.8446,187.759,-1.49618,-2.28587,0,-136.182,39.4842,0,-60.6903,4.3176,4.07883,131.168,-133.88,34.4476,
0.7,0.605219,0.947589,-60.7745,190.397,-1.50611,-2.2836,0,-138.089,40.0413,0,-60.6208,4.30693,4.07519,133.007,-135.765,34.932,
0.7,0.60519,0.947485,-61.1605,190.289,-1.5287,-2.29847,0,-138.006,40.0211,0,-61.0063,4.32853,4.10213,132.927,-135.691,34.9124,
0.7,0.605163,0.947265,-60.6188,184.881,-1.52706,-2.27839,0,-134.08,38.8892,0,-60.4663,4.28461,4.06683,129.144,-131.84,33.9208,
0.7,0.605111,0.94716,-62.2762,191.198,-1.59331,-2.34123,0,-138.657,40.2211,0,-62.1204,4.39005,4.18019,133.551,-136.351,35.0803,
0.7,0.605079,0.947057,-61.6399,189.609,-1.5905,-2.31773,0,-137.498,39.8899,0,-61.4861,4.33987,4.13846,132.437,-135.221,34.789,
0.7,0.605051,0.946953,-61.1248,190.237,-1.58938,-2.29866,0,-137.95,40.0247,0,-60.9726,4.2983,4.10486,132.872,-135.673,34.9047,
0.7,0.605025,0.946735,-60.611,185.679,-1.58787,-2.2798,0,-134.639,39.0717,0,-60.4605,4.25653,4.07139,129.68,-132.429,34.069,
0.7,0.605028,0.946633,-59.0902,191.163,-1.56016,-2.22242,0,-138.609,40.2283,0,-58.9441,4.13982,3.97106,133.506,-136.345,35.0756,
0.7,0.604995,0.946529,-61.3983,190.377,-1.63421,-2.30978,0,-138.034,40.0654,0,-61.2469,4.29656,4.12709,132.953,-135.788,34.9317,
0.7,0.604967,0.946312,-60.9133,184.66,-1.63308,-2.2919,0,-133.882,38.8684,0,-60.7634,4.25771,4.09539,128.953,-131.718,33.8835,
0.7,0.604909,0.946209,-62.9623,190.693,-1.71253,-2.36951,0,-138.25,40.1401,0,-62.8081,4.39078,4.23504,133.162,-136.025,34.9909,
0.7,0.604873,0.946106,-62.0224,189.408,-1.70045,-2.33455,0,-137.313,39.8721,0,-61.8708,4.32039,4.1727,132.26,-135.113,34.7556,
0.7,0.604841,0.946002,-61.6103,189.836,-1.70155,-2.31935,0,-137.618,39.9651,0,-61.4601,4.28677,4.14589,132.553,-135.424,34.8346,
0.7,0.60481,0.945788,-61.1804,184.756,-1.70205,-2.30356,0,-133.925,38.9027,0,-61.0317,4.25154,4.11794,128.999,-131.807,33.9031,
0.7,0.604739,0.945684,-63.8713,190.378,-1.80486,-2.40589,0,-137.994,40.0901,0,-63.7167,4.42791,4.30102,132.92,-135.821,34.935,
0.7,0.604707,0.945708,-61.9489,198.548,-1.76339,-2.334,0,-143.869,41.8071,0,-61.7994,4.28937,4.17254,138.594,-141.679,36.4372,
0.7,0.604678,0.945603,-61.8963,188.37,-1.77446,-2.33247,0,-136.49,39.6679,0,-61.7472,4.28001,4.17005,131.485,-134.421,34.5698,
0.7,0.604643,0.94549,-62.1233,188.724,-1.7949,-2.34163,0,-136.743,39.7466,0,-61.974,4.29057,4.18629,131.729,-134.675,34.6348,
0.7,0.604612,0.945385,-61.8622,188.969,-1.79985,-2.33225,0,-136.917,39.802,0,-61.7139,4.26743,4.16964,131.897,-134.855,34.6803,
0.7,0.604583,0.945176,-61.3925,184.243,-1.79828,-2.31494,0,-133.483,38.8134,0,-61.2457,4.22986,4.13894,128.587,-131.492,33.8139,
0.7,0.604528,0.945065,-63.2881,189.267,-1.87867,-2.38709,0,-137.119,39.875,0,-63.1376,4.34919,4.26881,132.089,-135.081,34.7362,
0.7,0.604494,0.94496,-62.2376,188.704,-1.86062,-2.3478,0,-136.707,39.7606,0,-62.0899,4.27167,4.19894,131.692,-134.684,34.6333,
0.7,0.604464,0.944854,-62.0736,188.323,-1.86797,-2.34191,0,-136.428,39.6847,0,-61.9266,4.2552,4.18883,131.423,-134.416,34.5638,
0.7,0.604432,0.944747,-62.25,188.21,-1.88589,-2.34891,0,-136.342,39.6651,0,-62.103,4.26229,4.20166,131.339,-134.34,34.5435,
0.7,0.604401,0.944643,-62.0501,188.853,-1.89261,-2.34168,0,-136.801,39.8044,0,-61.9039,4.24278,4.18924,131.784,-134.802,34.6619,
0.7,0.604362,0.944424,-62.7023,180.478,-1.92661,-2.36677,0,-130.724,38.0446,0,-62.555,4.28252,4.23417,125.934,-128.829,33.1252,
0.7,0.604328,0.944322,-62.6018,187.882,-1.93667,-2.36339,0,-136.077,39.6075,0,-62.455,4.27077,4.22829,131.094,-134.12,34.4846,
0.7,0.604233,0.944208,-65.5515,189.364,-2.05857,-2.47673,0,-137.148,39.9227,0,-65.3981,4.46755,4.42834,132.125,-135.181,34.757,
0.7,0.604225,0.944104,-60.4913,189.28,-1.91084,-2.28502,0,-137.081,39.9072,0,-60.3505,4.11215,4.08844,132.061,-135.126,34.742,
0.7,0.604193,0.944001,-62.1357,189.253,-1.97577,-2.34761,0,-137.056,39.904,0,-61.9914,4.21901,4.20049,132.037,-135.112,34.7377,
0.7,0.604161,0.943785,-62.4634,179.671,-1.99919,-2.3604,0,-130.105,37.8884,0,-62.3186,4.23632,4.22355,125.341,-128.281,32.9798,
0.7,0.604132,0.943683,-62.3896,187.749,-2.00981,-2.35807,0,-135.948,39.5948,0,-62.2454,4.22596,4.21955,130.971,-134.054,34.463,
0.7,0.604095,0.94358,-63.0726,187.457,-2.04591,-2.38443,0,-135.73,39.5363,0,-62.9272,4.2671,4.26669,130.761,-133.851,34.41,
0.7,0.604063,0.943477,-62.0495,189.673,-2.02571,-2.3463,0,-137.329,40.0077,0,-61.9067,4.19282,4.19841,132.301,-135.44,34.8173,
0.7,0.604002,0.943376,-64.1371,189.099,-2.12068,-2.4263,0,-136.906,39.8912,0,-63.9903,4.32269,4.34172,131.892,-135.039,34.7129,
0.7,0.603965,0.943263,-63.1208,186.826,-2.10139,-2.38847,0,-135.257,39.4171,0,-62.9767,4.24898,4.27389,130.302,-133.42,34.296,
0.7,0.603932,0.943159,-62.836,187.365,-2.10513,-2.37822,0,-135.642,39.5358,0,-62.6929,4.22464,4.25556,130.671,-133.811,34.3955,
0.7,0.6039,0.943034,-62.6589,186.305,-2.11241,-2.37207,0,-134.9,39.329,0,-62.5165,4.20767,4.2445,129.928,-133.058,34.2014,
0.7,0.603871,0.942957,-62.6484,189.397,-2.12496,-2.3721,0,-137.097,39.9734,0,-62.5064,4.20146,4.2448,132.072,-135.279,34.7702,
0.7,0.603839,0.942743,-62.7178,179.786,-2.14084,-2.37531,0,-130.129,37.9529,0,-62.576,4.20112,4.25043,125.358,-128.424,33.0067,
0.7,0.603802,0.94264,-63.3133,187.028,-2.17542,-2.39843,0,-135.364,39.4858,0,-63.1705,4.23602,4.2917,130.402,-133.603,34.3369,
0.7,0.603773,0.942512,-62.8426,184.867,-2.17195,-2.38109,0,-133.825,39.0478,0,-62.7012,4.19927,4.26076,128.89,-132.065,33.9407,
0.7,0.603741,0.942401,-62.3492,188.477,-2.1675,-2.3628,0,-136.431,39.8149,0,-62.2092,4.16162,4.22817,131.402,-134.648,34.6038,
0.7,0.603672,0.942298,-65.2879,187.877,-2.29702,-2.47518,0,-135.99,39.6934,0,-65.1419,4.34812,4.42923,130.977,-134.226,34.4943,
0.7,0.60364,0.942194,-63.0409,187.03,-2.23052,-2.39034,0,-135.369,39.5193,0,-62.9003,4.19367,4.27768,130.38,-133.628,34.3394,
0.7,0.60361,0.942091,-62.8775,187.162,-2.23712,-2.38447,0,-135.456,39.5529,0,-62.7376,4.17751,4.26757,130.465,-133.728,34.3643,
0.7,0.603573,0.941981,-63.6559,185.948,-2.27887,-2.41444,0,-134.569,39.3006,0,-63.5147,4.2243,4.32131,129.611,-132.868,34.1421,
0.7,0.60354,0.941878,-63.3326,186.52,-2.28033,-2.40256,0,-134.975,39.4268,0,-63.1924,4.19771,4.30031,130.003,-133.284,34.2478,
0.7,0.603507,0.941774,-63.1466,187.045,-2.28671,-2.39576,0,-135.348,39.543,0,-63.0071,4.18017,4.28863,130.363,-133.665,34.3448,
0.7,0.603477,0.941669,-62.9977,186.883,-2.29416,-2.39049,0,-135.223,39.5141,0,-62.8589,4.1647,4.27956,130.241,-133.557,34.3157,
0.7,0.603446,0.941565,-63.2387,186.319,-2.31599,-2.40006,0,-134.807,39.3985,0,-63.0997,4.17528,4.29692,129.841,-133.16,34.2127,
0.7,0.603412,0.941346,-63.266,178.67,-2.33056,-2.40152,0,-129.264,37.7918,0,-63.1274,4.17162,4.29978,124.5,-127.704,32.8093,
0.7,0.603383,0.941241,-62.5951,188.068,-2.3182,-2.37642,0,-136.055,39.7856,0,-62.4583,4.12187,4.25519,131.041,-134.43,34.5359,
0.7,0.603331,0.941139,-64.105,188.096,-2.39885,-2.43469,0,-136.064,39.7967,0,-63.9657,4.20935,4.36004,131.052,-134.457,34.5417,
0.7,0.6033,0.941025,-63.327,185.496,-2.38269,-2.40561,0,-134.178,39.2521,0,-63.1897,4.15264,4.30816,129.235,-132.603,34.0646,
0.7,0.603274,0.940921,-62.969,186.305,-2.38104,-2.39229,0,-134.755,39.4283,0,-62.8329,4.1235,4.28485,129.793,-133.189,34.2139,
0.7,0.603247,0.940816,-62.9422,186.578,-2.39202,-2.39165,0,-134.943,39.4906,0,-62.8065,4.11617,4.28405,129.973,-133.392,34.2648,
0.7,0.603222,0.940714,-62.358,188.679,-2.38142,-2.36988,0,-136.451,39.9407,0,-62.224,4.07199,4.2454,131.43,-134.902,34.6514,
0.7,0.603161,0.940498,-65.4815,178.377,-2.52721,-2.48969,0,-128.986,37.768,0,-65.3416,4.26394,4.46026,124.242,-127.548,32.7606,
0.7,0.603132,0.940395,-63.0328,187.051,-2.44544,-2.39705,0,-135.247,39.6097,0,-62.8985,4.09885,4.2945,130.275,-133.757,34.3542,
0.7,0.603106,0.940294,-63.2432,185.785,-2.46595,-2.40556,0,-134.32,39.3454,0,-63.1088,4.1067,4.30992,129.383,-132.861,34.1226,
0.7,0.603074,0.94018,-63.617,185.282,-2.49393,-2.42027,0,-133.952,39.2445,0,-63.4822,4.12559,4.33638,129.027,-132.508,34.0309,
0.7,0.603045,0.940075,-63.4979,185.413,-2.50184,-2.41611,0,-134.04,39.2776,0,-63.3637,4.11255,4.32924,129.111,-132.609,34.0557,
0.7,0.603016,0.939969,-63.4845,185.218,-2.51405,-2.41602,0,-133.891,39.2426,0,-63.3506,4.10635,4.3293,128.967,-132.477,34.0205,
0.7,0.602992,0.939864,-63.2261,185.27,-2.51583,-2.40669,0,-133.92,39.2581,0,-63.0931,4.0837,4.31278,128.994,-132.524,34.031,
0.7,0.602966,0.939757,-63.3481,185.06,-2.53273,-2.4118,0,-133.762,39.2182,0,-63.2152,4.08595,4.32214,128.84,-132.381,33.9932,
0.7,0.602936,0.939641,-63.6269,184.555,-2.55676,-2.42293,0,-133.393,39.116,0,-63.4938,4.09822,4.34221,128.483,-132.025,33.9009,
0.7,0.602911,0.939534,-63.2034,185.522,-2.55161,-2.40684,0,-134.086,39.3263,0,-63.0716,4.06504,4.3144,129.149,-132.724,34.0793,
0.7,0.602885,0.939429,-63.4423,185.123,-2.57386,-2.41648,0,-133.788,39.245,0,-63.3104,4.07474,4.33175,128.861,-132.448,34.0068,
0.7,0.60286,0.939314,-63.2319,184.628,-2.57719,-2.40901,0,-133.426,39.1449,0,-63.1008,4.055,4.31853,128.511,-132.099,33.9164,
0.7,0.602828,0.939209,-63.9984,184.923,-2.62182,-2.43881,0,-133.632,39.2116,0,-63.8661,4.09829,4.37196,128.709,-132.318,33.9714,
0.7,0.602799,0.939104,-63.6372,185.341,-2.61996,-2.42546,0,-133.928,39.295,0,-63.506,4.06942,4.34834,128.991,-132.624,34.0488,
0.7,0.60277,0.938894,-63.1471,181.238,-2.61247,-2.40737,0,-130.941,38.4323,0,-63.0173,4.0324,4.31589,126.114,-129.709,33.297,
0.7,0.60271,0.938778,-65.2266,185.877,-2.72561,-2.48783,0,-134.288,39.4209,0,-65.0933,4.15317,4.46024,129.336,-133.034,34.1498,
0.7,0.602682,0.938671,-63.7855,184.564,-2.67803,-2.43318,0,-133.332,39.1469,0,-63.6555,4.05551,4.36278,128.416,-132.102,33.9094,
0.7,0.602655,0.938566,-63.5135,185.562,-2.67897,-2.42324,0,-134.043,39.3628,0,-63.3844,4.03241,4.34525,129.103,-132.824,34.0934,
0.7,0.602631,0.938459,-63.5112,184.52,-2.69078,-2.4236,0,-133.282,39.1457,0,-63.3825,4.02595,4.34625,128.368,-132.086,33.9028,
0.7,0.602601,0.938342,-63.9369,183.982,-2.72195,-2.44037,0,-132.889,39.0361,0,-63.8077,4.04716,4.37644,127.989,-131.707,33.8045,
0.7,0.602575,0.938235,-63.7483,184.281,-2.72588,-2.43342,0,-133.097,39.1043,0,-63.6199,4.02938,4.36461,128.189,-131.928,33.8601,
0.7,0.602548,0.938127,-63.6633,184.675,-2.73419,-2.43061,0,-133.373,39.1926,0,-63.5355,4.01812,4.35988,128.453,-132.22,33.9334,
0.7,0.602524,0.937901,-63.1443,179.323,-2.72351,-2.41127,0,-129.494,38.0667,0,-63.0178,3.97896,4.32551,124.717,-128.4,32.9511,
0.7,0.602468,0.937791,-65.2674,185.797,-2.83769,-2.49271,0,-134.162,39.4475,0,-65.1375,4.09971,4.47334,129.213,-133.042,34.1414,
0.7,0.60244,0.937683,-64.0129,183.934,-2.79557,-2.44528,0,-132.806,39.0571,0,-63.8859,4.01482,4.38848,127.908,-131.718,33.8,
0.7,0.602412,0.937564,-64.0883,182.928,-2.81128,-2.44858,0,-132.075,38.8489,0,-63.9615,4.01335,4.39479,127.203,-131.002,33.6155,
0.7,0.60238,0.937457,-64.4291,183.745,-2.83956,-2.46376,0,-132.656,39.0266,0,-64.3021,4.02884,4.41924,127.763,-131.594,33.7663,
0.7,0.602359,0.937349,-63.5564,183.894,-2.81296,-2.43096,0,-132.755,39.0618,0,-63.4315,3.96709,4.3607,127.86,-131.708,33.7944,
0.7,0.602334,0.937242,-63.938,183.711,-2.84202,-2.44593,0,-132.611,39.0265,0,-63.8128,3.98449,4.38806,127.723,-131.587,33.7618,
0.7,0.602311,0.937135,-63.5746,184.43,-2.83785,-2.43265,0,-133.132,39.183,0,-63.4506,3.95496,4.36439,128.242,-132.083,33.8921,
0.7,0.602282,0.937015,-64.3562,182.541,-2.88611,-2.46319,0,-131.763,38.786,0,-64.231,3.99713,4.41923,126.922,-130.736,33.5455,
0.7,0.602257,0.936905,-63.9566,183.513,-2.88067,-2.44857,0,-132.457,38.9972,0,-63.8326,3.96604,4.39295,127.59,-131.44,33.7248,
0.7,0.602231,0.936797,-64.0263,183.574,-2.89603,-2.45179,0,-132.49,39.0136,0,-63.9025,3.96406,4.39889,127.624,-131.49,33.7366,
0.7,0.602207,0.936687,-63.992,183.211,-2.90659,-2.45112,0,-132.22,38.9411,0,-63.8687,3.95535,4.39775,127.363,-131.24,33.6709,
0.7,0.602179,0.936566,-64.2685,182.339,-2.93167,-2.46232,0,-131.586,38.7609,0,-64.145,3.96634,4.41787,126.751,-130.62,33.5111,
0.7,0.602146,0.936347,-64.549,175.614,-2.95847,-2.47371,0,-126.719,37.3412,0,-64.4254,3.9776,4.43827,122.059,-125.819,32.2767,
0.7,0.602117,0.936239,-64.4158,183.369,-2.96531,-2.46899,0,-132.305,38.9936,0,-64.2928,3.9633,4.43023,127.441,-131.383,33.7028,
0.7,0.602089,0.93612,-63.9499,184.14,-2.95666,-2.45165,0,-132.856,39.1628,0,-63.8282,3.92825,4.39936,127.97,-131.942,33.8451,
0.7,0.602025,0.936011,-66.3445,184.58,-3.09514,-2.54444,0,-133.165,39.2601,0,-66.2189,4.0631,4.56634,128.266,-132.266,33.9267,
0.7,0.601997,0.935905,-64.2371,183.978,-3.00949,-2.46399,0,-132.721,39.1359,0,-64.1159,3.92801,4.4224,127.839,-131.844,33.817,
0.7,0.601971,0.935795,-64.4118,182.672,-3.0305,-2.47125,0,-131.769,38.8619,0,-64.2907,3.93237,4.43559,126.92,-130.917,33.5777,
0.7,0.601938,0.935675,-64.8715,182.146,-3.06624,-2.48958,0,-131.385,38.7551,0,-64.7498,3.95447,4.46834,126.549,-130.547,33.4818,
0.7,0.60191,0.935566,-64.5627,182.57,-3.06498,-2.47829,0,-131.682,38.8504,0,-64.442,3.92955,4.4482,126.835,-130.858,33.5603,
0.7,0.601884,0.935458,-64.3259,183.268,-3.06661,-2.46986,0,-132.175,39.0027,0,-64.2061,3.90888,4.43303,127.311,-131.366,33.6894,
0.7,0.601826,0.935338,-66.7473,182.278,-3.19857,-2.56276,0,-131.455,38.7977,0,-66.6229,4.0562,4.59987,126.618,-130.663,33.5081,
0.7,0.601802,0.935228,-64.1909,183.098,-3.0886,-2.46535,0,-132.036,38.9766,0,-64.0717,3.89391,4.42498,127.177,-131.26,33.6597,
0.7,0.601771,0.935007,-64.8521,174.172,-3.13469,-2.49155,0,-125.581,37.0846,0,-64.7321,3.92742,4.47177,120.961,-124.876,32.0201,
0.7,0.601745,0.934883,-64.1792,183.228,-3.11508,-2.4662,0,-132.107,39.0184,0,-64.0608,3.88009,4.42658,127.245,-131.374,33.6855,
0.7,0.601691,0.93477,-66.5649,182.571,-3.25827,-2.55919,0,-131.625,38.8833,0,-66.4429,4.01072,4.59362,126.779,-130.913,33.5656,
0.7,0.601657,0.934656,-64.8405,183.209,-3.18868,-2.4937,0,-132.077,39.024,0,-64.722,3.90041,4.4758,127.215,-131.377,33.6836,
0.7,0.60163,0.934545,-64.7739,182.069,-3.19882,-2.49182,0,-131.245,38.7859,0,-64.656,3.88986,4.47241,126.416,-130.567,33.4747,
0.7,0.601605,0.934431,-64.5109,182.13,-3.199,-2.48236,0,-131.282,38.8043,0,-64.3939,3.86679,4.45558,126.45,-130.617,33.4865,
0.7,0.601578,0.934306,-64.9109,180.615,-3.23243,-2.49857,0,-130.185,38.4872,0,-64.7935,3.884,4.48445,125.391,-129.538,33.2087,
0.7,0.601546,0.934192,-65.005,182.468,-3.25201,-2.50312,0,-131.514,38.8876,0,-64.8879,3.88288,4.49219,126.671,-130.874,33.5501,
0.7,0.601519,0.93408,-64.8302,181.789,-3.25671,-2.49704,0,-131.015,38.7461,0,-64.7139,3.86562,4.48137,126.191,-130.394,33.4259,
0.7,0.601492,0.933966,-64.7943,181.948,-3.26826,-2.49645,0,-131.124,38.7842,0,-64.6784,3.85673,4.48013,126.294,-130.516,33.4559,
0.7,0.601462,0.933727,-65.0326,172.417,-3.29436,-2.50658,0,-124.243,36.761,0,-64.9167,3.86373,4.49792,119.664,-123.693,31.7047,
0.7,0.601435,0.933616,-64.5122,183.387,-3.28141,-2.48734,0,-132.137,39.1025,0,-64.3976,3.8263,4.46313,127.271,-131.568,33.7223,
0.7,0.601386,0.933503,-65.9483,183.115,-3.38061,-2.54417,0,-131.933,39.0489,0,-65.832,3.89691,4.56515,127.075,-131.38,33.673,
0.7,0.601361,0.933389,-64.8133,181.634,-3.33558,-2.50117,0,-130.857,38.7372,0,-64.6994,3.82278,4.48789,126.039,-130.327,33.4015,
0.7,0.601329,0.933263,-65.4898,180.001,-3.38526,-2.52825,0,-129.676,38.3947,0,-65.3751,3.85569,4.53601,124.9,-129.159,33.1015,
0.7,0.601302,0.93315,-64.811,182.152,-3.36354,-2.50297,0,-131.216,38.8575,0,-64.698,3.80876,4.49028,126.385,-130.71,33.4978,
0.7,0.601279,0.933035,-64.7175,181.42,-3.37195,-2.50032,0,-130.682,38.7068,0,-64.6051,3.79578,4.48518,125.871,-130.191,33.3639,
0.7,0.601253,0.932794,-64.9306,172.092,-3.39675,-2.50927,0,-123.95,36.727,0,-64.8182,3.80124,4.50124,119.384,-123.511,31.6497,
0.7,0.601222,0.932681,-65.5209,180.712,-3.44248,-2.53295,0,-130.149,38.5704,0,-65.4079,3.82866,4.54347,125.356,-129.704,33.2356,
0.7,0.601196,0.932566,-64.7166,182.596,-3.41415,-2.50268,0,-131.501,38.9781,0,-64.6054,3.77479,4.48896,126.657,-131.064,33.5829,
0.7,0.601144,0.93245,-66.8977,181.203,-3.55733,-2.58845,0,-130.491,38.6863,0,-66.7836,3.88774,4.64286,125.681,-130.072,33.3275,
0.7,0.601115,0.932334,-65.0229,181.975,-3.47176,-2.51666,0,-131.041,38.8577,0,-64.9123,3.77246,4.51391,126.21,-130.632,33.47,
0.7,0.601082,0.932206,-65.7325,179.821,-3.52467,-2.54502,0,-129.487,38.4045,0,-65.621,3.80716,4.56435,124.712,-129.091,33.0742,
0.7,0.601055,0.932092,-65.1265,181.425,-3.50609,-2.52249,0,-130.631,38.7522,0,-65.0165,3.76512,4.52355,125.817,-130.248,33.3698,
0.7,0.601025,0.931976,-65.4871,180.75,-3.54003,-2.53735,0,-130.138,38.6138,0,-65.3769,3.77927,4.54983,125.342,-129.771,33.2464,
0.7,0.600994,0.931737,-65.1206,175.084,-3.53525,-2.52423,0,-126.042,37.4133,0,-65.0113,3.75152,4.52557,121.398,-125.716,32.2054,
0.7,0.60093,0.931621,-68.1041,180.446,-3.72872,-2.64221,0,-129.894,38.5639,0,-67.9907,3.90906,4.73555,125.11,-129.573,33.1924,
0.7,0.600904,0.931504,-65.1795,180.969,-3.58274,-2.52969,0,-130.262,38.68,0,-65.0713,3.73368,4.53356,125.464,-129.956,33.2892,
0.7,0.600871,0.931377,-65.9992,179.067,-3.64372,-2.56269,0,-128.888,38.2793,0,-65.8901,3.77351,4.59189,124.141,-128.594,32.9397,
0.7,0.600845,0.93126,-65.4944,179.814,-3.62996,-2.54404,0,-129.419,38.4434,0,-65.3865,3.7375,4.55808,124.653,-129.136,33.0778,
0.7,0.600822,0.931143,-65.1376,180.29,-3.6237,-2.53127,0,-129.752,38.5489,0,-65.0308,3.7094,4.53467,124.977,-129.483,33.1657,
0.7,0.600797,0.931024,-65.2496,180.323,-3.64351,-2.53647,0,-129.769,38.5588,0,-65.143,3.70844,4.54381,124.991,-129.515,33.1725,
0.7,0.600772,0.930892,-65.5242,178.351,-3.67291,-2.5482,0,-128.348,38.143,0,-65.4176,3.71676,4.56427,123.621,-128.102,32.8102,
0.7,0.600741,0.930656,-65.7093,172.017,-3.69822,-2.55645,0,-123.777,36.7972,0,-65.6028,3.72004,4.57849,119.219,-123.563,31.6459,
0.7,0.600717,0.930538,-65.1103,181.013,-3.6781,-2.53421,0,-130.244,38.726,0,-65.0052,3.67859,4.53813,125.446,-130.033,33.3015,
0.7,0.60066,0.930408,-67.3663,179.869,-3.83464,-2.62402,0,-129.419,38.486,0,-67.2583,3.79197,4.69796,124.649,-129.215,33.0915,
0.7,0.600627,0.930292,-66.0389,180.024,-3.77406,-2.57327,0,-129.521,38.5225,0,-65.9335,3.71031,4.60666,124.751,-129.332,33.1206,
0.7,0.6006,0.930174,-65.6025,180.159,-3.76288,-2.55706,0,-129.612,38.5556,0,-65.4981,3.6788,4.5775,124.839,-129.435,33.146,
0.7,0.600575,0.930055,-65.5233,179.664,-3.77172,-2.55492,0,-129.248,38.4539,0,-65.4195,3.66686,4.57335,124.487,-129.087,33.0556,
0.7,0.600548,0.929811,-65.3429,173.804,-3.77481,-2.54873,0,-125.017,37.2078,0,-65.2398,3.64981,4.56204,120.415,-124.886,31.9783,
0.7,0.600496,0.929695,-67.4247,179.901,-3.92325,-2.63175,0,-129.395,38.5173,0,-67.3191,3.75046,4.71025,124.633,-129.274,33.1008,
0.7,0.600472,0.92958,-65.4161,180.387,-3.81946,-2.55426,0,-129.735,38.6252,0,-65.3141,3.63132,4.57129,124.962,-129.63,33.1908,
0.7,0.600447,0.929463,-65.8227,178.633,-3.85654,-2.57116,0,-128.465,38.2539,0,-65.7205,3.64659,4.60105,123.739,-128.378,32.8689,
0.7,0.600417,0.929335,-66.1335,178.396,-3.88914,-2.58444,0,-128.291,38.2092,0,-66.0311,3.65655,4.6241,123.57,-128.212,32.8257,
0.7,0.600393,0.929219,-65.623,179.345,-3.87224,-2.5655,0,-128.965,38.4167,0,-65.5219,3.62064,4.58982,124.221,-128.9,33.001,
0.7,0.600366,0.92898,-65.8612,170.927,-3.89997,-2.57588,0,-122.899,36.6225,0,-65.7601,3.62667,4.60778,118.377,-122.862,31.4531,
0.7,0.600337,0.928862,-66.2131,178.209,-3.93515,-2.59074,0,-128.129,38.1881,0,-66.1119,3.63887,4.63371,123.414,-128.103,32.7937,
0.7,0.600303,0.928734,-66.0316,179.859,-3.93968,-2.58485,0,-129.309,38.5463,0,-65.9311,3.62174,4.62233,124.552,-129.293,33.0977,
0.7,0.60024,0.928614,-68.0638,179.824,-4.09144,-2.66655,0,-129.278,38.5439,0,-67.961,3.71796,4.76738,124.521,-129.273,33.0917,
0.7,0.600208,0.928495,-66.2211,179.422,-3.99559,-2.59538,0,-128.982,38.4631,0,-66.1215,3.61037,4.63958,124.237,-128.99,33.0184,
0.7,0.600183,0.928365,-66.07,177.512,-3.99986,-2.59037,0,-127.605,38.0594,0,-65.9709,3.59521,4.63026,122.909,-127.623,32.6674,
0.7,0.600158,0.928129,-65.9953,169.614,-4.00848,-2.58839,0,-121.91,36.374,0,-65.8967,3.5841,4.62632,117.428,-121.955,31.2149,
0.7,0.600134,0.928011,-65.6463,179.937,-4.00047,-2.57567,0,-129.321,38.592,0,-65.5487,3.55798,4.60317,124.567,-129.386,33.1156,
0.7,0.600086,0.927894,-67.1601,179.738,-4.12087,-2.63726,0,-129.169,38.5538,0,-67.0611,3.62422,4.71222,124.422,-129.249,33.0794,
0.7,0.600064,0.927764,-66.0435,176.694,-4.06583,-2.5945,0,-126.976,37.9056,0,-65.9466,3.55639,4.63526,122.31,-127.064,32.5196,
0.7,0.60004,0.927647,-65.9503,178.544,-4.07371,-2.59191,0,-128.296,38.3062,0,-65.8538,3.54387,4.63009,123.584,-128.401,32.8607,
0.7,0.600014,0.927527,-66.3618,177.444,-4.11406,-2.60922,0,-127.498,38.0749,0,-66.2652,3.55786,4.66047,122.815,-127.618,32.6591,
0.7,0.599989,0.927397,-66.089,177.461,-4.11098,-2.59949,0,-127.506,38.0844,0,-65.9932,3.53577,4.64268,122.822,-127.634,32.6624,
0.7,0.599965,0.92716,-65.753,172.858,-4.10373,-2.58729,0,-124.183,37.1059,0,-65.6581,3.5103,4.62045,119.623,-124.335,31.8164,
0.7,0.599914,0.92704,-67.5584,179.186,-4.24602,-2.66049,0,-128.722,38.4698,0,-67.4617,3.59108,4.75017,123.996,-128.893,32.9817,
0.7,0.599892,0.92691,-65.9906,177.022,-4.16119,-2.59982,0,-127.163,38.0117,0,-65.8966,3.49975,4.6414,122.492,-127.343,32.5841,
0.7,0.599868,0.926791,-66.1845,178.113,-4.18742,-2.60849,0,-127.939,38.2506,0,-66.0905,3.50284,4.65635,123.24,-128.134,32.7854,
0.7,0.599904,0.926532,-62.3407,171.221,-3.94485,-2.45703,0,-122.979,36.7801,0,-62.2526,3.29288,4.38712,118.462,-123.185,31.5178,
0.7,0.599853,0.926435,-67.5241,180.474,-4.30225,-2.66339,0,-129.609,38.7712,0,-67.4294,3.55177,4.75463,124.851,-129.854,33.2221,
0.7,0.599833,0.926283,-65.9413,175.319,-4.21473,-2.60199,0,-125.908,37.6697,0,-65.8492,3.4605,4.64464,121.284,-126.145,32.2732,
0.7,0.59981,0.926187,-66.1852,179.108,-4.24391,-2.61262,0,-128.614,38.4871,0,-66.0932,3.46577,4.6632,123.896,-128.881,32.9716,
0.7,0.599788,0.925949,-65.8672,172.077,-4.23714,-2.60085,0,-123.546,36.9855,0,-65.776,3.44157,4.64218,119.018,-123.835,31.6785,
0.7,0.599741,0.925829,-67.5236,178.404,-4.37187,-2.66832,0,-128.08,38.3514,0,-67.431,3.51194,4.76188,123.388,-128.394,32.8437,
0.7,0.599719,0.925678,-66.1322,175.436,-4.29527,-2.61434,0,-125.948,37.7199,0,-66.0419,3.43182,4.66518,121.335,-126.259,32.2975,
0.7,0.599698,0.925438,-66.0775,169.915,-4.30551,-2.61334,0,-121.968,36.5431,0,-65.9877,3.42125,4.66273,117.502,-122.299,31.2824,
0.7,0.599672,0.925317,-66.2104,178.415,-4.32877,-2.61965,0,-128.063,38.3763,0,-66.1208,3.42028,4.67355,123.374,-128.422,32.8477,
0.7,0.599631,0.925186,-67.4348,176.744,-4.43614,-2.67026,0,-126.858,38.0215,0,-67.3443,3.46735,4.76294,122.215,-127.223,32.5404,
0.7,0.59961,0.925064,-66.3835,175.928,-4.38087,-2.62973,0,-126.265,37.8508,0,-66.2948,3.40568,4.69007,121.644,-126.642,32.3908,
0.7,0.599588,0.924942,-66.3186,176.941,-4.39075,-2.62815,0,-126.984,38.0746,0,-66.2304,3.39399,4.68702,122.339,-127.376,32.5776,
0.7,0.599567,0.92482,-66.4357,175.961,-4.41222,-2.63376,0,-126.274,37.8692,0,-66.3477,3.39231,4.6967,121.656,-126.676,32.3977,
0.7,0.599545,0.924569,-66.0583,171.04,-4.40086,-2.61984,0,-122.726,36.821,0,-65.9712,3.36544,4.67141,118.241,-123.144,31.4927,
0.7,0.599497,0.924452,-67.8397,177.892,-4.5498,-2.69286,0,-127.629,38.3013,0,-67.7511,3.44042,4.80027,122.971,-128.084,32.755,
0.7,0.599477,0.924327,-66.3809,175.676,-4.46616,-2.63627,0,-126.036,37.8328,0,-66.2947,3.35811,4.69858,121.434,-126.494,32.3474,
0.7,0.599454,0.924211,-66.6804,176.163,-4.50099,-2.64949,0,-126.37,37.9406,0,-66.5941,3.36543,4.7212,121.764,-126.851,32.4377,
0.7,0.599432,0.924078,-66.5021,175.644,-4.50384,-2.64382,0,-125.993,37.8357,0,-66.4164,3.34867,4.71,121.401,-126.48,32.3425,
0.7,0.599405,0.923833,-66.9918,166.356,-4.55246,-2.66446,0,-119.315,35.8467,0,-66.9059,3.36543,4.74613,114.968,-119.804,30.6332,
0.7,0.599387,0.923712,-66.1313,177.483,-4.50779,-2.63147,0,-127.286,38.25,0,-66.0469,3.31378,4.6867,122.652,-127.823,32.6828,
0.7,0.599343,0.92359,-67.8611,176.678,-4.65521,-2.70253,0,-126.702,38.083,0,-67.7752,3.38468,4.81218,122.09,-127.249,32.5351,
0.7,0.599317,0.923455,-66.8587,175.349,-4.60165,-2.66377,0,-125.744,37.8046,0,-66.7745,3.327,4.7425,121.166,-126.298,32.2909,
0.7,0.599298,0.923333,-66.4222,175.815,-4.58532,-2.64757,0,-126.069,37.9098,0,-66.339,3.29718,4.71302,121.481,-126.639,32.3772,
0.7,0.599277,0.923085,-66.3512,170.156,-4.59418,-2.64577,0,-121.998,36.6995,0,-66.2684,3.28625,4.70934,117.558,-122.574,31.3362,
0.7,0.599229,0.92295,-68.2286,175.547,-4.75357,-2.7229,0,-125.86,37.8677,0,-68.1442,3.3641,4.84536,121.279,-126.462,32.3293,
0.7,0.599209,0.922829,-66.6095,175.616,-4.65422,-2.65942,0,-125.901,37.8852,0,-66.5275,3.27586,4.73191,121.321,-126.517,32.3426,
0.7,0.599185,0.92268,-67.0111,172.79,-4.69628,-2.67656,0,-123.901,37.2928,0,-66.929,3.28851,4.76174,119.366,-124.484,31.8224,
0.7,0.599162,0.922584,-66.9186,177.073,-4.70402,-2.67399,0,-126.915,38.2167,0,-66.837,3.27616,4.7566,122.286,-127.606,32.6147,
0.7,0.599136,0.922453,-67.3713,173.319,-4.75056,-2.69311,0,-124.217,37.4095,0,-67.2895,3.29055,4.7902,119.689,-124.905,31.9236,
0.7,0.599116,0.92233,-66.5664,176.397,-4.70723,-2.66203,0,-126.415,38.0774,0,-66.486,3.24358,4.73437,121.809,-127.129,32.491,
0.7,0.599077,0.922207,-67.8819,175.652,-4.82772,-2.71705,0,-125.872,37.9199,0,-67.8007,3.2914,4.83091,121.286,-126.598,32.3544,
0.7,0.599053,0.922083,-67.1279,174.775,-4.78843,-2.68795,0,-125.236,37.7344,0,-67.048,3.24694,4.77869,120.676,-125.972,32.1934,
0.7,0.599037,0.921949,-66.53,174.385,-4.75844,-2.66523,0,-124.949,37.654,0,-66.4511,3.20964,4.73766,120.402,-125.694,32.1219,
0.7,0.599018,0.921699,-66.7476,165.888,-4.78686,-2.67507,0,-118.847,35.826,0,-66.6689,3.21228,4.75459,114.524,-119.58,30.5576,
0.7,0.598999,0.921572,-66.6555,175.442,-4.79348,-2.67258,0,-125.686,37.8933,0,-66.5773,3.20002,4.74946,121.115,-126.471,32.3179,
0.7,0.598953,0.921447,-68.3396,175.52,-4.94303,-2.74238,0,-125.734,37.9148,0,-68.2601,3.26468,4.87242,121.165,-126.532,32.3328,
0.7,0.598933,0.921306,-67.0412,172.443,-4.86282,-2.69141,0,-123.528,37.2555,0,-66.9636,3.19434,4.78136,119.038,-124.316,31.7661,
0.7,0.59891,0.921177,-67.3187,173.077,-4.89744,-2.70361,0,-123.979,37.3977,0,-67.2412,3.19985,4.80257,119.472,-124.777,31.8833,
0.7,0.598888,0.921048,-67.2291,173.639,-4.90504,-2.70113,0,-124.376,37.5239,0,-67.152,3.18778,4.7976,119.853,-125.188,31.9874,
0.7,0.598861,0.920923,-67.4686,174.278,-4.93792,-2.71189,0,-124.825,37.6676,0,-67.3917,3.19128,4.81613,120.29,-125.653,32.1055,
0.7,0.598842,0.92066,-66.7096,167.534,-4.89624,-2.6825,0,-119.985,36.2183,0,-66.6339,3.14678,4.76352,115.627,-120.798,30.8638,
0.7,0.598802,0.920534,-68.2778,174.706,-5.04043,-2.748,0,-125.113,37.7724,0,-68.2011,3.20414,4.87853,120.57,-125.976,32.1856,
0.7,0.598778,0.920411,-67.3806,173.765,-4.98893,-2.71306,0,-124.429,37.5722,0,-67.3053,3.15384,4.81593,119.914,-125.302,32.0127,
0.7,0.598763,0.920273,-66.7512,173.087,-4.95536,-2.68892,0,-123.94,37.4305,0,-66.677,3.11577,4.77252,119.443,-124.817,31.8881,
0.7,0.598745,0.920147,-66.7833,175.514,-4.97241,-2.69156,0,-125.671,37.9592,0,-66.7094,3.10961,4.77621,121.112,-126.572,32.3357,
0.7,0.598706,0.919894,-68.1372,167.043,-5.10129,-2.74837,0,-119.591,36.1341,0,-68.0625,3.15674,4.87594,115.255,-120.474,30.776,
0.7,0.598682,0.919759,-67.7122,171.618,-5.08476,-2.73249,0,-122.861,37.1265,0,-67.6384,3.12913,4.84698,118.408,-123.776,31.6192,
0.7,0.598663,0.919632,-67.1462,173.197,-5.05603,-2.71079,0,-123.985,37.4715,0,-67.0734,3.09454,4.808,119.491,-124.921,31.9107,
0.7,0.598641,0.919505,-67.5444,172.45,-5.10022,-2.72778,0,-123.446,37.3135,0,-67.4715,3.10497,4.83796,118.971,-124.387,31.7735,
0.7,0.598619,0.91938,-67.5791,172.66,-5.11702,-2.7302,0,-123.588,37.3617,0,-67.5065,3.09871,4.84188,119.111,-124.543,31.8126,
0.7,0.598593,0.919114,-67.7686,162.811,-5.14645,-2.73894,0,-116.529,35.2367,0,-67.6962,3.09949,4.85691,112.306,-117.448,29.9987,
0.7,0.598575,0.918988,-66.9606,174.516,-5.09901,-2.70739,0,-124.9,37.7727,0,-66.8894,3.05418,4.80052,120.375,-125.897,32.1559,
0.7,0.598537,0.918862,-68.7278,172.722,-5.26214,-2.78093,0,-123.609,37.388,0,-68.6555,3.11834,4.93021,119.133,-124.608,31.8259,
0.7,0.598515,0.918727,-67.6364,171.737,-5.19382,-2.73806,0,-122.899,37.1684,0,-67.5656,3.06066,4.85342,118.45,-123.9,31.6447,
0.7,0.598501,0.918603,-67.113,171.875,-5.16699,-2.7181,0,-122.988,37.2008,0,-67.0432,3.02811,4.81747,118.538,-124.006,31.6708,
0.7,0.598483,0.918478,-67.2495,172.93,-5.19131,-2.72462,0,-123.734,37.4317,0,-67.1799,3.02592,4.8288,119.26,-124.772,31.8655,
0.7,0.598461,0.918355,-67.8293,171.805,-5.25094,-2.74963,0,-122.919,37.1909,0,-67.7594,3.0436,4.87196,118.479,-123.965,31.6587,
0.7,0.598443,0.91809,-67.3411,162.889,-5.22232,-2.73,0,-116.529,35.2687,0,-67.2722,3.01235,4.8386,112.323,-117.54,30.0164,
0.7,0.598428,0.917963,-67.0216,173.617,-5.21128,-2.7178,0,-124.195,37.5956,0,-66.9534,2.98887,4.81732,119.709,-125.291,31.9943,
0.7,0.598381,0.917838,-68.9408,173.729,-5.39213,-2.79815,0,-124.266,37.6234,0,-68.8714,3.05785,4.9583,119.78,-125.377,32.0154,
0.7,0.59836,0.9177,-67.5702,171.908,-5.29971,-2.74332,0,-122.961,37.2349,0,-67.5025,2.98901,4.86119,118.525,-124.062,31.6797,
0.7,0.598341,0.917444,-67.5521,162.161,-5.31323,-2.744,0,-115.976,35.1331,0,-67.4848,2.98007,4.86138,111.791,-117.041,29.8848,
0.7,0.598322,0.917319,-67.3915,173.201,-5.31516,-2.73825,0,-123.863,37.5303,0,-67.3247,2.96491,4.8513,119.397,-125.014,31.9198,
0.7,0.59828,0.917192,-68.7955,173.236,-5.45685,-2.79748,0,-123.882,37.5436,0,-68.728,3.01003,4.9554,119.416,-125.044,31.9267,
0.7,0.598265,0.917053,-67.3399,170.865,-5.35629,-2.73945,0,-122.181,37.0352,0,-67.2742,2.93736,4.85219,117.776,-123.338,31.4902,
0.7,0.598247,0.916804,-67.2804,167.112,-5.36636,-2.73813,0,-119.477,36.2297,0,-67.2151,2.92655,4.8494,115.178,-120.639,30.7994,
0.7,0.598205,0.91668,-69.3835,171.528,-5.56592,-2.82599,0,-122.626,37.1912,0,-69.3169,3.00136,5.00403,118.216,-123.832,31.6139,
0.7,0.598188,0.916542,-67.4878,171.334,-5.42915,-2.75,0,-122.482,37.1542,0,-67.4234,2.91062,4.8689,118.076,-123.698,31.5787,
0.7,0.598168,0.916417,-67.9789,170.624,-5.484,-2.77117,0,-121.966,37.0049,0,-67.9144,2.92355,4.90584,117.581,-123.191,31.4483,
0.7,0.598141,0.916291,-68.4075,170.85,-5.53522,-2.7899,0,-122.12,37.06,0,-68.343,2.93363,4.9383,117.732,-123.359,31.4905,
0.7,0.598119,0.916167,-68.2026,170.601,-5.53405,-2.78267,0,-121.931,37.0105,0,-68.1385,2.9167,4.92498,117.555,-123.184,31.445,
0.7,0.598099,0.915904,-67.8249,162.033,-5.51881,-2.76835,0,-115.815,35.1638,0,-67.7616,2.89187,4.89929,111.691,-116.959,29.862,
0.7,0.598077,0.915776,-68.1728,170.311,-5.56246,-2.7836,0,-121.711,36.9636,0,-68.1096,2.89844,4.92593,117.363,-122.966,31.3906,
0.7,0.598053,0.915649,-68.0371,171.99,-5.56693,-2.78049,0,-122.903,37.3329,0,-67.9743,2.88514,4.9175,118.515,-124.183,31.7005,
0.7,0.598008,0.91551,-69.3766,170.993,-5.70829,-2.83725,0,-122.185,37.1217,0,-69.3133,2.92426,5.01754,117.823,-123.468,31.5172,
0.7,0.597988,0.915383,-68.0679,170.386,-5.61585,-2.78451,0,-121.742,36.9949,0,-68.0062,2.86085,4.9244,117.399,-123.034,31.4057,
0.7,0.597964,0.915256,-68.3593,170.589,-5.65571,-2.79734,0,-121.879,37.0437,0,-68.2976,2.86462,4.94702,117.534,-123.186,31.4437,
0.7,0.597945,0.915122,-68.0638,169.698,-5.64592,-2.78611,0,-121.232,36.8544,0,-68.0027,2.84386,4.92716,116.916,-122.546,31.2797,
0.7,0.597935,0.914872,-67.4059,160.712,-5.60491,-2.76052,0,-114.794,34.913,0,-67.3459,2.80602,4.88143,110.712,-116.07,29.6246,
0.7,0.597916,0.914749,-67.8165,172.069,-5.65425,-2.77836,0,-122.894,37.3831,0,-67.7565,2.81476,4.91268,118.529,-124.277,31.7184,
0.7,0.59787,0.914621,-69.6381,171.295,-5.83837,-2.85532,0,-122.332,37.2194,0,-69.5771,2.87331,5.04775,117.991,-123.722,31.5761,
0.7,0.597851,0.914479,-68.0834,169.291,-5.72299,-2.79265,0,-120.897,36.7902,0,-68.0242,2.80032,4.93667,116.606,-122.28,31.2074,
0.7,0.597822,0.914221,-68.774,160.933,-5.79744,-2.82192,0,-114.912,34.9819,0,-68.7144,2.82206,4.98796,110.84,-116.251,29.6673,
0.7,0.597807,0.91409,-67.7714,171.061,-5.72724,-2.78186,0,-122.138,37.1881,0,-67.7131,2.77172,4.91692,117.811,-123.571,31.5347,
0.7,0.597762,0.913947,-70.1759,168.2,-5.96254,-2.88268,0,-120.093,36.5718,0,-70.1163,2.85282,5.09451,115.838,-121.507,31.0076,
0.7,0.59774,0.913817,-68.2553,170.563,-5.81543,-2.80488,0,-121.772,37.0902,0,-68.1975,2.76677,4.95653,117.459,-123.22,31.4438,
0.7,0.597719,0.913689,-68.2667,170.401,-5.8318,-2.80629,0,-121.646,37.0593,0,-68.2093,2.75908,4.95885,117.342,-123.107,31.4143,
0.7,0.597695,0.913417,-68.3294,163.266,-5.85334,-2.80994,0,-116.541,35.5166,0,-68.2722,2.7533,4.96491,112.419,-117.961,30.0996,
0.7,0.597659,0.913289,-69.142,170.726,-5.95259,-2.84531,0,-121.859,37.1435,0,-69.0849,2.76847,5.02717,117.551,-123.357,31.4756,
0.7,0.597638,0.913163,-68.4191,169.782,-5.90576,-2.81668,0,-121.174,36.9412,0,-68.3629,2.73132,4.9761,116.895,-122.68,31.302,
0.7,0.597611,0.912894,-68.8218,160.458,-5.95704,-2.83435,0,-114.506,34.9198,0,-68.7656,2.73905,5.0069,110.467,-115.951,29.5837,
0.7,0.59757,0.912766,-69.5401,170.443,-6.05026,-2.86597,0,-121.622,37.0962,0,-69.4841,2.75026,5.06233,117.334,-123.173,31.4252,
0.7,0.597548,0.912639,-68.5673,169.494,-5.98138,-2.82688,0,-120.934,36.8926,0,-68.5123,2.70369,4.99298,116.675,-122.491,31.2507,
0.7,0.597522,0.91251,-69.0887,168.375,-6.04338,-2.84936,0,-120.128,36.6522,0,-69.0336,2.71594,5.03247,115.9,-121.687,31.0447,
0.7,0.597501,0.912369,-68.7246,167.29,-6.02673,-2.83522,0,-119.351,36.4199,0,-68.6701,2.6933,5.00746,115.15,-120.906,30.845,
0.7,0.597484,0.912239,-68.3754,168.495,-6.01073,-2.82166,0,-120.202,36.6851,0,-68.3216,2.67056,4.98367,115.973,-121.783,31.0678,
0.7,0.597426,0.91211,-71.6645,167.979,-6.32034,-2.95727,0,-119.825,36.5751,0,-71.6081,2.79964,5.22329,115.613,-121.415,30.9731,
0.7,0.597403,0.911836,-68.6093,161.215,-6.06678,-2.83226,0,-114.99,35.1082,0,-68.5556,2.67198,5.00212,110.95,-116.533,29.7266,
0.7,0.597371,0.911704,-69.3776,169.015,-6.16469,-2.86596,0,-120.547,36.8094,0,-69.3239,2.68454,5.06129,116.311,-122.177,31.1653,
0.7,0.597353,0.911576,-68.6307,168.125,-6.11441,-2.8363,0,-119.902,36.6179,0,-68.578,2.64649,5.00847,115.694,-121.538,31.0016,
0.7,0.597335,0.911447,-68.6582,167.678,-6.1319,-2.83833,0,-119.576,36.5227,0,-68.6058,2.63906,5.01202,115.382,-121.219,30.9195,
0.7,0.597317,0.911317,-68.5604,168.66,-6.13821,-2.83511,0,-120.269,36.7391,0,-68.5084,2.62681,5.00643,116.053,-121.933,31.101,
0.7,0.5973,0.911042,-68.3994,161.18,-6.1388,-2.82911,0,-114.923,35.1158,0,-68.3478,2.61196,4.99626,110.898,-116.533,29.7224,
0.7,0.597263,0.910913,-69.7257,168.862,-6.28993,-2.88575,0,-120.391,36.791,0,-69.6739,2.64414,5.0965,116.179,-122.092,31.1395,
0.7,0.597245,0.910781,-68.8566,166.736,-6.22684,-2.85056,0,-118.868,36.3305,0,-68.8057,2.60247,5.03456,114.71,-120.559,30.7477,
0.7,0.597227,0.910638,-68.732,166.647,-6.23056,-2.84591,0,-118.8,36.3145,0,-68.6815,2.58912,5.02702,114.645,-120.499,30.7317,
0.7,0.597214,0.910508,-68.5089,167.289,-6.225,-2.83723,0,-119.248,36.4568,0,-68.459,2.5716,5.01236,115.081,-120.967,30.8505,
0.7,0.597193,0.910242,-68.8654,159.298,-6.27283,-2.85259,0,-113.542,34.7221,0,-68.8155,2.57629,5.04003,109.577,-115.197,29.3776,
0.7,0.597177,0.910107,-68.5347,167.982,-6.25705,-2.8395,0,-119.726,36.6192,0,-68.4854,2.55511,5.01742,115.544,-121.482,30.9796,
0.7,0.597149,0.909962,-69.4787,166.632,-6.37317,-2.87996,0,-118.759,36.3296,0,-69.4294,2.57143,5.08997,114.613,-120.508,30.7309,
0.7,0.597128,0.909828,-69.1119,166.497,-6.35557,-2.86545,0,-118.657,36.3044,0,-69.0632,2.54882,5.06474,114.518,-120.413,30.7062,
0.7,0.597111,0.909696,-68.9304,166.019,-6.35404,-2.85854,0,-118.309,36.2041,0,-68.8822,2.53319,5.05307,114.184,-120.071,30.6184,
0.7,0.597094,0.909564,-68.9166,166.733,-6.36794,-2.85849,0,-118.81,36.3637,0,-68.8687,2.52373,5.05368,114.671,-120.592,30.7505,
0.7,0.597073,0.90929,-68.9853,158.062,-6.39024,-2.86222,0,-112.615,34.4811,0,-68.9377,2.51672,5.06045,108.698,-114.328,29.1519,
0.7,0.597055,0.909158,-68.8161,168.037,-6.39024,-2.85604,0,-119.714,36.6618,0,-68.7689,2.50196,5.0496,115.554,-121.547,30.9921,
0.7,0.597019,0.909027,-70.125,167.055,-6.543,-2.91201,0,-119.005,36.4508,0,-70.0776,2.53203,5.14884,114.872,-120.843,30.8115,
0.7,0.597,0.908885,-69.1839,165.193,-6.47119,-2.87402,0,-117.67,36.0498,0,-69.1375,2.48902,5.08138,113.588,-119.498,30.4683,
0.7,0.596983,0.908753,-69.0936,165.373,-6.47815,-2.87117,0,-117.791,36.0943,0,-69.0475,2.47766,5.07623,113.708,-119.633,30.5019,
0.7,0.596966,0.90862,-69.0561,165.389,-6.48921,-2.87044,0,-117.795,36.1032,0,-69.0103,2.46807,5.07496,113.715,-119.649,30.5052,
0.7,0.59695,0.908487,-68.9341,166.235,-6.49226,-2.86618,0,-118.39,36.2933,0,-68.8887,2.45527,5.06754,114.292,-120.265,30.6617,
0.7,0.596938,0.908343,-68.7576,164.436,-6.48973,-2.8598,0,-117.102,35.9058,0,-68.7127,2.43966,5.05626,113.051,-118.968,30.3303,
0.7,0.596918,0.908077,-69.2743,156.345,-6.55482,-2.88229,0,-111.328,34.1468,0,-69.2293,2.44937,5.09582,107.479,-113.122,28.8386,
0.7,0.596902,0.907931,-69.0891,164.338,-6.55226,-2.8755,0,-117.014,35.8971,0,-69.0445,2.43429,5.08375,112.97,-118.909,30.3133,
0.7,0.596859,0.907799,-70.299,167.72,-6.69902,-2.92778,0,-119.412,36.6393,0,-70.2543,2.46025,5.17581,115.29,-121.36,30.9375,
0.7,0.596842,0.907665,-69.1731,165.447,-6.60704,-2.88194,0,-117.786,36.1483,0,-69.1294,2.41235,5.09446,113.723,-119.72,30.5186,
0.7,0.596823,0.907532,-69.3869,165.133,-6.64244,-2.8918,0,-117.555,36.0847,0,-69.3433,2.4118,5.11166,113.503,-119.496,30.461,
0.7,0.596804,0.907399,-69.4621,164.6,-6.66457,-2.89584,0,-117.167,35.9733,0,-69.4187,2.4064,5.11865,113.132,-119.114,30.363,
0.7,0.59678,0.907254,-69.7415,164.465,-6.70766,-2.90837,0,-117.065,35.9492,0,-69.6982,2.40811,5.14069,113.035,-119.021,30.3386,
0.7,0.596759,0.906991,-69.4863,156.021,-6.69893,-2.89873,0,-111.035,34.1126,0,-69.4435,2.39154,5.1233,107.222,-112.919,28.7817,
0.7,0.596743,0.906857,-69.0134,166.864,-6.66833,-2.88008,0,-118.744,36.489,0,-68.9712,2.36667,5.08999,114.668,-120.773,30.7826,
0.7,0.596707,0.906726,-70.5482,165.491,-6.84705,-2.9461,0,-117.756,36.1936,0,-70.5056,2.4027,5.2062,113.719,-119.783,30.5296,
0.7,0.596679,0.90658,-70.0744,164.111,-6.81878,-2.92751,0,-116.77,35.8991,0,-70.0324,2.37745,5.17289,112.768,-118.786,30.2751,
0.7,0.596661,0.906446,-69.469,164.376,-6.77534,-2.90325,0,-116.952,35.9632,0,-69.4277,2.3487,5.1297,112.946,-118.982,30.3245,
0.7,0.596643,0.906311,-69.4918,164.313,-6.79284,-2.90512,0,-116.9,35.9553,0,-69.4508,2.34124,5.13288,112.899,-118.94,30.3132,
0.7,0.59662,0.906032,-69.5463,157.865,-6.8149,-2.90823,0,-112.298,34.5545,0,-69.5055,2.33475,5.13841,108.46,-114.281,29.1244,
0.7,0.596586,0.905898,-70.4859,165.14,-6.93936,-2.94936,0,-117.466,36.1511,0,-70.4451,2.34871,5.21103,113.453,-119.552,30.467,
0.7,0.596568,0.905764,-69.6337,163.824,-6.87116,-2.91443,0,-116.521,35.8664,0,-69.5938,2.31193,5.14956,112.543,-118.605,30.2247,
0.7,0.596544,0.90562,-70.0316,163.12,-6.92717,-2.93186,0,-116.012,35.7151,0,-69.9917,2.31703,5.18045,112.056,-118.098,30.095,
0.7,0.596525,0.905487,-69.7556,163.765,-6.91591,-2.92112,0,-116.462,35.8602,0,-69.7161,2.30005,5.16146,112.495,-118.569,30.2145,
0.7,0.596509,0.90522,-69.1624,159.575,-6.87211,-2.89695,0,-113.467,34.9494,0,-69.1235,2.27199,5.11911,109.608,-115.542,29.442,
0.7,0.59647,0.905072,-70.7132,164.62,-7.0582,-2.96335,0,-117.049,36.0583,0,-70.674,2.30648,5.23688,113.07,-119.199,30.3732,
0.7,0.596453,0.90494,-69.6561,163.894,-6.96839,-2.91987,0,-116.523,35.9011,0,-69.6178,2.26386,5.16008,112.567,-118.677,30.2396,
0.7,0.596438,0.904805,-69.5061,163.289,-6.9681,-2.91425,0,-116.086,35.7722,0,-69.4682,2.25006,5.15059,112.147,-118.243,30.1283,
0.7,0.59642,0.904536,-69.4281,158.357,-6.97522,-2.9116,0,-112.564,34.6967,0,-69.3905,2.23933,5.1463,108.749,-114.681,29.2192,
0.7,0.59638,0.904389,-70.9061,164.11,-7.15581,-2.97491,0,-116.649,35.962,0,-70.8682,2.27029,5.25889,112.698,-118.849,30.2808,
0.7,0.596361,0.904255,-69.8354,163.652,-7.06329,-2.93055,0,-116.316,35.8651,0,-69.7983,2.2277,5.18098,112.379,-118.521,30.1966,
0.7,0.596344,0.904121,-69.7565,163.491,-7.07082,-2.92802,0,-116.194,35.8334,0,-69.7198,2.2163,5.17674,112.263,-118.41,30.1675,
0.7,0.596319,0.903844,-70.0016,156.881,-7.11255,-2.93879,0,-111.481,34.3908,0,-69.965,2.21576,5.19644,107.718,-113.628,28.9482,
0.7,0.596341,0.903709,-67.165,164.301,-6.8414,-2.81976,0,-116.745,36.0208,0,-67.1304,2.11023,4.98874,112.808,-119.006,30.3178,
0.7,0.596321,0.903574,-69.9519,163.433,-7.14136,-2.93746,0,-116.121,35.8338,0,-69.9161,2.18968,5.1972,112.208,-118.381,30.1579,
0.7,0.596301,0.903439,-70.1299,162.253,-7.17572,-2.94578,0,-115.274,35.5783,0,-70.0943,2.1871,5.21191,111.392,-117.533,29.9408,
0.7,0.596277,0.903165,-70.0177,156.587,-7.18131,-2.94213,0,-111.228,34.3402,0,-69.9824,2.17549,5.20504,107.495,-113.434,28.8957,
0.7,0.596244,0.90303,-70.544,164.331,-7.2669,-2.96593,0,-116.722,36.0425,0,-70.509,2.17459,5.2473,112.807,-119.047,30.3251,
0.7,0.596229,0.902895,-69.82,162.479,-7.20756,-2.93605,0,-115.396,35.6398,0,-69.7856,2.14363,5.19501,111.531,-117.711,29.9838,
0.7,0.596209,0.902758,-70.2084,161.586,-7.2645,-2.95309,0,-114.755,35.4481,0,-70.1741,2.14689,5.22548,110.914,-117.067,29.8192,
0.7,0.596193,0.902474,-69.8654,151.822,-7.24464,-2.93916,0,-107.82,33.3165,0,-69.8315,2.12789,5.2015,104.23,-109.976,28.0159,
0.7,0.59618,0.902338,-69.5715,163.704,-7.22979,-2.9273,0,-116.237,35.926,0,-69.5381,2.10981,5.18128,112.356,-118.612,30.2111,
0.7,0.596144,0.902202,-70.9795,163.284,-7.40888,-2.98742,0,-115.931,35.8386,0,-70.9459,2.13509,5.28929,112.064,-118.311,30.1339,
0.7,0.596122,0.902054,-70.5063,160.155,-7.37624,-2.96787,0,-113.706,35.1566,0,-70.4732,2.11225,5.2556,109.914,-116.046,29.5566,
0.7,0.596108,0.901918,-69.8751,161.666,-7.32509,-2.94157,0,-114.771,35.4926,0,-69.8426,2.08426,5.21019,110.948,-117.145,29.8358,
0.7,0.596091,0.901784,-70.192,161.268,-7.37369,-2.95463,0,-114.478,35.4081,0,-70.1596,2.08538,5.23533,110.67,-116.859,29.7626,
0.7,0.596069,0.901649,-70.4758,161.508,-7.41996,-2.96648,0,-114.639,35.4653,0,-70.4435,2.08548,5.25801,110.829,-117.039,29.8076,
0.7,0.596053,0.901375,-70.1254,150.46,-7.39863,-2.9518,0,-106.782,33.048,0,-70.0935,2.06689,5.23336,103.239,-109.041,27.7692,
0.7,0.596042,0.901247,-69.7615,161.619,-7.37467,-2.93648,0,-114.69,35.502,0,-69.73,2.04694,5.20788,110.89,-117.134,29.8293,
0.7,0.596015,0.901088,-70.5374,161.445,-7.48586,-2.9693,0,-114.591,35.4828,0,-70.5061,2.05207,5.26899,110.768,-117.01,29.7974,
0.7,0.595997,0.900944,-70.0978,161.984,-7.45512,-2.95097,0,-114.967,35.6056,0,-70.067,2.03082,5.2377,111.132,-117.406,29.8973,
0.7,0.595987,0.900812,-69.7254,162.002,-7.42989,-2.93554,0,-114.972,35.6134,0,-69.695,2.01065,5.21157,111.139,-117.424,29.9011,
0.7,0.595972,0.900535,-70.0423,151.5,-7.47896,-2.94896,0,-107.504,33.3129,0,-70.012,2.01122,5.23681,103.926,-109.818,27.9632,
0.7,0.595957,0.900403,-69.9725,162.427,-7.48699,-2.94622,0,-115.248,35.7202,0,-69.9425,2.00052,5.23317,111.415,-117.745,29.9807,
0.7,0.595922,0.900271,-71.159,162.578,-7.64701,-2.99702,0,-115.347,35.7582,0,-71.129,2.01628,5.3252,111.514,-117.86,30.0091,
0.7,0.595906,0.900142,-70.2999,160.853,-7.5701,-2.96092,0,-114.111,35.3821,0,-70.2705,1.98344,5.26245,110.325,-116.614,29.6912,
0.7,0.59589,0.900012,-70.2076,161.272,-7.57549,-2.95721,0,-114.398,35.4782,0,-70.1785,1.97223,5.2571,110.606,-116.923,29.7689,
0.7,0.595878,0.899736,-70.0041,150.384,-7.56896,-2.94913,0,-106.657,33.0908,0,-69.9754,1.95734,5.24353,103.129,-109.038,27.7599,
0.7,0.595861,0.899605,-70.2702,161.914,-7.61376,-2.96069,0,-114.822,35.6303,0,-70.2417,1.95595,5.26506,111.031,-117.403,29.8888,
0.7,0.595839,0.899445,-70.643,159.217,-7.68325,-2.97646,0,-112.906,35.0421,0,-70.6148,1.94781,5.29635,109.179,-115.45,29.3911,
0.7,0.595833,0.899336,-69.6801,162.082,-7.59221,-2.93593,0,-114.921,35.6759,0,-69.6526,1.91122,5.22598,111.135,-117.535,29.9207,
0.7,0.595817,0.899164,-70.4397,156.192,-7.69067,-2.96806,0,-110.746,34.3858,0,-70.4122,1.92294,5.2846,107.097,-113.263,28.8333,
0.7,0.595806,0.899031,-70.1426,159.196,-7.67255,-2.95533,0,-112.864,35.0508,0,-70.1154,1.90581,5.26394,109.153,-115.445,29.3881,
0.7,0.595794,0.898894,-70.2012,158.736,-7.69342,-2.95764,0,-112.53,34.9547,0,-70.1742,1.89846,5.26996,108.831,-115.117,29.3038,
0.7,0.595784,0.898746,-70.059,157.902,-7.6928,-2.95185,0,-111.934,34.7779,0,-70.0323,1.88521,5.26098,108.257,-114.515,29.1501,
0.7,0.595765,0.89861,-70.8139,158.589,-7.79205,-2.98384,0,-112.414,34.9347,0,-70.7872,1.89654,5.3193,108.724,-115.017,29.2773,
0.7,0.59575,0.898476,-70.5452,158.684,-7.77787,-2.97249,0,-112.47,34.9596,0,-70.5189,1.88047,5.30073,108.784,-115.09,29.2951,
0.7,0.595736,0.89834,-70.4696,158.633,-7.78447,-2.96955,0,-112.426,34.9534,0,-70.4434,1.86967,5.29663,108.745,-115.057,29.2861,
0.7,0.59572,0.898192,-70.4705,158.267,-7.80062,-2.97013,0,-112.16,34.8784,0,-70.4446,1.86037,5.29839,108.49,-114.795,29.2189,
0.7,0.595708,0.898057,-70.3682,158.352,-7.80405,-2.96612,0,-112.211,34.9028,0,-70.3426,1.8483,5.2924,108.544,-114.861,29.2349,
0.7,0.595697,0.897925,-70.2209,159.205,-7.8026,-2.95996,0,-112.804,35.0943,0,-70.1956,1.83538,5.28296,109.124,-115.483,29.3928,
0.7,0.595687,0.89779,-70.1988,158.158,-7.81479,-2.95935,0,-112.053,34.8677,0,-70.1738,1.82558,5.28297,108.403,-114.728,29.1998,
0.7,0.595677,0.897641,-70.1261,158.114,-7.82183,-2.95682,0,-112.016,34.8626,0,-70.1013,1.81456,5.27915,108.369,-114.7,29.1921,
0.7,0.595667,0.897536,-70.2756,160.723,-7.85384,-2.96367,0,-113.804,35.4337,0,-70.251,1.80846,5.29221,110.124,-116.622,29.6765,
0.7,0.595657,0.897399,-70.0701,160.453,-7.84562,-2.95526,0,-113.605,35.3785,0,-70.0458,1.79398,5.2784,109.935,-116.43,29.627,
0.7,0.595635,0.897261,-70.8966,159.665,-7.96921,-2.99136,0,-113.041,35.208,0,-70.8725,1.79699,5.34394,109.392,-115.861,29.4817,
0.7,0.595622,0.89711,-70.4484,157.265,-7.93479,-2.97314,0,-111.337,34.6837,0,-70.4248,1.77594,5.31192,107.744,-114.122,29.0389,
0.7,0.59561,0.896973,-70.5232,157.865,-7.95871,-2.97672,0,-111.755,34.8191,0,-70.4997,1.76887,5.31917,108.152,-114.561,29.1499,
0.7,0.595596,0.896838,-70.5303,158.428,-7.97501,-2.97746,0,-112.144,34.9453,0,-70.5071,1.76006,5.32134,108.534,-114.973,29.2542,
0.7,0.595583,0.8967,-70.578,157.475,-7.99626,-2.98019,0,-111.461,34.7377,0,-70.555,1.75223,5.32657,107.878,-114.284,29.0784,
0.7,0.595568,0.896547,-70.7728,156.461,-8.03444,-2.98915,0,-110.739,34.5182,0,-70.7499,1.74774,5.34296,107.18,-113.55,28.8914,
0.7,0.595561,0.896406,-70.115,157.167,-7.9754,-2.96231,0,-111.23,34.6758,0,-70.0926,1.72154,5.2951,107.661,-114.066,29.0221,
0.7,0.595551,0.896262,-70.3658,156.813,-8.01901,-2.97328,0,-110.974,34.6008,0,-70.3436,1.71844,5.31572,107.417,-113.811,28.9569,
0.7,0.595541,0.896118,-70.4934,156.45,-8.04918,-2.97945,0,-110.71,34.5236,0,-70.4714,1.71254,5.32699,107.166,-113.548,28.8899,
0.7,0.595526,0.895818,-70.5011,150.74,-8.06594,-2.98037,0,-106.66,33.272,0,-70.4792,1.70374,5.32919,103.251,-109.407,27.8358,
0.7,0.59551,0.895676,-70.7265,158.21,-8.12086,-2.99056,0,-111.937,34.9239,0,-70.7051,1.69037,5.34964,108.366,-114.831,29.2153,
0.7,0.5955,0.895532,-70.4166,157.069,-8.10073,-2.97794,0,-111.124,34.677,0,-70.3955,1.67422,5.32778,107.582,-114.005,29.0048,
0.7,0.595489,0.895387,-70.5508,155.934,-8.1312,-2.98397,0,-110.316,34.4319,0,-70.5298,1.66862,5.33952,106.802,-113.183,28.7954,
0.7,0.595477,0.895231,-70.6113,155.765,-8.15397,-2.98701,0,-110.191,34.3991,0,-70.5906,1.66035,5.34586,106.684,-113.062,28.7644,
0.7,0.595466,0.895088,-70.619,155.81,-8.17004,-2.98737,0,-110.217,34.4137,0,-70.5985,1.6515,5.34808,106.712,-113.097,28.7729,
0.7,0.595455,0.894945,-70.5714,156.826,-8.17977,-2.98571,0,-110.933,34.6336,0,-70.5511,1.64123,5.34613,107.405,-113.838,28.9608,
0.7,0.595443,0.894803,-70.6898,156.401,-8.20994,-2.99149,0,-110.627,34.5439,0,-70.6697,1.63395,5.35691,107.111,-113.532,28.8825,
0.7,0.595432,0.894652,-70.6253,155.417,-8.21774,-2.98927,0,-109.924,34.3309,0,-70.6055,1.62297,5.35374,106.435,-112.819,28.7009,
0.7,0.595422,0.894511,-70.657,155.73,-8.2368,-2.9911,0,-110.137,34.4039,0,-70.6374,1.61425,5.35785,106.644,-113.05,28.7591,
0.7,0.595412,0.894231,-70.569,146.192,-8.24162,-2.98787,0,-103.376,32.3054,0,-70.5496,1.60275,5.35289,100.106,-106.132,26.9982,
0.7,0.5954,0.894076,-70.707,154.756,-8.27339,-2.99606,0,-109.427,34.2033,0,-70.6879,1.5955,5.36524,105.969,-112.351,28.5799,
0.7,0.595389,0.893937,-70.5339,158.19,-8.26793,-2.98916,0,-111.845,34.9652,0,-70.515,1.58211,5.35382,108.317,-114.848,29.2144,
0.7,0.595367,0.893796,-71.6092,155.452,-8.42441,-3.03555,0,-109.901,34.3635,0,-71.5904,1.5874,5.43885,106.436,-112.865,28.7092,
0.7,0.595361,0.893655,-70.3617,156.514,-8.29192,-2.98299,0,-110.645,34.6017,0,-70.3435,1.5496,5.34593,107.16,-113.639,28.9056,
0.7,0.595345,0.893503,-71.027,155.431,-8.3868,-3.01158,0,-109.872,34.3661,0,-71.0089,1.55498,5.39816,106.416,-112.855,28.7058,
0.7,0.595335,0.893362,-70.7268,155.688,-8.36606,-2.99907,0,-110.045,34.4261,0,-70.7089,1.53907,5.37703,106.587,-113.046,28.7537,
0.7,0.595324,0.893222,-70.7679,155.66,-8.38588,-3.00106,0,-110.018,34.4232,0,-70.7502,1.53065,5.38184,106.564,-113.03,28.7489,
0.7,0.595318,0.893082,-70.4132,155.782,-8.35835,-2.98642,0,-110.096,34.4537,0,-70.3958,1.51287,5.35669,106.643,-113.122,28.7717,
0.7,0.595304,0.892933,-71.0498,154.573,-8.45069,-3.01395,0,-109.233,34.1902,0,-71.0324,1.51716,5.40681,105.812,-112.246,28.5486,
0.7,0.595294,0.892656,-70.7038,146.048,-8.42474,-2.99942,0,-103.191,32.3113,0,-70.6868,1.5006,5.38214,99.9669,-106.065,26.9749,
0.7,0.595283,0.892517,-70.914,154.881,-8.46517,-3.0085,0,-109.423,34.2693,0,-70.8972,1.49636,5.39972,106.009,-112.484,28.6068,
0.7,0.595261,0.892367,-71.3599,156.536,-8.54963,-3.02743,0,-110.583,34.639,0,-71.3433,1.48787,5.4369,107.139,-113.687,28.9126,
0.7,0.595254,0.892225,-70.5521,156.199,-8.46045,-2.9917,0,-110.334,34.5694,0,-70.5359,1.46086,5.37719,106.9,-113.451,28.8511,
0.7,0.595244,0.892082,-70.8187,154.564,-8.50813,-3.00315,0,-109.171,34.2117,0,-70.8026,1.45773,5.39907,105.777,-112.266,28.5494,
0.7,0.595238,0.89194,-70.5632,153.974,-8.49201,-2.99267,0,-108.747,34.0861,0,-70.5474,1.44294,5.38132,105.371,-111.841,28.4407,
0.7,0.595224,0.891801,-71.3097,154.045,-8.59803,-3.02603,0,-108.786,34.1066,0,-71.294,1.44994,5.43975,105.414,-111.897,28.4542,
0.7,0.595216,0.891646,-70.7615,152.768,-8.54654,-3.00308,0,-107.879,33.83,0,-70.746,1.42963,5.39958,104.538,-110.97,28.2184,
0.7,0.595209,0.891505,-70.6151,155.051,-8.54374,-2.99743,0,-109.484,34.3405,0,-70.5999,1.41742,5.39008,106.097,-112.632,28.6404,
0.7,0.595203,0.891364,-70.5939,154.24,-8.55549,-2.99687,0,-108.904,34.166,0,-70.5789,1.40739,5.3902,105.538,-112.046,28.4909,
0.7,0.595201,0.891225,-70.3519,153.865,-8.54035,-2.98693,0,-108.628,34.0872,0,-70.3371,1.3924,5.37356,105.276,-111.779,28.4221,
0.7,0.595191,0.89107,-70.9802,152.491,-8.63296,-3.01417,0,-107.653,33.7881,0,-70.9655,1.39547,5.42324,104.335,-110.782,28.1684,
0.7,0.595185,0.890785,-70.6414,144.444,-8.60663,-3.00013,0,-101.958,32.0136,0,-70.627,1.37927,5.39908,98.8231,-104.941,26.6823,
0.7,0.595177,0.890643,-70.8422,153.152,-8.64639,-3.00909,0,-108.097,33.9486,0,-70.8279,1.37378,5.41612,104.779,-111.27,28.2913,
0.7,0.595168,0.89049,-70.7494,155.659,-8.65053,-3.00527,0,-109.858,34.5092,0,-70.7353,1.36263,5.41071,106.491,-113.094,28.7545,
0.7,0.595148,0.890349,-71.5516,155.021,-8.78111,-3.04031,0,-109.399,34.3725,0,-71.5377,1.3588,5.47554,106.051,-112.632,28.6368,
0.7,0.59514,0.890209,-70.8761,154.413,-8.7137,-3.01169,0,-108.97,34.2433,0,-70.8626,1.33677,5.42552,105.654,-112.173,28.5229,
0.7,0.595131,0.890067,-70.886,153.707,-8.73028,-3.01215,0,-108.464,34.0917,0,-70.8726,1.32763,5.42795,105.168,-111.663,28.3927,
0.7,0.595123,0.889913,-70.9656,152.766,-8.7567,-3.01605,0,-107.791,33.8872,0,-70.9524,1.31887,5.4359,104.521,-110.982,28.2191,
0.7,0.595116,0.889632,-70.7843,143.557,-8.74933,-3.0085,0,-101.278,31.8535,0,-70.7714,1.30577,5.42377,98.2147,-104.297,26.5185,
0.7,0.595108,0.88948,-70.8292,154.788,-8.78407,-3.01099,0,-109.195,34.3508,0,-70.8166,1.28682,5.43078,105.896,-112.458,28.5932,
0.7,0.595105,0.889344,-70.5712,154.047,-8.76656,-3.00048,0,-108.66,34.1909,0,-70.5588,1.27232,5.41277,105.385,-111.925,28.4569,
0.7,0.595101,0.889204,-70.6397,153.179,-8.78917,-3.00389,0,-108.04,34.0031,0,-70.6275,1.26296,5.41994,104.787,-111.296,28.2967,
0.7,0.595097,0.889063,-70.6531,154.273,-8.80438,-3.00488,0,-108.803,34.2516,0,-70.6411,1.25376,5.42267,105.533,-112.094,28.4991,
0.7,0.595091,0.888774,-70.732,144.506,-8.82792,-3.00847,0,-101.897,32.0916,0,-70.7201,1.24595,5.43039,98.8453,-105.004,26.6954,
0.7,0.595078,0.888636,-71.2157,154.734,-8.91766,-3.02993,0,-109.099,34.3664,0,-71.2041,1.23514,5.47101,105.837,-112.439,28.585,
0.7,0.595078,0.888497,-70.4536,153.791,-8.83562,-2.998,0,-108.425,34.1606,0,-70.4423,1.21133,5.41437,105.189,-111.757,28.4112,
0.7,0.595071,0.888345,-70.9699,151.295,-8.91493,-3.02027,0,-106.659,33.6107,0,-70.9586,1.21119,5.45567,103.479,-109.945,27.9502,
0.7,0.595068,0.888208,-70.6411,152.595,-8.88709,-3.0067,0,-107.563,33.9032,0,-70.6301,1.19569,5.43218,104.363,-110.895,28.1908,
0.7,0.595059,0.888067,-71.1477,151.822,-8.96563,-3.02863,0,-107.01,33.7359,0,-71.1368,1.19492,5.47283,103.832,-110.335,28.0483,
0.7,0.595054,0.887925,-70.8372,152.977,-8.94085,-3.01581,0,-107.816,33.9977,0,-70.8265,1.18047,5.45061,104.619,-111.177,28.2619,
0.7,0.595048,0.887782,-70.9559,151.934,-8.97112,-3.02109,0,-107.074,33.7712,0,-70.9453,1.17332,5.46139,103.903,-110.422,28.0694,
0.7,0.595042,0.887485,-70.8704,145.354,-8.97565,-3.01785,0,-102.423,32.3186,0,-70.86,1.16195,5.4566,99.3977,-105.644,26.8541,
0.7,0.59503,0.887343,-71.3147,152.951,-9.06168,-3.03716,0,-107.769,34.0126,0,-71.3046,1.15147,5.49402,104.59,-111.169,28.258,
0.7,0.595023,0.887201,-71.0328,152.046,-9.0416,-3.02519,0,-107.122,33.816,0,-71.0228,1.13844,5.47383,103.968,-110.513,28.091,
0.7,0.595011,0.887046,-71.312,152.019,-9.09354,-3.03718,0,-107.096,33.8152,0,-71.3021,1.13427,5.4969,103.946,-110.496,28.0863,
0.7,0.595007,0.886766,-70.875,142.355,-9.05289,-3.01879,0,-100.268,31.6735,0,-70.8653,1.11784,5.46492,97.334,-103.476,26.3012,
0.7,0.595,0.886624,-71.0908,151.207,-9.09565,-3.02805,0,-106.493,33.6476,0,-71.0813,1.11227,5.48318,103.382,-109.914,27.937,
0.7,0.594995,0.886469,-70.947,152.421,-9.09229,-3.02195,0,-107.341,33.9229,0,-70.9377,1.10075,5.47377,104.21,-110.799,28.1615,
0.7,0.594981,0.886332,-71.6697,151.425,-9.21729,-3.05336,0,-106.627,33.7036,0,-71.6606,1.09207,5.53311,103.525,-110.078,27.9777,
0.7,0.594973,0.886191,-71.0936,152.761,-9.15897,-3.02887,0,-107.558,34.0043,0,-71.0847,1.07386,5.49033,104.435,-111.052,28.2247,
0.7,0.594967,0.886037,-71.1644,149.784,-9.18387,-3.0318,0,-105.456,33.346,0,-71.1556,1.06571,5.49746,102.398,-108.889,27.6748,
0.7,0.594957,0.885896,-71.3673,151.362,-9.2272,-3.04074,0,-106.56,33.7022,0,-71.3586,1.05953,5.51479,103.474,-110.04,27.9667,
0.7,0.594952,0.885758,-71.0886,150.649,-9.2068,-3.02895,0,-106.046,33.5461,0,-71.0801,1.04616,5.49492,102.981,-109.526,27.8353,
0.7,0.5949,0.885464,-74.3783,140.399,-9.65502,-3.16763,0,-98.8173,31.2701,0,-74.3694,1.09605,5.74894,95.9708,-102.077,25.9418,
0.7,0.594898,0.885323,-70.8739,152.573,-9.21571,-3.01843,0,-107.376,33.9856,0,-70.8656,1.0347,5.47983,104.288,-110.932,28.1916,
0.7,0.594885,0.885185,-71.6734,151.134,-9.35264,-3.05265,0,-106.351,33.6684,0,-71.6653,1.02826,5.5449,103.299,-109.891,27.9261,
0.7,0.594884,0.885045,-70.816,151.531,-9.25561,-3.01614,0,-106.62,33.7605,0,-70.8081,1.00636,5.4803,103.567,-110.182,27.9997,
0.7,0.59488,0.884904,-71.0764,150.404,-9.30487,-3.02668,0,-105.818,33.5132,0,-71.0686,1.00129,5.50204,102.793,-109.366,27.7918,
0.7,0.594873,0.88475,-71.3329,149.787,-9.35493,-3.03744,0,-105.376,33.3801,0,-71.3252,0.996141,5.52347,102.368,-108.92,27.6779,
0.7,0.594869,0.884608,-71.0928,149.771,-9.33835,-3.02674,0,-105.355,33.3811,0,-71.0853,0.983712,5.50651,102.354,-108.911,27.6752,
0.7,0.594866,0.88447,-71.0424,150.239,-9.34642,-3.02409,0,-105.673,33.4884,0,-71.035,0.973703,5.50428,102.67,-109.255,27.7621,
0.7,0.594866,0.884177,-70.8385,139.367,-9.33403,-3.01465,0,-98.0111,31.0749,0,-70.8313,0.960657,5.49034,95.2322,-101.357,25.7538,
0.7,0.594857,0.884039,-71.5667,149.453,-9.44649,-3.04543,0,-105.092,33.3277,0,-71.5595,0.961443,5.54841,102.119,-108.695,27.6179,
0.7,0.59485,0.883898,-71.3576,148.954,-9.43394,-3.03621,0,-104.733,33.2221,0,-71.3506,0.94982,5.53379,101.775,-108.336,27.5261,
0.7,0.594848,0.883756,-71.0447,151.371,-9.4069,-3.02259,0,-106.424,33.7667,0,-71.0378,0.936375,5.51119,103.423,-110.097,27.973,
0.7,0.594837,0.883599,-71.5099,150.621,-9.49874,-3.04096,0,-105.89,33.6054,0,-71.5032,0.925341,5.55037,102.907,-109.554,27.8346,
0.7,0.594829,0.883459,-71.5594,149.063,-9.52121,-3.04248,0,-104.783,33.2624,0,-71.5529,0.917127,5.55581,101.839,-108.425,27.5471,
0.7,0.594824,0.883316,-71.3138,148.752,-9.5037,-3.03149,0,-104.554,33.1975,0,-71.3074,0.905064,5.53835,101.623,-108.201,27.4898,
0.7,0.594823,0.883162,-71.0121,147.446,-9.47826,-3.01798,0,-103.629,32.9117,0,-71.0058,0.891333,5.51669,100.729,-107.254,27.2486,
0.7,0.594819,0.883022,-71.1835,149.315,-9.51674,-3.02491,0,-104.932,33.3343,0,-71.1773,0.884366,5.53165,102.001,-108.617,27.5944,
0.7,0.594813,0.882883,-71.3996,148.879,-9.56143,-3.03358,0,-104.612,33.2407,0,-71.3936,0.877688,5.55014,101.698,-108.305,27.5143,
0.7,0.594811,0.882741,-71.1177,148.917,-9.5386,-3.02101,0,-104.63,33.254,0,-71.1118,0.864967,5.52989,101.72,-108.336,27.5216,
0.7,0.594812,0.882598,-70.8857,148.885,-9.52194,-3.01072,0,-104.599,33.2517,0,-70.8799,0.852163,5.51364,101.695,-108.315,27.516,
0.7,0.594809,0.882299,-71.1813,141.399,-9.57716,-3.02279,0,-99.3236,31.5881,0,-71.1757,0.84679,5.53825,96.577,-102.874,26.1329,
0.7,0.594798,0.882155,-71.687,150.495,-9.676,-3.04417,0,-105.705,33.6238,0,-71.6816,0.834843,5.58082,102.787,-109.494,27.8142,
0.7,0.594796,0.881999,-71.1197,146.534,-9.61423,-3.01986,0,-102.918,32.7433,0,-71.1144,0.818773,5.53836,100.08,-106.613,27.0822,
0.7,0.594791,0.881856,-71.4705,147.585,-9.67763,-3.03477,0,-103.648,32.9822,0,-71.4653,0.814254,5.56722,100.795,-107.381,27.2767,
0.7,0.594782,0.881715,-71.6895,148.371,-9.72357,-3.04402,0,-104.188,33.1613,0,-71.6844,0.807941,5.58586,101.328,-107.956,27.4222,
0.7,0.594779,0.881572,-71.3037,147.336,-9.68623,-3.0276,0,-103.451,32.9337,0,-71.2987,0.794615,5.55742,100.616,-107.207,27.2312,
0.7,0.594777,0.881415,-71.2277,146.154,-9.6908,-3.02439,0,-102.615,32.6742,0,-71.2228,0.78472,5.55312,99.8085,-106.348,27.0129,
0.7,0.594778,0.881272,-70.9314,147.732,-9.66573,-3.01173,0,-103.713,33.0315,0,-70.9266,0.771711,5.53178,100.883,-107.498,27.3047,
0.7,0.594777,0.881129,-71.1569,148.182,-9.71153,-3.02116,0,-104.021,33.136,0,-71.1523,0.765011,5.55101,101.189,-107.828,27.3882,
0.7,0.594772,0.880846,-71.479,137.618,-9.77178,-3.03478,0,-96.5846,30.7788,0,-71.4744,0.759366,5.57777,93.9687,-100.145,25.436,
0.7,0.594771,0.88069,-71.1462,149.053,-9.74168,-3.02016,0,-104.604,33.3409,0,-71.1417,0.746728,5.55344,101.776,-108.468,27.5497,
0.7,0.594773,0.880546,-70.9642,148.367,-9.74728,-3.01211,0,-104.114,33.1919,0,-70.96,0.72633,5.54256,101.305,-107.971,27.423,
0.7,0.594769,0.880403,-71.4733,147.645,-9.83305,-3.0334,0,-103.596,33.0337,0,-71.4691,0.722622,5.58393,100.807,-107.45,27.29,
0.7,0.594767,0.880257,-71.248,146.259,-9.81695,-3.02328,0,-102.616,32.7281,0,-71.2439,0.711407,5.56793,99.8585,-106.443,27.0341,
0.7,0.59477,0.880098,-70.9396,145.477,-9.78874,-3.00992,0,-102.062,32.5584,0,-70.9357,0.698316,5.54563,99.3238,-105.875,26.8896,
0.7,0.594769,0.879952,-71.1972,146.929,-9.83951,-3.02077,0,-103.072,32.8883,0,-71.1933,0.691599,5.56743,100.311,-106.935,27.1582,
0.7,0.594769,0.87981,-71.1693,147.181,-9.85036,-3.01934,0,-103.237,32.9474,0,-71.1655,0.681825,5.56696,100.48,-107.121,27.205,
0.7,0.594762,0.879666,-71.7114,146.479,-9.94228,-3.04198,0,-102.736,32.794,0,-71.7077,0.676287,5.61129,99.9986,-106.612,27.0754,
0.7,0.594769,0.879363,-70.693,134.88,-9.81487,-2.99854,0,-94.588,30.2045,0,-70.6895,0.657249,5.5333,92.0766,-98.1724,24.9316,
0.7,0.594767,0.879219,-71.3231,146.119,-9.9176,-3.02484,0,-102.458,32.7245,0,-71.3196,0.653662,5.58432,99.745,-106.357,27.0095,
0.7,0.594752,0.879073,-72.1211,148.128,-10.0471,-3.05856,0,-103.859,33.1781,0,-72.1176,0.651541,5.64849,101.114,-107.821,27.3811,
0.7,0.594748,0.878912,-71.4733,147.587,-9.98765,-3.03039,0,-103.474,33.0614,0,-71.4701,0.626869,5.60114,100.744,-107.428,27.2811,
0.7,0.594744,0.878765,-71.5299,145.756,-10.0119,-3.03259,0,-102.183,32.6556,0,-71.5268,0.618534,5.60717,99.492,-106.097,26.9427,
0.7,0.594736,0.87862,-71.8679,145.321,-10.0759,-3.04666,0,-101.868,32.5604,0,-71.8648,0.61241,5.63529,99.1916,-105.784,26.8627,
0.7,0.594733,0.878473,-71.5525,145.385,-10.0473,-3.03306,0,-101.905,32.5779,0,-71.5495,0.6006,5.61219,99.2328,-105.832,26.8746,
0.7,0.594734,0.878313,-71.1608,144.608,-10.0071,-3.01601,0,-101.357,32.4077,0,-71.158,0.587137,5.5833,98.7025,-105.267,26.731,
0.7,0.594733,0.878172,-71.3427,145.491,-10.0475,-3.02357,0,-101.963,32.607,0,-71.3399,0.579003,5.5993,99.302,-105.911,26.8943,
0.7,0.59473,0.878028,-71.5515,144.966,-10.0933,-3.03237,0,-101.584,32.4916,0,-71.5487,0.571024,5.61743,98.94,-105.533,26.7977,
0.7,0.59473,0.877721,-71.2657,134.603,-10.0678,-3.01991,0,-94.3104,30.1765,0,-71.263,0.559011,5.59673,91.8662,-97.9901,24.8822,
0.7,0.594731,0.877575,-71.267,144.647,-10.0829,-3.01926,0,-101.337,32.4321,0,-71.2645,0.549551,5.59854,98.7157,-105.306,26.7391,
0.7,0.594735,0.877432,-71.0841,147.414,-10.0715,-3.01118,0,-103.264,33.0546,0,-71.0816,0.538092,5.58598,100.602,-107.322,27.2508,
0.7,0.594776,0.877285,-68.2256,145.182,-9.68676,-2.88889,0,-101.692,32.5577,0,-68.2234,0.499687,5.36436,99.0769,-105.7,26.8385,
0.7,0.594776,0.877125,-71.3544,145.306,-10.1465,-3.02099,0,-101.773,32.5898,0,-71.3521,0.513648,5.61197,99.1609,-105.79,26.8613,
0.7,0.594777,0.876977,-71.23,144.577,-10.1448,-3.01612,0,-101.254,32.4295,0,-71.2278,0.503188,5.60391,98.66,-105.262,26.7268,
0.7,0.594774,0.876833,-71.5133,145.267,-10.2011,-3.02835,0,-101.727,32.587,0,-71.5112,0.496125,5.62783,99.1289,-105.767,26.8546,
0.7,0.594768,0.876687,-71.7976,143.957,-10.2585,-3.04079,0,-100.801,32.2963,0,-71.7955,0.488849,5.65186,98.2326,-104.814,26.6126,
0.7,0.594767,0.87654,-71.4358,144.318,-10.2227,-3.02556,0,-101.046,32.3811,0,-71.4338,0.477049,5.62506,98.4767,-105.079,26.6794,
0.7,0.59477,0.87638,-71.143,144.416,-10.1966,-3.01374,0,-101.11,32.4086,0,-71.1411,0.465129,5.60379,98.5422,-105.152,26.6978,
0.7,0.59477,0.876087,-71.4118,132.67,-10.2506,-3.02537,0,-92.8702,29.7787,0,-71.4099,0.457677,5.62661,90.5232,-96.6025,24.5265,
0.7,0.594765,0.875907,-71.6694,144.229,-10.3041,-3.03652,0,-100.988,32.3919,0,-71.6676,0.450343,5.64852,98.4122,-105.018,26.6633,
0.7,0.594763,0.875745,-71.5013,145.173,-10.3123,-3.02961,0,-101.643,32.6078,0,-71.4996,0.43074,5.63861,99.0551,-105.706,26.8379,
0.7,0.594761,0.875596,-71.5656,143.086,-10.3373,-3.03245,0,-100.174,32.1424,0,-71.564,0.422347,5.64525,97.6294,-104.188,26.4521,
0.7,0.594759,0.875451,-71.5202,143.295,-10.3463,-3.03059,0,-100.309,32.1908,0,-71.5186,0.413477,5.64321,97.77,-104.341,26.4908,
0.7,0.594755,0.875304,-71.8049,142.93,-10.404,-3.04251,0,-100.046,32.1115,0,-71.8033,0.406413,5.66724,97.5198,-104.077,26.4235,
0.7,0.594753,0.875142,-71.5417,142.668,-10.3824,-3.03142,0,-99.8573,32.0564,0,-71.5402,0.396186,5.64803,97.34,-103.887,26.3752,
0.7,0.594756,0.874998,-71.2421,143.388,-10.3542,-3.01884,0,-100.349,32.221,0,-71.2407,0.384642,5.62616,97.8287,-104.413,26.5084,
0.7,0.594754,0.874852,-71.5654,143.593,-10.4173,-3.03267,0,-100.484,32.2708,0,-71.5641,0.377146,5.65335,97.9661,-104.564,26.5464,
0.7,0.594749,0.874707,-71.8919,142.727,-10.482,-3.04652,0,-99.8699,32.0797,0,-71.8906,0.369414,5.68084,97.3727,-103.936,26.3866,
0.7,0.59475,0.874404,-71.3863,133.513,-10.4248,-3.02563,0,-93.4068,30.0153,0,-71.385,0.356847,5.64267,91.0821,-97.2302,24.6835,
0.7,0.594747,0.874232,-71.685,143.334,-10.4848,-3.03839,0,-100.275,32.228,0,-71.6838,0.349093,5.66794,97.7833,-104.382,26.4992,
0.7,0.594736,0.874074,-72.3337,142.386,-10.6134,-3.06587,0,-99.6055,32.0186,0,-72.3326,0.333768,5.72255,97.136,-103.692,26.3239,
0.7,0.594731,0.873929,-71.8119,143.949,-10.554,-3.04376,0,-100.689,32.3736,0,-71.8108,0.322475,5.68286,98.1998,-104.831,26.613,
0.7,0.594731,0.873786,-71.5399,143.762,-10.5298,-3.03223,0,-100.546,32.3333,0,-71.5388,0.311555,5.66307,98.069,-104.699,26.5787,
0.7,0.594723,0.873641,-72.1493,142.071,-10.6367,-3.05801,0,-99.3535,31.9559,0,-72.1483,0.305331,5.71291,96.9137,-103.468,26.2662,
0.7,0.59472,0.873482,-71.8514,141.225,-10.6091,-3.04514,0,-98.7551,31.7694,0,-71.8504,0.295233,5.6909,96.3363,-102.853,26.1098,
0.7,0.594719,0.873339,-71.5858,142.263,-10.5869,-3.03359,0,-99.4706,32.0052,0,-71.5849,0.284673,5.67157,97.0414,-103.61,26.3018,
0.7,0.594717,0.873196,-71.7144,142.469,-10.622,-3.03873,0,-99.6049,32.0545,0,-71.7135,0.276402,5.68333,97.1791,-103.763,26.3401,
0.7,0.594717,0.873055,-71.6195,142.173,-10.6236,-3.03442,0,-99.3863,31.9896,0,-71.6186,0.26683,5.67746,96.9731,-103.552,26.2859,
0.7,0.594714,0.872898,-71.7945,141.469,-10.6657,-3.04123,0,-98.888,31.8348,0,-71.7937,0.258995,5.69285,96.4916,-103.04,26.1557,
0.7,0.594717,0.872753,-71.3521,141.7,-10.6155,-3.02242,0,-99.0413,31.89,0,-71.3513,0.248538,5.65936,96.6467,-103.21,26.1986,
0.7,0.594716,0.872464,-71.6758,131.829,-10.679,-3.03585,0,-92.1234,29.6747,0,-71.675,0.241303,5.68653,89.9088,-96.0246,24.3739,
0.7,0.594716,0.872305,-71.6594,140.052,-10.6917,-3.03478,0,-97.8643,31.5309,0,-71.6587,0.232757,5.68676,95.517,-102.015,25.8944,
0.7,0.594713,0.872335,-71.8225,154.749,-10.7319,-3.04051,0,-108.085,34.8332,0,-71.8218,0.224641,5.70125,105.515,-112.743,28.6138,
0.7,0.594716,0.872193,-71.4153,142.247,-10.7016,-3.02242,0,-99.3401,32.0226,0,-71.4147,0.205713,5.6721,96.9881,-103.637,26.3023,
0.7,0.594714,0.872048,-71.7418,143.506,-10.7659,-3.03561,0,-100.209,32.3098,0,-71.7412,0.198027,5.69957,97.8423,-104.558,26.5354,
0.7,0.594709,0.871903,-72.0814,141.003,-10.8336,-3.04914,0,-98.4515,31.7503,0,-72.0808,0.19018,5.72812,96.1335,-102.736,26.0728,
0.7,0.594708,0.871744,-71.759,139.785,-10.801,-3.03487,0,-97.5946,31.481,0,-71.7584,0.180337,5.70411,95.3024,-101.85,25.8476,
0.7,0.594711,0.8716,-71.4246,140.818,-10.7671,-3.0205,0,-98.3048,31.72,0,-71.4241,0.169792,5.67928,96.0028,-102.605,26.0389,
0.7,0.594712,0.871458,-71.5972,141.749,-10.8091,-3.02746,0,-98.9428,31.9314,0,-71.5967,0.161041,5.69464,96.6347,-103.286,26.2112,
0.7,0.59471,0.871312,-71.8284,140.565,-10.8608,-3.03673,0,-98.1074,31.669,0,-71.828,0.152243,5.7147,95.8258,-102.425,25.9924,
0.7,0.594712,0.871152,-71.549,139.821,-10.8351,-3.0249,0,-97.5827,31.5067,0,-71.5486,0.142594,5.69409,95.3191,-101.883,25.8549,
0.7,0.594717,0.871007,-71.3094,140.704,-10.814,-3.0148,0,-98.187,31.7106,0,-71.309,0.132178,5.6768,95.9182,-102.528,26.0184,
0.7,0.594719,0.870859,-71.6,140.176,-10.8736,-3.02686,0,-97.8109,31.5956,0,-71.5996,0.123706,5.70155,95.5571,-102.145,25.9208,
0.7,0.594717,0.87071,-71.8482,140.208,-10.9274,-3.0366,0,-97.825,31.6059,0,-71.8479,0.115121,5.72294,95.5775,-102.169,25.9268,
0.7,0.594719,0.870549,-71.6334,139.395,-10.9099,-3.02701,0,-97.2519,31.426,0,-71.6331,0.105949,5.70741,95.0233,-101.576,25.7763,
0.7,0.59472,0.870403,-71.6499,140.509,-10.9283,-3.02733,0,-98.0171,31.6791,0,-71.6496,0.0972324,5.71028,95.7801,-102.391,25.9827,
0.7,0.594725,0.870107,-71.3699,130.212,-10.9003,-3.01508,0,-90.8175,29.3628,0,-71.3696,0.08703,5.68973,88.7582,-94.8887,24.0786,
0.7,0.594724,0.869945,-71.8111,141.159,-10.9836,-3.03281,0,-98.4469,31.8355,0,-71.8108,0.0782472,5.72657,96.2205,-102.866,26.1029,
0.7,0.59473,0.869798,-71.3712,141.22,-10.9463,-3.01653,0,-98.4807,31.853,0,-71.3709,0.0589524,5.69486,96.2608,-102.911,26.1143,
0.7,0.594737,0.869652,-71.2363,140.315,-10.942,-3.00703,0,-97.8381,31.6506,0,-71.236,0.0489721,5.68586,95.641,-102.254,25.9471,
0.7,0.594736,0.869504,-71.8462,139.468,-11.0517,-3.03587,0,-97.2393,31.4627,0,-71.8459,0.0396556,5.73629,95.0621,-101.638,25.7906,
0.7,0.594737,0.869342,-71.6674,137.918,-11.0403,-3.02777,0,-96.1543,31.1171,0,-71.6672,0.0302277,5.72368,94.0064,-100.509,25.5041,
0.7,0.594738,0.869192,-71.7601,138.946,-11.0724,-3.03172,0,-96.8627,31.3529,0,-71.7599,0.0212306,5.7327,94.7052,-101.259,25.6942,
0.7,0.594742,0.869046,-71.4269,139.045,-11.0371,-3.0177,0,-96.9231,31.3692,0,-71.4267,0.0110438,5.70789,94.7695,-101.334,25.7127,
0.7,0.594742,0.868899,-71.8681,138.943,-11.1216,-3.03581,0,-96.8435,31.3493,0,-71.8678,0.00143334,5.74488,94.6981,-101.261,25.694,
0.7,0.594745,0.868738,-71.513,137.65,-11.0818,-3.01993,0,-95.9367,31.0618,0,-71.5127,-0.00810399,5.7182,93.8167,-100.319,25.4549,
0.7,0.594749,0.868591,-71.4983,138.868,-11.0945,-3.01864,0,-96.7768,31.3406,0,-71.498,-0.0175755,5.71872,94.6449,-101.208,25.6803,
0.7,0.594757,0.868446,-71.2479,139.742,-11.0709,-3.00752,0,-97.3738,31.5398,0,-71.2477,-0.0276813,5.70051,95.2371,-101.848,25.8421,
0.7,0.594759,0.868136,-71.7223,129.282,-11.1603,-3.0267,0,-90.0709,29.1854,0,-71.722,-0.0376008,5.74021,88.1079,-94.2244,23.9078,
0.7,0.594764,0.867988,-71.5505,141.138,-11.1487,-3.0186,0,-98.3219,31.8654,0,-71.5503,-0.0469459,5.72815,96.1856,-102.868,26.1005,
0.7,0.594774,0.867839,-71.2247,141.329,-11.129,-3.0035,0,-98.4458,31.9112,0,-71.2245,-0.065127,5.70536,96.3138,-103.008,26.1359,
0.7,0.59478,0.867694,-71.3814,139.133,-11.1688,-3.00972,0,-96.9044,31.4169,0,-71.3811,-0.0753136,5.71971,94.8143,-101.411,25.7302,
0.7,0.594786,0.867532,-71.4855,138.461,-11.2005,-3.01352,0,-96.4301,31.2681,0,-71.4852,-0.0844075,5.72966,94.3558,-100.921,25.6058,
0.7,0.59479,0.867238,-71.5541,127.126,-11.2272,-3.01605,0,-88.5179,28.7121,0,-71.5538,-0.0934553,5.73676,86.6277,-92.6625,23.5099,
0.7,0.594793,0.86709,-71.5965,138.209,-11.2507,-3.01768,0,-96.2259,31.2172,0,-71.5962,-0.102415,5.74175,94.1765,-100.744,25.5597,
0.7,0.594798,0.86693,-71.4951,136.813,-11.2509,-3.01303,0,-95.2483,30.9043,0,-71.4948,-0.112613,5.73547,93.2247,-99.7269,25.3016,
0.7,0.594806,0.866785,-71.1979,137.585,-11.209,-2.99757,0,-95.7767,31.0805,0,-71.1976,-0.124107,5.71377,93.7485,-100.291,25.4446,
0.7,0.594812,0.866641,-71.5377,139.814,-11.2783,-3.01129,0,-97.3147,31.5837,0,-71.5374,-0.134603,5.74281,95.2607,-101.923,25.8574,
0.7,0.594821,0.866496,-71.2008,138.559,-11.258,-2.99669,0,-96.4314,31.301,0,-71.2004,-0.1544,5.71942,94.4033,-101.009,25.6253,
0.7,0.594825,0.866337,-71.5778,137.476,-11.3335,-3.01213,0,-95.6713,31.0582,0,-71.5774,-0.165013,5.75145,93.6652,-100.221,25.4252,
0.7,0.59483,0.866192,-71.5407,138.424,-11.3434,-3.0105,0,-96.3214,31.2739,0,-71.5403,-0.174803,5.75024,94.3085,-100.914,25.6007,
0.7,0.594838,0.866046,-71.2545,137.117,-11.3143,-2.99869,0,-95.402,30.9797,0,-71.2541,-0.184555,5.72911,93.4143,-99.9641,25.3593,
0.7,0.594839,0.865902,-71.8476,137.178,-11.4254,-3.02372,0,-95.4331,30.9936,0,-71.8472,-0.195922,5.77855,93.4534,-100.011,25.3707,
0.7,0.594842,0.865756,-71.6342,136.859,-11.4076,-3.01458,0,-95.2026,30.9233,0,-71.6338,-0.205003,5.76312,93.2339,-99.7799,25.3119,
0.7,0.594845,0.865594,-71.7403,137.246,-11.4416,-3.01925,0,-95.4669,31.0137,0,-71.7398,-0.214725,5.77333,93.4976,-100.062,25.3835,
0.7,0.59485,0.865446,-71.5189,136.507,-11.4219,-3.01103,0,-94.9449,30.8496,0,-71.5184,-0.223393,5.75719,92.9915,-99.526,25.247,
0.7,0.594851,0.865299,-71.8518,136.79,-11.491,-3.02476,0,-95.1315,30.9145,0,-71.8513,-0.233515,5.78561,93.1824,-99.733,25.2994,
0.7,0.594855,0.86515,-71.5651,136.561,-11.46,-3.01202,0,-94.9647,30.8649,0,-71.5645,-0.241536,5.76412,93.0254,-99.5674,25.2571,
0.7,0.59486,0.864838,-71.6078,126.421,-11.4824,-3.01357,0,-87.8991,28.5775,0,-71.6072,-0.25051,5.76913,86.1156,-92.1762,23.3819,
0.7,0.594865,0.864688,-71.5629,136.829,-11.4905,-3.01149,0,-95.1264,30.932,0,-71.5623,-0.260229,5.76729,93.2036,-99.7657,25.3069,
0.7,0.594869,0.864541,-71.6353,136.058,-11.5172,-3.01422,0,-94.5788,30.7588,0,-71.6346,-0.269514,5.77473,92.6769,-99.2051,25.1644,
0.7,0.594874,0.864378,-71.5339,134.657,-11.516,-3.00921,0,-93.5981,30.4459,0,-71.5332,-0.278168,5.76817,91.7226,-98.1829,24.9052,
0.7,0.594879,0.864229,-71.6915,138.53,-11.5574,-3.01569,0,-96.2807,31.3245,0,-71.6907,-0.287588,5.78245,94.3588,-101.01,25.6219,
0.7,0.59489,0.864081,-71.2102,137.77,-11.5101,-2.99501,0,-95.7517,31.1564,0,-71.2094,-0.304396,5.74698,93.8571,-100.44,25.4799,
0.7,0.594896,0.863933,-71.5363,135.849,-11.5783,-3.00809,0,-94.4061,30.724,0,-71.5355,-0.314923,5.77493,92.5471,-99.0402,25.1246,
0.7,0.594901,0.863769,-71.6209,135.309,-11.6085,-3.01168,0,-94.0263,30.6063,0,-71.62,-0.324386,5.78338,92.1802,-98.6461,25.0247,
0.7,0.59491,0.863619,-71.2828,135.574,-11.569,-2.99741,0,-94.202,30.6691,0,-71.2819,-0.333144,5.75792,92.358,-98.8408,25.0738,
0.7,0.594912,0.863469,-71.8002,135.117,-11.6694,-3.01892,0,-93.8768,30.5688,0,-71.7993,-0.345254,5.80145,92.0459,-98.5088,24.9894,
0.7,0.594918,0.86332,-71.5464,136.183,-11.6442,-3.00749,0,-94.6085,30.8133,0,-71.5454,-0.353547,5.78264,92.7706,-99.2874,25.1867,
0.7,0.594924,0.863161,-71.4952,134.279,-11.6526,-3.00494,0,-93.2759,30.3855,0,-71.4942,-0.362565,5.78016,91.4717,-97.9007,24.8346,
0.7,0.594931,0.862864,-71.5004,126.264,-11.669,-3.00466,0,-87.6903,28.5775,0,-71.4993,-0.372022,5.78226,86.0085,-92.0602,23.3526,
0.7,0.594942,0.862706,-71.1608,133.918,-11.6285,-2.99004,0,-92.9958,30.3124,0,-71.1596,-0.38041,5.75661,91.2216,-97.6409,24.7682,
0.7,0.594945,0.862558,-71.8323,137.459,-11.7554,-3.01811,0,-95.4445,31.1178,0,-71.831,-0.392934,5.81252,93.631,-100.226,25.4234,
0.7,0.594956,0.862409,-71.2677,137,-11.6945,-2.99323,0,-95.1162,31.017,0,-71.2664,-0.407623,5.77001,93.3164,-99.8917,25.3385,
0.7,0.594967,0.862259,-71.2586,135.807,-11.7082,-2.99222,0,-94.2803,30.7503,0,-71.2572,-0.41755,5.77106,92.503,-99.0238,25.1181,
0.7,0.594972,0.862095,-71.5969,133.102,-11.7799,-3.00555,0,-92.3967,30.1421,0,-71.5955,-0.428859,5.80012,90.6603,-97.0508,24.6177,
0.7,0.594981,0.861948,-71.4163,135.525,-11.7662,-2.99739,0,-94.0674,30.6937,0,-71.4149,-0.436993,5.78714,92.3086,-98.819,25.0659,
0.7,0.594989,0.861799,-71.3672,134.553,-11.773,-2.99466,0,-93.3837,30.477,0,-71.3657,-0.446219,5.78486,91.6433,-98.1136,24.8865,
0.7,0.595002,0.861505,-71.0528,123.745,-11.7352,-2.98097,0,-85.8655,28.0351,0,-71.0512,-0.454705,5.76124,84.2781,-90.2365,22.8879,
0.7,0.595008,0.861347,-71.5598,133.267,-11.8353,-3.00147,0,-92.4618,30.1952,0,-71.5582,-0.467449,5.80405,90.7609,-97.1818,24.6491,
0.7,0.595017,0.8612,-71.5613,137.864,-11.8503,-3.00095,0,-95.6407,31.2391,0,-71.5596,-0.476893,5.80585,93.8897,-100.536,25.4996,
0.7,0.595035,0.861052,-70.7495,135.036,-11.7452,-2.96596,0,-93.6686,30.6002,0,-70.7477,-0.490542,5.74339,91.9618,-98.475,24.9766,
0.7,0.595037,0.86089,-71.8909,133.378,-11.9522,-3.01368,0,-92.5119,30.2274,0,-71.889,-0.507466,5.83766,90.8328,-97.2658,24.6699,
0.7,0.595042,0.860743,-71.6059,133.88,-11.9208,-3.00113,0,-92.8484,30.3428,0,-71.6039,-0.514832,5.81618,91.1728,-97.6334,24.7629,
0.7,0.595047,0.860593,-71.6367,133.88,-11.9422,-3.00217,0,-92.8392,30.3451,0,-71.6346,-0.524526,5.82037,91.1698,-97.6358,24.7631,
0.7,0.595058,0.860443,-71.2087,133.37,-11.8864,-2.98416,0,-92.4767,30.2318,0,-71.2066,-0.531971,5.78749,90.8205,-97.2651,24.6688,
0.7,0.59507,0.860136,-71.3801,128.016,-11.9315,-2.99117,0,-88.7477,29.0223,0,-71.3779,-0.544752,5.80347,87.172,-93.3634,23.6788,
0.7,0.595089,0.859987,-70.9023,135.816,-11.8823,-2.9702,0,-94.1448,30.7932,0,-70.9,-0.561316,5.76823,92.4795,-99.0548,25.1218,
0.7,0.595095,0.859839,-71.6101,134.14,-12.0168,-2.99917,0,-92.974,30.4151,0,-71.6077,-0.576225,5.82747,91.3362,-97.8341,24.8119,
0.7,0.595097,0.859691,-71.9468,134.377,-12.0913,-3.01258,0,-93.1294,30.4701,0,-71.9443,-0.587886,5.85647,91.4957,-98.0085,24.8559,
0.7,0.595102,0.859382,-71.6509,121.038,-12.0579,-2.99942,0,-83.8671,27.4486,0,-71.6483,-0.594493,5.83399,82.4105,-88.2824,22.3888,
0.7,0.595112,0.859232,-71.4239,135.044,-12.0356,-2.98938,0,-93.5626,30.6269,0,-71.4213,-0.602396,5.81726,91.9453,-98.4994,24.9797,
0.7,0.595127,0.859067,-71.1502,133.936,-12.0223,-2.976,0,-92.7884,30.3782,0,-71.1474,-0.618434,5.79823,91.1906,-97.6908,24.7746,
0.7,0.595138,0.85892,-71.2712,132.939,-12.0594,-2.9804,0,-92.0863,30.1535,0,-71.2683,-0.628843,5.80976,90.5102,-96.9651,24.5903,
0.7,0.595152,0.85877,-70.9775,132.54,-12.0248,-2.96732,0,-91.8007,30.0648,0,-70.9745,-0.636548,5.78765,90.2358,-96.6766,24.5168,
0.7,0.595162,0.85862,-71.2627,132.25,-12.0883,-2.97827,0,-91.5911,30.0005,0,-71.2596,-0.648486,5.81258,90.0367,-96.4661,24.4632,
0.7,0.595169,0.858456,-71.5403,130.718,-12.1522,-2.98859,0,-90.5251,29.6553,0,-71.5371,-0.660295,5.83688,88.9943,-95.3491,24.1799,
0.7,0.595178,0.85831,-71.3248,132.032,-12.1308,-2.9784,0,-91.4236,29.954,0,-71.3216,-0.667881,5.82101,89.8865,-96.3089,24.423,
0.7,0.595191,0.858162,-71.1345,132.673,-12.1134,-2.96938,0,-91.8578,30.1004,0,-71.1312,-0.67653,5.80733,90.3196,-96.7794,24.5418,
0.7,0.595195,0.858016,-71.6989,131.793,-12.2259,-2.99171,0,-91.2392,29.9016,0,-71.6955,-0.691466,5.85512,89.7184,-96.1391,24.3792,
0.7,0.595153,0.85787,-75.4869,131.84,-12.8961,-3.14651,0,-91.2621,29.9132,0,-75.4833,-0.725519,6.16401,89.7484,-96.1751,24.388,
0.7,0.59516,0.857711,-71.5688,131.095,-12.2428,-2.98217,0,-90.7373,29.7446,0,-71.5653,-0.697237,5.84574,89.2405,-95.632,24.2502,
0.7,0.595167,0.857564,-71.5755,131.911,-12.26,-2.9814,0,-91.2934,29.9314,0,-71.5719,-0.706706,5.84797,89.7948,-96.2293,24.4015,
0.7,0.595179,0.857416,-71.202,131.561,-12.2114,-2.96501,0,-91.0409,29.853,0,-71.1984,-0.713366,5.8193,89.5531,-95.9763,24.3368,
0.7,0.595184,0.857104,-71.7529,119.809,-12.3235,-2.98679,0,-82.8949,27.1881,0,-71.7491,-0.728356,5.86601,81.5517,-87.4047,22.163,
0.7,0.595192,0.856955,-71.4426,130.945,-12.2859,-2.97267,0,-90.5893,29.7152,0,-71.4387,-0.734883,5.84236,89.13,-95.5303,24.2232,
0.7,0.595201,0.856804,-71.6133,133.305,-12.331,-2.97867,0,-92.2136,30.2516,0,-71.6093,-0.746276,5.85804,90.7337,-97.2543,24.6599,
0.7,0.595219,0.856639,-71.0193,132.635,-12.26,-2.95225,0,-91.7455,30.1014,0,-71.0151,-0.760546,5.81309,90.2783,-96.7654,24.5361,
0.7,0.595228,0.856488,-71.4091,131.049,-12.3438,-2.96789,0,-90.6405,29.7429,0,-71.4049,-0.774432,5.84674,89.1976,-95.609,24.2427,
0.7,0.595239,0.85634,-71.2755,130.702,-12.3362,-2.96176,0,-90.3904,29.6643,0,-71.2711,-0.782917,5.83756,88.9602,-95.3568,24.1786,
0.7,0.595254,0.856189,-71.0524,131.583,-12.3126,-2.95213,0,-90.9908,29.8655,0,-71.0479,-0.791199,5.8212,89.5574,-96.0014,24.3417,
0.7,0.595263,0.85604,-71.4451,130.507,-12.3971,-2.968,0,-90.238,29.6227,0,-71.4405,-0.805685,5.85517,88.8234,-95.2173,24.1427,
0.7,0.595274,0.855878,-71.2859,129.627,-12.3866,-2.96094,0,-89.6233,29.4259,0,-71.2812,-0.813718,5.84388,88.2246,-94.5754,23.9799,
0.7,0.595285,0.855731,-71.2938,130.596,-12.4042,-2.96099,0,-90.2814,29.6461,0,-71.289,-0.823969,5.84634,88.8822,-95.2842,24.1593,
0.7,0.5953,0.855432,-71.0578,119.983,-12.3788,-2.9511,0,-82.9263,27.2394,0,-71.0529,-0.832313,5.82896,81.6546,-87.544,22.1962,
0.7,0.595307,0.855268,-71.6971,131.525,-12.5072,-2.97693,0,-90.8974,29.863,0,-71.6921,-0.849828,5.88319,89.5102,-95.9659,24.3316,
0.7,0.595325,0.85512,-70.7932,130.94,-12.3823,-2.9381,0,-90.4806,29.7309,0,-70.7879,-0.858512,5.81246,89.1091,-95.541,24.2234,
0.7,0.595334,0.854969,-71.5479,131.705,-12.5308,-2.96892,0,-91.0007,29.9069,0,-71.5425,-0.878417,5.87634,89.6292,-96.1002,24.3651,
0.7,0.595341,0.854818,-71.6321,129.919,-12.5631,-2.97151,0,-89.7577,29.5038,0,-71.6265,-0.889102,5.88497,88.4126,-94.7969,24.0346,
0.7,0.595347,0.854665,-71.6619,129.116,-12.5851,-2.97202,0,-89.195,29.3245,0,-71.6562,-0.899246,5.88917,87.8656,-94.2116,23.8861,
0.7,0.595353,0.854501,-71.6479,128.108,-12.5995,-2.97076,0,-88.491,29.0992,0,-71.642,-0.90889,5.88976,87.1802,-93.4756,23.6996,
0.7,0.595365,0.85435,-71.2376,129.083,-12.5434,-2.95307,0,-89.1555,29.3233,0,-71.2317,-0.914537,5.85797,87.8412,-94.1891,23.8801,
0.7,0.595371,0.854202,-71.6833,129.137,-12.6402,-2.97048,0,-89.1839,29.3375,0,-71.6772,-0.930203,5.89639,87.8766,-94.2302,23.8903,
0.7,0.59538,0.854055,-71.3894,129.115,-12.6045,-2.95742,0,-89.1587,29.3348,0,-71.3832,-0.936353,5.87398,87.8598,-94.2155,23.8863,
0.7,0.59539,0.853909,-71.3505,129.186,-12.6136,-2.95488,0,-89.1952,29.3511,0,-71.3442,-0.945623,5.87253,87.906,-94.2686,23.8995,
0.7,0.5954,0.853746,-71.33,127.628,-12.6257,-2.95316,0,-88.1127,28.9995,0,-71.3236,-0.95505,5.87257,86.8449,-93.1327,23.6114,
0.7,0.595414,0.853596,-71.178,129.538,-12.6152,-2.94648,0,-89.4221,29.4351,0,-71.1714,-0.963239,5.86187,88.1436,-94.527,23.9648,
0.7,0.595415,0.853445,-72.0554,129.108,-12.7887,-2.98195,0,-89.1163,29.3398,0,-72.0486,-0.984758,5.93584,87.8502,-94.214,23.8853,
0.7,0.595431,0.853134,-70.9927,118.039,-12.6147,-2.9371,0,-81.4674,26.83,0,-70.9859,-0.979557,5.84996,80.3333,-86.1233,21.8363,
0.7,0.595442,0.85298,-71.3029,128.097,-12.6858,-2.94917,0,-88.3936,29.1181,0,-71.2959,-0.993338,5.8772,87.1602,-93.4785,23.6985,
0.7,0.595445,0.852827,-71.9234,128.002,-12.8153,-2.97423,0,-88.3199,29.1,0,-71.9162,-1.01153,5.93005,87.0945,-93.4095,23.6809,
0.7,0.595462,0.852678,-71.1788,131.101,-12.6979,-2.94233,0,-90.4469,29.806,0,-71.1715,-1.01184,5.87057,89.2016,-95.6718,24.2542,
0.7,0.595486,0.852511,-70.6143,129.387,-12.6285,-2.91764,0,-89.2578,29.4196,0,-70.6068,-1.02336,5.82749,88.0349,-94.4215,23.9372,
0.7,0.595495,0.852359,-71.4965,127.912,-12.8038,-2.95367,0,-88.2312,29.0864,0,-71.4888,-1.04587,5.90203,87.0304,-93.3457,23.6644,
0.7,0.59551,0.852208,-71.0699,128.48,-12.7428,-2.93523,0,-88.6134,29.2184,0,-71.0621,-1.05033,5.86872,87.4163,-93.7612,23.7696,
0.7,0.595519,0.852048,-71.4418,126.982,-12.8258,-2.95018,0,-87.5695,28.8792,0,-71.4338,-1.06544,5.90113,86.3959,-92.6693,23.4926,
0.7,0.595526,0.851899,-71.6779,130.096,-12.8849,-2.95946,0,-89.7065,29.5893,0,-71.6698,-1.07856,5.92234,88.5128,-94.9431,24.0688,
0.7,0.595533,0.851598,-71.6546,116.268,-12.8988,-2.9579,0,-80.1544,26.4483,0,-71.6463,-1.08767,5.9221,79.1025,-84.8528,21.5105,
0.7,0.595541,0.851448,-71.6874,130.203,-12.9221,-2.95872,0,-89.7507,29.6191,0,-71.6789,-1.09898,5.92673,88.5823,-95.0235,24.0887,
0.7,0.595559,0.85128,-71.0276,128.135,-12.8363,-2.9301,0,-88.3197,29.1515,0,-71.0189,-1.10875,5.87571,87.1749,-93.5145,23.7061,
0.7,0.595569,0.85113,-71.4192,128.164,-12.9242,-2.94539,0,-88.3275,29.1578,0,-71.4104,-1.12464,5.90985,87.1936,-93.5364,23.7115,
0.7,0.595577,0.850976,-71.5448,126.528,-12.9636,-2.94984,0,-87.1925,28.7874,0,-71.5357,-1.13676,5.92205,86.08,-92.3427,23.4089,
0.7,0.595592,0.850811,-71.0609,126.311,-12.8912,-2.92932,0,-87.0352,28.7398,0,-71.0517,-1.13997,5.88393,85.9329,-92.1834,23.3686,
0.7,0.595601,0.850658,-71.4252,126.479,-12.9736,-2.94364,0,-87.1423,28.7793,0,-71.4158,-1.15577,5.91586,86.0456,-92.3076,23.3998,
0.7,0.59561,0.850501,-71.4941,126.118,-13.0029,-2.94541,0,-86.8903,28.7004,0,-71.4846,-1.16691,5.92335,85.8002,-92.0446,23.3331,
0.7,0.59566,0.850354,-68.1287,126.72,-12.3986,-2.80535,0,-87.291,28.8363,0,-68.1195,-1.12108,5.64614,86.2096,-92.4838,23.4445,
0.7,0.595669,0.850204,-71.4475,127.152,-13.0199,-2.94114,0,-87.5772,28.9338,0,-71.4376,-1.18668,5.92313,86.5024,-92.7994,23.5244,
0.7,0.595678,0.850037,-71.4591,125.487,-13.039,-2.94066,0,-86.4254,28.5564,0,-71.449,-1.19688,5.92588,85.3709,-91.5836,23.2163,
0.7,0.595689,0.849731,-71.3353,114.684,-13.0332,-2.93418,0,-78.9705,26.0989,0,-71.3251,-1.20483,5.91739,78.0195,-83.7009,21.2178,
0.7,0.5957,0.849581,-71.477,128.804,-13.0765,-2.93914,0,-88.6828,29.3113,0,-71.4666,-1.21705,5.93089,87.6244,-94.0065,23.8301,
0.7,0.595721,0.849428,-70.7225,127.604,-12.9714,-2.90632,0,-87.8489,29.0386,0,-70.7119,-1.22471,5.87193,86.8076,-93.1314,23.6082,
0.7,0.59573,0.84926,-71.5125,125.782,-13.133,-2.93774,0,-86.5883,28.6252,0,-71.5016,-1.24822,5.93926,85.5676,-91.8015,23.271,
0.7,0.595738,0.849106,-71.5119,125.305,-13.151,-2.93632,0,-86.2518,28.5177,0,-71.5008,-1.25787,5.94093,85.2427,-91.4538,23.1828,
0.7,0.595743,0.848955,-71.7685,125.426,-13.2162,-2.94556,0,-86.3241,28.5446,0,-71.7572,-1.27229,5.96401,85.3242,-91.5426,23.2052,
0.7,0.595755,0.848754,-71.2313,121.875,-13.1342,-2.92237,0,-83.9049,27.7519,0,-71.2199,-1.27357,5.92128,82.9112,-88.9481,22.548,
0.7,0.595764,0.848639,-71.4963,128.476,-13.2007,-2.93214,0,-88.4055,29.2393,0,-71.4846,-1.28841,5.9451,87.3969,-93.7697,23.7695,
0.7,0.595773,0.848494,-71.462,125.963,-13.213,-2.92969,0,-86.6636,28.6663,0,-71.4502,-1.2979,5.94405,85.6855,-91.937,23.3047,
0.7,0.595782,0.848345,-71.3859,125.202,-13.2164,-2.9259,0,-86.1308,28.4928,0,-71.374,-1.30688,5.93956,85.1664,-91.3827,23.164,
0.7,0.595793,0.84816,-71.3482,123.134,-13.2269,-2.92412,0,-84.731,28.0368,0,-71.336,-1.31744,5.93842,83.7619,-89.8716,22.7813,
0.7,0.595804,0.847995,-71.303,123.665,-13.2352,-2.92189,0,-85.0898,28.1585,0,-71.2906,-1.32675,5.93646,84.1223,-90.2599,22.8796,
0.7,0.595815,0.847843,-71.2856,124.609,-13.2485,-2.92026,0,-85.7307,28.3743,0,-71.2731,-1.3365,5.9368,84.7633,-90.9496,23.0543,
0.7,0.595822,0.847688,-71.6073,124.543,-13.3265,-2.933,0,-85.6779,28.3602,0,-71.5945,-1.35228,5.96532,84.7177,-90.9025,23.0422,
0.7,0.595836,0.847537,-71.0349,124.724,-13.2359,-2.90887,0,-85.7922,28.4012,0,-71.0221,-1.35226,5.91955,84.8392,-91.0353,23.0757,
0.7,0.595847,0.847367,-71.3738,123.421,-13.3156,-2.92188,0,-84.8905,28.1066,0,-71.3606,-1.36862,5.94955,83.9521,-90.0846,22.8346,
0.7,0.595857,0.847032,-71.5501,117.106,-13.3664,-2.92788,0,-80.5354,26.6717,0,-71.5368,-1.38163,5.96596,79.6582,-85.4748,21.6663,
0.7,0.595885,0.846862,-70.4326,125.303,-13.1898,-2.88082,0,-86.1659,28.54,0,-70.4191,-1.38087,5.87647,85.2332,-91.4573,23.1827,
0.7,0.595898,0.846707,-71.13,124.233,-13.3364,-2.90892,0,-85.4222,28.2972,0,-71.1161,-1.40461,5.93644,84.5052,-90.677,22.9848,
0.7,0.595911,0.846552,-71.1198,123.893,-13.3513,-2.908,0,-85.1799,28.222,0,-71.1057,-1.41431,5.93735,84.2737,-90.4293,22.922,
0.7,0.595922,0.8464,-71.4082,124.583,-13.422,-2.91839,0,-85.6429,28.3776,0,-71.3938,-1.43024,5.96323,84.7416,-90.9328,23.0495,
0.7,0.595938,0.84623,-70.9005,122.385,-13.3419,-2.89692,0,-84.1256,27.8795,0,-70.8861,-1.43097,5.92277,83.2473,-89.3278,22.6428,
0.7,0.59595,0.846076,-71.3124,124.862,-13.4354,-2.91269,0,-85.819,28.4447,0,-71.2977,-1.44925,5.95894,84.9302,-91.1374,23.1012,
0.7,0.595961,0.845768,-71.2636,112.108,-13.4425,-2.90923,0,-77.0369,25.5421,0,-71.2487,-1.45825,5.95664,76.2533,-81.8302,20.7418,
0.7,0.595973,0.845617,-71.2865,124.033,-13.4643,-2.90929,0,-85.2196,28.2593,0,-71.2714,-1.46855,5.9603,84.3628,-90.5354,22.9481,
0.7,0.595986,0.845449,-71.3567,124.931,-13.4943,-2.91148,0,-85.8298,28.4665,0,-71.3413,-1.48092,5.9681,84.9734,-91.1918,23.1144,
0.7,0.59601,0.845296,-70.5829,125.01,-13.3821,-2.87863,0,-85.875,28.4858,0,-70.5672,-1.48454,5.90687,85.0262,-91.25,23.129,
0.7,0.596021,0.845145,-71.2789,123.235,-13.531,-2.90639,0,-84.6446,28.0813,0,-71.2629,-1.50927,5.96691,83.8181,-89.9553,22.8007,
0.7,0.596029,0.844978,-71.6557,123.882,-13.6205,-2.92091,0,-85.082,28.2302,0,-71.6394,-1.52785,6.00033,84.2585,-90.4265,22.9203,
0.7,0.596043,0.844826,-71.1143,123.861,-13.5341,-2.898,0,-85.0576,28.2262,0,-71.0979,-1.52731,5.95695,84.2421,-90.4131,22.9166,
0.7,0.596053,0.844526,-71.5909,117.072,-13.6451,-2.91654,0,-80.3762,26.6813,0,-71.5742,-1.54688,5.99853,79.6217,-85.4601,21.6607,
0.7,0.596071,0.844365,-70.9852,124.315,-13.5643,-2.89002,0,-85.3378,28.3326,0,-70.9682,-1.55339,5.95125,84.5451,-90.7487,23.0009,
0.7,0.596087,0.844397,-70.9586,136.922,-13.5754,-2.88841,0,-93.946,31.1964,0,-70.9414,-1.56357,5.95092,93.0971,-99.972,25.3353,
0.7,0.596099,0.844246,-71.2331,122.33,-13.645,-2.90344,0,-83.9244,27.874,0,-71.2156,-1.57946,5.97569,83.1741,-89.3194,22.6354,
0.7,0.596111,0.844095,-71.2234,122.884,-13.6597,-2.90245,0,-84.2956,28.0021,0,-71.2057,-1.58908,5.97662,83.5495,-89.7253,22.7381,
0.7,0.596121,0.843946,-71.3124,122.255,-13.6938,-2.90594,0,-83.8542,27.8523,0,-71.2944,-1.60099,5.98584,83.1187,-89.2678,22.6218,
0.7,0.59614,0.843793,-70.6709,121.893,-13.5857,-2.87956,0,-83.5976,27.7715,0,-70.6529,-1.59755,5.93394,82.8715,-89.0043,22.5549,
0.7,0.596154,0.843625,-71.0403,121.328,-13.6735,-2.89394,0,-83.2046,27.6454,0,-71.022,-1.61568,5.96669,82.4882,-88.5918,22.4504,
0.7,0.596169,0.843472,-70.9888,121.982,-13.679,-2.8912,0,-83.6441,27.7963,0,-70.9702,-1.62433,5.9641,82.9319,-89.0703,22.5715,
0.7,0.596181,0.84332,-71.2174,121.661,-13.7393,-2.89972,0,-83.4123,27.7233,0,-71.1986,-1.63924,5.98503,82.7123,-88.8365,22.5121,
0.7,0.596195,0.843149,-71.0669,121.044,-13.7259,-2.89266,0,-82.9827,27.585,0,-71.0478,-1.64543,5.97408,82.2928,-88.3862,22.398,
0.7,0.596214,0.842834,-70.7046,109.384,-13.6722,-2.87727,0,-74.9735,24.9317,0,-70.6854,-1.64735,5.94546,74.365,-79.8721,20.2403,
0.7,0.59623,0.84268,-70.8667,121.158,-13.7192,-2.88332,0,-83.0329,27.6163,0,-70.8472,-1.66085,5.96081,82.3693,-88.4698,22.419,
0.7,0.596244,0.842507,-71.009,119.432,-13.7631,-2.88862,0,-81.8441,27.2258,0,-70.9892,-1.67407,5.97453,81.1961,-87.2091,22.0996,
0.7,0.596261,0.842349,-70.7791,120.427,-13.7343,-2.87866,0,-82.5188,27.4558,0,-70.7592,-1.6786,5.95695,81.8729,-87.9359,22.2838,
0.7,0.59628,0.84219,-70.8625,122.996,-13.7669,-2.88126,0,-84.2715,28.044,0,-70.8423,-1.69117,5.96584,83.6191,-89.8111,22.759,
0.7,0.596311,0.842034,-70.224,123.321,-13.6619,-2.85117,0,-84.4837,28.1193,0,-70.2034,-1.69807,5.91601,83.8389,-90.0495,22.8193,
0.7,0.596323,0.841878,-71.1999,121.265,-13.8685,-2.88968,0,-83.0673,27.6528,0,-71.1788,-1.73128,5.99992,82.4412,-88.5484,22.4389,
0.7,0.596339,0.841709,-70.9661,120.789,-13.8404,-2.87912,0,-82.7344,27.5476,0,-70.9448,-1.73585,5.98203,82.118,-88.1997,22.3506,
0.7,0.596352,0.841556,-71.1264,121.128,-13.8888,-2.88477,0,-82.9572,27.6268,0,-71.1049,-1.7494,5.99726,82.3476,-88.4481,22.4134,
0.7,0.596364,0.841255,-71.4243,115.374,-13.9645,-2.89599,0,-78.9947,26.3162,0,-71.4024,-1.76652,6.02411,78.432,-84.2494,21.3489,
0.7,0.596402,0.841088,-69.7326,121.93,-13.6665,-2.82558,0,-83.4767,27.8142,0,-69.7108,-1.74527,5.88507,82.8896,-89.0372,22.5622,
0.7,0.596417,0.840933,-71.0185,121.007,-13.9349,-2.87657,0,-82.8359,27.6048,0,-70.996,-1.78764,5.99539,82.2611,-88.3638,22.3914,
0.7,0.596434,0.840777,-70.9013,120.841,-13.9275,-2.87038,0,-82.7143,27.568,0,-70.8786,-1.79474,5.98728,82.1475,-88.2433,22.3608,
0.7,0.59645,0.840625,-70.9307,121.001,-13.9489,-2.87009,0,-82.8126,27.6041,0,-70.9078,-1.80555,5.99155,82.2539,-88.3616,22.3905,
0.7,0.596469,0.840299,-70.6142,107.543,-13.9027,-2.85588,0,-73.5893,24.5365,0,-70.591,-1.80801,5.96666,73.1039,-78.5355,19.9003,
0.7,0.596483,0.840144,-70.933,119.189,-13.9815,-2.86762,0,-81.5494,27.1943,0,-70.9095,-1.826,5.99535,81.0184,-87.0412,22.0554,
0.7,0.5965,0.839991,-70.7012,119.321,-13.9514,-2.85717,0,-81.6295,27.2243,0,-70.6776,-1.82985,5.97749,81.1075,-87.1388,22.08,
0.7,0.596523,0.839836,-70.7038,122.254,-13.9669,-2.85621,0,-83.6273,27.894,0,-70.6798,-1.84101,5.97967,83.1005,-89.2813,22.6227,
0.7,0.596559,0.839666,-69.6992,120.205,-13.8007,-2.81348,0,-82.2185,27.428,0,-69.6751,-1.8342,5.89813,81.7081,-87.7839,22.2434,
0.7,0.596578,0.839514,-70.5403,119.026,-13.9828,-2.84626,0,-81.3999,27.1578,0,-70.5156,-1.86613,5.97104,80.9046,-86.9249,22.0254,
0.7,0.596596,0.839359,-70.6273,118.957,-14.0168,-2.84853,0,-81.3435,27.1423,0,-70.6023,-1.8781,5.98012,80.8565,-86.8752,22.0127,
0.7,0.596618,0.839206,-70.2774,118.682,-13.9627,-2.83294,0,-81.147,27.08,0,-70.2523,-1.87956,5.95239,80.669,-86.6756,21.962,
0.7,0.596632,0.839052,-70.9086,118.588,-14.1051,-2.85725,0,-81.0734,27.0595,0,-70.883,-1.90623,6.00759,80.6036,-86.6072,21.9445,
0.7,0.596648,0.838885,-70.7314,117.482,-14.0865,-2.84895,0,-80.3089,26.8078,0,-70.7056,-1.91108,5.99427,79.8514,-85.8008,21.7401,
0.7,0.596667,0.83873,-70.4353,118.281,-14.0451,-2.83605,0,-80.8465,26.9911,0,-70.4093,-1.91347,5.97101,80.3934,-86.3847,21.8879,
0.7,0.596683,0.838574,-70.7631,118.259,-14.1276,-2.84777,0,-80.8232,26.9871,0,-70.7368,-1.93198,6.00051,80.3776,-86.3686,21.8838,
0.7,0.596696,0.838418,-70.9464,117.966,-14.1819,-2.85404,0,-80.6154,26.9221,0,-70.9197,-1.94669,6.01776,80.1785,-86.1554,21.8297,
0.7,0.596712,0.83825,-70.7374,116.876,-14.157,-2.8445,0,-79.8616,26.6743,0,-70.7105,-1.95064,6.00175,79.437,-85.3592,21.6279,
0.7,0.596729,0.838096,-70.6809,118.041,-14.1621,-2.84101,0,-80.6558,26.9424,0,-70.6538,-1.95907,5.99872,80.2423,-86.1982,21.8424,
0.7,0.596748,0.837941,-70.623,119.329,-14.1674,-2.83748,0,-81.5267,27.2372,0,-70.5955,-1.96809,5.99568,81.1174,-87.1393,22.0808,
0.7,0.596765,0.837785,-70.7932,118.519,-14.2178,-2.84307,0,-80.9642,27.0529,0,-70.7654,-1.98274,6.01188,80.566,-86.5482,21.931,
0.7,0.596779,0.837462,-70.9754,106.496,-14.2711,-2.84928,0,-72.7411,24.3109,0,-70.9473,-1.99772,6.0291,72.4059,-77.7554,19.7049,
0.7,0.5968,0.837303,-70.3472,117.328,-14.1603,-2.82286,0,-80.1249,26.7833,0,-70.3191,-1.99073,5.97763,79.7548,-85.6796,21.7106,
0.7,0.596815,0.837147,-71.099,120.397,-14.3291,-2.85267,0,-82.2119,27.4848,0,-71.0702,-2.02074,6.04305,81.8404,-87.921,22.2785,
0.7,0.596847,0.836991,-69.9397,119.921,-14.1279,-2.80388,0,-81.8781,27.3773,0,-69.9109,-2.00695,5.9479,81.5163,-87.5735,22.1904,
0.7,0.596866,0.836824,-70.574,116.767,-14.2717,-2.82812,0,-79.7156,26.6576,0,-70.5447,-2.03501,6.00359,79.3719,-85.2703,21.6068,
0.7,0.59689,0.836671,-70.1316,117.715,-14.1982,-2.80917,0,-80.3543,26.8746,0,-70.1022,-2.03298,5.96785,80.016,-85.9631,21.7823,
0.7,0.596911,0.836518,-70.3772,117.778,-14.263,-2.81817,0,-80.3879,26.8899,0,-70.3473,-2.05009,5.99051,80.0579,-86.0097,21.794,
0.7,0.596931,0.836372,-70.3703,117.389,-14.2773,-2.81713,0,-80.1101,26.7999,0,-70.3402,-2.05989,5.9917,79.7918,-85.727,21.7221,
0.7,0.596957,0.836209,-69.9246,116.725,-14.2015,-2.79872,0,-79.6489,26.6486,0,-69.8943,-2.05781,5.95568,79.3388,-85.2438,21.5994,
0.7,0.596979,0.836063,-70.1953,117.195,-14.2733,-2.80872,0,-79.9591,26.7553,0,-70.1647,-2.07545,5.98045,79.6559,-85.5886,21.6865,
0.7,0.597001,0.835768,-70.2357,106.406,-14.2973,-2.8096,0,-72.5777,24.2907,0,-70.2047,-2.08649,5.98563,72.3193,-77.7124,19.6903,
0.7,0.597021,0.835603,-70.3121,115.316,-14.329,-2.81211,0,-78.6475,26.325,0,-70.2807,-2.09852,5.99386,78.3737,-84.22,21.339,
0.7,0.597043,0.83545,-70.559,119.077,-14.3952,-2.82129,0,-81.2042,27.1838,0,-70.5272,-2.11576,6.01665,80.9291,-86.9678,22.0351,
0.7,0.597091,0.835296,-68.6927,118.171,-14.0452,-2.745,0,-80.5778,26.9773,0,-68.6612,-2.08027,5.86113,80.3126,-86.3062,21.8674,
0.7,0.597111,0.835127,-70.5237,117.315,-14.4351,-2.81729,0,-79.9883,26.7838,0,-70.491,-2.14603,6.01917,79.7319,-85.6803,21.7089,
0.7,0.597138,0.834975,-69.8204,116.614,-14.3058,-2.78847,0,-79.4999,26.6235,0,-69.7878,-2.13582,5.96113,79.255,-85.1689,21.5793,
0.7,0.59716,0.834821,-70.3349,117.031,-14.4279,-2.80841,0,-79.7752,26.7195,0,-70.3017,-2.16146,6.0068,79.5367,-85.4746,21.6565,
0.7,0.597181,0.834519,-70.633,110.441,-14.5048,-2.81896,0,-75.2637,25.2156,0,-70.5993,-2.18059,6.03402,75.0563,-80.663,20.4372,
0.7,0.597223,0.834353,-69.0966,117.015,-14.2207,-2.75581,0,-79.7363,26.7178,0,-69.063,-2.15383,5.90641,79.5243,-85.4639,21.6536,
0.7,0.597242,0.8342,-70.353,116.076,-14.4962,-2.80457,0,-79.0863,26.5039,0,-70.3185,-2.20299,6.01557,78.8844,-84.7796,21.48,
0.7,0.597262,0.834046,-70.3203,115.93,-14.5052,-2.80236,0,-78.9779,26.4703,0,-70.2855,-2.2122,6.01459,78.7847,-84.6732,21.453,
0.7,0.597282,0.833879,-70.2479,114.608,-14.5061,-2.79862,0,-78.0683,26.1689,0,-70.2128,-2.22016,6.0102,77.8871,-83.7066,21.2082,
0.7,0.597304,0.833724,-70.2939,116.453,-14.5318,-2.79976,0,-79.3161,26.5912,0,-70.2585,-2.23284,6.01612,79.1408,-85.0538,21.5496,
0.7,0.597324,0.833413,-70.2853,104.023,-14.5463,-2.7981,0,-70.8345,23.7552,0,-70.2495,-2.24274,6.01718,70.6942,-75.9749,19.2494,
0.7,0.597345,0.83326,-70.2944,115.684,-14.5659,-2.79779,0,-78.765,26.4188,0,-70.2583,-2.25285,6.01969,78.6182,-84.4923,21.4073,
0.7,0.597363,0.833088,-70.697,116.916,-14.6666,-2.81308,0,-79.5984,26.7031,0,-70.6604,-2.27588,6.05595,79.4571,-85.3904,21.6351,
0.7,0.597409,0.832931,-68.7301,116.431,-14.2911,-2.73351,0,-79.2599,26.5938,0,-68.6938,-2.23271,5.89102,79.1268,-85.0366,21.5454,
0.7,0.597432,0.832774,-69.9619,114.114,-14.5632,-2.78129,0,-77.6747,26.0659,0,-69.9247,-2.28279,5.99837,77.5527,-83.3443,21.1166,
0.7,0.597454,0.832607,-70.0665,114.033,-14.6007,-2.78485,0,-77.6108,26.048,0,-70.0288,-2.29641,6.00914,77.4988,-83.2838,21.1015,
0.7,0.597478,0.832452,-69.9057,114.576,-14.5831,-2.77804,0,-77.9709,26.173,0,-69.8678,-2.30231,5.99732,77.8675,-83.6797,21.2018,
0.7,0.5975,0.8323,-70.0994,114.858,-14.6407,-2.78537,0,-78.1537,26.2379,0,-70.0611,-2.31857,6.01568,78.0591,-83.8858,21.254,
0.7,0.597522,0.832149,-70.0122,114.627,-14.6385,-2.78099,0,-77.9867,26.1855,0,-69.9735,-2.32572,6.00996,77.9007,-83.7186,21.2114,
0.7,0.597544,0.831834,-70.1353,103.222,-14.6805,-2.78526,0,-70.2106,23.582,0,-70.0962,-2.33984,6.0223,70.15,-75.3883,19.1009,
0.7,0.597563,0.83168,-70.2078,114.109,-14.7121,-2.78746,0,-77.6076,26.0709,0,-70.1683,-2.35219,6.03027,77.5486,-83.3394,21.1154,
0.7,0.597589,0.831524,-70.1417,116.548,-14.7146,-2.78425,0,-79.258,26.6293,0,-70.102,-2.36047,6.02645,79.2051,-85.1212,21.5668,
0.7,0.597643,0.831357,-68.1122,114.702,-14.3183,-2.70165,0,-77.9948,26.2085,0,-68.0729,-2.3134,5.85582,77.9519,-83.7721,21.2251,
0.7,0.597655,0.831202,-70.7985,113.842,-14.9006,-2.8071,0,-77.4014,26.0127,0,-70.7574,-2.41266,6.08819,77.3672,-83.1437,21.0659,
0.7,0.59769,0.831047,-68.9379,113.466,-14.5243,-2.73335,0,-77.1367,25.9273,0,-68.8974,-2.36188,5.93041,77.1109,-82.8702,20.9965,
0.7,0.597712,0.830893,-70.0254,114.186,-14.7696,-2.77531,0,-77.6167,26.0921,0,-69.984,-2.40915,6.02573,77.6,-83.396,21.1297,
0.7,0.597725,0.830744,-70.6182,113.301,-14.9121,-2.79741,0,-77.0025,25.8888,0,-70.5761,-2.43771,6.07818,76.9974,-82.7497,20.9658,
0.7,0.597752,0.830578,-69.6213,112.947,-14.7172,-2.75706,0,-76.7545,25.8095,0,-69.5793,-2.41529,5.99449,76.758,-82.491,20.9004,
0.7,0.597776,0.830427,-69.659,112.941,-14.7419,-2.7576,0,-76.7405,25.8083,0,-69.6167,-2.4273,5.99962,76.753,-82.4867,20.8992,
0.7,0.597796,0.830122,-70.2037,103.572,-14.8736,-2.77735,0,-70.3568,23.668,0,-70.1607,-2.45625,6.04829,70.3848,-75.6457,19.1657,
0.7,0.597816,0.829953,-70.4264,114.375,-14.9373,-2.78503,0,-77.6889,26.139,0,-70.3829,-2.47398,6.06922,77.7269,-83.5338,21.1645,
0.7,0.597855,0.829797,-69.0366,114.466,-14.6759,-2.72795,0,-77.7434,26.1608,0,-68.9933,-2.44535,5.95301,77.7893,-83.6003,21.1814,
0.7,0.597873,0.82964,-70.1774,112.406,-14.9369,-2.77158,0,-76.3368,25.6909,0,-70.133,-2.49523,6.05305,76.389,-82.0966,20.8003,
0.7,0.59789,0.829485,-70.3074,112.933,-14.9822,-2.77543,0,-76.6845,25.8107,0,-70.2626,-2.50964,6.06599,76.7468,-82.4806,20.8976,
0.7,0.59791,0.829314,-69.9674,110.645,-14.9263,-2.76074,0,-75.1256,25.2894,0,-69.9225,-2.50719,6.03836,75.1938,-80.8085,20.4742,
0.7,0.597931,0.829159,-69.988,112.494,-14.9482,-2.76016,0,-76.3723,25.7122,0,-69.9427,-2.51737,6.0418,76.4503,-82.1587,20.8163,
0.7,0.597957,0.829006,-69.5943,112.528,-14.8795,-2.74381,0,-76.3858,25.7199,0,-69.5489,-2.51397,6.00971,76.4721,-82.1846,20.8227,
0.7,0.597976,0.828854,-70.1647,113.215,-15.0181,-2.76552,0,-76.8425,25.8775,0,-70.1185,-2.54462,6.06074,76.9383,-82.6865,20.9498,
0.7,0.597999,0.828538,-69.8764,100.408,-14.9725,-2.75344,0,-68.1334,22.9502,0,-69.8301,-2.5442,6.0376,68.2342,-73.3329,18.5799,
0.7,0.598021,0.828384,-70.1895,114.26,-15.0559,-2.76458,0,-77.5244,26.117,0,-70.1426,-2.56554,6.0664,77.6477,-83.4498,21.1431,
0.7,0.598066,0.828215,-68.5184,112.334,-14.7305,-2.69691,0,-76.2119,25.6782,0,-68.4719,-2.52435,5.92547,76.3405,-82.0423,20.7867,
0.7,0.598085,0.828063,-70.094,112.112,-15.0859,-2.7578,0,-76.0508,25.6275,0,-70.0461,-2.59223,6.06346,76.1898,-81.8801,20.7456,
0.7,0.598106,0.827908,-69.8305,111.4,-15.0453,-2.74596,0,-75.5593,25.4653,0,-69.7824,-2.59205,6.04235,75.7058,-81.3593,20.6137,
0.7,0.598128,0.827755,-69.8503,111.351,-15.0665,-2.74589,0,-75.5171,25.4545,0,-69.8018,-2.60206,6.04569,75.6719,-81.3244,20.6048,
0.7,0.598153,0.827602,-69.4673,110.948,-14.9994,-2.73003,0,-75.2343,25.3623,0,-69.4187,-2.5981,6.01436,75.3979,-81.0299,20.5302,
0.7,0.598172,0.82744,-70.0879,111.417,-15.1502,-2.75346,0,-75.5421,25.4695,0,-70.0385,-2.63081,6.06976,75.7172,-81.3718,20.6169,
0.7,0.598139,0.827291,-74.1824,110.997,-16.0602,-2.91067,0,-75.2473,25.3737,0,-74.1302,-2.78084,6.42371,75.4312,-81.0658,20.5392,
0.7,0.598159,0.827141,-69.9454,111.48,-15.1611,-2.74361,0,-75.5642,25.4844,0,-69.8959,-2.63119,6.05843,75.7577,-81.4199,20.6287,
0.7,0.598179,0.826976,-69.9883,110.097,-15.1874,-2.74423,0,-74.6188,25.169,0,-69.9384,-2.64211,6.06378,74.8179,-80.4086,20.3726,
0.7,0.598199,0.826675,-69.9324,100.012,-15.1923,-2.74114,0,-67.7652,22.8636,0,-69.8821,-2.65009,6.06071,67.9632,-73.0443,18.5065,
0.7,0.598218,0.826523,-70.0411,110.536,-15.233,-2.74412,0,-74.8875,25.2699,0,-69.9904,-2.66325,6.07173,75.1148,-80.7304,20.4539,
0.7,0.598235,0.82637,-70.4748,113.31,-15.3456,-2.76046,0,-76.7587,25.9045,0,-70.4235,-2.68852,6.11087,77,-82.7562,20.9672,
0.7,0.598273,0.826203,-69.0161,111.561,-15.0614,-2.70119,0,-75.5678,25.5058,0,-68.9651,-2.65157,5.98767,75.8129,-81.4776,20.6435,
0.7,0.59829,0.826052,-70.2094,110.441,-15.3395,-2.74641,0,-74.7987,25.2489,0,-70.1572,-2.70679,6.09285,75.0518,-80.6598,20.4362,
0.7,0.598308,0.825897,-70.0001,109.655,-15.3119,-2.73727,0,-74.2572,25.069,0,-69.9476,-2.70811,6.07633,74.5163,-80.086,20.2907,
0.7,0.598331,0.82573,-69.731,109.423,-15.269,-2.72592,0,-74.094,25.0169,0,-69.6783,-2.70858,6.05489,74.36,-79.9159,20.2478,
0.7,0.598342,0.825579,-70.6155,111.061,-15.4808,-2.7599,0,-75.1937,25.3916,0,-70.5618,-2.75315,6.13349,75.4725,-81.1129,20.551,
0.7,0.598366,0.825285,-69.8069,101.212,-15.3189,-2.72732,0,-68.5041,23.1381,0,-69.7534,-2.73148,6.06499,68.7764,-73.9215,18.7285,
0.7,0.598378,0.825135,-70.4516,109.599,-15.4793,-2.75225,0,-74.1716,25.0555,0,-70.3972,-2.76633,6.12269,74.4753,-80.0478,20.2806,
0.7,0.5984,0.824972,-70.0269,110.686,-15.4021,-2.73495,0,-74.8999,25.3052,0,-69.9724,-2.76011,6.08762,75.2148,-80.841,20.4817,
0.7,0.598431,0.824823,-69.3055,111.345,-15.2773,-2.7041,0,-75.3338,25.4545,0,-69.2509,-2.74963,6.02807,75.6615,-81.3219,20.6035,
0.7,0.598448,0.824671,-70.2526,110.237,-15.5044,-2.74012,0,-74.5753,25.2012,0,-70.1969,-2.79586,6.11197,74.9079,-80.5141,20.3986,
0.7,0.598469,0.824518,-69.6819,108.908,-15.3948,-2.71699,0,-73.6674,24.8974,0,-69.6263,-2.78313,6.06407,74.0045,-79.5432,20.1527,
0.7,0.598485,0.824367,-70.1513,108.985,-15.5161,-2.73445,0,-73.7111,24.9152,0,-70.0949,-2.81118,6.10656,74.0567,-79.5998,20.167,
0.7,0.598504,0.824202,-69.9182,107.689,-15.4818,-2.72391,0,-72.8271,24.6198,0,-69.8616,-2.81119,6.08791,73.1762,-78.6521,19.927,
0.7,0.598521,0.824055,-70.064,109.584,-15.5327,-2.72855,0,-74.0975,25.0518,0,-70.007,-2.82617,6.10221,74.4636,-80.0376,20.2779,
0.7,0.598543,0.823906,-69.5899,108.67,-15.4444,-2.70869,0,-73.4689,24.8422,0,-69.5328,-2.81717,6.06269,73.8404,-79.3711,20.1087,
0.7,0.59856,0.823756,-70.0295,108.538,-15.5597,-2.72416,0,-73.3702,24.8117,0,-69.9717,-2.84401,6.10258,73.7501,-79.2752,20.0844,
0.7,0.598579,0.82359,-69.8891,107.163,-15.546,-2.71659,0,-72.4334,24.4984,0,-69.831,-2.84695,6.09186,72.8163,-78.2697,19.8297,
0.7,0.598597,0.82344,-69.9548,108.438,-15.5788,-2.71769,0,-73.2848,24.7895,0,-69.8963,-2.85796,6.09905,73.683,-79.2016,20.0658,
0.7,0.598615,0.823287,-69.8877,108.336,-15.5804,-2.71342,0,-73.2069,24.7665,0,-69.8289,-2.86386,6.09472,73.6132,-79.1263,20.0468,
0.7,0.598666,0.823134,-67.3374,107.994,-15.0214,-2.61232,0,-72.9672,24.6889,0,-67.2804,-2.76865,5.87395,73.3801,-78.8772,19.9835,
0.7,0.598684,0.822967,-69.95,107.139,-15.621,-2.71132,0,-72.3841,24.4951,0,-69.8904,-2.88509,6.10344,72.8009,-78.252,19.8253,
0.7,0.598703,0.822815,-69.8435,108.395,-15.6136,-2.70505,0,-73.2247,24.7828,0,-69.7836,-2.88971,6.09572,73.6545,-79.1691,20.0577,
0.7,0.598725,0.82267,-69.5805,108.271,-15.5722,-2.6933,0,-73.1257,24.7515,0,-69.5205,-2.88835,6.07445,73.5691,-79.0782,20.0346,
0.7,0.598743,0.822351,-70.0139,96.9648,-15.6861,-2.70829,0,-65.4751,22.1682,0,-69.9531,-2.91515,6.11383,65.8871,-70.8203,17.9425,
0.7,0.59876,0.822202,-70.2992,110.387,-15.7675,-2.71743,0,-74.5262,25.2357,0,-70.2378,-2.93578,6.14028,75.007,-80.6234,20.4261,
0.7,0.598796,0.82205,-69.0299,109.982,-15.5171,-2.66582,0,-74.2434,25.1433,0,-68.9689,-2.89973,6.03239,74.732,-80.3277,20.3512,
0.7,0.598817,0.821884,-69.5976,105.939,-15.6613,-2.68637,0,-71.5067,24.2198,0,-69.5357,-2.9334,6.08373,71.9861,-77.3732,19.6029,
0.7,0.598837,0.821732,-69.7074,106.985,-15.7031,-2.68884,0,-72.204,24.4593,0,-69.645,-2.94688,6.09488,72.6972,-78.1369,19.7965,
0.7,0.598857,0.821582,-69.6648,107.02,-15.7107,-2.68585,0,-72.2169,24.4672,0,-69.6021,-2.95399,6.09272,72.7209,-78.1619,19.8028,
0.7,0.598876,0.821429,-69.8623,107.592,-15.7742,-2.6924,0,-72.595,24.5986,0,-69.7991,-2.9711,6.11153,73.1096,-78.5805,19.9088,
0.7,0.598899,0.821278,-69.4051,106.697,-15.688,-2.6737,0,-71.9829,24.3943,0,-69.3418,-2.96176,6.0733,72.5013,-77.926,19.7431,
0.7,0.598915,0.821114,-69.9078,105.568,-15.8198,-2.6906,0,-71.2154,24.1372,0,-69.8436,-2.99246,6.11891,71.7353,-77.1004,19.5341,
0.7,0.598934,0.820967,-69.7883,106.918,-15.81,-2.68464,0,-72.1151,24.4446,0,-69.7238,-2.99662,6.11008,72.6522,-78.0866,19.7839,
0.7,0.59895,0.820819,-69.9345,107.045,-15.8614,-2.68878,0,-72.1918,24.4736,0,-69.8695,-3.01173,6.12443,72.7384,-78.1795,19.8074,
0.7,0.598972,0.820669,-69.518,106.435,-15.783,-2.67201,0,-71.7709,24.3338,0,-69.453,-3.00371,6.0897,72.3229,-77.7348,19.6946,
0.7,0.598988,0.820505,-70.0029,105.73,-15.9106,-2.68757,0,-71.2883,24.1728,0,-69.9371,-3.03338,6.13371,71.8447,-77.2186,19.564,
0.7,0.599007,0.82032,-69.6989,103.335,-15.8581,-2.67407,0,-69.6927,23.6383,0,-69.633,-3.0289,6.1086,70.2203,-75.4666,19.1205,
0.7,0.599026,0.820171,-69.7203,106.409,-15.881,-2.67361,0,-71.7541,24.34,0,-69.654,-3.03833,6.11197,72.3083,-77.7124,19.6894,
0.7,0.59905,0.82002,-69.2992,106.146,-15.8011,-2.65572,0,-71.5682,24.2798,0,-69.2328,-3.02975,6.07676,72.1298,-77.5202,19.6407,
0.7,0.599071,0.819852,-69.5954,105.104,-15.8848,-2.66547,0,-70.8598,24.0426,0,-69.5284,-3.05167,6.10431,71.4234,-76.7578,19.4478,
0.7,0.599089,0.819698,-69.7491,105.655,-15.9369,-2.66965,0,-71.2235,24.1692,0,-69.6815,-3.06724,6.11934,71.7982,-77.1594,19.5496,
0.7,0.599109,0.819395,-69.7377,95.2451,-15.9509,-2.66757,0,-64.1901,21.7882,0,-69.6698,-3.07549,6.11988,64.7243,-69.5569,17.6234,
0.7,0.599131,0.819227,-69.3904,104.017,-15.8891,-2.65328,0,-70.0964,23.7961,0,-69.3224,-3.06948,6.09103,70.6869,-75.9614,19.2464,
0.7,0.59915,0.819075,-69.6782,105.108,-15.9722,-2.6628,0,-70.8236,24.046,0,-69.6095,-3.09072,6.11778,71.429,-76.7575,19.4482,
0.7,0.599169,0.818925,-69.6045,105.214,-15.9725,-2.65899,0,-70.8837,24.0696,0,-69.5355,-3.09589,6.1128,71.5005,-76.8351,19.4678,
0.7,0.599187,0.818773,-69.8326,105.933,-16.0424,-2.66668,0,-71.3589,24.2342,0,-69.763,-3.11456,6.13432,71.9896,-77.3594,19.6007,
0.7,0.599181,0.818621,-71.5823,107.359,-16.4857,-2.73528,0,-72.31,24.5604,0,-71.5106,-3.19929,6.28919,72.9593,-78.4002,19.8645,
0.7,0.599256,0.818456,-66.3588,106.369,-15.2921,-2.53609,0,-71.6362,24.3347,0,-66.2915,-2.98568,5.83374,72.2883,-77.6759,19.6813,
0.7,0.599276,0.818309,-69.5286,105.048,-16.0405,-2.65654,0,-70.7343,24.0318,0,-69.4577,-3.13691,6.11392,71.3894,-76.7115,19.4368,
0.7,0.599301,0.818133,-69.1664,103.401,-15.9728,-2.64202,0,-69.6206,23.6569,0,-69.0954,-3.13032,6.08378,70.2729,-75.5071,19.132,
0.7,0.599322,0.817972,-69.5409,104.446,-16.0758,-2.65512,0,-70.317,23.8972,0,-69.4691,-3.15586,6.11822,70.9841,-76.2688,19.3252,
0.7,0.599342,0.817823,-69.604,105.256,-16.1072,-2.65662,0,-70.8532,24.0832,0,-69.5318,-3.16723,6.12527,71.5348,-76.8596,19.4749,
0.7,0.599358,0.817676,-69.8433,105.118,-16.1836,-2.66559,0,-70.7495,24.0525,0,-69.7705,-3.1858,6.14767,71.4415,-76.7588,19.4494,
0.7,0.599383,0.817361,-69.6629,98.1405,-16.1577,-2.65737,0,-66.0394,22.4568,0,-69.5899,-3.18697,6.13344,66.7009,-71.6618,18.1582,
0.7,0.599425,0.817211,-68.0932,105.364,-15.8258,-2.59493,0,-70.8914,24.1103,0,-68.021,-3.13205,5.99819,71.6114,-76.9359,19.4947,
0.7,0.599446,0.817064,-69.5979,105.768,-16.1937,-2.65126,0,-71.151,24.2015,0,-69.5237,-3.20949,6.13218,71.8854,-77.2304,19.5693,
0.7,0.599468,0.816914,-69.3247,104.236,-16.1469,-2.63927,0,-70.1119,23.8509,0,-69.2505,-3.20552,6.10963,70.8453,-76.1111,19.2858,
0.7,0.599493,0.816749,-69.0243,102.535,-16.0934,-2.62663,0,-68.9613,23.4622,0,-68.9499,-3.201,6.0848,69.6909,-74.867,18.9709,
0.7,0.599513,0.816597,-69.4191,103.459,-16.2025,-2.6402,0,-69.5748,23.6737,0,-69.3439,-3.22788,6.1211,70.3201,-75.5412,19.1419,
0.7,0.599529,0.816447,-69.768,103.762,-16.303,-2.65219,0,-69.7676,23.7421,0,-69.692,-3.25246,6.15333,70.5262,-75.7611,19.1977,
0.7,0.599548,0.816294,-69.5364,103.164,-16.266,-2.64192,0,-69.3572,23.6054,0,-69.4603,-3.25031,6.13442,70.1199,-75.3242,19.087,
0.7,0.599566,0.816128,-69.5681,102.287,-16.2907,-2.64155,0,-68.762,23.4057,0,-69.4915,-3.26049,6.13874,69.5261,-74.6824,18.9247,
0.7,0.599589,0.815977,-69.1904,103.112,-16.219,-2.62572,0,-69.3082,23.5943,0,-69.1138,-3.25224,6.10707,70.0873,-75.2836,19.0771,
0.7,0.599607,0.816013,-69.5836,118.112,-16.3288,-2.63903,0,-79.3488,27.0148,0,-69.5061,-3.27942,6.14329,80.2676,-86.2496,21.8537,
0.7,0.599627,0.815862,-69.3709,103.009,-16.2971,-2.62922,0,-69.1936,23.5599,0,-69.2933,-3.27786,6.126,70.0038,-75.2202,19.0591,
0.7,0.599653,0.81571,-69.0624,103.86,-16.2406,-2.6161,0,-69.7573,23.7545,0,-68.9846,-3.27287,6.10043,70.5836,-75.8408,19.2165,
0.7,0.599675,0.815544,-69.1856,101.58,-16.2858,-2.61906,0,-68.2199,23.2333,0,-69.1073,-3.28733,6.11283,69.0362,-74.1733,18.7944,
0.7,0.599697,0.815394,-69.2361,103.084,-16.3139,-2.61943,0,-69.2204,23.5763,0,-69.1573,-3.29826,6.11878,70.06,-75.271,19.0727,
0.7,0.599725,0.815241,-68.7739,102.495,-16.2051,-2.59682,0,-68.8183,23.4376,0,-68.6951,-3.28801,6.08,69.661,-74.8397,18.9636,
0.7,0.599737,0.815073,-69.9862,101.579,-16.5257,-2.64412,0,-68.197,23.2281,0,-69.9058,-3.3505,6.18797,69.0396,-74.1687,18.7938,
0.7,0.59977,0.814919,-68.427,102.619,-16.1567,-2.58045,0,-68.8883,23.4655,0,-68.3478,-3.28842,6.05231,69.7481,-74.9266,18.9861,
0.7,0.599789,0.814762,-69.5189,103.099,-16.4317,-2.61988,0,-69.2031,23.5787,0,-69.438,-3.34929,6.15036,70.0762,-75.2753,19.0748,
0.7,0.599811,0.814448,-69.2086,89.4953,-16.3751,-2.60643,0,-60.0605,20.4638,0,-69.1276,-3.34284,6.12439,60.8324,-65.3405,16.5577,
0.7,0.599833,0.814276,-69.2089,100.472,-16.3933,-2.60448,0,-67.4232,22.9746,0,-69.1275,-3.35163,6.12595,68.2965,-73.3517,18.5882,
0.7,0.59986,0.814119,-69.2035,104.016,-16.4081,-2.60251,0,-69.795,23.7853,0,-69.1217,-3.36104,6.12717,70.7075,-75.9374,19.2437,
0.7,0.599906,0.813965,-67.647,103.05,-16.0726,-2.53985,0,-69.1374,23.5632,0,-67.5662,-3.30212,5.99228,70.0517,-75.2312,19.0649,
0.7,0.59993,0.81381,-69.1327,102.862,-16.442,-2.59363,0,-69.0038,23.5199,0,-69.0497,-3.38315,6.12537,69.9256,-75.0922,19.03,
0.7,0.599955,0.813642,-68.9765,100.86,-16.4215,-2.58577,0,-67.6552,23.0625,0,-68.8933,-3.38394,6.11301,68.5674,-73.628,18.6593,
0.7,0.599984,0.81349,-68.5264,101.311,-16.3303,-2.56709,0,-67.9494,23.1653,0,-68.4432,-3.37113,6.07474,68.8753,-73.9553,18.7425,
0.7,0.600008,0.813339,-69.2694,103.312,-16.5256,-2.59283,0,-69.2829,23.6222,0,-69.1849,-3.41596,6.14205,70.2363,-75.4152,19.1126,
0.7,0.600034,0.813192,-68.682,101.587,-16.4014,-2.56904,0,-68.1157,23.2259,0,-68.5978,-3.39565,6.09149,69.0641,-74.155,18.7934,
0.7,0.600066,0.813042,-68.4959,102.127,-16.372,-2.56027,0,-68.4699,23.3486,0,-68.4115,-3.39596,6.07665,69.4325,-74.5485,18.8932,
0.7,0.600092,0.812726,-68.8485,89.7274,-16.4719,-2.57179,0,-60.1441,20.5133,0,-68.7632,-3.42181,6.10939,61.0035,-65.4962,16.5992,
0.7,0.600116,0.812575,-69.3137,103.315,-16.6007,-2.58799,0,-69.2449,23.6194,0,-69.2274,-3.4528,6.15205,70.2436,-75.4116,19.1125,
0.7,0.600165,0.812426,-67.1799,101.926,-16.1209,-2.50549,0,-68.3038,23.3003,0,-67.0956,-3.36179,5.96533,69.2987,-74.3983,18.8556,
0.7,0.600194,0.812274,-68.8105,102.472,-16.5275,-2.56515,0,-68.6622,23.425,0,-68.7236,-3.45212,6.11165,69.6714,-74.7963,18.9567,
0.7,0.600219,0.812109,-68.779,99.4335,-16.5369,-2.56264,0,-66.6198,22.7302,0,-68.6918,-3.45824,6.1102,67.6066,-72.5767,18.3944,
0.7,0.600242,0.811959,-68.8315,100.501,-16.5654,-2.56252,0,-67.3252,22.9725,0,-68.7438,-3.46896,6.11628,68.3337,-73.355,18.5918,
0.7,0.600268,0.811808,-68.6606,100.292,-16.5397,-2.55465,0,-67.177,22.9239,0,-68.5727,-3.46865,6.10254,68.1926,-73.2009,18.5529,
0.7,0.600299,0.811643,-68.4588,100.059,-16.5062,-2.54602,0,-67.0146,22.8709,0,-68.3707,-3.46781,6.08624,68.0362,-73.0287,18.5096,
0.7,0.600325,0.811495,-68.5716,100.237,-16.5504,-2.5487,0,-67.1249,22.9108,0,-68.4829,-3.48181,6.09772,68.1571,-73.1583,18.5425,
0.7,0.600353,0.81135,-68.4683,100.395,-16.5412,-2.54342,0,-67.2204,22.9453,0,-68.3793,-3.48505,6.09002,68.2649,-73.2733,18.5717,
0.7,0.600379,0.811201,-68.9313,102.094,-16.6692,-2.55891,0,-68.3505,23.3331,0,-68.8413,-3.5171,6.13269,69.4212,-74.5128,18.8859,
0.7,0.60041,0.810887,-69.0027,94.9402,-16.7018,-2.55995,0,-63.5481,21.6981,0,-68.9121,-3.52992,6.14064,64.5587,-69.2895,17.5624,
0.7,0.600459,0.810737,-67.4579,101.825,-16.3611,-2.49893,0,-68.1485,23.271,0,-67.3685,-3.46653,6.0059,69.2413,-74.3136,18.8359,
0.7,0.600483,0.81059,-68.924,101.339,-16.7329,-2.55136,0,-67.8121,23.1574,0,-68.8323,-3.55005,6.13786,68.9107,-73.9578,18.7458,
0.7,0.600508,0.81044,-68.7847,100.387,-16.7155,-2.54452,0,-67.1663,22.9391,0,-68.6928,-3.55097,6.12688,68.2642,-73.2626,18.5697,
0.7,0.600538,0.810132,-68.9572,94.4309,-16.7731,-2.54867,0,-63.1681,21.5761,0,-68.8645,-3.56906,6.14384,64.2238,-68.9066,17.4671,
0.7,0.60059,0.809983,-67.3409,101.849,-16.4124,-2.48542,0,-68.1217,23.2702,0,-67.2495,-3.50186,6.00271,69.27,-74.3193,18.8392,
0.7,0.600618,0.809834,-68.7698,101.21,-16.7761,-2.53645,0,-67.6855,23.1234,0,-68.6761,-3.58492,6.13162,68.8357,-73.8516,18.7208,
0.7,0.600649,0.809521,-68.3041,88.486,-16.6785,-2.51828,0,-59.1626,20.2156,0,-68.2105,-3.57005,6.09174,60.1836,-64.5655,16.3671,
0.7,0.600704,0.80937,-67.2887,101.713,-16.4613,-2.47773,0,-67.999,23.2378,0,-67.1956,-3.53328,6.00403,69.1813,-74.2161,18.8136,
0.7,0.600733,0.809218,-68.5965,100.633,-16.7968,-2.5242,0,-67.2688,22.991,0,-68.5012,-3.61013,6.12215,68.4467,-73.4271,18.6137,
0.7,0.600763,0.809054,-68.583,99.8115,-16.8091,-2.52192,0,-66.7139,22.8039,0,-68.4872,-3.61768,6.12238,67.89,-72.8259,18.4616,
0.7,0.600795,0.808762,-68.1728,89.7958,-16.7251,-2.50502,0,-60.002,20.5135,0,-68.0771,-3.60494,6.08732,61.0785,-65.5169,16.6089,
0.7,0.600854,0.808614,-67.3562,102.306,-16.5558,-2.47162,0,-68.352,23.3706,0,-67.2608,-3.57825,6.01729,69.588,-74.6448,18.9229,
0.7,0.600883,0.808467,-68.2685,99.3548,-16.7958,-2.5033,0,-66.3718,22.6942,0,-68.1713,-3.63502,6.10024,67.5811,-72.4907,18.3769,
0.7,0.600915,0.808309,-68.2949,99.3633,-16.8192,-2.50259,0,-66.3686,22.695,0,-68.1973,-3.64509,6.10411,67.5882,-72.4955,18.3783,
0.7,0.600942,0.808161,-68.4623,98.9701,-16.8767,-2.50592,0,-66.0974,22.6044,0,-68.3639,-3.66185,6.12043,67.3214,-72.2079,18.3055,
0.7,0.600968,0.80785,-68.9721,92.6226,-17.0182,-2.52293,0,-61.8441,21.1546,0,-68.8726,-3.69652,6.16731,63.0055,-67.5749,17.1313,
0.7,0.601025,0.807705,-66.5016,99.7473,-16.4398,-2.42831,0,-66.5908,22.7807,0,-66.4048,-3.58016,5.9492,67.8526,-72.7722,18.449,
0.7,0.601052,0.807558,-68.4783,98.9825,-16.9443,-2.49825,0,-66.0716,22.6059,0,-68.3782,-3.69477,6.12746,67.3332,-72.2134,18.3075,
0.7,0.601081,0.807411,-68.2051,98.4792,-16.8923,-2.48611,0,-65.7268,22.4908,0,-68.105,-3.68829,6.10446,66.9917,-71.8453,18.2143,
0.7,0.601115,0.807105,-68.0588,89.0437,-16.8711,-2.47866,0,-59.4127,20.3343,0,-67.9584,-3.6896,6.09298,60.5749,-64.9596,16.4689,
0.7,0.601145,0.806956,-68.5309,100.147,-17.0052,-2.49365,0,-66.8127,22.8693,0,-68.4293,-3.72315,6.13663,68.1297,-73.0589,18.5225,
0.7,0.601206,0.806805,-66.3686,99.2813,-16.4985,-2.41192,0,-66.2266,22.6714,0,-66.2694,-3.62166,5.9458,67.5417,-72.4258,18.3622,
0.7,0.601237,0.806641,-68.1279,97.3998,-16.9512,-2.47418,0,-64.9651,22.2419,0,-68.0256,-3.72576,6.10482,66.2632,-71.0518,18.014,
0.7,0.60127,0.806344,-68.1186,89.5398,-16.9657,-2.472,0,-59.7064,20.4455,0,-68.0159,-3.73373,6.10547,60.9179,-65.3159,16.5601,
0.7,0.601329,0.806194,-67.1809,100.625,-16.7641,-2.43442,0,-67.0903,22.9766,0,-67.0786,-3.69789,6.02414,68.4608,-73.4007,18.6101,
0.7,0.601359,0.806043,-68.1207,98.042,-17.0144,-2.46671,0,-65.3605,22.3865,0,-68.0166,-3.75775,6.10983,66.7047,-71.5155,18.1323,
0.7,0.601393,0.805882,-67.8534,97.1298,-16.9641,-2.45567,0,-64.744,22.1774,0,-67.7492,-3.75183,6.0874,66.0852,-70.849,17.9635,
0.7,0.601423,0.805582,-68.4294,90.7169,-17.1238,-2.47401,0,-60.4544,20.7127,0,-68.3239,-3.79187,6.14051,61.7239,-66.1692,16.7773,
0.7,0.601479,0.805432,-66.7931,98.9117,-16.7458,-2.41064,0,-65.9072,22.5834,0,-66.6892,-3.71659,5.99636,67.3009,-72.1453,18.2927,
0.7,0.601508,0.805272,-68.2074,97.2486,-17.1179,-2.45996,0,-64.7903,22.2031,0,-68.1008,-3.80348,6.12475,66.1711,-70.9305,17.9849,
0.7,0.601532,0.804976,-68.4604,87.3354,-17.1984,-2.46673,0,-58.1697,19.9397,0,-68.353,-3.82522,6.1488,59.4271,-63.6988,16.1515,
0.7,0.601584,0.804827,-67.0083,98.7594,-16.866,-2.41049,0,-65.77,22.5481,0,-66.9024,-3.75928,6.02103,67.2016,-72.0298,18.2641,
0.7,0.601611,0.804666,-68.3355,96.7513,-17.2181,-2.45584,0,-64.4243,22.0894,0,-68.227,-3.84117,6.14159,65.8371,-70.5633,17.8925,
0.7,0.601642,0.804516,-67.8172,96.6375,-17.1036,-2.43536,0,-64.3401,22.0637,0,-67.709,-3.82071,6.09652,65.7603,-70.4795,17.8714,
0.7,0.601669,0.804367,-68.1367,96.5768,-17.2012,-2.44512,0,-64.2916,22.0498,0,-68.0276,-3.84647,6.12659,65.7203,-70.434,17.8601,
0.7,0.601697,0.804056,-68.1598,85.6327,-17.2238,-2.44443,0,-56.9933,19.5512,0,-68.0502,-3.85541,6.13,58.2758,-62.4494,15.8359,
0.7,0.601753,0.803912,-66.9779,99.0548,-16.9588,-2.39902,0,-65.9155,22.6143,0,-66.8694,-3.80401,6.0264,67.4108,-72.2369,18.3179,
0.7,0.601778,0.803765,-68.275,96.7418,-17.3039,-2.44347,0,-64.367,22.0855,0,-68.1639,-3.88518,6.14442,65.8369,-70.5498,17.8901,
0.7,0.601804,0.803619,-68.0312,95.8517,-17.2585,-2.43272,0,-63.7657,21.8821,0,-67.9201,-3.87865,6.12375,65.2321,-69.8998,17.7254,
0.7,0.60183,0.803311,-68.2867,86.3273,-17.3413,-2.43944,0,-57.4137,19.7072,0,-68.1747,-3.90013,6.14796,58.7523,-62.952,15.9639,
0.7,0.601859,0.803162,-68.2687,97.5993,-17.3531,-2.43662,0,-64.9022,22.2803,0,-68.1563,-3.90728,6.14776,66.4251,-71.1706,18.0482,
0.7,0.601912,0.803014,-66.4239,96.4721,-16.9163,-2.36665,0,-64.1445,22.0234,0,-66.3137,-3.81647,5.98421,65.659,-70.3474,17.8397,
0.7,0.601937,0.802853,-68.1918,94.7775,-17.385,-2.4268,0,-63.012,21.6374,0,-68.0782,-3.92536,6.14476,64.5078,-69.1097,17.5261,
0.7,0.601961,0.802561,-68.4215,88.0494,-17.4608,-2.43247,0,-58.5226,20.1011,0,-68.3071,-3.94611,6.16677,59.9302,-64.202,16.2818,
0.7,0.602012,0.802413,-66.938,97.2521,-17.1164,-2.37494,0,-64.6309,22.2017,0,-66.8252,-3.87595,6.03575,66.1952,-70.9108,17.9834,
0.7,0.602036,0.802267,-68.3489,96.0685,-17.4965,-2.4226,0,-63.8356,21.931,0,-68.2333,-3.96467,6.16419,65.3908,-70.0465,17.7644,
0.7,0.602064,0.802109,-67.8906,94.4671,-17.3964,-2.40315,0,-62.7626,21.5642,0,-67.7753,-3.94635,6.1243,64.3027,-68.8771,17.4681,
0.7,0.602087,0.801816,-68.368,86.6406,-17.5367,-2.41734,0,-57.5464,19.776,0,-68.2514,-3.98168,6.16869,58.9766,-63.1693,16.0207,
0.7,0.602112,0.80167,-68.3652,96.587,-17.5534,-2.41471,0,-64.144,22.0454,0,-68.2482,-3.98912,6.16975,65.7482,-70.4201,17.8598,
0.7,0.602163,0.80151,-66.5553,94.8945,-17.1239,-2.34618,0,-63.0137,21.6588,0,-66.4405,-3.89798,6.00894,64.5979,-69.1843,17.5467,
0.7,0.602193,0.801366,-67.5622,94.284,-17.3995,-2.37972,0,-62.5982,21.5177,0,-67.4452,-3.96534,6.10131,64.1825,-68.739,17.4338,
0.7,0.602221,0.801218,-67.8942,94.9068,-17.5015,-2.38934,0,-63.0041,21.659,0,-67.7762,-3.99218,6.13257,64.6074,-69.192,17.5488,
0.7,0.602248,0.800911,-67.8467,83.2269,-17.5056,-2.38497,0,-55.2368,18.9918,0,-67.7283,-3.99653,6.12953,56.6591,-60.6741,15.3889,
0.7,0.602312,0.800765,-66.0489,96.163,-17.0739,-2.31829,0,-63.8137,21.9426,0,-65.9327,-3.90637,5.96985,65.4664,-70.104,17.7807,
0.7,0.60233,0.80062,-68.5119,94.8256,-17.7287,-2.40232,0,-62.9177,21.6365,0,-68.391,-4.05748,6.19341,64.5572,-69.1278,17.5333,
0.7,0.602365,0.800475,-67.4291,94.8359,-17.4643,-2.36203,0,-62.9157,21.6378,0,-67.3096,-4.00218,6.09706,64.5654,-69.1341,17.5351,
0.7,0.602392,0.800319,-67.7343,92.9114,-17.5611,-2.37073,0,-61.6303,21.1973,0,-67.6138,-4.02725,6.12587,63.2571,-67.7292,17.179,
0.7,0.602424,0.800025,-67.4516,83.7721,-17.5034,-2.35873,0,-55.5541,19.1106,0,-67.3312,-4.01858,6.10173,57.0368,-61.065,15.489,
0.7,0.602431,0.799877,-69.318,95.3003,-18.0273,-2.41772,0,-63.1918,21.7397,0,-69.1941,-4.13284,6.2711,64.8873,-69.467,17.6204,
0.7,0.602512,0.799718,-64.4368,93.7708,-16.7687,-2.24641,0,-62.1701,21.3896,0,-64.3205,-3.85989,5.83265,63.848,-68.35,17.3374,
0.7,0.602539,0.799572,-67.7968,93.7348,-17.6601,-2.36119,0,-62.1384,21.3803,0,-67.674,-4.068,6.13798,63.8243,-68.323,17.3307,
0.7,0.602566,0.799282,-67.8,84.0464,-17.6775,-2.35895,0,-55.7016,19.1686,0,-67.6768,-4.07504,6.13946,57.2293,-61.2591,15.5392,
0.7,0.602593,0.799126,-67.5472,91.6934,-17.6281,-2.34722,0,-60.7611,20.911,0,-67.424,-4.0667,6.11776,62.438,-66.8313,16.9528,
0.7,0.60265,0.798982,-66.1591,94.7142,-17.2992,-2.295,0,-62.7535,21.5983,0,-66.0376,-3.99751,5.99455,64.4953,-69.0325,17.5113,
0.7,0.602678,0.79884,-67.8115,94.3683,-17.7478,-2.3504,0,-62.5155,21.5176,0,-67.6865,-4.10459,6.14553,64.2607,-68.7795,17.4472,
0.7,0.602706,0.798683,-67.6584,92.8198,-17.7242,-2.34284,0,-61.4831,21.1636,0,-67.5332,-4.1025,6.1329,63.2083,-67.6489,17.1608,
0.7,0.602687,0.798397,-70.9992,82.54,-18.6226,-2.45486,0,-54.6579,18.8168,0,-70.8682,-4.30074,6.43497,56.2096,-60.155,15.26,
0.7,0.602747,0.798255,-66.1289,94.8537,-17.3773,-2.2831,0,-62.8038,21.6228,0,-66.0059,-4.01988,5.99601,64.5962,-69.1284,17.5365,
0.7,0.602776,0.798102,-67.6501,92.7225,-17.7932,-2.33292,0,-61.3862,21.1365,0,-67.5239,-4.1191,6.13512,63.1465,-67.5734,17.1423,
0.7,0.602804,0.797965,-67.583,93.3449,-17.7917,-2.32845,0,-61.7879,21.276,0,-67.4565,-4.12169,6.1302,63.5705,-68.0269,17.2574,
0.7,0.602835,0.797825,-67.3427,92.7663,-17.7458,-2.31854,0,-61.3967,21.1428,0,-67.2162,-4.114,6.10961,63.1773,-67.6043,17.1503,
0.7,0.602862,0.797529,-68.002,86.2213,-17.9363,-2.33913,0,-57.0508,19.6491,0,-67.8739,-4.16086,6.17058,58.7227,-62.8319,15.94,
0.7,0.602922,0.797387,-65.6648,93.3313,-17.3514,-2.25402,0,-61.7463,21.2679,0,-65.5402,-4.03153,5.96087,63.5655,-68.0126,17.2544,
0.7,0.602956,0.797249,-67.193,93.0929,-17.7719,-2.30474,0,-61.578,21.2112,0,-67.065,-4.13352,6.10102,63.4039,-67.8381,17.2103,
0.7,0.602989,0.796968,-67.1678,82.3458,-17.7807,-2.30177,0,-54.4577,18.7607,0,-67.0394,-4.13956,6.10005,56.0928,-59.9985,15.2227,
0.7,0.603054,0.796814,-65.5849,92.9653,-17.3916,-2.24271,0,-61.4686,21.1775,0,-65.4586,-4.05671,5.95885,63.3207,-67.7415,17.1863,
0.7,0.603086,0.79667,-67.2723,92.2697,-17.8556,-2.29818,0,-61.0009,21.0177,0,-67.1423,-4.16817,6.1134,62.8478,-67.2336,17.0576,
0.7,0.60312,0.796526,-66.9494,91.5284,-17.7847,-2.2849,0,-60.5036,20.8476,0,-66.8195,-4.15636,6.08548,62.3445,-66.6919,16.9204,
0.7,0.603153,0.796368,-66.9728,90.1126,-17.8059,-2.28197,0,-59.5623,20.5243,0,-66.8424,-4.16507,6.08887,61.3827,-65.6578,16.6584,
0.7,0.603185,0.796082,-67.1951,82.5364,-17.8796,-2.28815,0,-54.5396,18.7947,0,-67.0638,-4.18625,6.11036,56.2251,-60.1346,15.2576,
0.7,0.603216,0.795944,-67.5161,93.1719,-17.9817,-2.29711,0,-61.556,21.213,0,-67.3838,-4.21319,6.14076,63.4715,-67.8821,17.2235,
0.7,0.603282,0.795805,-65.0401,92.2824,-17.3517,-2.20793,0,-60.9587,21.0074,0,-64.9116,-4.07322,5.91808,62.867,-67.2325,17.059,
0.7,0.603313,0.795649,-67.1813,90.4777,-17.9388,-2.27808,0,-59.7607,20.5953,0,-67.0482,-4.21426,6.11413,61.6401,-65.9153,16.7251,
0.7,0.603342,0.795363,-67.66,85.3248,-18.0844,-2.2909,0,-56.3432,19.4192,0,-67.5256,-4.25072,6.15881,58.1325,-62.1583,15.7723,
0.7,0.603404,0.795219,-65.74,92.7143,-17.6029,-2.22059,0,-61.2157,21.0997,0,-65.6084,-4.14389,5.98644,63.169,-67.5396,17.1381,
0.7,0.603434,0.79492,-67.7174,85.5538,-18.1491,-2.28449,0,-56.4744,19.4673,0,-67.5815,-4.27523,6.16767,58.2939,-62.3199,15.8141,
0.7,0.603493,0.794778,-65.3908,91.4127,-17.5586,-2.20086,0,-60.3349,20.7992,0,-65.2587,-4.1411,5.95798,62.2877,-66.5861,16.8969,
0.7,0.603529,0.794636,-66.784,90.9249,-17.9477,-2.24476,0,-60.006,20.6865,0,-66.6486,-4.23703,6.08626,61.9569,-66.2291,16.8066,
0.7,0.603561,0.794484,-66.8517,89.4299,-17.981,-2.24432,0,-59.0119,20.3443,0,-66.7157,-4.24815,6.09361,60.9405,-65.1379,16.5301,
0.7,0.603593,0.794201,-67.2852,83.7888,-18.1131,-2.25609,0,-55.275,19.0571,0,-67.1478,-4.28255,6.13431,57.099,-61.0266,15.4871,
0.7,0.603658,0.794061,-65.1948,91.5678,-17.5823,-2.18083,0,-60.3987,20.8239,0,-65.0609,-4.16297,5.94608,62.4018,-66.6906,16.9248,
0.7,0.603689,0.793922,-67.0683,90.8295,-18.1036,-2.24129,0,-59.9021,20.6527,0,-66.9301,-4.28928,6.11811,61.9001,-66.1515,16.7882,
0.7,0.603726,0.793589,-66.4322,76.2353,-17.9463,-2.21773,0,-50.2871,17.341,0,-66.2949,-4.25498,6.0612,51.9601,-55.5169,14.0902,
0.7,0.603783,0.793447,-65.748,91.3416,-17.7942,-2.19699,0,-60.2444,20.7746,0,-65.6113,-4.22365,6.00094,62.2582,-66.5157,16.882,
0.7,0.603816,0.793304,-66.8554,90.0751,-18.1103,-2.23122,0,-59.4022,20.484,0,-66.716,-4.30197,6.10327,61.397,-65.5915,16.6477,
0.7,0.603845,0.793152,-67.0398,89.2813,-18.1768,-2.23502,0,-58.8719,20.3009,0,-66.8995,-4.32039,6.12123,60.8585,-65.0109,16.5008,
0.7,0.603874,0.79301,-66.8795,89.0624,-18.151,-2.22764,0,-58.7208,20.249,0,-66.7391,-4.31645,6.10771,60.7107,-64.85,16.4602,
0.7,0.603904,0.792714,-67.3072,82.614,-18.283,-2.23951,0,-54.4566,18.7786,0,-67.1655,-4.35092,6.14796,56.3194,-60.1505,15.268,
0.7,0.60397,0.792573,-64.787,89.9394,-17.6284,-2.15047,0,-59.2779,20.4412,0,-64.6496,-4.202,5.92019,61.3151,-65.4822,16.6216,
0.7,0.603999,0.792433,-67.0941,90.1083,-18.2738,-2.22458,0,-59.3811,20.4769,0,-66.9515,-4.35789,6.1321,61.4317,-65.6037,16.6527,
0.7,0.604028,0.792143,-66.8594,78.1856,-18.2262,-2.21392,0,-51.51,17.7628,0,-66.7169,-4.34906,6.11176,53.3072,-56.9195,14.4489,
0.7,0.60409,0.792003,-65.5034,90.9993,-17.8877,-2.16354,0,-59.9442,20.6714,0,-65.3629,-4.27418,5.99012,62.0455,-66.2461,16.8167,
0.7,0.604119,0.791862,-66.6591,87.7503,-18.221,-2.19948,0,-57.7969,19.9312,0,-66.5156,-4.35568,6.09686,59.8321,-63.879,16.2161,
0.7,0.604149,0.79172,-66.9277,89.2757,-18.3106,-2.20656,0,-58.7946,20.2755,0,-66.7832,-4.3798,6.12257,60.8736,-64.9879,16.4979,
0.7,0.604178,0.791602,-66.8333,90.1733,-18.3016,-2.20054,0,-59.3534,20.4678,0,-66.6886,-4.38019,6.11507,61.4854,-65.6414,16.6637,
0.7,0.604237,0.791285,-65.4353,80.0197,-17.9529,-2.15058,0,-52.6801,18.1679,0,-65.2928,-4.30144,5.9894,54.5682,-58.2444,14.7868,
0.7,0.604264,0.791144,-66.9624,88.3277,-18.3888,-2.19876,0,-58.142,20.0518,0,-66.8161,-4.40803,6.13025,60.2353,-64.2899,16.3219,
0.7,0.604289,0.791009,-67.1166,88.7743,-18.4484,-2.20162,0,-58.4261,20.1499,0,-66.9696,-4.42428,6.14543,60.5416,-64.6132,16.4043,
0.7,0.604317,0.790832,-66.646,84.5069,-18.3356,-2.18372,0,-55.6141,19.1807,0,-66.4996,-4.39994,6.1035,57.6354,-61.5035,15.6153,
0.7,0.604342,0.790555,-66.9574,77.6563,-18.4384,-2.19175,0,-51.0916,17.6218,0,-66.8099,-4.42645,6.13305,52.9665,-56.5144,14.3492,
0.7,0.604365,0.790415,-67.3703,88.9916,-18.5738,-2.20377,0,-58.5418,20.192,0,-67.2215,-4.45883,6.17175,60.6995,-64.762,16.4435,
0.7,0.604421,0.790263,-65.2981,88.0519,-18.036,-2.13129,0,-57.9169,19.9768,0,-65.153,-4.33452,5.98415,60.0613,-64.0755,16.2696,
0.7,0.604449,0.790149,-66.7093,89.1963,-18.4423,-2.17486,0,-58.6607,20.2316,0,-66.5607,-4.43461,6.11459,60.8426,-64.9075,16.481,
0.7,0.604478,0.789844,-66.8025,76.9287,-18.4847,-2.17526,0,-50.5826,17.4464,0,-66.6533,-4.44713,6.12423,52.4796,-55.9757,14.2138,
0.7,0.604505,0.789694,-66.9825,87.7412,-18.5517,-2.17807,0,-57.6865,19.8969,0,-66.8324,-4.46528,6.1418,59.8585,-63.8406,16.2114,
0.7,0.604563,0.789561,-65.1301,88.6181,-18.0727,-2.11323,0,-58.255,20.0934,0,-64.9833,-4.35446,5.97415,60.4584,-64.477,16.3732,
0.7,0.60459,0.789429,-66.5838,86.7937,-18.4928,-2.1578,0,-57.0472,19.6772,0,-66.4333,-4.45787,6.10857,59.2147,-63.1486,16.036,
0.7,0.604617,0.789299,-66.7356,87.6121,-18.5518,-2.15948,0,-57.5749,19.8592,0,-66.5844,-4.47409,6.12355,59.774,-63.743,16.1871,
0.7,0.604644,0.789154,-66.7364,86.6144,-18.5687,-2.15675,0,-56.9126,19.6313,0,-66.5847,-4.48027,6.12468,59.0954,-63.0151,16.0026,
0.7,0.604701,0.78889,-65.3565,81.4976,-18.2182,-2.1078,0,-53.5355,18.4672,0,-65.2071,-4.40026,6.00024,55.6067,-59.29,15.057,
0.7,0.60473,0.788762,-66.7627,88.1985,-18.6264,-2.15086,0,-57.9268,19.9822,0,-66.6096,-4.50128,6.13044,60.1794,-64.1644,16.295,
0.7,0.604758,0.788633,-66.7314,87.9601,-18.6338,-2.14703,0,-57.7621,19.9259,0,-66.578,-4.50548,6.12866,60.0179,-63.9897,16.2508,
0.7,0.604789,0.788359,-66.7275,79.9951,-18.6499,-2.14494,0,-52.5182,18.1184,0,-66.5737,-4.51185,6.12946,54.5864,-58.1922,14.7789,
0.7,0.604858,0.78823,-64.4429,88.23,-18.024,-2.06304,0,-57.9143,19.9803,0,-64.2933,-4.37262,5.92224,60.2066,-64.1816,16.3002,
0.7,0.604886,0.788264,-66.6004,98.1995,-18.6438,-2.12973,0,-64.4268,22.2266,0,-66.4453,-4.52478,6.12151,67,-71.4423,18.1428,
0.7,0.604915,0.787986,-66.8475,80.1562,-18.7291,-2.13525,0,-52.5756,18.139,0,-66.6914,-4.54742,6.14523,54.6938,-58.3111,14.8088,
0.7,0.604977,0.787842,-64.8504,87.3789,-18.2017,-2.06718,0,-57.305,19.7711,0,-64.6982,-4.42341,5.9637,59.6247,-63.563,16.143,
0.7,0.605008,0.787708,-66.4916,87.1261,-18.6783,-2.11667,0,-57.1319,19.712,0,-66.3351,-4.54136,6.11566,59.4546,-63.3768,16.0961,
0.7,0.605042,0.78744,-65.8957,75.4888,-18.5278,-2.09576,0,-49.4888,17.076,0,-65.7401,-4.50731,6.06201,51.5177,-54.9074,13.9457,
0.7,0.605104,0.787293,-64.6672,86.5527,-18.2136,-2.05237,0,-56.7353,19.5768,0,-64.5137,-4.43527,5.95107,59.0712,-62.952,15.9894,
0.7,0.605135,0.787153,-66.3443,85.9229,-18.7019,-2.10286,0,-56.3168,19.433,0,-66.1865,-4.5563,6.10646,58.6444,-62.4911,15.8728,
0.7,0.605164,0.78701,-66.4478,85.7013,-18.7487,-2.10423,0,-56.1661,19.3817,0,-66.2893,-4.56911,6.11697,58.4965,-62.3267,15.8315,
0.7,0.605197,0.786711,-66.0906,74.5916,-18.6634,-2.09107,0,-48.8759,16.8665,0,-65.9325,-4.55123,6.08524,50.9201,-54.2408,13.7786,
0.7,0.605254,0.786567,-64.9439,86.3561,-18.3712,-2.05089,0,-56.5789,19.5252,0,-64.7877,-4.48364,5.98163,58.9544,-62.7925,15.9515,
0.7,0.605285,0.786425,-66.2677,85.3188,-18.7628,-2.0912,0,-55.8932,19.2889,0,-66.1079,-4.5813,6.10465,58.2496,-62.0351,15.7596,
0.7,0.605313,0.786286,-66.4311,85.3675,-18.8251,-2.09437,0,-55.9186,19.2984,0,-66.2705,-4.59848,6.12072,58.2859,-62.0676,15.7683,
0.7,0.605341,0.786001,-66.7021,78.7404,-18.9178,-2.10087,0,-51.565,17.797,0,-66.5404,-4.62324,6.14673,53.7665,-57.2441,14.5437,
0.7,0.605397,0.785863,-64.8921,85.998,-18.4374,-2.0395,0,-56.3114,19.4358,0,-64.734,-4.5095,5.98197,58.7251,-62.5177,15.884,
0.7,0.605428,0.785726,-65.8371,83.8124,-18.7219,-2.06706,0,-54.8739,18.9403,0,-65.6762,-4.58181,6.07023,57.2353,-60.9263,15.4801,
0.7,0.605456,0.785445,-66.4794,76.5069,-18.9211,-2.08485,0,-50.0786,17.2862,0,-66.3165,-4.63234,6.13046,52.2515,-55.6107,14.1303,
0.7,0.605484,0.78531,-66.5954,86.1264,-18.9708,-2.08543,0,-56.3683,19.4578,0,-66.4318,-4.64615,6.14215,58.8235,-62.6006,15.9067,
0.7,0.60554,0.785175,-64.5411,85.0927,-18.419,-2.01629,0,-55.6849,19.2224,0,-64.3817,-4.51409,5.95463,58.1202,-61.8466,15.7155,
0.7,0.605567,0.785045,-66.2737,84.7076,-18.93,-2.06767,0,-55.4239,19.1329,0,-66.1097,-4.64096,6.11547,57.8596,-61.5644,15.6442,
0.7,0.605595,0.784767,-66.6373,78.4961,-19.0506,-2.07556,0,-51.3473,17.7265,0,-66.472,-4.67229,6.15004,53.6222,-57.0449,14.4965,
0.7,0.605654,0.784634,-63.8546,83.9174,-18.287,-1.98366,0,-54.8863,18.9486,0,-63.6953,-4.48918,5.8953,57.3276,-60.9826,15.4975,
0.7,0.605683,0.784503,-66.2438,84.8268,-18.9873,-2.05486,0,-55.4726,19.1512,0,-66.0781,-4.66321,6.11693,57.952,-61.6404,15.6652,
0.7,0.605712,0.784369,-66.0567,83.8546,-18.9497,-2.04633,0,-54.8301,18.9299,0,-65.891,-4.65611,6.1007,57.2904,-60.9315,15.4854,
0.7,0.605739,0.784086,-66.6036,78.0024,-19.1247,-2.06043,0,-50.9928,17.606,0,-66.4361,-4.70032,6.15219,53.2969,-56.6745,14.4042,
0.7,0.605796,0.783954,-64.8894,85.5112,-18.6648,-2.00246,0,-55.8938,19.2983,0,-64.7255,-4.59111,5.99589,58.4305,-62.1272,15.7905,
0.7,0.605821,0.783819,-66.311,83.765,-19.0906,-2.04364,0,-54.7457,18.9015,0,-66.143,-4.69715,6.12819,57.2393,-60.8565,15.4679,
0.7,0.605846,0.783538,-66.193,71.8069,-19.0752,-2.03766,0,-46.9192,16.1995,0,-66.0249,-4.69394,6.11818,49.0725,-52.1643,13.2593,
0.7,0.605899,0.783407,-64.7735,84.6952,-18.6991,-1.98856,0,-55.3312,19.104,0,-64.6082,-4.60485,5.98898,57.8827,-61.5248,15.6389,
0.7,0.605926,0.783271,-66.2094,83.5656,-19.1301,-2.02997,0,-54.5862,18.8471,0,-66.0401,-4.71282,6.12277,57.1132,-60.7018,15.4301,
0.7,0.605953,0.783121,-66.1136,81.9384,-19.1199,-2.02442,0,-53.5178,18.4787,0,-65.9441,-4.7118,6.11491,56.004,-59.517,15.1294,
0.7,0.605985,0.782984,-65.7205,82.7572,-19.0213,-2.00919,0,-54.0459,18.6617,0,-65.5515,-4.6907,6.07975,56.5662,-60.1093,15.2804,
0.7,0.606014,0.782713,-66.3381,77.0207,-19.2156,-2.0252,0,-50.2864,17.3647,0,-66.167,-4.74093,6.13795,52.6497,-55.9384,14.2207,
0.7,0.606073,0.782564,-64.0888,82.3688,-18.5957,-1.95194,0,-53.7731,18.5694,0,-63.9226,-4.59171,5.93182,56.3083,-59.8198,15.2079,
0.7,0.606102,0.782431,-65.952,82.8959,-19.1522,-2.00536,0,-54.1105,18.6864,0,-65.7806,-4.73087,6.10526,56.6712,-60.2003,15.305,
0.7,0.606131,0.7823,-65.7589,82.3323,-19.1118,-1.99679,0,-53.7339,18.5569,0,-65.5876,-4.72265,6.08835,56.288,-59.7888,15.2007,
0.7,0.60616,0.782035,-66.2153,76.8038,-19.2603,-2.00806,0,-50.1123,17.3069,0,-66.0424,-4.76107,6.13159,52.5128,-55.7698,14.1796,
0.7,0.606224,0.78189,-63.7497,82.156,-18.5746,-1.9295,0,-53.5987,18.5112,0,-63.5823,-4.5954,5.90528,56.1755,-59.653,15.1674,
0.7,0.606256,0.78176,-65.6052,82.3728,-19.131,-1.98309,0,-53.7334,18.5574,0,-65.4326,-4.7351,6.07819,56.3299,-59.8046,15.2069,
0.7,0.606288,0.781627,-65.5536,82.1063,-19.1314,-1.97928,0,-53.5526,18.4952,0,-65.3807,-4.73732,6.07444,56.1502,-59.6087,15.1575,
0.7,0.606355,0.781364,-64.0903,76.606,-18.7348,-1.93061,0,-49.9531,17.2523,0,-63.9203,-4.64334,5.94088,52.3935,-55.6109,14.1416,
0.7,0.606386,0.781222,-65.6714,81.7742,-19.2119,-1.97598,0,-53.3164,18.4139,0,-65.4969,-4.76359,6.08843,55.9309,-59.36,15.0955,
0.7,0.606418,0.78109,-65.5919,82.0817,-19.2036,-1.9713,0,-53.5104,18.481,0,-65.4171,-4.7635,6.08204,56.1438,-59.5808,15.152,
0.7,0.60645,0.780816,-65.4848,71.4402,-19.1874,-1.96575,0,-46.5624,16.0815,0,-65.3099,-4.76129,6.07308,48.8697,-51.8519,13.1872,
0.7,0.606516,0.780689,-64.2209,84.0726,-18.8475,-1.92281,0,-54.7862,18.9217,0,-64.0485,-4.68073,5.95782,57.5133,-61.0184,15.5188,
0.7,0.60655,0.780561,-65.167,81.0131,-19.1398,-1.94864,0,-52.7848,18.2307,0,-64.9917,-4.75559,6.04662,55.4227,-58.7956,14.9538,
0.7,0.606583,0.780432,-65.4258,81.8819,-19.232,-1.95422,0,-53.3433,18.4235,0,-65.2493,-4.7802,6.07162,56.0195,-59.4238,15.114,
0.7,0.606617,0.780162,-65.2473,71.3645,-19.1947,-1.946,0,-46.4803,16.0532,0,-65.0709,-4.77311,6.05609,48.8285,-51.7867,13.1722,
0.7,0.606688,0.780036,-63.4714,82.857,-18.7012,-1.8882,0,-53.9567,18.6351,0,-63.2988,-4.65571,5.89341,56.6939,-60.1243,15.2932,
0.7,0.606721,0.779906,-65.3798,81.6048,-19.2798,-1.94255,0,-53.1345,18.3509,0,-65.2017,-4.80164,6.07164,55.8394,-59.2136,15.0619,
0.7,0.606755,0.779777,-65.1968,80.9607,-19.2408,-1.93402,0,-52.7083,18.2036,0,-65.0187,-4.7943,6.0557,55.4006,-58.7443,14.9429,
0.7,0.606792,0.77965,-64.9283,80.8621,-19.1759,-1.92363,0,-52.6359,18.1782,0,-64.7504,-4.78133,6.03194,55.3351,-58.6708,14.9245,
0.7,0.606825,0.779376,-65.6827,74.7214,-19.4136,-1.94337,0,-48.6275,16.7936,0,-65.5022,-4.8429,6.10306,51.1377,-54.2108,13.7907,
0.7,0.606891,0.779247,-63.1391,81.1806,-18.6918,-1.86218,0,-52.8238,18.2426,0,-62.9648,-4.66691,5.86871,55.5603,-58.895,14.9826,
0.7,0.60693,0.779121,-64.7901,80.7889,-19.1946,-1.90815,0,-52.5596,18.151,0,-64.6107,-4.79598,6.02339,55.2938,-58.6092,14.9101,
0.7,0.606965,0.77898,-64.9453,79.3653,-19.2551,-1.90985,0,-51.6277,17.8292,0,-64.765,-4.8137,6.0389,54.3223,-57.5738,14.6472,
0.7,0.607,0.778719,-65.4258,74.5067,-19.4123,-1.92102,0,-48.4543,16.7334,0,-65.2437,-4.85556,6.08465,51.0007,-54.0453,13.7501,
0.7,0.607067,0.778578,-63.0189,80.0341,-18.729,-1.84439,0,-52.0419,17.9724,0,-62.8426,-4.68833,5.86278,54.7872,-58.052,14.7699,
0.7,0.607105,0.778446,-64.8735,80.3022,-19.2949,-1.89593,0,-52.2099,18.0303,0,-64.6915,-4.83307,6.03649,54.9732,-58.2441,14.8192,
0.7,0.607137,0.778314,-65.0211,79.5816,-19.3555,-1.89762,0,-51.735,17.8664,0,-64.8383,-4.8497,6.0512,54.4822,-57.7191,14.686,
0.7,0.607171,0.778053,-65.4591,74.2723,-19.5011,-1.90727,0,-48.2693,16.6695,0,-65.2747,-4.88828,6.09299,50.8513,-53.8646,13.7058,
0.7,0.60724,0.777911,-62.9355,79.7733,-18.7783,-1.82862,0,-51.8389,17.9023,0,-62.7572,-4.71185,5.86016,54.6207,-57.8512,14.7207,
0.7,0.607274,0.777782,-64.9795,79.7096,-19.4046,-1.88571,0,-51.7906,17.8855,0,-64.795,-4.87066,6.05148,54.5793,-57.8028,14.7087,
0.7,0.607309,0.777654,-64.7349,79.3013,-19.3463,-1.87579,0,-51.5183,17.7913,0,-64.5506,-4.85859,6.02979,54.3019,-57.5046,14.6331,
0.7,0.607344,0.777388,-65.1868,72.9212,-19.496,-1.88665,0,-47.36,16.3549,0,-65.0008,-4.89882,6.07298,49.9375,-52.874,13.4555,
0.7,0.607417,0.777259,-62.6083,80.1352,-18.7527,-1.80803,0,-52.0383,17.9703,0,-62.4287,-4.71761,5.83493,54.88,-58.1025,14.7864,
0.7,0.60745,0.77713,-64.8889,79.2784,-19.4522,-1.87138,0,-51.4754,17.7759,0,-64.7023,-4.89512,6.04845,54.2955,-57.4791,14.6281,
0.7,0.607484,0.777004,-64.7235,78.9954,-19.4172,-1.86434,0,-51.2834,17.7093,0,-64.5369,-4.88856,6.03406,54.1034,-57.2721,14.5757,
0.7,0.607517,0.776735,-65.321,73.3076,-19.6111,-1.87931,0,-47.5799,16.4305,0,-65.1322,-4.93949,6.09076,50.2124,-53.1441,13.5258,
0.7,0.607585,0.776608,-62.7098,79.5776,-18.8564,-1.79983,0,-51.6424,17.8334,0,-62.5277,-4.75355,5.84927,54.5089,-57.6879,14.6825,
0.7,0.607619,0.776485,-64.7866,79.2386,-19.4957,-1.8572,0,-51.4137,17.754,0,-64.598,-4.91687,6.04401,54.2784,-57.4403,14.6198,
0.7,0.607653,0.776223,-64.6051,68.7045,-19.4559,-1.84954,0,-44.5669,15.3893,0,-64.4166,-4.90905,6.02811,47.0664,-49.8004,12.6758,
0.7,0.60769,0.776098,-65.0239,80.5427,-19.5977,-1.85949,0,-52.2381,18.0378,0,-64.8336,-4.94745,6.06832,55.1782,-58.3794,14.8598,
0.7,0.607759,0.775975,-62.405,79.0391,-18.8365,-1.77933,0,-51.2536,17.6972,0,-62.2215,-4.75979,5.82592,54.1496,-57.288,14.5822,
0.7,0.607793,0.775836,-64.6231,77.8,-19.5204,-1.84017,0,-50.4443,17.4174,0,-64.4326,-4.93501,6.03403,53.3034,-56.3874,14.3534,
0.7,0.60783,0.77571,-64.3613,78.0935,-19.4571,-1.83069,0,-50.6273,17.4802,0,-64.1711,-4.92132,6.01068,53.5063,-56.5983,14.4073,
0.7,0.607896,0.77546,-63.2945,73.268,-19.1635,-1.79527,0,-47.4844,16.3944,0,-63.1065,-4.85088,5.91297,50.2033,-53.0978,13.5168,
0.7,0.607929,0.775322,-64.7249,77.8168,-19.6111,-1.83355,0,-50.4274,17.4104,0,-64.5323,-4.96639,6.04762,53.3229,-56.3918,14.3557,
0.7,0.607966,0.775196,-64.4778,78.4305,-19.5517,-1.82474,0,-50.8184,17.5452,0,-64.2854,-4.95396,6.02566,53.7452,-56.8347,14.4687,
0.7,0.608,0.774947,-64.4002,68.8153,-19.5427,-1.82034,0,-44.5742,15.3891,0,-64.2076,-4.95412,6.01946,47.1591,-49.8642,12.6947,
0.7,0.608069,0.774809,-62.9001,78.5507,-19.1161,-1.77297,0,-50.8742,17.5641,0,-62.711,-4.85049,5.88128,53.8334,-56.9161,14.4904,
0.7,0.608107,0.774681,-64.4936,78.5666,-19.6147,-1.81553,0,-50.8772,17.5652,0,-64.2992,-4.98006,6.03143,53.8464,-56.9256,14.4931,
0.7,0.60814,0.774554,-64.6661,78.0413,-19.6834,-1.81787,0,-50.5298,17.4452,0,-64.4708,-4.99886,6.04851,53.4884,-56.5429,14.396,
0.7,0.608173,0.774293,-64.3143,66.719,-19.5911,-1.80513,0,-43.1861,14.9099,0,-64.1196,-4.97725,6.01657,45.7318,-48.3363,12.3071,
0.7,0.608239,0.774166,-62.8352,78.4991,-19.1694,-1.75723,0,-50.8046,17.5402,0,-62.6441,-4.87362,5.88008,53.8084,-56.8687,14.4799,
0.7,0.608274,0.774039,-64.3882,77.6562,-19.6589,-1.79797,0,-50.2527,17.3497,0,-64.1919,-5.00029,6.02648,53.2326,-56.256,14.3242,
0.7,0.608308,0.77392,-64.3647,77.5396,-19.6661,-1.79376,0,-50.1659,17.3191,0,-64.168,-5.00434,6.02529,53.1538,-56.1703,14.3026,
0.7,0.608342,0.773778,-64.1775,75.3913,-19.623,-1.78546,0,-48.7737,16.8391,0,-63.9809,-4.9959,6.00882,51.684,-54.6115,13.9061,
0.7,0.608377,0.773528,-64.7731,72.1811,-19.8192,-1.79904,0,-46.6834,16.1175,0,-64.5741,-5.04863,6.06569,49.4869,-52.2825,13.3136,
0.7,0.608452,0.773411,-61.6329,77.6119,-18.8861,-1.70615,0,-50.1828,17.3248,0,-61.4426,-4.81665,5.77383,53.2113,-56.2151,14.3152,
0.7,0.608487,0.773287,-64.0775,76.6482,-19.6493,-1.77128,0,-49.5519,17.1068,0,-63.8792,-5.01396,6.00392,52.5528,-55.5148,14.1372,
0.7,0.608522,0.773153,-64.0099,75.4595,-19.6429,-1.76709,0,-48.7771,16.8393,0,-63.8113,-5.01475,5.99864,51.7403,-54.6516,13.9177,
0.7,0.608568,0.77291,-63.4838,68.7323,-19.4945,-1.75061,0,-44.4144,15.3329,0,-63.2861,-4.98179,5.95076,47.1304,-49.7765,12.6767,
0.7,0.608602,0.772786,-64.5498,77.7913,-19.8379,-1.77754,0,-50.2616,17.3515,0,-64.3484,-5.07109,6.05166,53.3442,-56.3354,14.3473,
0.7,0.608677,0.77265,-61.6775,76.1597,-18.9825,-1.69423,0,-49.2022,16.9859,0,-61.4841,-4.85783,5.78452,52.2278,-55.1515,14.0462,
0.7,0.608713,0.772526,-63.6623,75.2892,-19.6075,-1.74645,0,-48.6334,16.7895,0,-63.4622,-5.02035,5.97173,51.6326,-54.5194,13.8855,
0.7,0.608749,0.772406,-64.1442,77.0743,-19.771,-1.75759,0,-49.7778,17.1845,0,-63.9421,-5.06433,6.01797,52.858,-55.8107,14.2145,
0.7,0.608786,0.772149,-64.3948,70.3306,-19.8619,-1.76153,0,-45.4103,15.6766,0,-64.1914,-5.09028,6.04254,48.2368,-50.9239,12.9705,
0.7,0.608862,0.772029,-61.5188,76.7492,-19.0007,-1.67818,0,-49.547,17.1045,0,-61.3235,-4.87529,5.7748,52.6407,-55.5697,14.154,
0.7,0.608897,0.771911,-63.9014,76.0562,-19.7522,-1.7405,0,-49.0906,16.9465,0,-63.698,-5.06971,5.99942,52.1669,-55.0665,14.0261,
0.7,0.608931,0.771671,-64.4841,71.4635,-19.9469,-1.75391,0,-46.1125,15.9179,0,-64.2784,-5.12176,6.05514,49.0197,-51.7384,13.1788,
0.7,0.609004,0.771506,-61.9922,74.3239,-19.2035,-1.68136,0,-47.9726,16.5628,0,-61.7935,-4.93576,5.8232,50.9864,-53.8049,13.7059,
0.7,0.609039,0.771385,-63.9578,75.866,-19.8281,-1.73237,0,-48.9609,16.9037,0,-63.7524,-5.09794,6.00882,52.0459,-54.9197,13.9901,
0.7,0.609075,0.771143,-63.8064,67.54,-19.7959,-1.72444,0,-43.5742,15.0434,0,-63.6009,-5.09187,5.99562,46.3373,-48.8893,12.4545,
0.7,0.609153,0.771021,-61.7,76.6323,-19.1694,-1.66326,0,-49.4334,17.0661,0,-61.5003,-4.93661,5.79991,52.5772,-55.4689,14.1309,
0.7,0.609144,0.770889,-66.824,75.0099,-20.7826,-1.79859,0,-48.3795,16.702,0,-66.6081,-5.34232,6.28085,51.4663,-54.2922,13.8315,
0.7,0.609182,0.770768,-63.6942,75.5167,-19.8225,-1.7109,0,-48.699,16.812,0,-63.4879,-5.09841,5.98776,51.8158,-54.6574,13.9248,
0.7,0.60922,0.770648,-63.3412,74.4285,-19.7258,-1.69926,0,-47.9898,16.5669,0,-63.1356,-5.07631,5.95564,51.071,-53.8679,13.724,
0.7,0.60926,0.770395,-63.3414,65.6489,-19.7388,-1.69707,0,-42.3161,14.6073,0,-63.1352,-5.08295,5.9568,45.0506,-47.5098,12.1047,
0.7,0.609331,0.770272,-61.874,75.8633,-19.3096,-1.65246,0,-48.8929,16.8772,0,-61.6717,-4.97591,5.82065,52.062,-54.8999,13.9879,
0.7,0.609367,0.77015,-63.8115,75.3361,-19.9281,-1.70165,0,-48.5464,16.7573,0,-63.6024,-5.1373,6.00388,51.7024,-54.5164,13.8905,
0.7,0.609407,0.770027,-63.0303,73.6984,-19.6971,-1.67842,0,-47.4846,16.3905,0,-62.8232,-5.08077,5.93147,50.5805,-53.3292,13.5883,
0.7,0.609445,0.769894,-63.6154,74.4343,-19.8934,-1.69106,0,-47.952,16.5514,0,-63.406,-5.13379,5.98754,51.0878,-53.8595,13.7238,
0.7,0.609484,0.769646,-63.1043,64.0641,-19.7483,-1.67516,0,-41.2606,14.2411,0,-62.8961,-5.09818,5.94041,43.9739,-46.3521,11.8114,
0.7,0.60957,0.769523,-61.0185,75.5701,-19.121,-1.6152,0,-48.6644,16.7961,0,-60.8161,-4.94223,5.74622,51.8738,-54.6751,13.9326,
0.7,0.60961,0.769406,-63.3093,74.8672,-19.8525,-1.67968,0,-48.2031,16.6365,0,-63.0988,-5.13399,5.96302,51.3929,-54.165,13.8029,
0.7,0.609652,0.769275,-63.2885,74.1679,-19.8589,-1.67598,0,-47.7467,16.4792,0,-63.0776,-5.13841,5.96212,50.9149,-53.657,13.6737,
0.7,0.609693,0.769035,-63.5675,68.7337,-19.9596,-1.68068,0,-44.2346,15.2675,0,-63.3552,-5.1672,5.98946,47.1876,-49.7225,12.6716,
0.7,0.609778,0.768915,-60.92,75.2731,-19.1545,-1.60505,0,-48.4356,16.7174,0,-60.7155,-4.96415,5.74211,51.6789,-54.4513,13.877,
0.7,0.609821,0.768786,-62.6155,72.3322,-19.7002,-1.64705,0,-46.5356,16.0616,0,-62.4048,-5.10844,5.90297,49.6617,-52.3221,13.3346,
0.7,0.609855,0.768667,-63.561,74.3019,-20.0118,-1.66971,0,-47.7955,16.4965,0,-63.3466,-5.19198,5.99321,51.0158,-53.7451,13.6976,
0.7,0.609898,0.768429,-63.22,67.7609,-19.9211,-1.65936,0,-43.5749,15.0397,0,-63.0062,-5.17045,5.96215,46.5281,-49.0106,12.4914,
0.7,0.609985,0.768302,-60.3595,73.8684,-19.0443,-1.57943,0,-47.4948,16.3924,0,-60.1544,-4.94858,5.69446,50.7237,-53.4261,13.6171,
0.7,0.610028,0.768184,-62.477,72.9202,-19.7252,-1.63252,0,-46.8782,16.1797,0,-62.2642,-5.12851,5.89533,50.0743,-52.7386,13.4422,
0.7,0.610072,0.768066,-62.8176,73.9272,-19.8454,-1.63867,0,-47.5184,16.4007,0,-62.6031,-5.16281,5.92856,50.7677,-53.4652,13.6276,
0.7,0.610118,0.767823,-62.3591,63.9872,-19.714,-1.62486,0,-41.1157,14.1909,0,-62.1456,-5.13175,5.88643,43.9448,-46.2734,11.795,
0.7,0.610161,0.767705,-63.1809,74.6071,-19.9864,-1.64388,0,-47.9319,16.5436,0,-62.964,-5.20539,5.96503,51.2401,-53.9514,13.7524,
0.7,0.610252,0.767587,-59.5774,73.5011,-18.8699,-1.54582,0,-47.2139,16.2958,0,-59.372,-4.92049,5.62689,50.4824,-53.1498,13.5484,
0.7,0.610294,0.767461,-62.4482,72.0104,-19.7929,-1.61813,0,-46.2488,15.9624,0,-62.2324,-5.16345,5.89903,49.4608,-52.0696,13.2734,
0.7,0.610338,0.767343,-62.0597,71.7141,-19.6818,-1.60594,0,-46.0515,15.8942,0,-61.8447,-5.13743,5.86338,49.2592,-51.8535,13.2186,
0.7,0.610382,0.767225,-62.1221,72.0173,-19.7136,-1.60541,0,-46.2394,15.9589,0,-61.9064,-5.14883,5.87036,49.4693,-52.071,13.2743,
0.7,0.610425,0.767107,-62.0856,71.6109,-19.7143,-1.60236,0,-45.9721,15.8667,0,-61.8694,-5.15208,5.86799,49.1922,-51.7751,13.1992,
0.7,0.61047,0.76698,-61.898,70.8773,-19.6683,-1.59514,0,-45.4946,15.7016,0,-61.6819,-5.14327,5.85142,48.6907,-51.2423,13.0638,
0.7,0.610511,0.766863,-62.1815,71.5829,-19.7713,-1.60012,0,-45.9411,15.8556,0,-61.964,-5.17302,5.87929,49.1774,-51.7505,13.1936,
0.7,0.610552,0.766747,-62.1926,71.4818,-19.7879,-1.59818,0,-45.8693,15.8305,0,-61.9745,-5.18004,5.88139,49.1097,-51.6757,13.1748,
0.7,0.610591,0.766631,-62.2919,71.3422,-19.834,-1.59847,0,-45.7726,15.797,0,-62.0729,-5.19405,5.89176,49.0157,-51.573,13.1489,
0.7,0.610634,0.766505,-62.1612,71.1603,-19.8051,-1.59335,0,-45.6484,15.7537,0,-61.9422,-5.1899,5.88057,48.8929,-51.4393,13.1152,
0.7,0.610673,0.766387,-62.1717,71.0319,-19.8216,-1.59174,0,-45.5588,15.7227,0,-61.9521,-5.19673,5.88259,48.8066,-51.3446,13.0913,
0.7,0.610713,0.766151,-63.0916,67.157,-20.1284,-1.61342,0,-43.0598,14.8599,0,-62.8683,-5.27972,5.97068,46.1474,-48.5405,12.3769,
0.7,0.6108,0.766037,-59.6551,72.768,-19.0575,-1.52143,0,-46.649,16.098,0,-59.4429,-5.00453,5.6476,50.0048,-52.5944,13.4108,
0.7,0.610842,0.765909,-62.0698,70.4088,-19.8413,-1.58066,0,-45.1311,15.5741,0,-61.8484,-5.21329,5.87726,48.3858,-50.8871,12.9758,
0.7,0.610896,0.765769,-60.931,69.0612,-19.4715,-1.54651,0,-44.2633,15.2745,0,-60.7129,-5.12727,5.77109,47.4625,-49.9103,12.7272,
0.7,0.610942,0.765652,-61.7093,71.048,-19.7322,-1.56381,0,-45.5302,15.7117,0,-61.4878,-5.19948,5.84596,48.8298,-51.3444,13.0931,
0.7,0.610983,0.765525,-61.8836,69.9074,-19.8003,-1.56595,0,-44.7925,15.4567,0,-61.6611,-5.22021,5.86352,48.0481,-50.518,12.8828,
0.7,0.611025,0.765409,-61.9531,70.7529,-19.8352,-1.56526,0,-45.3273,15.6411,0,-61.7298,-5.232,5.87113,48.6309,-51.1274,13.0384,
0.7,0.611065,0.765316,-62.0985,72.8176,-19.8957,-1.56661,0,-46.6405,16.0941,0,-61.8742,-5.25001,5.8859,50.0507,-52.6185,13.4188,
0.7,0.611107,0.765201,-61.9014,70.833,-19.845,-1.55862,0,-45.362,15.653,0,-61.6773,-5.23948,5.86827,48.6883,-51.1828,13.0529,
0.7,0.611153,0.765054,-61.6398,68.5331,-19.7729,-1.54987,0,-43.8837,15.1429,0,-61.416,-5.22432,5.84467,47.1104,-49.5181,12.6288,
0.7,0.611194,0.764823,-61.9715,62.4532,-19.8929,-1.55614,0,-39.9777,13.795,0,-61.746,-5.25843,5.87715,42.9339,-45.1223,11.5082,
0.7,0.611237,0.764709,-61.6013,70.0768,-19.7866,-1.54449,0,-44.851,15.4768,0,-61.3767,-5.23322,5.84311,48.1765,-50.6286,12.9128,
0.7,0.611284,0.764584,-61.8582,70.8633,-19.8813,-1.54824,0,-45.3487,15.6487,0,-61.632,-5.26198,5.86867,48.7195,-51.1947,13.0575,
0.7,0.61137,0.764472,-58.5916,70.8876,-18.8563,-1.46259,0,-45.3561,15.6513,0,-58.3764,-4.99563,5.56075,48.7378,-51.2107,13.0619,
0.7,0.611415,0.764357,-62.0033,71.5703,-19.9663,-1.54563,0,-45.786,15.7999,0,-61.7749,-5.29273,5.8856,49.2089,-51.7022,13.1875,
0.7,0.611461,0.764242,-61.1774,69.7034,-19.712,-1.52298,0,-44.585,15.3863,0,-60.9516,-5.22832,5.80826,47.9271,-50.3516,12.8433,
0.7,0.611511,0.764118,-61.0529,69.2784,-19.6833,-1.51739,0,-44.3073,15.291,0,-60.827,-5.22452,5.79762,47.6373,-50.0424,12.7648,
0.7,0.611556,0.764008,-61.1669,70.0077,-19.7332,-1.51808,0,-44.7648,15.449,0,-60.9401,-5.24016,5.80946,48.1403,-50.5676,12.899,
0.7,0.611603,0.763899,-61.1099,70.0123,-19.7264,-1.51432,0,-44.7598,15.4476,0,-60.8827,-5.24153,5.80512,48.145,-50.5695,12.8997,
0.7,0.611649,0.763932,-61.0104,81.3445,-19.7057,-1.50891,0,-51.9797,17.9388,0,-60.7831,-5.23927,5.79675,55.932,-58.7599,14.9881,
0.7,0.6117,0.763822,-60.6301,69.7931,-19.5937,-1.49716,0,-44.5908,15.3892,0,-60.4036,-5.21363,5.76182,47.9911,-50.4139,12.8596,
0.7,0.611746,0.7637,-61.0152,68.79,-19.7296,-1.50428,0,-43.9438,15.1664,0,-60.7867,-5.25287,5.79947,47.3037,-49.687,12.6745,
0.7,0.611792,0.763591,-61.1448,69.9398,-19.7847,-1.5052,0,-44.6699,15.4172,0,-60.9153,-5.26977,5.81277,48.0961,-50.5159,12.8862,
0.7,0.611838,0.763479,-61.1164,69.8932,-19.7872,-1.50196,0,-44.6331,15.4051,0,-60.8865,-5.27328,5.8111,48.066,-50.4802,12.8774,
0.7,0.611889,0.763368,-60.7268,69.8017,-19.6723,-1.48941,0,-44.5679,15.383,0,-60.4978,-5.24625,5.77519,48.0051,-50.4122,12.8604,
0.7,0.611936,0.763245,-60.8395,68.402,-19.7203,-1.48954,0,-43.6687,15.0731,0,-60.6095,-5.26193,5.78693,47.045,-49.3989,12.6023,
0.7,0.611981,0.763133,-61.1052,69.6279,-19.8198,-1.4937,0,-44.4433,15.3407,0,-60.8737,-5.29049,5.81316,47.8901,-50.2822,12.8279,
0.7,0.612027,0.763019,-60.8298,68.8538,-19.7424,-1.48396,0,-43.943,15.1685,0,-60.5989,-5.27247,5.78796,47.36,-49.721,12.6851,
0.7,0.612077,0.762902,-60.593,68.8977,-19.6769,-1.47578,0,-43.9646,15.1763,0,-60.3624,-5.25857,5.76657,47.3926,-49.7504,12.6929,
0.7,0.612123,0.762774,-60.8978,67.9849,-19.7875,-1.48069,0,-43.3766,14.9738,0,-60.6655,-5.29119,5.79664,46.7675,-49.0885,12.5245,
0.7,0.61217,0.762545,-61.0879,61.2507,-19.8606,-1.48276,0,-39.0677,13.4849,0,-60.8543,-5.31398,5.81581,42.1388,-44.2222,11.2835,
0.7,0.612215,0.762431,-60.7767,68.4979,-19.7718,-1.47303,0,-43.6837,15.0788,0,-60.5438,-5.29292,5.78722,47.127,-49.4525,12.6184,
0.7,0.612262,0.762306,-60.6798,67.5111,-19.7513,-1.46814,0,-43.049,14.8602,0,-60.4468,-5.29063,5.77906,46.4508,-48.7374,12.4364,
0.7,0.612313,0.762195,-60.979,70.1664,-19.8592,-1.47333,0,-44.734,15.4421,0,-60.7442,-5.32372,5.80876,48.2797,-50.6524,12.9253,
0.7,0.612405,0.762081,-58.0772,69.6811,-18.9371,-1.3991,0,-44.418,15.3337,0,-57.8526,-5.08144,5.53424,47.948,-50.2999,12.8357,
0.7,0.612454,0.761968,-60.7167,69.1414,-19.8087,-1.46066,0,-44.0674,15.2134,0,-60.4813,-5.31892,5.78688,47.5787,-49.9083,12.7361,
0.7,0.6125,0.761856,-60.591,68.264,-19.7793,-1.45555,0,-43.5013,15.0188,0,-60.3556,-5.31378,5.77591,46.9767,-49.2732,12.5743,
0.7,0.612546,0.761737,-60.4972,67.6008,-19.7603,-1.45128,0,-43.0715,14.8711,0,-60.2616,-5.31144,5.76798,46.5228,-48.7921,12.4519,
0.7,0.61259,0.761627,-60.6624,68.2889,-19.8279,-1.45335,0,-43.5025,15.0208,0,-60.4257,-5.33166,5.78472,46.9977,-49.2873,12.5785,
0.7,0.612639,0.761517,-60.2299,68.2036,-19.6981,-1.44121,0,-43.441,15.0006,0,-59.9942,-5.30047,5.74464,46.9408,-49.2241,12.5626,
0.7,0.612686,0.761408,-60.4334,68.2732,-19.7763,-1.44404,0,-43.478,15.0141,0,-60.1965,-5.32455,5.76512,46.9903,-49.2727,12.5753,
0.7,0.612732,0.761291,-60.4113,67.4525,-19.7805,-1.44127,0,-42.9474,14.8313,0,-60.1739,-5.32879,5.76407,46.4272,-48.6787,12.424,
0.7,0.612777,0.761183,-60.5362,68.2043,-19.8342,-1.44175,0,-43.4187,14.9946,0,-60.2978,-5.34557,5.77698,46.9462,-49.2197,12.5623,
0.7,0.612826,0.761074,-60.128,67.9205,-19.7115,-1.42986,0,-43.2309,14.9301,0,-59.8906,-5.31615,5.73916,46.7524,-49.0133,12.5099,
0.7,0.612871,0.760964,-60.3685,67.8056,-19.8019,-1.43326,0,-43.151,14.9028,0,-60.1296,-5.34321,5.76312,46.675,-48.9288,12.4885,
0.7,0.612915,0.760843,-60.4422,66.7892,-19.8378,-1.43282,0,-42.4983,14.6779,0,-60.2025,-5.35558,5.77116,45.9773,-48.1934,12.3011,
0.7,0.612957,0.760735,-60.6595,67.9168,-19.9225,-1.4358,0,-43.2076,14.9233,0,-60.4184,-5.38019,5.79282,46.755,-49.0056,12.5087,
0.7,0.613,0.760625,-60.562,67.6936,-19.9024,-1.43129,0,-43.0589,14.8724,0,-60.3208,-5.37751,5.78454,46.6031,-48.8429,12.4674,
0.7,0.613048,0.760514,-60.3036,67.9536,-19.8288,-1.42322,0,-43.2177,14.9277,0,-60.0628,-5.36139,5.76103,46.7839,-49.0287,12.5151,
0.7,0.613092,0.760395,-60.6437,67.3898,-19.9526,-1.42918,0,-42.8522,14.8016,0,-60.4011,-5.39772,5.79457,46.3978,-48.6198,12.4111,
0.7,0.613135,0.760285,-61.4137,69.7938,-20.2197,-1.44566,0,-44.3738,15.3276,0,-61.1675,-5.47203,5.86913,48.0548,-50.3525,12.8537,
0.7,0.613227,0.760066,-57.7719,61.5538,-19.0431,-1.35623,0,-39.122,13.5139,0,-57.5392,-5.15936,5.52313,42.3846,-44.4045,11.3358,
0.7,0.613272,0.75995,-60.5683,67.649,-19.9762,-1.4199,0,-42.9883,14.8495,0,-60.3239,-5.41487,5.79147,46.5837,-48.7995,12.4581,
0.7,0.613315,0.759842,-60.3138,67.1454,-19.9053,-1.41167,0,-42.6611,14.7368,0,-60.0699,-5.39751,5.76806,46.2386,-48.4346,12.3652,
0.7,0.613359,0.759734,-60.1754,67.1314,-19.871,-1.40634,0,-42.6452,14.7316,0,-59.9315,-5.39093,5.75582,46.2309,-48.4227,12.3625,
0.7,0.613407,0.759626,-59.8298,66.9696,-19.7679,-1.39635,0,-42.5356,14.6938,0,-59.5867,-5.36646,5.72387,46.1212,-48.3041,12.3325,
0.7,0.613452,0.759509,-60.0955,66.2548,-19.8671,-1.40045,0,-42.0756,14.5349,0,-59.8508,-5.39632,5.75033,45.6328,-47.7848,12.2005,
0.7,0.613498,0.7594,-59.9552,66.6695,-19.8319,-1.39474,0,-42.3327,14.6241,0,-59.7105,-5.38995,5.73797,45.9205,-48.0821,12.2767,
0.7,0.613543,0.75929,-60.03,66.6945,-19.869,-1.3945,0,-42.3423,14.6277,0,-59.7845,-5.40269,5.74617,45.9395,-48.0983,12.2811,
0.7,0.61359,0.759181,-59.8223,66.5924,-19.8112,-1.38749,0,-42.2713,14.6033,0,-59.5771,-5.39009,5.72733,45.8711,-48.0227,12.2621,
0.7,0.613639,0.759066,-59.603,65.9922,-19.7496,-1.38027,0,-41.8834,14.4691,0,-59.3581,-5.37697,5.70748,45.4599,-47.5878,12.1514,
0.7,0.613684,0.75896,-59.9677,66.6398,-19.8837,-1.38627,0,-42.2875,14.6086,0,-59.7208,-5.41542,5.74335,45.9078,-48.0529,12.2705,
0.7,0.613729,0.758855,-59.8913,66.6856,-19.87,-1.38227,0,-42.3096,14.616,0,-59.6442,-5.41431,5.73703,45.9411,-48.0843,12.2787,
0.7,0.613774,0.75875,-59.8601,66.58,-19.8713,-1.37942,0,-42.2355,14.5901,0,-59.6126,-5.41726,5.73503,45.8699,-48.0065,12.2591,
0.7,0.613817,0.758645,-60.043,66.7288,-19.9438,-1.3814,0,-42.3229,14.62,0,-59.7942,-5.43961,5.75355,45.9742,-48.1121,12.2864,
0.7,0.613863,0.758533,-59.7024,65.8482,-19.8422,-1.371,0,-41.757,14.4242,0,-59.4544,-5.41528,5.72203,45.3694,-47.4753,12.124,
0.7,0.613905,0.758428,-60.2834,66.8745,-20.0488,-1.38237,0,-42.4011,14.6465,0,-60.0324,-5.47369,5.77869,46.0782,-48.2136,12.3128,
0.7,0.613947,0.758323,-59.9328,66.2692,-19.944,-1.37227,0,-42.0111,14.5115,0,-59.6828,-5.44787,5.74613,45.663,-47.7754,12.2012,
0.7,0.613989,0.758217,-59.988,66.1208,-19.9742,-1.37166,0,-41.911,14.4766,0,-59.7372,-5.45887,5.75244,45.5626,-47.6666,12.1737,
0.7,0.614034,0.758113,-59.7359,66.2062,-19.9027,-1.36447,0,-41.9576,14.4923,0,-59.4856,-5.4423,5.72937,45.6231,-47.7264,12.1893,
0.7,0.614076,0.757996,-60.1907,65.8731,-20.0659,-1.37273,0,-41.7412,14.4172,0,-59.938,-5.4896,5.77399,45.3959,-47.4841,12.1277,
0.7,0.614119,0.75789,-59.9702,66.2921,-20.0039,-1.36596,0,-42.0002,14.5061,0,-59.7179,-5.47534,5.75384,45.6865,-47.7844,12.2047,
0.7,0.61416,0.757685,-60.1763,59.1833,-20.0845,-1.3688,0,-37.4826,12.9446,0,-59.9225,-5.49986,5.77459,40.7904,-42.6571,10.8956,
0.7,0.614205,0.757572,-59.6555,65.1538,-19.9232,-1.35538,0,-41.2578,14.2478,0,-59.4034,-5.45844,5.72568,44.9076,-46.9582,11.9946,
0.7,0.614248,0.75747,-60.6199,67.9089,-20.257,-1.37495,0,-42.995,14.847,0,-60.3632,-5.55259,5.81926,46.8084,-48.9422,12.5016,
0.7,0.614335,0.757369,-56.3554,66.1414,-18.8531,-1.27465,0,-41.8678,14.4571,0,-56.1156,-5.17322,5.41181,45.5917,-47.6667,12.1761,
0.7,0.614382,0.757264,-60.1435,67.3403,-20.1316,-1.35864,0,-42.6202,14.7165,0,-59.887,-5.52779,5.77676,46.42,-48.5288,12.3966,
0.7,0.614424,0.757159,-59.7651,65.7132,-20.0179,-1.34806,0,-41.5844,14.3584,0,-59.5097,-5.4988,5.74141,45.3003,-47.3545,12.0969,
0.7,0.614468,0.757045,-59.7846,65.3433,-20.0358,-1.34651,0,-41.3451,14.2755,0,-59.5286,-5.50678,5.74434,45.0474,-47.0858,12.0286,
0.7,0.614514,0.756945,-59.3894,65.7228,-19.9143,-1.33562,0,-41.5778,14.3553,0,-59.1345,-5.47643,5.70741,45.3107,-47.3577,12.0983,
0.7,0.614558,0.756845,-59.5755,65.8573,-19.9889,-1.33757,0,-41.6565,14.3822,0,-59.3192,-5.49939,5.72628,45.405,-47.4531,12.1229,
0.7,0.614607,0.756745,-59.0441,65.5343,-19.8211,-1.32386,0,-41.4458,14.309,0,-58.7895,-5.457,5.67635,45.1839,-47.2188,12.0633,
0.7,0.614652,0.756645,-59.4232,65.8026,-19.9594,-1.33042,0,-41.6087,14.3647,0,-59.1664,-5.49786,5.71379,45.3703,-47.4106,12.1125,
0.7,0.614699,0.756538,-59.2097,64.8455,-19.8986,-1.32373,0,-40.9962,14.1527,0,-58.9533,-5.48377,5.69424,44.712,-46.7195,11.9362,
0.7,0.614743,0.756439,-59.3195,65.4851,-19.9464,-1.32421,0,-41.3934,14.2895,0,-59.0621,-5.49952,5.70575,45.1545,-47.1788,12.0538,
0.7,0.614791,0.75634,-59.0609,65.3352,-19.8712,-1.31639,0,-41.2917,14.254,0,-58.8041,-5.4816,5.68192,45.0527,-47.0693,12.026,
0.7,0.614836,0.756134,-59.4668,57.8642,-20.0184,-1.32369,0,-36.5578,12.6191,0,-59.2077,-5.52515,5.72198,39.904,-41.6839,10.6506,
0.7,0.614881,0.756033,-59.197,64.9934,-19.9383,-1.3161,0,-41.0555,14.1711,0,-58.9385,-5.50599,5.69703,44.8222,-46.8179,11.9626,
0.7,0.614926,0.755932,-59.2933,65.1586,-19.9828,-1.31667,0,-41.1534,14.2045,0,-59.0339,-5.52053,5.70726,44.9378,-46.9352,11.9929,
0.7,0.61497,0.755832,-59.1759,64.8145,-19.9544,-1.31262,0,-40.9298,14.1269,0,-58.9165,-5.51533,5.69694,44.7024,-46.6856,11.9294,
0.7,0.615019,0.75572,-59.7093,65.8923,-20.145,-1.32296,0,-41.605,14.3596,0,-59.4469,-5.57158,5.74941,45.4479,-47.4598,12.1275,
0.7,0.615107,0.755622,-56.068,65.4542,-18.9384,-1.23934,0,-41.3206,14.2608,0,-55.8206,-5.24229,5.40059,45.1474,-47.1427,12.0467,
0.7,0.615152,0.755523,-59.7003,66.1278,-20.1763,-1.31777,0,-41.739,14.4047,0,-59.4363,-5.58762,5.75144,45.6139,-47.6259,12.1705,
0.7,0.615199,0.755425,-58.8314,64.7859,-19.8934,-1.29712,0,-40.885,14.1093,0,-58.5707,-5.51271,5.66883,44.69,-46.6578,11.9234,
0.7,0.615242,0.755321,-59.5208,65.2821,-20.1377,-1.3107,0,-41.1905,14.214,0,-59.2565,-5.58321,5.73627,45.0344,-47.0132,12.0145,
0.7,0.615286,0.755226,-59.1635,65.0616,-20.0291,-1.30097,0,-41.0443,14.1629,0,-58.9003,-5.55551,5.70283,44.884,-46.8527,11.9738,
0.7,0.615332,0.75513,-59.0556,65.233,-20.003,-1.29662,0,-41.1455,14.1971,0,-58.7922,-5.5515,5.69348,45.0039,-46.9745,12.0052,
0.7,0.615378,0.755034,-58.8142,64.644,-19.9316,-1.28931,0,-40.7672,14.066,0,-58.5513,-5.53499,5.67127,44.5992,-46.5487,11.8966,
0.7,0.615428,0.75493,-58.7307,64.3723,-19.9131,-1.2855,0,-40.5889,14.0039,0,-58.4676,-5.53391,5.66438,44.4139,-46.351,11.8464,
0.7,0.615474,0.754832,-58.7774,64.4073,-19.9393,-1.28405,0,-40.6046,14.009,0,-58.5135,-5.54411,5.66988,44.4399,-46.3744,11.8527,
0.7,0.61552,0.754633,-59.8204,60.8328,-20.3048,-1.30482,0,-38.3398,13.2267,0,-59.5513,-5.64788,5.77141,41.9775,-43.7969,11.1945,
0.7,0.615613,0.754535,-56.5828,65.9141,-19.2263,-1.22946,0,-41.5347,14.3281,0,-56.3273,-5.3531,5.46092,45.4857,-47.4533,12.1294,
0.7,0.615656,0.754426,-58.9603,63.3994,-20.0464,-1.27904,0,-39.945,13.7794,0,-58.6935,-5.58315,5.69125,43.7528,-45.6405,11.6664,
0.7,0.615701,0.754326,-58.6552,63.8305,-19.9536,-1.27002,0,-40.2106,13.8705,0,-58.3893,-5.55967,5.66273,44.0524,-45.9489,11.7455,
0.7,0.615746,0.754227,-58.6959,63.8423,-19.9785,-1.26862,0,-40.2118,13.8705,0,-58.4293,-5.56904,5.6676,44.0625,-45.9555,11.7475,
0.7,0.615791,0.754126,-58.6079,63.5722,-19.9595,-1.26421,0,-40.0323,13.8075,0,-58.3411,-5.56633,5.66007,43.878,-45.7591,11.6976,
0.7,0.61584,0.754028,-58.5911,64.2911,-19.9652,-1.26239,0,-40.4784,13.9609,0,-58.3238,-5.57099,5.65952,44.3761,-46.2747,11.8297,
0.7,0.615887,0.753931,-58.3938,63.7358,-19.908,-1.25644,0,-40.1222,13.8374,0,-58.1269,-5.55809,5.64147,43.9947,-45.8732,11.7274,
0.7,0.615932,0.753837,-58.6591,64.2036,-20.0088,-1.25955,0,-40.4088,13.9354,0,-58.3904,-5.58909,5.66809,44.3194,-46.2082,11.8133,
0.7,0.615976,0.75373,-58.6262,62.8315,-20.0084,-1.25657,0,-39.5396,13.6352,0,-58.3572,-5.59156,5.66587,43.3744,-45.2186,11.5606,
0.7,0.61602,0.753633,-58.6157,63.7175,-20.0168,-1.25461,0,-40.0906,13.8247,0,-58.3461,-5.5964,5.66585,43.9882,-45.854,11.7234,
0.7,0.616062,0.753536,-58.7646,63.6101,-20.0789,-1.25594,0,-40.0167,13.7987,0,-58.4938,-5.61599,5.68116,43.916,-45.7748,11.7035,
0.7,0.616103,0.75344,-58.8761,63.6641,-20.1284,-1.25664,0,-40.0443,13.8077,0,-58.6043,-5.63209,5.69288,43.9553,-45.8118,11.7132,
0.7,0.616143,0.753335,-58.7586,62.7049,-20.0996,-1.25203,0,-39.4345,13.5969,0,-58.4868,-5.62631,5.68245,43.2953,-45.1194,11.5366,
0.7,0.616188,0.753237,-58.5467,63.404,-20.0392,-1.24605,0,-39.8679,13.7461,0,-58.2753,-5.61203,5.66299,43.7801,-45.6203,11.665,
0.7,0.61623,0.753044,-58.6484,55.7967,-20.0854,-1.24646,0,-35.0734,12.0923,0,-58.376,-5.62743,5.67379,38.5309,-40.1433,10.2651,
0.7,0.616274,0.752951,-58.6515,63.8797,-20.0978,-1.24474,0,-40.1462,13.8405,0,-58.3786,-5.6334,5.67507,44.1144,-45.9569,11.7519,
0.7,0.616317,0.752847,-58.4746,62.4548,-20.0484,-1.23867,0,-39.2448,13.5294,0,-58.2019,-5.62198,5.65891,43.1326,-44.9296,11.4896,
0.7,0.616362,0.752753,-59.2052,65.059,-20.3108,-1.25245,0,-40.8744,14.0907,0,-58.9285,-5.69826,5.73064,44.9331,-46.8012,11.9685,
0.7,0.616448,0.752658,-55.9484,64.1441,-19.2136,-1.18,0,-40.293,13.89,0,-55.6859,-5.39538,5.41722,44.3031,-46.1412,11.8,
0.7,0.61649,0.752533,-58.6784,61.2233,-20.1621,-1.2353,0,-38.468,13.2628,0,-58.4026,-5.66411,5.68249,42.2896,-44.0366,11.2624,
0.7,0.616531,0.752432,-58.5171,62.3636,-20.119,-1.2302,0,-39.1777,13.5071,0,-58.2415,-5.65369,5.66775,43.0794,-44.8547,11.4719,
0.7,0.616578,0.752339,-58.0771,62.9995,-19.9773,-1.22387,0,-39.5709,13.6422,0,-57.803,-5.6176,5.62623,43.5205,-45.3102,11.5887,
0.7,0.616622,0.752247,-58.1951,62.9982,-20.0283,-1.22446,0,-39.5641,13.6395,0,-57.9199,-5.6347,5.63864,43.5215,-45.3075,11.5883,
0.7,0.616667,0.752157,-58.3209,63.4528,-20.082,-1.2251,0,-39.8424,13.7349,0,-58.0446,-5.65271,5.65183,43.8374,-45.6326,11.6717,
0.7,0.616711,0.752054,-58.1227,61.977,-20.0253,-1.21978,0,-38.9106,13.4136,0,-57.8467,-5.63915,5.63359,42.8202,-44.569,11.4001,
0.7,0.61676,0.751961,-57.9351,62.9845,-19.9707,-1.21471,0,-39.537,13.6292,0,-57.6594,-5.62747,5.61652,43.5183,-45.2915,11.5852,
0.7,0.616805,0.751868,-58.1265,62.8834,-20.0473,-1.21754,0,-39.467,13.6047,0,-57.8493,-5.65171,5.63604,43.4505,-45.2169,11.5664,
0.7,0.616849,0.751768,-58.178,62.1219,-20.0761,-1.21722,0,-38.9818,13.437,0,-57.9,-5.66227,5.64198,42.9266,-44.6672,11.4261,
0.7,0.616891,0.751677,-58.1644,62.5968,-20.0824,-1.21562,0,-39.2728,13.5368,0,-57.8859,-5.66645,5.6416,43.2566,-45.0067,11.5133,
0.7,0.616935,0.751586,-58.2408,62.9074,-20.1208,-1.21623,0,-39.4607,13.6012,0,-57.9614,-5.67972,5.65002,43.4733,-45.2282,11.5702,
0.7,0.616976,0.751495,-58.2152,62.4822,-20.1228,-1.214,0,-39.187,13.5063,0,-57.9355,-5.68263,5.64846,43.1813,-44.9205,11.4918,
0.7,0.617018,0.751406,-58.1697,62.8143,-20.1177,-1.21172,0,-39.3872,13.5746,0,-57.8896,-5.68364,5.64498,43.4127,-45.1575,11.5528,
0.7,0.617061,0.751304,-58.0883,61.4776,-20.1004,-1.20875,0,-38.5435,13.2835,0,-57.8081,-5.68115,5.63801,42.4912,-44.1943,11.3067,
0.7,0.617106,0.751117,-58.0557,55.4663,-20.1007,-1.20724,0,-34.7642,11.9801,0,-57.775,-5.68388,5.63586,38.3401,-39.8694,10.2008,
0.7,0.617155,0.751024,-58.3832,63.7568,-20.2239,-1.21313,0,-39.9542,13.7682,0,-58.1002,-5.72289,5.66884,44.0728,-45.8265,11.7253,
0.7,0.617246,0.750924,-55.8752,63.2972,-19.3749,-1.15799,0,-39.6596,13.6662,0,-55.6033,-5.48839,5.42727,43.7575,-45.4939,11.6405,
0.7,0.617286,0.750832,-58.0518,61.932,-20.1418,-1.20167,0,-38.7979,13.3688,0,-57.7688,-5.70734,5.63956,42.8158,-44.5107,11.3893,
0.7,0.617321,0.75074,-58.7737,62.5806,-20.4042,-1.21477,0,-39.1978,13.5061,0,-58.4868,-5.78234,5.71038,43.2664,-44.9748,11.5084,
0.7,0.617369,0.750643,-57.4146,61.3982,-19.9426,-1.18498,0,-38.4502,13.248,0,-57.1337,-5.65517,5.57945,42.451,-44.1229,11.2907,
0.7,0.617414,0.750555,-57.818,62.2871,-20.0932,-1.19169,0,-39,13.4369,0,-57.5345,-5.70088,5.61967,43.0675,-44.7598,11.454,
0.7,0.617455,0.750468,-58.0486,62.317,-20.1853,-1.19504,0,-39.0117,13.4404,0,-57.7634,-5.72874,5.64296,43.0901,-44.7795,11.4593,
0.7,0.617498,0.750383,-58.0958,62.8129,-20.2124,-1.19435,0,-39.3153,13.5444,0,-57.81,-5.73881,5.64848,43.4347,-45.1342,11.5503,
0.7,0.617542,0.750205,-57.7066,54.9748,-20.0874,-1.18415,0,-34.3974,11.8494,0,-57.4221,-5.7057,5.61155,38.018,-39.4989,10.1087,
0.7,0.61759,0.750118,-58.2793,63.5403,-20.2969,-1.19404,0,-39.7502,13.6932,0,-57.9914,-5.76852,5.66831,43.9434,-45.6512,11.6836,
0.7,0.617675,0.750031,-54.8863,62.4386,-19.136,-1.12113,0,-39.0546,13.4534,0,-54.6142,-5.4428,5.34003,43.1834,-44.8579,11.4808,
0.7,0.617719,0.749946,-58.3245,63.2754,-20.3449,-1.18935,0,-39.5705,13.6308,0,-58.0347,-5.78921,5.67547,43.764,-45.4572,11.6345,
0.7,0.617764,0.749848,-57.4206,60.7942,-20.0396,-1.16946,0,-38.0134,13.0943,0,-57.1348,-5.70545,5.58854,42.0502,-43.6725,11.178,
0.7,0.617806,0.749759,-57.6645,61.411,-20.1353,-1.17289,0,-38.3927,13.2248,0,-57.3769,-5.73493,5.61317,42.4788,-44.1137,11.2913,
0.7,0.617846,0.749672,-57.775,61.4913,-20.186,-1.17371,0,-38.4362,13.2393,0,-57.4864,-5.7508,5.62476,42.5362,-44.1695,11.3059,
0.7,0.61785,0.74959,-60.6775,61.8882,-21.2156,-1.22884,0,-38.6759,13.3213,0,-60.3747,-6.0363,5.90675,42.8123,-44.4531,11.3787,
0.7,0.617891,0.749508,-57.6686,61.7819,-20.1742,-1.16586,0,-38.6022,13.2956,0,-57.3803,-5.7421,5.61473,42.7403,-44.3752,11.359,
0.7,0.617932,0.749418,-57.6369,61.101,-20.1772,-1.16398,0,-38.1703,13.1466,0,-57.3482,-5.74394,5.61249,42.2711,-43.8843,11.2336,
0.7,0.617975,0.749336,-57.4851,61.6806,-20.1345,-1.15894,0,-38.5254,13.2686,0,-57.1967,-5.73401,5.5986,42.6737,-44.299,11.34,
0.7,0.618017,0.749255,-57.6814,61.9609,-20.214,-1.16068,0,-38.6925,13.3257,0,-57.3915,-5.7589,5.61862,42.8692,-44.4988,11.3914,
0.7,0.618058,0.749162,-57.6152,60.7261,-20.203,-1.15763,0,-37.9156,13.0581,0,-57.3251,-5.75743,5.61306,42.0169,-43.6099,11.1642,
0.7,0.618103,0.749077,-57.3335,61.4933,-20.1145,-1.15014,0,-38.3882,13.2207,0,-57.0443,-5.73535,5.58665,42.5496,-44.1591,11.3051,
0.7,0.618147,0.748992,-57.4875,61.5167,-20.1788,-1.15114,0,-38.3966,13.2234,0,-57.1969,-5.75624,5.60259,42.5677,-44.174,11.3092,
0.7,0.618192,0.748823,-57.6405,56.0092,-20.2427,-1.15169,0,-34.9467,12.0344,0,-57.3485,-5.77724,5.61848,38.7601,-40.2158,10.2964,
0.7,0.618237,0.748729,-58.0449,62.1605,-20.3948,-1.15757,0,-38.7792,13.3538,0,-57.7504,-5.82354,5.65888,43.0194,-44.6303,11.427,
0.7,0.618329,0.748644,-54.8529,62.2784,-19.2931,-1.09032,0,-38.8462,13.3762,0,-54.5735,-5.51416,5.34955,43.1031,-44.7128,11.4484,
0.7,0.618372,0.748561,-57.3096,61.162,-20.1673,-1.13678,0,-38.1421,13.133,0,-57.0171,-5.76643,5.59004,42.3323,-43.9094,11.243,
0.7,0.618414,0.748474,-57.6413,61.458,-20.2942,-1.14116,0,-38.3204,13.1939,0,-57.3466,-5.80522,5.62332,42.5393,-44.1199,11.2972,
0.7,0.618459,0.748388,-57.1834,60.9504,-20.1438,-1.13033,0,-37.9977,13.0824,0,-56.8904,-5.76497,5.57965,42.1901,-43.7534,11.2037,
0.7,0.618488,0.748214,-58.5369,55.1417,-20.6329,-1.15603,0,-34.3645,11.8309,0,-58.2364,-5.90701,5.71268,38.1732,-39.5797,10.1356,
0.7,0.61853,0.748131,-57.4021,61.1793,-20.2433,-1.13078,0,-38.1207,13.1235,0,-57.1069,-5.798,5.60287,42.3549,-43.9114,11.2452,
0.7,0.618616,0.748049,-55.4946,62.4818,-19.5917,-1.09141,0,-38.9258,13.4002,0,-55.2081,-5.61624,5.41855,43.2588,-44.8442,11.4844,
0.7,0.618656,0.747957,-57.8999,61.1902,-20.4517,-1.13729,0,-38.1157,13.121,0,-57.6004,-5.86485,5.65429,42.367,-43.9149,11.2468,
0.7,0.618707,0.747876,-56.6194,61.0747,-19.9941,-1.10778,0,-38.0363,13.0931,0,-56.3258,-5.74316,5.53062,42.289,-43.83,11.2253,
0.7,0.618743,0.747793,-57.6216,60.6684,-20.359,-1.12602,0,-37.7771,13.0036,0,-57.3223,-5.84961,5.62933,42.0098,-43.5364,11.1505,
0.7,0.618781,0.747702,-57.6906,60.5116,-20.3955,-1.12598,0,-37.6737,12.9683,0,-57.3904,-5.86174,5.63695,41.9036,-43.4215,11.1214,
0.7,0.618816,0.747621,-57.7677,60.846,-20.4342,-1.12597,0,-37.8754,13.0372,0,-57.4666,-5.87431,5.64528,42.1371,-43.6595,11.1827,
0.7,0.61885,0.747466,-57.8853,55.5057,-20.4874,-1.12658,0,-34.5378,11.8879,0,-57.5831,-5.89105,5.6576,38.4421,-39.8245,10.2009,
0.7,0.618884,0.747387,-58.2829,62.0066,-20.6395,-1.13291,0,-38.5757,13.2782,0,-57.9781,-5.93643,5.6973,42.9462,-44.487,11.3955,
0.7,0.618956,0.747299,-55.743,61.1523,-19.7623,-1.08112,0,-38.0381,13.0932,0,-55.4505,-5.68779,5.45074,42.3567,-43.8719,11.2382,
0.7,0.618991,0.747222,-57.6739,60.8537,-20.4581,-1.11681,0,-37.8447,13.0265,0,-57.3707,-5.88989,5.64041,42.1517,-43.656,11.1832,
0.7,0.619025,0.747141,-57.6647,60.5671,-20.4663,-1.11518,0,-37.6601,12.9633,0,-57.361,-5.89395,5.64036,41.9551,-43.4484,11.1303,
0.7,0.619059,0.747061,-57.7382,60.5478,-20.5052,-1.11522,0,-37.6418,12.9573,0,-57.4337,-5.90619,5.64837,41.9438,-43.4327,11.1266,
0.7,0.619097,0.746973,-57.3671,60.0219,-20.3844,-1.1067,0,-37.3091,12.8431,0,-57.0639,-5.87378,5.613,41.5817,-43.0532,11.0298,
0.7,0.619133,0.746895,-57.4849,60.4371,-20.4376,-1.10719,0,-37.5608,12.9299,0,-57.1806,-5.89076,5.62537,41.8712,-43.3491,11.1059,
0.7,0.619169,0.746821,-57.4836,60.7499,-20.4484,-1.10568,0,-37.7476,12.9942,0,-57.1788,-5.89554,5.62608,42.0897,-43.5719,11.1632,
0.7,0.619206,0.746658,-57.2863,53.8936,-20.3906,-1.10063,0,-33.4763,11.5245,0,-56.9821,-5.88054,5.60767,37.3428,-38.6509,9.90297,
0.7,0.619242,0.746582,-57.9288,61.5332,-20.6308,-1.11143,0,-38.2138,13.1553,0,-57.6206,-5.95129,5.67138,42.6381,-44.1281,11.3066,
0.7,0.619317,0.746502,-55.1821,60.9313,-19.6733,-1.05496,0,-37.8333,13.0244,0,-54.8876,-5.67854,5.40408,42.2229,-43.6945,11.1958,
0.7,0.619357,0.746422,-57.1346,60.199,-20.3805,-1.09082,0,-37.3719,12.8657,0,-56.8291,-5.88487,5.59622,41.7174,-43.1674,11.0611,
0.7,0.619395,0.746342,-57.0804,59.822,-20.3711,-1.08818,0,-37.1313,12.7829,0,-56.7747,-5.88438,5.59178,41.4582,-42.8951,10.9916,
0.7,0.619435,0.746255,-57.3152,60.0511,-20.4649,-1.09093,0,-37.2667,12.8294,0,-57.0078,-5.91361,5.61564,41.6192,-43.0572,11.0335,
0.7,0.619473,0.746159,-57.1313,58.7436,-20.4094,-1.08619,0,-36.451,12.5469,0,-56.8242,-5.8996,5.59846,40.7157,-42.117,10.793,
0.7,0.619514,0.746082,-56.9028,60.0028,-20.339,-1.0808,0,-37.2258,12.8135,0,-56.5964,-5.88128,5.57697,41.5904,-43.018,11.0242,
0.7,0.619553,0.745923,-56.9603,53.5167,-20.3698,-1.08051,0,-33.1909,11.4246,0,-56.6531,-5.8922,5.58346,37.098,-38.3644,9.83213,
0.7,0.619592,0.745849,-57.0258,60.224,-20.4033,-1.07996,0,-37.3436,12.8537,0,-56.7177,-5.90378,5.5907,41.7493,-43.171,11.0642,
0.7,0.619631,0.745772,-57.4805,60.7432,-20.5765,-1.0871,0,-37.6594,12.9625,0,-57.1696,-5.95567,5.6361,42.1112,-43.5413,11.1594,
0.7,0.619708,0.745686,-54.3448,59.4991,-19.4752,-1.02531,0,-36.8826,12.6954,0,-54.0498,-5.64017,5.33024,41.2509,-42.6473,10.9307,
0.7,0.619746,0.745612,-57.2539,60.4107,-20.5286,-1.07831,0,-37.44,12.8874,0,-56.9426,-5.94696,5.6164,41.8848,-43.2989,11.098,
0.7,0.619783,0.745535,-56.9729,59.5125,-20.4387,-1.0714,0,-36.8768,12.6937,0,-56.6626,-5.92271,5.58968,41.264,-42.6532,10.9328,
0.7,0.619822,0.745459,-56.6165,59.3808,-20.321,-1.06312,0,-36.7885,12.6635,0,-56.3076,-5.89137,5.55569,41.1746,-42.5569,10.9084,
0.7,0.619859,0.745376,-56.93,58.8639,-20.445,-1.06746,0,-36.4622,12.5518,0,-56.6189,-5.92892,5.5873,40.8182,-42.1844,10.8132,
0.7,0.619895,0.745303,-56.8356,59.4379,-20.4217,-1.06351,0,-36.81,12.6716,0,-56.5244,-5.92421,5.5789,41.218,-42.594,10.9185,
0.7,0.619932,0.745227,-57.1458,59.8794,-20.5438,-1.06735,0,-37.0766,12.7636,0,-56.8324,-5.96167,5.61022,41.526,-42.9086,10.9994,
0.7,0.619967,0.745151,-56.9825,59.2578,-20.4971,-1.06262,0,-36.6852,12.6291,0,-56.6695,-5.9493,5.59499,41.0968,-42.4613,10.8851,
0.7,0.620006,0.745065,-56.6499,58.4718,-20.3878,-1.05453,0,-36.1929,12.4602,0,-56.3382,-5.92001,5.56326,40.5538,-41.8959,10.7405,
0.7,0.620043,0.74499,-56.7414,59.0722,-20.4312,-1.0541,0,-36.5574,12.586,0,-56.4287,-5.93426,5.57304,40.972,-42.3244,10.8506,
0.7,0.620078,0.744913,-56.9273,59.1311,-20.5087,-1.05571,0,-36.5879,12.5969,0,-56.6131,-5.95839,5.59211,41.0148,-42.3647,10.8612,
0.7,0.620113,0.744838,-56.8659,58.9384,-20.4984,-1.05282,0,-36.4625,12.5542,0,-56.5515,-5.95638,5.58682,40.883,-42.2248,10.8256,
0.7,0.620151,0.744785,-56.6481,60.8708,-20.4303,-1.04711,0,-37.6353,12.9579,0,-56.3344,-5.93878,5.56631,42.2234,-43.609,11.1805,
0.7,0.620187,0.744711,-56.768,59.0369,-20.4844,-1.04736,0,-36.4947,12.5655,0,-56.4531,-5.95602,5.5789,40.9532,-42.2934,10.8435,
0.7,0.620223,0.744636,-57.3211,60.1153,-20.6949,-1.05606,0,-37.1544,12.7928,0,-57.0026,-6.01887,5.63407,41.7031,-43.0641,11.0414,
0.7,0.620298,0.744561,-54.1439,59.4103,-19.5683,-0.995293,0,-36.7116,12.6407,0,-53.8421,-5.69494,5.32344,41.2158,-42.5573,10.9118,
0.7,0.620335,0.74448,-57.0204,59.3155,-20.6179,-1.04671,0,-36.6456,12.6183,0,-56.702,-6.0024,5.60709,41.1519,-42.4875,10.8942,
0.7,0.620374,0.744404,-56.3923,58.6317,-20.4006,-1.03397,0,-36.2163,12.4709,0,-56.0769,-5.94108,5.54615,40.6793,-41.996,10.7684,
0.7,0.620411,0.744329,-56.6177,58.9231,-20.4931,-1.03701,0,-36.3897,12.5312,0,-56.3006,-5.96943,5.56911,40.8833,-42.2029,10.8217,
0.7,0.620454,0.744253,-56.0493,58.527,-20.2967,-1.02543,0,-36.1388,12.4455,0,-55.7348,-5.91481,5.51409,40.6103,-41.9174,10.7488,
0.7,0.620495,0.74417,-56.1169,57.8294,-20.3305,-1.02501,0,-35.7019,12.2955,0,-55.8015,-5.92668,5.52155,40.1282,-41.4159,10.6205,
0.7,0.620534,0.744092,-56.2199,58.219,-20.3773,-1.02574,0,-35.9367,12.3767,0,-55.9035,-5.94215,5.53248,40.4004,-41.6929,10.6919,
0.7,0.620573,0.744013,-56.2619,58.1285,-20.4031,-1.02541,0,-35.8753,12.3559,0,-55.9447,-5.95119,5.53739,40.3396,-41.6262,10.6751,
0.7,0.620616,0.743934,-55.8811,57.9928,-20.2741,-1.0172,0,-35.7861,12.3255,0,-55.5655,-5.91633,5.50083,40.2474,-41.5272,10.65,
0.7,0.620658,0.743847,-56.0612,57.4283,-20.349,-1.01921,0,-35.433,12.2041,0,-55.7441,-5.94026,5.51939,39.8578,-41.1208,10.5461,
0.7,0.620698,0.743772,-56.1593,58.4337,-20.3944,-1.01947,0,-36.0463,12.4153,0,-55.8412,-5.95546,5.52987,40.5574,-41.8389,10.7305,
0.7,0.620738,0.743696,-56.1972,58.3049,-20.419,-1.01889,0,-35.9605,12.3857,0,-55.8784,-5.96411,5.5344,40.4698,-41.7449,10.7067,
0.7,0.620782,0.743621,-55.6893,58.0313,-20.2436,-1.00819,0,-35.7853,12.3254,0,-55.3727,-5.91561,5.48529,40.2817,-41.5472,10.6563,
0.7,0.620823,0.743539,-56.0527,57.8242,-20.3851,-1.01316,0,-35.6508,12.2789,0,-55.7335,-5.95904,5.52191,40.1399,-41.397,10.6181,
0.7,0.620864,0.743464,-55.8695,57.9566,-20.3279,-1.00782,0,-35.7262,12.3048,0,-55.5509,-5.94424,5.50466,40.2336,-41.49,10.6422,
0.7,0.620903,0.743388,-56.1735,58.1093,-20.4484,-1.01151,0,-35.8143,12.335,0,-55.8527,-5.98117,5.5354,40.3414,-41.5975,10.6701,
0.7,0.620943,0.743226,-56.8262,54.379,-20.697,-1.02191,0,-33.5048,11.539,0,-56.5012,-6.05552,5.60054,37.7554,-38.9235,9.98475,
0.7,0.621019,0.743151,-54.2367,58.9685,-19.7728,-0.972015,0,-36.3256,12.5099,0,-53.9255,-5.78819,5.3468,40.9436,-42.2069,10.8273,
0.7,0.621057,0.743073,-56.1074,57.6719,-20.4655,-1.0041,0,-35.5212,12.2323,0,-55.785,-5.99222,5.53196,40.0452,-41.277,10.589,
0.7,0.621097,0.742995,-56.0906,57.9046,-20.4688,-1.0021,0,-35.6587,12.2794,0,-55.7678,-5.9951,5.5311,40.2087,-41.4417,10.6316,
0.7,0.621141,0.742909,-55.5163,56.6833,-20.2683,-0.990331,0,-34.9018,12.0185,0,-55.1962,-5.93898,5.47537,39.3627,-40.5655,10.4071,
0.7,0.621183,0.742834,-55.5854,57.5193,-20.3029,-0.989712,0,-35.4096,12.1929,0,-55.2645,-5.95117,5.483,39.945,-41.1622,10.5605,
0.7,0.621225,0.742758,-55.6353,57.371,-20.3303,-0.989115,0,-35.3123,12.159,0,-55.3135,-5.96141,5.48876,39.8438,-41.0543,10.5331,
0.7,0.621265,0.742683,-55.7048,57.3686,-20.366,-0.989219,0,-35.3045,12.156,0,-55.3821,-5.9736,5.49642,39.8438,-41.0508,10.5325,
0.7,0.621308,0.7426,-55.4354,56.7747,-20.2764,-0.983346,0,-34.9332,12.0278,0,-55.1137,-5.95022,5.47078,39.4333,-40.6239,10.4232,
0.7,0.621348,0.742528,-55.7341,57.4939,-20.3952,-0.987196,0,-35.3684,12.177,0,-55.4102,-5.98702,5.50107,39.9344,-41.137,10.5551,
0.7,0.621388,0.742452,-55.6517,57.2025,-20.3744,-0.984489,0,-35.1832,12.1128,0,-55.3277,-5.9828,5.49372,39.7337,-40.9267,10.5014,
0.7,0.621426,0.742377,-56.022,57.6457,-20.5209,-0.989875,0,-35.4497,12.2044,0,-55.6954,-6.02699,5.53102,40.0433,-41.2422,10.5826,
0.7,0.621468,0.742303,-55.4874,57.2176,-20.3344,-0.97897,0,-35.1803,12.1115,0,-55.1633,-5.97463,5.47912,39.7477,-40.9342,10.5039,
0.7,0.621507,0.742221,-55.7529,56.7825,-20.4412,-0.982114,0,-34.9066,12.017,0,-55.4268,-6.00787,5.50613,39.4473,-40.6211,10.4238,
0.7,0.621547,0.742145,-55.562,56.9688,-20.3805,-0.97674,0,-35.0154,12.0543,0,-55.2365,-5.99197,5.48807,39.5784,-40.7526,10.4579,
0.7,0.621585,0.74207,-56.636,58.7769,-20.7851,-0.994052,0,-36.1209,12.4348,0,-56.3038,-6.11242,5.59495,40.8364,-42.0443,10.7896,
0.7,0.621665,0.74192,-53.731,53.5521,-19.7373,-0.940439,0,-32.8985,11.3248,0,-53.4148,-5.80867,5.30963,37.2095,-38.3037,9.83018,
0.7,0.621703,0.741835,-55.8632,56.5054,-20.5303,-0.976272,0,-34.7078,11.9474,0,-55.5339,-6.04381,5.52112,39.2636,-40.4141,10.3721,
0.7,0.62174,0.741758,-55.5992,56.6327,-20.444,-0.969624,0,-34.7803,11.972,0,-55.271,-6.01955,5.49577,39.3538,-40.5035,10.3953,
0.7,0.621782,0.741683,-55.3224,56.6882,-20.3514,-0.962919,0,-34.8086,11.9815,0,-54.9953,-5.99468,5.46927,39.3941,-40.5414,10.4053,
0.7,0.621821,0.741609,-55.4555,56.759,-20.4097,-0.963215,0,-34.8453,11.9933,0,-55.1271,-6.01362,5.4832,39.4449,-40.5904,10.4182,
0.7,0.621861,0.741527,-55.4335,56.0678,-20.4109,-0.960375,0,-34.4158,11.8447,0,-55.1048,-6.01575,5.48179,38.9665,-40.0942,10.2911,
0.7,0.621903,0.741454,-55.1563,56.6755,-20.319,-0.953901,0,-34.7828,11.9704,0,-54.8286,-5.9905,5.4552,39.3905,-40.5271,10.4025,
0.7,0.621942,0.741382,-55.5787,57.0557,-20.4843,-0.959377,0,-35.0098,12.0479,0,-55.2481,-6.04098,5.49777,39.6564,-40.7974,10.4721,
0.7,0.621982,0.741309,-55.3607,56.6873,-20.4135,-0.953859,0,-34.7778,11.9675,0,-55.0308,-6.0219,5.47699,39.402,-40.5323,10.4043,
0.7,0.622022,0.741231,-55.3447,56.2977,-20.4171,-0.951374,0,-34.5324,11.8823,0,-55.0144,-6.0249,5.47621,39.1329,-40.2519,10.3326,
0.7,0.622065,0.741159,-55.0562,56.4786,-20.3196,-0.944509,0,-34.6375,11.9178,0,-54.7271,-5.99831,5.44848,39.2604,-40.3797,10.3657,
0.7,0.622108,0.741085,-55.0444,56.567,-20.3251,-0.942672,0,-34.6858,11.934,0,-54.7148,-6.00219,5.44819,39.3235,-40.4412,10.3817,
0.7,0.622149,0.741015,-55.1047,56.544,-20.3565,-0.941971,0,-34.6649,11.9259,0,-54.7743,-6.01357,5.45499,39.309,-40.4232,10.3774,
0.7,0.62219,0.740935,-55.1194,55.7812,-20.371,-0.940746,0,-34.1922,11.7627,0,-54.7883,-6.01996,5.45725,38.7806,-39.876,10.2372,
0.7,0.622231,0.740863,-55.1257,56.3944,-20.3825,-0.939068,0,-34.5624,11.8895,0,-54.7941,-6.02538,5.45868,39.2085,-40.3127,10.3495,
0.7,0.622271,0.74079,-55.1731,56.4119,-20.4101,-0.938839,0,-34.5673,11.8907,0,-54.8407,-6.03563,5.46424,39.2224,-40.3235,10.3526,
0.7,0.622308,0.74071,-55.3104,55.5168,-20.4702,-0.939812,0,-34.0137,11.6998,0,-54.9766,-6.05527,5.47862,38.602,-39.6818,10.1881,
0.7,0.622345,0.740566,-55.588,51.3823,-20.5824,-0.942812,0,-31.4687,10.8232,0,-55.252,-6.09021,5.50689,35.7301,-36.7236,9.4291,
0.7,0.622383,0.740492,-55.2147,55.9105,-20.4532,-0.935057,0,-34.236,11.7749,0,-54.8805,-6.05388,5.47069,38.8806,-39.9583,10.2599,
0.7,0.622423,0.740417,-55.8622,57.2836,-20.7034,-0.944978,0,-35.0683,12.0601,0,-55.5236,-6.12983,5.53569,39.8371,-40.938,10.5117,
0.7,0.622499,0.740345,-53.1212,56.957,-19.7054,-0.896156,0,-34.8624,11.9886,0,-52.7982,-5.83775,5.26555,39.6116,-40.7029,10.4516,
0.7,0.622537,0.74027,-55.2905,56.0399,-20.5195,-0.931686,0,-34.2974,11.7938,0,-54.9538,-6.08067,5.48135,38.9758,-40.0457,10.2832,
0.7,0.622578,0.740199,-54.8475,55.9244,-20.3652,-0.923437,0,-34.2209,11.7671,0,-54.513,-6.03681,5.43826,38.8971,-39.9615,10.2618,
0.7,0.622617,0.740134,-55.3401,56.8257,-20.5576,-0.9306,0,-34.7637,11.9527,0,-55.002,-6.09559,5.48787,39.5252,-40.6043,10.4271,
0.7,0.622654,0.740057,-55.136,55.4344,-20.4915,-0.925953,0,-33.9077,11.6577,0,-54.7987,-6.07762,5.4684,38.5593,-39.6084,10.1716,
0.7,0.622691,0.739987,-55.1694,56.0533,-20.5139,-0.924836,0,-34.2807,11.7853,0,-54.8314,-6.08574,5.47247,38.9913,-40.049,10.285,
0.7,0.622734,0.739917,-54.7777,56.0024,-20.3773,-0.916851,0,-34.244,11.772,0,-54.4416,-6.04761,5.43448,38.9574,-40.0111,10.2755,
0.7,0.622772,0.739841,-55.4031,56.1394,-20.6203,-0.926063,0,-34.3214,11.7978,0,-55.0626,-6.12092,5.49725,39.0544,-40.1074,10.3005,
0.7,0.622812,0.7397,-55.5787,52.7278,-20.6948,-0.926705,0,-32.2244,11.0755,0,-55.2367,-6.1448,5.51544,36.684,-37.667,9.67422,
0.7,0.622895,0.739629,-51.8584,56.013,-19.3256,-0.862323,0,-34.2262,11.7627,0,-51.5383,-5.74229,5.14774,38.9712,-40.0121,10.2768,
0.7,0.622933,0.739552,-55.1851,55.5909,-20.5756,-0.916618,0,-33.962,11.6713,0,-54.844,-6.11487,5.47869,38.6795,-39.7088,10.1992,
0.7,0.622972,0.73948,-54.9282,55.5646,-20.4892,-0.910836,0,-33.9402,11.663,0,-54.5882,-6.09087,5.45395,38.6628,-39.6883,10.1942,
0.7,0.623012,0.739408,-54.6669,55.3236,-20.4007,-0.905108,0,-33.7872,11.6096,0,-54.328,-6.06644,5.42878,38.4968,-39.5145,10.1498,
0.7,0.623052,0.739336,-54.6875,55.1707,-20.4174,-0.904005,0,-33.6883,11.5748,0,-54.348,-6.07333,5.4316,38.3922,-39.4036,10.1216,
0.7,0.623094,0.739265,-54.4468,55.2381,-20.3363,-0.89862,0,-33.7233,11.586,0,-54.1082,-6.05169,5.40856,38.4407,-39.4501,10.1338,
0.7,0.623131,0.739184,-54.8777,54.699,-20.5077,-0.90493,0,-33.3897,11.4709,0,-54.536,-6.10382,5.45209,38.0673,-39.0632,10.0347,
0.7,0.62317,0.739113,-54.6734,55.1008,-20.4409,-0.900546,0,-33.6297,11.5528,0,-54.3325,-6.08529,5.43251,38.3486,-39.3485,10.1082,
0.7,0.623209,0.739044,-54.6583,55.3502,-20.4447,-0.899601,0,-33.7754,11.6022,0,-54.3169,-6.08817,5.43178,38.5237,-39.5251,10.1538,
0.7,0.623245,0.738948,-55.0847,53.5862,-20.6138,-0.9058,0,-32.7061,11.236,0,-54.7402,-6.13961,5.47482,37.299,-38.2625,9.82996,
0.7,0.623279,0.738871,-55.1166,54.7499,-20.6362,-0.90524,0,-33.4112,11.4776,0,-54.7715,-6.14686,5.47862,38.1108,-39.0916,10.0432,
0.7,0.623314,0.738801,-54.8861,54.9579,-20.5591,-0.900402,0,-33.5325,11.5184,0,-54.542,-6.12506,5.45637,38.2571,-39.2386,10.0813,
0.7,0.623353,0.738731,-54.6444,55.2208,-20.4771,-0.89525,0,-33.6872,11.5706,0,-54.3013,-6.10254,5.4331,38.4417,-39.4248,10.1293,
0.7,0.62339,0.738663,-54.7331,55.1509,-20.5193,-0.895519,0,-33.6376,11.5525,0,-54.3891,-6.11647,5.44261,38.3944,-39.3734,10.1164,
0.7,0.623427,0.738515,-55.5071,51.933,-20.8198,-0.906919,0,-31.6644,10.8731,0,-55.1578,-6.20691,5.52025,36.1573,-37.073,9.52579,
0.7,0.623509,0.738444,-51.6159,55.1808,-19.3764,-0.84116,0,-33.639,11.5502,0,-51.2901,-5.78034,5.13472,38.4202,-39.39,10.1214,
0.7,0.623549,0.738375,-54.9348,55.7188,-20.6306,-0.89746,0,-33.9603,11.6596,0,-54.5875,-6.15655,5.46565,38.7962,-39.7725,10.2199,
0.7,0.623588,0.738296,-54.5167,54.1742,-20.4823,-0.889508,0,-33.0142,11.3341,0,-54.1716,-6.11409,5.4248,37.7225,-38.6682,9.93643,
0.7,0.623626,0.738224,-54.7108,54.9013,-20.5654,-0.891605,0,-33.452,11.4837,0,-54.364,-6.14004,5.44482,38.2304,-39.1856,10.0696,
0.7,0.62367,0.738153,-53.9865,54.4312,-20.3018,-0.878929,0,-33.1603,11.3828,0,-53.6438,-6.06358,5.37356,37.9046,-38.8485,9.98326,
0.7,0.623708,0.738086,-54.3502,54.693,-20.4479,-0.883805,0,-33.3134,11.4342,0,-54.0047,-6.10871,5.41049,38.0884,-39.0339,10.0311,
0.7,0.623747,0.738017,-54.3573,54.4949,-20.46,-0.882421,0,-33.1874,11.39,0,-54.0112,-6.11379,5.41193,37.9519,-38.891,9.99463,
0.7,0.623783,0.737941,-54.6208,54.1134,-20.5697,-0.885436,0,-32.9504,11.3077,0,-54.2726,-6.1475,5.43885,37.688,-38.617,9.92451,
0.7,0.623823,0.737872,-54.1339,54.4281,-20.3951,-0.876171,0,-33.1365,11.3706,0,-53.7883,-6.09752,5.39119,37.9087,-38.84,9.98207,
0.7,0.62386,0.737806,-54.5418,54.7746,-20.558,-0.881463,0,-33.3406,11.4396,0,-54.1931,-6.14784,5.43256,38.1514,-39.0859,10.0455,
0.7,0.623896,0.737739,-54.406,54.4129,-20.516,-0.877821,0,-33.1145,11.361,0,-54.0576,-6.13697,5.41979,37.901,-38.8263,9.97898,
0.7,0.623932,0.737595,-54.711,49.3151,-20.6414,-0.881827,0,-30.0019,10.2913,0,-54.3602,-6.17565,5.45089,34.3532,-35.1857,9.04377,
0.7,0.623979,0.737529,-53.6309,54.4976,-20.242,-0.86362,0,-33.1483,11.3693,0,-53.2863,-6.05979,5.34431,37.9648,-38.8819,9.99404,
0.7,0.624012,0.737461,-54.619,54.1443,-20.6245,-0.877978,0,-32.9279,11.2927,0,-54.2677,-6.17493,5.44337,37.7205,-38.6279,9.92905,
0.7,0.624055,0.737392,-54.5611,55.2874,-20.6119,-0.876067,0,-33.6176,11.5283,0,-54.2096,-6.17375,5.43852,38.5186,-39.4418,10.1385,
0.7,0.624134,0.737315,-52.0038,54.4403,-19.6629,-0.832475,0,-33.0978,11.3493,0,-51.6678,-5.89298,5.18507,37.9304,-38.8355,9.98298,
0.7,0.62417,0.737245,-54.4427,54.2136,-20.5946,-0.870033,0,-32.9547,11.2994,0,-54.0905,-6.1734,5.42893,37.7741,-38.6721,9.94124,
0.7,0.624205,0.737177,-54.3275,53.9962,-20.5615,-0.867255,0,-32.8165,11.251,0,-53.9756,-6.16407,5.41808,37.6242,-38.5154,9.90122,
0.7,0.624242,0.737108,-54.1818,53.8145,-20.5155,-0.863908,0,-32.701,11.2107,0,-53.8304,-6.15148,5.40422,37.4992,-38.3842,9.86774,
0.7,0.624283,0.737033,-53.874,53.4604,-20.4074,-0.858084,0,-32.481,11.1349,0,-53.5241,-6.12101,5.37428,37.2542,-38.1298,9.80263,
0.7,0.624321,0.736967,-54.1859,54.1403,-20.5344,-0.861828,0,-32.8886,11.274,0,-53.8335,-6.16046,5.40607,37.7296,-38.6133,9.92716,
0.7,0.624357,0.736903,-54.4151,54.6517,-20.6314,-0.864573,0,-33.1924,11.3773,0,-54.0608,-6.1904,5.4296,38.0873,-38.9766,10.0208,
0.7,0.62439,0.736838,-54.4086,53.9432,-20.6384,-0.863127,0,-32.7562,11.2272,0,-54.054,-6.1928,5.42949,37.595,-38.4698,9.89073,
0.7,0.624437,0.736766,-53.4298,53.5842,-20.2749,-0.846665,0,-32.5329,11.1502,0,-53.0809,-6.08713,5.33278,37.3466,-38.2121,9.82474,
0.7,0.624474,0.736699,-54.0025,53.7259,-20.5011,-0.854305,0,-32.6133,11.1775,0,-53.6494,-6.15656,5.39066,37.4469,-38.3116,9.85057,
0.7,0.62451,0.736633,-54.1429,53.7991,-20.5644,-0.855589,0,-32.6521,11.1904,0,-53.7884,-6.17654,5.40535,37.4995,-38.3622,9.86383,
0.7,0.624547,0.736567,-54.0742,53.906,-20.5471,-0.853272,0,-32.7104,11.21,0,-53.7197,-6.1728,5.39918,37.5755,-38.437,9.8833,
0.7,0.624584,0.736424,-54.2156,48.3719,-20.6097,-0.854468,0,-29.3427,10.0554,0,-53.8597,-6.193,5.41399,33.721,-34.4879,8.86834,
0.7,0.624625,0.736359,-53.604,53.528,-20.3857,-0.843585,0,-32.4641,11.1247,0,-53.2516,-6.12763,5.35368,37.317,-38.1625,9.8135,
0.7,0.624662,0.736291,-53.9034,53.3203,-20.5087,-0.847247,0,-32.3327,11.0797,0,-53.5486,-6.16588,5.38427,37.1738,-38.0128,9.77525,
0.7,0.624697,0.736215,-54.0083,52.6798,-20.5587,-0.847929,0,-31.9397,10.9451,0,-53.6524,-6.18166,5.39539,36.7292,-37.5544,9.65766,
0.7,0.624699,0.736147,-56.7004,53.1887,-21.5966,-0.887943,0,-32.2428,11.0488,0,-56.3271,-6.48697,5.66385,37.0856,-37.9155,9.7508,
0.7,0.624736,0.736082,-53.8826,53.3538,-20.5322,-0.842336,0,-32.3364,11.0806,0,-53.5274,-6.16857,5.38305,37.2022,-38.0317,9.78091,
0.7,0.624774,0.736014,-54.3668,54.3151,-20.7255,-0.848698,0,-32.9133,11.2781,0,-54.0079,-6.22853,5.43219,37.8741,-38.7154,9.95699,
0.7,0.624848,0.735948,-51.2626,53.5675,-19.5602,-0.798039,0,-32.4545,11.1208,0,-50.9233,-5.88037,5.1233,37.3543,-38.1809,9.81977,
0.7,0.624891,0.735876,-53.8616,53.5993,-20.5603,-0.837254,0,-32.4687,11.1255,0,-53.5047,-6.18259,5.38375,37.3782,-38.2019,9.82544,
0.7,0.62493,0.735814,-53.6166,53.4516,-20.4757,-0.832213,0,-32.3726,11.0922,0,-53.2607,-6.15912,5.36004,37.2766,-38.0953,9.79824,
0.7,0.624967,0.735751,-53.6816,53.3341,-20.5103,-0.832319,0,-32.2955,11.0655,0,-53.3249,-6.17057,5.36722,37.196,-38.0101,9.77655,
0.7,0.62501,0.735682,-53.2581,52.7897,-20.3564,-0.824596,0,-31.9604,10.9507,0,-52.9036,-6.12613,5.32559,36.8179,-37.6205,9.6766,
0.7,0.625046,0.73562,-53.7815,53.3675,-20.5674,-0.831598,0,-32.3044,11.0684,0,-53.4232,-6.19021,5.37859,37.2224,-38.0308,9.78237,
0.7,0.625087,0.735559,-53.2967,53.3483,-20.3902,-0.822978,0,-32.2862,11.0619,0,-52.941,-6.13908,5.3309,37.2104,-38.0157,9.77871,
0.7,0.625125,0.735495,-53.5775,53.08,-20.5072,-0.826795,0,-32.1184,11.0045,0,-53.2196,-6.17519,5.35963,37.0248,-37.823,9.72938,
0.7,0.625164,0.735431,-53.4409,53.0157,-20.4631,-0.823345,0,-32.074,10.9895,0,-53.0834,-6.16318,5.34659,36.9815,-37.7756,9.71743,
0.7,0.625202,0.735359,-53.5844,52.4873,-20.5262,-0.824378,0,-31.7496,10.8785,0,-53.2255,-6.18343,5.36158,36.6148,-37.3973,9.6204,
0.7,0.625242,0.735296,-53.3243,52.9921,-20.4344,-0.819109,0,-32.0487,10.9809,0,-52.9667,-6.15765,5.33628,36.9686,-37.7554,9.71277,
0.7,0.625279,0.73523,-53.8084,53.1985,-20.6291,-0.825629,0,-32.1683,11.022,0,-53.4471,-6.21716,5.38533,37.1143,-37.9008,9.75044,
0.7,0.625319,0.735165,-53.3087,52.7161,-20.4455,-0.816926,0,-31.8713,10.9204,0,-52.9503,-6.16323,5.33596,36.7794,-37.5554,9.66186,
0.7,0.625358,0.735092,-53.4297,52.2894,-20.5001,-0.81785,0,-31.6087,10.8304,0,-53.0701,-6.18103,5.34872,36.4836,-37.2495,9.58346,
0.7,0.6254,0.735028,-53.1646,52.92,-20.4074,-0.812862,0,-31.9835,10.9588,0,-52.8063,-6.15452,5.32289,36.9252,-37.6972,9.69889,
0.7,0.625441,0.734964,-53.3365,52.948,-20.4814,-0.814486,0,-31.9947,10.9626,0,-52.9766,-6.17835,5.34077,36.9463,-37.7155,9.70386,
0.7,0.625483,0.734836,-53.999,50.4835,-20.7437,-0.823592,0,-30.4943,10.4487,0,-53.6341,-6.2591,5.40778,35.2296,-35.9571,9.2519,
0.7,0.625562,0.734767,-51.49,53.4371,-19.7958,-0.783182,0,-32.2722,11.0577,0,-51.1412,-5.97581,5.1578,37.2924,-38.0591,9.79303,
0.7,0.625602,0.734703,-53.0742,52.5044,-20.414,-0.80643,0,-31.7033,10.8624,0,-52.7142,-6.16377,5.31718,36.643,-37.3933,9.62195,
0.7,0.625635,0.73464,-53.6476,52.4948,-20.6317,-0.81219,0,-31.6916,10.859,0,-53.283,-6.23686,5.37573,36.6379,-37.385,9.62005,
0.7,0.62566,0.734577,-54.1927,52.4509,-20.8637,-0.821629,0,-31.6592,10.8487,0,-53.8242,-6.30128,5.43053,36.6087,-37.3522,9.61185,
0.7,0.625711,0.734508,-52.1344,51.9406,-20.066,-0.787177,0,-31.3454,10.741,0,-51.7792,-6.06821,5.22534,36.2541,-36.9872,9.51818,
0.7,0.625749,0.734444,-53.1751,52.2427,-20.4758,-0.802155,0,-31.5224,10.802,0,-52.8124,-6.19335,5.33033,36.4666,-37.2009,9.5734,
0.7,0.625785,0.73438,-53.3175,52.2261,-20.5391,-0.80331,0,-31.5072,10.7971,0,-52.9533,-6.21373,5.34524,36.4565,-37.1874,9.57019,
0.7,0.625821,0.734309,-53.2812,51.6422,-20.5335,-0.801887,0,-31.1504,10.6751,0,-52.9168,-6.21324,5.34224,36.0507,-36.77,9.46304,
0.7,0.625855,0.734247,-53.3668,52.2973,-20.5751,-0.802232,0,-31.5394,10.8084,0,-53.0015,-6.22696,5.35146,36.5095,-37.235,9.58293,
0.7,0.625892,0.734184,-53.1324,52.1416,-20.4935,-0.79755,0,-31.44,10.7744,0,-52.7681,-6.20375,5.32865,36.4023,-37.1225,9.55424,
0.7,0.625927,0.734121,-53.3222,52.1314,-20.5766,-0.799526,0,-31.4283,10.7707,0,-52.9563,-6.22946,5.34829,36.3968,-37.1138,9.55223,
0.7,0.625964,0.734059,-53.1373,52.0942,-20.5139,-0.795743,0,-31.4002,10.7611,0,-52.7722,-6.21164,5.33039,36.3723,-37.0857,9.54525,
0.7,0.626002,0.733989,-53.1161,51.7738,-20.5142,-0.794188,0,-31.2013,10.6928,0,-52.7507,-6.2129,5.3289,36.1503,-36.8559,9.48638,
0.7,0.626037,0.733925,-53.2001,51.8291,-20.5565,-0.794579,0,-31.2301,10.7006,0,-52.8337,-6.22621,5.33791,36.1906,-36.8936,9.49634,
0.7,0.626076,0.733861,-52.9241,51.8595,-20.4586,-0.789711,0,-31.243,10.7049,0,-52.5591,-6.198,5.31091,36.2134,-36.9136,9.50175,
0.7,0.626112,0.733797,-53.1745,51.9922,-20.5644,-0.792594,0,-31.3175,10.7302,0,-52.8074,-6.23098,5.33667,36.3077,-37.0065,9.52591,
0.7,0.62615,0.733665,-53.5155,48.294,-20.7049,-0.796714,0,-29.0798,9.96286,0,-53.1456,-6.27463,5.37151,33.7281,-34.3713,8.84805,
0.7,0.626188,0.733602,-53.4807,52.7569,-20.7008,-0.794925,0,-31.7619,10.8816,0,-53.1106,-6.27448,5.36869,36.8465,-37.546,9.66554,
0.7,0.626263,0.73354,-50.309,52.1127,-19.4883,-0.745528,0,-31.3692,10.7467,0,-49.96,-5.90932,5.05147,36.3981,-37.086,9.54737,
0.7,0.626299,0.733481,-53.3274,52.5056,-20.6657,-0.7892,0,-31.5997,10.8253,0,-52.957,-6.2676,5.35518,36.6739,-37.3643,9.61922,
0.7,0.626336,0.733413,-53.2096,51.7877,-20.6293,-0.78643,0,-31.1629,10.6753,0,-52.8396,-6.25781,5.34404,36.174,-36.8518,9.48754,
0.7,0.62637,0.733351,-53.0628,51.7496,-20.581,-0.783493,0,-31.1344,10.6654,0,-52.6934,-6.24438,5.32995,36.1488,-36.8233,9.48042,
0.7,0.626407,0.733291,-52.9582,51.9042,-20.5488,-0.781269,0,-31.2218,10.695,0,-52.589,-6.23605,5.32011,36.2582,-36.9319,9.50859,
0.7,0.626443,0.733227,-52.9585,51.4311,-20.5574,-0.7806,0,-30.931,10.5951,0,-52.5888,-6.24003,5.32081,35.929,-36.5939,9.42179,
0.7,0.62648,0.733169,-53.0176,52.148,-20.5896,-0.780871,0,-31.3562,10.7406,0,-52.647,-6.25115,5.32746,36.4311,-37.1027,9.55299,
0.7,0.626515,0.733111,-52.9487,51.8107,-20.5716,-0.778813,0,-31.1473,10.6689,0,-52.5781,-6.24668,5.32115,36.1967,-36.8615,9.49108,
0.7,0.626549,0.733054,-53.0677,51.9118,-20.6267,-0.77982,0,-31.202,10.6875,0,-52.6959,-6.26427,5.33371,36.2686,-36.9322,9.50949,
0.7,0.626583,0.732991,-52.9201,51.2895,-20.5783,-0.776876,0,-30.8216,10.5569,0,-52.5489,-6.25027,5.31946,35.8352,-36.488,9.39534,
0.7,0.626615,0.732932,-53.3006,51.8116,-20.7367,-0.781852,0,-31.1298,10.6623,0,-52.9264,-6.29832,5.35823,36.2014,-36.8581,9.49086,
0.7,0.626649,0.732872,-52.874,51.4242,-20.5795,-0.774559,0,-30.8916,10.5806,0,-52.5024,-6.25162,5.31598,35.932,-36.5812,9.41975,
0.7,0.626683,0.732742,-53.0477,46.3234,-20.6557,-0.776139,0,-27.819,9.52802,0,-52.6744,-6.2754,5.33399,32.3709,-32.9497,8.48511,
0.7,0.626717,0.732681,-52.9789,51.4284,-20.6373,-0.774103,0,-30.8791,10.5757,0,-52.6057,-6.27058,5.32763,35.9398,-36.5793,9.42005,
0.7,0.626755,0.732619,-52.59,51.0309,-20.4937,-0.767316,0,-30.6356,10.4923,0,-52.2192,-6.22832,5.28917,35.6636,-36.295,9.34708,
0.7,0.62679,0.732542,-52.7842,49.8813,-20.5787,-0.769046,0,-29.9417,10.2546,0,-52.4116,-6.2545,5.30923,34.8621,-35.4754,9.13632,
0.7,0.626827,0.732474,-53.2447,51.8045,-20.7663,-0.774662,0,-31.0917,10.6483,0,-52.8684,-6.31254,5.35614,36.2081,-36.8415,9.48841,
0.7,0.626901,0.732414,-49.9918,51.4139,-19.5132,-0.72508,0,-30.8521,10.566,0,-49.6377,-5.93362,5.03006,35.9366,-36.5622,9.41672,
0.7,0.62694,0.732358,-52.8359,52.0911,-20.6322,-0.765477,0,-31.2519,10.7028,0,-52.4612,-6.27517,5.3169,36.4113,-37.0424,9.54062,
0.7,0.626981,0.732301,-52.2299,51.2813,-20.4033,-0.755339,0,-30.7604,10.534,0,-51.8591,-6.20698,5.25657,35.8465,-36.4652,9.39216,
0.7,0.627019,0.732245,-52.3213,51.2477,-20.447,-0.755388,0,-30.7345,10.5248,0,-51.9493,-6.22163,5.2664,35.8243,-36.4401,9.38588,
0.7,0.62706,0.732183,-52.1658,50.7723,-20.3944,-0.751881,0,-30.4441,10.4251,0,-51.7945,-6.2073,5.25146,35.4933,-36.1006,9.29868,
0.7,0.627096,0.732128,-52.8733,51.9639,-20.6796,-0.760846,0,-31.1521,10.6672,0,-52.4965,-6.29519,5.32331,36.3275,-36.9467,9.51679,
0.7,0.627132,0.732071,-52.6542,51.2581,-20.6035,-0.756434,0,-30.7236,10.5201,0,-52.2786,-6.2726,5.30184,35.8355,-36.4435,9.3874,
0.7,0.627169,0.732006,-52.4657,50.702,-20.5378,-0.752571,0,-30.3853,10.4042,0,-52.091,-6.25375,5.28347,35.4483,-36.0466,9.2854,
0.7,0.627206,0.731947,-52.3884,50.8525,-20.5156,-0.750367,0,-30.4702,10.4329,0,-52.0138,-6.24813,5.27629,35.5548,-36.1523,9.31283,
0.7,0.627244,0.731889,-52.3008,50.9533,-20.4899,-0.748307,0,-30.5254,10.4514,0,-51.9263,-6.2415,5.26812,35.6268,-36.2224,9.33114,
0.7,0.627281,0.731856,-52.5109,53.013,-20.5801,-0.74992,0,-31.7411,10.8662,0,-52.1346,-6.27011,5.28988,37.0669,-37.6866,9.70832,
0.7,0.627319,0.731706,-52.3835,44.1799,-20.5379,-0.746879,0,-26.454,9.0562,0,-52.0077,-6.25835,5.27764,30.8947,-31.4033,8.09032,
0.7,0.627356,0.731649,-52.8811,51.6208,-20.7413,-0.752776,0,-30.9034,10.5788,0,-52.5013,-6.32133,5.32836,36.0994,-36.6909,9.45278,
0.7,0.62743,0.73159,-50.3433,51.4614,-19.7621,-0.714754,0,-30.8027,10.5435,0,-49.9808,-6.02526,5.07389,35.9895,-36.5762,9.42345,
0.7,0.627467,0.731615,-52.3401,57.1961,-20.5538,-0.742094,0,-34.2223,11.7124,0,-51.9628,-6.26799,5.27577,39.9988,-40.6532,10.4737,
0.7,0.627505,0.73155,-52.062,50.0511,-20.4524,-0.737594,0,-29.9422,10.247,0,-51.6862,-6.2383,5.24835,35.0037,-35.5732,9.16513,
0.7,0.62754,0.731492,-52.3537,50.6324,-20.5763,-0.741446,0,-30.2838,10.3632,0,-51.9754,-6.27655,5.27831,35.4115,-35.9851,9.27146,
0.7,0.627576,0.731433,-52.2367,50.588,-20.5386,-0.739373,0,-30.252,10.3517,0,-51.8588,-6.26642,5.26718,35.3818,-35.9522,9.26319,
0.7,0.62761,0.731375,-52.3275,50.4979,-20.5829,-0.739993,0,-30.1927,10.331,0,-51.9485,-6.28077,5.27692,35.32,-35.8869,9.24656,
0.7,0.627643,0.731312,-52.4639,50.1154,-20.6452,-0.741377,0,-29.9589,10.2505,0,-52.0835,-6.30065,5.29127,35.0538,-35.6138,9.1764,
0.7,0.627674,0.731258,-52.4989,50.7009,-20.6687,-0.741416,0,-30.3024,10.3675,0,-52.1179,-6.3081,5.29535,35.4643,-36.0288,9.2835,
0.7,0.627709,0.731201,-52.4381,50.8297,-20.6531,-0.739898,0,-30.374,10.3916,0,-52.0571,-6.30458,5.28986,35.5556,-36.1191,9.30697,
0.7,0.627742,0.731143,-52.4538,50.5076,-20.6678,-0.739054,0,-30.1766,10.3235,0,-52.0723,-6.30973,5.29199,35.3316,-35.889,9.24787,
0.7,0.627777,0.731078,-52.1955,49.7023,-20.5743,-0.734476,0,-29.6911,10.157,0,-51.8154,-6.28193,5.26649,34.7698,-35.3153,9.10028,
0.7,0.627809,0.73102,-52.331,50.2782,-20.6372,-0.735753,0,-30.0294,10.2723,0,-51.9496,-6.30138,5.28069,35.1739,-35.7232,9.20558,
0.7,0.627846,0.730962,-52.1813,50.442,-20.5862,-0.733026,0,-30.1224,10.3035,0,-51.8005,-6.28726,5.26625,35.2898,-35.8382,9.23545,
0.7,0.62788,0.730903,-52.1679,50.1482,-20.5891,-0.732154,0,-29.9421,10.2409,0,-51.7868,-6.28907,5.26548,35.0857,-35.6281,9.18152,
0.7,0.627917,0.730838,-52.0742,49.6974,-20.5599,-0.729996,0,-29.6686,10.1466,0,-51.6933,-6.2814,5.25663,34.7718,-35.3062,9.09882,
0.7,0.627951,0.730722,-52.8373,47.787,-20.8704,-0.740129,0,-28.5182,9.75142,0,-52.4504,-6.37693,5.33425,33.4378,-33.9465,8.74881,
0.7,0.628022,0.730663,-50.3443,50.8787,-19.9015,-0.703792,0,-30.3585,10.3796,0,-49.9748,-6.08334,5.08381,35.6025,-36.1413,9.31468,
0.7,0.628057,0.730597,-52.198,49.7399,-20.6424,-0.728556,0,-29.6746,10.1448,0,-51.8145,-6.31091,5.2716,34.8072,-35.3307,9.10604,
0.7,0.62809,0.73054,-52.2052,50.0949,-20.6543,-0.727871,0,-29.8802,10.214,0,-51.8213,-6.3152,5.27291,35.0565,-35.582,9.17093,
0.7,0.628122,0.730482,-52.1613,49.8384,-20.6452,-0.72627,0,-29.7223,10.1588,0,-51.7772,-6.31342,5.26907,34.8784,-35.3985,9.12385,
0.7,0.628156,0.730425,-52.0457,49.798,-20.6075,-0.723806,0,-29.6933,10.1477,0,-51.662,-6.3033,5.25804,34.8515,-35.3684,9.11632,
0.7,0.628188,0.73036,-52.1956,49.3034,-20.6753,-0.724885,0,-29.3941,10.0443,0,-51.8104,-6.32483,5.27376,34.5068,-35.0156,9.02561,
0.7,0.628218,0.730305,-52.342,50.0027,-20.743,-0.726352,0,-29.8053,10.1835,0,-51.9553,-6.34574,5.28909,34.9974,-35.511,9.1535,
0.7,0.628249,0.73025,-52.1689,49.93,-20.683,-0.723339,0,-29.7569,10.1659,0,-51.7831,-6.3282,5.27218,34.9478,-35.4581,9.14008,
0.7,0.628281,0.730194,-52.3623,50.267,-20.7682,-0.725561,0,-29.9528,10.2316,0,-51.9746,-6.35506,5.2923,35.1849,-35.6962,9.20164,
0.7,0.628316,0.730138,-51.8868,49.833,-20.5877,-0.718265,0,-29.6892,10.1404,0,-51.5022,-6.30119,5.24489,34.8824,-35.3868,9.12207,
0.7,0.62835,0.730077,-52.1655,49.69,-20.7072,-0.721559,0,-29.5987,10.1084,0,-51.7784,-6.33828,5.27361,34.7836,-35.2839,9.09576,
0.7,0.628383,0.729963,-52.1478,45.6725,-20.7083,-0.720477,0,-27.1969,9.28654,0,-51.7605,-6.33962,5.27242,31.9736,-32.4288,8.36012,
0.7,0.628416,0.729907,-52.3843,50.3594,-20.8105,-0.722942,0,-29.9828,10.237,0,-51.9947,-6.37184,5.29691,35.256,-35.7553,9.2179,
0.7,0.628487,0.729846,-49.4512,49.6583,-19.6615,-0.681184,0,-29.5599,10.0918,0,-49.0826,-6.02185,5.00147,34.7665,-35.2562,9.08944,
0.7,0.628523,0.72979,-52.1392,50.2659,-20.738,-0.717751,0,-29.9163,10.2129,0,-51.7502,-6.35271,5.27394,35.1933,-35.6862,9.20052,
0.7,0.628559,0.729734,-51.5568,49.4127,-20.5138,-0.709295,0,-29.4034,10.0371,0,-51.1718,-6.28519,5.21561,34.5972,-35.0791,9.04421,
0.7,0.628596,0.729672,-51.6731,49.1304,-20.5674,-0.710511,0,-29.2308,9.97754,0,-51.2867,-6.30277,5.22795,34.4011,-34.8772,8.99239,
0.7,0.628633,0.729618,-51.4781,49.5877,-20.498,-0.707699,0,-29.4971,10.0677,0,-51.0927,-6.2826,5.20883,34.7225,-35.2007,9.07598,
0.7,0.62867,0.729563,-51.4614,49.3994,-20.4988,-0.706964,0,-29.3801,10.0272,0,-51.0758,-6.28391,5.20771,34.592,-35.0656,9.04137,
0.7,0.628705,0.729508,-51.5732,49.3517,-20.5511,-0.708142,0,-29.3469,10.0153,0,-51.1863,-6.30091,5.21959,34.5599,-35.0304,9.03251,
0.7,0.628741,0.729454,-51.5695,49.3463,-20.5576,-0.707746,0,-29.3389,10.012,0,-51.1823,-6.30377,5.21978,34.5574,-35.0253,9.0314,
0.7,0.628778,0.729394,-51.3161,48.899,-20.4651,-0.703683,0,-29.068,9.91887,0,-50.9303,-6.27624,5.19471,34.2455,-34.7065,8.9494,
0.7,0.628814,0.729338,-51.4874,49.1499,-20.5411,-0.705471,0,-29.2127,9.96774,0,-51.0999,-6.30044,5.2126,34.4226,-34.8832,8.99518,
0.7,0.628849,0.729282,-51.6152,49.3103,-20.5999,-0.706741,0,-29.3036,9.99804,0,-51.2264,-6.31941,5.22611,34.5363,-34.9956,9.0244,
0.7,0.628888,0.729226,-51.5177,49.514,-20.5684,-0.70497,0,-29.42,10.0371,0,-51.1291,-6.31137,5.21689,34.6803,-35.1388,9.06153,
0.7,0.628924,0.729168,-51.373,48.8254,-20.5191,-0.702618,0,-29.0057,9.89505,0,-50.9851,-6.29699,5.2028,34.1993,-34.6488,8.93538,
0.7,0.628959,0.729115,-51.4829,49.3286,-20.5708,-0.703391,0,-29.2995,9.99468,0,-51.0937,-6.314,5.21453,34.553,-35.0046,9.02734,
0.7,0.628995,0.729062,-51.392,49.3222,-20.5421,-0.701714,0,-29.2904,9.99076,0,-51.0031,-6.30635,5.20592,34.5497,-34.9988,9.02604,
0.7,0.629032,0.728958,-51.4944,45.7655,-20.5903,-0.702559,0,-27.1665,9.26449,0,-51.1043,-6.32241,5.21688,32.0604,-32.4729,8.37495,
0.7,0.629071,0.728905,-51.8119,50.0745,-20.7251,-0.706376,0,-29.7191,10.1341,0,-51.419,-6.36514,5.24969,35.0803,-35.529,9.16335,
0.7,0.629146,0.728852,-49.5996,50.0843,-19.8537,-0.675258,0,-29.7196,10.1335,0,-49.2226,-6.10002,5.02666,35.0885,-35.5347,9.16502,
0.7,0.629182,0.728799,-51.2824,49.0221,-20.5346,-0.697578,0,-29.0842,9.91602,0,-50.8922,-6.31035,5.19777,34.3456,-34.7797,8.9705,
0.7,0.629216,0.728735,-51.3867,48.0978,-20.5849,-0.698403,0,-28.5329,9.72775,0,-50.9953,-6.32622,5.20886,33.6997,-34.1223,8.8012,
0.7,0.629254,0.728686,-50.9753,49.1881,-20.4272,-0.692214,0,-29.1726,9.94483,0,-50.5866,-6.27914,5.16776,34.4648,-34.8946,9.0006,
0.7,0.629288,0.728631,-51.297,48.7193,-20.5638,-0.695805,0,-28.8902,9.84805,0,-50.9055,-6.32195,5.20091,34.1377,-34.5607,8.91468,
0.7,0.629322,0.728574,-51.333,48.4666,-20.5861,-0.695588,0,-28.7362,9.79501,0,-50.9408,-6.32958,5.2051,33.9621,-34.38,8.8683,
0.7,0.629354,0.728525,-51.4157,49.1332,-20.6284,-0.696194,0,-29.1259,9.92715,0,-51.0225,-6.34293,5.21402,34.4303,-34.8518,8.99017,
0.7,0.629389,0.728475,-51.2116,49.012,-20.5544,-0.692651,0,-29.0491,9.90044,0,-50.8195,-6.32158,5.19397,34.3465,-34.7646,8.96788,
0.7,0.629422,0.728424,-51.3868,49.0302,-20.633,-0.6944,0,-29.0548,9.90202,0,-50.993,-6.34661,5.21232,34.3604,-34.7764,8.9711,
0.7,0.629455,0.728374,-51.3048,48.8636,-20.6082,-0.6927,0,-28.9509,9.86618,0,-50.9111,-6.33986,5.20456,34.2447,-34.6571,8.94049,
0.7,0.629488,0.728319,-51.4633,48.7244,-20.6811,-0.694103,0,-28.8628,9.83575,0,-51.068,-6.36262,5.22118,34.1484,-34.5571,8.91491,
0.7,0.629525,0.728268,-50.9051,48.7565,-20.4641,-0.685956,0,-28.8767,9.84005,0,-50.5136,-6.29744,5.1652,34.1721,-34.5787,8.92066,
0.7,0.629559,0.728217,-51.2486,48.8468,-20.6099,-0.68981,0,-28.9249,9.85601,0,-50.8541,-6.34341,5.20064,34.2366,-34.6416,8.93707,
0.7,0.629593,0.728166,-51.1283,48.6854,-20.5691,-0.687304,0,-28.8241,9.82109,0,-50.7343,-6.332,5.18902,34.1246,-34.5259,8.90742,
0.7,0.629626,0.728038,-51.4802,43.4779,-20.7192,-0.691229,0,-25.7407,8.77085,0,-51.083,-6.37889,5.22529,30.478,-30.8296,7.95434,
0.7,0.629661,0.727988,-51.1255,48.8342,-20.5841,-0.684737,0,-28.9066,9.84922,0,-50.7306,-6.3386,5.18991,34.2339,-34.6265,8.93416,
0.7,0.629695,0.727933,-51.0962,48.2259,-20.58,-0.683626,0,-28.5419,9.72481,0,-50.7012,-6.33814,5.18748,33.8088,-34.1938,8.82272,
0.7,0.629728,0.727885,-51.2172,48.8175,-20.6366,-0.683736,0,-28.8863,9.84189,0,-50.8208,-6.35622,5.20028,34.2247,-34.6121,8.93085,
0.7,0.629761,0.727834,-51.7715,49.4231,-20.8688,-0.69024,0,-29.2398,9.96218,0,-51.3704,-6.42805,5.25707,34.6505,-35.0402,9.0415,
0.7,0.629832,0.727784,-49.0131,49.1737,-19.7711,-0.652505,0,-29.0875,9.90986,0,-48.6326,-6.09234,4.97812,34.4769,-34.8621,8.99576,
0.7,0.629866,0.727734,-51.3505,48.9619,-20.722,-0.683225,0,-28.9573,9.86519,0,-50.9514,-6.38623,5.21609,34.3296,-34.7108,8.95689,
0.7,0.629898,0.727682,-51.0881,48.2,-20.6252,-0.679378,0,-28.5013,9.70946,0,-50.6907,-6.35678,5.18998,33.7966,-34.1694,8.81738,
0.7,0.629931,0.727633,-51.1595,48.7146,-20.6622,-0.679978,0,-28.8006,9.81102,0,-50.7611,-6.36903,5.1978,34.1585,-34.5331,8.91141,
0.7,0.629969,0.727584,-50.7732,48.6852,-20.5136,-0.674472,0,-28.7781,9.80302,0,-50.3774,-6.32481,5.1592,34.1389,-34.5112,8.90593,
0.7,0.630005,0.727535,-50.893,48.5543,-20.5693,-0.67546,0,-28.6956,9.77461,0,-50.4958,-6.34325,5.17197,34.0482,-34.4174,8.88188,
0.7,0.630039,0.727433,-50.9474,44.396,-20.5995,-0.675523,0,-26.228,8.93327,0,-50.5494,-6.35335,5.17806,31.1344,-31.4677,8.12101,
0.7,0.630075,0.727383,-51.3854,49.1016,-20.7837,-0.680674,0,-29.0025,9.87771,0,-50.9835,-6.41146,5.22317,34.4355,-34.8018,8.98165,
0.7,0.630148,0.727332,-48.8754,48.9287,-19.782,-0.646327,0,-28.8949,9.84086,0,-48.4924,-6.10483,4.96914,34.3154,-34.678,8.94989,
0.7,0.630181,0.727277,-50.8241,47.7174,-20.5789,-0.671459,0,-28.1743,9.59507,0,-50.4253,-6.35104,5.16773,33.4673,-33.8182,8.7282,
0.7,0.630217,0.727225,-50.6251,47.8943,-20.5055,-0.668337,0,-28.274,9.62888,0,-50.2276,-6.32917,5.14801,33.5926,-33.9423,8.76044,
0.7,0.630255,0.727174,-50.4106,47.9055,-20.4253,-0.665041,0,-28.2758,9.62925,0,-50.0144,-6.30534,5.1267,33.6017,-33.9489,8.76235,
0.7,0.630294,0.727123,-50.3126,47.9169,-20.3921,-0.663327,0,-28.2777,9.62987,0,-49.9167,-6.29651,5.11731,33.611,-33.9557,8.76431,
0.7,0.630331,0.72707,-50.4324,47.7432,-20.4472,-0.666882,0,-28.1699,9.59293,0,-50.0352,-6.31474,5.13004,33.4903,-33.8314,8.73241,
0.7,0.630367,0.727023,-50.4942,48.103,-20.4803,-0.66737,0,-28.3772,9.66332,0,-50.0961,-6.32535,5.13682,33.7438,-34.0853,8.79812,
0.7,0.630405,0.726976,-50.3982,48.198,-20.4485,-0.665732,0,-28.4283,9.68045,0,-50.0005,-6.31638,5.12757,33.8115,-34.1516,8.81538,
0.7,0.630447,0.726928,-49.9018,48.0477,-20.2537,-0.658769,0,-28.3349,9.64842,0,-49.5076,-6.25761,5.07765,33.7072,-34.044,8.78779,
0.7,0.630487,0.726884,-50.1387,48.2201,-20.357,-0.661353,0,-28.431,9.68065,0,-49.7422,-6.29045,5.10228,33.8291,-34.1652,8.81923,
0.7,0.630526,0.726832,-50.1381,47.6287,-20.3645,-0.66074,0,-28.0778,9.56002,0,-49.7413,-6.29347,5.10274,33.4154,-33.7449,8.71094,
0.7,0.630568,0.726785,-49.9417,48.0332,-20.2913,-0.657551,0,-28.3113,9.63909,0,-49.546,-6.27247,5.08337,33.7003,-34.0305,8.78482,
0.7,0.630611,0.726738,-49.827,47.9215,-20.2509,-0.655361,0,-28.2404,9.61462,0,-49.4317,-6.26126,5.07223,33.623,-33.9502,8.76427,
0.7,0.630651,0.726688,-50.0276,47.748,-20.3389,-0.65747,0,-28.1326,9.57738,0,-49.6304,-6.28968,5.0932,33.5024,-33.8261,8.73243,
0.7,0.630692,0.726642,-50.0999,48.1765,-20.3747,-0.657911,0,-28.3798,9.66106,0,-49.7017,-6.30198,5.1011,33.8041,-34.1286,8.81068,
0.7,0.630732,0.726596,-50.0691,48.0914,-20.3695,-0.656966,0,-28.3246,9.64171,0,-49.6707,-6.30104,5.09846,33.7456,-34.0672,8.79501,
0.7,0.630773,0.726549,-50.0446,48.0205,-20.366,-0.656181,0,-28.2778,9.62527,0,-49.646,-6.30151,5.09657,33.697,-34.0157,8.78191,
0.7,0.630811,0.726451,-50.9642,45.9499,-20.7469,-0.667505,0,-27.0488,9.20578,0,-50.5579,-6.42045,5.19075,32.2464,-32.5467,8.40302,
0.7,0.630888,0.726404,-48.1871,48.485,-19.629,-0.629494,0,-28.5361,9.71141,0,-47.8022,-6.07673,4.90894,34.0265,-34.3411,8.8665,
0.7,0.630921,0.726357,-50.5551,47.913,-20.6021,-0.659594,0,-28.1944,9.59478,0,-50.1509,-6.37802,5.15063,33.6263,-33.9347,8.76177,
0.7,0.630954,0.726306,-50.392,47.2754,-20.5435,-0.656561,0,-27.8141,9.46489,0,-49.9887,-6.36031,5.13449,33.18,-33.482,8.64506,
0.7,0.630987,0.726259,-50.3618,47.5119,-20.539,-0.655408,0,-27.9486,9.51024,0,-49.9584,-6.35947,5.13192,33.3471,-33.6483,8.68818,
0.7,0.631021,0.72621,-50.237,47.3999,-20.4964,-0.653074,0,-27.8782,9.48559,0,-49.8343,-6.34691,5.11974,33.2698,-33.5676,8.66756,
0.7,0.631056,0.726161,-50.2285,47.5121,-20.5,-0.65291,0,-27.9396,9.50627,0,-49.8254,-6.3489,5.11939,33.3498,-33.6459,8.68797,
0.7,0.63109,0.726115,-50.1784,47.5041,-20.4868,-0.651671,0,-27.9294,9.50239,0,-49.7753,-6.3457,5.11481,33.3453,-33.6391,8.6864,
0.7,0.631124,0.726062,-50.2175,46.9727,-20.51,-0.651681,0,-27.6126,9.39433,0,-49.8137,-6.35372,5.11932,32.9735,-33.2615,8.58909,
0.7,0.631157,0.726016,-50.1981,47.4342,-20.5104,-0.651043,0,-27.8791,9.48458,0,-49.7941,-6.35445,5.11788,33.2986,-33.5871,8.67336,
0.7,0.631191,0.725969,-50.3407,47.6275,-20.5761,-0.652521,0,-27.9877,9.52132,0,-49.9352,-6.37539,5.13291,33.4355,-33.7228,8.70859,
0.7,0.631223,0.725925,-50.3097,47.6372,-20.5708,-0.651911,0,-27.9878,9.5209,0,-49.904,-6.37436,5.13023,33.4434,-33.7286,8.71026,
0.7,0.631256,0.725875,-50.2299,47.122,-20.5455,-0.650718,0,-27.6805,9.41602,0,-49.8245,-6.36716,5.12259,33.0829,-33.3626,8.61593,
0.7,0.631291,0.725832,-49.9697,47.5508,-20.4484,-0.647453,0,-27.9273,9.49942,0,-49.566,-6.33761,5.09663,33.385,-33.6652,8.69423,
0.7,0.631321,0.72579,-50.5523,47.823,-20.6925,-0.654135,0,-28.0817,9.55163,0,-50.1435,-6.41387,5.15645,33.5771,-33.8568,8.74388,
0.7,0.631352,0.72575,-50.3729,47.8364,-20.6265,-0.651362,0,-28.0836,9.55168,0,-49.9652,-6.39371,5.13859,33.5874,-33.8654,8.74625,
0.7,0.631384,0.725659,-50.3793,44.2592,-20.6365,-0.651173,0,-25.9742,8.83352,0,-49.9712,-6.39776,5.13979,31.0776,-31.3309,8.092,
0.7,0.631405,0.725615,-51.0824,47.3375,-20.9359,-0.66023,0,-27.7759,9.44606,0,-50.6684,-6.48831,5.21174,33.2401,-33.5091,8.65471,
0.7,0.63144,0.725573,-49.9675,47.5376,-20.4861,-0.645322,0,-27.8877,9.48397,0,-49.5621,-6.35033,5.0986,33.3815,-33.6498,8.69121,
0.7,0.631468,0.725524,-50.4229,46.8497,-20.6808,-0.650867,0,-27.4797,9.34515,0,-50.0135,-6.41084,5.14551,32.8997,-33.1617,8.56532,
0.7,0.631497,0.72548,-50.9331,48.0997,-20.8978,-0.657005,0,-28.2077,9.59348,0,-50.5193,-6.47844,5.19804,33.7785,-34.0453,8.79373,
0.7,0.631557,0.725435,-48.6229,47.7137,-19.9655,-0.626421,0,-27.9766,9.51474,0,-48.2271,-6.19002,4.96319,33.5086,-33.7709,8.72305,
0.7,0.631586,0.725393,-50.4635,47.4881,-20.7292,-0.649518,0,-27.8388,9.46792,0,-50.0524,-6.42706,5.15152,33.3512,-33.6102,8.6817,
0.7,0.631615,0.72535,-50.2732,47.2104,-20.6589,-0.646581,0,-27.6712,9.41096,0,-49.8633,-6.40565,5.13258,33.1572,-33.4126,8.63081,
0.7,0.631644,0.725303,-50.3724,46.9706,-20.7083,-0.647567,0,-27.5261,9.36177,0,-49.9613,-6.42095,5.14315,32.9899,-33.2416,8.58684,
0.7,0.631676,0.725261,-49.9551,47.24,-20.5441,-0.641636,0,-27.679,9.41379,0,-49.547,-6.37094,5.10108,33.1803,-33.4312,8.63598,
0.7,0.63171,0.72522,-50.0629,47.5257,-20.5954,-0.642283,0,-27.8405,9.46908,0,-49.6536,-6.38749,5.11256,33.3819,-33.6324,8.68813,
0.7,0.631745,0.725178,-49.6932,47.1431,-20.45,-0.636713,0,-27.6113,9.39089,0,-49.2865,-6.34308,5.07527,33.1142,-33.3606,8.61807,
0.7,0.631776,0.72513,-50.1161,46.7432,-20.632,-0.641378,0,-27.3723,9.30972,0,-49.7056,-6.39957,5.11888,32.8345,-33.0765,8.54486,
0.7,0.63181,0.725086,-49.7441,46.9443,-20.4858,-0.635573,0,-27.4848,9.3482,0,-49.3363,-6.35491,5.08137,32.9768,-33.2176,8.58149,
0.7,0.631841,0.725043,-50.1677,47.2264,-20.6676,-0.639971,0,-27.6441,9.40279,0,-49.7562,-6.41144,5.12505,33.1761,-33.4162,8.63297,
0.7,0.63187,0.724999,-50.11,-2.95261,-20.6521,-0.638407,0,1.728,-0.587765,0,-49.6987,-6.40622,5.11952,-2.07425,2.08911,-0.539727,
0.7,0.631914,0.724948,-49.09,0.00503858,-20.2274,-0.622799,0,-0.00294834,0.00100286,0,-48.6865,-6.28028,5.01607,0.00353983,-0.00356489,0.000921022,
0.7,0.631946,0.724859,-49.9373,5.03858e-05,-20.5834,-0.632674,0,-2.94725e-05,1.0025e-05,0,-49.5265,-6.39097,5.10303,3.5401e-05,-3.56461e-05,9.20995e-06,
0.7,0.631952,0.724814,-51.8842,5.03858e-07,-21.3956,-0.65562,0,-2.94677e-07,1.00233e-07,0,-51.4576,-6.63805,5.30162,3.54025e-07,-3.56446e-07,9.2098e-08,
0.7,0.631984,0.724765,-50.4228,5.03858e-09,-20.7999,-0.636214,0,-2.94632e-09,1.00218e-09,0,-50.0079,-6.45378,5.15275,3.54041e-09,-3.56431e-09,9.20964e-10,
0.7,0.63204,0.724722,-48.8181,5.03858e-11,-20.1528,-0.614142,0,-2.94585e-11,1.00201e-11,0,-48.4159,-6.25276,4.98951,3.54055e-11,-3.56416e-11,9.2095e-12,
0.7,0.632072,0.72468,-49.8596,5.03858e-13,-20.5897,-0.626137,0,-2.9453e-13,1.00183e-13,0,-49.4485,-6.38878,5.09639,3.54067e-13,-3.56403e-13,9.20937e-14,
0.7,0.632101,0.724637,-50.081,5.03858e-15,-20.6887,-0.627949,0,-2.94483e-15,1.00168e-15,0,-49.6677,-6.41946,5.11942,3.54081e-15,-3.56389e-15,9.20923e-16,
0.7,0.632129,0.72459,-50.0407,5.03858e-17,-20.6805,-0.626748,0,-2.94437e-17,1.00152e-17,0,-49.6275,-6.41649,5.11567,3.54096e-17,-3.56375e-17,9.20909e-18,
0.7,0.632158,0.72455,-49.9402,5.03858e-19,-20.6466,-0.624682,0,-2.94386e-19,1.00133e-19,0,-49.5275,-6.40616,5.10582,3.54108e-19,-3.56362e-19,9.20896e-20,
0.7,0.632191,0.724512,-49.6739,5.03858e-21,-20.5437,-0.620345,0,-2.94324e-21,1.0011e-21,0,-49.263,-6.37503,5.07911,3.54119e-21,-3.56351e-21,9.20885e-22,
0.7,0.632219,0.724473,-49.9584,5.03858e-23,-20.6688,-0.622997,0,-2.94271e-23,1.00089e-23,0,-49.5448,-6.4143,5.10866,3.54131e-23,-3.56338e-23,9.20872e-24,
0.7,0.632247,0.724428,-50.0655,5.03858e-25,-20.7216,-0.62346,0,-2.94223e-25,1.00067e-25,0,-49.6507,-6.43062,5.12005,3.54146e-25,-3.56324e-25,9.20857e-26,
0.7,0.632274,0.724388,-50.2175,5.03858e-27,-20.7921,-0.624353,0,-2.94172e-27,1.00045e-27,0,-49.8011,-6.45276,5.13604,3.54159e-27,-3.5631e-27,9.20844e-28,
0.7,0.632305,0.724348,-49.8538,5.03858e-29,-20.6488,-0.618679,0,-2.94119e-29,1.00004e-29,0,-49.44,-6.40898,5.09933,3.54171e-29,-3.56298e-29,9.20831e-30,
0.7,0.632332,0.724307,-50.18,5.03858e-31,-20.7916,-0.621761,0,-2.94066e-31,9.99804e-32,0,-49.7632,-6.4535,5.13314,3.54184e-31,-3.56285e-31,9.20818e-32,
0.7,0.632343,0.724222,-51.3489,5.03858e-33,-21.2865,-0.635643,0,-2.93965e-33,9.99323e-34,0,-50.9221,-6.60627,5.25312,3.54211e-33,-3.56257e-33,9.2079e-34,
0.7,0.63237,0.724184,-50.5277,5.03858e-35,-20.9535,-0.624622,0,-2.93908e-35,9.99051e-36,0,-50.1073,-6.50317,5.16954,3.54222e-35,-3.56247e-35,9.2078e-36,
0.7,0.632422,0.724144,-48.3877,5.03858e-37,-20.0803,-0.596221,0,-2.93861e-37,9.98832e-38,0,-47.9845,-6.23266,4.95142,3.54235e-37,-3.56234e-37,9.20767e-38,
0.7,0.632446,0.724103,-50.5815,5.03858e-39,-20.9994,-0.62248,0,-2.93816e-39,9.98602e-40,0,-50.1598,-6.5173,5.17626,3.54249e-39,-3.56219e-39,9.20752e-40,
0.7,0.632469,0.724057,-50.2375,5.03858e-41,-20.8645,-0.617409,0,-2.93774e-41,9.98391e-42,0,-49.8184,-6.47514,5.14142,3.54264e-41,-3.56204e-41,9.20737e-42,
0.7,0.632492,0.724018,-50.2499,5.03858e-43,-20.8778,-0.616524,0,-2.9372e-43,9.98114e-44,0,-49.8303,-6.47887,5.14305,3.54276e-43,-3.56191e-43,9.20725e-44,
0.7,0.632518,0.723978,-50.0048,5.03858e-45,-20.7836,-0.612639,0,-2.93671e-45,9.97857e-46,0,-49.587,-6.4495,5.11834,3.54289e-45,-3.56179e-45,9.20712e-46,
0.7,0.632545,0.723941,-49.976,5.03858e-47,-20.7801,-0.611498,0,-2.93619e-47,9.97597e-48,0,-49.5581,-6.44826,5.11581,3.543e-47,-3.56167e-47,9.207e-48,
0.7,0.632571,0.723905,-49.9439,5.03858e-49,-20.7744,-0.610355,0,-2.93565e-49,9.97332e-50,0,-49.526,-6.44649,5.11293,3.5431e-49,-3.56157e-49,9.2069e-50,
0.7,0.632597,0.723864,-49.9629,5.03858e-51,-20.7901,-0.609682,0,-2.93514e-51,9.97094e-52,0,-49.5445,-6.45129,5.11526,3.54321e-51,-3.56145e-51,9.20678e-52,
0.7,0.632622,0.723829,-49.9906,5.03858e-53,-20.8095,-0.609289,0,-2.93453e-53,9.96784e-54,0,-49.5717,-6.45717,5.11849,3.5433e-53,-3.56136e-53,9.20668e-54,
0.7,0.632646,0.723793,-50.0255,5.03858e-55,-20.8328,-0.609112,0,-2.93399e-55,9.96497e-56,0,-49.6061,-6.46373,5.12241,3.54341e-55,-3.56125e-55,9.20657e-56,
0.7,0.632673,0.723756,-49.8624,5.03858e-57,-20.7725,-0.6064,0,-2.93345e-57,9.96205e-58,0,-49.444,-6.44524,5.10615,3.54351e-57,-3.56114e-57,9.20646e-58,
0.7,0.632698,0.723715,-49.9781,5.03858e-59,-20.8282,-0.606878,0,-2.93294e-59,9.95945e-60,0,-49.5584,-6.46251,5.11838,3.54363e-59,-3.56101e-59,9.20633e-60,
0.7,0.632725,0.72368,-49.8771,5.03858e-61,-20.793,-0.604721,0,-2.93234e-61,9.95627e-62,0,-49.4579,-6.45188,5.10845,3.54373e-61,-3.56091e-61,9.20622e-62,
0.7,0.632751,0.723642,-49.9745,5.03858e-63,-20.8406,-0.604918,0,-2.93184e-63,9.95346e-64,0,-49.5542,-6.46699,5.11885,3.54385e-63,-3.56078e-63,9.2061e-64,
0.7,0.632779,0.723599,-49.717,5.03858e-65,-20.7406,-0.601007,0,-2.9314e-65,9.95101e-66,0,-49.2985,-6.43635,5.09292,3.54399e-65,-3.56065e-65,9.20596e-66,
0.7,0.632805,0.723561,-49.9039,5.03858e-67,-20.8257,-0.602064,0,-2.93087e-67,9.94808e-68,0,-49.4836,-6.46297,5.11248,3.5441e-67,-3.56053e-67,9.20584e-68,
0.7,0.632831,0.723521,-49.8154,5.03858e-69,-20.7959,-0.599896,0,-2.93044e-69,9.94534e-70,0,-49.3955,-6.45384,5.1038,3.54423e-69,-3.5604e-69,9.20571e-70,
0.7,0.632853,0.72344,-50.2662,5.03858e-71,-20.9925,-0.604351,0,-2.92957e-71,9.93986e-72,0,-49.8422,-6.51434,5.15035,3.54448e-71,-3.56014e-71,9.20545e-72,
0.7,0.632877,0.723386,-49.9856,5.03858e-73,-20.8829,-0.599988,0,-2.92924e-73,9.93767e-74,0,-49.5636,-6.48047,5.12201,3.54465e-73,-3.55997e-73,9.20528e-74,
0.7,0.6329,0.723346,-50.4536,5.03858e-75,-21.0862,-0.604466,0,-2.92874e-75,9.93464e-76,0,-50.0274,-6.54337,5.17034,3.54477e-75,-3.55984e-75,9.20515e-76,
0.7,0.632947,0.723304,-48.3321,5.03858e-77,-20.2148,-0.576979,0,-2.92832e-77,9.93197e-78,0,-47.9233,-6.2726,4.95368,3.54491e-77,-3.5597e-77,9.205e-78,
0.7,0.632974,0.723258,-50.0493,5.03858e-79,-20.9403,-0.596669,0,-2.92794e-79,9.92942e-80,0,-49.6256,-6.49826,5.13015,3.54506e-79,-3.55955e-79,9.20485e-80,
0.7,0.632999,0.723216,-49.8964,5.03858e-81,-20.8841,-0.593866,0,-2.9275e-81,9.92678e-82,0,-49.4737,-6.48085,5.11489,3.54519e-81,-3.55942e-81,9.20471e-82,
0.7,0.633024,0.723177,-49.7854,5.03858e-83,-20.8453,-0.591734,0,-2.92696e-83,9.9236e-84,0,-49.3633,-6.4689,5.10393,3.5453e-83,-3.5593e-83,9.20459e-84,
0.7,0.63305,0.723137,-49.768,5.03858e-85,-20.8465,-0.590873,0,-2.92649e-85,9.92082e-86,0,-49.3457,-6.46905,5.10255,3.54542e-85,-3.55918e-85,9.20447e-86,
0.7,0.633078,0.723093,-49.6402,5.03858e-87,-20.8004,-0.588688,0,-2.92603e-87,9.91836e-88,0,-49.2186,-6.45552,5.08997,3.54554e-87,-3.55905e-87,9.20434e-88,
0.7,0.633104,0.723054,-49.6877,5.03858e-89,-20.8276,-0.58833,0,-2.92553e-89,9.91575e-90,0,-49.2653,-6.46449,5.0953,3.54565e-89,-3.55894e-89,9.20423e-90,
0.7,0.633131,0.723014,-49.7396,5.03858e-91,-20.8564,-0.588135,0,-2.92505e-91,9.91312e-92,0,-49.3163,-6.47411,5.10111,3.54575e-91,-3.55883e-91,9.20411e-92,
0.7,0.633157,0.722976,-49.723,5.03858e-93,-20.8571,-0.587354,0,-2.9245e-93,9.90998e-94,0,-49.2996,-6.47461,5.09986,3.54586e-93,-3.55871e-93,9.204e-94,
0.7,0.633187,0.722893,-49.869,5.03858e-95,-20.925,-0.588381,0,-2.92357e-95,9.90486e-96,0,-49.4439,-6.49662,5.11533,3.5461e-95,-3.55847e-95,9.20375e-96,
0.7,0.633242,0.722856,-47.7564,5.03858e-97,-20.052,-0.56193,0,-2.92302e-97,9.9021e-98,0,-47.3487,-6.22626,4.89945,3.54621e-97,-3.55836e-97,9.20364e-98,
0.7,0.633268,0.722818,-49.8955,5.03858e-99,-20.9581,-0.586585,0,-2.92254e-99,9.89961e-100,0,-49.4693,-6.50742,5.1193,3.54632e-99,-3.55824e-99,9.20352e-100,
0.7,0.633296,0.722837,-49.376,5.03858e-101,-20.7466,-0.579906,0,-2.92165e-101,9.89518e-102,0,-48.9539,-6.44203,5.06639,3.54627e-101,-3.55829e-101,9.20356e-102,
0.7,0.633323,0.722794,-49.4245,5.03858e-103,-20.7737,-0.580029,0,-2.9212e-103,9.89285e-104,0,-49.0016,-6.45101,5.07181,3.54639e-103,-3.55817e-103,9.20344e-104,
0.7,0.633349,0.722759,-49.545,5.03858e-105,-20.8314,-0.580965,0,-2.92065e-105,9.89001e-106,0,-49.1208,-6.46908,5.08458,3.54649e-105,-3.55807e-105,9.20334e-106,
0.7,0.633373,0.722722,-49.6674,5.03858e-107,-20.8908,-0.581902,0,-2.92017e-107,9.88734e-108,0,-49.2418,-6.4872,5.09749,3.54659e-107,-3.55796e-107,9.20323e-108,
0.7,0.633401,0.722687,-49.3254,5.03858e-109,-20.7539,-0.577459,0,-2.91968e-109,9.88473e-110,0,-48.9025,-6.44514,5.06284,3.54668e-109,-3.55787e-109,9.20313e-110,
0.7,0.633425,0.722648,-49.5776,5.03858e-111,-20.8674,-0.579947,0,-2.91919e-111,9.8822e-112,0,-49.1522,-6.48031,5.08909,3.54679e-111,-3.55776e-111,9.20303e-112,
0.7,0.63345,0.722614,-49.5749,5.03858e-113,-20.8738,-0.579503,0,-2.91867e-113,9.87961e-114,0,-49.1492,-6.48204,5.08916,3.54689e-113,-3.55765e-113,9.20292e-114,
0.7,0.633473,0.722581,-49.6438,5.03858e-115,-20.9112,-0.579857,0,-2.91806e-115,9.87643e-116,0,-49.2174,-6.49269,5.09652,3.54697e-115,-3.55757e-115,9.20283e-116,
0.7,0.633498,0.722545,-49.5068,5.03858e-117,-20.8607,-0.577673,0,-2.91756e-117,9.87375e-118,0,-49.0812,-6.47696,5.08282,3.54709e-117,-3.55744e-117,9.20271e-118,
0.7,0.633526,0.722504,-49.4857,5.03858e-119,-20.8586,-0.576908,0,-2.91709e-119,9.87112e-120,0,-49.0599,-6.47685,5.0811,3.54721e-119,-3.55732e-119,9.20259e-120,
0.7,0.633551,0.722466,-49.5271,5.03858e-121,-20.8831,-0.576752,0,-2.91662e-121,9.86858e-122,0,-49.1007,-6.48469,5.08576,3.54734e-121,-3.55719e-121,9.20245e-122,
0.7,0.633575,0.722431,-49.6463,5.03858e-123,-20.9412,-0.577404,0,-2.91609e-123,9.86551e-124,0,-49.2186,-6.50254,5.09838,3.54746e-123,-3.55707e-123,9.20233e-124,
0.7,0.633601,0.722394,-49.5389,5.03858e-125,-20.9028,-0.575454,0,-2.91562e-125,9.86296e-126,0,-49.1117,-6.49086,5.08775,3.54757e-125,-3.55695e-125,9.20221e-126,
0.7,0.633629,0.722316,-49.2872,5.03858e-127,-20.8032,-0.571982,0,-2.9147e-127,9.85824e-128,0,-48.8619,-6.46053,5.06235,3.54782e-127,-3.5567e-127,9.20196e-128,
0.7,0.633655,0.722279,-49.8484,5.03858e-129,-21.047,-0.57801,0,-2.91417e-129,9.85566e-130,0,-49.418,-6.53639,5.12038,3.54795e-129,-3.55657e-129,9.20183e-130,
0.7,0.633711,0.722241,-48.1414,5.03858e-131,-20.3397,-0.557061,0,-2.91374e-131,9.85337e-132,0,-47.7251,-6.31723,4.94582,3.54808e-131,-3.55643e-131,9.20169e-132,
0.7,0.633741,0.722199,-49.0203,5.03858e-133,-20.7171,-0.566615,0,-2.91335e-133,9.85146e-134,0,-48.596,-6.43493,5.03651,3.54824e-133,-3.55628e-133,9.20154e-134,
0.7,0.633769,0.722162,-49.2844,5.03858e-135,-20.8351,-0.568974,0,-2.91293e-135,9.84928e-136,0,-48.8576,-6.47203,5.06406,3.54838e-135,-3.55614e-135,9.2014e-136,
0.7,0.633797,0.722126,-49.1953,5.03858e-137,-20.8047,-0.567431,0,-2.91245e-137,9.84683e-138,0,-48.7689,-6.4625,5.05527,3.54852e-137,-3.55599e-137,9.20126e-138,
0.7,0.633827,0.722089,-48.9626,5.03858e-139,-20.7127,-0.564027,0,-2.91203e-139,9.84446e-140,0,-48.5379,-6.43447,5.03179,3.54867e-139,-3.55585e-139,9.20111e-140,
0.7,0.633857,0.722054,-48.9766,5.03858e-141,-20.7252,-0.563526,0,-2.91159e-141,9.84219e-142,0,-48.5515,-6.43855,5.0336,3.5488e-141,-3.55571e-141,9.20098e-142,
0.7,0.633888,0.721981,-48.958,5.03858e-143,-20.7238,-0.562569,0,-2.91065e-143,9.83771e-144,0,-48.5328,-6.4383,5.03206,3.54908e-143,-3.55544e-143,9.2007e-144,
0.7,0.633917,0.721946,-48.9615,5.03858e-145,-20.7327,-0.561719,0,-2.9102e-145,9.83562e-146,0,-48.536,-6.4408,5.03276,3.54922e-145,-3.55529e-145,9.20056e-146,
0.7,0.633949,0.721907,-49.206,5.03858e-147,-20.8426,-0.563689,0,-2.9097e-147,9.83331e-148,0,-48.778,-6.47557,5.05833,3.54926e-147,-3.55525e-147,9.20051e-148,
0.7,0.634011,0.721873,-46.7386,5.03858e-149,-19.8095,-0.534014,0,-2.90923e-149,9.83119e-150,0,-46.3315,-6.15529,4.80544,3.54941e-149,-3.55511e-149,9.20037e-150,
0.7,0.634042,0.72184,-49.1194,5.03858e-151,-20.8249,-0.560378,0,-2.9087e-151,9.82867e-152,0,-48.6912,-6.47122,5.05061,3.54955e-151,-3.55496e-151,9.20023e-152,
0.7,0.634074,0.721805,-48.6397,5.03858e-153,-20.6285,-0.55441,0,-2.90824e-153,9.82637e-154,0,-48.2155,-6.4102,5.00166,3.54971e-153,-3.5548e-153,9.20007e-154,
0.7,0.634109,0.721772,-48.3923,5.03858e-155,-20.5293,-0.551096,0,-2.90776e-155,9.82411e-156,0,-47.9698,-6.38022,4.97666,3.54986e-155,-3.55466e-155,9.19993e-156,
0.7,0.634144,0.721737,-48.3229,5.03858e-157,-20.5057,-0.549638,0,-2.90729e-157,9.82205e-158,0,-47.9008,-6.37331,4.9699,3.55001e-157,-3.55451e-157,9.19978e-158,
0.7,0.634177,0.721709,-48.4686,5.03858e-159,-20.5733,-0.550618,0,-2.90672e-159,9.81933e-160,0,-48.0449,-6.39471,4.98526,3.55014e-159,-3.55437e-159,9.19965e-160,
0.7,0.634212,0.721679,-48.2483,5.03858e-161,-20.4861,-0.547667,0,-2.90625e-161,9.81717e-162,0,-47.8262,-6.36791,4.96298,3.55029e-161,-3.55422e-161,9.19949e-162,
0.7,0.634248,0.721649,-48.2334,5.03858e-163,-20.4852,-0.546824,0,-2.90578e-163,9.81493e-164,0,-47.8112,-6.36803,4.9618,3.55044e-163,-3.55407e-163,9.19935e-164,
0.7,0.634283,0.721614,-48.1799,5.03858e-165,-20.4679,-0.545367,0,-2.90534e-165,9.81278e-166,0,-47.7578,-6.36296,4.95662,3.5506e-165,-3.55391e-165,9.19919e-166,
0.7,0.634319,0.721585,-48.3818,5.03858e-167,-20.56,-0.546776,0,-2.90481e-167,9.81019e-168,0,-47.9578,-6.39139,4.9777,3.55073e-167,-3.55377e-167,9.19905e-168,
0.7,0.634355,0.721558,-48.1688,5.03858e-169,-20.4751,-0.543576,0,-2.90422e-169,9.80731e-170,0,-47.7464,-6.36532,4.95613,3.55087e-169,-3.55363e-169,9.19891e-170,
0.7,0.63439,0.721523,-48.4346,5.03858e-171,-20.5937,-0.545693,0,-2.90379e-171,9.8052e-172,0,-48.0095,-6.40214,4.98376,3.55103e-171,-3.55347e-171,9.19875e-172,
0.7,0.634427,0.721493,-48.1043,5.03858e-173,-20.4585,-0.541039,0,-2.90328e-173,9.80273e-174,0,-47.682,-6.36013,4.95006,3.55118e-173,-3.55332e-173,9.1986e-174,
0.7,0.634461,0.721429,-48.8947,5.03858e-175,-20.8008,-0.548995,0,-2.90241e-175,9.79847e-176,0,-48.4653,-6.46606,5.03163,3.55149e-175,-3.55301e-175,9.19829e-176,
0.7,0.634533,0.721394,-45.8134,5.03858e-177,-19.4996,-0.512963,0,-2.902e-177,9.79661e-178,0,-45.4106,-6.06176,4.71507,3.55166e-177,-3.55284e-177,9.19812e-178,
0.7,0.63457,0.721362,-48.3836,5.03858e-179,-20.5987,-0.541103,0,-2.90155e-179,9.79463e-180,0,-47.958,-6.40338,4.97986,3.55181e-179,-3.55269e-179,9.19797e-180,
0.7,0.634609,0.72133,-47.7124,5.03858e-181,-20.3186,-0.533085,0,-2.90104e-181,9.7922e-182,0,-47.2925,-6.31594,4.91101,3.55195e-181,-3.55255e-181,9.19783e-182,
0.7,0.634647,0.721298,-47.9606,5.03858e-183,-20.4295,-0.535244,0,-2.90058e-183,9.7902e-184,0,-47.5383,-6.35037,4.93682,3.55212e-183,-3.55238e-183,9.19767e-184,
0.7,0.634685,0.721265,-47.7298,5.03858e-185,-20.3365,-0.532116,0,-2.90011e-185,9.7881e-186,0,-47.3094,-6.32136,4.91333,3.55227e-185,-3.55223e-185,9.19751e-186,
0.7,0.634725,0.721229,-47.5455,5.03858e-187,-20.2629,-0.529447,0,-2.89965e-187,9.78624e-188,0,-47.1264,-6.29876,4.89465,3.55244e-187,-3.55206e-187,9.19735e-188,
0.7,0.634767,0.721199,-47.3561,5.03858e-189,-20.1867,-0.52648,0,-2.8991e-189,9.78371e-190,0,-46.9384,-6.2753,4.87543,3.55258e-189,-3.55192e-189,9.19721e-190,
0.7,0.634806,0.721169,-47.8036,5.03858e-191,-20.3831,-0.530828,0,-2.89861e-191,9.7816e-192,0,-47.3818,-6.33611,4.92176,3.55272e-191,-3.55178e-191,9.19706e-192,
0.7,0.634846,0.721135,-47.4585,5.03858e-193,-20.2406,-0.526186,0,-2.89817e-193,9.77964e-194,0,-47.0396,-6.292,4.88651,3.55289e-193,-3.55161e-193,9.1969e-194,
0.7,0.634889,0.721105,-47.2267,5.03858e-195,-20.1463,-0.522806,0,-2.8977e-195,9.77769e-196,0,-46.8096,-6.2631,4.86295,3.55305e-195,-3.55145e-195,9.19674e-196,
0.7,0.634933,0.721076,-47.1587,5.03858e-197,-20.1217,-0.520996,0,-2.89717e-197,9.7752e-198,0,-46.742,-6.25564,4.85621,3.55319e-197,-3.55131e-197,9.1966e-198,
0.7,0.634973,0.721027,-47.7901,5.03858e-199,-20.3968,-0.527153,0,-2.8976e-199,9.77743e-200,0,-47.3676,-6.34075,4.92145,3.55345e-199,-3.55105e-199,9.19635e-200,
0.7,0.635016,0.720963,-47.26,5.03858e-201,-20.1752,-0.520362,0,-2.8967e-201,9.77355e-202,0,-46.8419,-6.27218,4.86716,3.55376e-201,-3.55074e-201,9.19604e-202,
0.7,0.635056,0.720935,-48.004,5.03858e-203,-20.4975,-0.527398,0,-2.89617e-203,9.77122e-204,0,-47.5791,-6.37245,4.94404,3.55389e-203,-3.55061e-203,9.1959e-204,
0.7,0.635137,0.720907,-44.509,5.03858e-205,-19.0146,-0.487077,0,-2.89573e-205,9.76915e-206,0,-44.1147,-5.91109,4.58452,3.55403e-205,-3.55046e-205,9.19576e-206,
0.7,0.635176,0.720878,-47.8927,5.03858e-207,-20.4651,-0.523118,0,-2.89527e-207,9.76719e-208,0,-47.4683,-6.36184,4.93328,3.55417e-207,-3.55032e-207,9.19561e-208,
0.7,0.635218,0.720846,-47.1294,5.03858e-209,-20.1436,-0.513827,0,-2.89484e-209,9.76543e-210,0,-46.7115,-6.26193,4.8549,3.55433e-209,-3.55015e-209,9.19545e-210,
0.7,0.635257,0.720819,-47.4249,5.03858e-211,-20.2748,-0.516061,0,-2.89431e-211,9.7631e-212,0,-47.0043,-6.30234,4.88553,3.55446e-211,-3.55002e-211,9.19531e-212,
0.7,0.635299,0.720792,-47.2687,5.03858e-213,-20.2134,-0.513325,0,-2.89382e-213,9.76088e-214,0,-46.8493,-6.2826,4.86961,3.55459e-213,-3.54988e-213,9.19517e-214,
0.7,0.63534,0.720767,-47.4639,5.03858e-215,-20.3019,-0.51443,0,-2.89331e-215,9.75868e-216,0,-47.0426,-6.30961,4.8899,3.55472e-215,-3.54975e-215,9.19504e-216,
0.7,0.635382,0.720721,-47.9407,5.03858e-217,-20.5107,-0.518443,0,-2.89213e-217,9.75386e-218,0,-47.515,-6.37426,4.93924,3.55497e-217,-3.5495e-217,9.19478e-218,
0.7,0.635464,0.720699,-45.1387,5.03858e-219,-19.3211,-0.485231,0,-2.89155e-219,9.75161e-220,0,-44.7377,-6.00348,4.65086,3.55508e-219,-3.54938e-219,9.19466e-220,
0.7,0.635502,0.720677,-47.489,5.03858e-221,-20.3329,-0.509108,0,-2.89098e-221,9.74921e-222,0,-47.067,-6.31679,4.89314,3.55519e-221,-3.54926e-221,9.19454e-222,
0.7,0.635542,0.720653,-47.1255,5.03858e-223,-20.1822,-0.503824,0,-2.89042e-223,9.74715e-224,0,-46.7066,-6.26944,4.85585,3.55531e-223,-3.54914e-223,9.19441e-224,
0.7,0.635582,0.720633,-47.0022,5.03858e-225,-20.1343,-0.50109,0,-2.88979e-225,9.74459e-226,0,-46.5843,-6.25381,4.84328,3.55543e-225,-3.54902e-225,9.19429e-226,
0.7,0.635626,0.720612,-46.8193,5.03858e-227,-20.0602,-0.497981,0,-2.88923e-227,9.74217e-228,0,-46.4029,-6.23036,4.82458,3.55554e-227,-3.5489e-227,9.19417e-228,
0.7,0.635669,0.720591,-46.8588,5.03858e-229,-20.0821,-0.497326,0,-2.88868e-229,9.73978e-230,0,-46.4419,-6.23634,4.82877,3.55567e-229,-3.54877e-229,9.19404e-230,
0.7,0.635714,0.720568,-46.7476,5.03858e-231,-20.0383,-0.494579,0,-2.88814e-231,9.73756e-232,0,-46.3316,-6.2227,4.81751,3.55579e-231,-3.54865e-231,9.19391e-232,
0.7,0.63576,0.720519,-46.6817,5.03858e-233,-20.0137,-0.492433,0,-2.8871e-233,9.73357e-234,0,-46.2661,-6.21491,4.81088,3.55604e-233,-3.54838e-233,9.19364e-234,
0.7,0.635809,0.720494,-47.0515,5.03858e-235,-20.1762,-0.49512,0,-2.88662e-235,9.73176e-236,0,-46.6325,-6.2651,4.84915,3.55617e-235,-3.54826e-235,9.19352e-236,
0.7,0.635904,0.720467,-43.7373,5.03858e-237,-18.7619,-0.45773,0,-2.88615e-237,9.73037e-238,0,-43.3476,-5.826,4.50796,3.5563e-237,-3.54812e-237,9.19338e-238,
0.7,0.635952,0.720445,-46.402,5.03858e-239,-19.9087,-0.484177,0,-2.88559e-239,9.72851e-240,0,-45.9884,-6.18207,4.7828,3.55642e-239,-3.54799e-239,9.19325e-240,
0.7,0.636002,0.720422,-46.0236,5.03858e-241,-19.7505,-0.479103,0,-2.88508e-241,9.72696e-242,0,-45.6132,-6.13268,4.74396,3.55654e-241,-3.54787e-241,9.19313e-242,
0.7,0.63605,0.720398,-46.591,5.03858e-243,-19.9977,-0.483866,0,-2.88457e-243,9.72543e-244,0,-46.1754,-6.20937,4.80263,3.55665e-243,-3.54776e-243,9.19301e-244,
0.7,0.636098,0.720375,-46.1937,5.03858e-245,-19.8309,-0.478726,0,-2.88403e-245,9.724e-246,0,-45.7814,-6.15767,4.76188,3.55676e-245,-3.54765e-245,9.1929e-246,
0.7,0.636145,0.720329,-46.5785,5.03858e-247,-20.0002,-0.481636,0,-2.88288e-247,9.72048e-248,0,-46.1627,-6.20999,4.80173,3.55697e-247,-3.54744e-247,9.19269e-248,
0.7,0.636193,0.720308,-45.9219,5.03858e-249,-19.7227,-0.474115,0,-2.8823e-249,9.71909e-250,0,-45.5118,-6.12328,4.73417,3.55706e-249,-3.54735e-249,9.1926e-250,
0.7,0.636238,0.720288,-46.9496,5.03858e-251,-20.1683,-0.484016,0,-2.88172e-251,9.71747e-252,0,-46.5302,-6.2613,4.84029,3.55716e-251,-3.54725e-251,9.1925e-252,
0.7,0.636333,0.720266,-43.7631,5.03858e-253,-18.8073,-0.449646,0,-2.88108e-253,9.71532e-254,0,-43.3719,-5.83834,4.51211,3.55725e-253,-3.54715e-253,9.1924e-254,
0.7,0.636376,0.720246,-46.5285,5.03858e-255,-20.001,-0.477409,0,-2.88049e-255,9.71348e-256,0,-46.1125,-6.20807,4.79737,3.55736e-255,-3.54704e-255,9.1923e-256,
0.7,0.63642,0.720226,-46.4985,5.03858e-257,-19.9925,-0.476328,0,-2.8799e-257,9.71149e-258,0,-46.0826,-6.20505,4.79445,3.55745e-257,-3.54695e-257,9.1922e-258,
0.7,0.636464,0.720204,-46.4443,5.03858e-259,-19.9733,-0.474882,0,-2.87933e-259,9.70975e-260,0,-46.0287,-6.1988,4.78902,3.55755e-259,-3.54684e-259,9.19209e-260,
0.7,0.636509,0.720166,-46.2588,5.03858e-261,-19.8972,-0.474106,0,-2.87819e-261,9.70509e-262,0,-45.8448,-6.17532,4.77011,3.55775e-261,-3.54663e-261,9.19188e-262,
0.7,0.636588,0.720147,-44.9648,5.03858e-263,-19.3498,-0.458379,0,-2.87767e-263,9.70297e-264,0,-44.5624,-6.00164,4.63651,3.55786e-263,-3.54652e-263,9.19177e-264,
0.7,0.636648,0.720126,-45.6593,5.03858e-265,-19.6513,-0.465295,0,-2.87717e-265,9.70096e-266,0,-45.2503,-6.09759,4.70868,3.55797e-265,-3.54641e-265,9.19165e-266,
0.7,0.636696,0.720105,-45.8992,5.03858e-267,-19.7584,-0.466651,0,-2.87661e-267,9.69872e-268,0,-45.488,-6.1305,4.73356,3.55808e-267,-3.54629e-267,9.19153e-268,
0.7,0.636746,0.720085,-45.8497,5.03858e-269,-19.7414,-0.465287,0,-2.8761e-269,9.69664e-270,0,-45.4389,-6.12443,4.72855,3.55818e-269,-3.54618e-269,9.19142e-270,
0.7,0.636792,0.720046,-46.1878,5.03858e-271,-19.8909,-0.467798,0,-2.87506e-271,9.69268e-272,0,-45.7738,-6.17018,4.76352,3.55839e-271,-3.54597e-271,9.1912e-272,
0.7,0.636839,0.720026,-46.4756,5.03858e-273,-20.0187,-0.469844,0,-2.87449e-273,9.69045e-274,0,-46.059,-6.20925,4.79331,3.55851e-273,-3.54585e-273,9.19107e-274,
0.7,0.63694,0.720009,-42.9585,5.03858e-275,-18.5103,-0.432563,0,-2.87395e-275,9.68853e-276,0,-42.5732,-5.74068,4.43079,3.5586e-275,-3.54575e-275,9.19097e-276,
0.7,0.636986,0.719991,-45.8086,5.03858e-277,-19.7447,-0.460638,0,-2.87341e-277,9.68659e-278,0,-45.3977,-6.12161,4.72476,3.55869e-277,-3.54565e-277,9.19088e-278,
0.7,0.637033,0.719972,-45.6063,5.03858e-279,-19.6617,-0.457656,0,-2.87286e-279,9.6847e-280,0,-45.1971,-6.09501,4.70396,3.55878e-279,-3.54556e-279,9.19078e-280,
0.7,0.637081,0.719957,-45.588,5.03858e-281,-19.658,-0.456364,0,-2.87227e-281,9.68247e-282,0,-45.1789,-6.09316,4.70218,3.55886e-281,-3.54548e-281,9.19069e-282,
0.7,0.63713,0.719944,-45.669,5.03858e-283,-19.6974,-0.456232,0,-2.87162e-283,9.67976e-284,0,-45.2591,-6.10436,4.71059,3.55893e-283,-3.5454e-283,9.19062e-284,
0.7,0.637177,0.71993,-45.5566,5.03858e-285,-19.6527,-0.454039,0,-2.87101e-285,9.67741e-286,0,-45.1477,-6.0899,4.6991,3.55901e-285,-3.54532e-285,9.19054e-286,
0.7,0.637223,0.719903,-45.7569,5.03858e-287,-19.7429,-0.454877,0,-2.86977e-287,9.67252e-288,0,-45.3462,-6.11726,4.71986,3.55915e-287,-3.54517e-287,9.19038e-288,
0.7,0.637275,0.71989,-45.9381,5.03858e-289,-19.8241,-0.455532,0,-2.86916e-289,9.67102e-290,0,-45.5256,-6.14225,4.73868,3.55923e-289,-3.54509e-289,9.19029e-290,
0.7,0.637368,0.719877,-43.0188,5.03858e-291,-18.5719,-0.424346,0,-2.86861e-291,9.66862e-292,0,-42.6324,-5.75279,4.43768,3.55932e-291,-3.54499e-291,9.1902e-292,
0.7,0.637414,0.719863,-45.4828,5.03858e-293,-19.6395,-0.447613,0,-2.86805e-293,9.6663e-294,0,-45.0742,-6.08271,4.69193,3.5594e-293,-3.54491e-293,9.19011e-294,
0.7,0.637461,0.719849,-45.6002,5.03858e-295,-19.6939,-0.447651,0,-2.86744e-295,9.66391e-296,0,-45.1905,-6.09888,4.70413,3.55948e-295,-3.54483e-295,9.19002e-296,
0.7,0.637512,0.719836,-45.0652,5.03858e-297,-19.4667,-0.44155,0,-2.8669e-297,9.66176e-298,0,-44.6603,-6.02758,4.64898,3.55956e-297,-3.54474e-297,9.18994e-298,
0.7,0.63756,0.719808,-45.5234,5.03858e-299,-19.6679,-0.444978,0,-2.86585e-299,9.6575e-300,0,-45.1143,-6.08923,4.69631,3.55974e-299,-3.54456e-299,9.18975e-300,
0.7,0.637609,0.719793,-45.9819,5.03858e-301,-19.8694,-0.448323,0,-2.86525e-301,9.65549e-302,0,-45.5686,-6.15089,4.74366,3.55982e-301,-3.54447e-301,9.18966e-302,
0.7,0.637712,0.71978,-42.3944,5.03858e-303,-18.3261,-0.411077,0,-2.86473e-303,9.65318e-304,0,-42.0133,-5.67153,4.37365,3.5599e-303,-3.54439e-303,9.18958e-304,
0.7,0.637775,0.719766,-43.8619,5.03858e-305,-18.9542,-0.4227,0,-2.86421e-305,9.65116e-306,0,-43.4674,-5.86995,4.5254,3.56e-305,-3.54429e-305,9.18948e-306,
0.7,0.637825,0.719751,-44.8898,5.03858e-307,-19.4019,-0.431408,0,-2.86369e-307,9.64923e-308,0,-44.4859,-6.00779,4.6315,3.56008e-307,-3.54421e-307,9.1894e-308,
0.7,0.637875,0.719736,-44.9827,5.03858e-309,-19.4458,-0.430988,0,-2.86316e-309,9.64756e-310,0,-44.578,-6.02051,4.64114,3.56017e-309,-3.54412e-309,9.18931e-310,
0.7,0.637929,0.719709,-45.1948,5.03858e-311,-19.5416,-0.431938,0,-2.86208e-311,9.64252e-312,0,-44.7881,-6.04922,4.66307,3.56035e-311,-3.54393e-311,9.18912e-312,
0.7,0.638023,0.719697,-42.8822,5.03858e-313,-18.549,-0.40769,0,-2.86154e-313,9.6399e-314,0,-42.4962,-5.74023,4.42455,3.56044e-313,-3.54384e-313,9.18903e-314,
0.7,0.638071,0.719685,-45.4388,5.03858e-315,-19.6586,-0.430779,0,-2.86091e-315,9.63707e-316,0,-45.0298,-6.08277,4.6884,3.56052e-315,-3.54376e-315,9.18895e-316,
0.7,0.638119,0.719674,-45.2621,5.03856e-317,-19.5866,-0.428257,0,-2.86032e-317,9.63418e-318,0,-44.8546,-6.05946,4.67022,3.56058e-317,-3.54367e-317,9.18883e-318,
0.7,0.63817,0.719652,-44.9798,5.04036e-319,-19.4678,-0.424602,0,-2.8602e-319,9.63181e-320,0,-44.5749,-6.02199,4.64115,3.56207e-319,-3.54472e-319,9.19259e-320,
0.7,0.638219,0.719641,-45.5647,5.21239e-321,-19.7247,-0.429375,0,-2.95945e-321,9.98013e-322,0,-45.1544,-6.10088,4.7016,3.68573e-321,-3.66597e-321,9.48606e-322,
0.7,0.638312,0.719625,-42.4637,0,-18.3903,-0.398851,0,-0,0,0,-42.0812,-5.68623,4.38171,0,-0,0,
0.7,0.638361,0.719612,-44.9425,0,-19.4673,-0.421297,0,-0,0,0,-44.5377,-6.01835,4.63753,0,-0,0,
0.7,0.63841,0.719586,-45.7259,0,-19.8101,-0.427812,0,-0,0,0,-45.314,-6.12383,4.71846,0,-0,0,
0.7,0.638516,0.719572,-41.3765,0,-17.9321,-0.385353,0,-0,0,0,-41.0036,-5.5423,4.26981,0,-0,0,
0.7,0.638572,0.719559,-44.3709,0,-19.233,-0.41234,0,-0,0,0,-43.9709,-5.94462,4.57902,0,-0,0,
0.7,0.638624,0.719545,-44.4269,0,-19.2606,-0.411882,0,-0,0,0,-44.0263,-5.95295,4.58494,0,-0,0,
0.7,0.638678,0.719517,-45.3129,0,-19.6482,-0.418966,0,-0,0,0,-44.9041,-6.07251,4.67651,0,-0,0,
0.7,0.638788,0.719499,-41.1778,0,-17.8613,-0.379092,0,-0,0,0,-40.8061,-5.52014,4.25005,0,-0,0,
0.7,0.638849,0.719482,-44.0963,0,-19.1295,-0.40502,0,-0,0,0,-43.6981,-5.91245,4.55146,0,-0,0,
0.7,0.638893,0.719449,-45.5983,0,-19.7861,-0.41804,0,-0,0,0,-45.1865,-6.11477,4.70665,0,-0,0,
0.7,0.639012,0.719428,-40.5503,0,-17.6004,-0.370296,0,-0,0,0,-40.1837,-5.44012,4.18597,0,-0,0,
0.7,0.639066,0.719408,-44.1056,0,-19.1468,-0.402005,0,-0,0,0,-43.7067,-5.9183,4.55319,0,-0,0,
0.7,0.639118,0.719365,-44.9818,0,-19.5312,-0.40917,0,-0,0,0,-44.5748,-6.03701,4.64384,0,-0,0,
0.7,0.639229,0.719344,-41.4843,0,-18.0179,-0.375746,0,-0,0,0,-41.1086,-5.57015,4.28318,0,-0,0,
0.7,0.639281,0.719324,-45.1085,0,-19.5952,-0.407543,0,-0,0,0,-44.6999,-6.05798,4.65759,0,-0,0,
0.7,0.63939,0.719285,-41.1399,0,-17.8774,-0.369616,0,-0,0,0,-40.767,-5.52677,4.24811,0,-0,0,
0.7,0.639429,0.719263,-45.1335,0,-19.6175,-0.404021,0,-0,0,0,-44.7245,-6.06175,4.66023,0,-0,0,
0.7,0.639484,0.719227,-44.5026,0,-19.3464,-0.397417,0,-0,0,0,-44.0992,-5.97817,4.59529,0,-0,0,
0.7,0.639592,0.719207,-40.9899,0,-17.8256,-0.364063,0,-0,0,0,-40.6181,-5.50785,4.23283,0,-0,0,
0.7,0.639645,0.719189,-43.8227,0,-19.0606,-0.388248,0,-0,0,0,-43.4252,-5.88935,4.52551,0,-0,0,
0.7,0.639699,0.719154,-43.8466,0,-19.0739,-0.387455,0,-0,0,0,-43.4487,-5.89346,4.52812,0,-0,0,
0.7,0.639751,0.719137,-44.3627,0,-19.3116,-0.390492,0,-0,0,0,-43.96,-5.96378,4.58158,0,-0,0,
0.7,0.639807,0.719118,-43.7107,0,-19.0308,-0.38367,0,-0,0,0,-43.3139,-5.87686,4.51437,0,-0,0,
0.7,0.639861,0.719103,-43.5701,0,-18.9729,-0.381375,0,-0,0,0,-43.1744,-5.85888,4.5,0,-0,0,
0.7,0.639914,0.719075,-43.8148,0,-19.0826,-0.382417,0,-0,0,0,-43.4167,-5.89266,4.52542,0,-0,0,
0.7,0.640026,0.71906,-41.1798,0,-17.9408,-0.357286,0,-0,0,0,-40.8054,-5.5399,4.25354,0,-0,0,
0.7,0.640081,0.719047,-43.4974,0,-18.9534,-0.376265,0,-0,0,0,-43.1019,-5.85257,4.49308,0,-0,0,
0.7,0.640136,0.719033,-43.3949,0,-18.9124,-0.374401,0,-0,0,0,-43.0002,-5.83969,4.48264,0,-0,0,
0.7,0.640191,0.719006,-43.3601,0,-18.9002,-0.372957,0,-0,0,0,-42.9655,-5.83592,4.4792,0,-0,0,
0.7,0.640309,0.718992,-40.0104,0,-17.4447,-0.342469,0,-0,0,0,-39.6461,-5.38706,4.1335,0,-0,0,
0.7,0.640365,0.718978,-43.342,0,-18.9006,-0.370041,0,-0,0,0,-42.9473,-5.83656,4.47785,0,-0,0,
0.7,0.640428,0.718962,-42.6017,0,-18.5796,-0.362883,0,-0,0,0,-42.2135,-5.73803,4.40156,0,-0,0,
0.7,0.640487,0.718928,-43.1243,0,-18.8097,-0.366532,0,-0,0,0,-42.7311,-5.80962,4.45575,0,-0,0,
0.7,0.640609,0.718913,-39.7307,0,-17.3341,-0.336557,0,-0,0,0,-39.3682,-5.35494,4.10554,0,-0,0,
0.7,0.640674,0.718896,-42.4888,0,-18.5394,-0.359323,0,-0,0,0,-42.101,-5.72799,4.39076,0,-0,0,
0.7,0.640734,0.718872,-42.7607,0,-18.6606,-0.36109,0,-0,0,0,-42.3702,-5.76596,4.41908,0,-0,0,
0.7,0.640792,0.718839,-42.7486,0,-18.658,-0.360425,0,-0,0,0,-42.358,-5.76556,4.41804,0,-0,0,
0.7,0.640909,0.71882,-40.2516,0,-17.5737,-0.338184,0,-0,0,0,-39.8836,-5.43087,4.16033,0,-0,0,
0.7,0.640971,0.718799,-42.3193,0,-18.4786,-0.354834,0,-0,0,0,-41.9322,-5.71123,4.37427,0,-0,0,
0.7,0.64103,0.71878,-42.5359,0,-18.5759,-0.356016,0,-0,0,0,-42.1466,-5.74174,4.39687,0,-0,0,
0.7,0.641085,0.718743,-42.6228,0,-18.6176,-0.356231,0,-0,0,0,-42.2326,-5.75441,4.40601,0,-0,0,
0.7,0.641144,0.718722,-43.0079,0,-18.7884,-0.35866,0,-0,0,0,-42.614,-5.80752,4.44601,0,-0,0,
0.7,0.641257,0.718705,-38.9454,0,-17.0186,-0.323756,0,-0,0,0,-38.5884,-5.26101,4.02639,0,-0,0,
0.7,0.641317,0.718688,-42.0921,0,-18.3961,-0.349405,0,-0,0,0,-41.7061,-5.68747,4.35195,0,-0,0,
0.7,0.641375,0.718653,-42.4403,0,-18.5513,-0.351654,0,-0,0,0,-42.0509,-5.73552,4.38811,0,-0,0,
0.7,0.641439,0.718669,-42.6467,0,-18.6435,-0.352584,0,-0,0,0,-42.2553,-5.76447,4.40963,0,-0,0,
0.7,0.641557,0.718652,-38.5066,0,-16.8383,-0.316991,0,-0,0,0,-38.153,-5.20664,3.98185,0,-0,0,
0.7,0.641618,0.718637,-41.9406,0,-18.3432,-0.344537,0,-0,0,0,-41.5553,-5.67196,4.33712,0,-0,0,
0.7,0.641682,0.718601,-41.991,0,-18.3673,-0.344229,0,-0,0,0,-41.6051,-5.67978,4.34249,0,-0,0,
0.7,0.641801,0.718586,-39.6912,0,-17.3662,-0.324228,0,-0,0,0,-39.3262,-5.37044,4.10496,0,-0,0,
0.7,0.64186,0.718568,-42.2675,0,-18.4968,-0.344627,0,-0,0,0,-41.8786,-5.72,4.37156,0,-0,0,
0.7,0.641926,0.718528,-41.2837,0,-18.0685,-0.33601,0,-0,0,0,-40.9038,-5.58817,4.27004,0,-0,0,
0.7,0.641985,0.718507,-41.484,0,-18.1591,-0.337015,0,-0,0,0,-41.1021,-5.61642,4.29094,0,-0,0,
0.7,0.642043,0.718486,-41.2066,0,-18.0411,-0.334274,0,-0,0,0,-40.827,-5.57989,4.26242,0,-0,0,
0.7,0.64217,0.718461,-38.9159,0,-17.0423,-0.314309,0,-0,0,0,-38.5571,-5.27238,4.02592,0,-0,0,
0.7,0.642233,0.718439,-41.2398,0,-18.062,-0.332367,0,-0,0,0,-40.8593,-5.58863,4.26657,0,-0,0,
0.7,0.642295,0.718416,-41.3451,0,-18.1107,-0.332532,0,-0,0,0,-40.9635,-5.60424,4.27769,0,-0,0,
0.7,0.64236,0.718371,-40.9922,0,-17.958,-0.328946,0,-0,0,0,-40.6137,-5.55804,4.24145,0,-0,0,
0.7,0.64249,0.718346,-38.1636,0,-16.7226,-0.304865,0,-0,0,0,-37.8108,-5.17716,3.94922,0,-0,0,
0.7,0.642553,0.718323,-41.3105,0,-18.1037,-0.32941,0,-0,0,0,-40.9284,-5.60549,4.27511,0,-0,0,
0.7,0.642618,0.718302,-41.2161,0,-18.0651,-0.328137,0,-0,0,0,-40.8347,-5.59425,4.2656,0,-0,0,
0.7,0.642685,0.718255,-40.7493,0,-17.8623,-0.323515,0,-0,0,0,-40.372,-5.53244,4.21755,0,-0,0,
0.7,0.642805,0.718233,-38.3356,0,-16.8096,-0.303185,0,-0,0,0,-37.9802,-5.20738,3.96817,0,-0,0,
0.7,0.642867,0.718217,-41.2076,0,-18.0717,-0.325385,0,-0,0,0,-40.8254,-5.59918,4.26574,0,-0,0,
0.7,0.642927,0.718196,-41.2366,0,-18.0875,-0.325052,0,-0,0,0,-40.854,-5.60457,4.26899,0,-0,0,
0.7,0.642991,0.71815,-40.8897,0,-17.9379,-0.321515,0,-0,0,0,-40.5101,-5.55883,4.23331,0,-0,0,
0.7,0.64311,0.718128,-38.0875,0,-16.7144,-0.298308,0,-0,0,0,-37.7335,-5.18068,3.94367,0,-0,0,
0.7,0.643175,0.718105,-40.9986,0,-17.9941,-0.320441,0,-0,0,0,-40.6173,-5.57875,4.24545,0,-0,0,
0.7,0.643243,0.718078,-40.4462,0,-17.7533,-0.315394,0,-0,0,0,-40.0698,-5.50543,4.18856,0,-0,0,
0.7,0.643308,0.718032,-41.5236,0,-18.2289,-0.323412,0,-0,0,0,-41.1368,-5.65385,4.30042,0,-0,0,
0.7,0.643441,0.718005,-36.3956,0,-15.9814,-0.282705,0,-0,0,0,-36.0562,-4.959,3.76991,0,-0,0,
0.7,0.643517,0.71798,-39.9829,0,-17.5579,-0.310114,0,-0,0,0,-39.6097,-5.45002,4.14186,0,-0,0,
0.7,0.643586,0.717931,-41.1761,0,-18.0843,-0.319159,0,-0,0,0,-40.7915,-5.61462,4.2658,0,-0,0,
0.7,0.643731,0.717905,-35.0186,0,-15.3824,-0.270858,0,-0,0,0,-34.691,-4.77889,3.62854,0,-0,0,
0.7,0.643799,0.717875,-40.2041,0,-17.6621,-0.310537,0,-0,0,0,-39.8277,-5.48866,4.16621,0,-0,0,
0.7,0.643866,0.717823,-39.6701,0,-17.4302,-0.306242,0,-0,0,0,-39.2985,-5.41767,4.11119,0,-0,0,
0.7,0.643935,0.717799,-39.0224,0,-17.1477,-0.301058,0,-0,0,0,-38.6566,-5.33116,4.04439,0,-0,0,
0.7,0.644005,0.71777,-40.0219,0,-17.5891,-0.308592,0,-0,0,0,-39.6463,-5.46997,4.14836,0,-0,0,
0.7,0.644142,0.717745,-36.047,0,-15.8465,-0.277308,0,-0,0,0,-35.7083,-4.93015,3.73693,0,-0,0,
0.7,0.644209,0.71772,-39.1526,0,-17.2138,-0.300748,0,-0,0,0,-38.7844,-5.35685,4.05922,0,-0,0,
0.7,0.644276,0.717695,-38.8692,0,-17.0911,-0.298041,0,-0,0,0,-38.5035,-5.31996,4.03015,0,-0,0,
0.7,0.644351,0.717669,-38.28,0,-16.8334,-0.29296,0,-0,0,0,-37.9194,-5.24137,3.9694,0,-0,0,
0.7,0.644418,0.717628,-38.8564,0,-17.0895,-0.297026,0,-0,0,0,-38.4902,-5.32198,4.02945,0,-0,0,
0.7,0.644486,0.717603,-38.6962,0,-17.021,-0.295446,0,-0,0,0,-38.3312,-5.30178,4.01313,0,-0,0,
0.7,0.644557,0.717578,-38.462,0,-16.9197,-0.293102,0,-0,0,0,-38.0991,-5.27146,3.98914,0,-0,0,
0.7,0.644625,0.717551,-38.6219,0,-16.9919,-0.293762,0,-0,0,0,-38.2572,-5.29515,4.00602,0,-0,0,
0.7,0.644693,0.717526,-38.7571,0,-17.0533,-0.294208,0,-0,0,0,-38.3908,-5.31568,4.02038,0,-0,0,
0.7,0.644758,0.717501,-38.7638,0,-17.0589,-0.293836,0,-0,0,0,-38.3972,-5.31824,4.02135,0,-0,0,
0.7,0.644828,0.717476,-38.2645,0,-16.841,-0.289434,0,-0,0,0,-37.9024,-5.25154,3.96985,0,-0,0,
0.7,0.644896,0.717448,-38.5734,0,-16.9791,-0.291358,0,-0,0,0,-38.2081,-5.29607,4.00226,0,-0,0,
0.7,0.644962,0.717423,-39.0557,0,-17.1945,-0.294631,0,-0,0,0,-38.6856,-5.36412,4.05261,0,-0,0,
0.7,0.645029,0.71737,-38.7646,0,-17.0687,-0.291993,0,-0,0,0,-38.3969,-5.32611,4.02273,0,-0,0,
0.7,0.6451,0.717344,-39.3727,0,-17.3385,-0.296044,0,-0,0,0,-38.999,-5.41168,4.08618,0,-0,0,
0.7,0.645234,0.717314,-35.2865,0,-15.5437,-0.26429,0,-0,0,0,-34.9511,-4.85374,3.66273,0,-0,0,
0.7,0.645303,0.717289,-38.7648,0,-17.0779,-0.289669,0,-0,0,0,-38.3961,-5.33415,4.0241,0,-0,0,
0.7,0.645373,0.717264,-37.9036,0,-16.7005,-0.282275,0,-0,0,0,-37.5428,-5.21758,3.93503,0,-0,0,
0.7,0.645448,0.717241,-38.1082,0,-16.7928,-0.283538,0,-0,0,0,-37.7452,-5.24767,3.95659,0,-0,0,
0.7,0.64552,0.717191,-39.2577,0,-17.3012,-0.29113,0,-0,0,0,-38.8834,-5.40828,4.07633,0,-0,0,
0.7,0.645663,0.717169,-34.8232,0,-15.35,-0.256953,0,-0,0,0,-34.4907,-4.80104,3.61649,0,-0,0,
0.7,0.645739,0.717148,-37.4165,0,-16.4949,-0.275504,0,-0,0,0,-37.059,-5.16044,3.88613,0,-0,0,
0.7,0.645812,0.717126,-37.8288,0,-16.6782,-0.277932,0,-0,0,0,-37.467,-5.2195,3.92931,0,-0,0,
0.7,0.645883,0.717101,-37.786,0,-16.6611,-0.276994,0,-0,0,0,-37.4243,-5.21553,3.92519,0,-0,0,
0.7,0.645953,0.717056,-38.2351,0,-16.8611,-0.279608,0,-0,0,0,-37.8688,-5.27949,3.97218,0,-0,0,
0.7,0.646025,0.717031,-37.2721,0,-16.4388,-0.272129,0,-0,0,0,-36.9148,-5.14862,3.87249,0,-0,0,
0.7,0.646102,0.717007,-38.4728,0,-16.9695,-0.280348,0,-0,0,0,-38.1036,-5.31667,3.9976,0,-0,0,
0.7,0.646245,0.716984,-33.9102,0,-14.96,-0.246111,0,-0,0,0,-33.5843,-4.69001,3.52417,0,-0,0,
0.7,0.646312,0.716961,-38.1236,0,-16.8226,-0.276423,0,-0,0,0,-37.757,-5.27446,3.96234,0,-0,0,
0.7,0.646389,0.716934,-36.9855,0,-16.3218,-0.267577,0,-0,0,0,-36.6295,-5.11925,3.84443,0,-0,0,
0.7,0.646459,0.716888,-37.6566,0,-16.62,-0.271825,0,-0,0,0,-37.2939,-5.21412,3.91451,0,-0,0,
0.7,0.646529,0.716868,-38.3831,0,-16.9428,-0.276376,0,-0,0,0,-38.0131,-5.31671,3.99037,0,-0,0,
0.7,0.646677,0.716848,-33.6539,0,-14.8583,-0.243012,0,-0,0,0,-33.329,-4.6654,3.49935,0,-0,0,
0.7,0.646748,0.716824,-37.1827,0,-16.418,-0.268043,0,-0,0,0,-36.8234,-5.15645,3.86658,0,-0,0,
0.7,0.646818,0.716803,-37.5243,0,-16.5706,-0.270084,0,-0,0,0,-37.1615,-5.20557,3.9024,0,-0,0,
0.7,0.646884,0.716782,-37.3688,0,-16.5048,-0.268552,0,-0,0,0,-37.0073,-5.18548,3.88647,0,-0,0,
0.7,0.646957,0.716741,-37.2235,0,-16.4424,-0.267131,0,-0,0,0,-36.8631,-5.16706,3.87165,0,-0,0,
0.7,0.647024,0.716723,-38.3696,0,-16.9509,-0.274979,0,-0,0,0,-37.9979,-5.32768,3.99112,0,-0,0,
0.7,0.647159,0.716705,-33.9201,0,-14.9894,-0.242315,0,-0,0,0,-33.5911,-4.71254,3.52874,0,-0,0,
0.7,0.647232,0.716686,-36.5257,0,-16.1422,-0.260423,0,-0,0,0,-36.1712,-5.07634,3.80011,0,-0,0,
0.7,0.647299,0.716666,-37.1379,0,-16.4148,-0.264132,0,-0,0,0,-36.7772,-5.16301,3.86406,0,-0,0,
0.7,0.647367,0.716642,-36.9816,0,-16.3477,-0.262463,0,-0,0,0,-36.6222,-5.14287,3.84807,0,-0,0,
0.7,0.647434,0.716623,-37.2073,0,-16.4503,-0.263547,0,-0,0,0,-36.8455,-5.17577,3.87181,0,-0,0,
0.7,0.64751,0.716586,-36.0788,0,-15.9529,-0.255012,0,-0,0,0,-35.7278,-5.02063,3.75469,0,-0,0,
0.7,0.647581,0.716567,-36.5133,0,-16.147,-0.257395,0,-0,0,0,-36.1578,-5.0828,3.80019,0,-0,0,
0.7,0.647654,0.716551,-37.5445,0,-16.6048,-0.264103,0,-0,0,0,-37.1787,-5.22822,3.90783,0,-0,0,
0.7,0.647818,0.716533,-31.1466,0,-13.771,-0.217261,0,-0,0,0,-30.8425,-4.34186,3.24267,0,-0,0,
0.7,0.647889,0.716514,-36.1742,0,-15.9956,-0.251861,0,-0,0,0,-35.8207,-5.0445,3.76639,0,-0,0,
0.7,0.647959,0.716495,-36.5824,0,-16.178,-0.25418,0,-0,0,0,-36.2247,-5.10314,3.80918,0,-0,0,
0.7,0.648029,0.716474,-36.0586,0,-15.9483,-0.250148,0,-0,0,0,-35.7058,-5.03172,3.75492,0,-0,0,
0.7,0.648103,0.716456,-35.7708,0,-15.8231,-0.247872,0,-0,0,0,-35.4206,-4.99329,3.72524,0,-0,0,
0.7,0.648171,0.716439,-36.0602,0,-15.9531,-0.249313,0,-0,0,0,-35.707,-5.03527,3.75564,0,-0,0,
0.7,0.648238,0.716424,-36.2839,0,-16.0539,-0.250326,0,-0,0,0,-35.9282,-5.06808,3.7792,0,-0,0,
0.7,0.648309,0.716408,-35.7882,0,-15.8367,-0.246321,0,-0,0,0,-35.4372,-5.00047,3.72785,0,-0,0,
0.7,0.648376,0.716377,-36.5387,0,-16.1708,-0.250861,0,-0,0,0,-36.1801,-5.10678,3.80627,0,-0,0,
0.7,0.648442,0.716362,-36.211,0,-16.0277,-0.248009,0,-0,0,0,-35.8554,-5.06242,3.77237,0,-0,0,
0.7,0.64851,0.716347,-37.3881,0,-16.5507,-0.255318,0,-0,0,0,-37.0207,-5.22841,3.89523,0,-0,0,
0.7,0.64865,0.716329,-31.9059,0,-14.1277,-0.216711,0,-0,0,0,-31.5921,-4.46421,3.32449,0,-0,0,
0.7,0.648719,0.716313,-35.6412,0,-15.7837,-0.24127,0,-0,0,0,-35.2904,-4.98816,3.71391,0,-0,0,
0.7,0.648788,0.716296,-35.5479,0,-15.7444,-0.24001,0,-0,0,0,-35.1979,-4.97638,3.70441,0,-0,0,
0.7,0.648856,0.716281,-36.0769,0,-15.9814,-0.243014,0,-0,0,0,-35.7215,-5.05164,3.75974,0,-0,0,
0.7,0.64893,0.716264,-35.1775,0,-15.5846,-0.236421,0,-0,0,0,-34.8307,-4.92727,3.66627,0,-0,0,
0.7,0.648998,0.716249,-35.9015,0,-15.9075,-0.240648,0,-0,0,0,-35.5473,-5.03009,3.74196,0,-0,0,
0.7,0.649065,0.716234,-35.6885,0,-15.8153,-0.238705,0,-0,0,0,-35.3362,-5.0017,3.72,0,-0,0,
0.7,0.649132,0.716221,-36.0829,0,-15.9928,-0.240788,0,-0,0,0,-35.7266,-5.05841,3.76136,0,-0,0,
0.7,0.649205,0.716188,-36.3497,0,-16.1125,-0.241778,0,-0,0,0,-35.9905,-5.09757,3.78946,0,-0,0,
0.7,0.649335,0.716172,-32.8983,0,-14.5866,-0.217315,0,-0,0,0,-32.5728,-4.61612,3.43008,0,-0,0,
0.7,0.649398,0.716156,-35.5778,0,-15.7776,-0.234447,0,-0,0,0,-35.2257,-4.99325,3.70965,0,-0,0,
0.7,0.649467,0.716139,-35.0864,0,-15.5617,-0.230627,0,-0,0,0,-34.7389,-4.92565,3.65864,0,-0,0,
0.7,0.64953,0.716124,-35.6946,0,-15.8341,-0.234127,0,-0,0,0,-35.3409,-5.01219,3.72225,0,-0,0,
0.7,0.649593,0.716108,-35.7333,0,-15.8538,-0.23377,0,-0,0,0,-35.3791,-5.01877,3.72648,0,-0,0,
0.7,0.649655,0.716091,-35.4843,0,-15.7463,-0.231707,0,-0,0,0,-35.1324,-4.98486,3.70069,0,-0,0,
0.7,0.649724,0.716077,-35.1956,0,-15.62,-0.229364,0,-0,0,0,-34.8463,-4.94568,3.67081,0,-0,0,
0.7,0.649786,0.716063,-35.5583,0,-15.7835,-0.231387,0,-0,0,0,-35.2053,-4.9978,3.70884,0,-0,0,
0.7,0.649844,0.716032,-36.164,0,-16.0552,-0.23504,0,-0,0,0,-35.8048,-5.084,3.77219,0,-0,0,
0.7,0.649899,0.716019,-36.9678,0,-16.4162,-0.240156,0,-0,0,0,-36.6005,-5.19786,3.85617,0,-0,0,
0.7,0.650014,0.716005,-32.9033,0,-14.6172,-0.213351,0,-0,0,0,-32.5761,-4.62829,3.43252,0,-0,0,
0.7,0.650069,0.715991,-36.1241,0,-16.0511,-0.233813,0,-0,0,0,-35.7648,-5.08239,3.7687,0,-0,0,
0.7,0.650124,0.715977,-36.2194,0,-16.0969,-0.234154,0,-0,0,0,-35.859,-5.09676,3.7788,0,-0,0,
0.7,0.650184,0.715963,-35.4235,0,-15.7455,-0.228651,0,-0,0,0,-35.0708,-4.98611,3.69599,0,-0,0,
0.7,0.650239,0.715951,-36.1191,0,-16.0575,-0.232725,0,-0,0,0,-35.7594,-5.08521,3.76877,0,-0,0,
0.7,0.650294,0.715927,-35.8324,0,-15.9329,-0.230346,0,-0,0,0,-35.4753,-5.04606,3.73905,0,-0,0,
0.7,0.650356,0.715913,-36.0592,0,-16.0367,-0.231407,0,-0,0,0,-35.6997,-5.07924,3.76293,0,-0,0,
0.7,0.650477,0.715899,-31.3939,0,-13.9663,-0.20068,0,-0,0,0,-31.0805,-4.42466,3.27651,0,-0,0,
0.7,0.650536,0.715883,-36.0724,0,-16.0502,-0.230166,0,-0,0,0,-35.7122,-5.08548,3.76504,0,-0,0,
0.7,0.650593,0.715867,-35.5131,0,-15.8047,-0.226235,0,-0,0,0,-35.1583,-5.00789,3.70688,0,-0,0,
0.7,0.65065,0.715849,-35.5764,0,-15.8357,-0.226361,0,-0,0,0,-35.2208,-5.01813,3.71371,0,-0,0,
0.7,0.650716,0.715833,-34.9484,0,-15.5584,-0.222202,0,-0,0,0,-34.5988,-4.93135,3.64845,0,-0,0,
0.7,0.650769,0.715804,-36.4693,0,-16.2387,-0.231615,0,-0,0,0,-36.1043,-5.14679,3.80736,0,-0,0,
0.7,0.650881,0.715788,-31.4974,0,-14.0308,-0.199769,0,-0,0,0,-31.1818,-4.4474,3.28868,0,-0,0,
0.7,0.650937,0.715776,-35.9279,0,-16.0075,-0.227623,0,-0,0,0,-35.5678,-5.07377,3.75141,0,-0,0,
0.7,0.650996,0.715762,-34.9625,0,-15.5802,-0.221375,0,-0,0,0,-34.6119,-4.9391,3.65089,0,-0,0,
0.7,0.651049,0.715747,-35.6328,0,-15.8825,-0.225415,0,-0,0,0,-35.2753,-5.03479,3.72105,0,-0,0,
0.7,0.651103,0.71573,-35.5532,0,-15.8501,-0.224379,0,-0,0,0,-35.1964,-5.02461,3.71292,0,-0,0,
0.7,0.651155,0.715699,-36.5121,0,-16.2809,-0.229967,0,-0,0,0,-36.1455,-5.16117,3.81323,0,-0,0,
0.7,0.651261,0.715684,-32.3162,0,-14.4161,-0.202633,0,-0,0,0,-31.9914,-4.56986,3.37532,0,-0,0,
0.7,0.651312,0.71567,-35.6514,0,-15.9071,-0.223022,0,-0,0,0,-35.293,-5.04251,3.72385,0,-0,0,
0.7,0.651365,0.715652,-35.3183,0,-15.7615,-0.220411,0,-0,0,0,-34.9631,-4.99642,3.68923,0,-0,0,
0.7,0.651423,0.715638,-34.9242,0,-15.5882,-0.217524,0,-0,0,0,-34.5728,-4.94187,3.64826,0,-0,0,
0.7,0.651424,0.715609,-39.1287,0,-17.4736,-0.243821,0,-0,0,0,-38.7349,-5.53755,4.0876,0,-0,0,
0.7,0.651476,0.715592,-35.2769,0,-15.7567,-0.219343,0,-0,0,0,-34.9217,-4.99358,3.68541,0,-0,0,
0.7,0.651529,0.715577,-35.9284,0,-16.0509,-0.223077,0,-0,0,0,-35.5665,-5.08693,3.75366,0,-0,0,
0.7,0.651636,0.715562,-31.906,0,-14.2601,-0.197763,0,-0,0,0,-31.5843,-4.5196,3.33378,0,-0,0,
0.7,0.651688,0.715547,-35.0585,0,-15.6722,-0.216974,0,-0,0,0,-34.7048,-4.96734,3.66337,0,-0,0,
0.7,0.65174,0.715531,-35.0823,0,-15.6859,-0.216803,0,-0,0,0,-34.7282,-4.97186,3.66605,0,-0,0,
0.7,0.651778,0.715517,-36.0721,0,-16.1325,-0.222185,0,-0,0,0,-35.7081,-5.11089,3.76927,0,-0,0,
0.7,0.65183,0.715504,-34.7529,0,-15.5456,-0.213751,0,-0,0,0,-34.4021,-4.92532,3.63165,0,-0,0,
0.7,0.651879,0.715491,-35.0619,0,-15.6877,-0.215224,0,-0,0,0,-34.7079,-4.97022,3.66413,0,-0,0,
0.7,0.651928,0.715476,-35.2027,0,-15.7539,-0.21569,0,-0,0,0,-34.8471,-4.99135,3.67904,0,-0,0,
0.7,0.651982,0.715462,-34.5594,0,-15.4688,-0.211304,0,-0,0,0,-34.2101,-4.90134,3.61201,0,-0,0,
0.7,0.652032,0.715448,-34.8553,0,-15.6049,-0.212827,0,-0,0,0,-34.5028,-4.94455,3.64315,0,-0,0,
0.7,0.652082,0.715435,-34.848,0,-15.6046,-0.212435,0,-0,0,0,-34.4954,-4.94466,3.64257,0,-0,0,
0.7,0.652131,0.715421,-34.871,0,-15.618,-0.212078,0,-0,0,0,-34.5181,-4.94906,3.64517,0,-0,0,
0.7,0.652183,0.71539,-35.6398,0,-15.9653,-0.216357,0,-0,0,0,-35.2788,-5.05933,3.72572,0,-0,0,
0.7,0.652279,0.715376,-32.7486,0,-14.6769,-0.198521,0,-0,0,0,-32.4167,-4.65105,3.42385,0,-0,0,
0.7,0.652328,0.715362,-34.7722,0,-15.587,-0.21066,0,-0,0,0,-34.4195,-4.93953,3.63559,0,-0,0,
0.7,0.65238,0.715343,-34.5934,0,-15.5098,-0.209363,0,-0,0,0,-34.2425,-4.91525,3.61709,0,-0,0,
0.7,0.652429,0.715327,-34.6,0,-15.5159,-0.209272,0,-0,0,0,-34.2488,-4.91726,3.61796,0,-0,0,
0.7,0.652478,0.715311,-34.55,0,-15.4971,-0.208955,0,-0,0,0,-34.1991,-4.91127,3.61291,0,-0,0,
0.7,0.652527,0.715294,-34.5484,0,-15.4997,-0.208745,0,-0,0,0,-34.1974,-4.91208,3.61292,0,-0,0,
0.7,0.652575,0.715277,-34.5634,0,-15.5097,-0.208544,0,-0,0,0,-34.2121,-4.91522,3.61466,0,-0,0,
0.7,0.652628,0.715257,-34.1818,0,-15.3421,-0.206029,0,-0,0,0,-33.8343,-4.86186,3.57491,0,-0,0,
0.7,0.652679,0.715242,-34.698,0,-15.5769,-0.208883,0,-0,0,0,-34.345,-4.93649,3.62909,0,-0,0,
0.7,0.652729,0.715226,-34.5491,0,-15.5131,-0.20769,0,-0,0,0,-34.1975,-4.91637,3.6137,0,-0,0,
0.7,0.652778,0.715188,-34.627,0,-15.5511,-0.207841,0,-0,0,0,-34.2745,-4.92849,3.62202,0,-0,0,
0.7,0.652828,0.715174,-34.2604,0,-15.39,-0.205306,0,-0,0,0,-33.9115,-4.87733,3.58384,0,-0,0,
0.7,0.652877,0.715159,-35.2452,0,-15.8356,-0.210932,0,-0,0,0,-34.8861,-5.01883,3.68708,0,-0,0,
0.7,0.652974,0.715143,-32.447,0,-14.5844,-0.193584,0,-0,0,0,-32.1161,-4.62258,3.39472,0,-0,0,
0.7,0.653027,0.715128,-34.3135,0,-15.4267,-0.204482,0,-0,0,0,-33.9634,-4.88967,3.5902,0,-0,0,
0.7,0.653078,0.715113,-34.1656,0,-15.363,-0.203241,0,-0,0,0,-33.8167,-4.87007,3.57497,0,-0,0,
0.7,0.653127,0.715098,-34.3054,0,-15.4289,-0.203802,0,-0,0,0,-33.9549,-4.89126,3.58981,0,-0,0,
0.7,0.653174,0.715066,-34.3986,0,-15.4738,-0.204147,0,-0,0,0,-34.047,-4.90578,3.59977,0,-0,0,
0.7,0.653223,0.715051,-34.9725,0,-15.7355,-0.207282,0,-0,0,0,-34.6148,-4.98881,3.66002,0,-0,0,
0.7,0.653317,0.715035,-32.063,0,-14.4324,-0.189523,0,-0,0,0,-31.7348,-4.57609,3.35592,0,-0,0,
0.7,0.653364,0.715019,-34.1553,0,-15.3774,-0.201531,0,-0,0,0,-33.8055,-4.87581,3.5751,0,-0,0,
0.7,0.653415,0.715001,-33.7683,0,-15.2067,-0.198902,0,-0,0,0,-33.4223,-4.82158,3.53476,0,-0,0,
0.7,0.653465,0.714985,-33.9674,0,-15.2993,-0.199572,0,-0,0,0,-33.6192,-4.85127,3.55581,0,-0,0,
0.7,0.653514,0.714969,-33.7857,0,-15.2204,-0.198003,0,-0,0,0,-33.4391,-4.82635,3.53696,0,-0,0,
0.7,0.653564,0.714951,-33.9356,0,-15.2909,-0.198364,0,-0,0,0,-33.5874,-4.84882,3.55283,0,-0,0,
0.7,0.653616,0.714936,-33.4941,0,-15.0952,-0.195152,0,-0,0,0,-33.1503,-4.78665,3.50677,0,-0,0,
0.7,0.653668,0.714922,-33.7096,0,-15.1951,-0.195872,0,-0,0,0,-33.3634,-4.81841,3.52949,0,-0,0,
0.7,0.653717,0.714908,-33.635,0,-15.1644,-0.194878,0,-0,0,0,-33.2895,-4.80871,3.52184,0,-0,0,
0.7,0.653768,0.714889,-33.6268,0,-15.1636,-0.1943,0,-0,0,0,-33.2812,-4.80849,3.52114,0,-0,0,
0.7,0.653816,0.714906,-33.6409,0,-15.1734,-0.193912,0,-0,0,0,-33.295,-4.81133,3.52275,0,-0,0,
0.7,0.65387,0.714887,-33.4798,0,-15.1032,-0.19242,0,-0,0,0,-33.1355,-4.78942,3.50608,0,-0,0,
0.7,0.653922,0.714854,-33.6077,0,-15.1635,-0.19273,0,-0,0,0,-33.2619,-4.80887,3.51966,0,-0,0,
0.7,0.653973,0.714838,-33.4087,0,-15.0764,-0.191221,0,-0,0,0,-33.0648,-4.78142,3.49899,0,-0,0,
0.7,0.654023,0.714821,-34.2737,0,-15.47,-0.195789,0,-0,0,0,-33.9207,-4.9062,3.58975,0,-0,0,
0.7,0.654132,0.714805,-30.7613,0,-13.8892,-0.174948,0,-0,0,0,-30.4441,-4.40571,3.22225,0,-0,0,
0.7,0.654183,0.714789,-33.1973,0,-14.992,-0.188302,0,-0,0,0,-32.8549,-4.75582,3.47763,0,-0,0,
0.7,0.654235,0.714774,-33.2694,0,-15.0273,-0.188103,0,-0,0,0,-32.9261,-4.76741,3.4854,0,-0,0,
0.7,0.654291,0.71476,-32.8572,0,-14.8441,-0.185344,0,-0,0,0,-32.518,-4.7095,3.44241,0,-0,0,
0.7,0.654347,0.714744,-32.6393,0,-14.7481,-0.183718,0,-0,0,0,-32.3021,-4.67971,3.41982,0,-0,0,
0.7,0.654402,0.714731,-32.851,0,-14.8463,-0.184439,0,-0,0,0,-32.5114,-4.71129,3.4422,0,-0,0,
0.7,0.654458,0.714718,-32.8558,0,-14.8511,-0.183992,0,-0,0,0,-32.516,-4.71321,3.44291,0,-0,0,
0.7,0.654514,0.714706,-32.6222,0,-14.7486,-0.182386,0,-0,0,0,-32.2847,-4.68085,3.41863,0,-0,0,
0.7,0.654575,0.714677,-32.3881,0,-14.6449,-0.180723,0,-0,0,0,-32.0528,-4.6487,3.39434,0,-0,0,
0.7,0.654633,0.714665,-32.5727,0,-14.7305,-0.181475,0,-0,0,0,-32.2353,-4.67651,3.4139,0,-0,0,
0.7,0.654691,0.714638,-32.5232,0,-14.71,-0.180858,0,-0,0,0,-32.186,-4.67073,3.40893,0,-0,0,
0.7,0.654749,0.714622,-32.2331,0,-14.5808,-0.178993,0,-0,0,0,-31.8988,-4.63039,3.37875,0,-0,0,
0.7,0.654811,0.714608,-31.886,0,-14.4259,-0.176889,0,-0,0,0,-31.5551,-4.58185,3.34259,0,-0,0,
0.7,0.654866,0.714595,-32.3689,0,-14.6466,-0.179337,0,-0,0,0,-32.0328,-4.65243,3.39341,0,-0,0,
0.7,0.654919,0.714581,-33.5243,0,-15.1719,-0.185372,0,-0,0,0,-33.176,-4.8196,3.51472,0,-0,0,
0.7,0.655026,0.714567,-28.5477,0,-12.9245,-0.157352,0,-0,0,0,-28.2509,-4.10586,2.99326,0,-0,0,
0.7,0.655079,0.714552,-33.1008,0,-14.9884,-0.182172,0,-0,0,0,-32.7565,-4.7619,3.47085,0,-0,0,
0.7,0.655131,0.71454,-32.5313,0,-14.7331,-0.178705,0,-0,0,0,-32.1927,-4.68101,3.41131,0,-0,0,
0.7,0.655186,0.714531,-32.1227,0,-14.5504,-0.176235,0,-0,0,0,-31.7883,-4.62328,3.36864,0,-0,0,
0.7,0.655237,0.71452,-32.453,0,-14.7032,-0.177921,0,-0,0,0,-32.115,-4.6718,3.40345,0,-0,0,
0.7,0.65529,0.714506,-32.5243,0,-14.7383,-0.178104,0,-0,0,0,-32.1854,-4.68316,3.41111,0,-0,0,
0.7,0.655344,0.714493,-32.1016,0,-14.5494,-0.175535,0,-0,0,0,-31.7669,-4.62351,3.36697,0,-0,0,
0.7,0.655397,0.714481,-32.3607,0,-14.6701,-0.176896,0,-0,0,0,-32.0232,-4.6618,3.39432,0,-0,0,
0.7,0.655457,0.714466,-31.7041,0,-14.3746,-0.173003,0,-0,0,0,-31.3732,-4.56834,3.32563,0,-0,0,
0.7,0.655513,0.714451,-31.9791,0,-14.5015,-0.174259,0,-0,0,0,-31.6452,-4.60908,3.35466,0,-0,0,
0.7,0.655572,0.714437,-31.7298,0,-14.3905,-0.172567,0,-0,0,0,-31.3984,-4.57446,3.32873,0,-0,0,
0.7,0.65563,0.714424,-32.0704,0,-14.5475,-0.174255,0,-0,0,0,-31.7352,-4.62465,3.36465,0,-0,0,
0.7,0.655694,0.714397,-31.3393,0,-14.2174,-0.17,0,-0,0,0,-31.0116,-4.52045,3.28815,0,-0,0,
0.7,0.655752,0.714385,-32.4742,0,-14.7343,-0.175917,0,-0,0,0,-32.1344,-4.68534,3.40742,0,-0,0,
0.7,0.655867,0.714374,-27.6649,0,-12.5564,-0.149383,0,-0,0,0,-27.3752,-3.99348,2.90314,0,-0,0,
0.7,0.655927,0.714362,-32.0728,0,-14.5589,-0.172862,0,-0,0,0,-31.7367,-4.63085,3.36587,0,-0,0,
0.7,0.655986,0.714349,-31.3424,0,-14.2293,-0.16864,0,-0,0,0,-31.0138,-4.52659,3.28942,0,-0,0,
0.7,0.656043,0.714337,-31.3899,0,-14.253,-0.168327,0,-0,0,0,-31.0607,-4.53447,3.29459,0,-0,0,
0.7,0.656096,0.714326,-31.6151,0,-14.359,-0.169608,0,-0,0,0,-31.2834,-4.56771,3.31834,0,-0,0,
0.7,0.656156,0.714313,-31.1281,0,-14.1399,-0.166484,0,-0,0,0,-30.8013,-4.49825,3.26737,0,-0,0,
0.7,0.656211,0.714303,-31.3778,0,-14.2558,-0.167555,0,-0,0,0,-31.0483,-4.53537,3.29376,0,-0,0,
0.7,0.656266,0.714294,-31.4723,0,-14.3011,-0.167912,0,-0,0,0,-31.1417,-4.54989,3.30382,0,-0,0,
0.7,0.65632,0.714286,-31.4276,0,-14.2838,-0.167151,0,-0,0,0,-31.0974,-4.54416,3.29925,0,-0,0,
0.7,0.656376,0.714277,-31.3589,0,-14.2548,-0.16642,0,-0,0,0,-31.0293,-4.53503,3.29217,0,-0,0,
0.7,0.656439,0.714264,-30.6336,0,-13.9267,-0.162211,0,-0,0,0,-30.3115,-4.43115,3.2162,0,-0,0,
0.7,0.656496,0.714253,-31.013,0,-14.1012,-0.16376,0,-0,0,0,-30.6867,-4.48689,3.25617,0,-0,0,
0.7,0.656552,0.714244,-31.0821,0,-14.1352,-0.163955,0,-0,0,0,-30.7549,-4.49767,3.26355,0,-0,0,
0.7,0.65661,0.714234,-31.0838,0,-14.138,-0.163596,0,-0,0,0,-30.7565,-4.4988,3.26388,0,-0,0,
0.7,0.656668,0.714222,-30.8372,0,-14.0278,-0.162004,0,-0,0,0,-30.5124,-4.46413,3.23816,0,-0,0,
0.7,0.656729,0.714212,-31.1384,0,-14.1666,-0.163155,0,-0,0,0,-30.8103,-4.50867,3.26995,0,-0,0,
0.7,0.656784,0.714203,-31.384,0,-14.2808,-0.16425,0,-0,0,0,-31.0531,-4.54506,3.29588,0,-0,0,
0.7,0.65684,0.714181,-31.0448,0,-14.1285,-0.162234,0,-0,0,0,-30.7174,-4.49685,3.26041,0,-0,0,
0.7,0.656897,0.714171,-30.946,0,-14.0854,-0.161477,0,-0,0,0,-30.6195,-4.48354,3.2502,0,-0,0,
0.7,0.656959,0.714163,-30.268,0,-13.7784,-0.15761,0,-0,0,0,-29.9485,-4.3865,3.17919,0,-0,0,
0.7,0.657031,0.714154,-30.8453,0,-14.0364,-0.160527,0,-0,0,0,-30.5193,-4.4725,3.24022,0,-0,0,
0.7,0.657147,0.714143,-26.7321,0,-12.1686,-0.138567,0,-0,0,0,-26.4493,-3.87799,2.80845,0,-0,0,
0.7,0.657205,0.714133,-31.1539,0,-14.1837,-0.161068,0,-0,0,0,-30.8242,-4.5208,3.27323,0,-0,0,
0.7,0.657263,0.714126,-30.4475,0,-13.8642,-0.157049,0,-0,0,0,-30.125,-4.4194,3.19919,0,-0,0,
0.7,0.657321,0.714119,-30.4197,0,-13.8541,-0.156612,0,-0,0,0,-30.0974,-4.41636,3.19644,0,-0,0,
0.7,0.65738,0.71411,-30.2657,0,-13.7859,-0.155452,0,-0,0,0,-29.9449,-4.39509,3.18044,0,-0,0,
0.7,0.657444,0.714103,-29.8184,0,-13.5838,-0.152759,0,-0,0,0,-29.5022,-4.33132,3.13364,0,-0,0,
0.7,0.6575,0.714097,-30.5814,0,-13.9341,-0.156461,0,-0,0,0,-30.257,-4.44308,3.21398,0,-0,0,
0.7,0.657558,0.714088,-30.2337,0,-13.7778,-0.154478,0,-0,0,0,-29.9128,-4.39358,3.1776,0,-0,0,
0.7,0.657616,0.714081,-30.2541,0,-13.7893,-0.154353,0,-0,0,0,-29.9328,-4.39751,3.17991,0,-0,0,
0.7,0.657679,0.714074,-29.7349,0,-13.5544,-0.1514,0,-0,0,0,-29.4189,-4.32311,3.12551,0,-0,0,
0.7,0.657735,0.714068,-30.3837,0,-13.8528,-0.154524,0,-0,0,0,-30.0607,-4.41829,3.19385,0,-0,0,
0.7,0.657791,0.71406,-30.2075,0,-13.7746,-0.153361,0,-0,0,0,-29.8863,-4.3936,3.17549,0,-0,0,
0.7,0.657851,0.71405,-29.9455,0,-13.6569,-0.151729,0,-0,0,0,-29.6269,-4.35641,3.1481,0,-0,0,
0.7,0.657905,0.714042,-30.2867,0,-13.8148,-0.153123,0,-0,0,0,-29.9644,-4.40688,3.18411,0,-0,0,
0.7,0.657959,0.714036,-30.3375,0,-13.8406,-0.153258,0,-0,0,0,-30.0145,-4.4151,3.18959,0,-0,0,
0.7,0.658012,0.714029,-30.489,0,-13.9122,-0.153783,0,-0,0,0,-30.1643,-4.43793,3.20565,0,-0,0,
0.7,0.658069,0.714024,-30.1357,0,-13.7531,-0.15179,0,-0,0,0,-29.8146,-4.38727,3.16863,0,-0,0,
0.7,0.658121,0.714018,-30.4432,0,-13.8958,-0.153078,0,-0,0,0,-30.1187,-4.43278,3.20108,0,-0,0,
0.7,0.658172,0.714008,-30.6312,0,-13.9844,-0.153723,0,-0,0,0,-30.3046,-4.46097,3.22099,0,-0,0,
0.7,0.658224,0.714,-31.1284,0,-14.2137,-0.155932,0,-0,0,0,-30.7964,-4.53422,3.27342,0,-0,0,
0.7,0.658333,0.713994,-27.5591,0,-12.5877,-0.137475,0,-0,0,0,-27.2649,-4.01582,2.89832,0,-0,0,
0.7,0.658384,0.713989,-30.345,0,-13.8631,-0.151032,0,-0,0,0,-30.021,-4.4225,3.19143,0,-0,0,
0.7,0.658438,0.713982,-29.9714,0,-13.6947,-0.148887,0,-0,0,0,-29.6513,-4.36902,3.1523,0,-0,0,
0.7,0.65849,0.713976,-29.9696,0,-13.6963,-0.148604,0,-0,0,0,-29.6494,-4.36957,3.15225,0,-0,0,
0.7,0.658548,0.71397,-29.658,0,-13.5558,-0.146726,0,-0,0,0,-29.3409,-4.32501,3.11962,0,-0,0,
0.7,0.658601,0.713965,-29.8516,0,-13.6464,-0.14732,0,-0,0,0,-29.5323,-4.3541,3.14013,0,-0,0,
0.7,0.658653,0.713962,-30.036,0,-13.7334,-0.148022,0,-0,0,0,-29.7147,-4.38179,3.15966,0,-0,0,
0.7,0.658709,0.713957,-29.6483,0,-13.558,-0.145796,0,-0,0,0,-29.331,-4.32618,3.11903,0,-0,0,
0.7,0.658758,0.713953,-30.1569,0,-13.793,-0.147948,0,-0,0,0,-29.834,-4.40115,3.17266,0,-0,0,
0.7,0.658807,0.71395,-30.0351,0,-13.7399,-0.146935,0,-0,0,0,-29.7134,-4.38405,3.15996,0,-0,0,
0.7,0.658855,0.713948,-30.2876,0,-13.8585,-0.147934,0,-0,0,0,-29.9632,-4.42145,3.18662,0,-0,0,
0.7,0.65891,0.713943,-29.5526,0,-13.5243,-0.144055,0,-0,0,0,-29.2359,-4.3149,3.10941,0,-0,0,
0.7,0.658958,0.713939,-30.074,0,-13.7654,-0.146263,0,-0,0,0,-29.7517,-4.39168,3.16438,0,-0,0,
0.7,0.659006,0.713935,-30.0197,0,-13.743,-0.145604,0,-0,0,0,-29.6978,-4.38442,3.15878,0,-0,0,
0.7,0.659053,0.713933,-30.1271,0,-13.7946,-0.145757,0,-0,0,0,-29.8039,-4.4008,3.17019,0,-0,0,
0.7,0.659099,0.713929,-30.1399,0,-13.8035,-0.145498,0,-0,0,0,-29.8165,-4.4034,3.17167,0,-0,0,
0.7,0.659149,0.713925,-30.1035,0,-13.7892,-0.144873,0,-0,0,0,-29.7804,-4.39869,3.16793,0,-0,0,
0.7,0.659195,0.713923,-30.0026,0,-13.7456,-0.143883,0,-0,0,0,-29.6805,-4.38451,3.15741,0,-0,0,
0.7,0.659242,0.71392,-29.9518,0,-13.7251,-0.143233,0,-0,0,0,-29.6302,-4.37761,3.15215,0,-0,0,
0.7,0.659288,0.713916,-30.6907,0,-14.067,-0.146412,0,-0,0,0,-30.3611,-4.48602,3.22999,0,-0,0,
0.7,0.659387,0.713912,-27.1843,0,-12.4643,-0.128728,0,-0,0,0,-26.8922,-3.9745,2.86113,0,-0,0,
0.7,0.659434,0.71391,-30.1862,0,-13.8432,-0.142499,0,-0,0,0,-29.8618,-4.41392,3.17716,0,-0,0,
0.7,0.65948,0.713905,-30.2814,0,-13.8899,-0.142571,0,-0,0,0,-29.9558,-4.42829,3.18726,0,-0,0,
0.7,0.659528,0.713903,-29.7796,0,-13.6622,-0.139786,0,-0,0,0,-29.4593,-4.35558,3.13456,0,-0,0,
0.7,0.659579,0.713902,-29.5469,0,-13.5578,-0.138236,0,-0,0,0,-29.2291,-4.32216,3.11017,0,-0,0,
0.7,0.659624,0.713899,-29.9841,0,-13.761,-0.139738,0,-0,0,0,-29.6615,-4.38672,3.15629,0,-0,0,
0.7,0.659669,0.713897,-29.874,0,-13.7134,-0.138802,0,-0,0,0,-29.5525,-4.37116,3.14479,0,-0,0,
0.7,0.659716,0.713894,-30.3646,0,-13.9411,-0.140543,0,-0,0,0,-30.0377,-4.44364,3.19655,0,-0,0,
0.7,0.65981,0.713892,-27.5602,0,-12.6577,-0.126512,0,-0,0,0,-27.2632,-4.03462,2.90155,0,-0,0,
0.7,0.659853,0.713887,-29.7863,0,-13.683,-0.136302,0,-0,0,0,-29.4653,-4.36109,3.13602,0,-0,0,
0.7,0.659897,0.713885,-30.0994,0,-13.8294,-0.137303,0,-0,0,0,-29.7749,-4.4077,3.16911,0,-0,0,
0.7,0.659943,0.713884,-29.7809,0,-13.6856,-0.135291,0,-0,0,0,-29.4598,-4.36181,3.13571,0,-0,0,
0.7,0.659984,0.713884,-30.1368,0,-13.8519,-0.136463,0,-0,0,0,-29.8117,-4.4146,3.17328,0,-0,0,
0.7,0.660025,0.713883,-30.5794,0,-14.0587,-0.138107,0,-0,0,0,-30.2495,-4.48004,3.21999,0,-0,0,
0.7,0.660112,0.713883,-27.7422,0,-12.7592,-0.124495,0,-0,0,0,-27.4427,-4.0658,2.92148,0,-0,0,
0.7,0.660159,0.713882,-29.3394,0,-13.4962,-0.131303,0,-0,0,0,-29.0225,-4.30057,3.08979,0,-0,0,
0.7,0.660202,0.713879,-29.6925,0,-13.6618,-0.132629,0,-0,0,0,-29.3717,-4.35291,3.12707,0,-0,0,
0.7,0.660247,0.713875,-29.4041,0,-13.5317,-0.131091,0,-0,0,0,-29.0863,-4.31144,3.09683,0,-0,0,
0.7,0.66029,0.713873,-29.4572,0,-13.5589,-0.131013,0,-0,0,0,-29.1387,-4.3199,3.10254,0,-0,0,
0.7,0.660337,0.713871,-29.1395,0,-13.4152,-0.129354,0,-0,0,0,-28.8243,-4.27398,3.06919,0,-0,0,
0.7,0.660379,0.713871,-29.4602,0,-13.566,-0.130614,0,-0,0,0,-29.1415,-4.32154,3.10305,0,-0,0,
0.7,0.660429,0.713871,-28.7691,0,-13.2497,-0.127255,0,-0,0,0,-28.4578,-4.22079,3.03036,0,-0,0,
0.7,0.660478,0.713872,-28.8946,0,-13.3096,-0.12752,0,-0,0,0,-28.5818,-4.24,3.04372,0,-0,0,
0.7,0.660521,0.713872,-29.243,0,-13.4725,-0.12865,0,-0,0,0,-28.9264,-4.29178,3.08053,0,-0,0,
0.7,0.660562,0.713871,-29.7333,0,-13.7013,-0.13055,0,-0,0,0,-29.4113,-4.36425,3.13227,0,-0,0,
0.7,0.660603,0.71387,-29.5247,0,-13.6077,-0.129336,0,-0,0,0,-29.2048,-4.33426,3.11039,0,-0,0,
0.7,0.660636,0.713867,-30.2886,0,-13.9631,-0.132338,0,-0,0,0,-29.9604,-4.44685,3.19094,0,-0,0,
0.7,0.660684,0.713865,-28.9392,0,-13.3433,-0.126025,0,-0,0,0,-28.6256,-4.24924,3.04887,0,-0,0,
0.7,0.660722,0.713864,-30.1956,0,-13.9255,-0.131121,0,-0,0,0,-29.8683,-4.43419,3.18132,0,-0,0,
0.7,0.660801,0.713862,-26.9192,0,-12.4199,-0.116162,0,-0,0,0,-26.6272,-3.95383,2.83625,0,-0,0,
0.7,0.660838,0.713861,-30.0767,0,-13.8796,-0.129509,0,-0,0,0,-29.7504,-4.41798,3.16899,0,-0,0,
0.7,0.660874,0.713861,-29.6154,0,-13.6701,-0.127279,0,-0,0,0,-29.2941,-4.35055,3.12045,0,-0,0,
0.7,0.660911,0.713859,-29.4777,0,-13.6096,-0.126381,0,-0,0,0,-29.1578,-4.33077,3.10601,0,-0,0,
0.7,0.660947,0.713858,-29.5523,0,-13.6472,-0.126282,0,-0,0,0,-29.2315,-4.34206,3.11393,0,-0,0,
0.7,0.660987,0.713856,-29.3063,0,-13.5365,-0.124921,0,-0,0,0,-28.9882,-4.30627,3.08806,0,-0,0,
0.7,0.661023,0.713853,-29.5053,0,-13.6319,-0.1256,0,-0,0,0,-29.1849,-4.3358,3.10908,0,-0,0,
0.7,0.661063,0.713852,-29.1114,0,-13.4526,-0.123682,0,-0,0,0,-28.7952,-4.27868,3.0677,0,-0,0,
0.7,0.661102,0.71385,-29.2438,0,-13.5164,-0.123877,0,-0,0,0,-28.9261,-4.29866,3.08174,0,-0,0,
0.7,0.661143,0.713847,-29.2074,0,-13.502,-0.123381,0,-0,0,0,-28.8901,-4.29376,3.07798,0,-0,0,
0.7,0.66118,0.713845,-29.3335,0,-13.5633,-0.123632,0,-0,0,0,-29.0148,-4.31266,3.09133,0,-0,0,
0.7,0.66122,0.713842,-29.1441,0,-13.4781,-0.122471,0,-0,0,0,-28.8274,-4.28538,3.07147,0,-0,0,
0.7,0.661218,0.713841,-32.3651,0,-14.9734,-0.135877,0,-0,0,0,-32.0133,-4.75927,3.41097,0,-0,0,
0.7,0.661257,0.713839,-29.3403,0,-13.5766,-0.122828,0,-0,0,0,-29.0212,-4.31494,3.09226,0,-0,0,
0.7,0.661294,0.713836,-29.2595,0,-13.5423,-0.122142,0,-0,0,0,-28.9413,-4.3035,3.08382,0,-0,0,
0.7,0.661336,0.713832,-29.1007,0,-13.4712,-0.121071,0,-0,0,0,-28.7841,-4.28079,3.06719,0,-0,0,
0.7,0.661374,0.71383,-29.1344,0,-13.4894,-0.120763,0,-0,0,0,-28.8173,-4.28632,3.07083,0,-0,0,
0.7,0.661411,0.713828,-29.2216,0,-13.5324,-0.120826,0,-0,0,0,-28.9036,-4.29974,3.08013,0,-0,0,
0.7,0.661448,0.713828,-29.1207,0,-13.4886,-0.120189,0,-0,0,0,-28.8036,-4.2854,3.06957,0,-0,0,
0.7,0.661483,0.713827,-29.9457,0,-13.8737,-0.123355,0,-0,0,0,-29.6196,-4.40747,3.15665,0,-0,0,
0.7,0.661549,0.713828,-27.8349,0,-12.9015,-0.114167,0,-0,0,0,-27.5316,-4.09771,2.9343,0,-0,0,
0.7,0.661583,0.713829,-29.3389,0,-13.602,-0.120201,0,-0,0,0,-29.0191,-4.31951,3.09291,0,-0,0,
0.7,0.661617,0.71383,-29.3496,0,-13.61,-0.120056,0,-0,0,0,-29.0297,-4.32166,3.09414,0,-0,0,
0.7,0.661639,0.713831,-30.2787,0,-14.0447,-0.123378,0,-0,0,0,-29.9488,-4.45753,3.19193,0,-0,0,
0.7,0.661672,0.713832,-29.2768,0,-13.583,-0.119079,0,-0,0,0,-28.9578,-4.31049,3.08639,0,-0,0,
0.7,0.661702,0.713831,-29.6761,0,-13.7717,-0.12056,0,-0,0,0,-29.3526,-4.36958,3.12853,0,-0,0,
0.7,0.661736,0.713833,-29.1749,0,-13.5419,-0.118369,0,-0,0,0,-28.8568,-4.29626,3.07577,0,-0,0,
0.7,0.661768,0.713833,-29.4857,0,-13.6892,-0.119456,0,-0,0,0,-29.1641,-4.34259,3.10863,0,-0,0,
0.7,0.661798,0.713833,-29.4548,0,-13.6779,-0.119159,0,-0,0,0,-29.1335,-4.33856,3.10546,0,-0,0,
0.7,0.661828,0.71383,-29.9967,0,-13.933,-0.121263,0,-0,0,0,-29.6694,-4.41873,3.16265,0,-0,0,
0.7,0.661898,0.713831,-27.1181,0,-12.6011,-0.109414,0,-0,0,0,-26.8221,-3.99568,2.85932,0,-0,0,
0.7,0.661933,0.713831,-29.1128,0,-13.5306,-0.117308,0,-0,0,0,-28.7949,-4.29013,3.06973,0,-0,0,
0.7,0.661968,0.713832,-28.9524,0,-13.459,-0.116612,0,-0,0,0,-28.6362,-4.26695,3.05289,0,-0,0,
0.7,0.662003,0.713832,-28.899,0,-13.4366,-0.116322,0,-0,0,0,-28.5834,-4.25964,3.04736,0,-0,0,
0.7,0.662042,0.713833,-28.5336,0,-13.269,-0.114787,0,-0,0,0,-28.2218,-4.20636,3.00892,0,-0,0,
0.7,0.662077,0.713834,-28.9206,0,-13.4516,-0.116278,0,-0,0,0,-28.6046,-4.26388,3.04981,0,-0,0,
0.7,0.662111,0.713835,-28.9281,0,-13.4582,-0.116425,0,-0,0,0,-28.6119,-4.26538,3.05066,0,-0,0,
0.7,0.662145,0.713837,-28.9052,0,-13.4502,-0.116388,0,-0,0,0,-28.5892,-4.26248,3.04833,0,-0,0,
0.7,0.662183,0.713839,-28.5112,0,-13.2693,-0.114781,0,-0,0,0,-28.1994,-4.20492,3.00687,0,-0,0,
0.7,0.662217,0.71384,-28.923,0,-13.4636,-0.116416,0,-0,0,0,-28.6067,-4.26605,3.05037,0,-0,0,
0.7,0.66225,0.713842,-28.8971,0,-13.4546,-0.116333,0,-0,0,0,-28.581,-4.2626,3.0477,0,-0,0,
0.7,0.662285,0.713844,-28.7815,0,-13.4033,-0.115827,0,-0,0,0,-28.4666,-4.2461,3.0356,0,-0,0,
0.7,0.662318,0.713848,-28.9216,0,-13.4711,-0.116277,0,-0,0,0,-28.6051,-4.26724,3.05045,0,-0,0,
0.7,0.662354,0.713851,-28.808,0,-13.4207,-0.115764,0,-0,0,0,-28.4927,-4.25095,3.03855,0,-0,0,
0.7,0.662386,0.713852,-28.8924,0,-13.4631,-0.116152,0,-0,0,0,-28.576,-4.26381,3.04752,0,-0,0,
0.7,0.66242,0.713853,-28.8044,0,-13.4247,-0.115789,0,-0,0,0,-28.4889,-4.25136,3.03832,0,-0,0,
0.7,0.662458,0.713864,-28.3671,0,-13.2233,-0.113933,0,-0,0,0,-28.0563,-4.18751,2.99232,0,-0,0,
0.7,0.662492,0.713862,-28.7285,0,-13.3944,-0.11534,0,-0,0,0,-28.4137,-4.24142,3.03054,0,-0,0,
0.7,0.662526,0.713859,-29.1329,0,-13.5858,-0.116911,0,-0,0,0,-28.8135,-4.30165,3.07328,0,-0,0,
0.7,0.662594,0.713856,-26.3462,0,-12.2908,-0.10545,0,-0,0,0,-26.0572,-3.89134,2.7795,0,-0,0,
0.7,0.662631,0.713851,-28.6666,0,-13.3755,-0.114524,0,-0,0,0,-28.352,-4.23508,3.02447,0,-0,0,
0.7,0.662663,0.713846,-28.8509,0,-13.4644,-0.115276,0,-0,0,0,-28.5342,-4.26289,3.04401,0,-0,0,
0.7,0.662696,0.713843,-29.0686,0,-13.5687,-0.116102,0,-0,0,0,-28.7495,-4.29569,3.06709,0,-0,0,
0.7,0.662729,0.713836,-29.208,0,-13.6363,-0.116566,0,-0,0,0,-28.8872,-4.31694,3.0819,0,-0,0,
0.7,0.662798,0.713832,-26.9659,0,-12.5947,-0.107535,0,-0,0,0,-26.6696,-3.9865,2.84549,0,-0,0,
0.7,0.662832,0.713826,-28.4624,0,-13.2961,-0.113423,0,-0,0,0,-28.1496,-4.20827,3.00349,0,-0,0,
0.7,0.662867,0.713819,-28.4809,0,-13.3071,-0.113414,0,-0,0,0,-28.1678,-4.2116,3.00554,0,-0,0,
0.7,0.662901,0.713811,-28.5946,0,-13.3626,-0.113821,0,-0,0,0,-28.2801,-4.22889,3.01761,0,-0,0,
0.7,0.662934,0.713792,-28.466,0,-13.305,-0.113277,0,-0,0,0,-28.1529,-4.21034,3.00412,0,-0,0,
0.7,0.66297,0.713773,-28.4666,0,-13.308,-0.113302,0,-0,0,0,-28.1534,-4.21088,3.00426,0,-0,0,
0.7,0.663002,0.713765,-28.436,0,-13.2963,-0.113076,0,-0,0,0,-28.1231,-4.20684,3.00112,0,-0,0,
0.7,0.663036,0.713755,-28.9246,0,-13.5274,-0.114945,0,-0,0,0,-28.6062,-4.27968,3.05277,0,-0,0,
0.7,0.663103,0.713743,-26.3389,0,-12.3233,-0.104491,0,-0,0,0,-26.0489,-3.89763,2.77996,0,-0,0,
0.7,0.663137,0.71373,-28.4281,0,-13.3033,-0.11262,0,-0,0,0,-28.1151,-4.2072,3.00053,0,-0,0,
0.7,0.663171,0.713718,-28.2108,0,-13.2041,-0.111559,0,-0,0,0,-27.9001,-4.17556,2.97769,0,-0,0,
0.7,0.663204,0.713708,-28.4926,0,-13.3387,-0.112578,0,-0,0,0,-28.1787,-4.21765,3.00749,0,-0,0,
0.7,0.66324,0.713693,-28.2688,0,-13.2362,-0.111477,0,-0,0,0,-27.9573,-4.18498,2.98395,0,-0,0,
0.7,0.663271,0.713686,-28.8989,0,-13.5338,-0.113645,0,-0,0,0,-28.5804,-4.27868,3.05053,0,-0,0,
0.7,0.663335,0.713679,-26.1687,0,-12.2599,-0.102485,0,-0,0,0,-25.8802,-3.87537,2.76249,0,-0,0,
0.7,0.66337,0.713673,-28.4944,0,-13.3522,-0.111332,0,-0,0,0,-28.1801,-4.2202,3.00806,0,-0,0,
0.7,0.663402,0.713666,-28.2015,0,-13.2173,-0.109924,0,-0,0,0,-27.8904,-4.1773,2.97722,0,-0,0,
0.7,0.663437,0.71366,-28.1218,0,-13.1823,-0.1091,0,-0,0,0,-27.8114,-4.16603,2.9689,0,-0,0,
0.7,0.663473,0.713655,-27.8025,0,-13.0347,-0.107612,0,-0,0,0,-27.4956,-4.1194,2.9353,0,-0,0,
0.7,0.663512,0.71365,-27.6548,0,-12.9675,-0.106776,0,-0,0,0,-27.3494,-4.09819,2.91982,0,-0,0,
0.7,0.663546,0.713647,-27.8369,0,-13.0553,-0.107249,0,-0,0,0,-27.5295,-4.12575,2.93915,0,-0,0,
0.7,0.663582,0.713642,-27.8984,0,-13.0863,-0.10725,0,-0,0,0,-27.5902,-4.13553,2.94575,0,-0,0,
0.7,0.663621,0.713636,-27.4103,0,-12.8592,-0.105147,0,-0,0,0,-27.1074,-4.06393,2.89434,0,-0,0,
0.7,0.663653,0.713625,-28.5648,0,-13.4042,-0.109535,0,-0,0,0,-28.249,-4.23556,3.01632,0,-0,0,
0.7,0.663726,0.713619,-25.259,0,-11.8569,-0.0963327,0,-0,0,0,-24.9796,-3.7466,2.66744,0,-0,0,
0.7,0.663766,0.713614,-27.7785,0,-13.042,-0.105661,0,-0,0,0,-27.4711,-4.12105,2.93364,0,-0,0,
0.7,0.663803,0.713609,-27.4899,0,-12.9086,-0.10415,0,-0,0,0,-27.1856,-4.07893,2.90327,0,-0,0,
0.7,0.66384,0.713602,-27.4067,0,-12.8716,-0.103301,0,-0,0,0,-27.1032,-4.06735,2.89462,0,-0,0,
0.7,0.663879,0.713596,-27.2822,0,-12.8152,-0.102418,0,-0,0,0,-26.98,-4.04966,2.8816,0,-0,0,
0.7,0.663921,0.713589,-26.9872,0,-12.6784,-0.100951,0,-0,0,0,-26.6881,-4.00679,2.85059,0,-0,0,
0.7,0.663958,0.713582,-27.3471,0,-12.8498,-0.102033,0,-0,0,0,-27.0439,-4.06095,2.88873,0,-0,0,
0.7,0.663997,0.713576,-27.2465,0,-12.8046,-0.101299,0,-0,0,0,-26.9443,-4.04674,2.87822,0,-0,0,
0.7,0.664035,0.713569,-27.1966,0,-12.7832,-0.100877,0,-0,0,0,-26.8948,-4.04004,2.87307,0,-0,0,
0.7,0.664073,0.713564,-27.4485,0,-12.9036,-0.102508,0,-0,0,0,-27.1438,-4.07817,2.8998,0,-0,0,
0.7,0.664112,0.713559,-27.1084,0,-12.7459,-0.101065,0,-0,0,0,-26.8074,-4.02834,2.86399,0,-0,0,
0.7,0.664148,0.713552,-27.5697,0,-12.965,-0.102563,0,-0,0,0,-27.2635,-4.09747,2.91283,0,-0,0,
0.7,0.664181,0.713538,-27.553,0,-12.9593,-0.102234,0,-0,0,0,-27.2469,-4.09553,2.91115,0,-0,0,
0.7,0.664216,0.71353,-27.3038,0,-12.8442,-0.101141,0,-0,0,0,-27.0004,-4.05907,2.88492,0,-0,0,
0.7,0.664249,0.713523,-28.1015,0,-13.2221,-0.103989,0,-0,0,0,-27.7891,-4.17823,2.9693,0,-0,0,
0.7,0.664324,0.713515,-25.5269,0,-12.0106,-0.0934236,0,-0,0,0,-25.2429,-3.79712,2.69753,0,-0,0,
0.7,0.664358,0.713508,-27.3083,0,-12.8509,-0.0996812,0,-0,0,0,-27.0044,-4.06255,2.88586,0,-0,0,
0.7,0.66439,0.713501,-27.4126,0,-12.9023,-0.0997563,0,-0,0,0,-27.1074,-4.07856,2.89696,0,-0,0,
0.7,0.66442,0.713493,-27.5298,0,-12.9603,-0.0998531,0,-0,0,0,-27.2233,-4.09636,2.90941,0,-0,0,
0.7,0.664449,0.713486,-27.7003,0,-13.0431,-0.100136,0,-0,0,0,-27.3918,-4.12208,2.92749,0,-0,0,
0.7,0.664477,0.713478,-27.7042,0,-13.0477,-0.0998155,0,-0,0,0,-27.3957,-4.12303,2.92796,0,-0,0,
0.7,0.664505,0.713471,-27.8323,0,-13.111,-0.0999638,0,-0,0,0,-27.5223,-4.14239,2.94155,0,-0,0,
0.7,0.664533,0.713463,-27.6964,0,-13.0496,-0.0991531,0,-0,0,0,-27.3878,-4.12259,2.92726,0,-0,0,
0.7,0.664558,0.713456,-27.855,0,-13.1273,-0.0992338,0,-0,0,0,-27.5446,-4.14656,2.94408,0,-0,0,
0.7,0.664586,0.713449,-27.6323,0,-13.0251,-0.0980346,0,-0,0,0,-27.3244,-4.11377,2.92061,0,-0,0,
0.7,0.664611,0.713441,-27.8667,0,-13.1389,-0.0985701,0,-0,0,0,-27.5561,-4.14901,2.94543,0,-0,0,
0.7,0.664637,0.713431,-27.799,0,-13.1099,-0.0979226,0,-0,0,0,-27.4891,-4.13928,2.93834,0,-0,0,
0.7,0.664665,0.71341,-27.7188,0,-13.0749,-0.0974028,0,-0,0,0,-27.4098,-4.12768,2.92992,0,-0,0,
0.7,0.664693,0.713399,-27.5398,0,-12.9931,-0.0965212,0,-0,0,0,-27.2326,-4.10141,2.91106,0,-0,0,
0.7,0.664724,0.713388,-27.8349,0,-13.1352,-0.097332,0,-0,0,0,-27.5244,-4.14584,2.94234,0,-0,0,
0.7,0.664782,0.713377,-25.9399,0,-12.2454,-0.0901402,0,-0,0,0,-25.6504,-3.86439,2.74215,0,-0,0,
0.7,0.664812,0.713366,-27.4636,0,-12.967,-0.0951428,0,-0,0,0,-27.1571,-4.09183,2.9033,0,-0,0,
0.7,0.664843,0.713354,-27.2465,0,-12.8667,-0.0940755,0,-0,0,0,-26.9423,-4.05995,2.88043,0,-0,0,
0.7,0.664872,0.713344,-27.5,0,-12.989,-0.0946968,0,-0,0,0,-27.1929,-4.09825,2.90732,0,-0,0,
0.7,0.664903,0.713334,-27.2251,0,-12.8613,-0.0933326,0,-0,0,0,-26.9209,-4.05779,2.87834,0,-0,0,
0.7,0.664933,0.713325,-27.3879,0,-12.9406,-0.0934643,0,-0,0,0,-27.0819,-4.08255,2.89564,0,-0,0,
0.7,0.664965,0.713309,-27.2123,0,-12.8601,-0.0924819,0,-0,0,0,-26.9082,-4.05682,2.87715,0,-0,0,
0.7,0.664996,0.7133,-27.2092,0,-12.8609,-0.0919949,0,-0,0,0,-26.905,-4.05694,2.87691,0,-0,0,
0.7,0.665027,0.713289,-27.5884,0,-13.0425,-0.0928996,0,-0,0,0,-27.2799,-4.11404,2.9171,0,-0,0,
0.7,0.665087,0.713279,-25.6689,0,-12.1396,-0.085864,0,-0,0,0,-25.3817,-3.8287,2.71429,0,-0,0,
0.7,0.665115,0.71327,-27.2959,0,-12.9115,-0.0910346,0,-0,0,0,-26.9904,-4.07192,2.88642,0,-0,0,
0.7,0.665141,0.713261,-27.3277,0,-12.9292,-0.0908535,0,-0,0,0,-27.0219,-4.07711,2.88986,0,-0,0,
0.7,0.665168,0.713252,-27.3051,0,-12.9211,-0.0905588,0,-0,0,0,-26.9995,-4.07414,2.88754,0,-0,0,
0.7,0.665195,0.713244,-27.2175,0,-12.8826,-0.0900373,0,-0,0,0,-26.9128,-4.0614,2.87833,0,-0,0,
0.7,0.665221,0.713235,-27.2828,0,-12.9162,-0.0899099,0,-0,0,0,-26.9773,-4.07157,2.8853,0,-0,0,
0.7,0.665246,0.713228,-27.3912,0,-12.9703,-0.0900233,0,-0,0,0,-27.0844,-4.08808,2.89682,0,-0,0,
0.7,0.665272,0.713218,-27.3332,0,-12.9457,-0.0895978,0,-0,0,0,-27.027,-4.0797,2.89073,0,-0,0,
0.7,0.665296,0.71321,-27.4027,0,-12.9817,-0.08956,0,-0,0,0,-27.0957,-4.09031,2.89813,0,-0,0,
0.7,0.665323,0.713203,-27.1166,0,-12.8486,-0.0882452,0,-0,0,0,-26.8127,-4.048,2.86793,0,-0,0,
0.7,0.665347,0.713197,-27.3639,0,-12.9685,-0.0887508,0,-0,0,0,-27.0572,-4.08528,2.89415,0,-0,0,
0.7,0.66537,0.713191,-27.4579,0,-13.0157,-0.0887736,0,-0,0,0,-27.1501,-4.09962,2.90414,0,-0,0,
0.7,0.665392,0.713182,-27.5491,0,-13.062,-0.0888383,0,-0,0,0,-27.2403,-4.1135,2.91383,0,-0,0,
0.7,0.665418,0.713174,-27.1683,0,-12.8839,-0.0872451,0,-0,0,0,-26.8637,-4.05705,2.87362,0,-0,0,
0.7,0.665441,0.713168,-27.3698,0,-12.9821,-0.0876189,0,-0,0,0,-27.0629,-4.08748,2.895,0,-0,0,
0.7,0.665465,0.713159,-27.3005,0,-12.9518,-0.0871771,0,-0,0,0,-26.9942,-4.07745,2.88771,0,-0,0,
0.7,0.665489,0.713152,-27.2455,0,-12.9283,-0.0868075,0,-0,0,0,-26.9398,-4.0696,2.88196,0,-0,0,
0.7,0.665516,0.713146,-27.0204,0,-12.8242,-0.0859232,0,-0,0,0,-26.7172,-4.03628,2.8582,0,-0,0,
0.7,0.665544,0.713139,-27.2232,0,-12.9227,-0.0864279,0,-0,0,0,-26.9177,-4.06701,2.87973,0,-0,0,
0.7,0.665571,0.713132,-26.9762,0,-12.8078,-0.0855095,0,-0,0,0,-26.6734,-4.03045,2.85366,0,-0,0,
0.7,0.665598,0.713121,-27.0736,0,-12.8563,-0.0857266,0,-0,0,0,-26.7696,-4.04534,2.86401,0,-0,0,
0.7,0.665627,0.713112,-26.8519,0,-12.7534,-0.0850086,0,-0,0,0,-26.5504,-4.01261,2.84062,0,-0,0,
0.7,0.665654,0.713094,-27.1645,0,-12.9043,-0.0858877,0,-0,0,0,-26.8594,-4.0597,2.87376,0,-0,0,
0.7,0.665681,0.713082,-26.902,0,-12.7819,-0.0849761,0,-0,0,0,-26.5998,-4.02082,2.84604,0,-0,0,
0.7,0.665706,0.713071,-27.576,0,-13.105,-0.0870656,0,-0,0,0,-27.2662,-4.12184,2.9174,0,-0,0,
0.7,0.665761,0.71306,-25.3828,0,-12.0673,-0.0799491,0,-0,0,0,-25.0975,-3.79477,2.68549,0,-0,0,
0.7,0.665788,0.713049,-26.8136,0,-12.7499,-0.0843731,0,-0,0,0,-26.5122,-4.00908,2.83694,0,-0,0,
0.7,0.665816,0.713036,-26.7316,0,-12.7136,-0.0841145,0,-0,0,0,-26.4311,-3.99719,2.82833,0,-0,0,
0.7,0.665845,0.713026,-26.6466,0,-12.6754,-0.083652,0,-0,0,0,-26.3469,-3.98493,2.81941,0,-0,0,
0.7,0.665877,0.713018,-26.3358,0,-12.5295,-0.0825668,0,-0,0,0,-26.0395,-3.93904,2.78662,0,-0,0,
0.7,0.665906,0.713008,-26.5726,0,-12.6444,-0.0831789,0,-0,0,0,-26.2736,-3.97494,2.81176,0,-0,0,
0.7,0.665934,0.713,-26.6221,0,-12.6704,-0.0832021,0,-0,0,0,-26.3224,-3.9828,2.81707,0,-0,0,
0.7,0.665963,0.712992,-26.5787,0,-12.6519,-0.082942,0,-0,0,0,-26.2795,-3.97694,2.81259,0,-0,0,
0.7,0.665992,0.712983,-26.5474,0,-12.6391,-0.0826756,0,-0,0,0,-26.2484,-3.97282,2.80937,0,-0,0,
0.7,0.666018,0.712974,-26.7248,0,-12.7259,-0.0831683,0,-0,0,0,-26.4238,-3.99993,2.82824,0,-0,0,
0.7,0.666044,0.712963,-26.699,0,-12.7159,-0.0830258,0,-0,0,0,-26.3982,-3.99659,2.82559,0,-0,0,
0.7,0.666069,0.712953,-26.792,0,-12.7628,-0.0831838,0,-0,0,0,-26.49,-4.01101,2.83552,0,-0,0,
0.7,0.666098,0.712944,-26.4333,0,-12.594,-0.081963,0,-0,0,0,-26.1353,-3.95796,2.79766,0,-0,0,
0.7,0.666125,0.712933,-26.6683,0,-12.7082,-0.0826274,0,-0,0,0,-26.3675,-3.9937,2.82263,0,-0,0,
0.7,0.66615,0.71292,-26.7733,0,-12.7608,-0.0829735,0,-0,0,0,-26.4712,-4.00985,2.83381,0,-0,0,
0.7,0.666178,0.712908,-26.5523,0,-12.6576,-0.0821907,0,-0,0,0,-26.2527,-3.97725,2.8105,0,-0,0,
0.7,0.666204,0.712896,-26.5839,0,-12.6749,-0.0823077,0,-0,0,0,-26.2839,-3.98254,2.81394,0,-0,0,
0.7,0.666229,0.712885,-26.7925,0,-12.7766,-0.0829298,0,-0,0,0,-26.49,-4.01423,2.83609,0,-0,0,
0.7,0.666253,0.712872,-26.7936,0,-12.7799,-0.083026,0,-0,0,0,-26.4911,-4.01475,2.83627,0,-0,0,
0.7,0.666281,0.71286,-26.5745,0,-12.6776,-0.0823296,0,-0,0,0,-26.2743,-3.98245,2.81316,0,-0,0,
0.7,0.666305,0.712834,-26.7304,0,-12.7545,-0.08288,0,-0,0,0,-26.4285,-4.00627,2.82975,0,-0,0,
0.7,0.66633,0.712819,-27.1422,0,-12.9534,-0.0842017,0,-0,0,0,-26.8355,-4.06841,2.87341,0,-0,0,
0.7,0.666378,0.712806,-25.5087,0,-12.1789,-0.0790349,0,-0,0,0,-25.2204,-3.82434,2.70061,0,-0,0,
0.7,0.666406,0.712794,-26.3928,0,-12.6032,-0.0816168,0,-0,0,0,-26.0944,-3.95746,2.7943,0,-0,0,
0.7,0.666433,0.712781,-26.4128,0,-12.6151,-0.0814247,0,-0,0,0,-26.1141,-3.96091,2.7965,0,-0,0,
0.7,0.66646,0.712766,-26.3804,0,-12.6019,-0.0810495,0,-0,0,0,-26.082,-3.95647,2.79313,0,-0,0,
0.7,0.666485,0.712751,-26.4137,0,-12.6204,-0.080968,0,-0,0,0,-26.1149,-3.9618,2.79672,0,-0,0,
0.7,0.666513,0.712739,-26.2731,0,-12.5554,-0.0803925,0,-0,0,0,-25.9758,-3.94119,2.78191,0,-0,0,
0.7,0.666542,0.712728,-26.0991,0,-12.4743,-0.079692,0,-0,0,0,-25.8037,-3.91547,2.76355,0,-0,0,
0.7,0.66657,0.712716,-26.34,0,-12.5916,-0.0802828,0,-0,0,0,-26.0418,-3.95201,2.78913,0,-0,0,
0.7,0.666596,0.712705,-26.3689,0,-12.6079,-0.080205,0,-0,0,0,-26.0703,-3.95661,2.79223,0,-0,0,
0.7,0.666623,0.712693,-26.2887,0,-12.5717,-0.0798347,0,-0,0,0,-25.991,-3.94497,2.7838,0,-0,0,
0.7,0.666652,0.712681,-26.0904,0,-12.4789,-0.0790591,0,-0,0,0,-25.7949,-3.91549,2.76285,0,-0,0,
0.7,0.666679,0.712667,-26.3062,0,-12.5843,-0.0795457,0,-0,0,0,-26.0082,-3.94818,2.78576,0,-0,0,
0.7,0.666706,0.712654,-26.1449,0,-12.5094,-0.0788931,0,-0,0,0,-25.8487,-3.92425,2.76872,0,-0,0,
0.7,0.666736,0.712627,-26.6037,0,-12.7309,-0.0801322,0,-0,0,0,-26.3023,-3.9936,2.81739,0,-0,0,
0.7,0.666798,0.712611,-24.1453,0,-11.5579,-0.0725287,0,-0,0,0,-23.8715,-3.62535,2.55717,0,-0,0,
0.7,0.666824,0.712595,-26.3211,0,-12.6018,-0.079022,0,-0,0,0,-26.0226,-3.95235,2.78765,0,-0,0,
0.7,0.666849,0.712579,-26.2012,0,-12.5467,-0.0785863,0,-0,0,0,-25.9041,-3.93471,2.77502,0,-0,0,
0.7,0.666875,0.712564,-26.2235,0,-12.5596,-0.0785541,0,-0,0,0,-25.9261,-3.93844,2.77744,0,-0,0,
0.7,0.666898,0.71255,-26.3897,0,-12.6415,-0.0788898,0,-0,0,0,-26.0903,-3.96377,2.79511,0,-0,0,
0.7,0.666922,0.712532,-26.3723,0,-12.6355,-0.07866,0,-0,0,0,-26.073,-3.96165,2.79335,0,-0,0,
0.7,0.666948,0.712518,-26.1532,0,-12.5329,-0.0777933,0,-0,0,0,-25.8563,-3.92908,2.77019,0,-0,0,
0.7,0.666972,0.712505,-26.3035,0,-12.6072,-0.0780231,0,-0,0,0,-26.0049,-3.95207,2.78619,0,-0,0,
0.7,0.666996,0.712491,-26.2927,0,-12.6042,-0.0777719,0,-0,0,0,-25.9942,-3.95086,2.78511,0,-0,0,
0.7,0.66702,0.712478,-26.2312,0,-12.5772,-0.0773806,0,-0,0,0,-25.9333,-3.94206,2.77867,0,-0,0,
0.7,0.667047,0.712464,-26.0369,0,-12.486,-0.0766101,0,-0,0,0,-25.7411,-3.9133,2.75816,0,-0,0,
0.7,0.667073,0.712437,-26.1802,0,-12.5569,-0.0768388,0,-0,0,0,-25.8828,-3.93528,2.77342,0,-0,0,
0.7,0.667097,0.712421,-26.0665,0,-12.5046,-0.0763411,0,-0,0,0,-25.7703,-3.91858,2.76144,0,-0,0,
0.7,0.66712,0.712407,-26.5541,0,-12.7409,-0.0775549,0,-0,0,0,-26.2523,-3.99225,2.81315,0,-0,0,
0.7,0.667143,0.712393,-26.6478,0,-12.7924,-0.0778009,0,-0,0,0,-26.3448,-4.00699,2.82319,0,-0,0,
0.7,0.667165,0.712377,-26.2896,0,-12.6228,-0.0766913,0,-0,0,0,-25.9906,-3.95353,2.7853,0,-0,0,
0.7,0.667186,0.712363,-26.2829,0,-12.6222,-0.0765609,0,-0,0,0,-25.9839,-3.95291,2.78466,0,-0,0,
0.7,0.667211,0.712348,-25.9916,0,-12.4844,-0.0756493,0,-0,0,0,-25.6959,-3.90963,2.75389,0,-0,0,
0.7,0.667232,0.712336,-26.2241,0,-12.5984,-0.0762728,0,-0,0,0,-25.9256,-3.94504,2.77859,0,-0,0,
0.7,0.667254,0.712324,-26.1785,0,-12.5788,-0.0761013,0,-0,0,0,-25.8805,-3.93865,2.77384,0,-0,0,
0.7,0.667277,0.712308,-26.1325,0,-12.559,-0.075932,0,-0,0,0,-25.835,-3.9322,2.76905,0,-0,0,
0.7,0.667291,0.712295,-26.7362,0,-12.8521,-0.0774681,0,-0,0,0,-26.4319,-4.02243,2.83291,0,-0,0,
0.7,0.667317,0.712284,-25.8132,0,-12.4105,-0.0747289,0,-0,0,0,-25.5193,-3.88412,2.7352,0,-0,0,
0.7,0.667343,0.712272,-25.8335,0,-12.4223,-0.0746914,0,-0,0,0,-25.5393,-3.88763,2.73743,0,-0,0,
0.7,0.667367,0.712262,-25.9237,0,-12.468,-0.0748977,0,-0,0,0,-25.6284,-3.90156,2.74704,0,-0,0,
0.7,0.667393,0.712249,-25.7148,0,-12.3696,-0.0741257,0,-0,0,0,-25.4218,-3.8705,2.72497,0,-0,0,
0.7,0.667418,0.712239,-25.816,0,-12.4203,-0.0743403,0,-0,0,0,-25.5218,-3.88614,2.73577,0,-0,0,
0.7,0.667444,0.712226,-25.8985,0,-12.462,-0.0744445,0,-0,0,0,-25.6034,-3.89895,2.74458,0,-0,0,
0.7,0.667469,0.712212,-25.8308,0,-12.4314,-0.0741209,0,-0,0,0,-25.5363,-3.88917,2.73747,0,-0,0,
0.7,0.667493,0.7122,-25.9272,0,-12.4801,-0.0743248,0,-0,0,0,-25.6316,-3.90403,2.74774,0,-0,0,
0.7,0.667519,0.712189,-25.701,0,-12.3731,-0.0734675,0,-0,0,0,-25.4078,-3.87043,2.72384,0,-0,0,
0.7,0.667543,0.712165,-26.0008,0,-12.5194,-0.0741268,0,-0,0,0,-25.7042,-3.91593,2.75568,0,-0,0,
0.7,0.667566,0.712153,-25.9332,0,-12.4893,-0.0737198,0,-0,0,0,-25.6373,-3.90601,2.74855,0,-0,0,
0.7,0.667589,0.712142,-26.2193,0,-12.6293,-0.0742369,0,-0,0,0,-25.9202,-3.94942,2.77894,0,-0,0,
0.7,0.667639,0.71213,-24.4934,0,-11.802,-0.0688967,0,-0,0,0,-24.2139,-3.69015,2.59613,0,-0,0,
0.7,0.667661,0.712117,-25.9338,0,-12.4986,-0.0728146,0,-0,0,0,-25.6378,-3.9074,2.74884,0,-0,0,
0.7,0.667685,0.712127,-25.7281,0,-12.4017,-0.0720814,0,-0,0,0,-25.4343,-3.87667,2.72708,0,-0,0,
0.7,0.667707,0.712116,-25.8366,0,-12.4563,-0.0721586,0,-0,0,0,-25.5416,-3.89332,2.73863,0,-0,0,
0.7,0.667727,0.712105,-25.9436,0,-12.5101,-0.0722527,0,-0,0,0,-25.6473,-3.90977,2.75003,0,-0,0,
0.7,0.667747,0.712094,-26.0178,0,-12.5485,-0.0723265,0,-0,0,0,-25.7206,-3.9212,2.75793,0,-0,0,
0.7,0.667769,0.712079,-25.8035,0,-12.4474,-0.0715991,0,-0,0,0,-25.5087,-3.88918,2.73526,0,-0,0,
0.7,0.66779,0.712058,-25.8886,0,-12.4907,-0.0716468,0,-0,0,0,-25.5927,-3.9024,2.74435,0,-0,0,
0.7,0.667813,0.712046,-25.7215,0,-12.4122,-0.0710126,0,-0,0,0,-25.4275,-3.87765,2.72671,0,-0,0,
0.7,0.667833,0.712033,-25.9123,0,-12.5068,-0.0713677,0,-0,0,0,-25.6161,-3.90667,2.74698,0,-0,0,
0.7,0.667855,0.712018,-25.8066,0,-12.458,-0.070818,0,-0,0,0,-25.5115,-3.891,2.73581,0,-0,0,
0.7,0.667878,0.712004,-25.6338,0,-12.3767,-0.0700023,0,-0,0,0,-25.3407,-3.86526,2.71755,0,-0,0,
0.7,0.6679,0.71199,-25.6606,0,-12.3918,-0.0697696,0,-0,0,0,-25.3671,-3.86972,2.72046,0,-0,0,
0.7,0.667922,0.711976,-25.6984,0,-12.4124,-0.0695661,0,-0,0,0,-25.4044,-3.87572,2.72452,0,-0,0,
0.7,0.667947,0.711961,-25.456,0,-12.2972,-0.0685343,0,-0,0,0,-25.1648,-3.83955,2.69889,0,-0,0,
0.7,0.667969,0.711948,-25.7094,0,-12.4215,-0.0688695,0,-0,0,0,-25.4152,-3.8781,2.7258,0,-0,0,
0.7,0.66799,0.711934,-25.7125,0,-12.4251,-0.0684648,0,-0,0,0,-25.4182,-3.87893,2.7262,0,-0,0,
0.7,0.668012,0.71192,-25.9209,0,-12.5278,-0.0686755,0,-0,0,0,-25.6241,-3.91078,2.74836,0,-0,0,
0.7,0.668034,0.711903,-25.678,0,-12.4126,-0.0677785,0,-0,0,0,-25.384,-3.87448,2.72266,0,-0,0,
0.7,0.668056,0.711875,-25.7075,0,-12.4289,-0.0674977,0,-0,0,0,-25.4131,-3.87933,2.72586,0,-0,0,
0.7,0.668078,0.71186,-25.5512,0,-12.3553,-0.0667678,0,-0,0,0,-25.2586,-3.8562,2.70936,0,-0,0,
0.7,0.668101,0.711844,-25.906,0,-12.5291,-0.0674406,0,-0,0,0,-25.6092,-3.91019,2.74706,0,-0,0,
0.7,0.66815,0.71183,-24.3,0,-11.7561,-0.0624456,0,-0,0,0,-24.0215,-3.66862,2.5769,0,-0,0,
0.7,0.668173,0.711815,-25.5077,0,-12.3429,-0.0653692,0,-0,0,0,-25.2152,-3.85129,2.70502,0,-0,0,
0.7,0.6682,0.711802,-25.1428,0,-12.1684,-0.0642274,0,-0,0,0,-24.8545,-3.79675,2.66642,0,-0,0,
0.7,0.668226,0.711787,-25.153,0,-12.1752,-0.0639024,0,-0,0,0,-24.8645,-3.7988,2.66758,0,-0,0,
0.7,0.668254,0.711775,-24.9952,0,-12.1005,-0.0632347,0,-0,0,0,-24.7084,-3.77543,2.65092,0,-0,0,
0.7,0.66828,0.711762,-25.1158,0,-12.1608,-0.0633251,0,-0,0,0,-24.8276,-3.79417,2.66381,0,-0,0,
0.7,0.668303,0.711749,-25.2885,0,-12.2467,-0.063594,0,-0,0,0,-24.9982,-3.8206,2.68218,0,-0,0,
0.7,0.668328,0.711736,-25.2186,0,-12.2149,-0.0630875,0,-0,0,0,-24.9291,-3.81042,2.67483,0,-0,0,
0.7,0.668353,0.711721,-25.1146,0,-12.1664,-0.0625725,0,-0,0,0,-24.8262,-3.79507,2.66386,0,-0,0,
0.7,0.668377,0.711708,-25.3549,0,-12.2848,-0.0637876,0,-0,0,0,-25.0637,-3.83179,2.68942,0,-0,0,
0.7,0.668398,0.711695,-25.4786,0,-12.3474,-0.0630122,0,-0,0,0,-25.186,-3.85072,2.70258,0,-0,0,
0.7,0.66842,0.711681,-25.3873,0,-12.3053,-0.0625107,0,-0,0,0,-25.0956,-3.83717,2.69293,0,-0,0,
0.7,0.668442,0.711665,-25.3251,0,-12.2772,-0.0629417,0,-0,0,0,-25.0341,-3.82804,2.68638,0,-0,0,
0.7,0.668468,0.71165,-25.112,0,-12.1757,-0.0622512,0,-0,0,0,-24.8234,-3.79613,2.66382,0,-0,0,
0.7,0.66849,0.711637,-25.2415,0,-12.2407,-0.0624352,0,-0,0,0,-24.9514,-3.81595,2.6776,0,-0,0,
0.7,0.668514,0.71161,-25.3684,0,-12.3041,-0.0625678,0,-0,0,0,-25.0768,-3.83545,2.69112,0,-0,0,
0.7,0.668539,0.711597,-24.9744,0,-12.1147,-0.0613269,0,-0,0,0,-24.6872,-3.77622,2.64938,0,-0,0,
0.7,0.668563,0.711584,-25.0835,0,-12.1694,-0.0614318,0,-0,0,0,-24.795,-3.79311,2.66102,0,-0,0,
0.7,0.668595,0.711572,-24.431,0,-11.8513,-0.0592691,0,-0,0,0,-24.1499,-3.69534,2.59194,0,-0,0,
0.7,0.668615,0.711559,-25.7728,0,-12.5045,-0.062511,0,-0,0,0,-25.4762,-3.89857,2.73435,0,-0,0,
0.7,0.668656,0.711547,-24.2215,0,-11.7557,-0.0586913,0,-0,0,0,-23.9427,-3.66453,2.56987,0,-0,0,
0.7,0.668674,0.711534,-25.5291,0,-12.3928,-0.0619472,0,-0,0,0,-25.2352,-3.86258,2.70864,0,-0,0,
0.7,0.668693,0.711521,-25.3429,0,-12.3045,-0.0615211,0,-0,0,0,-25.0511,-3.83474,2.68894,0,-0,0,
0.7,0.668712,0.711506,-25.4307,0,-12.3493,-0.0616934,0,-0,0,0,-25.1378,-3.84831,2.6983,0,-0,0,
0.7,0.668732,0.711493,-25.3878,0,-12.3309,-0.0616138,0,-0,0,0,-25.0953,-3.84208,2.69379,0,-0,0,
0.7,0.66875,0.71148,-25.5277,0,-12.4011,-0.0619066,0,-0,0,0,-25.2336,-3.86346,2.70867,0,-0,0,
0.7,0.668767,0.711466,-25.4695,0,-12.3752,-0.0616798,0,-0,0,0,-25.1761,-3.85488,2.70254,0,-0,0,
0.7,0.668785,0.711436,-25.5511,0,-12.4171,-0.0617783,0,-0,0,0,-25.2567,-3.86744,2.71123,0,-0,0,
0.7,0.668806,0.711422,-25.5653,0,-12.4264,-0.061801,0,-0,0,0,-25.2707,-3.86984,2.71278,0,-0,0,
0.7,0.668843,0.711409,-24.4808,0,-11.9035,-0.0591952,0,-0,0,0,-24.1986,-3.70612,2.59777,0,-0,0,
0.7,0.66886,0.711397,-25.4678,0,-12.3858,-0.0615704,0,-0,0,0,-25.1742,-3.85574,2.70254,0,-0,0,
0.7,0.668878,0.711384,-25.3581,0,-12.3351,-0.061327,0,-0,0,0,-25.0658,-3.83933,2.69093,0,-0,0,
0.7,0.668894,0.711372,-25.476,0,-12.3949,-0.0616062,0,-0,0,0,-25.1823,-3.85732,2.70346,0,-0,0,
0.7,0.66891,0.71136,-25.4143,0,-12.3673,-0.0614213,0,-0,0,0,-25.1212,-3.84814,2.69694,0,-0,0,
0.7,0.668927,0.711349,-25.3709,0,-12.3485,-0.0612257,0,-0,0,0,-25.0783,-3.84174,2.69237,0,-0,0,
0.7,0.668946,0.711339,-25.2611,0,-12.2972,-0.0608639,0,-0,0,0,-24.9697,-3.82535,2.68075,0,-0,0,
0.7,0.668963,0.711328,-25.3286,0,-12.3324,-0.0610019,0,-0,0,0,-25.0364,-3.83584,2.68796,0,-0,0,
0.7,0.668981,0.711318,-25.3021,0,-12.3217,-0.0608618,0,-0,0,0,-25.0102,-3.83209,2.6852,0,-0,0,
0.7,0.668999,0.711309,-25.2134,0,-12.2804,-0.060554,0,-0,0,0,-24.9225,-3.81894,2.67583,0,-0,0,
0.7,0.669018,0.711299,-25.1796,0,-12.2661,-0.0604422,0,-0,0,0,-24.889,-3.81409,2.67229,0,-0,0,
0.7,0.66904,0.711288,-25.1046,0,-12.2313,-0.0602277,0,-0,0,0,-24.8149,-3.8031,2.66439,0,-0,0,
0.7,0.669061,0.711275,-25.0261,0,-12.1948,-0.0599945,0,-0,0,0,-24.7372,-3.79152,2.65611,0,-0,0,
0.7,0.669081,0.711265,-25.1097,0,-12.2374,-0.0601397,0,-0,0,0,-24.8198,-3.80452,2.66504,0,-0,0,
0.7,0.6691,0.711242,-25.1808,0,-12.2741,-0.0603099,0,-0,0,0,-24.89,-3.81558,2.67263,0,-0,0,
0.7,0.669122,0.71123,-25.2281,0,-12.299,-0.0603747,0,-0,0,0,-24.9368,-3.8232,2.67773,0,-0,0,
0.7,0.669163,0.711219,-23.5779,0,-11.498,-0.0562718,0,-0,0,0,-23.3054,-3.5738,2.50269,0,-0,0,
0.7,0.669183,0.711206,-25.1736,0,-12.2783,-0.0601269,0,-0,0,0,-24.8827,-3.81605,2.67213,0,-0,0,
0.7,0.669203,0.711193,-25.0446,0,-12.2172,-0.0597823,0,-0,0,0,-24.7551,-3.79689,2.6585,0,-0,0,
0.7,0.669225,0.71118,-24.892,0,-12.1445,-0.0594147,0,-0,0,0,-24.6042,-3.77412,2.64236,0,-0,0,
0.7,0.669245,0.711169,-24.9807,0,-12.1897,-0.0594937,0,-0,0,0,-24.6919,-3.78798,2.65185,0,-0,0,
0.7,0.669264,0.711157,-24.9402,0,-12.172,-0.0593433,0,-0,0,0,-24.6517,-3.78219,2.64761,0,-0,0,
0.7,0.669285,0.711144,-24.8934,0,-12.151,-0.059096,0,-0,0,0,-24.6054,-3.77552,2.64271,0,-0,0,
0.7,0.669307,0.711133,-24.7229,0,-12.0696,-0.0585425,0,-0,0,0,-24.4369,-3.75002,2.62467,0,-0,0,
0.7,0.669326,0.711122,-24.9105,0,-12.1631,-0.058825,0,-0,0,0,-24.6222,-3.77872,2.64463,0,-0,0,
0.7,0.669344,0.71111,-25.0841,0,-12.2503,-0.0591392,0,-0,0,0,-24.7938,-3.80522,2.66309,0,-0,0,
0.7,0.669361,0.711086,-25.0868,0,-12.2537,-0.0590257,0,-0,0,0,-24.7964,-3.8059,2.66341,0,-0,0,
0.7,0.669379,0.711076,-24.9916,0,-12.2093,-0.0587455,0,-0,0,0,-24.7022,-3.79164,2.65334,0,-0,0,
0.7,0.669396,0.711064,-25.093,0,-12.2611,-0.0589217,0,-0,0,0,-24.8025,-3.80723,2.66414,0,-0,0,
0.7,0.669412,0.711051,-25.089,0,-12.2615,-0.0588012,0,-0,0,0,-24.7985,-3.80685,2.66376,0,-0,0,
0.7,0.669428,0.711038,-25.4243,0,-12.4278,-0.0595411,0,-0,0,0,-25.1298,-3.85794,2.69938,0,-0,0,
0.7,0.669457,0.711027,-24.1967,0,-11.8321,-0.0564099,0,-0,0,0,-23.9165,-3.67206,2.56912,0,-0,0,
0.7,0.66947,0.711016,-25.4722,0,-12.4581,-0.0591384,0,-0,0,0,-25.1771,-3.86583,2.70458,0,-0,0,
0.7,0.669484,0.711006,-25.2354,0,-12.3447,-0.0584919,0,-0,0,0,-24.9431,-3.83008,2.67947,0,-0,0,
0.7,0.669499,0.710993,-25.1191,0,-12.29,-0.0581324,0,-0,0,0,-24.8281,-3.81276,2.66718,0,-0,0,
0.7,0.669514,0.710982,-25.121,0,-12.293,-0.0580654,0,-0,0,0,-24.8299,-3.81329,2.66741,0,-0,0,
0.7,0.669529,0.710971,-25.1112,0,-12.2905,-0.0579203,0,-0,0,0,-24.8201,-3.81203,2.66641,0,-0,0,
0.7,0.669547,0.710959,-24.9608,0,-12.2189,-0.0574614,0,-0,0,0,-24.6714,-3.78947,2.65048,0,-0,0,
0.7,0.669563,0.710948,-25.0723,0,-12.2756,-0.0575996,0,-0,0,0,-24.7816,-3.80669,2.66238,0,-0,0,
0.7,0.669578,0.710936,-25.0748,0,-12.2789,-0.0574778,0,-0,0,0,-24.7841,-3.80724,2.66267,0,-0,0,
0.7,0.669592,0.710926,-25.155,0,-12.3205,-0.0574881,0,-0,0,0,-24.8633,-3.81954,2.67121,0,-0,0,
0.7,0.669609,0.710915,-24.8817,0,-12.1886,-0.0566653,0,-0,0,0,-24.5932,-3.77821,2.64222,0,-0,0,
0.7,0.669626,0.710904,-25.0054,0,-12.2511,-0.0567976,0,-0,0,0,-24.7154,-3.79721,2.65538,0,-0,0,
0.7,0.669642,0.710882,-25.0012,0,-12.2509,-0.0565686,0,-0,0,0,-24.7112,-3.79678,2.65497,0,-0,0,
0.7,0.669657,0.710874,-25.2755,0,-12.3875,-0.0570708,0,-0,0,0,-24.9823,-3.83857,2.68413,0,-0,0,
0.7,0.669687,0.710864,-23.9759,0,-11.7544,-0.0538349,0,-0,0,0,-23.6977,-3.64146,2.54615,0,-0,0,
0.7,0.6697,0.710856,-25.339,0,-12.4249,-0.0567118,0,-0,0,0,-25.045,-3.8486,2.69093,0,-0,0,
0.7,0.669711,0.710847,-25.2633,0,-12.3902,-0.0564703,0,-0,0,0,-24.9702,-3.8371,2.6829,0,-0,0,
0.7,0.669723,0.710838,-25.2157,0,-12.3691,-0.0563014,0,-0,0,0,-24.9231,-3.82989,2.67784,0,-0,0,
0.7,0.669737,0.710828,-25.0419,0,-12.286,-0.0558523,0,-0,0,0,-24.7513,-3.8036,2.6594,0,-0,0,
0.7,0.66975,0.710816,-25.1878,0,-12.3597,-0.0560232,0,-0,0,0,-24.8955,-3.82585,2.67491,0,-0,0,
0.7,0.669762,0.710806,-25.16,0,-12.3485,-0.055886,0,-0,0,0,-24.868,-3.82172,2.67197,0,-0,0,
0.7,0.669775,0.710797,-25.1147,0,-12.3285,-0.0556263,0,-0,0,0,-24.8232,-3.81499,2.66719,0,-0,0,
0.7,0.669788,0.710786,-25.0478,0,-12.2978,-0.0552892,0,-0,0,0,-24.7571,-3.80497,2.66011,0,-0,0,
0.7,0.669802,0.710773,-25.0271,0,-12.2896,-0.0549884,0,-0,0,0,-24.7366,-3.80209,2.65795,0,-0,0,
0.7,0.669815,0.71076,-25.0899,0,-12.3227,-0.0549474,0,-0,0,0,-24.7987,-3.81178,2.66465,0,-0,0,
0.7,0.66983,0.710747,-24.944,0,-12.253,-0.054454,0,-0,0,0,-24.6544,-3.78978,2.64918,0,-0,0,
0.7,0.669848,0.710735,-24.6375,0,-12.1042,-0.053663,0,-0,0,0,-24.3515,-3.74346,2.61667,0,-0,0,
0.7,0.669866,0.710721,-24.7758,0,-12.1738,-0.0538767,0,-0,0,0,-24.488,-3.76468,2.63139,0,-0,0,
0.7,0.669882,0.710709,-24.7182,0,-12.1476,-0.0536455,0,-0,0,0,-24.4311,-3.75617,2.62531,0,-0,0,
0.7,0.6699,0.710686,-25.0186,0,-12.2969,-0.054229,0,-0,0,0,-24.7279,-3.80212,2.65727,0,-0,0,
0.7,0.669937,0.710672,-23.5694,0,-11.588,-0.0510349,0,-0,0,0,-23.2956,-3.58254,2.50346,0,-0,0,
0.7,0.669956,0.710659,-24.6521,0,-12.1219,-0.0533025,0,-0,0,0,-24.3656,-3.74747,2.61852,0,-0,0,
0.7,0.669973,0.710647,-24.5811,0,-12.0889,-0.053158,0,-0,0,0,-24.2953,-3.73694,2.61102,0,-0,0,
0.7,0.669991,0.710636,-24.5523,0,-12.0765,-0.0530658,0,-0,0,0,-24.2668,-3.73283,2.608,0,-0,0,
0.7,0.67001,0.710623,-24.45,0,-12.0278,-0.0527471,0,-0,0,0,-24.1657,-3.71758,2.59719,0,-0,0,
0.7,0.670027,0.710611,-24.6536,0,-12.1299,-0.053203,0,-0,0,0,-24.3669,-3.74887,2.61888,0,-0,0,
0.7,0.670043,0.7106,-24.617,0,-12.1136,-0.0531045,0,-0,0,0,-24.3307,-3.74364,2.61504,0,-0,0,
0.7,0.67006,0.710588,-24.6278,0,-12.1206,-0.053115,0,-0,0,0,-24.3413,-3.74563,2.61625,0,-0,0,
0.7,0.670078,0.710575,-24.4275,0,-12.0236,-0.052615,0,-0,0,0,-24.1433,-3.71548,2.59502,0,-0,0,
0.7,0.670096,0.710563,-24.6141,0,-12.1173,-0.0529913,0,-0,0,0,-24.3276,-3.74421,2.6149,0,-0,0,
0.7,0.670113,0.710553,-24.5192,0,-12.0723,-0.0527476,0,-0,0,0,-24.2338,-3.7301,2.60488,0,-0,0,
0.7,0.670131,0.710542,-24.4655,0,-12.0475,-0.0526235,0,-0,0,0,-24.1807,-3.72221,2.59921,0,-0,0,
0.7,0.670147,0.710532,-24.6147,0,-12.1228,-0.0529272,0,-0,0,0,-24.3281,-3.74517,2.61511,0,-0,0,
0.7,0.670162,0.71052,-24.6651,0,-12.1497,-0.0530538,0,-0,0,0,-24.3779,-3.75315,2.62052,0,-0,0,
0.7,0.670178,0.710511,-24.6144,0,-12.1266,-0.0529193,0,-0,0,0,-24.3277,-3.74573,2.61518,0,-0,0,
0.7,0.670194,0.710492,-24.6338,0,-12.1381,-0.0528579,0,-0,0,0,-24.3469,-3.74899,2.61729,0,-0,0,
0.7,0.67021,0.710482,-24.4854,0,-12.0667,-0.0523881,0,-0,0,0,-24.2001,-3.72669,2.60157,0,-0,0,
0.7,0.670226,0.710475,-24.5844,0,-12.1173,-0.052501,0,-0,0,0,-24.2979,-3.74209,2.61215,0,-0,0,
0.7,0.670239,0.710469,-24.7042,0,-12.1785,-0.0527158,0,-0,0,0,-24.4163,-3.76056,2.62492,0,-0,0,
0.7,0.670252,0.710461,-24.9879,0,-12.3203,-0.0532374,0,-0,0,0,-24.6966,-3.80396,2.65509,0,-0,0,
0.7,0.670275,0.710453,-24.0338,0,-11.8539,-0.0509992,0,-0,0,0,-23.7536,-3.65914,2.55379,0,-0,0,
0.7,0.670286,0.710446,-25.0282,0,-12.3464,-0.0529812,0,-0,0,0,-24.7364,-3.81079,2.65949,0,-0,0,
0.7,0.6703,0.710438,-24.6274,0,-12.1505,-0.0519884,0,-0,0,0,-24.3402,-3.74999,2.61694,0,-0,0,
0.7,0.670312,0.710431,-24.8668,0,-12.2707,-0.052363,0,-0,0,0,-24.5768,-3.78666,2.64242,0,-0,0,
0.7,0.670323,0.710423,-24.8145,0,-12.2469,-0.0520623,0,-0,0,0,-24.5251,-3.7789,2.63689,0,-0,0,
0.7,0.670333,0.710418,-24.9324,0,-12.3075,-0.0522132,0,-0,0,0,-24.6416,-3.79694,2.64943,0,-0,0,
0.7,0.670345,0.710411,-24.7608,0,-12.2249,-0.0516944,0,-0,0,0,-24.472,-3.77092,2.63122,0,-0,0,
0.7,0.670356,0.710404,-24.9008,0,-12.2961,-0.0518295,0,-0,0,0,-24.6103,-3.7923,2.6461,0,-0,0,
0.7,0.670366,0.710396,-24.8743,0,-12.2852,-0.0516761,0,-0,0,0,-24.5841,-3.78841,2.64331,0,-0,0,
0.7,0.670376,0.710388,-24.9823,0,-12.3409,-0.05186,0,-0,0,0,-24.6908,-3.80493,2.6548,0,-0,0,
0.7,0.670387,0.71038,-24.8083,0,-12.257,-0.0514241,0,-0,0,0,-24.5188,-3.77858,2.63634,0,-0,0,
0.7,0.670397,0.710371,-24.8486,0,-12.2789,-0.0514147,0,-0,0,0,-24.5586,-3.78487,2.64064,0,-0,0,
0.7,0.670409,0.710363,-24.7829,0,-12.2483,-0.0512357,0,-0,0,0,-24.4936,-3.77505,2.63369,0,-0,0,
0.7,0.670419,0.710356,-24.8999,0,-12.3083,-0.0514604,0,-0,0,0,-24.6093,-3.793,2.64615,0,-0,0,
0.7,0.670432,0.710349,-24.6202,0,-12.1719,-0.0508296,0,-0,0,0,-24.3328,-3.75061,2.61646,0,-0,0,
0.7,0.670443,0.710333,-24.8998,0,-12.3121,-0.0512697,0,-0,0,0,-24.6091,-3.79329,2.64619,0,-0,0,
0.7,0.670451,0.710324,-24.9608,0,-12.3443,-0.051269,0,-0,0,0,-24.6695,-3.80256,2.65267,0,-0,0,
0.7,0.670448,0.710316,-25.8594,0,-12.7916,-0.0530815,0,-0,0,0,-25.5575,-3.9395,2.74817,0,-0,0,
0.7,0.670463,0.710305,-24.652,0,-12.1986,-0.0502247,0,-0,0,0,-24.3643,-3.75565,2.61988,0,-0,0,
0.7,0.670471,0.710296,-25.0284,0,-12.3869,-0.0508283,0,-0,0,0,-24.7363,-3.81302,2.65988,0,-0,0,
0.7,0.670478,0.710286,-25.0706,0,-12.4101,-0.0507487,0,-0,0,0,-24.7779,-3.81952,2.66438,0,-0,0,
0.7,0.670485,0.710279,-25.0946,0,-12.4241,-0.0505655,0,-0,0,0,-24.8016,-3.82327,2.66694,0,-0,0,
0.7,0.670493,0.710269,-25.0061,0,-12.3824,-0.0501475,0,-0,0,0,-24.7141,-3.80985,2.65754,0,-0,0,
0.7,0.670501,0.710261,-25.0114,0,-12.3871,-0.0499632,0,-0,0,0,-24.7194,-3.81074,2.65813,0,-0,0,
0.7,0.670509,0.710253,-24.9398,0,-12.3537,-0.0496956,0,-0,0,0,-24.6486,-3.79989,2.65052,0,-0,0,
0.7,0.670519,0.710236,-24.9137,0,-12.3426,-0.0494586,0,-0,0,0,-24.6228,-3.79603,2.64777,0,-0,0,
0.7,0.670528,0.710227,-24.895,0,-12.3352,-0.0491874,0,-0,0,0,-24.6043,-3.79324,2.64579,0,-0,0,
0.7,0.670537,0.710218,-25.044,0,-12.4108,-0.049277,0,-0,0,0,-24.7516,-3.81601,2.66164,0,-0,0,
0.7,0.670555,0.71021,-24.4186,0,-12.1046,-0.0477798,0,-0,0,0,-24.1335,-3.72089,2.5952,0,-0,0,
0.7,0.670565,0.710203,-24.8753,0,-12.3328,-0.0484834,0,-0,0,0,-24.5848,-3.79063,2.64377,0,-0,0,
0.7,0.670574,0.710195,-24.7916,0,-12.293,-0.0482065,0,-0,0,0,-24.502,-3.77803,2.63489,0,-0,0,
0.7,0.670584,0.710188,-24.8826,0,-12.3402,-0.0483292,0,-0,0,0,-24.5919,-3.79203,2.64459,0,-0,0,
0.7,0.670596,0.71018,-24.6199,0,-12.2116,-0.0477609,0,-0,0,0,-24.3323,-3.75226,2.61671,0,-0,0,
0.7,0.670608,0.710163,-24.8535,0,-12.3293,-0.0481271,0,-0,0,0,-24.5631,-3.78808,2.64158,0,-0,0,
0.7,0.670631,0.710151,-23.7832,0,-11.8019,-0.045976,0,-0,0,0,-23.5053,-3.62522,2.52787,0,-0,0,
0.7,0.670643,0.710146,-24.7782,0,-12.2975,-0.0477742,0,-0,0,0,-24.4886,-3.77703,2.63364,0,-0,0,
0.7,0.670655,0.710135,-24.5151,0,-12.1687,-0.0470781,0,-0,0,0,-24.2285,-3.73712,2.60571,0,-0,0,
0.7,0.670665,0.710127,-24.6976,0,-12.2611,-0.0472461,0,-0,0,0,-24.4089,-3.7651,2.62514,0,-0,0,
0.7,0.670675,0.710111,-24.7342,0,-12.2813,-0.0472264,0,-0,0,0,-24.4451,-3.77082,2.62905,0,-0,0,
0.7,0.670685,0.710102,-24.6844,0,-12.2584,-0.0469914,0,-0,0,0,-24.3958,-3.76345,2.62379,0,-0,0,
0.7,0.670696,0.710093,-24.5887,0,-12.2126,-0.0466753,0,-0,0,0,-24.3012,-3.74914,2.61367,0,-0,0,
0.7,0.670706,0.710083,-24.6147,0,-12.2273,-0.0466522,0,-0,0,0,-24.3269,-3.75337,2.61648,0,-0,0,
0.7,0.670716,0.710073,-24.713,0,-12.2782,-0.0467879,0,-0,0,0,-24.424,-3.76852,2.62696,0,-0,0,
0.7,0.670726,0.710065,-24.6628,0,-12.255,-0.0465874,0,-0,0,0,-24.3743,-3.76105,2.62165,0,-0,0,
0.7,0.670731,0.710057,-25.0638,0,-12.4563,-0.0470013,0,-0,0,0,-24.7707,-3.82183,2.66421,0,-0,0,
0.7,0.67074,0.710049,-24.729,0,-12.2918,-0.0462343,0,-0,0,0,-24.4397,-3.77085,2.62863,0,-0,0,
0.7,0.670748,0.710041,-24.7464,0,-12.3024,-0.0461117,0,-0,0,0,-24.457,-3.77364,2.63051,0,-0,0,
0.7,0.670755,0.710034,-24.9019,0,-12.3822,-0.0463407,0,-0,0,0,-24.6107,-3.79741,2.64705,0,-0,0,
0.7,0.670765,0.710027,-24.6294,0,-12.2482,-0.0457801,0,-0,0,0,-24.3413,-3.75612,2.61812,0,-0,0,
0.7,0.670772,0.710019,-24.9454,0,-12.4077,-0.0462653,0,-0,0,0,-24.6536,-3.80435,2.65173,0,-0,0,
0.7,0.67078,0.710004,-24.7781,0,-12.3265,-0.0459958,0,-0,0,0,-24.4882,-3.77904,2.63397,0,-0,0,
0.7,0.67079,0.709998,-24.6565,0,-12.2678,-0.0457654,0,-0,0,0,-24.368,-3.76078,2.6211,0,-0,0,
0.7,0.6708,0.710005,-24.7356,0,-12.3089,-0.0459257,0,-0,0,0,-24.4462,-3.77305,2.62954,0,-0,0,
0.7,0.670822,0.709999,-23.8049,0,-11.849,-0.0441103,0,-0,0,0,-23.5263,-3.63158,2.53068,0,-0,0,
0.7,0.670835,0.709994,-24.5803,0,-12.2365,-0.0455881,0,-0,0,0,-24.2925,-3.75019,2.61317,0,-0,0,
0.7,0.670848,0.709986,-24.3294,0,-12.113,-0.0451803,0,-0,0,0,-24.0445,-3.71222,2.58654,0,-0,0,
0.7,0.670861,0.70998,-24.3654,0,-12.1324,-0.0453602,0,-0,0,0,-24.08,-3.71804,2.59042,0,-0,0,
0.7,0.670873,0.709972,-24.4079,0,-12.1552,-0.0455941,0,-0,0,0,-24.122,-3.72489,2.595,0,-0,0,
0.7,0.670885,0.709965,-24.3513,0,-12.1285,-0.0456252,0,-0,0,0,-24.066,-3.71664,2.58905,0,-0,0,
0.7,0.670897,0.709957,-24.4198,0,-12.1642,-0.0458792,0,-0,0,0,-24.1336,-3.72744,2.59639,0,-0,0,
0.7,0.670915,0.709948,-23.8759,0,-11.8924,-0.0446131,0,-0,0,0,-23.596,-3.64517,2.53869,0,-0,0,
0.7,0.670924,0.709938,-24.5953,0,-12.2526,-0.0460918,0,-0,0,0,-24.3069,-3.75529,2.61523,0,-0,0,
0.7,0.670936,0.70993,-24.4309,0,-12.1723,-0.0458707,0,-0,0,0,-24.1444,-3.73045,2.59779,0,-0,0,
0.7,0.670945,0.709913,-24.5986,0,-12.2576,-0.0466727,0,-0,0,0,-24.3101,-3.75627,2.61566,0,-0,0,
0.7,0.670954,0.709904,-24.5881,0,-12.2541,-0.0467413,0,-0,0,0,-24.2997,-3.75485,2.61457,0,-0,0,
0.7,0.670964,0.709895,-24.5043,0,-12.2143,-0.046527,0,-0,0,0,-24.2168,-3.74252,2.60574,0,-0,0,
0.7,0.67097,0.709886,-24.749,0,-12.3382,-0.0472111,0,-0,0,0,-24.4587,-3.77974,2.63174,0,-0,0,
0.7,0.670979,0.709877,-24.6039,0,-12.2677,-0.0469839,0,-0,0,0,-24.3152,-3.75772,2.61632,0,-0,0,
0.7,0.670986,0.709869,-24.7867,0,-12.3608,-0.0472132,0,-0,0,0,-24.4959,-3.78608,2.63584,0,-0,0,
0.7,0.670997,0.70986,-24.5586,0,-12.2511,-0.0468748,0,-0,0,0,-24.2703,-3.7515,2.61163,0,-0,0,
0.7,0.671001,0.709854,-24.9298,0,-12.4384,-0.0476448,0,-0,0,0,-24.6372,-3.80827,2.65111,0,-0,0,
0.7,0.671005,0.709848,-24.9655,0,-12.4583,-0.0477366,0,-0,0,0,-24.6725,-3.81376,2.65492,0,-0,0,
0.7,0.671008,0.709842,-24.9939,0,-12.4748,-0.0478425,0,-0,0,0,-24.7005,-3.8181,2.65793,0,-0,0,
0.7,0.671012,0.709835,-24.9676,0,-12.4638,-0.047842,0,-0,0,0,-24.6746,-3.81411,2.65515,0,-0,0,
0.7,0.671017,0.709829,-24.8712,0,-12.4177,-0.0476959,0,-0,0,0,-24.5793,-3.79942,2.6449,0,-0,0,
0.7,0.671021,0.709823,-24.9143,0,-12.4413,-0.0478366,0,-0,0,0,-24.6218,-3.80602,2.64948,0,-0,0,
0.7,0.671025,0.709814,-24.9093,0,-12.4411,-0.0479244,0,-0,0,0,-24.6169,-3.80526,2.64896,0,-0,0,
0.7,0.671031,0.709807,-24.7783,0,-12.3776,-0.0477226,0,-0,0,0,-24.4875,-3.78506,2.63499,0,-0,0,
0.7,0.671037,0.709801,-24.7268,0,-12.3537,-0.047673,0,-0,0,0,-24.4366,-3.77726,2.62952,0,-0,0,
0.7,0.671043,0.709794,-24.7331,0,-12.3587,-0.0476562,0,-0,0,0,-24.4428,-3.77832,2.63021,0,-0,0,
0.7,0.67105,0.709787,-24.7332,0,-12.3608,-0.047695,0,-0,0,0,-24.4429,-3.7784,2.63023,0,-0,0,
0.7,0.671057,0.70978,-24.6581,0,-12.3251,-0.0475797,0,-0,0,0,-24.3687,-3.76706,2.62227,0,-0,0,
0.7,0.671064,0.709775,-24.6559,0,-12.3256,-0.0475957,0,-0,0,0,-24.3664,-3.76681,2.62205,0,-0,0,
0.7,0.671071,0.709769,-24.7076,0,-12.3532,-0.0476684,0,-0,0,0,-24.4176,-3.77482,2.62757,0,-0,0,
0.7,0.671076,0.709762,-24.7407,0,-12.3715,-0.0477845,0,-0,0,0,-24.4502,-3.77997,2.6311,0,-0,0,
0.7,0.671083,0.709753,-24.6654,0,-12.3354,-0.0476991,0,-0,0,0,-24.3758,-3.76869,2.62313,0,-0,0,
0.7,0.671089,0.709746,-24.7458,0,-12.3772,-0.0479377,0,-0,0,0,-24.4552,-3.78109,2.6317,0,-0,0,
0.7,0.671096,0.709731,-24.7011,0,-12.3564,-0.0479033,0,-0,0,0,-24.411,-3.77442,2.62697,0,-0,0,
0.7,0.671101,0.709723,-24.8417,0,-12.4286,-0.0483064,0,-0,0,0,-24.55,-3.7961,2.64196,0,-0,0,
0.7,0.671115,0.709717,-24.149,0,-12.085,-0.0471773,0,-0,0,0,-23.8653,-3.69065,2.56836,0,-0,0,
0.7,0.671122,0.709711,-24.7058,0,-12.3651,-0.0483638,0,-0,0,0,-24.4156,-3.77592,2.6276,0,-0,0,
0.7,0.671128,0.709704,-24.7098,0,-12.3689,-0.0485253,0,-0,0,0,-24.4195,-3.77667,2.62806,0,-0,0,
0.7,0.671135,0.709697,-24.6566,0,-12.3439,-0.0485716,0,-0,0,0,-24.3668,-3.76869,2.62242,0,-0,0,
0.7,0.671141,0.70969,-24.6663,0,-12.3504,-0.0487631,0,-0,0,0,-24.3765,-3.77029,2.62347,0,-0,0,
0.7,0.671147,0.709682,-24.6451,0,-12.3415,-0.0488565,0,-0,0,0,-24.3555,-3.76714,2.62123,0,-0,0,
0.7,0.671152,0.709675,-24.7818,0,-12.4118,-0.0493115,0,-0,0,0,-24.4905,-3.78809,2.63578,0,-0,0,
0.7,0.671156,0.709667,-24.7798,0,-12.4126,-0.0495107,0,-0,0,0,-24.4886,-3.78783,2.63557,0,-0,0,
0.7,0.671161,0.709661,-24.8616,0,-12.4554,-0.0498729,0,-0,0,0,-24.5694,-3.80033,2.64427,0,-0,0,
0.7,0.671165,0.709656,-24.8179,0,-12.4352,-0.049963,0,-0,0,0,-24.5262,-3.79364,2.63962,0,-0,0,
0.7,0.671167,0.70965,-24.935,0,-12.4959,-0.0504751,0,-0,0,0,-24.642,-3.81152,2.65208,0,-0,0,
0.7,0.671171,0.709645,-24.8859,0,-12.4731,-0.0507181,0,-0,0,0,-24.5934,-3.80406,2.64686,0,-0,0,
0.7,0.671174,0.709639,-24.8749,0,-12.4694,-0.0510246,0,-0,0,0,-24.5825,-3.80238,2.64569,0,-0,0,
0.7,0.671177,0.709634,-24.9264,0,-12.497,-0.0514143,0,-0,0,0,-24.6334,-3.81027,2.65117,0,-0,0,
0.7,0.67118,0.709624,-24.9685,0,-12.5199,-0.0517879,0,-0,0,0,-24.6751,-3.81676,2.65566,0,-0,0,
0.7,0.671185,0.709617,-24.7944,0,-12.4364,-0.0517511,0,-0,0,0,-24.503,-3.7902,2.63715,0,-0,0,
0.7,0.671189,0.709611,-24.8611,0,-12.4717,-0.0519096,0,-0,0,0,-24.5689,-3.8004,2.64424,0,-0,0,
0.7,0.671191,0.709604,-24.9268,0,-12.5067,-0.0521213,0,-0,0,0,-24.6339,-3.81042,2.65123,0,-0,0,
0.7,0.671195,0.709599,-24.839,0,-12.4645,-0.0520075,0,-0,0,0,-24.547,-3.79704,2.6419,0,-0,0,
0.7,0.671198,0.709594,-24.8628,0,-12.4783,-0.0521201,0,-0,0,0,-24.5705,-3.80065,2.64442,0,-0,0,
0.7,0.671202,0.709588,-24.7993,0,-12.4483,-0.0519911,0,-0,0,0,-24.5078,-3.79095,2.63767,0,-0,0,
0.7,0.671206,0.709583,-24.8149,0,-12.4582,-0.0520556,0,-0,0,0,-24.5232,-3.79332,2.63933,0,-0,0,
0.7,0.671211,0.709579,-24.7339,0,-12.4193,-0.0518978,0,-0,0,0,-24.4432,-3.78105,2.63073,0,-0,0,
0.7,0.671215,0.709574,-24.7516,0,-12.43,-0.051974,0,-0,0,0,-24.4607,-3.7838,2.63263,0,-0,0,
0.7,0.671221,0.709569,-24.7003,0,-12.406,-0.0518946,0,-0,0,0,-24.41,-3.77605,2.62718,0,-0,0,
0.7,0.671225,0.709564,-24.761,0,-12.4384,-0.0521351,0,-0,0,0,-24.47,-3.7854,2.63365,0,-0,0,
0.7,0.67123,0.709559,-24.7403,0,-12.4297,-0.0522087,0,-0,0,0,-24.4494,-3.78236,2.63146,0,-0,0,
0.7,0.671236,0.709553,-24.6234,0,-12.3726,-0.0521417,0,-0,0,0,-24.3339,-3.76467,2.61907,0,-0,0,
0.7,0.671241,0.709547,-24.7205,0,-12.4229,-0.0524504,0,-0,0,0,-24.4298,-3.77967,2.62942,0,-0,0,
0.7,0.671245,0.709541,-24.7534,0,-12.4412,-0.0526923,0,-0,0,0,-24.4623,-3.78484,2.63294,0,-0,0,
0.7,0.67125,0.709529,-24.7499,0,-12.441,-0.0528435,0,-0,0,0,-24.4589,-3.78444,2.63259,0,-0,0,
0.7,0.671255,0.709524,-24.6865,0,-12.4107,-0.0528281,0,-0,0,0,-24.3962,-3.77495,2.62588,0,-0,0,
0.7,0.671265,0.709519,-24.4764,0,-12.3082,-0.0525542,0,-0,0,0,-24.1885,-3.74306,2.60358,0,-0,0,
0.7,0.671271,0.709515,-24.701,0,-12.4226,-0.0531498,0,-0,0,0,-24.4105,-3.77755,2.62749,0,-0,0,
0.7,0.671279,0.709511,-24.4907,0,-12.3181,-0.0528044,0,-0,0,0,-24.2025,-3.74563,2.60515,0,-0,0,
0.7,0.671286,0.709505,-24.4805,0,-12.3143,-0.0528564,0,-0,0,0,-24.1924,-3.74429,2.60411,0,-0,0,
0.7,0.671293,0.709501,-24.4779,0,-12.3145,-0.0529763,0,-0,0,0,-24.1899,-3.74413,2.60388,0,-0,0,
0.7,0.671302,0.709495,-24.3843,0,-12.2687,-0.0529055,0,-0,0,0,-24.0973,-3.73009,2.59396,0,-0,0,
0.7,0.67131,0.70949,-24.4147,0,-12.2854,-0.0530732,0,-0,0,0,-24.1273,-3.735,2.59724,0,-0,0,
0.7,0.671319,0.709484,-24.3171,0,-12.2376,-0.0529381,0,-0,0,0,-24.0309,-3.7203,2.5869,0,-0,0,
0.7,0.671326,0.709478,-24.4617,0,-12.312,-0.0534134,0,-0,0,0,-24.1737,-3.7426,2.60231,0,-0,0,
0.7,0.671334,0.709473,-24.4427,0,-12.3037,-0.0535405,0,-0,0,0,-24.1549,-3.73986,2.60031,0,-0,0,
0.7,0.671342,0.709462,-24.4924,0,-12.3301,-0.0538511,0,-0,0,0,-24.204,-3.74769,2.60564,0,-0,0,
0.7,0.671355,0.709458,-24.2652,0,-12.2187,-0.0537655,0,-0,0,0,-23.9795,-3.71319,2.58152,0,-0,0,
0.7,0.671361,0.709453,-24.631,0,-12.4046,-0.0548011,0,-0,0,0,-24.3409,-3.76932,2.62046,0,-0,0,
0.7,0.671367,0.709447,-24.5046,0,-12.3423,-0.0546824,0,-0,0,0,-24.2159,-3.75013,2.60703,0,-0,0,
0.7,0.671373,0.709442,-24.5183,0,-12.3506,-0.054849,0,-0,0,0,-24.2294,-3.75241,2.60852,0,-0,0,
0.7,0.67138,0.709437,-24.502,0,-12.3438,-0.0549199,0,-0,0,0,-24.2133,-3.75012,2.60682,0,-0,0,
0.7,0.671385,0.709432,-24.5285,0,-12.3586,-0.0551194,0,-0,0,0,-24.2394,-3.75436,2.60967,0,-0,0,
0.7,0.671391,0.709426,-24.5355,0,-12.3637,-0.0552543,0,-0,0,0,-24.2463,-3.7556,2.61044,0,-0,0,
0.7,0.671397,0.709421,-24.4916,0,-12.343,-0.0552913,0,-0,0,0,-24.203,-3.74904,2.6058,0,-0,0,
0.7,0.671403,0.709416,-24.5179,0,-12.3578,-0.0554715,0,-0,0,0,-24.229,-3.75318,2.60862,0,-0,0,
0.7,0.671408,0.709411,-24.6017,0,-12.4016,-0.0557922,0,-0,0,0,-24.3117,-3.76604,2.61754,0,-0,0,
0.7,0.671414,0.709408,-24.5298,0,-12.3669,-0.0557425,0,-0,0,0,-24.2407,-3.75511,2.6099,0,-0,0,
0.7,0.67142,0.709404,-24.53,0,-12.3685,-0.0557853,0,-0,0,0,-24.2409,-3.7552,2.60993,0,-0,0,
0.7,0.671424,0.7094,-24.6001,0,-12.4054,-0.0559825,0,-0,0,0,-24.3102,-3.76596,2.6174,0,-0,0,
0.7,0.671428,0.709397,-24.6914,0,-12.4532,-0.0562402,0,-0,0,0,-24.4003,-3.77991,2.6271,0,-0,0,
0.7,0.671432,0.709394,-24.649,0,-12.4335,-0.0561646,0,-0,0,0,-24.3584,-3.77344,2.62259,0,-0,0,
0.7,0.671436,0.709389,-24.6708,0,-12.4462,-0.0562329,0,-0,0,0,-24.38,-3.77684,2.62493,0,-0,0,
0.7,0.67144,0.709384,-24.633,0,-12.4287,-0.0562087,0,-0,0,0,-24.3426,-3.7711,2.62091,0,-0,0,
0.7,0.671443,0.709379,-24.7466,0,-12.4879,-0.0565843,0,-0,0,0,-24.4549,-3.78854,2.63301,0,-0,0,
0.7,0.671446,0.709367,-24.7033,0,-12.4677,-0.0565783,0,-0,0,0,-24.4121,-3.782,2.62842,0,-0,0,
0.7,0.671449,0.709361,-24.746,0,-12.4909,-0.0567537,0,-0,0,0,-24.4542,-3.7886,2.63296,0,-0,0,
0.7,0.671457,0.709355,-24.3259,0,-12.282,-0.0560196,0,-0,0,0,-24.0391,-3.72442,2.58829,0,-0,0,
0.7,0.671461,0.709348,-24.7054,0,-12.4753,-0.0570289,0,-0,0,0,-24.4141,-3.78257,2.62868,0,-0,0,
0.7,0.671466,0.709341,-24.563,0,-12.4049,-0.0567846,0,-0,0,0,-24.2734,-3.7609,2.61355,0,-0,0,
0.7,0.671472,0.709335,-24.4728,0,-12.3606,-0.0566963,0,-0,0,0,-24.1842,-3.74719,2.60397,0,-0,0,
0.7,0.671477,0.70933,-24.5002,0,-12.3759,-0.0568588,0,-0,0,0,-24.2113,-3.75147,2.6069,0,-0,0,
0.7,0.671483,0.709324,-24.4801,0,-12.3671,-0.0569403,0,-0,0,0,-24.1914,-3.74843,2.60476,0,-0,0,
0.7,0.67149,0.709318,-24.3846,0,-12.3202,-0.0567969,0,-0,0,0,-24.097,-3.73397,2.59463,0,-0,0,
0.7,0.671496,0.709312,-24.3663,0,-12.3122,-0.0568555,0,-0,0,0,-24.0789,-3.73127,2.5927,0,-0,0,
0.7,0.671504,0.709306,-24.3038,0,-12.2817,-0.0568166,0,-0,0,0,-24.0171,-3.72182,2.58607,0,-0,0,
0.7,0.671511,0.709298,-24.3749,0,-12.319,-0.0571001,0,-0,0,0,-24.0874,-3.73284,2.59366,0,-0,0,
0.7,0.671518,0.709291,-24.3712,0,-12.3183,-0.0572064,0,-0,0,0,-24.0837,-3.73243,2.59329,0,-0,0,
0.7,0.671525,0.709285,-24.3336,0,-12.3005,-0.0572384,0,-0,0,0,-24.0465,-3.72686,2.58932,0,-0,0,
0.7,0.671531,0.709278,-24.4304,0,-12.3509,-0.0576468,0,-0,0,0,-24.1421,-3.74183,2.59965,0,-0,0,
0.7,0.671536,0.709272,-24.4531,0,-12.3637,-0.0578731,0,-0,0,0,-24.1645,-3.74545,2.60208,0,-0,0,
0.7,0.671542,0.709268,-24.4665,0,-12.3718,-0.0581075,0,-0,0,0,-24.1778,-3.74762,2.60353,0,-0,0,
0.7,0.671547,0.709263,-24.5033,0,-12.3917,-0.058369,0,-0,0,0,-24.2141,-3.75344,2.60748,0,-0,0,
0.7,0.671553,0.709259,-24.4141,0,-12.3479,-0.0583665,0,-0,0,0,-24.126,-3.7399,2.59801,0,-0,0,
0.7,0.671556,0.709256,-24.666,0,-12.4768,-0.0592121,0,-0,0,0,-24.3749,-3.77855,2.62483,0,-0,0,
0.7,0.67156,0.70925,-24.5562,0,-12.4227,-0.0591808,0,-0,0,0,-24.2664,-3.76182,2.61316,0,-0,0,
0.7,0.671564,0.709239,-24.6106,0,-12.4516,-0.0595402,0,-0,0,0,-24.3201,-3.77025,2.61896,0,-0,0,
0.7,0.671568,0.709234,-24.5667,0,-12.4309,-0.0596579,0,-0,0,0,-24.2767,-3.76358,2.6143,0,-0,0,
0.7,0.671576,0.709227,-24.2878,0,-12.2924,-0.0594251,0,-0,0,0,-24.0011,-3.72103,2.58465,0,-0,0,
0.7,0.671581,0.709222,-24.5708,0,-12.4368,-0.0603702,0,-0,0,0,-24.2807,-3.7645,2.61478,0,-0,0,
0.7,0.671585,0.709216,-24.5483,0,-12.4268,-0.0605603,0,-0,0,0,-24.2585,-3.76116,2.61241,0,-0,0,
0.7,0.671589,0.70921,-24.5136,0,-12.4104,-0.0607135,0,-0,0,0,-24.2242,-3.75596,2.60873,0,-0,0,
0.7,0.671592,0.709204,-24.5968,0,-12.4539,-0.0611513,0,-0,0,0,-24.3064,-3.76882,2.61761,0,-0,0,
0.7,0.671595,0.7092,-24.632,0,-12.4731,-0.061488,0,-0,0,0,-24.3411,-3.77431,2.62136,0,-0,0,
0.7,0.671598,0.709196,-24.6535,0,-12.4856,-0.061804,0,-0,0,0,-24.3624,-3.7777,2.62367,0,-0,0,
0.7,0.6716,0.709192,-24.6289,0,-12.4745,-0.0619809,0,-0,0,0,-24.3381,-3.77402,2.62107,0,-0,0,
0.7,0.671602,0.709189,-24.7038,0,-12.5138,-0.0624239,0,-0,0,0,-24.4121,-3.78554,2.62905,0,-0,0,
0.7,0.671604,0.709184,-24.7484,0,-12.5379,-0.0628139,0,-0,0,0,-24.4562,-3.79239,2.6338,0,-0,0,
0.7,0.671605,0.709179,-24.7694,0,-12.5501,-0.0631573,0,-0,0,0,-24.4768,-3.79564,2.63603,0,-0,0,
0.7,0.671606,0.709174,-24.7636,0,-12.5486,-0.0634396,0,-0,0,0,-24.4711,-3.79476,2.63542,0,-0,0,
0.7,0.671607,0.709168,-24.775,0,-12.556,-0.0637397,0,-0,0,0,-24.4824,-3.79651,2.63663,0,-0,0,
0.7,0.671607,0.709161,-24.8349,0,-12.5879,-0.06421,0,-0,0,0,-24.5416,-3.80562,2.643,0,-0,0,
0.7,0.671607,0.709155,-24.8332,0,-12.5888,-0.064518,0,-0,0,0,-24.5399,-3.80534,2.64281,0,-0,0,
0.7,0.671607,0.709148,-24.8239,0,-12.5856,-0.0647528,0,-0,0,0,-24.5307,-3.80388,2.64182,0,-0,0,
0.7,0.671609,0.709144,-24.7552,0,-12.5523,-0.0648003,0,-0,0,0,-24.4629,-3.79334,2.6345,0,-0,0,
0.7,0.671609,0.70913,-24.7955,0,-12.5742,-0.0651695,0,-0,0,0,-24.5027,-3.79951,2.63879,0,-0,0,
0.7,0.67161,0.709125,-24.773,0,-12.5645,-0.0653592,0,-0,0,0,-24.4804,-3.79607,2.6364,0,-0,0,
0.7,0.671611,0.709119,-24.7819,0,-12.5705,-0.0656372,0,-0,0,0,-24.4892,-3.79747,2.63735,0,-0,0,
0.7,0.671611,0.709112,-24.8957,0,-12.6315,-0.0665174,0,-0,0,0,-24.6016,-3.81501,2.64948,0,-0,0,
0.7,0.671613,0.709105,-24.6477,0,-12.5072,-0.0661277,0,-0,0,0,-24.3566,-3.77716,2.62311,0,-0,0,
0.7,0.671616,0.709098,-24.6076,0,-12.4881,-0.0662963,0,-0,0,0,-24.3169,-3.77119,2.61887,0,-0,0,
0.7,0.671621,0.709091,-24.5447,0,-12.4574,-0.0664227,0,-0,0,0,-24.2548,-3.76173,2.61221,0,-0,0,
0.7,0.671624,0.709077,-24.5926,0,-12.483,-0.0668574,0,-0,0,0,-24.302,-3.7692,2.61732,0,-0,0,
0.7,0.671628,0.709071,-24.6123,0,-12.4944,-0.0672386,0,-0,0,0,-24.3215,-3.77237,2.61945,0,-0,0,
0.7,0.671637,0.709065,-24.295,0,-12.3358,-0.0669282,0,-0,0,0,-24.0079,-3.72413,2.58575,0,-0,0,
0.7,0.671642,0.70906,-24.4059,0,-12.3932,-0.0675084,0,-0,0,0,-24.1174,-3.74126,2.59757,0,-0,0,
0.7,0.671647,0.709054,-24.4337,0,-12.4086,-0.0678354,0,-0,0,0,-24.1449,-3.74568,2.60056,0,-0,0,
0.7,0.671653,0.709049,-24.3464,0,-12.3653,-0.0678077,0,-0,0,0,-24.0585,-3.73249,2.59129,0,-0,0,
0.7,0.671658,0.709044,-24.3642,0,-12.3756,-0.068084,0,-0,0,0,-24.0761,-3.73544,2.59323,0,-0,0,
0.7,0.671665,0.709034,-24.2789,0,-12.3333,-0.068043,0,-0,0,0,-23.9918,-3.72256,2.58418,0,-0,0,
0.7,0.671672,0.709028,-24.2932,0,-12.3418,-0.068268,0,-0,0,0,-24.0059,-3.72499,2.58574,0,-0,0,
0.7,0.671678,0.709022,-24.2859,0,-12.3393,-0.0684108,0,-0,0,0,-23.9987,-3.72415,2.58501,0,-0,0,
0.7,0.671684,0.709016,-24.3413,0,-12.3686,-0.0686874,0,-0,0,0,-24.0534,-3.73286,2.59095,0,-0,0,
0.7,0.67169,0.70901,-24.3231,0,-12.3606,-0.068843,0,-0,0,0,-24.0353,-3.73023,2.58903,0,-0,0,
0.7,0.671695,0.709004,-24.3367,0,-12.3686,-0.0689875,0,-0,0,0,-24.0488,-3.73248,2.59051,0,-0,0,
0.7,0.671701,0.708997,-24.3207,0,-12.3616,-0.0691138,0,-0,0,0,-24.033,-3.73024,2.58884,0,-0,0,
0.7,0.671706,0.708991,-24.3648,0,-12.3852,-0.0694145,0,-0,0,0,-24.0765,-3.73721,2.59357,0,-0,0,
0.7,0.671712,0.708985,-24.3309,0,-12.3691,-0.0694783,0,-0,0,0,-24.043,-3.73216,2.58999,0,-0,0,
0.7,0.671716,0.708981,-24.4494,0,-12.4307,-0.07004,0,-0,0,0,-24.1601,-3.75043,2.60262,0,-0,0,
0.7,0.671722,0.708976,-24.3475,0,-12.38,-0.0699281,0,-0,0,0,-24.0593,-3.73497,2.59179,0,-0,0,
0.7,0.671727,0.708969,-24.384,0,-12.3997,-0.0701935,0,-0,0,0,-24.0953,-3.74073,2.59571,0,-0,0,
0.7,0.671732,0.708966,-24.3463,0,-12.3816,-0.0702929,0,-0,0,0,-24.0581,-3.73509,2.59172,0,-0,0,
0.7,0.671738,0.708961,-24.3204,0,-12.3696,-0.0704319,0,-0,0,0,-24.0325,-3.73126,2.58899,0,-0,0,
0.7,0.671744,0.708953,-24.2627,0,-12.3412,-0.0704782,0,-0,0,0,-23.9754,-3.72262,2.58288,0,-0,0,
0.7,0.67175,0.708947,-24.4097,0,-12.417,-0.0711174,0,-0,0,0,-24.1207,-3.74539,2.59857,0,-0,0,
0.7,0.671767,0.708935,-23.713,0,-12.063,-0.0692994,0,-0,0,0,-23.4321,-3.6391,2.5245,0,-0,0,
0.7,0.671773,0.708929,-24.3063,0,-12.3659,-0.0712455,0,-0,0,0,-24.0183,-3.73038,2.5877,0,-0,0,
0.7,0.671778,0.708923,-24.3302,0,-12.3791,-0.0715033,0,-0,0,0,-24.0419,-3.73428,2.59028,0,-0,0,
0.7,0.671783,0.708918,-24.3761,0,-12.4036,-0.0718217,0,-0,0,0,-24.0873,-3.7415,2.5952,0,-0,0,
0.7,0.671787,0.708914,-24.4062,0,-12.4201,-0.0723128,0,-0,0,0,-24.117,-3.74632,2.59844,0,-0,0,
0.7,0.671786,0.70891,-24.8112,0,-12.6277,-0.0736032,0,-0,0,0,-24.5172,-3.80825,2.64152,0,-0,0,
0.7,0.671789,0.708906,-24.4851,0,-12.4629,-0.0727666,0,-0,0,0,-24.195,-3.7584,2.60683,0,-0,0,
0.7,0.671792,0.708901,-24.5063,0,-12.4748,-0.0729554,0,-0,0,0,-24.2158,-3.76181,2.60911,0,-0,0,
0.7,0.671795,0.708897,-24.4878,0,-12.4666,-0.073035,0,-0,0,0,-24.1976,-3.75913,2.60717,0,-0,0,
0.7,0.671797,0.708893,-24.5778,0,-12.5138,-0.0734739,0,-0,0,0,-24.2865,-3.77305,2.61677,0,-0,0,
0.7,0.671799,0.708888,-24.5392,0,-12.4954,-0.0735132,0,-0,0,0,-24.2483,-3.76731,2.61269,0,-0,0,
0.7,0.671801,0.708884,-24.587,0,-12.521,-0.0738344,0,-0,0,0,-24.2955,-3.77475,2.6178,0,-0,0,
0.7,0.671803,0.708878,-24.5421,0,-12.4995,-0.0738397,0,-0,0,0,-24.2512,-3.76801,2.61305,0,-0,0,
0.7,0.671805,0.708868,-24.5995,0,-12.5301,-0.0741895,0,-0,0,0,-24.3078,-3.77696,2.61918,0,-0,0,
0.7,0.671812,0.708862,-24.271,0,-12.365,-0.073343,0,-0,0,0,-23.9831,-3.72729,2.58433,0,-0,0,
0.7,0.671815,0.708858,-24.4585,0,-12.4618,-0.0740724,0,-0,0,0,-24.1684,-3.75629,2.60433,0,-0,0,
0.7,0.671818,0.708853,-24.5042,0,-12.4863,-0.0743968,0,-0,0,0,-24.2135,-3.76349,2.60923,0,-0,0,
0.7,0.671821,0.70885,-24.4579,0,-12.4639,-0.0744371,0,-0,0,0,-24.1677,-3.75657,2.60433,0,-0,0,
0.7,0.671825,0.708855,-24.424,0,-12.4477,-0.0745379,0,-0,0,0,-24.1342,-3.7516,2.60076,0,-0,0,
0.7,0.671828,0.708852,-24.4456,0,-12.4599,-0.0748059,0,-0,0,0,-24.1554,-3.75503,2.60307,0,-0,0,
0.7,0.671831,0.708848,-24.4747,0,-12.476,-0.0751297,0,-0,0,0,-24.1842,-3.75961,2.60619,0,-0,0,
0.7,0.671835,0.708844,-24.4067,0,-12.4423,-0.0751141,0,-0,0,0,-24.117,-3.74933,2.59898,0,-0,0,
0.7,0.671839,0.708841,-24.3622,0,-12.4206,-0.075194,0,-0,0,0,-24.073,-3.74275,2.59429,0,-0,0,
0.7,0.671843,0.708837,-24.3491,0,-12.4149,-0.0753258,0,-0,0,0,-24.06,-3.7409,2.59292,0,-0,0,
0.7,0.671848,0.708832,-24.323,0,-12.4026,-0.0754602,0,-0,0,0,-24.0342,-3.73705,2.59016,0,-0,0,
0.7,0.671852,0.708828,-24.3304,0,-12.4072,-0.0756745,0,-0,0,0,-24.0415,-3.7384,2.59099,0,-0,0,
0.7,0.671857,0.708823,-24.3063,0,-12.3959,-0.0758141,0,-0,0,0,-24.0177,-3.73489,2.58845,0,-0,0,
0.7,0.671862,0.708817,-24.2986,0,-12.3929,-0.0760183,0,-0,0,0,-24.01,-3.73389,2.58766,0,-0,0,
0.7,0.671867,0.708811,-24.2698,0,-12.3791,-0.0761432,0,-0,0,0,-23.9815,-3.72965,2.58463,0,-0,0,
0.7,0.671871,0.708806,-24.3668,0,-12.4297,-0.0766968,0,-0,0,0,-24.0773,-3.74476,2.59499,0,-0,0,
0.7,0.671875,0.708801,-24.3488,0,-12.4215,-0.0768886,0,-0,0,0,-24.0595,-3.74218,2.59311,0,-0,0,
0.7,0.671879,0.708792,-24.3819,0,-12.4393,-0.0772411,0,-0,0,0,-24.0922,-3.74741,2.59665,0,-0,0,
0.7,0.671883,0.708788,-24.4592,0,-12.4798,-0.0777236,0,-0,0,0,-24.1685,-3.7594,2.6049,0,-0,0,
0.7,0.671889,0.708784,-24.2279,0,-12.3638,-0.0774365,0,-0,0,0,-23.94,-3.72382,2.58027,0,-0,0,
0.7,0.671892,0.708781,-24.4427,0,-12.4745,-0.0783919,0,-0,0,0,-24.1523,-3.75692,2.60316,0,-0,0,
0.7,0.671895,0.708778,-24.4183,0,-12.4632,-0.0785648,0,-0,0,0,-24.1281,-3.75327,2.60057,0,-0,0,
0.7,0.671897,0.708775,-24.4754,0,-12.4936,-0.0790135,0,-0,0,0,-24.1846,-3.76213,2.60667,0,-0,0,
0.7,0.6719,0.708771,-24.478,0,-12.496,-0.0793011,0,-0,0,0,-24.187,-3.76264,2.60696,0,-0,0,
0.7,0.671903,0.708767,-24.4403,0,-12.4779,-0.0794605,0,-0,0,0,-24.1498,-3.75693,2.60296,0,-0,0,
0.7,0.671905,0.708762,-24.491,0,-12.5051,-0.0799351,0,-0,0,0,-24.1999,-3.76481,2.60838,0,-0,0,
0.7,0.671908,0.708757,-24.4204,0,-12.4702,-0.0799873,0,-0,0,0,-24.1302,-3.75412,2.60089,0,-0,0,
0.7,0.671911,0.708752,-24.4358,0,-12.4792,-0.0803234,0,-0,0,0,-24.1453,-3.75662,2.60255,0,-0,0,
0.7,0.671914,0.708741,-24.4307,0,-12.4776,-0.0805933,0,-0,0,0,-24.1403,-3.756,2.60203,0,-0,0,
0.7,0.671921,0.708736,-24.1247,0,-12.3236,-0.0801762,0,-0,0,0,-23.8378,-3.70918,2.56948,0,-0,0,
0.7,0.671925,0.708731,-24.3681,0,-12.449,-0.0812493,0,-0,0,0,-24.0783,-3.74676,2.59543,0,-0,0,
0.7,0.671929,0.708727,-24.331,0,-12.4311,-0.081384,0,-0,0,0,-24.0416,-3.74119,2.5915,0,-0,0,
0.7,0.671934,0.708723,-24.2762,0,-12.4042,-0.0814381,0,-0,0,0,-23.9875,-3.73288,2.58568,0,-0,0,
0.7,0.671939,0.708718,-24.2292,0,-12.3811,-0.0814472,0,-0,0,0,-23.941,-3.72579,2.58069,0,-0,0,
0.7,0.671945,0.708714,-24.1814,0,-12.3575,-0.0814572,0,-0,0,0,-23.8937,-3.71857,2.57563,0,-0,0,
0.7,0.67195,0.70871,-24.1995,0,-12.3676,-0.0816363,0,-0,0,0,-23.9116,-3.72145,2.57757,0,-0,0,
0.7,0.671957,0.708706,-24.1187,0,-12.3271,-0.0814955,0,-0,0,0,-23.8318,-3.70907,2.56897,0,-0,0,
0.7,0.671963,0.708702,-24.1288,0,-12.3331,-0.0816366,0,-0,0,0,-23.8418,-3.71072,2.57007,0,-0,0,
0.7,0.671969,0.708697,-24.1179,0,-12.3283,-0.0817038,0,-0,0,0,-23.831,-3.70913,2.56892,0,-0,0,
0.7,0.671976,0.708687,-24.2193,0,-12.3809,-0.08217,0,-0,0,0,-23.9312,-3.72481,2.57974,0,-0,0,
0.7,0.671987,0.708682,-23.8824,0,-12.2104,-0.0813487,0,-0,0,0,-23.5983,-3.67315,2.54388,0,-0,0,
0.7,0.671993,0.708677,-24.1757,0,-12.3611,-0.0825367,0,-0,0,0,-23.888,-3.71839,2.57514,0,-0,0,
0.7,0.671998,0.708672,-24.1542,0,-12.3509,-0.0826111,0,-0,0,0,-23.8667,-3.71519,2.57286,0,-0,0,
0.7,0.672004,0.708667,-24.1361,0,-12.3426,-0.0827773,0,-0,0,0,-23.8489,-3.71251,2.57096,0,-0,0,
0.7,0.67201,0.708662,-24.122,0,-12.3362,-0.0829176,0,-0,0,0,-23.8349,-3.71048,2.56948,0,-0,0,
0.7,0.672015,0.708658,-24.1472,0,-12.3499,-0.0831932,0,-0,0,0,-23.8598,-3.7145,2.57219,0,-0,0,
0.7,0.672021,0.708654,-24.1012,0,-12.3271,-0.0832099,0,-0,0,0,-23.8143,-3.70754,2.5673,0,-0,0,
0.7,0.672028,0.708651,-24.0096,0,-12.281,-0.0830943,0,-0,0,0,-23.7238,-3.69358,2.55756,0,-0,0,
0.7,0.672034,0.708648,-24.0744,0,-12.3151,-0.0835344,0,-0,0,0,-23.7878,-3.70365,2.56449,0,-0,0,
0.7,0.672041,0.708646,-24.0424,0,-12.2996,-0.0836009,0,-0,0,0,-23.7562,-3.69884,2.5611,0,-0,0,
0.7,0.672047,0.708643,-24.0403,0,-12.2993,-0.0838084,0,-0,0,0,-23.7541,-3.6986,2.56089,0,-0,0,
0.7,0.672053,0.70864,-24.0932,0,-12.3274,-0.0842163,0,-0,0,0,-23.8063,-3.70678,2.56653,0,-0,0,
0.7,0.67206,0.708637,-24.0032,0,-12.2821,-0.0841087,0,-0,0,0,-23.7174,-3.69305,2.55696,0,-0,0,
0.7,0.672066,0.708634,-24.0684,0,-12.3163,-0.0845418,0,-0,0,0,-23.7818,-3.70312,2.56391,0,-0,0,
0.7,0.672072,0.70863,-24.0786,0,-12.3223,-0.0847587,0,-0,0,0,-23.7918,-3.70474,2.56501,0,-0,0,
0.7,0.672078,0.708626,-24.0885,0,-12.3283,-0.0849947,0,-0,0,0,-23.8017,-3.70631,2.56608,0,-0,0,
0.7,0.672083,0.708621,-24.1406,0,-12.3558,-0.0853587,0,-0,0,0,-23.8532,-3.71437,2.57163,0,-0,0,
0.7,0.672088,0.708617,-24.1568,0,-12.365,-0.0855943,0,-0,0,0,-23.8691,-3.71692,2.57336,0,-0,0,
0.7,0.672092,0.708608,-24.1816,0,-12.3786,-0.085859,0,-0,0,0,-23.8936,-3.72078,2.57601,0,-0,0,
0.7,0.672097,0.708604,-24.2475,0,-12.4132,-0.0862981,0,-0,0,0,-23.9587,-3.73095,2.58304,0,-0,0,
0.7,0.672106,0.708601,-23.8243,0,-12.1984,-0.0852091,0,-0,0,0,-23.5405,-3.66592,2.53797,0,-0,0,
0.7,0.672111,0.708599,-24.1773,0,-12.3799,-0.0866738,0,-0,0,0,-23.8893,-3.72036,2.57559,0,-0,0,
0.7,0.672117,0.708596,-23.9999,0,-12.2898,-0.0862096,0,-0,0,0,-23.714,-3.69319,2.55671,0,-0,0,
0.7,0.672124,0.708593,-24.0182,0,-12.3,-0.0864923,0,-0,0,0,-23.7321,-3.69614,2.55869,0,-0,0,
0.7,0.67213,0.708592,-23.9872,0,-12.2848,-0.0865717,0,-0,0,0,-23.7014,-3.69159,2.55542,0,-0,0,
0.7,0.672137,0.70859,-23.9527,0,-12.2678,-0.0866358,0,-0,0,0,-23.6673,-3.68648,2.55178,0,-0,0,
0.7,0.672144,0.708588,-23.9191,0,-12.2512,-0.0866973,0,-0,0,0,-23.634,-3.68149,2.54823,0,-0,0,
0.7,0.672152,0.708586,-23.8236,0,-12.2029,-0.0865321,0,-0,0,0,-23.5397,-3.66699,2.53809,0,-0,0,
0.7,0.67216,0.708584,-23.8533,0,-12.2187,-0.0868316,0,-0,0,0,-23.569,-3.67174,2.54128,0,-0,0,
0.7,0.672167,0.708582,-23.8887,0,-12.2375,-0.0871041,0,-0,0,0,-23.604,-3.67732,2.54508,0,-0,0,
0.7,0.672174,0.708579,-23.8777,0,-12.2325,-0.0872375,0,-0,0,0,-23.5931,-3.67571,2.54392,0,-0,0,
0.7,0.672181,0.708576,-23.9183,0,-12.254,-0.0875122,0,-0,0,0,-23.6332,-3.68208,2.54827,0,-0,0,
0.7,0.672188,0.708572,-23.9525,0,-12.2722,-0.0877541,0,-0,0,0,-23.667,-3.68744,2.55193,0,-0,0,
0.7,0.672193,0.708568,-24.0119,0,-12.3033,-0.0880856,0,-0,0,0,-23.7257,-3.69671,2.55828,0,-0,0,
0.7,0.672198,0.708563,-24.0308,0,-12.3137,-0.0882628,0,-0,0,0,-23.7443,-3.69969,2.5603,0,-0,0,
0.7,0.672204,0.708557,-24.0295,0,-12.3138,-0.0883944,0,-0,0,0,-23.743,-3.69955,2.56017,0,-0,0,
0.7,0.672208,0.708552,-24.1166,0,-12.3592,-0.0888699,0,-0,0,0,-23.829,-3.71301,2.56946,0,-0,0,
0.7,0.672212,0.708547,-24.1151,0,-12.3592,-0.0890068,0,-0,0,0,-23.8276,-3.71282,2.56931,0,-0,0,
0.7,0.672216,0.708542,-24.1141,0,-12.3595,-0.0891594,0,-0,0,0,-23.8266,-3.71269,2.5692,0,-0,0,
0.7,0.67222,0.708537,-24.146,0,-12.3767,-0.0894457,0,-0,0,0,-23.8581,-3.7176,2.57261,0,-0,0,
0.7,0.672224,0.708533,-24.2069,0,-12.4088,-0.0898412,0,-0,0,0,-23.9183,-3.72704,2.5791,0,-0,0,
0.7,0.672232,0.708526,-23.9353,0,-12.2713,-0.089154,0,-0,0,0,-23.6499,-3.68533,2.55019,0,-0,0,
0.7,0.672236,0.708522,-24.1181,0,-12.366,-0.090031,0,-0,0,0,-23.8305,-3.71351,2.56967,0,-0,0,
0.7,0.672241,0.708518,-24.007,0,-12.3098,-0.0898178,0,-0,0,0,-23.7207,-3.69653,2.55785,0,-0,0,
0.7,0.672245,0.708514,-24.0698,0,-12.3429,-0.0902474,0,-0,0,0,-23.7827,-3.7063,2.56456,0,-0,0,
0.7,0.67225,0.70851,-24.0426,0,-12.3297,-0.0903343,0,-0,0,0,-23.7558,-3.70224,2.56168,0,-0,0,
0.7,0.672254,0.708506,-24.0752,0,-12.3474,-0.0906757,0,-0,0,0,-23.788,-3.70735,2.56517,0,-0,0,
0.7,0.67226,0.708502,-23.9792,0,-12.299,-0.0905084,0,-0,0,0,-23.6931,-3.69272,2.55496,0,-0,0,
0.7,0.672264,0.708498,-24.0647,0,-12.3437,-0.0910463,0,-0,0,0,-23.7776,-3.70604,2.5641,0,-0,0,
0.7,0.672268,0.708495,-24.0872,0,-12.3561,-0.0913432,0,-0,0,0,-23.7998,-3.70964,2.56652,0,-0,0,
0.7,0.672271,0.708492,-24.124,0,-12.376,-0.0917136,0,-0,0,0,-23.8362,-3.71539,2.57046,0,-0,0,
0.7,0.672275,0.708488,-24.106,0,-12.3677,-0.0918441,0,-0,0,0,-23.8183,-3.71274,2.56855,0,-0,0,
0.7,0.672278,0.708486,-24.1913,0,-12.4124,-0.0923717,0,-0,0,0,-23.9026,-3.72595,2.57766,0,-0,0,
0.7,0.67228,0.708483,-24.2248,0,-12.4306,-0.0926929,0,-0,0,0,-23.9358,-3.73117,2.58124,0,-0,0,
0.7,0.672282,0.708481,-24.2238,0,-12.431,-0.0928768,0,-0,0,0,-23.9347,-3.73108,2.58114,0,-0,0,
0.7,0.672284,0.708479,-24.2023,0,-12.4209,-0.0929525,0,-0,0,0,-23.9135,-3.72786,2.57887,0,-0,0,
0.7,0.672286,0.708478,-24.2117,0,-12.4266,-0.0931361,0,-0,0,0,-23.9227,-3.72939,2.57988,0,-0,0,
0.7,0.672289,0.708476,-24.2115,0,-12.4273,-0.0932916,0,-0,0,0,-23.9225,-3.72943,2.57987,0,-0,0,
0.7,0.672291,0.708475,-24.212,0,-12.4284,-0.093499,0,-0,0,0,-23.923,-3.72955,2.57993,0,-0,0,
0.7,0.672294,0.708473,-24.23,0,-12.4384,-0.0937754,0,-0,0,0,-23.9408,-3.73242,2.58187,0,-0,0,
0.7,0.672299,0.708472,-23.9783,0,-12.3108,-0.0932471,0,-0,0,0,-23.692,-3.69383,2.55507,0,-0,0,
0.7,0.672303,0.708471,-24.1715,0,-12.4108,-0.0942248,0,-0,0,0,-23.883,-3.72366,2.57568,0,-0,0,
0.7,0.672306,0.70847,-24.0634,0,-12.3561,-0.0940301,0,-0,0,0,-23.7762,-3.70716,2.56419,0,-0,0,
0.7,0.672311,0.708468,-24.0635,0,-12.3569,-0.0942536,0,-0,0,0,-23.7762,-3.70736,2.56422,0,-0,0,
0.7,0.672315,0.708466,-24.0291,0,-12.3399,-0.0942888,0,-0,0,0,-23.7422,-3.70225,2.56059,0,-0,0,
0.7,0.672321,0.708463,-23.8965,0,-12.2724,-0.0939688,0,-0,0,0,-23.6111,-3.68203,2.54649,0,-0,0,
0.7,0.672327,0.70846,-23.8883,0,-12.2688,-0.0941522,0,-0,0,0,-23.603,-3.68102,2.54566,0,-0,0,
0.7,0.672334,0.708453,-23.8983,0,-12.2746,-0.0943901,0,-0,0,0,-23.6128,-3.68285,2.54678,0,-0,0,
0.7,0.67234,0.708448,-23.8271,0,-12.2385,-0.0943236,0,-0,0,0,-23.5424,-3.67212,2.53923,0,-0,0,
0.7,0.672348,0.708444,-23.8744,0,-12.2633,-0.0947268,0,-0,0,0,-23.5891,-3.67965,2.54431,0,-0,0,
0.7,0.672363,0.708439,-23.368,0,-12.0043,-0.0932038,0,-0,0,0,-23.0887,-3.60216,2.49044,0,-0,0,
0.7,0.672371,0.708434,-23.6919,0,-12.1711,-0.094731,0,-0,0,0,-23.4087,-3.65236,2.525,0,-0,0,
0.7,0.67238,0.70843,-23.6728,0,-12.1618,-0.0949311,0,-0,0,0,-23.3898,-3.64969,2.52301,0,-0,0,
0.7,0.672387,0.708426,-23.7653,0,-12.21,-0.0955642,0,-0,0,0,-23.4812,-3.66423,2.53292,0,-0,0,
0.7,0.672394,0.708421,-23.7338,0,-12.1943,-0.095704,0,-0,0,0,-23.45,-3.65969,2.52961,0,-0,0,
0.7,0.672401,0.708417,-23.8074,0,-12.2327,-0.0962351,0,-0,0,0,-23.5227,-3.67135,2.53751,0,-0,0,
0.7,0.672408,0.708413,-23.7481,0,-12.2027,-0.0962451,0,-0,0,0,-23.464,-3.66245,2.53123,0,-0,0,
0.7,0.672414,0.708409,-23.7786,0,-12.219,-0.0966183,0,-0,0,0,-23.494,-3.66744,2.53452,0,-0,0,
0.7,0.672421,0.708406,-23.7203,0,-12.1895,-0.0965815,0,-0,0,0,-23.4364,-3.65879,2.52837,0,-0,0,
0.7,0.672429,0.708402,-23.6715,0,-12.1649,-0.0965803,0,-0,0,0,-23.3881,-3.65162,2.52322,0,-0,0,
0.7,0.672437,0.708399,-23.669,0,-12.1641,-0.0967688,0,-0,0,0,-23.3856,-3.65155,2.52301,0,-0,0,
0.7,0.672443,0.708395,-23.7988,0,-12.2314,-0.0975211,0,-0,0,0,-23.5138,-3.67183,2.53689,0,-0,0,
0.7,0.672451,0.708391,-23.7242,0,-12.1936,-0.0974368,0,-0,0,0,-23.4401,-3.66062,2.52899,0,-0,0,
0.7,0.672458,0.708383,-23.752,0,-12.2084,-0.0977635,0,-0,0,0,-23.4675,-3.66517,2.532,0,-0,0,
0.7,0.672465,0.708378,-23.835,0,-12.2515,-0.0983646,0,-0,0,0,-23.5494,-3.67815,2.54087,0,-0,0,
0.7,0.672477,0.708373,-23.4994,0,-12.0801,-0.0975308,0,-0,0,0,-23.2178,-3.62673,2.50515,0,-0,0,
0.7,0.672483,0.708368,-23.7916,0,-12.2309,-0.0990019,0,-0,0,0,-23.5065,-3.672,2.53633,0,-0,0,
0.7,0.672489,0.708363,-23.8066,0,-12.2391,-0.0993339,0,-0,0,0,-23.5213,-3.67449,2.53796,0,-0,0,
0.7,0.672496,0.708358,-23.7112,0,-12.1905,-0.0991947,0,-0,0,0,-23.427,-3.65995,2.52782,0,-0,0,
0.7,0.672501,0.708353,-23.7821,0,-12.2276,-0.0997715,0,-0,0,0,-23.4971,-3.67107,2.53542,0,-0,0,
0.7,0.672507,0.708348,-23.7771,0,-12.2254,-0.0999956,0,-0,0,0,-23.4921,-3.67052,2.53492,0,-0,0,
0.7,0.672507,0.708345,-24.2543,0,-12.4715,-0.102276,0,-0,0,0,-23.9635,-3.74434,2.58581,0,-0,0,
0.7,0.672513,0.708341,-23.7906,0,-12.2335,-0.100565,0,-0,0,0,-23.5054,-3.67299,2.53642,0,-0,0,
0.7,0.672518,0.708334,-23.8252,0,-12.2518,-0.100925,0,-0,0,0,-23.5395,-3.67856,2.54014,0,-0,0,
0.7,0.672524,0.708331,-23.8586,0,-12.2694,-0.101279,0,-0,0,0,-23.5724,-3.68398,2.54375,0,-0,0,
0.7,0.672533,0.708329,-23.593,0,-12.134,-0.100636,0,-0,0,0,-23.31,-3.64345,2.51552,0,-0,0,
0.7,0.672537,0.708325,-23.9069,0,-12.2958,-0.102223,0,-0,0,0,-23.6201,-3.69216,2.54902,0,-0,0,
0.7,0.672541,0.708321,-23.9491,0,-12.3182,-0.102673,0,-0,0,0,-23.6617,-3.69887,2.55355,0,-0,0,
0.7,0.672544,0.708317,-23.9155,0,-12.3015,-0.102785,0,-0,0,0,-23.6285,-3.69393,2.55001,0,-0,0,
0.7,0.672547,0.708313,-23.9586,0,-12.3243,-0.103217,0,-0,0,0,-23.671,-3.70077,2.55463,0,-0,0,
0.7,0.672551,0.708309,-23.9452,0,-12.318,-0.103412,0,-0,0,0,-23.6578,-3.69891,2.55325,0,-0,0,
0.7,0.672554,0.708303,-23.9374,0,-12.3146,-0.103627,0,-0,0,0,-23.65,-3.69792,2.55245,0,-0,0,
0.7,0.672558,0.708298,-23.9203,0,-12.3064,-0.103778,0,-0,0,0,-23.6331,-3.69552,2.55067,0,-0,0,
0.7,0.672561,0.708293,-23.9056,0,-12.2994,-0.10397,0,-0,0,0,-23.6186,-3.69342,2.54913,0,-0,0,
0.7,0.672565,0.708288,-23.887,0,-12.2904,-0.104139,0,-0,0,0,-23.6002,-3.69079,2.54719,0,-0,0,
0.7,0.672569,0.708281,-23.8877,0,-12.2912,-0.104363,0,-0,0,0,-23.6008,-3.69112,2.5473,0,-0,0,
0.7,0.672573,0.708276,-23.8572,0,-12.276,-0.104498,0,-0,0,0,-23.5706,-3.68662,2.54407,0,-0,0,
0.7,0.672578,0.708272,-23.799,0,-12.2466,-0.104519,0,-0,0,0,-23.5131,-3.6779,2.53792,0,-0,0,
0.7,0.672583,0.708269,-23.7574,0,-12.2256,-0.104608,0,-0,0,0,-23.4719,-3.67175,2.53353,0,-0,0,
0.7,0.672589,0.708266,-23.7404,0,-12.2173,-0.104778,0,-0,0,0,-23.4551,-3.66942,2.53177,0,-0,0,
0.7,0.672595,0.708262,-23.705,0,-12.1995,-0.104904,0,-0,0,0,-23.4201,-3.66427,2.52804,0,-0,0,
0.7,0.672604,0.708259,-23.5461,0,-12.1173,-0.104343,0,-0,0,0,-23.263,-3.6402,2.51118,0,-0,0,
0.7,0.67261,0.708257,-23.6512,0,-12.1719,-0.105072,0,-0,0,0,-23.3668,-3.65671,2.52243,0,-0,0,
0.7,0.672617,0.70825,-23.6785,0,-12.1864,-0.10544,0,-0,0,0,-23.3937,-3.66121,2.52539,0,-0,0,
0.7,0.672623,0.708246,-23.7887,0,-12.2437,-0.106199,0,-0,0,0,-23.5026,-3.67852,2.53719,0,-0,0,
0.7,0.672635,0.708242,-23.1937,0,-11.9383,-0.10404,0,-0,0,0,-22.9146,-3.58702,2.47381,0,-0,0,
0.7,0.672641,0.708238,-23.7357,0,-12.2178,-0.106733,0,-0,0,0,-23.4501,-3.67105,2.53165,0,-0,0,
0.7,0.672648,0.708233,-23.6512,0,-12.1747,-0.106552,0,-0,0,0,-23.3665,-3.65828,2.52269,0,-0,0,
0.7,0.672654,0.708229,-23.5934,0,-12.1454,-0.106526,0,-0,0,0,-23.3094,-3.64964,2.51658,0,-0,0,
0.7,0.67266,0.708225,-23.6477,0,-12.1739,-0.107049,0,-0,0,0,-23.363,-3.6583,2.52241,0,-0,0,
0.7,0.672666,0.708221,-23.6486,0,-12.1748,-0.107282,0,-0,0,0,-23.3639,-3.65872,2.52256,0,-0,0,
0.7,0.672672,0.708216,-23.64,0,-12.1709,-0.107495,0,-0,0,0,-23.3553,-3.65768,2.52168,0,-0,0,
0.7,0.672678,0.708211,-23.6482,0,-12.1756,-0.107763,0,-0,0,0,-23.3634,-3.65921,2.52261,0,-0,0,
0.7,0.672683,0.708207,-23.6984,0,-12.2021,-0.108251,0,-0,0,0,-23.413,-3.66728,2.52801,0,-0,0,
0.7,0.672688,0.708203,-23.689,0,-12.1978,-0.108456,0,-0,0,0,-23.4036,-3.66602,2.52704,0,-0,0,
0.7,0.672693,0.708199,-23.7091,0,-12.2087,-0.108826,0,-0,0,0,-23.4234,-3.66936,2.52922,0,-0,0,
0.7,0.672698,0.708195,-23.7211,0,-12.2154,-0.109123,0,-0,0,0,-23.4352,-3.67143,2.53053,0,-0,0,
0.7,0.672703,0.708192,-23.6966,0,-12.2033,-0.109275,0,-0,0,0,-23.411,-3.6678,2.52795,0,-0,0,
0.7,0.672708,0.70819,-23.7326,0,-12.2225,-0.109732,0,-0,0,0,-23.4466,-3.67349,2.53181,0,-0,0,
0.7,0.672713,0.708187,-23.6859,0,-12.1989,-0.109771,0,-0,0,0,-23.4004,-3.66641,2.52685,0,-0,0,
0.7,0.672718,0.708183,-23.6756,0,-12.1942,-0.109982,0,-0,0,0,-23.3902,-3.66491,2.52577,0,-0,0,
0.7,0.672724,0.70818,-23.6289,0,-12.1706,-0.110003,0,-0,0,0,-23.3441,-3.65789,2.52082,0,-0,0,
0.7,0.67273,0.708177,-23.6165,0,-12.1646,-0.110189,0,-0,0,0,-23.3318,-3.65611,2.51953,0,-0,0,
0.7,0.672736,0.708174,-23.5897,0,-12.1512,-0.110329,0,-0,0,0,-23.3052,-3.65207,2.51668,0,-0,0,
0.7,0.672744,0.70817,-23.467,0,-12.0883,-0.109992,0,-0,0,0,-23.184,-3.63327,2.50362,0,-0,0,
0.7,0.672748,0.708166,-23.8373,0,-12.2796,-0.111968,0,-0,0,0,-23.5499,-3.69052,2.54312,0,-0,0,
0.7,0.672763,0.708156,-22.9664,0,-11.8316,-0.108338,0,-0,0,0,-22.6894,-3.55603,2.45026,0,-0,0,
0.7,0.672772,0.70815,-23.453,0,-12.0825,-0.110886,0,-0,0,0,-23.1701,-3.63158,2.50221,0,-0,0,
0.7,0.67278,0.708145,-23.4172,0,-12.0644,-0.110947,0,-0,0,0,-23.1347,-3.62627,2.49843,0,-0,0,
0.7,0.672788,0.708139,-23.4271,0,-12.0699,-0.111229,0,-0,0,0,-23.1444,-3.62805,2.49952,0,-0,0,
0.7,0.672795,0.708135,-23.4615,0,-12.088,-0.111639,0,-0,0,0,-23.1784,-3.63361,2.50323,0,-0,0,
0.7,0.672802,0.70813,-23.422,0,-12.0681,-0.111717,0,-0,0,0,-23.1394,-3.62773,2.49906,0,-0,0,
0.7,0.672809,0.708127,-23.4825,0,-12.0998,-0.11226,0,-0,0,0,-23.1991,-3.637,2.5055,0,-0,0,
0.7,0.672815,0.708123,-23.5034,0,-12.111,-0.112611,0,-0,0,0,-23.2197,-3.64047,2.50777,0,-0,0,
0.7,0.672823,0.708126,-23.418,0,-12.0674,-0.112309,0,-0,0,0,-23.1353,-3.62781,2.49875,0,-0,0,
0.7,0.672829,0.708124,-23.5158,0,-12.1183,-0.113022,0,-0,0,0,-23.2319,-3.64322,2.50923,0,-0,0,
0.7,0.672836,0.708121,-23.4726,0,-12.0964,-0.113077,0,-0,0,0,-23.1891,-3.63674,2.50465,0,-0,0,
0.7,0.672841,0.708119,-23.5479,0,-12.1358,-0.113676,0,-0,0,0,-23.2635,-3.64867,2.51274,0,-0,0,
0.7,0.672847,0.708117,-23.5482,0,-12.1364,-0.113931,0,-0,0,0,-23.2637,-3.64892,2.5128,0,-0,0,
0.7,0.672853,0.708114,-23.478,0,-12.1006,-0.113808,0,-0,0,0,-23.1944,-3.63827,2.50534,0,-0,0,
0.7,0.67286,0.708112,-23.4514,0,-12.0872,-0.11393,0,-0,0,0,-23.168,-3.63438,2.50255,0,-0,0,
0.7,0.672867,0.708109,-23.4492,0,-12.0865,-0.114139,0,-0,0,0,-23.1658,-3.63426,2.50235,0,-0,0,
0.7,0.672874,0.708106,-23.4572,0,-12.091,-0.114431,0,-0,0,0,-23.1737,-3.63572,2.50324,0,-0,0,
0.7,0.672881,0.708103,-23.4523,0,-12.089,-0.114673,0,-0,0,0,-23.1688,-3.63513,2.50274,0,-0,0,
0.7,0.672889,0.708099,-23.317,0,-12.0196,-0.114254,0,-0,0,0,-23.0352,-3.61441,2.48835,0,-0,0,
0.7,0.672896,0.708095,-23.3818,0,-12.0533,-0.114801,0,-0,0,0,-23.0991,-3.62468,2.4953,0,-0,0,
0.7,0.672904,0.70809,-23.3793,0,-12.0524,-0.115031,0,-0,0,0,-23.0966,-3.62457,2.49508,0,-0,0,
0.7,0.672912,0.70808,-23.3624,0,-12.0442,-0.11521,0,-0,0,0,-23.0798,-3.62223,2.49332,0,-0,0,
0.7,0.672919,0.708075,-23.4754,0,-12.1028,-0.116059,0,-0,0,0,-23.1915,-3.64006,2.50543,0,-0,0,
0.7,0.672933,0.70807,-23.0485,0,-11.8837,-0.114461,0,-0,0,0,-22.7696,-3.57444,2.45997,0,-0,0,
0.7,0.672939,0.708065,-23.4412,0,-12.0866,-0.116668,0,-0,0,0,-23.1575,-3.63565,2.50193,0,-0,0,
0.7,0.672946,0.70806,-23.3575,0,-12.0438,-0.116505,0,-0,0,0,-23.0748,-3.62297,2.49305,0,-0,0,
0.7,0.672953,0.708056,-23.4018,0,-12.067,-0.116994,0,-0,0,0,-23.1185,-3.63013,2.49782,0,-0,0,
0.7,0.672959,0.708052,-23.4196,0,-12.0766,-0.117332,0,-0,0,0,-23.136,-3.63319,2.49977,0,-0,0,
0.7,0.672966,0.708048,-23.3695,0,-12.0511,-0.117332,0,-0,0,0,-23.0865,-3.62574,2.49448,0,-0,0,
0.7,0.672973,0.708045,-23.3468,0,-12.0398,-0.117484,0,-0,0,0,-23.0641,-3.62251,2.49211,0,-0,0,
0.7,0.67298,0.708043,-23.3467,0,-12.0401,-0.117732,0,-0,0,0,-23.0639,-3.6228,2.49215,0,-0,0,
0.7,0.672987,0.70804,-23.3651,0,-12.0499,-0.118099,0,-0,0,0,-23.082,-3.62602,2.49417,0,-0,0,
0.7,0.672995,0.708038,-23.303,0,-12.0182,-0.118057,0,-0,0,0,-23.0207,-3.61673,2.4876,0,-0,0,
0.7,0.673003,0.708035,-23.213,0,-11.9721,-0.117862,0,-0,0,0,-22.9317,-3.60312,2.47805,0,-0,0,
0.7,0.673012,0.708032,-23.1458,0,-11.9377,-0.117781,0,-0,0,0,-22.8652,-3.59309,2.47094,0,-0,0,
0.7,0.673022,0.70803,-23.1947,0,-11.9631,-0.11829,0,-0,0,0,-22.9134,-3.60108,2.47623,0,-0,0,
0.7,0.673031,0.708024,-23.1145,0,-11.922,-0.118115,0,-0,0,0,-22.8341,-3.58903,2.46774,0,-0,0,
0.7,0.673041,0.708021,-23.079,0,-11.9039,-0.118206,0,-0,0,0,-22.799,-3.58392,2.46401,0,-0,0,
0.7,0.673051,0.708017,-23.0548,0,-11.8915,-0.11833,0,-0,0,0,-22.775,-3.58054,2.46149,0,-0,0,
0.7,0.67306,0.708013,-23.262,0,-11.9985,-0.119648,0,-0,0,0,-22.9796,-3.6131,2.48368,0,-0,0,
0.7,0.673079,0.70801,-22.6466,0,-11.6815,-0.116961,0,-0,0,0,-22.3717,-3.51823,2.41809,0,-0,0,
0.7,0.673088,0.708007,-23.134,0,-11.933,-0.119729,0,-0,0,0,-22.853,-3.59427,2.47018,0,-0,0,
0.7,0.673096,0.708003,-23.1572,0,-11.9451,-0.12008,0,-0,0,0,-22.8759,-3.59823,2.47273,0,-0,0,
0.7,0.673105,0.707999,-23.1114,0,-11.9216,-0.120061,0,-0,0,0,-22.8306,-3.59154,2.4679,0,-0,0,
0.7,0.673113,0.707996,-23.1931,0,-11.9639,-0.120729,0,-0,0,0,-22.9112,-3.60457,2.47668,0,-0,0,
0.7,0.673121,0.707993,-23.1306,0,-11.9318,-0.120619,0,-0,0,0,-22.8495,-3.59525,2.47008,0,-0,0,
0.7,0.673129,0.70799,-23.1418,0,-11.9377,-0.120923,0,-0,0,0,-22.8604,-3.59738,2.47133,0,-0,0,
0.7,0.673137,0.707987,-23.1787,0,-11.9569,-0.121353,0,-0,0,0,-22.8968,-3.6035,2.47534,0,-0,0,
0.7,0.673145,0.707985,-23.1252,0,-11.9295,-0.121308,0,-0,0,0,-22.8439,-3.5956,2.46969,0,-0,0,
0.7,0.673153,0.707983,-23.2399,0,-11.9889,-0.122171,0,-0,0,0,-22.9572,-3.61376,2.482,0,-0,0,
0.7,0.67316,0.707981,-23.21,0,-11.9737,-0.122229,0,-0,0,0,-22.9276,-3.60944,2.47886,0,-0,0,
0.7,0.673167,0.70798,-23.2485,0,-11.9938,-0.12268,0,-0,0,0,-22.9656,-3.61574,2.48302,0,-0,0,
0.7,0.673174,0.707979,-23.1764,0,-11.9569,-0.122548,0,-0,0,0,-22.8943,-3.60489,2.47538,0,-0,0,
0.7,0.673181,0.707976,-23.2601,0,-12.0004,-0.123245,0,-0,0,0,-22.977,-3.61817,2.48437,0,-0,0,
0.7,0.673188,0.707975,-23.3022,0,-12.0223,-0.123691,0,-0,0,0,-23.0185,-3.62502,2.48891,0,-0,0,
0.7,0.673202,0.707974,-22.8894,0,-11.8097,-0.121945,0,-0,0,0,-22.6106,-3.56144,2.44493,0,-0,0,
0.7,0.673209,0.707973,-23.1919,0,-11.9661,-0.123809,0,-0,0,0,-22.9094,-3.60882,2.47729,0,-0,0,
0.7,0.673216,0.707972,-23.1328,0,-11.9358,-0.123736,0,-0,0,0,-22.851,-3.59998,2.47104,0,-0,0,
0.7,0.673223,0.707971,-23.1863,0,-11.9636,-0.12424,0,-0,0,0,-22.9038,-3.60865,2.47681,0,-0,0,
0.7,0.67323,0.707969,-23.1406,0,-11.9402,-0.124239,0,-0,0,0,-22.8585,-3.60193,2.472,0,-0,0,
0.7,0.673236,0.707968,-23.1969,0,-11.9694,-0.124773,0,-0,0,0,-22.9141,-3.61105,2.47807,0,-0,0,
0.7,0.673243,0.707967,-23.1969,0,-11.9697,-0.125034,0,-0,0,0,-22.914,-3.6114,2.47813,0,-0,0,
0.7,0.673249,0.707965,-23.2221,0,-11.9829,-0.125413,0,-0,0,0,-22.9389,-3.61566,2.48088,0,-0,0,
0.7,0.673255,0.707963,-23.2627,0,-12.0041,-0.12589,0,-0,0,0,-22.9789,-3.62233,2.48527,0,-0,0,
0.7,0.67326,0.70796,-23.2649,0,-12.0056,-0.12617,0,-0,0,0,-22.9811,-3.62299,2.48556,0,-0,0,
0.7,0.673265,0.707957,-23.3094,0,-12.0288,-0.126651,0,-0,0,0,-23.025,-3.63021,2.49036,0,-0,0,
0.7,0.67327,0.707954,-23.2814,0,-12.0147,-0.126744,0,-0,0,0,-22.9973,-3.62615,2.48742,0,-0,0,
0.7,0.673275,0.707951,-23.3296,0,-12.0398,-0.127268,0,-0,0,0,-23.0448,-3.63393,2.49262,0,-0,0,
0.7,0.67328,0.707948,-23.3073,0,-12.0287,-0.12741,0,-0,0,0,-23.0228,-3.63072,2.49028,0,-0,0,
0.7,0.673285,0.707946,-23.4073,0,-12.0806,-0.12821,0,-0,0,0,-23.1215,-3.64656,2.501,0,-0,0,
0.7,0.673295,0.70794,-23.0235,0,-11.8832,-0.126621,0,-0,0,0,-22.7423,-3.58744,2.46011,0,-0,0,
0.7,0.673301,0.707937,-23.2333,0,-11.9919,-0.128062,0,-0,0,0,-22.9495,-3.62043,2.48257,0,-0,0,
0.7,0.673307,0.707934,-23.1852,0,-11.9674,-0.128051,0,-0,0,0,-22.9019,-3.61327,2.47749,0,-0,0,
0.7,0.673313,0.707931,-23.1674,0,-11.9585,-0.128214,0,-0,0,0,-22.8843,-3.61084,2.47565,0,-0,0,
0.7,0.67332,0.707929,-23.1755,0,-11.963,-0.12853,0,-0,0,0,-22.8922,-3.61247,2.47657,0,-0,0,
0.7,0.673326,0.707927,-23.1567,0,-11.9536,-0.128696,0,-0,0,0,-22.8736,-3.60986,2.47461,0,-0,0,
0.7,0.673333,0.707925,-23.1429,0,-11.9468,-0.12889,0,-0,0,0,-22.8599,-3.608,2.47319,0,-0,0,
0.7,0.673339,0.707922,-23.19,0,-11.9714,-0.129416,0,-0,0,0,-22.9064,-3.61564,2.47827,0,-0,0,
0.7,0.673345,0.70792,-23.226,0,-11.9902,-0.129868,0,-0,0,0,-22.9419,-3.62157,2.48217,0,-0,0,
0.7,0.673358,0.707919,-22.7625,0,-11.7515,-0.12776,0,-0,0,0,-22.4839,-3.54984,2.43273,0,-0,0,
0.7,0.673366,0.707918,-23.0718,0,-11.9113,-0.12973,0,-0,0,0,-22.7894,-3.59837,2.46583,0,-0,0,
0.7,0.673373,0.707916,-23.0557,0,-11.9033,-0.12988,0,-0,0,0,-22.7735,-3.59613,2.46416,0,-0,0,
0.7,0.67338,0.707914,-23.0296,0,-11.89,-0.129973,0,-0,0,0,-22.7477,-3.59234,2.46141,0,-0,0,
0.7,0.673388,0.707912,-22.9856,0,-11.8676,-0.12997,0,-0,0,0,-22.7042,-3.58572,2.45676,0,-0,0,
0.7,0.673395,0.70791,-23.018,0,-11.8846,-0.13041,0,-0,0,0,-22.7362,-3.591,2.46026,0,-0,0,
0.7,0.673403,0.707908,-23.0104,0,-11.8809,-0.130611,0,-0,0,0,-22.7286,-3.59007,2.45949,0,-0,0,
0.7,0.673409,0.707906,-23.0338,0,-11.8933,-0.13099,0,-0,0,0,-22.7517,-3.59399,2.46204,0,-0,0,
0.7,0.673416,0.707903,-23.0835,0,-11.9193,-0.13152,0,-0,0,0,-22.8007,-3.60197,2.46738,0,-0,0,
0.7,0.673422,0.7079,-23.0446,0,-11.8994,-0.131554,0,-0,0,0,-22.7623,-3.59611,2.46326,0,-0,0,
0.7,0.673429,0.707896,-23.072,0,-11.9138,-0.131946,0,-0,0,0,-22.7892,-3.60063,2.46622,0,-0,0,
0.7,0.673434,0.707892,-23.1007,0,-11.929,-0.13236,0,-0,0,0,-22.8176,-3.60538,2.46934,0,-0,0,
0.7,0.673441,0.707888,-23.0707,0,-11.9138,-0.132433,0,-0,0,0,-22.7879,-3.60092,2.46617,0,-0,0,
0.7,0.673446,0.707883,-23.1356,0,-11.9476,-0.133056,0,-0,0,0,-22.852,-3.61122,2.47313,0,-0,0,
0.7,0.673452,0.707878,-23.0957,0,-11.9272,-0.133048,0,-0,0,0,-22.8126,-3.60521,2.46891,0,-0,0,
0.7,0.673458,0.707874,-23.0775,0,-11.918,-0.133175,0,-0,0,0,-22.7945,-3.6026,2.467,0,-0,0,
0.7,0.673464,0.707869,-23.0627,0,-11.9106,-0.133316,0,-0,0,0,-22.7799,-3.60047,2.46545,0,-0,0,
0.7,0.673471,0.707865,-22.9957,0,-11.8762,-0.133156,0,-0,0,0,-22.7137,-3.59019,2.45832,0,-0,0,
0.7,0.673477,0.707861,-23.0315,0,-11.8949,-0.13358,0,-0,0,0,-22.749,-3.59598,2.46218,0,-0,0,
0.7,0.673484,0.707858,-22.9677,0,-11.8621,-0.133434,0,-0,0,0,-22.686,-3.58625,2.4554,0,-0,0,
0.7,0.673491,0.707855,-22.9866,0,-11.872,-0.133761,0,-0,0,0,-22.7046,-3.58938,2.45744,0,-0,0,
0.7,0.673499,0.707852,-22.9243,0,-11.84,-0.13361,0,-0,0,0,-22.6431,-3.57989,2.45082,0,-0,0,
0.7,0.673505,0.70785,-23.0164,0,-11.8876,-0.134349,0,-0,0,0,-22.7339,-3.59448,2.4607,0,-0,0,
0.7,0.673513,0.707848,-22.9386,0,-11.8476,-0.134105,0,-0,0,0,-22.6571,-3.58261,2.45243,0,-0,0,
0.7,0.673519,0.707845,-23.0023,0,-11.8807,-0.134715,0,-0,0,0,-22.72,-3.59277,2.45928,0,-0,0,
0.7,0.673528,0.707843,-22.866,0,-11.8104,-0.134125,0,-0,0,0,-22.5853,-3.5717,2.44474,0,-0,0,
0.7,0.673534,0.707839,-23.0481,0,-11.9047,-0.135418,0,-0,0,0,-22.7652,-3.60038,2.46425,0,-0,0,
0.7,0.67354,0.707837,-22.9549,0,-11.8567,-0.135111,0,-0,0,0,-22.673,-3.5861,2.45433,0,-0,0,
0.7,0.673547,0.707835,-22.9251,0,-11.8415,-0.13516,0,-0,0,0,-22.6436,-3.58166,2.45118,0,-0,0,
0.7,0.673553,0.707832,-23.0062,0,-11.8837,-0.135891,0,-0,0,0,-22.7236,-3.59454,2.45989,0,-0,0,
0.7,0.673559,0.70783,-23.1256,0,-11.9456,-0.136831,0,-0,0,0,-22.8416,-3.61343,2.4727,0,-0,0,
0.7,0.673569,0.707827,-22.8476,0,-11.8026,-0.135655,0,-0,0,0,-22.5669,-3.57047,2.44305,0,-0,0,
0.7,0.673574,0.707823,-23.1179,0,-11.9426,-0.137524,0,-0,0,0,-22.8338,-3.61289,2.47198,0,-0,0,
0.7,0.673578,0.70782,-23.1082,0,-11.9379,-0.137704,0,-0,0,0,-22.8242,-3.61159,2.47098,0,-0,0,
0.7,0.673583,0.707816,-23.1041,0,-11.9361,-0.137916,0,-0,0,0,-22.8202,-3.61118,2.47058,0,-0,0,
0.7,0.673587,0.707813,-23.1052,0,-11.9369,-0.138189,0,-0,0,0,-22.8211,-3.61154,2.47072,0,-0,0,
0.7,0.673592,0.707808,-23.0587,0,-11.9132,-0.138148,0,-0,0,0,-22.7752,-3.60448,2.46579,0,-0,0,
0.7,0.673597,0.707804,-23.0828,0,-11.9259,-0.138533,0,-0,0,0,-22.7989,-3.60848,2.4684,0,-0,0,
0.7,0.673602,0.707801,-23.0445,0,-11.9064,-0.138532,0,-0,0,0,-22.7611,-3.60275,2.46435,0,-0,0,
0.7,0.673608,0.707797,-23.0015,0,-11.8845,-0.138546,0,-0,0,0,-22.7186,-3.59629,2.4598,0,-0,0,
0.7,0.673614,0.707793,-22.9924,0,-11.88,-0.138722,0,-0,0,0,-22.7095,-3.59512,2.45886,0,-0,0,
0.7,0.67362,0.707791,-22.971,0,-11.8691,-0.13883,0,-0,0,0,-22.6883,-3.59206,2.45662,0,-0,0,
0.7,0.673626,0.707788,-22.957,0,-11.8622,-0.138975,0,-0,0,0,-22.6745,-3.59021,2.45519,0,-0,0,
0.7,0.673634,0.707783,-22.8801,0,-11.8226,-0.138749,0,-0,0,0,-22.5985,-3.57853,2.44702,0,-0,0,
0.7,0.673634,0.707781,-23.3788,0,-12.0808,-0.142057,0,-0,0,0,-23.091,-3.6568,2.5004,0,-0,0,
0.7,0.673649,0.707778,-22.494,0,-11.624,-0.137148,0,-0,0,0,-22.217,-3.5191,2.40589,0,-0,0,
0.7,0.673655,0.707776,-22.8949,0,-11.8314,-0.139828,0,-0,0,0,-22.6129,-3.58212,2.44881,0,-0,0,
0.7,0.673662,0.707774,-22.9025,0,-11.8358,-0.140144,0,-0,0,0,-22.6204,-3.58358,2.44967,0,-0,0,
0.7,0.673669,0.707771,-22.8519,0,-11.8098,-0.14007,0,-0,0,0,-22.5703,-3.57594,2.4443,0,-0,0,
0.7,0.673675,0.707769,-22.8653,0,-11.817,-0.140387,0,-0,0,0,-22.5835,-3.57835,2.44579,0,-0,0,
0.7,0.673681,0.707764,-22.932,0,-11.8517,-0.141045,0,-0,0,0,-22.6493,-3.58908,2.45297,0,-0,0,
0.7,0.673686,0.707762,-22.9598,0,-11.8664,-0.141459,0,-0,0,0,-22.6768,-3.59366,2.45599,0,-0,0,
0.7,0.673692,0.707759,-22.9772,0,-11.8758,-0.141806,0,-0,0,0,-22.6939,-3.59659,2.45788,0,-0,0,
0.7,0.673697,0.707756,-22.9814,0,-11.8783,-0.142065,0,-0,0,0,-22.698,-3.59746,2.45836,0,-0,0,
0.7,0.673702,0.707753,-22.9368,0,-11.8555,-0.142023,0,-0,0,0,-22.654,-3.59073,2.45364,0,-0,0,
0.7,0.673707,0.70775,-23.0123,0,-11.8949,-0.142732,0,-0,0,0,-22.7285,-3.60277,2.46175,0,-0,0,
0.7,0.673712,0.707746,-22.9943,0,-11.8858,-0.142862,0,-0,0,0,-22.7107,-3.60017,2.45986,0,-0,0,
0.7,0.673717,0.707738,-22.9533,0,-11.8649,-0.14284,0,-0,0,0,-22.6702,-3.59403,2.45552,0,-0,0,
0.7,0.673723,0.707734,-23.0296,0,-11.9045,-0.143552,0,-0,0,0,-22.7455,-3.60629,2.46374,0,-0,0,
0.7,0.673734,0.707729,-22.6413,0,-11.7043,-0.141598,0,-0,0,0,-22.3619,-3.5461,2.4223,0,-0,0,
0.7,0.67374,0.707724,-22.9376,0,-11.8577,-0.14368,0,-0,0,0,-22.6545,-3.59282,2.45405,0,-0,0,
0.7,0.673746,0.707719,-22.9064,0,-11.8417,-0.143717,0,-0,0,0,-22.6236,-3.58828,2.45077,0,-0,0,
0.7,0.673752,0.707714,-22.852,0,-11.8138,-0.143621,0,-0,0,0,-22.5698,-3.58008,2.44501,0,-0,0,
0.7,0.673758,0.707711,-22.8467,0,-11.8112,-0.143826,0,-0,0,0,-22.5645,-3.57955,2.44448,0,-0,0,
0.7,0.673764,0.707707,-22.8618,0,-11.8193,-0.144164,0,-0,0,0,-22.5794,-3.58225,2.44616,0,-0,0,
0.7,0.673771,0.707704,-22.7936,0,-11.7842,-0.14398,0,-0,0,0,-22.512,-3.57189,2.43891,0,-0,0,
0.7,0.673777,0.707701,-22.8561,0,-11.8168,-0.144618,0,-0,0,0,-22.5736,-3.58196,2.44565,0,-0,0,
0.7,0.673784,0.707695,-22.8255,0,-11.8011,-0.144657,0,-0,0,0,-22.5434,-3.57747,2.44242,0,-0,0,
0.7,0.673791,0.707693,-22.746,0,-11.7601,-0.144369,0,-0,0,0,-22.4648,-3.56536,2.43398,0,-0,0,
0.7,0.673799,0.70769,-22.6547,0,-11.713,-0.144013,0,-0,0,0,-22.3746,-3.55142,2.42427,0,-0,0,
0.7,0.673807,0.707687,-22.8124,0,-11.7946,-0.145235,0,-0,0,0,-22.5302,-3.57648,2.4412,0,-0,0,
0.7,0.673824,0.707685,-21.9941,0,-11.3715,-0.140464,0,-0,0,0,-21.7219,-3.44895,2.35375,0,-0,0,
0.7,0.673833,0.707682,-22.6765,0,-11.7244,-0.145042,0,-0,0,0,-22.3959,-3.55643,2.42687,0,-0,0,
0.7,0.673842,0.70768,-22.5808,0,-11.6749,-0.144657,0,-0,0,0,-22.3013,-3.54178,2.41668,0,-0,0,
0.7,0.673851,0.707677,-22.5932,0,-11.6814,-0.144958,0,-0,0,0,-22.3135,-3.54412,2.41808,0,-0,0,
0.7,0.673858,0.707674,-22.6458,0,-11.7086,-0.14551,0,-0,0,0,-22.3653,-3.55276,2.42377,0,-0,0,
0.7,0.673866,0.707671,-22.6653,0,-11.7187,-0.145869,0,-0,0,0,-22.3845,-3.55621,2.42592,0,-0,0,
0.7,0.673873,0.707667,-22.6922,0,-11.7327,-0.146251,0,-0,0,0,-22.4111,-3.56077,2.42886,0,-0,0,
0.7,0.673879,0.707664,-22.8009,0,-11.7889,-0.147171,0,-0,0,0,-22.5183,-3.57813,2.44054,0,-0,0,
0.7,0.673885,0.70766,-22.7967,0,-11.7868,-0.14735,0,-0,0,0,-22.5142,-3.57781,2.44015,0,-0,0,
0.7,0.673891,0.707652,-22.7922,0,-11.7846,-0.147522,0,-0,0,0,-22.5097,-3.57745,2.43973,0,-0,0,
0.7,0.673899,0.707648,-22.6261,0,-11.6983,-0.146612,0,-0,0,0,-22.3455,-3.55183,2.42202,0,-0,0,
0.7,0.673905,0.707643,-22.7964,0,-11.7865,-0.147939,0,-0,0,0,-22.5137,-3.57886,2.4403,0,-0,0,
0.7,0.673911,0.707639,-22.758,0,-11.7667,-0.147898,0,-0,0,0,-22.4757,-3.57317,2.43625,0,-0,0,
0.7,0.673917,0.707635,-22.8282,0,-11.803,-0.148624,0,-0,0,0,-22.545,-3.58454,2.44382,0,-0,0,
0.7,0.673929,0.707631,-22.3978,0,-11.5806,-0.146248,0,-0,0,0,-22.1198,-3.51768,2.39786,0,-0,0,
0.7,0.673936,0.707627,-22.743,0,-11.7591,-0.148706,0,-0,0,0,-22.4606,-3.57222,2.43487,0,-0,0,
0.7,0.673942,0.707624,-22.6928,0,-11.7332,-0.14858,0,-0,0,0,-22.411,-3.5648,2.42957,0,-0,0,
0.7,0.673944,0.707621,-23.0442,0,-11.9151,-0.151075,0,-0,0,0,-22.758,-3.61998,2.46719,0,-0,0,
0.7,0.673951,0.707618,-22.659,0,-11.7161,-0.148776,0,-0,0,0,-22.3776,-3.55987,2.42602,0,-0,0,
0.7,0.673957,0.707616,-22.6465,0,-11.7096,-0.148895,0,-0,0,0,-22.3652,-3.55827,2.42474,0,-0,0,
0.7,0.673964,0.707613,-22.6487,0,-11.7108,-0.149116,0,-0,0,0,-22.3673,-3.55895,2.42503,0,-0,0,
0.7,0.673971,0.707611,-22.6425,0,-11.7076,-0.149289,0,-0,0,0,-22.3611,-3.55829,2.42442,0,-0,0,
0.7,0.673978,0.707609,-22.6176,0,-11.6949,-0.149339,0,-0,0,0,-22.3365,-3.55465,2.4218,0,-0,0,
0.7,0.673985,0.707607,-22.6119,0,-11.6919,-0.149495,0,-0,0,0,-22.3308,-3.55407,2.42124,0,-0,0,
0.7,0.673993,0.707606,-22.5764,0,-11.6736,-0.149452,0,-0,0,0,-22.2957,-3.54882,2.4175,0,-0,0,
0.7,0.674,0.707604,-22.6238,0,-11.6981,-0.14997,0,-0,0,0,-22.3424,-3.55655,2.42262,0,-0,0,
0.7,0.674007,0.707603,-22.6021,0,-11.6869,-0.150045,0,-0,0,0,-22.321,-3.55345,2.42035,0,-0,0,
0.7,0.674016,0.7076,-22.4538,0,-11.6102,-0.149121,0,-0,0,0,-22.1744,-3.53077,2.40457,0,-0,0,
0.7,0.674024,0.707598,-22.5086,0,-11.6385,-0.149685,0,-0,0,0,-22.2285,-3.53977,2.4105,0,-0,0,
0.7,0.674032,0.707597,-22.6662,0,-11.7199,-0.150932,0,-0,0,0,-22.384,-3.56489,2.42743,0,-0,0,
0.7,0.674047,0.707595,-22.1745,0,-11.4657,-0.148097,0,-0,0,0,-21.8984,-3.48818,2.37488,0,-0,0,
0.7,0.674055,0.707593,-22.5331,0,-11.6511,-0.150696,0,-0,0,0,-22.2525,-3.54493,2.41335,0,-0,0,
0.7,0.674062,0.707591,-22.5474,0,-11.6585,-0.150987,0,-0,0,0,-22.2665,-3.54752,2.41493,0,-0,0,
0.7,0.674068,0.707593,-22.5902,0,-11.6807,-0.151492,0,-0,0,0,-22.3088,-3.55453,2.41956,0,-0,0,
0.7,0.674075,0.707591,-22.5437,0,-11.6566,-0.151397,0,-0,0,0,-22.2628,-3.54749,2.41463,0,-0,0,
0.7,0.674082,0.707588,-22.6496,0,-11.7114,-0.152311,0,-0,0,0,-22.3673,-3.56445,2.42602,0,-0,0,
0.7,0.674088,0.707584,-22.6026,0,-11.6871,-0.152198,0,-0,0,0,-22.3209,-3.55733,2.42103,0,-0,0,
0.7,0.674095,0.707578,-22.6396,0,-11.7063,-0.15265,0,-0,0,0,-22.3574,-3.56307,2.42498,0,-0,0,
0.7,0.674101,0.707573,-22.6681,0,-11.721,-0.153064,0,-0,0,0,-22.3855,-3.56781,2.42808,0,-0,0,
0.7,0.674115,0.707569,-22.0459,0,-11.3993,-0.149235,0,-0,0,0,-21.771,-3.47041,2.36151,0,-0,0,
0.7,0.674123,0.707565,-22.5628,0,-11.6665,-0.152942,0,-0,0,0,-22.2814,-3.55206,2.41693,0,-0,0,
0.7,0.67413,0.70756,-22.5124,0,-11.6405,-0.152806,0,-0,0,0,-22.2316,-3.54439,2.41158,0,-0,0,
0.7,0.674139,0.707556,-22.3762,0,-11.57,-0.152099,0,-0,0,0,-22.0971,-3.52325,2.39704,0,-0,0,
0.7,0.674147,0.707553,-22.3732,0,-11.5684,-0.152263,0,-0,0,0,-22.094,-3.52308,2.39677,0,-0,0,
0.7,0.674156,0.70755,-22.3149,0,-11.5382,-0.15206,0,-0,0,0,-22.0364,-3.51428,2.39058,0,-0,0,
0.7,0.674165,0.707547,-22.3062,0,-11.5336,-0.152191,0,-0,0,0,-22.0278,-3.51323,2.38971,0,-0,0,
0.7,0.674175,0.707544,-22.2363,0,-11.4974,-0.151901,0,-0,0,0,-21.9587,-3.50255,2.38227,0,-0,0,
0.7,0.674184,0.707543,-22.3146,0,-11.5378,-0.152647,0,-0,0,0,-22.0359,-3.5152,2.39071,0,-0,0,
0.7,0.674193,0.707541,-22.3085,0,-11.5347,-0.1528,0,-0,0,0,-22.0299,-3.51459,2.39012,0,-0,0,
0.7,0.674201,0.70754,-22.3492,0,-11.5557,-0.153269,0,-0,0,0,-22.07,-3.52126,2.39452,0,-0,0,
0.7,0.674209,0.707538,-22.3605,0,-11.5616,-0.153559,0,-0,0,0,-22.0811,-3.52328,2.39577,0,-0,0,
0.7,0.674217,0.707537,-22.4357,0,-11.6005,-0.154274,0,-0,0,0,-22.1553,-3.53538,2.40387,0,-0,0,
0.7,0.674224,0.707536,-22.4387,0,-11.6022,-0.154511,0,-0,0,0,-22.1583,-3.53616,2.40425,0,-0,0,
0.7,0.67423,0.707535,-22.4721,0,-11.6195,-0.154949,0,-0,0,0,-22.1912,-3.54167,2.40786,0,-0,0,
0.7,0.674237,0.707534,-22.4696,0,-11.6183,-0.155138,0,-0,0,0,-22.1887,-3.54157,2.40765,0,-0,0,
0.7,0.674244,0.707532,-22.4658,0,-11.6164,-0.155325,0,-0,0,0,-22.1849,-3.54123,2.40728,0,-0,0,
0.7,0.674251,0.70753,-22.4588,0,-11.613,-0.155493,0,-0,0,0,-22.178,-3.54042,2.40658,0,-0,0,
0.7,0.674257,0.707528,-22.5778,0,-11.6746,-0.156546,0,-0,0,0,-22.2954,-3.55946,2.41938,0,-0,0,
0.7,0.674271,0.707526,-22.061,0,-11.4076,-0.153408,0,-0,0,0,-21.785,-3.4786,2.3641,0,-0,0,
0.7,0.674278,0.707524,-22.4605,0,-11.6143,-0.156403,0,-0,0,0,-22.1794,-3.54195,2.40697,0,-0,0,
0.7,0.674285,0.707522,-22.4003,0,-11.5832,-0.156184,0,-0,0,0,-22.12,-3.53284,2.40059,0,-0,0,
0.7,0.674292,0.707519,-22.3596,0,-11.5622,-0.15611,0,-0,0,0,-22.0797,-3.5268,2.39629,0,-0,0,
0.7,0.6743,0.707516,-22.2995,0,-11.5311,-0.155904,0,-0,0,0,-22.0202,-3.51767,2.3899,0,-0,0,
0.7,0.674308,0.707514,-22.3002,0,-11.5315,-0.15614,0,-0,0,0,-22.0208,-3.51814,2.39003,0,-0,0,
0.7,0.674316,0.707511,-22.3006,0,-11.5318,-0.156367,0,-0,0,0,-22.0212,-3.51858,2.39014,0,-0,0,
0.7,0.674324,0.707507,-22.3481,0,-11.5564,-0.156899,0,-0,0,0,-22.0681,-3.5264,2.39529,0,-0,0,
0.7,0.674332,0.707504,-22.295,0,-11.5289,-0.156722,0,-0,0,0,-22.0156,-3.51832,2.38965,0,-0,0,
0.7,0.674338,0.707501,-22.3726,0,-11.5691,-0.1575,0,-0,0,0,-22.0922,-3.53086,2.39801,0,-0,0,
0.7,0.674345,0.707498,-22.3909,0,-11.5786,-0.157831,0,-0,0,0,-22.1102,-3.534,2.40002,0,-0,0,
0.7,0.674351,0.707494,-22.3958,0,-11.5812,-0.158081,0,-0,0,0,-22.115,-3.53502,2.40058,0,-0,0,
0.7,0.674357,0.707492,-22.4201,0,-11.5938,-0.158478,0,-0,0,0,-22.139,-3.5391,2.40323,0,-0,0,
0.7,0.674363,0.707487,-22.426,0,-11.597,-0.158762,0,-0,0,0,-22.1447,-3.54026,2.40389,0,-0,0,
0.7,0.674369,0.707486,-22.4328,0,-11.6006,-0.159017,0,-0,0,0,-22.1514,-3.54162,2.40467,0,-0,0,
0.7,0.674375,0.707483,-22.53,0,-11.651,-0.159949,0,-0,0,0,-22.2474,-3.55724,2.41514,0,-0,0,
0.7,0.674386,0.70748,-22.0495,0,-11.4027,-0.156992,0,-0,0,0,-21.7728,-3.48196,2.36373,0,-0,0,
0.7,0.674391,0.707478,-22.506,0,-11.639,-0.160483,0,-0,0,0,-22.2235,-3.55436,2.41272,0,-0,0,
0.7,0.674397,0.707476,-22.4693,0,-11.6202,-0.160462,0,-0,0,0,-22.1873,-3.54888,2.40884,0,-0,0,
0.7,0.674402,0.707473,-22.4642,0,-11.6177,-0.160664,0,-0,0,0,-22.1821,-3.54838,2.40834,0,-0,0,
0.7,0.674407,0.707471,-22.4177,0,-11.5938,-0.160597,0,-0,0,0,-22.1362,-3.54135,2.40341,0,-0,0,
0.7,0.674412,0.70747,-22.4472,0,-11.6092,-0.161018,0,-0,0,0,-22.1653,-3.54635,2.40663,0,-0,0,
0.7,0.674417,0.707468,-22.4524,0,-11.612,-0.16129,0,-0,0,0,-22.1704,-3.54749,2.40724,0,-0,0,
0.7,0.674423,0.707466,-22.4011,0,-11.5855,-0.161121,0,-0,0,0,-22.1196,-3.5397,2.40179,0,-0,0,
0.7,0.674427,0.707464,-22.472,0,-11.6224,-0.16188,0,-0,0,0,-22.1896,-3.55121,2.40944,0,-0,0,
0.7,0.674433,0.707462,-22.4464,0,-11.6093,-0.161901,0,-0,0,0,-22.1642,-3.54745,2.40674,0,-0,0,
0.7,0.674438,0.707459,-22.4059,0,-11.5885,-0.161813,0,-0,0,0,-22.1243,-3.54136,2.40246,0,-0,0,
0.7,0.674444,0.707457,-22.3887,0,-11.5796,-0.161906,0,-0,0,0,-22.1072,-3.53892,2.40066,0,-0,0,
0.7,0.67445,0.707454,-22.3025,0,-11.5351,-0.161504,0,-0,0,0,-22.0221,-3.52563,2.39147,0,-0,0,
0.7,0.674457,0.707451,-22.2968,0,-11.5321,-0.161653,0,-0,0,0,-22.0163,-3.52504,2.39091,0,-0,0,
0.7,0.674464,0.707448,-22.2203,0,-11.4925,-0.161302,0,-0,0,0,-21.9408,-3.51329,2.38276,0,-0,0,
0.7,0.674472,0.707444,-22.168,0,-11.4654,-0.16112,0,-0,0,0,-21.8891,-3.5054,2.37722,0,-0,0,
0.7,0.674481,0.707441,-22.1046,0,-11.4326,-0.160873,0,-0,0,0,-21.8264,-3.49574,2.37048,0,-0,0,
0.7,0.67449,0.707436,-22.0851,0,-11.4223,-0.160912,0,-0,0,0,-21.8071,-3.49308,2.36846,0,-0,0,
0.7,0.674499,0.707432,-22.0544,0,-11.4063,-0.16087,0,-0,0,0,-21.7766,-3.48862,2.36523,0,-0,0,
0.7,0.674509,0.707428,-22.0278,0,-11.3924,-0.160878,0,-0,0,0,-21.7503,-3.48484,2.36245,0,-0,0,
0.7,0.674519,0.707418,-22.0649,0,-11.4114,-0.161344,0,-0,0,0,-21.7869,-3.49117,2.36651,0,-0,0,
0.7,0.674528,0.707413,-22.2605,0,-11.5125,-0.162977,0,-0,0,0,-21.98,-3.52254,2.38755,0,-0,0,
0.7,0.674547,0.707409,-21.595,0,-11.168,-0.158464,0,-0,0,0,-21.3227,-3.41803,2.3163,0,-0,0,
0.7,0.674556,0.707404,-22.1366,0,-11.448,-0.162643,0,-0,0,0,-21.8574,-3.5042,2.37448,0,-0,0,
0.7,0.674564,0.707396,-22.2905,0,-11.5276,-0.163993,0,-0,0,0,-22.0094,-3.52897,2.39105,0,-0,0,
0.7,0.67458,0.707393,-21.7433,0,-11.2445,-0.160354,0,-0,0,0,-21.4689,-3.44315,2.33249,0,-0,0,
0.7,0.674588,0.707389,-22.0977,0,-11.4277,-0.163166,0,-0,0,0,-21.8187,-3.49976,2.37059,0,-0,0,
0.7,0.674596,0.707384,-22.2498,0,-11.5064,-0.164527,0,-0,0,0,-21.9689,-3.52429,2.38698,0,-0,0,
0.7,0.674604,0.707381,-22.2625,0,-11.5129,-0.164835,0,-0,0,0,-21.9813,-3.52676,2.38841,0,-0,0,
0.7,0.674619,0.707379,-21.7066,0,-11.2254,-0.161136,0,-0,0,0,-21.4323,-3.43954,2.32891,0,-0,0,
0.7,0.674626,0.707376,-22.2171,0,-11.4895,-0.165155,0,-0,0,0,-21.9363,-3.52079,2.38375,0,-0,0,
0.7,0.674633,0.70737,-22.3421,0,-11.5542,-0.166303,0,-0,0,0,-22.0597,-3.54095,2.39722,0,-0,0,
0.7,0.674646,0.707367,-21.9038,0,-11.3276,-0.163459,0,-0,0,0,-21.6268,-3.47209,2.35029,0,-0,0,
0.7,0.674652,0.707364,-22.3038,0,-11.5346,-0.166662,0,-0,0,0,-22.0217,-3.53576,2.39325,0,-0,0,
0.7,0.674658,0.707356,-22.199,0,-11.4805,-0.166077,0,-0,0,0,-21.9182,-3.51941,2.38205,0,-0,0,
0.7,0.674672,0.707353,-21.8798,0,-11.3155,-0.164113,0,-0,0,0,-21.6029,-3.46929,2.34788,0,-0,0,
0.7,0.674678,0.707348,-22.2576,0,-11.511,-0.167167,0,-0,0,0,-21.9759,-3.52943,2.38846,0,-0,0,
0.7,0.674684,0.707344,-22.2146,0,-11.4888,-0.16706,0,-0,0,0,-21.9334,-3.52287,2.38389,0,-0,0,
0.7,0.674691,0.707335,-22.1618,0,-11.4616,-0.166868,0,-0,0,0,-21.8813,-3.51479,2.37828,0,-0,0,
0.7,0.674703,0.70733,-21.9465,0,-11.3504,-0.165668,0,-0,0,0,-21.6686,-3.4812,2.35526,0,-0,0,
0.7,0.674709,0.707326,-22.2423,0,-11.5034,-0.168108,0,-0,0,0,-21.9606,-3.52841,2.38705,0,-0,0,
0.7,0.674715,0.707321,-22.2598,0,-11.5126,-0.168442,0,-0,0,0,-21.9778,-3.53147,2.38898,0,-0,0,
0.7,0.67472,0.707313,-22.2453,0,-11.5052,-0.168564,0,-0,0,0,-21.9635,-3.52947,2.38748,0,-0,0,
0.7,0.67473,0.707309,-22.1007,0,-11.4306,-0.167887,0,-0,0,0,-21.8206,-3.50706,2.37204,0,-0,0,
0.7,0.674734,0.707306,-22.3191,0,-11.5437,-0.169761,0,-0,0,0,-22.0362,-3.54198,2.39553,0,-0,0,
0.7,0.674739,0.707303,-22.3121,0,-11.5402,-0.169928,0,-0,0,0,-22.0292,-3.54112,2.39482,0,-0,0,
0.7,0.674743,0.707298,-22.3318,0,-11.5506,-0.170274,0,-0,0,0,-22.0486,-3.54454,2.39698,0,-0,0,
0.7,0.674751,0.707296,-22.1161,0,-11.4393,-0.169036,0,-0,0,0,-21.8356,-3.51085,2.37392,0,-0,0,
0.7,0.674755,0.707293,-22.3395,0,-11.555,-0.170964,0,-0,0,0,-22.0561,-3.54656,2.39794,0,-0,0,
0.7,0.674759,0.707291,-22.3419,0,-11.5564,-0.171214,0,-0,0,0,-22.0584,-3.5472,2.39824,0,-0,0,
0.7,0.674762,0.707287,-22.3388,0,-11.555,-0.171401,0,-0,0,0,-22.0554,-3.54699,2.39796,0,-0,0,
0.7,0.674771,0.707285,-22.1279,0,-11.4463,-0.170232,0,-0,0,0,-21.847,-3.51405,2.37541,0,-0,0,
0.7,0.674775,0.707283,-22.2807,0,-11.5255,-0.171633,0,-0,0,0,-21.9978,-3.53863,2.39186,0,-0,0,
0.7,0.674779,0.70728,-22.2946,0,-11.5329,-0.171956,0,-0,0,0,-22.0115,-3.54114,2.39341,0,-0,0,
0.7,0.674784,0.707275,-22.2675,0,-11.5191,-0.17196,0,-0,0,0,-21.9847,-3.53714,2.39055,0,-0,0,
0.7,0.674794,0.707272,-22.05,0,-11.4068,-0.170726,0,-0,0,0,-21.7698,-3.50325,2.3673,0,-0,0,
0.7,0.674798,0.707268,-22.2186,0,-11.4942,-0.172256,0,-0,0,0,-21.9363,-3.53036,2.38546,0,-0,0,
0.7,0.674804,0.707265,-22.2153,0,-11.4926,-0.172439,0,-0,0,0,-21.933,-3.53015,2.38516,0,-0,0,
0.7,0.674809,0.707261,-22.2036,0,-11.4867,-0.172561,0,-0,0,0,-21.9214,-3.52858,2.38395,0,-0,0,
0.7,0.674814,0.707252,-22.1553,0,-11.4618,-0.172423,0,-0,0,0,-21.8736,-3.52118,2.37881,0,-0,0,
0.7,0.674819,0.707248,-22.2544,0,-11.5133,-0.173406,0,-0,0,0,-21.9714,-3.53721,2.38949,0,-0,0,
0.7,0.674828,0.707243,-21.9575,0,-11.36,-0.171509,0,-0,0,0,-21.6782,-3.49048,2.3577,0,-0,0,
0.7,0.674833,0.707239,-22.1355,0,-11.4522,-0.173116,0,-0,0,0,-21.8539,-3.51904,2.37685,0,-0,0,
0.7,0.674838,0.707235,-22.2155,0,-11.4937,-0.173958,0,-0,0,0,-21.9329,-3.532,2.38548,0,-0,0,
0.7,0.674843,0.70723,-22.1435,0,-11.4566,-0.173597,0,-0,0,0,-21.8617,-3.52083,2.3778,0,-0,0,
0.7,0.674847,0.707226,-22.1701,0,-11.4705,-0.174011,0,-0,0,0,-21.8879,-3.52533,2.38069,0,-0,0,
0.7,0.674852,0.707222,-22.1405,0,-11.4552,-0.174004,0,-0,0,0,-21.8587,-3.52092,2.37757,0,-0,0,
0.7,0.674858,0.707215,-22.2154,0,-11.4941,-0.174807,0,-0,0,0,-21.9326,-3.53313,2.38566,0,-0,0,
0.7,0.674867,0.707212,-21.9926,0,-11.3791,-0.173472,0,-0,0,0,-21.7126,-3.49827,2.36183,0,-0,0,
0.7,0.674872,0.70721,-22.0927,0,-11.431,-0.174488,0,-0,0,0,-21.8113,-3.51449,2.37263,0,-0,0,
0.7,0.674876,0.707207,-22.2081,0,-11.4908,-0.175603,0,-0,0,0,-21.9252,-3.53309,2.38506,0,-0,0,
0.7,0.67488,0.707201,-22.2211,0,-11.4977,-0.175907,0,-0,0,0,-21.938,-3.53542,2.3865,0,-0,0,
0.7,0.674884,0.707199,-22.283,0,-11.5299,-0.176614,0,-0,0,0,-21.999,-3.5455,2.39319,0,-0,0,
0.7,0.674892,0.707197,-22.041,0,-11.405,-0.175114,0,-0,0,0,-21.7601,-3.50746,2.36728,0,-0,0,
0.7,0.674894,0.707195,-22.2871,0,-11.5326,-0.177293,0,-0,0,0,-22.003,-3.54678,2.39373,0,-0,0,
0.7,0.674897,0.707193,-22.3218,0,-11.5508,-0.177776,0,-0,0,0,-22.0372,-3.55248,2.39749,0,-0,0,
0.7,0.674899,0.707191,-22.2913,0,-11.5352,-0.177744,0,-0,0,0,-22.007,-3.5478,2.39424,0,-0,0,
0.7,0.674901,0.707187,-22.3572,0,-11.5696,-0.178496,0,-0,0,0,-22.0721,-3.55848,2.40135,0,-0,0,
0.7,0.674905,0.707185,-22.2587,0,-11.5191,-0.17813,0,-0,0,0,-21.9748,-3.5431,2.39082,0,-0,0,
0.7,0.674907,0.707182,-22.3682,0,-11.5761,-0.179215,0,-0,0,0,-22.0829,-3.56068,2.40261,0,-0,0,
0.7,0.674909,0.707179,-22.3152,0,-11.5489,-0.179018,0,-0,0,0,-22.0305,-3.55243,2.39694,0,-0,0,
0.7,0.674911,0.707176,-22.3319,0,-11.5578,-0.179363,0,-0,0,0,-22.047,-3.55528,2.39877,0,-0,0,
0.7,0.674913,0.707173,-22.3158,0,-11.5497,-0.179454,0,-0,0,0,-22.0311,-3.55292,2.39708,0,-0,0,
0.7,0.674916,0.707169,-22.2417,0,-11.5115,-0.179073,0,-0,0,0,-21.9579,-3.54138,2.38916,0,-0,0,
0.7,0.674916,0.707165,-22.461,0,-11.6253,-0.181059,0,-0,0,0,-22.1744,-3.57651,2.41275,0,-0,0,
0.7,0.674919,0.707161,-22.2748,0,-11.5291,-0.179772,0,-0,0,0,-21.9905,-3.54708,2.39278,0,-0,0,
0.7,0.674921,0.707157,-22.2929,0,-11.5387,-0.180136,0,-0,0,0,-22.0083,-3.55017,2.39477,0,-0,0,
0.7,0.674924,0.707149,-22.2439,0,-11.5135,-0.179935,0,-0,0,0,-21.9599,-3.54263,2.38955,0,-0,0,
0.7,0.674928,0.707146,-22.2272,0,-11.505,-0.180002,0,-0,0,0,-21.9434,-3.54029,2.38781,0,-0,0,
0.7,0.674936,0.707143,-21.9748,0,-11.3745,-0.178367,0,-0,0,0,-21.6942,-3.50063,2.36078,0,-0,0,
0.7,0.67494,0.70714,-22.1616,0,-11.4712,-0.180075,0,-0,0,0,-21.8785,-3.53064,2.38089,0,-0,0,
0.7,0.674943,0.707137,-22.197,0,-11.4896,-0.180579,0,-0,0,0,-21.9134,-3.53649,2.38472,0,-0,0,
0.7,0.674947,0.707135,-22.1476,0,-11.4642,-0.180377,0,-0,0,0,-21.8646,-3.52882,2.37946,0,-0,0,
0.7,0.674951,0.707133,-22.1747,0,-11.4782,-0.180781,0,-0,0,0,-21.8913,-3.53338,2.3824,0,-0,0,
0.7,0.674957,0.707129,-22.1491,0,-11.4647,-0.180737,0,-0,0,0,-21.866,-3.52957,2.3797,0,-0,0,
0.7,0.674965,0.707129,-21.9246,0,-11.3486,-0.179275,0,-0,0,0,-21.6443,-3.49415,2.35564,0,-0,0,
0.7,0.67497,0.707128,-22.1124,0,-11.4458,-0.181005,0,-0,0,0,-21.8297,-3.5243,2.37586,0,-0,0,
0.7,0.674974,0.707128,-22.1328,0,-11.4564,-0.181352,0,-0,0,0,-21.8498,-3.52773,2.37807,0,-0,0,
0.7,0.674979,0.707126,-22.0888,0,-11.4336,-0.181202,0,-0,0,0,-21.8063,-3.52089,2.37337,0,-0,0,
0.7,0.674981,0.707126,-22.2639,0,-11.5243,-0.182811,0,-0,0,0,-21.9792,-3.54879,2.39219,0,-0,0,
0.7,0.674993,0.707125,-21.7086,0,-11.2368,-0.178604,0,-0,0,0,-21.4309,-3.46072,2.3326,0,-0,0,
0.7,0.674999,0.707124,-21.9591,0,-11.3664,-0.180835,0,-0,0,0,-21.6782,-3.50089,2.35955,0,-0,0,
0.7,0.675005,0.707123,-0.111545,0,-0.0577374,-0.000919465,0,-0,0,0,-0.110118,-0.0177846,0.011986,0,-0,0,
0.7,0.675012,0.707123,-0.00224148,0,-0.00116021,-1.84956e-05,0,-0,0,0,-0.00221279,-0.000357408,0.000240861,0,-0,0,
0.7,0.675019,0.707122,-2.24148e-05,0,-1.1602e-05,-1.85121e-07,0,-0,0,0,-2.21279e-05,-3.57438e-06,2.40866e-06,0,-0,0,
0.7,0.675026,0.70712,-2.24148e-07,0,-1.16018e-07,-1.85291e-09,0,-0,0,0,-2.21278e-07,-3.57472e-08,2.40871e-08,0,-0,0,
0.7,0.675041,0.70712,-2.24148e-09,0,-1.16015e-09,-1.85687e-11,0,-0,0,0,-2.21277e-09,-3.57533e-10,2.40881e-10,0,-0,0,
0.7,0.675048,0.707119,-2.24148e-11,0,-1.16014e-11,-1.85856e-13,0,-0,0,0,-2.21277e-11,-3.57571e-12,2.40888e-12,0,-0,0,
0.7,0.675055,0.707118,-2.24148e-13,0,-1.16013e-13,-1.86052e-15,0,-0,0,0,-2.21276e-13,-3.57603e-14,2.40893e-14,0,-0,0,
0.7,0.675062,0.707116,-2.24148e-15,0,-1.16012e-15,-1.86238e-17,0,-0,0,0,-2.21276e-15,-3.57633e-16,2.40898e-16,0,-0,0,
0.7,0.675069,0.707114,-2.24148e-17,0,-1.16012e-17,-1.86409e-19,0,-0,0,0,-2.21275e-17,-3.57663e-18,2.40903e-18,0,-0,0,
0.7,0.675075,0.707113,-2.24148e-19,0,-1.16011e-19,-1.86583e-21,0,-0,0,0,-2.21275e-19,-3.57692e-20,2.40908e-20,0,-0,0,
0.7,0.675085,0.707112,-2.24148e-21,0,-1.16011e-21,-1.86967e-23,0,-0,0,0,-2.21274e-21,-3.57747e-22,2.40917e-22,0,-0,0,
0.7,0.67509,0.707111,-2.24148e-23,0,-1.16011e-23,-1.87145e-25,0,-0,0,0,-2.21273e-23,-3.57776e-24,2.40922e-24,0,-0,0,
0.7,0.675094,0.707109,-2.24148e-25,0,-1.16012e-25,-1.87329e-27,0,-0,0,0,-2.21273e-25,-3.57799e-26,2.40926e-26,0,-0,0,
0.7,0.675098,0.707108,-2.24148e-27,0,-1.16013e-27,-1.87521e-29,0,-0,0,0,-2.21273e-27,-3.57824e-28,2.4093e-28,0,-0,0,
0.7,0.675101,0.707106,-2.24148e-29,0,-1.16013e-29,-1.8772e-31,0,-0,0,0,-2.21272e-29,-3.57842e-30,2.40933e-30,0,-0,0,
0.7,0.675108,0.707104,-2.24148e-31,0,-1.16015e-31,-1.88114e-33,0,-0,0,0,-2.21272e-31,-3.57881e-32,2.40939e-32,0,-0,0,
0.7,0.675112,0.707103,-2.24148e-33,0,-1.16016e-33,-1.88301e-35,0,-0,0,0,-2.21271e-33,-3.57904e-34,2.40943e-34,0,-0,0,
0.7,0.675115,0.707103,-2.24148e-35,0,-1.16017e-35,-1.88491e-37,0,-0,0,0,-2.21271e-35,-3.57922e-36,2.40946e-36,0,-0,0,
0.7,0.675119,0.707102,-2.24148e-37,0,-1.16018e-37,-1.88691e-39,0,-0,0,0,-2.21271e-37,-3.57943e-38,2.40949e-38,0,-0,0,
0.7,0.675123,0.707102,-2.24148e-39,0,-1.16018e-39,-1.88876e-41,0,-0,0,0,-2.2127e-39,-3.57964e-40,2.40953e-40,0,-0,0,
0.7,0.675127,0.707102,-2.24148e-41,0,-1.16019e-41,-1.89064e-43,0,-0,0,0,-2.2127e-41,-3.57991e-42,2.40957e-42,0,-0,0,
0.7,0.675133,0.707102,-2.24148e-43,0,-1.16019e-43,-1.89119e-45,0,-0,0,0,-2.21269e-43,-3.58048e-44,2.40967e-44,0,-0,0,
0.7,0.675137,0.707101,-2.24148e-45,0,-1.1602e-45,-1.89321e-47,0,-0,0,0,-2.21269e-45,-3.58069e-46,2.4097e-46,0,-0,0,
0.7,0.675142,0.707102,-2.24148e-47,0,-1.1602e-47,-1.8951e-49,0,-0,0,0,-2.21268e-47,-3.58094e-48,2.40974e-48,0,-0,0,
0.7,0.675147,0.707102,-2.24148e-49,0,-1.16022e-49,-1.89749e-51,0,-0,0,0,-2.21268e-49,-3.58118e-50,2.40979e-50,0,-0,0,
0.7,0.675159,0.707103,-2.24148e-51,0,-1.16019e-51,-1.90086e-53,0,-0,0,0,-2.21267e-51,-3.5817e-52,2.40987e-52,0,-0,0,
0.7,0.675165,0.707103,-2.24148e-53,0,-1.16018e-53,-1.90265e-55,0,-0,0,0,-2.21267e-53,-3.58165e-54,2.40986e-54,0,-0,0,
0.7,0.67517,0.707104,-2.24148e-55,0,-1.16018e-55,-1.90469e-57,0,-0,0,0,-2.21267e-55,-3.58188e-56,2.4099e-56,0,-0,0,
0.7,0.675175,0.707105,-2.24148e-57,0,-1.16017e-57,-1.90652e-59,0,-0,0,0,-2.21266e-57,-3.58213e-58,2.40994e-58,0,-0,0,
0.7,0.67518,0.707105,-2.24148e-59,0,-1.16017e-59,-1.90839e-61,0,-0,0,0,-2.21266e-59,-3.5823e-60,2.40997e-60,0,-0,0,
0.7,0.675186,0.707106,-2.24148e-61,0,-1.16017e-61,-1.91022e-63,0,-0,0,0,-2.21266e-61,-3.58252e-62,2.41001e-62,0,-0,0,
0.7,0.675191,0.707107,-2.24148e-63,0,-1.16017e-63,-1.9122e-65,0,-0,0,0,-2.21265e-63,-3.58271e-64,2.41004e-64,0,-0,0,
0.7,0.675195,0.707107,-2.24148e-65,0,-1.16017e-65,-1.91404e-67,0,-0,0,0,-2.21265e-65,-3.58291e-66,2.41007e-66,0,-0,0,
0.7,0.6752,0.707108,-2.24148e-67,0,-1.16017e-67,-1.91581e-69,0,-0,0,0,-2.21265e-67,-3.58308e-68,2.4101e-68,0,-0,0,
0.7,0.675204,0.707109,-2.24148e-69,0,-1.16016e-69,-1.91783e-71,0,-0,0,0,-2.21265e-69,-3.58324e-70,2.41013e-70,0,-0,0,
0.7,0.675207,0.707109,-2.24148e-71,0,-1.16017e-71,-1.9196e-73,0,-0,0,0,-2.21264e-71,-3.58343e-72,2.41016e-72,0,-0,0,
0.7,0.67521,0.70711,-2.24148e-73,0,-1.16017e-73,-1.92155e-75,0,-0,0,0,-2.21264e-73,-3.5836e-74,2.41019e-74,0,-0,0,
0.7,0.675213,0.707111,-2.24148e-75,0,-1.16018e-75,-1.92331e-77,0,-0,0,0,-2.21264e-75,-3.58378e-76,2.41022e-76,0,-0,0,
0.7,0.675216,0.707111,-2.24148e-77,0,-1.16018e-77,-1.92516e-79,0,-0,0,0,-2.21263e-77,-3.58394e-78,2.41024e-78,0,-0,0,
0.7,0.675219,0.707112,-2.24148e-79,0,-1.16019e-79,-1.92692e-81,0,-0,0,0,-2.21263e-79,-3.58416e-80,2.41028e-80,0,-0,0,
0.7,0.675221,0.707112,-2.24148e-81,0,-1.1602e-81,-1.92872e-83,0,-0,0,0,-2.21263e-81,-3.58432e-82,2.41031e-82,0,-0,0,
0.7,0.675223,0.707113,-2.24148e-83,0,-1.16021e-83,-1.93085e-85,0,-0,0,0,-2.21263e-83,-3.58448e-84,2.41033e-84,0,-0,0,
0.7,0.675225,0.707114,-2.24148e-85,0,-1.16022e-85,-1.93271e-87,0,-0,0,0,-2.21262e-85,-3.58466e-86,2.41036e-86,0,-0,0,
0.7,0.675227,0.707114,-2.24148e-87,0,-1.16023e-87,-1.93456e-89,0,-0,0,0,-2.21262e-87,-3.58485e-88,2.4104e-88,0,-0,0,
0.7,0.675228,0.707115,-2.24148e-89,0,-1.16024e-89,-1.9364e-91,0,-0,0,0,-2.21262e-89,-3.58508e-90,2.41043e-90,0,-0,0,
0.7,0.67523,0.707116,-2.24148e-91,0,-1.16025e-91,-1.93842e-93,0,-0,0,0,-2.21261e-91,-3.58528e-92,2.41047e-92,0,-0,0,
0.7,0.675232,0.707117,-2.24148e-93,0,-1.16026e-93,-1.94038e-95,0,-0,0,0,-2.21261e-93,-3.58545e-94,2.41049e-94,0,-0,0,
0.7,0.675234,0.707117,-2.24148e-95,0,-1.16028e-95,-1.94227e-97,0,-0,0,0,-2.21261e-95,-3.58566e-96,2.41053e-96,0,-0,0,
0.7,0.675235,0.707118,-2.24148e-97,0,-1.16029e-97,-1.94417e-99,0,-0,0,0,-2.2126e-97,-3.58587e-98,2.41056e-98,0,-0,0,
0.7,0.675236,0.707118,-2.24148e-99,0,-1.16031e-99,-1.94612e-101,0,-0,0,0,-2.2126e-99,-3.58603e-100,2.41059e-100,0,-0,0,
0.7,0.675237,0.707119,-2.24148e-101,0,-1.16032e-101,-1.94799e-103,0,-0,0,0,-2.2126e-101,-3.58622e-102,2.41062e-102,0,-0,0,
0.7,0.675238,0.707119,-2.24148e-103,0,-1.16033e-103,-1.94994e-105,0,-0,0,0,-2.21259e-103,-3.58635e-104,2.41064e-104,0,-0,0,
0.7,0.67524,0.707119,-2.24148e-105,0,-1.16036e-105,-1.95381e-107,0,-0,0,0,-2.21259e-105,-3.58668e-106,2.4107e-106,0,-0,0,
0.7,0.67524,0.70712,-2.24148e-107,0,-1.16037e-107,-1.95566e-109,0,-0,0,0,-2.21259e-107,-3.58683e-108,2.41072e-108,0,-0,0,
0.7,0.675241,0.70712,-2.24148e-109,0,-1.16039e-109,-1.95765e-111,0,-0,0,0,-2.21259e-109,-3.58692e-110,2.41074e-110,0,-0,0,
0.7,0.675241,0.707119,-2.24148e-111,0,-1.16041e-111,-1.95972e-113,0,-0,0,0,-2.21258e-111,-3.58706e-112,2.41076e-112,0,-0,0,
0.7,0.675241,0.707119,-2.24148e-113,0,-1.16043e-113,-1.9617e-115,0,-0,0,0,-2.21258e-113,-3.58717e-114,2.41078e-114,0,-0,0,
0.7,0.675241,0.707119,-2.24148e-115,0,-1.16045e-115,-1.96381e-117,0,-0,0,0,-2.21258e-115,-3.58724e-116,2.41079e-116,0,-0,0,
0.7,0.675241,0.707119,-2.24148e-117,0,-1.16047e-117,-1.96574e-119,0,-0,0,0,-2.21258e-117,-3.58734e-118,2.41081e-118,0,-0,0,
0.7,0.67524,0.707119,-2.24148e-119,0,-1.16049e-119,-1.96783e-121,0,-0,0,0,-2.21258e-119,-3.58744e-120,2.41082e-120,0,-0,0,
0.7,0.67524,0.70712,-2.24148e-121,0,-1.16051e-121,-1.96974e-123,0,-0,0,0,-2.21257e-121,-3.58755e-122,2.41084e-122,0,-0,0,
0.7,0.675239,0.70712,-2.24148e-123,0,-1.16053e-123,-1.97182e-125,0,-0,0,0,-2.21257e-123,-3.58761e-124,2.41085e-124,0,-0,0,
0.7,0.675239,0.707121,-2.24148e-125,0,-1.16055e-125,-1.97383e-127,0,-0,0,0,-2.21257e-125,-3.58766e-126,2.41086e-126,0,-0,0,
0.7,0.675238,0.707122,-2.24148e-127,0,-1.16057e-127,-1.97595e-129,0,-0,0,0,-2.21257e-127,-3.58771e-128,2.41087e-128,0,-0,0,
0.7,0.675238,0.707124,-2.24148e-129,0,-1.16059e-129,-1.97788e-131,0,-0,0,0,-2.21257e-129,-3.58779e-130,2.41088e-130,0,-0,0,
0.7,0.675236,0.707124,-2.24148e-131,0,-1.16064e-131,-1.98218e-133,0,-0,0,0,-2.21257e-131,-3.58791e-132,2.4109e-132,0,-0,0,
0.7,0.675235,0.707125,-2.24148e-133,0,-1.16066e-133,-1.9841e-135,0,-0,0,0,-2.21257e-133,-3.58796e-134,2.41091e-134,0,-0,0,
0.7,0.675235,0.707125,-2.24148e-135,0,-1.16068e-135,-1.98616e-137,0,-0,0,0,-2.21257e-135,-3.58803e-136,2.41092e-136,0,-0,0,
0.7,0.675234,0.707126,-2.24148e-137,0,-1.1607e-137,-1.9882e-139,0,-0,0,0,-2.21257e-137,-3.58812e-138,2.41094e-138,0,-0,0,
0.7,0.675234,0.707126,-2.24148e-139,0,-1.16072e-139,-1.99023e-141,0,-0,0,0,-2.21256e-139,-3.5882e-140,2.41095e-140,0,-0,0,
0.7,0.675233,0.707126,-2.24148e-141,0,-1.16074e-141,-1.99214e-143,0,-0,0,0,-2.21256e-141,-3.58824e-142,2.41096e-142,0,-0,0,
0.7,0.675233,0.707127,-2.24148e-143,0,-1.16075e-143,-1.99407e-145,0,-0,0,0,-2.21256e-143,-3.58832e-144,2.41097e-144,0,-0,0,
0.7,0.675233,0.707127,-2.24148e-145,0,-1.16076e-145,-1.99599e-147,0,-0,0,0,-2.21256e-145,-3.58844e-146,2.41099e-146,0,-0,0,
0.7,0.675233,0.707128,-2.24148e-147,0,-1.16078e-147,-1.99794e-149,0,-0,0,0,-2.21256e-147,-3.58852e-148,2.411e-148,0,-0,0,
0.7,0.675232,0.707128,-2.24148e-149,0,-1.16079e-149,-2e-151,0,-0,0,0,-2.21256e-149,-3.58858e-150,2.41101e-150,0,-0,0,
0.7,0.675232,0.707129,-2.24148e-151,0,-1.16081e-151,-2.002e-153,0,-0,0,0,-2.21256e-151,-3.58866e-152,2.41103e-152,0,-0,0,
0.7,0.675232,0.70713,-2.24148e-153,0,-1.16082e-153,-2.00385e-155,0,-0,0,0,-2.21255e-153,-3.58878e-154,2.41105e-154,0,-0,0,
0.7,0.675232,0.70713,-2.24148e-155,0,-1.16084e-155,-2.00583e-157,0,-0,0,0,-2.21255e-155,-3.58888e-156,2.41106e-156,0,-0,0,
0.7,0.675232,0.707131,-2.24148e-157,0,-1.16085e-157,-2.00792e-159,0,-0,0,0,-2.21255e-157,-3.58896e-158,2.41108e-158,0,-0,0,
0.7,0.675232,0.707132,-2.24148e-159,0,-1.16086e-159,-2.00983e-161,0,-0,0,0,-2.21255e-159,-3.58907e-160,2.4111e-160,0,-0,0,
0.7,0.675232,0.707134,-2.24148e-161,0,-1.16087e-161,-2.01172e-163,0,-0,0,0,-2.21255e-161,-3.58924e-162,2.41112e-162,0,-0,0,
0.7,0.675232,0.707134,-2.24148e-163,0,-1.16089e-163,-2.01365e-165,0,-0,0,0,-2.21255e-163,-3.58935e-164,2.41114e-164,0,-0,0,
0.7,0.675233,0.707134,-2.24148e-165,0,-1.16091e-165,-2.01768e-167,0,-0,0,0,-2.21254e-165,-3.58956e-166,2.41117e-166,0,-0,0,
0.7,0.675233,0.707135,-2.24148e-167,0,-1.16092e-167,-2.01985e-169,0,-0,0,0,-2.21254e-167,-3.58969e-168,2.4112e-168,0,-0,0,
0.7,0.675233,0.707135,-2.24148e-169,0,-1.16093e-169,-2.02179e-171,0,-0,0,0,-2.21254e-169,-3.58982e-170,2.41122e-170,0,-0,0,
0.7,0.675234,0.707136,-2.24148e-171,0,-1.16094e-171,-2.02383e-173,0,-0,0,0,-2.21254e-171,-3.58995e-172,2.41124e-172,0,-0,0,
0.7,0.675234,0.707136,-2.24148e-173,0,-1.16095e-173,-2.02576e-175,0,-0,0,0,-2.21253e-173,-3.59011e-174,2.41127e-174,0,-0,0,
0.7,0.675234,0.707137,-2.24148e-175,0,-1.16096e-175,-2.02785e-177,0,-0,0,0,-2.21253e-175,-3.59028e-176,2.41129e-176,0,-0,0,
0.7,0.675235,0.707137,-2.24148e-177,0,-1.16097e-177,-2.02986e-179,0,-0,0,0,-2.21253e-177,-3.59044e-178,2.41132e-178,0,-0,0,
0.7,0.675235,0.707137,-2.24148e-179,0,-1.16098e-179,-2.032e-181,0,-0,0,0,-2.21252e-179,-3.59058e-180,2.41134e-180,0,-0,0,
0.7,0.675235,0.707138,-2.24148e-181,0,-1.16099e-181,-2.03392e-183,0,-0,0,0,-2.21252e-181,-3.59071e-182,2.41137e-182,0,-0,0,
0.7,0.675236,0.707139,-2.24148e-183,0,-1.161e-183,-2.03603e-185,0,-0,0,0,-2.21252e-183,-3.59086e-184,2.41139e-184,0,-0,0,
0.7,0.675236,0.70714,-2.24148e-185,0,-1.16101e-185,-2.03829e-187,0,-0,0,0,-2.21252e-185,-3.59097e-186,2.41141e-186,0,-0,0,
0.7,0.675236,0.70714,-2.24148e-187,0,-1.16102e-187,-2.04043e-189,0,-0,0,0,-2.21252e-187,-3.59108e-188,2.41143e-188,0,-0,0,
0.7,0.675237,0.707141,-2.24148e-189,0,-1.16103e-189,-2.0427e-191,0,-0,0,0,-2.21251e-189,-3.59119e-190,2.41145e-190,0,-0,0,
0.7,0.675237,0.707141,-2.24148e-191,0,-1.16104e-191,-2.04502e-193,0,-0,0,0,-2.21251e-191,-3.59131e-192,2.41147e-192,0,-0,0,
0.7,0.675237,0.707141,-2.24148e-193,0,-1.16107e-193,-2.05042e-195,0,-0,0,0,-2.21251e-193,-3.59147e-194,2.41149e-194,0,-0,0,
0.7,0.675236,0.707141,-2.24148e-195,0,-1.16108e-195,-2.05353e-197,0,-0,0,0,-2.21251e-195,-3.59153e-196,2.4115e-196,0,-0,0,
0.7,0.675236,0.707142,-2.24148e-197,0,-1.16109e-197,-2.05714e-199,0,-0,0,0,-2.21251e-197,-3.59161e-198,2.41152e-198,0,-0,0,
0.7,0.675236,0.707141,-2.24148e-199,0,-1.1611e-199,-2.06183e-201,0,-0,0,0,-2.21251e-199,-3.59172e-200,2.41153e-200,0,-0,0,
0.7,0.675236,0.707141,-2.24148e-201,0,-1.1611e-201,-2.06865e-203,0,-0,0,0,-2.21251e-201,-3.59177e-202,2.41154e-202,0,-0,0,
0.7,0.675236,0.707141,-2.24148e-203,0,-1.16111e-203,-2.07789e-205,0,-0,0,0,-2.2125e-203,-3.59185e-204,2.41155e-204,0,-0,0,
0.7,0.675236,0.70714,-2.24148e-205,0,-1.16111e-205,-2.08953e-207,0,-0,0,0,-2.2125e-205,-3.59192e-206,2.41157e-206,0,-0,0,
0.7,0.675236,0.707139,-2.24148e-207,0,-1.16111e-207,-2.09969e-209,0,-0,0,0,-2.2125e-207,-3.59203e-208,2.41158e-208,0,-0,0,
0.7,0.675236,0.707137,-2.24148e-209,0,-1.16112e-209,-2.10604e-211,0,-0,0,0,-2.2125e-209,-3.59207e-210,2.41159e-210,0,-0,0,
0.7,0.675235,0.707136,-2.24148e-211,0,-1.16114e-211,-2.10979e-213,0,-0,0,0,-2.2125e-211,-3.59212e-212,2.4116e-212,0,-0,0,
0.7,0.675235,0.707135,-2.24148e-213,0,-1.16115e-213,-2.11246e-215,0,-0,0,0,-2.2125e-213,-3.59218e-214,2.41161e-214,0,-0,0,
0.7,0.675234,0.707134,-2.24148e-215,0,-1.16116e-215,-2.11582e-217,0,-0,0,0,-2.2125e-215,-3.59227e-216,2.41162e-216,0,-0,0,
0.7,0.675234,0.707133,-2.24148e-217,0,-1.16117e-217,-2.11992e-219,0,-0,0,0,-2.2125e-217,-3.59233e-218,2.41163e-218,0,-0,0,
0.7,0.675233,0.707132,-2.24148e-219,0,-1.16118e-219,-2.12453e-221,0,-0,0,0,-2.2125e-219,-3.59237e-220,2.41164e-220,0,-0,0,
0.7,0.675232,0.707131,-2.24148e-221,0,-1.1612e-221,-2.12904e-223,0,-0,0,0,-2.21249e-221,-3.59243e-222,2.41165e-222,0,-0,0,
0.7,0.675232,0.70713,-2.24148e-223,0,-1.16121e-223,-2.13351e-225,0,-0,0,0,-2.21249e-223,-3.5925e-224,2.41166e-224,0,-0,0,
0.7,0.675231,0.70713,-2.24148e-225,0,-1.16122e-225,-2.13766e-227,0,-0,0,0,-2.21249e-225,-3.59258e-226,2.41168e-226,0,-0,0,
0.7,0.675231,0.707127,-2.24148e-227,0,-1.16123e-227,-2.14139e-229,0,-0,0,0,-2.21249e-227,-3.59266e-228,2.41169e-228,0,-0,0,
0.7,0.67523,0.707125,-2.24148e-229,0,-1.16125e-229,-2.14321e-231,0,-0,0,0,-2.21249e-229,-3.5927e-230,2.4117e-230,0,-0,0,
0.7,0.67523,0.707123,-2.24148e-231,0,-1.16126e-231,-2.14696e-233,0,-0,0,0,-2.21249e-231,-3.59276e-232,2.41171e-232,0,-0,0,
0.7,0.675229,0.707121,-2.24148e-233,0,-1.16127e-233,-2.15037e-235,0,-0,0,0,-2.21249e-233,-3.59284e-234,2.41172e-234,0,-0,0,
0.7,0.675229,0.707119,-2.24148e-235,0,-1.1613e-235,-2.15781e-237,0,-0,0,0,-2.21249e-235,-3.59293e-236,2.41173e-236,0,-0,0,
0.7,0.675229,0.707117,-2.24148e-237,0,-1.16131e-237,-2.1618e-239,0,-0,0,0,-2.21248e-237,-3.59299e-238,2.41174e-238,0,-0,0,
0.7,0.675229,0.707115,-2.24148e-239,0,-1.16131e-239,-2.16539e-241,0,-0,0,0,-2.21248e-239,-3.59309e-240,2.41176e-240,0,-0,0,
0.7,0.675229,0.707113,-2.24148e-241,0,-1.16132e-241,-2.16895e-243,0,-0,0,0,-2.21248e-241,-3.59318e-242,2.41178e-242,0,-0,0,
0.7,0.675229,0.707111,-2.24148e-243,0,-1.16133e-243,-2.17262e-245,0,-0,0,0,-2.21248e-243,-3.59325e-244,2.41179e-244,0,-0,0,
0.7,0.675229,0.707109,-2.24148e-245,0,-1.16134e-245,-2.17612e-247,0,-0,0,0,-2.21248e-245,-3.59334e-246,2.4118e-246,0,-0,0,
0.7,0.675229,0.707107,-2.24148e-247,0,-1.16135e-247,-2.17976e-249,0,-0,0,0,-2.21248e-247,-3.59345e-248,2.41182e-248,0,-0,0,
0.7,0.675229,0.707104,-2.24148e-249,0,-1.16136e-249,-2.1834e-251,0,-0,0,0,-2.21248e-249,-3.59351e-250,2.41183e-250,0,-0,0,
0.7,0.675229,0.707101,-2.24148e-251,0,-1.16137e-251,-2.18731e-253,0,-0,0,0,-2.21248e-251,-3.59357e-252,2.41184e-252,0,-0,0,
0.7,0.675229,0.707098,-2.24148e-253,0,-1.16138e-253,-2.1909e-255,0,-0,0,0,-2.21247e-253,-3.59365e-254,2.41185e-254,0,-0,0,
0.7,0.675228,0.707091,-2.24148e-255,0,-1.16139e-255,-2.19451e-257,0,-0,0,0,-2.21247e-255,-3.59374e-256,2.41187e-256,0,-0,0,
0.7,0.675228,0.707088,-2.24148e-257,0,-1.1614e-257,-2.19818e-259,0,-0,0,0,-2.21247e-257,-3.59382e-258,2.41188e-258,0,-0,0,
0.7,0.675228,0.707085,-2.24148e-259,0,-1.16141e-259,-2.20178e-261,0,-0,0,0,-2.21247e-259,-3.59391e-260,2.4119e-260,0,-0,0,
0.7,0.675229,0.707081,-2.24148e-261,0,-1.16143e-261,-2.20864e-263,0,-0,0,0,-2.21246e-261,-3.59417e-262,2.41194e-262,0,-0,0,
0.7,0.675229,0.707077,-2.24148e-263,0,-1.16144e-263,-2.21221e-265,0,-0,0,0,-2.21246e-263,-3.59429e-264,2.41196e-264,0,-0,0,
0.7,0.675229,0.707074,-2.24148e-265,0,-1.16145e-265,-2.21576e-267,0,-0,0,0,-2.21246e-265,-3.59437e-266,2.41197e-266,0,-0,0,
0.7,0.675229,0.70707,-2.24148e-267,0,-1.16146e-267,-2.2192e-269,0,-0,0,0,-2.21246e-267,-3.59446e-268,2.41199e-268,0,-0,0,
0.7,0.675229,0.707067,-2.24148e-269,0,-1.16147e-269,-2.22251e-271,0,-0,0,0,-2.21246e-269,-3.59459e-270,2.41201e-270,0,-0,0,
0.7,0.67523,0.707063,-2.24148e-271,0,-1.16148e-271,-2.22583e-273,0,-0,0,0,-2.21246e-271,-3.59468e-272,2.41202e-272,0,-0,0,
0.7,0.67523,0.70706,-2.24148e-273,0,-1.16149e-273,-2.22935e-275,0,-0,0,0,-2.21246e-273,-3.59473e-274,2.41203e-274,0,-0,0,
0.7,0.67523,0.707056,-2.24148e-275,0,-1.1615e-275,-2.23267e-277,0,-0,0,0,-2.21245e-275,-3.59481e-276,2.41205e-276,0,-0,0,
0.7,0.675231,0.707054,-2.24148e-277,0,-1.16151e-277,-2.23614e-279,0,-0,0,0,-2.21245e-277,-3.59492e-278,2.41206e-278,0,-0,0,
0.7,0.675232,0.70705,-2.24148e-279,0,-1.16152e-279,-2.23972e-281,0,-0,0,0,-2.21245e-279,-3.59502e-280,2.41208e-280,0,-0,0,
0.7,0.675232,0.707048,-2.24148e-281,0,-1.16153e-281,-2.24361e-283,0,-0,0,0,-2.21245e-281,-3.59511e-282,2.41209e-282,0,-0,0,
0.7,0.675233,0.707045,-2.24148e-283,0,-1.16154e-283,-2.24701e-285,0,-0,0,0,-2.21245e-283,-3.59522e-284,2.41211e-284,0,-0,0,
0.7,0.675233,0.707041,-2.24148e-285,0,-1.16154e-285,-2.2506e-287,0,-0,0,0,-2.21245e-285,-3.59534e-286,2.41213e-286,0,-0,0,
0.7,0.675233,0.707039,-2.24148e-287,0,-1.16155e-287,-2.25425e-289,0,-0,0,0,-2.21244e-287,-3.59543e-288,2.41215e-288,0,-0,0,
0.7,0.675234,0.707037,-2.24148e-289,0,-1.16156e-289,-2.258e-291,0,-0,0,0,-2.21244e-289,-3.59552e-290,2.41216e-290,0,-0,0,
0.7,0.675234,0.707035,-2.24148e-291,0,-1.16157e-291,-2.26433e-293,0,-0,0,0,-2.21244e-291,-3.59568e-292,2.41219e-292,0,-0,0,
0.7,0.675235,0.707033,-2.24148e-293,0,-1.16158e-293,-2.26751e-295,0,-0,0,0,-2.21244e-293,-3.59577e-294,2.4122e-294,0,-0,0,
0.7,0.675235,0.707031,-2.24148e-295,0,-1.16159e-295,-2.2708e-297,0,-0,0,0,-2.21244e-295,-3.5959e-296,2.41223e-296,0,-0,0,
0.7,0.675234,0.707029,-2.24148e-297,0,-1.1616e-297,-2.27427e-299,0,-0,0,0,-2.21244e-297,-3.59598e-298,2.41224e-298,0,-0,0,
0.7,0.675234,0.707028,-2.24148e-299,0,-1.1616e-299,-2.27761e-301,0,-0,0,0,-2.21243e-299,-3.5961e-300,2.41226e-300,0,-0,0,
0.7,0.675235,0.707026,-2.24148e-301,0,-1.1616e-301,-2.28095e-303,0,-0,0,0,-2.21243e-301,-3.59623e-302,2.41228e-302,0,-0,0,
0.7,0.675235,0.707024,-2.24148e-303,0,-1.1616e-303,-2.28425e-305,0,-0,0,0,-2.21243e-303,-3.59636e-304,2.4123e-304,0,-0,0,
0.7,0.675235,0.707022,-2.24148e-305,0,-1.16161e-305,-2.28806e-307,0,-0,0,0,-2.21243e-305,-3.59644e-306,2.41232e-306,0,-0,0,
0.7,0.675234,0.70702,-2.24148e-307,0,-1.16162e-307,-2.29161e-309,0,-0,0,0,-2.21243e-307,-3.59653e-308,2.41233e-308,0,-0,0,
0.7,0.675234,0.707018,-2.24148e-309,0,-1.16162e-309,-2.29542e-311,0,-0,0,0,-2.21242e-309,-3.59661e-310,2.41234e-310,0,-0,0,
0.7,0.675234,0.707015,-2.24148e-311,0,-1.16163e-311,-2.29963e-313,0,-0,0,0,-2.21242e-311,-3.5967e-312,2.41236e-312,0,-0,0,
0.7,0.675233,0.707013,-2.24148e-313,0,-1.16164e-313,-2.30381e-315,0,-0,0,0,-2.21242e-313,-3.59673e-314,2.41236e-314,0,-0,0,
0.7,0.675233,0.70701,-2.24148e-315,0,-1.16165e-315,-2.30751e-317,0,-0,0,0,-2.21242e-315,-3.59678e-316,2.41237e-316,0,-0,0,
0.7,0.675233,0.707008,-2.24148e-317,0,-1.16166e-317,-2.31124e-319,0,-0,0,0,-2.21242e-317,-3.59684e-318,2.41238e-318,0,-0,0,
0.7,0.675232,0.707005,-2.24133e-319,0,-1.1616e-319,-2.31223e-321,0,-0,0,0,-2.21223e-319,-3.5968e-320,2.41203e-320,0,-0,0,
0.7,0.675232,0.707002,-2.08496e-321,0,-1.082e-321,-1.97626e-323,0,-0,0,0,-2.06025e-321,-3.40905e-322,2.2233e-322,0,-0,0,
0.7,0.675231,0.707,0,0,0,0,0,-0,0,0,0,0,0,0,-0,0,
0.7,0.675231,0.706997,0,0,0,0,0,-0,0,0,0,0,0,0,-0,0,
0.7,0.675231,0.706992,0,0,0,0,0,-0,0,0,0,0,0,0,-0,0,
0.7,0.675231,0.706989,0,0,0,0,0,-0,0,0,0,0,0,0,-0,0,
0.7,0.675231,0.706987,0,0,0,0,0,-0,0,0,0,0,0,0,-0,0,
0.7,0.675231,0.706984,0,0,0,0,0,-0,0,0,0,0,0,0,-0,0,
0.7,0.675231,0.706982,0,0,0,0,0,-0,0,0,0,0,0,0,-0,0,
0.7,0.675231,0.706979,0,0,0,0,0,-0,0,0,0,0,0,0,-0,0,
0.7,0.675231,0.706976,0,0,0,0,0,-0,0,0,0,0,0,0,-0,0,
0.7,0.675231,0.706973,0,0,0,0,0,-0,0,0,0,0,0,0,-0,0,
0.7,0.675231,0.706971,0,0,0,0,0,-0,0,0,0,0,0,0,-0,0,
0.7,0.675232,0.706968,0,0,0,0,0,-0,0,0,0,0,0,0,-0,0,
0.7,0.675232,0.706966,0,0,0,0,0,-0,0,0,0,0,0,0,-0,0,
0.7,0.675233,0.706964,0,0,0,0,0,-0,0,0,0,0,0,0,-0,0,
0.7,0.675233,0.706961,0,0,0,0,0,-0,0,0,0,0,0,0,-0,0,
0.7,0.675233,0.706959,0,0,0,0,0,-0,0,0,0,0,0,0,-0,0,
0.7,0.675234,0.706958,0,0,0,0,0,-0,0,0,0,0,0,0,-0,0,
0.7,0.675234,0.706956,0,0,0,0,0,-0,0,0,0,0,0,0,-0,0,
0.7,0.675235,0.706954,0,0,0,0,0,-0,0,0,0,0,0,0,-0,0,
0.7,0.675236,0.706953,0,0,0,0,0,-0,0,0,0,0,0,0,-0,0,
0.7,0.675236,0.706951,0,0,0,0,0,-0,0,0,0,0,0,0,-0,0,
0.7,0.675237,0.70695,0,0,0,0,0,-0,0,0,0,0,0,0,-0,0,
0.7,0.675238,0.706948,0,0,0,0,0,-0,0,0,0,0,0,0,-0,0,
0.7,0.675238,0.706947,0,0,0,0,0,-0,0,0,0,0,0,0,-0,0,
0.7,0.675239,0.706946,0,0,0,0,0,-0,0,0,0,0,0,0,-0,0,
0.7,0.675239,0.706944,0,0,0,0,0,-0,0,0,0,0,0,0,-0,0,
0.7,0.67524,0.706943,0,0,0,0,0,-0,0,0,0,0,0,0,-0,0,
0.7,0.67524,0.706942,0,0,0,0,0,-0,0,0,0,0,0,0,-0,0,
0.7,0.675241,0.706941,0,0,0,0,0,-0,0,0,0,0,0,0,-0,0,
0.7,0.675241,0.70694,0,0,0,0,0,-0,0,0,0,0,0,0,-0,0,
0.7,0.675242,0.706938,0,0,0,0,0,-0,0,0,0,0,0,0,-0,0,
0.7,0.675242,0.706937,0,0,0,0,0,-0,0,0,0,0,0,0,-0,0,
0.7,0.675242,0.706936,0,0,0,0,0,-0,0,0,0,0,0,0,-0,0,
0.7,0.675242,0.706936,0,0,0,0,0,-0,0,0,0,0,0,0,-0,0,
0.7,0.675242,0.706935,0,0,0,0,0,-0,0,0,0,0,0,0,-0,0,
0.7,0.675243,0.706934,0,0,0,0,0,-0,0,0,0,0,0,0,-0,0,
0.7,0.675243,0.706932,0,0,0,0,0,-0,0,0,0,0,0,0,-0,0,
0.7,0.675243,0.706931,0,0,0,0,0,-0,0,0,0,0,0,0,-0,0,
0.7,0.675243,0.70693,0,0,0,0,0,-0,0,0,0,0,0,0,-0,0,
0.7,0.675243,0.706928,0,0,0,0,0,-0,0,0,0,0,0,0,-0,0,
0.7,0.675242,0.706927,0,0,0,0,0,-0,0,0,0,0,0,0,-0,0,
0.7,0.675242,0.706926,0,0,0,0,0,-0,0,0,0,0,0,0,-0,0,
0.7,0.675243,0.706924,0,0,0,0,0,-0,0,0,0,0,0,0,-0,0,
0.7,0.675244,0.706923,0,0,0,0,0,-0,0,0,0,0,0,0,-0,0,
0.7,0.675244,0.706922,0,0,0,0,0,-0,0,0,0,0,0,0,-0,0,
0.7,0.675244,0.706922,0,0,0,0,0,-0,0,0,0,0,0,0,-0,0,
0.7,0.675244,0.706921,0,0,0,0,0,-0,0,0,0,0,0,0,-0,0,
0.7,0.675244,0.706919,0,0,0,0,0,-0,0,0,0,0,0,0,-0,0,
0.7,0.675244,0.706917,0,0,0,0,0,-0,0,0,0,0,0,0,-0,0,
0.7,0.675245,0.706916,0,0,0,0,0,-0,0,0,0,0,0,0,-0,0,
0.7,0.675245,0.706914,0,0,0,0,0,-0,0,0,0,0,0,0,-0,0,
0.7,0.675245,0.706913,0,0,0,0,0,-0,0,0,0,0,0,0,-0,0,
0.7,0.675245,0.706912,0,0,0,0,0,-0,0,0,0,0,0,0,-0,0,
0.7,0.675246,0.70691,0,0,0,0,0,-0,0,0,0,0,0,0,-0,0,
0.7,0.675246,0.706909,0,0,0,0,0,-0,0,0,0,0,0,0,-0,0,
0.7,0.675246,0.706907,0,0,0,0,0,-0,0,0,0,0,0,0,-0,0,
0.7,0.675246,0.706905,0,0,0,0,0,-0,0,0,0,0,0,0,-0,0,
0.7,0.675246,0.706902,0,0,0,0,0,-0,0,0,0,0,0,0,-0,0,
0.7,0.675246,0.7069,0,0,0,0,0,-0,0,0,0,0,0,0,-0,0,
0.7,0.675246,0.706899,0,0,0,0,0,-0,0,0,0,0,0,0,-0,0,
0.7,0.675246,0.706897,0,0,0,0,0,-0,0,0,0,0,0,0,-0,0,
0.7,0.675247,0.706895,0,0,0,0,0,-0,0,0,0,0,0,0,-0,0,
0.7,0.675247,0.706894,0,0,0,0,0,-0,0,0,0,0,0,0,-0,0,
0.7,0.675247,0.706892,0,0,0,0,0,-0,0,0,0,0,0,0,-0,0,
0.7,0.675248,0.706891,0,0,0,0,0,-0,0,0,0,0,0,0,-0,0,
0.7,0.675248,0.706889,0,0,0,0,0,-0,0,0,0,0,0,0,-0,0,
0.7,0.675248,0.706887,0,0,0,0,0,-0,0,0,0,0,0,0,-0,0,
0.7,0.675249,0.706885,0,0,0,0,0,-0,0,0,0,0,0,0,-0,0,
0.7,0.675249,0.706883,0,0,0,0,0,-0,0,0,0,0,0,0,-0,0,
0.7,0.675249,0.706881,0,0,0,0,0,-0,0,0,0,0,0,0,-0,0,
0.7,0.67525,0.706879,0,0,0,0,0,-0,0,0,0,0,0,0,-0,0,
0.7,0.67525,0.706877,0,0,0,0,0,-0,0,0,0,0,0,0,-0,0,
0.7,0.67525,0.706875,0,0,0,0,0,-0,0,0,0,0,0,0,-0,0,
0.7,0.675251,0.706872,0,0,0,0,0,-0,0,0,0,0,0,0,-0,0,
0.7,0.675251,0.70687,0,0,0,0,0,-0,0,0,0,0,0,0,-0,0,
0.7,0.675251,0.706868,0,0,0,0,0,-0,0,0,0,0,0,0,-0,0,
0.7,0.675251,0.706866,0,0,0,0,0,-0,0,0,0,0,0,0,-0,0,
0.7,0.675251,0.706863,0,0,0,0,0,-0,0,0,0,0,0,0,-0,0,
0.7,0.675252,0.706861,0,0,0,0,0,-0,0,0,0,0,0,0,-0,0,
0.7,0.675252,0.70686,0,0,0,0,0,-0,0,0,0,0,0,0,-0,0,
0.7,0.675252,0.706858,0,0,0,0,0,-0,0,0,0,0,0,0,-0,0,
0.7,0.675252,0.706856,0,0,0,0,0,-0,0,0,0,0,0,0,-0,0,
0.7,0.675252,0.706854,0,0,0,0,0,-0,0,0,0,0,0,0,-0,0,
0.7,0.675252,0.706852,0,0,0,0,0,-0,0,0,0,0,0,0,-0,0,
0.7,0.675252,0.706851,0,0,0,0,0,-0,0,0,0,0,0,0,-0,0,
0.7,0.675251,0.706849,0,0,0,0,0,-0,0,0,0,0,0,0,-0,0,
0.7,0.675251,0.706847,0,0,0,0,0,-0,0,0,0,0,0,0,-0,0,
0.7,0.675251,0.706846,0,0,0,0,0,-0,0,0,0,0,0,0,-0,0,
0.7,0.67525,0.706846,0,0,0,0,0,-0,0,0,0,0,0,0,-0,0,
0.7,0.67525,0.706844,0,0,0,0,0,-0,0,0,0,0,0,0,-0,0,
0.7,0.675249,0.706843,0,0,0,0,0,-0,0,0,0,0,0,0,-0,0,
0.7,0.675249,0.706842,0,0,0,0,0,-0,0,0,0,0,0,0,-0,0,
0.7,0.675248,0.706841,0,0,0,0,0,-0,0,0,0,0,0,0,-0,0,
0.7,0.675248,0.706839,0,0,0,0,0,-0,0,0,0,0,0,0,-0,0,
0.7,0.675247,0.706838,0,0,0,0,0,-0,0,0,0,0,0,0,-0,0,
0.7,0.675246,0.706835,0,0,0,0,0,-0,0,0,0,0,0,0,-0,0,
0.7,0.675246,0.706834,0,0,0,0,0,-0,0,0,0,0,0,0,-0,0,
0.7,0.675243,0.706821,0,0,0,0,0,-0,0,0,0,0,0,0,-0,0,
0.7,0.675242,0.70682,0,0,0,0,0,-0,0,0,0,0,0,0,-0,0,
0.7,0.675242,0.706819,0,0,0,0,0,-0,0,0,0,0,0,0,-0,0,
0.7,0.675242,0.706817,0,0,0,0,0,-0,0,0,0,0,0,0,-0,0,
0.7,0.675242,0.706816,0,0,0,0,0,-0,0,0,0,0,0,0,-0,0,
0.7,0.675242,0.706814,0,0,0,0,0,-0,0,0,0,0,0,0,-0,0,
0.7,0.675242,0.706814,0,0,0,0,0,-0,0,0,0,0,0,0,-0,0,
0.7,0.675242,0.706813,0,0,0,0,0,-0,0,0,0,0,0,0,-0,0,
0.7,0.675243,0.706812,0,0,0,0,0,-0,0,0,0,0,0,0,-0,0,
0.7,0.675243,0.706811,0,0,0,0,0,-0,0,0,0,0,0,0,-0,0,
0.7,0.675243,0.70681,0,0,0,0,0,-0,0,0,0,0,0,0,-0,0,
0.7,0.675244,0.70681,0,0,0,0,0,-0,0,0,0,0,0,0,-0,0,
0.7,0.675244,0.706809,0,0,0,0,0,-0,0,0,0,0,0,0,-0,0,
0.7,0.675245,0.706808,0,0,0,0,0,-0,0,0,0,0,0,0,-0,0,
0.7,0.675246,0.706806,0,0,0,0,0,-0,0,0,0,0,0,0,-0,0,
0.7,0.675247,0.706805,0,0,0,0,0,-0,0,0,0,0,0,0,-0,0,
0.7,0.675247,0.706803,0,0,0,0,0,-0,0,0,0,0,0,0,-0,0,
0.7,0.675248,0.706801,0,0,0,0,0,-0,0,0,0,0,0,0,-0,0,
0.7,0.675249,0.7068,0,0,0,0,0,-0,0,0,0,0,0,0,-0,0,
0.7,0.675249,0.706798,0,0,0,0,0,-0,0,0,0,0,0,0,-0,0,
0.7,0.67525,0.706796,0,0,0,0,0,-0,0,0,0,0,0,0,-0,0,
0.7,0.675251,0.706794,0,0,0,0,0,-0,0,0,0,0,0,0,-0,0,
0.7,0.675252,0.706792,0,0,0,0,0,-0,0,0,0,0,0,0,-0,0,
0.7,0.675252,0.70679,0,0,0,0,0,-0,0,0,0,0,0,0,-0,0,
0.7,0.675253,0.706787,0,0,0,0,0,-0,0,0,0,0,0,0,-0,0,
0.7,0.675254,0.706784,0,0,0,0,0,-0,0,0,0,0,0,0,-0,0,
0.7,0.675254,0.706781,0,0,0,0,0,-0,0,0,0,0,0,0,-0,0,
0.7,0.675255,0.706774,0,0,0,0,0,-0,0,0,0,0,0,0,-0,0,
0.7,0.675255,0.70677,0,0,0,0,0,-0,0,0,0,0,0,0,-0,0,
0.7,0.675256,0.706766,0,0,0,0,0,-0,0,0,0,0,0,0,-0,0,
0.7,0.675256,0.706763,0,0,0,0,0,-0,0,0,0,0,0,0,-0,0,
0.7,0.675257,0.706759,0,0,0,0,0,-0,0,0,0,0,0,0,-0,0,
0.7,0.675257,0.706756,0,0,0,0,0,-0,0,0,0,0,0,0,-0,0,
0.7,0.675257,0.70675,0,0,0,0,0,-0,0,0,0,0,0,0,-0,0,
0.7,0.675258,0.706748,0,0,0,0,0,-0,0,0,0,0,0,0,-0,0,
0.7,0.675258,0.706745,0,0,0,0,0,-0,0,0,0,0,0,0,-0,0,
0.7,0.675258,0.706743,0,0,0,0,0,-0,0,0,0,0,0,0,-0,0,
0.7,0.675258,0.706742,0,0,0,0,0,-0,0,0,0,0,0,0,-0,0,
0.7,0.675258,0.706739,0,0,0,0,0,-0,0,0,0,0,0,0,-0,0,
0.7,0.675258,0.706738,0,0,0,0,0,-0,0,0,0,0,0,0,-0,0,
0.7,0.675259,0.706736,0,0,0,0,0,-0,0,0,0,0,0,0,-0,0,
0.7,0.675258,0.706735,0,0,0,0,0,-0,0,0,0,0,0,0,-0,0,
0.7,0.675259,0.706733,0,0,0,0,0,-0,0,0,0,0,0,0,-0,0,
0.7,0.675259,0.706731,0,0,0,0,0,-0,0,0,0,0,0,0,-0,0,
0.7,0.675259,0.70673,0,0,0,0,0,-0,0,0,0,0,0,0,-0,0,
0.7,0.675259,0.706729,0,0,0,0,0,-0,0,0,0,0,0,0,-0,0,
0.7,0.675259,0.706727,0,0,0,0,0,-0,0,0,0,0,0,0,-0,0,
0.7,0.675259,0.706725,0,0,0,0,0,-0,0,0,0,0,0,0,-0,0,
0.7,0.675258,0.706724,0,0,0,0,0,-0,0,0,0,0,0,0,-0,0,
0.7,0.675258,0.706722,0,0,0,0,0,-0,0,0,0,0,0,0,-0,0,
0.7,0.675257,0.706719,0,0,0,0,0,-0,0,0,0,0,0,0,-0,0,
0.7,0.675258,0.706717,0,0,0,0,0,-0,0,0,0,0,0,0,-0,0,
0.7,0.675257,0.706715,0,0,0,0,0,-0,0,0,0,0,0,0,-0,0,
0.7,0.675257,0.706713,0,0,0,0,0,-0,0,0,0,0,0,0,-0,0,
0.7,0.675256,0.706711,0,0,0,0,0,-0,0,0,0,0,0,0,-0,0,
0.7,0.675256,0.706709,0,0,0,0,0,-0,0,0,0,0,0,0,-0,0,
0.7,0.675256,0.706707,0,0,0,0,0,-0,0,0,0,0,0,0,-0,0,
0.7,0.675256,0.706706,0,0,0,0,0,-0,0,0,0,0,0,0,-0,0,
0.7,0.675256,0.706704,0,0,0,0,0,-0,0,0,0,0,0,0,-0,0,
0.7,0.675256,0.706701,0,0,0,0,0,-0,0,0,0,0,0,0,-0,0,
0.7,0.675256,0.706699,0,0,0,0,0,-0,0,0,0,0,0,0,-0,0,
0.7,0.675256,0.706696,0,0,0,0,0,-0,0,0,0,0,0,0,-0,0,
0.7,0.675256,0.706694,0,0,0,0,0,-0,0,0,0,0,0,0,-0,0,
0.7,0.675256,0.706691,0,0,0,0,0,-0,0,0,0,0,0,0,-0,0,
0.7,0.675255,0.706689,0,0,0,0,0,-0,0,0,0,0,0,0,-0,0,
0.7,0.675255,0.706686,0,0,0,0,0,-0,0,0,0,0,0,0,-0,0,
0.7,0.675255,0.706683,0,0,0,0,0,-0,0,0,0,0,0,0,-0,0,
0.7,0.675255,0.70668,0,0,0,0,0,-0,0,0,0,0,0,0,-0,0,
0.7,0.675255,0.706676,0,0,0,0,0,-0,0,0,0,0,0,0,-0,0,
0.7,0.675255,0.706673,0,0,0,0,0,-0,0,0,0,0,0,0,-0,0,
0.7,0.675255,0.70667,0,0,0,0,0,-0,0,0,0,0,0,0,-0,0,
0.7,0.675255,0.706666,0,0,0,0,0,-0,0,0,0,0,0,0,-0,0,
0.7,0.675256,0.706662,0,0,0,0,0,-0,0,0,0,0,0,0,-0,0,
0.7,0.675256,0.706658,0,0,0,0,0,-0,0,0,0,0,0,0,-0,0,
0.7,0.675256,0.706655,0,0,0,0,0,-0,0,0,0,0,0,0,-0,0,
0.7,0.675257,0.706651,0,0,0,0,0,-0,0,0,0,0,0,0,-0,0,
0.7,0.675257,0.706648,0,0,0,0,0,-0,0,0,0,0,0,0,-0,0,
0.7,0.675258,0.706645,0,0,0,0,0,-0,0,0,0,0,0,0,-0,0,
0.7,0.675258,0.706643,0,0,0,0,0,-0,0,0,0,0,0,0,-0,0,
0.7,0.675259,0.70664,0,0,0,0,0,-0,0,0,0,0,0,0,-0,0,
0.7,0.675259,0.706638,0,0,0,0,0,-0,0,0,0,0,0,0,-0,0,
0.7,0.675259,0.706635,0,0,0,0,0,-0,0,0,0,0,0,0,-0,0,
0.7,0.675259,0.706633,0,0,0,0,0,-0,0,0,0,0,0,0,-0,0,
0.7,0.67526,0.706629,0,0,0,0,0,-0,0,0,0,0,0,0,-0,0,
0.7,0.67526,0.706626,0,0,0,0,0,-0,0,0,0,0,0,0,-0,0,
0.7,0.67526,0.706624,0,0,0,0,0,-0,0,0,0,0,0,0,-0,0,
0.7,0.67526,0.706622,0,0,0,0,0,-0,0,0,0,0,0,0,-0,0,
0.7,0.67526,0.706621,0,0,0,0,0,-0,0,0,0,0,0,0,-0,0,
0.7,0.675261,0.706619,0,0,0,0,0,-0,0,0,0,0,0,0,-0,0,
0.7,0.675261,0.706617,0,0,0,0,0,-0,0,0,0,0,0,0,-0,0,
0.7,0.675261,0.706615,0,0,0,0,0,-0,0,0,0,0,0,0,-0,0,
0.7,0.675261,0.706614,0,0,0,0,0,-0,0,0,0,0,0,0,-0,0,
0.7,0.675262,0.706613,0,0,0,0,0,-0,0,0,0,0,0,0,-0,0,
0.7,0.675262,0.706612,0,0,0,0,0,-0,0,0,0,0,0,0,-0,0,
0.7,0.675262,0.70661,0,0,0,0,0,-0,0,0,0,0,0,0,-0,0,
0.7,0.675263,0.706609,0,0,0,0,0,-0,0,0,0,0,0,0,-0,0,
0.7,0.675263,0.706607,0,0,0,0,0,-0,0,0,0,0,0,0,-0,0,
0.7,0.675263,0.706606,0,0,0,0,0,-0,0,0,0,0,0,0,-0,0,
0.7,0.675264,0.706604,0,0,0,0,0,-0,0,0,0,0,0,0,-0,0,
0.7,0.675264,0.706603,0,0,0,0,0,-0,0,0,0,0,0,0,-0,0,
0.7,0.675264,0.706602,0,0,0,0,0,-0,0,0,0,0,0,0,-0,0,
0.7,0.675264,0.7066,0,0,0,0,0,-0,0,0,0,0,0,0,-0,0,
0.7,0.675265,0.706599,0,0,0,0,0,-0,0,0,0,0,0,0,-0,0,
0.7,0.675265,0.706597,0,0,0,0,0,-0,0,0,0,0,0,0,-0,0,
0.7,0.675266,0.706596,0,0,0,0,0,-0,0,0,0,0,0,0,-0,0,
0.7,0.675267,0.706594,0,0,0,0,0,-0,0,0,0,0,0,0,-0,0,
0.7,0.675267,0.70659,0,0,0,0,0,-0,0,0,0,0,0,0,-0,0,
0.7,0.675269,0.706588,0,0,0,0,0,-0,0,0,0,0,0,0,-0,0,
0.7,0.675269,0.706585,0,0,0,0,0,-0,0,0,0,0,0,0,-0,0,
0.7,0.67527,0.706583,0,0,0,0,0,-0,0,0,0,0,0,0,-0,0,
0.7,0.67527,0.706581,0,0,0,0,0,-0,0,0,0,0,0,0,-0,0,
0.7,0.675271,0.706579,0,0,0,0,0,-0,0,0,0,0,0,0,-0,0,
0.7,0.675272,0.706577,0,0,0,0,0,-0,0,0,0,0,0,0,-0,0,
0.7,0.675273,0.706577,0,0,0,0,0,-0,0,0,0,0,0,0,-0,0,
0.7,0.675274,0.706575,0,0,0,0,0,-0,0,0,0,0,0,0,-0,0,
0.7,0.675274,0.706572,0,0,0,0,0,-0,0,0,0,0,0,0,-0,0,
0.7,0.675275,0.70657,0,0,0,0,0,-0,0,0,0,0,0,0,-0,0,
0.7,0.675278,0.706568,0,0,0,0,0,-0,0,0,0,0,0,0,-0,0,
0.7,0.675279,0.706565,0,0,0,0,0,-0,0,0,0,0,0,0,-0,0,
0.7,0.67528,0.706563,0,0,0,0,0,-0,0,0,0,0,0,0,-0,0,
0.7,0.675281,0.706561,0,0,0,0,0,-0,0,0,0,0,0,0,-0,0,
0.7,0.675282,0.706556,0,0,0,0,0,-0,0,0,0,0,0,0,-0,0,
0.7,0.675283,0.706553,0,0,0,0,0,-0,0,0,0,0,0,0,-0,0,
0.7,0.675285,0.706551,0,0,0,0,0,-0,0,0,0,0,0,0,-0,0,
0.7,0.675287,0.706549,0,0,0,0,0,-0,0,0,0,0,0,0,-0,0,
0.7,0.675289,0.706546,0,0,0,0,0,-0,0,0,0,0,0,0,-0,0,
0.7,0.67529,0.706544,0,0,0,0,0,-0,0,0,0,0,0,0,-0,0,
0.7,0.675292,0.706542,0,0,0,0,0,-0,0,0,0,0,0,0,-0,0,
0.7,0.675294,0.70654,0,0,0,0,0,-0,0,0,0,0,0,0,-0,0,
0.7,0.675296,0.706538,0,0,0,0,0,-0,0,0,0,0,0,0,-0,0,
0.7,0.675297,0.706535,0,0,0,0,0,-0,0,0,0,0,0,0,-0,0,
0.7,0.675299,0.706533,0,0,0,0,0,-0,0,0,0,0,0,0,-0,0,
0.7,0.675301,0.706531,0,0,0,0,0,-0,0,0,0,0,0,0,-0,0,
0.7,0.675304,0.706529,0,0,0,0,0,-0,0,0,0,0,0,0,-0,0,
0.7,0.675306,0.706526,0,0,0,0,0,-0,0,0,0,0,0,0,-0,0,
0.7,0.675308,0.706524,0,0,0,0,0,-0,0,0,0,0,0,0,-0,0,
0.7,0.675311,0.706522,0,0,0,0,0,-0,0,0,0,0,0,0,-0,0,
0.7,0.675314,0.70652,0,0,0,0,0,-0,0,0,0,0,0,0,-0,0,
0.7,0.675316,0.706518,0,0,0,0,0,-0,0,0,0,0,0,0,-0,0,
0.7,0.675319,0.706516,0,0,0,0,0,-0,0,0,0,0,0,0,-0,0,
0.7,0.675321,0.706514,0,0,0,0,0,-0,0,0,0,0,0,0,-0,0,
0.7,0.675324,0.706513,0,0,0,0,0,-0,0,0,0,0,0,0,-0,0,
0.7,0.675326,0.706511,0,0,0,0,0,-0,0,0,0,0,0,0,-0,0,
0.7,0.675329,0.70651,0,0,0,0,0,-0,0,0,0,0,0,0,-0,0,
0.7,0.675331,0.706509,0,0,0,0,0,-0,0,0,0,0,0,0,-0,0,
0.7,0.675334,0.706508,0,0,0,0,0,-0,0,0,0,0,0,0,-0,0,
0.7,0.675336,0.706505,0,0,0,0,0,-0,0,0,0,0,0,0,-0,0,
0.7,0.675339,0.706504,0,0,0,0,0,-0,0,0,0,0,0,0,-0,0,
0.7,0.675341,0.706502,0,0,0,0,0,-0,0,0,0,0,0,0,-0,0,
0.7,0.675346,0.706501,0,0,0,0,0,-0,0,0,0,0,0,0,-0,0,
0.7,0.675348,0.7065,0,0,0,0,0,-0,0,0,0,0,0,0,-0,0,
0.7,0.67535,0.706498,0,0,0,0,0,-0,0,0,0,0,0,0,-0,0,
0.7,0.675353,0.706496,0,0,0,0,0,-0,0,0,0,0,0,0,-0,0,
0.7,0.675356,0.706495,0,0,0,0,0,-0,0,0,0,0,0,0,-0,0,
0.7,0.675358,0.706494,0,0,0,0,0,-0,0,0,0,0,0,0,-0,0,
0.7,0.67536,0.706493,0,0,0,0,0,-0,0,0,0,0,0,0,-0,0,
0.7,0.675362,0.706492,0,0,0,0,0,-0,0,0,0,0,0,0,-0,0,
0.7,0.675364,0.706492,0,0,0,0,0,-0,0,0,0,0,0,0,-0,0,
0.7,0.675366,0.706491,0,0,0,0,0,-0,0,0,0,0,0,0,-0,0,
0.7,0.675368,0.70649,0,0,0,0,0,-0,0,0,0,0,0,0,-0,0,
0.7,0.67537,0.70649,0,0,0,0,0,-0,0,0,0,0,0,0,-0,0,
0.7,0.675372,0.706489,0,0,0,0,0,-0,0,0,0,0,0,0,-0,0,
0.7,0.675374,0.706489,0,0,0,0,0,-0,0,0,0,0,0,0,-0,0,
0.7,0.675376,0.706488,0,0,0,0,0,-0,0,0,0,0,0,0,-0,0,
0.7,0.675378,0.706487,0,0,0,0,0,-0,0,0,0,0,0,0,-0,0,
0.7,0.67538,0.706487,0,0,0,0,0,-0,0,0,0,0,0,0,-0,0,
0.7,0.675382,0.706486,0,0,0,0,0,-0,0,0,0,0,0,0,-0,0,
0.7,0.675384,0.706485,0,0,0,0,0,-0,0,0,0,0,0,0,-0,0,
0.7,0.675386,0.706485,0,0,0,0,0,-0,0,0,0,0,0,0,-0,0,
0.7,0.675388,0.706485,0,0,0,0,0,-0,0,0,0,0,0,0,-0,0,
0.7,0.67539,0.706484,0,0,0,0,0,-0,0,0,0,0,0,0,-0,0,
0.7,0.675393,0.706484,0,0,0,0,0,-0,0,0,0,0,0,0,-0,0,
0.7,0.675395,0.706484,0,0,0,0,0,-0,0,0,0,0,0,0,-0,0,
0.7,0.675397,0.706484,0,0,0,0,0,-0,0,0,0,0,0,0,-0,0,
0.7,0.675399,0.706483,0,0,0,0,0,-0,0,0,0,0,0,0,-0,0,
0.7,0.675401,0.706483,0,0,0,0,0,-0,0,0,0,0,0,0,-0,0,
0.7,0.675404,0.706483,0,0,0,0,0,-0,0,0,0,0,0,0,-0,0,
0.7,0.675406,0.706483,0,0,0,0,0,-0,0,0,0,0,0,0,-0,0,
0.7,0.675408,0.706483,0,0,0,0,0,-0,0,0,0,0,0,0,-0,0,
0.7,0.675411,0.706482,0,0,0,0,0,-0,0,0,0,0,0,0,-0,0,
0.7,0.675413,0.706482,0,0,0,0,0,-0,0,0,0,0,0,0,-0,0,
0.7,0.675415,0.706481,0,0,0,0,0,-0,0,0,0,0,0,0,-0,0,
0.7,0.675418,0.706481,0,0,0,0,0,-0,0,0,0,0,0,0,-0,0,
0.7,0.675422,0.706481,0,0,0,0,0,-0,0,0,0,0,0,0,-0,0,
0.7,0.675425,0.706481,0,0,0,0,0,-0,0,0,0,0,0,0,-0,0,
0.7,0.675427,0.706481,0,0,0,0,0,-0,0,0,0,0,0,0,-0,0,
0.7,0.67543,0.706481,0,0,0,0,0,-0,0,0,0,0,0,0,-0,0,
0.7,0.675432,0.706481,0,0,0,0,0,-0,0,0,0,0,0,0,-0,0,
0.7,0.675435,0.706481,0,0,0,0,0,-0,0,0,0,0,0,0,-0,0,
0.7,0.675438,0.70648,0,0,0,0,0,-0,0,0,0,0,0,0,-0,0,
0.7,0.67544,0.70648,0,0,0,0,0,-0,0,0,0,0,0,0,-0,0,
0.7,0.675442,0.70648,0,0,0,0,0,-0,0,0,0,0,0,0,-0,0,
0.7,0.675445,0.70648,0,0,0,0,0,-0,0,0,0,0,0,0,-0,0,
0.7,0.675447,0.70648,0,0,0,0,0,-0,0,0,0,0,0,0,-0,0,
0.7,0.675449,0.70648,0,0,0,0,0,-0,0,0,0,0,0,0,-0,0,
0.7,0.675451,0.70648,0,0,0,0,0,-0,0,0,0,0,0,0,-0,0,
0.7,0.675453,0.70648,0,0,0,0,0,-0,0,0,0,0,0,0,-0,0,
0.7,0.675455,0.706479,0,0,0,0,0,-0,0,0,0,0,0,0,-0,0,
0.7,0.675457,0.706479,0,0,0,0,0,-0,0,0,0,0,0,0,-0,0,
0.7,0.675458,0.706479,0,0,0,0,0,-0,0,0,0,0,0,0,-0,0,
0.7,0.67546,0.706479,0,0,0,0,0,-0,0,0,0,0,0,0,-0,0,
0.7,0.675461,0.706478,0,0,0,0,0,-0,0,0,0,0,0,0,-0,0,
0.7,0.675463,0.706478,0,0,0,0,0,-0,0,0,0,0,0,0,-0,0,
0.7,0.675464,0.706478,0,0,0,0,0,-0,0,0,0,0,0,0,-0,0,
0.7,0.675466,0.706477,0,0,0,0,0,-0,0,0,0,0,0,0,-0,0,
0.7,0.675468,0.706477,0,0,0,0,0,-0,0,0,0,0,0,0,-0,0,
0.7,0.675469,0.706476,0,0,0,0,0,-0,0,0,0,0,0,0,-0,0,
0.7,0.67547,0.706475,0,0,0,0,0,-0,0,0,0,0,0,0,-0,0,
0.7,0.675473,0.706475,0,0,0,0,0,-0,0,0,0,0,0,0,-0,0,
0.7,0.675474,0.706474,0,0,0,0,0,-0,0,0,0,0,0,0,-0,0,
0.7,0.675475,0.706474,0,0,0,0,0,-0,0,0,0,0,0,0,-0,0,
0.7,0.675477,0.706473,0,0,0,0,0,-0,0,0,0,0,0,0,-0,0,
0.7,0.675478,0.706473,0,0,0,0,0,-0,0,0,0,0,0,0,-0,0,
0.7,0.675479,0.706472,0,0,0,0,0,-0,0,0,0,0,0,0,-0,0,
0.7,0.675481,0.706471,0,0,0,0,0,-0,0,0,0,0,0,0,-0,0,
0.7,0.675482,0.706471,0,0,0,0,0,-0,0,0,0,0,0,0,-0,0,
0.7,0.675483,0.70647,0,0,0,0,0,-0,0,0,0,0,0,0,-0,0,
0.7,0.675484,0.70647,0,0,0,0,0,-0,0,0,0,0,0,0,-0,0,
0.7,0.675485,0.706469,0,0,0,0,0,-0,0,0,0,0,0,0,-0,0,
0.7,0.675486,0.706467,0,0,0,0,0,-0,0,0,0,0,0,0,-0,0,
0.7,0.675487,0.706466,0,0,0,0,0,-0,0,0,0,0,0,0,-0,0,
0.7,0.675489,0.706466,0,0,0,0,0,-0,0,0,0,0,0,0,-0,0,
0.7,0.67549,0.706464,0,0,0,0,0,-0,0,0,0,0,0,0,-0,0,
0.7,0.675491,0.706463,0,0,0,0,0,-0,0,0,0,0,0,0,-0,0,
0.7,0.675492,0.706463,0,0,0,0,0,-0,0,0,0,0,0,0,-0,0,
0.7,0.675493,0.706461,0,0,0,0,0,-0,0,0,0,0,0,0,-0,0,
0.7,0.675493,0.70646,0,0,0,0,0,-0,0,0,0,0,0,0,-0,0,
0.7,0.675494,0.70646,0,0,0,0,0,-0,0,0,0,0,0,0,-0,0,
0.7,0.675495,0.706459,0,0,0,0,0,-0,0,0,0,0,0,0,-0,0,
0.7,0.675495,0.706459,0,0,0,0,0,-0,0,0,0,0,0,0,-0,0,
0.7,0.675496,0.706458,0,0,0,0,0,-0,0,0,0,0,0,0,-0,0,
0.7,0.675497,0.706458,0,0,0,0,0,-0,0,0,0,0,0,0,-0,0,
0.7,0.675498,0.706457,0,0,0,0,0,-0,0,0,0,0,0,0,-0,0,
0.7,0.675498,0.706457,0,0,0,0,0,-0,0,0,0,0,0,0,-0,0,
0.7,0.675498,0.706456,0,0,0,0,0,-0,0,0,0,0,0,0,-0,0,
0.7,0.675498,0.706455,0,0,0,0,0,-0,0,0,0,0,0,0,-0,0,
0.7,0.675499,0.706454,0,0,0,0,0,-0,0,0,0,0,0,0,-0,0,
0.7,0.675499,0.706453,0,0,0,0,0,-0,0,0,0,0,0,0,-0,0,
0.7,0.675499,0.706453,0,0,0,0,0,-0,0,0,0,0,0,0,-0,0,
0.7,0.675499,0.706452,0,0,0,0,0,-0,0,0,0,0,0,0,-0,0,
0.7,0.6755,0.706452,0,0,0,0,0,-0,0,0,0,0,0,0,-0,0,
0.7,0.6755,0.706451,0,0,0,0,0,-0,0,0,0,0,0,0,-0,0,
0.7,0.6755,0.70645,0,0,0,0,0,-0,0,0,0,0,0,0,-0,0,
0.7,0.6755,0.70645,0,0,0,0,0,-0,0,0,0,0,0,0,-0,0,
0.7,0.6755,0.706449,0,0,0,0,0,-0,0,0,0,0,0,0,-0,0,
0.7,0.6755,0.706449,0,0,0,0,0,-0,0,0,0,0,0,0,-0,0,
0.7,0.675499,0.706448,0,0,0,0,0,-0,0,0,0,0,0,0,-0,0,
0.7,0.675499,0.706447,0,0,0,0,0,-0,0,0,0,0,0,0,-0,0,
0.7,0.675499,0.706447,0,0,0,0,0,-0,0,0,0,0,0,0,-0,0,
0.7,0.675499,0.706446,0,0,0,0,0,-0,0,0,0,0,0,0,-0,0,
0.7,0.675499,0.706445,0,0,0,0,0,-0,0,0,0,0,0,0,-0,0,
0.7,0.675499,0.706445,0,0,0,0,0,-0,0,0,0,0,0,0,-0,0,
0.7,0.675499,0.706444,0,0,0,0,0,-0,0,0,0,0,0,0,-0,0,
0.7,0.675499,0.706443,0,0,0,0,0,-0,0,0,0,0,0,0,-0,0,
0.7,0.675499,0.706442,0,0,0,0,0,-0,0,0,0,0,0,0,-0,0,
0.7,0.675499,0.706442,0,0,0,0,0,-0,0,0,0,0,0,0,-0,0,
0.7,0.675499,0.706441,0,0,0,0,0,-0,0,0,0,0,0,0,-0,0,
0.7,0.675499,0.70644,0,0,0,0,0,-0,0,0,0,0,0,0,-0,0,
0.7,0.675499,0.706439,0,0,0,0,0,-0,0,0,0,0,0,0,-0,0,
0.7,0.675499,0.706438,0,0,0,0,0,-0,0,0,0,0,0,0,-0,0,
0.7,0.675499,0.706437,0,0,0,0,0,-0,0,0,0,0,0,0,-0,0,
0.7,0.675499,0.706435,0,0,0,0,0,-0,0,0,0,0,0,0,-0,0,
0.7,0.675499,0.706434,0,0,0,0,0,-0,0,0,0,0,0,0,-0,0,
0.7,0.675499,0.706432,0,0,0,0,0,-0,0,0,0,0,0,0,-0,0,
0.7,0.6755,0.70643,0,0,0,0,0,-0,0,0,0,0,0,0,-0,0,
0.7,0.6755,0.706427,0,0,0,0,0,-0,0,0,0,0,0,0,-0,0,
0.7,0.6755,0.706425,0,0,0,0,0,-0,0,0,0,0,0,0,-0,0,
0.7,0.675501,0.70642,0,0,0,0,0,-0,0,0,0,0,0,0,-0,0,
0.7,0.675501,0.706418,0,0,0,0,0,-0,0,0,0,0,0,0,-0,0,
0.7,0.675501,0.706416,0,0,0,0,0,-0,0,0,0,0,0,0,-0,0,
0.7,0.675501,0.706413,0,0,0,0,0,-0,0,0,0,0,0,0,-0,0,
0.7,0.675501,0.706411,0,0,0,0,0,-0,0,0,0,0,0,0,-0,0,
0.7,0.675501,0.706409,0,0,0,0,0,-0,0,0,0,0,0,0,-0,0,
0.7,0.675502,0.706407,0,0,0,0,0,-0,0,0,0,0,0,0,-0,0,
0.7,0.675502,0.706404,0,0,0,0,0,-0,0,0,0,0,0,0,-0,0,
0.7,0.675503,0.706402,0,0,0,0,0,-0,0,0,0,0,0,0,-0,0,
0.7,0.675504,0.7064,0,0,0,0,0,-0,0,0,0,0,0,0,-0,0,
0.7,0.675504,0.706398,0,0,0,0,0,-0,0,0,0,0,0,0,-0,0,
0.7,0.675505,0.706396,0,0,0,0,0,-0,0,0,0,0,0,0,-0,0,
0.7,0.675506,0.706394,0,0,0,0,0,-0,0,0,0,0,0,0,-0,0,
0.7,0.675507,0.706393,0,0,0,0,0,-0,0,0,0,0,0,0,-0,0,
0.7,0.675507,0.706391,0,0,0,0,0,-0,0,0,0,0,0,0,-0,0,
0.7,0.675508,0.706389,0,0,0,0,0,-0,0,0,0,0,0,0,-0,0,
0.7,0.675508,0.706387,0,0,0,0,0,-0,0,0,0,0,0,0,-0,0,
0.7,0.675509,0.706386,0,0,0,0,0,-0,0,0,0,0,0,0,-0,0,
0.7,0.675509,0.706386,0,0,0,0,0,-0,0,0,0,0,0,0,-0,0,
0.7,0.675509,0.706385,0,0,0,0,0,-0,0,0,0,0,0,0,-0,0,
0.7,0.67551,0.706384,0,0,0,0,0,-0,0,0,0,0,0,0,-0,0,
0.7,0.675511,0.706382,0,0,0,0,0,-0,0,0,0,0,0,0,-0,0,
0.7,0.675512,0.706381,0,0,0,0,0,-0,0,0,0,0,0,0,-0,0,
0.7,0.675512,0.70638,0,0,0,0,0,-0,0,0,0,0,0,0,-0,0,
0.7,0.675513,0.706379,0,0,0,0,0,-0,0,0,0,0,0,0,-0,0,
0.7,0.675514,0.706377,0,0,0,0,0,-0,0,0,0,0,0,0,-0,0,
0.7,0.675514,0.706376,0,0,0,0,0,-0,0,0,0,0,0,0,-0,0,
0.7,0.675514,0.706375,0,0,0,0,0,-0,0,0,0,0,0,0,-0,0,
0.7,0.675515,0.706373,0,0,0,0,0,-0,0,0,0,0,0,0,-0,0,
0.7,0.675515,0.706372,0,0,0,0,0,-0,0,0,0,0,0,0,-0,0,
0.7,0.675516,0.70637,0,0,0,0,0,-0,0,0,0,0,0,0,-0,0,
0.7,0.675516,0.706369,0,0,0,0,0,-0,0,0,0,0,0,0,-0,0,
0.7,0.675516,0.706368,0,0,0,0,0,-0,0,0,0,0,0,0,-0,0,
0.7,0.675517,0.706367,0,0,0,0,0,-0,0,0,0,0,0,0,-0,0,
0.7,0.675517,0.706365,0,0,0,0,0,-0,0,0,0,0,0,0,-0,0,
0.7,0.675518,0.706363,0,0,0,0,0,-0,0,0,0,0,0,0,-0,0,
0.7,0.675519,0.706362,0,0,0,0,0,-0,0,0,0,0,0,0,-0,0,
0.7,0.67552,0.70636,0,0,0,0,0,-0,0,0,0,0,0,0,-0,0,
0.7,0.675521,0.706359,0,0,0,0,0,-0,0,0,0,0,0,0,-0,0,
0.7,0.675522,0.706357,0,0,0,0,0,-0,0,0,0,0,0,0,-0,0,
0.7,0.675523,0.706355,0,0,0,0,0,-0,0,0,0,0,0,0,-0,0,
0.7,0.675524,0.706354,0,0,0,0,0,-0,0,0,0,0,0,0,-0,0,
0.7,0.675526,0.706352,0,0,0,0,0,-0,0,0,0,0,0,0,-0,0,
0.7,0.675527,0.706352,0,0,0,0,0,-0,0,0,0,0,0,0,-0,0,
0.7,0.675528,0.70635,0,0,0,0,0,-0,0,0,0,0,0,0,-0,0,
0.7,0.675529,0.706349,0,0,0,0,0,-0,0,0,0,0,0,0,-0,0,
0.7,0.67553,0.706349,0,0,0,0,0,-0,0,0,0,0,0,0,-0,0,
0.7,0.675532,0.706348,0,0,0,0,0,-0,0,0,0,0,0,0,-0,0,
0.7,0.675533,0.706346,0,0,0,0,0,-0,0,0,0,0,0,0,-0,0,
0.7,0.675535,0.706345,0,0,0,0,0,-0,0,0,0,0,0,0,-0,0,
0.7,0.675538,0.706344,0,0,0,0,0,-0,0,0,0,0,0,0,-0,0,
0.7,0.67554,0.706343,0,0,0,0,0,-0,0,0,0,0,0,0,-0,0,
0.7,0.675541,0.706343,0,0,0,0,0,-0,0,0,0,0,0,0,-0,0,
0.7,0.675543,0.706342,0,0,0,0,0,-0,0,0,0,0,0,0,-0,0,
0.7,0.675545,0.706341,0,0,0,0,0,-0,0,0,0,0,0,0,-0,0,
0.7,0.675547,0.706341,0,0,0,0,0,-0,0,0,0,0,0,0,-0,0,
0.7,0.675548,0.70634,0,0,0,0,0,-0,0,0,0,0,0,0,-0,0,
0.7,0.67555,0.706339,0,0,0,0,0,-0,0,0,0,0,0,0,-0,0,
0.7,0.675551,0.706338,0,0,0,0,0,-0,0,0,0,0,0,0,-0,0,
0.7,0.675553,0.706337,0,0,0,0,0,-0,0,0,0,0,0,0,-0,0,
0.7,0.675554,0.706337,0,0,0,0,0,-0,0,0,0,0,0,0,-0,0,
0.7,0.675556,0.706335,0,0,0,0,0,-0,0,0,0,0,0,0,-0,0,
0.7,0.675557,0.706334,0,0,0,0,0,-0,0,0,0,0,0,0,-0,0,
0.7,0.675558,0.706333,0,0,0,0,0,-0,0,0,0,0,0,0,-0,0,
0.7,0.675559,0.706329,0,0,0,0,0,-0,0,0,0,0,0,0,-0,0,
0.7,0.675561,0.706327,0,0,0,0,0,-0,0,0,0,0,0,0,-0,0,
0.7,0.675563,0.706324,0,0,0,0,0,-0,0,0,0,0,0,0,-0,0,
0.7,0.675564,0.706322,0,0,0,0,0,-0,0,0,0,0,0,0,-0,0,
0.7,0.675565,0.706319,0,0,0,0,0,-0,0,0,0,0,0,0,-0,0,
0.7,0.675566,0.706317,0,0,0,0,0,-0,0,0,0,0,0,0,-0,0,
0.7,0.675567,0.706315,0,0,0,0,0,-0,0,0,0,0,0,0,-0,0,
0.7,0.675568,0.706312,0,0,0,0,0,-0,0,0,0,0,0,0,-0,0,
0.7,0.675568,0.70631,0,0,0,0,0,-0,0,0,0,0,0,0,-0,0,
0.7,0.67557,0.706306,0,0,0,0,0,-0,0,0,0,0,0,0,-0,0,
0.7,0.67557,0.706303,0,0,0,0,0,-0,0,0,0,0,0,0,-0,0,
0.7,0.675571,0.706299,0,0,0,0,0,-0,0,0,0,0,0,0,-0,0,
0.7,0.675572,0.706296,0,0,0,0,0,-0,0,0,0,0,0,0,-0,0,
0.7,0.675574,0.706293,0,0,0,0,0,-0,0,0,0,0,0,0,-0,0,
0.7,0.675575,0.706289,0,0,0,0,0,-0,0,0,0,0,0,0,-0,0,
0.7,0.675576,0.706285,0,0,0,0,0,-0,0,0,0,0,0,0,-0,0,
0.7,0.675577,0.706282,0,0,0,0,0,-0,0,0,0,0,0,0,-0,0,
0.7,0.675578,0.706279,0,0,0,0,0,-0,0,0,0,0,0,0,-0,0,
0.7,0.67558,0.706275,0,0,0,0,0,-0,0,0,0,0,0,0,-0,0,
0.7,0.675581,0.706272,0,0,0,0,0,-0,0,0,0,0,0,0,-0,0,
0.7,0.675582,0.706266,0,0,0,0,0,-0,0,0,0,0,0,0,-0,0,
0.7,0.675585,0.706263,0,0,0,0,0,-0,0,0,0,0,0,0,-0,0,
0.7,0.675586,0.70626,0,0,0,0,0,-0,0,0,0,0,0,0,-0,0,
0.7,0.675588,0.706257,0,0,0,0,0,-0,0,0,0,0,0,0,-0,0,
0.7,0.675589,0.706255,0,0,0,0,0,-0,0,0,0,0,0,0,-0,0,
0.7,0.675591,0.706253,0,0,0,0,0,-0,0,0,0,0,0,0,-0,0,
0.7,0.675593,0.706251,0,0,0,0,0,-0,0,0,0,0,0,0,-0,0,
0.7,0.675594,0.706249,0,0,0,0,0,-0,0,0,0,0,0,0,-0,0,
0.7,0.675596,0.706247,0,0,0,0,0,-0,0,0,0,0,0,0,-0,0,
0.7,0.675598,0.706246,0,0,0,0,0,-0,0,0,0,0,0,0,-0,0,
0.7,0.6756,0.706244,0,0,0,0,0,-0,0,0,0,0,0,0,-0,0,
0.7,0.675602,0.706242,0,0,0,0,0,-0,0,0,0,0,0,0,-0,0,
0.7,0.675605,0.70624,0,0,0,0,0,-0,0,0,0,0,0,0,-0,0,
0.7,0.675607,0.706238,0,0,0,0,0,-0,0,0,0,0,0,0,-0,0,
0.7,0.675609,0.706236,0,0,0,0,0,-0,0,0,0,0,0,0,-0,0,
0.7,0.675612,0.706234,0,0,0,0,0,-0,0,0,0,0,0,0,-0,0,
0.7,0.675614,0.70623,0,0,0,0,0,-0,0,0,0,0,0,0,-0,0,
0.7,0.67562,0.706228,0,0,0,0,0,-0,0,0,0,0,0,0,-0,0,
0.7,0.675624,0.706226,0,0,0,0,0,-0,0,0,0,0,0,0,-0,0,
0.7,0.675627,0.706225,0,0,0,0,0,-0,0,0,0,0,0,0,-0,0,
0.7,0.67563,0.706222,0,0,0,0,0,-0,0,0,0,0,0,0,-0,0,
0.7,0.675634,0.70622,0,0,0,0,0,-0,0,0,0,0,0,0,-0,0,
0.7,0.675637,0.706218,0,0,0,0,0,-0,0,0,0,0,0,0,-0,0,
0.7,0.675641,0.706216,0,0,0,0,0,-0,0,0,0,0,0,0,-0,0,
0.7,0.675645,0.706214,0,0,0,0,0,-0,0,0,0,0,0,0,-0,0,
0.7,0.675648,0.706212,0,0,0,0,0,-0,0,0,0,0,0,0,-0,0,
0.7,0.675652,0.706207,0,0,0,0,0,-0,0,0,0,0,0,0,-0,0,
0.7,0.675655,0.706205,0,0,0,0,0,-0,0,0,0,0,0,0,-0,0,
0.7,0.675659,0.706203,0,0,0,0,0,-0,0,0,0,0,0,0,-0,0,
0.7,0.675662,0.706201,0,0,0,0,0,-0,0,0,0,0,0,0,-0,0,
0.7,0.675665,0.706199,0,0,0,0,0,-0,0,0,0,0,0,0,-0,0,
0.7,0.675668,0.706196,0,0,0,0,0,-0,0,0,0,0,0,0,-0,0,
0.7,0.675674,0.706194,0,0,0,0,0,-0,0,0,0,0,0,0,-0,0,
0.7,0.675677,0.706192,0,0,0,0,0,-0,0,0,0,0,0,0,-0,0,
0.7,0.675679,0.70619,0,0,0,0,0,-0,0,0,0,0,0,0,-0,0,
0.7,0.675682,0.706188,0,0,0,0,0,-0,0,0,0,0,0,0,-0,0,
0.7,0.675685,0.706185,0,0,0,0,0,-0,0,0,0,0,0,0,-0,0,
0.7,0.675687,0.706183,0,0,0,0,0,-0,0,0,0,0,0,0,-0,0,
0.7,0.675689,0.706181,0,0,0,0,0,-0,0,0,0,0,0,0,-0,0,
0.7,0.675692,0.706179,0,0,0,0,0,-0,0,0,0,0,0,0,-0,0,
0.7,0.675694,0.706177,0,0,0,0,0,-0,0,0,0,0,0,0,-0,0,
0.7,0.675696,0.706175,0,0,0,0,0,-0,0,0,0,0,0,0,-0,0,
0.7,0.675698,0.706173,0,0,0,0,0,-0,0,0,0,0,0,0,-0,0,
0.7,0.6757,0.706171,0,0,0,0,0,-0,0,0,0,0,0,0,-0,0,
0.7,0.675702,0.706169,0,0,0,0,0,-0,0,0,0,0,0,0,-0,0,
0.7,0.675704,0.706167,0,0,0,0,0,-0,0,0,0,0,0,0,-0,0,
0.7,0.675706,0.706165,0,0,0,0,0,-0,0,0,0,0,0,0,-0,0,
0.7,0.675708,0.706162,0,0,0,0,0,-0,0,0,0,0,0,0,-0,0,
0.7,0.67571,0.706159,0,0,0,0,0,-0,0,0,0,0,0,0,-0,0,
0.7,0.675712,0.706157,0,0,0,0,0,-0,0,0,0,0,0,0,-0,0,
0.7,0.675714,0.706155,0,0,0,0,0,-0,0,0,0,0,0,0,-0,0,
0.7,0.675716,0.706153,0,0,0,0,0,-0,0,0,0,0,0,0,-0,0,
0.7,0.67572,0.706151,0,0,0,0,0,-0,0,0,0,0,0,0,-0,0,
0.7,0.675722,0.706149,0,0,0,0,0,-0,0,0,0,0,0,0,-0,0,
0.7,0.675724,0.706147,0,0,0,0,0,-0,0,0,0,0,0,0,-0,0,
0.7,0.675726,0.706145,0,0,0,0,0,-0,0,0,0,0,0,0,-0,0,
0.7,0.675728,0.706143,0,0,0,0,0,-0,0,0,0,0,0,0,-0,0,
0.7,0.675731,0.706142,0,0,0,0,0,-0,0,0,0,0,0,0,-0,0,
0.7,0.675734,0.706141,0,0,0,0,0,-0,0,0,0,0,0,0,-0,0,
0.7,0.675736,0.70614,0,0,0,0,0,-0,0,0,0,0,0,0,-0,0,
0.7,0.675739,0.706138,0,0,0,0,0,-0,0,0,0,0,0,0,-0,0,
0.7,0.675741,0.706136,0,0,0,0,0,-0,0,0,0,0,0,0,-0,0,
0.7,0.675744,0.706135,0,0,0,0,0,-0,0,0,0,0,0,0,-0,0,
0.7,0.675746,0.706133,0,0,0,0,0,-0,0,0,0,0,0,0,-0,0,
0.7,0.675749,0.706132,0,0,0,0,0,-0,0,0,0,0,0,0,-0,0,
0.7,0.675751,0.70613,0,0,0,0,0,-0,0,0,0,0,0,0,-0,0,
0.7,0.675754,0.706129,0,0,0,0,0,-0,0,0,0,0,0,0,-0,0,
0.7,0.675756,0.706128,0,0,0,0,0,-0,0,0,0,0,0,0,-0,0,
0.7,0.675758,0.706127,0,0,0,0,0,-0,0,0,0,0,0,0,-0,0,
0.7,0.67576,0.706126,0,0,0,0,0,-0,0,0,0,0,0,0,-0,0,
0.7,0.675762,0.706124,0,0,0,0,0,-0,0,0,0,0,0,0,-0,0,
0.7,0.675763,0.706123,0,0,0,0,0,-0,0,0,0,0,0,0,-0,0,
0.7,0.675764,0.706121,0,0,0,0,0,-0,0,0,0,0,0,0,-0,0,
0.7,0.675766,0.70612,0,0,0,0,0,-0,0,0,0,0,0,0,-0,0,
0.7,0.675767,0.706118,0,0,0,0,0,-0,0,0,0,0,0,0,-0,0,
0.7,0.675768,0.706117,0,0,0,0,0,-0,0,0,0,0,0,0,-0,0,
0.7,0.675769,0.706116,0,0,0,0,0,-0,0,0,0,0,0,0,-0,0,
0.7,0.67577,0.706115,0,0,0,0,0,-0,0,0,0,0,0,0,-0,0,
0.7,0.675772,0.706114,0,0,0,0,0,-0,0,0,0,0,0,0,-0,0,
0.7,0.675772,0.706114,0,0,0,0,0,-0,0,0,0,0,0,0,-0,0,
0.7,0.675773,0.706113,0,0,0,0,0,-0,0,0,0,0,0,0,-0,0,
0.7,0.675774,0.706113,0,0,0,0,0,-0,0,0,0,0,0,0,-0,0,
0.7,0.675774,0.706112,0,0,0,0,0,-0,0,0,0,0,0,0,-0,0,
0.7,0.675775,0.706111,0,0,0,0,0,-0,0,0,0,0,0,0,-0,0,
0.7,0.675775,0.70611,0,0,0,0,0,-0,0,0,0,0,0,0,-0,0,
0.7,0.675776,0.70611,0,0,0,0,0,-0,0,0,0,0,0,0,-0,0,
0.7,0.675776,0.706109,0,0,0,0,0,-0,0,0,0,0,0,0,-0,0,
0.7,0.675777,0.706109,0,0,0,0,0,-0,0,0,0,0,0,0,-0,0,
0.7,0.675777,0.706108,0,0,0,0,0,-0,0,0,0,0,0,0,-0,0,
0.7,0.675777,0.706108,0,0,0,0,0,-0,0,0,0,0,0,0,-0,0,
0.7,0.675777,0.706107,0,0,0,0,0,-0,0,0,0,0,0,0,-0,0,
0.7,0.675778,0.706106,0,0,0,0,0,-0,0,0,0,0,0,0,-0,0,
0.7,0.675778,0.706106,0,0,0,0,0,-0,0,0,0,0,0,0,-0,0,
0.7,0.675778,0.706105,0,0,0,0,0,-0,0,0,0,0,0,0,-0,0,
0.7,0.675778,0.706104,0,0,0,0,0,-0,0,0,0,0,0,0,-0,0,
0.7,0.675778,0.706104,0,0,0,0,0,-0,0,0,0,0,0,0,-0,0,
0.7,0.675777,0.706103,0,0,0,0,0,-0,0,0,0,0,0,0,-0,0,
0.7,0.675777,0.706102,0,0,0,0,0,-0,0,0,0,0,0,0,-0,0,
0.7,0.675777,0.706102,0,0,0,0,0,-0,0,0,0,0,0,0,-0,0,
0.7,0.675777,0.706101,0,0,0,0,0,-0,0,0,0,0,0,0,-0,0,
0.7,0.675776,0.7061,0,0,0,0,0,-0,0,0,0,0,0,0,-0,0,
0.7,0.675776,0.7061,0,0,0,0,0,-0,0,0,0,0,0,0,-0,0,
0.7,0.675775,0.7061,0,0,0,0,0,-0,0,0,0,0,0,0,-0,0,
0.7,0.675775,0.706099,0,0,0,0,0,-0,0,0,0,0,0,0,-0,0,
0.7,0.675775,0.706098,0,0,0,0,0,-0,0,0,0,0,0,0,-0,0,
0.7,0.675774,0.706097,0,0,0,0,0,-0,0,0,0,0,0,0,-0,0,
0.7,0.675773,0.706097,0,0,0,0,0,-0,0,0,0,0,0,0,-0,0,
0.7,0.675773,0.706096,0,0,0,0,0,-0,0,0,0,0,0,0,-0,0,
0.7,0.675772,0.706096,0,0,0,0,0,-0,0,0,0,0,0,0,-0,0,
0.7,0.675772,0.706095,0,0,0,0,0,-0,0,0,0,0,0,0,-0,0,
0.7,0.675771,0.706094,0,0,0,0,0,-0,0,0,0,0,0,0,-0,0,
0.7,0.67577,0.706094,0,0,0,0,0,-0,0,0,0,0,0,0,-0,0,
0.7,0.67577,0.706093,0,0,0,0,0,-0,0,0,0,0,0,0,-0,0,
0.7,0.675769,0.706092,0,0,0,0,0,-0,0,0,0,0,0,0,-0,0,
0.7,0.675768,0.706092,0,0,0,0,0,-0,0,0,0,0,0,0,-0,0,
0.7,0.675768,0.706091,0,0,0,0,0,-0,0,0,0,0,0,0,-0,0,
0.7,0.675767,0.70609,0,0,0,0,0,-0,0,0,0,0,0,0,-0,0,
0.7,0.675766,0.706089,0,0,0,0,0,-0,0,0,0,0,0,0,-0,0,
0.7,0.675766,0.706089,0,0,0,0,0,-0,0,0,0,0,0,0,-0,0,
0.7,0.675766,0.706088,0,0,0,0,0,-0,0,0,0,0,0,0,-0,0,
0.7,0.675765,0.706087,0,0,0,0,0,-0,0,0,0,0,0,0,-0,0,
0.7,0.675764,0.706087,0,0,0,0,0,-0,0,0,0,0,0,0,-0,0,
0.7,0.675763,0.706086,0,0,0,0,0,-0,0,0,0,0,0,0,-0,0,
0.7,0.675762,0.706085,0,0,0,0,0,-0,0,0,0,0,0,0,-0,0,
0.7,0.675761,0.706085,0,0,0,0,0,-0,0,0,0,0,0,0,-0,0,
0.7,0.67576,0.706084,0,0,0,0,0,-0,0,0,0,0,0,0,-0,0,
0.7,0.67576,0.706083,0,0,0,0,0,-0,0,0,0,0,0,0,-0,0,
0.7,0.675759,0.706082,0,0,0,0,0,-0,0,0,0,0,0,0,-0,0,
0.7,0.675758,0.70608,0,0,0,0,0,-0,0,0,0,0,0,0,-0,0,
0.7,0.675757,0.706079,0,0,0,0,0,-0,0,0,0,0,0,0,-0,0,
0.7,0.675756,0.706078,0,0,0,0,0,-0,0,0,0,0,0,0,-0,0,
0.7,0.675755,0.706077,0,0,0,0,0,-0,0,0,0,0,0,0,-0,0,
0.7,0.675754,0.706076,0,0,0,0,0,-0,0,0,0,0,0,0,-0,0,
0.7,0.675753,0.706075,0,0,0,0,0,-0,0,0,0,0,0,0,-0,0,
0.7,0.675753,0.706073,0,0,0,0,0,-0,0,0,0,0,0,0,-0,0,
0.7,0.675752,0.706071,0,0,0,0,0,-0,0,0,0,0,0,0,-0,0,
0.7,0.675751,0.706068,0,0,0,0,0,-0,0,0,0,0,0,0,-0,0,
0.7,0.67575,0.706066,0,0,0,0,0,-0,0,0,0,0,0,0,-0,0,
0.7,0.67575,0.706064,0,0,0,0,0,-0,0,0,0,0,0,0,-0,0,
0.7,0.675749,0.706062,0,0,0,0,0,-0,0,0,0,0,0,0,-0,0,
0.7,0.675748,0.70606,0,0,0,0,0,-0,0,0,0,0,0,0,-0,0,
0.7,0.675747,0.706058,0,0,0,0,0,-0,0,0,0,0,0,0,-0,0,
0.7,0.675747,0.706056,0,0,0,0,0,-0,0,0,0,0,0,0,-0,0,
0.7,0.675746,0.706054,0,0,0,0,0,-0,0,0,0,0,0,0,-0,0,
0.7,0.675745,0.706049,0,0,0,0,0,-0,0,0,0,0,0,0,-0,0,
0.7,0.675745,0.706049,0,0,0,0,0,-0,0,0,0,0,0,0,-0,0,
0.7,0.675744,0.706044,0,0,0,0,0,-0,0,0,0,0,0,0,-0,0,
0.7,0.675743,0.706042,0,0,0,0,0,-0,0,0,0,0,0,0,-0,0,
0.7,0.675742,0.706039,0,0,0,0,0,-0,0,0,0,0,0,0,-0,0,
0.7,0.675741,0.706037,0,0,0,0,0,-0,0,0,0,0,0,0,-0,0,
0.7,0.67574,0.706035,0,0,0,0,0,-0,0,0,0,0,0,0,-0,0,
0.7,0.675739,0.706032,0,0,0,0,0,-0,0,0,0,0,0,0,-0,0,
0.7,0.675738,0.70603,0,0,0,0,0,-0,0,0,0,0,0,0,-0,0,
0.7,0.675738,0.706027,0,0,0,0,0,-0,0,0,0,0,0,0,-0,0,
0.7,0.675737,0.706025,0,0,0,0,0,-0,0,0,0,0,0,0,-0,0,
0.7,0.675736,0.706023,0,0,0,0,0,-0,0,0,0,0,0,0,-0,0,
0.7,0.675735,0.706021,0,0,0,0,0,-0,0,0,0,0,0,0,-0,0,
0.7,0.675734,0.706018,0,0,0,0,0,-0,0,0,0,0,0,0,-0,0,
0.7,0.675733,0.706016,0,0,0,0,0,-0,0,0,0,0,0,0,-0,0,
0.7,0.675732,0.706014,0,0,0,0,0,-0,0,0,0,0,0,0,-0,0,
0.7,0.675731,0.706012,0,0,0,0,0,-0,0,0,0,0,0,0,-0,0,
0.7,0.67573,0.70601,0,0,0,0,0,-0,0,0,0,0,0,0,-0,0,
0.7,0.675729,0.706008,0,0,0,0,0,-0,0,0,0,0,0,0,-0,0,
0.7,0.675729,0.706006,0,0,0,0,0,-0,0,0,0,0,0,0,-0,0,
0.7,0.675728,0.706004,0,0,0,0,0,-0,0,0,0,0,0,0,-0,0,
0.7,0.675727,0.706002,0,0,0,0,0,-0,0,0,0,0,0,0,-0,0,
0.7,0.675726,0.706,0,0,0,0,0,-0,0,0,0,0,0,0,-0,0,
0.7,0.675725,0.705998,0,0,0,0,0,-0,0,0,0,0,0,0,-0,0,
0.7,0.675724,0.705997,0,0,0,0,0,-0,0,0,0,0,0,0,-0,0,
0.7,0.675723,0.705995,0,0,0,0,0,-0,0,0,0,0,0,0,-0,0,
0.7,0.675722,0.705994,0,0,0,0,0,-0,0,0,0,0,0,0,-0,0,
0.7,0.675721,0.705993,0,0,0,0,0,-0,0,0,0,0,0,0,-0,0,
0.7,0.675721,0.705991,0,0,0,0,0,-0,0,0,0,0,0,0,-0,0,
0.7,0.67572,0.70599,0,0,0,0,0,-0,0,0,0,0,0,0,-0,0,
0.7,0.675719,0.705989,0,0,0,0,0,-0,0,0,0,0,0,0,-0,0,
0.7,0.675718,0.705988,0,0,0,0,0,-0,0,0,0,0,0,0,-0,0,
0.7,0.675717,0.705986,0,0,0,0,0,-0,0,0,0,0,0,0,-0,0,
0.7,0.675716,0.705985,0,0,0,0,0,-0,0,0,0,0,0,0,-0,0,
0.7,0.675714,0.705984,0,0,0,0,0,-0,0,0,0,0,0,0,-0,0,
0.7,0.675713,0.705982,0,0,0,0,0,-0,0,0,0,0,0,0,-0,0,
0.7,0.675712,0.705981,0,0,0,0,0,-0,0,0,0,0,0,0,-0,0,
0.7,0.675712,0.70598,0,0,0,0,0,-0,0,0,0,0,0,0,-0,0,
0.7,0.675711,0.705979,0,0,0,0,0,-0,0,0,0,0,0,0,-0,0,
0.7,0.67571,0.705978,0,0,0,0,0,-0,0,0,0,0,0,0,-0,0,
0.7,0.675709,0.705977,0,0,0,0,0,-0,0,0,0,0,0,0,-0,0,
0.7,0.675708,0.705976,0,0,0,0,0,-0,0,0,0,0,0,0,-0,0,
0.7,0.675707,0.705975,0,0,0,0,0,-0,0,0,0,0,0,0,-0,0,
0.7,0.675706,0.705974,0,0,0,0,0,-0,0,0,0,0,0,0,-0,0,
0.7,0.675705,0.705973,0,0,0,0,0,-0,0,0,0,0,0,0,-0,0,
0.7,0.675705,0.705972,0,0,0,0,0,-0,0,0,0,0,0,0,-0,0,
0.7,0.675704,0.705972,0,0,0,0,0,-0,0,0,0,0,0,0,-0,0,
0.7,0.675703,0.705971,0,0,0,0,0,-0,0,0,0,0,0,0,-0,0,
0.7,0.675702,0.70597,0,0,0,0,0,-0,0,0,0,0,0,0,-0,0,
0.7,0.675701,0.705969,0,0,0,0,0,-0,0,0,0,0,0,0,-0,0,
0.7,0.6757,0.705968,0,0,0,0,0,-0,0,0,0,0,0,0,-0,0,
0.7,0.675699,0.705968,0,0,0,0,0,-0,0,0,0,0,0,0,-0,0,
0.7,0.675698,0.705967,0,0,0,0,0,-0,0,0,0,0,0,0,-0,0,
0.7,0.675698,0.705966,0,0,0,0,0,-0,0,0,0,0,0,0,-0,0,
0.7,0.675697,0.705964,0,0,0,0,0,-0,0,0,0,0,0,0,-0,0,
0.7,0.675695,0.705964,0,0,0,0,0,-0,0,0,0,0,0,0,-0,0,
0.7,0.675694,0.705963,0,0,0,0,0,-0,0,0,0,0,0,0,-0,0,
0.7,0.675693,0.705962,0,0,0,0,0,-0,0,0,0,0,0,0,-0,0,
0.7,0.675692,0.705961,0,0,0,0,0,-0,0,0,0,0,0,0,-0,0,
0.7,0.675691,0.70596,0,0,0,0,0,-0,0,0,0,0,0,0,-0,0,
0.7,0.675691,0.705959,0,0,0,0,0,-0,0,0,0,0,0,0,-0,0,
0.7,0.67569,0.705959,0,0,0,0,0,-0,0,0,0,0,0,0,-0,0,
0.7,0.675689,0.705958,0,0,0,0,0,-0,0,0,0,0,0,0,-0,0,
0.7,0.675688,0.705957,0,0,0,0,0,-0,0,0,0,0,0,0,-0,0,
0.7,0.675687,0.705956,0,0,0,0,0,-0,0,0,0,0,0,0,-0,0,
0.7,0.675686,0.705955,0,0,0,0,0,-0,0,0,0,0,0,0,-0,0,
0.7,0.675685,0.705955,0,0,0,0,0,-0,0,0,0,0,0,0,-0,0,
0.7,0.675684,0.705954,0,0,0,0,0,-0,0,0,0,0,0,0,-0,0,
0.7,0.675683,0.705953,0,0,0,0,0,-0,0,0,0,0,0,0,-0,0,
0.7,0.675682,0.705952,0,0,0,0,0,-0,0,0,0,0,0,0,-0,0,
0.7,0.675681,0.705951,0,0,0,0,0,-0,0,0,0,0,0,0,-0,0,
0.7,0.67568,0.70595,0,0,0,0,0,-0,0,0,0,0,0,0,-0,0,
0.7,0.67568,0.705949,0,0,0,0,0,-0,0,0,0,0,0,0,-0,0,
0.7,0.675679,0.705948,0,0,0,0,0,-0,0,0,0,0,0,0,-0,0,
0.7,0.675677,0.705947,0,0,0,0,0,-0,0,0,0,0,0,0,-0,0,
0.7,0.675676,0.705946,0,0,0,0,0,-0,0,0,0,0,0,0,-0,0,
0.7,0.675675,0.705946,0,0,0,0,0,-0,0,0,0,0,0,0,-0,0,
0.7,0.675674,0.705945,0,0,0,0,0,-0,0,0,0,0,0,0,-0,0,
0.7,0.675673,0.705944,0,0,0,0,0,-0,0,0,0,0,0,0,-0,0,
0.7,0.675673,0.705943,0,0,0,0,0,-0,0,0,0,0,0,0,-0,0,
0.7,0.675672,0.705942,0,0,0,0,0,-0,0,0,0,0,0,0,-0,0,
0.7,0.675671,0.705942,0,0,0,0,0,-0,0,0,0,0,0,0,-0,0,
0.7,0.67567,0.705941,0,0,0,0,0,-0,0,0,0,0,0,0,-0,0,
0.7,0.675669,0.70594,0,0,0,0,0,-0,0,0,0,0,0,0,-0,0,
0.7,0.675668,0.705939,0,0,0,0,0,-0,0,0,0,0,0,0,-0,0,
0.7,0.675667,0.705938,0,0,0,0,0,-0,0,0,0,0,0,0,-0,0,
0.7,0.675667,0.705937,0,0,0,0,0,-0,0,0,0,0,0,0,-0,0,
0.7,0.675666,0.705936,0,0,0,0,0,-0,0,0,0,0,0,0,-0,0,
0.7,0.675665,0.705935,0,0,0,0,0,-0,0,0,0,0,0,0,-0,0,
0.7,0.675664,0.705934,0,0,0,0,0,-0,0,0,0,0,0,0,-0,0,
0.7,0.675663,0.705933,0,0,0,0,0,-0,0,0,0,0,0,0,-0,0,
0.7,0.675662,0.705931,0,0,0,0,0,-0,0,0,0,0,0,0,-0,0,
0.7,0.675662,0.705929,0,0,0,0,0,-0,0,0,0,0,0,0,-0,0,
0.7,0.675661,0.705927,0,0,0,0,0,-0,0,0,0,0,0,0,-0,0,
0.7,0.67566,0.705924,0,0,0,0,0,-0,0,0,0,0,0,0,-0,0,
0.7,0.675659,0.705922,0,0,0,0,0,-0,0,0,0,0,0,0,-0,0,
0.7,0.675658,0.705919,0,0,0,0,0,-0,0,0,0,0,0,0,-0,0,
0.7,0.675658,0.705917,0,0,0,0,0,-0,0,0,0,0,0,0,-0,0,
0.7,0.675657,0.705915,0,0,0,0,0,-0,0,0,0,0,0,0,-0,0,
0.7,0.675656,0.705912,0,0,0,0,0,-0,0,0,0,0,0,0,-0,0,
0.7,0.675656,0.70591,0,0,0,0,0,-0,0,0,0,0,0,0,-0,0,
0.7,0.675655,0.705907,0,0,0,0,0,-0,0,0,0,0,0,0,-0,0,
0.7,0.675654,0.705905,0,0,0,0,0,-0,0,0,0,0,0,0,-0,0,
0.7,0.675653,0.705902,0,0,0,0,0,-0,0,0,0,0,0,0,-0,0,
0.7,0.675653,0.705897,0,0,0,0,0,-0,0,0,0,0,0,0,-0,0,
0.7,0.675652,0.705895,0,0,0,0,0,-0,0,0,0,0,0,0,-0,0,
0.7,0.675651,0.705892,0,0,0,0,0,-0,0,0,0,0,0,0,-0,0,
0.7,0.67565,0.70589,0,0,0,0,0,-0,0,0,0,0,0,0,-0,0,
0.7,0.675649,0.705888,0,0,0,0,0,-0,0,0,0,0,0,0,-0,0,
0.7,0.675648,0.705886,0,0,0,0,0,-0,0,0,0,0,0,0,-0,0,
0.7,0.675648,0.705883,0,0,0,0,0,-0,0,0,0,0,0,0,-0,0,
0.7,0.675647,0.705882,0,0,0,0,0,-0,0,0,0,0,0,0,-0,0,
0.7,0.675646,0.70588,0,0,0,0,0,-0,0,0,0,0,0,0,-0,0,
0.7,0.675645,0.705879,0,0,0,0,0,-0,0,0,0,0,0,0,-0,0,
0.7,0.675645,0.705878,0,0,0,0,0,-0,0,0,0,0,0,0,-0,0,
0.7,0.675644,0.705877,0,0,0,0,0,-0,0,0,0,0,0,0,-0,0,
0.7,0.675644,0.705875,0,0,0,0,0,-0,0,0,0,0,0,0,-0,0,
0.7,0.675643,0.705874,0,0,0,0,0,-0,0,0,0,0,0,0,-0,0,
0.7,0.675643,0.705873,0,0,0,0,0,-0,0,0,0,0,0,0,-0,0,
0.7,0.675642,0.705872,0,0,0,0,0,-0,0,0,0,0,0,0,-0,0,
0.7,0.675641,0.705871,0,0,0,0,0,-0,0,0,0,0,0,0,-0,0,
0.7,0.67564,0.705871,0,0,0,0,0,-0,0,0,0,0,0,0,-0,0,
0.7,0.67564,0.70587,0,0,0,0,0,-0,0,0,0,0,0,0,-0,0,
0.7,0.675639,0.705869,0,0,0,0,0,-0,0,0,0,0,0,0,-0,0,
0.7,0.675639,0.705868,0,0,0,0,0,-0,0,0,0,0,0,0,-0,0,
0.7,0.675638,0.705867,0,0,0,0,0,-0,0,0,0,0,0,0,-0,0,
0.7,0.675637,0.705866,0,0,0,0,0,-0,0,0,0,0,0,0,-0,0,
0.7,0.675637,0.705865,0,0,0,0,0,-0,0,0,0,0,0,0,-0,0,
0.7,0.675636,0.705864,0,0,0,0,0,-0,0,0,0,0,0,0,-0,0,
0.7,0.675635,0.705864,0,0,0,0,0,-0,0,0,0,0,0,0,-0,0,
0.7,0.675635,0.705863,0,0,0,0,0,-0,0,0,0,0,0,0,-0,0,
0.7,0.675634,0.705862,0,0,0,0,0,-0,0,0,0,0,0,0,-0,0,
0.7,0.675633,0.705861,0,0,0,0,0,-0,0,0,0,0,0,0,-0,0,
0.7,0.675633,0.705861,0,0,0,0,0,-0,0,0,0,0,0,0,-0,0,
0.7,0.675632,0.705859,0,0,0,0,0,-0,0,0,0,0,0,0,-0,0,
0.7,0.675631,0.705858,0,0,0,0,0,-0,0,0,0,0,0,0,-0,0,
0.7,0.675631,0.705857,0,0,0,0,0,-0,0,0,0,0,0,0,-0,0,
0.7,0.67563,0.705858,0,0,0,0,0,-0,0,0,0,0,0,0,-0,0,
0.7,0.675629,0.705857,0,0,0,0,0,-0,0,0,0,0,0,0,-0,0,
0.7,0.675629,0.705856,0,0,0,0,0,-0,0,0,0,0,0,0,-0,0,
0.7,0.675629,0.705856,0,0,0,0,0,-0,0,0,0,0,0,0,-0,0,
0.7,0.675628,0.705855,0,0,0,0,0,-0,0,0,0,0,0,0,-0,0,
0.7,0.675628,0.705854,0,0,0,0,0,-0,0,0,0,0,0,0,-0,0,
0.7,0.675628,0.705854,0,0,0,0,0,-0,0,0,0,0,0,0,-0,0,
0.7,0.675627,0.705853,0,0,0,0,0,-0,0,0,0,0,0,0,-0,0,
0.7,0.675627,0.705853,0,0,0,0,0,-0,0,0,0,0,0,0,-0,0,
0.7,0.675627,0.705852,0,0,0,0,0,-0,0,0,0,0,0,0,-0,0,
0.7,0.675626,0.705851,0,0,0,0,0,-0,0,0,0,0,0,0,-0,0,
0.7,0.675626,0.70585,0,0,0,0,0,-0,0,0,0,0,0,0,-0,0,
0.7,0.675626,0.70585,0,0,0,0,0,-0,0,0,0,0,0,0,-0,0,
0.7,0.675625,0.705849,0,0,0,0,0,-0,0,0,0,0,0,0,-0,0,
0.7,0.675625,0.705848,0,0,0,0,0,-0,0,0,0,0,0,0,-0,0,
0.7,0.675625,0.705848,0,0,0,0,0,-0,0,0,0,0,0,0,-0,0,
0.7,0.675625,0.705847,0,0,0,0,0,-0,0,0,0,0,0,0,-0,0,
0.7,0.675625,0.705846,0,0,0,0,0,-0,0,0,0,0,0,0,-0,0,
0.7,0.675624,0.705845,0,0,0,0,0,-0,0,0,0,0,0,0,-0,0,
0.7,0.675624,0.705844,0,0,0,0,0,-0,0,0,0,0,0,0,-0,0,
0.7,0.675624,0.705842,0,0,0,0,0,-0,0,0,0,0,0,0,-0,0,
0.7,0.675624,0.705842,0,0,0,0,0,-0,0,0,0,0,0,0,-0,0,
0.7,0.675624,0.705841,0,0,0,0,0,-0,0,0,0,0,0,0,-0,0,
0.7,0.675625,0.70584,0,0,0,0,0,-0,0,0,0,0,0,0,-0,0,
0.7,0.675625,0.705839,0,0,0,0,0,-0,0,0,0,0,0,0,-0,0,
0.7,0.675625,0.705839,0,0,0,0,0,-0,0,0,0,0,0,0,-0,0,
0.7,0.675625,0.705838,0,0,0,0,0,-0,0,0,0,0,0,0,-0,0,
0.7,0.675626,0.705837,0,0,0,0,0,-0,0,0,0,0,0,0,-0,0,
0.7,0.675627,0.705836,0,0,0,0,0,-0,0,0,0,0,0,0,-0,0,
0.7,0.675627,0.705836,0,0,0,0,0,-0,0,0,0,0,0,0,-0,0,
0.7,0.675628,0.705835,0,0,0,0,0,-0,0,0,0,0,0,0,-0,0,
0.7,0.675628,0.705835,0,0,0,0,0,-0,0,0,0,0,0,0,-0,0,
0.7,0.675628,0.705834,0,0,0,0,0,-0,0,0,0,0,0,0,-0,0,
0.7,0.675629,0.705834,0,0,0,0,0,-0,0,0,0,0,0,0,-0,0,
0.7,0.675629,0.705833,0,0,0,0,0,-0,0,0,0,0,0,0,-0,0,
0.7,0.67563,0.705832,0,0,0,0,0,-0,0,0,0,0,0,0,-0,0,
0.7,0.67563,0.705832,0,0,0,0,0,-0,0,0,0,0,0,0,-0,0,
0.7,0.675631,0.705831,0,0,0,0,0,-0,0,0,0,0,0,0,-0,0,
0.7,0.675631,0.70583,0,0,0,0,0,-0,0,0,0,0,0,0,-0,0,
0.7,0.675632,0.70583,0,0,0,0,0,-0,0,0,0,0,0,0,-0,0,
0.7,0.675633,0.705829,0,0,0,0,0,-0,0,0,0,0,0,0,-0,0,
0.7,0.675633,0.705828,0,0,0,0,0,-0,0,0,0,0,0,0,-0,0,
0.7,0.675634,0.705828,0,0,0,0,0,-0,0,0,0,0,0,0,-0,0,
0.7,0.675635,0.705827,0,0,0,0,0,-0,0,0,0,0,0,0,-0,0,
0.7,0.675636,0.705826,0,0,0,0,0,-0,0,0,0,0,0,0,-0,0,
0.7,0.675637,0.705825,0,0,0,0,0,-0,0,0,0,0,0,0,-0,0,
0.7,0.675638,0.705824,0,0,0,0,0,-0,0,0,0,0,0,0,-0,0,
0.7,0.675639,0.705824,0,0,0,0,0,-0,0,0,0,0,0,0,-0,0,
0.7,0.675642,0.705823,0,0,0,0,0,-0,0,0,0,0,0,0,-0,0,
0.7,0.675644,0.705822,0,0,0,0,0,-0,0,0,0,0,0,0,-0,0,
0.7,0.675645,0.705821,0,0,0,0,0,-0,0,0,0,0,0,0,-0,0,
0.7,0.675647,0.705821,0,0,0,0,0,-0,0,0,0,0,0,0,-0,0,
0.7,0.675649,0.70582,0,0,0,0,0,-0,0,0,0,0,0,0,-0,0,
0.7,0.675651,0.705819,0,0,0,0,0,-0,0,0,0,0,0,0,-0,0,
0.7,0.675653,0.705819,0,0,0,0,0,-0,0,0,0,0,0,0,-0,0,
0.7,0.675655,0.705818,0,0,0,0,0,-0,0,0,0,0,0,0,-0,0,
0.7,0.675657,0.705817,0,0,0,0,0,-0,0,0,0,0,0,0,-0,0,
0.7,0.67566,0.705817,0,0,0,0,0,-0,0,0,0,0,0,0,-0,0,
0.7,0.675662,0.705816,0,0,0,0,0,-0,0,0,0,0,0,0,-0,0,
0.7,0.675664,0.705815,0,0,0,0,0,-0,0,0,0,0,0,0,-0,0,
0.7,0.675667,0.705815,0,0,0,0,0,-0,0,0,0,0,0,0,-0,0,
0.7,0.675669,0.705814,0,0,0,0,0,-0,0,0,0,0,0,0,-0,0,
0.7,0.675671,0.705814,0,0,0,0,0,-0,0,0,0,0,0,0,-0,0,
0.7,0.675673,0.705812,0,0,0,0,0,-0,0,0,0,0,0,0,-0,0,
0.7,0.675678,0.705812,0,0,0,0,0,-0,0,0,0,0,0,0,-0,0,
0.7,0.67568,0.705811,0,0,0,0,0,-0,0,0,0,0,0,0,-0,0,
0.7,0.675682,0.70581,0,0,0,0,0,-0,0,0,0,0,0,0,-0,0,
0.7,0.675684,0.705809,0,0,0,0,0,-0,0,0,0,0,0,0,-0,0,
0.7,0.675686,0.705807,0,0,0,0,0,-0,0,0,0,0,0,0,-0,0,
0.7,0.675688,0.705807,0,0,0,0,0,-0,0,0,0,0,0,0,-0,0,
0.7,0.675689,0.705806,0,0,0,0,0,-0,0,0,0,0,0,0,-0,0,
0.7,0.675691,0.705805,0,0,0,0,0,-0,0,0,0,0,0,0,-0,0,
0.7,0.675692,0.705804,0,0,0,0,0,-0,0,0,0,0,0,0,-0,0,
0.7,0.675694,0.705802,0,0,0,0,0,-0,0,0,0,0,0,0,-0,0,
0.7,0.675695,0.705801,0,0,0,0,0,-0,0,0,0,0,0,0,-0,0,
0.7,0.675696,0.7058,0,0,0,0,0,-0,0,0,0,0,0,0,-0,0,
0.7,0.675697,0.705799,0,0,0,0,0,-0,0,0,0,0,0,0,-0,0,
0.7,0.675699,0.705798,0,0,0,0,0,-0,0,0,0,0,0,0,-0,0,
0.7,0.6757,0.705797,0,0,0,0,0,-0,0,0,0,0,0,0,-0,0,
0.7,0.675703,0.705796,0,0,0,0,0,-0,0,0,0,0,0,0,-0,0,
0.7,0.675704,0.705795,0,0,0,0,0,-0,0,0,0,0,0,0,-0,0,
0.7,0.675705,0.705794,0,0,0,0,0,-0,0,0,0,0,0,0,-0,0,
0.7,0.675706,0.705792,0,0,0,0,0,-0,0,0,0,0,0,0,-0,0,
0.7,0.675708,0.70579,0,0,0,0,0,-0,0,0,0,0,0,0,-0,0,
0.7,0.67571,0.705788,0,0,0,0,0,-0,0,0,0,0,0,0,-0,0,
0.7,0.675711,0.705786,0,0,0,0,0,-0,0,0,0,0,0,0,-0,0,
0.7,0.675712,0.705784,0,0,0,0,0,-0,0,0,0,0,0,0,-0,0,
0.7,0.675714,0.705782,0,0,0,0,0,-0,0,0,0,0,0,0,-0,0,
0.7,0.675716,0.705781,0,0,0,0,0,-0,0,0,0,0,0,0,-0,0,
0.7,0.675717,0.705779,0,0,0,0,0,-0,0,0,0,0,0,0,-0,0,
0.7,0.675718,0.705777,0,0,0,0,0,-0,0,0,0,0,0,0,-0,0,
0.7,0.67572,0.705776,0,0,0,0,0,-0,0,0,0,0,0,0,-0,0,
0.7,0.675721,0.705772,0,0,0,0,0,-0,0,0,0,0,0,0,-0,0,
0.7,0.675723,0.70577,0,0,0,0,0,-0,0,0,0,0,0,0,-0,0,
0.7,0.675726,0.705768,0,0,0,0,0,-0,0,0,0,0,0,0,-0,0,
0.7,0.675728,0.705766,0,0,0,0,0,-0,0,0,0,0,0,0,-0,0,
0.7,0.675729,0.705763,0,0,0,0,0,-0,0,0,0,0,0,0,-0,0,
0.7,0.675731,0.705762,0,0,0,0,0,-0,0,0,0,0,0,0,-0,0,
0.7,0.675733,0.70576,0,0,0,0,0,-0,0,0,0,0,0,0,-0,0,
0.7,0.675735,0.705758,0,0,0,0,0,-0,0,0,0,0,0,0,-0,0,
0.7,0.675737,0.705756,0,0,0,0,0,-0,0,0,0,0,0,0,-0,0,
0.7,0.675739,0.705755,0,0,0,0,0,-0,0,0,0,0,0,0,-0,0,
0.7,0.67574,0.705754,0,0,0,0,0,-0,0,0,0,0,0,0,-0,0,
0.7,0.675742,0.705753,0,0,0,0,0,-0,0,0,0,0,0,0,-0,0,
0.7,0.675744,0.705752,0,0,0,0,0,-0,0,0,0,0,0,0,-0,0,
0.7,0.675746,0.705745,0,0,0,0,0,-0,0,0,0,0,0,0,-0,0,
0.7,0.675759,0.705744,0,0,0,0,0,-0,0,0,0,0,0,0,-0,0,
0.7,0.675761,0.705743,0,0,0,0,0,-0,0,0,0,0,0,0,-0,0,
0.7,0.675763,0.705742,0,0,0,0,0,-0,0,0,0,0,0,0,-0,0,
0.7,0.675764,0.705741,0,0,0,0,0,-0,0,0,0,0,0,0,-0,0,
0.7,0.675765,0.705739,0,0,0,0,0,-0,0,0,0,0,0,0,-0,0,
0.7,0.675767,0.705738,0,0,0,0,0,-0,0,0,0,0,0,0,-0,0,
0.7,0.675767,0.705737,0,0,0,0,0,-0,0,0,0,0,0,0,-0,0,
0.7,0.675768,0.705736,0,0,0,0,0,-0,0,0,0,0,0,0,-0,0,
0.7,0.675768,0.705735,0,0,0,0,0,-0,0,0,0,0,0,0,-0,0,
0.7,0.675769,0.705733,0,0,0,0,0,-0,0,0,0,0,0,0,-0,0,
0.7,0.675768,0.705733,0,0,0,0,0,-0,0,0,0,0,0,0,-0,0,
0.7,0.675769,0.705732,0,0,0,0,0,-0,0,0,0,0,0,0,-0,0,
0.7,0.675769,0.705731,0,0,0,0,0,-0,0,0,0,0,0,0,-0,0,
0.7,0.675769,0.70573,0,0,0,0,0,-0,0,0,0,0,0,0,-0,0,
0.7,0.675769,0.70573,0,0,0,0,0,-0,0,0,0,0,0,0,-0,0,
0.7,0.67577,0.705729,0,0,0,0,0,-0,0,0,0,0,0,0,-0,0,
0.7,0.67577,0.705729,0,0,0,0,0,-0,0,0,0,0,0,0,-0,0,
0.7,0.67577,0.705728,0,0,0,0,0,-0,0,0,0,0,0,0,-0,0,
0.7,0.675769,0.705728,0,0,0,0,0,-0,0,0,0,0,0,0,-0,0,
0.7,0.675769,0.705727,0,0,0,0,0,-0,0,0,0,0,0,0,-0,0,
0.7,0.675769,0.705726,0,0,0,0,0,-0,0,0,0,0,0,0,-0,0,
0.7,0.675769,0.705726,0,0,0,0,0,-0,0,0,0,0,0,0,-0,0,
0.7,0.675769,0.705725,0,0,0,0,0,-0,0,0,0,0,0,0,-0,0,
0.7,0.675769,0.705724,0,0,0,0,0,-0,0,0,0,0,0,0,-0,0,
0.7,0.675768,0.705724,0,0,0,0,0,-0,0,0,0,0,0,0,-0,0,
0.7,0.675768,0.705724,0,0,0,0,0,-0,0,0,0,0,0,0,-0,0,
0.7,0.675768,0.705723,0,0,0,0,0,-0,0,0,0,0,0,0,-0,0,
0.7,0.675768,0.705723,0,0,0,0,0,-0,0,0,0,0,0,0,-0,0,
0.7,0.675767,0.705722,0,0,0,0,0,-0,0,0,0,0,0,0,-0,0,
0.7,0.675767,0.705722,0,0,0,0,0,-0,0,0,0,0,0,0,-0,0,
0.7,0.675767,0.705722,0,0,0,0,0,-0,0,0,0,0,0,0,-0,0,
0.7,0.675766,0.705722,0,0,0,0,0,-0,0,0,0,0,0,0,-0,0,
0.7,0.675766,0.705721,0,0,0,0,0,-0,0,0,0,0,0,0,-0,0,
0.7,0.675765,0.705721,0,0,0,0,0,-0,0,0,0,0,0,0,-0,0,
0.7,0.675764,0.705721,0,0,0,0,0,-0,0,0,0,0,0,0,-0,0,
0.7,0.675764,0.70572,0,0,0,0,0,-0,0,0,0,0,0,0,-0,0,
0.7,0.675764,0.70572,0,0,0,0,0,-0,0,0,0,0,0,0,-0,0,
0.7,0.675763,0.70572,0,0,0,0,0,-0,0,0,0,0,0,0,-0,0,
0.7,0.675762,0.705719,0,0,0,0,0,-0,0,0,0,0,0,0,-0,0,
0.7,0.675762,0.705719,0,0,0,0,0,-0,0,0,0,0,0,0,-0,0,
0.7,0.675761,0.705718,0,0,0,0,0,-0,0,0,0,0,0,0,-0,0,
0.7,0.675761,0.705718,0,0,0,0,0,-0,0,0,0,0,0,0,-0,0,
0.7,0.67576,0.705718,0,0,0,0,0,-0,0,0,0,0,0,0,-0,0,
0.7,0.67576,0.705717,0,0,0,0,0,-0,0,0,0,0,0,0,-0,0,
0.7,0.675759,0.705717,0,0,0,0,0,-0,0,0,0,0,0,0,-0,0,
0.7,0.675758,0.705716,0,0,0,0,0,-0,0,0,0,0,0,0,-0,0,
0.7,0.675757,0.705716,0,0,0,0,0,-0,0,0,0,0,0,0,-0,0,
0.7,0.675756,0.705716,0,0,0,0,0,-0,0,0,0,0,0,0,-0,0,
0.7,0.675755,0.705716,0,0,0,0,0,-0,0,0,0,0,0,0,-0,0,
0.7,0.675754,0.705716,0,0,0,0,0,-0,0,0,0,0,0,0,-0,0,
0.7,0.675754,0.705716,0,0,0,0,0,-0,0,0,0,0,0,0,-0,0,
0.7,0.675753,0.705716,0,0,0,0,0,-0,0,0,0,0,0,0,-0,0,
0.7,0.675752,0.705715,0,0,0,0,0,-0,0,0,0,0,0,0,-0,0,
0.7,0.675751,0.705715,0,0,0,0,0,-0,0,0,0,0,0,0,-0,0,
0.7,0.675751,0.705715,0,0,0,0,0,-0,0,0,0,0,0,0,-0,0,
0.7,0.67575,0.705715,0,0,0,0,0,-0,0,0,0,0,0,0,-0,0,
0.7,0.67575,0.705714,0,0,0,0,0,-0,0,0,0,0,0,0,-0,0,
0.7,0.675749,0.705714,0,0,0,0,0,-0,0,0,0,0,0,0,-0,0,
0.7,0.675748,0.705713,0,0,0,0,0,-0,0,0,0,0,0,0,-0,0,
0.7,0.675748,0.705713,0,0,0,0,0,-0,0,0,0,0,0,0,-0,0,
0.7,0.675747,0.705713,0,0,0,0,0,-0,0,0,0,0,0,0,-0,0,
0.7,0.675746,0.705712,0,0,0,0,0,-0,0,0,0,0,0,0,-0,0,
0.7,0.675745,0.705712,0,0,0,0,0,-0,0,0,0,0,0,0,-0,0,
0.7,0.675745,0.705711,0,0,0,0,0,-0,0,0,0,0,0,0,-0,0,
0.7,0.675744,0.705711,0,0,0,0,0,-0,0,0,0,0,0,0,-0,0,
0.7,0.675744,0.705711,0,0,0,0,0,-0,0,0,0,0,0,0,-0,0,
0.7,0.675743,0.70571,0,0,0,0,0,-0,0,0,0,0,0,0,-0,0,
0.7,0.675742,0.70571,0,0,0,0,0,-0,0,0,0,0,0,0,-0,0,
0.7,0.675742,0.705709,0,0,0,0,0,-0,0,0,0,0,0,0,-0,0,
0.7,0.675741,0.705709,0,0,0,0,0,-0,0,0,0,0,0,0,-0,0,
0.7,0.675741,0.705709,0,0,0,0,0,-0,0,0,0,0,0,0,-0,0,
0.7,0.67574,0.705708,0,0,0,0,0,-0,0,0,0,0,0,0,-0,0,
0.7,0.67574,0.705707,0,0,0,0,0,-0,0,0,0,0,0,0,-0,0,
0.7,0.675739,0.705707,0,0,0,0,0,-0,0,0,0,0,0,0,-0,0,
0.7,0.675738,0.705707,0,0,0,0,0,-0,0,0,0,0,0,0,-0,0,
0.7,0.675737,0.705706,0,0,0,0,0,-0,0,0,0,0,0,0,-0,0,
0.7,0.675737,0.705706,0,0,0,0,0,-0,0,0,0,0,0,0,-0,0,
0.7,0.675736,0.705706,0,0,0,0,0,-0,0,0,0,0,0,0,-0,0,
0.7,0.675736,0.705705,0,0,0,0,0,-0,0,0,0,0,0,0,-0,0,
0.7,0.675735,0.705704,0,0,0,0,0,-0,0,0,0,0,0,0,-0,0,
0.7,0.675735,0.705704,0,0,0,0,0,-0,0,0,0,0,0,0,-0,0,
0.7,0.675735,0.705703,0,0,0,0,0,-0,0,0,0,0,0,0,-0,0,
0.7,0.675734,0.705702,0,0,0,0,0,-0,0,0,0,0,0,0,-0,0,
0.7,0.675734,0.705702,0,0,0,0,0,-0,0,0,0,0,0,0,-0,0,
0.7,0.675733,0.705701,0,0,0,0,0,-0,0,0,0,0,0,0,-0,0,
0.7,0.675732,0.7057,0,0,0,0,0,-0,0,0,0,0,0,0,-0,0,
0.7,0.675732,0.705699,0,0,0,0,0,-0,0,0,0,0,0,0,-0,0,
0.7,0.675731,0.705698,0,0,0,0,0,-0,0,0,0,0,0,0,-0,0,
0.7,0.67573,0.705698,0,0,0,0,0,-0,0,0,0,0,0,0,-0,0,
0.7,0.67573,0.705697,0,0,0,0,0,-0,0,0,0,0,0,0,-0,0,
0.7,0.675729,0.705695,0,0,0,0,0,-0,0,0,0,0,0,0,-0,0,
0.7,0.675727,0.705694,0,0,0,0,0,-0,0,0,0,0,0,0,-0,0,
0.7,0.675727,0.705693,0,0,0,0,0,-0,0,0,0,0,0,0,-0,0,
0.7,0.675726,0.705692,0,0,0,0,0,-0,0,0,0,0,0,0,-0,0,
0.7,0.675725,0.705691,0,0,0,0,0,-0,0,0,0,0,0,0,-0,0,
0.7,0.675725,0.70569,0,0,0,0,0,-0,0,0,0,0,0,0,-0,0,
0.7,0.675724,0.705689,0,0,0,0,0,-0,0,0,0,0,0,0,-0,0,
0.7,0.675723,0.705688,0,0,0,0,0,-0,0,0,0,0,0,0,-0,0,
0.7,0.675722,0.705686,0,0,0,0,0,-0,0,0,0,0,0,0,-0,0,
0.7,0.675722,0.705685,0,0,0,0,0,-0,0,0,0,0,0,0,-0,0,
0.7,0.675721,0.705684,0,0,0,0,0,-0,0,0,0,0,0,0,-0,0,
0.7,0.67572,0.705683,0,0,0,0,0,-0,0,0,0,0,0,0,-0,0,
0.7,0.67572,0.705682,0,0,0,0,0,-0,0,0,0,0,0,0,-0,0,
0.7,0.675719,0.705681,0,0,0,0,0,-0,0,0,0,0,0,0,-0,0,
0.7,0.675719,0.705679,0,0,0,0,0,-0,0,0,0,0,0,0,-0,0,
0.7,0.675718,0.705677,0,0,0,0,0,-0,0,0,0,0,0,0,-0,0,
0.7,0.675718,0.705674,0,0,0,0,0,-0,0,0,0,0,0,0,-0,0,
0.7,0.675717,0.705672,0,0,0,0,0,-0,0,0,0,0,0,0,-0,0,
0.7,0.675717,0.705669,0,0,0,0,0,-0,0,0,0,0,0,0,-0,0,
0.7,0.675716,0.705667,0,0,0,0,0,-0,0,0,0,0,0,0,-0,0,
0.7,0.675716,0.705665,0,0,0,0,0,-0,0,0,0,0,0,0,-0,0,
0.7,0.675715,0.705661,0,0,0,0,0,-0,0,0,0,0,0,0,-0,0,
0.7,0.675715,0.705659,0,0,0,0,0,-0,0,0,0,0,0,0,-0,0,
0.7,0.675714,0.705657,0,0,0,0,0,-0,0,0,0,0,0,0,-0,0,
0.7,0.675714,0.705654,0,0,0,0,0,-0,0,0,0,0,0,0,-0,0,
0.7,0.675713,0.705651,0,0,0,0,0,-0,0,0,0,0,0,0,-0,0,
0.7,0.675713,0.705649,0,0,0,0,0,-0,0,0,0,0,0,0,-0,0,
0.7,0.675713,0.705646,0,0,0,0,0,-0,0,0,0,0,0,0,-0,0,
0.7,0.675712,0.705644,0,0,0,0,0,-0,0,0,0,0,0,0,-0,0,
0.7,0.675712,0.705642,0,0,0,0,0,-0,0,0,0,0,0,0,-0,0,
0.7,0.675711,0.70564,0,0,0,0,0,-0,0,0,0,0,0,0,-0,0,
0.7,0.675711,0.705638,0,0,0,0,0,-0,0,0,0,0,0,0,-0,0,
0.7,0.67571,0.705635,0,0,0,0,0,-0,0,0,0,0,0,0,-0,0,
0.7,0.67571,0.705633,0,0,0,0,0,-0,0,0,0,0,0,0,-0,0,
0.7,0.675709,0.705631,0,0,0,0,0,-0,0,0,0,0,0,0,-0,0,
0.7,0.675709,0.705629,0,0,0,0,0,-0,0,0,0,0,0,0,-0,0,
0.7,0.675708,0.705627,0,0,0,0,0,-0,0,0,0,0,0,0,-0,0,
0.7,0.675708,0.705625,0,0,0,0,0,-0,0,0,0,0,0,0,-0,0,
0.7,0.675707,0.705624,0,0,0,0,0,-0,0,0,0,0,0,0,-0,0,
0.7,0.675706,0.705622,0,0,0,0,0,-0,0,0,0,0,0,0,-0,0,
0.7,0.675706,0.705621,0,0,0,0,0,-0,0,0,0,0,0,0,-0,0,
0.7,0.675705,0.705619,0,0,0,0,0,-0,0,0,0,0,0,0,-0,0,
0.7,0.675704,0.705616,0,0,0,0,0,-0,0,0,0,0,0,0,-0,0,
0.7,0.675704,0.705614,0,0,0,0,0,-0,0,0,0,0,0,0,-0,0,
0.7,0.675702,0.705613,0,0,0,0,0,-0,0,0,0,0,0,0,-0,0,
0.7,0.675702,0.705612,0,0,0,0,0,-0,0,0,0,0,0,0,-0,0,
0.7,0.675701,0.705611,0,0,0,0,0,-0,0,0,0,0,0,0,-0,0,
0.7,0.6757,0.70561,0,0,0,0,0,-0,0,0,0,0,0,0,-0,0,
0.7,0.6757,0.705609,0,0,0,0,0,-0,0,0,0,0,0,0,-0,0,
0.7,0.675699,0.705608,0,0,0,0,0,-0,0,0,0,0,0,0,-0,0,
0.7,0.675698,0.705606,0,0,0,0,0,-0,0,0,0,0,0,0,-0,0,
0.7,0.675698,0.705606,0,0,0,0,0,-0,0,0,0,0,0,0,-0,0,
0.7,0.675697,0.705605,0,0,0,0,0,-0,0,0,0,0,0,0,-0,0,
0.7,0.675696,0.705604,0,0,0,0,0,-0,0,0,0,0,0,0,-0,0,
0.7,0.675696,0.705603,0,0,0,0,0,-0,0,0,0,0,0,0,-0,0,
0.7,0.675695,0.705602,0,0,0,0,0,-0,0,0,0,0,0,0,-0,0,
0.7,0.675694,0.7056,0,0,0,0,0,-0,0,0,0,0,0,0,-0,0,
0.7,0.675694,0.705599,0,0,0,0,0,-0,0,0,0,0,0,0,-0,0,
0.7,0.675693,0.705598,0,0,0,0,0,-0,0,0,0,0,0,0,-0,0,
0.7,0.675692,0.705597,0,0,0,0,0,-0,0,0,0,0,0,0,-0,0,
0.7,0.675692,0.705596,0,0,0,0,0,-0,0,0,0,0,0,0,-0,0,
0.7,0.675691,0.705595,0,0,0,0,0,-0,0,0,0,0,0,0,-0,0,
0.7,0.675691,0.705594,0,0,0,0,0,-0,0,0,0,0,0,0,-0,0,
0.7,0.67569,0.705594,0,0,0,0,0,-0,0,0,0,0,0,0,-0,0,
0.7,0.675689,0.705593,0,0,0,0,0,-0,0,0,0,0,0,0,-0,0,
0.7,0.675689,0.705593,0,0,0,0,0,-0,0,0,0,0,0,0,-0,0,
0.7,0.675688,0.705592,0,0,0,0,0,-0,0,0,0,0,0,0,-0,0,
0.7,0.675688,0.705592,0,0,0,0,0,-0,0,0,0,0,0,0,-0,0,
0.7,0.675687,0.705591,0,0,0,0,0,-0,0,0,0,0,0,0,-0,0,
0.7,0.675686,0.705591,0,0,0,0,0,-0,0,0,0,0,0,0,-0,0,
0.7,0.675686,0.705591,0,0,0,0,0,-0,0,0,0,0,0,0,-0,0,
0.7,0.675685,0.70559,0,0,0,0,0,-0,0,0,0,0,0,0,-0,0,
0.7,0.675685,0.70559,0,0,0,0,0,-0,0,0,0,0,0,0,-0,0,
0.7,0.675684,0.70559,0,0,0,0,0,-0,0,0,0,0,0,0,-0,0,
0.7,0.675684,0.70559,0,0,0,0,0,-0,0,0,0,0,0,0,-0,0,
0.7,0.675683,0.70559,0,0,0,0,0,-0,0,0,0,0,0,0,-0,0,
0.7,0.675683,0.70559,0,0,0,0,0,-0,0,0,0,0,0,0,-0,0,
0.7,0.675682,0.705589,0,0,0,0,0,-0,0,0,0,0,0,0,-0,0,
0.7,0.675682,0.705589,0,0,0,0,0,-0,0,0,0,0,0,0,-0,0,
0.7,0.675681,0.705589,0,0,0,0,0,-0,0,0,0,0,0,0,-0,0,
0.7,0.675681,0.705589,0,0,0,0,0,-0,0,0,0,0,0,0,-0,0,
0.7,0.67568,0.705588,0,0,0,0,0,-0,0,0,0,0,0,0,-0,0,
0.7,0.67568,0.705588,0,0,0,0,0,-0,0,0,0,0,0,0,-0,0,
0.7,0.675679,0.705588,0,0,0,0,0,-0,0,0,0,0,0,0,-0,0,
0.7,0.675679,0.705588,0,0,0,0,0,-0,0,0,0,0,0,0,-0,0,
0.7,0.675678,0.705587,0,0,0,0,0,-0,0,0,0,0,0,0,-0,0,
0.7,0.675677,0.705587,0,0,0,0,0,-0,0,0,0,0,0,0,-0,0,
0.7,0.675677,0.705587,0,0,0,0,0,-0,0,0,0,0,0,0,-0,0,
0.7,0.675676,0.705587,0,0,0,0,0,-0,0,0,0,0,0,0,-0,0,
0.7,0.675676,0.705587,0,0,0,0,0,-0,0,0,0,0,0,0,-0,0,
0.7,0.675675,0.705586,0,0,0,0,0,-0,0,0,0,0,0,0,-0,0,
0.7,0.675675,0.705586,0,0,0,0,0,-0,0,0,0,0,0,0,-0,0,
0.7,0.675674,0.705586,0,0,0,0,0,-0,0,0,0,0,0,0,-0,0,
0.7,0.675674,0.705585,0,0,0,0,0,-0,0,0,0,0,0,0,-0,0,
0.7,0.675673,0.705585,0,0,0,0,0,-0,0,0,0,0,0,0,-0,0,
0.7,0.675673,0.705585,0,0,0,0,0,-0,0,0,0,0,0,0,-0,0,
0.7,0.675672,0.705585,0,0,0,0,0,-0,0,0,0,0,0,0,-0,0,
0.7,0.675672,0.705584,0,0,0,0,0,-0,0,0,0,0,0,0,-0,0,
0.7,0.675672,0.705584,0,0,0,0,0,-0,0,0,0,0,0,0,-0,0,
0.7,0.675671,0.705584,0,0,0,0,0,-0,0,0,0,0,0,0,-0,0,
0.7,0.675671,0.705583,0,0,0,0,0,-0,0,0,0,0,0,0,-0,0,
0.7,0.67567,0.705583,0,0,0,0,0,-0,0,0,0,0,0,0,-0,0,
0.7,0.67567,0.705583,0,0,0,0,0,-0,0,0,0,0,0,0,-0,0,
0.7,0.675669,0.705582,0,0,0,0,0,-0,0,0,0,0,0,0,-0,0,
0.7,0.675669,0.705582,0,0,0,0,0,-0,0,0,0,0,0,0,-0,0,
0.7,0.675669,0.705582,0,0,0,0,0,-0,0,0,0,0,0,0,-0,0,
0.7,0.675669,0.705581,0,0,0,0,0,-0,0,0,0,0,0,0,-0,0,
0.7,0.675668,0.705581,0,0,0,0,0,-0,0,0,0,0,0,0,-0,0,
0.7,0.675668,0.70558,0,0,0,0,0,-0,0,0,0,0,0,0,-0,0,
0.7,0.675668,0.70558,0,0,0,0,0,-0,0,0,0,0,0,0,-0,0,
0.7,0.675668,0.705579,0,0,0,0,0,-0,0,0,0,0,0,0,-0,0,
0.7,0.675668,0.705579,0,0,0,0,0,-0,0,0,0,0,0,0,-0,0,
0.7,0.675667,0.705578,0,0,0,0,0,-0,0,0,0,0,0,0,-0,0,
0.7,0.675667,0.705578,0,0,0,0,0,-0,0,0,0,0,0,0,-0,0,
0.7,0.675667,0.705577,0,0,0,0,0,-0,0,0,0,0,0,0,-0,0,
0.7,0.675667,0.705577,0,0,0,0,0,-0,0,0,0,0,0,0,-0,0,
0.7,0.675667,0.705576,0,0,0,0,0,-0,0,0,0,0,0,0,-0,0,
0.7,0.675666,0.705576,0,0,0,0,0,-0,0,0,0,0,0,0,-0,0,
0.7,0.675666,0.705575,0,0,0,0,0,-0,0,0,0,0,0,0,-0,0,
0.7,0.675665,0.705575,0,0,0,0,0,-0,0,0,0,0,0,0,-0,0,
0.7,0.675666,0.705573,0,0,0,0,0,-0,0,0,0,0,0,0,-0,0,
0.7,0.675666,0.705573,0,0,0,0,0,-0,0,0,0,0,0,0,-0,0,
0.7,0.675666,0.705572,0,0,0,0,0,-0,0,0,0,0,0,0,-0,0,
0.7,0.675665,0.705572,0,0,0,0,0,-0,0,0,0,0,0,0,-0,0,
0.7,0.675665,0.705571,0,0,0,0,0,-0,0,0,0,0,0,0,-0,0,
0.7,0.675665,0.70557,0,0,0,0,0,-0,0,0,0,0,0,0,-0,0,
0.7,0.675665,0.70557,0,0,0,0,0,-0,0,0,0,0,0,0,-0,0,
0.7,0.675665,0.705569,0,0,0,0,0,-0,0,0,0,0,0,0,-0,0,
0.7,0.675665,0.705568,0,0,0,0,0,-0,0,0,0,0,0,0,-0,0,
0.7,0.675665,0.705568,0,0,0,0,0,-0,0,0,0,0,0,0,-0,0,
0.7,0.675665,0.705567,0,0,0,0,0,-0,0,0,0,0,0,0,-0,0,
0.7,0.675665,0.705566,0,0,0,0,0,-0,0,0,0,0,0,0,-0,0,
0.7,0.675665,0.705565,0,0,0,0,0,-0,0,0,0,0,0,0,-0,0,
0.7,0.675665,0.705564,0,0,0,0,0,-0,0,0,0,0,0,0,-0,0,
0.7,0.675665,0.705563,0,0,0,0,0,-0,0,0,0,0,0,0,-0,0,
0.7,0.675666,0.705562,0,0,0,0,0,-0,0,0,0,0,0,0,-0,0,
0.7,0.675666,0.70556,0,0,0,0,0,-0,0,0,0,0,0,0,-0,0,
0.7,0.675666,0.705559,0,0,0,0,0,-0,0,0,0,0,0,0,-0,0,
0.7,0.675666,0.705557,0,0,0,0,0,-0,0,0,0,0,0,0,-0,0,
0.7,0.675667,0.705555,0,0,0,0,0,-0,0,0,0,0,0,0,-0,0,
0.7,0.675667,0.705552,0,0,0,0,0,-0,0,0,0,0,0,0,-0,0,
0.7,0.675668,0.70555,0,0,0,0,0,-0,0,0,0,0,0,0,-0,0,
0.7,0.675668,0.705548,0,0,0,0,0,-0,0,0,0,0,0,0,-0,0,
0.7,0.675668,0.705546,0,0,0,0,0,-0,0,0,0,0,0,0,-0,0,
0.7,0.675669,0.705544,0,0,0,0,0,-0,0,0,0,0,0,0,-0,0,
0.7,0.675669,0.705541,0,0,0,0,0,-0,0,0,0,0,0,0,-0,0,
0.7,0.67567,0.705538,0,0,0,0,0,-0,0,0,0,0,0,0,-0,0,
0.7,0.67567,0.705536,0,0,0,0,0,-0,0,0,0,0,0,0,-0,0,
0.7,0.675671,0.705534,0,0,0,0,0,-0,0,0,0,0,0,0,-0,0,
0.7,0.675672,0.705531,0,0,0,0,0,-0,0,0,0,0,0,0,-0,0,
0.7,0.675673,0.705529,0,0,0,0,0,-0,0,0,0,0,0,0,-0,0,
0.7,0.675674,0.705527,0,0,0,0,0,-0,0,0,0,0,0,0,-0,0,
0.7,0.675674,0.705526,0,0,0,0,0,-0,0,0,0,0,0,0,-0,0,
0.7,0.675675,0.705525,0,0,0,0,0,-0,0,0,0,0,0,0,-0,0,
0.7,0.675676,0.705523,0,0,0,0,0,-0,0,0,0,0,0,0,-0,0,
0.7,0.675677,0.705522,0,0,0,0,0,-0,0,0,0,0,0,0,-0,0,
0.7,0.675678,0.70552,0,0,0,0,0,-0,0,0,0,0,0,0,-0,0,
0.7,0.675679,0.705519,0,0,0,0,0,-0,0,0,0,0,0,0,-0,0,
0.7,0.67568,0.705518,0,0,0,0,0,-0,0,0,0,0,0,0,-0,0,
0.7,0.675681,0.705516,0,0,0,0,0,-0,0,0,0,0,0,0,-0,0,
0.7,0.675682,0.705515,0,0,0,0,0,-0,0,0,0,0,0,0,-0,0,
0.7,0.675683,0.705514,0,0,0,0,0,-0,0,0,0,0,0,0,-0,0,
0.7,0.675683,0.705512,0,0,0,0,0,-0,0,0,0,0,0,0,-0,0,
0.7,0.675684,0.70551,0,0,0,0,0,-0,0,0,0,0,0,0,-0,0,
0.7,0.675685,0.70551,0,0,0,0,0,-0,0,0,0,0,0,0,-0,0,
0.7,0.675685,0.705508,0,0,0,0,0,-0,0,0,0,0,0,0,-0,0,
0.7,0.675686,0.705507,0,0,0,0,0,-0,0,0,0,0,0,0,-0,0,
0.7,0.675686,0.705506,0,0,0,0,0,-0,0,0,0,0,0,0,-0,0,
0.7,0.675688,0.705505,0,0,0,0,0,-0,0,0,0,0,0,0,-0,0,
0.7,0.675688,0.705505,0,0,0,0,0,-0,0,0,0,0,0,0,-0,0,
0.7,0.675688,0.705505,0,0,0,0,0,-0,0,0,0,0,0,0,-0,0,
0.7,0.675689,0.705504,0,0,0,0,0,-0,0,0,0,0,0,0,-0,0,
0.7,0.675689,0.705503,0,0,0,0,0,-0,0,0,0,0,0,0,-0,0,
0.7,0.67569,0.705502,0,0,0,0,0,-0,0,0,0,0,0,0,-0,0,
0.7,0.67569,0.705501,0,0,0,0,0,-0,0,0,0,0,0,0,-0,0,
0.7,0.67569,0.705501,0,0,0,0,0,-0,0,0,0,0,0,0,-0,0,
0.7,0.67569,0.7055,0,0,0,0,0,-0,0,0,0,0,0,0,-0,0,
0.7,0.67569,0.705499,0,0,0,0,0,-0,0,0,0,0,0,0,-0,0,
0.7,0.67569,0.705498,0,0,0,0,0,-0,0,0,0,0,0,0,-0,0,
0.7,0.675691,0.705498,0,0,0,0,0,-0,0,0,0,0,0,0,-0,0,
0.7,0.675692,0.705497,0,0,0,0,0,-0,0,0,0,0,0,0,-0,0,
0.7,0.675692,0.705497,0,0,0,0,0,-0,0,0,0,0,0,0,-0,0,
0.7,0.675692,0.705496,0,0,0,0,0,-0,0,0,0,0,0,0,-0,0,
0.7,0.675693,0.705496,0,0,0,0,0,-0,0,0,0,0,0,0,-0,0,
0.7,0.675693,0.705495,0,0,0,0,0,-0,0,0,0,0,0,0,-0,0,
0.7,0.675694,0.705495,0,0,0,0,0,-0,0,0,0,0,0,0,-0,0,
0.7,0.675694,0.705494,0,0,0,0,0,-0,0,0,0,0,0,0,-0,0,
0.7,0.675695,0.705494,0,0,0,0,0,-0,0,0,0,0,0,0,-0,0,
0.7,0.675696,0.705494,0,0,0,0,0,-0,0,0,0,0,0,0,-0,0,
0.7,0.675696,0.705493,0,0,0,0,0,-0,0,0,0,0,0,0,-0,0,
0.7,0.675697,0.705493,0,0,0,0,0,-0,0,0,0,0,0,0,-0,0,
0.7,0.675697,0.705493,0,0,0,0,0,-0,0,0,0,0,0,0,-0,0,
0.7,0.675698,0.705493,0,0,0,0,0,-0,0,0,0,0,0,0,-0,0,
0.7,0.675698,0.705492,0,0,0,0,0,-0,0,0,0,0,0,0,-0,0,
0.7,0.675699,0.705492,0,0,0,0,0,-0,0,0,0,0,0,0,-0,0,
0.7,0.675699,0.705492,0,0,0,0,0,-0,0,0,0,0,0,0,-0,0,
0.7,0.6757,0.705491,0,0,0,0,0,-0,0,0,0,0,0,0,-0,0,
0.7,0.6757,0.705491,0,0,0,0,0,-0,0,0,0,0,0,0,-0,0,
0.7,0.675701,0.705491,0,0,0,0,0,-0,0,0,0,0,0,0,-0,0,
0.7,0.675701,0.705491,0,0,0,0,0,-0,0,0,0,0,0,0,-0,0,
0.7,0.675702,0.70549,0,0,0,0,0,-0,0,0,0,0,0,0,-0,0,
0.7,0.675702,0.70549,0,0,0,0,0,-0,0,0,0,0,0,0,-0,0,
0.7,0.675702,0.70549,0,0,0,0,0,-0,0,0,0,0,0,0,-0,0,
0.7,0.675703,0.70549,0,0,0,0,0,-0,0,0,0,0,0,0,-0,0,
0.7,0.675703,0.705489,0,0,0,0,0,-0,0,0,0,0,0,0,-0,0,
0.7,0.675704,0.705489,0,0,0,0,0,-0,0,0,0,0,0,0,-0,0,
0.7,0.675704,0.705489,0,0,0,0,0,-0,0,0,0,0,0,0,-0,0,
0.7,0.675704,0.705489,0,0,0,0,0,-0,0,0,0,0,0,0,-0,0,
0.7,0.675704,0.705489,0,0,0,0,0,-0,0,0,0,0,0,0,-0,0,
0.7,0.675704,0.705489,0,0,0,0,0,-0,0,0,0,0,0,0,-0,0,
0.7,0.675705,0.705488,0,0,0,0,0,-0,0,0,0,0,0,0,-0,0,
0.7,0.675705,0.705488,0,0,0,0,0,-0,0,0,0,0,0,0,-0,0,
0.7,0.675705,0.705488,0,0,0,0,0,-0,0,0,0,0,0,0,-0,0,
0.7,0.675705,0.705488,0,0,0,0,0,-0,0,0,0,0,0,0,-0,0,
0.7,0.675705,0.705487,0,0,0,0,0,-0,0,0,0,0,0,0,-0,0,
0.7,0.675704,0.705487,0,0,0,0,0,-0,0,0,0,0,0,0,-0,0,
0.7,0.675704,0.705487,0,0,0,0,0,-0,0,0,0,0,0,0,-0,0,
0.7,0.675704,0.705487,0,0,0,0,0,-0,0,0,0,0,0,0,-0,0,
0.7,0.675704,0.705486,0,0,0,0,0,-0,0,0,0,0,0,0,-0,0,
0.7,0.675704,0.705486,0,0,0,0,0,-0,0,0,0,0,0,0,-0,0,
0.7,0.675704,0.705486,0,0,0,0,0,-0,0,0,0,0,0,0,-0,0,
0.7,0.675704,0.705485,0,0,0,0,0,-0,0,0,0,0,0,0,-0,0,
0.7,0.675704,0.705485,0,0,0,0,0,-0,0,0,0,0,0,0,-0,0,
0.7,0.675704,0.705485,0,0,0,0,0,-0,0,0,0,0,0,0,-0,0,
0.7,0.675704,0.705485,0,0,0,0,0,-0,0,0,0,0,0,0,-0,0,
0.7,0.675704,0.705485,0,0,0,0,0,-0,0,0,0,0,0,0,-0,0,
0.7,0.675704,0.705484,0,0,0,0,0,-0,0,0,0,0,0,0,-0,0,
0.7,0.675704,0.705484,0,0,0,0,0,-0,0,0,0,0,0,0,-0,0,
0.7,0.675704,0.705484,0,0,0,0,0,-0,0,0,0,0,0,0,-0,0,
0.7,0.675705,0.705483,0,0,0,0,0,-0,0,0,0,0,0,0,-0,0,
0.7,0.675705,0.705483,0,0,0,0,0,-0,0,0,0,0,0,0,-0,0,
0.7,0.675705,0.705482,0,0,0,0,0,-0,0,0,0,0,0,0,-0,0,
0.7,0.675705,0.705482,0,0,0,0,0,-0,0,0,0,0,0,0,-0,0,
0.7,0.675705,0.705481,0,0,0,0,0,-0,0,0,0,0,0,0,-0,0,
0.7,0.675705,0.70548,0,0,0,0,0,-0,0,0,0,0,0,0,-0,0,
0.7,0.675706,0.70548,0,0,0,0,0,-0,0,0,0,0,0,0,-0,0,
0.7,0.675707,0.705479,0,0,0,0,0,-0,0,0,0,0,0,0,-0,0,
0.7,0.675708,0.705479,0,0,0,0,0,-0,0,0,0,0,0,0,-0,0,
0.7,0.675708,0.705478,0,0,0,0,0,-0,0,0,0,0,0,0,-0,0,
0.7,0.675709,0.705478,0,0,0,0,0,-0,0,0,0,0,0,0,-0,0,
0.7,0.675709,0.705477,0,0,0,0,0,-0,0,0,0,0,0,0,-0,0,
0.7,0.67571,0.705477,0,0,0,0,0,-0,0,0,0,0,0,0,-0,0,
0.7,0.67571,0.705476,0,0,0,0,0,-0,0,0,0,0,0,0,-0,0,
0.7,0.675711,0.705476,0,0,0,0,0,-0,0,0,0,0,0,0,-0,0,
0.7,0.675712,0.705475,0,0,0,0,0,-0,0,0,0,0,0,0,-0,0,
0.7,0.675713,0.705475,0,0,0,0,0,-0,0,0,0,0,0,0,-0,0,
0.7,0.675713,0.705475,0,0,0,0,0,-0,0,0,0,0,0,0,-0,0,
0.7,0.675714,0.705474,0,0,0,0,0,-0,0,0,0,0,0,0,-0,0,
0.7,0.675715,0.705474,0,0,0,0,0,-0,0,0,0,0,0,0,-0,0,
0.7,0.675716,0.705473,0,0,0,0,0,-0,0,0,0,0,0,0,-0,0,
0.7,0.675718,0.705472,0,0,0,0,0,-0,0,0,0,0,0,0,-0,0,
0.7,0.675719,0.705472,0,0,0,0,0,-0,0,0,0,0,0,0,-0,0,
0.7,0.67572,0.705471,0,0,0,0,0,-0,0,0,0,0,0,0,-0,0,
0.7,0.675722,0.705471,0,0,0,0,0,-0,0,0,0,0,0,0,-0,0,
0.7,0.675723,0.70547,0,0,0,0,0,-0,0,0,0,0,0,0,-0,0,
0.7,0.675724,0.70547,0,0,0,0,0,-0,0,0,0,0,0,0,-0,0,
0.7,0.675725,0.705469,0,0,0,0,0,-0,0,0,0,0,0,0,-0,0,
0.7,0.675726,0.705468,0,0,0,0,0,-0,0,0,0,0,0,0,-0,0,
0.7,0.675727,0.705468,0,0,0,0,0,-0,0,0,0,0,0,0,-0,0,
0.7,0.675729,0.705468,0,0,0,0,0,-0,0,0,0,0,0,0,-0,0,
0.7,0.67573,0.705467,0,0,0,0,0,-0,0,0,0,0,0,0,-0,0,
0.7,0.675731,0.705466,0,0,0,0,0,-0,0,0,0,0,0,0,-0,0,
0.7,0.675732,0.705466,0,0,0,0,0,-0,0,0,0,0,0,0,-0,0,
0.7,0.675733,0.705465,0,0,0,0,0,-0,0,0,0,0,0,0,-0,0,
0.7,0.675736,0.705465,0,0,0,0,0,-0,0,0,0,0,0,0,-0,0,
0.7,0.675737,0.705465,0,0,0,0,0,-0,0,0,0,0,0,0,-0,0,
0.7,0.675738,0.705464,0,0,0,0,0,-0,0,0,0,0,0,0,-0,0,
0.7,0.67574,0.705464,0,0,0,0,0,-0,0,0,0,0,0,0,-0,0,
0.7,0.675741,0.705464,0,0,0,0,0,-0,0,0,0,0,0,0,-0,0,
0.7,0.675742,0.705464,0,0,0,0,0,-0,0,0,0,0,0,0,-0,0,
0.7,0.675744,0.705463,0,0,0,0,0,-0,0,0,0,0,0,0,-0,0,
0.7,0.675745,0.705463,0,0,0,0,0,-0,0,0,0,0,0,0,-0,0,
0.7,0.675746,0.705463,0,0,0,0,0,-0,0,0,0,0,0,0,-0,0,
0.7,0.675748,0.705463,0,0,0,0,0,-0,0,0,0,0,0,0,-0,0,
0.7,0.675749,0.705462,0,0,0,0,0,-0,0,0,0,0,0,0,-0,0,
0.7,0.67575,0.705462,0,0,0,0,0,-0,0,0,0,0,0,0,-0,0,
0.7,0.675752,0.705462,0,0,0,0,0,-0,0,0,0,0,0,0,-0,0,
0.7,0.675753,0.705462,0,0,0,0,0,-0,0,0,0,0,0,0,-0,0,
0.7,0.675754,0.705462,0,0,0,0,0,-0,0,0,0,0,0,0,-0,0,
0.7,0.675755,0.705461,0,0,0,0,0,-0,0,0,0,0,0,0,-0,0,
0.7,0.675757,0.705461,0,0,0,0,0,-0,0,0,0,0,0,0,-0,0,
0.7,0.675758,0.705461,0,0,0,0,0,-0,0,0,0,0,0,0,-0,0,
0.7,0.675759,0.705461,0,0,0,0,0,-0,0,0,0,0,0,0,-0,0,
0.7,0.67576,0.70546,0,0,0,0,0,-0,0,0,0,0,0,0,-0,0,
0.7,0.675762,0.70546,0,0,0,0,0,-0,0,0,0,0,0,0,-0,0,
0.7,0.675763,0.70546,0,0,0,0,0,-0,0,0,0,0,0,0,-0,0,
0.7,0.675764,0.70546,0,0,0,0,0,-0,0,0,0,0,0,0,-0,0,
0.7,0.675765,0.70546,0,0,0,0,0,-0,0,0,0,0,0,0,-0,0,
0.7,0.675766,0.705459,0,0,0,0,0,-0,0,0,0,0,0,0,-0,0,
0.7,0.675767,0.705459,0,0,0,0,0,-0,0,0,0,0,0,0,-0,0,
0.7,0.675767,0.705459,0,0,0,0,0,-0,0,0,0,0,0,0,-0,0,
0.7,0.675768,0.705459,0,0,0,0,0,-0,0,0,0,0,0,0,-0,0,
0.7,0.675769,0.705458,0,0,0,0,0,-0,0,0,0,0,0,0,-0,0,
0.7,0.675769,0.705458,0,0,0,0,0,-0,0,0,0,0,0,0,-0,0,
0.7,0.67577,0.705458,0,0,0,0,0,-0,0,0,0,0,0,0,-0,0,
0.7,0.67577,0.705458,0,0,0,0,0,-0,0,0,0,0,0,0,-0,0,
0.7,0.67577,0.705458,0,0,0,0,0,-0,0,0,0,0,0,0,-0,0,
0.7,0.67577,0.705458,0,0,0,0,0,-0,0,0,0,0,0,0,-0,0,
0.7,0.67577,0.705457,0,0,0,0,0,-0,0,0,0,0,0,0,-0,0,
0.7,0.675771,0.705457,0,0,0,0,0,-0,0,0,0,0,0,0,-0,0,
0.7,0.675771,0.705457,0,0,0,0,0,-0,0,0,0,0,0,0,-0,0,
0.7,0.675771,0.705457,0,0,0,0,0,-0,0,0,0,0,0,0,-0,0,
0.7,0.675771,0.705457,0,0,0,0,0,-0,0,0,0,0,0,0,-0,0,
0.7,0.675771,0.705457,0,0,0,0,0,-0,0,0,0,0,0,0,-0,0,
0.7,0.675771,0.705457,0,0,0,0,0,-0,0,0,0,0,0,0,-0,0,
0.7,0.67577,0.705456,0,0,0,0,0,-0,0,0,0,0,0,0,-0,0,
0.7,0.67577,0.705456,0,0,0,0,0,-0,0,0,0,0,0,0,-0,0,
0.7,0.67577,0.705456,0,0,0,0,0,-0,0,0,0,0,0,0,-0,0,
0.7,0.67577,0.705455,0,0,0,0,0,-0,0,0,0,0,0,0,-0,0,
0.7,0.67577,0.705455,0,0,0,0,0,-0,0,0,0,0,0,0,-0,0,
0.7,0.67577,0.705455,0,0,0,0,0,-0,0,0,0,0,0,0,-0,0,
0.7,0.67577,0.705455,0,0,0,0,0,-0,0,0,0,0,0,0,-0,0,
0.7,0.67577,0.705454,0,0,0,0,0,-0,0,0,0,0,0,0,-0,0,
0.7,0.67577,0.705454,0,0,0,0,0,-0,0,0,0,0,0,0,-0,0,
0.7,0.67577,0.705454,0,0,0,0,0,-0,0,0,0,0,0,0,-0,0,
0.7,0.67577,0.705454,0,0,0,0,0,-0,0,0,0,0,0,0,-0,0,
0.7,0.67577,0.705453,0,0,0,0,0,-0,0,0,0,0,0,0,-0,0,
0.7,0.675769,0.705453,0,0,0,0,0,-0,0,0,0,0,0,0,-0,0,
0.7,0.675769,0.705453,0,0,0,0,0,-0,0,0,0,0,0,0,-0,0,
0.7,0.675769,0.705452,0,0,0,0,0,-0,0,0,0,0,0,0,-0,0,
0.7,0.675769,0.705452,0,0,0,0,0,-0,0,0,0,0,0,0,-0,0,
0.7,0.675768,0.705451,0,0,0,0,0,-0,0,0,0,0,0,0,-0,0,
0.7,0.675768,0.705451,0,0,0,0,0,-0,0,0,0,0,0,0,-0,0,
0.7,0.675768,0.705451,0,0,0,0,0,-0,0,0,0,0,0,0,-0,0,
0.7,0.675768,0.70545,0,0,0,0,0,-0,0,0,0,0,0,0,-0,0,
0.7,0.675768,0.70545,0,0,0,0,0,-0,0,0,0,0,0,0,-0,0,
0.7,0.675768,0.70545,0,0,0,0,0,-0,0,0,0,0,0,0,-0,0,
0.7,0.675768,0.70545,0,0,0,0,0,-0,0,0,0,0,0,0,-0,0,
0.7,0.675768,0.70545,0,0,0,0,0,-0,0,0,0,0,0,0,-0,0,
0.7,0.675768,0.70545,0,0,0,0,0,-0,0,0,0,0,0,0,-0,0,
0.7,0.675768,0.705449,0,0,0,0,0,-0,0,0,0,0,0,0,-0,0,
0.7,0.675768,0.705449,0,0,0,0,0,-0,0,0,0,0,0,0,-0,0,
0.7,0.675768,0.705449,0,0,0,0,0,-0,0,0,0,0,0,0,-0,0,
0.7,0.675768,0.705449,0,0,0,0,0,-0,0,0,0,0,0,0,-0,0,
0.7,0.675769,0.705448,0,0,0,0,0,-0,0,0,0,0,0,0,-0,0,
0.7,0.675769,0.705448,0,0,0,0,0,-0,0,0,0,0,0,0,-0,0,
0.7,0.675769,0.705447,0,0,0,0,0,-0,0,0,0,0,0,0,-0,0,
0.7,0.675769,0.705447,0,0,0,0,0,-0,0,0,0,0,0,0,-0,0,
0.7,0.67577,0.705447,0,0,0,0,0,-0,0,0,0,0,0,0,-0,0,
0.7,0.67577,0.705446,0,0,0,0,0,-0,0,0,0,0,0,0,-0,0,
0.7,0.67577,0.705446,0,0,0,0,0,-0,0,0,0,0,0,0,-0,0,
0.7,0.67577,0.705445,0,0,0,0,0,-0,0,0,0,0,0,0,-0,0,
0.7,0.67577,0.705445,0,0,0,0,0,-0,0,0,0,0,0,0,-0,0,
0.7,0.67577,0.705444,0,0,0,0,0,-0,0,0,0,0,0,0,-0,0,
0.7,0.67577,0.705444,0,0,0,0,0,-0,0,0,0,0,0,0,-0,0,
0.7,0.67577,0.705443,0,0,0,0,0,-0,0,0,0,0,0,0,-0,0,
0.7,0.675771,0.705443,0,0,0,0,0,-0,0,0,0,0,0,0,-0,0,
0.7,0.675771,0.705443,0,0,0,0,0,-0,0,0,0,0,0,0,-0,0,
0.7,0.675771,0.705442,0,0,0,0,0,-0,0,0,0,0,0,0,-0,0,
0.7,0.675771,0.705442,0,0,0,0,0,-0,0,0,0,0,0,0,-0,0,
0.7,0.675772,0.705442,0,0,0,0,0,-0,0,0,0,0,0,0,-0,0,
0.7,0.675772,0.705441,0,0,0,0,0,-0,0,0,0,0,0,0,-0,0,
0.7,0.675773,0.705441,0,0,0,0,0,-0,0,0,0,0,0,0,-0,0,
0.7,0.675773,0.70544,0,0,0,0,0,-0,0,0,0,0,0,0,-0,0,
0.7,0.675773,0.70544,0,0,0,0,0,-0,0,0,0,0,0,0,-0,0,
0.7,0.675774,0.705439,0,0,0,0,0,-0,0,0,0,0,0,0,-0,0,
0.7,0.675774,0.705439,0,0,0,0,0,-0,0,0,0,0,0,0,-0,0,
0.7,0.675775,0.705438,0,0,0,0,0,-0,0,0,0,0,0,0,-0,0,
0.7,0.675775,0.705438,0,0,0,0,0,-0,0,0,0,0,0,0,-0,0,
0.7,0.675776,0.705438,0,0,0,0,0,-0,0,0,0,0,0,0,-0,0,
0.7,0.675776,0.705437,0,0,0,0,0,-0,0,0,0,0,0,0,-0,0,
0.7,0.675777,0.705436,0,0,0,0,0,-0,0,0,0,0,0,0,-0,0,
0.7,0.675778,0.705436,0,0,0,0,0,-0,0,0,0,0,0,0,-0,0,
0.7,0.675778,0.705436,0,0,0,0,0,-0,0,0,0,0,0,0,-0,0,
0.7,0.675779,0.705435,0,0,0,0,0,-0,0,0,0,0,0,0,-0,0,
0.7,0.675779,0.705435,0,0,0,0,0,-0,0,0,0,0,0,0,-0,0,
0.7,0.67578,0.705434,0,0,0,0,0,-0,0,0,0,0,0,0,-0,0,
0.7,0.67578,0.705434,0,0,0,0,0,-0,0,0,0,0,0,0,-0,0,
0.7,0.675781,0.705432,0,0,0,0,0,-0,0,0,0,0,0,0,-0,0,
0.7,0.675782,0.705432,0,0,0,0,0,-0,0,0,0,0,0,0,-0,0,
0.7,0.675783,0.705431,0,0,0,0,0,-0,0,0,0,0,0,0,-0,0,
0.7,0.675784,0.705431,0,0,0,0,0,-0,0,0,0,0,0,0,-0,0,
0.7,0.675785,0.70543,0,0,0,0,0,-0,0,0,0,0,0,0,-0,0,
0.7,0.675786,0.705429,0,0,0,0,0,-0,0,0,0,0,0,0,-0,0,
0.7,0.675787,0.705429,0,0,0,0,0,-0,0,0,0,0,0,0,-0,0,
0.7,0.675788,0.705428,0,0,0,0,0,-0,0,0,0,0,0,0,-0,0,
0.7,0.675789,0.705427,0,0,0,0,0,-0,0,0,0,0,0,0,-0,0,
0.7,0.675789,0.705426,0,0,0,0,0,-0,0,0,0,0,0,0,-0,0,
0.7,0.67579,0.705426,0,0,0,0,0,-0,0,0,0,0,0,0,-0,0,
0.7,0.675792,0.705425,0,0,0,0,0,-0,0,0,0,0,0,0,-0,0,
0.7,0.675793,0.705424,0,0,0,0,0,-0,0,0,0,0,0,0,-0,0,
0.7,0.675794,0.705423,0,0,0,0,0,-0,0,0,0,0,0,0,-0,0,
0.7,0.675795,0.705422,0,0,0,0,0,-0,0,0,0,0,0,0,-0,0,
0.7,0.675796,0.705421,0,0,0,0,0,-0,0,0,0,0,0,0,-0,0,
0.7,0.675797,0.70542,0,0,0,0,0,-0,0,0,0,0,0,0,-0,0,
0.7,0.675798,0.705419,0,0,0,0,0,-0,0,0,0,0,0,0,-0,0,
0.7,0.6758,0.705418,0,0,0,0,0,-0,0,0,0,0,0,0,-0,0,
0.7,0.675801,0.705417,0,0,0,0,0,-0,0,0,0,0,0,0,-0,0,
0.7,0.675802,0.705414,0,0,0,0,0,-0,0,0,0,0,0,0,-0,0,
0.7,0.675803,0.705412,0,0,0,0,0,-0,0,0,0,0,0,0,-0,0,
0.7,0.675804,0.705407,0,0,0,0,0,-0,0,0,0,0,0,0,-0,0,
0.7,0.675805,0.705405,0,0,0,0,0,-0,0,0,0,0,0,0,-0,0,
0.7,0.675807,0.705402,0,0,0,0,0,-0,0,0,0,0,0,0,-0,0,
0.7,0.675808,0.7054,0,0,0,0,0,-0,0,0,0,0,0,0,-0,0,
0.7,0.675809,0.705399,0,0,0,0,0,-0,0,0,0,0,0,0,-0,0,
0.7,0.67581,0.705396,0,0,0,0,0,-0,0,0,0,0,0,0,-0,0,
0.7,0.675811,0.705394,0,0,0,0,0,-0,0,0,0,0,0,0,-0,0,
0.7,0.675812,0.705392,0,0,0,0,0,-0,0,0,0,0,0,0,-0,0,
0.7,0.675813,0.70539,0,0,0,0,0,-0,0,0,0,0,0,0,-0,0,
0.7,0.675814,0.705388,0,0,0,0,0,-0,0,0,0,0,0,0,-0,0,
0.7,0.675815,0.705387,0,0,0,0,0,-0,0,0,0,0,0,0,-0,0,
0.7,0.675816,0.705384,0,0,0,0,0,-0,0,0,0,0,0,0,-0,0,
0.7,0.675817,0.705383,0,0,0,0,0,-0,0,0,0,0,0,0,-0,0,
0.7,0.675818,0.705382,0,0,0,0,0,-0,0,0,0,0,0,0,-0,0,
0.7,0.675819,0.705381,0,0,0,0,0,-0,0,0,0,0,0,0,-0,0,
0.7,0.67582,0.70538,0,0,0,0,0,-0,0,0,0,0,0,0,-0,0,
0.7,0.675821,0.705379,0,0,0,0,0,-0,0,0,0,0,0,0,-0,0,
0.7,0.675822,0.705378,0,0,0,0,0,-0,0,0,0,0,0,0,-0,0,
0.7,0.675822,0.705377,0,0,0,0,0,-0,0,0,0,0,0,0,-0,0,
0.7,0.675822,0.705377,0,0,0,0,0,-0,0,0,0,0,0,0,-0,0,
0.7,0.675823,0.705375,0,0,0,0,0,-0,0,0,0,0,0,0,-0,0,
0.7,0.675823,0.705374,0,0,0,0,0,-0,0,0,0,0,0,0,-0,0,
0.7,0.675823,0.705373,0,0,0,0,0,-0,0,0,0,0,0,0,-0,0,
0.7,0.675824,0.705372,0,0,0,0,0,-0,0,0,0,0,0,0,-0,0,
0.7,0.675824,0.705371,0,0,0,0,0,-0,0,0,0,0,0,0,-0,0,
0.7,0.675824,0.705371,0,0,0,0,0,-0,0,0,0,0,0,0,-0,0,
0.7,0.675825,0.70537,0,0,0,0,0,-0,0,0,0,0,0,0,-0,0,
0.7,0.675825,0.705369,0,0,0,0,0,-0,0,0,0,0,0,0,-0,0,
0.7,0.675825,0.705368,0,0,0,0,0,-0,0,0,0,0,0,0,-0,0,
0.7,0.675826,0.705368,0,0,0,0,0,-0,0,0,0,0,0,0,-0,0,
0.7,0.675825,0.705367,0,0,0,0,0,-0,0,0,0,0,0,0,-0,0,
0.7,0.675826,0.705366,0,0,0,0,0,-0,0,0,0,0,0,0,-0,0,
0.7,0.675826,0.705365,0,0,0,0,0,-0,0,0,0,0,0,0,-0,0,
0.7,0.675826,0.705365,0,0,0,0,0,-0,0,0,0,0,0,0,-0,0,
0.7,0.675826,0.705364,0,0,0,0,0,-0,0,0,0,0,0,0,-0,0,
0.7,0.675826,0.705363,0,0,0,0,0,-0,0,0,0,0,0,0,-0,0,
0.7,0.675826,0.705362,0,0,0,0,0,-0,0,0,0,0,0,0,-0,0,
0.7,0.675826,0.705361,0,0,0,0,0,-0,0,0,0,0,0,0,-0,0,
0.7,0.675826,0.705361,0,0,0,0,0,-0,0,0,0,0,0,0,-0,0,
0.7,0.675825,0.70536,0,0,0,0,0,-0,0,0,0,0,0,0,-0,0,
0.7,0.675825,0.705359,0,0,0,0,0,-0,0,0,0,0,0,0,-0,0,
0.7,0.675825,0.705359,0,0,0,0,0,-0,0,0,0,0,0,0,-0,0,
0.7,0.675825,0.705358,0,0,0,0,0,-0,0,0,0,0,0,0,-0,0,
0.7,0.675825,0.705358,0,0,0,0,0,-0,0,0,0,0,0,0,-0,0,
0.7,0.675825,0.705357,0,0,0,0,0,-0,0,0,0,0,0,0,-0,0,
0.7,0.675825,0.705356,0,0,0,0,0,-0,0,0,0,0,0,0,-0,0,
0.7,0.675824,0.705356,0,0,0,0,0,-0,0,0,0,0,0,0,-0,0,
0.7,0.675824,0.705355,0,0,0,0,0,-0,0,0,0,0,0,0,-0,0,
0.7,0.675823,0.705355,0,0,0,0,0,-0,0,0,0,0,0,0,-0,0,
0.7,0.675823,0.705354,0,0,0,0,0,-0,0,0,0,0,0,0,-0,0,
0.7,0.675823,0.705354,0,0,0,0,0,-0,0,0,0,0,0,0,-0,0,
0.7,0.675823,0.705353,0,0,0,0,0,-0,0,0,0,0,0,0,-0,0,
0.7,0.675823,0.705353,0,0,0,0,0,-0,0,0,0,0,0,0,-0,0,
0.7,0.675822,0.705352,0,0,0,0,0,-0,0,0,0,0,0,0,-0,0,
0.7,0.675822,0.705352,0,0,0,0,0,-0,0,0,0,0,0,0,-0,0,
0.7,0.675822,0.705352,0,0,0,0,0,-0,0,0,0,0,0,0,-0,0,
0.7,0.675821,0.705351,0,0,0,0,0,-0,0,0,0,0,0,0,-0,0,
0.7,0.675821,0.705351,0,0,0,0,0,-0,0,0,0,0,0,0,-0,0,
0.7,0.675821,0.705351,0,0,0,0,0,-0,0,0,0,0,0,0,-0,0,
0.7,0.67582,0.705351,0,0,0,0,0,-0,0,0,0,0,0,0,-0,0,
0.7,0.67582,0.70535,0,0,0,0,0,-0,0,0,0,0,0,0,-0,0,
0.7,0.67582,0.70535,0,0,0,0,0,-0,0,0,0,0,0,0,-0,0,
0.7,0.67582,0.70535,0,0,0,0,0,-0,0,0,0,0,0,0,-0,0,
0.7,0.67582,0.705349,0,0,0,0,0,-0,0,0,0,0,0,0,-0,0,
0.7,0.675819,0.705349,0,0,0,0,0,-0,0,0,0,0,0,0,-0,0,
0.7,0.675819,0.705348,0,0,0,0,0,-0,0,0,0,0,0,0,-0,0,
0.7,0.675819,0.705348,0,0,0,0,0,-0,0,0,0,0,0,0,-0,0,
0.7,0.675819,0.705348,0,0,0,0,0,-0,0,0,0,0,0,0,-0,0,
0.7,0.675819,0.705347,0,0,0,0,0,-0,0,0,0,0,0,0,-0,0,
0.7,0.675819,0.705347,0,0,0,0,0,-0,0,0,0,0,0,0,-0,0,
0.7,0.675819,0.705346,0,0,0,0,0,-0,0,0,0,0,0,0,-0,0,
0.7,0.67582,0.705346,0,0,0,0,0,-0,0,0,0,0,0,0,-0,0,
0.7,0.67582,0.705346,0,0,0,0,0,-0,0,0,0,0,0,0,-0,0,
0.7,0.67582,0.705346,0,0,0,0,0,-0,0,0,0,0,0,0,-0,0,
0.7,0.67582,0.705345,0,0,0,0,0,-0,0,0,0,0,0,0,-0,0,
0.7,0.675821,0.705345,0,0,0,0,0,-0,0,0,0,0,0,0,-0,0,
0.7,0.675821,0.705345,0,0,0,0,0,-0,0,0,0,0,0,0,-0,0,
0.7,0.675821,0.705344,0,0,0,0,0,-0,0,0,0,0,0,0,-0,0,
0.7,0.675822,0.705344,0,0,0,0,0,-0,0,0,0,0,0,0,-0,0,
0.7,0.675822,0.705344,0,0,0,0,0,-0,0,0,0,0,0,0,-0,0,
0.7,0.675822,0.705343,0,0,0,0,0,-0,0,0,0,0,0,0,-0,0,
0.7,0.675822,0.705342,0,0,0,0,0,-0,0,0,0,0,0,0,-0,0,
0.7,0.675823,0.705342,0,0,0,0,0,-0,0,0,0,0,0,0,-0,0,
0.7,0.675823,0.705342,0,0,0,0,0,-0,0,0,0,0,0,0,-0,0,
0.7,0.675823,0.705341,0,0,0,0,0,-0,0,0,0,0,0,0,-0,0,
0.7,0.675823,0.705341,0,0,0,0,0,-0,0,0,0,0,0,0,-0,0,
0.7,0.675823,0.70534,0,0,0,0,0,-0,0,0,0,0,0,0,-0,0,
0.7,0.675823,0.70534,0,0,0,0,0,-0,0,0,0,0,0,0,-0,0,
0.7,0.675824,0.705339,0,0,0,0,0,-0,0,0,0,0,0,0,-0,0,
0.7,0.675824,0.705339,0,0,0,0,0,-0,0,0,0,0,0,0,-0,0,
0.7,0.675824,0.705338,0,0,0,0,0,-0,0,0,0,0,0,0,-0,0,
0.7,0.675824,0.705338,0,0,0,0,0,-0,0,0,0,0,0,0,-0,0,
0.7,0.675824,0.705337,0,0,0,0,0,-0,0,0,0,0,0,0,-0,0,
0.7,0.675825,0.705336,0,0,0,0,0,-0,0,0,0,0,0,0,-0,0,
0.7,0.675825,0.705336,0,0,0,0,0,-0,0,0,0,0,0,0,-0,0,
0.7,0.675825,0.705336,0,0,0,0,0,-0,0,0,0,0,0,0,-0,0,
0.7,0.675826,0.705335,0,0,0,0,0,-0,0,0,0,0,0,0,-0,0,
0.7,0.675826,0.705335,0,0,0,0,0,-0,0,0,0,0,0,0,-0,0,
0.7,0.675826,0.705334,0,0,0,0,0,-0,0,0,0,0,0,0,-0,0,
0.7,0.675826,0.705334,0,0,0,0,0,-0,0,0,0,0,0,0,-0,0,
0.7,0.675826,0.705334,0,0,0,0,0,-0,0,0,0,0,0,0,-0,0,
0.7,0.675826,0.705333,0,0,0,0,0,-0,0,0,0,0,0,0,-0,0,
0.7,0.675826,0.705333,0,0,0,0,0,-0,0,0,0,0,0,0,-0,0,
0.7,0.675826,0.705333,0,0,0,0,0,-0,0,0,0,0,0,0,-0,0,
0.7,0.675826,0.705332,0,0,0,0,0,-0,0,0,0,0,0,0,-0,0,
0.7,0.675827,0.705332,0,0,0,0,0,-0,0,0,0,0,0,0,-0,0,
0.7,0.675827,0.705331,0,0,0,0,0,-0,0,0,0,0,0,0,-0,0,
0.7,0.675827,0.705331,0,0,0,0,0,-0,0,0,0,0,0,0,-0,0,
0.7,0.675828,0.705331,0,0,0,0,0,-0,0,0,0,0,0,0,-0,0,
0.7,0.675828,0.70533,0,0,0,0,0,-0,0,0,0,0,0,0,-0,0,
0.7,0.675828,0.70533,0,0,0,0,0,-0,0,0,0,0,0,0,-0,0,
0.7,0.675829,0.705329,0,0,0,0,0,-0,0,0,0,0,0,0,-0,0,
0.7,0.675829,0.705329,0,0,0,0,0,-0,0,0,0,0,0,0,-0,0,
0.7,0.67583,0.705329,0,0,0,0,0,-0,0,0,0,0,0,0,-0,0,
0.7,0.67583,0.705328,0,0,0,0,0,-0,0,0,0,0,0,0,-0,0,
0.7,0.675831,0.705328,0,0,0,0,0,-0,0,0,0,0,0,0,-0,0,
0.7,0.675831,0.705327,0,0,0,0,0,-0,0,0,0,0,0,0,-0,0,
0.7,0.675832,0.705327,0,0,0,0,0,-0,0,0,0,0,0,0,-0,0,
0.7,0.675832,0.705326,0,0,0,0,0,-0,0,0,0,0,0,0,-0,0,
0.7,0.675833,0.705326,0,0,0,0,0,-0,0,0,0,0,0,0,-0,0,
0.7,0.675834,0.705325,0,0,0,0,0,-0,0,0,0,0,0,0,-0,0,
0.7,0.675834,0.705325,0,0,0,0,0,-0,0,0,0,0,0,0,-0,0,
0.7,0.675835,0.705325,0,0,0,0,0,-0,0,0,0,0,0,0,-0,0,
0.7,0.675836,0.705324,0,0,0,0,0,-0,0,0,0,0,0,0,-0,0,
0.7,0.675837,0.705324,0,0,0,0,0,-0,0,0,0,0,0,0,-0,0,
0.7,0.675838,0.705323,0,0,0,0,0,-0,0,0,0,0,0,0,-0,0,
0.7,0.675839,0.705323,0,0,0,0,0,-0,0,0,0,0,0,0,-0,0,
0.7,0.675841,0.705322,0,0,0,0,0,-0,0,0,0,0,0,0,-0,0,
0.7,0.675842,0.705322,0,0,0,0,0,-0,0,0,0,0,0,0,-0,0,
0.7,0.675842,0.705322,0,0,0,0,0,-0,0,0,0,0,0,0,-0,0,
0.7,0.675844,0.705322,0,0,0,0,0,-0,0,0,0,0,0,0,-0,0,
0.7,0.675844,0.705321,0,0,0,0,0,-0,0,0,0,0,0,0,-0,0,
0.7,0.675845,0.705321,0,0,0,0,0,-0,0,0,0,0,0,0,-0,0,
0.7,0.675846,0.705321,0,0,0,0,0,-0,0,0,0,0,0,0,-0,0,
0.7,0.675847,0.70532,0,0,0,0,0,-0,0,0,0,0,0,0,-0,0,
0.7,0.675848,0.70532,0,0,0,0,0,-0,0,0,0,0,0,0,-0,0,
0.7,0.67585,0.705319,0,0,0,0,0,-0,0,0,0,0,0,0,-0,0,
0.7,0.675852,0.705319,0,0,0,0,0,-0,0,0,0,0,0,0,-0,0,
0.7,0.675854,0.705318,0,0,0,0,0,-0,0,0,0,0,0,0,-0,0,
0.7,0.675856,0.705318,0,0,0,0,0,-0,0,0,0,0,0,0,-0,0,
0.7,0.675858,0.705317,0,0,0,0,0,-0,0,0,0,0,0,0,-0,0,
0.7,0.67586,0.705317,0,0,0,0,0,-0,0,0,0,0,0,0,-0,0,
0.7,0.675862,0.705316,0,0,0,0,0,-0,0,0,0,0,0,0,-0,0,
0.7,0.675864,0.705316,0,0,0,0,0,-0,0,0,0,0,0,0,-0,0,
0.7,0.675867,0.705315,0,0,0,0,0,-0,0,0,0,0,0,0,-0,0,
0.7,0.675869,0.705315,0,0,0,0,0,-0,0,0,0,0,0,0,-0,0,
0.7,0.675871,0.705314,0,0,0,0,0,-0,0,0,0,0,0,0,-0,0,
0.7,0.675873,0.705314,0,0,0,0,0,-0,0,0,0,0,0,0,-0,0,
0.7,0.675875,0.705313,0,0,0,0,0,-0,0,0,0,0,0,0,-0,0,
0.7,0.675876,0.705312,0,0,0,0,0,-0,0,0,0,0,0,0,-0,0,
0.7,0.675878,0.705312,0,0,0,0,0,-0,0,0,0,0,0,0,-0,0,
0.7,0.67588,0.705311,0,0,0,0,0,-0,0,0,0,0,0,0,-0,0,
0.7,0.675881,0.70531,0,0,0,0,0,-0,0,0,0,0,0,0,-0,0,
0.7,0.675883,0.705309,0,0,0,0,0,-0,0,0,0,0,0,0,-0,0,
0.7,0.675884,0.705309,0,0,0,0,0,-0,0,0,0,0,0,0,-0,0,
0.7,0.675885,0.705307,0,0,0,0,0,-0,0,0,0,0,0,0,-0,0,
0.7,0.675888,0.705306,0,0,0,0,0,-0,0,0,0,0,0,0,-0,0,
0.7,0.675889,0.705305,0,0,0,0,0,-0,0,0,0,0,0,0,-0,0,
0.7,0.67589,0.705304,0,0,0,0,0,-0,0,0,0,0,0,0,-0,0,
0.7,0.675891,0.705304,0,0,0,0,0,-0,0,0,0,0,0,0,-0,0,
0.7,0.675891,0.705303,0,0,0,0,0,-0,0,0,0,0,0,0,-0,0,
0.7,0.675892,0.705302,0,0,0,0,0,-0,0,0,0,0,0,0,-0,0,
0.7,0.675893,0.705301,0,0,0,0,0,-0,0,0,0,0,0,0,-0,0,
0.7,0.675894,0.7053,0,0,0,0,0,-0,0,0,0,0,0,0,-0,0,
0.7,0.675894,0.705299,0,0,0,0,0,-0,0,0,0,0,0,0,-0,0,
0.7,0.675895,0.705298,0,0,0,0,0,-0,0,0,0,0,0,0,-0,0,
0.7,0.675896,0.705298,0,0,0,0,0,-0,0,0,0,0,0,0,-0,0,
0.7,0.675896,0.705297,0,0,0,0,0,-0,0,0,0,0,0,0,-0,0,
0.7,0.675897,0.705296,0,0,0,0,0,-0,0,0,0,0,0,0,-0,0,
0.7,0.675897,0.705295,0,0,0,0,0,-0,0,0,0,0,0,0,-0,0,
0.7,0.675898,0.705295,0,0,0,0,0,-0,0,0,0,0,0,0,-0,0,
0.7,0.675898,0.705294,0,0,0,0,0,-0,0,0,0,0,0,0,-0,0,
0.7,0.675899,0.705293,0,0,0,0,0,-0,0,0,0,0,0,0,-0,0,
0.7,0.6759,0.705292,0,0,0,0,0,-0,0,0,0,0,0,0,-0,0,
0.7,0.6759,0.705291,0,0,0,0,0,-0,0,0,0,0,0,0,-0,0,
0.7,0.675901,0.705291,0,0,0,0,0,-0,0,0,0,0,0,0,-0,0,
0.7,0.675903,0.70529,0,0,0,0,0,-0,0,0,0,0,0,0,-0,0,
0.7,0.675904,0.705289,0,0,0,0,0,-0,0,0,0,0,0,0,-0,0,
0.7,0.675905,0.705288,0,0,0,0,0,-0,0,0,0,0,0,0,-0,0,
0.7,0.675906,0.705288,0,0,0,0,0,-0,0,0,0,0,0,0,-0,0,
0.7,0.675907,0.705287,0,0,0,0,0,-0,0,0,0,0,0,0,-0,0,
0.7,0.675908,0.705286,0,0,0,0,0,-0,0,0,0,0,0,0,-0,0,
0.7,0.67591,0.705286,0,0,0,0,0,-0,0,0,0,0,0,0,-0,0,
0.7,0.675911,0.705285,0,0,0,0,0,-0,0,0,0,0,0,0,-0,0,
0.7,0.675912,0.705284,0,0,0,0,0,-0,0,0,0,0,0,0,-0,0,
0.7,0.675914,0.705283,0,0,0,0,0,-0,0,0,0,0,0,0,-0,0,
0.7,0.675915,0.705282,0,0,0,0,0,-0,0,0,0,0,0,0,-0,0,
0.7,0.675917,0.705282,0,0,0,0,0,-0,0,0,0,0,0,0,-0,0,
0.7,0.675918,0.705281,0,0,0,0,0,-0,0,0,0,0,0,0,-0,0,
0.7,0.675919,0.70528,0,0,0,0,0,-0,0,0,0,0,0,0,-0,0,
0.7,0.675921,0.705279,0,0,0,0,0,-0,0,0,0,0,0,0,-0,0,
0.7,0.675922,0.705278,0,0,0,0,0,-0,0,0,0,0,0,0,-0,0,
0.7,0.675924,0.705277,0,0,0,0,0,-0,0,0,0,0,0,0,-0,0,
0.7,0.675925,0.705277,0,0,0,0,0,-0,0,0,0,0,0,0,-0,0,
0.7,0.675927,0.705276,0,0,0,0,0,-0,0,0,0,0,0,0,-0,0,
0.7,0.675929,0.705275,0,0,0,0,0,-0,0,0,0,0,0,0,-0,0,
0.7,0.67593,0.705274,0,0,0,0,0,-0,0,0,0,0,0,0,-0,0,
0.7,0.675932,0.705273,0,0,0,0,0,-0,0,0,0,0,0,0,-0,0,
0.7,0.675934,0.705272,0,0,0,0,0,-0,0,0,0,0,0,0,-0,0,
0.7,0.675935,0.705271,0,0,0,0,0,-0,0,0,0,0,0,0,-0,0,
0.7,0.675937,0.70527,0,0,0,0,0,-0,0,0,0,0,0,0,-0,0,
0.7,0.675938,0.705269,0,0,0,0,0,-0,0,0,0,0,0,0,-0,0,
0.7,0.67594,0.705267,0,0,0,0,0,-0,0,0,0,0,0,0,-0,0,
0.7,0.675943,0.705266,0,0,0,0,0,-0,0,0,0,0,0,0,-0,0,
0.7,0.675945,0.705266,0,0,0,0,0,-0,0,0,0,0,0,0,-0,0,
0.7,0.675947,0.705265,0,0,0,0,0,-0,0,0,0,0,0,0,-0,0,
0.7,0.675949,0.705264,0,0,0,0,0,-0,0,0,0,0,0,0,-0,0,
0.7,0.675951,0.705263,0,0,0,0,0,-0,0,0,0,0,0,0,-0,0,
0.7,0.675952,0.705263,0,0,0,0,0,-0,0,0,0,0,0,0,-0,0,
0.7,0.675955,0.705263,0,0,0,0,0,-0,0,0,0,0,0,0,-0,0,
0.7,0.675956,0.705262,0,0,0,0,0,-0,0,0,0,0,0,0,-0,0,
0.7,0.675958,0.705262,0,0,0,0,0,-0,0,0,0,0,0,0,-0,0,
0.7,0.67596,0.705261,0,0,0,0,0,-0,0,0,0,0,0,0,-0,0,
0.7,0.675962,0.70526,0,0,0,0,0,-0,0,0,0,0,0,0,-0,0,
0.7,0.675963,0.70526,0,0,0,0,0,-0,0,0,0,0,0,0,-0,0,
0.7,0.675964,0.70526,0,0,0,0,0,-0,0,0,0,0,0,0,-0,0,
0.7,0.675966,0.705259,0,0,0,0,0,-0,0,0,0,0,0,0,-0,0,
0.7,0.675966,0.705259,0,0,0,0,0,-0,0,0,0,0,0,0,-0,0,
0.7,0.675968,0.705259,0,0,0,0,0,-0,0,0,0,0,0,0,-0,0,
0.7,0.675968,0.705259,0,0,0,0,0,-0,0,0,0,0,0,0,-0,0,
0.7,0.675969,0.705258,0,0,0,0,0,-0,0,0,0,0,0,0,-0,0,
0.7,0.67597,0.705258,0,0,0,0,0,-0,0,0,0,0,0,0,-0,0,
0.7,0.675971,0.705258,0,0,0,0,0,-0,0,0,0,0,0,0,-0,0,
0.7,0.675971,0.705258,0,0,0,0,0,-0,0,0,0,0,0,0,-0,0,
0.7,0.675972,0.705258,0,0,0,0,0,-0,0,0,0,0,0,0,-0,0,
0.7,0.675973,0.705257,0,0,0,0,0,-0,0,0,0,0,0,0,-0,0,
0.7,0.675974,0.705257,0,0,0,0,0,-0,0,0,0,0,0,0,-0,0,
0.7,0.675975,0.705257,0,0,0,0,0,-0,0,0,0,0,0,0,-0,0,
0.7,0.675976,0.705256,0,0,0,0,0,-0,0,0,0,0,0,0,-0,0,
0.7,0.675976,0.705256,0,0,0,0,0,-0,0,0,0,0,0,0,-0,0,
0.7,0.675977,0.705256,0,0,0,0,0,-0,0,0,0,0,0,0,-0,0,
0.7,0.675978,0.705256,0,0,0,0,0,-0,0,0,0,0,0,0,-0,0,
0.7,0.675979,0.705255,0,0,0,0,0,-0,0,0,0,0,0,0,-0,0,
0.7,0.675979,0.705255,0,0,0,0,0,-0,0,0,0,0,0,0,-0,0,
0.7,0.67598,0.705255,0,0,0,0,0,-0,0,0,0,0,0,0,-0,0,
0.7,0.67598,0.705255,0,0,0,0,0,-0,0,0,0,0,0,0,-0,0,
0.7,0.675981,0.705255,0,0,0,0,0,-0,0,0,0,0,0,0,-0,0,
0.7,0.675982,0.705255,0,0,0,0,0,-0,0,0,0,0,0,0,-0,0,
0.7,0.675982,0.705255,0,0,0,0,0,-0,0,0,0,0,0,0,-0,0,
0.7,0.675982,0.705254,0,0,0,0,0,-0,0,0,0,0,0,0,-0,0,
0.7,0.675983,0.705254,0,0,0,0,0,-0,0,0,0,0,0,0,-0,0,
0.7,0.675983,0.705254,0,0,0,0,0,-0,0,0,0,0,0,0,-0,0,
0.7,0.675983,0.705254,0,0,0,0,0,-0,0,0,0,0,0,0,-0,0,
0.7,0.675984,0.705253,0,0,0,0,0,-0,0,0,0,0,0,0,-0,0,
0.7,0.675984,0.705253,0,0,0,0,0,-0,0,0,0,0,0,0,-0,0,
0.7,0.675985,0.705253,0,0,0,0,0,-0,0,0,0,0,0,0,-0,0,
0.7,0.675985,0.705253,0,0,0,0,0,-0,0,0,0,0,0,0,-0,0,
0.7,0.675986,0.705253,0,0,0,0,0,-0,0,0,0,0,0,0,-0,0,
0.7,0.675986,0.705253,0,0,0,0,0,-0,0,0,0,0,0,0,-0,0,
0.7,0.675987,0.705253,0,0,0,0,0,-0,0,0,0,0,0,0,-0,0,
0.7,0.675988,0.705253,0,0,0,0,0,-0,0,0,0,0,0,0,-0,0,
0.7,0.675989,0.705252,0,0,0,0,0,-0,0,0,0,0,0,0,-0,0,
0.7,0.67599,0.705253,0,0,0,0,0,-0,0,0,0,0,0,0,-0,0,
0.7,0.67599,0.705252,0,0,0,0,0,-0,0,0,0,0,0,0,-0,0,
0.7,0.675991,0.705252,0,0,0,0,0,-0,0,0,0,0,0,0,-0,0,
0.7,0.675992,0.705252,0,0,0,0,0,-0,0,0,0,0,0,0,-0,0,
0.7,0.675993,0.705252,0,0,0,0,0,-0,0,0,0,0,0,0,-0,0,
0.7,0.675994,0.705252,0,0,0,0,0,-0,0,0,0,0,0,0,-0,0,
0.7,0.675995,0.705252,0,0,0,0,0,-0,0,0,0,0,0,0,-0,0,
0.7,0.675997,0.705252,0,0,0,0,0,-0,0,0,0,0,0,0,-0,0,
0.7,0.675998,0.705252,0,0,0,0,0,-0,0,0,0,0,0,0,-0,0,
0.7,0.676,0.705252,0,0,0,0,0,-0,0,0,0,0,0,0,-0,0,
0.7,0.676001,0.705252,0,0,0,0,0,-0,0,0,0,0,0,0,-0,0,
0.7,0.676003,0.705252,0,0,0,0,0,-0,0,0,0,0,0,0,-0,0,
0.7,0.676006,0.705251,0,0,0,0,0,-0,0,0,0,0,0,0,-0,0,
0.7,0.676008,0.705251,0,0,0,0,0,-0,0,0,0,0,0,0,-0,0,
0.7,0.676009,0.705251,0,0,0,0,0,-0,0,0,0,0,0,0,-0,0,
0.7,0.676011,0.705251,0,0,0,0,0,-0,0,0,0,0,0,0,-0,0,
0.7,0.676013,0.705251,0,0,0,0,0,-0,0,0,0,0,0,0,-0,0,
0.7,0.676015,0.705251,0,0,0,0,0,-0,0,0,0,0,0,0,-0,0,
0.7,0.676017,0.705251,0,0,0,0,0,-0,0,0,0,0,0,0,-0,0,
0.7,0.676018,0.705251,0,0,0,0,0,-0,0,0,0,0,0,0,-0,0,
0.7,0.676021,0.705251,0,0,0,0,0,-0,0,0,0,0,0,0,-0,0,
0.7,0.67602,0.705251,0,0,0,0,0,-0,0,0,0,0,0,0,-0,0,
0.7,0.676022,0.70525,0,0,0,0,0,-0,0,0,0,0,0,0,-0,0,
0.7,0.676024,0.70525,0,0,0,0,0,-0,0,0,0,0,0,0,-0,0,
0.7,0.676027,0.70525,0,0,0,0,0,-0,0,0,0,0,0,0,-0,0,
0.7,0.676029,0.70525,0,0,0,0,0,-0,0,0,0,0,0,0,-0,0,
0.7,0.67603,0.70525,0,0,0,0,0,-0,0,0,0,0,0,0,-0,0,
0.7,0.676032,0.70525,0,0,0,0,0,-0,0,0,0,0,0,0,-0,0,
0.7,0.676034,0.70525,0,0,0,0,0,-0,0,0,0,0,0,0,-0,0,
0.7,0.676035,0.70525,0,0,0,0,0,-0,0,0,0,0,0,0,-0,0,
0.7,0.676036,0.70525,0,0,0,0,0,-0,0,0,0,0,0,0,-0,0,
0.7,0.676037,0.70525,0,0,0,0,0,-0,0,0,0,0,0,0,-0,0,
0.7,0.676038,0.705249,0,0,0,0,0,-0,0,0,0,0,0,0,-0,0,
0.7,0.676039,0.705249,0,0,0,0,0,-0,0,0,0,0,0,0,-0,0,
0.7,0.67604,0.705249,0,0,0,0,0,-0,0,0,0,0,0,0,-0,0,
0.7,0.676041,0.705249,0,0,0,0,0,-0,0,0,0,0,0,0,-0,0,
0.7,0.676041,0.705249,0,0,0,0,0,-0,0,0,0,0,0,0,-0,0,
0.7,0.676043,0.705249,0,0,0,0,0,-0,0,0,0,0,0,0,-0,0,
0.7,0.676043,0.705249,0,0,0,0,0,-0,0,0,0,0,0,0,-0,0,
0.7,0.676043,0.705249,0,0,0,0,0,-0,0,0,0,0,0,0,-0,0,
0.7,0.676044,0.705249,0,0,0,0,0,-0,0,0,0,0,0,0,-0,0,
0.7,0.676044,0.705249,0,0,0,0,0,-0,0,0,0,0,0,0,-0,0,
0.7,0.676045,0.705249,0,0,0,0,0,-0,0,0,0,0,0,0,-0,0,
0.7,0.676045,0.705249,0,0,0,0,0,-0,0,0,0,0,0,0,-0,0,
