p,i,d,error,error_sum,prev_error,control_singal
750,105.5,80,0.270296,0.000270296,0.270296,202.751
750,105.5,80,0.270289,0.000622946,0.270289,202.738
750,105.5,80,0.270285,0.000912579,0.270285,202.805
750,105.5,80,0.270281,0.00127477,0.270281,202.858
750,105.5,80,0.270274,0.00169892,0.270274,202.906
750,105.5,80,0.27027,0.00203143,0.27027,202.932
750,105.5,80,0.270264,0.00250417,0.270264,202.976
750,105.5,80,0.270261,0.00289461,0.270261,203.054
750,105.5,80,0.270256,0.00330997,0.270256,203.143
750,105.5,80,0.270254,0.00364519,0.270254,203.196
750,105.5,80,0.270252,0.00397209,0.270252,203.253
750,105.5,80,0.270248,0.00437312,0.270248,203.394
750,105.5,80,0.270246,0.00474411,0.270246,203.442
750,105.5,80,0.270241,0.00518899,0.270241,203.499
750,105.5,80,0.270238,0.0055288,0.270238,203.602
750,105.5,80,0.270235,0.00584359,0.270235,203.647
750,105.5,80,0.270227,0.00626864,0.270227,203.8
750,105.5,80,0.270223,0.00657372,0.270223,203.792
750,105.5,80,0.270218,0.00695715,0.270218,203.846
750,105.5,80,0.270206,0.00734815,0.270206,203.917
750,105.5,80,0.270199,0.00773888,0.270199,203.924
750,105.5,80,0.270187,0.00816601,0.270187,204.017
750,105.5,80,0.27018,0.00850731,0.27018,204.01
750,105.5,80,0.270168,0.00897563,0.270168,204.037
750,105.5,80,0.270162,0.00935791,0.270162,204.159
750,105.5,80,0.270151,0.00978702,0.270151,204.291
750,105.5,80,0.270146,0.0101751,0.270146,204.29
750,105.5,80,0.270137,0.0106052,0.270137,204.415
750,105.5,80,0.270132,0.0109873,0.270132,204.397
750,105.5,80,0.270123,0.0114058,0.270123,204.5
750,105.5,80,0.270119,0.0117912,0.270119,204.485
750,105.5,80,0.270113,0.0122178,0.270113,204.577
750,105.5,80,0.270112,0.0125725,0.270112,204.56
750,105.5,80,0.270109,0.0130075,0.270109,204.567
750,105.5,80,0.270108,0.0133101,0.270108,204.625
750,105.5,80,0.270105,0.0136211,0.270105,204.634
750,105.5,80,0.270102,0.0139443,0.270102,204.632
750,105.5,80,0.27009,0.0143476,0.27009,204.715
750,105.5,80,0.270084,0.0146597,0.270084,204.677
750,105.5,80,0.270078,0.0149883,0.270078,204.688
750,105.5,80,0.270067,0.0154477,0.270067,204.688
750,105.5,80,0.270061,0.0157549,0.270061,204.799
750,105.5,80,0.270056,0.0160864,0.270056,204.861
750,105.5,80,0.270043,0.0165202,0.270043,205.079
750,105.5,80,0.270037,0.0168502,0.270037,205.061
750,105.5,80,0.270031,0.0171989,0.270031,205.115
750,105.5,80,0.270018,0.017611,0.270018,205.333
750,105.5,80,0.270012,0.0179158,0.270012,205.303
750,105.5,80,0.270005,0.0182499,0.270005,205.362
750,105.5,80,0.269991,0.0186665,0.269991,205.578
750,105.5,80,0.269986,0.0189747,0.269986,205.527
750,105.5,80,0.269981,0.0192803,0.269981,205.548
750,105.5,80,0.269975,0.0195977,0.269975,205.572
750,105.5,80,0.269963,0.0200284,0.269963,205.81
750,105.5,80,0.269956,0.020355,0.269956,205.725
750,105.5,80,0.269937,0.0207486,0.269937,205.655
750,105.5,80,0.269927,0.0211109,0.269927,205.818
750,105.5,80,0.269918,0.0214163,0.269918,205.774
750,105.5,80,0.269907,0.0217733,0.269907,205.789
750,105.5,80,0.26989,0.0221886,0.26989,205.975
750,105.5,80,0.269881,0.0225243,0.269881,205.91
750,105.5,80,0.269863,0.0228967,0.269863,205.851
750,105.5,80,0.269855,0.0232575,0.269855,206.09
750,105.5,80,0.269848,0.0235496,0.269848,206.073
750,105.5,80,0.269842,0.0238577,0.269842,206.124
750,105.5,80,0.269835,0.0241293,0.269835,206.141
750,105.5,80,0.269829,0.0244275,0.269829,206.231
750,105.5,80,0.269815,0.0247865,0.269815,206.512
750,105.5,80,0.269807,0.0251526,0.269807,206.458
750,105.5,80,0.2698,0.0254273,0.2698,206.402
750,105.5,80,0.269792,0.0257112,0.269792,206.447
750,105.5,80,0.269781,0.025981,0.269781,206.443
750,105.5,80,0.269771,0.0262597,0.269771,206.465
750,105.5,80,0.269761,0.0265297,0.269761,206.48
750,105.5,80,0.269749,0.0267996,0.269749,206.494
750,105.5,80,0.269738,0.0270747,0.269738,206.498
750,105.5,80,0.269724,0.0273446,0.269724,206.48
750,105.5,80,0.269713,0.0276144,0.269713,206.478
750,105.5,80,0.269699,0.0278921,0.269699,206.491
750,105.5,80,0.269686,0.0281619,0.269686,206.467
750,105.5,80,0.26967,0.0284563,0.26967,206.461
750,105.5,80,0.269641,0.0288407,0.269641,206.383
750,105.5,80,0.269626,0.0291929,0.269626,206.576
750,105.5,80,0.269611,0.0294628,0.269611,206.473
750,105.5,80,0.269595,0.0297498,0.269595,206.458
750,105.5,80,0.269579,0.0300195,0.269579,206.455
750,105.5,80,0.269564,0.030296,0.269564,206.478
750,105.5,80,0.269544,0.0305802,0.269544,206.449
750,105.5,80,0.269529,0.0308746,0.269529,206.472
750,105.5,80,0.269517,0.0311573,0.269517,206.493
750,105.5,80,0.269503,0.0314385,0.269503,206.539
750,105.5,80,0.269484,0.0317243,0.269484,206.783
750,105.5,80,0.269452,0.0320547,0.269452,206.633
750,105.5,80,0.269437,0.0324251,0.269437,206.592
750,105.5,80,0.26942,0.0327068,0.26942,206.487
750,105.5,80,0.269405,0.0329879,0.269405,206.502
750,105.5,80,0.269389,0.033338,0.269389,206.552
750,105.5,80,0.269373,0.0336094,0.269373,206.721
750,105.5,80,0.269338,0.0340138,0.269338,206.632
750,105.5,80,0.269319,0.0343003,0.269319,206.517
750,105.5,80,0.269323,0.034593,0.269323,206.627
750,105.5,80,0.269305,0.0348625,0.269305,206.572
750,105.5,80,0.269285,0.0352182,0.269285,206.591
750,105.5,80,0.269246,0.0356269,0.269246,206.692
750,105.5,80,0.269227,0.0359204,0.269227,206.573
750,105.5,80,0.269205,0.0361992,0.269205,206.54
750,105.5,80,0.269184,0.0364836,0.269184,206.536
750,105.5,80,0.269163,0.0367568,0.269163,206.528
750,105.5,80,0.26914,0.0370871,0.26914,206.552
750,105.5,80,0.269116,0.0373826,0.269116,206.753
750,105.5,80,0.269071,0.037776,0.269071,206.615
750,105.5,80,0.269049,0.0380663,0.269049,206.522
750,105.5,80,0.269028,0.0383505,0.269028,206.536
750,105.5,80,0.269006,0.038627,0.269006,206.544
750,105.5,80,0.268984,0.0389745,0.268984,206.624
750,105.5,80,0.268963,0.0392528,0.268963,206.795
750,105.5,80,0.268939,0.0395297,0.268939,206.749
750,105.5,80,0.268893,0.0399369,0.268893,206.649
750,105.5,80,0.268871,0.0402247,0.268871,206.558
750,105.5,80,0.268847,0.0405373,0.268847,206.577
750,105.5,80,0.268803,0.0409928,0.268803,206.532
750,105.5,80,0.268781,0.0412916,0.268781,206.67
750,105.5,80,0.268756,0.0415867,0.268756,206.637
750,105.5,80,0.268733,0.0418691,0.268733,206.622
750,105.5,80,0.268686,0.0423328,0.268686,206.593
750,105.5,80,0.268662,0.0426304,0.268662,206.653
750,105.5,80,0.268639,0.0429194,0.268639,206.62
750,105.5,80,0.268616,0.0432,0.268616,206.65
750,105.5,80,0.268593,0.0434846,0.268593,206.654
750,105.5,80,0.268569,0.0437842,0.268569,206.651
750,105.5,80,0.268546,0.0440671,0.268546,206.917
750,105.5,80,0.268522,0.0443357,0.268522,206.856
750,105.5,80,0.268473,0.0446904,0.268473,206.701
750,105.5,80,0.268449,0.0450532,0.268449,206.674
750,105.5,80,0.268424,0.0453494,0.268424,206.616
750,105.5,80,0.268399,0.0457022,0.268399,206.652
750,105.5,80,0.268347,0.046094,0.268347,206.719
750,105.5,80,0.268321,0.0463897,0.268321,206.641
750,105.5,80,0.268294,0.0466772,0.268294,206.461
750,105.5,80,0.268269,0.0469456,0.268269,206.489
750,105.5,80,0.268239,0.047294,0.268239,206.551
750,105.5,80,0.268212,0.0475732,0.268212,206.707
750,105.5,80,0.268155,0.047895,0.268155,206.454
750,105.5,80,0.268128,0.0482617,0.268128,206.444
750,105.5,80,0.2681,0.0485577,0.2681,206.355
750,105.5,80,0.268073,0.0488534,0.268073,206.332
750,105.5,80,0.268045,0.0491675,0.268045,206.311
750,105.5,80,0.267987,0.0495711,0.267987,206.304
750,105.5,80,0.267961,0.0498714,0.267961,206.227
750,105.5,80,0.267935,0.050153,0.267935,206.168
750,105.5,80,0.267907,0.0504534,0.267907,206.116
750,105.5,80,0.267882,0.0507294,0.267882,206.069
750,105.5,80,0.267858,0.0510289,0.267858,206.057
750,105.5,80,0.267833,0.0513351,0.267833,206.022
750,105.5,80,0.267775,0.0517182,0.267775,205.918
750,105.5,80,0.267751,0.0520095,0.267751,205.894
750,105.5,80,0.267727,0.0523144,0.267727,205.897
750,105.5,80,0.267701,0.0525887,0.267701,205.852
750,105.5,80,0.267677,0.0529086,0.267677,205.868
750,105.5,80,0.267653,0.0531878,0.267653,205.897
750,105.5,80,0.267603,0.0535862,0.267603,205.78
750,105.5,80,0.267581,0.0538828,0.267581,205.777
750,105.5,80,0.267558,0.0541724,0.267558,205.796
750,105.5,80,0.267534,0.05444,0.267534,205.776
750,105.5,80,0.267511,0.0547264,0.267511,205.791
750,105.5,80,0.267487,0.0550015,0.267487,205.787
750,105.5,80,0.267463,0.0553204,0.267463,205.816
750,105.5,80,0.267413,0.055654,0.267413,205.685
750,105.5,80,0.267388,0.0560054,0.267388,205.748
750,105.5,80,0.267363,0.0562788,0.267363,205.733
750,105.5,80,0.267335,0.0565716,0.267335,205.721
750,105.5,80,0.26731,0.0568803,0.26731,205.735
750,105.5,80,0.267283,0.0571897,0.267283,205.727
750,105.5,80,0.267255,0.0574836,0.267255,205.727
750,105.5,80,0.267198,0.0578848,0.267198,205.581
750,105.5,80,0.26717,0.0581721,0.26717,205.561
750,105.5,80,0.267142,0.0584996,0.267142,205.584
750,105.5,80,0.267112,0.0587668,0.267112,205.522
750,105.5,80,0.267086,0.059034,0.267086,205.515
750,105.5,80,0.26706,0.0593218,0.26706,205.514
750,105.5,80,0.267009,0.0597229,0.267009,205.424
750,105.5,80,0.266981,0.060023,0.266981,205.439
750,105.5,80,0.266957,0.0603503,0.266957,205.483
750,105.5,80,0.266908,0.0607165,0.266908,205.381
750,105.5,80,0.266881,0.0610861,0.266881,205.399
750,105.5,80,0.266857,0.0613618,0.266857,205.406
750,105.5,80,0.266831,0.0616332,0.266831,205.36
750,105.5,80,0.266806,0.0619014,0.266806,205.348
750,105.5,80,0.266778,0.0621871,0.266778,205.333
750,105.5,80,0.266752,0.0624586,0.266752,205.321
750,105.5,80,0.266726,0.06274,0.266726,205.321
750,105.5,80,0.266702,0.0630109,0.266702,205.316
750,105.5,80,0.266674,0.0633275,0.266674,205.307
750,105.5,80,0.266623,0.063717,0.266623,205.105
750,105.5,80,0.266597,0.0640241,0.266597,205.173
750,105.5,80,0.266569,0.0643387,0.266569,205.194
750,105.5,80,0.26652,0.064725,0.26652,205.11
750,105.5,80,0.266495,0.0650769,0.266495,205.099
750,105.5,80,0.266472,0.0653853,0.266472,205.16
750,105.5,80,0.266447,0.0657132,0.266447,205.192
750,105.5,80,0.2664,0.0661391,0.2664,205.012
750,105.5,80,0.266375,0.0664474,0.266375,205.102
750,105.5,80,0.266351,0.0667804,0.266351,205.157
750,105.5,80,0.266324,0.0670641,0.266324,205.057
750,105.5,80,0.266274,0.0674669,0.266274,205.01
750,105.5,80,0.266249,0.0677692,0.266249,205.105
750,105.5,80,0.266197,0.068254,0.266197,205.097
750,105.5,80,0.266171,0.0685635,0.266171,205.131
750,105.5,80,0.266146,0.0689133,0.266146,205.218
750,105.5,80,0.266096,0.0693113,0.266096,205.173
750,105.5,80,0.266073,0.0696461,0.266073,205.195
750,105.5,80,0.26605,0.0699739,0.26605,205.3
750,105.5,80,0.266002,0.0703882,0.266002,205.208
750,105.5,80,0.265979,0.0707188,0.265979,205.333
750,105.5,80,0.265955,0.0710256,0.265955,205.414
750,105.5,80,0.265908,0.0713683,0.265908,205.246
750,105.5,80,0.265884,0.0717312,0.265884,205.383
750,105.5,80,0.265862,0.0720253,0.265862,205.462
750,105.5,80,0.265812,0.0725072,0.265812,205.467
750,105.5,80,0.265789,0.0728108,0.265789,205.497
750,105.5,80,0.265764,0.0731746,0.265764,205.583
750,105.5,80,0.265714,0.073585,0.265714,205.475
750,105.5,80,0.26569,0.0739057,0.26569,205.575
750,105.5,80,0.265641,0.074286,0.265641,205.52
750,105.5,80,0.265618,0.0746467,0.265618,205.597
750,105.5,80,0.265595,0.0749462,0.265595,205.67
750,105.5,80,0.265572,0.0752916,0.265572,205.734
750,105.5,80,0.265521,0.075684,0.265521,205.597
750,105.5,80,0.265498,0.0760219,0.265498,205.686
750,105.5,80,0.26545,0.0764765,0.26545,205.677
750,105.5,80,0.265424,0.0767865,0.265424,205.677
750,105.5,80,0.265401,0.0770966,0.265401,205.71
750,105.5,80,0.265378,0.077423,0.265378,205.754
750,105.5,80,0.265329,0.0778375,0.265329,205.599
750,105.5,80,0.265306,0.0781873,0.265306,205.706
750,105.5,80,0.265253,0.0786094,0.265253,205.563
750,105.5,80,0.265231,0.0789188,0.265231,205.691
750,105.5,80,0.265208,0.0792593,0.265208,205.777
750,105.5,80,0.265161,0.0796851,0.265161,205.677
750,105.5,80,0.265139,0.0799856,0.265139,205.78
750,105.5,80,0.265117,0.0802976,0.265117,205.843
750,105.5,80,0.265094,0.0805983,0.265094,205.803
750,105.5,80,0.265049,0.0810073,0.265049,205.764
750,105.5,80,0.265026,0.0813088,0.265026,205.843
750,105.5,80,0.265004,0.0816446,0.265004,205.909
750,105.5,80,0.264958,0.0820659,0.264958,205.777
750,105.5,80,0.264962,0.0823984,0.264962,206.07
750,105.5,80,0.26494,0.0827108,0.26494,206.089
750,105.5,80,0.264892,0.0831185,0.264892,205.919
750,105.5,80,0.264869,0.0834165,0.264869,205.989
750,105.5,80,0.264846,0.08376,0.264846,206.051
750,105.5,80,0.264797,0.0841899,0.264797,205.995
750,105.5,80,0.264774,0.0845831,0.264774,206.106
750,105.5,80,0.264725,0.084989,0.264725,205.967
750,105.5,80,0.264697,0.0853371,0.264697,206.04
750,105.5,80,0.264647,0.0857613,0.264647,205.908
750,105.5,80,0.264622,0.0860797,0.264622,205.999
750,105.5,80,0.264572,0.0865465,0.264572,205.986
750,105.5,80,0.264549,0.0868521,0.264549,206.018
750,105.5,80,0.264526,0.0871708,0.264526,206.073
750,105.5,80,0.264477,0.0875892,0.264477,206.037
750,105.5,80,0.264454,0.0879013,0.264454,206.049
750,105.5,80,0.264406,0.0883145,0.264406,206.002
750,105.5,80,0.264385,0.0886749,0.264385,206.059
750,105.5,80,0.264363,0.0890344,0.264363,206.166
750,105.5,80,0.264319,0.0894537,0.264319,206.142
750,105.5,80,0.264295,0.0897492,0.264295,206.116
750,105.5,80,0.264272,0.0900628,0.264272,206.171
750,105.5,80,0.264249,0.0903854,0.264249,206.22
750,105.5,80,0.264201,0.0907938,0.264201,206.061
750,105.5,80,0.264177,0.0911209,0.264177,206.161
750,105.5,80,0.264152,0.0914111,0.264152,206.196
750,105.5,80,0.264102,0.0918444,0.264102,206.036
750,105.5,80,0.264078,0.0921313,0.264078,206.129
750,105.5,80,0.264053,0.0924877,0.264053,206.205
750,105.5,80,0.264004,0.0928786,0.264004,206.075
750,105.5,80,0.26398,0.0932056,0.26398,206.185
750,105.5,80,0.263955,0.0935296,0.263955,206.251
750,105.5,80,0.263905,0.0939411,0.263905,206.124
750,105.5,80,0.263882,0.0942346,0.263882,206.229
750,105.5,80,0.263859,0.0945878,0.263859,206.319
750,105.5,80,0.26381,0.0950075,0.26381,206.243
750,105.5,80,0.263787,0.0953333,0.263787,206.364
750,105.5,80,0.263735,0.09578,0.263735,206.354
750,105.5,80,0.263711,0.0961031,0.263711,206.398
750,105.5,80,0.263687,0.0964338,0.263687,206.471
750,105.5,80,0.263638,0.0968345,0.263638,206.336
750,105.5,80,0.263611,0.0971516,0.263611,206.411
750,105.5,80,0.263586,0.0974834,0.263586,206.479
750,105.5,80,0.263537,0.0979036,0.263537,206.346
750,105.5,80,0.263512,0.0982114,0.263512,206.426
750,105.5,80,0.263489,0.0985398,0.263489,206.494
750,105.5,80,0.263441,0.0989508,0.263441,206.363
750,105.5,80,0.263418,0.0992504,0.263418,206.467
750,105.5,80,0.263395,0.0995574,0.263395,206.528
750,105.5,80,0.263344,0.0999902,0.263344,206.393
750,105.5,80,0.263319,0.100301,0.263319,206.493
750,105.5,80,0.263296,0.100609,0.263296,206.568
750,105.5,80,0.263273,0.100915,0.263273,206.62
750,105.5,80,0.263223,0.101314,0.263223,206.445
750,105.5,80,0.2632,0.101623,0.2632,206.538
750,105.5,80,0.263176,0.101909,0.263176,206.575
750,105.5,80,0.263151,0.102226,0.263151,206.611
750,105.5,80,0.263099,0.102538,0.263099,206.336
750,105.5,80,0.263074,0.10289,0.263074,206.447
750,105.5,80,0.263049,0.103155,0.263049,206.498
750,105.5,80,0.263024,0.103436,0.263024,206.525
750,105.5,80,0.262997,0.10372,0.262997,206.548
750,105.5,80,0.262974,0.104011,0.262974,206.6
750,105.5,80,0.262949,0.104307,0.262949,206.642
750,105.5,80,0.262924,0.104571,0.262924,206.548
750,105.5,80,0.262897,0.104834,0.262897,206.542
750,105.5,80,0.262846,0.105179,0.262846,206.436
750,105.5,80,0.26282,0.105509,0.26282,206.538
750,105.5,80,0.262793,0.105779,0.262793,206.567
750,105.5,80,0.262768,0.106047,0.262768,206.601
750,105.5,80,0.262743,0.106328,0.262743,206.629
750,105.5,80,0.262718,0.10659,0.262718,206.663
750,105.5,80,0.26269,0.106862,0.26269,206.665
750,105.5,80,0.262665,0.107125,0.262665,206.691
750,105.5,80,0.262639,0.107388,0.262639,206.711
750,105.5,80,0.262613,0.107652,0.262613,206.713
750,105.5,80,0.262587,0.107981,0.262587,206.788
750,105.5,80,0.262559,0.108281,0.262559,206.765
750,105.5,80,0.262509,0.108666,0.262509,206.709
750,105.5,80,0.262482,0.108935,0.262482,206.758
750,105.5,80,0.262458,0.109208,0.262458,206.804
750,105.5,80,0.262433,0.109473,0.262433,206.842
750,105.5,80,0.262408,0.109745,0.262408,206.858
750,105.5,80,0.26238,0.110008,0.26238,206.849
750,105.5,80,0.262354,0.11029,0.262354,206.879
750,105.5,80,0.262328,0.110552,0.262328,206.888
750,105.5,80,0.262303,0.110841,0.262303,206.907
750,105.5,80,0.262248,0.111196,0.262248,206.749
750,105.5,80,0.262222,0.111546,0.262222,206.785
750,105.5,80,0.262196,0.111809,0.262196,206.816
750,105.5,80,0.262169,0.112092,0.262169,206.825
750,105.5,80,0.262139,0.112355,0.262139,206.801
750,105.5,80,0.262112,0.112644,0.262112,206.806
750,105.5,80,0.262084,0.11291,0.262084,206.819
750,105.5,80,0.262056,0.113202,0.262056,206.837
750,105.5,80,0.262025,0.113469,0.262025,206.7
750,105.5,80,0.26197,0.113878,0.26197,206.708
750,105.5,80,0.261942,0.114169,0.261942,206.8
750,105.5,80,0.261915,0.114448,0.261915,206.845
750,105.5,80,0.261885,0.114717,0.261885,206.838
750,105.5,80,0.261856,0.114987,0.261856,206.834
750,105.5,80,0.261828,0.115258,0.261828,206.847
750,105.5,80,0.261769,0.115709,0.261769,206.795
750,105.5,80,0.26174,0.115999,0.26174,206.864
750,105.5,80,0.261712,0.116287,0.261712,206.78
750,105.5,80,0.261681,0.116584,0.261681,206.814
750,105.5,80,0.261652,0.116873,0.261652,206.861
750,105.5,80,0.261594,0.1173,0.261594,206.727
750,105.5,80,0.261565,0.117596,0.261565,206.827
750,105.5,80,0.261533,0.117858,0.261533,206.825
750,105.5,80,0.261503,0.118132,0.261503,206.842
750,105.5,80,0.261473,0.118393,0.261473,206.839
750,105.5,80,0.261444,0.118665,0.261444,206.852
750,105.5,80,0.261412,0.118933,0.261412,206.839
750,105.5,80,0.261383,0.119233,0.261383,206.876
750,105.5,80,0.261321,0.119623,0.261321,206.666
750,105.5,80,0.261291,0.119915,0.261291,206.747
750,105.5,80,0.261261,0.120185,0.261261,206.777
750,105.5,80,0.261231,0.120452,0.261231,206.787
750,105.5,80,0.261201,0.120721,0.261201,206.787
750,105.5,80,0.261169,0.120983,0.261169,206.774
750,105.5,80,0.261139,0.121245,0.261139,206.771
750,105.5,80,0.261109,0.121533,0.261109,206.789
750,105.5,80,0.261078,0.121835,0.261078,206.809
750,105.5,80,0.261044,0.12212,0.261044,206.805
750,105.5,80,0.260981,0.122516,0.260981,206.578
750,105.5,80,0.260946,0.122809,0.260946,206.651
750,105.5,80,0.260915,0.12307,0.260915,206.673
750,105.5,80,0.260884,0.123349,0.260884,206.707
750,105.5,80,0.260854,0.123622,0.260854,206.74
750,105.5,80,0.260823,0.12393,0.260823,206.796
750,105.5,80,0.26079,0.124192,0.26079,206.677
750,105.5,80,0.260731,0.124516,0.260731,206.539
750,105.5,80,0.260702,0.124855,0.260702,206.683
750,105.5,80,0.260666,0.125145,0.260666,206.717
750,105.5,80,0.260636,0.125434,0.260636,206.779
750,105.5,80,0.260606,0.125701,0.260606,206.82
750,105.5,80,0.260573,0.125961,0.260573,206.82
750,105.5,80,0.260542,0.126258,0.260542,206.871
750,105.5,80,0.260511,0.126519,0.260511,206.784
750,105.5,80,0.260479,0.126787,0.260479,206.795
750,105.5,80,0.260412,0.127189,0.260412,206.692
750,105.5,80,0.260379,0.127471,0.260379,206.763
750,105.5,80,0.260347,0.127738,0.260347,206.767
750,105.5,80,0.260311,0.128026,0.260311,206.775
750,105.5,80,0.260279,0.128291,0.260279,206.79
750,105.5,80,0.260246,0.128616,0.260246,206.844
750,105.5,80,0.260177,0.129006,0.260177,206.615
750,105.5,80,0.260144,0.129285,0.260144,206.692
750,105.5,80,0.260149,0.129545,0.260149,207.023
750,105.5,80,0.260116,0.129833,0.260116,206.96
750,105.5,80,0.260082,0.130124,0.260082,206.934
750,105.5,80,0.260046,0.130433,0.260046,206.914
750,105.5,80,0.259977,0.130835,0.259977,206.653
750,105.5,80,0.259942,0.131111,0.259942,206.684
750,105.5,80,0.259905,0.131379,0.259905,206.663
750,105.5,80,0.25987,0.131673,0.25987,206.692
750,105.5,80,0.259836,0.131933,0.259836,206.697
750,105.5,80,0.259802,0.132232,0.259802,206.714
750,105.5,80,0.259766,0.132506,0.259766,206.558
750,105.5,80,0.2597,0.132845,0.2597,206.447
750,105.5,80,0.259666,0.133185,0.259666,206.571
750,105.5,80,0.25963,0.133487,0.25963,206.641
750,105.5,80,0.259597,0.133754,0.259597,206.672
750,105.5,80,0.259563,0.134029,0.259563,206.688
750,105.5,80,0.259529,0.134298,0.259529,206.676
750,105.5,80,0.259459,0.134718,0.259459,206.418
750,105.5,80,0.259424,0.135007,0.259424,206.527
750,105.5,80,0.259389,0.13527,0.259389,206.544
750,105.5,80,0.259355,0.135533,0.259355,206.54
750,105.5,80,0.259318,0.135801,0.259318,206.523
750,105.5,80,0.259284,0.136064,0.259284,206.531
750,105.5,80,0.259249,0.13635,0.259249,206.555
750,105.5,80,0.259215,0.13664,0.259215,206.573
750,105.5,80,0.259144,0.137048,0.259144,206.305
750,105.5,80,0.25911,0.137325,0.25911,206.548
750,105.5,80,0.259073,0.137592,0.259073,206.525
750,105.5,80,0.259039,0.137862,0.259039,206.521
750,105.5,80,0.259005,0.138139,0.259005,206.545
750,105.5,80,0.258971,0.138398,0.258971,206.557
750,105.5,80,0.258938,0.138672,0.258938,206.587
750,105.5,80,0.258901,0.138931,0.258901,206.57
750,105.5,80,0.258868,0.139232,0.258868,206.625
750,105.5,80,0.258834,0.139515,0.258834,206.538
750,105.5,80,0.258763,0.139881,0.258763,206.415
750,105.5,80,0.258729,0.140171,0.258729,206.51
750,105.5,80,0.258695,0.140445,0.258695,206.558
750,105.5,80,0.25866,0.140708,0.25866,206.567
750,105.5,80,0.258625,0.140977,0.258625,206.588
750,105.5,80,0.25859,0.141249,0.25859,206.616
750,105.5,80,0.258555,0.141563,0.258555,206.661
750,105.5,80,0.258519,0.141822,0.258519,206.544
750,105.5,80,0.258444,0.142237,0.258444,206.438
750,105.5,80,0.258408,0.142506,0.258408,206.506
750,105.5,80,0.258373,0.142828,0.258373,206.568
750,105.5,80,0.258333,0.143125,0.258333,206.604
750,105.5,80,0.258258,0.143505,0.258258,206.309
750,105.5,80,0.258222,0.143783,0.258222,206.407
750,105.5,80,0.258187,0.144065,0.258187,206.443
750,105.5,80,0.258148,0.144335,0.258148,206.437
750,105.5,80,0.258111,0.144594,0.258111,206.433
750,105.5,80,0.258067,0.144852,0.258067,206.331
750,105.5,80,0.258032,0.145118,0.258032,206.352
750,105.5,80,0.257994,0.145377,0.257994,206.342
750,105.5,80,0.257958,0.145646,0.257958,206.348
750,105.5,80,0.257923,0.145946,0.257923,206.407
750,105.5,80,0.257848,0.14636,0.257848,206.162
750,105.5,80,0.257811,0.14664,0.257811,206.286
750,105.5,80,0.257775,0.1469,0.257775,206.296
750,105.5,80,0.257738,0.147157,0.257738,206.31
750,105.5,80,0.257698,0.147497,0.257698,206.375
750,105.5,80,0.257624,0.147829,0.257624,206.098
750,105.5,80,0.257586,0.148145,0.257586,206.245
750,105.5,80,0.257546,0.148416,0.257546,206.286
750,105.5,80,0.257508,0.148696,0.257508,206.314
750,105.5,80,0.257472,0.148958,0.257472,206.347
750,105.5,80,0.257432,0.149242,0.257432,206.359
750,105.5,80,0.257394,0.149511,0.257394,206.394
750,105.5,80,0.257356,0.149812,0.257356,206.421
750,105.5,80,0.257276,0.150221,0.257276,206.184
750,105.5,80,0.257238,0.150496,0.257238,206.286
750,105.5,80,0.2572,0.150767,0.2572,206.299
750,105.5,80,0.257162,0.151068,0.257162,206.357
750,105.5,80,0.257121,0.15134,0.257121,206.196
750,105.5,80,0.257047,0.151741,0.257047,206.137
750,105.5,80,0.257012,0.152014,0.257012,206.257
750,105.5,80,0.256977,0.152287,0.256977,206.311
750,105.5,80,0.256938,0.152551,0.256938,206.324
750,105.5,80,0.256902,0.152859,0.256902,206.394
750,105.5,80,0.256866,0.153149,0.256866,206.453
750,105.5,80,0.256789,0.153541,0.256789,206.15
750,105.5,80,0.256751,0.153832,0.256751,206.264
750,105.5,80,0.256714,0.154116,0.256714,206.324
750,105.5,80,0.256675,0.15438,0.256675,206.332
750,105.5,80,0.256633,0.154681,0.256633,206.338
750,105.5,80,0.256594,0.154952,0.256594,206.215
750,105.5,80,0.256519,0.155347,0.256519,206.141
750,105.5,80,0.256478,0.155641,0.256478,206.245
750,105.5,80,0.25644,0.155918,0.25644,206.299
750,105.5,80,0.256402,0.156211,0.256402,206.355
750,105.5,80,0.256364,0.156493,0.256364,206.234
750,105.5,80,0.256326,0.156763,0.256326,206.274
750,105.5,80,0.256245,0.157149,0.256245,206.134
750,105.5,80,0.256206,0.157415,0.256206,206.21
750,105.5,80,0.256167,0.157681,0.256167,206.204
750,105.5,80,0.256128,0.157937,0.256128,206.198
750,105.5,80,0.256086,0.158208,0.256086,206.194
750,105.5,80,0.256048,0.158464,0.256048,206.199
750,105.5,80,0.25601,0.158725,0.25601,206.221
750,105.5,80,0.255972,0.158981,0.255972,206.24
750,105.5,80,0.25593,0.159253,0.25593,206.186
750,105.5,80,0.25589,0.159536,0.25589,206.226
750,105.5,80,0.255812,0.159952,0.255812,205.981
750,105.5,80,0.25577,0.160229,0.25577,206.091
750,105.5,80,0.25573,0.16051,0.25573,206.139
750,105.5,80,0.25569,0.160769,0.25569,206.168
750,105.5,80,0.255649,0.161032,0.255649,206.184
750,105.5,80,0.25561,0.161296,0.25561,206.216
750,105.5,80,0.255525,0.161737,0.255525,206.114
750,105.5,80,0.255483,0.162025,0.255483,206.129
750,105.5,80,0.25544,0.162298,0.25544,206.14
750,105.5,80,0.255399,0.162553,0.255399,206.139
750,105.5,80,0.255358,0.162836,0.255358,206.145
750,105.5,80,0.255317,0.163113,0.255317,206.17
750,105.5,80,0.255233,0.163513,0.255233,205.885
750,105.5,80,0.255193,0.163783,0.255193,205.985
750,105.5,80,0.255156,0.164046,0.255156,206.043
750,105.5,80,0.255116,0.164301,0.255116,206.049
750,105.5,80,0.255073,0.164562,0.255073,206.028
750,105.5,80,0.255033,0.164817,0.255033,206.034
750,105.5,80,0.254992,0.165082,0.254992,206.029
750,105.5,80,0.254952,0.165337,0.254952,206.04
750,105.5,80,0.254908,0.165592,0.254908,206.004
750,105.5,80,0.254869,0.165857,0.254869,206.021
750,105.5,80,0.254829,0.166118,0.254829,206.025
750,105.5,80,0.25479,0.166374,0.25479,206.038
750,105.5,80,0.254747,0.166655,0.254747,206.048
750,105.5,80,0.254668,0.167,0.254668,205.896
750,105.5,80,0.254629,0.167334,0.254629,205.921
750,105.5,80,0.254585,0.167602,0.254585,205.959
750,105.5,80,0.254544,0.16786,0.254544,205.967
750,105.5,80,0.254502,0.168115,0.254502,205.939
750,105.5,80,0.25446,0.168407,0.25446,205.977
750,105.5,80,0.254419,0.168667,0.254419,205.997
750,105.5,80,0.254373,0.168947,0.254373,205.982
750,105.5,80,0.254289,0.169366,0.254289,205.881
750,105.5,80,0.254246,0.169678,0.254246,205.894
750,105.5,80,0.254204,0.169932,0.254204,205.906
750,105.5,80,0.254159,0.170212,0.254159,205.867
750,105.5,80,0.254118,0.170491,0.254118,205.914
750,105.5,80,0.254035,0.170833,0.254035,205.574
750,105.5,80,0.253989,0.171148,0.253989,205.702
750,105.5,80,0.253947,0.171431,0.253947,205.803
750,105.5,80,0.253904,0.171712,0.253904,205.858
750,105.5,80,0.253857,0.172028,0.253857,205.913
750,105.5,80,0.253772,0.172414,0.253772,205.656
750,105.5,80,0.253728,0.172703,0.253728,205.784
750,105.5,80,0.253685,0.173004,0.253685,205.853
750,105.5,80,0.253638,0.173314,0.253638,205.911
750,105.5,80,0.253551,0.173683,0.253551,205.624
750,105.5,80,0.253507,0.173985,0.253507,205.753
750,105.5,80,0.253451,0.174273,0.253451,205.714
750,105.5,80,0.253363,0.17472,0.253363,205.516
750,105.5,80,0.253269,0.175188,0.253269,205.548
750,105.5,80,0.253226,0.175485,0.253226,205.592
750,105.5,80,0.253183,0.175766,0.253183,205.66
750,105.5,80,0.253137,0.176073,0.253137,205.709
750,105.5,80,0.253053,0.176463,0.253053,205.467
750,105.5,80,0.25301,0.176755,0.25301,205.605
750,105.5,80,0.252964,0.177045,0.252964,205.658
750,105.5,80,0.252921,0.177339,0.252921,205.73
750,105.5,80,0.252835,0.177662,0.252835,205.336
750,105.5,80,0.252791,0.177998,0.252791,205.508
750,105.5,80,0.252744,0.17831,0.252744,205.604
750,105.5,80,0.252707,0.178746,0.252707,205.824
750,105.5,80,0.252664,0.179039,0.252664,205.811
750,105.5,80,0.252616,0.179362,0.252616,205.848
750,105.5,80,0.252526,0.179757,0.252526,205.558
750,105.5,80,0.252481,0.180065,0.252481,205.674
750,105.5,80,0.252431,0.180335,0.252431,205.656
750,105.5,80,0.252339,0.180754,0.252339,205.355
750,105.5,80,0.252288,0.181077,0.252288,205.488
750,105.5,80,0.252196,0.181529,0.252196,205.452
750,105.5,80,0.25215,0.181813,0.25215,205.449
750,105.5,80,0.252053,0.182246,0.252053,205.359
750,105.5,80,0.252008,0.182543,0.252008,205.4
750,105.5,80,0.251963,0.182845,0.251963,205.45
750,105.5,80,0.251914,0.18313,0.251914,205.513
750,105.5,80,0.25182,0.183532,0.25182,205.229
750,105.5,80,0.251773,0.183802,0.251773,205.302
750,105.5,80,0.251726,0.184112,0.251726,205.392
750,105.5,80,0.251626,0.184515,0.251626,205.264
750,105.5,80,0.251577,0.184835,0.251577,205.283
750,105.5,80,0.251524,0.185135,0.251524,205.33
750,105.5,80,0.251428,0.185544,0.251428,205.069
750,105.5,80,0.25138,0.185869,0.25138,205.243
750,105.5,80,0.251281,0.186293,0.251281,205.144
750,105.5,80,0.251225,0.186589,0.251225,205.101
750,105.5,80,0.251178,0.186893,0.251178,205.196
750,105.5,80,0.251079,0.187282,0.251079,204.855
750,105.5,80,0.251032,0.187581,0.251032,205.021
750,105.5,80,0.250984,0.187867,0.250984,205.094
750,105.5,80,0.250889,0.188276,0.250889,204.993
750,105.5,80,0.250837,0.188572,0.250837,204.972
750,105.5,80,0.25079,0.188913,0.25079,205.112
750,105.5,80,0.250697,0.189305,0.250697,205.06
750,105.5,80,0.250644,0.189585,0.250644,205.103
750,105.5,80,0.250595,0.189862,0.250595,205.125
750,105.5,80,0.250546,0.19015,0.250546,205.159
750,105.5,80,0.250449,0.190532,0.250449,204.819
750,105.5,80,0.250395,0.190836,0.250395,204.936
750,105.5,80,0.250347,0.191128,0.250347,205.021
750,105.5,80,0.250252,0.191537,0.250252,204.763
750,105.5,80,0.250201,0.191829,0.250201,204.882
750,105.5,80,0.250153,0.192168,0.250153,205.012
750,105.5,80,0.250054,0.192476,0.250054,204.588
750,105.5,80,0.250005,0.192802,0.250005,204.73
750,105.5,80,0.249956,0.193079,0.249956,204.813
750,105.5,80,0.249908,0.193369,0.249908,204.879
750,105.5,80,0.249858,0.193649,0.249858,204.926
750,105.5,80,0.249805,0.193939,0.249805,204.748
750,105.5,80,0.249705,0.194305,0.249705,204.584
750,105.5,80,0.249654,0.19466,0.249654,204.762
750,105.5,80,0.249549,0.195043,0.249549,204.487
750,105.5,80,0.249497,0.195315,0.249497,204.603
750,105.5,80,0.249442,0.195587,0.249442,204.622
750,105.5,80,0.249392,0.195886,0.249392,204.679
750,105.5,80,0.249341,0.196157,0.249341,204.561
750,105.5,80,0.249243,0.196527,0.249243,204.394
750,105.5,80,0.249189,0.196812,0.249189,204.502
750,105.5,80,0.24909,0.197269,0.24909,204.47
750,105.5,80,0.249041,0.197555,0.249041,204.503
750,105.5,80,0.248987,0.197904,0.248987,204.583
750,105.5,80,0.248887,0.198279,0.248887,204.284
750,105.5,80,0.248838,0.198593,0.248838,204.457
750,105.5,80,0.248733,0.198939,0.248733,204.219
750,105.5,80,0.248682,0.199277,0.248682,204.256
750,105.5,80,0.248632,0.199579,0.248632,204.399
750,105.5,80,0.248577,0.19989,0.248577,204.46
750,105.5,80,0.248476,0.200261,0.248476,204.168
750,105.5,80,0.248427,0.200557,0.248427,204.323
750,105.5,80,0.248323,0.201012,0.248323,204.277
750,105.5,80,0.248273,0.201315,0.248273,204.334
750,105.5,80,0.248222,0.201616,0.248222,204.409
750,105.5,80,0.248117,0.201998,0.248117,204.081
750,105.5,80,0.248065,0.202285,0.248065,204.216
750,105.5,80,0.247963,0.20274,0.247963,204.165
750,105.5,80,0.247911,0.203027,0.247911,204.165
750,105.5,80,0.247854,0.203316,0.247854,204.18
750,105.5,80,0.247801,0.20359,0.247801,204.013
750,105.5,80,0.247694,0.203999,0.247694,203.901
750,105.5,80,0.247582,0.204401,0.247582,203.828
750,105.5,80,0.247528,0.20473,0.247528,203.886
750,105.5,80,0.247475,0.205006,0.247475,203.985
750,105.5,80,0.247423,0.205328,0.247423,204.096
750,105.5,80,0.247316,0.205711,0.247316,203.767
750,105.5,80,0.247264,0.206032,0.247264,203.959
750,105.5,80,0.247211,0.206312,0.247211,204.032
750,105.5,80,0.247101,0.206709,0.247101,203.663
750,105.5,80,0.247048,0.207014,0.247048,203.841
750,105.5,80,0.246994,0.207307,0.246994,203.916
750,105.5,80,0.246883,0.20769,0.246883,203.504
750,105.5,80,0.246829,0.20803,0.246829,203.687
750,105.5,80,0.246722,0.208422,0.246722,203.441
750,105.5,80,0.246664,0.208708,0.246664,203.564
750,105.5,80,0.24661,0.208999,0.24661,203.664
750,105.5,80,0.246503,0.209329,0.246503,203.434
750,105.5,80,0.246449,0.209649,0.246449,203.439
750,105.5,80,0.246391,0.209948,0.246391,203.559
750,105.5,80,0.246288,0.21041,0.246288,203.571
750,105.5,80,0.246235,0.210723,0.246235,203.649
750,105.5,80,0.246124,0.211053,0.246124,203.382
750,105.5,80,0.246071,0.211383,0.246071,203.408
750,105.5,80,0.246016,0.211665,0.246016,203.495
750,105.5,80,0.245957,0.211966,0.245957,203.537
750,105.5,80,0.245902,0.212253,0.245902,203.414
750,105.5,80,0.245788,0.212615,0.245788,203.201
750,105.5,80,0.245733,0.212901,0.245733,203.323
750,105.5,80,0.245678,0.213201,0.245678,203.415
750,105.5,80,0.245567,0.213578,0.245567,203.067
750,105.5,80,0.245507,0.213877,0.245507,203.197
750,105.5,80,0.245451,0.21418,0.245451,203.288
750,105.5,80,0.245342,0.214577,0.245342,203.004
750,105.5,80,0.245287,0.214858,0.245287,203.17
750,105.5,80,0.245232,0.215157,0.245232,203.255
750,105.5,80,0.245122,0.215549,0.245122,202.955
750,105.5,80,0.245061,0.215896,0.245061,203.159
750,105.5,80,0.244951,0.216197,0.244951,202.732
750,105.5,80,0.244897,0.216528,0.244897,202.945
750,105.5,80,0.244837,0.216816,0.244837,203.021
750,105.5,80,0.244781,0.217105,0.244781,203.103
750,105.5,80,0.244671,0.217491,0.244671,202.777
750,105.5,80,0.244611,0.217788,0.244611,202.917
750,105.5,80,0.244556,0.218039,0.244556,202.968
750,105.5,80,0.244502,0.218325,0.244502,203.044
750,105.5,80,0.244448,0.218569,0.244448,202.852
750,105.5,80,0.244333,0.218885,0.244333,202.553
750,105.5,80,0.244279,0.219213,0.244279,202.777
750,105.5,80,0.244222,0.21948,0.244222,202.876
750,105.5,80,0.244165,0.219751,0.244165,202.914
750,105.5,80,0.244109,0.220039,0.244109,202.955
750,105.5,80,0.244048,0.22029,0.244048,202.746
750,105.5,80,0.243934,0.220674,0.243934,202.571
750,105.5,80,0.243872,0.220922,0.243872,202.623
750,105.5,80,0.243816,0.221183,0.243816,202.648
750,105.5,80,0.243758,0.221427,0.243758,202.632
750,105.5,80,0.2437,0.221674,0.2437,202.576
750,105.5,80,0.243641,0.22194,0.243641,202.585
750,105.5,80,0.243578,0.222195,0.243578,202.55
750,105.5,80,0.243521,0.222446,0.243521,202.561
750,105.5,80,0.243407,0.222777,0.243407,202.274
750,105.5,80,0.243338,0.22311,0.243338,202.242
750,105.5,80,0.243279,0.22337,0.243279,202.344
750,105.5,80,0.243222,0.223633,0.243222,202.385
750,105.5,80,0.24316,0.223876,0.24316,202.359
750,105.5,80,0.243101,0.22412,0.243101,202.356
750,105.5,80,0.243042,0.224385,0.243042,202.386
750,105.5,80,0.242984,0.22465,0.242984,202.422
750,105.5,80,0.242921,0.224915,0.242921,202.392
750,105.5,80,0.242863,0.225161,0.242863,202.199
750,105.5,80,0.242746,0.225511,0.242746,201.986
750,105.5,80,0.242683,0.225777,0.242683,202.064
750,105.5,80,0.242625,0.226041,0.242625,202.132
750,105.5,80,0.242565,0.226283,0.242565,202.131
750,105.5,80,0.242507,0.226526,0.242507,202.111
750,105.5,80,0.242443,0.22677,0.242443,202.032
750,105.5,80,0.242387,0.227013,0.242387,202.044
750,105.5,80,0.242318,0.227256,0.242318,201.949
750,105.5,80,0.242261,0.227505,0.242261,201.976
750,105.5,80,0.242268,0.227747,0.242268,202.53
750,105.5,80,0.242212,0.228016,0.242212,202.503
750,105.5,80,0.242092,0.228423,0.242092,202.307
750,105.5,80,0.242033,0.228691,0.242033,202.24
750,105.5,80,0.241971,0.228954,0.241971,202.205
750,105.5,80,0.241912,0.229217,0.241912,202.203
750,105.5,80,0.241853,0.229464,0.241853,202.154
750,105.5,80,0.241793,0.229725,0.241793,202.118
750,105.5,80,0.241728,0.229967,0.241728,201.734
750,105.5,80,0.241606,0.230293,0.241606,201.445
750,105.5,80,0.241546,0.230615,0.241546,201.66
750,105.5,80,0.241486,0.230889,0.241486,201.743
750,105.5,80,0.241422,0.23113,0.241422,201.701
750,105.5,80,0.241362,0.231391,0.241362,201.715
750,105.5,80,0.241302,0.231656,0.241302,201.749
750,105.5,80,0.241179,0.232041,0.241179,201.544
750,105.5,80,0.241119,0.232304,0.241119,201.532
750,105.5,80,0.241059,0.232552,0.241059,201.574
750,105.5,80,0.240995,0.232793,0.240995,201.527
750,105.5,80,0.240935,0.233036,0.240935,201.535
750,105.5,80,0.240876,0.233284,0.240876,201.557
750,105.5,80,0.240815,0.233529,0.240815,201.56
750,105.5,80,0.24075,0.23377,0.24075,201.495
750,105.5,80,0.240688,0.234024,0.240688,201.471
750,105.5,80,0.240627,0.234265,0.240627,201.454
750,105.5,80,0.240566,0.234521,0.240566,201.446
750,105.5,80,0.240506,0.234791,0.240506,201.479
750,105.5,80,0.24038,0.235179,0.24038,201.284
750,105.5,80,0.24032,0.235433,0.24032,201.237
750,105.5,80,0.240255,0.235697,0.240255,201.254
750,105.5,80,0.240196,0.23594,0.240196,201.279
750,105.5,80,0.240135,0.236194,0.240135,201.263
750,105.5,80,0.240074,0.236451,0.240074,201.287
750,105.5,80,0.24001,0.236731,0.24001,201.317
750,105.5,80,0.23989,0.237016,0.23989,200.998
750,105.5,80,0.23983,0.23734,0.23983,201.17
750,105.5,80,0.23977,0.237589,0.23977,201.237
750,105.5,80,0.239704,0.237836,0.239704,201.172
750,105.5,80,0.239643,0.238078,0.239643,201.141
750,105.5,80,0.23958,0.238319,0.23958,201.077
750,105.5,80,0.239518,0.238559,0.239518,201.038
750,105.5,80,0.239452,0.238809,0.239452,200.989
750,105.5,80,0.239391,0.239048,0.239391,200.971
750,105.5,80,0.23933,0.239288,0.23933,200.924
750,105.5,80,0.239263,0.239532,0.239263,200.869
750,105.5,80,0.239203,0.239787,0.239203,200.905
750,105.5,80,0.239142,0.240026,0.239142,200.898
750,105.5,80,0.23908,0.240281,0.23908,200.908
750,105.5,80,0.238951,0.240598,0.238951,200.318
750,105.5,80,0.238888,0.240925,0.238888,200.58
750,105.5,80,0.238825,0.241188,0.238825,200.697
750,105.5,80,0.238762,0.241426,0.238762,200.677
750,105.5,80,0.238693,0.241665,0.238693,200.614
750,105.5,80,0.23863,0.241919,0.23863,200.632
750,105.5,80,0.238566,0.242158,0.238566,200.611
750,105.5,80,0.238496,0.242425,0.238496,200.577
750,105.5,80,0.23837,0.242756,0.23837,200.321
750,105.5,80,0.238307,0.243059,0.238307,200.348
750,105.5,80,0.238238,0.24331,0.238238,200.365
750,105.5,80,0.238175,0.243564,0.238175,200.402
750,105.5,80,0.238113,0.243804,0.238113,200.414
750,105.5,80,0.238051,0.244052,0.238051,200.418
750,105.5,80,0.237989,0.24429,0.237989,200.408
750,105.5,80,0.237921,0.244528,0.237921,200.319
750,105.5,80,0.23786,0.244772,0.23786,200.332
750,105.5,80,0.237797,0.245045,0.237797,200.39
750,105.5,80,0.237734,0.245315,0.237734,200.451
750,105.5,80,0.237603,0.245602,0.237603,199.812
750,105.5,80,0.237541,0.245917,0.237541,200.057
750,105.5,80,0.237477,0.246172,0.237477,200.147
750,105.5,80,0.237415,0.246418,0.237415,200.192
750,105.5,80,0.237348,0.246676,0.237348,200.202
750,105.5,80,0.237285,0.246923,0.237285,200.226
750,105.5,80,0.237222,0.247206,0.237222,200.269
750,105.5,80,0.237091,0.247579,0.237091,199.861
750,105.5,80,0.237027,0.247838,0.237027,199.996
750,105.5,80,0.236963,0.248075,0.236963,199.973
750,105.5,80,0.236899,0.248337,0.236899,200.009
750,105.5,80,0.236831,0.248574,0.236831,199.967
750,105.5,80,0.236766,0.248828,0.236766,199.976
750,105.5,80,0.2367,0.249084,0.2367,199.999
750,105.5,80,0.236634,0.249329,0.236634,199.75
750,105.5,80,0.236497,0.249699,0.236497,199.542
750,105.5,80,0.236433,0.249953,0.236433,199.698
750,105.5,80,0.236368,0.250191,0.236368,199.697
750,105.5,80,0.236299,0.25044,0.236299,199.689
750,105.5,80,0.236235,0.250684,0.236235,199.71
750,105.5,80,0.23617,0.250922,0.23617,199.701
750,105.5,80,0.236105,0.251158,0.236105,199.651
750,105.5,80,0.23604,0.251401,0.23604,199.629
750,105.5,80,0.23597,0.251641,0.23597,199.554
750,105.5,80,0.235905,0.251884,0.235905,199.515
750,105.5,80,0.23584,0.252127,0.23584,199.515
750,105.5,80,0.235704,0.252518,0.235704,199.323
750,105.5,80,0.235638,0.252774,0.235638,199.314
750,105.5,80,0.235572,0.253031,0.235572,199.348
750,105.5,80,0.235506,0.253267,0.235506,199.369
750,105.5,80,0.23544,0.253516,0.23544,199.385
750,105.5,80,0.235369,0.253751,0.235369,199.337
750,105.5,80,0.235304,0.253987,0.235304,199.317
750,105.5,80,0.23524,0.254236,0.23524,199.354
750,105.5,80,0.23517,0.254499,0.23517,199.315
750,105.5,80,0.235105,0.254734,0.235105,199.319
750,105.5,80,0.234975,0.255102,0.234975,198.866
750,105.5,80,0.234908,0.255365,0.234908,199.04
750,105.5,80,0.234835,0.25561,0.234835,199.025
750,105.5,80,0.234768,0.255848,0.234768,198.991
750,105.5,80,0.234701,0.256089,0.234701,198.984
750,105.5,80,0.234633,0.256324,0.234633,198.955
750,105.5,80,0.23456,0.256575,0.23456,198.913
750,105.5,80,0.234492,0.256809,0.234492,198.878
750,105.5,80,0.234425,0.257051,0.234425,198.882
750,105.5,80,0.234359,0.257286,0.234359,198.874
750,105.5,80,0.234287,0.257536,0.234287,198.834
750,105.5,80,0.234219,0.257801,0.234219,198.664
750,105.5,80,0.234086,0.258145,0.234086,198.478
750,105.5,80,0.234019,0.258405,0.234019,198.627
750,105.5,80,0.233946,0.258653,0.233946,198.634
750,105.5,80,0.23388,0.258889,0.23388,198.653
750,105.5,80,0.23381,0.259137,0.23381,198.652
750,105.5,80,0.233742,0.259376,0.233742,198.613
750,105.5,80,0.233667,0.259627,0.233667,198.562
750,105.5,80,0.2336,0.259866,0.2336,198.554
750,105.5,80,0.233459,0.260276,0.233459,198.116
750,105.5,80,0.233393,0.260522,0.233393,198.299
750,105.5,80,0.233329,0.260773,0.233329,198.39
750,105.5,80,0.233263,0.261006,0.233263,198.409
750,105.5,80,0.233196,0.26124,0.233196,198.375
750,105.5,80,0.233124,0.261473,0.233124,198.311
750,105.5,80,0.233058,0.261721,0.233058,198.345
750,105.5,80,0.23299,0.261956,0.23299,198.342
750,105.5,80,0.232923,0.262222,0.232923,198.383
750,105.5,80,0.232855,0.262455,0.232855,198.152
750,105.5,80,0.232788,0.262703,0.232788,198.191
750,105.5,80,0.232646,0.262978,0.232646,197.697
750,105.5,80,0.232577,0.263282,0.232577,197.918
750,105.5,80,0.232509,0.263526,0.232509,198.011
750,105.5,80,0.232439,0.26377,0.232439,198.018
750,105.5,80,0.232374,0.264008,0.232374,198.03
750,105.5,80,0.232301,0.264259,0.232301,197.983
750,105.5,80,0.232237,0.264504,0.232237,198.024
750,105.5,80,0.232106,0.264902,0.232106,197.901
750,105.5,80,0.232034,0.265156,0.232034,197.844
750,105.5,80,0.231967,0.265399,0.231967,197.858
750,105.5,80,0.231899,0.265632,0.231899,197.842
750,105.5,80,0.231831,0.265883,0.231831,197.867
750,105.5,80,0.231757,0.266119,0.231757,197.815
750,105.5,80,0.231689,0.266374,0.231689,197.827
750,105.5,80,0.23162,0.266623,0.23162,197.85
750,105.5,80,0.231476,0.266988,0.231476,197.386
750,105.5,80,0.231397,0.267244,0.231397,197.469
750,105.5,80,0.23134,0.267496,0.23134,197.615
750,105.5,80,0.231271,0.26773,0.231271,197.615
750,105.5,80,0.231186,0.267962,0.231186,197.43
750,105.5,80,0.231103,0.268193,0.231103,197.272
750,105.5,80,0.231036,0.26843,0.231036,197.31
750,105.5,80,0.230966,0.268662,0.230966,197.305
750,105.5,80,0.230891,0.268906,0.230891,197.279
750,105.5,80,0.230821,0.269148,0.230821,197.287
750,105.5,80,0.230752,0.269382,0.230752,197.288
750,105.5,80,0.230675,0.269633,0.230675,197.021
750,105.5,80,0.230535,0.270001,0.230535,196.861
750,105.5,80,0.230465,0.270244,0.230465,197.026
750,105.5,80,0.230396,0.270478,0.230396,197.058
750,105.5,80,0.230321,0.270718,0.230321,197.033
750,105.5,80,0.230329,0.270971,0.230329,197.717
750,105.5,80,0.230261,0.271206,0.230261,197.616
750,105.5,80,0.23019,0.271452,0.23019,197.522
750,105.5,80,0.23012,0.2717,0.23012,197.445
750,105.5,80,0.229973,0.272062,0.229973,196.856
750,105.5,80,0.229902,0.272301,0.229902,196.946
750,105.5,80,0.229825,0.272541,0.229825,196.887
750,105.5,80,0.229752,0.272779,0.229752,196.872
750,105.5,80,0.229679,0.273036,0.229679,196.859
750,105.5,80,0.229599,0.273283,0.229599,196.813
750,105.5,80,0.229525,0.27353,0.229525,196.811
750,105.5,80,0.229377,0.273827,0.229377,196.169
750,105.5,80,0.229306,0.274138,0.229306,196.451
750,105.5,80,0.229228,0.274393,0.229228,196.535
750,105.5,80,0.229156,0.274675,0.229156,196.662
750,105.5,80,0.229014,0.275036,0.229014,196.226
750,105.5,80,0.228863,0.275489,0.228863,196.292
750,105.5,80,0.22879,0.275754,0.22879,196.318
750,105.5,80,0.228714,0.276077,0.228714,196.477
750,105.5,80,0.228569,0.276407,0.228569,196.054
750,105.5,80,0.228497,0.276712,0.228497,196.321
750,105.5,80,0.228344,0.277016,0.228344,195.893
750,105.5,80,0.228271,0.277337,0.228271,195.976
750,105.5,80,0.228198,0.277591,0.228198,196.097
750,105.5,80,0.22812,0.277841,0.22812,196.113
750,105.5,80,0.228047,0.278102,0.228047,196.186
750,105.5,80,0.227902,0.278473,0.227902,195.786
750,105.5,80,0.227829,0.278715,0.227829,195.912
750,105.5,80,0.22775,0.27896,0.22775,195.89
750,105.5,80,0.227676,0.279199,0.227676,195.9
750,105.5,80,0.227603,0.279469,0.227603,195.96
750,105.5,80,0.22753,0.279712,0.22753,196.042
750,105.5,80,0.227376,0.280044,0.227376,195.68
750,105.5,80,0.227302,0.280291,0.227302,195.781
750,105.5,80,0.227228,0.280532,0.227228,195.797
750,105.5,80,0.227148,0.28077,0.227148,195.721
750,105.5,80,0.227075,0.281022,0.227075,195.755
750,105.5,80,0.227001,0.281291,0.227001,195.827
750,105.5,80,0.226848,0.281641,0.226848,195.338
750,105.5,80,0.226774,0.28189,0.226774,195.481
750,105.5,80,0.2267,0.28215,0.2267,195.556
750,105.5,80,0.226545,0.282491,0.226545,195.239
750,105.5,80,0.22647,0.282786,0.22647,195.271
750,105.5,80,0.226394,0.283042,0.226394,195.358
750,105.5,80,0.226319,0.283323,0.226319,195.424
750,105.5,80,0.226163,0.283617,0.226163,194.99
750,105.5,80,0.226089,0.2839,0.226089,195
750,105.5,80,0.226015,0.284143,0.226015,195.072
750,105.5,80,0.225935,0.284387,0.225935,195.063
750,105.5,80,0.22586,0.284616,0.22586,195.055
750,105.5,80,0.225785,0.284869,0.225785,195.093
750,105.5,80,0.22571,0.285124,0.22571,195.151
750,105.5,80,0.225555,0.285494,0.225555,194.708
750,105.5,80,0.225479,0.285749,0.225479,194.876
750,105.5,80,0.225403,0.286007,0.225403,194.942
750,105.5,80,0.225321,0.286252,0.225321,194.909
750,105.5,80,0.225168,0.286599,0.225168,194.392
750,105.5,80,0.225092,0.28684,0.225092,194.532
750,105.5,80,0.225011,0.287092,0.225011,194.554
750,105.5,80,0.224937,0.287325,0.224937,194.565
750,105.5,80,0.224862,0.287577,0.224862,194.618
750,105.5,80,0.224781,0.28782,0.224781,194.599
750,105.5,80,0.224706,0.288055,0.224706,194.332
750,105.5,80,0.224631,0.288289,0.224631,194.368
750,105.5,80,0.224481,0.288569,0.224481,193.946
750,105.5,80,0.2244,0.288864,0.2244,194.149
750,105.5,80,0.224324,0.289101,0.224324,194.22
750,105.5,80,0.224248,0.289326,0.224248,194.215
750,105.5,80,0.224173,0.289553,0.224173,194.194
750,105.5,80,0.224091,0.289777,0.224091,194.117
750,105.5,80,0.224016,0.290007,0.224016,194.085
750,105.5,80,0.223941,0.290243,0.223941,194.102
750,105.5,80,0.223783,0.290647,0.223783,193.936
750,105.5,80,0.223709,0.29092,0.223709,193.986
750,105.5,80,0.223633,0.291179,0.223633,194.078
750,105.5,80,0.223551,0.291409,0.223551,193.808
750,105.5,80,0.223398,0.291749,0.223398,193.533
750,105.5,80,0.22332,0.29199,0.22332,193.677
750,105.5,80,0.223244,0.292219,0.223244,193.7
750,105.5,80,0.223161,0.292447,0.223161,193.627
750,105.5,80,0.223085,0.29269,0.223085,193.672
750,105.5,80,0.223009,0.292914,0.223009,193.674
750,105.5,80,0.222934,0.293138,0.222934,193.671
750,105.5,80,0.222853,0.293361,0.222853,193.562
750,105.5,80,0.222779,0.293593,0.222779,193.585
750,105.5,80,0.222704,0.293816,0.222704,193.587
750,105.5,80,0.222623,0.29405,0.222623,193.536
750,105.5,80,0.222549,0.294291,0.222549,193.567
750,105.5,80,0.222474,0.294519,0.222474,193.326
750,105.5,80,0.2224,0.294742,0.2224,193.349
750,105.5,80,0.222318,0.294968,0.222318,193.273
750,105.5,80,0.222242,0.295194,0.222242,193.278
750,105.5,80,0.222091,0.295522,0.222091,193.011
750,105.5,80,0.222017,0.295771,0.222017,193.191
750,105.5,80,0.221936,0.29601,0.221936,193.196
750,105.5,80,0.221862,0.296241,0.221862,193.241
750,105.5,80,0.221789,0.29648,0.221789,193.278
750,105.5,80,0.221707,0.296713,0.221707,193.231
750,105.5,80,0.221631,0.296966,0.221631,193.275
750,105.5,80,0.221478,0.297318,0.221478,192.798
750,105.5,80,0.221403,0.297579,0.221403,192.993
750,105.5,80,0.221319,0.297849,0.221319,193.058
750,105.5,80,0.221166,0.298208,0.221166,192.581
750,105.5,80,0.221089,0.298459,0.221089,192.757
750,105.5,80,0.22093,0.298855,0.22093,192.621
750,105.5,80,0.220856,0.299123,0.220856,192.689
750,105.5,80,0.220782,0.299406,0.220782,192.868
750,105.5,80,0.220625,0.299759,0.220625,192.441
750,105.5,80,0.220548,0.300023,0.220548,192.64
750,105.5,80,0.220467,0.300265,0.220467,192.653
750,105.5,80,0.220313,0.300622,0.220313,192.2
750,105.5,80,0.220237,0.300873,0.220237,192.389
750,105.5,80,0.22016,0.301161,0.22016,192.547
750,105.5,80,0.220001,0.301491,0.220001,192.033
750,105.5,80,0.219925,0.301739,0.219925,192.195
750,105.5,80,0.21985,0.30198,0.21985,192.266
750,105.5,80,0.219697,0.30239,0.219697,192.164
750,105.5,80,0.21962,0.302646,0.21962,192.181
750,105.5,80,0.219544,0.302912,0.219544,192.29
750,105.5,80,0.219384,0.30327,0.219384,191.854
750,105.5,80,0.219306,0.303533,0.219306,192.031
750,105.5,80,0.219146,0.303903,0.219146,191.839
750,105.5,80,0.219069,0.30419,0.219069,191.93
750,105.5,80,0.218993,0.304443,0.218993,192.017
750,105.5,80,0.218824,0.304773,0.218824,191.436
750,105.5,80,0.218749,0.305025,0.218749,191.639
750,105.5,80,0.218673,0.305285,0.218673,191.737
750,105.5,80,0.218597,0.305524,0.218597,191.801
750,105.5,80,0.218516,0.30579,0.218516,191.649
750,105.5,80,0.218363,0.306092,0.218363,191.351
750,105.5,80,0.218288,0.30635,0.218288,191.519
750,105.5,80,0.218209,0.306597,0.218209,191.595
750,105.5,80,0.218057,0.306986,0.218057,191.484
750,105.5,80,0.217979,0.307302,0.217979,191.612
750,105.5,80,0.217903,0.307634,0.217903,191.685
750,105.5,80,0.217828,0.307885,0.217828,191.768
750,105.5,80,0.217751,0.30816,0.217751,191.824
750,105.5,80,0.217592,0.308497,0.217592,191.269
750,105.5,80,0.217438,0.30885,0.217438,191.12
750,105.5,80,0.217359,0.309151,0.217359,191.181
750,105.5,80,0.217259,0.309428,0.217259,191.17
750,105.5,80,0.217178,0.309675,0.217178,191.218
750,105.5,80,0.217012,0.310019,0.217012,190.654
750,105.5,80,0.216932,0.310261,0.216932,190.802
750,105.5,80,0.216852,0.310539,0.216852,190.939
750,105.5,80,0.216694,0.310819,0.216694,190.33
750,105.5,80,0.216609,0.311106,0.216609,190.543
750,105.5,80,0.216531,0.311335,0.216531,190.641
750,105.5,80,0.216453,0.311554,0.216453,190.645
750,105.5,80,0.216369,0.311771,0.216369,190.535
750,105.5,80,0.21629,0.311987,0.21629,190.512
750,105.5,80,0.216212,0.312204,0.216212,190.476
750,105.5,80,0.216133,0.312429,0.216133,190.474
750,105.5,80,0.216047,0.312646,0.216047,190.379
750,105.5,80,0.215967,0.312862,0.215967,190.32
750,105.5,80,0.215888,0.313078,0.215888,190.3
750,105.5,80,0.21581,0.3133,0.21581,190.297
750,105.5,80,0.215731,0.313516,0.215731,190.259
750,105.5,80,0.215646,0.313732,0.215646,190.183
750,105.5,80,0.215569,0.313948,0.215569,190.182
750,105.5,80,0.215489,0.314167,0.215489,190.18
750,105.5,80,0.214925,0.315603,0.214925,189.854
750,105.5,80,0.214845,0.315864,0.214845,190.145
750,105.5,80,0.214765,0.316097,0.214765,188.993
750,105.5,80,0.214686,0.316352,0.214686,189.229
750,105.5,80,0.214525,0.316673,0.214525,188.885
750,105.5,80,0.214447,0.316909,0.214447,189.111
750,105.5,80,0.214368,0.317133,0.214368,189.246
750,105.5,80,0.214283,0.317351,0.214283,189.277
750,105.5,80,0.214203,0.317568,0.214203,189.332
750,105.5,80,0.214124,0.317834,0.214124,189.495
750,105.5,80,0.214044,0.318052,0.214044,189.515
750,105.5,80,0.213879,0.318393,0.213879,189.04
750,105.5,80,0.2138,0.318638,0.2138,189.263
750,105.5,80,0.213719,0.31887,0.213719,189.322
750,105.5,80,0.213641,0.319084,0.213641,189.335
750,105.5,80,0.213555,0.319324,0.213555,189.332
750,105.5,80,0.213476,0.319545,0.213476,189.351
750,105.5,80,0.21332,0.319823,0.21332,188.681
750,105.5,80,0.213234,0.320104,0.213234,188.907
750,105.5,80,0.213154,0.320342,0.213154,189.039
750,105.5,80,0.213074,0.320555,0.213074,189.038
750,105.5,80,0.212993,0.320773,0.212993,188.992
750,105.5,80,0.212907,0.320986,0.212907,188.927
750,105.5,80,0.212827,0.321199,0.212827,188.926
750,105.5,80,0.212747,0.321413,0.212747,188.92
750,105.5,80,0.212668,0.321632,0.212668,189.207
750,105.5,80,0.212582,0.321845,0.212582,189.054
750,105.5,80,0.212502,0.322069,0.212502,189.031
750,105.5,80,0.212422,0.322282,0.212422,188.964
750,105.5,80,0.212342,0.322511,0.212342,188.946
750,105.5,80,0.212255,0.322735,0.212255,188.845
750,105.5,80,0.212094,0.323014,0.212094,188.198
750,105.5,80,0.212008,0.32328,0.212008,188.38
750,105.5,80,0.211928,0.32351,0.211928,188.454
750,105.5,80,0.211847,0.323722,0.211847,188.42
750,105.5,80,0.211767,0.323948,0.211767,188.431
750,105.5,80,0.21168,0.324171,0.21168,188.373
750,105.5,80,0.2116,0.324413,0.2116,188.451
750,105.5,80,0.21152,0.324631,0.21152,188.469
750,105.5,80,0.211441,0.324871,0.211441,188.322
750,105.5,80,0.211278,0.325201,0.211278,188.07
750,105.5,80,0.211199,0.32547,0.211199,188.314
750,105.5,80,0.211034,0.325756,0.211034,187.937
750,105.5,80,0.210954,0.326044,0.210954,188.035
750,105.5,80,0.210875,0.326286,0.210875,188.181
750,105.5,80,0.210795,0.326555,0.210795,188.315
750,105.5,80,0.210627,0.326865,0.210627,187.779
750,105.5,80,0.210545,0.327125,0.210545,187.961
750,105.5,80,0.210463,0.327379,0.210463,188.057
750,105.5,80,0.210293,0.327707,0.210293,187.725
750,105.5,80,0.210213,0.327958,0.210213,187.767
750,105.5,80,0.210132,0.328231,0.210132,187.926
750,105.5,80,0.20997,0.328552,0.20997,187.475
750,105.5,80,0.209882,0.328791,0.209882,187.566
750,105.5,80,0.2098,0.329025,0.2098,187.634
750,105.5,80,0.20972,0.329274,0.20972,187.701
750,105.5,80,0.209638,0.329508,0.209638,187.574
750,105.5,80,0.209469,0.329802,0.209469,187.173
750,105.5,80,0.209389,0.330035,0.209389,187.296
750,105.5,80,0.209307,0.330298,0.209307,187.426
750,105.5,80,0.209139,0.330657,0.209139,187.226
750,105.5,80,0.209059,0.33092,0.209059,187.306
750,105.5,80,0.208978,0.331163,0.208978,187.36
750,105.5,80,0.208808,0.331488,0.208808,186.864
750,105.5,80,0.208725,0.331736,0.208725,187.042
750,105.5,80,0.208559,0.332057,0.208559,186.761
750,105.5,80,0.208468,0.332334,0.208468,186.82
750,105.5,80,0.208384,0.332601,0.208384,187
750,105.5,80,0.208301,0.332833,0.208301,187.041
750,105.5,80,0.208128,0.333138,0.208128,186.496
750,105.5,80,0.208046,0.333377,0.208046,186.657
750,105.5,80,0.20788,0.333698,0.20788,186.384
750,105.5,80,0.207789,0.333988,0.207789,186.486
750,105.5,80,0.207706,0.334217,0.207706,186.572
750,105.5,80,0.207624,0.334442,0.207624,186.569
750,105.5,80,0.20754,0.334684,0.20754,186.604
750,105.5,80,0.207367,0.335007,0.207367,186.054
750,105.5,80,0.207285,0.335247,0.207285,186.231
750,105.5,80,0.207196,0.335499,0.207196,186.295
750,105.5,80,0.207115,0.335756,0.207115,186.431
750,105.5,80,0.206953,0.336056,0.206953,185.927
750,105.5,80,0.206871,0.33631,0.206871,186.123
750,105.5,80,0.206781,0.336532,0.206781,186.106
750,105.5,80,0.206615,0.336869,0.206615,185.712
750,105.5,80,0.206531,0.337114,0.206531,185.893
750,105.5,80,0.206446,0.337392,0.206446,186.071
750,105.5,80,0.206271,0.337692,0.206271,185.561
750,105.5,80,0.206186,0.337951,0.206186,185.7
750,105.5,80,0.206101,0.338202,0.206101,185.819
750,105.5,80,0.205926,0.338533,0.205926,185.353
750,105.5,80,0.205842,0.338765,0.205842,185.488
750,105.5,80,0.205751,0.339027,0.205751,185.576
750,105.5,80,0.205582,0.339352,0.205582,185.157
750,105.5,80,0.205497,0.339586,0.205497,185.311
750,105.5,80,0.205405,0.339803,0.205405,185.276
750,105.5,80,0.20532,0.340029,0.20532,185.324
750,105.5,80,0.205237,0.340252,0.205237,185.191
750,105.5,80,0.205153,0.340462,0.205153,185.212
750,105.5,80,0.204979,0.340712,0.204979,184.67
750,105.5,80,0.204896,0.340983,0.204896,184.921
750,105.5,80,0.204812,0.341195,0.204812,184.983
750,105.5,80,0.20472,0.341412,0.20472,184.938
750,105.5,80,0.204636,0.341624,0.204636,184.939
750,105.5,80,0.204551,0.341832,0.204551,184.89
750,105.5,80,0.204467,0.342037,0.204467,184.834
750,105.5,80,0.204374,0.34225,0.204374,184.735
750,105.5,80,0.204289,0.342463,0.204289,184.724
750,105.5,80,0.204202,0.342709,0.204202,184.796
750,105.5,80,0.204008,0.34297,0.204008,183.964
750,105.5,80,0.203923,0.343224,0.203923,184.22
750,105.5,80,0.203839,0.343438,0.203839,184.316
750,105.5,80,0.203754,0.343672,0.203754,184.424
750,105.5,80,0.203662,0.343875,0.203662,184.374
750,105.5,80,0.203577,0.344079,0.203577,184.357
750,105.5,80,0.203476,0.344317,0.203476,184.292
750,105.5,80,0.2033,0.344581,0.2033,183.673
750,105.5,80,0.203216,0.344863,0.203216,183.985
750,105.5,80,0.203132,0.345081,0.203132,184.085
750,105.5,80,0.203046,0.345286,0.203046,184.069
750,105.5,80,0.202953,0.345501,0.202953,183.999
750,105.5,80,0.202866,0.345704,0.202866,183.96
750,105.5,80,0.202782,0.345923,0.202782,183.988
750,105.5,80,0.202714,0.346208,0.202714,184.26
750,105.5,80,0.202523,0.346478,0.202523,183.524
750,105.5,80,0.202534,0.346692,0.202534,184.473
750,105.5,80,0.202447,0.346912,0.202447,184.405
750,105.5,80,0.202359,0.347115,0.202359,184.275
750,105.5,80,0.202269,0.347335,0.202269,184.204
750,105.5,80,0.202173,0.347556,0.202173,184.104
750,105.5,80,0.201991,0.347889,0.201991,183.751
750,105.5,80,0.201892,0.348103,0.201892,183.606
750,105.5,80,0.201801,0.348327,0.201801,183.625
750,105.5,80,0.201707,0.348529,0.201707,183.553
750,105.5,80,0.201607,0.348731,0.201607,183.369
750,105.5,80,0.201514,0.348932,0.201514,183.298
750,105.5,80,0.201422,0.349163,0.201422,183.34
750,105.5,80,0.201328,0.349392,0.201328,183.36
750,105.5,80,0.201235,0.349593,0.201235,183.178
750,105.5,80,0.201134,0.349796,0.201134,183.072
750,105.5,80,0.200948,0.350093,0.200948,182.715
750,105.5,80,0.200847,0.350312,0.200847,182.775
750,105.5,80,0.200756,0.350533,0.200756,182.863
750,105.5,80,0.200666,0.350734,0.200666,182.878
750,105.5,80,0.200574,0.350952,0.200574,182.899
750,105.5,80,0.200482,0.351153,0.200482,182.871
750,105.5,80,0.200382,0.351359,0.200382,182.778
750,105.5,80,0.200292,0.35156,0.200292,182.753
750,105.5,80,0.200108,0.351838,0.200108,182.322
750,105.5,80,0.200007,0.352108,0.200007,182.387
750,105.5,80,0.199915,0.35233,0.199915,182.48
750,105.5,80,0.199821,0.352549,0.199821,182.503
750,105.5,80,0.199727,0.352783,0.199727,182.543
750,105.5,80,0.199535,0.353107,0.199535,182.216
750,105.5,80,0.199442,0.353341,0.199442,182.255
750,105.5,80,0.199347,0.353579,0.199347,182.346
750,105.5,80,0.199253,0.353797,0.199253,182.192
750,105.5,80,0.199057,0.354029,0.199057,181.464
750,105.5,80,0.198963,0.354304,0.198963,181.731
750,105.5,80,0.198868,0.354509,0.198868,181.735
750,105.5,80,0.198767,0.354737,0.198767,181.734
750,105.5,80,0.198673,0.354936,0.198673,181.703
750,105.5,80,0.198579,0.355153,0.198579,181.634
750,105.5,80,0.198477,0.355373,0.198477,181.634
750,105.5,80,0.198385,0.355584,0.198385,181.378
750,105.5,80,0.198199,0.355822,0.198199,180.803
750,105.5,80,0.198105,0.35608,0.198105,181.03
750,105.5,80,0.198004,0.356286,0.198004,181.035
750,105.5,80,0.197909,0.356497,0.197909,181.064
750,105.5,80,0.197814,0.356695,0.197814,181.039
750,105.5,80,0.197718,0.356893,0.197718,180.954
750,105.5,80,0.197623,0.35709,0.197623,180.898
750,105.5,80,0.197518,0.357306,0.197518,180.857
750,105.5,80,0.197422,0.357504,0.197422,180.797
750,105.5,80,0.197325,0.357711,0.197325,180.736
750,105.5,80,0.19723,0.357929,0.19723,180.757
750,105.5,80,0.197029,0.358239,0.197029,180.558
750,105.5,80,0.196932,0.358458,0.196932,180.628
750,105.5,80,0.196837,0.358667,0.196837,180.589
750,105.5,80,0.196732,0.358864,0.196732,180.43
750,105.5,80,0.196635,0.359061,0.196635,180.362
750,105.5,80,0.196538,0.359257,0.196538,180.251
750,105.5,80,0.196444,0.359456,0.196444,180.22
750,105.5,80,0.196341,0.359653,0.196341,180.115
750,105.5,80,0.196247,0.359853,0.196247,180.104
750,105.5,80,0.196152,0.360049,0.196152,180.042
750,105.5,80,0.196058,0.360249,0.196058,180.028
750,105.5,80,0.195966,0.360445,0.195966,179.994
750,105.5,80,0.195863,0.360657,0.195863,179.936
750,105.5,80,0.195768,0.360862,0.195768,179.88
750,105.5,80,0.195674,0.361079,0.195674,179.781
750,105.5,80,0.195577,0.361286,0.195577,179.557
750,105.5,80,0.195376,0.361585,0.195376,179.155
750,105.5,80,0.195283,0.361798,0.195283,179.291
750,105.5,80,0.195188,0.361998,0.195188,179.295
750,105.5,80,0.195086,0.362197,0.195086,179.198
750,105.5,80,0.194992,0.362413,0.194992,179.202
750,105.5,80,0.194896,0.362617,0.194896,179.198
750,105.5,80,0.194802,0.362842,0.194802,179.235
750,105.5,80,0.194604,0.363076,0.194604,178.275
750,105.5,80,0.194511,0.363332,0.194511,178.529
750,105.5,80,0.194409,0.363534,0.194409,178.536
750,105.5,80,0.194316,0.363741,0.194316,178.558
750,105.5,80,0.194222,0.363935,0.194222,178.53
750,105.5,80,0.194129,0.36413,0.194129,178.467
750,105.5,80,0.194027,0.364324,0.194027,178.349
750,105.5,80,0.193934,0.364519,0.193934,178.322
750,105.5,80,0.193841,0.364713,0.193841,178.294
750,105.5,80,0.19375,0.364907,0.19375,178.242
750,105.5,80,0.193648,0.3651,0.193648,178.128
750,105.5,80,0.193555,0.365294,0.193555,178.087
750,105.5,80,0.193461,0.365488,0.193461,178.033
750,105.5,80,0.193367,0.365702,0.193367,178.008
750,105.5,80,0.193273,0.365901,0.193273,177.982
750,105.5,80,0.193172,0.366124,0.193172,177.95
750,105.5,80,0.192985,0.366358,0.192985,177.066
750,105.5,80,0.192891,0.366621,0.192891,177.361
750,105.5,80,0.192797,0.366817,0.192797,177.448
750,105.5,80,0.192694,0.367026,0.192694,177.404
750,105.5,80,0.192602,0.367222,0.192602,177.386
750,105.5,80,0.192508,0.367427,0.192508,177.392
750,105.5,80,0.192414,0.36762,0.192414,177.346
750,105.5,80,0.192311,0.367812,0.192311,177.19
750,105.5,80,0.192218,0.368005,0.192218,177.126
750,105.5,80,0.192124,0.368208,0.192124,177.071
750,105.5,80,0.192031,0.368401,0.192031,177.032
750,105.5,80,0.19193,0.368617,0.19193,176.993
750,105.5,80,0.191838,0.368809,0.191838,176.608
750,105.5,80,0.19165,0.369106,0.19165,176.321
750,105.5,80,0.191548,0.369314,0.191548,176.476
750,105.5,80,0.191454,0.369513,0.191454,176.521
750,105.5,80,0.19136,0.36971,0.19136,176.51
750,105.5,80,0.191265,0.369909,0.191265,176.462
750,105.5,80,0.191169,0.3701,0.191169,176.407
750,105.5,80,0.191068,0.370292,0.191068,176.283
750,105.5,80,0.190974,0.370489,0.190974,176.258
750,105.5,80,0.190881,0.370691,0.190881,176.227
750,105.5,80,0.190788,0.370882,0.190788,176.202
750,105.5,80,0.190688,0.371099,0.190688,176.187
750,105.5,80,0.190595,0.371294,0.190595,175.819
750,105.5,80,0.190501,0.371489,0.190501,175.853
750,105.5,80,0.190407,0.371684,0.190407,175.876
750,105.5,80,0.190211,0.371974,0.190211,175.509
750,105.5,80,0.190117,0.372177,0.190117,175.701
750,105.5,80,0.190023,0.372376,0.190023,175.725
750,105.5,80,0.189922,0.372566,0.189922,175.627
750,105.5,80,0.189829,0.372756,0.189829,175.549
750,105.5,80,0.189735,0.372946,0.189735,175.509
750,105.5,80,0.189645,0.373147,0.189645,175.544
750,105.5,80,0.189541,0.373337,0.189541,175.422
750,105.5,80,0.189446,0.373526,0.189446,175.376
750,105.5,80,0.189351,0.373716,0.189351,175.295
750,105.5,80,0.189255,0.373906,0.189255,175.252
750,105.5,80,0.189153,0.374095,0.189153,175.143
750,105.5,80,0.189056,0.374284,0.189056,175.092
750,105.5,80,0.188959,0.374473,0.188959,174.942
750,105.5,80,0.188863,0.374685,0.188863,174.986
750,105.5,80,0.18876,0.374886,0.18876,174.966
750,105.5,80,0.188567,0.375191,0.188567,174.264
750,105.5,80,0.188471,0.375398,0.188471,174.538
750,105.5,80,0.188368,0.37559,0.188368,174.53
750,105.5,80,0.188271,0.375779,0.188271,174.501
750,105.5,80,0.188176,0.375976,0.188176,174.543
750,105.5,80,0.188081,0.376164,0.188081,174.556
750,105.5,80,0.187976,0.376354,0.187976,174.461
750,105.5,80,0.18786,0.376548,0.18786,174.275
750,105.5,80,0.18778,0.376756,0.18778,174.485
750,105.5,80,0.187683,0.376971,0.187683,174.556
750,105.5,80,0.187463,0.377243,0.187463,173.626
750,105.5,80,0.187367,0.377456,0.187367,173.933
750,105.5,80,0.187269,0.377665,0.187269,174.068
750,105.5,80,0.187171,0.377858,0.187171,174.104
750,105.5,80,0.187064,0.378071,0.187064,174.107
750,105.5,80,0.186965,0.378258,0.186965,174.068
750,105.5,80,0.186866,0.378461,0.186866,173.723
750,105.5,80,0.186658,0.378755,0.186658,173.412
750,105.5,80,0.186557,0.378959,0.186557,173.608
750,105.5,80,0.186441,0.379146,0.186441,173.468
750,105.5,80,0.186235,0.379437,0.186235,173.14
750,105.5,80,0.186135,0.379686,0.186135,173.27
750,105.5,80,0.186036,0.379915,0.186036,173.528
750,105.5,80,0.185929,0.380106,0.185929,173.498
750,105.5,80,0.185831,0.380323,0.185831,173.589
750,105.5,80,0.18563,0.380612,0.18563,172.957
750,105.5,80,0.185523,0.38082,0.185523,173.133
750,105.5,80,0.185426,0.381006,0.185426,173.176
750,105.5,80,0.185338,0.381205,0.185338,173.253
750,105.5,80,0.185238,0.38139,0.185238,173.21
750,105.5,80,0.185131,0.381614,0.185131,173.225
750,105.5,80,0.185032,0.3818,0.185032,172.911
750,105.5,80,0.184831,0.382093,0.184831,172.606
750,105.5,80,0.184721,0.382282,0.184721,172.67
750,105.5,80,0.18473,0.382478,0.18473,173.591
750,105.5,80,0.184629,0.382663,0.184629,173.44
750,105.5,80,0.184529,0.382848,0.184529,173.288
750,105.5,80,0.184429,0.383042,0.184429,173.21
750,105.5,80,0.184322,0.38325,0.184322,173.115
750,105.5,80,0.184125,0.383564,0.184125,172.861
750,105.5,80,0.184016,0.383766,0.184016,172.729
750,105.5,80,0.183915,0.383964,0.183915,172.719
750,105.5,80,0.183812,0.384195,0.183812,172.819
750,105.5,80,0.183605,0.384422,0.183605,171.935
750,105.5,80,0.183494,0.384665,0.183494,172.166
750,105.5,80,0.18339,0.384863,0.18339,172.25
750,105.5,80,0.183287,0.385053,0.183287,172.247
750,105.5,80,0.183183,0.385236,0.183183,172.199
750,105.5,80,0.183072,0.38543,0.183072,172.128
750,105.5,80,0.182968,0.385614,0.182968,172.066
750,105.5,80,0.182864,0.385814,0.182864,172.084
750,105.5,80,0.18276,0.386016,0.18276,172.099
750,105.5,80,0.182543,0.386295,0.182543,171.383
750,105.5,80,0.182437,0.386501,0.182437,171.565
750,105.5,80,0.182332,0.386703,0.182332,171.64
750,105.5,80,0.182217,0.386886,0.182217,171.542
750,105.5,80,0.182112,0.387076,0.182112,171.503
750,105.5,80,0.182007,0.387258,0.182007,171.476
750,105.5,80,0.181901,0.387459,0.181901,171.523
750,105.5,80,0.181796,0.387641,0.181796,171.22
750,105.5,80,0.181683,0.387823,0.181683,171.128
750,105.5,80,0.181577,0.388006,0.181577,171.12
750,105.5,80,0.181473,0.388197,0.181473,171.137
750,105.5,80,0.181254,0.388488,0.181254,170.787
750,105.5,80,0.181148,0.388693,0.181148,170.917
750,105.5,80,0.181041,0.388878,0.181041,170.924
750,105.5,80,0.180936,0.389072,0.180936,170.936
750,105.5,80,0.180821,0.389275,0.180821,170.874
750,105.5,80,0.180716,0.389473,0.180716,170.921
750,105.5,80,0.180498,0.38976,0.180498,170.302
750,105.5,80,0.180392,0.389965,0.180392,170.51
750,105.5,80,0.180287,0.390149,0.180287,170.501
750,105.5,80,0.180181,0.390354,0.180181,170.566
750,105.5,80,0.180076,0.390557,0.180076,170.617
750,105.5,80,0.179854,0.390842,0.179854,169.912
750,105.5,80,0.179748,0.391031,0.179748,170.055
750,105.5,80,0.179644,0.391222,0.179644,170.109
750,105.5,80,0.179531,0.391402,0.179531,170.02
750,105.5,80,0.179428,0.39159,0.179428,170.009
750,105.5,80,0.179324,0.39181,0.179324,170.155
750,105.5,80,0.17921,0.392002,0.17921,169.899
750,105.5,80,0.179001,0.39225,0.179001,169.811
750,105.5,80,0.178895,0.392449,0.178895,169.893
750,105.5,80,0.17879,0.392634,0.17879,169.861
750,105.5,80,0.178675,0.392823,0.178675,169.747
750,105.5,80,0.178571,0.393007,0.178571,169.719
750,105.5,80,0.178466,0.393191,0.178466,169.626
750,105.5,80,0.178353,0.39337,0.178353,169.478
750,105.5,80,0.178248,0.393567,0.178248,169.491
750,105.5,80,0.178145,0.393776,0.178145,169.58
750,105.5,80,0.177925,0.394046,0.177925,168.861
750,105.5,80,0.177818,0.394229,0.177818,168.97
750,105.5,80,0.177714,0.394414,0.177714,169.003
750,105.5,80,0.177609,0.394594,0.177609,168.892
750,105.5,80,0.177505,0.394796,0.177505,168.949
750,105.5,80,0.177392,0.395004,0.177392,168.997
750,105.5,80,0.177186,0.395274,0.177186,168.389
750,105.5,80,0.177082,0.395469,0.177082,168.574
750,105.5,80,0.176969,0.395663,0.176969,168.583
750,105.5,80,0.176866,0.39584,0.176866,168.584
750,105.5,80,0.176763,0.396021,0.176763,168.542
750,105.5,80,0.176659,0.396198,0.176659,168.511
750,105.5,80,0.176546,0.396375,0.176546,168.404
750,105.5,80,0.176441,0.396551,0.176441,168.367
750,105.5,80,0.17634,0.396733,0.17634,168.353
750,105.5,80,0.176239,0.396911,0.176239,168.339
750,105.5,80,0.176025,0.397235,0.176025,168.129
750,105.5,80,0.175923,0.397494,0.175923,168.335
750,105.5,80,0.175717,0.397756,0.175717,167.79
750,105.5,80,0.175605,0.397966,0.175605,167.92
750,105.5,80,0.175401,0.398288,0.175401,167.74
750,105.5,80,0.175298,0.39849,0.175298,167.761
750,105.5,80,0.175187,0.398699,0.175187,167.804
750,105.5,80,0.175086,0.398877,0.175086,167.526
750,105.5,80,0.174885,0.399155,0.174885,167.233
750,105.5,80,0.174776,0.39938,0.174776,167.466
750,105.5,80,0.174576,0.399617,0.174576,167.035
750,105.5,80,0.174475,0.399859,0.174475,167.103
750,105.5,80,0.174374,0.40011,0.174374,167.407
750,105.5,80,0.174165,0.400366,0.174165,166.777
750,105.5,80,0.174064,0.400574,0.174064,167.011
750,105.5,80,0.173856,0.400883,0.173856,166.811
750,105.5,80,0.173755,0.401091,0.173755,166.861
750,105.5,80,0.173654,0.401339,0.173654,167.102
750,105.5,80,0.173441,0.401593,0.173441,166.455
750,105.5,80,0.173337,0.401811,0.173337,166.654
750,105.5,80,0.173121,0.402098,0.173121,166.33
750,105.5,80,0.173019,0.402311,0.173019,166.368
750,105.5,80,0.172919,0.402532,0.172919,166.524
750,105.5,80,0.172718,0.402803,0.172718,165.953
750,105.5,80,0.172608,0.403054,0.172608,166.247
750,105.5,80,0.172407,0.403316,0.172407,165.718
750,105.5,80,0.172297,0.403547,0.172297,165.975
750,105.5,80,0.172096,0.403847,0.172096,165.814
750,105.5,80,0.171994,0.404084,0.171994,165.927
750,105.5,80,0.171783,0.404351,0.171783,165.332
750,105.5,80,0.171683,0.404575,0.171683,165.629
750,105.5,80,0.171583,0.404796,0.171583,165.784
750,105.5,80,0.171371,0.405041,0.171371,165.03
750,105.5,80,0.171268,0.405234,0.171268,165.188
750,105.5,80,0.171168,0.405413,0.171168,165.233
750,105.5,80,0.171067,0.405618,0.171067,165.322
750,105.5,80,0.170858,0.405878,0.170858,164.669
750,105.5,80,0.170757,0.406068,0.170757,164.856
750,105.5,80,0.170659,0.406242,0.170659,164.902
750,105.5,80,0.170559,0.406417,0.170559,164.876
750,105.5,80,0.170451,0.406623,0.170451,164.88
750,105.5,80,0.170251,0.406849,0.170251,164.354
750,105.5,80,0.17015,0.40708,0.17015,164.432
750,105.5,80,0.170042,0.407266,0.170042,164.519
750,105.5,80,0.169941,0.407448,0.169941,164.524
750,105.5,80,0.169839,0.407632,0.169839,164.566
750,105.5,80,0.169737,0.407837,0.169737,164.668
750,105.5,80,0.169527,0.40809,0.169527,163.969
750,105.5,80,0.169425,0.408282,0.169425,164.176
750,105.5,80,0.169323,0.408452,0.169323,164.168
750,105.5,80,0.169215,0.408621,0.169215,164.041
750,105.5,80,0.169112,0.408795,0.169112,163.968
750,105.5,80,0.168992,0.408986,0.168992,163.874
750,105.5,80,0.168891,0.409161,0.168891,163.896
750,105.5,80,0.168789,0.409344,0.168789,163.909
750,105.5,80,0.168575,0.409554,0.168575,162.885
750,105.5,80,0.168473,0.409786,0.168473,163.276
750,105.5,80,0.168375,0.409962,0.168375,163.438
750,105.5,80,0.168273,0.410132,0.168273,163.402
750,105.5,80,0.168165,0.410303,0.168165,163.324
750,105.5,80,0.168064,0.410482,0.168064,163.359
750,105.5,80,0.167964,0.410654,0.167964,163.358
750,105.5,80,0.167862,0.410836,0.167862,163.319
750,105.5,80,0.167651,0.411084,0.167651,162.856
750,105.5,80,0.167651,0.411295,0.167651,163.626
750,105.5,80,0.167551,0.411473,0.167551,163.602
750,105.5,80,0.167439,0.411645,0.167439,163.372
750,105.5,80,0.167337,0.411812,0.167337,163.269
750,105.5,80,0.167233,0.412009,0.167233,163.278
750,105.5,80,0.16703,0.412293,0.16703,162.972
750,105.5,80,0.166922,0.412483,0.166922,162.883
750,105.5,80,0.166821,0.412654,0.166821,162.867
750,105.5,80,0.166729,0.412841,0.166729,162.927
750,105.5,80,0.166615,0.413029,0.166615,162.811
750,105.5,80,0.166404,0.413289,0.166404,162.122
750,105.5,80,0.166302,0.413478,0.166302,162.336
750,105.5,80,0.166209,0.413662,0.166209,162.454
750,105.5,80,0.166107,0.413844,0.166107,162.484
750,105.5,80,0.165978,0.414022,0.165978,162
750,105.5,80,0.165791,0.414231,0.165791,161.555
750,105.5,80,0.165689,0.414459,0.165689,161.898
750,105.5,80,0.165575,0.414645,0.165575,161.959
750,105.5,80,0.165451,0.414851,0.165451,161.952
750,105.5,80,0.165259,0.41506,0.165259,161.127
750,105.5,80,0.165143,0.415284,0.165143,161.487
750,105.5,80,0.165022,0.415461,0.165022,161.46
750,105.5,80,0.16492,0.415659,0.16492,161.582
750,105.5,80,0.164718,0.415943,0.164718,161.404
750,105.5,80,0.164624,0.416138,0.164624,161.53
750,105.5,80,0.164505,0.416319,0.164505,161.432
750,105.5,80,0.164404,0.416502,0.164404,161.49
750,105.5,80,0.164194,0.416747,0.164194,160.767
750,105.5,80,0.16411,0.416944,0.16411,161.168
750,105.5,80,0.163993,0.417125,0.163993,161.122
750,105.5,80,0.164004,0.417319,0.164004,162.076
750,105.5,80,0.163894,0.417498,0.163894,161.652
750,105.5,80,0.163695,0.417749,0.163695,161.252
750,105.5,80,0.163577,0.417926,0.163577,161.193
750,105.5,80,0.163476,0.418109,0.163476,161.233
750,105.5,80,0.163274,0.418349,0.163274,160.795
750,105.5,80,0.16317,0.418563,0.16317,160.859
750,105.5,80,0.163056,0.418741,0.163056,160.85
750,105.5,80,0.162948,0.418922,0.162948,160.831
750,105.5,80,0.162841,0.419108,0.162841,160.851
750,105.5,80,0.162615,0.419364,0.162615,160.152
750,105.5,80,0.162509,0.419548,0.162509,160.324
750,105.5,80,0.162404,0.419718,0.162404,160.317
750,105.5,80,0.16229,0.419881,0.16229,160.19
750,105.5,80,0.162185,0.420047,0.162185,160.11
750,105.5,80,0.162081,0.420213,0.162081,160.07
750,105.5,80,0.161977,0.420389,0.161977,160.113
750,105.5,80,0.16176,0.420661,0.16176,159.818
750,105.5,80,0.161657,0.420839,0.161657,159.822
750,105.5,80,0.161553,0.421008,0.161553,159.864
750,105.5,80,0.161452,0.421171,0.161452,159.855
750,105.5,80,0.16134,0.421332,0.16134,159.743
750,105.5,80,0.161236,0.421497,0.161236,159.687
750,105.5,80,0.161132,0.421666,0.161132,159.696
750,105.5,80,0.160917,0.421905,0.160917,159.248
750,105.5,80,0.160811,0.422119,0.160811,159.355
750,105.5,80,0.160705,0.422307,0.160705,159.497
750,105.5,80,0.160591,0.422481,0.160591,159.44
750,105.5,80,0.160486,0.42266,0.160486,159.495
750,105.5,80,0.160381,0.42282,0.160381,159.531
750,105.5,80,0.160175,0.423082,0.160175,159.184
750,105.5,80,0.160066,0.423255,0.160066,159.228
750,105.5,80,0.159963,0.42343,0.159963,159.228
750,105.5,80,0.159861,0.423597,0.159861,159.196
750,105.5,80,0.159751,0.423785,0.159751,159.139
750,105.5,80,0.159548,0.424025,0.159548,158.49
750,105.5,80,0.159445,0.424205,0.159445,158.643
750,105.5,80,0.159343,0.424376,0.159343,158.663
750,105.5,80,0.159232,0.424581,0.159232,158.728
750,105.5,80,0.15903,0.424819,0.15903,158.108
750,105.5,80,0.158928,0.424996,0.158928,158.276
750,105.5,80,0.158817,0.425172,0.158817,158.209
750,105.5,80,0.158717,0.425355,0.158717,158.295
750,105.5,80,0.158513,0.42563,0.158513,157.848
750,105.5,80,0.158403,0.425817,0.158403,158.015
750,105.5,80,0.158302,0.425995,0.158302,158.082
750,105.5,80,0.1581,0.426242,0.1581,157.5
750,105.5,80,0.15799,0.426414,0.15799,157.606
750,105.5,80,0.157888,0.426596,0.157888,157.693
750,105.5,80,0.15779,0.426762,0.15779,157.746
750,105.5,80,0.157689,0.426946,0.157689,157.824
750,105.5,80,0.15748,0.427144,0.15748,156.922
750,105.5,80,0.157378,0.427361,0.157378,157.274
750,105.5,80,0.157172,0.427529,0.157172,156.527
750,105.5,80,0.15706,0.427703,0.15706,156.647
750,105.5,80,0.156958,0.427868,0.156958,156.774
750,105.5,80,0.156856,0.428046,0.156856,156.893
750,105.5,80,0.156746,0.428219,0.156746,156.695
750,105.5,80,0.156545,0.428449,0.156545,156.347
750,105.5,80,0.156445,0.428626,0.156445,156.592
750,105.5,80,0.156346,0.428801,0.156346,156.72
750,105.5,80,0.156239,0.42897,0.156239,156.728
750,105.5,80,0.156141,0.429148,0.156141,156.829
750,105.5,80,0.155942,0.429335,0.155942,155.954
750,105.5,80,0.155834,0.429546,0.155834,156.247
750,105.5,80,0.155737,0.429721,0.155737,156.432
750,105.5,80,0.155641,0.4299,0.155641,156.594
750,105.5,80,0.155438,0.430118,0.155438,156.141
750,105.5,80,0.155338,0.430328,0.155338,156.258
750,105.5,80,0.155239,0.43051,0.155239,156.411
750,105.5,80,0.155131,0.430695,0.155131,156.447
750,105.5,80,0.154931,0.430893,0.154931,155.673
750,105.5,80,0.15483,0.431098,0.15483,155.928
750,105.5,80,0.15472,0.431272,0.15472,155.987
750,105.5,80,0.154618,0.431453,0.154618,156.083
750,105.5,80,0.154518,0.431624,0.154518,156.126
750,105.5,80,0.154316,0.431817,0.154316,155.264
750,105.5,80,0.154207,0.432027,0.154207,155.527
750,105.5,80,0.154109,0.432197,0.154109,155.672
750,105.5,80,0.154009,0.432373,0.154009,155.748
750,105.5,80,0.153908,0.432534,0.153908,155.719
750,105.5,80,0.1538,0.432698,0.1538,155.412
750,105.5,80,0.153699,0.432867,0.153699,155.455
750,105.5,80,0.153501,0.433102,0.153501,155.074
750,105.5,80,0.153393,0.433272,0.153393,155.16
750,105.5,80,0.153296,0.43345,0.153296,155.256
750,105.5,80,0.153097,0.433709,0.153097,155.003
750,105.5,80,0.152998,0.433877,0.152998,154.975
750,105.5,80,0.152895,0.434046,0.152895,154.99
750,105.5,80,0.152796,0.434215,0.152796,155.014
750,105.5,80,0.152696,0.434383,0.152696,155.004
750,105.5,80,0.152489,0.434617,0.152489,154.369
750,105.5,80,0.15239,0.434794,0.15239,154.574
750,105.5,80,0.152292,0.434967,0.152292,154.648
750,105.5,80,0.152194,0.435155,0.152194,154.777
750,105.5,80,0.151993,0.435389,0.151993,154.146
750,105.5,80,0.151894,0.435559,0.151894,154.303
750,105.5,80,0.151797,0.435711,0.151797,154.281
750,105.5,80,0.1517,0.435889,0.1517,154.338
750,105.5,80,0.151594,0.43605,0.151594,154.268
750,105.5,80,0.151496,0.436221,0.151496,153.954
750,105.5,80,0.1513,0.43646,0.1513,153.675
750,105.5,80,0.151192,0.436631,0.151192,153.795
750,105.5,80,0.151094,0.436804,0.151094,153.864
750,105.5,80,0.15088,0.437053,0.15088,153.29
750,105.5,80,0.150773,0.437216,0.150773,153.401
750,105.5,80,0.150676,0.437395,0.150676,153.56
750,105.5,80,0.150579,0.437547,0.150579,153.578
750,105.5,80,0.150472,0.43771,0.150472,153.276
750,105.5,80,0.150277,0.437945,0.150277,152.981
750,105.5,80,0.150179,0.438118,0.150179,153.202
750,105.5,80,0.150083,0.438281,0.150083,153.29
750,105.5,80,0.149977,0.43846,0.149977,153.302
750,105.5,80,0.14988,0.438623,0.14988,153.351
750,105.5,80,0.14969,0.438855,0.14969,152.792
750,105.5,80,0.149569,0.439018,0.149569,152.763
750,105.5,80,0.149379,0.439285,0.149379,152.639
750,105.5,80,0.149284,0.43945,0.149284,152.725
750,105.5,80,0.149187,0.439618,0.149187,152.83
750,105.5,80,0.14909,0.439777,0.14909,152.839
750,105.5,80,0.148992,0.439948,0.148992,152.891
750,105.5,80,0.148793,0.44019,0.148793,152.333
750,105.5,80,0.148699,0.440358,0.148699,152.513
750,105.5,80,0.148605,0.440527,0.148605,152.597
750,105.5,80,0.148513,0.440703,0.148513,152.707
750,105.5,80,0.148316,0.440933,0.148316,152.076
750,105.5,80,0.148222,0.441102,0.148222,152.27
750,105.5,80,0.14813,0.441277,0.14813,152.389
750,105.5,80,0.147933,0.441521,0.147933,152.087
750,105.5,80,0.147837,0.441687,0.147837,152.073
750,105.5,80,0.147743,0.441882,0.147743,152.256
750,105.5,80,0.147652,0.442067,0.147652,152.235
750,105.5,80,0.147558,0.442263,0.147558,152.374
750,105.5,80,0.147465,0.442427,0.147465,152.407
750,105.5,80,0.147371,0.442623,0.147371,152.486
750,105.5,80,0.147269,0.442777,0.147269,152.148
750,105.5,80,0.147079,0.442994,0.147079,151.717
750,105.5,80,0.146983,0.443151,0.146983,151.789
750,105.5,80,0.146885,0.443331,0.146885,151.831
750,105.5,80,0.146678,0.44359,0.146678,151.532
750,105.5,80,0.14658,0.443747,0.14658,151.485
750,105.5,80,0.146481,0.443906,0.146481,151.456
750,105.5,80,0.146375,0.444083,0.146375,151.474
750,105.5,80,0.146185,0.444308,0.146185,150.957
750,105.5,80,0.146089,0.444474,0.146089,151.13
750,105.5,80,0.145994,0.44463,0.145994,151.152
750,105.5,80,0.14589,0.444818,0.14589,151.236
750,105.5,80,0.145797,0.444973,0.145797,151.081
750,105.5,80,0.145597,0.445182,0.145597,150.581
750,105.5,80,0.145502,0.44534,0.145502,150.727
750,105.5,80,0.145409,0.445503,0.145409,150.825
750,105.5,80,0.145315,0.445653,0.145315,150.83
750,105.5,80,0.145116,0.445917,0.145116,150.568
750,105.5,80,0.145022,0.446075,0.145022,150.588
750,105.5,80,0.144925,0.446266,0.144925,150.746
750,105.5,80,0.144724,0.446488,0.144724,150.368
750,105.5,80,0.14463,0.446655,0.14463,150.376
750,105.5,80,0.144533,0.446799,0.144533,150.358
750,105.5,80,0.144435,0.446963,0.144435,150.389
750,105.5,80,0.144329,0.447127,0.144329,150.304
750,105.5,80,0.144233,0.447285,0.144233,150.191
750,105.5,80,0.144041,0.447466,0.144041,149.568
750,105.5,80,0.143938,0.44765,0.143938,149.747
750,105.5,80,0.143844,0.447807,0.143844,149.873
750,105.5,80,0.143751,0.447965,0.143751,149.951
750,105.5,80,0.143656,0.448117,0.143656,149.953
750,105.5,80,0.143561,0.448269,0.143561,149.923
750,105.5,80,0.143458,0.448423,0.143458,149.659
750,105.5,80,0.143269,0.448601,0.143269,149.118
750,105.5,80,0.143175,0.448799,0.143175,149.402
750,105.5,80,0.143072,0.448957,0.143072,149.449
750,105.5,80,0.142979,0.449146,0.142979,149.63
750,105.5,80,0.142783,0.449369,0.142783,149.079
750,105.5,80,0.142689,0.449524,0.142689,149.434
750,105.5,80,0.142596,0.44969,0.142596,149.472
750,105.5,80,0.142401,0.449889,0.142401,148.962
750,105.5,80,0.142307,0.450077,0.142307,148.991
750,105.5,80,0.142213,0.450231,0.142213,149.059
750,105.5,80,0.14212,0.450384,0.14212,149.071
750,105.5,80,0.142018,0.45054,0.142018,148.989
750,105.5,80,0.141925,0.450703,0.141925,149.038
750,105.5,80,0.141739,0.450881,0.141739,148.286
750,105.5,80,0.141637,0.451073,0.141637,148.515
750,105.5,80,0.141544,0.451228,0.141544,148.612
750,105.5,80,0.141451,0.451381,0.141451,148.65
750,105.5,80,0.141359,0.451542,0.141359,148.72
750,105.5,80,0.141257,0.451698,0.141257,148.64
750,105.5,80,0.141069,0.451922,0.141069,148.109
750,105.5,80,0.140976,0.452073,0.140976,148.232
750,105.5,80,0.140873,0.452214,0.140873,148.101
750,105.5,80,0.140779,0.452368,0.140779,148.081
750,105.5,80,0.140686,0.452543,0.140686,148.195
750,105.5,80,0.140504,0.452719,0.140504,147.464
750,105.5,80,0.140404,0.452895,0.140404,147.63
750,105.5,80,0.140313,0.453057,0.140313,147.79
750,105.5,80,0.140223,0.453203,0.140223,147.834
750,105.5,80,0.140133,0.453359,0.140133,147.851
750,105.5,80,0.140034,0.453521,0.140034,147.86
750,105.5,80,0.139855,0.453741,0.139855,147.368
750,105.5,80,0.139766,0.453889,0.139766,147.52
750,105.5,80,0.139668,0.454049,0.139668,147.532
750,105.5,80,0.139578,0.454205,0.139578,147.609
750,105.5,80,0.139489,0.454368,0.139489,147.689
750,105.5,80,0.139304,0.454532,0.139304,146.826
750,105.5,80,0.139214,0.454719,0.139214,147.079
750,105.5,80,0.139126,0.454867,0.139126,147.193
750,105.5,80,0.139036,0.455027,0.139036,147.265
750,105.5,80,0.138938,0.455187,0.138938,147.274
750,105.5,80,0.138848,0.455336,0.138848,147.06
750,105.5,80,0.138759,0.455486,0.138759,147.097
750,105.5,80,0.138572,0.455691,0.138572,146.702
750,105.5,80,0.138482,0.455839,0.138482,146.806
750,105.5,80,0.138393,0.455988,0.138393,146.863
750,105.5,80,0.138304,0.456135,0.138304,146.89
750,105.5,80,0.138208,0.456279,0.138208,146.799
750,105.5,80,0.13812,0.456435,0.13812,146.643
750,105.5,80,0.137948,0.456605,0.137948,146.187
750,105.5,80,0.137862,0.456795,0.137862,146.472
750,105.5,80,0.137769,0.456953,0.137769,146.57
750,105.5,80,0.137682,0.4571,0.137682,146.612
750,105.5,80,0.137509,0.457296,0.137509,146.245
750,105.5,80,0.137414,0.457486,0.137414,146.276
750,105.5,80,0.137328,0.457636,0.137328,146.397
750,105.5,80,0.137242,0.457795,0.137242,146.478
750,105.5,80,0.137062,0.457993,0.137062,146.079
750,105.5,80,0.136977,0.458174,0.136977,146.15
750,105.5,80,0.136889,0.458334,0.136889,146.267
750,105.5,80,0.136801,0.458496,0.136801,146.357
750,105.5,80,0.136621,0.458667,0.136621,145.601
750,105.5,80,0.136535,0.458845,0.136535,145.86
750,105.5,80,0.136448,0.458996,0.136448,145.967
750,105.5,80,0.136361,0.459134,0.136361,145.938
750,105.5,80,0.136271,0.459278,0.136271,145.918
750,105.5,80,0.136185,0.459429,0.136185,145.958
750,105.5,80,0.136099,0.459583,0.136099,146.004
750,105.5,80,0.136014,0.459721,0.136014,145.761
750,105.5,80,0.135843,0.459938,0.135843,145.492
750,105.5,80,0.135761,0.460085,0.135761,145.643
750,105.5,80,0.13568,0.460239,0.13568,145.706
750,105.5,80,0.135505,0.46043,0.135505,145.301
750,105.5,80,0.135421,0.460616,0.135421,145.423
750,105.5,80,0.135337,0.460761,0.135337,145.487
750,105.5,80,0.135246,0.460923,0.135246,145.526
750,105.5,80,0.135162,0.461076,0.135162,145.583
750,105.5,80,0.134985,0.461291,0.134985,145.073
750,105.5,80,0.134901,0.461434,0.134901,145.188
750,105.5,80,0.134819,0.461589,0.134819,145.283
750,105.5,80,0.134737,0.461745,0.134737,145.349
750,105.5,80,0.134566,0.46195,0.134566,144.866
750,105.5,80,0.134485,0.462101,0.134485,145.036
750,105.5,80,0.134384,0.462271,0.134384,145.016
750,105.5,80,0.134212,0.462489,0.134212,144.741
750,105.5,80,0.134131,0.462642,0.134131,144.78
750,105.5,80,0.134049,0.462785,0.134049,144.832
750,105.5,80,0.133966,0.462945,0.133966,144.914
750,105.5,80,0.133884,0.463089,0.133884,144.795
750,105.5,80,0.133712,0.463303,0.133712,144.518
750,105.5,80,0.13363,0.463452,0.13363,144.634
750,105.5,80,0.133547,0.463598,0.133547,144.679
750,105.5,80,0.133458,0.46375,0.133458,144.688
750,105.5,80,0.133292,0.46392,0.133292,144.095
750,105.5,80,0.133202,0.464101,0.133202,144.303
750,105.5,80,0.133121,0.46425,0.133121,144.426
750,105.5,80,0.133037,0.464394,0.133037,144.453
750,105.5,80,0.132956,0.464545,0.132956,144.502
750,105.5,80,0.132865,0.464685,0.132865,144.4
750,105.5,80,0.132702,0.4649,0.132702,143.977
750,105.5,80,0.132622,0.465041,0.132622,144.091
750,105.5,80,0.132536,0.465179,0.132536,144.041
750,105.5,80,0.13246,0.46532,0.13246,144.096
750,105.5,80,0.132381,0.465478,0.132381,144.191
750,105.5,80,0.132303,0.465619,0.132303,144.061
750,105.5,80,0.132124,0.465787,0.132124,143.477
750,105.5,80,0.132045,0.465949,0.132045,143.695
750,105.5,80,0.131965,0.466093,0.131965,143.788
750,105.5,80,0.131886,0.466245,0.131886,143.854
750,105.5,80,0.131802,0.466404,0.131802,143.908
750,105.5,80,0.131722,0.466545,0.131722,143.775
750,105.5,80,0.131556,0.466745,0.131556,143.457
750,105.5,80,0.131479,0.466887,0.131479,143.585
750,105.5,80,0.131402,0.467026,0.131402,143.621
750,105.5,80,0.131324,0.467171,0.131324,143.662
750,105.5,80,0.131164,0.467354,0.131164,143.26
750,105.5,80,0.13109,0.467536,0.13109,143.399
750,105.5,80,0.131014,0.467678,0.131014,143.492
750,105.5,80,0.130937,0.467817,0.130937,143.509
750,105.5,80,0.130862,0.467974,0.130862,143.579
750,105.5,80,0.130798,0.468171,0.130798,143.702
750,105.5,80,0.13072,0.468315,0.13072,143.713
750,105.5,80,0.130637,0.468456,0.130637,143.599
750,105.5,80,0.13056,0.468597,0.13056,143.552
750,105.5,80,0.130484,0.468731,0.130484,143.499
750,105.5,80,0.130407,0.468887,0.130407,143.506
750,105.5,80,0.13025,0.469088,0.13025,143.059
750,105.5,80,0.130173,0.469232,0.130173,143.149
750,105.5,80,0.130095,0.469367,0.130095,143.127
750,105.5,80,0.130013,0.469509,0.130013,143.057
750,105.5,80,0.129936,0.469642,0.129936,143.031
750,105.5,80,0.129859,0.469803,0.129859,143.098
750,105.5,80,0.1297,0.47,0.1297,142.644
750,105.5,80,0.129624,0.470144,0.129624,142.757
750,105.5,80,0.129547,0.470287,0.129547,142.806
750,105.5,80,0.12947,0.470454,0.12947,142.912
750,105.5,80,0.129311,0.470617,0.129311,142.298
750,105.5,80,0.129235,0.470786,0.129235,142.503
750,105.5,80,0.129159,0.470927,0.129159,142.573
750,105.5,80,0.129083,0.471078,0.129083,142.643
750,105.5,80,0.129004,0.471215,0.129004,142.596
750,105.5,80,0.128929,0.471354,0.128929,142.445
750,105.5,80,0.128781,0.47151,0.128781,141.974
750,105.5,80,0.128699,0.471683,0.128699,142.132
750,105.5,80,0.128623,0.471824,0.128623,142.189
750,105.5,80,0.128547,0.471952,0.128547,142.168
750,105.5,80,0.128473,0.472081,0.128473,142.147
750,105.5,80,0.128391,0.472216,0.128391,142.05
750,105.5,80,0.128315,0.472348,0.128315,142.026
750,105.5,80,0.128239,0.472478,0.128239,142.034
750,105.5,80,0.128158,0.472608,0.128158,141.912
750,105.5,80,0.128081,0.472752,0.128081,141.978
750,105.5,80,0.127931,0.472921,0.127931,141.55
750,105.5,80,0.127858,0.473093,0.127858,141.685
750,105.5,80,0.127778,0.473229,0.127778,141.73
750,105.5,80,0.127705,0.473362,0.127705,141.769
750,105.5,80,0.127633,0.473491,0.127633,141.789
750,105.5,80,0.127561,0.473624,0.127561,141.811
750,105.5,80,0.127482,0.473751,0.127482,141.741
750,105.5,80,0.12741,0.473892,0.12741,141.756
750,105.5,80,0.127268,0.474077,0.127268,141.485
750,105.5,80,0.127189,0.474244,0.127189,141.531
750,105.5,80,0.127117,0.474378,0.127117,141.573
750,105.5,80,0.127044,0.474514,0.127044,141.566
750,105.5,80,0.126972,0.474641,0.126972,141.531
750,105.5,80,0.126893,0.474768,0.126893,141.426
750,105.5,80,0.12682,0.474895,0.12682,141.388
750,105.5,80,0.126748,0.475024,0.126748,141.591
750,105.5,80,0.126678,0.475151,0.126678,141.513
750,105.5,80,0.126606,0.475286,0.126606,141.487
750,105.5,80,0.126529,0.475424,0.126529,141.428
750,105.5,80,0.126386,0.475589,0.126386,140.886
750,105.5,80,0.126315,0.475755,0.126315,141.075
750,105.5,80,0.126236,0.47589,0.126236,141.059
750,105.5,80,0.126164,0.47602,0.126164,141.051
750,105.5,80,0.126094,0.47616,0.126094,141.084
750,105.5,80,0.126022,0.4763,0.126022,141.114
750,105.5,80,0.125875,0.476503,0.125875,140.87
750,105.5,80,0.125806,0.476646,0.125806,140.915
750,105.5,80,0.125729,0.476792,0.125729,140.939
750,105.5,80,0.12566,0.476946,0.12566,141.042
750,105.5,80,0.125524,0.477141,0.125524,140.719
750,105.5,80,0.125454,0.47728,0.125454,140.803
750,105.5,80,0.125379,0.47743,0.125379,140.833
750,105.5,80,0.12531,0.477574,0.12531,140.891
750,105.5,80,0.125172,0.477767,0.125172,140.534
750,105.5,80,0.125102,0.477901,0.125102,140.601
750,105.5,80,0.125025,0.478037,0.125025,140.562
750,105.5,80,0.124956,0.478167,0.124956,140.556
750,105.5,80,0.124884,0.478318,0.124884,140.589
750,105.5,80,0.124735,0.478514,0.124735,140.199
750,105.5,80,0.124666,0.478654,0.124666,140.277
750,105.5,80,0.124597,0.47879,0.124597,140.332
750,105.5,80,0.124522,0.478942,0.124522,140.388
750,105.5,80,0.12439,0.479127,0.12439,140.064
750,105.5,80,0.124323,0.479268,0.124323,140.183
750,105.5,80,0.124256,0.479399,0.124256,140.215
750,105.5,80,0.124183,0.479537,0.124183,140.211
750,105.5,80,0.124118,0.479685,0.124118,140.293
750,105.5,80,0.123985,0.479872,0.123985,139.972
750,105.5,80,0.123912,0.480006,0.123912,140.016
750,105.5,80,0.123847,0.480138,0.123847,140.066
750,105.5,80,0.123779,0.480271,0.123779,140.068
750,105.5,80,0.123711,0.480421,0.123711,140.131
750,105.5,80,0.123568,0.480625,0.123568,139.805
750,105.5,80,0.123498,0.480756,0.123498,139.843
750,105.5,80,0.123429,0.480885,0.123429,139.831
750,105.5,80,0.123355,0.481025,0.123355,139.815
750,105.5,80,0.123291,0.481165,0.123291,139.882
750,105.5,80,0.123158,0.481354,0.123158,139.503
750,105.5,80,0.123086,0.481493,0.123086,139.56
750,105.5,80,0.12302,0.481625,0.12302,139.583
750,105.5,80,0.122953,0.481753,0.122953,139.577
750,105.5,80,0.122887,0.481907,0.122887,139.658
750,105.5,80,0.12275,0.482087,0.12275,139.295
750,105.5,80,0.122686,0.482235,0.122686,139.442
750,105.5,80,0.122621,0.482379,0.122621,139.528
750,105.5,80,0.122555,0.482529,0.122555,139.608
750,105.5,80,0.122419,0.482706,0.122419,139.174
750,105.5,80,0.122353,0.482842,0.122353,139.25
750,105.5,80,0.122287,0.482972,0.122287,139.259
750,105.5,80,0.122199,0.483108,0.122199,139.107
750,105.5,80,0.122071,0.483286,0.122071,138.871
750,105.5,80,0.122006,0.48345,0.122006,139.001
750,105.5,80,0.121935,0.483578,0.121935,138.993
750,105.5,80,0.121871,0.483708,0.121871,139.041
750,105.5,80,0.121807,0.483835,0.121807,139.052
750,105.5,80,0.121743,0.483965,0.121743,139.05
750,105.5,80,0.121673,0.484087,0.121673,138.84
750,105.5,80,0.121545,0.484292,0.121545,138.691
750,105.5,80,0.12148,0.484426,0.12148,138.788
750,105.5,80,0.121411,0.484561,0.121411,138.798
750,105.5,80,0.121348,0.484704,0.121348,138.852
750,105.5,80,0.121221,0.484857,0.121221,138.381
750,105.5,80,0.12116,0.485022,0.12116,138.58
750,105.5,80,0.121092,0.485154,0.121092,138.611
750,105.5,80,0.12103,0.485276,0.12103,138.616
750,105.5,80,0.120968,0.485408,0.120968,138.652
750,105.5,80,0.120901,0.485538,0.120901,138.639
750,105.5,80,0.120776,0.485738,0.120776,138.468
750,105.5,80,0.120714,0.485876,0.120714,138.493
750,105.5,80,0.120652,0.486018,0.120652,138.564
750,105.5,80,0.120586,0.486157,0.120586,138.569
750,105.5,80,0.120462,0.486353,0.120462,138.264
750,105.5,80,0.120399,0.486487,0.120399,138.357
750,105.5,80,0.12033,0.486625,0.12033,138.369
750,105.5,80,0.120269,0.486755,0.120269,138.395
750,105.5,80,0.120143,0.486952,0.120143,138.104
750,105.5,80,0.12008,0.487083,0.12008,138.195
750,105.5,80,0.120014,0.487238,0.120014,138.275
750,105.5,80,0.119893,0.487387,0.119893,137.925
750,105.5,80,0.119827,0.487551,0.119827,137.993
750,105.5,80,0.119768,0.48768,0.119768,138.083
750,105.5,80,0.119708,0.48781,0.119708,138.101
750,105.5,80,0.119648,0.487939,0.119648,138.134
750,105.5,80,0.119588,0.488081,0.119588,138.198
750,105.5,80,0.119462,0.488267,0.119462,137.867
750,105.5,80,0.119402,0.488403,0.119402,137.968
750,105.5,80,0.119343,0.488536,0.119343,138.017
750,105.5,80,0.119219,0.488743,0.119219,137.857
750,105.5,80,0.119158,0.488877,0.119158,137.854
750,105.5,80,0.11908,0.489024,0.11908,137.808
750,105.5,80,0.11896,0.489176,0.11896,137.49
750,105.5,80,0.118899,0.489342,0.118899,137.585
750,105.5,80,0.118834,0.489474,0.118834,137.622
750,105.5,80,0.118775,0.489612,0.118775,137.703
750,105.5,80,0.118717,0.489731,0.118717,137.704
750,105.5,80,0.118595,0.489925,0.118595,137.393
750,105.5,80,0.118538,0.490055,0.118538,137.506
750,105.5,80,0.118483,0.490187,0.118483,137.575
750,105.5,80,0.118425,0.490327,0.118425,137.636
750,105.5,80,0.118302,0.490519,0.118302,137.375
750,105.5,80,0.118245,0.49065,0.118245,137.459
750,105.5,80,0.118187,0.490779,0.118187,137.493
750,105.5,80,0.118123,0.490906,0.118123,137.462
750,105.5,80,0.118067,0.49104,0.118067,137.518
750,105.5,80,0.118022,0.491223,0.118022,137.641
750,105.5,80,0.117965,0.49136,0.117965,137.674
750,105.5,80,0.117903,0.491492,0.117903,137.633
750,105.5,80,0.117846,0.491642,0.117846,137.654
750,105.5,80,0.117733,0.491816,0.117733,137.307
750,105.5,80,0.117673,0.49195,0.117673,137.335
750,105.5,80,0.117616,0.492077,0.117616,137.315
750,105.5,80,0.117558,0.49222,0.117558,137.337
750,105.5,80,0.1175,0.492347,0.1175,137.245
750,105.5,80,0.117378,0.492526,0.117378,136.98
750,105.5,80,0.117319,0.492651,0.117319,137.001
750,105.5,80,0.11726,0.49279,0.11726,137.05
750,105.5,80,0.117198,0.492918,0.117198,137.021
750,105.5,80,0.117083,0.49311,0.117083,136.737
750,105.5,80,0.117026,0.493236,0.117026,136.803
750,105.5,80,0.116964,0.493384,0.116964,136.859
750,105.5,80,0.116849,0.493536,0.116849,136.473
750,105.5,80,0.116793,0.493692,0.116793,136.654
750,105.5,80,0.116733,0.493816,0.116733,136.675
750,105.5,80,0.116677,0.49394,0.116677,136.711
750,105.5,80,0.116622,0.49406,0.116622,136.708
750,105.5,80,0.116569,0.494198,0.116569,136.781
750,105.5,80,0.116458,0.494381,0.116458,136.466
750,105.5,80,0.116404,0.494516,0.116404,136.621
750,105.5,80,0.11635,0.494645,0.11635,136.656
750,105.5,80,0.116235,0.49485,0.116235,136.514
750,105.5,80,0.116179,0.49498,0.116179,136.509
750,105.5,80,0.116123,0.495131,0.116123,136.586
750,105.5,80,0.116008,0.495283,0.116008,136.148
750,105.5,80,0.115953,0.49544,0.115953,136.318
750,105.5,80,0.115898,0.495568,0.115898,136.376
750,105.5,80,0.115843,0.495697,0.115843,136.41
750,105.5,80,0.115787,0.495832,0.115787,136.345
750,105.5,80,0.115671,0.495979,0.115671,135.996
750,105.5,80,0.115615,0.496125,0.115615,136.134
750,105.5,80,0.115561,0.496252,0.115561,136.188
750,105.5,80,0.115502,0.496372,0.115502,136.167
750,105.5,80,0.11545,0.496495,0.11545,136.2
750,105.5,80,0.115399,0.496615,0.115399,136.238
750,105.5,80,0.115346,0.496749,0.115346,136.465
750,105.5,80,0.115289,0.496869,0.115289,136.33
750,105.5,80,0.115186,0.497051,0.115186,136.18
750,105.5,80,0.115134,0.497184,0.115134,136.262
750,105.5,80,0.115021,0.497391,0.115021,136.118
750,105.5,80,0.114968,0.497521,0.114968,136.133
750,105.5,80,0.114913,0.497658,0.114913,136.146
750,105.5,80,0.114854,0.497775,0.114854,136.068
750,105.5,80,0.114746,0.497926,0.114746,135.69
750,105.5,80,0.114693,0.498089,0.114693,135.862
750,105.5,80,0.114634,0.498212,0.114634,135.849
750,105.5,80,0.114581,0.498335,0.114581,135.868
750,105.5,80,0.114529,0.49847,0.114529,135.904
750,105.5,80,0.114476,0.498591,0.114476,135.77
750,105.5,80,0.114366,0.49877,0.114366,135.557
750,105.5,80,0.114316,0.498894,0.114316,135.634
750,105.5,80,0.114266,0.499028,0.114266,135.693
750,105.5,80,0.114216,0.499158,0.114216,135.727
750,105.5,80,0.114113,0.499328,0.114113,135.433
750,105.5,80,0.114063,0.499455,0.114063,135.521
750,105.5,80,0.114013,0.499586,0.114013,135.561
750,105.5,80,0.113959,0.499706,0.113959,135.522
750,105.5,80,0.113858,0.4999,0.113858,135.404
750,105.5,80,0.113806,0.50003,0.113806,135.415
750,105.5,80,0.113751,0.500173,0.113751,135.465
750,105.5,80,0.1137,0.500299,0.1137,135.489
750,105.5,80,0.113596,0.500479,0.113596,135.22
750,105.5,80,0.11354,0.500602,0.11354,135.247
750,105.5,80,0.113441,0.500786,0.113441,135.128
750,105.5,80,0.113391,0.500932,0.113391,135.213
750,105.5,80,0.113341,0.501063,0.113341,135.275
750,105.5,80,0.113288,0.50118,0.113288,135.261
750,105.5,80,0.113239,0.501302,0.113239,135.2
750,105.5,80,0.113191,0.501428,0.113191,135.16
750,105.5,80,0.113098,0.501608,0.113098,135.073
750,105.5,80,0.113045,0.501732,0.113045,135.107
750,105.5,80,0.112997,0.501874,0.112997,135.189
750,105.5,80,0.11295,0.501993,0.11295,135.131
750,105.5,80,0.112851,0.502133,0.112851,134.837
750,105.5,80,0.112803,0.502284,0.112803,134.999
750,105.5,80,0.112755,0.502407,0.112755,135.068
750,105.5,80,0.112708,0.502527,0.112708,135.114
750,105.5,80,0.11266,0.502652,0.11266,135.153
750,105.5,80,0.112607,0.502778,0.112607,135.147
750,105.5,80,0.112511,0.502957,0.112511,134.935
750,105.5,80,0.112457,0.503082,0.112457,134.967
750,105.5,80,0.112409,0.503219,0.112409,135.032
750,105.5,80,0.11236,0.503337,0.11236,135.045
750,105.5,80,0.11225,0.503479,0.11225,134.656
750,105.5,80,0.112199,0.503635,0.112199,134.814
750,105.5,80,0.112152,0.503764,0.112152,134.915
750,105.5,80,0.112106,0.503896,0.112106,135.009
750,105.5,80,0.112011,0.504083,0.112011,134.877
750,105.5,80,0.111965,0.504207,0.111965,134.925
750,105.5,80,0.111918,0.504356,0.111918,135.002
750,105.5,80,0.111822,0.504521,0.111822,134.746
750,105.5,80,0.111776,0.50465,0.111776,134.808
750,105.5,80,0.111729,0.50477,0.111729,134.816
750,105.5,80,0.111683,0.504894,0.111683,134.839
750,105.5,80,0.111632,0.505019,0.111632,134.813
750,105.5,80,0.111539,0.505159,0.111539,134.435
750,105.5,80,0.111489,0.505308,0.111489,134.532
750,105.5,80,0.111442,0.505431,0.111442,134.568
750,105.5,80,0.111396,0.505562,0.111396,134.598
750,105.5,80,0.1113,0.50572,0.1113,134.381
750,105.5,80,0.111254,0.505868,0.111254,134.446
750,105.5,80,0.111207,0.505996,0.111207,134.505
750,105.5,80,0.111162,0.506131,0.111162,134.557
750,105.5,80,0.111069,0.506304,0.111069,134.33
750,105.5,80,0.111024,0.50643,0.111024,134.408
750,105.5,80,0.110937,0.506644,0.110937,134.377
750,105.5,80,0.110894,0.50677,0.110894,134.41
750,105.5,80,0.110846,0.50691,0.110846,134.432
750,105.5,80,0.110758,0.507077,0.110758,134.232
750,105.5,80,0.110715,0.507207,0.110715,134.322
750,105.5,80,0.110621,0.507378,0.110621,134.158
750,105.5,80,0.110576,0.507529,0.110576,134.235
750,105.5,80,0.110533,0.507659,0.110533,134.303
750,105.5,80,0.11044,0.50786,0.11044,134.19
750,105.5,80,0.110395,0.50798,0.110395,134.188
750,105.5,80,0.110305,0.50815,0.110305,134.037
750,105.5,80,0.110261,0.508301,0.110261,134.146
750,105.5,80,0.110218,0.508427,0.110218,134.194
750,105.5,80,0.110172,0.508568,0.110172,134.247
750,105.5,80,0.110086,0.508745,0.110086,134.082
750,105.5,80,0.110044,0.508863,0.110044,134.127
750,105.5,80,0.109957,0.509038,0.109957,133.993
750,105.5,80,0.109916,0.509182,0.109916,134.07
750,105.5,80,0.109874,0.509314,0.109874,134.127
750,105.5,80,0.109829,0.509449,0.109829,134.136
750,105.5,80,0.109745,0.509623,0.109745,133.987
750,105.5,80,0.109703,0.509743,0.109703,134.025
750,105.5,80,0.109616,0.509937,0.109616,133.927
750,105.5,80,0.109574,0.510061,0.109574,133.946
750,105.5,80,0.109531,0.510195,0.109531,133.973
750,105.5,80,0.109486,0.510308,0.109486,133.928
750,105.5,80,0.109401,0.51045,0.109401,133.634
750,105.5,80,0.109359,0.510602,0.109359,133.753
750,105.5,80,0.109305,0.51072,0.109305,133.687
750,105.5,80,0.109263,0.510839,0.109263,133.723
750,105.5,80,0.109223,0.510963,0.109223,133.78
750,105.5,80,0.109182,0.511084,0.109182,133.668
750,105.5,80,0.109097,0.511258,0.109097,133.643
750,105.5,80,0.109057,0.51138,0.109057,133.708
750,105.5,80,0.109017,0.511519,0.109017,133.769
750,105.5,80,0.10894,0.511652,0.10894,133.489
750,105.5,80,0.108903,0.5118,0.108903,133.634
750,105.5,80,0.108868,0.511916,0.108868,133.682
750,105.5,80,0.108833,0.512059,0.108833,133.769
750,105.5,80,0.108755,0.512224,0.108755,133.578
750,105.5,80,0.108718,0.512346,0.108718,133.627
750,105.5,80,0.108679,0.512459,0.108679,133.597
750,105.5,80,0.108638,0.512577,0.108638,133.559
750,105.5,80,0.108599,0.512693,0.108599,133.551
750,105.5,80,0.10856,0.512812,0.10856,133.529
750,105.5,80,0.108533,0.512984,0.108533,133.622
750,105.5,80,0.108491,0.513112,0.108491,133.637
750,105.5,80,0.108452,0.513225,0.108452,133.633
750,105.5,80,0.108415,0.513341,0.108415,133.618
750,105.5,80,0.108378,0.513459,0.108378,133.628
750,105.5,80,0.108301,0.513637,0.108301,133.504
750,105.5,80,0.108264,0.513754,0.108264,133.502
750,105.5,80,0.108228,0.513867,0.108228,133.513
750,105.5,80,0.108186,0.513983,0.108186,133.485
750,105.5,80,0.108148,0.51411,0.108148,133.524
750,105.5,80,0.108111,0.514226,0.108111,133.542
750,105.5,80,0.108034,0.514388,0.108034,133.375
750,105.5,80,0.107998,0.514512,0.107998,133.448
750,105.5,80,0.107928,0.514715,0.107928,133.453
750,105.5,80,0.107892,0.514843,0.107892,133.518
750,105.5,80,0.107858,0.514962,0.107858,133.574
750,105.5,80,0.107823,0.515087,0.107823,133.591
750,105.5,80,0.107751,0.515263,0.107751,133.461
750,105.5,80,0.107717,0.515377,0.107717,133.495
750,105.5,80,0.107683,0.515502,0.107683,133.551
750,105.5,80,0.107648,0.515625,0.107648,133.58
750,105.5,80,0.107576,0.515758,0.107576,133.312
750,105.5,80,0.10754,0.515907,0.10754,133.403
750,105.5,80,0.107503,0.516026,0.107503,133.423
750,105.5,80,0.107467,0.516147,0.107467,133.432
750,105.5,80,0.107429,0.516259,0.107429,133.393
750,105.5,80,0.107393,0.516375,0.107393,133.326
750,105.5,80,0.107358,0.51649,0.107358,133.32
750,105.5,80,0.107286,0.516621,0.107286,133.064
750,105.5,80,0.107252,0.516764,0.107252,133.292
750,105.5,80,0.107217,0.516881,0.107217,133.3
750,105.5,80,0.107181,0.516997,0.107181,133.279
750,105.5,80,0.107115,0.517157,0.107115,133.156
750,105.5,80,0.107082,0.517299,0.107082,133.239
750,105.5,80,0.10705,0.517416,0.10705,133.225
750,105.5,80,0.107014,0.517534,0.107014,133.196
750,105.5,80,0.106981,0.517654,0.106981,133.221
750,105.5,80,0.106916,0.517798,0.106916,132.943
750,105.5,80,0.106882,0.517942,0.106882,133.117
750,105.5,80,0.106851,0.518067,0.106851,133.172
750,105.5,80,0.106819,0.518187,0.106819,133.208
750,105.5,80,0.106752,0.518328,0.106752,133.028
750,105.5,80,0.106722,0.518471,0.106722,133.113
750,105.5,80,0.106691,0.518588,0.106691,133.175
750,105.5,80,0.10666,0.518703,0.10666,133.203
750,105.5,80,0.106626,0.518825,0.106626,133.212
750,105.5,80,0.106596,0.518934,0.106596,133.212
750,105.5,80,0.106564,0.51905,0.106564,133.193
750,105.5,80,0.106498,0.519211,0.106498,133.061
750,105.5,80,0.106467,0.519333,0.106467,133.104
750,105.5,80,0.106436,0.519448,0.106436,133.117
750,105.5,80,0.106401,0.51958,0.106401,133.136
750,105.5,80,0.10637,0.519689,0.10637,133.082
750,105.5,80,0.106309,0.519859,0.106309,132.996
750,105.5,80,0.106279,0.519971,0.106279,133.035
750,105.5,80,0.106245,0.520087,0.106245,133.031
750,105.5,80,0.106185,0.520277,0.106185,132.999
750,105.5,80,0.106152,0.520416,0.106152,133.04
750,105.5,80,0.106124,0.520537,0.106124,133.079
750,105.5,80,0.106067,0.520707,0.106067,132.969
750,105.5,80,0.106037,0.520821,0.106037,132.998
750,105.5,80,0.105976,0.521022,0.105976,132.969
750,105.5,80,0.10595,0.521135,0.10595,133.001
750,105.5,80,0.105922,0.521242,0.105922,133.005
750,105.5,80,0.105892,0.521349,0.105892,132.998
750,105.5,80,0.105865,0.521462,0.105865,133.034
750,105.5,80,0.105837,0.521568,0.105837,133.033
750,105.5,80,0.10581,0.521675,0.10581,133.028
750,105.5,80,0.105781,0.521781,0.105781,133.038
750,105.5,80,0.105749,0.521891,0.105749,133.001
750,105.5,80,0.105719,0.521997,0.105719,132.983
750,105.5,80,0.105692,0.522119,0.105692,133.005
750,105.5,80,0.105662,0.522226,0.105662,132.999
750,105.5,80,0.105633,0.522332,0.105633,132.958
750,105.5,80,0.105573,0.522464,0.105573,132.765
750,105.5,80,0.105545,0.52261,0.105545,132.873
750,105.5,80,0.105518,0.522719,0.105518,132.903
750,105.5,80,0.105486,0.52283,0.105486,132.891
750,105.5,80,0.105458,0.522937,0.105458,132.889
750,105.5,80,0.10543,0.523042,0.10543,132.898
750,105.5,80,0.105403,0.523147,0.105403,132.897
750,105.5,80,0.105375,0.523255,0.105375,132.885
750,105.5,80,0.105349,0.52336,0.105349,132.888
750,105.5,80,0.105324,0.523466,0.105324,132.889
750,105.5,80,0.105298,0.523572,0.105298,132.803
750,105.5,80,0.10526,0.523677,0.10526,132.715
750,105.5,80,0.105231,0.523786,0.105231,132.729
750,105.5,80,0.105204,0.523897,0.105204,132.75
750,105.5,80,0.105178,0.524009,0.105178,132.783
750,105.5,80,0.105124,0.524145,0.105124,132.601
750,105.5,80,0.105099,0.524292,0.105099,132.708
750,105.5,80,0.105073,0.5244,0.105073,132.738
750,105.5,80,0.105048,0.524505,0.105048,132.752
750,105.5,80,0.10502,0.524612,0.10502,132.731
750,105.5,80,0.104994,0.524717,0.104994,132.734
750,105.5,80,0.10497,0.524827,0.10497,132.747
750,105.5,80,0.104944,0.524932,0.104944,132.743
750,105.5,80,0.10492,0.525045,0.10492,132.77
750,105.5,80,0.104896,0.525151,0.104896,132.785
750,105.5,80,0.104873,0.525262,0.104873,132.812
750,105.5,80,0.104847,0.525375,0.104847,132.831
750,105.5,80,0.104801,0.525515,0.104801,132.752
750,105.5,80,0.104778,0.525651,0.104778,132.819
750,105.5,80,0.104755,0.525761,0.104755,132.849
750,105.5,80,0.104728,0.525873,0.104728,132.843
750,105.5,80,0.104703,0.525983,0.104703,132.853
750,105.5,80,0.104678,0.526087,0.104678,132.842
750,105.5,80,0.10465,0.526199,0.10465,132.817
750,105.5,80,0.104627,0.526305,0.104627,132.816
750,105.5,80,0.104578,0.526477,0.104578,132.743
750,105.5,80,0.104553,0.526595,0.104553,132.756
750,105.5,80,0.104527,0.526703,0.104527,132.749
750,105.5,80,0.104502,0.526808,0.104502,132.754
750,105.5,80,0.104478,0.526916,0.104478,132.77
750,105.5,80,0.104456,0.52702,0.104456,132.775
750,105.5,80,0.104431,0.527127,0.104431,132.779
750,105.5,80,0.10441,0.527235,0.10441,132.812
750,105.5,80,0.104389,0.527345,0.104389,132.848
750,105.5,80,0.104367,0.527452,0.104367,132.859
750,105.5,80,0.104346,0.527578,0.104346,132.893
750,105.5,80,0.104302,0.527706,0.104302,132.759
750,105.5,80,0.104281,0.527839,0.104281,132.773
750,105.5,80,0.104256,0.527952,0.104256,132.761
750,105.5,80,0.104234,0.528064,0.104234,132.771
750,105.5,80,0.104213,0.528169,0.104213,132.769
750,105.5,80,0.104192,0.528279,0.104192,132.769
750,105.5,80,0.104168,0.528383,0.104168,132.719
750,105.5,80,0.104146,0.528487,0.104146,132.711
750,105.5,80,0.104124,0.528595,0.104124,132.7
750,105.5,80,0.104081,0.528773,0.104081,132.654
750,105.5,80,0.104057,0.528886,0.104057,132.616
750,105.5,80,0.104035,0.528996,0.104035,132.626
750,105.5,80,0.104013,0.5291,0.104013,132.631
750,105.5,80,0.103992,0.529208,0.103992,132.642
750,105.5,80,0.103967,0.529312,0.103967,132.619
750,105.5,80,0.103945,0.529416,0.103945,132.609
750,105.5,80,0.103925,0.52952,0.103925,132.628
750,105.5,80,0.103905,0.529626,0.103905,132.658
750,105.5,80,0.103882,0.529731,0.103882,132.667
750,105.5,80,0.103863,0.529836,0.103863,132.699
750,105.5,80,0.103844,0.529942,0.103844,132.739
750,105.5,80,0.103823,0.530059,0.103823,132.772
750,105.5,80,0.103803,0.53017,0.103803,132.779
750,105.5,80,0.103763,0.53033,0.103763,132.708
750,105.5,80,0.103737,0.530445,0.103737,132.701
750,105.5,80,0.103718,0.530558,0.103718,132.759
750,105.5,80,0.1037,0.530664,0.1037,132.788
750,105.5,80,0.103687,0.530771,0.103687,132.853
750,105.5,80,0.103669,0.530874,0.103669,132.873
750,105.5,80,0.103643,0.530992,0.103643,132.848
750,105.5,80,0.103604,0.53113,0.103604,132.769
750,105.5,80,0.103581,0.531267,0.103581,132.822
750,105.5,80,0.103561,0.531377,0.103561,132.846
750,105.5,80,0.103541,0.531484,0.103541,132.865
750,105.5,80,0.103522,0.531588,0.103522,132.876
750,105.5,80,0.103503,0.531692,0.103503,132.877
750,105.5,80,0.103481,0.531796,0.103481,132.862
750,105.5,80,0.103462,0.531902,0.103462,132.862
750,105.5,80,0.103443,0.532005,0.103443,132.874
750,105.5,80,0.103423,0.532109,0.103423,132.856
750,105.5,80,0.103402,0.532213,0.103402,132.831
750,105.5,80,0.10338,0.532327,0.10338,132.794
750,105.5,80,0.103359,0.532437,0.103359,132.797
750,105.5,80,0.103338,0.532548,0.103338,132.791
750,105.5,80,0.103325,0.532681,0.103325,132.851
750,105.5,80,0.103305,0.532815,0.103305,132.87
750,105.5,80,0.103285,0.532924,0.103285,132.844
750,105.5,80,0.103264,0.533032,0.103264,132.816
750,105.5,80,0.103241,0.53314,0.103241,132.785
750,105.5,80,0.103221,0.533248,0.103221,132.764
750,105.5,80,0.103202,0.533356,0.103202,132.757
750,105.5,80,0.103179,0.533467,0.103179,132.727
750,105.5,80,0.10316,0.533581,0.10316,132.716
750,105.5,80,0.10314,0.53369,0.10314,132.652
750,105.5,80,0.103121,0.533793,0.103121,132.641
750,105.5,80,0.10308,0.533919,0.10308,132.503
750,105.5,80,0.103061,0.534053,0.103061,132.566
750,105.5,80,0.103042,0.534161,0.103042,132.593
750,105.5,80,0.103022,0.534265,0.103022,132.582
750,105.5,80,0.103004,0.534372,0.103004,132.611
750,105.5,80,0.102987,0.534475,0.102987,132.624
750,105.5,80,0.10297,0.534578,0.10297,132.644
750,105.5,80,0.102952,0.534681,0.102952,132.664
750,105.5,80,0.102933,0.534784,0.102933,132.669
750,105.5,80,0.102915,0.534887,0.102915,132.682
750,105.5,80,0.102898,0.534996,0.102898,132.698
750,105.5,80,0.102878,0.535102,0.102878,132.694
750,105.5,80,0.10286,0.535205,0.10286,132.704
750,105.5,80,0.102843,0.535308,0.102843,132.725
750,105.5,80,0.102827,0.53542,0.102827,132.743
750,105.5,80,0.102809,0.535533,0.102809,132.753
750,105.5,80,0.102775,0.535693,0.102775,132.729
750,105.5,80,0.102758,0.535806,0.102758,132.749
750,105.5,80,0.102739,0.535916,0.102739,132.767
750,105.5,80,0.102721,0.536019,0.102721,132.798
750,105.5,80,0.102703,0.536124,0.102703,132.793
750,105.5,80,0.102686,0.536226,0.102686,132.809
750,105.5,80,0.102665,0.536329,0.102665,132.796
750,105.5,80,0.102648,0.536432,0.102648,132.806
750,105.5,80,0.102632,0.536535,0.102632,132.818
750,105.5,80,0.102615,0.536638,0.102615,132.828
750,105.5,80,0.102599,0.536744,0.102599,132.836
750,105.5,80,0.102581,0.536846,0.102581,132.813
750,105.5,80,0.102564,0.536952,0.102564,132.806
750,105.5,80,0.102548,0.537057,0.102548,132.82
750,105.5,80,0.10253,0.537174,0.10253,132.814
750,105.5,80,0.102496,0.537304,0.102496,132.705
750,105.5,80,0.102479,0.537443,0.102479,132.758
750,105.5,80,0.10246,0.537551,0.10246,132.756
750,105.5,80,0.102443,0.537657,0.102443,132.755
750,105.5,80,0.102426,0.537759,0.102426,132.75
750,105.5,80,0.10241,0.537862,0.10241,132.754
750,105.5,80,0.102391,0.537966,0.102391,132.85
750,105.5,80,0.102375,0.538071,0.102375,132.829
750,105.5,80,0.102358,0.538174,0.102358,132.811
750,105.5,80,0.102344,0.538283,0.102344,132.825
750,105.5,80,0.10233,0.538389,0.10233,132.812
750,105.5,80,0.102313,0.538506,0.102313,132.801
750,105.5,80,0.102283,0.538669,0.102283,132.711
750,105.5,80,0.102268,0.538775,0.102268,132.721
750,105.5,80,0.102253,0.538877,0.102253,132.719
750,105.5,80,0.102238,0.538984,0.102238,132.718
750,105.5,80,0.102223,0.539087,0.102223,132.726
750,105.5,80,0.102208,0.539189,0.102208,132.718
750,105.5,80,0.102191,0.539294,0.102191,132.715
750,105.5,80,0.102177,0.539399,0.102177,132.737
750,105.5,80,0.102165,0.539501,0.102165,132.78
750,105.5,80,0.102151,0.539605,0.102151,132.789
750,105.5,80,0.102137,0.539707,0.102137,132.796
750,105.5,80,0.102125,0.539815,0.102125,132.827
750,105.5,80,0.102113,0.539921,0.102113,132.862
750,105.5,80,0.102084,0.54006,0.102084,132.798
750,105.5,80,0.10207,0.540201,0.10207,132.845
750,105.5,80,0.102057,0.540311,0.102057,132.872
750,105.5,80,0.102043,0.540413,0.102043,132.867
750,105.5,80,0.102027,0.540519,0.102027,132.85
750,105.5,80,0.102011,0.540622,0.102011,132.852
750,105.5,80,0.101997,0.540728,0.101997,132.883
750,105.5,80,0.101981,0.540831,0.101981,132.88
750,105.5,80,0.101966,0.540947,0.101966,132.899
750,105.5,80,0.101951,0.541049,0.101951,132.905
750,105.5,80,0.101936,0.541163,0.101936,132.932
750,105.5,80,0.101923,0.54127,0.101923,132.965
750,105.5,80,0.101892,0.541413,0.101892,132.883
750,105.5,80,0.101878,0.541528,0.101878,132.921
750,105.5,80,0.101863,0.541635,0.101863,132.929
750,105.5,80,0.101838,0.541737,0.101838,132.819
750,105.5,80,0.101824,0.541839,0.101824,132.837
750,105.5,80,0.10181,0.541941,0.10181,132.85
750,105.5,80,0.101796,0.542046,0.101796,132.849
750,105.5,80,0.101783,0.542148,0.101783,132.844
750,105.5,80,0.101771,0.54225,0.101771,132.86
750,105.5,80,0.10176,0.542351,0.10176,132.887
750,105.5,80,0.101749,0.542457,0.101749,132.897
750,105.5,80,0.101735,0.542562,0.101735,132.893
750,105.5,80,0.101722,0.542672,0.101722,132.904
750,105.5,80,0.10171,0.542787,0.10171,132.922
750,105.5,80,0.101686,0.542941,0.101686,132.845
750,105.5,80,0.101673,0.543055,0.101673,132.871
750,105.5,80,0.101661,0.543157,0.101661,132.876
750,105.5,80,0.10165,0.543259,0.10165,132.869
750,105.5,80,0.101636,0.543368,0.101636,132.841
750,105.5,80,0.101625,0.54347,0.101625,132.837
750,105.5,80,0.101612,0.543577,0.101612,132.748
750,105.5,80,0.101599,0.543679,0.101599,132.753
750,105.5,80,0.101585,0.543787,0.101585,132.746
750,105.5,80,0.101572,0.543899,0.101572,132.753
750,105.5,80,0.101546,0.544063,0.101546,132.672
750,105.5,80,0.101531,0.54417,0.101531,132.694
750,105.5,80,0.101518,0.544277,0.101518,132.725
750,105.5,80,0.101506,0.544378,0.101506,132.756
750,105.5,80,0.101492,0.544481,0.101492,132.777
750,105.5,80,0.101479,0.544585,0.101479,132.796
750,105.5,80,0.101466,0.544689,0.101466,132.815
750,105.5,80,0.101453,0.544791,0.101453,132.826
750,105.5,80,0.10144,0.544898,0.10144,132.833
750,105.5,80,0.101427,0.545004,0.101427,132.852
750,105.5,80,0.101403,0.545144,0.101403,132.831
750,105.5,80,0.10139,0.545276,0.10139,132.872
750,105.5,80,0.101377,0.545385,0.101377,132.894
750,105.5,80,0.101366,0.545487,0.101366,132.922
750,105.5,80,0.101355,0.545592,0.101355,132.956
750,105.5,80,0.101346,0.545693,0.101346,132.986
750,105.5,80,0.101336,0.545795,0.101336,133.02
750,105.5,80,0.101325,0.545901,0.101325,133.054
750,105.5,80,0.101316,0.546008,0.101316,133.096
750,105.5,80,0.101307,0.546109,0.101307,133.128
750,105.5,80,0.1013,0.546218,0.1013,133.179
750,105.5,80,0.101283,0.546356,0.101283,133.158
750,105.5,80,0.101273,0.546492,0.101273,133.189
750,105.5,80,0.101264,0.5466,0.101264,133.209
750,105.5,80,0.101253,0.546704,0.101253,133.21
750,105.5,80,0.101243,0.546805,0.101243,133.219
750,105.5,80,0.101233,0.546914,0.101233,133.219
750,105.5,80,0.101224,0.547015,0.101224,133.217
750,105.5,80,0.101212,0.547118,0.101212,133.199
750,105.5,80,0.101202,0.547219,0.101202,133.184
750,105.5,80,0.101192,0.547323,0.101192,133.174
750,105.5,80,0.101183,0.547425,0.101183,133.184
750,105.5,80,0.101175,0.547534,0.101175,133.221
750,105.5,80,0.101166,0.547646,0.101166,133.235
750,105.5,80,0.101148,0.547808,0.101148,133.203
750,105.5,80,0.101139,0.547917,0.101139,133.212
750,105.5,80,0.10113,0.548018,0.10113,133.215
750,105.5,80,0.10112,0.548119,0.10112,133.215
750,105.5,80,0.101112,0.548226,0.101112,133.227
750,105.5,80,0.101102,0.548327,0.101102,133.23
750,105.5,80,0.101091,0.54843,0.101091,133.218
750,105.5,80,0.10108,0.548533,0.10108,133.205
750,105.5,80,0.101069,0.54865,0.101069,133.186
750,105.5,80,0.101058,0.548752,0.101058,133.129
750,105.5,80,0.101048,0.548861,0.101048,133.13
750,105.5,80,0.101025,0.548981,0.101025,133.038
750,105.5,80,0.101013,0.549114,0.101013,133.074
750,105.5,80,0.101001,0.549221,0.101001,133.08
750,105.5,80,0.10099,0.549325,0.10099,133.083
750,105.5,80,0.100979,0.549427,0.100979,133.083
750,105.5,80,0.100968,0.54953,0.100968,133.078
750,105.5,80,0.100958,0.549631,0.100958,133.087
750,105.5,80,0.100947,0.549732,0.100947,133.098
750,105.5,80,0.100937,0.549833,0.100937,133.119
750,105.5,80,0.100926,0.549939,0.100926,133.133
750,105.5,80,0.100917,0.55004,0.100917,133.168
750,105.5,80,0.100924,0.550143,0.100924,133.335
750,105.5,80,0.100915,0.550247,0.100915,133.337
750,105.5,80,0.100906,0.550351,0.100906,133.33
750,105.5,80,0.100896,0.550452,0.100896,133.313
750,105.5,80,0.100886,0.55056,0.100886,133.313
750,105.5,80,0.100876,0.550673,0.100876,133.318
750,105.5,80,0.100857,0.550831,0.100857,133.283
750,105.5,80,0.100848,0.550938,0.100848,133.297
750,105.5,80,0.100838,0.551049,0.100838,133.298
750,105.5,80,0.100828,0.551156,0.100828,133.296
750,105.5,80,0.100816,0.551263,0.100816,133.277
750,105.5,80,0.100805,0.551374,0.100805,133.28
750,105.5,80,0.100784,0.551534,0.100784,133.17
750,105.5,80,0.100775,0.551641,0.100775,133.277
750,105.5,80,0.100766,0.551747,0.100766,133.303
750,105.5,80,0.100757,0.551848,0.100757,133.322
750,105.5,80,0.100748,0.551952,0.100748,133.337
750,105.5,80,0.100739,0.552053,0.100739,133.354
750,105.5,80,0.100732,0.552161,0.100732,133.388
750,105.5,80,0.100725,0.552263,0.100725,133.428
750,105.5,80,0.100718,0.552369,0.100718,133.468
750,105.5,80,0.100711,0.552481,0.100711,133.485
750,105.5,80,0.100702,0.552586,0.100702,133.492
750,105.5,80,0.100694,0.552692,0.100694,133.471
750,105.5,80,0.100675,0.552843,0.100675,133.421
750,105.5,80,0.100666,0.552954,0.100666,133.43
750,105.5,80,0.100658,0.553059,0.100658,133.433
750,105.5,80,0.100649,0.553161,0.100649,133.431
750,105.5,80,0.100638,0.553266,0.100638,133.422
750,105.5,80,0.100628,0.553367,0.100628,133.406
750,105.5,80,0.100617,0.553488,0.100617,133.4
750,105.5,80,0.100609,0.553594,0.100609,133.369
750,105.5,80,0.100591,0.553741,0.100591,133.338
750,105.5,80,0.100582,0.553852,0.100582,133.365
750,105.5,80,0.100573,0.55396,0.100573,133.379
750,105.5,80,0.100563,0.554061,0.100563,133.375
750,105.5,80,0.100553,0.554166,0.100553,133.361
750,105.5,80,0.100544,0.554267,0.100544,133.358
750,105.5,80,0.100536,0.554375,0.100536,133.355
750,105.5,80,0.100527,0.55448,0.100527,133.355
750,105.5,80,0.10051,0.554645,0.10051,133.341
750,105.5,80,0.100501,0.554755,0.100501,133.345
750,105.5,80,0.100491,0.554865,0.100491,133.353
750,105.5,80,0.100481,0.554966,0.100481,133.366
750,105.5,80,0.100473,0.555066,0.100473,133.377
750,105.5,80,0.100465,0.555168,0.100465,133.385
750,105.5,80,0.100457,0.55528,0.100457,133.418
750,105.5,80,0.100448,0.555395,0.100448,133.52
750,105.5,80,0.10044,0.555505,0.10044,133.524
750,105.5,80,0.100431,0.555606,0.100431,133.51
750,105.5,80,0.100414,0.555759,0.100414,133.502
750,105.5,80,0.100406,0.555864,0.100406,133.528
750,105.5,80,0.1004,0.555976,0.1004,133.563
750,105.5,80,0.100394,0.55608,0.100394,133.581
750,105.5,80,0.100386,0.556205,0.100386,133.595
750,105.5,80,0.100379,0.556309,0.100379,133.584
750,105.5,80,0.100363,0.556431,0.100363,133.54
750,105.5,80,0.100354,0.556559,0.100354,133.559
750,105.5,80,0.100347,0.55667,0.100347,133.583
750,105.5,80,0.100341,0.556771,0.100341,133.6
750,105.5,80,0.100333,0.556871,0.100333,133.598
750,105.5,80,0.100326,0.556972,0.100326,133.599
750,105.5,80,0.100318,0.557075,0.100318,133.599
750,105.5,80,0.100312,0.557175,0.100312,133.62
750,105.5,80,0.100303,0.557276,0.100303,133.624
750,105.5,80,0.100295,0.557376,0.100295,133.648
750,105.5,80,0.10029,0.55748,0.10029,133.689
750,105.5,80,0.100284,0.55758,0.100284,133.733
750,105.5,80,0.100278,0.557687,0.100278,133.772
750,105.5,80,0.100271,0.557801,0.100271,133.792
750,105.5,80,0.100264,0.557909,0.100264,133.818
750,105.5,80,0.100249,0.558028,0.100249,133.799
750,105.5,80,0.100241,0.558157,0.100241,133.827
750,105.5,80,0.100233,0.558263,0.100233,133.835
750,105.5,80,0.100226,0.55837,0.100226,133.86
750,105.5,80,0.100219,0.558476,0.100219,133.881
750,105.5,80,0.100212,0.558581,0.100212,133.881
750,105.5,80,0.100203,0.558683,0.100203,133.871
750,105.5,80,0.100195,0.558801,0.100195,133.866
750,105.5,80,0.100188,0.558902,0.100188,133.856
750,105.5,80,0.100167,0.559036,0.100167,133.774
750,105.5,80,0.100165,0.559156,0.100165,133.842
750,105.5,80,0.100158,0.559264,0.100158,133.85
750,105.5,80,0.100145,0.559366,0.100145,133.805
750,105.5,80,0.100137,0.559472,0.100137,133.806
750,105.5,80,0.100128,0.559572,0.100128,133.796
750,105.5,80,0.100119,0.559674,0.100119,133.79
750,105.5,80,0.10011,0.559778,0.10011,133.787
750,105.5,80,0.100102,0.559878,0.100102,133.792
750,105.5,80,0.100092,0.559979,0.100092,133.788
750,105.5,80,0.100084,0.56008,0.100084,133.793
750,105.5,80,0.100075,0.56018,0.100075,133.795
750,105.5,80,0.100066,0.560283,0.100066,133.787
750,105.5,80,0.100055,0.56039,0.100055,133.764
750,105.5,80,0.100045,0.560494,0.100045,133.758
750,105.5,80,0.100036,0.560594,0.100036,133.739
750,105.5,80,0.100027,0.560694,0.100027,133.729
750,105.5,80,0.100018,0.560801,0.100018,133.712
750,105.5,80,0.100011,0.560906,0.100011,133.733
750,105.5,80,0.0999956,0.561062,0.0999956,133.717
750,105.5,80,0.0999883,0.561169,0.0999883,133.741
750,105.5,80,0.0999806,0.561271,0.0999806,133.739
750,105.5,80,0.0999737,0.561373,0.0999737,133.681
750,105.5,80,0.0999671,0.561473,0.0999671,133.712
750,105.5,80,0.0999604,0.561573,0.0999604,133.732
750,105.5,80,0.0999557,0.561673,0.0999557,133.764
750,105.5,80,0.0999503,0.561776,0.0999503,133.801
750,105.5,80,0.0999442,0.561876,0.0999442,133.834
750,105.5,80,0.0999365,0.561979,0.0999365,133.837
750,105.5,80,0.0999299,0.562079,0.0999299,133.859
750,105.5,80,0.0999224,0.562188,0.0999224,133.886
750,105.5,80,0.0999146,0.562298,0.0999146,133.903
750,105.5,80,0.0999061,0.562404,0.0999061,133.897
750,105.5,80,0.0998933,0.562522,0.0998933,133.885
750,105.5,80,0.0998866,0.56266,0.0998866,133.925
750,105.5,80,0.0998789,0.562767,0.0998789,133.938
750,105.5,80,0.0998725,0.56288,0.0998725,133.951
750,105.5,80,0.0998658,0.562982,0.0998658,133.968
750,105.5,80,0.0998592,0.563093,0.0998592,133.98
750,105.5,80,0.0998522,0.563194,0.0998522,133.967
750,105.5,80,0.0998437,0.563319,0.0998437,133.974
750,105.5,80,0.0998398,0.563455,0.0998398,134.03
750,105.5,80,0.0998349,0.563568,0.0998349,134.061
750,105.5,80,0.0998307,0.563677,0.0998307,134.094
750,105.5,80,0.0998256,0.563779,0.0998256,134.121
750,105.5,80,0.099819,0.563884,0.099819,134.141
750,105.5,80,0.0998138,0.563993,0.0998138,134.156
750,105.5,80,0.0998087,0.564093,0.0998087,134.17
750,105.5,80,0.0997994,0.56425,0.0997994,134.169
750,105.5,80,0.0997938,0.564355,0.0997938,134.173
750,105.5,80,0.0997887,0.564465,0.0997887,134.189
750,105.5,80,0.0997834,0.564565,0.0997834,134.199
750,105.5,80,0.0997769,0.564668,0.0997769,134.191
750,105.5,80,0.0997694,0.564767,0.0997694,134.177
750,105.5,80,0.0997623,0.564867,0.0997623,134.148
750,105.5,80,0.0997554,0.564968,0.0997554,134.126
750,105.5,80,0.0997486,0.565068,0.0997486,134.106
750,105.5,80,0.099741,0.565168,0.099741,134.094
750,105.5,80,0.0997343,0.565278,0.0997343,134.09
750,105.5,80,0.0997279,0.565392,0.0997279,134.107
750,105.5,80,0.099713,0.565515,0.099713,134.055
750,105.5,80,0.099706,0.565646,0.099706,134.079
750,105.5,80,0.0996981,0.56575,0.0996981,134.076
750,105.5,80,0.0996899,0.565854,0.0996899,134.067
750,105.5,80,0.0996809,0.565959,0.0996809,134.06
750,105.5,80,0.0996736,0.56606,0.0996736,134.066
750,105.5,80,0.0996667,0.566167,0.0996667,134.077
750,105.5,80,0.0996601,0.566267,0.0996601,134.093
750,105.5,80,0.0996511,0.566369,0.0996511,134.087
750,105.5,80,0.0996449,0.566469,0.0996449,134.109
750,105.5,80,0.099637,0.566585,0.099637,134.105
750,105.5,80,0.0996297,0.566686,0.0996297,134.074
750,105.5,80,0.0996224,0.566786,0.0996224,134.075
750,105.5,80,0.0996157,0.566887,0.0996157,134.07
750,105.5,80,0.0996029,0.56701,0.0996029,134.05
750,105.5,80,0.0995961,0.567135,0.0995961,134.086
750,105.5,80,0.0995911,0.567245,0.0995911,134.128
750,105.5,80,0.0995854,0.567345,0.0995854,134.14
750,105.5,80,0.0995784,0.567449,0.0995784,134.144
750,105.5,80,0.0995831,0.567549,0.0995831,134.248
750,105.5,80,0.0995764,0.56765,0.0995764,134.237
750,105.5,80,0.0995697,0.567751,0.0995697,134.236
750,105.5,80,0.0995627,0.567857,0.0995627,134.244
750,105.5,80,0.0995549,0.567957,0.0995549,134.248
750,105.5,80,0.0995489,0.568057,0.0995489,134.28
750,105.5,80,0.099543,0.568161,0.099543,134.303
750,105.5,80,0.0995365,0.568273,0.0995365,134.323
750,105.5,80,0.0995306,0.568372,0.0995306,134.335
750,105.5,80,0.0995249,0.568478,0.0995249,134.349
750,105.5,80,0.0995106,0.568603,0.0995106,134.31
750,105.5,80,0.0995035,0.568729,0.0995035,134.337
750,105.5,80,0.0994968,0.568873,0.0994968,134.38
750,105.5,80,0.0994899,0.568976,0.0994899,134.392
750,105.5,80,0.0994831,0.569076,0.0994831,134.395
750,105.5,80,0.0994704,0.569223,0.0994704,134.392
750,105.5,80,0.0994652,0.569331,0.0994652,134.413
750,105.5,80,0.0994591,0.569435,0.0994591,134.419
750,105.5,80,0.0994536,0.569535,0.0994536,134.44
750,105.5,80,0.0994483,0.569635,0.0994483,134.475
750,105.5,80,0.0994429,0.569735,0.0994429,134.488
750,105.5,80,0.0994373,0.569838,0.0994373,134.508
750,105.5,80,0.0994315,0.569937,0.0994315,134.514
750,105.5,80,0.0994273,0.570037,0.0994273,134.537
750,105.5,80,0.099423,0.570138,0.099423,134.547
750,105.5,80,0.0994188,0.570244,0.0994188,134.552
750,105.5,80,0.0994145,0.570343,0.0994145,134.562
750,105.5,80,0.0994098,0.570461,0.0994098,134.575
750,105.5,80,0.0993993,0.57061,0.0993993,134.49
750,105.5,80,0.0993933,0.570721,0.0993933,134.557
750,105.5,80,0.0993873,0.570823,0.0993873,134.551
750,105.5,80,0.0993798,0.570933,0.0993798,134.541
750,105.5,80,0.0993726,0.571041,0.0993726,134.523
750,105.5,80,0.0993655,0.571158,0.0993655,134.521
750,105.5,80,0.0993591,0.571258,0.0993591,134.51
750,105.5,80,0.0993444,0.571381,0.0993444,134.468
750,105.5,80,0.099337,0.571513,0.099337,134.484
750,105.5,80,0.0993294,0.571613,0.0993294,134.487
750,105.5,80,0.0993213,0.571714,0.0993213,134.472
750,105.5,80,0.0993118,0.57182,0.0993118,134.484
750,105.5,80,0.099304,0.57192,0.099304,134.46
750,105.5,80,0.099297,0.57202,0.099297,134.462
750,105.5,80,0.0992905,0.572119,0.0992905,134.466
750,105.5,80,0.0992834,0.572219,0.0992834,134.461
750,105.5,80,0.0992774,0.572318,0.0992774,134.468
750,105.5,80,0.0992714,0.57242,0.0992714,134.48
750,105.5,80,0.0992639,0.57252,0.0992639,134.474
750,105.5,80,0.099257,0.572622,0.099257,134.466
750,105.5,80,0.0992502,0.572724,0.0992502,134.474
750,105.5,80,0.0992438,0.57283,0.0992438,134.475
750,105.5,80,0.0992361,0.572939,0.0992361,134.466
750,105.5,80,0.0992238,0.573066,0.0992238,134.407
750,105.5,80,0.0992177,0.5732,0.0992177,134.446
750,105.5,80,0.099212,0.573301,0.099212,134.472
750,105.5,80,0.0992044,0.573406,0.0992044,134.581
750,105.5,80,0.0991975,0.573512,0.0991975,134.574
750,105.5,80,0.0991898,0.573611,0.0991898,134.563
750,105.5,80,0.099181,0.573712,0.099181,134.55
750,105.5,80,0.0991734,0.573811,0.0991734,134.551
750,105.5,80,0.0991657,0.573915,0.0991657,134.558
750,105.5,80,0.0991587,0.57402,0.0991587,134.575
750,105.5,80,0.0991525,0.574122,0.0991525,134.605
750,105.5,80,0.0991454,0.574228,0.0991454,134.635
750,105.5,80,0.0991342,0.574389,0.0991342,134.654
750,105.5,80,0.0991277,0.574491,0.0991277,134.667
750,105.5,80,0.099121,0.574592,0.099121,134.669
750,105.5,80,0.0991144,0.574693,0.0991144,134.684
750,105.5,80,0.0991085,0.574793,0.0991085,134.693
750,105.5,80,0.0991028,0.574892,0.0991028,134.704
750,105.5,80,0.0990967,0.574992,0.0990967,134.71
750,105.5,80,0.0990922,0.575091,0.0990922,134.733
750,105.5,80,0.0990885,0.575196,0.0990885,134.742
750,105.5,80,0.0990854,0.575297,0.0990854,134.753
750,105.5,80,0.0990813,0.575402,0.0990813,134.753
750,105.5,80,0.0990779,0.575505,0.0990779,134.76
750,105.5,80,0.0990743,0.575606,0.0990743,134.771
750,105.5,80,0.0990705,0.575711,0.0990705,134.784
750,105.5,80,0.0990654,0.575814,0.0990654,134.796
750,105.5,80,0.0990563,0.575939,0.0990563,134.791
750,105.5,80,0.0990525,0.576066,0.0990525,134.825
750,105.5,80,0.0990477,0.576169,0.0990477,134.843
750,105.5,80,0.0990439,0.57627,0.0990439,134.862
750,105.5,80,0.0990352,0.57637,0.0990352,134.832
750,105.5,80,0.0990313,0.576472,0.0990313,134.857
750,105.5,80,0.0990271,0.576572,0.0990271,134.88
750,105.5,80,0.0990242,0.576671,0.0990242,134.919
750,105.5,80,0.0990206,0.576771,0.0990206,134.945
750,105.5,80,0.0990172,0.576875,0.0990172,134.967
750,105.5,80,0.0990131,0.576974,0.0990131,134.972
750,105.5,80,0.0990093,0.577074,0.0990093,134.972
750,105.5,80,0.0990051,0.577173,0.0990051,134.964
750,105.5,80,0.0990012,0.577277,0.0990012,134.959
750,105.5,80,0.0989966,0.577376,0.0989966,134.952
750,105.5,80,0.098993,0.577483,0.098993,134.961
750,105.5,80,0.0989892,0.577596,0.0989892,134.964
750,105.5,80,0.0989823,0.577715,0.0989823,134.954
750,105.5,80,0.0989789,0.577849,0.0989789,134.974
750,105.5,80,0.0989755,0.577952,0.0989755,134.984
750,105.5,80,0.098972,0.578052,0.098972,134.983
750,105.5,80,0.0989682,0.578153,0.0989682,134.981
750,105.5,80,0.0989639,0.578252,0.0989639,134.98
750,105.5,80,0.0989596,0.578358,0.0989596,134.999
750,105.5,80,0.098955,0.578462,0.098955,135.008
750,105.5,80,0.0989503,0.578573,0.0989503,135.022
750,105.5,80,0.0989451,0.578684,0.0989451,135.035
750,105.5,80,0.0989351,0.578834,0.0989351,135.012
750,105.5,80,0.0989305,0.578937,0.0989305,135.025
750,105.5,80,0.0989261,0.579042,0.0989261,135.031
750,105.5,80,0.0989221,0.579143,0.0989221,135.043
750,105.5,80,0.0989183,0.579245,0.0989183,135.059
750,105.5,80,0.0989144,0.579344,0.0989144,135.074
750,105.5,80,0.0989102,0.579444,0.0989102,135.084
750,105.5,80,0.0989048,0.579543,0.0989048,135.085
750,105.5,80,0.0989001,0.579641,0.0989001,135.089
750,105.5,80,0.0988952,0.57974,0.0988952,135.089
750,105.5,80,0.0988898,0.579842,0.0988898,135.084
750,105.5,80,0.0988846,0.579941,0.0988846,135.086
750,105.5,80,0.0988793,0.580045,0.0988793,135.097
750,105.5,80,0.0988743,0.580146,0.0988743,135.114
750,105.5,80,0.0988649,0.580286,0.0988649,135.119
750,105.5,80,0.0988606,0.580416,0.0988606,135.158
750,105.5,80,0.0988563,0.580521,0.0988563,135.178
750,105.5,80,0.0988517,0.580621,0.0988517,135.107
750,105.5,80,0.0988465,0.580721,0.0988465,135.119
750,105.5,80,0.0988416,0.580825,0.0988416,135.147
750,105.5,80,0.0988363,0.580926,0.0988363,135.162
750,105.5,80,0.0988306,0.581025,0.0988306,135.179
750,105.5,80,0.0988247,0.581131,0.0988247,135.181
750,105.5,80,0.0988191,0.58123,0.0988191,135.189
750,105.5,80,0.0988135,0.581346,0.0988135,135.199
750,105.5,80,0.0988076,0.581445,0.0988076,135.199
750,105.5,80,0.0988029,0.581549,0.0988029,135.201
750,105.5,80,0.0987939,0.581694,0.0987939,135.207
750,105.5,80,0.0987888,0.581801,0.0987888,135.218
750,105.5,80,0.0987847,0.5819,0.0987847,135.236
750,105.5,80,0.0987801,0.582005,0.0987801,135.247
750,105.5,80,0.0987754,0.582104,0.0987754,135.268
750,105.5,80,0.0987702,0.582203,0.0987702,135.274
750,105.5,80,0.0987643,0.582302,0.0987643,135.27
750,105.5,80,0.0987591,0.582407,0.0987591,135.281
750,105.5,80,0.0987538,0.582505,0.0987538,135.289
750,105.5,80,0.0987488,0.582613,0.0987488,135.309
750,105.5,80,0.0987438,0.582724,0.0987438,135.318
750,105.5,80,0.0987392,0.582828,0.0987392,135.321
750,105.5,80,0.0987353,0.582927,0.0987353,135.325
750,105.5,80,0.0987282,0.583046,0.0987282,135.32
750,105.5,80,0.098725,0.58318,0.098725,135.344
750,105.5,80,0.0987215,0.583292,0.0987215,135.362
750,105.5,80,0.0987183,0.583392,0.0987183,135.378
750,105.5,80,0.0987146,0.583497,0.0987146,135.376
750,105.5,80,0.0987101,0.583599,0.0987101,135.371
750,105.5,80,0.0987063,0.583711,0.0987063,135.371
750,105.5,80,0.0987026,0.58381,0.0987026,135.35
750,105.5,80,0.0986991,0.583914,0.0986991,135.353
750,105.5,80,0.0986916,0.584036,0.0986916,135.344
750,105.5,80,0.0986886,0.584166,0.0986886,135.382
750,105.5,80,0.0986858,0.584269,0.0986858,135.405
750,105.5,80,0.0986827,0.584368,0.0986827,135.415
750,105.5,80,0.0986804,0.584467,0.0986804,135.436
750,105.5,80,0.0986776,0.584568,0.0986776,135.451
750,105.5,80,0.0986745,0.584667,0.0986745,135.463
750,105.5,80,0.0986721,0.584767,0.0986721,135.48
750,105.5,80,0.0986696,0.584866,0.0986696,135.495
750,105.5,80,0.0986676,0.584974,0.0986676,135.52
750,105.5,80,0.0986635,0.585072,0.0986635,135.515
750,105.5,80,0.0986601,0.585177,0.0986601,135.524
750,105.5,80,0.0986562,0.585281,0.0986562,135.526
750,105.5,80,0.0986519,0.585387,0.0986519,135.527
750,105.5,80,0.0986421,0.585538,0.0986421,135.484
750,105.5,80,0.0986377,0.585645,0.0986377,135.493
750,105.5,80,0.0986334,0.585748,0.0986334,135.497
750,105.5,80,0.0986294,0.585854,0.0986294,135.498
750,105.5,80,0.0986243,0.585952,0.0986243,135.49
750,105.5,80,0.0986202,0.586051,0.0986202,135.486
750,105.5,80,0.0986162,0.586154,0.0986162,135.493
750,105.5,80,0.0986119,0.586256,0.0986119,135.506
750,105.5,80,0.0986069,0.586355,0.0986069,135.507
750,105.5,80,0.0986106,0.586466,0.0986106,135.579
750,105.5,80,0.0986061,0.58657,0.0986061,135.589
750,105.5,80,0.098602,0.586676,0.098602,135.615
750,105.5,80,0.0985923,0.586821,0.0985923,135.615
750,105.5,80,0.0985876,0.586927,0.0985876,135.638
750,105.5,80,0.0985826,0.587026,0.0985826,135.656
750,105.5,80,0.098578,0.587128,0.098578,135.677
750,105.5,80,0.0985732,0.587229,0.0985732,135.696
750,105.5,80,0.0985692,0.587328,0.0985692,135.716
750,105.5,80,0.098566,0.587427,0.098566,135.739
750,105.5,80,0.0985619,0.587528,0.0985619,135.756
750,105.5,80,0.0985586,0.587626,0.0985586,135.764
750,105.5,80,0.0985553,0.587729,0.0985553,135.779
750,105.5,80,0.0985521,0.587827,0.0985521,135.79
750,105.5,80,0.0985487,0.587928,0.0985487,135.8
750,105.5,80,0.0985448,0.588026,0.0985448,135.804
750,105.5,80,0.0985411,0.588125,0.0985411,135.808
750,105.5,80,0.0985371,0.588225,0.0985371,135.807
750,105.5,80,0.098533,0.58834,0.098533,135.81
750,105.5,80,0.0985224,0.588496,0.0985224,135.772
750,105.5,80,0.0985174,0.5886,0.0985174,135.771
750,105.5,80,0.0985123,0.588702,0.0985123,135.77
750,105.5,80,0.0985069,0.588803,0.0985069,135.776
750,105.5,80,0.0985023,0.588903,0.0985023,135.785
750,105.5,80,0.0984981,0.589002,0.0984981,135.807
750,105.5,80,0.0984935,0.5891,0.0984935,135.826
750,105.5,80,0.0984883,0.589199,0.0984883,135.842
750,105.5,80,0.098484,0.589297,0.098484,135.842
750,105.5,80,0.0984799,0.589397,0.0984799,135.857
750,105.5,80,0.0984754,0.589495,0.0984754,135.865
750,105.5,80,0.0984707,0.589595,0.0984707,135.869
750,105.5,80,0.0984649,0.589693,0.0984649,135.863
750,105.5,80,0.0984596,0.589794,0.0984596,135.868
750,105.5,80,0.0984541,0.589892,0.0984541,135.875
750,105.5,80,0.0984485,0.589995,0.0984485,135.887
750,105.5,80,0.0984426,0.590094,0.0984426,135.893
750,105.5,80,0.0984381,0.590199,0.0984381,135.914
750,105.5,80,0.0984338,0.590307,0.0984338,135.932
750,105.5,80,0.0984292,0.590409,0.0984292,135.93
750,105.5,80,0.0984193,0.590561,0.0984193,135.911
750,105.5,80,0.0984148,0.590668,0.0984148,135.915
750,105.5,80,0.0984105,0.59077,0.0984105,135.91
750,105.5,80,0.098406,0.590878,0.098406,135.92
750,105.5,80,0.0984004,0.590976,0.0984004,135.914
750,105.5,80,0.0983954,0.591075,0.0983954,135.918
750,105.5,80,0.0983902,0.591173,0.0983902,135.924
750,105.5,80,0.0983845,0.591276,0.0983845,135.998
750,105.5,80,0.0983778,0.591374,0.0983778,135.974
750,105.5,80,0.0983673,0.591542,0.0983673,135.968
750,105.5,80,0.0983629,0.591647,0.0983629,135.974
750,105.5,80,0.0983582,0.591749,0.0983582,135.974
750,105.5,80,0.0983547,0.591848,0.0983547,135.983
750,105.5,80,0.0983506,0.59195,0.0983506,135.989
750,105.5,80,0.0983467,0.592048,0.0983467,135.998
750,105.5,80,0.098343,0.59215,0.098343,136.014
750,105.5,80,0.0983383,0.592248,0.0983383,136.022
750,105.5,80,0.0983345,0.592347,0.0983345,136.04
750,105.5,80,0.0983305,0.592447,0.0983305,136.056
750,105.5,80,0.098326,0.59255,0.098326,136.069
750,105.5,80,0.0983217,0.592648,0.0983217,136.069
750,105.5,80,0.0983171,0.592749,0.0983171,136.073
750,105.5,80,0.0983127,0.592848,0.0983127,136.079
750,105.5,80,0.0983085,0.592961,0.0983085,136.077
750,105.5,80,0.0983035,0.593069,0.0983035,136.068
750,105.5,80,0.0982963,0.593218,0.0982963,136.074
750,105.5,80,0.0982933,0.593321,0.0982933,136.099
750,105.5,80,0.0982907,0.593422,0.0982907,136.12
750,105.5,80,0.0982883,0.593521,0.0982883,136.139
750,105.5,80,0.0982836,0.593623,0.0982836,136.136
750,105.5,80,0.0982813,0.593722,0.0982813,136.154
750,105.5,80,0.0982789,0.593825,0.0982789,136.171
750,105.5,80,0.098276,0.593924,0.098276,136.182
750,105.5,80,0.0982733,0.594028,0.0982733,136.2
750,105.5,80,0.0982703,0.594129,0.0982703,136.216
750,105.5,80,0.0982668,0.594239,0.0982668,136.232
750,105.5,80,0.0982604,0.594387,0.0982604,136.242
750,105.5,80,0.0982566,0.594495,0.0982566,136.25
750,105.5,80,0.0982524,0.594593,0.0982524,136.257
750,105.5,80,0.0982472,0.594695,0.0982472,136.258
750,105.5,80,0.0982425,0.594793,0.0982425,136.264
750,105.5,80,0.098238,0.594894,0.098238,136.259
750,105.5,80,0.0982338,0.594997,0.0982338,136.265
750,105.5,80,0.09823,0.5951,0.09823,136.272
750,105.5,80,0.0982269,0.595199,0.0982269,136.284
750,105.5,80,0.098224,0.595304,0.098224,136.29
750,105.5,80,0.0982214,0.595405,0.0982214,136.293
750,105.5,80,0.0982182,0.595512,0.0982182,136.298
750,105.5,80,0.0982154,0.595621,0.0982154,136.298
750,105.5,80,0.0982097,0.595775,0.0982097,136.296
750,105.5,80,0.0982068,0.595876,0.0982068,136.309
750,105.5,80,0.0982036,0.595979,0.0982036,136.311
750,105.5,80,0.0982005,0.596079,0.0982005,136.312
750,105.5,80,0.0981969,0.596179,0.0981969,136.312
750,105.5,80,0.0981925,0.596283,0.0981925,136.318
750,105.5,80,0.0981886,0.596396,0.0981886,136.317
750,105.5,80,0.0981793,0.596518,0.0981793,136.29
750,105.5,80,0.0981742,0.596651,0.0981742,136.307
750,105.5,80,0.0981692,0.596752,0.0981692,136.316
750,105.5,80,0.0981646,0.596854,0.0981646,136.329
750,105.5,80,0.0981602,0.596953,0.0981602,136.336
750,105.5,80,0.0981565,0.597052,0.0981565,136.346
750,105.5,80,0.0981523,0.597151,0.0981523,136.354
750,105.5,80,0.0981487,0.597256,0.0981487,136.377
750,105.5,80,0.0981453,0.597354,0.0981453,136.393
750,105.5,80,0.0981419,0.597461,0.0981419,136.404
750,105.5,80,0.0981387,0.597572,0.0981387,136.425
750,105.5,80,0.0981356,0.597673,0.0981356,136.425
750,105.5,80,0.0981324,0.597771,0.0981324,136.435
750,105.5,80,0.0981255,0.597925,0.0981255,136.436
750,105.5,80,0.0981215,0.598031,0.0981215,136.45
750,105.5,80,0.0981176,0.598137,0.0981176,136.452
750,105.5,80,0.0981137,0.598238,0.0981137,136.449
750,105.5,80,0.0981091,0.598345,0.0981091,136.449
750,105.5,80,0.0981051,0.59845,0.0981051,136.411
750,105.5,80,0.0980981,0.598606,0.0980981,136.406
750,105.5,80,0.0980943,0.598712,0.0980943,136.438
750,105.5,80,0.0980917,0.598816,0.0980917,136.472
750,105.5,80,0.0980888,0.598914,0.0980888,136.498
750,105.5,80,0.0980866,0.599015,0.0980866,136.529
750,105.5,80,0.098084,0.599113,0.098084,136.552
750,105.5,80,0.0980821,0.599217,0.0980821,136.577
750,105.5,80,0.0980801,0.599315,0.0980801,136.597
750,105.5,80,0.098078,0.599417,0.098078,136.617
750,105.5,80,0.098076,0.599516,0.098076,136.629
750,105.5,80,0.098073,0.599617,0.098073,136.641
750,105.5,80,0.0980703,0.599728,0.0980703,136.664
750,105.5,80,0.098063,0.599878,0.098063,136.667
750,105.5,80,0.098059,0.599984,0.098059,136.682
750,105.5,80,0.0980546,0.600089,0.0980546,136.699
750,105.5,80,0.0980497,0.600192,0.0980497,136.702
750,105.5,80,0.098045,0.600298,0.098045,136.702
750,105.5,80,0.0980391,0.600399,0.0980391,136.69
750,105.5,80,0.0980339,0.600515,0.0980339,136.695
750,105.5,80,0.0980239,0.600638,0.0980239,136.652
750,105.5,80,0.0980187,0.600765,0.0980187,136.663
750,105.5,80,0.0980141,0.600867,0.0980141,136.675
750,105.5,80,0.0980099,0.600968,0.0980099,136.681
750,105.5,80,0.0980056,0.601066,0.0980056,136.692
750,105.5,80,0.0980012,0.601171,0.0980012,136.706
750,105.5,80,0.0979967,0.601269,0.0979967,136.716
750,105.5,80,0.0979924,0.601367,0.0979924,136.727
750,105.5,80,0.0979875,0.601467,0.0979875,136.733
750,105.5,80,0.0979825,0.601568,0.0979825,136.741
750,105.5,80,0.0979767,0.601668,0.0979767,136.746
750,105.5,80,0.0979712,0.601772,0.0979712,136.751
750,105.5,80,0.0979658,0.601874,0.0979658,136.752
750,105.5,80,0.0979602,0.601978,0.0979602,136.761
750,105.5,80,0.0979545,0.602076,0.0979545,136.783
750,105.5,80,0.0979495,0.602176,0.0979495,136.792
750,105.5,80,0.0979402,0.6023,0.0979402,136.786
750,105.5,80,0.0979358,0.602432,0.0979358,136.817
750,105.5,80,0.0979321,0.602533,0.0979321,136.843
750,105.5,80,0.0979282,0.602636,0.0979282,136.86
750,105.5,80,0.0979243,0.602734,0.0979243,136.878
750,105.5,80,0.0979197,0.602832,0.0979197,136.888
750,105.5,80,0.0979156,0.602932,0.0979156,136.908
750,105.5,80,0.0979111,0.603034,0.0979111,136.912
750,105.5,80,0.0979063,0.603132,0.0979063,136.915
750,105.5,80,0.0979007,0.603234,0.0979007,136.909
750,105.5,80,0.0978957,0.603335,0.0978957,136.914
750,105.5,80,0.09789,0.60344,0.09789,136.902
750,105.5,80,0.0978843,0.603543,0.0978843,136.835
750,105.5,80,0.0978726,0.60367,0.0978726,136.853
750,105.5,80,0.0978673,0.603793,0.0978673,136.865
750,105.5,80,0.0978626,0.603899,0.0978626,136.876
750,105.5,80,0.0978566,0.604001,0.0978566,136.875
750,105.5,80,0.0978527,0.604102,0.0978527,136.894
750,105.5,80,0.0978495,0.6042,0.0978495,136.918
750,105.5,80,0.097846,0.604298,0.097846,136.936
750,105.5,80,0.0978424,0.604396,0.0978424,136.946
750,105.5,80,0.0978392,0.604493,0.0978392,136.96
750,105.5,80,0.0978361,0.604592,0.0978361,136.963
750,105.5,80,0.0978326,0.604693,0.0978326,136.964
750,105.5,80,0.0978284,0.604792,0.0978284,136.957
750,105.5,80,0.0978243,0.604896,0.0978243,136.958
750,105.5,80,0.0978197,0.604994,0.0978197,136.952
750,105.5,80,0.0978146,0.6051,0.0978146,136.953
750,105.5,80,0.0978043,0.605233,0.0978043,136.935
750,105.5,80,0.0977994,0.605365,0.0977994,136.963
750,105.5,80,0.0977945,0.60547,0.0977945,136.979
750,105.5,80,0.0977889,0.605573,0.0977889,136.993
750,105.5,80,0.0977907,0.605671,0.0977907,137.072
750,105.5,80,0.0977859,0.605769,0.0977859,137.079
750,105.5,80,0.0977816,0.605866,0.0977816,137.086
750,105.5,80,0.0977772,0.605964,0.0977772,137.092
750,105.5,80,0.0977724,0.606062,0.0977724,137.095
750,105.5,80,0.097768,0.606162,0.097768,137.097
750,105.5,80,0.0977638,0.60626,0.0977638,137.094
750,105.5,80,0.0977601,0.606358,0.0977601,137.099
750,105.5,80,0.0977555,0.606456,0.0977555,137.096
750,105.5,80,0.0977509,0.60656,0.0977509,137.1
750,105.5,80,0.0977461,0.606663,0.0977461,137.099
750,105.5,80,0.0977357,0.606796,0.0977357,137.072
750,105.5,80,0.0977304,0.606922,0.0977304,137.089
750,105.5,80,0.0977248,0.607025,0.0977248,137.094
750,105.5,80,0.0977194,0.60713,0.0977194,137.098
750,105.5,80,0.0977144,0.607228,0.0977144,137.108
750,105.5,80,0.0977087,0.607326,0.0977087,137.108
750,105.5,80,0.0977039,0.607424,0.0977039,137.108
750,105.5,80,0.0976993,0.607521,0.0976993,137.113
750,105.5,80,0.0976953,0.607619,0.0976953,137.122
750,105.5,80,0.0976915,0.607717,0.0976915,137.121
750,105.5,80,0.0976881,0.60782,0.0976881,137.126
750,105.5,80,0.0976849,0.607918,0.0976849,137.134
750,105.5,80,0.0976818,0.608023,0.0976818,137.147
750,105.5,80,0.0976788,0.608127,0.0976788,137.164
750,105.5,80,0.0976752,0.608225,0.0976752,137.168
750,105.5,80,0.0976717,0.608322,0.0976717,137.172
750,105.5,80,0.0976681,0.608424,0.0976681,137.198
750,105.5,80,0.097664,0.608527,0.097664,137.213
750,105.5,80,0.0976542,0.60868,0.0976542,137.213
750,105.5,80,0.0976493,0.60879,0.0976493,137.231
750,105.5,80,0.0976437,0.608899,0.0976437,137.241
750,105.5,80,0.0976379,0.609008,0.0976379,137.248
750,105.5,80,0.0976322,0.609118,0.0976322,137.25
750,105.5,80,0.09762,0.609263,0.09762,137.231
750,105.5,80,0.0976146,0.609381,0.0976146,137.28
750,105.5,80,0.0976094,0.609488,0.0976094,137.284
750,105.5,80,0.0976003,0.609647,0.0976003,137.285
750,105.5,80,0.0975955,0.609765,0.0975955,137.303
750,105.5,80,0.0975909,0.60988,0.0975909,137.319
750,105.5,80,0.0975866,0.60999,0.0975866,137.342
750,105.5,80,0.0975781,0.610144,0.0975781,137.363
750,105.5,80,0.0975735,0.610255,0.0975735,137.381
750,105.5,80,0.0975691,0.610374,0.0975691,137.404
750,105.5,80,0.0975629,0.610482,0.0975629,137.409
750,105.5,80,0.0975548,0.610632,0.0975548,137.411
750,105.5,80,0.0975497,0.610741,0.0975497,137.415
750,105.5,80,0.0975437,0.610865,0.0975437,137.415
750,105.5,80,0.0975342,0.611015,0.0975342,137.386
750,105.5,80,0.09753,0.611126,0.09753,137.401
750,105.5,80,0.0975262,0.611238,0.0975262,137.412
750,105.5,80,0.0975226,0.611355,0.0975226,137.428
750,105.5,80,0.0975154,0.611479,0.0975154,137.413
750,105.5,80,0.0975127,0.611614,0.0975127,137.448
750,105.5,80,0.0975101,0.611729,0.0975101,137.473
750,105.5,80,0.0975041,0.611902,0.0975041,137.479
750,105.5,80,0.0975012,0.612021,0.0975012,137.486
750,105.5,80,0.0974947,0.612158,0.0974947,137.471
750,105.5,80,0.0974917,0.612288,0.0974917,137.466
750,105.5,80,0.0974885,0.612402,0.0974885,137.482
750,105.5,80,0.097485,0.612519,0.097485,137.49
750,105.5,80,0.0974764,0.612672,0.0974764,137.487
750,105.5,80,0.0974721,0.612788,0.0974721,137.499
750,105.5,80,0.0974676,0.612914,0.0974676,137.517
750,105.5,80,0.0974579,0.613066,0.0974579,137.507
750,105.5,80,0.0974533,0.613187,0.0974533,137.535
750,105.5,80,0.0974492,0.613292,0.0974492,137.552
750,105.5,80,0.0974446,0.613405,0.0974446,137.547
750,105.5,80,0.0974379,0.613547,0.0974379,137.556
750,105.5,80,0.0974348,0.613664,0.0974348,137.58
750,105.5,80,0.097432,0.613776,0.097432,137.594
750,105.5,80,0.0974266,0.61394,0.0974266,137.604
750,105.5,80,0.0974242,0.614047,0.0974242,137.612
750,105.5,80,0.0974212,0.614169,0.0974212,137.624
750,105.5,80,0.0974185,0.614276,0.0974185,137.642
750,105.5,80,0.0974133,0.61443,0.0974133,137.633
750,105.5,80,0.0974101,0.61454,0.0974101,137.652
750,105.5,80,0.0974043,0.614717,0.0974043,137.668
750,105.5,80,0.097401,0.614827,0.097401,137.677
750,105.5,80,0.0973975,0.614945,0.0973975,137.69
750,105.5,80,0.0973904,0.615077,0.0973904,137.681
750,105.5,80,0.0973864,0.615211,0.0973864,137.692
750,105.5,80,0.0973828,0.615321,0.0973828,137.716
750,105.5,80,0.0973761,0.615492,0.0973761,137.723
750,105.5,80,0.0973733,0.615606,0.0973733,137.755
750,105.5,80,0.0973705,0.615732,0.0973705,137.785
750,105.5,80,0.0973657,0.61589,0.0973657,137.805
750,105.5,80,0.0973635,0.616009,0.0973635,137.837
750,105.5,80,0.0973597,0.616151,0.0973597,137.859
750,105.5,80,0.0973581,0.616278,0.0973581,137.892
750,105.5,80,0.0973566,0.616389,0.0973566,137.917
750,105.5,80,0.0973548,0.616515,0.0973548,137.91
750,105.5,80,0.097351,0.616662,0.097351,137.954
750,105.5,80,0.0973494,0.616778,0.0973494,137.976
750,105.5,80,0.097345,0.616951,0.097345,137.956
750,105.5,80,0.0973426,0.617068,0.0973426,137.952
750,105.5,80,0.0973399,0.617189,0.0973399,138.01
750,105.5,80,0.0973329,0.617345,0.0973329,138.007
750,105.5,80,0.0973294,0.617453,0.0973294,138.01
750,105.5,80,0.0973254,0.617574,0.0973254,138.016
750,105.5,80,0.0973211,0.617683,0.0973211,138.015
750,105.5,80,0.0973117,0.617834,0.0973117,137.991
750,105.5,80,0.0973073,0.617938,0.0973073,137.996
750,105.5,80,0.0973033,0.618069,0.0973033,138.013
750,105.5,80,0.0972954,0.618215,0.0972954,138.002
750,105.5,80,0.0972921,0.618327,0.0972921,138.019
750,105.5,80,0.0972889,0.618438,0.0972889,138.036
750,105.5,80,0.0972826,0.618611,0.0972826,138.05
750,105.5,80,0.0972801,0.618716,0.0972801,138.069
750,105.5,80,0.0972771,0.618842,0.0972771,138.091
750,105.5,80,0.0972708,0.619,0.0972708,138.104
750,105.5,80,0.0972676,0.619112,0.0972676,138.124
750,105.5,80,0.0972644,0.619237,0.0972644,138.141
750,105.5,80,0.0972572,0.619388,0.0972572,138.148
750,105.5,80,0.0972534,0.619492,0.0972534,138.16
750,105.5,80,0.097249,0.619608,0.097249,138.173
750,105.5,80,0.097244,0.619708,0.097244,138.176
750,105.5,80,0.0972348,0.619843,0.0972348,138.19
750,105.5,80,0.0972299,0.619972,0.0972299,138.21
750,105.5,80,0.0972249,0.620077,0.0972249,138.219
750,105.5,80,0.0972197,0.620178,0.0972197,138.229
750,105.5,80,0.0972156,0.620278,0.0972156,138.256
750,105.5,80,0.0972117,0.620375,0.0972117,138.277
750,105.5,80,0.0972078,0.620473,0.0972078,138.291
750,105.5,80,0.0972045,0.62057,0.0972045,138.309
750,105.5,80,0.0972014,0.620673,0.0972014,138.326
750,105.5,80,0.0971988,0.620771,0.0971988,138.345
750,105.5,80,0.097196,0.620873,0.097196,138.357
750,105.5,80,0.0971934,0.620978,0.0971934,138.373
750,105.5,80,0.0971887,0.621132,0.0971887,138.379
750,105.5,80,0.0971862,0.621231,0.0971862,138.381
750,105.5,80,0.097183,0.621335,0.097183,138.386
750,105.5,80,0.0971801,0.621433,0.0971801,138.393
750,105.5,80,0.0971771,0.62153,0.0971771,138.409
750,105.5,80,0.0971733,0.621628,0.0971733,138.412
750,105.5,80,0.097169,0.621728,0.097169,138.411
750,105.5,80,0.0971654,0.621825,0.0971654,138.417
750,105.5,80,0.0971619,0.621929,0.0971619,138.433
750,105.5,80,0.0971577,0.622027,0.0971577,138.432
750,105.5,80,0.0971542,0.622128,0.0971542,138.433
750,105.5,80,0.0971505,0.62223,0.0971505,138.435
750,105.5,80,0.0971467,0.622329,0.0971467,138.441
750,105.5,80,0.097143,0.622442,0.097143,138.443
750,105.5,80,0.0971367,0.622592,0.0971367,138.44
750,105.5,80,0.0971346,0.622695,0.0971346,138.451
750,105.5,80,0.0971321,0.622829,0.0971321,138.462
750,105.5,80,0.097128,0.622969,0.097128,138.455
750,105.5,80,0.0971263,0.623076,0.0971263,138.464
750,105.5,80,0.097124,0.623177,0.097124,138.465
750,105.5,80,0.0971222,0.623279,0.0971222,138.463
750,105.5,80,0.0971204,0.623381,0.0971204,138.468
750,105.5,80,0.0971188,0.623492,0.0971188,138.479
750,105.5,80,0.0971169,0.623596,0.0971169,138.492
750,105.5,80,0.097116,0.623749,0.097116,138.493
750,105.5,80,0.097114,0.623853,0.097114,138.503
750,105.5,80,0.0971119,0.623956,0.0971119,138.502
750,105.5,80,0.0971096,0.624054,0.0971096,138.506
750,105.5,80,0.0971069,0.624162,0.0971069,138.511
750,105.5,80,0.0971044,0.624276,0.0971044,138.524
750,105.5,80,0.0970986,0.624425,0.0970986,138.526
750,105.5,80,0.0970952,0.624533,0.0970952,138.535
750,105.5,80,0.0970914,0.624637,0.0970914,138.544
750,105.5,80,0.0970876,0.624735,0.0970876,138.553
750,105.5,80,0.0970831,0.624832,0.0970831,138.554
750,105.5,80,0.0970785,0.624931,0.0970785,138.563
750,105.5,80,0.0970742,0.625034,0.0970742,138.579
750,105.5,80,0.0970695,0.625131,0.0970695,138.584
750,105.5,80,0.0970652,0.625232,0.0970652,138.598
750,105.5,80,0.0970606,0.625329,0.0970606,138.61
750,105.5,80,0.0970531,0.625462,0.0970531,138.615
750,105.5,80,0.0970498,0.625595,0.0970498,138.653
750,105.5,80,0.0970464,0.625695,0.0970464,138.671
750,105.5,80,0.097043,0.625795,0.097043,138.684
750,105.5,80,0.09704,0.625898,0.09704,138.711
750,105.5,80,0.097037,0.625997,0.097037,138.725
750,105.5,80,0.0970338,0.626099,0.0970338,138.737
750,105.5,80,0.0970309,0.626206,0.0970309,138.751
750,105.5,80,0.0970282,0.62632,0.0970282,138.76
750,105.5,80,0.0970222,0.626436,0.0970222,138.74
750,105.5,80,0.0970191,0.626567,0.0970191,138.748
750,105.5,80,0.0970159,0.626674,0.0970159,138.744
750,105.5,80,0.0970125,0.626795,0.0970125,138.747
750,105.5,80,0.0970052,0.626948,0.0970052,138.738
750,105.5,80,0.0970012,0.627059,0.0970012,138.73
750,105.5,80,0.0969971,0.627163,0.0969971,138.725
750,105.5,80,0.0969927,0.627281,0.0969927,138.728
750,105.5,80,0.0969847,0.627432,0.0969847,138.715
750,105.5,80,0.0969808,0.627548,0.0969808,138.728
750,105.5,80,0.0969767,0.627663,0.0969767,138.733
750,105.5,80,0.0969732,0.627781,0.0969732,138.742
750,105.5,80,0.0969663,0.627927,0.0969663,138.722
750,105.5,80,0.0969635,0.628041,0.0969635,138.742
750,105.5,80,0.0969602,0.628156,0.0969602,138.756
750,105.5,80,0.096955,0.62831,0.096955,138.799
750,105.5,80,0.0969524,0.628416,0.0969524,138.819
750,105.5,80,0.0969499,0.628523,0.0969499,138.83
750,105.5,80,0.0969466,0.628639,0.0969466,138.844
750,105.5,80,0.0969428,0.628794,0.0969428,138.86
750,105.5,80,0.0969402,0.628899,0.0969402,138.882
750,105.5,80,0.096938,0.629014,0.096938,138.905
750,105.5,80,0.096933,0.629176,0.096933,138.924
750,105.5,80,0.0969299,0.629295,0.0969299,138.943
750,105.5,80,0.0969267,0.629414,0.0969267,138.961
750,105.5,80,0.0969194,0.629567,0.0969194,138.964
750,105.5,80,0.0969152,0.629679,0.0969152,138.979
750,105.5,80,0.0969068,0.629854,0.0969068,138.985
750,105.5,80,0.0969025,0.629963,0.0969025,138.999
750,105.5,80,0.0968981,0.630079,0.0968981,139.011
750,105.5,80,0.0968943,0.630191,0.0968943,139.025
750,105.5,80,0.0968866,0.630343,0.0968866,139.032
750,105.5,80,0.096883,0.630453,0.096883,139.044
750,105.5,80,0.0968769,0.630625,0.0968769,139.058
750,105.5,80,0.0968734,0.630738,0.0968734,139.076
750,105.5,80,0.0968707,0.630857,0.0968707,139.1
750,105.5,80,0.0968656,0.63102,0.0968656,139.12
750,105.5,80,0.096863,0.631136,0.096863,139.149
750,105.5,80,0.0968583,0.6313,0.0968583,139.168
750,105.5,80,0.0968559,0.631419,0.0968559,139.19
750,105.5,80,0.0968532,0.631534,0.0968532,139.199
750,105.5,80,0.0968473,0.631692,0.0968473,139.198
750,105.5,80,0.0968441,0.631802,0.0968441,139.189
750,105.5,80,0.0968371,0.631981,0.0968371,139.181
750,105.5,80,0.0968333,0.632094,0.0968333,139.174
750,105.5,80,0.0968294,0.632208,0.0968294,139.174
750,105.5,80,0.0968246,0.632323,0.0968246,139.172
750,105.5,80,0.0968147,0.632472,0.0968147,139.154
750,105.5,80,0.0968095,0.63258,0.0968095,139.157
750,105.5,80,0.0968035,0.632698,0.0968035,139.161
750,105.5,80,0.0967983,0.632816,0.0967983,139.128
750,105.5,80,0.0967875,0.632954,0.0967875,139.158
750,105.5,80,0.0967823,0.633059,0.0967823,139.161
750,105.5,80,0.096777,0.633167,0.096777,139.162
750,105.5,80,0.096768,0.633306,0.096768,139.153
750,105.5,80,0.0967637,0.633438,0.0967637,139.162
750,105.5,80,0.0967595,0.633542,0.0967595,139.17
750,105.5,80,0.0967557,0.633655,0.0967557,139.192
750,105.5,80,0.0967519,0.633767,0.0967519,139.211
750,105.5,80,0.0967441,0.633921,0.0967441,139.22
750,105.5,80,0.0967402,0.634032,0.0967402,139.24
750,105.5,80,0.0967321,0.63418,0.0967321,139.244
750,105.5,80,0.0967272,0.634306,0.0967272,139.256
750,105.5,80,0.0967226,0.634416,0.0967226,139.263
750,105.5,80,0.0967176,0.634536,0.0967176,139.266
750,105.5,80,0.0967067,0.634687,0.0967067,139.228
750,105.5,80,0.0967013,0.634795,0.0967013,139.225
750,105.5,80,0.0966962,0.634915,0.0966962,139.19
750,105.5,80,0.0966907,0.635023,0.0966907,139.194
750,105.5,80,0.0966816,0.635149,0.0966816,139.163
750,105.5,80,0.0966776,0.635273,0.0966776,139.206
750,105.5,80,0.0966734,0.635385,0.0966734,139.234
750,105.5,80,0.0966693,0.635496,0.0966693,139.256
750,105.5,80,0.0966623,0.635653,0.0966623,139.267
750,105.5,80,0.0966591,0.63576,0.0966591,139.299
750,105.5,80,0.096656,0.635868,0.096656,139.317
750,105.5,80,0.0966533,0.635984,0.0966533,139.338
750,105.5,80,0.0966475,0.636145,0.0966475,139.333
750,105.5,80,0.0966448,0.636261,0.0966448,139.364
750,105.5,80,0.0966379,0.636435,0.0966379,139.376
750,105.5,80,0.0966339,0.636544,0.0966339,139.391
750,105.5,80,0.0966294,0.636667,0.0966294,139.41
750,105.5,80,0.096621,0.636816,0.096621,139.409
750,105.5,80,0.0966166,0.636934,0.0966166,139.432
750,105.5,80,0.0966069,0.637108,0.0966069,139.439
750,105.5,80,0.0966021,0.637228,0.0966021,139.455
750,105.5,80,0.0965974,0.63734,0.0965974,139.465
750,105.5,80,0.0965885,0.637496,0.0965885,139.456
750,105.5,80,0.0965846,0.637609,0.0965846,139.474
750,105.5,80,0.0965779,0.637749,0.0965779,139.48
750,105.5,80,0.0965745,0.637881,0.0965745,139.501
750,105.5,80,0.0965718,0.638006,0.0965718,139.529
750,105.5,80,0.0965664,0.638169,0.0965664,139.551
750,105.5,80,0.0965639,0.638284,0.0965639,139.576
750,105.5,80,0.0965617,0.638394,0.0965617,139.6
750,105.5,80,0.096557,0.63856,0.096557,139.617
750,105.5,80,0.0965546,0.638681,0.0965546,139.64
750,105.5,80,0.0965492,0.638844,0.0965492,139.654
750,105.5,80,0.0965462,0.638953,0.0965462,139.666
750,105.5,80,0.0965422,0.639075,0.0965422,139.674
750,105.5,80,0.0965351,0.639233,0.0965351,139.67
750,105.5,80,0.096531,0.639361,0.096531,139.687
750,105.5,80,0.0965222,0.639515,0.0965222,139.687
750,105.5,80,0.0965186,0.639641,0.0965186,139.724
750,105.5,80,0.0965135,0.639754,0.0965135,139.737
750,105.5,80,0.0965041,0.639904,0.0965041,139.754
750,105.5,80,0.0965001,0.640019,0.0965001,139.773
750,105.5,80,0.096496,0.640134,0.096496,139.791
750,105.5,80,0.0964885,0.640265,0.0964885,139.789
750,105.5,80,0.0964853,0.640386,0.0964853,139.802
750,105.5,80,0.0964821,0.64049,0.0964821,139.814
750,105.5,80,0.0964764,0.640665,0.0964764,139.825
750,105.5,80,0.0964738,0.640777,0.0964738,139.837
750,105.5,80,0.0964713,0.640889,0.0964713,139.853
750,105.5,80,0.0964698,0.641026,0.0964698,139.879
750,105.5,80,0.0964676,0.641154,0.0964676,139.893
750,105.5,80,0.0964652,0.641262,0.0964652,139.911
750,105.5,80,0.0964631,0.641371,0.0964631,139.93
750,105.5,80,0.096461,0.641483,0.096461,139.95
750,105.5,80,0.0964564,0.641637,0.0964564,139.968
750,105.5,80,0.096454,0.641754,0.096454,139.98
750,105.5,80,0.0964514,0.641872,0.0964514,139.99
750,105.5,80,0.0964454,0.642025,0.0964454,139.988
750,105.5,80,0.0964421,0.642143,0.0964421,139.992
750,105.5,80,0.0964386,0.642258,0.0964386,139.994
750,105.5,80,0.096431,0.642408,0.096431,139.98
750,105.5,80,0.0964269,0.642521,0.0964269,139.983
750,105.5,80,0.0964226,0.642637,0.0964226,139.987
750,105.5,80,0.096413,0.642794,0.096413,139.974
750,105.5,80,0.0964086,0.642902,0.0964086,139.979
750,105.5,80,0.096404,0.643008,0.096404,139.986
750,105.5,80,0.0963999,0.643122,0.0963999,139.999
750,105.5,80,0.0963921,0.643276,0.0963921,140.01
750,105.5,80,0.0963886,0.643389,0.0963886,140.033
750,105.5,80,0.096382,0.643558,0.096382,140.056
750,105.5,80,0.0963796,0.64368,0.0963796,140.1
750,105.5,80,0.0963772,0.643795,0.0963772,140.129
750,105.5,80,0.0963725,0.643942,0.0963725,140.15
750,105.5,80,0.0963705,0.644046,0.0963705,140.163
750,105.5,80,0.0963683,0.644166,0.0963683,140.176
750,105.5,80,0.096366,0.644278,0.096366,140.178
750,105.5,80,0.0963611,0.644421,0.0963611,140.17
750,105.5,80,0.0963584,0.64453,0.0963584,140.181
750,105.5,80,0.0963555,0.644645,0.0963555,140.18
750,105.5,80,0.0963519,0.644755,0.0963519,140.182
750,105.5,80,0.0963458,0.644906,0.0963458,140.186
750,105.5,80,0.0963427,0.64501,0.0963427,140.192
750,105.5,80,0.0963392,0.645127,0.0963392,140.2
750,105.5,80,0.0963358,0.645236,0.0963358,140.204
750,105.5,80,0.0963292,0.645383,0.0963292,140.234
750,105.5,80,0.0963258,0.645492,0.0963258,140.23
750,105.5,80,0.0963223,0.645608,0.0963223,140.227
750,105.5,80,0.0963191,0.645721,0.0963191,140.228
750,105.5,80,0.0963128,0.645876,0.0963128,140.2
750,105.5,80,0.0963099,0.645998,0.0963099,140.216
750,105.5,80,0.0963047,0.646162,0.0963047,140.221
750,105.5,80,0.0963026,0.646273,0.0963026,140.221
750,105.5,80,0.0962991,0.646423,0.0962991,140.234
750,105.5,80,0.0962975,0.646551,0.0962975,140.25
750,105.5,80,0.0962958,0.646672,0.0962958,140.269
750,105.5,80,0.0962945,0.646784,0.0962945,140.287
750,105.5,80,0.0962922,0.646923,0.0962922,140.281
750,105.5,80,0.0962911,0.647036,0.0962911,140.297
750,105.5,80,0.0962897,0.647163,0.0962897,140.317
750,105.5,80,0.0962876,0.64731,0.0962876,140.316
750,105.5,80,0.0962861,0.647419,0.0962861,140.338
750,105.5,80,0.0962848,0.647535,0.0962848,140.358
750,105.5,80,0.0962821,0.6477,0.0962821,140.386
750,105.5,80,0.0962808,0.647804,0.0962808,140.408
750,105.5,80,0.0962793,0.647933,0.0962793,140.436
750,105.5,80,0.0962762,0.648078,0.0962762,140.447
750,105.5,80,0.0962747,0.648196,0.0962747,140.465
750,105.5,80,0.0962711,0.648375,0.0962711,140.476
750,105.5,80,0.0962667,0.648534,0.0962667,140.476
750,105.5,80,0.0962644,0.648663,0.0962644,140.478
750,105.5,80,0.0962619,0.648784,0.0962619,140.487
750,105.5,80,0.0962593,0.648896,0.0962593,140.496
750,105.5,80,0.0962542,0.649047,0.0962542,140.484
750,105.5,80,0.0962515,0.649156,0.0962515,140.497
750,105.5,80,0.0962484,0.649277,0.0962484,140.512
750,105.5,80,0.0962426,0.649429,0.0962426,140.516
750,105.5,80,0.0962395,0.649543,0.0962395,140.533
750,105.5,80,0.0962366,0.649664,0.0962366,140.552
750,105.5,80,0.09623,0.649815,0.09623,140.55
750,105.5,80,0.0962271,0.649925,0.0962271,140.562
750,105.5,80,0.096224,0.650047,0.096224,140.574
750,105.5,80,0.0962182,0.650191,0.0962182,140.56
750,105.5,80,0.0962154,0.650308,0.0962154,140.576
750,105.5,80,0.0962129,0.650422,0.0962129,140.586
750,105.5,80,0.0962075,0.650582,0.0962075,140.597
750,105.5,80,0.0962053,0.650707,0.0962053,140.619
750,105.5,80,0.0962004,0.650865,0.0962004,140.637
750,105.5,80,0.0961982,0.650974,0.0961982,140.667
750,105.5,80,0.0961959,0.651088,0.0961959,140.7
750,105.5,80,0.0961936,0.651195,0.0961936,140.721
750,105.5,80,0.0961884,0.651356,0.0961884,140.747
750,105.5,80,0.0961858,0.651469,0.0961858,140.772
750,105.5,80,0.0961832,0.651587,0.0961832,140.796
750,105.5,80,0.0961776,0.651729,0.0961776,140.811
750,105.5,80,0.0961745,0.651841,0.0961745,140.826
750,105.5,80,0.0961712,0.651942,0.0961712,140.84
750,105.5,80,0.0961638,0.652088,0.0961638,140.837
750,105.5,80,0.0961596,0.652218,0.0961596,140.861
750,105.5,80,0.0961551,0.65233,0.0961551,140.865
750,105.5,80,0.0961507,0.652443,0.0961507,140.864
750,105.5,80,0.0961402,0.652595,0.0961402,140.847
750,105.5,80,0.0961352,0.6527,0.0961352,140.844
750,105.5,80,0.0961301,0.652816,0.0961301,140.846
750,105.5,80,0.0961248,0.652924,0.0961248,140.796
750,105.5,80,0.0961156,0.653072,0.0961156,140.806
750,105.5,80,0.0961113,0.653188,0.0961113,140.831
750,105.5,80,0.0961043,0.653362,0.0961043,140.852
750,105.5,80,0.0961012,0.653474,0.0961012,140.884
750,105.5,80,0.0960984,0.653581,0.0960984,140.905
750,105.5,80,0.0960957,0.653697,0.0960957,140.922
750,105.5,80,0.0960907,0.653853,0.0960907,140.932
750,105.5,80,0.0960884,0.653959,0.0960884,140.942
750,105.5,80,0.096083,0.654102,0.096083,140.935
750,105.5,80,0.0960804,0.654232,0.0960804,140.941
750,105.5,80,0.0960777,0.654342,0.0960777,140.951
750,105.5,80,0.0960743,0.654456,0.0960743,140.958
750,105.5,80,0.0960676,0.65459,0.0960676,140.951
750,105.5,80,0.0960641,0.654714,0.0960641,140.975
750,105.5,80,0.09606,0.654827,0.09606,140.982
750,105.5,80,0.0960522,0.654996,0.0960522,140.99
750,105.5,80,0.0960483,0.655107,0.0960483,141.002
750,105.5,80,0.0960434,0.655213,0.0960434,141
750,105.5,80,0.0960389,0.655324,0.0960389,141.001
750,105.5,80,0.0960294,0.655481,0.0960294,140.989
750,105.5,80,0.0960243,0.655605,0.0960243,140.999
750,105.5,80,0.0960198,0.655717,0.0960198,141.004
750,105.5,80,0.0960114,0.655864,0.0960114,140.998
750,105.5,80,0.0960072,0.65598,0.0960072,141.011
750,105.5,80,0.0960039,0.656095,0.0960039,141.028
750,105.5,80,0.0959977,0.656249,0.0959977,141.029
750,105.5,80,0.0959922,0.656439,0.0959922,141.048
750,105.5,80,0.0959893,0.656548,0.0959893,141.059
750,105.5,80,0.0959866,0.656669,0.0959866,141.078
750,105.5,80,0.0959809,0.65679,0.0959809,141.046
750,105.5,80,0.095978,0.656918,0.095978,141.065
750,105.5,80,0.095975,0.657021,0.095975,141.073
750,105.5,80,0.0959717,0.657136,0.0959717,141.07
750,105.5,80,0.0959678,0.657242,0.0959678,141.068
750,105.5,80,0.0959599,0.657398,0.0959599,141.032
750,105.5,80,0.095956,0.657504,0.095956,141.047
750,105.5,80,0.0959519,0.657618,0.0959519,141.056
750,105.5,80,0.0959432,0.657746,0.0959432,141.021
750,105.5,80,0.0959384,0.657876,0.0959384,141.043
750,105.5,80,0.0959335,0.657985,0.0959335,141.052
750,105.5,80,0.0959273,0.658098,0.0959273,141.057
750,105.5,80,0.095917,0.658223,0.095917,141.037
750,105.5,80,0.0959117,0.658357,0.0959117,141.045
750,105.5,80,0.0959065,0.658459,0.0959065,141.069
750,105.5,80,0.0959015,0.658589,0.0959015,141.108
750,105.5,80,0.095892,0.658707,0.095892,141.103
750,105.5,80,0.0958877,0.658837,0.0958877,141.155
750,105.5,80,0.0958836,0.658941,0.0958836,141.196
750,105.5,80,0.0958797,0.659056,0.0958797,141.234
750,105.5,80,0.0958721,0.65919,0.0958721,141.25
750,105.5,80,0.0958687,0.659314,0.0958687,141.306
750,105.5,80,0.0958654,0.659419,0.0958654,141.333
750,105.5,80,0.0958656,0.659534,0.0958656,141.391
750,105.5,80,0.0958584,0.659669,0.0958584,141.394
750,105.5,80,0.0958548,0.659792,0.0958548,141.439
750,105.5,80,0.0958511,0.659895,0.0958511,141.45
750,105.5,80,0.0958475,0.660014,0.0958475,141.469
750,105.5,80,0.0958438,0.660124,0.0958438,141.482
750,105.5,80,0.0958359,0.660271,0.0958359,141.484
750,105.5,80,0.0958316,0.660386,0.0958316,141.479
750,105.5,80,0.0958228,0.660552,0.0958228,141.469
750,105.5,80,0.0958177,0.660664,0.0958177,141.46
750,105.5,80,0.0958131,0.660778,0.0958131,141.458
750,105.5,80,0.0958077,0.660889,0.0958077,141.464
750,105.5,80,0.0957987,0.661041,0.0957987,141.453
750,105.5,80,0.0957939,0.661158,0.0957939,141.463
750,105.5,80,0.0957863,0.661321,0.0957863,141.472
750,105.5,80,0.095783,0.661429,0.095783,141.494
750,105.5,80,0.0957798,0.66155,0.0957798,141.508
750,105.5,80,0.0957746,0.661681,0.0957746,141.512
750,105.5,80,0.0957725,0.661802,0.0957725,141.528
750,105.5,80,0.0957707,0.661912,0.0957707,141.547
750,105.5,80,0.0957689,0.662022,0.0957689,141.564
750,105.5,80,0.0957669,0.662133,0.0957669,141.581
750,105.5,80,0.0957627,0.662272,0.0957627,141.592
750,105.5,80,0.0957604,0.66238,0.0957604,141.607
750,105.5,80,0.0957582,0.662491,0.0957582,141.625
750,105.5,80,0.0957529,0.662663,0.0957529,141.633
750,105.5,80,0.0957467,0.662852,0.0957467,141.65
750,105.5,80,0.0957431,0.662959,0.0957431,141.654
750,105.5,80,0.0957395,0.663085,0.0957395,141.668
750,105.5,80,0.0957318,0.663212,0.0957318,141.661
750,105.5,80,0.0957273,0.663335,0.0957273,141.668
750,105.5,80,0.0957231,0.663455,0.0957231,141.679
750,105.5,80,0.0957143,0.663611,0.0957143,141.674
750,105.5,80,0.0957099,0.66372,0.0957099,141.701
750,105.5,80,0.095705,0.663849,0.095705,141.699
750,105.5,80,0.0956962,0.663999,0.0956962,141.678
750,105.5,80,0.0956923,0.664117,0.0956923,141.684
750,105.5,80,0.0956845,0.664261,0.0956845,141.672
750,105.5,80,0.0956814,0.664383,0.0956814,141.679
750,105.5,80,0.0956782,0.664496,0.0956782,141.689
750,105.5,80,0.0956734,0.664664,0.0956734,141.704
750,105.5,80,0.0956711,0.664774,0.0956711,141.722
750,105.5,80,0.0956673,0.664923,0.0956673,141.746
750,105.5,80,0.0956655,0.665052,0.0956655,141.77
750,105.5,80,0.0956635,0.665162,0.0956635,141.793
750,105.5,80,0.0956617,0.665279,0.0956617,141.81
750,105.5,80,0.0956578,0.665432,0.0956578,141.811
750,105.5,80,0.0956555,0.665543,0.0956555,141.822
750,105.5,80,0.0956533,0.665661,0.0956533,141.829
750,105.5,80,0.095648,0.665789,0.095648,141.794
750,105.5,80,0.0956452,0.665914,0.0956452,141.803
750,105.5,80,0.0956416,0.666022,0.0956416,141.798
750,105.5,80,0.0956383,0.666138,0.0956383,141.798
750,105.5,80,0.0956314,0.666286,0.0956314,141.765
750,105.5,80,0.0956278,0.666397,0.0956278,141.779
750,105.5,80,0.0956234,0.666521,0.0956234,141.791
750,105.5,80,0.0956153,0.666676,0.0956153,141.779
750,105.5,80,0.095611,0.666781,0.095611,141.797
750,105.5,80,0.0956067,0.666904,0.0956067,141.811
750,105.5,80,0.0955983,0.667057,0.0955983,141.804
750,105.5,80,0.0955944,0.667175,0.0955944,141.832
750,105.5,80,0.0955903,0.667286,0.0955903,141.844
750,105.5,80,0.095583,0.66744,0.095583,141.832
750,105.5,80,0.0955796,0.667552,0.0955796,141.854
750,105.5,80,0.0955734,0.667727,0.0955734,141.87
750,105.5,80,0.0955706,0.667838,0.0955706,141.886
750,105.5,80,0.095568,0.667959,0.095568,141.913
750,105.5,80,0.0955623,0.668112,0.0955623,141.909
750,105.5,80,0.0955597,0.668241,0.0955597,141.945
750,105.5,80,0.0955547,0.668401,0.0955547,141.931
750,105.5,80,0.0955524,0.668538,0.0955524,141.996
750,105.5,80,0.0955309,0.669167,0.0955309,142.043
750,105.5,80,0.0955272,0.669298,0.0955272,142.061
750,105.5,80,0.0955194,0.669455,0.0955194,142.039
750,105.5,80,0.0955147,0.669578,0.0955147,142.048
750,105.5,80,0.0955056,0.669724,0.0955056,142.021
750,105.5,80,0.0955006,0.669831,0.0955006,142.029
750,105.5,80,0.0954953,0.669926,0.0954953,142.032
750,105.5,80,0.0954901,0.670036,0.0954901,142.039
750,105.5,80,0.0954851,0.670143,0.0954851,142.05
750,105.5,80,0.0954798,0.670245,0.0954798,142.059
750,105.5,80,0.0954709,0.670362,0.0954709,142.038
750,105.5,80,0.0954667,0.67049,0.0954667,142.068
750,105.5,80,0.0954628,0.670591,0.0954628,142.087
750,105.5,80,0.0954589,0.670708,0.0954589,142.065
750,105.5,80,0.0954553,0.670806,0.0954553,142.095
750,105.5,80,0.095452,0.670915,0.095452,142.11
750,105.5,80,0.0954453,0.67103,0.0954453,142.109
750,105.5,80,0.095442,0.671159,0.095442,142.147
750,105.5,80,0.0954392,0.671258,0.0954392,142.174
750,105.5,80,0.0954361,0.671379,0.0954361,142.203
750,105.5,80,0.0954326,0.671483,0.0954326,142.221
750,105.5,80,0.0954293,0.671579,0.0954293,142.244
750,105.5,80,0.0954259,0.671674,0.0954259,142.259
750,105.5,80,0.0954179,0.671793,0.0954179,142.249
750,105.5,80,0.0954136,0.671914,0.0954136,142.274
750,105.5,80,0.0954092,0.672017,0.0954092,142.284
750,105.5,80,0.0954045,0.67212,0.0954045,142.292
750,105.5,80,0.0953991,0.672229,0.0953991,142.291
750,105.5,80,0.0953938,0.672341,0.0953938,142.295
750,105.5,80,0.0953832,0.672491,0.0953832,142.283
750,105.5,80,0.0953775,0.672597,0.0953775,142.279
750,105.5,80,0.0953672,0.672774,0.0953672,142.281
750,105.5,80,0.0953625,0.672885,0.0953625,142.3
750,105.5,80,0.0953584,0.673001,0.0953584,142.322
750,105.5,80,0.0953541,0.673107,0.0953541,142.346
750,105.5,80,0.095347,0.673258,0.095347,142.371
750,105.5,80,0.0953437,0.673363,0.0953437,142.393
750,105.5,80,0.0953405,0.673485,0.0953405,142.417
750,105.5,80,0.0953348,0.673603,0.0953348,142.412
750,105.5,80,0.0953318,0.673731,0.0953318,142.429
750,105.5,80,0.0953291,0.673835,0.0953291,142.438
750,105.5,80,0.0953261,0.673947,0.0953261,142.446
750,105.5,80,0.0953236,0.674048,0.0953236,142.447
750,105.5,80,0.0953186,0.674208,0.0953186,142.444
750,105.5,80,0.095315,0.674315,0.095315,142.456
750,105.5,80,0.0953126,0.674437,0.0953126,142.486
750,105.5,80,0.0953053,0.674589,0.0953053,142.487
750,105.5,80,0.0953007,0.674706,0.0953007,142.499
750,105.5,80,0.0952913,0.674843,0.0952913,142.488
750,105.5,80,0.0952858,0.67497,0.0952858,142.5
750,105.5,80,0.0952805,0.675077,0.0952805,142.501
750,105.5,80,0.0952755,0.675201,0.0952755,142.509
750,105.5,80,0.0952658,0.675355,0.0952658,142.497
750,105.5,80,0.0952612,0.675468,0.0952612,142.508
750,105.5,80,0.0952567,0.675579,0.0952567,142.517
750,105.5,80,0.0952478,0.675724,0.0952478,142.504
750,105.5,80,0.0952442,0.675832,0.0952442,142.524
750,105.5,80,0.0952405,0.67594,0.0952405,142.544
750,105.5,80,0.0952373,0.676054,0.0952373,142.563
750,105.5,80,0.0952346,0.676207,0.0952346,142.594
750,105.5,80,0.0952318,0.676309,0.0952318,142.613
750,105.5,80,0.095229,0.676433,0.095229,142.642
750,105.5,80,0.0952264,0.676536,0.0952264,142.663
750,105.5,80,0.0952204,0.676682,0.0952204,142.669
750,105.5,80,0.0952173,0.676784,0.0952173,142.682
750,105.5,80,0.0952102,0.676936,0.0952102,142.683
750,105.5,80,0.0952065,0.677063,0.0952065,142.699
750,105.5,80,0.0952023,0.677178,0.0952023,142.703
750,105.5,80,0.0951982,0.677291,0.0951982,142.708
750,105.5,80,0.0951884,0.677433,0.0951884,142.684
750,105.5,80,0.0951835,0.677538,0.0951835,142.689
750,105.5,80,0.0951784,0.677658,0.0951784,142.697
750,105.5,80,0.0951733,0.677761,0.0951733,142.696
750,105.5,80,0.0951678,0.677873,0.0951678,142.684
750,105.5,80,0.0951572,0.67801,0.0951572,142.668
750,105.5,80,0.095152,0.678123,0.095152,142.68
750,105.5,80,0.0951468,0.678236,0.0951468,142.69
750,105.5,80,0.0951381,0.678395,0.0951381,142.689
750,105.5,80,0.0951339,0.678496,0.0951339,142.706
750,105.5,80,0.0951307,0.678624,0.0951307,142.731
750,105.5,80,0.0951242,0.678775,0.0951242,142.742
750,105.5,80,0.0951213,0.678885,0.0951213,142.769
750,105.5,80,0.0951152,0.679026,0.0951152,142.779
750,105.5,80,0.0951125,0.679152,0.0951125,142.811
750,105.5,80,0.0951097,0.679256,0.0951097,142.832
750,105.5,80,0.0951064,0.679369,0.0951064,142.878
750,105.5,80,0.0951036,0.67948,0.0951036,142.894
750,105.5,80,0.0950976,0.679625,0.0950976,142.897
750,105.5,80,0.0950945,0.679731,0.0950945,142.904
750,105.5,80,0.0950907,0.679845,0.0950907,142.907
750,105.5,80,0.0950874,0.679952,0.0950874,142.914
750,105.5,80,0.0950805,0.680103,0.0950805,142.901
750,105.5,80,0.0950764,0.680213,0.0950764,142.903
750,105.5,80,0.0950689,0.680383,0.0950689,142.908
750,105.5,80,0.0950651,0.680492,0.0950651,142.919
750,105.5,80,0.0950613,0.680614,0.0950613,142.933
750,105.5,80,0.0950578,0.680719,0.0950578,142.949
750,105.5,80,0.0950515,0.680863,0.0950515,142.96
750,105.5,80,0.0950483,0.680967,0.0950483,142.979
750,105.5,80,0.0950454,0.681078,0.0950454,143.006
750,105.5,80,0.0950397,0.681234,0.0950397,143.033
750,105.5,80,0.0950369,0.681343,0.0950369,143.05
750,105.5,80,0.0950341,0.681447,0.0950341,143.072
750,105.5,80,0.0950315,0.681559,0.0950315,143.089
750,105.5,80,0.0950267,0.681717,0.0950267,143.096
750,105.5,80,0.0950244,0.681829,0.0950244,143.108
750,105.5,80,0.0950223,0.681948,0.0950223,143.116
750,105.5,80,0.0950179,0.682095,0.0950179,143.108
750,105.5,80,0.0950157,0.682199,0.0950157,143.114
750,105.5,80,0.0950135,0.682307,0.0950135,143.12
750,105.5,80,0.0950112,0.682417,0.0950112,143.126
750,105.5,80,0.0950062,0.682573,0.0950062,143.119
750,105.5,80,0.0950037,0.682677,0.0950037,143.133
750,105.5,80,0.0950011,0.682805,0.0950011,143.151
750,105.5,80,0.0949957,0.682945,0.0949957,143.151
750,105.5,80,0.0949926,0.683062,0.0949926,143.168
750,105.5,80,0.0949863,0.683199,0.0949863,143.164
750,105.5,80,0.0949828,0.68333,0.0949828,143.172
750,105.5,80,0.094979,0.683431,0.094979,143.175
750,105.5,80,0.0949753,0.683547,0.0949753,143.176
750,105.5,80,0.0949712,0.683649,0.0949712,143.171
750,105.5,80,0.094963,0.683803,0.094963,143.139
750,105.5,80,0.0949589,0.683908,0.0949589,143.149
750,105.5,80,0.0949504,0.684081,0.0949504,143.153
750,105.5,80,0.0949463,0.68419,0.0949463,143.162
750,105.5,80,0.0949421,0.684307,0.0949421,143.185
750,105.5,80,0.0949336,0.684438,0.0949336,143.183
750,105.5,80,0.0949296,0.684563,0.0949296,143.207
750,105.5,80,0.0949258,0.684671,0.0949258,143.23
750,105.5,80,0.0949224,0.684792,0.0949224,143.255
750,105.5,80,0.0949154,0.684938,0.0949154,143.257
750,105.5,80,0.0949123,0.685051,0.0949123,143.276
750,105.5,80,0.0949094,0.685161,0.0949094,143.29
750,105.5,80,0.0949038,0.68532,0.0949038,143.297
750,105.5,80,0.0949013,0.685426,0.0949013,143.306
750,105.5,80,0.0948989,0.68555,0.0948989,143.324
750,105.5,80,0.0948937,0.685689,0.0948937,143.31
750,105.5,80,0.094891,0.6858,0.094891,143.327
750,105.5,80,0.094888,0.685902,0.094888,143.333
750,105.5,80,0.0948818,0.686045,0.0948818,143.33
750,105.5,80,0.0948787,0.686172,0.0948787,143.348
750,105.5,80,0.0948756,0.686278,0.0948756,143.368
750,105.5,80,0.0948723,0.686386,0.0948723,143.386
750,105.5,80,0.0948656,0.686518,0.0948656,143.383
750,105.5,80,0.094862,0.686648,0.094862,143.413
750,105.5,80,0.0948585,0.686754,0.0948585,143.424
750,105.5,80,0.0948549,0.686863,0.0948549,143.439
750,105.5,80,0.0948515,0.686974,0.0948515,143.458
750,105.5,80,0.0948443,0.687117,0.0948443,143.447
750,105.5,80,0.0948405,0.687231,0.0948405,143.457
750,105.5,80,0.0948368,0.687346,0.0948368,143.467
750,105.5,80,0.09483,0.68749,0.09483,143.458
750,105.5,80,0.0948269,0.6876,0.0948269,143.476
750,105.5,80,0.0948238,0.687708,0.0948238,143.492
750,105.5,80,0.0948212,0.68782,0.0948212,143.514
750,105.5,80,0.0948166,0.687964,0.0948166,143.528
750,105.5,80,0.0948146,0.688069,0.0948146,143.556
750,105.5,80,0.0948131,0.688175,0.0948131,143.59
750,105.5,80,0.0948116,0.688286,0.0948116,143.619
750,105.5,80,0.09481,0.688398,0.09481,143.644
750,105.5,80,0.094807,0.688536,0.094807,143.67
750,105.5,80,0.0948051,0.688642,0.0948051,143.661
750,105.5,80,0.0948031,0.688747,0.0948031,143.685
750,105.5,80,0.0947991,0.688921,0.0947991,143.703
750,105.5,80,0.0947972,0.68903,0.0947972,143.719
750,105.5,80,0.0947948,0.689148,0.0947948,143.732
750,105.5,80,0.0947902,0.689295,0.0947902,143.733
750,105.5,80,0.0947876,0.689406,0.0947876,143.738
750,105.5,80,0.094785,0.689519,0.094785,143.742
750,105.5,80,0.0947793,0.689674,0.0947793,143.736
750,105.5,80,0.0947766,0.689783,0.0947766,143.741
750,105.5,80,0.094774,0.689905,0.094774,143.751
750,105.5,80,0.0947683,0.690028,0.0947683,143.734
750,105.5,80,0.0947656,0.690151,0.0947656,143.753
750,105.5,80,0.0947626,0.690252,0.0947626,143.76
750,105.5,80,0.0947591,0.690364,0.0947591,143.763
750,105.5,80,0.0947558,0.690472,0.0947558,143.775
750,105.5,80,0.0947484,0.690595,0.0947484,143.761
750,105.5,80,0.0947446,0.690719,0.0947446,143.776
750,105.5,80,0.0947406,0.690825,0.0947406,143.781
750,105.5,80,0.0947368,0.690928,0.0947368,143.792
750,105.5,80,0.0947297,0.691063,0.0947297,143.787
750,105.5,80,0.0947257,0.691191,0.0947257,143.804
750,105.5,80,0.0947221,0.6913,0.0947221,143.816
750,105.5,80,0.0947189,0.69141,0.0947189,143.833
750,105.5,80,0.0947125,0.691543,0.0947125,143.828
750,105.5,80,0.0947093,0.691664,0.0947093,143.84
750,105.5,80,0.0947065,0.691774,0.0947065,143.856
750,105.5,80,0.0947035,0.691898,0.0947035,143.871
750,105.5,80,0.0946975,0.69204,0.0946975,143.863
750,105.5,80,0.0946946,0.692175,0.0946946,143.891
750,105.5,80,0.0946884,0.692327,0.0946884,143.892
750,105.5,80,0.0946857,0.692428,0.0946857,143.912
750,105.5,80,0.0946832,0.692539,0.0946832,143.936
750,105.5,80,0.0946798,0.692649,0.0946798,143.951
750,105.5,80,0.0946733,0.6928,0.0946733,143.962
750,105.5,80,0.0946699,0.692902,0.0946699,143.974
750,105.5,80,0.0946663,0.693018,0.0946663,143.99
750,105.5,80,0.0946581,0.693171,0.0946581,143.965
750,105.5,80,0.0946538,0.693282,0.0946538,143.999
750,105.5,80,0.0946491,0.693393,0.0946491,144.003
750,105.5,80,0.0946441,0.693504,0.0946441,144.003
750,105.5,80,0.0946337,0.693651,0.0946337,143.993
750,105.5,80,0.0946288,0.693767,0.0946288,144.004
750,105.5,80,0.0946235,0.693869,0.0946235,144.006
750,105.5,80,0.0946182,0.693981,0.0946182,144.024
750,105.5,80,0.0946092,0.694118,0.0946092,144.02
750,105.5,80,0.0946049,0.694229,0.0946049,144.035
750,105.5,80,0.0946005,0.694335,0.0946005,144.044
750,105.5,80,0.0945927,0.694472,0.0945927,144.041
750,105.5,80,0.0945929,0.694595,0.0945929,144.088
750,105.5,80,0.0945894,0.694704,0.0945894,144.088
750,105.5,80,0.0945854,0.69482,0.0945854,144.09
750,105.5,80,0.0945784,0.694973,0.0945784,144.071
750,105.5,80,0.094575,0.695074,0.094575,144.078
750,105.5,80,0.0945712,0.695198,0.0945712,144.081
750,105.5,80,0.0945637,0.69535,0.0945637,144.072
750,105.5,80,0.0945598,0.695458,0.0945598,144.084
750,105.5,80,0.0945558,0.695567,0.0945558,144.095
750,105.5,80,0.0945465,0.695695,0.0945465,144.039
750,105.5,80,0.0945417,0.695822,0.0945417,144.077
750,105.5,80,0.0945368,0.695932,0.0945368,144.092
750,105.5,80,0.0945315,0.696046,0.0945315,144.087
750,105.5,80,0.0945208,0.696168,0.0945208,144.056
750,105.5,80,0.0945146,0.696294,0.0945146,144.047
750,105.5,80,0.094509,0.696404,0.094509,144.052
750,105.5,80,0.0945036,0.696522,0.0945036,144.06
750,105.5,80,0.0944937,0.696673,0.0944937,144.031
750,105.5,80,0.094489,0.696779,0.094489,144.052
750,105.5,80,0.0944848,0.696895,0.0944848,144.072
750,105.5,80,0.0944776,0.697025,0.0944776,144.058
750,105.5,80,0.0944738,0.697149,0.0944738,144.091
750,105.5,80,0.0944702,0.697255,0.0944702,144.117
750,105.5,80,0.0944635,0.697419,0.0944635,144.133
750,105.5,80,0.0944601,0.697525,0.0944601,144.15
750,105.5,80,0.0944569,0.697643,0.0944569,144.172
750,105.5,80,0.0944537,0.697749,0.0944537,144.196
750,105.5,80,0.0944469,0.697897,0.0944469,144.191
750,105.5,80,0.0944434,0.698001,0.0944434,144.247
750,105.5,80,0.0944399,0.69812,0.0944399,144.259
750,105.5,80,0.0944362,0.698233,0.0944362,144.273
750,105.5,80,0.0944276,0.698369,0.0944276,144.272
750,105.5,80,0.0944234,0.698477,0.0944234,144.29
750,105.5,80,0.0944137,0.698618,0.0944137,144.285
750,105.5,80,0.0944085,0.698747,0.0944085,144.306
750,105.5,80,0.0944034,0.698856,0.0944034,144.317
750,105.5,80,0.0943985,0.69897,0.0943985,144.333
750,105.5,80,0.0943888,0.699114,0.0943888,144.325
750,105.5,80,0.0943845,0.699224,0.0943845,144.342
750,105.5,80,0.0943808,0.699327,0.0943808,144.36
750,105.5,80,0.0943772,0.699433,0.0943772,144.38
750,105.5,80,0.0943736,0.699545,0.0943736,144.4
750,105.5,80,0.0943677,0.699658,0.0943677,144.389
750,105.5,80,0.0943647,0.699782,0.0943647,144.416
750,105.5,80,0.0943622,0.699888,0.0943622,144.438
750,105.5,80,0.0943595,0.700005,0.0943595,144.452
750,105.5,80,0.0943538,0.700158,0.0943538,144.451
750,105.5,80,0.0943511,0.70026,0.0943511,144.469
750,105.5,80,0.0943484,0.700365,0.0943484,144.481
750,105.5,80,0.0943454,0.700481,0.0943454,144.487
750,105.5,80,0.0943391,0.700626,0.0943391,144.475
750,105.5,80,0.0943358,0.700733,0.0943358,144.486
750,105.5,80,0.0943327,0.700838,0.0943327,144.494
750,105.5,80,0.0943294,0.700949,0.0943294,144.501
750,105.5,80,0.0943253,0.701053,0.0943253,144.481
750,105.5,80,0.0943175,0.701194,0.0943175,144.466
750,105.5,80,0.0943128,0.701308,0.0943128,144.474
750,105.5,80,0.0943085,0.701416,0.0943085,144.482
750,105.5,80,0.0942991,0.701564,0.0942991,144.449
750,105.5,80,0.0942943,0.701673,0.0942943,144.469
750,105.5,80,0.0942893,0.701773,0.0942893,144.478
750,105.5,80,0.0942844,0.70189,0.0942844,144.495
750,105.5,80,0.094275,0.702019,0.094275,144.486
750,105.5,80,0.0942706,0.702139,0.0942706,144.519
750,105.5,80,0.0942667,0.702241,0.0942667,144.547
750,105.5,80,0.0942632,0.702362,0.0942632,144.578
750,105.5,80,0.0942598,0.702465,0.0942598,144.606
750,105.5,80,0.0942533,0.702603,0.0942533,144.617
750,105.5,80,0.0942501,0.70271,0.0942501,144.642
750,105.5,80,0.0942468,0.702818,0.0942468,144.664
750,105.5,80,0.0942404,0.702988,0.0942404,144.683
750,105.5,80,0.0942373,0.703119,0.0942373,144.708
750,105.5,80,0.09423,0.703263,0.09423,144.709
750,105.5,80,0.0942265,0.703374,0.0942265,144.727
750,105.5,80,0.0942227,0.703481,0.0942227,144.737
750,105.5,80,0.0942144,0.703638,0.0942144,144.738
750,105.5,80,0.0942099,0.703751,0.0942099,144.751
750,105.5,80,0.0942053,0.703875,0.0942053,144.761
750,105.5,80,0.0941952,0.704011,0.0941952,144.743
750,105.5,80,0.0941899,0.704124,0.0941899,144.751
750,105.5,80,0.0941846,0.70423,0.0941846,144.758
750,105.5,80,0.094173,0.70439,0.094173,144.744
750,105.5,80,0.0941675,0.704494,0.0941675,144.748
750,105.5,80,0.094162,0.704602,0.094162,144.757
750,105.5,80,0.0941569,0.704714,0.0941569,144.761
750,105.5,80,0.0941475,0.704867,0.0941475,144.76
750,105.5,80,0.0941434,0.704971,0.0941434,144.775
750,105.5,80,0.0941396,0.705079,0.0941396,144.801
750,105.5,80,0.0941357,0.705176,0.0941357,144.816
750,105.5,80,0.0941314,0.705289,0.0941314,144.836
750,105.5,80,0.0941244,0.705431,0.0941244,144.846
750,105.5,80,0.0941209,0.70554,0.0941209,144.869
750,105.5,80,0.0941172,0.705655,0.0941172,144.892
750,105.5,80,0.0941104,0.705807,0.0941104,144.914
750,105.5,80,0.0941066,0.705909,0.0941066,144.925
750,105.5,80,0.0941025,0.706026,0.0941025,144.942
750,105.5,80,0.094094,0.706154,0.094094,144.931
750,105.5,80,0.0940894,0.706278,0.0940894,144.951
750,105.5,80,0.0940846,0.70638,0.0940846,144.951
750,105.5,80,0.0940799,0.706488,0.0940799,144.953
750,105.5,80,0.0940754,0.706592,0.0940754,144.952
750,105.5,80,0.0940661,0.706742,0.0940661,144.935
750,105.5,80,0.0940612,0.706844,0.0940612,144.934
750,105.5,80,0.0940568,0.706955,0.0940568,144.936
750,105.5,80,0.0940527,0.707062,0.0940527,144.918
750,105.5,80,0.0940449,0.707216,0.0940449,144.914
750,105.5,80,0.0940417,0.707316,0.0940417,144.932
750,105.5,80,0.0940387,0.70744,0.0940387,144.959
750,105.5,80,0.0940337,0.707558,0.0940337,144.96
750,105.5,80,0.0940314,0.707687,0.0940314,144.995
750,105.5,80,0.0940291,0.707797,0.0940291,145.022
750,105.5,80,0.0940271,0.707913,0.0940271,145.056
750,105.5,80,0.0940253,0.708013,0.0940253,145.087
750,105.5,80,0.0940215,0.708153,0.0940215,145.111
750,105.5,80,0.0940193,0.708256,0.0940193,145.129
750,105.5,80,0.0940171,0.708377,0.0940171,145.152
750,105.5,80,0.0940118,0.708523,0.0940118,145.158
750,105.5,80,0.0940086,0.708643,0.0940086,145.169
750,105.5,80,0.0940052,0.708757,0.0940052,145.172
750,105.5,80,0.0939982,0.708906,0.0939982,145.157
750,105.5,80,0.0939947,0.709007,0.0939947,145.157
750,105.5,80,0.0939909,0.709129,0.0939909,145.159
750,105.5,80,0.0939829,0.709281,0.0939829,145.138
750,105.5,80,0.093978,0.709396,0.093978,145.143
750,105.5,80,0.0939732,0.709507,0.0939732,145.143
750,105.5,80,0.093963,0.709653,0.093963,145.113
750,105.5,80,0.093958,0.709758,0.093958,145.121
750,105.5,80,0.093953,0.709862,0.093953,145.128
750,105.5,80,0.0939484,0.709973,0.0939484,145.144
750,105.5,80,0.0939394,0.710093,0.0939394,145.129
750,105.5,80,0.0939352,0.710219,0.0939352,145.162
750,105.5,80,0.0939311,0.710325,0.0939311,145.184
750,105.5,80,0.0939275,0.710435,0.0939275,145.206
750,105.5,80,0.0939198,0.710584,0.0939198,145.218
750,105.5,80,0.0939165,0.710699,0.0939165,145.247
750,105.5,80,0.0939131,0.710824,0.0939131,145.272
750,105.5,80,0.0939058,0.710975,0.0939058,145.279
750,105.5,80,0.0939021,0.711107,0.0939021,145.298
750,105.5,80,0.0938936,0.711255,0.0938936,145.291
750,105.5,80,0.0938893,0.711374,0.0938893,145.3
750,105.5,80,0.0938832,0.711482,0.0938832,145.292
750,105.5,80,0.0938718,0.711623,0.0938718,145.256
750,105.5,80,0.0938662,0.711725,0.0938662,145.258
750,105.5,80,0.0938607,0.711839,0.0938607,145.263
750,105.5,80,0.093855,0.711942,0.093855,145.264
750,105.5,80,0.0938435,0.712089,0.0938435,145.236
750,105.5,80,0.0938384,0.712199,0.0938384,145.253
750,105.5,80,0.0938335,0.712323,0.0938335,145.271
750,105.5,80,0.0938245,0.71247,0.0938245,145.265
750,105.5,80,0.0938208,0.712602,0.0938208,145.298
750,105.5,80,0.0938179,0.712751,0.0938179,145.331
750,105.5,80,0.0938142,0.712865,0.0938142,145.335
750,105.5,80,0.093811,0.712979,0.093811,145.354
750,105.5,80,0.0938054,0.713125,0.0938054,145.341
750,105.5,80,0.0938024,0.713238,0.0938024,145.365
750,105.5,80,0.0937996,0.713348,0.0937996,145.379
750,105.5,80,0.0937937,0.713492,0.0937937,145.356
750,105.5,80,0.0937907,0.713603,0.0937907,145.385
750,105.5,80,0.0937875,0.713714,0.0937875,145.407
750,105.5,80,0.0937841,0.713823,0.0937841,145.424
750,105.5,80,0.093777,0.713969,0.093777,145.428
750,105.5,80,0.0937732,0.714089,0.0937732,145.454
750,105.5,80,0.0937687,0.714195,0.0937687,145.467
750,105.5,80,0.09376,0.714343,0.09376,145.466
750,105.5,80,0.0937557,0.714454,0.0937557,145.486
750,105.5,80,0.0937514,0.714557,0.0937514,145.498
750,105.5,80,0.0937467,0.714663,0.0937467,145.509
750,105.5,80,0.0937385,0.714811,0.0937385,145.536
750,105.5,80,0.0937342,0.714918,0.0937342,145.544
750,105.5,80,0.0937306,0.715034,0.0937306,145.555
750,105.5,80,0.0937243,0.715179,0.0937243,145.551
750,105.5,80,0.0937217,0.715286,0.0937217,145.573
750,105.5,80,0.0937192,0.715394,0.0937192,145.59
750,105.5,80,0.0937148,0.715556,0.0937148,145.61
750,105.5,80,0.093713,0.715663,0.093713,145.627
750,105.5,80,0.0937109,0.715771,0.0937109,145.645
750,105.5,80,0.0937091,0.715874,0.0937091,145.666
750,105.5,80,0.0937055,0.716021,0.0937055,145.678
750,105.5,80,0.0937036,0.716139,0.0937036,145.705
750,105.5,80,0.0936999,0.716309,0.0936999,145.727
750,105.5,80,0.0936976,0.716436,0.0936976,145.746
750,105.5,80,0.0936926,0.716585,0.0936926,145.757
750,105.5,80,0.0936897,0.717177,0.0936897,145.829
750,105.5,80,0.0936662,0.717346,0.0936662,145.743
750,105.5,80,0.093662,0.71746,0.093662,145.74
750,105.5,80,0.0936533,0.717614,0.0936533,145.736
750,105.5,80,0.0936489,0.717724,0.0936489,145.748
750,105.5,80,0.0936446,0.717847,0.0936446,145.766
750,105.5,80,0.0936361,0.717985,0.0936361,145.754
750,105.5,80,0.0936321,0.718094,0.0936321,145.775
750,105.5,80,0.0936285,0.718197,0.0936285,145.79
750,105.5,80,0.0936219,0.718363,0.0936219,145.805
750,105.5,80,0.0936184,0.71847,0.0936184,145.819
750,105.5,80,0.0936152,0.718583,0.0936152,145.84
750,105.5,80,0.0936089,0.718705,0.0936089,145.839
750,105.5,80,0.0936055,0.718834,0.0936055,145.864
750,105.5,80,0.0936024,0.718934,0.0936024,145.881
750,105.5,80,0.0935991,0.719058,0.0935991,145.902
750,105.5,80,0.0935924,0.719172,0.0935924,145.897
750,105.5,80,0.093589,0.719301,0.093589,145.921
750,105.5,80,0.0935857,0.719408,0.0935857,145.939
750,105.5,80,0.0935822,0.719525,0.0935822,145.955
750,105.5,80,0.0935748,0.719675,0.0935748,145.962
750,105.5,80,0.0935709,0.719785,0.0935709,145.974
750,105.5,80,0.093567,0.719896,0.093567,145.985
750,105.5,80,0.0935576,0.720048,0.0935576,145.983
750,105.5,80,0.0935528,0.720155,0.0935528,145.989
750,105.5,80,0.0935472,0.720273,0.0935472,145.995
750,105.5,80,0.0935377,0.720423,0.0935377,145.996
750,105.5,80,0.0935329,0.72054,0.0935329,146.01
750,105.5,80,0.0935285,0.720643,0.0935285,146.023
750,105.5,80,0.0935201,0.720796,0.0935201,146.037
750,105.5,80,0.0935165,0.720903,0.0935165,146.053
750,105.5,80,0.093513,0.721012,0.093513,146.07
750,105.5,80,0.0935064,0.721166,0.0935064,146.077
750,105.5,80,0.0935036,0.721274,0.0935036,146.091
750,105.5,80,0.0935009,0.721372,0.0935009,146.106
750,105.5,80,0.0934985,0.721478,0.0934985,146.112
750,105.5,80,0.0934942,0.721604,0.0934942,146.106
750,105.5,80,0.0934916,0.72173,0.0934916,146.121
750,105.5,80,0.0934895,0.721833,0.0934895,146.134
750,105.5,80,0.0934874,0.721957,0.0934874,146.15
750,105.5,80,0.093483,0.722094,0.093483,146.146
750,105.5,80,0.0934808,0.722202,0.0934808,146.165
750,105.5,80,0.0934783,0.722304,0.0934783,146.176
750,105.5,80,0.0934735,0.72245,0.0934735,146.186
750,105.5,80,0.0934705,0.722577,0.0934705,146.201
750,105.5,80,0.0934674,0.722687,0.0934674,146.216
750,105.5,80,0.0934641,0.722794,0.0934641,146.227
750,105.5,80,0.0934562,0.722921,0.0934562,146.193
750,105.5,80,0.0934518,0.723039,0.0934518,146.21
750,105.5,80,0.0934476,0.723147,0.0934476,146.223
750,105.5,80,0.0934431,0.723259,0.0934431,146.236
750,105.5,80,0.093434,0.723412,0.093434,146.239
750,105.5,80,0.0934298,0.723508,0.0934298,146.245
750,105.5,80,0.0934256,0.723604,0.0934256,146.254
750,105.5,80,0.0934211,0.723697,0.0934211,146.255
750,105.5,80,0.093417,0.723794,0.093417,146.263
750,105.5,80,0.0934132,0.723888,0.0934132,146.268
750,105.5,80,0.0934095,0.723988,0.0934095,146.274
750,105.5,80,0.0934055,0.724088,0.0934055,146.27
750,105.5,80,0.093402,0.724197,0.093402,146.279
750,105.5,80,0.0933952,0.724339,0.0933952,146.263
750,105.5,80,0.093392,0.724438,0.093392,146.276
750,105.5,80,0.0933884,0.724531,0.0933884,146.283
750,105.5,80,0.093385,0.724626,0.093385,146.293
750,105.5,80,0.0933817,0.724725,0.0933817,146.308
750,105.5,80,0.0933778,0.724825,0.0933778,146.32
750,105.5,80,0.0933738,0.724924,0.0933738,146.331
750,105.5,80,0.0933658,0.72508,0.0933658,146.337
750,105.5,80,0.0933617,0.725185,0.0933617,146.351
750,105.5,80,0.0933567,0.725288,0.0933567,146.36
750,105.5,80,0.0933518,0.725387,0.0933518,146.372
750,105.5,80,0.0933468,0.725493,0.0933468,146.383
750,105.5,80,0.0933415,0.725587,0.0933415,146.382
750,105.5,80,0.0933357,0.725685,0.0933357,146.385
750,105.5,80,0.0933299,0.725779,0.0933299,146.377
750,105.5,80,0.0933185,0.725906,0.0933185,146.348
750,105.5,80,0.0933126,0.726024,0.0933126,146.355
750,105.5,80,0.0933073,0.726119,0.0933073,146.358
750,105.5,80,0.0933022,0.726216,0.0933022,146.36
750,105.5,80,0.0932971,0.726315,0.0932971,146.364
750,105.5,80,0.093292,0.72641,0.093292,146.362
750,105.5,80,0.0932878,0.726511,0.0932878,146.374
750,105.5,80,0.0932836,0.726608,0.0932836,146.39
750,105.5,80,0.0932803,0.72671,0.0932803,146.413
750,105.5,80,0.0932767,0.726808,0.0932767,146.425
750,105.5,80,0.0932734,0.726903,0.0932734,146.444
750,105.5,80,0.0932675,0.727019,0.0932675,146.453
750,105.5,80,0.0932643,0.727143,0.0932643,146.48
750,105.5,80,0.0932613,0.727244,0.0932613,146.495
750,105.5,80,0.093258,0.727343,0.093258,146.509
750,105.5,80,0.0932542,0.72744,0.0932542,146.515
750,105.5,80,0.0932508,0.727537,0.0932508,146.52
750,105.5,80,0.0932467,0.727631,0.0932467,146.517
750,105.5,80,0.0932428,0.72774,0.0932428,146.519
750,105.5,80,0.0932337,0.727859,0.0932337,146.47
750,105.5,80,0.0932286,0.72798,0.0932286,146.472
750,105.5,80,0.0932229,0.728078,0.0932229,146.462
750,105.5,80,0.0932161,0.728179,0.0932161,146.44
750,105.5,80,0.0932103,0.728272,0.0932103,146.425
750,105.5,80,0.0932047,0.72839,0.0932047,146.42
750,105.5,80,0.093194,0.728507,0.093194,146.375
750,105.5,80,0.0931887,0.72863,0.0931887,146.405
750,105.5,80,0.0931841,0.728731,0.0931841,146.426
750,105.5,80,0.0931798,0.728841,0.0931798,146.451
750,105.5,80,0.0931754,0.72895,0.0931754,146.477
750,105.5,80,0.0931672,0.729089,0.0931672,146.472
750,105.5,80,0.0931632,0.729189,0.0931632,146.5
750,105.5,80,0.0931589,0.729289,0.0931589,146.516
750,105.5,80,0.0931551,0.729388,0.0931551,146.536
750,105.5,80,0.093151,0.729489,0.093151,146.545
750,105.5,80,0.0931467,0.729586,0.0931467,146.554
750,105.5,80,0.093142,0.72969,0.093142,146.56
750,105.5,80,0.0931377,0.729786,0.0931377,146.547
750,105.5,80,0.0931333,0.729907,0.0931333,146.569
750,105.5,80,0.0931287,0.730022,0.0931287,146.585
750,105.5,80,0.0931235,0.730119,0.0931235,146.598
750,105.5,80,0.0931182,0.730212,0.0931182,146.601
750,105.5,80,0.0931126,0.73031,0.0931126,146.609
750,105.5,80,0.0931068,0.730403,0.0931068,146.619
750,105.5,80,0.0931004,0.730499,0.0931004,146.622
750,105.5,80,0.0930947,0.730592,0.0930947,146.631
750,105.5,80,0.0930889,0.730685,0.0930889,146.643
750,105.5,80,0.0930833,0.730778,0.0930833,146.658
750,105.5,80,0.0930783,0.730875,0.0930783,146.684
750,105.5,80,0.0930733,0.730972,0.0930733,146.701
750,105.5,80,0.0930692,0.731075,0.0930692,146.726
750,105.5,80,0.093065,0.731178,0.093065,146.746
750,105.5,80,0.0930571,0.73133,0.0930571,146.758
750,105.5,80,0.0930533,0.731433,0.0930533,146.775
750,105.5,80,0.0930496,0.731554,0.0930496,146.795
750,105.5,80,0.0930425,0.731694,0.0930425,146.789
750,105.5,80,0.0930393,0.731808,0.0930393,146.803
750,105.5,80,0.0930361,0.731929,0.0930361,146.818
750,105.5,80,0.0930289,0.732073,0.0930289,146.831
750,105.5,80,0.0930253,0.732174,0.0930253,146.835
750,105.5,80,0.0930213,0.732297,0.0930213,146.839
750,105.5,80,0.0930126,0.732416,0.0930126,146.808
750,105.5,80,0.0930075,0.732538,0.0930075,146.82
750,105.5,80,0.0930022,0.732644,0.0930022,146.823
750,105.5,80,0.0929969,0.732761,0.0929969,146.837
750,105.5,80,0.0929867,0.732905,0.0929867,146.828
750,105.5,80,0.0929821,0.733012,0.0929821,146.845
750,105.5,80,0.0929772,0.733117,0.0929772,146.86
750,105.5,80,0.0929723,0.733225,0.0929723,146.874
750,105.5,80,0.0929637,0.733369,0.0929637,146.876
750,105.5,80,0.0929597,0.733479,0.0929597,146.898
750,105.5,80,0.0929513,0.733615,0.0929513,146.896
750,105.5,80,0.0929474,0.733745,0.0929474,146.922
750,105.5,80,0.0929433,0.733847,0.0929433,146.925
750,105.5,80,0.0929388,0.733965,0.0929388,146.935
750,105.5,80,0.0929287,0.73412,0.0929287,146.914
750,105.5,80,0.0929234,0.73423,0.0929234,146.92
750,105.5,80,0.0929175,0.734339,0.0929175,146.921
750,105.5,80,0.0929059,0.734484,0.0929059,146.889
750,105.5,80,0.0929001,0.734585,0.0929001,146.895
750,105.5,80,0.0928943,0.734698,0.0928943,146.905
750,105.5,80,0.0928817,0.734831,0.0928817,146.88
750,105.5,80,0.0928762,0.734951,0.0928762,146.893
750,105.5,80,0.0928703,0.735051,0.0928703,146.907
750,105.5,80,0.0928652,0.735173,0.0928652,146.935
750,105.5,80,0.0928562,0.735289,0.0928562,146.927
750,105.5,80,0.0928522,0.735414,0.0928522,146.969
750,105.5,80,0.0928479,0.735518,0.0928479,146.996
750,105.5,80,0.0928401,0.735692,0.0928401,147.024
750,105.5,80,0.0928362,0.735797,0.0928362,147.052
750,105.5,80,0.0928323,0.735916,0.0928323,147.086
750,105.5,80,0.0928242,0.736063,0.0928242,147.104
750,105.5,80,0.0928199,0.736171,0.0928199,147.12
750,105.5,80,0.09281,0.736331,0.09281,147.124
750,105.5,80,0.0928049,0.736442,0.0928049,147.141
750,105.5,80,0.0927994,0.736548,0.0927994,147.144
750,105.5,80,0.0927944,0.736662,0.0927944,147.155
750,105.5,80,0.092784,0.736797,0.092784,147.14
750,105.5,80,0.0927793,0.736904,0.0927793,147.15
750,105.5,80,0.0927754,0.737018,0.0927754,147.167
750,105.5,80,0.0927715,0.737127,0.0927715,147.183
750,105.5,80,0.0927645,0.737257,0.0927645,147.181
750,105.5,80,0.0927615,0.737366,0.0927615,147.203
750,105.5,80,0.0927587,0.737467,0.0927587,147.22
750,105.5,80,0.0927529,0.737631,0.0927529,147.24
750,105.5,80,0.0927502,0.737738,0.0927502,147.259
750,105.5,80,0.0927475,0.737841,0.0927475,147.278
750,105.5,80,0.0927444,0.737955,0.0927444,147.298
750,105.5,80,0.0927386,0.7381,0.0927386,147.317
750,105.5,80,0.0927351,0.738213,0.0927351,147.332
750,105.5,80,0.092727,0.738369,0.092727,147.335
750,105.5,80,0.092723,0.738479,0.092723,147.35
750,105.5,80,0.0927183,0.738601,0.0927183,147.357
750,105.5,80,0.092708,0.738743,0.092708,147.335
750,105.5,80,0.0927025,0.738854,0.0927025,147.336
750,105.5,80,0.092697,0.73896,0.092697,147.332
750,105.5,80,0.092685,0.73912,0.092685,147.317
750,105.5,80,0.0926791,0.739224,0.0926791,147.317
750,105.5,80,0.0926733,0.739344,0.0926733,147.325
750,105.5,80,0.0926625,0.73949,0.0926625,147.317
750,105.5,80,0.0926575,0.739604,0.0926575,147.333
750,105.5,80,0.0926484,0.739739,0.0926484,147.331
750,105.5,80,0.0926438,0.73986,0.0926438,147.35
750,105.5,80,0.0926398,0.739967,0.0926398,147.366
750,105.5,80,0.0926356,0.740084,0.0926356,147.388
750,105.5,80,0.0926269,0.740206,0.0926269,147.373
750,105.5,80,0.0926222,0.740323,0.0926222,147.39
750,105.5,80,0.0926174,0.740428,0.0926174,147.396
750,105.5,80,0.0926128,0.740549,0.0926128,147.412
750,105.5,80,0.0926022,0.740668,0.0926022,147.381
750,105.5,80,0.0925971,0.740785,0.0925971,147.398
750,105.5,80,0.0925919,0.740882,0.0925919,147.404
750,105.5,80,0.0925869,0.741,0.0925869,147.419
750,105.5,80,0.0925777,0.741158,0.0925777,147.396
750,105.5,80,0.0925738,0.741265,0.0925738,147.425
750,105.5,80,0.09257,0.741377,0.09257,147.452
750,105.5,80,0.0925633,0.741524,0.0925633,147.474
750,105.5,80,0.0925604,0.741628,0.0925604,147.503
750,105.5,80,0.0925552,0.741774,0.0925552,147.527
750,105.5,80,0.0925529,0.741894,0.0925529,147.566
750,105.5,80,0.0925506,0.741999,0.0925506,147.593
750,105.5,80,0.0925486,0.742118,0.0925486,147.616
750,105.5,80,0.0925438,0.742258,0.0925438,147.621
750,105.5,80,0.0925411,0.742361,0.0925411,147.626
750,105.5,80,0.0925358,0.742534,0.0925358,147.633
750,105.5,80,0.0925333,0.742641,0.0925333,147.638
750,105.5,80,0.0925302,0.742748,0.0925302,147.63
750,105.5,80,0.0925238,0.742878,0.0925238,147.617
750,105.5,80,0.0925199,0.743002,0.0925199,147.617
750,105.5,80,0.0925159,0.743102,0.0925159,147.619
750,105.5,80,0.0925078,0.743247,0.0925078,147.613
750,105.5,80,0.092504,0.743376,0.092504,147.605
750,105.5,80,0.0925001,0.743491,0.0925001,147.647
750,105.5,80,0.0924963,0.743595,0.0924963,147.654
750,105.5,80,0.0924888,0.743739,0.0924888,147.639
750,105.5,80,0.0924854,0.74384,0.0924854,147.652
750,105.5,80,0.0924824,0.743962,0.0924824,147.668
750,105.5,80,0.0924764,0.744105,0.0924764,147.647
750,105.5,80,0.0924736,0.744211,0.0924736,147.66
750,105.5,80,0.0924706,0.744312,0.0924706,147.66
750,105.5,80,0.0924654,0.744479,0.0924654,147.66
750,105.5,80,0.0924632,0.74458,0.0924632,147.662
750,105.5,80,0.0924613,0.744703,0.0924613,147.682
750,105.5,80,0.0924564,0.744816,0.0924564,147.663
750,105.5,80,0.0924539,0.744941,0.0924539,147.691
750,105.5,80,0.0924512,0.745052,0.0924512,147.713
750,105.5,80,0.092448,0.745153,0.092448,147.727
750,105.5,80,0.0924416,0.745309,0.0924416,147.714
750,105.5,80,0.0924381,0.745417,0.0924381,147.736
750,105.5,80,0.0924341,0.745521,0.0924341,147.744
750,105.5,80,0.0924304,0.745631,0.0924304,147.76
750,105.5,80,0.0924224,0.745773,0.0924224,147.754
750,105.5,80,0.0924179,0.745884,0.0924179,147.769
750,105.5,80,0.0924183,0.745998,0.0924183,147.822
750,105.5,80,0.0924093,0.746138,0.0924093,147.809
750,105.5,80,0.0924046,0.746246,0.0924046,147.823
750,105.5,80,0.0923948,0.746419,0.0923948,147.829
750,105.5,80,0.0923898,0.746528,0.0923898,147.844
750,105.5,80,0.0923805,0.746689,0.0923805,147.849
750,105.5,80,0.0923763,0.746797,0.0923763,147.868
750,105.5,80,0.0923724,0.74692,0.0923724,147.892
750,105.5,80,0.0923648,0.747055,0.0923648,147.892
750,105.5,80,0.0923614,0.747164,0.0923614,147.912
750,105.5,80,0.0923579,0.74727,0.0923579,147.931
750,105.5,80,0.0923542,0.747384,0.0923542,147.949
750,105.5,80,0.0923473,0.747526,0.0923473,147.956
750,105.5,80,0.0923439,0.747635,0.0923439,147.97
750,105.5,80,0.0923403,0.747744,0.0923403,147.985
750,105.5,80,0.0923322,0.747897,0.0923322,147.98
750,105.5,80,0.0923284,0.748003,0.0923284,147.993
750,105.5,80,0.092324,0.748121,0.092324,148.003
750,105.5,80,0.0923138,0.748256,0.0923138,147.98
750,105.5,80,0.0923086,0.748366,0.0923086,147.986
750,105.5,80,0.0923032,0.748468,0.0923032,147.987
750,105.5,80,0.0922973,0.748575,0.0922973,147.982
750,105.5,80,0.0922865,0.748723,0.0922865,147.959
750,105.5,80,0.0922812,0.74883,0.0922812,147.97
750,105.5,80,0.0922757,0.74893,0.0922757,148.003
750,105.5,80,0.0922707,0.749041,0.0922707,148.005
750,105.5,80,0.0922618,0.749181,0.0922618,147.991
750,105.5,80,0.0922534,0.749334,0.0922534,148
750,105.5,80,0.0922497,0.749461,0.0922497,148.023
750,105.5,80,0.092246,0.74957,0.092246,148.042
750,105.5,80,0.092242,0.749686,0.092242,148.057
750,105.5,80,0.0922344,0.749829,0.0922344,148.047
750,105.5,80,0.0922306,0.749932,0.0922306,148.064
750,105.5,80,0.0922267,0.750038,0.0922267,148.078
750,105.5,80,0.0922224,0.750144,0.0922224,148.084
750,105.5,80,0.0922134,0.750288,0.0922134,148.067
750,105.5,80,0.0922082,0.750395,0.0922082,148.076
750,105.5,80,0.0922022,0.750516,0.0922022,148.081
750,105.5,80,0.0921913,0.750659,0.0921913,148.059
750,105.5,80,0.0921858,0.750768,0.0921858,148.076
750,105.5,80,0.0921802,0.750884,0.0921802,148.092
750,105.5,80,0.0921688,0.751019,0.0921688,148.077
750,105.5,80,0.0921638,0.751122,0.0921638,148.099
750,105.5,80,0.0921589,0.751228,0.0921589,148.119
750,105.5,80,0.0921504,0.751387,0.0921504,148.135
750,105.5,80,0.0921468,0.751496,0.0921468,148.164
750,105.5,80,0.0921431,0.751599,0.0921431,148.189
750,105.5,80,0.0921393,0.75171,0.0921393,148.212
750,105.5,80,0.0921325,0.751856,0.0921325,148.223
750,105.5,80,0.0921287,0.751966,0.0921287,148.243
750,105.5,80,0.0921209,0.752125,0.0921209,148.248
750,105.5,80,0.0921167,0.752267,0.0921167,148.273
750,105.5,80,0.0921075,0.752408,0.0921075,148.262
750,105.5,80,0.0921028,0.752514,0.0921028,148.273
750,105.5,80,0.092098,0.752623,0.092098,148.284
750,105.5,80,0.0920872,0.752775,0.0920872,148.275
750,105.5,80,0.092082,0.752874,0.092082,148.281
750,105.5,80,0.0920765,0.752981,0.0920765,148.289
750,105.5,80,0.0920711,0.753084,0.0920711,148.298
750,105.5,80,0.0920603,0.753234,0.0920603,148.293
750,105.5,80,0.0920555,0.753332,0.0920555,148.306
750,105.5,80,0.0920511,0.753446,0.0920511,148.33
750,105.5,80,0.0920466,0.753554,0.0920466,148.344
750,105.5,80,0.0920396,0.753695,0.0920396,148.355
750,105.5,80,0.0920362,0.753798,0.0920362,148.375
750,105.5,80,0.0920326,0.753914,0.0920326,148.395
750,105.5,80,0.092026,0.754055,0.092026,148.383
750,105.5,80,0.0920223,0.754169,0.0920223,148.423
750,105.5,80,0.0920185,0.754289,0.0920185,148.442
750,105.5,80,0.0920103,0.754422,0.0920103,148.438
750,105.5,80,0.092006,0.754529,0.092006,148.448
750,105.5,80,0.0920012,0.754647,0.0920012,148.462
750,105.5,80,0.0919903,0.7548,0.0919903,148.431
750,105.5,80,0.0919847,0.754923,0.0919847,148.468
750,105.5,80,0.091972,0.755069,0.091972,148.449
750,105.5,80,0.0919655,0.75518,0.0919655,148.453
750,105.5,80,0.0919588,0.755294,0.0919588,148.457
750,105.5,80,0.0919458,0.755433,0.0919458,148.431
750,105.5,80,0.0919391,0.755538,0.0919391,148.433
750,105.5,80,0.0919335,0.755657,0.0919335,148.448
750,105.5,80,0.0919282,0.755759,0.0919282,148.454
750,105.5,80,0.0919184,0.755891,0.0919184,148.436
750,105.5,80,0.0919134,0.755996,0.0919134,148.45
750,105.5,80,0.0919087,0.7561,0.0919087,148.462
750,105.5,80,0.0918992,0.756261,0.0918992,148.471
750,105.5,80,0.0918946,0.756374,0.0918946,148.49
750,105.5,80,0.0918897,0.756486,0.0918897,148.509
750,105.5,80,0.0918792,0.756633,0.0918792,148.508
750,105.5,80,0.0918736,0.756734,0.0918736,148.517
750,105.5,80,0.0918679,0.756851,0.0918679,148.53
750,105.5,80,0.0918622,0.756954,0.0918622,148.54
750,105.5,80,0.0918505,0.757094,0.0918505,148.523
750,105.5,80,0.0918451,0.757199,0.0918451,148.536
750,105.5,80,0.0918399,0.757316,0.0918399,148.554
750,105.5,80,0.09183,0.757454,0.09183,148.507
750,105.5,80,0.0918255,0.757558,0.0918255,148.525
750,105.5,80,0.0918212,0.75766,0.0918212,148.534
750,105.5,80,0.0918169,0.757771,0.0918169,148.544
750,105.5,80,0.0918094,0.757891,0.0918094,148.521
750,105.5,80,0.0918059,0.758009,0.0918059,148.55
750,105.5,80,0.0918025,0.75811,0.0918025,148.572
750,105.5,80,0.0917992,0.75822,0.0917992,148.589
750,105.5,80,0.0917957,0.758322,0.0917957,148.606
750,105.5,80,0.0917879,0.758465,0.0917879,148.598
750,105.5,80,0.0917836,0.758565,0.0917836,148.613
750,105.5,80,0.0917794,0.758666,0.0917794,148.627
750,105.5,80,0.0917692,0.758806,0.0917692,148.617
750,105.5,80,0.0917641,0.758926,0.0917641,148.628
750,105.5,80,0.0917586,0.759026,0.0917586,148.635
750,105.5,80,0.0917529,0.759144,0.0917529,148.646
750,105.5,80,0.0917412,0.75926,0.0917412,148.601
750,105.5,80,0.0917352,0.759386,0.0917352,148.62
750,105.5,80,0.0917293,0.759491,0.0917293,148.629
750,105.5,80,0.0917171,0.759655,0.0917171,148.621
750,105.5,80,0.0917116,0.759757,0.0917116,148.625
750,105.5,80,0.0917052,0.759878,0.0917052,148.638
750,105.5,80,0.0916939,0.759991,0.0916939,148.598
750,105.5,80,0.0916885,0.760116,0.0916885,148.628
750,105.5,80,0.0916827,0.76022,0.0916827,148.645
750,105.5,80,0.0916695,0.760384,0.0916695,148.64
750,105.5,80,0.0916627,0.76049,0.0916627,148.648
750,105.5,80,0.0916552,0.7606,0.0916552,148.658
750,105.5,80,0.0916476,0.760706,0.0916476,148.663
750,105.5,80,0.0916322,0.760847,0.0916322,148.624
750,105.5,80,0.0916248,0.760954,0.0916248,148.641
750,105.5,80,0.0916175,0.761072,0.0916175,148.658
750,105.5,80,0.091604,0.761215,0.091604,148.634
750,105.5,80,0.0915977,0.761341,0.0915977,148.667
750,105.5,80,0.0915849,0.761486,0.0915849,148.649
750,105.5,80,0.0915802,0.761596,0.0915802,148.687
750,105.5,80,0.0915748,0.761714,0.0915748,148.718
750,105.5,80,0.091563,0.761854,0.091563,148.711
750,105.5,80,0.0915562,0.761958,0.0915562,148.73
750,105.5,80,0.0915511,0.762076,0.0915511,148.765
750,105.5,80,0.0915364,0.76221,0.0915364,148.747
750,105.5,80,0.0915296,0.762318,0.0915296,148.771
750,105.5,80,0.0915226,0.762426,0.0915226,148.792
750,105.5,80,0.0915156,0.762535,0.0915156,148.81
750,105.5,80,0.0915017,0.762677,0.0915017,148.807
750,105.5,80,0.0914955,0.762803,0.0914955,148.837
750,105.5,80,0.0914836,0.762948,0.0914836,148.836
750,105.5,80,0.0914774,0.763055,0.0914774,148.855
750,105.5,80,0.0914718,0.76316,0.0914718,148.872
750,105.5,80,0.0914601,0.763282,0.0914601,148.85
750,105.5,80,0.0914602,0.763407,0.0914602,148.911
750,105.5,80,0.0914539,0.763506,0.0914539,148.909
750,105.5,80,0.0914477,0.763599,0.0914477,148.902
750,105.5,80,0.0914414,0.763695,0.0914414,148.898
750,105.5,80,0.0914348,0.763793,0.0914348,148.9
750,105.5,80,0.0914272,0.763886,0.0914272,148.889
750,105.5,80,0.0914197,0.763983,0.0914197,148.875
750,105.5,80,0.0914041,0.76413,0.0914041,148.85
750,105.5,80,0.0913956,0.764232,0.0913956,148.845
750,105.5,80,0.0913879,0.764332,0.0913879,148.846
750,105.5,80,0.0913807,0.764426,0.0913807,148.851
750,105.5,80,0.091374,0.764524,0.091374,148.863
750,105.5,80,0.0913674,0.76462,0.0913674,148.874
750,105.5,80,0.0913607,0.76472,0.0913607,148.885
750,105.5,80,0.0913549,0.764815,0.0913549,148.9
750,105.5,80,0.0913439,0.764959,0.0913439,148.905
750,105.5,80,0.0913381,0.765058,0.0913381,148.922
750,105.5,80,0.0913325,0.765156,0.0913325,148.939
750,105.5,80,0.0913267,0.765249,0.0913267,148.949
750,105.5,80,0.0913209,0.765361,0.0913209,148.964
750,105.5,80,0.0913079,0.765508,0.0913079,148.961
750,105.5,80,0.0913017,0.76562,0.0913017,148.973
750,105.5,80,0.0912892,0.765749,0.0912892,148.95
750,105.5,80,0.0912836,0.765872,0.0912836,148.961
750,105.5,80,0.0912785,0.765973,0.0912785,148.976
750,105.5,80,0.0912735,0.76609,0.0912735,148.995
750,105.5,80,0.0912641,0.766231,0.0912641,148.975
750,105.5,80,0.0912601,0.766349,0.0912601,149.006
750,105.5,80,0.0912565,0.766458,0.0912565,149.031
750,105.5,80,0.0912493,0.766592,0.0912493,149.02
750,105.5,80,0.0912457,0.766694,0.0912457,149.049
750,105.5,80,0.0912423,0.766819,0.0912423,149.08
750,105.5,80,0.0912342,0.766966,0.0912342,149.087
750,105.5,80,0.0912305,0.767076,0.0912305,149.118
750,105.5,80,0.0912261,0.767186,0.0912261,149.143
750,105.5,80,0.0912162,0.76733,0.0912162,149.148
750,105.5,80,0.091211,0.767429,0.091211,149.164
750,105.5,80,0.0912058,0.767546,0.0912058,149.19
750,105.5,80,0.0911944,0.767689,0.0911944,149.194
750,105.5,80,0.0911892,0.767797,0.0911892,149.209
750,105.5,80,0.091184,0.767915,0.091184,149.231
750,105.5,80,0.0911741,0.768054,0.0911741,149.237
750,105.5,80,0.0911696,0.768156,0.0911696,149.25
750,105.5,80,0.0911657,0.768278,0.0911657,149.275
750,105.5,80,0.0911576,0.768424,0.0911576,149.285
750,105.5,80,0.091154,0.768534,0.091154,149.302
750,105.5,80,0.0911504,0.768644,0.0911504,149.319
750,105.5,80,0.0911435,0.768788,0.0911435,149.333
750,105.5,80,0.0911395,0.768893,0.0911395,149.343
750,105.5,80,0.0911358,0.769002,0.0911358,149.36
750,105.5,80,0.0911274,0.769148,0.0911274,149.367
750,105.5,80,0.0911233,0.769258,0.0911233,149.378
750,105.5,80,0.091115,0.769425,0.091115,149.386
750,105.5,80,0.0911102,0.769528,0.0911102,149.398
750,105.5,80,0.0911059,0.76963,0.0911059,149.407
750,105.5,80,0.0910964,0.769788,0.0910964,149.404
750,105.5,80,0.0910913,0.769887,0.0910913,149.41
750,105.5,80,0.0910868,0.769996,0.0910868,149.42
750,105.5,80,0.0910789,0.770147,0.0910789,149.401
750,105.5,80,0.0910754,0.770255,0.0910754,149.442
750,105.5,80,0.0910715,0.770369,0.0910715,149.458
750,105.5,80,0.0910651,0.770512,0.0910651,149.475
750,105.5,80,0.0910619,0.770613,0.0910619,149.488
750,105.5,80,0.0910591,0.770734,0.0910591,149.516
750,105.5,80,0.0910532,0.770883,0.0910532,149.539
750,105.5,80,0.0910495,0.770989,0.0910495,149.552
750,105.5,80,0.0910419,0.771121,0.0910419,149.551
750,105.5,80,0.091038,0.771243,0.091038,149.583
750,105.5,80,0.0910336,0.77134,0.0910336,149.585
750,105.5,80,0.0910286,0.771444,0.0910286,149.592
750,105.5,80,0.0910236,0.771551,0.0910236,149.597
750,105.5,80,0.0910125,0.771697,0.0910125,149.588
750,105.5,80,0.0910061,0.771795,0.0910061,149.57
750,105.5,80,0.0910001,0.771917,0.0910001,149.572
750,105.5,80,0.0909882,0.772028,0.0909882,149.526
750,105.5,80,0.0909824,0.772152,0.0909824,149.53
750,105.5,80,0.0909771,0.772263,0.0909771,149.537
750,105.5,80,0.0909723,0.772369,0.0909723,149.545
750,105.5,80,0.0909628,0.772514,0.0909628,149.536
750,105.5,80,0.0909585,0.772625,0.0909585,149.552
750,105.5,80,0.0909543,0.772732,0.0909543,149.566
750,105.5,80,0.0909455,0.772871,0.0909455,149.562
750,105.5,80,0.090941,0.772973,0.090941,149.577
750,105.5,80,0.0909367,0.7731,0.0909367,149.596
750,105.5,80,0.0909263,0.773246,0.0909263,149.578
750,105.5,80,0.090921,0.773355,0.090921,149.586
750,105.5,80,0.0909152,0.77346,0.0909152,149.587
750,105.5,80,0.0909022,0.773605,0.0909022,149.559
750,105.5,80,0.0908957,0.773707,0.0908957,149.559
750,105.5,80,0.0908849,0.773845,0.0908849,149.552
750,105.5,80,0.0908789,0.773969,0.0908789,149.57
750,105.5,80,0.0908737,0.774082,0.0908737,149.586
750,105.5,80,0.0908686,0.774187,0.0908686,149.6
750,105.5,80,0.0908586,0.774323,0.0908586,149.588
750,105.5,80,0.090854,0.774429,0.090854,149.612
750,105.5,80,0.0908493,0.774546,0.0908493,149.63
750,105.5,80,0.0908442,0.774651,0.0908442,149.641
750,105.5,80,0.0908329,0.77478,0.0908329,149.625
750,105.5,80,0.0908269,0.774883,0.0908269,149.632
750,105.5,80,0.0908211,0.774993,0.0908211,149.645
750,105.5,80,0.0908073,0.775147,0.0908073,149.633
750,105.5,80,0.0908003,0.77525,0.0908003,149.622
750,105.5,80,0.0907928,0.775365,0.0907928,149.641
750,105.5,80,0.0907791,0.775513,0.0907791,149.64
750,105.5,80,0.0907727,0.775615,0.0907727,149.652
750,105.5,80,0.0907667,0.775726,0.0907667,149.676
750,105.5,80,0.0907551,0.77587,0.0907551,149.681
750,105.5,80,0.0907495,0.775975,0.0907495,149.7
750,105.5,80,0.090744,0.776089,0.090744,149.717
750,105.5,80,0.090731,0.776212,0.090731,149.687
750,105.5,80,0.0907243,0.776326,0.0907243,149.701
750,105.5,80,0.0907173,0.776433,0.0907173,149.698
750,105.5,80,0.0907022,0.77659,0.0907022,149.671
750,105.5,80,0.0906945,0.776695,0.0906945,149.66
750,105.5,80,0.0906856,0.776791,0.0906856,149.633
750,105.5,80,0.0906781,0.77691,0.0906781,149.637
750,105.5,80,0.0906631,0.77705,0.0906631,149.591
750,105.5,80,0.090657,0.777154,0.090657,149.617
750,105.5,80,0.0906511,0.777269,0.0906511,149.637
750,105.5,80,0.0906396,0.777411,0.0906396,149.625
750,105.5,80,0.0906347,0.77751,0.0906347,149.657
750,105.5,80,0.0906285,0.777624,0.0906285,149.675
750,105.5,80,0.0906164,0.777769,0.0906164,149.67
750,105.5,80,0.0906106,0.777883,0.0906106,149.685
750,105.5,80,0.0906045,0.777997,0.0906045,149.704
750,105.5,80,0.0905919,0.77813,0.0905919,149.673
750,105.5,80,0.0905855,0.778232,0.0905855,149.692
750,105.5,80,0.0905793,0.778343,0.0905793,149.709
750,105.5,80,0.0905731,0.778443,0.0905731,149.726
750,105.5,80,0.0905615,0.778588,0.0905615,149.719
750,105.5,80,0.0905565,0.778689,0.0905565,149.75
750,105.5,80,0.0905517,0.778806,0.0905517,149.787
750,105.5,80,0.0905431,0.778949,0.0905431,149.803
750,105.5,80,0.0905382,0.779053,0.0905382,149.826
750,105.5,80,0.0905338,0.779158,0.0905338,149.857
750,105.5,80,0.0905235,0.779311,0.0905235,149.864
750,105.5,80,0.0905181,0.779419,0.0905181,149.884
750,105.5,80,0.0905123,0.779534,0.0905123,149.902
750,105.5,80,0.0904992,0.779673,0.0904992,149.888
750,105.5,80,0.0904923,0.779786,0.0904923,149.898
750,105.5,80,0.0904766,0.779942,0.0904766,149.883
750,105.5,80,0.0904687,0.780047,0.0904687,149.89
750,105.5,80,0.090461,0.780153,0.090461,149.895
750,105.5,80,0.0904457,0.780273,0.0904457,149.857
750,105.5,80,0.0904377,0.780396,0.0904377,149.881
750,105.5,80,0.0904305,0.780499,0.0904305,149.888
750,105.5,80,0.0904235,0.780603,0.0904235,149.905
750,105.5,80,0.0904168,0.780707,0.0904168,149.919
750,105.5,80,0.0904096,0.780847,0.0904096,149.955
750,105.5,80,0.0904019,0.780953,0.0904019,149.96
750,105.5,80,0.090394,0.781061,0.090394,149.967
750,105.5,80,0.0903764,0.781208,0.0903764,149.948
750,105.5,80,0.0903677,0.781309,0.0903677,149.949
750,105.5,80,0.0903591,0.781425,0.0903591,149.963
750,105.5,80,0.0903427,0.781564,0.0903427,149.942
750,105.5,80,0.0903354,0.781669,0.0903354,149.956
750,105.5,80,0.0903286,0.781764,0.0903286,149.961
750,105.5,80,0.0903154,0.781927,0.0903154,149.996
750,105.5,80,0.0903081,0.782027,0.0903081,149.991
750,105.5,80,0.090301,0.782142,0.090301,149.995
750,105.5,80,0.0902853,0.782284,0.0902853,149.96
750,105.5,80,0.0902773,0.78239,0.0902773,149.951
750,105.5,80,0.090269,0.782484,0.090269,149.946
750,105.5,80,0.0902511,0.78262,0.0902511,149.907
750,105.5,80,0.0902416,0.782742,0.0902416,149.922
750,105.5,80,0.0902331,0.782844,0.0902331,149.939
750,105.5,80,0.0902244,0.782956,0.0902244,149.958
750,105.5,80,0.0902074,0.7831,0.0902074,149.941
750,105.5,80,0.0901994,0.783199,0.0901994,149.969
750,105.5,80,0.0901912,0.783316,0.0901912,149.995
750,105.5,80,0.0901831,0.783415,0.0901831,150.013
750,105.5,80,0.0901654,0.78355,0.0901654,149.984
750,105.5,80,0.0901567,0.783658,0.0901567,149.996
750,105.5,80,0.0901393,0.783815,0.0901393,149.984
750,105.5,80,0.090131,0.783921,0.090131,150.003
750,105.5,80,0.0901232,0.784036,0.0901232,150.028
750,105.5,80,0.0901156,0.784136,0.0901156,150.048
750,105.5,80,0.0901009,0.784273,0.0901009,150.032
750,105.5,80,0.090094,0.784379,0.090094,150.053
750,105.5,80,0.090087,0.784486,0.090087,150.075
750,105.5,80,0.0900718,0.784633,0.0900718,150.072
750,105.5,80,0.0900641,0.784734,0.0900641,150.081
750,105.5,80,0.0900558,0.784834,0.0900558,150.084
750,105.5,80,0.0900476,0.784941,0.0900476,150.091
750,105.5,80,0.0900302,0.785081,0.0900302,150.069
750,105.5,80,0.090022,0.785185,0.090022,150.076
750,105.5,80,0.0900145,0.785286,0.0900145,150.09
750,105.5,80,0.0900064,0.785395,0.0900064,150.101
750,105.5,80,0.0899924,0.785533,0.0899924,150.105
750,105.5,80,0.0899851,0.785636,0.0899851,150.12
750,105.5,80,0.089978,0.78575,0.089978,150.145
750,105.5,80,0.0899618,0.785889,0.0899618,150.145
750,105.5,80,0.0899535,0.785992,0.0899535,150.15
750,105.5,80,0.0899451,0.78611,0.0899451,150.166
750,105.5,80,0.0899282,0.786252,0.0899282,150.154
750,105.5,80,0.0899205,0.786363,0.0899205,150.165
750,105.5,80,0.0899055,0.786521,0.0899055,150.158
750,105.5,80,0.0898986,0.786635,0.0898986,150.181
750,105.5,80,0.0898921,0.786746,0.0898921,150.196
750,105.5,80,0.0898794,0.786882,0.0898794,150.187
750,105.5,80,0.089873,0.78698,0.089873,150.196
750,105.5,80,0.0898667,0.787093,0.0898667,150.216
750,105.5,80,0.0898522,0.787233,0.0898522,150.199
750,105.5,80,0.0898448,0.78734,0.0898448,150.216
750,105.5,80,0.0898372,0.78744,0.0898372,150.222
750,105.5,80,0.0898289,0.787549,0.0898289,150.233
750,105.5,80,0.0898142,0.787688,0.0898142,150.227
750,105.5,80,0.0898072,0.787795,0.0898072,150.242
750,105.5,80,0.0897934,0.787953,0.0897934,150.241
750,105.5,80,0.0897871,0.788059,0.0897871,150.265
750,105.5,80,0.0897807,0.788172,0.0897807,150.284
750,105.5,80,0.0897675,0.788318,0.0897675,150.26
750,105.5,80,0.0897607,0.788424,0.0897607,150.3
750,105.5,80,0.0897454,0.788586,0.0897454,150.292
750,105.5,80,0.0897368,0.788692,0.0897368,150.305
750,105.5,80,0.0897269,0.788807,0.0897269,150.31
750,105.5,80,0.0897089,0.788947,0.0897089,150.303
750,105.5,80,0.0897002,0.789065,0.0897002,150.314
750,105.5,80,0.089683,0.789209,0.089683,150.293
750,105.5,80,0.0896749,0.78935,0.0896749,150.333
750,105.5,80,0.0896582,0.789482,0.0896582,150.306
750,105.5,80,0.0896503,0.789588,0.0896503,150.311
750,105.5,80,0.0896422,0.789695,0.0896422,150.318
750,105.5,80,0.0896244,0.789836,0.0896244,150.299
750,105.5,80,0.0896162,0.789935,0.0896162,150.299
750,105.5,80,0.0896078,0.79004,0.0896078,150.309
750,105.5,80,0.0895998,0.790142,0.0895998,150.321
750,105.5,80,0.0895832,0.790283,0.0895832,150.319
750,105.5,80,0.0895754,0.790382,0.0895754,150.323
750,105.5,80,0.0895676,0.790497,0.0895676,150.346
750,105.5,80,0.0895515,0.79064,0.0895515,150.324
750,105.5,80,0.0895438,0.790742,0.0895438,150.335
750,105.5,80,0.0895355,0.79084,0.0895355,150.347
750,105.5,80,0.0895263,0.790946,0.0895263,150.348
750,105.5,80,0.0895079,0.791082,0.0895079,150.322
750,105.5,80,0.0894984,0.79119,0.0894984,150.329
750,105.5,80,0.0894877,0.791295,0.0894877,150.327
750,105.5,80,0.0894771,0.791402,0.0894771,150.328
750,105.5,80,0.0894572,0.791533,0.0894572,150.313
750,105.5,80,0.0894477,0.791639,0.0894477,150.326
750,105.5,80,0.0894367,0.791741,0.0894367,150.323
750,105.5,80,0.089416,0.791894,0.089416,150.295
750,105.5,80,0.0894047,0.79199,0.0894047,150.266
750,105.5,80,0.0893934,0.792115,0.0893934,150.286
750,105.5,80,0.0893715,0.792251,0.0893715,150.245
750,105.5,80,0.0893614,0.792354,0.0893614,150.255
750,105.5,80,0.0893508,0.792464,0.0893508,150.27
750,105.5,80,0.0893324,0.792605,0.0893324,150.26
750,105.5,80,0.0893233,0.792704,0.0893233,150.276
750,105.5,80,0.0893113,0.792813,0.0893113,150.282
750,105.5,80,0.0892908,0.792933,0.0892908,150.238
750,105.5,80,0.0892815,0.793054,0.0892815,150.298
750,105.5,80,0.0892706,0.793153,0.0892706,150.302
750,105.5,80,0.0892487,0.793316,0.0892487,150.291
750,105.5,80,0.0892392,0.793424,0.0892392,150.313
750,105.5,80,0.0892287,0.793539,0.0892287,150.367
750,105.5,80,0.0892092,0.793676,0.0892092,150.372
750,105.5,80,0.089199,0.793776,0.089199,150.378
750,105.5,80,0.0891883,0.793871,0.0891883,150.393
750,105.5,80,0.089176,0.793984,0.089176,150.407
750,105.5,80,0.0891526,0.794116,0.0891526,150.391
750,105.5,80,0.0891409,0.794217,0.0891409,150.388
750,105.5,80,0.0891284,0.794315,0.0891284,150.377
750,105.5,80,0.0891172,0.794426,0.0891172,150.389
750,105.5,80,0.089093,0.794566,0.089093,150.36
750,105.5,80,0.0890808,0.794669,0.0890808,150.347
750,105.5,80,0.0890685,0.794766,0.0890685,150.338
750,105.5,80,0.0890435,0.794914,0.0890435,150.297
750,105.5,80,0.0890308,0.795024,0.0890308,150.318
750,105.5,80,0.0890196,0.79514,0.0890196,150.335
750,105.5,80,0.0889975,0.79528,0.0889975,150.319
750,105.5,80,0.0889858,0.795389,0.0889858,150.319
750,105.5,80,0.0889748,0.795492,0.0889748,150.322
750,105.5,80,0.088951,0.795638,0.088951,150.296
750,105.5,80,0.0889378,0.795742,0.0889378,150.281
750,105.5,80,0.0889258,0.795839,0.0889258,150.278
750,105.5,80,0.088901,0.795959,0.088901,150.237
750,105.5,80,0.0888877,0.796077,0.0888877,150.254
750,105.5,80,0.0888761,0.79618,0.0888761,150.273
750,105.5,80,0.0888644,0.796293,0.0888644,150.301
750,105.5,80,0.0888382,0.796433,0.0888382,150.281
750,105.5,80,0.088826,0.796531,0.088826,150.281
750,105.5,80,0.0888139,0.796626,0.0888139,150.284
750,105.5,80,0.0888019,0.796734,0.0888019,150.304
750,105.5,80,0.0887777,0.796849,0.0887777,150.249
750,105.5,80,0.0887659,0.796965,0.0887659,150.274
750,105.5,80,0.0887537,0.797063,0.0887537,150.282
750,105.5,80,0.0887266,0.7972,0.0887266,150.229
750,105.5,80,0.0887129,0.79732,0.0887129,150.222
750,105.5,80,0.0886991,0.797422,0.0886991,150.269
750,105.5,80,0.0886846,0.797522,0.0886846,150.248
750,105.5,80,0.0886581,0.797664,0.0886581,150.197
750,105.5,80,0.0886445,0.797779,0.0886445,150.199
750,105.5,80,0.0886155,0.797936,0.0886155,150.142
750,105.5,80,0.0886009,0.798041,0.0886009,150.132
750,105.5,80,0.0886015,0.79815,0.0886015,150.239
750,105.5,80,0.0885728,0.798261,0.0885728,150.109
750,105.5,80,0.0885597,0.798382,0.0885597,150.137
750,105.5,80,0.0885466,0.798477,0.0885466,150.134
750,105.5,80,0.0885338,0.798593,0.0885338,150.147
750,105.5,80,0.08852,0.798689,0.08852,150.128
750,105.5,80,0.0884909,0.798823,0.0884909,150.053
750,105.5,80,0.0884756,0.798918,0.0884756,150.078
750,105.5,80,0.0884599,0.799024,0.0884599,150.053
750,105.5,80,0.0884272,0.799146,0.0884272,149.944
750,105.5,80,0.088411,0.799266,0.088411,149.935
750,105.5,80,0.0883941,0.799375,0.0883941,149.931
750,105.5,80,0.0883577,0.799527,0.0883577,149.865
750,105.5,80,0.0883405,0.799625,0.0883405,149.855
750,105.5,80,0.0883226,0.799728,0.0883226,149.857
750,105.5,80,0.0883063,0.799828,0.0883063,149.877
750,105.5,80,0.088274,0.799966,0.088274,149.823
750,105.5,80,0.0882579,0.800071,0.0882579,149.854
750,105.5,80,0.0882405,0.800186,0.0882405,149.879
750,105.5,80,0.0882092,0.800324,0.0882092,149.826
750,105.5,80,0.0881768,0.800467,0.0881768,149.787
750,105.5,80,0.0881599,0.800584,0.0881599,149.816
750,105.5,80,0.0881423,0.800683,0.0881423,149.827
750,105.5,80,0.0881245,0.800776,0.0881245,149.817
750,105.5,80,0.0881049,0.800888,0.0881049,149.828
750,105.5,80,0.0880689,0.801023,0.0880689,149.762
750,105.5,80,0.088049,0.801122,0.088049,149.763
750,105.5,80,0.0880305,0.801226,0.0880305,149.772
750,105.5,80,0.0880123,0.801338,0.0880123,149.79
750,105.5,80,0.0879754,0.801465,0.0879754,149.678
750,105.5,80,0.0879581,0.80157,0.0879581,149.701
750,105.5,80,0.0879402,0.801678,0.0879402,149.71
750,105.5,80,0.0879032,0.801821,0.0879032,149.653
750,105.5,80,0.0878834,0.801921,0.0878834,149.643
750,105.5,80,0.0878652,0.80203,0.0878652,149.67
750,105.5,80,0.0878293,0.802164,0.0878293,149.58
750,105.5,80,0.0878103,0.80227,0.0878103,149.601
750,105.5,80,0.0877891,0.802377,0.0877891,149.593
750,105.5,80,0.0877501,0.802519,0.0877501,149.49
750,105.5,80,0.0877296,0.802619,0.0877296,149.506
750,105.5,80,0.0877105,0.802726,0.0877105,149.529
750,105.5,80,0.0876702,0.802838,0.0876702,149.375
750,105.5,80,0.087648,0.802958,0.087648,149.417
750,105.5,80,0.0876281,0.803052,0.0876281,149.43
750,105.5,80,0.0876083,0.803171,0.0876083,149.47
750,105.5,80,0.0875676,0.803301,0.0875676,149.354
750,105.5,80,0.0875455,0.803408,0.0875455,149.385
750,105.5,80,0.0875252,0.803507,0.0875252,149.406
750,105.5,80,0.0874864,0.803657,0.0874864,149.365
750,105.5,80,0.0874654,0.803763,0.0874654,149.378
750,105.5,80,0.0874456,0.803872,0.0874456,149.413
750,105.5,80,0.0874052,0.804006,0.0874052,149.334
750,105.5,80,0.087386,0.804109,0.087386,149.391
750,105.5,80,0.087367,0.804216,0.087367,149.437
750,105.5,80,0.0873264,0.804357,0.0873264,149.385
750,105.5,80,0.0873063,0.804454,0.0873063,149.414
750,105.5,80,0.087287,0.804571,0.087287,149.466
750,105.5,80,0.0872478,0.804704,0.0872478,149.383
750,105.5,80,0.0872293,0.804805,0.0872293,149.425
750,105.5,80,0.0872108,0.804908,0.0872108,149.45
750,105.5,80,0.0871747,0.805055,0.0871747,149.424
750,105.5,80,0.0871561,0.80515,0.0871561,149.439
750,105.5,80,0.0871397,0.805256,0.0871397,149.492
750,105.5,80,0.087123,0.805351,0.087123,149.507
750,105.5,80,0.0870862,0.805488,0.0870862,149.447
750,105.5,80,0.0870677,0.80558,0.0870677,149.461
750,105.5,80,0.0870495,0.805682,0.0870495,149.466
750,105.5,80,0.0870314,0.80578,0.0870314,149.47
750,105.5,80,0.0869919,0.805916,0.0869919,149.384
750,105.5,80,0.0869719,0.806027,0.0869719,149.418
750,105.5,80,0.0869521,0.806132,0.0869521,149.446
750,105.5,80,0.0869127,0.80627,0.0869127,149.41
750,105.5,80,0.0868762,0.806439,0.0868762,149.419
750,105.5,80,0.0868569,0.806543,0.0868569,149.457
750,105.5,80,0.0868373,0.806648,0.0868373,149.487
750,105.5,80,0.0868011,0.806791,0.0868011,149.469
750,105.5,80,0.0867648,0.806962,0.0867648,149.467
750,105.5,80,0.0867438,0.807062,0.0867438,149.455
750,105.5,80,0.0867243,0.807174,0.0867243,149.491
750,105.5,80,0.0866852,0.80731,0.0866852,149.442
750,105.5,80,0.0866664,0.807413,0.0866664,149.469
750,105.5,80,0.0866278,0.807563,0.0866278,149.426
750,105.5,80,0.086607,0.807664,0.086607,149.439
750,105.5,80,0.0865883,0.807759,0.0865883,149.454
750,105.5,80,0.08657,0.807865,0.08657,149.48
750,105.5,80,0.0865321,0.807999,0.0865321,149.431
750,105.5,80,0.0865108,0.808099,0.0865108,149.429
750,105.5,80,0.0864708,0.808257,0.0864708,149.399
750,105.5,80,0.0864515,0.808357,0.0864515,149.432
750,105.5,80,0.0864306,0.808445,0.0864306,149.423
750,105.5,80,0.0864108,0.808535,0.0864108,149.426
750,105.5,80,0.0863908,0.808622,0.0863908,149.417
750,105.5,80,0.0863705,0.808722,0.0863705,149.428
750,105.5,80,0.0863492,0.80881,0.0863492,149.404
750,105.5,80,0.0863089,0.808924,0.0863089,149.324
750,105.5,80,0.0862882,0.809036,0.0862882,149.355
750,105.5,80,0.0862652,0.809129,0.0862652,149.335
750,105.5,80,0.0862439,0.809215,0.0862439,149.326
750,105.5,80,0.0862231,0.809302,0.0862231,149.312
750,105.5,80,0.0862016,0.809388,0.0862016,149.297
750,105.5,80,0.0861784,0.809475,0.0861784,149.264
750,105.5,80,0.0861566,0.809561,0.0861566,149.254
750,105.5,80,0.0861352,0.809647,0.0861352,149.24
750,105.5,80,0.0861139,0.809733,0.0861139,149.234
750,105.5,80,0.0860929,0.809859,0.0860929,149.3
750,105.5,80,0.0860483,0.809983,0.0860483,149.19
750,105.5,80,0.0860265,0.810072,0.0860265,149.205
750,105.5,80,0.0860033,0.810163,0.0860033,149.191
750,105.5,80,0.0859819,0.810254,0.0859819,149.195
750,105.5,80,0.0859602,0.81034,0.0859602,149.174
750,105.5,80,0.0859384,0.810426,0.0859384,149.16
750,105.5,80,0.0859154,0.810512,0.0859154,149.14
750,105.5,80,0.0858946,0.8106,0.0858946,149.142
750,105.5,80,0.0858745,0.810686,0.0858745,149.147
750,105.5,80,0.0858546,0.810778,0.0858546,149.16
750,105.5,80,0.085835,0.81087,0.085835,149.174
750,105.5,80,0.0858137,0.810964,0.0858137,149.179
750,105.5,80,0.085795,0.811053,0.085795,149.198
750,105.5,80,0.0857578,0.811154,0.0857578,149.078
750,105.5,80,0.0857369,0.811269,0.0857369,149.124
750,105.5,80,0.0857172,0.811365,0.0857172,149.138
750,105.5,80,0.0856977,0.811454,0.0856977,149.14
750,105.5,80,0.0856778,0.81154,0.0856778,149.14
750,105.5,80,0.0856558,0.811625,0.0856558,149.127
750,105.5,80,0.0856352,0.811718,0.0856352,149.138
750,105.5,80,0.0856144,0.811804,0.0856144,149.126
750,105.5,80,0.0855917,0.811895,0.0855917,149.112
750,105.5,80,0.0855719,0.811987,0.0855719,149.145
750,105.5,80,0.0855318,0.812117,0.0855318,149.066
750,105.5,80,0.0855105,0.81221,0.0855105,149.061
750,105.5,80,0.0854876,0.812303,0.0854876,149.054
750,105.5,80,0.0854628,0.812389,0.0854628,149.011
750,105.5,80,0.0854416,0.812478,0.0854416,149.014
750,105.5,80,0.0854177,0.812563,0.0854177,148.983
750,105.5,80,0.0853952,0.812649,0.0853952,148.98
750,105.5,80,0.0853724,0.812734,0.0853724,148.966
750,105.5,80,0.0853501,0.81282,0.0853501,148.959
750,105.5,80,0.0853259,0.812905,0.0853259,148.934
750,105.5,80,0.0853031,0.812996,0.0853031,148.937
750,105.5,80,0.0852798,0.813081,0.0852798,148.921
750,105.5,80,0.0852566,0.813175,0.0852566,148.929
750,105.5,80,0.0852313,0.813264,0.0852313,148.909
750,105.5,80,0.0851838,0.813374,0.0851838,148.817
750,105.5,80,0.0851595,0.813484,0.0851595,148.856
750,105.5,80,0.0851357,0.813576,0.0851357,148.854
750,105.5,80,0.0851364,0.813661,0.0851364,149.055
750,105.5,80,0.0850869,0.813746,0.0850869,148.783
750,105.5,80,0.0850636,0.813834,0.0850636,148.787
750,105.5,80,0.085064,0.813922,0.085064,148.991
750,105.5,80,0.0850396,0.814007,0.0850396,148.941
750,105.5,80,0.0850137,0.8141,0.0850137,148.918
750,105.5,80,0.0849896,0.8142,0.0849896,148.915
750,105.5,80,0.0849644,0.814292,0.0849644,148.916
750,105.5,80,0.0849099,0.814419,0.0849099,148.771
750,105.5,80,0.0848837,0.814515,0.0848837,148.765
750,105.5,80,0.0848565,0.814609,0.0848565,148.76
750,105.5,80,0.084827,0.814717,0.084827,148.755
750,105.5,80,0.0847741,0.814839,0.0847741,148.683
750,105.5,80,0.084748,0.814942,0.084748,148.7
750,105.5,80,0.0847193,0.81505,0.0847193,148.694
750,105.5,80,0.0846652,0.815183,0.0846652,148.602
750,105.5,80,0.0846378,0.815284,0.0846378,148.596
750,105.5,80,0.0846103,0.815388,0.0846103,148.595
750,105.5,80,0.0845534,0.815525,0.0845534,148.487
750,105.5,80,0.0845258,0.815628,0.0845258,148.487
750,105.5,80,0.084499,0.815727,0.084499,148.479
750,105.5,80,0.0844424,0.815861,0.0844424,148.354
750,105.5,80,0.0844147,0.815952,0.0844147,148.34
750,105.5,80,0.0843876,0.81606,0.0843876,148.365
750,105.5,80,0.0843582,0.816152,0.0843582,148.341
750,105.5,80,0.084303,0.816282,0.084303,148.23
750,105.5,80,0.0842736,0.816379,0.0842736,148.231
750,105.5,80,0.0842175,0.816506,0.0842175,148.111
750,105.5,80,0.0841889,0.81662,0.0841889,148.156
750,105.5,80,0.0841587,0.816746,0.0841587,148.195
750,105.5,80,0.0841015,0.816872,0.0841015,148.055
750,105.5,80,0.0840721,0.816981,0.0840721,148.144
750,105.5,80,0.0840103,0.81712,0.0840103,148.026
750,105.5,80,0.0839802,0.817223,0.0839802,148.046
750,105.5,80,0.0839501,0.81733,0.0839501,148.061
750,105.5,80,0.0838867,0.817453,0.0838867,147.874
750,105.5,80,0.0838553,0.817546,0.0838553,147.862
750,105.5,80,0.0838245,0.817649,0.0838245,147.876
750,105.5,80,0.0837593,0.81779,0.0837593,147.76
750,105.5,80,0.0837282,0.81789,0.0837282,147.777
750,105.5,80,0.0836976,0.817986,0.0836976,147.788
750,105.5,80,0.0836326,0.818122,0.0836326,147.665
750,105.5,80,0.0836008,0.818216,0.0836008,147.654
750,105.5,80,0.0835691,0.818318,0.0835691,147.666
750,105.5,80,0.0835011,0.818433,0.0835011,147.467
750,105.5,80,0.0834687,0.818544,0.0834687,147.512
750,105.5,80,0.0834374,0.818637,0.0834374,147.533
750,105.5,80,0.0833725,0.81877,0.0833725,147.421
750,105.5,80,0.0833417,0.818878,0.0833417,147.468
750,105.5,80,0.0833107,0.818971,0.0833107,147.48
750,105.5,80,0.0832763,0.819069,0.0832763,147.471
750,105.5,80,0.0832445,0.819164,0.0832445,147.47
750,105.5,80,0.083179,0.819288,0.083179,147.307
750,105.5,80,0.0831479,0.819394,0.0831479,147.368
750,105.5,80,0.0831143,0.819499,0.0831143,147.388
750,105.5,80,0.0830523,0.819617,0.0830523,147.2
750,105.5,80,0.083022,0.819713,0.083022,147.246
750,105.5,80,0.0829911,0.819806,0.0829911,147.264
750,105.5,80,0.0829576,0.819906,0.0829576,147.276
750,105.5,80,0.0828951,0.82004,0.0828951,147.138
750,105.5,80,0.0828631,0.820129,0.0828631,147.155
750,105.5,80,0.0827966,0.820256,0.0827966,147.021
750,105.5,80,0.0827642,0.82037,0.0827642,147.071
750,105.5,80,0.0827322,0.820464,0.0827322,147.104
750,105.5,80,0.0826976,0.82056,0.0826976,147.12
750,105.5,80,0.0826351,0.820671,0.0826351,146.906
750,105.5,80,0.0826041,0.820782,0.0826041,147.061
750,105.5,80,0.0825732,0.820882,0.0825732,147.111
750,105.5,80,0.0825391,0.820982,0.0825391,147.125
750,105.5,80,0.0824758,0.821112,0.0824758,147.001
750,105.5,80,0.0824443,0.821201,0.0824443,147.023
750,105.5,80,0.0824104,0.821314,0.0824104,147.075
750,105.5,80,0.0823507,0.821438,0.0823507,146.975
750,105.5,80,0.0823204,0.821536,0.0823204,147.032
750,105.5,80,0.0822869,0.821639,0.0822869,147.044
750,105.5,80,0.0822249,0.821772,0.0822249,146.925
750,105.5,80,0.0821925,0.821885,0.0821925,146.983
750,105.5,80,0.0821233,0.822016,0.0821233,146.841
750,105.5,80,0.0820898,0.822105,0.0820898,146.857
750,105.5,80,0.0820566,0.822216,0.0820566,146.921
750,105.5,80,0.0819902,0.822336,0.0819902,146.78
750,105.5,80,0.0819539,0.822428,0.0819539,146.779
750,105.5,80,0.0819204,0.822513,0.0819204,146.776
750,105.5,80,0.0818899,0.822616,0.0818899,146.832
750,105.5,80,0.0818227,0.822728,0.0818227,146.605
750,105.5,80,0.0817913,0.822835,0.0817913,146.709
750,105.5,80,0.08176,0.822928,0.08176,146.756
750,105.5,80,0.081726,0.823031,0.081726,146.808
750,105.5,80,0.0816615,0.823154,0.0816615,146.696
750,105.5,80,0.0816312,0.823249,0.0816312,146.741
750,105.5,80,0.081601,0.82334,0.081601,146.766
750,105.5,80,0.0815694,0.823436,0.0815694,146.789
750,105.5,80,0.0815396,0.823529,0.0815396,146.832
750,105.5,80,0.081479,0.823649,0.081479,146.704
750,105.5,80,0.0814459,0.823736,0.0814459,146.698
750,105.5,80,0.0813841,0.823887,0.0813841,146.66
750,105.5,80,0.0813504,0.823983,0.0813504,146.662
750,105.5,80,0.0813193,0.824078,0.0813193,146.681
750,105.5,80,0.0812876,0.82417,0.0812876,146.683
750,105.5,80,0.0812212,0.8243,0.0812212,146.554
750,105.5,80,0.0811893,0.824413,0.0811893,146.612
750,105.5,80,0.0811268,0.824541,0.0811268,146.508
750,105.5,80,0.0810962,0.824631,0.0810962,146.523
750,105.5,80,0.0810635,0.824728,0.0810635,146.525
750,105.5,80,0.0810342,0.824823,0.0810342,146.547
750,105.5,80,0.0809734,0.824946,0.0809734,146.412
750,105.5,80,0.080943,0.825038,0.080943,146.426
750,105.5,80,0.0808819,0.825191,0.0808819,146.382
750,105.5,80,0.0808481,0.825278,0.0808481,146.352
750,105.5,80,0.0808172,0.825371,0.0808172,146.353
750,105.5,80,0.0807874,0.825463,0.0807874,146.363
750,105.5,80,0.080725,0.825596,0.080725,146.233
750,105.5,80,0.080695,0.825688,0.080695,146.262
750,105.5,80,0.0806646,0.825788,0.0806646,146.285
750,105.5,80,0.0806002,0.825886,0.0806002,146.041
750,105.5,80,0.0805692,0.825996,0.0805692,146.115
750,105.5,80,0.0805381,0.826085,0.0805381,146.124
750,105.5,80,0.0805078,0.826178,0.0805078,146.133
750,105.5,80,0.080475,0.826267,0.080475,146.111
750,105.5,80,0.0804149,0.826394,0.0804149,145.965
750,105.5,80,0.0803861,0.826485,0.0803861,146.007
750,105.5,80,0.0803572,0.826572,0.0803572,146.021
750,105.5,80,0.0803257,0.826673,0.0803257,146.039
750,105.5,80,0.0802685,0.826799,0.0802685,145.917
750,105.5,80,0.0802371,0.82689,0.0802371,145.944
750,105.5,80,0.0802072,0.826998,0.0802072,146.004
750,105.5,80,0.0801478,0.827119,0.0801478,145.867
750,105.5,80,0.0801177,0.827214,0.0801177,145.91
750,105.5,80,0.0800859,0.827309,0.0800859,145.929
750,105.5,80,0.0800276,0.827435,0.0800276,145.824
750,105.5,80,0.0799972,0.827529,0.0799972,145.871
750,105.5,80,0.0799639,0.827639,0.0799639,145.912
750,105.5,80,0.0799014,0.827763,0.0799014,145.762
750,105.5,80,0.0798626,0.827858,0.0798626,145.741
750,105.5,80,0.0798317,0.827947,0.0798317,145.752
750,105.5,80,0.0797703,0.828081,0.0797703,145.638
750,105.5,80,0.0797371,0.828164,0.0797371,145.647
750,105.5,80,0.0797061,0.82827,0.0797061,145.718
750,105.5,80,0.0796448,0.828389,0.0796448,145.59
750,105.5,80,0.0796115,0.828482,0.0796115,145.625
750,105.5,80,0.0795803,0.828568,0.0795803,145.637
750,105.5,80,0.0795195,0.828687,0.0795195,145.532
750,105.5,80,0.0795217,0.828791,0.0795217,145.824
750,105.5,80,0.0794892,0.828891,0.0794892,145.837
750,105.5,80,0.0794279,0.829025,0.0794279,145.747
750,105.5,80,0.0793974,0.829123,0.0793974,145.77
750,105.5,80,0.0793333,0.829246,0.0793333,145.631
750,105.5,80,0.0793033,0.829351,0.0793033,145.686
750,105.5,80,0.0792732,0.829469,0.0792732,145.729
750,105.5,80,0.0792086,0.829586,0.0792086,145.568
750,105.5,80,0.0791786,0.829678,0.0791786,145.6
750,105.5,80,0.0791477,0.829777,0.0791477,145.626
750,105.5,80,0.0790845,0.829905,0.0790845,145.486
750,105.5,80,0.0790541,0.829999,0.0790541,145.516
750,105.5,80,0.0790231,0.830094,0.0790231,145.533
750,105.5,80,0.0789582,0.83022,0.0789582,145.401
750,105.5,80,0.078927,0.83031,0.078927,145.432
750,105.5,80,0.0788617,0.830431,0.0788617,145.315
750,105.5,80,0.078831,0.830535,0.078831,145.369
750,105.5,80,0.0788003,0.83063,0.0788003,145.401
750,105.5,80,0.0787702,0.830724,0.0787702,145.42
750,105.5,80,0.0787076,0.830849,0.0787076,145.308
750,105.5,80,0.0786773,0.83094,0.0786773,145.346
750,105.5,80,0.0786156,0.831078,0.0786156,145.269
750,105.5,80,0.0785823,0.831171,0.0785823,145.271
750,105.5,80,0.078552,0.831272,0.078552,145.311
750,105.5,80,0.078489,0.831401,0.078489,145.175
750,105.5,80,0.0784583,0.831503,0.0784583,145.236
750,105.5,80,0.0783969,0.831631,0.0783969,145.147
750,105.5,80,0.0783654,0.831725,0.0783654,145.175
750,105.5,80,0.078331,0.831823,0.078331,145.196
750,105.5,80,0.0782662,0.831948,0.0782662,145.06
750,105.5,80,0.0782324,0.832038,0.0782324,145.066
750,105.5,80,0.0781961,0.832134,0.0781961,145.145
750,105.5,80,0.0781287,0.832259,0.0781287,145.016
750,105.5,80,0.0780957,0.832359,0.0780957,145.054
750,105.5,80,0.0780599,0.83245,0.0780599,145.047
750,105.5,80,0.0779942,0.83257,0.0779942,144.907
750,105.5,80,0.0779617,0.832657,0.0779617,144.928
750,105.5,80,0.0779289,0.832756,0.0779289,144.972
750,105.5,80,0.0778612,0.832856,0.0778612,144.747
750,105.5,80,0.0778292,0.832961,0.0778292,144.832
750,105.5,80,0.0777977,0.83305,0.0777977,144.873
750,105.5,80,0.077765,0.833146,0.077765,144.909
750,105.5,80,0.0777043,0.833265,0.0777043,144.818
750,105.5,80,0.0776735,0.833362,0.0776735,144.88
750,105.5,80,0.0776422,0.833464,0.0776422,144.94
750,105.5,80,0.0775748,0.833584,0.0775748,144.803
750,105.5,80,0.0775418,0.83368,0.0775418,144.831
750,105.5,80,0.0774733,0.833807,0.0774733,144.712
750,105.5,80,0.0774409,0.833897,0.0774409,144.739
750,105.5,80,0.0774079,0.834001,0.0774079,144.791
750,105.5,80,0.0773387,0.834117,0.0773387,144.625
750,105.5,80,0.0773047,0.834205,0.0773047,144.625
750,105.5,80,0.0772712,0.834306,0.0772712,144.651
750,105.5,80,0.0772011,0.834431,0.0772011,144.485
750,105.5,80,0.077168,0.834531,0.077168,144.53
750,105.5,80,0.0771024,0.834635,0.0771024,144.352
750,105.5,80,0.0770669,0.834739,0.0770669,144.387
750,105.5,80,0.0770343,0.834837,0.0770343,144.431
750,105.5,80,0.0769678,0.834947,0.0769678,144.276
750,105.5,80,0.0769346,0.835047,0.0769346,144.327
750,105.5,80,0.0769014,0.835138,0.0769014,144.363
750,105.5,80,0.0768685,0.835238,0.0768685,144.412
750,105.5,80,0.0767937,0.835349,0.0767937,144.203
750,105.5,80,0.0767609,0.835441,0.0767609,144.246
750,105.5,80,0.0766953,0.835575,0.0766953,144.173
750,105.5,80,0.0766592,0.835667,0.0766592,144.175
750,105.5,80,0.0766257,0.835751,0.0766257,144.176
750,105.5,80,0.076592,0.835844,0.076592,144.193
750,105.5,80,0.0765277,0.835964,0.0765277,144.043
750,105.5,80,0.0764932,0.836051,0.0764932,144.062
750,105.5,80,0.0764634,0.836138,0.0764634,144.079
750,105.5,80,0.0764034,0.836267,0.0764034,143.977
750,105.5,80,0.0763701,0.836351,0.0763701,144.005
750,105.5,80,0.0763396,0.836449,0.0763396,144.075
750,105.5,80,0.0763086,0.836531,0.0763086,144.094
750,105.5,80,0.0762447,0.836648,0.0762447,143.98
750,105.5,80,0.0762152,0.83674,0.0762152,144.056
750,105.5,80,0.0761522,0.836875,0.0761522,144.003
750,105.5,80,0.0761221,0.83696,0.0761221,144.058
750,105.5,80,0.0760915,0.837053,0.0760915,144.116
750,105.5,80,0.0760276,0.837177,0.0760276,144.03
750,105.5,80,0.0759959,0.837271,0.0759959,144.095
750,105.5,80,0.0759326,0.837388,0.0759326,143.92
750,105.5,80,0.0759013,0.837486,0.0759013,144.014
750,105.5,80,0.0758672,0.837567,0.0758672,144.004
750,105.5,80,0.0758365,0.837664,0.0758365,144.076
750,105.5,80,0.0757754,0.837763,0.0757754,143.915
750,105.5,80,0.0757419,0.837864,0.0757419,144
750,105.5,80,0.0757123,0.837948,0.0757123,144.027
750,105.5,80,0.0756822,0.838042,0.0756822,144.076
750,105.5,80,0.0756176,0.838146,0.0756176,143.905
750,105.5,80,0.0755865,0.838242,0.0755865,144.012
750,105.5,80,0.075555,0.838323,0.075555,144.015
750,105.5,80,0.0755234,0.838412,0.0755234,144.037
750,105.5,80,0.0754592,0.838525,0.0754592,143.894
750,105.5,80,0.0754277,0.838619,0.0754277,143.963
750,105.5,80,0.0753961,0.838703,0.0753961,143.96
750,105.5,80,0.0753615,0.838796,0.0753615,143.955
750,105.5,80,0.0752972,0.83892,0.0752972,143.859
750,105.5,80,0.0752653,0.839006,0.0752653,143.855
750,105.5,80,0.0752335,0.839099,0.0752335,143.877
750,105.5,80,0.0751682,0.839224,0.0751682,143.713
750,105.5,80,0.0751376,0.839311,0.0751376,143.788
750,105.5,80,0.0751066,0.839397,0.0751066,143.791
750,105.5,80,0.0750422,0.839524,0.0750422,143.697
750,105.5,80,0.075011,0.839615,0.075011,143.706
750,105.5,80,0.0749799,0.839702,0.0749799,143.704
750,105.5,80,0.0749169,0.839818,0.0749169,143.572
750,105.5,80,0.0748864,0.839899,0.0748864,143.569
750,105.5,80,0.0748554,0.839992,0.0748554,143.59
750,105.5,80,0.0747923,0.840093,0.0747923,143.441
750,105.5,80,0.0747617,0.840193,0.0747617,143.506
750,105.5,80,0.074731,0.840276,0.074731,143.512
750,105.5,80,0.0747013,0.840375,0.0747013,143.549
750,105.5,80,0.0746367,0.840492,0.0746367,143.42
750,105.5,80,0.0746055,0.840582,0.0746055,143.439
750,105.5,80,0.0745407,0.840715,0.0745407,143.36
750,105.5,80,0.0745098,0.840818,0.0745098,143.437
750,105.5,80,0.0744487,0.840934,0.0744487,143.327
750,105.5,80,0.0744148,0.841023,0.0744148,143.358
750,105.5,80,0.0743838,0.841117,0.0743838,143.408
750,105.5,80,0.0743191,0.841236,0.0743191,143.319
750,105.5,80,0.0742848,0.841321,0.0742848,143.304
750,105.5,80,0.0742533,0.841413,0.0742533,143.343
750,105.5,80,0.0741927,0.841532,0.0741927,143.275
750,105.5,80,0.0741623,0.841622,0.0741623,143.307
750,105.5,80,0.0741288,0.841707,0.0741288,143.294
750,105.5,80,0.0740663,0.841828,0.0740663,143.21
750,105.5,80,0.0740318,0.841907,0.0740318,143.159
750,105.5,80,0.0740004,0.841998,0.0740004,143.179
750,105.5,80,0.0739648,0.842082,0.0739648,143.147
750,105.5,80,0.0739102,0.842193,0.0739102,143.056
750,105.5,80,0.0738719,0.842276,0.0738719,143.007
750,105.5,80,0.0738096,0.842415,0.0738096,142.959
750,105.5,80,0.0737759,0.8425,0.0737759,142.961
750,105.5,80,0.073745,0.842583,0.073745,143.006
750,105.5,80,0.073713,0.842669,0.073713,143.026
750,105.5,80,0.0736473,0.842788,0.0736473,142.914
750,105.5,80,0.0736155,0.842868,0.0736155,142.909
750,105.5,80,0.073584,0.842967,0.073584,142.963
750,105.5,80,0.0735187,0.843081,0.0735187,142.832
750,105.5,80,0.0734873,0.843167,0.0734873,142.852
750,105.5,80,0.0734562,0.843257,0.0734562,142.876
750,105.5,80,0.0734286,0.84337,0.0734286,142.959
750,105.5,80,0.0733941,0.843453,0.0733941,142.904
750,105.5,80,0.0733621,0.843548,0.0733621,142.911
750,105.5,80,0.0733307,0.843627,0.0733307,142.864
750,105.5,80,0.0732645,0.843737,0.0732645,142.673
750,105.5,80,0.0732332,0.843829,0.0732332,142.699
750,105.5,80,0.0731712,0.843959,0.0731712,142.624
750,105.5,80,0.0731366,0.844038,0.0731366,142.586
750,105.5,80,0.0731041,0.844134,0.0731041,142.632
750,105.5,80,0.0730363,0.844243,0.0730363,142.475
750,105.5,80,0.0729992,0.844329,0.0729992,142.48
750,105.5,80,0.0729657,0.84441,0.0729657,142.484
750,105.5,80,0.0729003,0.844521,0.0729003,142.364
750,105.5,80,0.0728646,0.844617,0.0728646,142.422
750,105.5,80,0.0728312,0.844707,0.0728312,142.461
750,105.5,80,0.0727985,0.844792,0.0727985,142.478
750,105.5,80,0.0727302,0.844904,0.0727302,142.353
750,105.5,80,0.0726981,0.844986,0.0726981,142.367
750,105.5,80,0.0726375,0.84512,0.0726375,142.415
750,105.5,80,0.0726073,0.845204,0.0726073,142.425
750,105.5,80,0.0725746,0.845293,0.0725746,142.42
750,105.5,80,0.0725447,0.845373,0.0725447,142.4
750,105.5,80,0.0724845,0.845486,0.0724845,142.276
750,105.5,80,0.0724523,0.845566,0.0724523,142.268
750,105.5,80,0.0724228,0.845652,0.0724228,142.291
750,105.5,80,0.0723923,0.845733,0.0723923,142.281
750,105.5,80,0.072327,0.845847,0.072327,142.147
750,105.5,80,0.0722962,0.845928,0.0722962,142.172
750,105.5,80,0.0722633,0.846013,0.0722633,142.195
750,105.5,80,0.0721971,0.846133,0.0721971,142.095
750,105.5,80,0.0721651,0.846216,0.0721651,142.13
750,105.5,80,0.0721345,0.846295,0.0721345,142.142
750,105.5,80,0.0720993,0.846383,0.0720993,142.134
750,105.5,80,0.0720345,0.846494,0.0720345,142.008
750,105.5,80,0.0720017,0.84658,0.0720017,142.029
750,105.5,80,0.0719377,0.846709,0.0719377,141.958
750,105.5,80,0.0719078,0.846798,0.0719078,142.011
750,105.5,80,0.0718775,0.846884,0.0718775,142.034
750,105.5,80,0.0718114,0.846999,0.0718114,141.895
750,105.5,80,0.0717799,0.847079,0.0717799,141.906
750,105.5,80,0.0717472,0.84717,0.0717472,141.93
750,105.5,80,0.0716814,0.847285,0.0716814,141.814
750,105.5,80,0.0716437,0.84737,0.0716437,141.798
750,105.5,80,0.0716124,0.847455,0.0716124,141.835
750,105.5,80,0.0715449,0.847567,0.0715449,141.727
750,105.5,80,0.0715119,0.84765,0.0715119,141.755
750,105.5,80,0.0714454,0.847786,0.0714454,141.708
750,105.5,80,0.0714121,0.847874,0.0714121,141.746
750,105.5,80,0.0713771,0.847953,0.0713771,141.728
750,105.5,80,0.0713445,0.848029,0.0713445,141.742
750,105.5,80,0.0712805,0.84814,0.0712805,141.644
750,105.5,80,0.0712472,0.848214,0.0712472,141.634
750,105.5,80,0.0712164,0.848288,0.0712164,141.654
750,105.5,80,0.0711861,0.848362,0.0711861,141.67
750,105.5,80,0.0711559,0.848437,0.0711559,141.68
750,105.5,80,0.071126,0.848508,0.071126,141.674
750,105.5,80,0.0710928,0.848579,0.0710928,141.635
750,105.5,80,0.0710615,0.84865,0.0710615,141.612
750,105.5,80,0.0710307,0.848725,0.0710307,141.619
750,105.5,80,0.0710009,0.848796,0.0710009,141.611
750,105.5,80,0.0709682,0.848868,0.0709682,141.581
750,105.5,80,0.0709381,0.848941,0.0709381,141.571
750,105.5,80,0.0709084,0.849021,0.0709084,141.601
750,105.5,80,0.0708786,0.849093,0.0708786,141.619
750,105.5,80,0.0708135,0.849178,0.0708135,141.377
750,105.5,80,0.0707815,0.849277,0.0707815,141.451
750,105.5,80,0.0707501,0.849351,0.0707501,141.439
750,105.5,80,0.0707155,0.849422,0.0707155,141.386
750,105.5,80,0.0706832,0.849498,0.0706832,141.376
750,105.5,80,0.070651,0.84957,0.070651,141.354
750,105.5,80,0.0706199,0.849649,0.0706199,141.365
750,105.5,80,0.0705876,0.849719,0.0705876,141.339
750,105.5,80,0.0705207,0.849816,0.0705207,141.165
750,105.5,80,0.0704887,0.849911,0.0704887,141.225
750,105.5,80,0.070457,0.850024,0.070457,141.304
750,105.5,80,0.0703917,0.850125,0.0703917,141.137
750,105.5,80,0.0703598,0.850208,0.0703598,141.153
750,105.5,80,0.0702943,0.850328,0.0702943,141.04
750,105.5,80,0.0702628,0.850415,0.0702628,141.079
750,105.5,80,0.0702313,0.850505,0.0702313,141.111
750,105.5,80,0.0701664,0.850615,0.0701664,140.973
750,105.5,80,0.0701348,0.850697,0.0701348,141.006
750,105.5,80,0.0701039,0.85078,0.0701039,141.035
750,105.5,80,0.0700381,0.850889,0.0700381,140.911
750,105.5,80,0.0700096,0.850971,0.0700096,140.969
750,105.5,80,0.0699786,0.85105,0.0699786,140.988
750,105.5,80,0.0699477,0.851134,0.0699477,141.022
750,105.5,80,0.0698827,0.851243,0.0698827,140.927
750,105.5,80,0.0698505,0.851331,0.0698505,140.974
750,105.5,80,0.069784,0.851453,0.069784,140.819
750,105.5,80,0.0697526,0.851541,0.0697526,140.899
750,105.5,80,0.0697215,0.851622,0.0697215,140.926
750,105.5,80,0.069658,0.851731,0.069658,140.832
750,105.5,80,0.0696278,0.851811,0.0696278,140.865
750,105.5,80,0.0695661,0.851937,0.0695661,140.813
750,105.5,80,0.0695325,0.852019,0.0695325,140.837
750,105.5,80,0.0695013,0.852107,0.0695013,140.883
750,105.5,80,0.0694407,0.852214,0.0694407,140.804
750,105.5,80,0.0694105,0.852298,0.0694105,140.841
750,105.5,80,0.0693782,0.852382,0.0693782,140.846
750,105.5,80,0.069318,0.852492,0.069318,140.752
750,105.5,80,0.0692845,0.852573,0.0692845,140.741
750,105.5,80,0.0692528,0.852663,0.0692528,140.759
750,105.5,80,0.0691883,0.852767,0.0691883,140.61
750,105.5,80,0.069153,0.852849,0.069153,140.61
750,105.5,80,0.0691202,0.852927,0.0691202,140.616
750,105.5,80,0.0690874,0.853013,0.0690874,140.634
750,105.5,80,0.06902,0.853113,0.06902,140.478
750,105.5,80,0.0689882,0.853194,0.0689882,140.512
750,105.5,80,0.0689567,0.853274,0.0689567,140.529
750,105.5,80,0.0688913,0.853391,0.0688913,140.437
750,105.5,80,0.0688605,0.85347,0.0688605,140.48
750,105.5,80,0.068829,0.853557,0.068829,140.512
750,105.5,80,0.0687677,0.85366,0.0687677,140.398
750,105.5,80,0.0687357,0.853741,0.0687357,140.42
750,105.5,80,0.0687067,0.853818,0.0687067,140.449
750,105.5,80,0.0686481,0.853915,0.0686481,140.326
750,105.5,80,0.0686156,0.854008,0.0686156,140.39
750,105.5,80,0.0685846,0.854088,0.0685846,140.39
750,105.5,80,0.0685523,0.854174,0.0685523,140.387
750,105.5,80,0.0684856,0.85428,0.0684856,140.218
750,105.5,80,0.0684538,0.854356,0.0684538,140.218
750,105.5,80,0.06839,0.854482,0.06839,140.138
750,105.5,80,0.0683556,0.854559,0.0683556,140.125
750,105.5,80,0.0683227,0.854645,0.0683227,140.153
750,105.5,80,0.0682568,0.854734,0.0682568,139.95
750,105.5,80,0.0682216,0.854828,0.0682216,140.001
750,105.5,80,0.0681592,0.854945,0.0681592,139.932
750,105.5,80,0.0681276,0.855032,0.0681276,139.986
750,105.5,80,0.0680962,0.855105,0.0680962,139.998
750,105.5,80,0.0680624,0.855191,0.0680624,140.025
750,105.5,80,0.0679995,0.855282,0.0679995,139.852
750,105.5,80,0.0679665,0.855373,0.0679665,139.923
750,105.5,80,0.0679299,0.855446,0.0679299,139.895
750,105.5,80,0.0678661,0.855572,0.0678661,139.852
750,105.5,80,0.0678307,0.85565,0.0678307,139.871
750,105.5,80,0.0677983,0.855733,0.0677983,139.923
750,105.5,80,0.0677333,0.855839,0.0677333,139.811
750,105.5,80,0.0676985,0.855919,0.0676985,139.839
750,105.5,80,0.0676662,0.855993,0.0676662,139.85
750,105.5,80,0.067634,0.856076,0.067634,139.877
750,105.5,80,0.0675698,0.856157,0.0675698,139.663
750,105.5,80,0.0675357,0.85625,0.0675357,139.724
750,105.5,80,0.0675049,0.856324,0.0675049,139.735
750,105.5,80,0.0674747,0.856401,0.0674747,139.755
750,105.5,80,0.067415,0.856498,0.067415,139.627
750,105.5,80,0.0674201,0.856587,0.0674201,139.951
750,105.5,80,0.0673911,0.85666,0.0673911,139.922
750,105.5,80,0.0673618,0.856734,0.0673618,139.907
750,105.5,80,0.0673302,0.856815,0.0673302,139.89
750,105.5,80,0.0672705,0.856928,0.0672705,139.784
750,105.5,80,0.0672088,0.857061,0.0672088,139.714
750,105.5,80,0.0671781,0.857154,0.0671781,139.753
750,105.5,80,0.0671157,0.85726,0.0671157,139.635
750,105.5,80,0.0670807,0.857342,0.0670807,139.622
750,105.5,80,0.0670477,0.857418,0.0670477,139.613
750,105.5,80,0.0669826,0.857526,0.0669826,139.507
750,105.5,80,0.0669471,0.857599,0.0669471,139.472
750,105.5,80,0.0669143,0.857687,0.0669143,139.512
750,105.5,80,0.0668487,0.857776,0.0668487,139.368
750,105.5,80,0.0668168,0.857861,0.0668168,139.407
750,105.5,80,0.0667827,0.857945,0.0667827,139.409
750,105.5,80,0.0665571,0.858397,0.0665571,139.253
750,105.5,80,0.0665223,0.858475,0.0665223,139.236
750,105.5,80,0.0664914,0.858558,0.0664914,139.273
750,105.5,80,0.0664258,0.858655,0.0664258,139.121
750,105.5,80,0.0663903,0.858731,0.0663903,139.105
750,105.5,80,0.0663566,0.858809,0.0663566,139.118
750,105.5,80,0.0662898,0.8589,0.0662898,138.947
750,105.5,80,0.0662543,0.858989,0.0662543,139.006
750,105.5,80,0.0662217,0.859061,0.0662217,139.017
750,105.5,80,0.0661901,0.859127,0.0661901,139.008
750,105.5,80,0.0661584,0.859193,0.0661584,139
750,105.5,80,0.0661235,0.85926,0.0661235,138.961
750,105.5,80,0.0660918,0.859326,0.0660918,138.973
750,105.5,80,0.0660535,0.859392,0.0660535,138.919
750,105.5,80,0.0660189,0.859458,0.0660189,138.91
750,105.5,80,0.0659877,0.859524,0.0659877,138.927
750,105.5,80,0.0659567,0.85959,0.0659567,138.947
750,105.5,80,0.0659263,0.859656,0.0659263,138.955
750,105.5,80,0.065893,0.859725,0.065893,138.947
750,105.5,80,0.0658619,0.859791,0.0658619,138.94
750,105.5,80,0.0658308,0.859867,0.0658308,138.972
750,105.5,80,0.0657665,0.859954,0.0657665,138.792
750,105.5,80,0.0657354,0.860043,0.0657354,138.892
750,105.5,80,0.0657042,0.86011,0.0657042,138.871
750,105.5,80,0.0656731,0.860195,0.0656731,138.911
750,105.5,80,0.0656386,0.860269,0.0656386,138.873
750,105.5,80,0.0655753,0.860367,0.0655753,138.757
750,105.5,80,0.0655444,0.86044,0.0655444,138.761
750,105.5,80,0.0655107,0.860524,0.0655107,138.784
750,105.5,80,0.065479,0.860597,0.065479,138.773
750,105.5,80,0.0654157,0.860679,0.0654157,138.57
750,105.5,80,0.0653828,0.860764,0.0653828,138.606
750,105.5,80,0.0653468,0.860837,0.0653468,138.57
750,105.5,80,0.0653145,0.860913,0.0653145,138.573
750,105.5,80,0.0652837,0.860988,0.0652837,138.58
750,105.5,80,0.0652186,0.861068,0.0652186,138.343
750,105.5,80,0.0651877,0.861157,0.0651877,138.415
750,105.5,80,0.0651568,0.861225,0.0651568,138.409
750,105.5,80,0.0651254,0.861294,0.0651254,138.406
750,105.5,80,0.0650908,0.861368,0.0650908,138.389
750,105.5,80,0.0650293,0.861481,0.0650293,138.316
750,105.5,80,0.0649991,0.861554,0.0649991,138.348
750,105.5,80,0.0649357,0.861652,0.0649357,138.225
750,105.5,80,0.0649063,0.861741,0.0649063,138.314
750,105.5,80,0.0648762,0.861824,0.0648762,138.368
750,105.5,80,0.0648125,0.861936,0.0648125,138.275
750,105.5,80,0.0647821,0.862011,0.0647821,138.304
750,105.5,80,0.0647505,0.862088,0.0647505,138.315
750,105.5,80,0.0646846,0.862193,0.0646846,138.194
750,105.5,80,0.0646532,0.862263,0.0646532,138.21
750,105.5,80,0.0645898,0.862368,0.0645898,138.107
750,105.5,80,0.0645558,0.862451,0.0645558,138.171
750,105.5,80,0.0645247,0.862526,0.0645247,138.2
750,105.5,80,0.0644961,0.862606,0.0644961,138.257
750,105.5,80,0.06443,0.862704,0.06443,138.129
750,105.5,80,0.0643983,0.862783,0.0643983,138.159
750,105.5,80,0.0643334,0.8629,0.0643334,138.08
750,105.5,80,0.0643027,0.862975,0.0643027,138.119
750,105.5,80,0.0642737,0.863061,0.0642737,138.188
750,105.5,80,0.0642117,0.863158,0.0642117,138.071
750,105.5,80,0.0641817,0.863239,0.0641817,138.103
750,105.5,80,0.064121,0.863334,0.064121,137.966
750,105.5,80,0.0640869,0.863416,0.0640869,137.933
750,105.5,80,0.0640557,0.863489,0.0640557,137.944
750,105.5,80,0.0640247,0.863574,0.0640247,137.99
750,105.5,80,0.063962,0.863664,0.063962,137.849
750,105.5,80,0.0639279,0.863738,0.0639279,137.855
750,105.5,80,0.0638968,0.863806,0.0638968,137.858
750,105.5,80,0.0638647,0.86389,0.0638647,137.906
750,105.5,80,0.0637982,0.863989,0.0637982,137.79
750,105.5,80,0.0637679,0.864062,0.0637679,137.815
750,105.5,80,0.0637374,0.864135,0.0637374,137.838
750,105.5,80,0.063674,0.864243,0.063674,137.756
750,105.5,80,0.0636444,0.864311,0.0636444,137.756
750,105.5,80,0.0636133,0.864387,0.0636133,137.764
750,105.5,80,0.0635826,0.864458,0.0635826,137.759
750,105.5,80,0.0635202,0.864561,0.0635202,137.68
750,105.5,80,0.0634893,0.864633,0.0634893,137.68
750,105.5,80,0.063424,0.86473,0.063424,137.539
750,105.5,80,0.0633926,0.864815,0.0633926,137.608
750,105.5,80,0.063361,0.864888,0.063361,137.609
750,105.5,80,0.0633293,0.864959,0.0633293,137.609
750,105.5,80,0.0632637,0.865048,0.0632637,137.433
750,105.5,80,0.0632313,0.865138,0.0632313,137.516
750,105.5,80,0.0631635,0.865258,0.0631635,137.427
750,105.5,80,0.063132,0.865332,0.063132,137.445
750,105.5,80,0.0631004,0.865408,0.0631004,137.465
750,105.5,80,0.0630356,0.865507,0.0630356,137.345
750,105.5,80,0.063006,0.86558,0.063006,137.375
750,105.5,80,0.0629446,0.865678,0.0629446,137.274
750,105.5,80,0.0629105,0.865762,0.0629105,137.307
750,105.5,80,0.0628791,0.865832,0.0628791,137.302
750,105.5,80,0.0628464,0.865913,0.0628464,137.318
750,105.5,80,0.0627808,0.866013,0.0627808,137.17
750,105.5,80,0.0627504,0.866085,0.0627504,137.187
750,105.5,80,0.0626881,0.866197,0.0626881,137.12
750,105.5,80,0.0626562,0.866276,0.0626562,137.148
750,105.5,80,0.0626218,0.866345,0.0626218,137.117
750,105.5,80,0.0625584,0.866446,0.0625584,137.023
750,105.5,80,0.0625265,0.866517,0.0625265,137.04
750,105.5,80,0.0624933,0.866597,0.0624933,137.071
750,105.5,80,0.0624317,0.866697,0.0624317,137.012
750,105.5,80,0.0624018,0.866775,0.0624018,137.064
750,105.5,80,0.0623703,0.866848,0.0623703,137.082
750,105.5,80,0.0623062,0.866949,0.0623062,136.997
750,105.5,80,0.062282,0.867017,0.062282,137.052
750,105.5,80,0.0622441,0.867098,0.0622441,137.037
750,105.5,80,0.0621819,0.867197,0.0621819,136.948
750,105.5,80,0.062151,0.867285,0.062151,137.004
750,105.5,80,0.0620887,0.867379,0.0620887,136.892
750,105.5,80,0.0620588,0.867452,0.0620588,136.924
750,105.5,80,0.0619944,0.867563,0.0619944,136.841
750,105.5,80,0.0619635,0.867636,0.0619635,136.878
750,105.5,80,0.0619314,0.86771,0.0619314,136.894
750,105.5,80,0.0618677,0.867812,0.0618677,136.782
750,105.5,80,0.061833,0.867883,0.061833,136.778
750,105.5,80,0.0617687,0.868,0.0617687,136.703
750,105.5,80,0.0617372,0.868067,0.0617372,136.699
750,105.5,80,0.0617051,0.868154,0.0617051,136.736
750,105.5,80,0.0616371,0.86825,0.0616371,136.581
750,105.5,80,0.0616045,0.868325,0.0616045,136.597
750,105.5,80,0.0615722,0.868391,0.0615722,136.583
750,105.5,80,0.0615047,0.868493,0.0615047,136.491
750,105.5,80,0.0615089,0.868562,0.0615089,136.786
750,105.5,80,0.061477,0.868643,0.061477,136.786
750,105.5,80,0.0614101,0.868737,0.0614101,136.635
750,105.5,80,0.0613792,0.868807,0.0613792,136.632
750,105.5,80,0.0613474,0.868877,0.0613474,136.623
750,105.5,80,0.0612812,0.868978,0.0612812,136.492
750,105.5,80,0.0612502,0.869047,0.0612502,136.51
750,105.5,80,0.061218,0.869118,0.061218,136.501
750,105.5,80,0.0611857,0.869194,0.0611857,136.501
750,105.5,80,0.06112,0.869291,0.06112,136.377
750,105.5,80,0.0610883,0.86936,0.0610883,136.372
750,105.5,80,0.0610566,0.869434,0.0610566,136.389
750,105.5,80,0.0610265,0.869505,0.0610265,136.402
750,105.5,80,0.060952,0.869595,0.060952,136.176
750,105.5,80,0.0609198,0.869666,0.0609198,136.196
750,105.5,80,0.0608881,0.869739,0.0608881,136.231
750,105.5,80,0.0608238,0.86984,0.0608238,136.157
750,105.5,80,0.0607932,0.869918,0.0607932,136.206
750,105.5,80,0.0607627,0.869991,0.0607627,136.238
750,105.5,80,0.0606968,0.870083,0.0606968,136.125
750,105.5,80,0.0606651,0.870151,0.0606651,136.131
750,105.5,80,0.0606346,0.870224,0.0606346,136.159
750,105.5,80,0.0605712,0.87032,0.0605712,136.08
750,105.5,80,0.0605411,0.870394,0.0605411,136.109
750,105.5,80,0.0605109,0.870468,0.0605109,136.182
750,105.5,80,0.0604456,0.870565,0.0604456,136.061
750,105.5,80,0.0604138,0.870633,0.0604138,136.046
750,105.5,80,0.0603459,0.870741,0.0603459,135.939
750,105.5,80,0.0603126,0.870811,0.0603126,135.953
750,105.5,80,0.0602793,0.870893,0.0602793,135.994
750,105.5,80,0.0602094,0.870983,0.0602094,135.844
750,105.5,80,0.0601765,0.871053,0.0601765,135.86
750,105.5,80,0.0601434,0.871124,0.0601434,135.873
750,105.5,80,0.0600758,0.871228,0.0600758,135.776
750,105.5,80,0.0600427,0.871299,0.0600427,135.818
750,105.5,80,0.0600097,0.871372,0.0600097,135.838
750,105.5,80,0.0599424,0.871465,0.0599424,135.734
750,105.5,80,0.059911,0.871533,0.059911,135.741
750,105.5,80,0.0598511,0.871625,0.0598511,135.647
750,105.5,80,0.059818,0.871704,0.059818,135.714
750,105.5,80,0.0597872,0.871771,0.0597872,135.726
750,105.5,80,0.0597561,0.871849,0.0597561,135.766
750,105.5,80,0.0596928,0.871942,0.0596928,135.665
750,105.5,80,0.059658,0.872008,0.059658,135.64
750,105.5,80,0.0596258,0.87208,0.0596258,135.666
750,105.5,80,0.0595943,0.87215,0.0595943,135.676
750,105.5,80,0.0595268,0.872241,0.0595268,135.558
750,105.5,80,0.0594941,0.872315,0.0594941,135.566
750,105.5,80,0.0594619,0.872383,0.0594619,135.56
750,105.5,80,0.0593938,0.872479,0.0593938,135.458
750,105.5,80,0.0593617,0.872544,0.0593617,135.449
750,105.5,80,0.059331,0.872623,0.059331,135.494
750,105.5,80,0.0592653,0.872717,0.0592653,135.367
750,105.5,80,0.0592341,0.872792,0.0592341,135.389
750,105.5,80,0.0591722,0.872872,0.0591722,135.223
750,105.5,80,0.0591381,0.872952,0.0591381,135.286
750,105.5,80,0.0591063,0.87302,0.0591063,135.294
750,105.5,80,0.0590742,0.873094,0.0590742,135.324
750,105.5,80,0.0590047,0.873181,0.0590047,135.169
750,105.5,80,0.0589709,0.873252,0.0589709,135.177
750,105.5,80,0.0589374,0.873317,0.0589374,135.172
750,105.5,80,0.0588648,0.873424,0.0588648,135.063
750,105.5,80,0.0588301,0.87349,0.0588301,135.071
750,105.5,80,0.0587957,0.873563,0.0587957,135.086
750,105.5,80,0.0587251,0.873658,0.0587251,134.958
750,105.5,80,0.0586907,0.873732,0.0586907,134.985
750,105.5,80,0.058622,0.873827,0.058622,134.874
750,105.5,80,0.0585896,0.873895,0.0585896,134.942
750,105.5,80,0.0585569,0.873961,0.0585569,134.971
750,105.5,80,0.0585239,0.874029,0.0585239,135.008
750,105.5,80,0.0584549,0.874124,0.0584549,134.97
750,105.5,80,0.0584213,0.874194,0.0584213,134.986
750,105.5,80,0.0583564,0.874301,0.0583564,134.923
750,105.5,80,0.0583203,0.874372,0.0583203,134.939
750,105.5,80,0.058287,0.874441,0.058287,134.954
750,105.5,80,0.0582174,0.874533,0.0582174,134.856
750,105.5,80,0.0581788,0.874599,0.0581788,134.796
750,105.5,80,0.0581436,0.87467,0.0581436,134.807
750,105.5,80,0.0581095,0.874735,0.0581095,134.839
750,105.5,80,0.0580408,0.874824,0.0580408,134.689
750,105.5,80,0.0580038,0.874891,0.0580038,134.669
750,105.5,80,0.0579709,0.874965,0.0579709,134.718
750,105.5,80,0.057905,0.875051,0.057905,134.628
750,105.5,80,0.0578718,0.875119,0.0578718,134.644
750,105.5,80,0.0578362,0.875192,0.0578362,134.66
750,105.5,80,0.057768,0.875286,0.057768,134.452
750,105.5,80,0.0577307,0.875352,0.0577307,134.477
750,105.5,80,0.0576976,0.875424,0.0576976,134.511
750,105.5,80,0.0576305,0.875516,0.0576305,134.424
750,105.5,80,0.0575962,0.875589,0.0575962,134.438
750,105.5,80,0.0575591,0.875656,0.0575591,134.418
750,105.5,80,0.0574886,0.875747,0.0574886,134.294
750,105.5,80,0.0574538,0.875811,0.0574538,134.276
750,105.5,80,0.0573828,0.8759,0.0573828,134.135
750,105.5,80,0.0573489,0.875973,0.0573489,134.204
750,105.5,80,0.0573146,0.876039,0.0573146,134.216
750,105.5,80,0.0572772,0.876101,0.0572772,134.182
750,105.5,80,0.0572438,0.87617,0.0572438,134.221
750,105.5,80,0.0571749,0.876257,0.0571749,134.111
750,105.5,80,0.0571385,0.876322,0.0571385,134.098
750,105.5,80,0.0571053,0.876384,0.0571053,134.102
750,105.5,80,0.0570713,0.876456,0.0570713,134.143
750,105.5,80,0.0570039,0.87653,0.0570039,133.965
750,105.5,80,0.0569664,0.876603,0.0569664,133.978
750,105.5,80,0.0569319,0.876669,0.0569319,133.995
750,105.5,80,0.0568629,0.876774,0.0568629,133.918
750,105.5,80,0.0568252,0.876837,0.0568252,133.9
750,105.5,80,0.0567903,0.876911,0.0567903,133.934
750,105.5,80,0.0567187,0.876997,0.0567187,133.795
750,105.5,80,0.0566843,0.877066,0.0566843,133.811
750,105.5,80,0.05665,0.877139,0.05665,133.832
750,105.5,80,0.0565783,0.877225,0.0565783,133.679
750,105.5,80,0.0565434,0.877287,0.0565434,133.669
750,105.5,80,0.0565086,0.87736,0.0565086,133.695
750,105.5,80,0.0564402,0.877434,0.0564402,133.517
750,105.5,80,0.0564045,0.877509,0.0564045,133.562
750,105.5,80,0.0563723,0.877574,0.0563723,133.591
750,105.5,80,0.0563387,0.877641,0.0563387,133.598
750,105.5,80,0.0563046,0.877707,0.0563046,133.619
750,105.5,80,0.0562338,0.877786,0.0562338,133.411
750,105.5,80,0.0562006,0.87785,0.0562006,133.43
750,105.5,80,0.0561683,0.877921,0.0561683,133.463
750,105.5,80,0.0561011,0.878015,0.0561011,133.358
750,105.5,80,0.0560681,0.87808,0.0560681,133.382
750,105.5,80,0.0560344,0.87815,0.0560344,133.415
750,105.5,80,0.0559645,0.878239,0.0559645,133.299
750,105.5,80,0.055924,0.878304,0.055924,133.269
750,105.5,80,0.0558537,0.878387,0.0558537,133.118
750,105.5,80,0.0558188,0.878463,0.0558188,133.204
750,105.5,80,0.0557846,0.878531,0.0557846,133.239
750,105.5,80,0.0557554,0.878598,0.0557554,133.299
750,105.5,80,0.0556795,0.878682,0.0556795,133.135
750,105.5,80,0.0556457,0.878744,0.0556457,133.143
750,105.5,80,0.0556114,0.878817,0.0556114,133.196
750,105.5,80,0.0555406,0.878901,0.0555406,133.075
750,105.5,80,0.055507,0.878966,0.055507,133.103
750,105.5,80,0.0554738,0.879029,0.0554738,133.123
750,105.5,80,0.0554419,0.879098,0.0554419,133.18
750,105.5,80,0.0553737,0.879183,0.0553737,133.074
750,105.5,80,0.0553402,0.879252,0.0553402,133.102
750,105.5,80,0.0552684,0.879348,0.0552684,132.998
750,105.5,80,0.0552656,0.879422,0.0552656,133.282
750,105.5,80,0.0551968,0.879493,0.0551968,133.038
750,105.5,80,0.055163,0.879566,0.055163,133.143
750,105.5,80,0.0551256,0.879623,0.0551256,133.079
750,105.5,80,0.0550913,0.879681,0.0550913,133.074
750,105.5,80,0.0550566,0.879736,0.0550566,133.047
750,105.5,80,0.0550189,0.879794,0.0550189,133.004
750,105.5,80,0.0549834,0.879849,0.0549834,132.969
750,105.5,80,0.0549482,0.879908,0.0549482,132.962
750,105.5,80,0.0549143,0.879963,0.0549143,132.944
750,105.5,80,0.0548786,0.880023,0.0548786,132.92
750,105.5,80,0.0548453,0.880078,0.0548453,132.941
750,105.5,80,0.0548123,0.880133,0.0548123,132.915
750,105.5,80,0.0547793,0.880194,0.0547793,132.911
750,105.5,80,0.0547468,0.88025,0.0547468,132.879
750,105.5,80,0.0547112,0.880305,0.0547112,132.83
750,105.5,80,0.0546456,0.880374,0.0546456,132.626
750,105.5,80,0.0546127,0.880441,0.0546127,132.668
750,105.5,80,0.0545759,0.880498,0.0545759,132.639
750,105.5,80,0.0545418,0.880553,0.0545418,132.627
750,105.5,80,0.0545081,0.880612,0.0545081,132.646
750,105.5,80,0.0544721,0.880666,0.0544721,132.6
750,105.5,80,0.0544383,0.880721,0.0544383,132.585
750,105.5,80,0.0544044,0.880777,0.0544044,132.582
750,105.5,80,0.0543702,0.880833,0.0543702,132.57
750,105.5,80,0.0543365,0.880889,0.0543365,132.539
750,105.5,80,0.0542992,0.880949,0.0542992,132.521
750,105.5,80,0.0542651,0.881011,0.0542651,132.533
750,105.5,80,0.0541992,0.881077,0.0541992,132.338
750,105.5,80,0.0541647,0.881152,0.0541647,132.402
750,105.5,80,0.0541328,0.881216,0.0541328,132.443
750,105.5,80,0.0540995,0.881282,0.0540995,132.472
750,105.5,80,0.0540331,0.881367,0.0540331,132.409
750,105.5,80,0.0539961,0.881425,0.0539961,132.371
750,105.5,80,0.0539623,0.881485,0.0539623,132.401
750,105.5,80,0.053929,0.88155,0.053929,132.434
750,105.5,80,0.0538622,0.881634,0.0538622,132.367
750,105.5,80,0.0538244,0.881695,0.0538244,132.346
750,105.5,80,0.0537894,0.881762,0.0537894,132.357
750,105.5,80,0.0537541,0.881824,0.0537541,132.335
750,105.5,80,0.0536796,0.881903,0.0536796,132.18
750,105.5,80,0.0536438,0.881964,0.0536438,132.155
750,105.5,80,0.0536089,0.882031,0.0536089,132.177
750,105.5,80,0.0535362,0.882117,0.0535362,132.074
750,105.5,80,0.0535028,0.882183,0.0535028,132.091
750,105.5,80,0.0534691,0.882248,0.0534691,132.108
750,105.5,80,0.0533996,0.882332,0.0533996,132.034
750,105.5,80,0.0533664,0.882391,0.0533664,132.024
750,105.5,80,0.0533321,0.88246,0.0533321,132.05
750,105.5,80,0.0532642,0.882548,0.0532642,131.963
750,105.5,80,0.0532277,0.882621,0.0532277,131.968
750,105.5,80,0.0531617,0.882701,0.0531617,131.843
750,105.5,80,0.0531243,0.882764,0.0531243,131.817
750,105.5,80,0.0530896,0.882829,0.0530896,131.82
750,105.5,80,0.0530183,0.882917,0.0530183,131.72
750,105.5,80,0.0529828,0.882979,0.0529828,131.723
750,105.5,80,0.0529447,0.883045,0.0529447,131.723
750,105.5,80,0.0528742,0.883127,0.0528742,131.615
750,105.5,80,0.0528388,0.88319,0.0528388,131.633
750,105.5,80,0.0527997,0.883257,0.0527997,131.638
750,105.5,80,0.0527285,0.883339,0.0527285,131.542
750,105.5,80,0.052693,0.883415,0.052693,131.603
750,105.5,80,0.0526187,0.883493,0.0526187,131.459
750,105.5,80,0.052583,0.883551,0.052583,131.456
750,105.5,80,0.0525439,0.883611,0.0525439,131.458
750,105.5,80,0.0524727,0.883702,0.0524727,131.367
750,105.5,80,0.0524372,0.883764,0.0524372,131.416
750,105.5,80,0.0523973,0.883824,0.0523973,131.4
750,105.5,80,0.0523613,0.883888,0.0523613,131.423
750,105.5,80,0.0522892,0.883969,0.0522892,131.314
750,105.5,80,0.0522533,0.884028,0.0522533,131.304
750,105.5,80,0.0521803,0.884106,0.0521803,131.138
750,105.5,80,0.0521449,0.884176,0.0521449,131.22
750,105.5,80,0.0521085,0.884234,0.0521085,131.198
750,105.5,80,0.0520715,0.8843,0.0520715,131.241
750,105.5,80,0.0520003,0.884379,0.0520003,131.11
750,105.5,80,0.0519657,0.88444,0.0519657,131.127
750,105.5,80,0.0519281,0.884498,0.0519281,131.097
750,105.5,80,0.0518948,0.88456,0.0518948,131.126
750,105.5,80,0.0518253,0.884625,0.0518253,130.941
750,105.5,80,0.051787,0.884695,0.051787,130.977
750,105.5,80,0.0517535,0.884754,0.0517535,130.994
750,105.5,80,0.0516872,0.884846,0.0516872,130.927
750,105.5,80,0.051653,0.884905,0.051653,130.973
750,105.5,80,0.0516169,0.884966,0.0516169,130.985
750,105.5,80,0.0515831,0.885024,0.0515831,130.991
750,105.5,80,0.0515117,0.885109,0.0515117,130.818
750,105.5,80,0.0514771,0.885166,0.0514771,130.818
750,105.5,80,0.0514427,0.885228,0.0514427,130.854
750,105.5,80,0.0513719,0.885314,0.0513719,130.798
750,105.5,80,0.0513338,0.885382,0.0513338,130.796
750,105.5,80,0.0512991,0.885442,0.0512991,130.798
750,105.5,80,0.0512296,0.885516,0.0512296,130.695
750,105.5,80,0.0511923,0.885573,0.0511923,130.663
750,105.5,80,0.0511582,0.885632,0.0511582,130.686
750,105.5,80,0.0511232,0.885691,0.0511232,130.686
750,105.5,80,0.0510538,0.885769,0.0510538,130.58
750,105.5,80,0.0510168,0.885825,0.0510168,130.536
750,105.5,80,0.0509834,0.885887,0.0509834,130.549
750,105.5,80,0.0509503,0.885946,0.0509503,130.562
750,105.5,80,0.0508815,0.886028,0.0508815,130.466
750,105.5,80,0.0508469,0.886091,0.0508469,130.472
750,105.5,80,0.0508112,0.886152,0.0508112,130.47
750,105.5,80,0.0507393,0.88623,0.0507393,130.341
750,105.5,80,0.0507044,0.886296,0.0507044,130.361
750,105.5,80,0.050635,0.886378,0.050635,130.232
750,105.5,80,0.050596,0.886439,0.050596,130.232
750,105.5,80,0.0505605,0.886504,0.0505605,130.253
750,105.5,80,0.0504892,0.886582,0.0504892,130.119
750,105.5,80,0.0504522,0.886658,0.0504522,130.167
750,105.5,80,0.0503828,0.886736,0.0503828,130.039
750,105.5,80,0.0503479,0.886789,0.0503479,130.032
750,105.5,80,0.0503113,0.886855,0.0503113,130.064
750,105.5,80,0.0502434,0.886935,0.0502434,129.955
750,105.5,80,0.0502094,0.886997,0.0502094,129.99
750,105.5,80,0.0501393,0.887069,0.0501393,129.82
750,105.5,80,0.050105,0.887137,0.050105,129.907
750,105.5,80,0.050071,0.887192,0.050071,129.899
750,105.5,80,0.0500341,0.887258,0.0500341,129.927
750,105.5,80,0.0499668,0.887335,0.0499668,129.806
750,105.5,80,0.0499324,0.887396,0.0499324,129.825
750,105.5,80,0.0498985,0.887455,0.0498985,129.857
750,105.5,80,0.0498257,0.887536,0.0498257,129.762
750,105.5,80,0.0497917,0.88759,0.0497917,129.756
750,105.5,80,0.0497598,0.887653,0.0497598,129.825
750,105.5,80,0.0496904,0.887732,0.0496904,129.714
750,105.5,80,0.0496571,0.88779,0.0496571,129.722
750,105.5,80,0.0496237,0.887848,0.0496237,129.736
750,105.5,80,0.0495543,0.887931,0.0495543,129.607
750,105.5,80,0.0495216,0.887986,0.0495216,129.62
750,105.5,80,0.0494885,0.888049,0.0494885,129.66
750,105.5,80,0.0494191,0.888116,0.0494191,129.472
750,105.5,80,0.0493858,0.888183,0.0493858,129.53
750,105.5,80,0.0493525,0.88824,0.0493525,129.537
750,105.5,80,0.0493152,0.888298,0.0493152,129.518
750,105.5,80,0.0492384,0.88836,0.0492384,129.263
750,105.5,80,0.0491948,0.888425,0.0491948,129.28
750,105.5,80,0.0491673,0.888483,0.0491673,129.369
750,105.5,80,0.0490925,0.888573,0.0490925,129.278
750,105.5,80,0.0490596,0.888629,0.0490596,129.356
750,105.5,80,0.049024,0.88869,0.049024,129.399
750,105.5,80,0.0489596,0.888763,0.0489596,129.358
750,105.5,80,0.0489252,0.888821,0.0489252,129.38
750,105.5,80,0.0488928,0.888881,0.0488928,129.429
750,105.5,80,0.0488288,0.888963,0.0488288,129.342
750,105.5,80,0.0487941,0.889016,0.0487941,129.372
750,105.5,80,0.0487634,0.889079,0.0487634,129.444
750,105.5,80,0.0487001,0.889142,0.0487001,129.32
750,105.5,80,0.0487068,0.889207,0.0487068,129.637
750,105.5,80,0.0486328,0.889262,0.0486328,129.259
750,105.5,80,0.0485998,0.889322,0.0485998,129.296
750,105.5,80,0.0485678,0.889376,0.0485678,129.368
750,105.5,80,0.0485017,0.889447,0.0485017,129.206
750,105.5,80,0.0484657,0.889499,0.0484657,129.165
750,105.5,80,0.0484714,0.889555,0.0484714,129.476
750,105.5,80,0.048438,0.889614,0.048438,129.442
750,105.5,80,0.0483703,0.889689,0.0483703,129.324
750,105.5,80,0.0483328,0.889746,0.0483328,129.249
750,105.5,80,0.0482989,0.889809,0.0482989,129.252
750,105.5,80,0.0482285,0.889885,0.0482285,129.136
750,105.5,80,0.0481949,0.889941,0.0481949,129.111
750,105.5,80,0.0481601,0.89,0.0481601,129.103
750,105.5,80,0.0480901,0.890078,0.0480901,129.034
750,105.5,80,0.0480532,0.890133,0.0480532,128.988
750,105.5,80,0.048019,0.890194,0.048019,129.011
750,105.5,80,0.0479497,0.890268,0.0479497,128.949
750,105.5,80,0.0479124,0.890323,0.0479124,128.912
750,105.5,80,0.047843,0.890408,0.047843,128.815
750,105.5,80,0.0478091,0.890463,0.0478091,128.863
750,105.5,80,0.0477725,0.890522,0.0477725,128.86
750,105.5,80,0.0477031,0.890598,0.0477031,128.716
750,105.5,80,0.0476678,0.890654,0.0476678,128.755
750,105.5,80,0.0475959,0.890727,0.0475959,128.582
750,105.5,80,0.0475621,0.890792,0.0475621,128.676
750,105.5,80,0.0475288,0.890847,0.0475288,128.672
750,105.5,80,0.0474934,0.890909,0.0474934,128.685
750,105.5,80,0.0474264,0.890983,0.0474264,128.588
750,105.5,80,0.0473928,0.891035,0.0473928,128.565
750,105.5,80,0.0473231,0.89112,0.0473231,128.466
750,105.5,80,0.0472905,0.891175,0.0472905,128.505
750,105.5,80,0.0472577,0.891239,0.0472577,128.549
750,105.5,80,0.0471905,0.891313,0.0471905,128.493
750,105.5,80,0.0471575,0.891377,0.0471575,128.498
750,105.5,80,0.0470895,0.89145,0.0470895,128.397
750,105.5,80,0.0470562,0.891505,0.0470562,128.383
750,105.5,80,0.0470221,0.891562,0.0470221,128.393
750,105.5,80,0.0469884,0.891617,0.0469884,128.415
750,105.5,80,0.0469177,0.891683,0.0469177,128.314
750,105.5,80,0.0468839,0.891741,0.0468839,128.329
750,105.5,80,0.0468501,0.891792,0.0468501,128.326
750,105.5,80,0.0467807,0.891876,0.0467807,128.256
750,105.5,80,0.0467466,0.891927,0.0467466,128.283
750,105.5,80,0.0467118,0.891988,0.0467118,128.302
750,105.5,80,0.046639,0.89206,0.046639,128.196
750,105.5,80,0.0466053,0.892115,0.0466053,128.172
750,105.5,80,0.0465369,0.892196,0.0465369,128.082
750,105.5,80,0.0465031,0.892251,0.0465031,128.12
750,105.5,80,0.0464697,0.892303,0.0464697,128.113
750,105.5,80,0.0464349,0.892358,0.0464349,128.116
750,105.5,80,0.0463614,0.892431,0.0463614,128.016
750,105.5,80,0.0463271,0.892489,0.0463271,128
750,105.5,80,0.046292,0.892543,0.046292,127.98
750,105.5,80,0.0462186,0.892616,0.0462186,127.879
750,105.5,80,0.0461835,0.89268,0.0461835,127.888
750,105.5,80,0.0461136,0.892755,0.0461136,127.726
750,105.5,80,0.0460756,0.892807,0.0460756,127.727
750,105.5,80,0.0460113,0.892893,0.0460113,127.67
750,105.5,80,0.0459776,0.892944,0.0459776,127.689
750,105.5,80,0.0459418,0.893005,0.0459418,127.714
750,105.5,80,0.0458767,0.893078,0.0458767,127.636
750,105.5,80,0.0458449,0.89313,0.0458449,127.634
750,105.5,80,0.0457776,0.893199,0.0457776,127.495
750,105.5,80,0.0457455,0.893261,0.0457455,127.575
750,105.5,80,0.0457126,0.893311,0.0457126,127.547
750,105.5,80,0.0456761,0.893365,0.0456761,127.545
750,105.5,80,0.0456103,0.89343,0.0456103,127.348
750,105.5,80,0.0455728,0.893489,0.0455728,127.398
750,105.5,80,0.045538,0.893539,0.045538,127.408
750,105.5,80,0.0455026,0.893599,0.0455026,127.439
750,105.5,80,0.0454323,0.893657,0.0454323,127.261
750,105.5,80,0.0453947,0.893716,0.0453947,127.276
750,105.5,80,0.0453611,0.893766,0.0453611,127.269
750,105.5,80,0.0453277,0.89382,0.0453277,127.288
750,105.5,80,0.0452578,0.893882,0.0452578,127.036
750,105.5,80,0.0452232,0.893942,0.0452232,127.194
750,105.5,80,0.0451884,0.893991,0.0451884,127.168
750,105.5,80,0.0451541,0.894043,0.0451541,127.039
750,105.5,80,0.0451162,0.894098,0.0451162,127.043
750,105.5,80,0.0450474,0.894168,0.0450474,126.98
750,105.5,80,0.045013,0.894218,0.045013,126.982
750,105.5,80,0.0449789,0.894276,0.0449789,127.043
750,105.5,80,0.044905,0.894336,0.044905,126.867
750,105.5,80,0.0448696,0.894393,0.0448696,126.915
750,105.5,80,0.0448338,0.894444,0.0448338,126.912
750,105.5,80,0.0447607,0.894523,0.0447607,126.805
750,105.5,80,0.0447271,0.894574,0.0447271,126.855
750,105.5,80,0.0446935,0.894628,0.0446935,126.873
750,105.5,80,0.044657,0.894681,0.044657,126.853
750,105.5,80,0.0445925,0.89475,0.0445925,126.787
750,105.5,80,0.0445596,0.8948,0.0445596,126.784
750,105.5,80,0.0444893,0.894869,0.0444893,126.633
750,105.5,80,0.044456,0.894927,0.044456,126.718
750,105.5,80,0.0444226,0.894987,0.0444226,126.755
750,105.5,80,0.0443535,0.895047,0.0443535,126.534
750,105.5,80,0.04432,0.895104,0.04432,126.606
750,105.5,80,0.0442855,0.895153,0.0442855,126.594
750,105.5,80,0.0442118,0.895233,0.0442118,126.468
750,105.5,80,0.0441773,0.895284,0.0441773,126.454
750,105.5,80,0.0441419,0.895338,0.0441419,126.518
750,105.5,80,0.0441068,0.895387,0.0441068,126.491
750,105.5,80,0.0440344,0.895457,0.0440344,126.394
750,105.5,80,0.0439998,0.895512,0.0439998,126.402
750,105.5,80,0.0439301,0.895572,0.0439301,126.2
750,105.5,80,0.0438921,0.895632,0.0438921,126.274
750,105.5,80,0.043857,0.895683,0.043857,126.274
750,105.5,80,0.0438218,0.895735,0.0438218,126.265
750,105.5,80,0.0437506,0.895806,0.0437506,126.16
750,105.5,80,0.0437153,0.895858,0.0437153,126.149
750,105.5,80,0.0436786,0.895914,0.0436786,126.177
750,105.5,80,0.0436103,0.895983,0.0436103,126.1
750,105.5,80,0.0435724,0.896046,0.0435724,126.134
750,105.5,80,0.0435031,0.896112,0.0435031,126.026
750,105.5,80,0.0434654,0.896164,0.0434654,126.009
750,105.5,80,0.0434311,0.896216,0.0434311,126.038
750,105.5,80,0.043362,0.896284,0.043362,125.943
750,105.5,80,0.0433281,0.896332,0.0433281,125.929
750,105.5,80,0.0432902,0.896384,0.0432902,125.945
750,105.5,80,0.0432548,0.896433,0.0432548,125.946
750,105.5,80,0.0431858,0.896499,0.0431858,125.881
750,105.5,80,0.0431487,0.896548,0.0431487,125.868
750,105.5,80,0.0431149,0.896597,0.0431149,125.884
750,105.5,80,0.0430718,0.89665,0.0430718,125.842
750,105.5,80,0.0429987,0.896714,0.0429987,125.713
750,105.5,80,0.0429632,0.896761,0.0429632,125.705
750,105.5,80,0.0428944,0.896828,0.0428944,125.57
750,105.5,80,0.0428569,0.896889,0.0428569,125.643
750,105.5,80,0.0428229,0.89694,0.0428229,125.656
750,105.5,80,0.0427885,0.896992,0.0427885,125.665
750,105.5,80,0.0427198,0.897058,0.0427198,125.593
750,105.5,80,0.0426817,0.897104,0.0426817,125.54
750,105.5,80,0.0426458,0.897155,0.0426458,125.557
750,105.5,80,0.042611,0.897204,0.042611,125.564
750,105.5,80,0.0425366,0.897271,0.0425366,125.475
750,105.5,80,0.0425015,0.897317,0.0425015,125.447
750,105.5,80,0.0424605,0.897372,0.0424605,125.439
750,105.5,80,0.0423865,0.89744,0.0423865,125.341
750,105.5,80,0.0423508,0.897487,0.0423508,125.32
750,105.5,80,0.0423162,0.897535,0.0423162,125.336
750,105.5,80,0.0422778,0.897583,0.0422778,125.315
750,105.5,80,0.0422092,0.897649,0.0422092,125.262
750,105.5,80,0.0421769,0.8977,0.0421769,125.289
750,105.5,80,0.0421412,0.897748,0.0421412,125.287
750,105.5,80,0.0421082,0.897798,0.0421082,125.305
750,105.5,80,0.0420403,0.897861,0.0420403,125.18
750,105.5,80,0.0420058,0.897907,0.0420058,125.147
750,105.5,80,0.0419677,0.897954,0.0419677,125.11
750,105.5,80,0.0419327,0.898006,0.0419327,125.105
750,105.5,80,0.0418635,0.89807,0.0418635,124.974
750,105.5,80,0.0418252,0.898116,0.0418252,124.926
750,105.5,80,0.0417898,0.898163,0.0417898,124.921
750,105.5,80,0.0417549,0.898213,0.0417549,124.93
750,105.5,80,0.0417256,0.898276,0.0417256,125.068
750,105.5,80,0.0416876,0.898325,0.0416876,125.006
750,105.5,80,0.0416543,0.89837,0.0416543,124.991
750,105.5,80,0.0416204,0.898421,0.0416204,124.997
750,105.5,80,0.041551,0.898473,0.041551,124.799
750,105.5,80,0.0415186,0.898526,0.0415186,124.837
750,105.5,80,0.0414847,0.898572,0.0414847,124.822
750,105.5,80,0.0414508,0.89862,0.0414508,124.833
750,105.5,80,0.041379,0.898682,0.041379,124.671
750,105.5,80,0.0413437,0.898736,0.0413437,124.76
750,105.5,80,0.0413086,0.898784,0.0413086,124.761
750,105.5,80,0.0412705,0.898835,0.0412705,124.776
750,105.5,80,0.0412002,0.898901,0.0412002,124.706
750,105.5,80,0.0411652,0.898946,0.0411652,124.684
750,105.5,80,0.0411267,0.898994,0.0411267,124.662
750,105.5,80,0.0410915,0.899043,0.0410915,124.654
750,105.5,80,0.0410206,0.899108,0.0410206,124.565
750,105.5,80,0.0409863,0.899156,0.0409863,124.552
750,105.5,80,0.04095,0.899206,0.04095,124.546
750,105.5,80,0.0408832,0.899272,0.0408832,124.461
750,105.5,80,0.0408496,0.899315,0.0408496,124.426
750,105.5,80,0.0408128,0.899367,0.0408128,124.425
750,105.5,80,0.0407444,0.899419,0.0407444,124.188
750,105.5,80,0.0407106,0.899473,0.0407106,124.302
750,105.5,80,0.0406738,0.899521,0.0406738,124.277
750,105.5,80,0.040605,0.89958,0.040605,124.106
750,105.5,80,0.04057,0.899635,0.04057,124.18
750,105.5,80,0.0405319,0.899681,0.0405319,124.135
750,105.5,80,0.0404961,0.899731,0.0404961,124.133
750,105.5,80,0.0404256,0.899794,0.0404256,124.031
750,105.5,80,0.0403876,0.89984,0.0403876,124.04
750,105.5,80,0.0403187,0.899915,0.0403187,123.958
750,105.5,80,0.0402816,0.89996,0.0402816,123.941
750,105.5,80,0.0402483,0.900007,0.0402483,124.039
750,105.5,80,0.0402142,0.900057,0.0402142,124.062
750,105.5,80,0.0401428,0.90012,0.0401428,123.98
750,105.5,80,0.0401085,0.900162,0.0401085,123.953
750,105.5,80,0.0400732,0.900209,0.0400732,123.968
750,105.5,80,0.0400382,0.900255,0.0400382,123.961
750,105.5,80,0.0399671,0.900319,0.0399671,123.894
750,105.5,80,0.0399326,0.900362,0.0399326,123.863
750,105.5,80,0.0398976,0.90041,0.0398976,123.878
750,105.5,80,0.039863,0.900453,0.039863,123.821
750,105.5,80,0.0397897,0.900518,0.0397897,123.809
750,105.5,80,0.0397547,0.900561,0.0397547,123.776
750,105.5,80,0.0397171,0.900606,0.0397171,123.774
750,105.5,80,0.0396835,0.900655,0.0396835,123.798
750,105.5,80,0.0396182,0.900717,0.0396182,123.746
750,105.5,80,0.039581,0.900764,0.039581,123.713
750,105.5,80,0.0395128,0.900836,0.0395128,123.623
750,105.5,80,0.0394784,0.900881,0.0394784,123.634
750,105.5,80,0.0394446,0.900927,0.0394446,123.657
750,105.5,80,0.039408,0.900971,0.039408,123.686
750,105.5,80,0.0393399,0.901033,0.0393399,123.539
750,105.5,80,0.0393063,0.901077,0.0393063,123.528
750,105.5,80,0.0392704,0.901127,0.0392704,123.557
750,105.5,80,0.0392038,0.901185,0.0392038,123.479
750,105.5,80,0.0391708,0.90123,0.0391708,123.486
750,105.5,80,0.0391337,0.901273,0.0391337,123.475
750,105.5,80,0.0390991,0.901321,0.0390991,123.506
750,105.5,80,0.0390314,0.901384,0.0390314,123.461
750,105.5,80,0.0389945,0.901431,0.0389945,123.438
750,105.5,80,0.0389606,0.901479,0.0389606,123.454
750,105.5,80,0.0388915,0.90154,0.0388915,123.371
750,105.5,80,0.0388522,0.901585,0.0388522,123.317
750,105.5,80,0.0387811,0.901654,0.0387811,123.211
750,105.5,80,0.0387467,0.901701,0.0387467,123.177
750,105.5,80,0.0387107,0.901753,0.0387107,123.218
750,105.5,80,0.0386413,0.901811,0.0386413,123.152
750,105.5,80,0.0386067,0.901857,0.0386067,123.148
750,105.5,80,0.0385727,0.901903,0.0385727,123.167
750,105.5,80,0.0385013,0.901966,0.0385013,123.133
750,105.5,80,0.0384682,0.90201,0.0384682,123.123
750,105.5,80,0.0384355,0.902059,0.0384355,123.154
750,105.5,80,0.0383651,0.902117,0.0383651,123.074
750,105.5,80,0.0383306,0.902161,0.0383306,123.058
750,105.5,80,0.0382965,0.902208,0.0382965,123.077
750,105.5,80,0.0382217,0.902271,0.0382217,123.028
750,105.5,80,0.0381858,0.902312,0.0381858,122.964
750,105.5,80,0.0381497,0.902358,0.0381497,122.986
750,105.5,80,0.038114,0.902401,0.038114,122.975
750,105.5,80,0.0380385,0.902461,0.0380385,122.91
750,105.5,80,0.0380046,0.902503,0.0380046,122.875
750,105.5,80,0.0379677,0.902548,0.0379677,122.889
750,105.5,80,0.0379335,0.902592,0.0379335,122.88
750,105.5,80,0.0378594,0.902651,0.0378594,122.817
750,105.5,80,0.0378238,0.902696,0.0378238,122.787
750,105.5,80,0.037752,0.90275,0.037752,122.599
750,105.5,80,0.0377181,0.902801,0.0377181,122.723
750,105.5,80,0.0376837,0.902842,0.0376837,122.686
750,105.5,80,0.0376491,0.902879,0.0376491,122.657
750,105.5,80,0.0376097,0.902921,0.0376097,122.616
750,105.5,80,0.0375743,0.902959,0.0375743,122.573
750,105.5,80,0.0375382,0.903,0.0375382,122.551
750,105.5,80,0.0374672,0.903061,0.0374672,122.421
750,105.5,80,0.0374283,0.903107,0.0374283,122.454
750,105.5,80,0.0373928,0.903145,0.0373928,122.405
750,105.5,80,0.0373565,0.903182,0.0373565,122.372
750,105.5,80,0.0373173,0.90322,0.0373173,122.324
750,105.5,80,0.0372725,0.903259,0.0372725,122.244
750,105.5,80,0.0372384,0.903299,0.0372384,122.258
750,105.5,80,0.0372042,0.903336,0.0372042,122.214
750,105.5,80,0.0371328,0.903386,0.0371328,122.199
750,105.5,80,0.0370998,0.903436,0.0370998,122.25
750,105.5,80,0.0370658,0.903473,0.0370658,122.225
750,105.5,80,0.0370321,0.903512,0.0370321,122.231
750,105.5,80,0.036995,0.90355,0.036995,122.187
750,105.5,80,0.0369612,0.903589,0.0369612,122.201
750,105.5,80,0.036926,0.903627,0.036926,122.176
750,105.5,80,0.0368907,0.903668,0.0368907,122.193
750,105.5,80,0.0368516,0.90371,0.0368516,122.16
750,105.5,80,0.0367812,0.903767,0.0367812,122.122
750,105.5,80,0.0367419,0.903809,0.0367419,122.063
750,105.5,80,0.0367059,0.90385,0.0367059,122.055
750,105.5,80,0.0366703,0.903891,0.0366703,122.048
750,105.5,80,0.0365967,0.90394,0.0365967,121.913
750,105.5,80,0.0365574,0.903988,0.0365574,121.915
750,105.5,80,0.0365226,0.90403,0.0365226,121.897
750,105.5,80,0.036488,0.904072,0.036488,121.892
750,105.5,80,0.0364159,0.904132,0.0364159,121.751
750,105.5,80,0.0363812,0.904172,0.0363812,121.792
750,105.5,80,0.0363458,0.904217,0.0363458,121.791
750,105.5,80,0.0363101,0.904257,0.0363101,121.752
750,105.5,80,0.036238,0.904313,0.036238,121.667
750,105.5,80,0.0362033,0.904354,0.0362033,121.63
750,105.5,80,0.0361308,0.904421,0.0361308,121.518
750,105.5,80,0.0360962,0.904463,0.0360962,121.545
750,105.5,80,0.0360608,0.904513,0.0360608,121.568
750,105.5,80,0.0359893,0.904568,0.0359893,121.444
750,105.5,80,0.0359518,0.904609,0.0359518,121.415
750,105.5,80,0.0359169,0.904654,0.0359169,121.44
750,105.5,80,0.0358478,0.904711,0.0358478,121.388
750,105.5,80,0.035811,0.904751,0.035811,121.36
750,105.5,80,0.0357772,0.904799,0.0357772,121.413
750,105.5,80,0.0357095,0.904853,0.0357095,121.347
750,105.5,80,0.0356726,0.904901,0.0356726,121.356
750,105.5,80,0.0356019,0.904962,0.0356019,121.226
750,105.5,80,0.0355668,0.905004,0.0355668,121.266
750,105.5,80,0.0355329,0.905047,0.0355329,121.288
750,105.5,80,0.0354534,0.905103,0.0354534,121.152
750,105.5,80,0.0354176,0.905141,0.0354176,121.103
750,105.5,80,0.035379,0.905186,0.035379,121.109
750,105.5,80,0.0353067,0.905242,0.0353067,121.018
750,105.5,80,0.0352707,0.905283,0.0352707,120.985
750,105.5,80,0.0352355,0.905322,0.0352355,120.966
750,105.5,80,0.0351967,0.905366,0.0351967,120.964
750,105.5,80,0.0351257,0.905418,0.0351257,120.838
750,105.5,80,0.0350908,0.905462,0.0350908,120.836
750,105.5,80,0.0350175,0.905524,0.0350175,120.717
750,105.5,80,0.034983,0.905568,0.034983,120.766
750,105.5,80,0.0349493,0.905608,0.0349493,120.766
750,105.5,80,0.034918,0.905666,0.034918,120.937
750,105.5,80,0.0348844,0.905704,0.0348844,120.877
750,105.5,80,0.034816,0.905757,0.034816,120.705
750,105.5,80,0.0347843,0.905803,0.0347843,120.79
750,105.5,80,0.0347523,0.905843,0.0347523,120.773
750,105.5,80,0.0347198,0.905888,0.0347198,120.786
750,105.5,80,0.0346509,0.905942,0.0346509,120.687
750,105.5,80,0.0346171,0.905985,0.0346171,120.669
750,105.5,80,0.0345487,0.906044,0.0345487,120.55
750,105.5,80,0.0345153,0.906085,0.0345153,120.59
750,105.5,80,0.0344819,0.906128,0.0344819,120.616
750,105.5,80,0.0344097,0.906181,0.0344097,120.509
750,105.5,80,0.034375,0.906223,0.034375,120.491
750,105.5,80,0.0343035,0.906286,0.0343035,120.384
750,105.5,80,0.0342699,0.90633,0.0342699,120.434
750,105.5,80,0.034236,0.906369,0.034236,120.422
750,105.5,80,0.0341672,0.906423,0.0341672,120.334
750,105.5,80,0.0341284,0.906462,0.0341284,120.255
750,105.5,80,0.0340596,0.906515,0.0340596,120.11
750,105.5,80,0.0340269,0.90656,0.0340269,120.224
750,105.5,80,0.0339904,0.906608,0.0339904,120.233
750,105.5,80,0.0339236,0.906661,0.0339236,120.148
750,105.5,80,0.0338906,0.9067,0.0338906,120.132
750,105.5,80,0.0338539,0.906742,0.0338539,120.129
750,105.5,80,0.0337859,0.906796,0.0337859,120.081
750,105.5,80,0.033752,0.906836,0.033752,120.07
750,105.5,80,0.0337154,0.906876,0.0337154,120.066
750,105.5,80,0.033648,0.90693,0.033648,120.047
750,105.5,80,0.0336154,0.906969,0.0336154,120.045
750,105.5,80,0.0335477,0.90703,0.0335477,119.971
750,105.5,80,0.0335153,0.907079,0.0335153,120.088
750,105.5,80,0.0334476,0.907131,0.0334476,120.015
750,105.5,80,0.0334151,0.90717,0.0334151,120.003
750,105.5,80,0.0333835,0.907211,0.0333835,120.037
750,105.5,80,0.0333212,0.907263,0.0333212,120.01
750,105.5,80,0.0332915,0.9073,0.0332915,119.983
750,105.5,80,0.0332639,0.907346,0.0332639,120.041
750,105.5,80,0.0331995,0.907395,0.0331995,119.94
750,105.5,80,0.0331664,0.907433,0.0331664,119.893
750,105.5,80,0.0331339,0.907471,0.0331339,119.887
750,105.5,80,0.0330655,0.907529,0.0330655,119.762
750,105.5,80,0.0330317,0.907572,0.0330317,119.797
750,105.5,80,0.0329628,0.907617,0.0329628,119.556
750,105.5,80,0.0329254,0.907661,0.0329254,119.631
750,105.5,80,0.0328907,0.907699,0.0328907,119.597
750,105.5,80,0.0328193,0.907748,0.0328193,119.416
750,105.5,80,0.0327865,0.907793,0.0327865,119.521
750,105.5,80,0.032753,0.90783,0.032753,119.499
750,105.5,80,0.0327193,0.907874,0.0327193,119.53
750,105.5,80,0.0326511,0.907922,0.0326511,119.445
750,105.5,80,0.032618,0.90796,0.032618,119.434
750,105.5,80,0.0325524,0.908019,0.0325524,119.327
750,105.5,80,0.0325169,0.908058,0.0325169,119.379
750,105.5,80,0.0324832,0.908094,0.0324832,119.367
750,105.5,80,0.0324483,0.908132,0.0324483,119.368
750,105.5,80,0.0323774,0.908184,0.0323774,119.291
750,105.5,80,0.0323437,0.908225,0.0323437,119.273
750,105.5,80,0.0322755,0.908277,0.0322755,119.127
750,105.5,80,0.0322414,0.908318,0.0322414,119.184
750,105.5,80,0.032205,0.908356,0.032205,119.155
750,105.5,80,0.0321394,0.908408,0.0321394,119.121
750,105.5,80,0.0321072,0.908443,0.0321072,119.081
750,105.5,80,0.0320463,0.908493,0.0320463,118.968
750,105.5,80,0.0320135,0.908536,0.0320135,118.959
750,105.5,80,0.0319811,0.908573,0.0319811,118.948
750,105.5,80,0.0319494,0.908612,0.0319494,118.957
750,105.5,80,0.0318845,0.908663,0.0318845,118.882
750,105.5,80,0.0318503,0.908701,0.0318503,118.85
750,105.5,80,0.0317864,0.908759,0.0317864,118.765
750,105.5,80,0.0317543,0.908806,0.0317543,118.848
750,105.5,80,0.0316854,0.908854,0.0316854,118.711
750,105.5,80,0.0316518,0.908889,0.0316518,118.69
750,105.5,80,0.0316178,0.908931,0.0316178,118.726
750,105.5,80,0.0315482,0.908981,0.0315482,118.651
750,105.5,80,0.0315147,0.909018,0.0315147,118.639
750,105.5,80,0.0314813,0.909056,0.0314813,118.67
750,105.5,80,0.0314059,0.909103,0.0314059,118.553
750,105.5,80,0.0313739,0.909139,0.0313739,118.556
750,105.5,80,0.0313096,0.909197,0.0313096,118.519
750,105.5,80,0.0312728,0.909233,0.0312728,118.538
750,105.5,80,0.0312388,0.909275,0.0312388,118.574
750,105.5,80,0.0311711,0.909323,0.0311711,118.514
750,105.5,80,0.0311357,0.909364,0.0311357,118.505
750,105.5,80,0.0310703,0.909415,0.0310703,118.378
750,105.5,80,0.0310378,0.909452,0.0310378,118.444
750,105.5,80,0.0310014,0.909493,0.0310014,118.441
750,105.5,80,0.0309342,0.909541,0.0309342,118.251
750,105.5,80,0.0309016,0.909578,0.0309016,118.342
750,105.5,80,0.0308666,0.909614,0.0308666,118.316
750,105.5,80,0.0308031,0.909664,0.0308031,118.299
750,105.5,80,0.0307719,0.9097,0.0307719,118.28
750,105.5,80,0.0307397,0.909741,0.0307397,118.295
750,105.5,80,0.0306722,0.909786,0.0306722,118.18
750,105.5,80,0.0306408,0.909822,0.0306408,118.167
750,105.5,80,0.0306059,0.909862,0.0306059,118.168
750,105.5,80,0.0305418,0.909911,0.0305418,118.095
750,105.5,80,0.0305107,0.909955,0.0305107,118.12
750,105.5,80,0.030443,0.910001,0.030443,117.99
750,105.5,80,0.030411,0.910037,0.030411,117.979
750,105.5,80,0.0303441,0.910082,0.0303441,117.826
750,105.5,80,0.0303118,0.910122,0.0303118,117.939
750,105.5,80,0.0302795,0.910154,0.0302795,117.909
750,105.5,80,0.0302482,0.910191,0.0302482,117.953
750,105.5,80,0.0302167,0.910224,0.0302167,117.947
750,105.5,80,0.0301501,0.910272,0.0301501,117.917
750,105.5,80,0.0301185,0.910308,0.0301185,117.885
750,105.5,80,0.0300505,0.910363,0.0300505,117.787
750,105.5,80,0.0300173,0.910396,0.0300173,117.792
750,105.5,80,0.0299847,0.910435,0.0299847,117.807
750,105.5,80,0.0299167,0.910483,0.0299167,117.743
750,105.5,80,0.0298849,0.910523,0.0298849,117.74
750,105.5,80,0.0298235,0.910571,0.0298235,117.688
750,105.5,80,0.0297829,0.910611,0.0297829,117.639
750,105.5,80,0.0297162,0.910659,0.0297162,117.478
750,105.5,80,0.029685,0.910695,0.029685,117.555
750,105.5,80,0.0296546,0.910732,0.0296546,117.568
750,105.5,80,0.0295937,0.910779,0.0295937,117.533
750,105.5,80,0.0295604,0.910814,0.0295604,117.492
750,105.5,80,0.0295296,0.910852,0.0295296,117.52
750,105.5,80,0.029468,0.910895,0.029468,117.435
750,105.5,80,0.0294336,0.91093,0.0294336,117.403
750,105.5,80,0.0294016,0.910964,0.0294016,117.403
750,105.5,80,0.0293766,0.911015,0.0293766,117.521
750,105.5,80,0.0293444,0.91105,0.0293444,117.535
750,105.5,80,0.029309,0.911087,0.029309,117.512
750,105.5,80,0.0292454,0.911132,0.0292454,117.441
750,105.5,80,0.0292115,0.911169,0.0292115,117.414
750,105.5,80,0.0291487,0.91121,0.0291487,117.218
750,105.5,80,0.0291167,0.91125,0.0291167,117.325
750,105.5,80,0.0290803,0.911284,0.0290803,117.273
750,105.5,80,0.0290469,0.91132,0.0290469,117.264
750,105.5,80,0.0289821,0.911363,0.0289821,117.178
750,105.5,80,0.0289506,0.911398,0.0289506,117.161
750,105.5,80,0.0288857,0.911449,0.0288857,117.058
750,105.5,80,0.0288542,0.911484,0.0288542,117.101
750,105.5,80,0.0288226,0.911521,0.0288226,117.103
750,105.5,80,0.0287534,0.911566,0.0287534,116.995
750,105.5,80,0.0287203,0.911598,0.0287203,116.938
750,105.5,80,0.0286524,0.911643,0.0286524,116.784
750,105.5,80,0.02862,0.91168,0.02862,116.854
750,105.5,80,0.0285868,0.911718,0.0285868,116.854
750,105.5,80,0.028518,0.911766,0.028518,116.703
750,105.5,80,0.0284848,0.911803,0.0284848,116.766
750,105.5,80,0.0284214,0.91185,0.0284214,116.652
750,105.5,80,0.0283873,0.911888,0.0283873,116.73
750,105.5,80,0.0283559,0.911921,0.0283559,116.72
750,105.5,80,0.0282944,0.911965,0.0282944,116.691
750,105.5,80,0.0282617,0.911998,0.0282617,116.67
750,105.5,80,0.0282314,0.91203,0.0282314,116.682
750,105.5,80,0.0281706,0.912078,0.0281706,116.693
750,105.5,80,0.0281392,0.912117,0.0281392,116.691
750,105.5,80,0.0280729,0.912161,0.0280729,116.616
750,105.5,80,0.028042,0.912202,0.028042,116.629
750,105.5,80,0.0279748,0.912243,0.0279748,116.511
750,105.5,80,0.0279415,0.912275,0.0279415,116.472
750,105.5,80,0.0279092,0.912308,0.0279092,116.458
750,105.5,80,0.0278399,0.912356,0.0278399,116.324
750,105.5,80,0.0278075,0.912387,0.0278075,116.353
750,105.5,80,0.0277454,0.91243,0.0277454,116.211
750,105.5,80,0.027712,0.912467,0.027712,116.28
750,105.5,80,0.0276808,0.912503,0.0276808,116.29
750,105.5,80,0.0276493,0.912536,0.0276493,116.267
750,105.5,80,0.0275831,0.912577,0.0275831,116.165
750,105.5,80,0.0275507,0.912609,0.0275507,116.141
750,105.5,80,0.0275191,0.912643,0.0275191,116.148
750,105.5,80,0.0274535,0.912686,0.0274535,116.053
750,105.5,80,0.0274216,0.912719,0.0274216,116.032
750,105.5,80,0.0273898,0.912754,0.0273898,116.038
750,105.5,80,0.0273234,0.912797,0.0273234,115.937
750,105.5,80,0.0272898,0.912828,0.0272898,115.894
750,105.5,80,0.0272571,0.912859,0.0272571,115.882
750,105.5,80,0.0271927,0.912906,0.0271927,115.855
750,105.5,80,0.0271584,0.912943,0.0271584,115.844
750,105.5,80,0.0270971,0.91298,0.0270971,115.73
750,105.5,80,0.0270668,0.913014,0.0270668,115.766
750,105.5,80,0.0270342,0.913044,0.0270342,115.746
750,105.5,80,0.0270059,0.913078,0.0270059,115.781
750,105.5,80,0.026947,0.913115,0.026947,115.681
750,105.5,80,0.0269135,0.913149,0.0269135,115.678
750,105.5,80,0.0268833,0.913182,0.0268833,115.681
750,105.5,80,0.0268222,0.913229,0.0268222,115.584
750,105.5,80,0.0267897,0.913261,0.0267897,115.599
750,105.5,80,0.0267291,0.913308,0.0267291,115.511
750,105.5,80,0.0266978,0.91334,0.0266978,115.541
750,105.5,80,0.026663,0.913375,0.026663,115.555
750,105.5,80,0.0265995,0.913415,0.0265995,115.456
750,105.5,80,0.026565,0.913448,0.026565,115.437
750,105.5,80,0.0265329,0.913478,0.0265329,115.421
750,105.5,80,0.0264713,0.913522,0.0264713,115.377
750,105.5,80,0.0264393,0.913552,0.0264393,115.347
750,105.5,80,0.0264046,0.913586,0.0264046,115.342
750,105.5,80,0.0263391,0.913627,0.0263391,115.255
750,105.5,80,0.0262711,0.913678,0.0262711,115.154
750,105.5,80,0.0262396,0.913708,0.0262396,115.185
750,105.5,80,0.0262078,0.913742,0.0262078,115.215
750,105.5,80,0.026141,0.913785,0.026141,115.056
750,105.5,80,0.0261097,0.913818,0.0261097,115.078
750,105.5,80,0.0260481,0.913861,0.0260481,114.983
750,105.5,80,0.0260142,0.913894,0.0260142,115.047
750,105.5,80,0.0259839,0.913925,0.0259839,115.067
750,105.5,80,0.0259158,0.913965,0.0259158,114.976
750,105.5,80,0.0258826,0.913998,0.0258826,114.975
750,105.5,80,0.0258236,0.914044,0.0258236,114.906
750,105.5,80,0.0257932,0.914074,0.0257932,114.939
750,105.5,80,0.0257596,0.914107,0.0257596,114.934
750,105.5,80,0.0256971,0.914146,0.0256971,114.843
750,105.5,80,0.0256659,0.914177,0.0256659,114.825
750,105.5,80,0.025632,0.914207,0.025632,114.816
750,105.5,80,0.025572,0.914247,0.025572,114.766
750,105.5,80,0.0255423,0.914277,0.0255423,114.755
750,105.5,80,0.025512,0.91431,0.025512,114.779
750,105.5,80,0.025447,0.914351,0.025447,114.688
750,105.5,80,0.0254158,0.914386,0.0254158,114.697
750,105.5,80,0.025354,0.914427,0.025354,114.616
750,105.5,80,0.0253214,0.91446,0.0253214,114.599
750,105.5,80,0.0252906,0.91449,0.0252906,114.589
750,105.5,80,0.0252292,0.914526,0.0252292,114.502
750,105.5,80,0.0251955,0.914555,0.0251955,114.468
750,105.5,80,0.0251646,0.914589,0.0251646,114.501
750,105.5,80,0.0251011,0.91463,0.0251011,114.434
750,105.5,80,0.025069,0.914663,0.025069,114.437
750,105.5,80,0.025002,0.914695,0.025002,114.264
750,105.5,80,0,0.00914695,0,-148.99
750,105.5,80,0,9.14695e-05,0,-121.396
750,105.5,80,0,9.14695e-07,0,-98.2672
750,105.5,80,0,9.14695e-09,0,-79.4562
750,105.5,80,0,9.14695e-11,0,-64.3086
750,105.5,80,0,9.14695e-13,0,-52.0188
750,105.5,80,0,9.14695e-15,0,-41.9945
750,105.5,80,0,9.14695e-17,0,-33.9622
750,105.5,80,0,9.14695e-19,0,-27.4351
750,105.5,80,0,9.14695e-21,0,-22.1357
750,105.5,80,0,9.14695e-23,0,-17.8586
750,105.5,80,0,9.14695e-25,0,-14.3475
750,105.5,80,0,9.14695e-27,0,-11.5698
750,105.5,80,0,9.14695e-29,0,-9.3186
750,105.5,80,0,9.14695e-31,0,-7.46624
750,105.5,80,0,9.14695e-33,0,-6.00548
750,105.5,80,0,9.14695e-35,0,-4.82079
750,105.5,80,0,9.14695e-37,0,-3.84921
750,105.5,80,0,9.14695e-39,0,-3.10277
750,105.5,80,0,9.14695e-41,0,-2.49977
750,105.5,80,0,9.14695e-43,0,-2.00777
750,105.5,80,0,9.14695e-45,0,-1.62618
750,105.5,80,0,9.14695e-47,0,-1.31971
750,105.5,80,0,9.14695e-49,0,-1.07571
750,105.5,80,0,9.14695e-51,0,-0.874916
750,105.5,80,0,9.14695e-53,0,-0.709208
750,105.5,80,0,9.14695e-55,0,-0.568219
750,105.5,80,0,9.14695e-57,0,-0.45439
750,105.5,80,0,9.14695e-59,0,-0.357025
750,105.5,80,0,9.14695e-61,0,-0.256036
750,105.5,80,0,9.14695e-63,0,-0.191144
750,105.5,80,0,9.14695e-65,0,-0.132109
750,105.5,80,0,9.14695e-67,0,-0.0672169
750,105.5,80,0,9.14695e-69,0,-0.0291817
750,105.5,80,0,9.14695e-71,0,0.00858193
750,105.5,80,0,9.14695e-73,0,0.0430918
750,105.5,80,0,9.14695e-75,0,0.0667507
750,105.5,80,0,9.14695e-77,0,0.0968843
750,105.5,80,0,9.14695e-79,0,0.113868
750,105.5,80,0,9.14695e-81,0,0.17908
750,105.5,80,0,9.14695e-83,0,0.178186
750,105.5,80,0,9.14695e-85,0,0.188933
750,105.5,80,0,9.14695e-87,0,0.223988
750,105.5,80,0,9.14695e-89,0,0.225656
750,105.5,80,0,9.14695e-91,0,0.288388
750,105.5,80,0,9.14695e-93,0,0.276205
750,105.5,80,0,9.14695e-95,0,0.28922
750,105.5,80,0,9.14695e-97,0,0.356832
750,105.5,80,0,9.14695e-99,0,0.3586
750,105.5,80,0,9.14695e-101,0,0.425789
750,105.5,80,0,9.14695e-103,0,0.415643
750,105.5,80,0,9.14695e-105,0,0.414793
750,105.5,80,0,9.14695e-107,0,0.46608
750,105.5,80,0,9.14695e-109,0,0.459085
750,105.5,80,0,9.14695e-111,0,0.529132
750,105.5,80,0,9.14695e-113,0,0.499822
750,105.5,80,0,9.14695e-115,0,0.492736
750,105.5,80,0,9.14695e-117,0,0.566259
750,105.5,80,0,9.14695e-119,0,0.551459
750,105.5,80,0,9.14695e-121,0,0.620268
750,105.5,80,0,9.14695e-123,0,0.578056
750,105.5,80,0,9.14695e-125,0,0.577808
750,105.5,80,0,9.14695e-127,0,0.653711
750,105.5,80,0,9.14695e-129,0,0.627738
750,105.5,80,0,9.14695e-131,0,0.642165
750,105.5,80,0,9.14695e-133,0,0.739729
750,105.5,80,0,9.14695e-135,0,0.707574
750,105.5,80,0,9.14695e-137,0,0.845307
750,105.5,80,0,9.14695e-139,0,0.812877
750,105.5,80,0,9.14695e-141,0,0.823345
750,105.5,80,0,9.14695e-143,0,0.832651
750,105.5,80,0,9.14695e-145,0,0.928389
750,105.5,80,0,9.14695e-147,0,0.928829
750,105.5,80,0,9.14695e-149,0,0.827096
750,105.5,80,0,9.14695e-151,0,0.83309
750,105.5,80,0,9.14695e-153,0,0.929694
750,105.5,80,0,9.14695e-155,0,0.929413
750,105.5,80,0,9.14695e-157,0,1.11712
750,105.5,80,0,9.14695e-159,0,1.05024
750,105.5,80,0,9.14695e-161,0,1.1414
750,105.5,80,0.0250131,3.50562e-05,0.0250131,162.627
750,105.5,80,0.0250632,7.48967e-05,0.0250632,135.93
750,105.5,80,0.0250888,0.000107362,0.0250888,114.041
750,105.5,80,0.0251422,0.000149513,0.0251422,96.4517
750,105.5,80,0.0251688,0.000179079,0.0251688,82.2359
750,105.5,80,0.0251955,0.000205723,0.0251955,70.6533
750,105.5,80,0.0252243,0.000236202,0.0252243,61.3104
750,105.5,80,0.0252762,0.000273126,0.0252762,54.0201
750,105.5,80,0.0253017,0.000301691,0.0253017,47.7438
750,105.5,80,0.0253286,0.00032815,0.0253286,42.7774
750,105.5,80,0.0253527,0.000355174,0.0253527,38.7224
750,105.5,80,0.025376,0.000380561,0.025376,35.451
750,105.5,80,0.0253974,0.000407757,0.0253974,32.7966
750,105.5,80,0.0254188,0.000434993,0.0254188,30.6646
750,105.5,80,0.0254372,0.000462365,0.0254372,29.216
750,105.5,80,0.0254552,0.000487841,0.0254552,27.7396
750,105.5,80,0.0254907,0.000522061,0.0254907,26.6747
750,105.5,80,0.025507,0.000553605,0.025507,25.6322
750,105.5,80,0.0255233,0.000581943,0.0255233,24.8042
750,105.5,80,0.0255401,0.000607982,0.0255401,24.1815
750,105.5,80,0.0255565,0.000634824,0.0255565,23.6997
750,105.5,80,0.0255727,0.000660412,0.0255727,23.3078
750,105.5,80,0.0255894,0.00068835,0.0255894,23.0219
750,105.5,80,0.025621,0.000732026,0.025621,22.7753
750,105.5,80,0.0256379,0.000765768,0.0256379,22.6026
750,105.5,80,0.025654,0.000795659,0.025654,22.3456
750,105.5,80,0.0256829,0.000834872,0.0256829,22.5171
750,105.5,80,0.0256953,0.000862778,0.0256953,22.226
750,105.5,80,0.0257062,0.000890817,0.0257062,22.091
750,105.5,80,0.0257164,0.000918893,0.0257164,21.9582
750,105.5,80,0.0257271,0.000947639,0.0257271,21.8534
750,105.5,80,0.0257367,0.000978338,0.0257367,22.0565
750,105.5,80,0.0257546,0.00101637,0.0257546,21.9751
750,105.5,80,0.0257638,0.00104664,0.0257638,21.7949
750,105.5,80,0.02578,0.00109131,0.02578,21.7338
750,105.5,80,0.0257876,0.0011215,0.0257876,21.7644
750,105.5,80,0.0257952,0.00115643,0.0257952,21.6566
750,105.5,80,0.0258077,0.00119495,0.0258077,21.8018
750,105.5,80,0.0258137,0.00122589,0.0258137,21.6457
750,105.5,80,0.0258197,0.00125822,0.0258197,21.548
750,105.5,80,0.0258312,0.00130001,0.0258312,21.4775
750,105.5,80,0.0258372,0.00132893,0.0258372,21.5304
750,105.5,80,0.0258432,0.00136332,0.0258432,21.493
750,105.5,80,0.0258544,0.00140325,0.0258544,21.6696
750,105.5,80,0.0258599,0.00143325,0.0258599,21.5403
750,105.5,80,0.025871,0.00147084,0.025871,21.5168
750,105.5,80,0.0258766,0.00150661,0.0258766,21.6391
750,105.5,80,0.0258821,0.00153612,0.0258821,21.5341
750,105.5,80,0.0258877,0.00157078,0.0258877,21.5368
750,105.5,80,0.0258977,0.00160848,0.0258977,21.7327
750,105.5,80,0.0259021,0.00163674,0.0259021,21.5972
750,105.5,80,0.0259067,0.00166265,0.0259067,21.5971
750,105.5,80,0.025911,0.0016891,0.025911,21.5994
750,105.5,80,0.0259155,0.00171599,0.0259155,21.5928
750,105.5,80,0.0259195,0.00174466,0.0259195,21.5759
750,105.5,80,0.0259238,0.00177389,0.0259238,21.5664
750,105.5,80,0.0259313,0.0018077,0.0259313,21.829
750,105.5,80,0.025935,0.00184296,0.025935,21.7585
750,105.5,80,0.0259384,0.00187104,0.0259384,21.6875
750,105.5,80,0.0259425,0.00189772,0.0259425,21.6892
750,105.5,80,0.0259461,0.00192555,0.0259461,21.7102
750,105.5,80,0.0259502,0.00195232,0.0259502,21.7536
750,105.5,80,0.0259543,0.00198131,0.0259543,21.7903
750,105.5,80,0.0259633,0.00201573,0.0259633,22.1843
750,105.5,80,0.0259676,0.00204933,0.0259676,22.0646
750,105.5,80,0.0259721,0.00207703,0.0259721,21.963
750,105.5,80,0.0259767,0.00210361,0.0259767,21.9497
750,105.5,80,0.0259811,0.0021296,0.0259811,21.9607
750,105.5,80,0.0259852,0.00215559,0.0259852,21.9799
750,105.5,80,0.0259896,0.00218158,0.0259896,22.0311
750,105.5,80,0.0259941,0.00221004,0.0259941,22.0382
750,105.5,80,0.0259986,0.00224086,0.0259986,22.0068
750,105.5,80,0.0260079,0.00228529,0.0260079,22.3521
750,105.5,80,0.0260133,0.00231153,0.0260133,22.1611
750,105.5,80,0.0260188,0.00233781,0.0260188,22.187
750,105.5,80,0.0260249,0.00236385,0.0260249,22.2115
750,105.5,80,0.0260307,0.00239062,0.0260307,22.2774
750,105.5,80,0.0260371,0.00241667,0.0260371,22.2968
750,105.5,80,0.026043,0.00244302,0.026043,22.3244
750,105.5,80,0.0260483,0.00246907,0.0260483,22.3358
750,105.5,80,0.0260535,0.00249513,0.0260535,22.3409
750,105.5,80,0.0260591,0.00252119,0.0260591,22.3833
750,105.5,80,0.0260643,0.00254986,0.0260643,22.3756
750,105.5,80,0.0260696,0.00257595,0.0260696,22.3461
750,105.5,80,0.0260749,0.00260319,0.0260749,22.3695
750,105.5,80,0.0260861,0.00263805,0.0260861,22.8653
750,105.5,80,0.0260912,0.00267417,0.0260912,22.6609
750,105.5,80,0.026096,0.00270192,0.026096,22.4952
750,105.5,80,0.0261008,0.00272804,0.0261008,22.5007
750,105.5,80,0.0261053,0.00275417,0.0261053,22.5225
750,105.5,80,0.0261101,0.00278124,0.0261101,22.5381
750,105.5,80,0.0261135,0.00280737,0.0261135,22.5196
750,105.5,80,0.026117,0.00283362,0.026117,22.5306
750,105.5,80,0.0261204,0.00286084,0.0261204,22.5677
750,105.5,80,0.0261236,0.00289369,0.0261236,22.5378
750,105.5,80,0.0261297,0.00293346,0.0261297,22.8073
750,105.5,80,0.0261333,0.00296579,0.0261333,22.611
750,105.5,80,0.0261361,0.00299694,0.0261361,22.498
750,105.5,80,0.0261422,0.00303906,0.0261422,22.838
750,105.5,80,0.0261452,0.00306791,0.0261452,22.6213
750,105.5,80,0.0261489,0.0030994,0.0261489,22.5813
750,105.5,80,0.0261524,0.0031287,0.0261524,22.4799
750,105.5,80,0.026161,0.00316935,0.026161,22.9779
750,105.5,80,0.0261654,0.00319974,0.0261654,22.7655
750,105.5,80,0.0261742,0.0032488,0.0261742,22.7077
750,105.5,80,0.0261804,0.0032804,0.0261804,22.7678
750,105.5,80,0.0261899,0.00331798,0.0261899,22.739
750,105.5,80,0.0261954,0.00335288,0.0261954,22.9558
750,105.5,80,0.0262009,0.00338465,0.0262009,22.8421
750,105.5,80,0.0262124,0.00342214,0.0262124,22.7865
750,105.5,80,0.0262179,0.00345761,0.0262179,22.9899
750,105.5,80,0.0262239,0.00348668,0.0262239,22.8384
750,105.5,80,0.0262292,0.00352251,0.0262292,22.8133
750,105.5,80,0.0262404,0.00356265,0.0262404,23.057
750,105.5,80,0.0262458,0.00359964,0.0262458,22.8477
750,105.5,80,0.0262567,0.00364233,0.0262567,23.0876
750,105.5,80,0.0262627,0.00367388,0.0262627,22.8603
750,105.5,80,0.0262685,0.00370558,0.0262685,22.7914
750,105.5,80,0.0262798,0.00374636,0.0262798,23.2034
750,105.5,80,0.026286,0.00377823,0.026286,22.9791
750,105.5,80,0.0262979,0.00381574,0.0262979,22.9196
750,105.5,80,0.0263042,0.00385142,0.0263042,23.151
750,105.5,80,0.0263114,0.00388518,0.0263114,23.0317
750,105.5,80,0.0263246,0.00392774,0.0263246,22.9558
750,105.5,80,0.0263313,0.00396363,0.0263313,23.1232
750,105.5,80,0.0263453,0.00400786,0.0263453,23.0227
750,105.5,80,0.0263522,0.00404485,0.0263522,23.1538
750,105.5,80,0.0263672,0.00408795,0.0263672,23.0822
750,105.5,80,0.0263751,0.00411973,0.0263751,23.2544
750,105.5,80,0.0263902,0.00416569,0.0263902,23.1989
750,105.5,80,0.026406,0.0042194,0.026406,23.3375
750,105.5,80,0.026414,0.00425182,0.026414,23.3208
750,105.5,80,0.0264306,0.00428987,0.0264306,23.2848
750,105.5,80,0.026439,0.00432509,0.026439,23.4731
750,105.5,80,0.0264476,0.00435623,0.0264476,23.3179
750,105.5,80,0.0264648,0.00439538,0.0264648,23.2872
750,105.5,80,0.0264733,0.00443113,0.0264733,23.4965
750,105.5,80,0.0264823,0.00446101,0.0264823,23.3418
750,105.5,80,0.0264914,0.00449473,0.0264914,23.2862
750,105.5,80,0.0265092,0.00453518,0.0265092,23.6625
750,105.5,80,0.0265181,0.00456793,0.0265181,23.4322
750,105.5,80,0.0265354,0.00461421,0.0265354,23.3508
750,105.5,80,0.0265449,0.00464968,0.0265449,23.4469
750,105.5,80,0.0265532,0.00468142,0.0265532,23.3578
750,105.5,80,0.0265716,0.00472178,0.0265716,23.7911
750,105.5,80,0.0265822,0.00475273,0.0265822,23.5825
750,105.5,80,0.0266013,0.00479324,0.0266013,23.5521
750,105.5,80,0.0266109,0.00482903,0.0266109,23.7363
750,105.5,80,0.0266211,0.00486149,0.0266211,23.5762
750,105.5,80,0.0266298,0.00489215,0.0266298,23.4727
750,105.5,80,0.0266508,0.00493526,0.0266508,23.9377
750,105.5,80,0.0266609,0.00496892,0.0266609,23.6797
750,105.5,80,0.0266795,0.00501496,0.0266795,23.5833
750,105.5,80,0.0266856,0.00504889,0.0266856,23.6602
750,105.5,80,0.0267042,0.00508769,0.0267042,23.6081
750,105.5,80,0.0267132,0.00512157,0.0267132,23.5044
750,105.5,80,0.026722,0.00515358,0.026722,23.4501
750,105.5,80,0.0267399,0.0051995,0.0267399,23.4686
750,105.5,80,0.0267436,0.00523352,0.0267436,23.578
750,105.5,80,0.0267525,0.00526594,0.0267525,23.4988
750,105.5,80,0.0267696,0.00530849,0.0267696,23.9524
750,105.5,80,0.0267777,0.00533945,0.0267777,23.7131
750,105.5,80,0.0267946,0.00538127,0.0267946,23.6805
750,105.5,80,0.0268031,0.00541574,0.0268031,23.8573
750,105.5,80,0.0268114,0.00544705,0.0268114,23.7302
750,105.5,80,0.0268195,0.00547948,0.0268195,23.6734
750,105.5,80,0.0268363,0.00552156,0.0268363,24.1044
750,105.5,80,0.0268449,0.00555444,0.0268449,23.8585
750,105.5,80,0.0268632,0.00560332,0.0268632,23.7794
750,105.5,80,0.0268721,0.00563521,0.0268721,23.8563
750,105.5,80,0.0268901,0.00567443,0.0268901,23.8181
750,105.5,80,0.0268998,0.00571068,0.0268998,23.9841
750,105.5,80,0.026909,0.00574246,0.026909,23.8369
750,105.5,80,0.0269283,0.0057833,0.0269283,23.8205
750,105.5,80,0.0269384,0.00581879,0.0269384,24.0199
750,105.5,80,0.0269476,0.00584985,0.0269476,23.932
750,105.5,80,0.0269567,0.00588305,0.0269567,23.8904
750,105.5,80,0.0269754,0.00592615,0.0269754,24.3122
750,105.5,80,0.0269847,0.00596083,0.0269847,24.0874
750,105.5,80,0.0270039,0.00600665,0.0270039,24.0157
750,105.5,80,0.0270145,0.00604048,0.0270145,24.1327
750,105.5,80,0.0270336,0.00607991,0.0270336,24.0925
750,105.5,80,0.0270432,0.00611486,0.0270432,24.3071
750,105.5,80,0.0270536,0.00614458,0.0270536,24.1807
750,105.5,80,0.027073,0.00619677,0.027073,24.1712
750,105.5,80,0.0270825,0.00623121,0.0270825,24.2382
750,105.5,80,0.0271021,0.00627529,0.0271021,24.1805
750,105.5,80,0.0271113,0.00630647,0.0271113,24.3766
750,105.5,80,0.0271204,0.0063404,0.0271204,24.3106
750,105.5,80,0.0271385,0.0063825,0.0271385,24.6367
750,105.5,80,0.027147,0.00641449,0.027147,24.4814
750,105.5,80,0.027155,0.0064451,0.027155,24.3985
750,105.5,80,0.0271638,0.00647659,0.0271638,24.3884
750,105.5,80,0.0271806,0.0065117,0.0271806,24.9407
750,105.5,80,0.027189,0.00654818,0.027189,24.7402
750,105.5,80,0.0271975,0.00657853,0.0271975,24.5588
750,105.5,80,0.0272059,0.00661345,0.0272059,24.5183
750,105.5,80,0.0272224,0.00664795,0.0272224,24.8932
750,105.5,80,0.0272309,0.006684,0.0272309,24.6808
750,105.5,80,0.0272399,0.00671462,0.0272399,24.5084
750,105.5,80,0.027248,0.00674631,0.027248,24.4737
750,105.5,80,0.0272641,0.00679314,0.0272641,24.4396
750,105.5,80,0.0272724,0.00683415,0.0272724,24.5562
750,105.5,80,0.0272878,0.00687625,0.0272878,24.8379
750,105.5,80,0.0272959,0.00691295,0.0272959,24.5816
750,105.5,80,0.0273106,0.00695442,0.0273106,24.4332
750,105.5,80,0.0273171,0.00699036,0.0273171,24.6999
750,105.5,80,0.0273237,0.0070203,0.0273237,24.5368
750,105.5,80,0.0273357,0.00706393,0.0273357,25.0803
750,105.5,80,0.0273416,0.00709494,0.0273416,24.7719
750,105.5,80,0.0273473,0.00713114,0.0273473,24.6858
750,105.5,80,0.0273586,0.00717472,0.0273586,25.0242
750,105.5,80,0.0273634,0.007208,0.0273634,24.7644
750,105.5,80,0.0273671,0.0072407,0.0273671,24.6416
750,105.5,80,0.0273744,0.00728346,0.0273744,25.0628
750,105.5,80,0.0273777,0.00731725,0.0273777,24.7956
750,105.5,80,0.0273834,0.00736446,0.0273834,24.6535
750,105.5,80,0.0273868,0.00739698,0.0273868,24.7383
750,105.5,80,0.0273901,0.00743154,0.0273901,24.6384
750,105.5,80,0.0273938,0.00746161,0.0273938,25.0425
750,105.5,80,0.0273997,0.00750325,0.0273997,24.9429
750,105.5,80,0.0274026,0.00753474,0.0274026,24.7238
750,105.5,80,0.0274059,0.00757171,0.0274059,24.6682
750,105.5,80,0.0274109,0.00761383,0.0274109,24.9979
750,105.5,80,0.0274124,0.00764814,0.0274124,24.76
750,105.5,80,0.0274132,0.00768277,0.0274132,24.6167
750,105.5,80,0.0274116,0.00772319,0.0274116,24.9611
750,105.5,80,0.0274109,0.00775364,0.0274109,24.6955
750,105.5,80,0.0274084,0.00780261,0.0274084,24.6621
750,105.5,80,0.0274088,0.00783607,0.0274088,24.7512
750,105.5,80,0.0274093,0.00786782,0.0274093,24.6772
750,105.5,80,0.0274102,0.00789935,0.0274102,25.1798
750,105.5,80,0.0274119,0.00794164,0.0274119,25.0331
750,105.5,80,0.0274124,0.00797245,0.0274124,24.7939
750,105.5,80,0.0274129,0.00802222,0.0274129,24.7465
750,105.5,80,0.0274139,0.00805437,0.0274139,24.8338
750,105.5,80,0.0274147,0.00809134,0.0274147,24.7474
750,105.5,80,0.0274184,0.00813249,0.0274184,25.1581
750,105.5,80,0.0274196,0.00816664,0.0274196,24.904
750,105.5,80,0.0274332,0.00821345,0.0274332,24.8552
750,105.5,80,0.0274369,0.00824539,0.0274369,25.0392
750,105.5,80,0.0274402,0.00828258,0.0274402,24.9398
750,105.5,80,0.0274457,0.00832437,0.0274457,25.2823
750,105.5,80,0.0274487,0.00835871,0.0274487,25.0011
750,105.5,80,0.0274532,0.00840437,0.0274532,24.8562
750,105.5,80,0.0274545,0.00843608,0.0274545,24.9893
750,105.5,80,0.0274553,0.00847273,0.0274553,24.9196
750,105.5,80,0.0274573,0.00851668,0.0274573,25.2505
750,105.5,80,0.0274582,0.00854931,0.0274582,24.9543
750,105.5,80,0.0274594,0.00858123,0.0274594,24.8958
750,105.5,80,0.0274613,0.00862609,0.0274613,25.3708
750,105.5,80,0.0274619,0.00866007,0.0274619,25.037
750,105.5,80,0.0274612,0.00869878,0.0274612,24.9012
750,105.5,80,0.0274612,0.00873578,0.0274612,25.2139
750,105.5,80,0.0274609,0.0087681,0.0274609,25.0041
750,105.5,80,0.0274614,0.00880175,0.0274614,24.9218
750,105.5,80,0.0274639,0.00884339,0.0274639,25.4011
750,105.5,80,0.027466,0.00887476,0.027466,25.1088
750,105.5,80,0.0274681,0.00891296,0.0274681,25.0051
750,105.5,80,0.0274715,0.00895646,0.0274715,25.3158
750,105.5,80,0.0274729,0.00899105,0.0274729,25.0099
750,105.5,80,0.0274735,0.00903785,0.0274735,24.8309
750,105.5,80,0.0274745,0.0090762,0.0274745,25.0009
750,105.5,80,0.0274773,0.00912038,0.0274773,25.2743
750,105.5,80,0.0274782,0.00915428,0.0274782,24.9855
750,105.5,80,0.0274841,0.00920095,0.0274841,24.921
750,105.5,80,0.027487,0.00923467,0.027487,25.0507
750,105.5,80,0.0274902,0.00926875,0.0274902,24.9438
750,105.5,80,0.027493,0.00931173,0.027493,25.3789
750,105.5,80,0.0274945,0.00934139,0.0274945,25.0765
750,105.5,80,0.0274959,0.0093784,0.0274959,25.0374
750,105.5,80,0.0274969,0.00942014,0.0274969,25.3892
750,105.5,80,0.0274984,0.00945444,0.0274984,25.1104
750,105.5,80,0.0275027,0.00948847,0.0275027,25.0134
750,105.5,80,0.0275066,0.00953194,0.0275066,25.4619
750,105.5,80,0.02751,0.00956308,0.02751,25.1619
750,105.5,80,0.0275138,0.00961116,0.0275138,25.0745
750,105.5,80,0.027515,0.00964532,0.027515,25.1793
750,105.5,80,0.0275164,0.00968025,0.0275164,25.0224
750,105.5,80,0.0275204,0.00971697,0.0275204,25.4018
750,105.5,80,0.0275231,0.0097516,0.0275231,25.2109
750,105.5,80,0.0275266,0.00978234,0.0275266,25.0625
750,105.5,80,0.0275317,0.00981636,0.0275317,25.0141
750,105.5,80,0.0275409,0.00985928,0.0275409,25.4597
750,105.5,80,0.0275455,0.00989293,0.0275455,25.1617
750,105.5,80,0.0275499,0.00992779,0.0275499,25.016
750,105.5,80,0.027557,0.00997232,0.027557,25.4427
750,105.5,80,0.027561,0.0100039,0.027561,25.1263
750,105.5,80,0.0275582,0.0100524,0.0275582,24.9755
750,105.5,80,0.0275603,0.0100851,0.0275603,25.0829
750,105.5,80,0.0275637,0.010122,0.0275637,24.9886
750,105.5,80,0.0275715,0.0101637,0.0275715,25.3611
750,105.5,80,0.0275752,0.0101963,0.0275752,25.1047
750,105.5,80,0.0275797,0.0102302,0.0275797,25.0153
750,105.5,80,0.0275896,0.0102752,0.0275896,25.4723
750,105.5,80,0.0275942,0.0103078,0.0275942,25.1722
750,105.5,80,0.0275981,0.0103416,0.0275981,25.0746
750,105.5,80,0.0276032,0.0103848,0.0276032,25.5552
750,105.5,80,0.0276072,0.0104213,0.0276072,24.938
750,105.5,80,0.0276146,0.0104659,0.0276146,24.8593
750,105.5,80,0.02762,0.0104988,0.02762,25.1012
750,105.5,80,0.0276243,0.0105337,0.0276243,25.0543
750,105.5,80,0.0276331,0.0105781,0.0276331,25.4375
750,105.5,80,0.0276394,0.0106085,0.0276394,25.1672
750,105.5,80,0.0276495,0.0106507,0.0276495,25.1516
750,105.5,80,0.0276546,0.0106883,0.0276546,25.3043
750,105.5,80,0.0276604,0.0107204,0.0276604,25.1112
750,105.5,80,0.027665,0.010756,0.027665,25.0121
750,105.5,80,0.0276727,0.0107989,0.0276727,25.3394
750,105.5,80,0.0276771,0.0108299,0.0276771,25.0636
750,105.5,80,0.0276847,0.0108726,0.0276847,24.9689
750,105.5,80,0.0276897,0.0109103,0.0276897,25.0247
750,105.5,80,0.0276951,0.0109493,0.0276951,24.8407
750,105.5,80,0.0277052,0.0109937,0.0277052,25.0408
750,105.5,80,0.0277113,0.0110288,0.0277113,24.7829
750,105.5,80,0.0277247,0.0110737,0.0277247,24.6931
750,105.5,80,0.0277314,0.0111057,0.0277314,24.8174
750,105.5,80,0.0277387,0.0111355,0.0277387,24.729
750,105.5,80,0.0277469,0.0111699,0.0277469,24.6908
750,105.5,80,0.0277613,0.0112124,0.0277613,25.0361
750,105.5,80,0.0277694,0.0112471,0.0277694,24.8044
750,105.5,80,0.0277844,0.0112961,0.0277844,24.7017
750,105.5,80,0.0277907,0.0113311,0.0277907,24.7311
750,105.5,80,0.0277981,0.0113634,0.0277981,24.6034
750,105.5,80,0.0278116,0.0114089,0.0278116,24.9247
750,105.5,80,0.0278174,0.0114463,0.0278174,24.6674
750,105.5,80,0.0278311,0.0114912,0.0278311,24.8461
750,105.5,80,0.0278377,0.0115224,0.0278377,24.6252
750,105.5,80,0.0278451,0.0115588,0.0278451,24.5771
750,105.5,80,0.027861,0.0116036,0.027861,24.8061
750,105.5,80,0.0278688,0.0116383,0.0278688,24.6186
750,105.5,80,0.027885,0.011685,0.027885,24.5529
750,105.5,80,0.0278932,0.0117202,0.0278932,24.6112
750,105.5,80,0.0279007,0.0117548,0.0279007,24.4946
750,105.5,80,0.0279162,0.0117986,0.0279162,24.7437
750,105.5,80,0.0279238,0.0118314,0.0279238,24.5443
750,105.5,80,0.0279372,0.0118802,0.0279372,24.4941
750,105.5,80,0.0279444,0.0119117,0.0279444,24.5096
750,105.5,80,0.0279507,0.0119488,0.0279507,24.4253
750,105.5,80,0.0279626,0.0119931,0.0279626,24.6202
750,105.5,80,0.0279696,0.0120279,0.0279696,24.433
750,105.5,80,0.0279768,0.0120614,0.0279768,24.3436
750,105.5,80,0.0279923,0.0121045,0.0279923,24.6314
750,105.5,80,0.0280006,0.0121359,0.0280006,24.4631
750,105.5,80,0.0280105,0.0121729,0.0280105,24.4096
750,105.5,80,0.0280289,0.0122161,0.0280289,24.6111
750,105.5,80,0.0280396,0.0122514,0.0280396,24.4499
750,105.5,80,0.0280607,0.0122987,0.0280607,24.4086
750,105.5,80,0.0280717,0.0123323,0.0280717,24.4842
750,105.5,80,0.0280834,0.0123704,0.0280834,24.407
750,105.5,80,0.0281065,0.0124141,0.0281065,24.5711
750,105.5,80,0.028118,0.0124463,0.028118,24.4216
750,105.5,80,0.0281425,0.0124966,0.0281425,24.4214
750,105.5,80,0.0281542,0.0125277,0.0281542,24.44
750,105.5,80,0.0281659,0.0125646,0.0281659,24.3878
750,105.5,80,0.0281902,0.0126092,0.0281902,24.5928
750,105.5,80,0.0282023,0.0126407,0.0282023,24.4567
750,105.5,80,0.0282141,0.0126708,0.0282141,24.4222
750,105.5,80,0.0282389,0.0127214,0.0282389,24.454
750,105.5,80,0.028251,0.0127533,0.028251,24.4732
750,105.5,80,0.0282625,0.0127871,0.0282625,24.4185
750,105.5,80,0.0282742,0.0128205,0.0282742,24.3837
750,105.5,80,0.0282972,0.0128643,0.0282972,24.608
750,105.5,80,0.0283085,0.0128994,0.0283085,24.4713
750,105.5,80,0.028332,0.0129493,0.028332,24.4609
750,105.5,80,0.0283434,0.0129798,0.0283434,24.4782
750,105.5,80,0.0283551,0.0130172,0.0283551,24.4289
750,105.5,80,0.0283778,0.0130633,0.0283778,24.5963
750,105.5,80,0.0283898,0.0130975,0.0283898,24.4731
750,105.5,80,0.0284133,0.0131389,0.0284133,24.4927
750,105.5,80,0.0284255,0.0131759,0.0284255,24.5993
750,105.5,80,0.028437,0.0132084,0.028437,24.5227
750,105.5,80,0.0284488,0.0132436,0.0284488,24.4875
750,105.5,80,0.0284714,0.0132889,0.0284714,24.7208
750,105.5,80,0.0284824,0.0133222,0.0284824,24.6001
750,105.5,80,0.0285051,0.0133721,0.0285051,24.6025
750,105.5,80,0.0285173,0.0134061,0.0285173,24.5092
750,105.5,80,0.0285289,0.0134361,0.0285289,24.7026
750,105.5,80,0.0285405,0.013469,0.0285405,24.6692
750,105.5,80,0.0285643,0.0135064,0.0285643,24.9261
750,105.5,80,0.0285769,0.0135462,0.0285769,24.8061
750,105.5,80,0.0285891,0.0135824,0.0285891,24.703
750,105.5,80,0.0286145,0.0136301,0.0286145,24.7041
750,105.5,80,0.0286264,0.0136608,0.0286264,24.7417
750,105.5,80,0.0286383,0.0136906,0.0286383,24.7137
750,105.5,80,0.0286507,0.0137203,0.0286507,24.7265
750,105.5,80,0.0286636,0.013749,0.0286636,24.7279
750,105.5,80,0.0286756,0.0137784,0.0286756,24.731
750,105.5,80,0.0286876,0.0138133,0.0286876,24.715
750,105.5,80,0.0287,0.013844,0.0287,24.8806
750,105.5,80,0.0287248,0.0138781,0.0287248,24.9188
750,105.5,80,0.028737,0.0139169,0.028737,24.8285
750,105.5,80,0.0287492,0.0139464,0.0287492,24.7742
750,105.5,80,0.0287616,0.0139759,0.0287616,24.7711
750,105.5,80,0.0287734,0.0140061,0.0287734,24.7605
750,105.5,80,0.0287849,0.0140349,0.0287849,24.7485
750,105.5,80,0.0287968,0.0140637,0.0287968,24.7493
750,105.5,80,0.0288091,0.0140926,0.0288091,24.7585
750,105.5,80,0.0288209,0.014127,0.0288209,24.7261
750,105.5,80,0.0288335,0.0141588,0.0288335,24.6849
750,105.5,80,0.0288576,0.0141959,0.0288576,24.9272
750,105.5,80,0.0288691,0.0142337,0.0288691,24.8265
750,105.5,80,0.0288803,0.0142646,0.0288803,24.7577
750,105.5,80,0.0288918,0.0142942,0.0288918,24.746
750,105.5,80,0.0289028,0.0143237,0.0289028,24.7543
750,105.5,80,0.0289135,0.0143526,0.0289135,24.7369
750,105.5,80,0.0289241,0.0143818,0.0289241,24.7232
750,105.5,80,0.0289353,0.0144107,0.0289353,24.7216
750,105.5,80,0.0289476,0.0144397,0.0289476,24.7426
750,105.5,80,0.0289591,0.0144687,0.0289591,24.744
750,105.5,80,0.0289704,0.0145004,0.0289704,24.7398
750,105.5,80,0.0289818,0.0145304,0.0289818,24.739
750,105.5,80,0.0289938,0.0145617,0.0289938,24.7717
750,105.5,80,0.0290057,0.0145926,0.0290057,24.9675
750,105.5,80,0.029022,0.0146367,0.029022,24.9652
750,105.5,80,0.0290344,0.0146684,0.0290344,24.8874
750,105.5,80,0.0290466,0.0147027,0.0290466,24.8741
750,105.5,80,0.0290586,0.0147349,0.0290586,24.8565
750,105.5,80,0.0290827,0.0147767,0.0290827,24.9338
750,105.5,80,0.0290949,0.0148133,0.0290949,25.0272
750,105.5,80,0.0291062,0.014847,0.0291062,24.9781
750,105.5,80,0.0291293,0.0148897,0.0291293,25.0147
750,105.5,80,0.0291408,0.0149301,0.0291408,25.1054
750,105.5,80,0.0291522,0.0149611,0.0291522,25.033
750,105.5,80,0.0291638,0.0149954,0.0291638,25.017
750,105.5,80,0.0291762,0.0150286,0.0291762,25.0118
750,105.5,80,0.0291998,0.0150759,0.0291998,25.218
750,105.5,80,0.0292114,0.0151098,0.0292114,25.1043
750,105.5,80,0.0292235,0.0151464,0.0292235,25.0644
750,105.5,80,0.0292468,0.0151914,0.0292468,25.1959
750,105.5,80,0.0292589,0.0152269,0.0292589,25.0905
750,105.5,80,0.0292702,0.0152613,0.0292702,25.0449
750,105.5,80,0.0292938,0.01531,0.0292938,25.2061
750,105.5,80,0.0293044,0.0153425,0.0293044,25.1008
750,105.5,80,0.029316,0.0153784,0.029316,25.074
750,105.5,80,0.029327,0.0154103,0.029327,25.2045
750,105.5,80,0.0293493,0.0154552,0.0293493,25.2144
750,105.5,80,0.0293604,0.0154875,0.0293604,25.1287
750,105.5,80,0.0293719,0.0155231,0.0293719,24.9162
750,105.5,80,0.0293836,0.0155575,0.0293836,24.9339
750,105.5,80,0.0294064,0.0156015,0.0294064,25.1586
750,105.5,80,0.029418,0.0156328,0.029418,25.1091
750,105.5,80,0.0294295,0.0156675,0.0294295,25.1295
750,105.5,80,0.0294407,0.0157025,0.0294407,25.1152
750,105.5,80,0.0294643,0.0157496,0.0294643,25.3226
750,105.5,80,0.0294758,0.0157854,0.0294758,25.2224
750,105.5,80,0.0294877,0.0158202,0.0294877,25.1801
750,105.5,80,0.0295069,0.0158675,0.0295069,25.3263
750,105.5,80,0.0295306,0.0159151,0.0295306,25.2832
750,105.5,80,0.0295428,0.0159573,0.0295428,25.1932
750,105.5,80,0.0295552,0.0159934,0.0295552,25.2771
750,105.5,80,0.0295669,0.0160286,0.0295669,25.2371
750,105.5,80,0.0295908,0.0160741,0.0295908,25.3958
750,105.5,80,0.0296026,0.0161072,0.0296026,25.3314
750,105.5,80,0.0296147,0.0161431,0.0296147,25.3064
750,105.5,80,0.0296379,0.0161899,0.0296379,25.4291
750,105.5,80,0.0296492,0.0162244,0.0296492,25.3364
750,105.5,80,0.0296612,0.0162579,0.0296612,25.3267
750,105.5,80,0.0296725,0.0162922,0.0296725,25.3094
750,105.5,80,0.0296967,0.0163402,0.0296967,25.4906
750,105.5,80,0.0297098,0.0163732,0.0297098,25.4216
750,105.5,80,0.029722,0.0164066,0.029722,25.4243
750,105.5,80,0.0297345,0.0164427,0.0297345,25.4105
750,105.5,80,0.029761,0.0164896,0.029761,25.6037
750,105.5,80,0.0297743,0.0165235,0.0297743,25.5482
750,105.5,80,0.0297874,0.0165597,0.0297874,25.538
750,105.5,80,0.0298137,0.0166081,0.0298137,25.7295
750,105.5,80,0.0298267,0.0166429,0.0298267,25.6496
750,105.5,80,0.02984,0.0166795,0.02984,25.6151
750,105.5,80,0.0298669,0.0167253,0.0298669,25.7736
750,105.5,80,0.0298806,0.0167609,0.0298806,25.6801
750,105.5,80,0.0298948,0.0167947,0.0298948,25.656
750,105.5,80,0.0299207,0.0168438,0.0299207,25.6757
750,105.5,80,0.0299324,0.0168775,0.0299324,25.7097
750,105.5,80,0.0299425,0.0169125,0.0299425,25.6593
750,105.5,80,0.0299518,0.0169482,0.0299518,25.6105
750,105.5,80,0.0299709,0.0169941,0.0299709,25.7635
750,105.5,80,0.0299813,0.0170279,0.0299813,25.6681
750,105.5,80,0.0299916,0.0170645,0.0299916,25.6196
750,105.5,80,0.0300026,0.0170986,0.0300026,25.5841
750,105.5,80,0.0300234,0.0171385,0.0300234,25.7733
750,105.5,80,0.0300335,0.017176,0.0300335,25.6994
750,105.5,80,0.0300441,0.0172113,0.0300441,25.6665
750,105.5,80,0.0300643,0.017264,0.0300643,25.702
750,105.5,80,0.0300747,0.0173018,0.0300747,25.7503
750,105.5,80,0.0300855,0.0173387,0.0300855,25.7286
750,105.5,80,0.0301063,0.0173862,0.0301063,25.9485
750,105.5,80,0.030117,0.0174202,0.030117,25.8762
750,105.5,80,0.0301279,0.0174599,0.0301279,25.8703
750,105.5,80,0.0301498,0.0175067,0.0301498,26.0813
750,105.5,80,0.0301605,0.0175437,0.0301605,25.9978
750,105.5,80,0.0301719,0.017578,0.0301719,25.9827
750,105.5,80,0.0301934,0.0176245,0.0301934,26.2343
750,105.5,80,0.0302045,0.0176592,0.0302045,26.1378
750,105.5,80,0.030216,0.0176957,0.030216,26.1147
750,105.5,80,0.0302375,0.0177464,0.0302375,26.1211
750,105.5,80,0.0302478,0.0177851,0.0302478,26.1797
750,105.5,80,0.0302583,0.0178203,0.0302583,26.1286
750,105.5,80,0.0302785,0.0178688,0.0302785,26.316
750,105.5,80,0.0302886,0.0179022,0.0302886,26.2086
750,105.5,80,0.030299,0.0179381,0.030299,26.1693
750,105.5,80,0.0303186,0.0179881,0.0303186,26.1607
750,105.5,80,0.0303283,0.018028,0.0303283,26.2103
750,105.5,80,0.0303379,0.0180621,0.0303379,26.1665
750,105.5,80,0.0303575,0.018108,0.0303575,26.4116
750,105.5,80,0.0303673,0.0181422,0.0303673,26.3152
750,105.5,80,0.0303775,0.0181769,0.0303775,26.3089
750,105.5,80,0.030387,0.0182137,0.030387,26.2733
750,105.5,80,0.030406,0.0182539,0.030406,26.4851
750,105.5,80,0.0304155,0.0182932,0.0304155,26.4133
750,105.5,80,0.0304242,0.0183286,0.0304242,26.3442
750,105.5,80,0.030433,0.0183655,0.030433,26.3115
750,105.5,80,0.0304501,0.0184152,0.0304501,26.503
750,105.5,80,0.0304591,0.0184477,0.0304591,26.3785
750,105.5,80,0.0304677,0.0184881,0.0304677,26.3328
750,105.5,80,0.0304854,0.0185366,0.0304854,26.4686
750,105.5,80,0.0304947,0.0185715,0.0304947,26.3599
750,105.5,80,0.0305037,0.0186092,0.0305037,26.3184
750,105.5,80,0.0305223,0.0186584,0.0305223,26.4861
750,105.5,80,0.0305323,0.0186925,0.0305323,26.3949
750,105.5,80,0.030542,0.018733,0.030542,26.3577
750,105.5,80,0.030562,0.0187802,0.030562,26.5152
750,105.5,80,0.0305718,0.0188168,0.0305718,26.4121
750,105.5,80,0.0305924,0.0188699,0.0305924,26.4097
750,105.5,80,0.0306027,0.0189052,0.0306027,26.4544
750,105.5,80,0.0306131,0.0189382,0.0306131,26.4322
750,105.5,80,0.0306229,0.0189771,0.0306229,26.4148
750,105.5,80,0.0306423,0.0190262,0.0306423,26.5889
750,105.5,80,0.0306522,0.01906,0.0306522,26.5099
750,105.5,80,0.0306624,0.0190951,0.0306624,26.5006
750,105.5,80,0.0306723,0.0191306,0.0306723,26.4632
750,105.5,80,0.0306923,0.0191781,0.0306923,26.737
750,105.5,80,0.0307025,0.0192133,0.0307025,26.6415
750,105.5,80,0.030712,0.0192483,0.030712,26.6096
750,105.5,80,0.0307315,0.019299,0.0307315,26.6206
750,105.5,80,0.0307415,0.019337,0.0307415,26.6668
750,105.5,80,0.0307508,0.0193745,0.0307508,26.6123
750,105.5,80,0.0307687,0.0194146,0.0307687,26.7996
750,105.5,80,0.0307776,0.0194545,0.0307776,26.7235
750,105.5,80,0.0307869,0.0194883,0.0307869,26.6679
750,105.5,80,0.0307958,0.0195252,0.0307958,26.6468
750,105.5,80,0.0308143,0.0195772,0.0308143,26.6405
750,105.5,80,0.0308225,0.019616,0.0308225,26.6698
750,105.5,80,0.0308313,0.0196515,0.0308313,26.6157
750,105.5,80,0.0308487,0.0197014,0.0308487,26.8008
750,105.5,80,0.0309001,0.0198904,0.0309001,26.7517
750,105.5,80,0.0309176,0.0199464,0.0309176,26.7878
750,105.5,80,0.0309263,0.019983,0.0309263,26.816
750,105.5,80,0.0309372,0.020041,0.0309372,26.783
750,105.5,80,0.0309461,0.020077,0.0309461,26.8305
750,105.5,80,0.0309553,0.0201151,0.0309553,26.8109
750,105.5,80,0.0309742,0.0201644,0.0309742,27.0039
750,105.5,80,0.030984,0.0202039,0.030984,26.9077
750,105.5,80,0.0310018,0.0202464,0.0310018,26.9037
750,105.5,80,0.0310106,0.0202879,0.0310106,26.9913
750,105.5,80,0.03102,0.0203261,0.03102,26.93
750,105.5,80,0.0310287,0.0203642,0.0310287,26.8771
750,105.5,80,0.0310464,0.0204109,0.0310464,27.0479
750,105.5,80,0.0310557,0.0204492,0.0310557,26.9576
750,105.5,80,0.0310733,0.0205029,0.0310733,26.9344
750,105.5,80,0.0310824,0.0205407,0.0310824,26.9673
750,105.5,80,0.0310919,0.0205754,0.0310919,26.9408
750,105.5,80,0.0311095,0.0206259,0.0311095,26.9794
750,105.5,80,0.0311182,0.0206617,0.0311182,27.0505
750,105.5,80,0.0311273,0.0206999,0.0311273,27.0397
750,105.5,80,0.0311362,0.020737,0.0311362,27.002
750,105.5,80,0.0311531,0.0207844,0.0311531,27.1958
750,105.5,80,0.0311617,0.0208186,0.0311617,27.098
750,105.5,80,0.0311697,0.0208574,0.0311697,27.119
750,105.5,80,0.0311856,0.0209064,0.0311856,27.1021
750,105.5,80,0.031194,0.0209427,0.031194,27.1819
750,105.5,80,0.0312025,0.0209784,0.0312025,27.1426
750,105.5,80,0.0312106,0.0210168,0.0312106,27.1002
750,105.5,80,0.0312268,0.0210652,0.0312268,27.2594
750,105.5,80,0.0312347,0.0211096,0.0312347,27.1505
750,105.5,80,0.0312508,0.0211598,0.0312508,27.254
750,105.5,80,0.0312591,0.0211971,0.0312591,27.1516
750,105.5,80,0.0312677,0.0212341,0.0312677,27.1337
750,105.5,80,0.0312837,0.0212848,0.0312837,27.3389
750,105.5,80,0.0312923,0.021321,0.0312923,27.2273
750,105.5,80,0.0313004,0.0213596,0.0313004,27.1938
750,105.5,80,0.0313166,0.0214073,0.0313166,27.1763
750,105.5,80,0.0313253,0.021446,0.0313253,27.1043
750,105.5,80,0.0313335,0.0214834,0.0313335,27.0928
750,105.5,80,0.0313487,0.0215342,0.0313487,27.2787
750,105.5,80,0.0313565,0.0215712,0.0313565,27.1842
750,105.5,80,0.0313706,0.0216268,0.0313706,27.1903
750,105.5,80,0.0313785,0.0216619,0.0313785,27.2309
750,105.5,80,0.0313873,0.0216998,0.0313873,27.2235
750,105.5,80,0.0314038,0.021743,0.0314038,27.2705
750,105.5,80,0.0314119,0.0217845,0.0314119,27.385
750,105.5,80,0.0314204,0.0218189,0.0314204,27.3402
750,105.5,80,0.0314373,0.0218681,0.0314373,27.3611
750,105.5,80,0.0314456,0.0219104,0.0314456,27.4169
750,105.5,80,0.0314542,0.021947,0.0314542,27.3597
750,105.5,80,0.0314621,0.0219849,0.0314621,27.3375
750,105.5,80,0.0314777,0.0220337,0.0314777,27.5596
750,105.5,80,0.0314853,0.0220707,0.0314853,27.4675
750,105.5,80,0.0315002,0.0221293,0.0315002,27.4643
750,105.5,80,0.0315073,0.022165,0.0315073,27.4926
750,105.5,80,0.0315147,0.0222023,0.0315147,27.4584
750,105.5,80,0.031529,0.0222454,0.031529,27.4612
750,105.5,80,0.031536,0.0222877,0.031536,27.5622
750,105.5,80,0.0315433,0.0223238,0.0315433,27.4981
750,105.5,80,0.0315502,0.0223637,0.0315502,27.4739
750,105.5,80,0.0315639,0.0224032,0.0315639,27.6969
750,105.5,80,0.0315711,0.0224454,0.0315711,27.6281
750,105.5,80,0.0315784,0.0224822,0.0315784,27.5697
750,105.5,80,0.0315852,0.0225218,0.0315852,27.5612
750,105.5,80,0.0315987,0.0225727,0.0315987,27.7687
750,105.5,80,0.0316054,0.0226229,0.0316054,27.6588
750,105.5,80,0.0316179,0.0226678,0.0316179,27.7627
750,105.5,80,0.0316243,0.0227104,0.0316243,27.6715
750,105.5,80,0.0316379,0.0227615,0.0316379,27.8404
750,105.5,80,0.0316444,0.0228011,0.0316444,27.7177
750,105.5,80,0.0316508,0.0228363,0.0316508,27.6691
750,105.5,80,0.0316645,0.0228788,0.0316645,27.9193
750,105.5,80,0.0316716,0.0229209,0.0316716,27.8054
750,105.5,80,0.0316789,0.0229595,0.0316789,27.7189
750,105.5,80,0.0316863,0.0229951,0.0316863,27.6851
750,105.5,80,0.0317002,0.0230431,0.0317002,27.8809
750,105.5,80,0.0317071,0.0230802,0.0317071,27.7696
750,105.5,80,0.0317144,0.0231218,0.0317144,27.7337
750,105.5,80,0.0317282,0.0231727,0.0317282,27.9235
750,105.5,80,0.0317354,0.0232082,0.0317354,27.8209
750,105.5,80,0.031743,0.023248,0.031743,27.8281
750,105.5,80,0.0317581,0.023299,0.0317581,28.0235
750,105.5,80,0.0317662,0.0233338,0.0317662,27.9189
750,105.5,80,0.031775,0.0233754,0.031775,27.906
750,105.5,80,0.0317915,0.0234245,0.0317915,28.1103
750,105.5,80,0.0317993,0.0234668,0.0317993,27.9924
750,105.5,80,0.0318142,0.023523,0.0318142,27.9468
750,105.5,80,0.0318214,0.0235632,0.0318214,27.9817
750,105.5,80,0.0318287,0.0235987,0.0318287,27.9243
750,105.5,80,0.0318432,0.0236498,0.0318432,28.181
750,105.5,80,0.0318502,0.0236854,0.0318502,28.0559
750,105.5,80,0.0318573,0.023723,0.0318573,28.0217
750,105.5,80,0.0318727,0.0237756,0.0318727,28.2495
750,105.5,80,0.0318805,0.0238135,0.0318805,28.1152
750,105.5,80,0.0318884,0.0238518,0.0318884,28.0642
750,105.5,80,0.0319045,0.023901,0.0319045,28.2819
750,105.5,80,0.0319118,0.0239362,0.0319118,28.1777
750,105.5,80,0.0319273,0.0239958,0.0319273,28.1714
750,105.5,80,0.0319345,0.0240336,0.0319345,28.0535
750,105.5,80,0.0319417,0.0240704,0.0319417,28.2859
750,105.5,80,0.0319483,0.0241045,0.0319483,28.234
750,105.5,80,0.0319616,0.0241582,0.0319616,28.4942
750,105.5,80,0.0319674,0.0241933,0.0319674,28.3199
750,105.5,80,0.0319803,0.0242447,0.0319803,28.2801
750,105.5,80,0.0319868,0.0242866,0.0319868,28.147
750,105.5,80,0.0319933,0.0243247,0.0319933,28.2594
750,105.5,80,0.0319999,0.0243623,0.0319999,28.1717
750,105.5,80,0.0320127,0.0244118,0.0320127,28.3278
750,105.5,80,0.032019,0.0244502,0.032019,28.204
750,105.5,80,0.0320254,0.0244915,0.0320254,28.1398
750,105.5,80,0.0320397,0.0245419,0.0320397,28.3018
750,105.5,80,0.0320466,0.0245797,0.0320466,28.1929
750,105.5,80,0.0320534,0.0246177,0.0320534,28.1379
750,105.5,80,0.0320674,0.0246717,0.0320674,28.3031
750,105.5,80,0.0320741,0.0247083,0.0320741,28.1756
750,105.5,80,0.0320824,0.0247444,0.0320824,28.1681
750,105.5,80,0.0320905,0.0247821,0.0320905,28.3819
750,105.5,80,0.0321022,0.0248308,0.0321022,28.3645
750,105.5,80,0.0321096,0.0248683,0.0321096,28.2751
750,105.5,80,0.0321228,0.0249154,0.0321228,28.2863
750,105.5,80,0.0321296,0.024958,0.0321296,28.4104
750,105.5,80,0.0321364,0.0249977,0.0321364,28.3386
750,105.5,80,0.032143,0.0250379,0.032143,28.2966
750,105.5,80,0.0321556,0.0250855,0.0321556,28.4945
750,105.5,80,0.0321623,0.0251227,0.0321623,28.3982
750,105.5,80,0.0321758,0.0251837,0.0321758,28.3732
750,105.5,80,0.0321825,0.025223,0.0321825,28.3795
750,105.5,80,0.0321894,0.0252652,0.0321894,28.3404
750,105.5,80,0.0322028,0.0253129,0.0322028,28.5102
750,105.5,80,0.0322097,0.0253528,0.0322097,28.4079
750,105.5,80,0.0322177,0.0254093,0.0322177,28.3661
750,105.5,80,0.0322255,0.0254467,0.0322255,28.4021
750,105.5,80,0.0322325,0.0254865,0.0322325,28.3662
750,105.5,80,0.0322464,0.0255375,0.0322464,28.5561
750,105.5,80,0.032254,0.0255761,0.032254,28.4492
750,105.5,80,0.0322682,0.0256218,0.0322682,28.4475
750,105.5,80,0.0322758,0.0256691,0.0322758,28.5539
750,105.5,80,0.0322913,0.025733,0.0322913,28.4848
750,105.5,80,0.0322987,0.0257777,0.0322987,28.4838
750,105.5,80,0.032314,0.0258278,0.032314,28.6218
750,105.5,80,0.0323215,0.0258653,0.0323215,28.5214
750,105.5,80,0.0323373,0.0259242,0.0323373,28.5392
750,105.5,80,0.0323457,0.0259606,0.0323457,28.5803
750,105.5,80,0.0323536,0.0259981,0.0323536,28.554
750,105.5,80,0.0323614,0.026031,0.0323614,28.5469
750,105.5,80,0.032369,0.0260649,0.032369,28.7762
750,105.5,80,0.0323855,0.0261079,0.0323855,28.7833
750,105.5,80,0.0323935,0.0261493,0.0323935,28.6902
750,105.5,80,0.0324014,0.0261827,0.0324014,28.6505
750,105.5,80,0.0324097,0.0262164,0.0324097,28.6498
750,105.5,80,0.0324174,0.0262489,0.0324174,28.6466
750,105.5,80,0.0324248,0.0262817,0.0324248,28.6644
750,105.5,80,0.0324322,0.0263146,0.0324322,28.6627
750,105.5,80,0.0324404,0.0263486,0.0324404,28.6608
750,105.5,80,0.0324485,0.0263819,0.0324485,28.6612
750,105.5,80,0.0324569,0.0264167,0.0324569,28.6962
750,105.5,80,0.032465,0.0264543,0.032465,28.6954
750,105.5,80,0.0324729,0.0264891,0.0324729,28.9076
750,105.5,80,0.0324894,0.0265397,0.0324894,28.9193
750,105.5,80,0.0324973,0.0265738,0.0324973,28.8641
750,105.5,80,0.0325054,0.0266074,0.0325054,28.8705
750,105.5,80,0.0325144,0.0266524,0.0325144,28.8753
750,105.5,80,0.0325313,0.0267026,0.0325313,29.077
750,105.5,80,0.0325398,0.0267461,0.0325398,28.9332
750,105.5,80,0.0325485,0.0267794,0.0325485,29.1083
750,105.5,80,0.0325659,0.0268205,0.0325659,29.1472
750,105.5,80,0.0325747,0.0268645,0.0325747,29.053
750,105.5,80,0.032584,0.0269007,0.032584,28.9834
750,105.5,80,0.0325928,0.0269347,0.0325928,28.976
750,105.5,80,0.0326014,0.0269702,0.0326014,29.0073
750,105.5,80,0.0326096,0.0270043,0.0326096,29.022
750,105.5,80,0.0326181,0.0270397,0.0326181,29.2493
750,105.5,80,0.0326358,0.0270796,0.0326358,29.2635
750,105.5,80,0.0326447,0.0271251,0.0326447,29.1566
750,105.5,80,0.0326538,0.0271578,0.0326538,29.0735
750,105.5,80,0.0326627,0.0271927,0.0326627,29.0919
750,105.5,80,0.0326711,0.0272254,0.0326711,28.849
750,105.5,80,0.0326787,0.0272594,0.0326787,28.9109
750,105.5,80,0.0326872,0.0272921,0.0326872,28.9443
750,105.5,80,0.032696,0.0273248,0.032696,29.0015
750,105.5,80,0.032705,0.0273576,0.032705,29.0392
750,105.5,80,0.0327135,0.0273903,0.0327135,29.0831
750,105.5,80,0.0327221,0.027423,0.0327221,29.1062
750,105.5,80,0.0327305,0.0274569,0.0327305,29.1318
750,105.5,80,0.0327394,0.0274896,0.0327394,29.1529
750,105.5,80,0.0327474,0.0275255,0.0327474,29.1909
750,105.5,80,0.0327553,0.0275591,0.0327553,29.1857
750,105.5,80,0.0327715,0.0276122,0.0327715,29.2278
750,105.5,80,0.0327792,0.027648,0.0327792,29.3077
750,105.5,80,0.0327867,0.0276838,0.0327867,29.2695
750,105.5,80,0.0327939,0.0277171,0.0327939,29.2074
750,105.5,80,0.0328015,0.0277504,0.0328015,29.2232
750,105.5,80,0.0328088,0.0277832,0.0328088,29.247
750,105.5,80,0.0328135,0.027816,0.0328135,29.2238
750,105.5,80,0.0328213,0.0278489,0.0328213,29.2253
750,105.5,80,0.0328287,0.0278818,0.0328287,29.2273
750,105.5,80,0.0328363,0.0279147,0.0328363,29.2265
750,105.5,80,0.0328438,0.0279484,0.0328438,29.2528
750,105.5,80,0.0328512,0.0279813,0.0328512,29.2656
750,105.5,80,0.032859,0.0280152,0.032859,29.2944
750,105.5,80,0.0328669,0.02805,0.0328669,29.3126
750,105.5,80,0.0328746,0.0280864,0.0328746,29.3456
750,105.5,80,0.0328827,0.0281193,0.0328827,29.6027
750,105.5,80,0.0328911,0.028155,0.0328911,29.5999
750,105.5,80,0.0329079,0.0281933,0.0329079,29.6229
750,105.5,80,0.0329162,0.0282365,0.0329162,29.5597
750,105.5,80,0.0329245,0.0282713,0.0329245,29.4985
750,105.5,80,0.0329336,0.0283062,0.0329336,29.5187
750,105.5,80,0.0329422,0.0283398,0.0329422,29.5003
750,105.5,80,0.0329509,0.0283756,0.0329509,29.4906
750,105.5,80,0.0329602,0.02841,0.0329602,29.4712
750,105.5,80,0.0329691,0.0284494,0.0329691,29.4511
750,105.5,80,0.0329863,0.028503,0.0329863,29.6719
750,105.5,80,0.0329952,0.0285415,0.0329952,29.5377
750,105.5,80,0.0330034,0.0285791,0.0330034,29.4885
750,105.5,80,0.0330119,0.0286177,0.0330119,29.6926
750,105.5,80,0.0330284,0.0286669,0.0330284,29.6515
750,105.5,80,0.0330368,0.028704,0.0330368,29.5492
750,105.5,80,0.0330451,0.0287427,0.0330451,29.5119
750,105.5,80,0.0330618,0.0287971,0.0330618,29.5059
750,105.5,80,0.0330699,0.0288338,0.0330699,29.5723
750,105.5,80,0.0330783,0.0288767,0.0330783,29.5615
750,105.5,80,0.0330949,0.02892,0.0330949,29.5591
750,105.5,80,0.0331028,0.0289636,0.0331028,29.7017
750,105.5,80,0.0331189,0.0290312,0.0331189,29.6568
750,105.5,80,0.0331271,0.0290724,0.0331271,29.6485
750,105.5,80,0.0331347,0.0291112,0.0331347,29.5898
750,105.5,80,0.0331501,0.0291624,0.0331501,29.8064
750,105.5,80,0.0331578,0.0291977,0.0331578,29.6815
750,105.5,80,0.0331651,0.0292331,0.0331651,29.6689
750,105.5,80,0.0331725,0.0292664,0.0331725,29.6491
750,105.5,80,0.0331801,0.0292997,0.0331801,29.6594
750,105.5,80,0.0331874,0.0293331,0.0331874,29.6596
750,105.5,80,0.0331951,0.0293708,0.0331951,29.6534
750,105.5,80,0.0332025,0.0294105,0.0332025,29.631
750,105.5,80,0.0332179,0.0294598,0.0332179,29.8176
750,105.5,80,0.0332255,0.0294942,0.0332255,29.7009
750,105.5,80,0.0332332,0.0295297,0.0332332,29.7023
750,105.5,80,0.033241,0.0295631,0.033241,29.6929
750,105.5,80,0.0332491,0.0295964,0.0332491,29.7031
750,105.5,80,0.0332574,0.0296297,0.0332574,29.7178
750,105.5,80,0.0332651,0.0296637,0.0332651,29.7479
750,105.5,80,0.0332728,0.029697,0.0332728,29.7471
750,105.5,80,0.0332811,0.0297303,0.0332811,29.7517
750,105.5,80,0.0332895,0.0297636,0.0332895,29.7625
750,105.5,80,0.0332978,0.0297975,0.0332978,29.7864
750,105.5,80,0.0333063,0.0298308,0.0333063,29.7919
750,105.5,80,0.0333145,0.0298641,0.0333145,29.7944
750,105.5,80,0.0333226,0.0298982,0.0333226,29.7948
750,105.5,80,0.0333311,0.0299336,0.0333311,29.806
750,105.5,80,0.0333393,0.029969,0.0333393,29.7841
750,105.5,80,0.0333554,0.0300136,0.0333554,29.8134
750,105.5,80,0.0333636,0.0300589,0.0333636,29.9201
750,105.5,80,0.0333725,0.0300947,0.0333725,29.8641
750,105.5,80,0.033381,0.0301281,0.033381,29.85
750,105.5,80,0.0333894,0.0301627,0.0333894,29.8462
750,105.5,80,0.033398,0.0301962,0.033398,29.8554
750,105.5,80,0.0334062,0.0302364,0.0334062,29.8422
750,105.5,80,0.0334229,0.030281,0.0334229,29.8481
750,105.5,80,0.0334318,0.0303238,0.0334318,29.9812
750,105.5,80,0.03344,0.0303604,0.03344,29.9238
750,105.5,80,0.0334482,0.0303987,0.0334482,29.9124
750,105.5,80,0.0334559,0.0304384,0.0334559,29.8846
750,105.5,80,0.0334723,0.0304903,0.0334723,30.1285
750,105.5,80,0.0334804,0.0305271,0.0334804,30.0144
750,105.5,80,0.0334881,0.0305657,0.0334881,29.9838
750,105.5,80,0.0334961,0.0306056,0.0334961,29.9587
750,105.5,80,0.0335105,0.0306508,0.0335105,30.2085
750,105.5,80,0.0335176,0.0306937,0.0335176,30.1032
750,105.5,80,0.033525,0.0307342,0.033525,30.0302
750,105.5,80,0.0335398,0.0307949,0.0335398,30.0146
750,105.5,80,0.0335471,0.0308341,0.0335471,30.0207
750,105.5,80,0.0335554,0.0308744,0.0335554,29.9738
750,105.5,80,0.0335701,0.0309295,0.0335701,30.1578
750,105.5,80,0.0335772,0.0309658,0.0335772,30.0279
750,105.5,80,0.0335919,0.0310189,0.0335919,30.0222
750,105.5,80,0.0335993,0.0310631,0.0335993,30.0637
750,105.5,80,0.0336064,0.0311021,0.0336064,29.9769
750,105.5,80,0.0336139,0.0311419,0.0336139,29.9309
750,105.5,80,0.0336283,0.0311869,0.0336283,30.1366
750,105.5,80,0.0336355,0.0312306,0.0336355,30.0433
750,105.5,80,0.0336433,0.0312708,0.0336433,29.9833
750,105.5,80,0.033651,0.0313118,0.033651,29.9508
750,105.5,80,0.033666,0.0313563,0.033666,30.1706
750,105.5,80,0.033673,0.0313991,0.033673,30.0885
750,105.5,80,0.0336798,0.0314376,0.0336798,30.0383
750,105.5,80,0.0336869,0.0314748,0.0336869,30.045
750,105.5,80,0.0336961,0.0315325,0.0336961,30.0414
750,105.5,80,0.0337036,0.0315698,0.0337036,30.1063
750,105.5,80,0.0337108,0.0316108,0.0337108,30.1017
750,105.5,80,0.033718,0.0316495,0.033718,30.0308
750,105.5,80,0.0337332,0.031702,0.0337332,30.2712
750,105.5,80,0.0337406,0.0317396,0.0337406,30.1686
750,105.5,80,0.0337565,0.0317911,0.0337565,30.1993
750,105.5,80,0.0337642,0.0318371,0.0337642,30.2662
750,105.5,80,0.0337721,0.0318755,0.0337721,30.2101
750,105.5,80,0.0337799,0.0319162,0.0337799,30.1779
750,105.5,80,0.0337961,0.0319711,0.0337961,30.3519
750,105.5,80,0.0338039,0.0320103,0.0338039,30.2486
750,105.5,80,0.0338119,0.0320552,0.0338119,30.2066
750,105.5,80,0.0338278,0.0321038,0.0338278,30.3825
750,105.5,80,0.0338353,0.0321429,0.0338353,30.2991
750,105.5,80,0.0338506,0.0321944,0.0338506,30.33
750,105.5,80,0.0338577,0.0322416,0.0338577,30.2461
750,105.5,80,0.0338648,0.0322807,0.0338648,30.3727
750,105.5,80,0.0338719,0.0323233,0.0338719,30.3324
750,105.5,80,0.0338869,0.032374,0.0338869,30.5335
750,105.5,80,0.0338942,0.0324135,0.0338942,30.4272
750,105.5,80,0.0339015,0.0324512,0.0339015,30.4026
750,105.5,80,0.0339162,0.0324995,0.0339162,30.406
750,105.5,80,0.0339234,0.032546,0.0339234,30.4673
750,105.5,80,0.0339305,0.032585,0.0339305,30.3931
750,105.5,80,0.0339379,0.0326238,0.0339379,30.3544
750,105.5,80,0.0339457,0.0326631,0.0339457,30.3282
750,105.5,80,0.0339603,0.0327168,0.0339603,30.514
750,105.5,80,0.0339678,0.0327547,0.0339678,30.4343
750,105.5,80,0.0339751,0.0327937,0.0339751,30.3839
750,105.5,80,0.0339822,0.0328348,0.0339822,30.5081
750,105.5,80,0.033997,0.0328851,0.033997,30.482
750,105.5,80,0.034004,0.0329253,0.034004,30.3909
750,105.5,80,0.0340108,0.0329666,0.0340108,30.3571
750,105.5,80,0.0340244,0.03302,0.0340244,30.5871
750,105.5,80,0.0340314,0.033058,0.0340314,30.488
750,105.5,80,0.0340382,0.0331001,0.0340382,30.4668
750,105.5,80,0.0340453,0.0331378,0.0340453,30.4506
750,105.5,80,0.0340596,0.0331893,0.0340596,30.6855
750,105.5,80,0.0340666,0.0332266,0.0340666,30.5923
750,105.5,80,0.0340735,0.0332662,0.0340735,30.5802
750,105.5,80,0.0340884,0.0333276,0.0340884,30.3622
750,105.5,80,0.0340958,0.0333699,0.0340958,30.456
750,105.5,80,0.0341032,0.0334101,0.0341032,30.4621
750,105.5,80,0.0341182,0.0334635,0.0341182,30.6564
750,105.5,80,0.0341258,0.0335028,0.0341258,30.5693
750,105.5,80,0.0341416,0.0335624,0.0341416,30.5815
750,105.5,80,0.0341494,0.0336044,0.0341494,30.6407
750,105.5,80,0.034157,0.0336503,0.034157,30.6001
750,105.5,80,0.0341724,0.0337027,0.0341724,30.7767
750,105.5,80,0.0341798,0.0337491,0.0341798,30.6705
750,105.5,80,0.0341943,0.0338043,0.0341943,30.793
750,105.5,80,0.0342019,0.0338431,0.0342019,30.7204
750,105.5,80,0.0342091,0.0338821,0.0342091,30.6989
750,105.5,80,0.0342238,0.0339287,0.0342238,30.7279
750,105.5,80,0.0342315,0.0339752,0.0342315,30.8626
750,105.5,80,0.0342386,0.0340127,0.0342386,30.7945
750,105.5,80,0.0342462,0.034053,0.0342462,30.7823
750,105.5,80,0.0342534,0.0340935,0.0342534,30.7616
750,105.5,80,0.0342683,0.0341457,0.0342683,31.0006
750,105.5,80,0.0342755,0.0341868,0.0342755,30.8928
750,105.5,80,0.0342897,0.0342365,0.0342897,30.8814
750,105.5,80,0.0342966,0.0342836,0.0342966,30.9512
750,105.5,80,0.0343035,0.0343218,0.0343035,30.8618
750,105.5,80,0.0343104,0.0343656,0.0343104,30.8269
750,105.5,80,0.0343225,0.034421,0.0343225,30.9944
750,105.5,80,0.0343294,0.0344624,0.0343294,30.8888
750,105.5,80,0.0343361,0.0345007,0.0343361,30.8562
750,105.5,80,0.0343492,0.0345591,0.0343492,31.073
750,105.5,80,0.0343557,0.0345982,0.0343557,30.9406
750,105.5,80,0.0343619,0.0346412,0.0343619,30.8966
750,105.5,80,0.034375,0.0346934,0.034375,31.0842
750,105.5,80,0.0343813,0.0347342,0.0343813,30.9842
750,105.5,80,0.0343877,0.034773,0.0343877,30.9734
750,105.5,80,0.0344008,0.0348301,0.0344008,30.9834
750,105.5,80,0.0344072,0.0348686,0.0344072,31.0525
750,105.5,80,0.0344139,0.0349067,0.0344139,31.0344
750,105.5,80,0.0344204,0.0349474,0.0344204,31.0374
750,105.5,80,0.034434,0.0350042,0.034434,31.2496
750,105.5,80,0.034441,0.0350444,0.034441,31.1287
750,105.5,80,0.0344546,0.0351072,0.0344546,31.1258
750,105.5,80,0.0344618,0.0351519,0.0344618,31.1408
750,105.5,80,0.0344756,0.0352001,0.0344756,31.1175
750,105.5,80,0.0344825,0.0352458,0.0344825,31.2382
750,105.5,80,0.0344901,0.0352853,0.0344901,31.1735
750,105.5,80,0.0344974,0.035326,0.0344974,31.1443
750,105.5,80,0.0345048,0.035367,0.0345048,31.1245
750,105.5,80,0.0345191,0.0354176,0.0345191,31.3238
750,105.5,80,0.0345261,0.0354553,0.0345261,31.222
750,105.5,80,0.0345333,0.0354934,0.0345333,31.2049
750,105.5,80,0.0345479,0.0355447,0.0345479,31.2522
750,105.5,80,0.0345551,0.0355898,0.0345551,31.3456
750,105.5,80,0.0345624,0.0356275,0.0345624,31.2839
750,105.5,80,0.0345701,0.0356683,0.0345701,31.2938
750,105.5,80,0.0345772,0.0357083,0.0345772,31.2595
750,105.5,80,0.0345919,0.0357614,0.0345919,31.496
750,105.5,80,0.0345996,0.0358005,0.0345996,31.4059
750,105.5,80,0.034607,0.0358411,0.034607,31.3789
750,105.5,80,0.0346146,0.0358843,0.0346146,31.3498
750,105.5,80,0.0346296,0.0359358,0.0346296,31.5518
750,105.5,80,0.0346367,0.0359753,0.0346367,31.4356
750,105.5,80,0.0346441,0.0360178,0.0346441,31.3934
750,105.5,80,0.0346594,0.0360649,0.0346594,31.6123
750,105.5,80,0.0346667,0.0361098,0.0346667,31.5079
750,105.5,80,0.0346739,0.0361512,0.0346739,31.4319
750,105.5,80,0.0346811,0.0361911,0.0346811,31.4036
750,105.5,80,0.0346946,0.0362478,0.0346946,31.6023
750,105.5,80,0.0347012,0.036286,0.0347012,31.472
750,105.5,80,0.0347081,0.0363284,0.0347081,31.442
750,105.5,80,0.0347221,0.0363856,0.0347221,31.6558
750,105.5,80,0.0347289,0.0364291,0.0347289,31.527
750,105.5,80,0.0347358,0.0364703,0.0347358,31.4778
750,105.5,80,0.0347503,0.0365231,0.0347503,31.7282
750,105.5,80,0.0347573,0.0365618,0.0347573,31.6227
750,105.5,80,0.0347643,0.036606,0.0347643,31.5984
750,105.5,80,0.0347723,0.0366445,0.0347723,31.7967
750,105.5,80,0.0347866,0.0366977,0.0347866,31.7748
750,105.5,80,0.0347936,0.0367393,0.0347936,31.6523
750,105.5,80,0.0348012,0.03678,0.0348012,31.6077
750,105.5,80,0.0348154,0.0368268,0.0348154,31.8586
750,105.5,80,0.0348224,0.0368718,0.0348224,31.755
750,105.5,80,0.0348301,0.0369089,0.0348301,31.6922
750,105.5,80,0.034837,0.0369503,0.034837,31.6672
750,105.5,80,0.0348441,0.0369907,0.0348441,31.6347
750,105.5,80,0.0348582,0.0370449,0.0348582,31.8238
750,105.5,80,0.0348652,0.0370838,0.0348652,147.424
750,105.5,80,0.0348788,0.0371491,0.0348788,125.2
750,105.5,80,0.0348861,0.0371885,0.0348861,107.189
750,105.5,80,0.0348931,0.0372312,0.0348931,92.595
750,105.5,80,0.0349068,0.0372759,0.0349068,80.8211
750,105.5,80,0.0349089,0.0373244,0.0349089,71.2048
750,105.5,80,0.0349161,0.0373632,0.0349161,63.4601
750,105.5,80,0.03493,0.0374174,0.03493,57.2154
750,105.5,80,0.0349371,0.0374639,0.0349371,52.1243
750,105.5,80,0.0349445,0.0375077,0.0349445,48.0077
750,105.5,80,0.0349513,0.0375479,0.0349513,44.6747
750,105.5,80,0.0349649,0.0376027,0.0349649,42.0048
750,105.5,80,0.0349723,0.0376418,0.0349723,39.8227
750,105.5,80,0.0349791,0.0376888,0.0349791,38.0454
750,105.5,80,0.0349927,0.0377331,0.0349927,36.657
750,105.5,80,0.0350001,0.0377783,0.0350001,35.4917
750,105.5,80,0.035007,0.0378182,0.035007,34.5504
750,105.5,80,0.0350141,0.0378608,0.0350141,33.7893
750,105.5,80,0.0350277,0.0379196,0.0350277,33.1986
750,105.5,80,0.0350334,0.037968,0.0350334,32.6854
750,105.5,80,0.0350442,0.0380194,0.0350442,32.3004
750,105.5,80,0.0350496,0.0380618,0.0350496,31.9639
750,105.5,80,0.035055,0.0381027,0.035055,31.6934
750,105.5,80,0.0350647,0.0381593,0.0350647,31.4919
750,105.5,80,0.0350704,0.0381991,0.0350704,31.3194
750,105.5,80,0.0350755,0.038242,0.0350755,31.1732
750,105.5,80,0.0350797,0.0382818,0.0350797,31.0524
750,105.5,80,0.0350879,0.0383356,0.0350879,30.973
750,105.5,80,0.0350908,0.0383785,0.0350908,30.8825
750,105.5,80,0.0350959,0.038441,0.0350959,30.8179
750,105.5,80,0.0350987,0.0384813,0.0350987,30.76
750,105.5,80,0.0351013,0.0385239,0.0351013,30.7123
750,105.5,80,0.0351033,0.0385638,0.0351033,30.6705
750,105.5,80,0.0351089,0.0386188,0.0351089,30.6568
750,105.5,80,0.0351113,0.0386574,0.0351113,30.6325
750,105.5,80,0.0351154,0.038713,0.0351154,30.6205
750,105.5,80,0.0351172,0.03876,0.0351172,30.5992
750,105.5,80,0.0351178,0.0388066,0.0351178,30.576
750,105.5,80,0.0351175,0.0388527,0.0351175,30.5512
750,105.5,80,0.0351176,0.0388999,0.0351176,30.535
750,105.5,80,0.0351176,0.0389377,0.0351176,30.5218
750,105.5,80,0.0351165,0.0389823,0.0351165,30.5041
750,105.5,80,0.0351158,0.039022,0.0351158,30.4932
750,105.5,80,0.0351157,0.0390731,0.0351157,30.4901
750,105.5,80,0.0351147,0.0391114,0.0351147,30.4798
750,105.5,80,0.0351147,0.0391554,0.0351147,30.4816
750,105.5,80,0.0351159,0.0392147,0.0351159,30.4917
750,105.5,80,0.0351164,0.0392562,0.0351164,30.4961
750,105.5,80,0.0351159,0.0392976,0.0351159,30.4933
750,105.5,80,0.035115,0.0393551,0.035115,30.4925
750,105.5,80,0.0351135,0.0394013,0.0351135,30.4864
750,105.5,80,0.0351071,0.0394612,0.0351071,30.4587
750,105.5,80,0.0351039,0.0395044,0.0351039,30.4472
750,105.5,80,0.0350948,0.0395666,0.0350948,30.4148
750,105.5,80,0.0350915,0.0396116,0.0350915,30.4116
750,105.5,80,0.0350835,0.0396712,0.0350835,30.3908
750,105.5,80,0.035079,0.0397138,0.035079,30.3824
750,105.5,80,0.0350673,0.0397773,0.0350673,30.351
750,105.5,80,0.0350627,0.0398223,0.0350627,30.3515
750,105.5,80,0.0350529,0.0398807,0.0350529,30.3308
750,105.5,80,0.0350496,0.0399199,0.0350496,30.3402
750,105.5,80,0.0350398,0.0399739,0.0350398,30.3178
750,105.5,80,0.0350324,0.0400198,0.0350324,30.3064
750,105.5,80,0.0350261,0.0400617,0.0350261,30.2996
750,105.5,80,0.0350201,0.0401037,0.0350201,30.2971
750,105.5,80,0.0350079,0.0401572,0.0350079,30.2678
750,105.5,80,0.035002,0.0401985,0.035002,30.2698
750,105.5,80,0.0349883,0.0402641,0.0349883,30.2503
750,105.5,80,0.0349832,0.0403033,0.0349832,30.2597
750,105.5,80,0.0349782,0.040348,0.0349782,30.2731
750,105.5,80,0.034971,0.0404053,0.034971,30.2802
750,105.5,80,0.0349705,0.0404468,0.0349705,30.3207
750,105.5,80,0.03497,0.0405102,0.03497,30.3579
750,105.5,80,0.0349697,0.0405556,0.0349697,30.3878
750,105.5,80,0.0349703,0.040595,0.0349703,30.4194
750,105.5,80,0.0349718,0.0406498,0.0349718,30.4508
750,105.5,80,0.0349736,0.0406893,0.0349736,30.4818
750,105.5,80,0.0349779,0.0407418,0.0349779,30.5215
750,105.5,80,0.0349809,0.0407889,0.0349809,30.5482
750,105.5,80,0.0349836,0.0408292,0.0349836,30.5714
750,105.5,80,0.0349868,0.0408684,0.0349868,30.5962
750,105.5,80,0.0349899,0.04091,0.0349899,30.6155
750,105.5,80,0.034994,0.0409624,0.034994,30.6349
750,105.5,80,0.0349947,0.0410033,0.0349947,30.6318
750,105.5,80,0.0349947,0.0410436,0.0349947,30.6247
750,105.5,80,0.0349894,0.0410873,0.0349894,30.5823
750,105.5,80,0.0349854,0.0411392,0.0349854,30.5621
750,105.5,80,0.0349837,0.0411811,0.0349837,30.557
750,105.5,80,0.0349823,0.0412219,0.0349823,30.5557
750,105.5,80,0.0349821,0.0412759,0.0349821,30.5659
750,105.5,80,0.0349831,0.0413153,0.0349831,30.5821
750,105.5,80,0.0349842,0.0413651,0.0349842,30.5973
750,105.5,80,0.0349867,0.0414194,0.0349867,30.6186
750,105.5,80,0.0349879,0.0414636,0.0349879,30.6304
750,105.5,80,0.0349913,0.04152,0.0349913,30.6527
750,105.5,80,0.0349952,0.0415609,0.0349952,30.6814
750,105.5,80,0.0349989,0.0416026,0.0349989,30.7038
750,105.5,80,0.0350079,0.0416494,0.0350079,30.7569
750,105.5,80,0.035014,0.0416982,0.035014,30.781
750,105.5,80,0.0350193,0.0417427,0.0350193,30.8004
750,105.5,80,0.0350318,0.0418033,0.0350318,30.8487
750,105.5,80,0.0350387,0.041852,0.0350387,30.8676
750,105.5,80,0.0350516,0.0418954,0.0350516,30.9322
750,105.5,80,0.035058,0.0419425,0.035058,30.9378
750,105.5,80,0.0350645,0.0419828,0.0350645,30.9506
750,105.5,80,0.0350763,0.042036,0.0350763,30.9848
750,105.5,80,0.0350811,0.0420826,0.0350811,30.9759
750,105.5,80,0.0350856,0.0421232,0.0350856,30.972
750,105.5,80,0.0350889,0.0421634,0.0350889,30.9613
750,105.5,80,0.035094,0.042212,0.035094,30.9623
750,105.5,80,0.0350965,0.042259,0.0350965,30.948
750,105.5,80,0.0350986,0.042299,0.0350986,30.9374
750,105.5,80,0.0351009,0.0423634,0.0351009,30.9269
750,105.5,80,0.0351009,0.0424054,0.0351009,30.9061
750,105.5,80,0.0351005,0.0424464,0.0351005,30.8871
750,105.5,80,0.0350969,0.0425037,0.0350969,30.857
750,105.5,80,0.0350951,0.0425421,0.0350951,30.8372
750,105.5,80,0.0350938,0.0425873,0.0350938,30.8274
750,105.5,80,0.0350912,0.0426282,0.0350912,30.8098
750,105.5,80,0.0350916,0.0426788,0.0350916,30.8189
750,105.5,80,0.0350925,0.0427163,0.0350925,30.8306
750,105.5,80,0.0350938,0.0427627,0.0350938,30.8435
750,105.5,80,0.0350977,0.042817,0.0350977,30.8701
750,105.5,80,0.0351006,0.0428602,0.0351006,30.8897
750,105.5,80,0.0351044,0.0429049,0.0351044,30.9132
750,105.5,80,0.0351113,0.0429573,0.0351113,30.9496
750,105.5,80,0.0351111,0.0429997,0.0351111,30.9367
750,105.5,80,0.0351079,0.0430433,0.0351079,30.9059
750,105.5,80,0.0351036,0.0431007,0.0351036,30.8809
750,105.5,80,0.0350737,0.0431421,0.0350737,30.6597
750,105.5,80,0.0350583,0.0431837,0.0350583,30.5862
750,105.5,80,0.0350474,0.043239,0.0350474,30.5785
750,105.5,80,0.0350291,0.04328,0.0350291,30.4947
750,105.5,80,0.0349907,0.0433412,0.0349907,30.3619
750,105.5,80,0.0349689,0.0433807,0.0349689,30.2819
750,105.5,80,0.034943,0.0434267,0.034943,30.2088
750,105.5,80,0.0348955,0.0434806,0.0348955,30.0431
750,105.5,80,0.0348711,0.0435225,0.0348711,30.003
750,105.5,80,0.0348446,0.0435641,0.0348446,29.9508
750,105.5,80,0.0347972,0.0436228,0.0347972,29.8448
750,105.5,80,0.0347732,0.0436634,0.0347732,29.8286
750,105.5,80,0.0347482,0.0437073,0.0347482,29.8196
750,105.5,80,0.0346943,0.0437614,0.0346943,29.6704
750,105.5,80,0.0346683,0.0438014,0.0346683,29.6584
750,105.5,80,0.0346137,0.0438658,0.0346137,29.5726
750,105.5,80,0.0345896,0.0439091,0.0345896,29.5977
750,105.5,80,0.0345666,0.0439492,0.0345666,29.6119
750,105.5,80,0.0345187,0.0440046,0.0345187,29.5233
750,105.5,80,0.0344955,0.0440444,0.0344955,29.541
750,105.5,80,0.0344718,0.044087,0.0344718,29.5601
750,105.5,80,0.0344187,0.0441422,0.0344187,29.4407
750,105.5,80,0.0343923,0.0441812,0.0343923,29.4351
750,105.5,80,0.0343652,0.0442243,0.0343652,29.4403
750,105.5,80,0.0343067,0.0442763,0.0343067,29.2822
750,105.5,80,0.0342792,0.044318,0.0342792,29.2978
750,105.5,80,0.0342512,0.0443565,0.0342512,29.2882
750,105.5,80,0.0341916,0.0444037,0.0341916,29.1081
750,105.5,80,0.034163,0.0444493,0.034163,29.1519
750,105.5,80,0.0341328,0.0444864,0.0341328,29.1306
750,105.5,80,0.0340988,0.044524,0.0340988,29.0835
750,105.5,80,0.0340352,0.0445841,0.0340352,28.9794
750,105.5,80,0.0340013,0.0446292,0.0340013,28.9926
750,105.5,80,0.0339319,0.044686,0.0339319,28.846
750,105.5,80,0.0339002,0.044725,0.0339002,28.8561
750,105.5,80,0.0338693,0.0447621,0.0338693,28.8559
750,105.5,80,0.0338384,0.0448075,0.0338384,28.8945
750,105.5,80,0.0337726,0.0448582,0.0337726,28.7295
750,105.5,80,0.0337115,0.044926,0.0337115,28.7012
750,105.5,80,0.0336801,0.0449702,0.0336801,28.7424
750,105.5,80,0.0336276,0.0450255,0.0336276,28.6927
750,105.5,80,0.0335994,0.0450644,0.0335994,28.7239
750,105.5,80,0.0335736,0.0451046,0.0335736,28.7701
750,105.5,80,0.033523,0.0451577,0.033523,28.7044
750,105.5,80,0.0334994,0.0451976,0.0334994,28.7607
750,105.5,80,0.0334742,0.0452388,0.0334742,28.7977
750,105.5,80,0.0334298,0.0452922,0.0334298,28.7526
750,105.5,80,0.0334086,0.0453282,0.0334086,28.7918
750,105.5,80,0.0333858,0.045368,0.0333858,28.8251
750,105.5,80,0.0333462,0.0454247,0.0333462,28.8046
750,105.5,80,0.0333269,0.0454629,0.0333269,28.8498
750,105.5,80,0.0333056,0.0455013,0.0333056,28.8683
750,105.5,80,0.0332673,0.0455566,0.0332673,28.8343
750,105.5,80,0.0332483,0.0455939,0.0332483,28.8639
750,105.5,80,0.0332267,0.0456314,0.0332267,28.8663
750,105.5,80,0.0332069,0.04567,0.0332069,28.8846
750,105.5,80,0.0331652,0.0457135,0.0331652,28.7627
750,105.5,80,0.0331439,0.0457573,0.0331439,28.7996
750,105.5,80,0.0331204,0.0457954,0.0331204,28.7909
750,105.5,80,0.0330995,0.0458322,0.0330995,28.7959
750,105.5,80,0.033059,0.045888,0.033059,28.7434
750,105.5,80,0.033035,0.045926,0.033035,28.7326
750,105.5,80,0.0330142,0.0459638,0.0330142,28.7446
750,105.5,80,0.0329925,0.0460001,0.0329925,28.7386
750,105.5,80,0.0329459,0.0460519,0.0329459,28.6349
750,105.5,80,0.0329243,0.0460883,0.0329243,28.644
750,105.5,80,0.0329032,0.0461251,0.0329032,28.6544
750,105.5,80,0.0328831,0.0461677,0.0328831,28.688
750,105.5,80,0.0328422,0.0462168,0.0328422,28.6046
750,105.5,80,0.0328237,0.0462556,0.0328237,28.6413
750,105.5,80,0.0327893,0.046316,0.0327893,28.6352
750,105.5,80,0.0327703,0.0463526,0.0327703,28.6484
750,105.5,80,0.0327387,0.0464114,0.0327387,28.6461
750,105.5,80,0.0327244,0.0464562,0.0327244,28.7095
750,105.5,80,0.032697,0.0465139,0.032697,28.7104
750,105.5,80,0.0326857,0.0465538,0.0326857,28.7686
750,105.5,80,0.0326628,0.0466093,0.0326628,28.7743
750,105.5,80,0.0326518,0.0466448,0.0326518,28.8108
750,105.5,80,0.0326401,0.0466792,0.0326401,28.8304
750,105.5,80,0.0326291,0.0467135,0.0326291,28.851
750,105.5,80,0.032617,0.0467511,0.032617,28.866
750,105.5,80,0.0326059,0.0467837,0.0326059,28.8732
750,105.5,80,0.0325828,0.0468382,0.0325828,28.8497
750,105.5,80,0.0325703,0.0468734,0.0325703,28.8514
750,105.5,80,0.0325594,0.0469101,0.0325594,28.8693
750,105.5,80,0.0325486,0.0469479,0.0325486,28.8856
750,105.5,80,0.0325374,0.0469822,0.0325374,28.8865
750,105.5,80,0.032511,0.0470311,0.032511,28.8215
750,105.5,80,0.0324981,0.0470681,0.0324981,28.8246
750,105.5,80,0.0324858,0.0471017,0.0324858,28.8213
750,105.5,80,0.032472,0.0471364,0.032472,28.8089
750,105.5,80,0.0324598,0.0471705,0.0324598,28.8084
750,105.5,80,0.0324445,0.0472054,0.0324445,28.7842
750,105.5,80,0.0324314,0.0472378,0.0324314,28.7739
750,105.5,80,0.0324061,0.0472809,0.0324061,28.7086
750,105.5,80,0.032394,0.0473254,0.032394,28.7447
750,105.5,80,0.0323815,0.0473623,0.0323815,28.7547
750,105.5,80,0.0323673,0.0473954,0.0323673,28.7373
750,105.5,80,0.0323544,0.0474348,0.0323544,28.7491
750,105.5,80,0.0323275,0.0474749,0.0323275,28.6588
750,105.5,80,0.0323141,0.0475192,0.0323141,28.6885
750,105.5,80,0.0322979,0.0475557,0.0322979,28.6718
750,105.5,80,0.0322692,0.0476049,0.0322692,28.6131
750,105.5,80,0.0322557,0.0476476,0.0322557,28.6421
750,105.5,80,0.0322398,0.0476893,0.0322398,28.6458
750,105.5,80,0.0322115,0.0477332,0.0322115,28.5704
750,105.5,80,0.0321984,0.0477767,0.0321984,28.6059
750,105.5,80,0.0321837,0.0478134,0.0321837,28.6066
750,105.5,80,0.0321569,0.0478734,0.0321569,28.5871
750,105.5,80,0.0321423,0.0479199,0.0321423,28.6109
750,105.5,80,0.0321107,0.0479692,0.0321107,28.5323
750,105.5,80,0.0320957,0.048006,0.0320957,28.537
750,105.5,80,0.032066,0.0480645,0.032066,28.5042
750,105.5,80,0.0320502,0.0481037,0.0320502,28.5105
750,105.5,80,0.0320368,0.0481454,0.0320368,28.5371
750,105.5,80,0.0320111,0.0481938,0.0320111,28.4948
750,105.5,80,0.0319968,0.0482374,0.0319968,28.5183
750,105.5,80,0.0319727,0.0482881,0.0319727,28.4925
750,105.5,80,0.0319553,0.0483274,0.0319553,28.4803
750,105.5,80,0.0319364,0.0483654,0.0319364,28.4546
750,105.5,80,0.0318896,0.048417,0.0318896,28.3073
750,105.5,80,0.0318625,0.0484553,0.0318625,28.2469
750,105.5,80,0.0318032,0.0485089,0.0318032,28.0718
750,105.5,80,0.0317739,0.0485465,0.0317739,28.0264
750,105.5,80,0.0317439,0.0485883,0.0317439,28.0016
750,105.5,80,0.0316795,0.048637,0.0316795,27.8005
750,105.5,80,0.0316422,0.0486766,0.0316422,27.7453
750,105.5,80,0.0315754,0.0487316,0.0315754,27.6077
750,105.5,80,0.0315414,0.0487724,0.0315414,27.6064
750,105.5,80,0.0315053,0.0488096,0.0315053,27.5658
750,105.5,80,0.0314236,0.0488595,0.0314236,27.329
750,105.5,80,0.0313899,0.0489071,0.0313899,27.3957
750,105.5,80,0.0313316,0.048953,0.0313316,27.2866
750,105.5,80,0.0312907,0.0489908,0.0312907,27.2512
750,105.5,80,0.0312297,0.0490481,0.0312297,27.2085
750,105.5,80,0.0312016,0.0490852,0.0312016,27.2659
750,105.5,80,0.0311469,0.0491308,0.0311469,27.1807
750,105.5,80,0.0311235,0.0491718,0.0311235,27.2839
750,105.5,80,0.0311021,0.0492116,0.0311021,27.3752
750,105.5,80,0.0310899,0.0492625,0.0310899,27.5292
750,105.5,80,0.0310416,0.0493009,0.0310416,27.3713
750,105.5,80,0.031053,0.049339,0.031053,27.6692
750,105.5,80,0.0310178,0.0493893,0.0310178,27.6312
750,105.5,80,0.0310013,0.0494268,0.0310013,27.6745
750,105.5,80,0.0309704,0.0494818,0.0309704,27.6681
750,105.5,80,0.0309528,0.0495205,0.0309528,27.6944
750,105.5,80,0.0309205,0.0495749,0.0309205,27.6708
750,105.5,80,0.0309031,0.0496127,0.0309031,27.6898
750,105.5,80,0.0308644,0.0496681,0.0308644,27.6316
750,105.5,80,0.0308457,0.0497057,0.0308457,27.6421
750,105.5,80,0.0308264,0.0497449,0.0308264,27.6507
750,105.5,80,0.0307844,0.0497894,0.0307844,27.5274
750,105.5,80,0.0307644,0.0498334,0.0307644,27.56
750,105.5,80,0.0307233,0.0498824,0.0307233,27.4745
750,105.5,80,0.030703,0.0499246,0.030703,27.5031
750,105.5,80,0.0306599,0.049964,0.0306599,27.3568
750,105.5,80,0.0306403,0.0500046,0.0306403,27.4009
750,105.5,80,0.0306213,0.0500412,0.0306213,27.4256
750,105.5,80,0.0305826,0.0500935,0.0305826,27.3773
750,105.5,80,0.0305647,0.0501311,0.0305647,27.4115
750,105.5,80,0.0305259,0.0501894,0.0305259,27.3782
750,105.5,80,0.0305094,0.0502256,0.0305094,27.4131
750,105.5,80,0.0304792,0.0502687,0.0304792,27.3698
750,105.5,80,0.0304643,0.0503095,0.0304643,27.4245
750,105.5,80,0.0304514,0.0503487,0.0304514,27.4773
750,105.5,80,0.0304286,0.0503986,0.0304286,27.4824
750,105.5,80,0.0304162,0.0504371,0.0304162,27.5235
750,105.5,80,0.0304044,0.0504724,0.0304044,27.5531
750,105.5,80,0.0303798,0.050524,0.0303798,27.5335
750,105.5,80,0.0303681,0.0505655,0.0303681,27.5709
750,105.5,80,0.0303407,0.0506132,0.0303407,27.5184
750,105.5,80,0.0303276,0.0506461,0.0303276,27.5251
750,105.5,80,0.030314,0.0506865,0.030314,27.5445
750,105.5,80,0.0302903,0.0507265,0.0302903,27.4894
750,105.5,80,0.0302788,0.0507646,0.0302788,27.5221
750,105.5,80,0.0302674,0.0508,0.0302674,27.5422
750,105.5,80,0.0302416,0.0508559,0.0302416,27.5157
750,105.5,80,0.0302297,0.0508912,0.0302297,27.5297
750,105.5,80,0.0302043,0.0509435,0.0302043,27.4962
750,105.5,80,0.0301914,0.0509811,0.0301914,27.5083
750,105.5,80,0.030165,0.0510368,0.030165,27.4778
750,105.5,80,0.0301528,0.0510728,0.0301528,27.4912
750,105.5,80,0.03014,0.0511104,0.03014,27.5013
750,105.5,80,0.0301143,0.0511566,0.0301143,27.4468
750,105.5,80,0.0301004,0.0512004,0.0301004,27.466
750,105.5,80,0.030078,0.0512492,0.030078,27.441
750,105.5,80,0.0300543,0.0513063,0.0300543,27.4293
750,105.5,80,0.0300434,0.0513463,0.0300434,27.4597
750,105.5,80,0.0300237,0.0513969,0.0300237,27.4493
750,105.5,80,0.0300125,0.0514319,0.0300125,27.4615
750,105.5,80,0.0299914,0.0514859,0.0299914,27.4475
750,105.5,80,0.0299811,0.0515195,0.0299811,27.4609
750,105.5,80,0.0299687,0.0515563,0.0299687,27.4618
750,105.5,80,0.029944,0.0516067,0.029944,27.4177
750,105.5,80,0.0299303,0.0516425,0.0299303,27.4116
750,105.5,80,0.0299159,0.0516774,0.0299159,27.3979
750,105.5,80,0.0298844,0.0517267,0.0298844,27.32
750,105.5,80,0.0298694,0.0517671,0.0298694,27.3286
750,105.5,80,0.0298354,0.0518158,0.0298354,27.2436
750,105.5,80,0.0298193,0.0518519,0.0298193,27.2423
750,105.5,80,0.029784,0.0519028,0.029784,27.1687
750,105.5,80,0.0297659,0.0519381,0.0297659,27.1593
750,105.5,80,0.0297473,0.051978,0.0297473,27.1613
750,105.5,80,0.0297086,0.052023,0.0297086,27.0529
750,105.5,80,0.0296851,0.0520596,0.0296851,27.0227
750,105.5,80,0.0296638,0.0520953,0.0296638,27.0088
750,105.5,80,0.029621,0.0521423,0.029621,26.9051
750,105.5,80,0.0295958,0.052177,0.0295958,26.8728
750,105.5,80,0.029573,0.0522159,0.029573,26.8783
750,105.5,80,0.029527,0.0522602,0.029527,26.7566
750,105.5,80,0.0294998,0.0522962,0.0294998,26.7338
750,105.5,80,0.0294758,0.0523312,0.0294758,26.7298
750,105.5,80,0.0294285,0.052379,0.0294285,26.6367
750,105.5,80,0.0294026,0.0524211,0.0294026,26.6601
750,105.5,80,0.0293587,0.0524665,0.0293587,26.5796
750,105.5,80,0.029336,0.052505,0.029336,26.6139
750,105.5,80,0.0292896,0.0525537,0.0292896,26.5372
750,105.5,80,0.0292693,0.0525871,0.0292693,26.5677
750,105.5,80,0.0292266,0.0526325,0.0292266,26.4977
750,105.5,80,0.029111,0.0528182,0.029111,26.471
750,105.5,80,0.0290929,0.0528583,0.0290929,26.534
750,105.5,80,0.0290565,0.0529036,0.0290565,26.4886
750,105.5,80,0.0290402,0.0529359,0.0290402,26.5305
750,105.5,80,0.0290229,0.0529726,0.0290229,26.5705
750,105.5,80,0.0289877,0.0530191,0.0289877,26.5226
750,105.5,80,0.0289715,0.0530504,0.0289715,26.5481
750,105.5,80,0.0289557,0.0530878,0.0289557,26.59
750,105.5,80,0.0289197,0.0531234,0.0289197,26.4712
750,105.5,80,0.0289058,0.0531634,0.0289058,26.5414
750,105.5,80,0.0288939,0.0531967,0.0288939,26.5948
750,105.5,80,0.0288657,0.0532427,0.0288657,26.5679
750,105.5,80,0.0288546,0.0532789,0.0288546,26.625
750,105.5,80,0.0288432,0.0533136,0.0288432,26.6659
750,105.5,80,0.0288315,0.0533472,0.0288315,26.6919
750,105.5,80,0.0288052,0.0533908,0.0288052,26.6444
750,105.5,80,0.0287921,0.0534243,0.0287921,26.6607
750,105.5,80,0.0287788,0.0534583,0.0287788,26.6725
750,105.5,80,0.0287633,0.0534926,0.0287633,26.6649
750,105.5,80,0.0287362,0.0535388,0.0287362,26.6196
750,105.5,80,0.0287227,0.0535726,0.0287227,26.632
750,105.5,80,0.028688,0.0536241,0.028688,26.5633
750,105.5,80,0.0286763,0.0536561,0.0286763,26.5892
750,105.5,80,0.0286494,0.0537004,0.0286494,26.5447
750,105.5,80,0.028638,0.0537385,0.028638,26.587
750,105.5,80,0.0286264,0.0537714,0.0286264,26.608
750,105.5,80,0.0286144,0.053807,0.0286144,26.6272
750,105.5,80,0.0285902,0.05385,0.0285902,26.5819
750,105.5,80,0.0285794,0.053883,0.0285794,26.6048
750,105.5,80,0.0285695,0.0539213,0.0285695,26.64
750,105.5,80,0.0285476,0.0539665,0.0285476,26.6086
750,105.5,80,0.0285361,0.0540003,0.0285361,26.6199
750,105.5,80,0.0285122,0.0540419,0.0285122,26.5662
750,105.5,80,0.0284982,0.0540802,0.0284982,26.575
750,105.5,80,0.0284851,0.0541144,0.0284851,26.5774
750,105.5,80,0.0284712,0.0541498,0.0284712,26.5757
750,105.5,80,0.0284442,0.054194,0.0284442,26.5144
750,105.5,80,0.0284291,0.0542267,0.0284291,26.5033
750,105.5,80,0.028416,0.0542611,0.028416,26.5127
750,105.5,80,0.0283878,0.0543052,0.0283878,26.4509
750,105.5,80,0.028371,0.0543377,0.028371,26.4319
750,105.5,80,0.0283558,0.0543702,0.0283558,26.4279
750,105.5,80,0.0283399,0.0544042,0.0283399,26.4233
750,105.5,80,0.0283058,0.0544471,0.0283058,26.3301
750,105.5,80,0.0282892,0.054483,0.0282892,26.3398
750,105.5,80,0.0282531,0.0545328,0.0282531,26.2725
750,105.5,80,0.0282359,0.054566,0.0282359,26.2738
750,105.5,80,0.0282207,0.0546025,0.0282207,26.2975
750,105.5,80,0.0281912,0.0546464,0.0281912,26.2481
750,105.5,80,0.0281582,0.0547004,0.0281582,26.2165
750,105.5,80,0.028143,0.0547351,0.028143,26.2382
750,105.5,80,0.0281281,0.0547707,0.0281281,26.259
750,105.5,80,0.0280974,0.0548143,0.0280974,26.1994
750,105.5,80,0.0280825,0.0548478,0.0280825,26.2163
750,105.5,80,0.028069,0.0548807,0.028069,26.2379
750,105.5,80,0.0280419,0.0549253,0.0280419,26.2002
750,105.5,80,0.0280293,0.0549578,0.0280293,26.2266
750,105.5,80,0.0280163,0.0549932,0.0280163,26.2505
750,105.5,80,0.0280107,0.0550391,0.0280107,26.3313
750,105.5,80,0.0279975,0.0550753,0.0279975,26.335
750,105.5,80,0.0279702,0.055112,0.0279702,26.2424
750,105.5,80,0.027953,0.0551506,0.027953,26.2384
750,105.5,80,0.0279372,0.055183,0.0279372,26.2245
750,105.5,80,0.0279217,0.0552177,0.0279217,26.2211
750,105.5,80,0.0278859,0.0552604,0.0278859,26.1149
750,105.5,80,0.027868,0.0552947,0.027868,26.1089
750,105.5,80,0.0278505,0.055328,0.0278505,26.1009
750,105.5,80,0.0278128,0.0553736,0.0278128,26.0122
750,105.5,80,0.0277943,0.0554049,0.0277943,26.0012
750,105.5,80,0.0277745,0.0554405,0.0277745,25.9973
750,105.5,80,0.0277316,0.0554847,0.0277316,25.8844
750,105.5,80,0.0277106,0.0555211,0.0277106,25.8901
750,105.5,80,0.0276686,0.0555681,0.0276686,25.8086
750,105.5,80,0.0276486,0.0556082,0.0276486,25.8406
750,105.5,80,0.0276038,0.0556488,0.0276038,25.7129
750,105.5,80,0.027583,0.055682,0.027583,25.7253
750,105.5,80,0.0275626,0.0557168,0.0275626,25.7438
750,105.5,80,0.0275208,0.0557601,0.0275208,25.6573
750,105.5,80,0.0275014,0.0557921,0.0275014,25.6776
750,105.5,80,0.0274823,0.055826,0.0274823,25.7018
750,105.5,80,0.0274427,0.0558682,0.0274427,25.6221
750,105.5,80,0.0274235,0.0559011,0.0274235,25.6454
750,105.5,80,0.027383,0.0559416,0.027383,25.5562
750,105.5,80,0.0273638,0.0559782,0.0273638,25.5988
750,105.5,80,0.0273452,0.0560092,0.0273452,25.6144
750,105.5,80,0.0273267,0.0560461,0.0273267,25.6474
750,105.5,80,0.0272922,0.056086,0.0272922,25.5811
750,105.5,80,0.0272769,0.0561187,0.0272769,25.6243
750,105.5,80,0.027263,0.0561502,0.027263,25.6642
750,105.5,80,0.027237,0.0561975,0.027237,25.664
750,105.5,80,0.027222,0.0562298,0.027222,25.6866
750,105.5,80,0.0271942,0.0562762,0.0271942,25.6663
750,105.5,80,0.0271791,0.0563078,0.0271791,25.6809
750,105.5,80,0.0271532,0.0563594,0.0271532,25.6801
750,105.5,80,0.0271406,0.0563908,0.0271406,25.7069
750,105.5,80,0.0271291,0.0564252,0.0271291,25.7435
750,105.5,80,0.0271064,0.0564679,0.0271064,25.7207
750,105.5,80,0.0270967,0.0565024,0.0270967,25.7637
750,105.5,80,0.0270873,0.0565329,0.0270873,25.7921
750,105.5,80,0.0270654,0.0565763,0.0270654,25.7635
750,105.5,80,0.0270555,0.0566083,0.0270555,25.7886
750,105.5,80,0.027046,0.0566422,0.027046,25.8151
750,105.5,80,0.0270241,0.0566828,0.0270241,25.7704
750,105.5,80,0.0270125,0.0567153,0.0270125,25.7791
750,105.5,80,0.0270013,0.0567482,0.0270013,25.7889
750,105.5,80,0.0269785,0.0567903,0.0269785,25.7446
750,105.5,80,0.0269676,0.0568215,0.0269676,25.7552
750,105.5,80,0.0269547,0.0568529,0.0269547,25.7486
750,105.5,80,0.026942,0.0568849,0.026942,25.746
750,105.5,80,0.0269162,0.056928,0.0269162,25.6897
750,105.5,80,0.0269011,0.0569593,0.0269011,25.6739
750,105.5,80,0.0268751,0.0569975,0.0268751,25.6091
750,105.5,80,0.0268614,0.057034,0.0268614,25.6284
750,105.5,80,0.0268466,0.0570649,0.0268466,25.619
750,105.5,80,0.0268331,0.0570991,0.0268331,25.6303
750,105.5,80,0.0268058,0.0571415,0.0268058,25.5741
750,105.5,80,0.0267922,0.05717,0.0267922,25.5712
750,105.5,80,0.0267767,0.0572005,0.0267767,25.5594
750,105.5,80,0.0267632,0.0572323,0.0267632,25.5675
750,105.5,80,0.0267366,0.0572741,0.0267366,25.5189
750,105.5,80,0.0267197,0.0573054,0.0267197,25.5039
750,105.5,80,0.0266904,0.0573532,0.0266904,25.4663
750,105.5,80,0.0266752,0.0573847,0.0266752,25.47
750,105.5,80,0.0266614,0.05742,0.0266614,25.4923
750,105.5,80,0.0266341,0.0574619,0.0266341,25.4438
750,105.5,80,0.0266203,0.0574938,0.0266203,25.4579
750,105.5,80,0.0266078,0.0575262,0.0266078,25.478
750,105.5,80,0.0265822,0.0575688,0.0265822,25.4396
750,105.5,80,0.0265677,0.0576008,0.0265677,25.4445
750,105.5,80,0.0265543,0.0576343,0.0265543,25.4588
750,105.5,80,0.0265276,0.0576752,0.0265276,25.407
750,105.5,80,0.0265125,0.0577091,0.0265125,25.4131
750,105.5,80,0.0264854,0.0577517,0.0264854,25.3692
750,105.5,80,0.0264731,0.0577853,0.0264731,25.3979
750,105.5,80,0.0264623,0.0578162,0.0264623,25.4236
750,105.5,80,0.0264366,0.0578565,0.0264366,25.3735
750,105.5,80,0.0264253,0.057888,0.0264253,25.398
750,105.5,80,0.0264144,0.0579233,0.0264144,25.4287
750,105.5,80,0.0263935,0.0579638,0.0263935,25.4018
750,105.5,80,0.0263834,0.0579954,0.0263834,25.427
750,105.5,80,0.0263733,0.0580291,0.0263733,25.451
750,105.5,80,0.0263526,0.058069,0.0263526,25.4161
750,105.5,80,0.0263437,0.0580999,0.0263437,25.4416
750,105.5,80,0.0263287,0.0581481,0.0263287,25.4548
750,105.5,80,0.0263172,0.0581777,0.0263172,25.4488
750,105.5,80,0.0263099,0.0582138,0.0263099,25.4854
750,105.5,80,0.026292,0.0582539,0.026292,25.4563
750,105.5,80,0.0262846,0.0582838,0.0262846,25.4796
750,105.5,80,0.0262779,0.0583166,0.0262779,25.5075
750,105.5,80,0.0262651,0.0583569,0.0262651,25.5026
750,105.5,80,0.0262565,0.058387,0.0262565,25.5066
750,105.5,80,0.0262488,0.0584209,0.0262488,25.522
750,105.5,80,0.0262415,0.0584495,0.0262415,25.5283
750,105.5,80,0.0262277,0.0584875,0.0262277,25.5063
750,105.5,80,0.0262186,0.058518,0.0262186,25.5042
750,105.5,80,0.0262059,0.0585583,0.0262059,25.4961
750,105.5,80,0.0261903,0.0585947,0.0261903,25.4623
750,105.5,80,0.0261829,0.0586251,0.0261829,25.478
750,105.5,80,0.0261764,0.0586587,0.0261764,25.5012
750,105.5,80,0.0261646,0.0586991,0.0261646,25.4959
750,105.5,80,0.0261571,0.05873,0.0261571,25.5043
750,105.5,80,0.0261438,0.0587767,0.0261438,25.4985
750,105.5,80,0.0261358,0.0588082,0.0261358,25.5017
750,105.5,80,0.0261264,0.0588373,0.0261264,25.4875
750,105.5,80,0.0261186,0.058868,0.0261186,25.4918
750,105.5,80,0.0261049,0.0589062,0.0261049,25.4691
750,105.5,80,0.026097,0.058936,0.026097,25.4728
750,105.5,80,0.0260899,0.0589708,0.0260899,25.4886
750,105.5,80,0.0260754,0.0590117,0.0260754,25.465
750,105.5,80,0.026068,0.0590435,0.026068,25.4748
750,105.5,80,0.0260597,0.0590741,0.0260597,25.4734
750,105.5,80,0.0260461,0.0591159,0.0260461,25.4574
750,105.5,80,0.0260383,0.0591445,0.0260383,25.4573
750,105.5,80,0.0260285,0.0591782,0.0260285,25.4525
750,105.5,80,0.0260109,0.0592103,0.0260109,25.388
750,105.5,80,0.0260015,0.0592455,0.0260015,25.3988
750,105.5,80,0.0259912,0.0592735,0.0259912,25.3842
750,105.5,80,0.0259739,0.0593149,0.0259739,25.3574
750,105.5,80,0.0259638,0.0593495,0.0259638,25.3654
750,105.5,80,0.025952,0.0593813,0.025952,25.3531
750,105.5,80,0.025942,0.0594116,0.025942,25.3519
750,105.5,80,0.0259252,0.059451,0.0259252,25.3255
750,105.5,80,0.0259172,0.0594806,0.0259172,25.3413
750,105.5,80,0.0259079,0.0595117,0.0259079,25.3455
750,105.5,80,0.0259006,0.0595428,0.0259006,25.3642
750,105.5,80,0.025885,0.0595831,0.025885,25.3415
750,105.5,80,0.0258781,0.0596122,0.0258781,25.359
750,105.5,80,0.0258648,0.0596506,0.0258648,25.3453
750,105.5,80,0.0258584,0.0596858,0.0258584,25.373
750,105.5,80,0.0258518,0.0597179,0.0258518,25.3892
750,105.5,80,0.0258434,0.0597483,0.0258434,25.3861
750,105.5,80,0.025827,0.0597877,0.025827,25.3487
750,105.5,80,0.0258186,0.0598168,0.0258186,25.3481
750,105.5,80,0.0258114,0.0598527,0.0258114,25.3674
750,105.5,80,0.0257939,0.0598913,0.0257939,25.323
750,105.5,80,0.0257824,0.0599201,0.0257824,25.2997
750,105.5,80,0.0257722,0.0599551,0.0257722,25.3034
750,105.5,80,0.0257576,0.0599952,0.0257576,25.2886
750,105.5,80,0.0257514,0.0600228,0.0257514,25.3083
750,105.5,80,0.0257441,0.0600559,0.0257441,25.3255
750,105.5,80,0.0257328,0.0600976,0.0257328,25.3259
750,105.5,80,0.0257269,0.0601269,0.0257269,25.3431
750,105.5,80,0.02572,0.0601621,0.02572,25.3576
750,105.5,80,0.0257107,0.060201,0.0257107,25.3584
750,105.5,80,0.0257059,0.060229,0.0257059,25.3754
750,105.5,80,0.0257152,0.0602599,0.0257152,25.4962
750,105.5,80,0.0257049,0.0603005,0.0257049,25.4686
750,105.5,80,0.0256992,0.0603298,0.0256992,25.4605
750,105.5,80,0.0256927,0.0603581,0.0256927,25.4454
750,105.5,80,0.0256876,0.0603921,0.0256876,25.4505
750,105.5,80,0.0256796,0.0604298,0.0256796,25.4405
750,105.5,80,0.0256743,0.0604596,0.0256743,25.4399
750,105.5,80,0.0256709,0.0604871,0.0256709,25.4518
750,105.5,80,0.0256684,0.0605174,0.0256684,25.4712
750,105.5,80,0.0256649,0.0605467,0.0256649,25.4781
750,105.5,80,0.0256564,0.060585,0.0256564,25.4604
750,105.5,80,0.0256528,0.0606162,0.0256528,25.4704
750,105.5,80,0.0256464,0.0606624,0.0256464,25.4733
750,105.5,80,0.025645,0.0606904,0.025645,25.4953
750,105.5,80,0.0256453,0.0607243,0.0256453,25.5278
750,105.5,80,0.0256448,0.060765,0.0256448,25.5508
750,105.5,80,0.0256447,0.0608034,0.0256447,25.5716
750,105.5,80,0.025647,0.0608407,0.025647,25.6046
750,105.5,80,0.0256481,0.0608712,0.0256481,25.6252
750,105.5,80,0.0256488,0.060903,0.0256488,25.6398
750,105.5,80,0.0256532,0.0609436,0.0256532,25.6739
750,105.5,80,0.0256562,0.0609712,0.0256562,25.701
750,105.5,80,0.0256591,0.0610006,0.0256591,25.7214
750,105.5,80,0.0256627,0.0610275,0.0256627,25.7463
750,105.5,80,0.0256709,0.0610701,0.0256709,25.7851
750,105.5,80,0.0256752,0.0610973,0.0256752,25.8066
750,105.5,80,0.0256794,0.0611231,0.0256794,25.8257
750,105.5,80,0.025684,0.0611489,0.025684,25.8466
750,105.5,80,0.0256881,0.0611757,0.0256881,25.8591
750,105.5,80,0.0256916,0.0612014,0.0256916,25.8655
750,105.5,80,0.0256961,0.0612276,0.0256961,25.8804
750,105.5,80,0.0257005,0.0612533,0.0257005,25.893
750,105.5,80,0.0257053,0.0612802,0.0257053,25.9071
750,105.5,80,0.0257092,0.0613059,0.0257092,25.9129
750,105.5,80,0.025713,0.0613316,0.025713,25.9179
750,105.5,80,0.0257164,0.0613574,0.0257164,25.9192
750,105.5,80,0.0257204,0.0613847,0.0257204,25.9253
750,105.5,80,0.0257235,0.0614105,0.0257235,25.9248
750,105.5,80,0.0257262,0.0614377,0.0257262,25.9206
750,105.5,80,0.0257289,0.0614652,0.0257289,25.9189
750,105.5,80,0.0257306,0.0614919,0.0257306,25.91
750,105.5,80,0.0257323,0.0615176,0.0257323,25.9035
750,105.5,80,0.0257331,0.0615456,0.0257331,25.8911
750,105.5,80,0.0257348,0.0615841,0.0257348,25.8873
750,105.5,80,0.025735,0.0616127,0.025735,25.8746
750,105.5,80,0.025735,0.0616385,0.025735,25.8638
750,105.5,80,0.0257341,0.0616642,0.0257341,25.8469
750,105.5,80,0.0257342,0.06169,0.0257342,25.8425
750,105.5,80,0.025734,0.0617157,0.025734,25.8376
750,105.5,80,0.0257338,0.0617415,0.0257338,25.8339
750,105.5,80,0.025734,0.0617672,0.025734,25.8344
750,105.5,80,0.0257342,0.0617935,0.0257342,25.835
750,105.5,80,0.025734,0.0618206,0.025734,25.8333
750,105.5,80,0.0257338,0.0618463,0.0257338,25.8322
750,105.5,80,0.0257332,0.0618743,0.0257332,25.8291
750,105.5,80,0.0257324,0.0619009,0.0257324,25.8249
750,105.5,80,0.0257284,0.0619357,0.0257284,25.8028
750,105.5,80,0.025726,0.0619702,0.025726,25.7956
750,105.5,80,0.0257227,0.0619976,0.0257227,25.7785
750,105.5,80,0.0257189,0.0620238,0.0257189,25.759
750,105.5,80,0.0257153,0.0620511,0.0257153,25.7456
750,105.5,80,0.0257116,0.0620778,0.0257116,25.7339
750,105.5,80,0.025708,0.0621066,0.025708,25.727
750,105.5,80,0.0257046,0.0621329,0.0257046,25.7217
750,105.5,80,0.0257016,0.0621592,0.0257016,25.7195
750,105.5,80,0.0256962,0.0621928,0.0256962,25.7076
750,105.5,80,0.0256936,0.0622262,0.0256936,25.7171
750,105.5,80,0.0256904,0.0622527,0.0256904,25.715
750,105.5,80,0.025687,0.0622805,0.025687,25.7136
750,105.5,80,0.0256836,0.0623061,0.0256836,25.7099
750,105.5,80,0.0256803,0.0623321,0.0256803,25.7076
750,105.5,80,0.0256766,0.0623578,0.0256766,25.7021
750,105.5,80,0.0256744,0.0623849,0.0256744,25.7124
750,105.5,80,0.0256737,0.0624106,0.0256737,25.7327
750,105.5,80,0.0256727,0.0624363,0.0256727,25.747
750,105.5,80,0.0256717,0.0624622,0.0256717,25.7588
750,105.5,80,0.0256717,0.0624879,0.0256717,25.7782
750,105.5,80,0.0256718,0.0625136,0.0256718,25.7943
750,105.5,80,0.0256719,0.0625398,0.0256719,25.8081
750,105.5,80,0.0256722,0.0625655,0.0256722,25.822
750,105.5,80,0.0256717,0.062593,0.0256717,25.8275
750,105.5,80,0.0256711,0.0626212,0.0256711,25.8312
750,105.5,80,0.0256698,0.0626487,0.0256698,25.8287
750,105.5,80,0.0256683,0.0626744,0.0256683,25.8248
750,105.5,80,0.0256647,0.0627142,0.0256647,25.8151
750,105.5,80,0.0256641,0.0627411,0.0256641,25.8218
750,105.5,80,0.0256616,0.0627687,0.0256616,25.8131
750,105.5,80,0.0256603,0.0627946,0.0256603,25.8148
750,105.5,80,0.0256589,0.0628213,0.0256589,25.8164
750,105.5,80,0.0256573,0.0628469,0.0256573,25.8154
750,105.5,80,0.0256559,0.0628726,0.0256559,25.8172
750,105.5,80,0.0256557,0.0628983,0.0256557,25.8287
750,105.5,80,0.0256545,0.0629271,0.0256545,25.8321
750,105.5,80,0.0256539,0.0629528,0.0256539,25.8387
750,105.5,80,0.0256535,0.0629784,0.0256535,25.846
750,105.5,80,0.0256533,0.0630058,0.0256533,25.8545
750,105.5,80,0.0256517,0.0630337,0.0256517,25.8508
750,105.5,80,0.0256507,0.0630593,0.0256507,25.8515
750,105.5,80,0.0256475,0.063097,0.0256475,25.8432
750,105.5,80,0.0256449,0.0631243,0.0256449,25.8339
750,105.5,80,0.0256414,0.0631513,0.0256414,25.8186
750,105.5,80,0.0256392,0.0631774,0.0256392,25.8173
750,105.5,80,0.0256374,0.0632036,0.0256374,25.8186
750,105.5,80,0.0256308,0.0632292,0.0256308,25.7787
750,105.5,80,0.0256303,0.0632549,0.0256303,25.7985
750,105.5,80,0.0256297,0.0632851,0.0256297,25.8157
750,105.5,80,0.0256317,0.0633196,0.0256317,25.8489
750,105.5,80,0.0256317,0.0633551,0.0256317,25.8628
750,105.5,80,0.0256329,0.0633825,0.0256329,25.8846
750,105.5,80,0.0256342,0.0634087,0.0256342,25.9037
750,105.5,80,0.0256357,0.0634343,0.0256357,25.9213
750,105.5,80,0.0256373,0.0634602,0.0256373,25.9376
750,105.5,80,0.0256387,0.0634864,0.0256387,25.9496
750,105.5,80,0.02564,0.063512,0.02564,25.9594
750,105.5,80,0.0256412,0.0635389,0.0256412,25.9672
750,105.5,80,0.0256426,0.0635657,0.0256426,25.9747
750,105.5,80,0.0256432,0.0635949,0.0256432,25.9762
750,105.5,80,0.0256445,0.0636209,0.0256445,25.9836
750,105.5,80,0.0256465,0.063647,0.0256465,25.9961
750,105.5,80,0.0256491,0.0636781,0.0256491,26.0093
750,105.5,80,0.0256508,0.0637117,0.0256508,26.0142
750,105.5,80,0.0256521,0.0637416,0.0256521,26.0172
750,105.5,80,0.0256535,0.0637677,0.0256535,26.0218
750,105.5,80,0.0256548,0.0637951,0.0256548,26.0253
750,105.5,80,0.0256584,0.063832,0.0256584,26.0413
750,105.5,80,0.02566,0.0638667,0.02566,26.0439
750,105.5,80,0.0256617,0.0638942,0.0256617,26.0495
750,105.5,80,0.0256634,0.0639199,0.0256634,26.0551
750,105.5,80,0.0256646,0.0639471,0.0256646,26.0558
750,105.5,80,0.0256656,0.0639728,0.0256656,26.0552
750,105.5,80,0.0256657,0.0640003,0.0256657,26.0486
750,105.5,80,0.0256658,0.064026,0.0256658,26.043
750,105.5,80,0.0256651,0.0640573,0.0256651,26.0333
750,105.5,80,0.0256624,0.0640889,0.0256624,26.0123
750,105.5,80,0.0256599,0.0641227,0.0256599,25.9982
750,105.5,80,0.0256572,0.0641491,0.0256572,25.9802
750,105.5,80,0.0256539,0.0641756,0.0256539,25.9606
750,105.5,80,0.0256502,0.0642012,0.0256502,25.9402
750,105.5,80,0.0256461,0.0642275,0.0256461,25.9218
750,105.5,80,0.0256414,0.0642534,0.0256414,25.9002
750,105.5,80,0.0256374,0.0642825,0.0256374,25.893
750,105.5,80,0.0256338,0.0643127,0.0256338,25.8912
750,105.5,80,0.0256307,0.0643411,0.0256307,25.8918
750,105.5,80,0.0256255,0.0643699,0.0256255,25.8774
750,105.5,80,0.0256236,0.0644039,0.0256236,25.8931
750,105.5,80,0.0256216,0.0644304,0.0256216,25.9015
750,105.5,80,0.0256189,0.0644578,0.0256189,25.9037
750,105.5,80,0.0256172,0.0644834,0.0256172,25.9122
750,105.5,80,0.025615,0.0645099,0.025615,25.916
750,105.5,80,0.025613,0.0645356,0.025613,25.9204
750,105.5,80,0.0256122,0.0645621,0.0256122,25.9349
750,105.5,80,0.0256105,0.0645877,0.0256105,25.9396
750,105.5,80,0.0256096,0.0646134,0.0256096,25.9499
750,105.5,80,0.025609,0.0646391,0.025609,25.9612
750,105.5,80,0.0256088,0.0646647,0.0256088,25.975
750,105.5,80,0.0256091,0.0646911,0.0256091,25.9898
750,105.5,80,0.0256102,0.0647198,0.0256102,26.0097
750,105.5,80,0.0256117,0.0647468,0.0256117,26.0301
750,105.5,80,0.0256141,0.0647729,0.0256141,26.0549
750,105.5,80,0.0256161,0.0647985,0.0256161,26.0734
750,105.5,80,0.0256203,0.0648392,0.0256203,26.0973
750,105.5,80,0.0256235,0.0648654,0.0256235,26.1193
750,105.5,80,0.0256255,0.0648923,0.0256255,26.1278
750,105.5,80,0.0256276,0.0649179,0.0256276,26.1374
750,105.5,80,0.02563,0.0649444,0.02563,26.1479
750,105.5,80,0.0256318,0.06497,0.0256318,26.1523
750,105.5,80,0.0256333,0.0649957,0.0256333,26.1533
750,105.5,80,0.0256347,0.0650213,0.0256347,26.1548
750,105.5,80,0.025636,0.065047,0.025636,26.1562
750,105.5,80,0.0256371,0.0650726,0.0256371,26.1561
750,105.5,80,0.025638,0.0650987,0.025638,26.1547
750,105.5,80,0.0256391,0.0651244,0.0256391,26.1557
750,105.5,80,0.0256395,0.0651505,0.0256395,26.1509
750,105.5,80,0.0256402,0.0651762,0.0256402,26.1511
750,105.5,80,0.0256401,0.0652019,0.0256401,26.1446
750,105.5,80,0.0256403,0.0652275,0.0256403,26.1423
750,105.5,80,0.0256401,0.0652535,0.0256401,26.1374
750,105.5,80,0.0256452,0.0652792,0.0256452,26.1796
750,105.5,80,0.0256451,0.0653048,0.0256451,26.1703
750,105.5,80,0.0256444,0.0653308,0.0256444,26.1587
750,105.5,80,0.0256441,0.0653589,0.0256441,26.1524
750,105.5,80,0.0256437,0.0653865,0.0256437,26.1481
750,105.5,80,0.0256448,0.0654287,0.0256448,26.1554
750,105.5,80,0.0256457,0.065457,0.0256457,26.162
750,105.5,80,0.0256469,0.0654837,0.0256469,26.1705
750,105.5,80,0.0256484,0.0655094,0.0256484,26.1814
750,105.5,80,0.0256503,0.0655356,0.0256503,26.1938
750,105.5,80,0.0256531,0.0655613,0.0256531,26.2128
750,105.5,80,0.0256562,0.0655926,0.0256562,26.2282
750,105.5,80,0.0256635,0.0656332,0.0256635,26.2623
750,105.5,80,0.0256672,0.0656618,0.0256672,26.2773
750,105.5,80,0.0256712,0.0656887,0.0256712,26.2953
750,105.5,80,0.0256748,0.0657228,0.0256748,26.3017
750,105.5,80,0.0256815,0.0657625,0.0256815,26.3243
750,105.5,80,0.0256847,0.0657924,0.0256847,26.3283
750,105.5,80,0.0256887,0.0658397,0.0256887,26.3303
750,105.5,80,0.0256896,0.0658753,0.0256896,26.3172
750,105.5,80,0.0256904,0.065914,0.0256904,26.3076
750,105.5,80,0.0256908,0.0659449,0.0256908,26.2972
750,105.5,80,0.0256908,0.0659729,0.0256908,26.2861
750,105.5,80,0.025691,0.0660027,0.025691,26.2797
750,105.5,80,0.02569,0.0660322,0.02569,26.2666
750,105.5,80,0.0256878,0.06607,0.0256878,26.2504
750,105.5,80,0.0256863,0.0660979,0.0256863,26.2388
750,105.5,80,0.0256836,0.0661311,0.0256836,26.2234
750,105.5,80,0.0256775,0.0661722,0.0256775,26.1954
750,105.5,80,0.0256739,0.0662001,0.0256739,26.1778
750,105.5,80,0.0256706,0.0662303,0.0256706,26.1676
750,105.5,80,0.0256677,0.0662613,0.0256677,26.1632
750,105.5,80,0.0256632,0.0662994,0.0256632,26.1547
750,105.5,80,0.0256607,0.0663283,0.0256607,26.1547
750,105.5,80,0.0256588,0.0663574,0.0256588,26.16
750,105.5,80,0.0256569,0.0664124,0.0256569,26.1732
750,105.5,80,0.0256562,0.0664557,0.0256562,26.1885
750,105.5,80,0.0256568,0.0664909,0.0256568,26.2087
750,105.5,80,0.0256595,0.066532,0.0256595,26.2373
750,105.5,80,0.0256611,0.0665641,0.0256611,26.2574
750,105.5,80,0.025663,0.0665946,0.025663,26.2771
750,105.5,80,0.0256675,0.0666338,0.0256675,26.3071
750,105.5,80,0.025669,0.0666613,0.025669,26.3176
750,105.5,80,0.0256711,0.0666875,0.0256711,26.3319
750,105.5,80,0.0256729,0.0667132,0.0256729,26.3426
750,105.5,80,0.0256753,0.0667407,0.0256753,26.3551
750,105.5,80,0.0256772,0.0667664,0.0256772,26.3637
750,105.5,80,0.0256794,0.0667952,0.0256794,26.3725
750,105.5,80,0.0256812,0.066825,0.0256812,26.3769
750,105.5,80,0.0256841,0.0668556,0.0256841,26.3889
750,105.5,80,0.0256847,0.0668906,0.0256847,26.3828
750,105.5,80,0.025685,0.0669174,0.025685,26.3769
750,105.5,80,0.0256853,0.0669431,0.0256853,26.3721
750,105.5,80,0.0256854,0.0669688,0.0256854,26.3663
750,105.5,80,0.0256851,0.0669948,0.0256851,26.36
750,105.5,80,0.0256845,0.0670225,0.0256845,26.3526
750,105.5,80,0.0256841,0.0670482,0.0256841,26.3484
750,105.5,80,0.0256835,0.0670746,0.0256835,26.3432
750,105.5,80,0.0256828,0.0671003,0.0256828,26.3395
750,105.5,80,0.0256824,0.0671281,0.0256824,26.3391
750,105.5,80,0.0256809,0.0671705,0.0256809,26.3365
750,105.5,80,0.0256805,0.0672011,0.0256805,26.3385
750,105.5,80,0.0256801,0.0672272,0.0256801,26.3397
750,105.5,80,0.0256792,0.0672562,0.0256792,26.3386
750,105.5,80,0.0256774,0.0672831,0.0256774,26.3296
750,105.5,80,0.0256771,0.0673088,0.0256771,26.3344
750,105.5,80,0.0256754,0.0673432,0.0256754,26.331
750,105.5,80,0.025675,0.0673771,0.025675,26.3378
750,105.5,80,0.0256748,0.0674061,0.0256748,26.3447
750,105.5,80,0.0256753,0.0674338,0.0256753,26.356
750,105.5,80,0.0256765,0.0674601,0.0256765,26.3717
750,105.5,80,0.0256778,0.0674902,0.0256778,26.3849
750,105.5,80,0.0256809,0.0675311,0.0256809,26.4063
750,105.5,80,0.0256831,0.0675597,0.0256831,26.4224
750,105.5,80,0.025681,0.0675875,0.025681,26.4019
750,105.5,80,0.0256826,0.06762,0.0256826,26.415
750,105.5,80,0.0256873,0.06766,0.0256873,26.4432
750,105.5,80,0.0256892,0.0676878,0.0256892,26.4537
750,105.5,80,0.0256907,0.0677144,0.0256907,26.4611
750,105.5,80,0.0256917,0.0677423,0.0256917,26.4628
750,105.5,80,0.0256922,0.0677689,0.0256922,26.4608
750,105.5,80,0.0256915,0.0677976,0.0256915,26.4499
750,105.5,80,0.0256905,0.0678251,0.0256905,26.4394
750,105.5,80,0.0256873,0.0678645,0.0256873,26.4213
750,105.5,80,0.0256845,0.0678916,0.0256845,26.4017
750,105.5,80,0.025682,0.0679182,0.025682,26.3878
750,105.5,80,0.0256789,0.0679439,0.0256789,26.3713
750,105.5,80,0.0256761,0.0679705,0.0256761,26.3612
750,105.5,80,0.0256727,0.0679962,0.0256727,26.3461
750,105.5,80,0.0256683,0.0680219,0.0256683,26.3261
750,105.5,80,0.0256643,0.0680476,0.0256643,26.3133
750,105.5,80,0.025661,0.0680733,0.025661,26.3085
750,105.5,80,0.0256578,0.0680989,0.0256578,26.3058
750,105.5,80,0.0256549,0.0681246,0.0256549,26.3066
750,105.5,80,0.0256525,0.0681503,0.0256525,26.3117
750,105.5,80,0.0256514,0.0681762,0.0256514,26.3267
750,105.5,80,0.0256497,0.0682018,0.0256497,26.3345
750,105.5,80,0.0256488,0.0682279,0.0256488,26.3484
750,105.5,80,0.0256484,0.0682536,0.0256484,26.3635
750,105.5,80,0.0256486,0.0682815,0.0256486,26.3822
750,105.5,80,0.0256484,0.0683109,0.0256484,26.3952
750,105.5,80,0.0256485,0.068339,0.0256485,26.408
750,105.5,80,0.0256494,0.0683764,0.0256494,26.4246
750,105.5,80,0.0256496,0.0684032,0.0256496,26.4345
750,105.5,80,0.0256499,0.0684288,0.0256499,26.443
750,105.5,80,0.0256506,0.0684553,0.0256506,26.4545
750,105.5,80,0.0256512,0.0684827,0.0256512,26.4634
750,105.5,80,0.0256518,0.0685092,0.0256518,26.4714
750,105.5,80,0.0256525,0.0685352,0.0256525,26.4789
750,105.5,80,0.0256534,0.068561,0.0256534,26.4877
750,105.5,80,0.0256541,0.0685866,0.0256541,26.4941
750,105.5,80,0.0256551,0.0686136,0.0256551,26.5016
750,105.5,80,0.0256555,0.0686393,0.0256555,26.5037
750,105.5,80,0.0256557,0.068667,0.0256557,26.5044
750,105.5,80,0.0256556,0.0686951,0.0256556,26.5031
750,105.5,80,0.0256552,0.0687217,0.0256552,26.5002
750,105.5,80,0.0256546,0.0687477,0.0256546,26.4958
750,105.5,80,0.0256531,0.0687773,0.0256531,26.487
750,105.5,80,0.0256517,0.0688131,0.0256517,26.4837
750,105.5,80,0.0256497,0.0688402,0.0256497,26.4723
750,105.5,80,0.0256477,0.0688662,0.0256477,26.4629
750,105.5,80,0.0256451,0.0688919,0.0256451,26.4508
750,105.5,80,0.0256427,0.0689175,0.0256427,26.4415
750,105.5,80,0.0256395,0.0689446,0.0256395,26.4301
750,105.5,80,0.0256368,0.0689702,0.0256368,26.4229
750,105.5,80,0.0256345,0.0689965,0.0256345,26.4212
750,105.5,80,0.0256315,0.0690223,0.0256315,26.4141
750,105.5,80,0.0256291,0.069051,0.0256291,26.4151
750,105.5,80,0.0256267,0.0690793,0.0256267,26.4161
750,105.5,80,0.0256245,0.0691069,0.0256245,26.4191
750,105.5,80,0.0256211,0.069138,0.0256211,26.4146
750,105.5,80,0.02562,0.0691724,0.02562,26.4285
750,105.5,80,0.0256198,0.0692004,0.0256198,26.4457
750,105.5,80,0.0256186,0.0692485,0.0256186,26.458
750,105.5,80,0.0256184,0.0692772,0.0256184,26.4713
750,105.5,80,0.025619,0.0693112,0.025619,26.4886
750,105.5,80,0.0256201,0.0693509,0.0256201,26.5068
750,105.5,80,0.0256207,0.0693863,0.0256207,26.5189
750,105.5,80,0.0256232,0.0694275,0.0256232,26.5411
750,105.5,80,0.0256247,0.0694585,0.0256247,26.5551
750,105.5,80,0.0256262,0.0694892,0.0256262,26.5685
750,105.5,80,0.0256294,0.0695233,0.0256294,26.5899
750,105.5,80,0.0256306,0.0695552,0.0256306,26.5956
750,105.5,80,0.0256319,0.0695873,0.0256319,26.6019
750,105.5,80,0.0256332,0.0696331,0.0256332,26.6065
750,105.5,80,0.0256324,0.0696648,0.0256324,26.5976
750,105.5,80,0.0256311,0.0696946,0.0256311,26.5862
750,105.5,80,0.0256265,0.0697345,0.0256265,26.5614
750,105.5,80,0.0256292,0.0697636,0.0256292,26.5884
750,105.5,80,0.0256258,0.0697953,0.0256258,26.5661
750,105.5,80,0.025619,0.0698367,0.025619,26.5345
750,105.5,80,0.0256145,0.069872,0.0256145,26.5183
750,105.5,80,0.0256101,0.0699006,0.0256101,26.4985
750,105.5,80,0.0256016,0.0699331,0.0256016,26.4579
750,105.5,80,0.0255977,0.0699652,0.0255977,26.4562
750,105.5,80,0.025594,0.0699943,0.025594,26.4538
750,105.5,80,0.0255906,0.0700265,0.0255906,26.4575
750,105.5,80,0.0255842,0.0700675,0.0255842,26.4484
750,105.5,80,0.0255813,0.0700958,0.0255813,26.4535
750,105.5,80,0.0255782,0.0701286,0.0255782,26.459
750,105.5,80,0.0255723,0.0701695,0.0255723,26.4529
750,105.5,80,0.0255695,0.0702001,0.0255695,26.4603
750,105.5,80,0.025567,0.0702332,0.025567,26.4697
750,105.5,80,0.0255624,0.0702721,0.0255624,26.4681
750,105.5,80,0.0255601,0.0703014,0.0255601,26.4759
750,105.5,80,0.0255564,0.0703401,0.0255564,26.4784
750,105.5,80,0.0255552,0.0703737,0.0255552,26.4947
750,105.5,80,0.0255538,0.070412,0.0255538,26.5085
750,105.5,80,0.0255523,0.0704512,0.0255523,26.5195
750,105.5,80,0.0255523,0.0704859,0.0255523,26.5383
750,105.5,80,0.0255524,0.0705265,0.0255524,26.5549
750,105.5,80,0.0255524,0.0705683,0.0255524,26.5687
750,105.5,80,0.0255522,0.0706038,0.0255522,26.5792
750,105.5,80,0.0255519,0.0706371,0.0255519,26.5865
750,105.5,80,0.0255505,0.0706711,0.0255505,26.5865
750,105.5,80,0.0255493,0.0707054,0.0255493,26.588
750,105.5,80,0.025548,0.070735,0.025548,26.5873
750,105.5,80,0.0255451,0.0707824,0.0255451,26.5846
750,105.5,80,0.0255433,0.070814,0.0255433,26.5828
750,105.5,80,0.0255389,0.0708589,0.0255389,26.5731
750,105.5,80,0.0255365,0.0708947,0.0255365,26.5723
750,105.5,80,0.0255297,0.0709351,0.0255297,26.548
750,105.5,80,0.0255261,0.0709671,0.0255261,26.5415
750,105.5,80,0.025518,0.0710106,0.025518,26.5192
750,105.5,80,0.0255126,0.0710429,0.0255126,26.5059
750,105.5,80,0.0255023,0.0710888,0.0255023,26.4806
750,105.5,80,0.0254912,0.0711375,0.0254912,26.4585
750,105.5,80,0.0254864,0.071171,0.0254864,26.4607
750,105.5,80,0.0254818,0.0712014,0.0254818,26.4604
750,105.5,80,0.0254732,0.0712409,0.0254732,26.4451
750,105.5,80,0.0254706,0.0712714,0.0254706,26.4618
750,105.5,80,0.0254659,0.0713102,0.0254659,26.4684
750,105.5,80,0.0254642,0.0713427,0.0254642,26.4892
750,105.5,80,0.025463,0.0713735,0.025463,26.5095
750,105.5,80,0.0254621,0.0714046,0.0254621,26.5286
750,105.5,80,0.0254604,0.0714426,0.0254604,26.5413
750,105.5,80,0.0254598,0.0714731,0.0254598,26.5575
750,105.5,80,0.0254581,0.0715188,0.0254581,26.568
750,105.5,80,0.0254572,0.0715513,0.0254572,26.5784
750,105.5,80,0.0254551,0.071598,0.0254551,26.5846
750,105.5,80,0.0254533,0.0716299,0.0254533,26.5867
750,105.5,80,0.0254492,0.0716738,0.0254492,26.5808
750,105.5,80,0.0254468,0.0717057,0.0254468,26.5798
750,105.5,80,0.0254407,0.0717413,0.0254407,26.5578
750,105.5,80,0.0254382,0.0717749,0.0254382,26.5613
750,105.5,80,0.0254352,0.0718095,0.0254352,26.562
750,105.5,80,0.0254284,0.0718492,0.0254284,26.5438
750,105.5,80,0.0254227,0.0718928,0.0254227,26.5378
750,105.5,80,0.0254179,0.0719272,0.0254179,26.5311
750,105.5,80,0.0254155,0.0719584,0.0254155,26.5397
750,105.5,80,0.0254122,0.071994,0.0254122,26.5441
750,105.5,80,0.0254106,0.0720284,0.0254106,26.5576
750,105.5,80,0.025409,0.0720578,0.025409,26.5674
750,105.5,80,0.0254069,0.0720984,0.0254069,26.5773
750,105.5,80,0.0254061,0.0721302,0.0254061,26.591
750,105.5,80,0.025405,0.0721634,0.025405,26.6006
750,105.5,80,0.0254041,0.0722061,0.0254041,26.6126
750,105.5,80,0.0254037,0.0722408,0.0254037,26.6251
750,105.5,80,0.0254037,0.0722822,0.0254037,26.6389
750,105.5,80,0.0254042,0.0723202,0.0254042,26.6532
750,105.5,80,0.0254057,0.0723597,0.0254057,26.6719
750,105.5,80,0.0254065,0.0723962,0.0254065,26.6841
750,105.5,80,0.0254082,0.0724348,0.0254082,26.6997
750,105.5,80,0.0254087,0.0724688,0.0254087,26.7063
750,105.5,80,0.0254088,0.0725037,0.0254088,26.7101
750,105.5,80,0.0254081,0.0725363,0.0254081,26.708
750,105.5,80,0.0254072,0.0725668,0.0254072,26.7045
750,105.5,80,0.0254045,0.0726108,0.0254045,26.6956
750,105.5,80,0.0254028,0.0726414,0.0254028,26.6896
750,105.5,80,0.0254008,0.072674,0.0254008,26.6846
750,105.5,80,0.0253957,0.0727137,0.0253957,26.665
750,105.5,80,0.0253927,0.0727515,0.0253927,26.6604
750,105.5,80,0.025385,0.072789,0.025385,26.6284
750,105.5,80,0.0253814,0.0728254,0.0253814,26.6265
750,105.5,80,0.0253734,0.072866,0.0253734,26.6025
750,105.5,80,0.0253691,0.0729023,0.0253691,26.6008
750,105.5,80,0.0253619,0.0729419,0.0253619,26.5851
750,105.5,80,0.0253584,0.0729792,0.0253584,26.5922
750,105.5,80,0.0253518,0.0730186,0.0253518,26.5813
750,105.5,80,0.0253487,0.0730538,0.0253487,26.5906
750,105.5,80,0.0253423,0.0730932,0.0253423,26.5812
750,105.5,80,0.0253397,0.0731235,0.0253397,26.5915
750,105.5,80,0.0253368,0.0731536,0.0253368,26.5969
750,105.5,80,0.0253308,0.073195,0.0253308,26.591
750,105.5,80,0.0253257,0.0732365,0.0253257,26.591
750,105.5,80,0.0253231,0.0732706,0.0253231,26.602
750,105.5,80,0.0253201,0.0733007,0.0253201,26.6055
750,105.5,80,0.0253151,0.0733378,0.0253151,26.6013
750,105.5,80,0.0253126,0.0733719,0.0253126,26.6113
750,105.5,80,0.025308,0.0734216,0.025308,26.616
750,105.5,80,0.0253061,0.0734534,0.0253061,26.6269
750,105.5,80,0.0253027,0.0734915,0.0253027,26.6296
750,105.5,80,0.0253018,0.0735246,0.0253018,26.6457
750,105.5,80,0.0253003,0.0735608,0.0253003,26.6571
750,105.5,80,0.025298,0.0735992,0.025298,26.662
750,105.5,80,0.0252967,0.0736371,0.0252967,26.6729
750,105.5,80,0.0252945,0.0736753,0.0252945,26.676
750,105.5,80,0.0252925,0.0737053,0.0252925,26.6771
750,105.5,80,0.0252911,0.0737354,0.0252911,26.6827
750,105.5,80,0.0252883,0.0737759,0.0252883,26.6835
750,105.5,80,0.0252868,0.0738022,0.0252868,26.6862
750,105.5,80,0.0252857,0.0738302,0.0252857,26.6928
750,105.5,80,0.0252845,0.0738555,0.0252845,26.696
750,105.5,80,0.0252829,0.0738872,0.0252829,26.6993
750,105.5,80,0.0252816,0.0739125,0.0252816,26.7017
750,105.5,80,0.0252792,0.0739507,0.0252792,26.7019
750,105.5,80,0.0252781,0.073978,0.0252781,26.7072
750,105.5,80,0.0252767,0.0740061,0.0252767,26.7099
750,105.5,80,0.0252757,0.0740313,0.0252757,26.7139
750,105.5,80,0.0252743,0.0740566,0.0252743,26.7151
750,105.5,80,0.0252759,0.0740819,0.0252759,26.7415
750,105.5,80,0.0252748,0.0741072,0.0252748,26.7402
750,105.5,80,0.0252742,0.0741325,0.0252742,26.7441
750,105.5,80,0.0252732,0.0741585,0.0252732,26.7446
750,105.5,80,0.0252721,0.0741838,0.0252721,26.7442
750,105.5,80,0.0252705,0.074211,0.0252705,26.7412
750,105.5,80,0.0252692,0.0742383,0.0252692,26.7407
750,105.5,80,0.0252674,0.0742638,0.0252674,26.7367
750,105.5,80,0.0252653,0.0742904,0.0252653,26.731
750,105.5,80,0.0252613,0.0743309,0.0252613,26.7227
750,105.5,80,0.0252592,0.0743564,0.0252592,26.7203
750,105.5,80,0.0252571,0.0743838,0.0252571,26.7185
750,105.5,80,0.025255,0.0744092,0.025255,26.717
750,105.5,80,0.0252529,0.0744353,0.0252529,26.7159
750,105.5,80,0.0252515,0.0744606,0.0252515,26.7212
750,105.5,80,0.0252492,0.074486,0.0252492,26.7177
750,105.5,80,0.0252473,0.0745116,0.0252473,26.7183
750,105.5,80,0.0252454,0.0745406,0.0252454,26.7218
750,105.5,80,0.0252431,0.0745693,0.0252431,26.7213
750,105.5,80,0.0252387,0.0746088,0.0252387,26.7144
750,105.5,80,0.0252364,0.0746366,0.0252364,26.7154
750,105.5,80,0.0252322,0.0746769,0.0252322,26.7121
750,105.5,80,0.0252301,0.0747099,0.0252301,26.7184
750,105.5,80,0.0252282,0.0747382,0.0252282,26.7225
750,105.5,80,0.025226,0.0747713,0.025226,26.7268
750,105.5,80,0.0252208,0.074809,0.0252208,26.7142
750,105.5,80,0.0252182,0.0748385,0.0252182,26.7154
750,105.5,80,0.0252154,0.074872,0.0252154,26.7176
750,105.5,80,0.0252086,0.0749117,0.0252086,26.7
750,105.5,80,0.0252054,0.0749408,0.0252054,26.6995
750,105.5,80,0.0252019,0.0749715,0.0252019,26.698
750,105.5,80,0.0251939,0.0750119,0.0251939,26.6777
750,105.5,80,0.0251897,0.0750399,0.0251897,26.6727
750,105.5,80,0.0251809,0.075079,0.0251809,26.6505
750,105.5,80,0.0251762,0.0751121,0.0251762,26.6517
750,105.5,80,0.0251721,0.0751412,0.0251721,26.6529
750,105.5,80,0.0251679,0.0751717,0.0251679,26.6546
750,105.5,80,0.0251596,0.0752109,0.0251596,26.6385
750,105.5,80,0.0251564,0.075239,0.0251564,26.6474
750,105.5,80,0.0251535,0.0752696,0.0251535,26.66
750,105.5,80,0.0251509,0.0753003,0.0251509,26.6714
750,105.5,80,0.0251468,0.0753382,0.0251468,26.6766
750,105.5,80,0.0251456,0.0753652,0.0251456,26.6945
750,105.5,80,0.0251449,0.075394,0.0251449,26.7139
750,105.5,80,0.0251444,0.0754245,0.0251444,26.7327
750,105.5,80,0.0251444,0.0754624,0.0251444,26.7521
750,105.5,80,0.025145,0.075493,0.025145,26.7727
750,105.5,80,0.0251456,0.0755254,0.0251456,26.7901
750,105.5,80,0.0251479,0.0755658,0.0251479,26.8147
750,105.5,80,0.0251491,0.0755953,0.0251491,26.8299
750,105.5,80,0.0251512,0.0756311,0.0251512,26.8488
750,105.5,80,0.0251524,0.0756652,0.0251524,26.8591
750,105.5,80,0.0251537,0.0756922,0.0251537,26.8703
750,105.5,80,0.0251552,0.0757233,0.0251552,26.8803
750,105.5,80,0.0251565,0.0757513,0.0251565,26.8893
750,105.5,80,0.0251592,0.0757907,0.0251592,26.9036
750,105.5,80,0.0251606,0.0758176,0.0251606,26.9101
750,105.5,80,0.025163,0.0758589,0.025163,26.9205
750,105.5,80,0.0251648,0.0758914,0.0251648,26.9275
750,105.5,80,0.0251663,0.0759207,0.0251663,26.9329
750,105.5,80,0.0251695,0.0759653,0.0251695,26.9456
750,105.5,80,0.0251711,0.0759944,0.0251711,26.9507
750,105.5,80,0.0251725,0.0760224,0.0251725,26.9544
750,105.5,80,0.025174,0.0760526,0.025174,26.9583
750,105.5,80,0.0251755,0.0760807,0.0251755,26.9624
750,105.5,80,0.0251786,0.0761183,0.0251786,26.9749
750,105.5,80,0.02518,0.0761466,0.02518,26.9775
750,105.5,80,0.0251813,0.0761786,0.0251813,26.9787
750,105.5,80,0.0251837,0.0762193,0.0251837,26.9864
750,105.5,80,0.0251846,0.0762506,0.0251846,26.9848
750,105.5,80,0.0251854,0.0762808,0.0251854,26.9847
750,105.5,80,0.025187,0.0763188,0.025187,26.9889
750,105.5,80,0.0251872,0.0763461,0.0251872,26.9844
750,105.5,80,0.025186,0.0763788,0.025186,26.9722
750,105.5,80,0.0251848,0.0764181,0.0251848,26.9647
750,105.5,80,0.0251832,0.0764462,0.0251832,26.952
750,105.5,80,0.0251808,0.0764733,0.0251808,26.9359
750,105.5,80,0.0251778,0.0765035,0.0251778,26.92
750,105.5,80,0.02517,0.0765425,0.02517,26.8842
750,105.5,80,0.0251662,0.0765719,0.0251662,26.8714
750,105.5,80,0.0251625,0.0765998,0.0251625,26.8609
750,105.5,80,0.0251586,0.0766378,0.0251586,26.859
750,105.5,80,0.025151,0.0766704,0.025151,26.8276
750,105.5,80,0.0251466,0.0766991,0.0251466,26.8203
750,105.5,80,0.025142,0.0767326,0.025142,26.8175
750,105.5,80,0.0251314,0.0767724,0.0251314,26.7859
750,105.5,80,0.025126,0.0768004,0.025126,26.7765
750,105.5,80,0.0251201,0.0768303,0.0251201,26.7683
750,105.5,80,0.0251086,0.0768622,0.0251086,26.7243
750,105.5,80,0.0251035,0.0768968,0.0251035,26.7352
750,105.5,80,0.0250989,0.0769246,0.0250989,26.7404
750,105.5,80,0.0250911,0.0769627,0.0250911,26.7356
750,105.5,80,0.0250882,0.0769968,0.0250882,26.7586
750,105.5,80,0.0250855,0.077026,0.0250855,26.7755
750,105.5,80,0.0250832,0.0770544,0.0250832,26.792
750,105.5,80,0.0250799,0.0770958,0.0250799,26.8058
750,105.5,80,0.0250784,0.0771241,0.0250784,26.8237
750,105.5,80,0.0250772,0.0771549,0.0250772,26.8409
750,105.5,80,0.0250764,0.0771846,0.0250764,26.8586
750,105.5,80,0.0250758,0.0772225,0.0250758,26.8766
750,105.5,80,0.0250757,0.0772488,0.0250757,26.8929
750,105.5,80,0.0250757,0.0772793,0.0250757,26.9086
750,105.5,80,0.0250774,0.0773231,0.0250774,26.9316
750,105.5,80,0.0250787,0.0773523,0.0250787,26.9511
750,105.5,80,0.0250801,0.077383,0.0250801,26.9679
750,105.5,80,0.0250835,0.0774235,0.0250835,26.9929
750,105.5,80,0.0250854,0.0774499,0.0250854,27.0091
750,105.5,80,0.0250873,0.0774792,0.0250873,27.0225
750,105.5,80,0.0250913,0.0775144,0.0250913,27.0456
750,105.5,80,0.025093,0.077548,0.025093,27.0512
750,105.5,80,0.025095,0.0775749,0.025095,27.0607
750,105.5,80,0.0250963,0.0776055,0.0250963,27.0631
750,105.5,80,0.0250981,0.0776336,0.0250981,27.07
750,105.5,80,0.0251011,0.0776733,0.0251011,27.081
750,105.5,80,0.0251023,0.0777001,0.0251023,27.0819
750,105.5,80,0.0251038,0.0777303,0.0251038,27.0852
750,105.5,80,0.0251057,0.0777576,0.0251057,27.0931
750,105.5,80,0.0251089,0.0777987,0.0251089,27.1038
750,105.5,80,0.0251104,0.0778278,0.0251104,27.1065
750,105.5,80,0.0251138,0.0778656,0.0251138,27.1192
750,105.5,80,0.0251156,0.0778985,0.0251156,27.1221
750,105.5,80,0.0251178,0.077927,0.0251178,27.1288
750,105.5,80,0.0251196,0.0779551,0.0251196,27.1331
750,105.5,80,0.0251212,0.0779859,0.0251212,27.1347
750,105.5,80,0.0251234,0.0780238,0.0251234,27.1395
750,105.5,80,0.0251244,0.0780517,0.0251244,27.1381
750,105.5,80,0.0251248,0.0780804,0.0251248,27.1329
750,105.5,80,0.0251252,0.0781102,0.0251252,27.1289
750,105.5,80,0.0251259,0.0781471,0.0251259,27.1288
750,105.5,80,0.0251262,0.0781773,0.0251262,27.1268
750,105.5,80,0.0251267,0.0782035,0.0251267,27.1272
750,105.5,80,0.0251271,0.0782488,0.0251271,27.1278
750,105.5,80,0.025127,0.0782777,0.025127,27.125
750,105.5,80,0.0251265,0.0783084,0.0251265,27.1205
750,105.5,80,0.0251258,0.0783362,0.0251258,27.1152
750,105.5,80,0.025123,0.078376,0.025123,27.1019
750,105.5,80,0.025121,0.0784031,0.025121,27.0907
750,105.5,80,0.0251158,0.0784493,0.0251158,27.073
750,105.5,80,0.025112,0.0784784,0.025112,27.0543
750,105.5,80,0.0251077,0.0785071,0.0251077,27.0355
750,105.5,80,0.0251035,0.0785368,0.0251035,27.0218
750,105.5,80,0.0250933,0.0785775,0.0250933,26.9857
750,105.5,80,0.0250937,0.078613,0.0250937,27.0152
750,105.5,80,0.0250818,0.0786527,0.0250818,26.9691
750,105.5,80,0.0250749,0.0786808,0.0250749,26.9446
750,105.5,80,0.0250688,0.0787124,0.0250688,26.9358
750,105.5,80,0.025056,0.078752,0.025056,26.8978
750,105.5,80,0.0250493,0.078783,0.0250493,26.8911
750,105.5,80,0.0250431,0.0788112,0.0250431,26.8844
750,105.5,80,0.0250319,0.0788521,0.0250319,26.8662
750,105.5,80,0.0250275,0.0788801,0.0250275,26.8775
750,105.5,80,0.0250234,0.0789121,0.0250234,26.8925
750,105.5,80,0.0250173,0.0789448,0.0250173,26.8925
750,105.5,80,0.025015,0.078977,0.025015,26.9178
750,105.5,80,0.0250134,0.0790036,0.0250134,26.9406
750,105.5,80,0.0250123,0.0790373,0.0250123,26.9658
750,105.5,80,0.0250121,0.0790746,0.0250121,26.9936
750,105.5,80,0.0250128,0.079105,0.0250128,27.0223
750,105.5,80,0.0250135,0.0791332,0.0250135,27.0472
750,105.5,80,0.0250162,0.079177,0.0250162,27.0776
750,105.5,80,0.0250177,0.079204,0.0250177,27.1
750,105.5,80,0.0250191,0.0792371,0.0250191,27.1166
750,105.5,80,0.0250219,0.0792759,0.0250219,27.1387
750,105.5,80,0.0250234,0.0793046,0.0250234,27.1518
750,105.5,80,0.0250249,0.0793343,0.0250249,27.1623
750,105.5,80,0.0250275,0.0793774,0.0250275,27.1763
750,105.5,80,0.0250287,0.0794055,0.0250287,27.1832
750,105.5,80,0.0250298,0.0794372,0.0250298,27.1875
750,105.5,80,0.0250317,0.0794748,0.0250317,27.1968
750,105.5,80,0.0250326,0.0795034,0.0250326,27.1988
750,105.5,80,0.0250334,0.0795304,0.0250334,27.202
750,105.5,80,0.0250354,0.0795751,0.0250354,27.2098
750,105.5,80,0.0250363,0.0796036,0.0250363,27.2131
750,105.5,80,0.0250372,0.0796362,0.0250372,27.2155
750,105.5,80,0.0250389,0.0796759,0.0250389,27.2224
750,105.5,80,0.0250396,0.0797051,0.0250396,27.2236
750,105.5,80,0.0250407,0.079743,0.0250407,27.2276
750,105.5,80,0.0250412,0.0797767,0.0250412,27.2283
750,105.5,80,0.0250414,0.0798051,0.0250414,27.2271
750,105.5,80,0.0250417,0.0798369,0.0250417,27.2277
750,105.5,80,0.0250426,0.0798761,0.0250426,27.2324
750,105.5,80,0.025043,0.0799064,0.025043,27.2337
750,105.5,80,0.0250433,0.0799515,0.0250433,27.2361
750,105.5,80,0.0250431,0.0799859,0.0250431,27.2349
750,105.5,80,0.0250429,0.0800139,0.0250429,27.2334
750,105.5,80,0.0250425,0.0800518,0.0250425,27.2332
750,105.5,80,0.025042,0.0800796,0.025042,27.2308
750,105.5,80,0.0250416,0.0801095,0.0250416,27.2312
750,105.5,80,0.0250412,0.0801442,0.0250412,27.2323
750,105.5,80,0.0250407,0.080177,0.0250407,27.2329
750,105.5,80,0.0250401,0.0802036,0.0250401,27.2324
750,105.5,80,0.0250398,0.080236,0.0250398,27.2352
750,105.5,80,0.0250385,0.0802741,0.0250385,27.2335
750,105.5,80,0.0250381,0.0803036,0.0250381,27.2364
750,105.5,80,0.0250372,0.0803318,0.0250372,27.2346
750,105.5,80,0.0250358,0.0803634,0.0250358,27.2319
750,105.5,80,0.0250315,0.0804007,0.0250315,27.2137
750,105.5,80,0.0250284,0.08043,0.0250284,27.2017
750,105.5,80,0.0250253,0.0804619,0.0250253,27.1935
750,105.5,80,0.0250185,0.0805031,0.0250185,27.1719
750,105.5,80,0.025015,0.0805307,0.025015,27.1631
750,105.5,80,0.0250113,0.0805616,0.0250113,27.1574
750,105.5,80,0.0250027,0.0805922,0.0250027,27.1173
750,105.5,80,0,0.000805922,0,-144.72
750,105.5,80,0,8.05922e-06,0,-117.291
750,105.5,80,0,8.05922e-08,0,-95.0067
750,105.5,80,0,8.05922e-10,0,-76.9555
750,105.5,80,0,8.05922e-12,0,-62.3339
750,105.5,80,0,8.05922e-14,0,-50.4905
750,105.5,80,0,8.05922e-16,0,-40.8973
750,105.5,80,0,8.05922e-18,0,-33.1268
750,105.5,80,0,8.05922e-20,0,-26.8327
750,105.5,80,0,8.05922e-22,0,-21.7345
750,105.5,80,0,8.05922e-24,0,-17.6049
750,105.5,80,0,8.05922e-26,0,-14.26
750,105.5,80,0,8.05922e-28,0,-11.5506
750,105.5,80,0,8.05922e-30,0,-9.35599
750,105.5,80,0,8.05922e-32,0,-7.57835
750,105.5,80,0,8.05922e-34,0,-6.13846
750,105.5,80,0,8.05922e-36,0,-4.97215
750,105.5,80,0,8.05922e-38,0,-4.02745
750,105.5,80,0,8.05922e-40,0,-3.26223
750,105.5,80,0,8.05922e-42,0,-2.64241
750,105.5,80,0,8.05922e-44,0,-2.14035
750,105.5,80,0,8.05922e-46,0,-1.73368
750,105.5,80,0,8.05922e-48,0,-1.40428
750,105.5,80,0,8.05922e-50,0,-1.13747
750,105.5,80,0,8.05922e-52,0,-0.92135
750,105.5,80,0,8.05922e-54,0,-0.746294
750,105.5,80,0,8.05922e-56,0,-0.604498
750,105.5,80,0,8.05922e-58,0,-0.489643
750,105.5,80,0,8.05922e-60,0,-0.396611
750,105.5,80,0,8.05922e-62,0,-0.321255
750,105.5,80,0,8.05922e-64,0,-0.260217
750,105.5,80,0,8.05922e-66,0,-0.210775
750,105.5,80,0,8.05922e-68,0,-0.170728
750,105.5,80,0,8.05922e-70,0,-0.13829
750,105.5,80,0,8.05922e-72,0,-0.112015
750,105.5,80,0,8.05922e-74,0,-0.0907319
750,105.5,80,0,8.05922e-76,0,-0.0734928
750,105.5,80,0,8.05922e-78,0,-0.0595292
750,105.5,80,0,8.05922e-80,0,-0.0482187
750,105.5,80,0.0250012,3.34854e-05,0.0250012,168.048
750,105.5,80,0.025005,6.29907e-05,0.025005,139.714
750,105.5,80,0.0250128,9.97044e-05,0.0250128,116.785
750,105.5,80,0.0250173,0.000133697,0.0250173,98.1955
750,105.5,80,0.0250217,0.000162097,0.0250217,83.1438
750,105.5,80,0.0250273,0.000193506,0.0250273,70.9582
750,105.5,80,0.0250391,0.000233032,0.0250391,61.1196
750,105.5,80,0.0250452,0.000265819,0.0250452,53.1246
750,105.5,80,0.0250571,0.000308609,0.0250571,46.6746
750,105.5,80,0.0250627,0.000342997,0.0250627,41.4237
750,105.5,80,0.0250726,0.000374827,0.0250726,37.2049
750,105.5,80,0.0250764,0.000409163,0.0250764,33.7447
750,105.5,80,0.0250797,0.000436005,0.0250797,30.9444
750,105.5,80,0.0250821,0.000465939,0.0250821,28.6688
750,105.5,80,0.0250855,0.000500897,0.0250855,26.8312
750,105.5,80,0.0250866,0.000535264,0.0250866,25.3288
750,105.5,80,0.0250878,0.000563219,0.0250878,24.1139
750,105.5,80,0.0250889,0.000594608,0.0250889,23.1301
750,105.5,80,0.0250907,0.000634445,0.0250907,22.3371
750,105.5,80,0.0250921,0.000682989,0.0250921,21.6934
750,105.5,80,0.0250922,0.000711712,0.0250922,21.1646
750,105.5,80,0.025092,0.000740828,0.025092,20.7344
750,105.5,80,0.0250919,0.000770798,0.0250919,20.3882
750,105.5,80,0.0250914,0.000808475,0.0250914,20.1062
750,105.5,80,0.0250908,0.000835506,0.0250908,19.8758
750,105.5,80,0.0250902,0.000864362,0.0250902,19.6898
750,105.5,80,0.0250891,0.000892281,0.0250891,19.5359
750,105.5,80,0.0250882,0.000922533,0.0250882,19.4136
750,105.5,80,0.025086,0.000960174,0.025086,19.3089
750,105.5,80,0.025085,0.000990577,0.025085,19.2301
750,105.5,80,0.0250844,0.00103442,0.0250844,19.1723
750,105.5,80,0.0250837,0.00106701,0.0250837,19.1238
750,105.5,80,0.0250834,0.00109348,0.0250834,19.0859
750,105.5,80,0.0250833,0.00112345,0.0250833,19.0587
750,105.5,80,0.0250839,0.00117174,0.0250839,19.0422
750,105.5,80,0.0250838,0.00121324,0.0250838,19.0262
750,105.5,80,0.0250837,0.00126158,0.0250837,19.0145
750,105.5,80,0.025084,0.0012967,0.025084,19.007
750,105.5,80,0.0250845,0.00133507,0.0250845,19.0033
750,105.5,80,0.0250847,0.00136461,0.0250847,18.9987
750,105.5,80,0.0250849,0.0013956,0.0250849,18.9958
750,105.5,80,0.0250847,0.00143629,0.0250847,18.9923
750,105.5,80,0.0250844,0.00146408,0.0250844,18.9871
750,105.5,80,0.0250837,0.00149164,0.0250837,18.9807
750,105.5,80,0.0250828,0.00151793,0.0250828,18.974
750,105.5,80,0.0250818,0.0015459,0.0250818,18.9685
750,105.5,80,0.0250787,0.00158382,0.0250787,18.9554
750,105.5,80,0.0250763,0.00161622,0.0250763,18.9457
750,105.5,80,0.025073,0.00164131,0.025073,18.9255
750,105.5,80,0.0250691,0.00167166,0.0250691,18.9103
750,105.5,80,0.0250638,0.00169675,0.0250638,18.8798
750,105.5,80,0.0250529,0.00172928,0.0250529,18.8263
750,105.5,80,0.0250473,0.00176206,0.0250473,18.8189
750,105.5,80,0.0250412,0.00178863,0.0250412,18.7996
750,105.5,80,0.0250354,0.00181436,0.0250354,18.7857
750,105.5,80,0.025029,0.00184093,0.025029,18.7701
750,105.5,80,0.0250226,0.00186731,0.0250226,18.7568
750,105.5,80,0.0250159,0.00189522,0.0250159,18.7455
750,105.5,80,0.0250085,0.00192163,0.0250085,18.7277
750,105.5,80,0,1.92163e-05,0,-124.425
750,105.5,80,0,1.92163e-07,0,-100.786
750,105.5,80,0,1.92163e-09,0,-81.6364
750,105.5,80,0,1.92163e-11,0,-66.1255
750,105.5,80,0,1.92163e-13,0,-53.5616
750,105.5,80,0,1.92163e-15,0,-43.3849
750,105.5,80,0,1.92163e-17,0,-35.1418
750,105.5,80,0,1.92163e-19,0,-28.4648
750,105.5,80,0,1.92163e-21,0,-23.0565
750,105.5,80,0,1.92163e-23,0,-18.6758
750,105.5,80,0,1.92163e-25,0,-15.1274
750,105.5,80,0,1.92163e-27,0,-12.2532
750,105.5,80,0,1.92163e-29,0,-9.92508
750,105.5,80,0,1.92163e-31,0,-8.03931
750,105.5,80,0,1.92163e-33,0,-6.51184
750,105.5,80,0,1.92163e-35,0,-5.27459
750,105.5,80,0,1.92163e-37,0,-4.27242
750,105.5,80,0,1.92163e-39,0,-3.46066
750,105.5,80,0,1.92163e-41,0,-2.80313
750,105.5,80,0,1.92163e-43,0,-2.27054
750,105.5,80,0,1.92163e-45,0,-1.83914
750,105.5,80,0,1.92163e-47,0,-1.4897
750,105.5,80,0,1.92163e-49,0,-1.20666
750,105.5,80,0,1.92163e-51,0,-0.977393
750,105.5,80,0,1.92163e-53,0,-0.791688
750,105.5,80,0,1.92163e-55,0,-0.641267
750,105.5,80,0,1.92163e-57,0,-0.519427
750,105.5,80,0,1.92163e-59,0,-0.420735
750,105.5,80,0,1.92163e-61,0,-0.340796
750,105.5,80,0,1.92163e-63,0,-0.276045
750,105.5,80,0,1.92163e-65,0,-0.223596
750,105.5,80,0,1.92163e-67,0,-0.181113
750,105.5,80,0,1.92163e-69,0,-0.146701
750,105.5,80,0,1.92163e-71,0,-0.118828
750,105.5,80,0,1.92163e-73,0,-0.0962508
750,105.5,80,0,1.92163e-75,0,-0.0779631
750,105.5,80,0,1.92163e-77,0,-0.0631501
750,105.5,80,0,1.92163e-79,0,-0.0511516
750,105.5,80,0,1.92163e-81,0,-0.0414328
750,105.5,80,0,1.92163e-83,0,-0.0335606
750,105.5,80,0,1.92163e-85,0,-0.0271841
750,105.5,80,0,1.92163e-87,0,-0.0220191
750,105.5,80,0,1.92163e-89,0,-0.0178355
750,105.5,80,0,1.92163e-91,0,-0.0144467
750,105.5,80,0,1.92163e-93,0,-0.0117018
750,105.5,80,0,1.92163e-95,0,-0.0094785
750,105.5,80,0,1.92163e-97,0,-0.00767758
750,105.5,80,0,1.92163e-99,0,-0.00621884
750,105.5,80,0,1.92163e-101,0,-0.00503726
750,105.5,80,0,1.92163e-103,0,-0.00408018
750,105.5,80,0,1.92163e-105,0,-0.00330495
750,105.5,80,0,1.92163e-107,0,-0.00267701
750,105.5,80,0,1.92163e-109,0,-0.00216838
750,105.5,80,0,1.92163e-111,0,-0.00175638
750,105.5,80,0,1.92163e-113,0,-0.00142267
750,105.5,80,0,1.92163e-115,0,-0.00115236
750,105.5,80,0,1.92163e-117,0,-0.000933415
750,105.5,80,0,1.92163e-119,0,-0.000756066
750,105.5,80,0,1.92163e-121,0,-0.000612413
750,105.5,80,0,1.92163e-123,0,-0.000496055
750,105.5,80,0,1.92163e-125,0,-0.000401804
750,105.5,80,0,1.92163e-127,0,-0.000325462
750,105.5,80,0,1.92163e-129,0,-0.000263624
750,105.5,80,0,1.92163e-131,0,-0.000213535
750,105.5,80,0,1.92163e-133,0,-0.000172964
750,105.5,80,0,1.92163e-135,0,-0.000140101
750,105.5,80,0,1.92163e-137,0,-0.000113481
750,105.5,80,0,1.92163e-139,0,-9.192e-05
750,105.5,80,0,1.92163e-141,0,-7.44552e-05
750,105.5,80,0,1.92163e-143,0,-6.03087e-05
750,105.5,80,0,1.92163e-145,0,-4.885e-05
750,105.5,80,0,1.92163e-147,0,-3.95685e-05
750,105.5,80,0,1.92163e-149,0,-3.20505e-05
750,105.5,80,0,1.92163e-151,0,-2.59609e-05
750,105.5,80,0,1.92163e-153,0,-2.10283e-05
750,105.5,80,0,1.92163e-155,0,-1.7033e-05
750,105.5,80,0,1.92163e-157,0,-1.37967e-05
750,105.5,80,0,1.92163e-159,0,-1.11753e-05
750,105.5,80,0,1.92163e-161,0,-9.05201e-06
750,105.5,80,0,1.92163e-163,0,-7.33213e-06
750,105.5,80,0,1.92163e-165,0,-5.93902e-06
750,105.5,80,0,1.92163e-167,0,-4.81061e-06
750,105.5,80,0,1.92163e-169,0,-3.89659e-06
750,105.5,80,0,1.92163e-171,0,-3.15624e-06
750,105.5,80,0,1.92163e-173,0,-2.55656e-06
750,105.5,80,0,1.92163e-175,0,-2.07081e-06
750,105.5,80,0,1.92163e-177,0,-1.67736e-06
750,105.5,80,0,1.92163e-179,0,-1.35866e-06
750,105.5,80,0,1.92163e-181,0,-1.10051e-06
750,105.5,80,0,1.92163e-183,0,-8.91416e-07
750,105.5,80,0,1.92163e-185,0,-7.22047e-07
750,105.5,80,0,1.92163e-187,0,-5.84858e-07
750,105.5,80,0,1.92163e-189,0,-4.73735e-07
750,105.5,80,0,1.92163e-191,0,-3.83725e-07
750,105.5,80,0,1.92163e-193,0,-3.10817e-07
750,105.5,80,0,1.92163e-195,0,-2.51762e-07
750,105.5,80,0,1.92163e-197,0,-2.03927e-07
750,105.5,80,0,1.92163e-199,0,-1.65181e-07
750,105.5,80,0,1.92163e-201,0,-1.33797e-07
750,105.5,80,0,1.92163e-203,0,-1.08375e-07
750,105.5,80,0,1.92163e-205,0,-8.7784e-08
750,105.5,80,0,1.92163e-207,0,-7.11051e-08
750,105.5,80,0,1.92163e-209,0,-5.75951e-08
750,105.5,80,0,1.92163e-211,0,-4.6652e-08
750,105.5,80,0,1.92163e-213,0,-3.77881e-08
750,105.5,80,0,1.92163e-215,0,-3.06084e-08
750,105.5,80,0,1.92163e-217,0,-2.47928e-08
750,105.5,80,0,1.92163e-219,0,-2.00822e-08
750,105.5,80,0,1.92163e-221,0,-1.62666e-08
750,105.5,80,0,1.92163e-223,0,-1.31759e-08
750,105.5,80,0,1.92163e-225,0,-1.06725e-08
750,105.5,80,0,1.92163e-227,0,-8.64472e-09
750,105.5,80,0,1.92163e-229,0,-7.00222e-09
750,105.5,80,0,1.92163e-231,0,-5.6718e-09
750,105.5,80,0,1.92163e-233,0,-4.59416e-09
750,105.5,80,0,1.92163e-235,0,-3.72127e-09
750,105.5,80,0,1.92163e-237,0,-3.01423e-09
750,105.5,80,0,1.92163e-239,0,-2.44152e-09
750,105.5,80,0,1.92163e-241,0,-1.97763e-09
750,105.5,80,0,1.92163e-243,0,-1.60188e-09
750,105.5,80,0,1.92163e-245,0,-1.29753e-09
750,105.5,80,0,1.92163e-247,0,-1.051e-09
750,105.5,80,0,1.92163e-249,0,-8.51306e-10
750,105.5,80,0,1.92163e-251,0,-6.89558e-10
750,105.5,80,0,1.92163e-253,0,-5.58542e-10
750,105.5,80,0,1.92163e-255,0,-4.52419e-10
750,105.5,80,0,1.92163e-257,0,-3.6646e-10
750,105.5,80,0,1.92163e-259,0,-2.96832e-10
750,105.5,80,0,1.92163e-261,0,-2.40434e-10
750,105.5,80,0,1.92163e-263,0,-1.94752e-10
750,105.5,80,0,1.92163e-265,0,-1.57749e-10
750,105.5,80,0,1.92163e-267,0,-1.27777e-10
750,105.5,80,0,1.92163e-269,0,-1.03499e-10
750,105.5,80,0,1.92163e-271,0,-8.38342e-11
750,105.5,80,0,1.92163e-273,0,-6.79057e-11
750,105.5,80,0,1.92163e-275,0,-5.50036e-11
750,105.5,80,0,1.92163e-277,0,-4.45529e-11
750,105.5,80,0,1.92163e-279,0,-3.60879e-11
750,105.5,80,0,1.92163e-281,0,-2.92312e-11
750,105.5,80,0,1.92163e-283,0,-2.36772e-11
750,105.5,80,0,1.92163e-285,0,-1.91786e-11
750,105.5,80,0,1.92163e-287,0,-1.55346e-11
750,105.5,80,0,1.92163e-289,0,-1.25831e-11
750,105.5,80,0,1.92163e-291,0,-1.01923e-11
750,105.5,80,0,1.92163e-293,0,-8.25575e-12
750,105.5,80,0,1.92163e-295,0,-6.68715e-12
750,105.5,80,0,1.92163e-297,0,-5.4166e-12
750,105.5,80,0,1.92163e-299,0,-4.38744e-12
750,105.5,80,0,1.92163e-301,0,-3.55383e-12
750,105.5,80,0,1.92163e-303,0,-2.8786e-12
750,105.5,80,0,1.92163e-305,0,-2.33167e-12
750,105.5,80,0,1.92163e-307,0,-1.88865e-12
750,105.5,80,0,1.92163e-309,0,-1.52981e-12
750,105.5,80,0,1.92163e-311,0,-1.23914e-12
750,105.5,80,0,1.92163e-313,0,-1.00371e-12
750,105.5,80,0,1.92163e-315,0,-8.13002e-13
750,105.5,80,0,1.92163e-317,0,-6.58532e-13
750,105.5,80,0,1.92162e-319,0,-5.33411e-13
750,105.5,80,0,1.92192e-321,0,-4.32063e-13
750,105.5,80,0,1.97626e-323,0,-3.49971e-13
750,105.5,80,0,0,0,-2.83476e-13
750,105.5,80,0,0,0,-2.29616e-13
750,105.5,80,0,0,0,-1.85989e-13
750,105.5,80,0,0,0,-1.50651e-13
750,105.5,80,0,0,0,-1.22027e-13
750,105.5,80,0,0,0,-9.8842e-14
750,105.5,80,0,0,0,-8.00621e-14
750,105.5,80,0,0,0,-6.48503e-14
750,105.5,80,0,0,0,-5.25287e-14
750,105.5,80,0,0,0,-4.25483e-14
750,105.5,80,0,0,0,-3.44641e-14
750,105.5,80,0,0,0,-2.79159e-14
750,105.5,80,0,0,0,-2.26119e-14
750,105.5,80,0,0,0,-1.83156e-14
750,105.5,80,0,0,0,-1.48357e-14
750,105.5,80,0,0,0,-1.20169e-14
750,105.5,80,0,0,0,-9.73368e-15
750,105.5,80,0,0,0,-7.88428e-15
750,105.5,80,0,0,0,-6.38627e-15
750,105.5,80,0,0,0,-5.17288e-15
750,105.5,80,0,0,0,-4.19003e-15
750,105.5,80,0,0,0,-3.39392e-15
750,105.5,80,0,0,0,-2.74908e-15
750,105.5,80,0,0,0,-2.22675e-15
750,105.5,80,0,0,0,-1.80367e-15
750,105.5,80,0,0,0,-1.46097e-15
750,105.5,80,0,0,0,-1.18339e-15
750,105.5,80,0,0,0,-9.58544e-16
750,105.5,80,0,0,0,-7.76421e-16
750,105.5,80,0,0,0,-6.28901e-16
750,105.5,80,0,0,0,-5.0941e-16
750,105.5,80,0,0,0,-4.12622e-16
750,105.5,80,0,0,0,-3.34224e-16
750,105.5,80,0,0,0,-2.70721e-16
750,105.5,80,0,0,0,-2.19284e-16
750,105.5,80,0,0,0,-1.7762e-16
750,105.5,80,0,0,0,-1.43872e-16
750,105.5,80,0,0,0,-1.16537e-16
750,105.5,80,0,0,0,-9.43946e-17
750,105.5,80,0,0,0,-7.64597e-17
750,105.5,80,0,0,0,-6.19323e-17
750,105.5,80,0,0,0,-5.01652e-17
750,105.5,80,0,0,0,-4.06338e-17
750,105.5,80,0,0,0,-3.29134e-17
750,105.5,80,0,0,0,-2.66598e-17
750,105.5,80,0,0,0,-2.15945e-17
750,105.5,80,0,0,0,-1.74915e-17
750,105.5,80,0,0,0,-1.41681e-17
750,105.5,80,0,0,0,-1.14762e-17
750,105.5,80,0,0,0,-9.29571e-18
750,105.5,80,0,0,0,-7.52953e-18
750,105.5,80,0,0,0,-6.09892e-18
750,105.5,80,0,0,0,-4.94012e-18
750,105.5,80,0,0,0,-4.0015e-18
750,105.5,80,0,0,0,-3.24121e-18
750,105.5,80,0,0,0,-2.62538e-18
750,105.5,80,0,0,0,-2.12656e-18
750,105.5,80,0,0,0,-1.72251e-18
750,105.5,80,0,0,0,-1.39524e-18
750,105.5,80,0,0,0,-1.13014e-18
750,105.5,80,0,0,0,-9.15414e-19
750,105.5,80,0,0,0,-7.41486e-19
750,105.5,80,0,0,0,-6.00603e-19
750,105.5,80,0,0,0,-4.86489e-19
750,105.5,80,0,0,0,-3.94056e-19
750,105.5,80,0,0,0,-3.19185e-19
750,105.5,80,0,0,0,-2.5854e-19
750,105.5,80,0,0,0,-2.09417e-19
750,105.5,80,0,0,0,-1.69628e-19
750,105.5,80,0,0,0,-1.37399e-19
750,105.5,80,0,0,0,-1.11293e-19
750,105.5,80,0,0,0,-9.01474e-20
750,105.5,80,0,0,0,-7.30194e-20
750,105.5,80,0,0,0,-5.91457e-20
750,105.5,80,0,0,0,-4.7908e-20
750,105.5,80,0,0,0,-3.88055e-20
750,105.5,80,0,0,0,-3.14324e-20
750,105.5,80,0,0,0,-2.54603e-20
750,105.5,80,0,0,0,-2.06228e-20
750,105.5,80,0,0,0,-1.67045e-20
750,105.5,80,0,0,0,-1.35306e-20
750,105.5,80,0,0,0,-1.09598e-20
750,105.5,80,0,0,0,-8.87745e-21
750,105.5,80,0,0,0,-7.19073e-21
750,105.5,80,0,0,0,-5.82449e-21
750,105.5,80,0,0,0,-4.71784e-21
750,105.5,80,0,0,0,-3.82145e-21
750,105.5,80,0,0,0,-3.09538e-21
750,105.5,80,0,0,0,-2.50725e-21
750,105.5,80,0,0,0,-2.03088e-21
750,105.5,80,0,0,0,-1.64501e-21
750,105.5,80,0,0,0,-1.33246e-21
750,105.5,80,0,0,0,-1.07929e-21
750,105.5,80,0,0,0,-8.74225e-22
750,105.5,80,0,0,0,-7.08123e-22
750,105.5,80,0,0,0,-5.73579e-22
750,105.5,80,0,0,0,-4.64599e-22
750,105.5,80,0,0,0,-3.76325e-22
750,105.5,80,0,0,0,-3.04824e-22
750,105.5,80,0,0,0,-2.46907e-22
750,105.5,80,0,0,0,-1.99995e-22
750,105.5,80,0,0,0,-1.61996e-22
750,105.5,80,0,0,0,-1.31217e-22
750,105.5,80,0,0,0,-1.06285e-22
750,105.5,80,0,0,0,-8.60912e-23
750,105.5,80,0,0,0,-6.97338e-23
750,105.5,80,0,0,0,-5.64844e-23
750,105.5,80,0,0,0,-4.57524e-23
750,105.5,80,0,0,0,-3.70594e-23
750,105.5,80,0,0,0,-3.00181e-23
750,105.5,80,0,0,0,-2.43147e-23
750,105.5,80,0,0,0,-1.96949e-23
750,105.5,80,0,0,0,-1.59529e-23
750,105.5,80,0,0,0,-1.29218e-23
750,105.5,80,0,0,0,-1.04667e-23
750,105.5,80,0,0,0,-8.47801e-24
750,105.5,80,0,0,0,-6.86719e-24
750,105.5,80,0,0,0,-5.56242e-24
750,105.5,80,0,0,0,-4.50556e-24
750,105.5,80,0,0,0,-3.6495e-24
750,105.5,80,0,0,0,-2.9561e-24
750,105.5,80,0,0,0,-2.39444e-24
750,105.5,80,0,0,0,-1.9395e-24
750,105.5,80,0,0,0,-1.57099e-24
750,105.5,80,0,0,0,-1.2725e-24
750,105.5,80,0,0,0,-1.03073e-24
750,105.5,80,0,0,0,-8.3489e-25
750,105.5,80,0,0,0,-6.76261e-25
750,105.5,80,0,0,0,-5.47771e-25
750,105.5,80,0,0,0,-4.43695e-25
750,105.5,80,0,0,0,-3.59393e-25
750,105.5,80,0,0,0,-2.91108e-25
750,105.5,80,0,0,0,-2.35797e-25
750,105.5,80,0,0,0,-1.90996e-25
750,105.5,80,0,0,0,-1.54707e-25
750,105.5,80,0,0,0,-1.25312e-25
750,105.5,80,0,0,0,-1.01503e-25
750,105.5,80,0,0,0,-8.22175e-26
750,105.5,80,0,0,0,-6.65962e-26
750,105.5,80,0,0,0,-5.39429e-26
750,105.5,80,0,0,0,-4.36937e-26
750,105.5,80,0,0,0,-3.53919e-26
750,105.5,80,0,0,0,-2.86675e-26
750,105.5,80,0,0,0,-2.32206e-26
750,105.5,80,0,0,0,-1.88087e-26
750,105.5,80,0,0,0,-1.52351e-26
750,105.5,80,0,0,0,-1.23404e-26
750,105.5,80,0,0,0,-9.99573e-27
750,105.5,80,0,0,0,-8.09654e-27
750,105.5,80,0,0,0,-6.5582e-27
750,105.5,80,0,0,0,-5.31214e-27
750,105.5,80,0,0,0,-4.30283e-27
750,105.5,80,0,0,0,-3.48529e-27
750,105.5,80,0,0,0,-2.82309e-27
750,105.5,80,0,0,0,-2.2867e-27
750,105.5,80,0,0,0,-1.85223e-27
750,105.5,80,0,0,0,-1.50031e-27
750,105.5,80,0,0,0,-1.21525e-27
750,105.5,80,0,0,0,-9.8435e-28
750,105.5,80,0,0,0,-7.97324e-28
750,105.5,80,0,0,0,-6.45832e-28
750,105.5,80,0,0,0,-5.23124e-28
750,105.5,80,0,0,0,-4.2373e-28
750,105.5,80,0,0,0,-3.43222e-28
750,105.5,80,0,0,0,-2.7801e-28
750,105.5,80,0,0,0,-2.25188e-28
750,105.5,80,0,0,0,-1.82402e-28
750,105.5,80,0,0,0,-1.47746e-28
750,105.5,80,0,0,0,-1.19674e-28
750,105.5,80,0,0,0,-9.69359e-29
750,105.5,80,0,0,0,-7.85181e-29
750,105.5,80,0,0,0,-6.35997e-29
750,105.5,80,0,0,0,-5.15157e-29
750,105.5,80,0,0,0,-4.17277e-29
750,105.5,80,0,0,0,-3.37995e-29
750,105.5,80,0,0,0,-2.73776e-29
750,105.5,80,0,0,0,-2.21758e-29
750,105.5,80,0,0,0,-1.79624e-29
750,105.5,80,0,0,0,-1.45496e-29
750,105.5,80,0,0,0,-1.17851e-29
750,105.5,80,0,0,0,-9.54597e-30
750,105.5,80,0,0,0,-7.73224e-30
750,105.5,80,0,0,0,-6.26311e-30
750,105.5,80,0,0,0,-5.07312e-30
750,105.5,80,0,0,0,-4.10923e-30
750,105.5,80,0,0,0,-3.32847e-30
750,105.5,80,0,0,0,-2.69606e-30
750,105.5,80,0,0,0,-2.18381e-30
750,105.5,80,0,0,0,-1.76889e-30
750,105.5,80,0,0,0,-1.4328e-30
750,105.5,80,0,0,0,-1.16057e-30
750,105.5,80,0,0,0,-9.40059e-31
750,105.5,80,0,0,0,-7.61448e-31
750,105.5,80,0,0,0,-6.16773e-31
750,105.5,80,0,0,0,-4.99586e-31
750,105.5,80,0,0,0,-4.04665e-31
750,105.5,80,0,0,0,-3.27778e-31
750,105.5,80,0,0,0,-2.65501e-31
750,105.5,80,0,0,0,-2.15055e-31
750,105.5,80,0,0,0,-1.74195e-31
750,105.5,80,0,0,0,-1.41098e-31
750,105.5,80,0,0,0,-1.14289e-31
750,105.5,80,0,0,0,-9.25743e-32
750,105.5,80,0,0,0,-7.49852e-32
750,105.5,80,0,0,0,-6.0738e-32
750,105.5,80,0,0,0,-4.91978e-32
750,105.5,80,0,0,0,-3.98502e-32
750,105.5,80,0,0,0,-3.22787e-32
750,105.5,80,0,0,0,-2.61457e-32
750,105.5,80,0,0,0,-2.1178e-32
750,105.5,80,0,0,0,-1.71542e-32
750,105.5,80,0,0,0,-1.38949e-32
750,105.5,80,0,0,0,-1.12549e-32
750,105.5,80,0,0,0,-9.11645e-33
750,105.5,80,0,0,0,-7.38432e-33
750,105.5,80,0,0,0,-5.9813e-33
750,105.5,80,0,0,0,-4.84485e-33
750,105.5,80,0,0,0,-3.92433e-33
750,105.5,80,0,0,0,-3.17871e-33
750,105.5,80,0,0,0,-2.57475e-33
750,105.5,80,0,0,0,-2.08555e-33
750,105.5,80,0,0,0,-1.6893e-33
750,105.5,80,0,0,0,-1.36833e-33
750,105.5,80,0,0,0,-1.10835e-33
750,105.5,80,0,0,0,-8.97761e-34
750,105.5,80,0,0,0,-7.27187e-34
750,105.5,80,0,0,0,-5.89021e-34
750,105.5,80,0,0,0,-4.77107e-34
750,105.5,80,0,0,0,-3.86457e-34
750,105.5,80,0,0,0,-3.1303e-34
750,105.5,80,0,0,0,-2.53554e-34
750,105.5,80,0,0,0,-2.05379e-34
750,105.5,80,0,0,0,-1.66357e-34
750,105.5,80,0,0,0,-1.34749e-34
750,105.5,80,0,0,0,-1.09147e-34
750,105.5,80,0,0,0,-8.84089e-35
750,105.5,80,0,0,0,-7.16112e-35
750,105.5,80,0,0,0,-5.80051e-35
750,105.5,80,0,0,0,-4.69841e-35
750,105.5,80,0,0,0,-3.80571e-35
750,105.5,80,0,0,0,-3.08263e-35
750,105.5,80,0,0,0,-2.49693e-35
750,105.5,80,0,0,0,-2.02251e-35
750,105.5,80,0,0,0,-1.63824e-35
750,105.5,80,0,0,0,-1.32697e-35
750,105.5,80,0,0,0,-1.07485e-35
750,105.5,80,0,0,0,-8.70625e-36
750,105.5,80,0,0,0,-7.05207e-36
750,105.5,80,0,0,0,-5.71217e-36
750,105.5,80,0,0,0,-4.62686e-36
750,105.5,80,0,0,0,-3.74776e-36
750,105.5,80,0,0,0,-3.03568e-36
750,105.5,80,0,0,0,-2.4589e-36
750,105.5,80,0,0,0,-1.99171e-36
750,105.5,80,0,0,0,-1.61329e-36
750,105.5,80,0,0,0,-1.30676e-36
750,105.5,80,0,0,0,-1.05848e-36
750,105.5,80,0,0,0,-8.57366e-37
750,105.5,80,0,0,0,-6.94467e-37
750,105.5,80,0,0,0,-5.62518e-37
750,105.5,80,0,0,0,-4.5564e-37
750,105.5,80,0,0,0,-3.69068e-37
750,105.5,80,0,0,0,-2.98945e-37
750,105.5,80,0,0,0,-2.42146e-37
750,105.5,80,0,0,0,-1.96138e-37
750,105.5,80,0,0,0,-1.58872e-37
750,105.5,80,0,0,0,-1.28686e-37
750,105.5,80,0,0,0,-1.04236e-37
750,105.5,80,0,0,0,-8.4431e-38
750,105.5,80,0,0,0,-6.83891e-38
750,105.5,80,0,0,0,-5.53952e-38
750,105.5,80,0,0,0,-4.48701e-38
750,105.5,80,0,0,0,-3.63448e-38
750,105.5,80,0,0,0,-2.94393e-38
750,105.5,80,0,0,0,-2.38458e-38
750,105.5,80,0,0,0,-1.93151e-38
750,105.5,80,0,0,0,-1.56452e-38
750,105.5,80,0,0,0,-1.26726e-38
750,105.5,80,0,0,0,-1.02648e-38
750,105.5,80,0,0,0,-8.31451e-39
750,105.5,80,0,0,0,-6.73476e-39
750,105.5,80,0,0,0,-5.45515e-39
750,105.5,80,0,0,0,-4.41867e-39
750,105.5,80,0,0,0,-3.57913e-39
750,105.5,80,0,0,0,-2.89909e-39
750,105.5,80,0,0,0,-2.34826e-39
750,105.5,80,0,0,0,-1.90209e-39
750,105.5,80,0,0,0,-1.5407e-39
750,105.5,80,0,0,0,-1.24796e-39
750,105.5,80,0,0,0,-1.01085e-39
750,105.5,80,0,0,0,-8.18789e-40
750,105.5,80,0,0,0,-6.63219e-40
750,105.5,80,0,0,0,-5.37208e-40
750,105.5,80,0,0,0,-4.35138e-40
750,105.5,80,0,0,0,-3.52462e-40
750,105.5,80,0,0,0,-2.85494e-40
750,105.5,80,0,0,0,-2.3125e-40
750,105.5,80,0,0,0,-1.87313e-40
750,105.5,80,0,0,0,-1.51723e-40
750,105.5,80,0,0,0,-1.22896e-40
750,105.5,80,0,0,0,-9.95457e-41
750,105.5,80,0,0,0,-8.0632e-41
750,105.5,80,0,0,0,-6.53119e-41
750,105.5,80,0,0,0,-5.29026e-41
750,105.5,80,0,0,0,-4.28511e-41
750,105.5,80,0,0,0,-3.47094e-41
750,105.5,80,0,0,0,-2.81146e-41
750,105.5,80,0,0,0,-2.27729e-41
750,105.5,80,0,0,0,-1.8446e-41
750,105.5,80,0,0,0,-1.49413e-41
750,105.5,80,0,0,0,-1.21024e-41
750,105.5,80,0,0,0,-9.80297e-42
750,105.5,80,0,0,0,-7.9404e-42
750,105.5,80,0,0,0,-6.43173e-42
750,105.5,80,0,0,0,-5.2097e-42
750,105.5,80,0,0,0,-4.21986e-42
750,105.5,80,0,0,0,-3.41808e-42
750,105.5,80,0,0,0,-2.76865e-42
750,105.5,80,0,0,0,-2.2426e-42
750,105.5,80,0,0,0,-1.81651e-42
750,105.5,80,0,0,0,-1.47137e-42
750,105.5,80,0,0,0,-1.19181e-42
750,105.5,80,0,0,0,-9.65368e-43
750,105.5,80,0,0,0,-7.81948e-43
750,105.5,80,0,0,0,-6.33378e-43
750,105.5,80,0,0,0,-5.13036e-43
750,105.5,80,0,0,0,-4.15559e-43
750,105.5,80,0,0,0,-3.36603e-43
750,105.5,80,0,0,0,-2.72648e-43
750,105.5,80,0,0,0,-2.20845e-43
750,105.5,80,0,0,0,-1.78885e-43
750,105.5,80,0,0,0,-1.44897e-43
750,105.5,80,0,0,0,-1.17366e-43
750,105.5,80,0,0,0,-9.50666e-44
750,105.5,80,0,0,0,-7.70039e-44
750,105.5,80,0,0,0,-6.23732e-44
750,105.5,80,0,0,0,-5.05223e-44
750,105.5,80,0,0,0,-4.09231e-44
750,105.5,80,0,0,0,-3.31477e-44
750,105.5,80,0,0,0,-2.68496e-44
750,105.5,80,0,0,0,-2.17482e-44
750,105.5,80,0,0,0,-1.7616e-44
750,105.5,80,0,0,0,-1.4269e-44
750,105.5,80,0,0,0,-1.15579e-44
750,105.5,80,0,0,0,-9.36188e-45
750,105.5,80,0,0,0,-7.58312e-45
750,105.5,80,0,0,0,-6.14233e-45
750,105.5,80,0,0,0,-4.97529e-45
750,105.5,80,0,0,0,-4.02998e-45
750,105.5,80,0,0,0,-3.26429e-45
750,105.5,80,0,0,0,-2.64407e-45
750,105.5,80,0,0,0,-2.1417e-45
750,105.5,80,0,0,0,-1.73478e-45
750,105.5,80,0,0,0,-1.40517e-45
750,105.5,80,0,0,0,-1.13819e-45
750,105.5,80,0,0,0,-9.21931e-46
750,105.5,80,0,0,0,-7.46764e-46
750,105.5,80,0,0,0,-6.04879e-46
750,105.5,80,0,0,0,-4.89952e-46
750,105.5,80,0,0,0,-3.96861e-46
750,105.5,80,0,0,0,-3.21457e-46
750,105.5,80,0,0,0,-2.60381e-46
750,105.5,80,0,0,0,-2.10908e-46
750,105.5,80,0,0,0,-1.70836e-46
750,105.5,80,0,0,0,-1.38377e-46
750,105.5,80,0,0,0,-1.12085e-46
750,105.5,80,0,0,0,-9.07891e-47
750,105.5,80,0,0,0,-7.35391e-47
750,105.5,80,0,0,0,-5.95667e-47
750,105.5,80,0,0,0,-4.8249e-47
750,105.5,80,0,0,0,-3.90817e-47
750,105.5,80,0,0,0,-3.16562e-47
750,105.5,80,0,0,0,-2.56415e-47
750,105.5,80,0,0,0,-2.07696e-47
750,105.5,80,0,0,0,-1.68234e-47
750,105.5,80,0,0,0,-1.3627e-47
750,105.5,80,0,0,0,-1.10378e-47
750,105.5,80,0,0,0,-8.94064e-48
750,105.5,80,0,0,0,-7.24192e-48
750,105.5,80,0,0,0,-5.86596e-48
750,105.5,80,0,0,0,-4.75142e-48
750,105.5,80,0,0,0,-3.84865e-48
750,105.5,80,0,0,0,-3.11741e-48
750,105.5,80,0,0,0,-2.5251e-48
750,105.5,80,0,0,0,-2.04533e-48
750,105.5,80,0,0,0,-1.65672e-48
750,105.5,80,0,0,0,-1.34194e-48
750,105.5,80,0,0,0,-1.08697e-48
750,105.5,80,0,0,0,-8.80449e-49
750,105.5,80,0,0,0,-7.13163e-49
750,105.5,80,0,0,0,-5.77662e-49
750,105.5,80,0,0,0,-4.67906e-49
750,105.5,80,0,0,0,-3.79004e-49
750,105.5,80,0,0,0,-3.06993e-49
750,105.5,80,0,0,0,-2.48665e-49
750,105.5,80,0,0,0,-2.01418e-49
750,105.5,80,0,0,0,-1.63149e-49
750,105.5,80,0,0,0,-1.32151e-49
750,105.5,80,0,0,0,-1.07042e-49
750,105.5,80,0,0,0,-8.6704e-50
750,105.5,80,0,0,0,-7.02302e-50
750,105.5,80,0,0,0,-5.68865e-50
750,105.5,80,0,0,0,-4.60781e-50
750,105.5,80,0,0,0,-3.73232e-50
750,105.5,80,0,0,0,-3.02318e-50
750,105.5,80,0,0,0,-2.44878e-50
750,105.5,80,0,0,0,-1.98351e-50
750,105.5,80,0,0,0,-1.60664e-50
750,105.5,80,0,0,0,-1.30138e-50
750,105.5,80,0,0,0,-1.05412e-50
750,105.5,80,0,0,0,-8.53836e-51
750,105.5,80,0,0,0,-6.91607e-51
750,105.5,80,0,0,0,-5.60202e-51
750,105.5,80,0,0,0,-4.53763e-51
750,105.5,80,0,0,0,-3.67548e-51
750,105.5,80,0,0,0,-2.97714e-51
750,105.5,80,0,0,0,-2.41148e-51
750,105.5,80,0,0,0,-1.9533e-51
750,105.5,80,0,0,0,-1.58218e-51
750,105.5,80,0,0,0,-1.28156e-51
750,105.5,80,0,0,0,-1.03807e-51
750,105.5,80,0,0,0,-8.40833e-52
750,105.5,80,0,0,0,-6.81074e-52
750,105.5,80,0,0,0,-5.5167e-52
750,105.5,80,0,0,0,-4.46853e-52
750,105.5,80,0,0,0,-3.61951e-52
750,105.5,80,0,0,0,-2.9318e-52
750,105.5,80,0,0,0,-2.37476e-52
750,105.5,80,0,0,0,-1.92356e-52
750,105.5,80,0,0,0,-1.55808e-52
750,105.5,80,0,0,0,-1.26204e-52
750,105.5,80,0,0,0,-1.02226e-52
750,105.5,80,0,0,0,-8.28028e-53
750,105.5,80,0,0,0,-6.70702e-53
750,105.5,80,0,0,0,-5.43269e-53
750,105.5,80,0,0,0,-4.40048e-53
750,105.5,80,0,0,0,-3.56439e-53
750,105.5,80,0,0,0,-2.88715e-53
750,105.5,80,0,0,0,-2.33859e-53
750,105.5,80,0,0,0,-1.89426e-53
750,105.5,80,0,0,0,-1.53435e-53
750,105.5,80,0,0,0,-1.24282e-53
750,105.5,80,0,0,0,-1.00669e-53
750,105.5,80,0,0,0,-8.15417e-54
750,105.5,80,0,0,0,-6.60488e-54
750,105.5,80,0,0,0,-5.34995e-54
750,105.5,80,0,0,0,-4.33346e-54
750,105.5,80,0,0,0,-3.5101e-54
750,105.5,80,0,0,0,-2.84318e-54
750,105.5,80,0,0,0,-2.30298e-54
750,105.5,80,0,0,0,-1.86541e-54
750,105.5,80,0,0,0,-1.51099e-54
750,105.5,80,0,0,0,-1.2239e-54
750,105.5,80,0,0,0,-9.91357e-55
750,105.5,80,0,0,0,-8.02999e-55
750,105.5,80,0,0,0,-6.5043e-55
750,105.5,80,0,0,0,-5.26848e-55
750,105.5,80,0,0,0,-4.26747e-55
750,105.5,80,0,0,0,-3.45665e-55
750,105.5,80,0,0,0,-2.79989e-55
750,105.5,80,0,0,0,-2.26791e-55
750,105.5,80,0,0,0,-1.83701e-55
750,105.5,80,0,0,0,-1.48797e-55
750,105.5,80,0,0,0,-1.20526e-55
750,105.5,80,0,0,0,-9.7626e-56
750,105.5,80,0,0,0,-7.9077e-56
750,105.5,80,0,0,0,-6.40524e-56
750,105.5,80,0,0,0,-5.18824e-56
750,105.5,80,0,0,0,-4.20248e-56
750,105.5,80,0,0,0,-3.40401e-56
750,105.5,80,0,0,0,-2.75725e-56
750,105.5,80,0,0,0,-2.23337e-56
750,105.5,80,0,0,0,-1.80903e-56
750,105.5,80,0,0,0,-1.46531e-56
750,105.5,80,0,0,0,-1.1869e-56
750,105.5,80,0,0,0,-9.61392e-57
750,105.5,80,0,0,0,-7.78728e-57
750,105.5,80,0,0,0,-6.30769e-57
750,105.5,80,0,0,0,-5.10923e-57
750,105.5,80,0,0,0,-4.13848e-57
750,105.5,80,0,0,0,-3.35217e-57
750,105.5,80,0,0,0,-2.71526e-57
750,105.5,80,0,0,0,-2.19936e-57
750,105.5,80,0,0,0,-1.78148e-57
750,105.5,80,0,0,0,-1.443e-57
750,105.5,80,0,0,0,-1.16883e-57
750,105.5,80,0,0,0,-9.46751e-58
750,105.5,80,0,0,0,-7.66868e-58
750,105.5,80,0,0,0,-6.21163e-58
750,105.5,80,0,0,0,-5.03142e-58
750,105.5,80,0,0,0,-4.07545e-58
750,105.5,80,0,0,0,-3.30112e-58
750,105.5,80,0,0,0,-2.6739e-58
750,105.5,80,0,0,0,-2.16586e-58
750,105.5,80,0,0,0,-1.75435e-58
750,105.5,80,0,0,0,-1.42102e-58
750,105.5,80,0,0,0,-1.15103e-58
750,105.5,80,0,0,0,-9.32333e-59
750,105.5,80,0,0,0,-7.5519e-59
750,105.5,80,0,0,0,-6.11704e-59
750,105.5,80,0,0,0,-4.9548e-59
750,105.5,80,0,0,0,-4.01339e-59
750,105.5,80,0,0,0,-3.25084e-59
750,105.5,80,0,0,0,-2.63318e-59
750,105.5,80,0,0,0,-2.13288e-59
750,105.5,80,0,0,0,-1.72763e-59
750,105.5,80,0,0,0,-1.39938e-59
750,105.5,80,0,0,0,-1.1335e-59
750,105.5,80,0,0,0,-9.18134e-60
750,105.5,80,0,0,0,-7.43689e-60
750,105.5,80,0,0,0,-6.02388e-60
750,105.5,80,0,0,0,-4.87934e-60
750,105.5,80,0,0,0,-3.95227e-60
750,105.5,80,0,0,0,-3.20134e-60
750,105.5,80,0,0,0,-2.59308e-60
750,105.5,80,0,0,0,-2.1004e-60
750,105.5,80,0,0,0,-1.70132e-60
750,105.5,80,0,0,0,-1.37807e-60
750,105.5,80,0,0,0,-1.11624e-60
750,105.5,80,0,0,0,-9.04152e-61
750,105.5,80,0,0,0,-7.32363e-61
750,105.5,80,0,0,0,-5.93214e-61
750,105.5,80,0,0,0,-4.80503e-61
750,105.5,80,0,0,0,-3.89208e-61
750,105.5,80,0,0,0,-3.15258e-61
750,105.5,80,0,0,0,-2.55359e-61
750,105.5,80,0,0,0,-2.06841e-61
750,105.5,80,0,0,0,-1.67541e-61
750,105.5,80,0,0,0,-1.35708e-61
750,105.5,80,0,0,0,-1.09924e-61
750,105.5,80,0,0,0,-8.90383e-62
750,105.5,80,0,0,0,-7.2121e-62
750,105.5,80,0,0,0,-5.8418e-62
750,105.5,80,0,0,0,-4.73186e-62
750,105.5,80,0,0,0,-3.83281e-62
750,105.5,80,0,0,0,-3.10457e-62
750,105.5,80,0,0,0,-2.5147e-62
750,105.5,80,0,0,0,-2.03691e-62
750,105.5,80,0,0,0,-1.6499e-62
750,105.5,80,0,0,0,-1.33642e-62
750,105.5,80,0,0,0,-1.0825e-62
750,105.5,80,0,0,0,-8.76823e-63
750,105.5,80,0,0,0,-7.10227e-63
750,105.5,80,0,0,0,-5.75283e-63
750,105.5,80,0,0,0,-4.6598e-63
750,105.5,80,0,0,0,-3.77443e-63
750,105.5,80,0,0,0,-3.05729e-63
750,105.5,80,0,0,0,-2.47641e-63
750,105.5,80,0,0,0,-2.00589e-63
750,105.5,80,0,0,0,-1.62477e-63
750,105.5,80,0,0,0,-1.31606e-63
750,105.5,80,0,0,0,-1.06601e-63
750,105.5,80,0,0,0,-8.6347e-64
750,105.5,80,0,0,0,-6.9941e-64
750,105.5,80,0,0,0,-5.66522e-64
750,105.5,80,0,0,0,-4.58883e-64
750,105.5,80,0,0,0,-3.71695e-64
750,105.5,80,0,0,0,-3.01073e-64
750,105.5,80,0,0,0,-2.43869e-64
750,105.5,80,0,0,0,-1.97534e-64
750,105.5,80,0,0,0,-1.60003e-64
750,105.5,80,0,0,0,-1.29602e-64
750,105.5,80,0,0,0,-1.04978e-64
750,105.5,80,0,0,0,-8.5032e-65
750,105.5,80,0,0,0,-6.88759e-65
750,105.5,80,0,0,0,-5.57895e-65
750,105.5,80,0,0,0,-4.51895e-65
750,105.5,80,0,0,0,-3.66035e-65
750,105.5,80,0,0,0,-2.96488e-65
750,105.5,80,0,0,0,-2.40155e-65
750,105.5,80,0,0,0,-1.94526e-65
750,105.5,80,0,0,0,-1.57566e-65
750,105.5,80,0,0,0,-1.27628e-65
750,105.5,80,0,0,0,-1.03379e-65
750,105.5,80,0,0,0,-8.3737e-66
750,105.5,80,0,0,0,-6.7827e-66
750,105.5,80,0,0,0,-5.49399e-66
750,105.5,80,0,0,0,-4.45013e-66
750,105.5,80,0,0,0,-3.6046e-66
750,105.5,80,0,0,0,-2.91973e-66
750,105.5,80,0,0,0,-2.36498e-66
750,105.5,80,0,0,0,-1.91563e-66
750,105.5,80,0,0,0,-1.55166e-66
750,105.5,80,0,0,0,-1.25685e-66
750,105.5,80,0,0,0,-1.01805e-66
750,105.5,80,0,0,0,-8.24618e-67
750,105.5,80,0,0,0,-6.6794e-67
750,105.5,80,0,0,0,-5.41032e-67
750,105.5,80,0,0,0,-4.38236e-67
750,105.5,80,0,0,0,-3.54971e-67
750,105.5,80,0,0,0,-2.87526e-67
750,105.5,80,0,0,0,-2.32896e-67
750,105.5,80,0,0,0,-1.88646e-67
750,105.5,80,0,0,0,-1.52803e-67
750,105.5,80,0,0,0,-1.23771e-67
750,105.5,80,0,0,0,-1.00254e-67
750,105.5,80,0,0,0,-8.1206e-68
750,105.5,80,0,0,0,-6.57768e-68
750,105.5,80,0,0,0,-5.32792e-68
750,105.5,80,0,0,0,-4.31562e-68
750,105.5,80,0,0,0,-3.49565e-68
750,105.5,80,0,0,0,-2.83148e-68
750,105.5,80,0,0,0,-2.2935e-68
750,105.5,80,0,0,0,-1.85773e-68
750,105.5,80,0,0,0,-1.50476e-68
750,105.5,80,0,0,0,-1.21886e-68
750,105.5,80,0,0,0,-9.87275e-69
750,105.5,80,0,0,0,-7.99693e-69
750,105.5,80,0,0,0,-6.47751e-69
750,105.5,80,0,0,0,-5.24678e-69
750,105.5,80,0,0,0,-4.24989e-69
750,105.5,80,0,0,0,-3.44241e-69
750,105.5,80,0,0,0,-2.78836e-69
750,105.5,80,0,0,0,-2.25857e-69
750,105.5,80,0,0,0,-1.82944e-69
750,105.5,80,0,0,0,-1.48185e-69
750,105.5,80,0,0,0,-1.2003e-69
750,105.5,80,0,0,0,-9.7224e-70
750,105.5,80,0,0,0,-7.87514e-70
750,105.5,80,0,0,0,-6.37886e-70
750,105.5,80,0,0,0,-5.16688e-70
750,105.5,80,0,0,0,-4.18517e-70
750,105.5,80,0,0,0,-3.38999e-70
750,105.5,80,0,0,0,-2.74589e-70
750,105.5,80,0,0,0,-2.22417e-70
750,105.5,80,0,0,0,-1.80158e-70
750,105.5,80,0,0,0,-1.45928e-70
750,105.5,80,0,0,0,-1.18202e-70
750,105.5,80,0,0,0,-9.57433e-71
750,105.5,80,0,0,0,-7.75521e-71
750,105.5,80,0,0,0,-6.28172e-71
750,105.5,80,0,0,0,-5.08819e-71
750,105.5,80,0,0,0,-4.12144e-71
750,105.5,80,0,0,0,-3.33836e-71
750,105.5,80,0,0,0,-2.70407e-71
750,105.5,80,0,0,0,-2.1903e-71
750,105.5,80,0,0,0,-1.77414e-71
750,105.5,80,0,0,0,-1.43706e-71
750,105.5,80,0,0,0,-1.16402e-71
750,105.5,80,0,0,0,-9.42852e-72
750,105.5,80,0,0,0,-7.6371e-72
750,105.5,80,0,0,0,-6.18605e-72
750,105.5,80,0,0,0,-5.0107e-72
750,105.5,80,0,0,0,-4.05867e-72
750,105.5,80,0,0,0,-3.28752e-72
750,105.5,80,0,0,0,-2.66289e-72
750,105.5,80,0,0,0,-2.15694e-72
750,105.5,80,0,0,0,-1.74712e-72
750,105.5,80,0,0,0,-1.41517e-72
750,105.5,80,0,0,0,-1.14629e-72
750,105.5,80,0,0,0,-9.28494e-73
750,105.5,80,0,0,0,-7.5208e-73
750,105.5,80,0,0,0,-6.09185e-73
750,105.5,80,0,0,0,-4.9344e-73
750,105.5,80,0,0,0,-3.99686e-73
750,105.5,80,0,0,0,-3.23746e-73
750,105.5,80,0,0,0,-2.62234e-73
750,105.5,80,0,0,0,-2.1241e-73
750,105.5,80,0,0,0,-1.72052e-73
750,105.5,80,0,0,0,-1.39362e-73
750,105.5,80,0,0,0,-1.12883e-73
750,105.5,80,0,0,0,-9.14353e-74
750,105.5,80,0,0,0,-7.40626e-74
750,105.5,80,0,0,0,-5.99907e-74
750,105.5,80,0,0,0,-4.85925e-74
750,105.5,80,0,0,0,-3.93599e-74
750,105.5,80,0,0,0,-3.18815e-74
750,105.5,80,0,0,0,-2.5824e-74
750,105.5,80,0,0,0,-2.09175e-74
750,105.5,80,0,0,0,-1.69432e-74
750,105.5,80,0,0,0,-1.3724e-74
750,105.5,80,0,0,0,-1.11164e-74
750,105.5,80,0,0,0,-9.00429e-75
750,105.5,80,0,0,0,-7.29347e-75
750,105.5,80,0,0,0,-5.90771e-75
750,105.5,80,0,0,0,-4.78525e-75
750,105.5,80,0,0,0,-3.87605e-75
750,105.5,80,0,0,0,-3.1396e-75
750,105.5,80,0,0,0,-2.54308e-75
750,105.5,80,0,0,0,-2.05989e-75
750,105.5,80,0,0,0,-1.66851e-75
750,105.5,80,0,0,0,-1.3515e-75
750,105.5,80,0,0,0,-1.09471e-75
750,105.5,80,0,0,0,-8.86716e-76
750,105.5,80,0,0,0,-7.1824e-76
750,105.5,80,0,0,0,-5.81774e-76
750,105.5,80,0,0,0,-4.71237e-76
750,105.5,80,0,0,0,-3.81702e-76
750,105.5,80,0,0,0,-3.09179e-76
750,105.5,80,0,0,0,-2.50435e-76
750,105.5,80,0,0,0,-2.02852e-76
750,105.5,80,0,0,0,-1.6431e-76
750,105.5,80,0,0,0,-1.33091e-76
750,105.5,80,0,0,0,-1.07804e-76
750,105.5,80,0,0,0,-8.73212e-77
750,105.5,80,0,0,0,-7.07302e-77
750,105.5,80,0,0,0,-5.72914e-77
750,105.5,80,0,0,0,-4.64061e-77
750,105.5,80,0,0,0,-3.75889e-77
750,105.5,80,0,0,0,-3.0447e-77
750,105.5,80,0,0,0,-2.46621e-77
750,105.5,80,0,0,0,-1.99763e-77
750,105.5,80,0,0,0,-1.61808e-77
750,105.5,80,0,0,0,-1.31064e-77
750,105.5,80,0,0,0,-1.06162e-77
750,105.5,80,0,0,0,-8.59914e-78
750,105.5,80,0,0,0,-6.9653e-78
750,105.5,80,0,0,0,-5.64189e-78
750,105.5,80,0,0,0,-4.56993e-78
750,105.5,80,0,0,0,-3.70165e-78
750,105.5,80,0,0,0,-2.99833e-78
750,105.5,80,0,0,0,-2.42865e-78
750,105.5,80,0,0,0,-1.96721e-78
750,105.5,80,0,0,0,-1.59344e-78
750,105.5,80,0,0,0,-1.29068e-78
750,105.5,80,0,0,0,-1.04545e-78
750,105.5,80,0,0,0,-8.46818e-79
750,105.5,80,0,0,0,-6.85923e-79
750,105.5,80,0,0,0,-5.55597e-79
750,105.5,80,0,0,0,-4.50034e-79
750,105.5,80,0,0,0,-3.64527e-79
750,105.5,80,0,0,0,-2.95267e-79
750,105.5,80,0,0,0,-2.39166e-79
750,105.5,80,0,0,0,-1.93725e-79
750,105.5,80,0,0,0,-1.56917e-79
750,105.5,80,0,0,0,-1.27103e-79
750,105.5,80,0,0,0,-1.02953e-79
750,105.5,80,0,0,0,-8.33922e-80
750,105.5,80,0,0,0,-6.75477e-80
750,105.5,80,0,0,0,-5.47136e-80
750,105.5,80,0,0,0,-4.4318e-80
750,105.5,80,0,0,0,-3.58976e-80
750,105.5,80,0,0,0,-2.90771e-80
750,105.5,80,0,0,0,-2.35524e-80
750,105.5,80,0,0,0,-1.90775e-80
750,105.5,80,0,0,0,-1.54527e-80
750,105.5,80,0,0,0,-1.25167e-80
750,105.5,80,0,0,0,-1.01385e-80
750,105.5,80,0,0,0,-8.21222e-81
750,105.5,80,0,0,0,-6.6519e-81
750,105.5,80,0,0,0,-5.38804e-81
750,105.5,80,0,0,0,-4.36431e-81
750,105.5,80,0,0,0,-3.53509e-81
750,105.5,80,0,0,0,-2.86342e-81
750,105.5,80,0,0,0,-2.31937e-81
750,105.5,80,0,0,0,-1.87869e-81
750,105.5,80,0,0,0,-1.52174e-81
750,105.5,80,0,0,0,-1.23261e-81
750,105.5,80,0,0,0,-9.98414e-82
750,105.5,80,0,0,0,-8.08716e-82
750,105.5,80,0,0,0,-6.5506e-82
750,105.5,80,0,0,0,-5.30598e-82
750,105.5,80,0,0,0,-4.29785e-82
750,105.5,80,0,0,0,-3.48126e-82
750,105.5,80,0,0,0,-2.81982e-82
750,105.5,80,0,0,0,-2.28405e-82
750,105.5,80,0,0,0,-1.85008e-82
750,105.5,80,0,0,0,-1.49857e-82
750,105.5,80,0,0,0,-1.21384e-82
750,105.5,80,0,0,0,-9.83209e-83
750,105.5,80,0,0,0,-7.964e-83
750,105.5,80,0,0,0,-6.45084e-83
750,105.5,80,0,0,0,-5.22518e-83
750,105.5,80,0,0,0,-4.23239e-83
750,105.5,80,0,0,0,-3.42824e-83
750,105.5,80,0,0,0,-2.77687e-83
750,105.5,80,0,0,0,-2.24927e-83
750,105.5,80,0,0,0,-1.82191e-83
750,105.5,80,0,0,0,-1.47574e-83
750,105.5,80,0,0,0,-1.19535e-83
750,105.5,80,0,0,0,-9.68236e-84
750,105.5,80,0,0,0,-7.84271e-84
750,105.5,80,0,0,0,-6.3526e-84
750,105.5,80,0,0,0,-5.1456e-84
750,105.5,80,0,0,0,-4.16794e-84
750,105.5,80,0,0,0,-3.37603e-84
750,105.5,80,0,0,0,-2.73458e-84
750,105.5,80,0,0,0,-2.21501e-84
750,105.5,80,0,0,0,-1.79416e-84
750,105.5,80,0,0,0,-1.45327e-84
750,105.5,80,0,0,0,-1.17715e-84
750,105.5,80,0,0,0,-9.53491e-85
750,105.5,80,0,0,0,-7.72327e-85
750,105.5,80,0,0,0,-6.25585e-85
750,105.5,80,0,0,0,-5.06724e-85
750,105.5,80,0,0,0,-4.10446e-85
750,105.5,80,0,0,0,-3.32462e-85
750,105.5,80,0,0,0,-2.69294e-85
750,105.5,80,0,0,0,-2.18128e-85
750,105.5,80,0,0,0,-1.76684e-85
750,105.5,80,0,0,0,-1.43114e-85
750,105.5,80,0,0,0,-1.15922e-85
750,105.5,80,0,0,0,-9.3897e-86
750,105.5,80,0,0,0,-7.60565e-86
750,105.5,80,0,0,0,-6.16058e-86
750,105.5,80,0,0,0,-4.99007e-86
750,105.5,80,0,0,0,-4.04196e-86
750,105.5,80,0,0,0,-3.27399e-86
750,105.5,80,0,0,0,-2.65193e-86
750,105.5,80,0,0,0,-2.14806e-86
750,105.5,80,0,0,0,-1.73993e-86
750,105.5,80,0,0,0,-1.40934e-86
750,105.5,80,0,0,0,-1.14157e-86
750,105.5,80,0,0,0,-9.2467e-87
750,105.5,80,0,0,0,-7.48983e-87
750,105.5,80,0,0,0,-6.06676e-87
750,105.5,80,0,0,0,-4.91408e-87
750,105.5,80,0,0,0,-3.9804e-87
750,105.5,80,0,0,0,-3.22413e-87
750,105.5,80,0,0,0,-2.61154e-87
750,105.5,80,0,0,0,-2.11535e-87
750,105.5,80,0,0,0,-1.71343e-87
750,105.5,80,0,0,0,-1.38788e-87
750,105.5,80,0,0,0,-1.12418e-87
750,105.5,80,0,0,0,-9.10588e-88
750,105.5,80,0,0,0,-7.37576e-88
750,105.5,80,0,0,0,-5.97437e-88
750,105.5,80,0,0,0,-4.83924e-88
750,105.5,80,0,0,0,-3.91978e-88
750,105.5,80,0,0,0,-3.17502e-88
750,105.5,80,0,0,0,-2.57177e-88
750,105.5,80,0,0,0,-2.08313e-88
750,105.5,80,0,0,0,-1.68734e-88
750,105.5,80,0,0,0,-1.36674e-88
750,105.5,80,0,0,0,-1.10706e-88
750,105.5,80,0,0,0,-8.96721e-89
750,105.5,80,0,0,0,-7.26344e-89
750,105.5,80,0,0,0,-5.88338e-89
750,105.5,80,0,0,0,-4.76554e-89
750,105.5,80,0,0,0,-3.86009e-89
750,105.5,80,0,0,0,-3.12667e-89
750,105.5,80,0,0,0,-2.5326e-89
750,105.5,80,0,0,0,-2.05141e-89
750,105.5,80,0,0,0,-1.66164e-89
750,105.5,80,0,0,0,-1.34593e-89
750,105.5,80,0,0,0,-1.0902e-89
750,105.5,80,0,0,0,-8.83065e-90
750,105.5,80,0,0,0,-7.15282e-90
750,105.5,80,0,0,0,-5.79379e-90
750,105.5,80,0,0,0,-4.69297e-90
750,105.5,80,0,0,0,-3.8013e-90
750,105.5,80,0,0,0,-3.07906e-90
750,105.5,80,0,0,0,-2.49403e-90
750,105.5,80,0,0,0,-2.02017e-90
750,105.5,80,0,0,0,-1.63634e-90
750,105.5,80,0,0,0,-1.32543e-90
750,105.5,80,0,0,0,-1.0736e-90
750,105.5,80,0,0,0,-8.69616e-91
750,105.5,80,0,0,0,-7.04389e-91
750,105.5,80,0,0,0,-5.70555e-91
750,105.5,80,0,0,0,-4.6215e-91
750,105.5,80,0,0,0,-3.74341e-91
750,105.5,80,0,0,0,-3.03216e-91
750,105.5,80,0,0,0,-2.45605e-91
750,105.5,80,0,0,0,-1.9894e-91
750,105.5,80,0,0,0,-1.61142e-91
750,105.5,80,0,0,0,-1.30525e-91
750,105.5,80,0,0,0,-1.05725e-91
750,105.5,80,0,0,0,-8.56373e-92
750,105.5,80,0,0,0,-6.93662e-92
750,105.5,80,0,0,0,-5.61866e-92
750,105.5,80,0,0,0,-4.55112e-92
750,105.5,80,0,0,0,-3.6864e-92
750,105.5,80,0,0,0,-2.98599e-92
750,105.5,80,0,0,0,-2.41865e-92
750,105.5,80,0,0,0,-1.95911e-92
750,105.5,80,0,0,0,-1.58688e-92
750,105.5,80,0,0,0,-1.28537e-92
750,105.5,80,0,0,0,-1.04115e-92
750,105.5,80,0,0,0,-8.43331e-93
750,105.5,80,0,0,0,-6.83098e-93
750,105.5,80,0,0,0,-5.53309e-93
750,105.5,80,0,0,0,-4.48181e-93
750,105.5,80,0,0,0,-3.63026e-93
750,105.5,80,0,0,0,-2.94051e-93
750,105.5,80,0,0,0,-2.38182e-93
750,105.5,80,0,0,0,-1.92927e-93
750,105.5,80,0,0,0,-1.56271e-93
750,105.5,80,0,0,0,-1.26579e-93
750,105.5,80,0,0,0,-1.02529e-93
750,105.5,80,0,0,0,-8.30488e-94
750,105.5,80,0,0,0,-6.72695e-94
750,105.5,80,0,0,0,-5.44883e-94
750,105.5,80,0,0,0,-4.41355e-94
750,105.5,80,0,0,0,-3.57498e-94
750,105.5,80,0,0,0,-2.89573e-94
750,105.5,80,0,0,0,-2.34554e-94
750,105.5,80,0,0,0,-1.89989e-94
750,105.5,80,0,0,0,-1.53891e-94
750,105.5,80,0,0,0,-1.24652e-94
750,105.5,80,0,0,0,-1.00968e-94
750,105.5,80,0,0,0,-8.1784e-95
750,105.5,80,0,0,0,-6.62451e-95
750,105.5,80,0,0,0,-5.36585e-95
750,105.5,80,0,0,0,-4.34634e-95
750,105.5,80,0,0,0,-3.52053e-95
750,105.5,80,0,0,0,-2.85163e-95
750,105.5,80,0,0,0,-2.30982e-95
750,105.5,80,0,0,0,-1.87096e-95
750,105.5,80,0,0,0,-1.51547e-95
750,105.5,80,0,0,0,-1.22753e-95
750,105.5,80,0,0,0,-9.94303e-96
750,105.5,80,0,0,0,-8.05385e-96
750,105.5,80,0,0,0,-6.52362e-96
750,105.5,80,0,0,0,-5.28413e-96
750,105.5,80,0,0,0,-4.28015e-96
750,105.5,80,0,0,0,-3.46692e-96
750,105.5,80,0,0,0,-2.8082e-96
750,105.5,80,0,0,0,-2.27465e-96
750,105.5,80,0,0,0,-1.84246e-96
750,105.5,80,0,0,0,-1.4924e-96
750,105.5,80,0,0,0,-1.20884e-96
750,105.5,80,0,0,0,-9.7916e-97
750,105.5,80,0,0,0,-7.9312e-97
750,105.5,80,0,0,0,-6.42427e-97
750,105.5,80,0,0,0,-5.20366e-97
750,105.5,80,0,0,0,-4.21496e-97
750,105.5,80,0,0,0,-3.41412e-97
750,105.5,80,0,0,0,-2.76544e-97
750,105.5,80,0,0,0,-2.24001e-97
750,105.5,80,0,0,0,-1.8144e-97
750,105.5,80,0,0,0,-1.46967e-97
750,105.5,80,0,0,0,-1.19043e-97
750,105.5,80,0,0,0,-9.64249e-98
750,105.5,80,0,0,0,-7.81041e-98
750,105.5,80,0,0,0,-6.32644e-98
750,105.5,80,0,0,0,-5.12441e-98
750,105.5,80,0,0,0,-4.15077e-98
750,105.5,80,0,0,0,-3.36213e-98
750,105.5,80,0,0,0,-2.72332e-98
750,105.5,80,0,0,0,-2.20589e-98
750,105.5,80,0,0,0,-1.78677e-98
750,105.5,80,0,0,0,-1.44729e-98
750,105.5,80,0,0,0,-1.1723e-98
750,105.5,80,0,0,0,-9.49564e-99
750,105.5,80,0,0,0,-7.69147e-99
750,105.5,80,0,0,0,-6.23009e-99
750,105.5,80,0,0,0,-5.04637e-99
750,105.5,80,0,0,0,-4.08756e-99
750,105.5,80,0,0,0,-3.31093e-99
750,105.5,80,0,0,0,-2.68185e-99
750,105.5,80,0,0,0,-2.1723e-99
750,105.5,80,0,0,0,-1.75956e-99
750,105.5,80,0,0,0,-1.42524e-99
750,105.5,80,0,0,0,-1.15445e-99
750,105.5,80,0,0,0,-9.35103e-100
750,105.5,80,0,0,0,-7.57433e-100
750,105.5,80,0,0,0,-6.13521e-100
750,105.5,80,0,0,0,-4.96952e-100
750,105.5,80,0,0,0,-4.02531e-100
750,105.5,80,0,0,0,-3.2605e-100
750,105.5,80,0,0,0,-2.64101e-100
750,105.5,80,0,0,0,-2.13922e-100
750,105.5,80,0,0,0,-1.73276e-100
750,105.5,80,0,0,0,-1.40354e-100
750,105.5,80,0,0,0,-1.13687e-100
750,105.5,80,0,0,0,-9.20862e-101
750,105.5,80,0,0,0,-7.45898e-101
750,105.5,80,0,0,0,-6.04178e-101
750,105.5,80,0,0,0,-4.89384e-101
750,105.5,80,0,0,0,-3.96401e-101
750,105.5,80,0,0,0,-3.21085e-101
750,105.5,80,0,0,0,-2.60079e-101
750,105.5,80,0,0,0,-2.10664e-101
750,105.5,80,0,0,0,-1.70638e-101
750,105.5,80,0,0,0,-1.38216e-101
750,105.5,80,0,0,0,-1.11955e-101
750,105.5,80,0,0,0,-9.06838e-102
750,105.5,80,0,0,0,-7.34539e-102
750,105.5,80,0,0,0,-5.94977e-102
750,105.5,80,0,0,0,-4.81931e-102
750,105.5,80,0,0,0,-3.90364e-102
750,105.5,80,0,0,0,-3.16195e-102
750,105.5,80,0,0,0,-2.56118e-102
750,105.5,80,0,0,0,-2.07456e-102
750,105.5,80,0,0,0,-1.68039e-102
750,105.5,80,0,0,0,-1.36112e-102
750,105.5,80,0,0,0,-1.1025e-102
750,105.5,80,0,0,0,-8.93028e-103
750,105.5,80,0,0,0,-7.23353e-103
750,105.5,80,0,0,0,-5.85916e-103
750,105.5,80,0,0,0,-4.74592e-103
750,105.5,80,0,0,0,-3.84419e-103
750,105.5,80,0,0,0,-3.1138e-103
750,105.5,80,0,0,0,-2.52218e-103
750,105.5,80,0,0,0,-2.04296e-103
750,105.5,80,0,0,0,-1.6548e-103
750,105.5,80,0,0,0,-1.34039e-103
750,105.5,80,0,0,0,-1.08571e-103
750,105.5,80,0,0,0,-8.79428e-104
750,105.5,80,0,0,0,-7.12337e-104
750,105.5,80,0,0,0,-5.76993e-104
750,105.5,80,0,0,0,-4.67364e-104
750,105.5,80,0,0,0,-3.78565e-104
750,105.5,80,0,0,0,-3.06638e-104
750,105.5,80,0,0,0,-2.48376e-104
750,105.5,80,0,0,0,-2.01185e-104
750,105.5,80,0,0,0,-1.6296e-104
750,105.5,80,0,0,0,-1.31997e-104
750,105.5,80,0,0,0,-1.06918e-104
750,105.5,80,0,0,0,-8.66035e-105
750,105.5,80,0,0,0,-7.01488e-105
750,105.5,80,0,0,0,-5.68206e-105
750,105.5,80,0,0,0,-4.60247e-105
750,105.5,80,0,0,0,-3.728e-105
750,105.5,80,0,0,0,-3.01968e-105
750,105.5,80,0,0,0,-2.44594e-105
750,105.5,80,0,0,0,-1.98121e-105
750,105.5,80,0,0,0,-1.60478e-105
750,105.5,80,0,0,0,-1.29987e-105
750,105.5,80,0,0,0,-1.0529e-105
750,105.5,80,0,0,0,-8.52846e-106
750,105.5,80,0,0,0,-6.90805e-106
750,105.5,80,0,0,0,-5.59552e-106
750,105.5,80,0,0,0,-4.53237e-106
750,105.5,80,0,0,0,-3.67122e-106
750,105.5,80,0,0,0,-2.97369e-106
750,105.5,80,0,0,0,-2.40869e-106
750,105.5,80,0,0,0,-1.95104e-106
750,105.5,80,0,0,0,-1.58034e-106
750,105.5,80,0,0,0,-1.28008e-106
750,105.5,80,0,0,0,-1.03686e-106
750,105.5,80,0,0,0,-8.39858e-107
750,105.5,80,0,0,0,-6.80285e-107
750,105.5,80,0,0,0,-5.51031e-107
750,105.5,80,0,0,0,-4.46335e-107
750,105.5,80,0,0,0,-3.61531e-107
750,105.5,80,0,0,0,-2.9284e-107
750,105.5,80,0,0,0,-2.37201e-107
750,105.5,80,0,0,0,-1.92133e-107
750,105.5,80,0,0,0,-1.55627e-107
750,105.5,80,0,0,0,-1.26058e-107
750,105.5,80,0,0,0,-1.02107e-107
750,105.5,80,0,0,0,-8.27068e-108
750,105.5,80,0,0,0,-6.69925e-108
750,105.5,80,0,0,0,-5.42639e-108
750,105.5,80,0,0,0,-4.39538e-108
750,105.5,80,0,0,0,-3.56026e-108
750,105.5,80,0,0,0,-2.88381e-108
750,105.5,80,0,0,0,-2.33588e-108
750,105.5,80,0,0,0,-1.89207e-108
750,105.5,80,0,0,0,-1.53257e-108
750,105.5,80,0,0,0,-1.24138e-108
750,105.5,80,0,0,0,-1.00552e-108
750,105.5,80,0,0,0,-8.14472e-109
750,105.5,80,0,0,0,-6.59723e-109
750,105.5,80,0,0,0,-5.34375e-109
750,105.5,80,0,0,0,-4.32844e-109
750,105.5,80,0,0,0,-3.50604e-109
750,105.5,80,0,0,0,-2.83989e-109
750,105.5,80,0,0,0,-2.30031e-109
750,105.5,80,0,0,0,-1.86325e-109
750,105.5,80,0,0,0,-1.50923e-109
750,105.5,80,0,0,0,-1.22248e-109
750,105.5,80,0,0,0,-9.90208e-110
750,105.5,80,0,0,0,-8.02069e-110
750,105.5,80,0,0,0,-6.49676e-110
750,105.5,80,0,0,0,-5.26237e-110
750,105.5,80,0,0,0,-4.26252e-110
750,105.5,80,0,0,0,-3.45264e-110
750,105.5,80,0,0,0,-2.79664e-110
750,105.5,80,0,0,0,-2.26528e-110
750,105.5,80,0,0,0,-1.83488e-110
750,105.5,80,0,0,0,-1.48625e-110
750,105.5,80,0,0,0,-1.20386e-110
750,105.5,80,0,0,0,-9.75128e-111
750,105.5,80,0,0,0,-7.89854e-111
750,105.5,80,0,0,0,-6.39782e-111
750,105.5,80,0,0,0,-5.18223e-111
750,105.5,80,0,0,0,-4.19761e-111
750,105.5,80,0,0,0,-3.40006e-111
750,105.5,80,0,0,0,-2.75405e-111
750,105.5,80,0,0,0,-2.23078e-111
750,105.5,80,0,0,0,-1.80693e-111
750,105.5,80,0,0,0,-1.46362e-111
750,105.5,80,0,0,0,-1.18553e-111
750,105.5,80,0,0,0,-9.60278e-112
750,105.5,80,0,0,0,-7.77825e-112
750,105.5,80,0,0,0,-6.30038e-112
750,105.5,80,0,0,0,-5.10331e-112
750,105.5,80,0,0,0,-4.13368e-112
750,105.5,80,0,0,0,-3.34828e-112
750,105.5,80,0,0,0,-2.71211e-112
750,105.5,80,0,0,0,-2.19681e-112
750,105.5,80,0,0,0,-1.77941e-112
750,105.5,80,0,0,0,-1.44133e-112
750,105.5,80,0,0,0,-1.16747e-112
750,105.5,80,0,0,0,-9.45654e-113
750,105.5,80,0,0,0,-7.6598e-113
750,105.5,80,0,0,0,-6.20443e-113
750,105.5,80,0,0,0,-5.02559e-113
750,105.5,80,0,0,0,-4.07073e-113
750,105.5,80,0,0,0,-3.29729e-113
750,105.5,80,0,0,0,-2.67081e-113
750,105.5,80,0,0,0,-2.16335e-113
750,105.5,80,0,0,0,-1.75232e-113
750,105.5,80,0,0,0,-1.41938e-113
750,105.5,80,0,0,0,-1.14969e-113
750,105.5,80,0,0,0,-9.31252e-114
750,105.5,80,0,0,0,-7.54314e-114
750,105.5,80,0,0,0,-6.10995e-114
750,105.5,80,0,0,0,-4.94906e-114
750,105.5,80,0,0,0,-4.00874e-114
750,105.5,80,0,0,0,-3.24708e-114
750,105.5,80,0,0,0,-2.63013e-114
750,105.5,80,0,0,0,-2.13041e-114
750,105.5,80,0,0,0,-1.72563e-114
750,105.5,80,0,0,0,-1.39776e-114
750,105.5,80,0,0,0,-1.13219e-114
750,105.5,80,0,0,0,-9.1707e-115
750,105.5,80,0,0,0,-7.42827e-115
750,105.5,80,0,0,0,-6.0169e-115
750,105.5,80,0,0,0,-4.87369e-115
750,105.5,80,0,0,0,-3.94769e-115
750,105.5,80,0,0,0,-3.19763e-115
750,105.5,80,0,0,0,-2.59008e-115
750,105.5,80,0,0,0,-2.09796e-115
750,105.5,80,0,0,0,-1.69935e-115
750,105.5,80,0,0,0,-1.37647e-115
750,105.5,80,0,0,0,-1.11494e-115
750,105.5,80,0,0,0,-9.03104e-116
750,105.5,80,0,0,0,-7.31514e-116
750,105.5,80,0,0,0,-5.92527e-116
750,105.5,80,0,0,0,-4.79947e-116
750,105.5,80,0,0,0,-3.88757e-116
750,105.5,80,0,0,0,-3.14893e-116
750,105.5,80,0,0,0,-2.55063e-116
750,105.5,80,0,0,0,-2.06601e-116
750,105.5,80,0,0,0,-1.67347e-116
750,105.5,80,0,0,0,-1.35551e-116
750,105.5,80,0,0,0,-1.09796e-116
750,105.5,80,0,0,0,-8.89351e-117
750,105.5,80,0,0,0,-7.20374e-117
750,105.5,80,0,0,0,-5.83503e-117
750,105.5,80,0,0,0,-4.72637e-117
750,105.5,80,0,0,0,-3.82836e-117
750,105.5,80,0,0,0,-3.10097e-117
750,105.5,80,0,0,0,-2.51179e-117
750,105.5,80,0,0,0,-2.03455e-117
750,105.5,80,0,0,0,-1.64798e-117
750,105.5,80,0,0,0,-1.33487e-117
750,105.5,80,0,0,0,-1.08124e-117
750,105.5,80,0,0,0,-8.75807e-118
750,105.5,80,0,0,0,-7.09403e-118
750,105.5,80,0,0,0,-5.74617e-118
750,105.5,80,0,0,0,-4.6544e-118
750,105.5,80,0,0,0,-3.77006e-118
750,105.5,80,0,0,0,-3.05375e-118
750,105.5,80,0,0,0,-2.47354e-118
750,105.5,80,0,0,0,-2.00356e-118
750,105.5,80,0,0,0,-1.62289e-118
750,105.5,80,0,0,0,-1.31454e-118
750,105.5,80,0,0,0,-1.06478e-118
750,105.5,80,0,0,0,-8.62469e-119
750,105.5,80,0,0,0,-6.986e-119
750,105.5,80,0,0,0,-5.65866e-119
750,105.5,80,0,0,0,-4.58351e-119
750,105.5,80,0,0,0,-3.71265e-119
750,105.5,80,0,0,0,-3.00724e-119
750,105.5,80,0,0,0,-2.43587e-119
750,105.5,80,0,0,0,-1.97305e-119
750,105.5,80,0,0,0,-1.59817e-119
750,105.5,80,0,0,0,-1.29452e-119
750,105.5,80,0,0,0,-1.04856e-119
750,105.5,80,0,0,0,-8.49334e-120
750,105.5,80,0,0,0,-6.87961e-120
750,105.5,80,0,0,0,-5.57248e-120
750,105.5,80,0,0,0,-4.51371e-120
750,105.5,80,0,0,0,-3.65611e-120
750,105.5,80,0,0,0,-2.96145e-120
750,105.5,80,0,0,0,-2.39877e-120
750,105.5,80,0,0,0,-1.943e-120
750,105.5,80,0,0,0,-1.57383e-120
750,105.5,80,0,0,0,-1.27481e-120
750,105.5,80,0,0,0,-1.03259e-120
750,105.5,80,0,0,0,-8.364e-121
750,105.5,80,0,0,0,-6.77484e-121
750,105.5,80,0,0,0,-5.48762e-121
750,105.5,80,0,0,0,-4.44497e-121
750,105.5,80,0,0,0,-3.60043e-121
750,105.5,80,0,0,0,-2.91635e-121
750,105.5,80,0,0,0,-2.36224e-121
750,105.5,80,0,0,0,-1.91341e-121
750,105.5,80,0,0,0,-1.54987e-121
750,105.5,80,0,0,0,-1.25539e-121
750,105.5,80,0,0,0,-1.01687e-121
750,105.5,80,0,0,0,-8.23662e-122
750,105.5,80,0,0,0,-6.67166e-122
750,105.5,80,0,0,0,-5.40405e-122
750,105.5,80,0,0,0,-4.37728e-122
750,105.5,80,0,0,0,-3.54559e-122
750,105.5,80,0,0,0,-2.87193e-122
750,105.5,80,0,0,0,-2.32626e-122
750,105.5,80,0,0,0,-1.88427e-122
750,105.5,80,0,0,0,-1.52626e-122
750,105.5,80,0,0,0,-1.23627e-122
750,105.5,80,0,0,0,-1.00138e-122
750,105.5,80,0,0,0,-8.11118e-123
750,105.5,80,0,0,0,-6.57006e-123
750,105.5,80,0,0,0,-5.32175e-123
750,105.5,80,0,0,0,-4.31062e-123
750,105.5,80,0,0,0,-3.4916e-123
750,105.5,80,0,0,0,-2.82819e-123
750,105.5,80,0,0,0,-2.29084e-123
750,105.5,80,0,0,0,-1.85558e-123
750,105.5,80,0,0,0,-1.50302e-123
750,105.5,80,0,0,0,-1.21745e-123
750,105.5,80,0,0,0,-9.86131e-124
750,105.5,80,0,0,0,-7.98766e-124
750,105.5,80,0,0,0,-6.47e-124
750,105.5,80,0,0,0,-5.2407e-124
750,105.5,80,0,0,0,-4.24497e-124
750,105.5,80,0,0,0,-3.43842e-124
750,105.5,80,0,0,0,-2.78512e-124
750,105.5,80,0,0,0,-2.25595e-124
750,105.5,80,0,0,0,-1.82732e-124
750,105.5,80,0,0,0,-1.48013e-124
750,105.5,80,0,0,0,-1.1989e-124
750,105.5,80,0,0,0,-9.71113e-125
750,105.5,80,0,0,0,-7.86601e-125
750,105.5,80,0,0,0,-6.37147e-125
750,105.5,80,0,0,0,-5.16089e-125
750,105.5,80,0,0,0,-4.18032e-125
750,105.5,80,0,0,0,-3.38606e-125
750,105.5,80,0,0,0,-2.74271e-125
750,105.5,80,0,0,0,-2.22159e-125
750,105.5,80,0,0,0,-1.79949e-125
750,105.5,80,0,0,0,-1.45759e-125
750,105.5,80,0,0,0,-1.18065e-125
750,105.5,80,0,0,0,-9.56324e-126
750,105.5,80,0,0,0,-7.74622e-126
750,105.5,80,0,0,0,-6.27444e-126
750,105.5,80,0,0,0,-5.0823e-126
750,105.5,80,0,0,0,-4.11666e-126
750,105.5,80,0,0,0,-3.33449e-126
750,105.5,80,0,0,0,-2.70094e-126
750,105.5,80,0,0,0,-2.18776e-126
750,105.5,80,0,0,0,-1.77209e-126
750,105.5,80,0,0,0,-1.43539e-126
750,105.5,80,0,0,0,-1.16267e-126
750,105.5,80,0,0,0,-9.4176e-127
750,105.5,80,0,0,0,-7.62825e-127
750,105.5,80,0,0,0,-6.17888e-127
750,105.5,80,0,0,0,-5.0049e-127
750,105.5,80,0,0,0,-4.05397e-127
750,105.5,80,0,0,0,-3.28371e-127
750,105.5,80,0,0,0,-2.65981e-127
750,105.5,80,0,0,0,-2.15444e-127
750,105.5,80,0,0,0,-1.7451e-127
750,105.5,80,0,0,0,-1.41353e-127
750,105.5,80,0,0,0,-1.14496e-127
750,105.5,80,0,0,0,-9.27417e-128
750,105.5,80,0,0,0,-7.51208e-128
750,105.5,80,0,0,0,-6.08479e-128
750,105.5,80,0,0,0,-4.92868e-128
750,105.5,80,0,0,0,-3.99223e-128
750,105.5,80,0,0,0,-3.2337e-128
750,105.5,80,0,0,0,-2.6193e-128
750,105.5,80,0,0,0,-2.12163e-128
750,105.5,80,0,0,0,-1.71852e-128
750,105.5,80,0,0,0,-1.392e-128
750,105.5,80,0,0,0,-1.12752e-128
750,105.5,80,0,0,0,-9.13294e-129
750,105.5,80,0,0,0,-7.39768e-129
750,105.5,80,0,0,0,-5.99212e-129
750,105.5,80,0,0,0,-4.85362e-129
750,105.5,80,0,0,0,-3.93143e-129
750,105.5,80,0,0,0,-3.18446e-129
750,105.5,80,0,0,0,-2.57941e-129
750,105.5,80,0,0,0,-2.08932e-129
750,105.5,80,0,0,0,-1.69235e-129
750,105.5,80,0,0,0,-1.3708e-129
750,105.5,80,0,0,0,-1.11035e-129
750,105.5,80,0,0,0,-8.99385e-130
750,105.5,80,0,0,0,-7.28502e-130
750,105.5,80,0,0,0,-5.90087e-130
750,105.5,80,0,0,0,-4.7797e-130
750,105.5,80,0,0,0,-3.87156e-130
750,105.5,80,0,0,0,-3.13596e-130
750,105.5,80,0,0,0,-2.54013e-130
750,105.5,80,0,0,0,-2.0575e-130
750,105.5,80,0,0,0,-1.66658e-130
750,105.5,80,0,0,0,-1.34993e-130
750,105.5,80,0,0,0,-1.09344e-130
750,105.5,80,0,0,0,-8.85688e-131
750,105.5,80,0,0,0,-7.17407e-131
750,105.5,80,0,0,0,-5.811e-131
750,105.5,80,0,0,0,-4.70691e-131
750,105.5,80,0,0,0,-3.8126e-131
750,105.5,80,0,0,0,-3.0882e-131
750,105.5,80,0,0,0,-2.50145e-131
750,105.5,80,0,0,0,-2.02617e-131
750,105.5,80,0,0,0,-1.6412e-131
750,105.5,80,0,0,0,-1.32937e-131
750,105.5,80,0,0,0,-1.07679e-131
750,105.5,80,0,0,0,-8.722e-132
750,105.5,80,0,0,0,-7.06482e-132
750,105.5,80,0,0,0,-5.7225e-132
750,105.5,80,0,0,0,-4.63523e-132
750,105.5,80,0,0,0,-3.75454e-132
750,105.5,80,0,0,0,-3.04117e-132
750,105.5,80,0,0,0,-2.46335e-132
750,105.5,80,0,0,0,-1.99531e-132
750,105.5,80,0,0,0,-1.6162e-132
750,105.5,80,0,0,0,-1.30913e-132
750,105.5,80,0,0,0,-1.06039e-132
750,105.5,80,0,0,0,-8.58917e-133
750,105.5,80,0,0,0,-6.95723e-133
750,105.5,80,0,0,0,-5.63536e-133
750,105.5,80,0,0,0,-4.56464e-133
750,105.5,80,0,0,0,-3.69736e-133
750,105.5,80,0,0,0,-2.99486e-133
750,105.5,80,0,0,0,-2.42584e-133
750,105.5,80,0,0,0,-1.96493e-133
750,105.5,80,0,0,0,-1.59159e-133
750,105.5,80,0,0,0,-1.28919e-133
750,105.5,80,0,0,0,-1.04424e-133
750,105.5,80,0,0,0,-8.45837e-134
750,105.5,80,0,0,0,-6.85128e-134
750,105.5,80,0,0,0,-5.54953e-134
750,105.5,80,0,0,0,-4.49512e-134
750,105.5,80,0,0,0,-3.64105e-134
750,105.5,80,0,0,0,-2.94925e-134
750,105.5,80,0,0,0,-2.38889e-134
750,105.5,80,0,0,0,-1.935e-134
750,105.5,80,0,0,0,-1.56735e-134
750,105.5,80,0,0,0,-1.26956e-134
750,105.5,80,0,0,0,-1.02834e-134
750,105.5,80,0,0,0,-8.32955e-135
750,105.5,80,0,0,0,-6.74694e-135
750,105.5,80,0,0,0,-5.46502e-135
750,105.5,80,0,0,0,-4.42667e-135
750,105.5,80,0,0,0,-3.5856e-135
750,105.5,80,0,0,0,-2.90434e-135
750,105.5,80,0,0,0,-2.35251e-135
750,105.5,80,0,0,0,-1.90553e-135
750,105.5,80,0,0,0,-1.54348e-135
750,105.5,80,0,0,0,-1.25022e-135
750,105.5,80,0,0,0,-1.01268e-135
750,105.5,80,0,0,0,-8.2027e-136
750,105.5,80,0,0,0,-6.64419e-136
750,105.5,80,0,0,0,-5.38179e-136
750,105.5,80,0,0,0,-4.35925e-136
750,105.5,80,0,0,0,-3.53099e-136
750,105.5,80,0,0,0,-2.86011e-136
750,105.5,80,0,0,0,-2.31669e-136
750,105.5,80,0,0,0,-1.87652e-136
750,105.5,80,0,0,0,-1.51998e-136
750,105.5,80,0,0,0,-1.23118e-136
750,105.5,80,0,0,0,-9.97257e-137
750,105.5,80,0,0,0,-8.07778e-137
750,105.5,80,0,0,0,-6.543e-137
750,105.5,80,0,0,0,-5.29983e-137
750,105.5,80,0,0,0,-4.29286e-137
750,105.5,80,0,0,0,-3.47722e-137
750,105.5,80,0,0,0,-2.81655e-137
750,105.5,80,0,0,0,-2.2814e-137
750,105.5,80,0,0,0,-1.84794e-137
750,105.5,80,0,0,0,-1.49683e-137
750,105.5,80,0,0,0,-1.21243e-137
750,105.5,80,0,0,0,-9.8207e-138
750,105.5,80,0,0,0,-7.95476e-138
750,105.5,80,0,0,0,-6.44336e-138
750,105.5,80,0,0,0,-5.21912e-138
750,105.5,80,0,0,0,-4.22749e-138
750,105.5,80,0,0,0,-3.42427e-138
750,105.5,80,0,0,0,-2.77365e-138
750,105.5,80,0,0,0,-2.24666e-138
750,105.5,80,0,0,0,-1.8198e-138
750,105.5,80,0,0,0,-1.47403e-138
750,105.5,80,0,0,0,-1.19397e-138
750,105.5,80,0,0,0,-9.67114e-139
750,105.5,80,0,0,0,-7.83362e-139
750,105.5,80,0,0,0,-6.34523e-139
750,105.5,80,0,0,0,-5.13964e-139
750,105.5,80,0,0,0,-4.16311e-139
750,105.5,80,0,0,0,-3.37212e-139
750,105.5,80,0,0,0,-2.73141e-139
750,105.5,80,0,0,0,-2.21245e-139
750,105.5,80,0,0,0,-1.79208e-139
750,105.5,80,0,0,0,-1.45159e-139
750,105.5,80,0,0,0,-1.17578e-139
750,105.5,80,0,0,0,-9.52385e-140
750,105.5,80,0,0,0,-7.71432e-140
750,105.5,80,0,0,0,-6.2486e-140
750,105.5,80,0,0,0,-5.06137e-140
750,105.5,80,0,0,0,-4.09971e-140
750,105.5,80,0,0,0,-3.32076e-140
750,105.5,80,0,0,0,-2.68982e-140
750,105.5,80,0,0,0,-2.17875e-140
750,105.5,80,0,0,0,-1.76479e-140
750,105.5,80,0,0,0,-1.42948e-140
750,105.5,80,0,0,0,-1.15788e-140
750,105.5,80,0,0,0,-9.37881e-141
750,105.5,80,0,0,0,-7.59684e-141
750,105.5,80,0,0,0,-6.15344e-141
750,105.5,80,0,0,0,-4.98429e-141
750,105.5,80,0,0,0,-4.03727e-141
750,105.5,80,0,0,0,-3.27019e-141
750,105.5,80,0,0,0,-2.64885e-141
750,105.5,80,0,0,0,-2.14557e-141
750,105.5,80,0,0,0,-1.73791e-141
750,105.5,80,0,0,0,-1.40771e-141
750,105.5,80,0,0,0,-1.14024e-141
750,105.5,80,0,0,0,-9.23598e-142
750,105.5,80,0,0,0,-7.48115e-142
750,105.5,80,0,0,0,-6.05973e-142
750,105.5,80,0,0,0,-4.90838e-142
750,105.5,80,0,0,0,-3.97579e-142
750,105.5,80,0,0,0,-3.22039e-142
750,105.5,80,0,0,0,-2.60851e-142
750,105.5,80,0,0,0,-2.1129e-142
750,105.5,80,0,0,0,-1.71145e-142
750,105.5,80,0,0,0,-1.38627e-142
750,105.5,80,0,0,0,-1.12288e-142
750,105.5,80,0,0,0,-9.09533e-143
750,105.5,80,0,0,0,-7.36722e-143
750,105.5,80,0,0,0,-5.96744e-143
750,105.5,80,0,0,0,-4.83363e-143
750,105.5,80,0,0,0,-3.91524e-143
750,105.5,80,0,0,0,-3.17134e-143
750,105.5,80,0,0,0,-2.56879e-143
750,105.5,80,0,0,0,-2.08072e-143
750,105.5,80,0,0,0,-1.68538e-143
750,105.5,80,0,0,0,-1.36516e-143
750,105.5,80,0,0,0,-1.10578e-143
750,105.5,80,0,0,0,-8.95681e-144
750,105.5,80,0,0,0,-7.25502e-144
750,105.5,80,0,0,0,-5.87657e-144
750,105.5,80,0,0,0,-4.76002e-144
750,105.5,80,0,0,0,-3.85561e-144
750,105.5,80,0,0,0,-3.12305e-144
750,105.5,80,0,0,0,-2.52967e-144
750,105.5,80,0,0,0,-2.04903e-144
750,105.5,80,0,0,0,-1.65972e-144
750,105.5,80,0,0,0,-1.34437e-144
750,105.5,80,0,0,0,-1.08894e-144
750,105.5,80,0,0,0,-8.82041e-145
750,105.5,80,0,0,0,-7.14453e-145
750,105.5,80,0,0,0,-5.78707e-145
750,105.5,80,0,0,0,-4.68753e-145
750,105.5,80,0,0,0,-3.7969e-145
750,105.5,80,0,0,0,-3.07549e-145
750,105.5,80,0,0,0,-2.49114e-145
750,105.5,80,0,0,0,-2.01783e-145
750,105.5,80,0,0,0,-1.63444e-145
750,105.5,80,0,0,0,-1.3239e-145
750,105.5,80,0,0,0,-1.07236e-145
750,105.5,80,0,0,0,-8.68608e-146
750,105.5,80,0,0,0,-7.03573e-146
750,105.5,80,0,0,0,-5.69894e-146
750,105.5,80,0,0,0,-4.61614e-146
750,105.5,80,0,0,0,-3.73907e-146
750,105.5,80,0,0,0,-3.02865e-146
750,105.5,80,0,0,0,-2.45321e-146
750,105.5,80,0,0,0,-1.9871e-146
750,105.5,80,0,0,0,-1.60955e-146
750,105.5,80,0,0,0,-1.30373e-146
750,105.5,80,0,0,0,-1.05602e-146
750,105.5,80,0,0,0,-8.5538e-147
750,105.5,80,0,0,0,-6.92858e-147
750,105.5,80,0,0,0,-5.61215e-147
750,105.5,80,0,0,0,-4.54584e-147
750,105.5,80,0,0,0,-3.68213e-147
750,105.5,80,0,0,0,-2.98253e-147
750,105.5,80,0,0,0,-2.41585e-147
750,105.5,80,0,0,0,-1.95684e-147
750,105.5,80,0,0,0,-1.58504e-147
750,105.5,80,0,0,0,-1.28388e-147
750,105.5,80,0,0,0,-1.03994e-147
750,105.5,80,0,0,0,-8.42354e-148
750,105.5,80,0,0,0,-6.82306e-148
750,105.5,80,0,0,0,-5.52668e-148
750,105.5,80,0,0,0,-4.47661e-148
750,105.5,80,0,0,0,-3.62606e-148
750,105.5,80,0,0,0,-2.93711e-148
750,105.5,80,0,0,0,-2.37906e-148
750,105.5,80,0,0,0,-1.92703e-148
750,105.5,80,0,0,0,-1.5609e-148
750,105.5,80,0,0,0,-1.26433e-148
750,105.5,80,0,0,0,-1.02411e-148
750,105.5,80,0,0,0,-8.29525e-149
750,105.5,80,0,0,0,-6.71915e-149
750,105.5,80,0,0,0,-5.44252e-149
750,105.5,80,0,0,0,-4.40844e-149
750,105.5,80,0,0,0,-3.57083e-149
750,105.5,80,0,0,0,-2.89238e-149
750,105.5,80,0,0,0,-2.34282e-149
750,105.5,80,0,0,0,-1.89769e-149
750,105.5,80,0,0,0,-1.53713e-149
750,105.5,80,0,0,0,-1.24507e-149
750,105.5,80,0,0,0,-1.00851e-149
750,105.5,80,0,0,0,-8.16892e-150
750,105.5,80,0,0,0,-6.61683e-150
750,105.5,80,0,0,0,-5.35963e-150
750,105.5,80,0,0,0,-4.3413e-150
750,105.5,80,0,0,0,-3.51645e-150
750,105.5,80,0,0,0,-2.84833e-150
750,105.5,80,0,0,0,-2.30715e-150
750,105.5,80,0,0,0,-1.86879e-150
750,105.5,80,0,0,0,-1.51372e-150
750,105.5,80,0,0,0,-1.22611e-150
750,105.5,80,0,0,0,-9.9315e-151
750,105.5,80,0,0,0,-8.04452e-151
750,105.5,80,0,0,0,-6.51606e-151
750,105.5,80,0,0,0,-5.27801e-151
750,105.5,80,0,0,0,-4.27519e-151
750,105.5,80,0,0,0,-3.4629e-151
750,105.5,80,0,0,0,-2.80495e-151
750,105.5,80,0,0,0,-2.27201e-151
750,105.5,80,0,0,0,-1.84033e-151
750,105.5,80,0,0,0,-1.49067e-151
750,105.5,80,0,0,0,-1.20744e-151
750,105.5,80,0,0,0,-9.78026e-152
750,105.5,80,0,0,0,-7.92201e-152
750,105.5,80,0,0,0,-6.41683e-152
750,105.5,80,0,0,0,-5.19763e-152
750,105.5,80,0,0,0,-4.21008e-152
750,105.5,80,0,0,0,-3.41016e-152
750,105.5,80,0,0,0,-2.76223e-152
750,105.5,80,0,0,0,-2.23741e-152
750,105.5,80,0,0,0,-1.8123e-152
750,105.5,80,0,0,0,-1.46796e-152
750,105.5,80,0,0,0,-1.18905e-152
750,105.5,80,0,0,0,-9.63131e-153
750,105.5,80,0,0,0,-7.80136e-153
750,105.5,80,0,0,0,-6.3191e-153
750,105.5,80,0,0,0,-5.11847e-153
750,105.5,80,0,0,0,-4.14596e-153
750,105.5,80,0,0,0,-3.35823e-153
750,105.5,80,0,0,0,-2.72017e-153
750,105.5,80,0,0,0,-2.20334e-153
750,105.5,80,0,0,0,-1.7847e-153
750,105.5,80,0,0,0,-1.44561e-153
750,105.5,80,0,0,0,-1.17094e-153
750,105.5,80,0,0,0,-9.48464e-154
750,105.5,80,0,0,0,-7.68255e-154
750,105.5,80,0,0,0,-6.22287e-154
750,105.5,80,0,0,0,-5.04052e-154
750,105.5,80,0,0,0,-4.08282e-154
750,105.5,80,0,0,0,-3.30709e-154
750,105.5,80,0,0,0,-2.67874e-154
750,105.5,80,0,0,0,-2.16978e-154
750,105.5,80,0,0,0,-1.75752e-154
750,105.5,80,0,0,0,-1.42359e-154
750,105.5,80,0,0,0,-1.15311e-154
750,105.5,80,0,0,0,-9.34019e-155
750,105.5,80,0,0,0,-7.56556e-155
750,105.5,80,0,0,0,-6.1281e-155
750,105.5,80,0,0,0,-4.96376e-155
750,105.5,80,0,0,0,-4.02065e-155
750,105.5,80,0,0,0,-3.25672e-155
750,105.5,80,0,0,0,-2.63795e-155
750,105.5,80,0,0,0,-2.13674e-155
750,105.5,80,0,0,0,-1.73076e-155
750,105.5,80,0,0,0,-1.40191e-155
750,105.5,80,0,0,0,-1.13555e-155
750,105.5,80,0,0,0,-9.19795e-156
750,105.5,80,0,0,0,-7.45034e-156
750,105.5,80,0,0,0,-6.03477e-156
750,105.5,80,0,0,0,-4.88817e-156
750,105.5,80,0,0,0,-3.95942e-156
750,105.5,80,0,0,0,-3.20713e-156
750,105.5,80,0,0,0,-2.59777e-156
750,105.5,80,0,0,0,-2.1042e-156
750,105.5,80,0,0,0,-1.7044e-156
750,105.5,80,0,0,0,-1.38056e-156
750,105.5,80,0,0,0,-1.11826e-156
750,105.5,80,0,0,0,-9.05787e-157
750,105.5,80,0,0,0,-7.33688e-157
750,105.5,80,0,0,0,-5.94287e-157
750,105.5,80,0,0,0,-4.81373e-157
750,105.5,80,0,0,0,-3.89912e-157
750,105.5,80,0,0,0,-3.15829e-157
750,105.5,80,0,0,0,-2.55821e-157
750,105.5,80,0,0,0,-2.07215e-157
750,105.5,80,0,0,0,-1.67844e-157
750,105.5,80,0,0,0,-1.35954e-157
750,105.5,80,0,0,0,-1.10123e-157
750,105.5,80,0,0,0,-8.91993e-158
750,105.5,80,0,0,0,-7.22514e-158
750,105.5,80,0,0,0,-5.85237e-158
750,105.5,80,0,0,0,-4.74042e-158
750,105.5,80,0,0,0,-3.83974e-158
750,105.5,80,0,0,0,-3.11019e-158
750,105.5,80,0,0,0,-2.51925e-158
750,105.5,80,0,0,0,-2.04059e-158
750,105.5,80,0,0,0,-1.65288e-158
750,105.5,80,0,0,0,-1.33883e-158
750,105.5,80,0,0,0,-1.08446e-158
750,105.5,80,0,0,0,-8.78409e-159
750,105.5,80,0,0,0,-7.11511e-159
750,105.5,80,0,0,0,-5.76324e-159
750,105.5,80,0,0,0,-4.66822e-159
750,105.5,80,0,0,0,-3.78126e-159
750,105.5,80,0,0,0,-3.06282e-159
750,105.5,80,0,0,0,-2.48089e-159
750,105.5,80,0,0,0,-2.00952e-159
750,105.5,80,0,0,0,-1.62771e-159
750,105.5,80,0,0,0,-1.31844e-159
750,105.5,80,0,0,0,-1.06794e-159
750,105.5,80,0,0,0,-8.65031e-160
750,105.5,80,0,0,0,-7.00675e-160
750,105.5,80,0,0,0,-5.67547e-160
750,105.5,80,0,0,0,-4.59713e-160
750,105.5,80,0,0,0,-3.72368e-160
750,105.5,80,0,0,0,-3.01618e-160
750,105.5,80,0,0,0,-2.4431e-160
750,105.5,80,0,0,0,-1.97891e-160
750,105.5,80,0,0,0,-1.60292e-160
750,105.5,80,0,0,0,-1.29837e-160
750,105.5,80,0,0,0,-1.05168e-160
750,105.5,80,0,0,0,-8.51858e-161
750,105.5,80,0,0,0,-6.90005e-161
750,105.5,80,0,0,0,-5.58904e-161
750,105.5,80,0,0,0,-4.52712e-161
750,105.5,80,0,0,0,-3.66697e-161
750,105.5,80,0,0,0,-2.97024e-161
750,105.5,80,0,0,0,-2.4059e-161
750,105.5,80,0,0,0,-1.94878e-161
750,105.5,80,0,0,0,-1.57851e-161
750,105.5,80,0,0,0,-1.27859e-161
750,105.5,80,0,0,0,-1.03566e-161
750,105.5,80,0,0,0,-8.38885e-162
750,105.5,80,0,0,0,-6.79497e-162
750,105.5,80,0,0,0,-5.50392e-162
750,105.5,80,0,0,0,-4.45818e-162
750,105.5,80,0,0,0,-3.61112e-162
750,105.5,80,0,0,0,-2.92501e-162
750,105.5,80,0,0,0,-2.36926e-162
750,105.5,80,0,0,0,-1.9191e-162
750,105.5,80,0,0,0,-1.55447e-162
750,105.5,80,0,0,0,-1.25912e-162
750,105.5,80,0,0,0,-1.01989e-162
750,105.5,80,0,0,0,-8.26109e-163
750,105.5,80,0,0,0,-6.69149e-163
750,105.5,80,0,0,0,-5.4201e-163
750,105.5,80,0,0,0,-4.39028e-163
750,105.5,80,0,0,0,-3.55613e-163
750,105.5,80,0,0,0,-2.88046e-163
750,105.5,80,0,0,0,-2.33318e-163
750,105.5,80,0,0,0,-1.88987e-163
750,105.5,80,0,0,0,-1.5308e-163
750,105.5,80,0,0,0,-1.23995e-163
750,105.5,80,0,0,0,-1.00436e-163
750,105.5,80,0,0,0,-8.13528e-164
750,105.5,80,0,0,0,-6.58958e-164
750,105.5,80,0,0,0,-5.33756e-164
750,105.5,80,0,0,0,-4.32342e-164
750,105.5,80,0,0,0,-3.50197e-164
750,105.5,80,0,0,0,-2.8366e-164
750,105.5,80,0,0,0,-2.29764e-164
750,105.5,80,0,0,0,-1.86109e-164
750,105.5,80,0,0,0,-1.50748e-164
750,105.5,80,0,0,0,-1.22106e-164
750,105.5,80,0,0,0,-9.89061e-165
750,105.5,80,0,0,0,-8.01139e-165
750,105.5,80,0,0,0,-6.48923e-165
750,105.5,80,0,0,0,-5.25627e-165
750,105.5,80,0,0,0,-4.25758e-165
750,105.5,80,0,0,0,-3.44864e-165
750,105.5,80,0,0,0,-2.7934e-165
750,105.5,80,0,0,0,-2.26265e-165
750,105.5,80,0,0,0,-1.83275e-165
750,105.5,80,0,0,0,-1.48453e-165
750,105.5,80,0,0,0,-1.20247e-165
750,105.5,80,0,0,0,-9.73998e-166
750,105.5,80,0,0,0,-7.88938e-166
750,105.5,80,0,0,0,-6.3904e-166
750,105.5,80,0,0,0,-5.17623e-166
750,105.5,80,0,0,0,-4.19274e-166
750,105.5,80,0,0,0,-3.39612e-166
750,105.5,80,0,0,0,-2.75086e-166
750,105.5,80,0,0,0,-2.2282e-166
750,105.5,80,0,0,0,-1.80484e-166
750,105.5,80,0,0,0,-1.46192e-166
750,105.5,80,0,0,0,-1.18415e-166
750,105.5,80,0,0,0,-9.59165e-167
750,105.5,80,0,0,0,-7.76924e-167
750,105.5,80,0,0,0,-6.29308e-167
750,105.5,80,0,0,0,-5.0974e-167
750,105.5,80,0,0,0,-4.12889e-167
750,105.5,80,0,0,0,-3.3444e-167
750,105.5,80,0,0,0,-2.70897e-167
750,105.5,80,0,0,0,-2.19426e-167
750,105.5,80,0,0,0,-1.77735e-167
750,105.5,80,0,0,0,-1.43966e-167
750,105.5,80,0,0,0,-1.16612e-167
750,105.5,80,0,0,0,-9.44558e-168
750,105.5,80,0,0,0,-7.65092e-168
750,105.5,80,0,0,0,-6.19724e-168
750,105.5,80,0,0,0,-5.01977e-168
750,105.5,80,0,0,0,-4.06601e-168
750,105.5,80,0,0,0,-3.29347e-168
750,105.5,80,0,0,0,-2.66771e-168
750,105.5,80,0,0,0,-2.16085e-168
750,105.5,80,0,0,0,-1.75028e-168
750,105.5,80,0,0,0,-1.41773e-168
750,105.5,80,0,0,0,-1.14836e-168
750,105.5,80,0,0,0,-9.30173e-169
750,105.5,80,0,0,0,-7.5344e-169
750,105.5,80,0,0,0,-6.10286e-169
750,105.5,80,0,0,0,-4.94332e-169
750,105.5,80,0,0,0,-4.00409e-169
750,105.5,80,0,0,0,-3.24331e-169
750,105.5,80,0,0,0,-2.62708e-169
750,105.5,80,0,0,0,-2.12794e-169
750,105.5,80,0,0,0,-1.72363e-169
750,105.5,80,0,0,0,-1.39614e-169
750,105.5,80,0,0,0,-1.13087e-169
750,105.5,80,0,0,0,-9.16007e-170
750,105.5,80,0,0,0,-7.41966e-170
750,105.5,80,0,0,0,-6.00992e-170
750,105.5,80,0,0,0,-4.86804e-170
750,105.5,80,0,0,0,-3.94311e-170
750,105.5,80,0,0,0,-3.19392e-170
750,105.5,80,0,0,0,-2.58708e-170
750,105.5,80,0,0,0,-2.09553e-170
750,105.5,80,0,0,0,-1.69738e-170
750,105.5,80,0,0,0,-1.37488e-170
750,105.5,80,0,0,0,-1.11365e-170
750,105.5,80,0,0,0,-9.02057e-171
750,105.5,80,0,0,0,-7.30666e-171
750,105.5,80,0,0,0,-5.9184e-171
750,105.5,80,0,0,0,-4.7939e-171
750,105.5,80,0,0,0,-3.88306e-171
750,105.5,80,0,0,0,-3.14528e-171
750,105.5,80,0,0,0,-2.54768e-171
750,105.5,80,0,0,0,-2.06362e-171
750,105.5,80,0,0,0,-1.67153e-171
750,105.5,80,0,0,0,-1.35394e-171
750,105.5,80,0,0,0,-1.09669e-171
750,105.5,80,0,0,0,-8.8832e-172
750,105.5,80,0,0,0,-7.19539e-172
750,105.5,80,0,0,0,-5.82827e-172
750,105.5,80,0,0,0,-4.7209e-172
750,105.5,80,0,0,0,-3.82393e-172
750,105.5,80,0,0,0,-3.09738e-172
750,105.5,80,0,0,0,-2.50888e-172
750,105.5,80,0,0,0,-2.03219e-172
750,105.5,80,0,0,0,-1.64607e-172
750,105.5,80,0,0,0,-1.33332e-172
750,105.5,80,0,0,0,-1.07999e-172
750,105.5,80,0,0,0,-8.74791e-173
750,105.5,80,0,0,0,-7.08581e-173
750,105.5,80,0,0,0,-5.73951e-173
750,105.5,80,0,0,0,-4.649e-173
750,105.5,80,0,0,0,-3.76569e-173
750,105.5,80,0,0,0,-3.05021e-173
750,105.5,80,0,0,0,-2.47067e-173
750,105.5,80,0,0,0,-2.00124e-173
750,105.5,80,0,0,0,-1.62101e-173
750,105.5,80,0,0,0,-1.31302e-173
750,105.5,80,0,0,0,-1.06354e-173
750,105.5,80,0,0,0,-8.61469e-174
750,105.5,80,0,0,0,-6.9779e-174
750,105.5,80,0,0,0,-5.6521e-174
750,105.5,80,0,0,0,-4.5782e-174
750,105.5,80,0,0,0,-3.70834e-174
750,105.5,80,0,0,0,-3.00376e-174
750,105.5,80,0,0,0,-2.43304e-174
750,105.5,80,0,0,0,-1.97077e-174
750,105.5,80,0,0,0,-1.59632e-174
750,105.5,80,0,0,0,-1.29302e-174
750,105.5,80,0,0,0,-1.04735e-174
750,105.5,80,0,0,0,-8.4835e-175
750,105.5,80,0,0,0,-6.87163e-175
750,105.5,80,0,0,0,-5.56602e-175
750,105.5,80,0,0,0,-4.50848e-175
750,105.5,80,0,0,0,-3.65187e-175
750,105.5,80,0,0,0,-2.95801e-175
750,105.5,80,0,0,0,-2.39599e-175
750,105.5,80,0,0,0,-1.94075e-175
750,105.5,80,0,0,0,-1.57201e-175
750,105.5,80,0,0,0,-1.27333e-175
750,105.5,80,0,0,0,-1.0314e-175
750,105.5,80,0,0,0,-8.3543e-176
750,105.5,80,0,0,0,-6.76698e-176
750,105.5,80,0,0,0,-5.48126e-176
750,105.5,80,0,0,0,-4.43982e-176
750,105.5,80,0,0,0,-3.59625e-176
750,105.5,80,0,0,0,-2.91297e-176
750,105.5,80,0,0,0,-2.3595e-176
750,105.5,80,0,0,0,-1.9112e-176
750,105.5,80,0,0,0,-1.54807e-176
750,105.5,80,0,0,0,-1.25394e-176
750,105.5,80,0,0,0,-1.01569e-176
750,105.5,80,0,0,0,-8.22707e-177
750,105.5,80,0,0,0,-6.66393e-177
750,105.5,80,0,0,0,-5.39778e-177
750,105.5,80,0,0,0,-4.3722e-177
750,105.5,80,0,0,0,-3.54149e-177
750,105.5,80,0,0,0,-2.8686e-177
750,105.5,80,0,0,0,-2.32357e-177
750,105.5,80,0,0,0,-1.88209e-177
750,105.5,80,0,0,0,-1.52449e-177
750,105.5,80,0,0,0,-1.23484e-177
750,105.5,80,0,0,0,-1.00022e-177
750,105.5,80,0,0,0,-8.10178e-178
750,105.5,80,0,0,0,-6.56244e-178
750,105.5,80,0,0,0,-5.31558e-178
750,105.5,80,0,0,0,-4.30562e-178
750,105.5,80,0,0,0,-3.48755e-178
750,105.5,80,0,0,0,-2.82492e-178
750,105.5,80,0,0,0,-2.28818e-178
750,105.5,80,0,0,0,-1.85343e-178
750,105.5,80,0,0,0,-1.50128e-178
750,105.5,80,0,0,0,-1.21603e-178
750,105.5,80,0,0,0,-9.84988e-179
750,105.5,80,0,0,0,-7.9784e-179
750,105.5,80,0,0,0,-6.4625e-179
750,105.5,80,0,0,0,-5.23463e-179
750,105.5,80,0,0,0,-4.24005e-179
750,105.5,80,0,0,0,-3.43444e-179
750,105.5,80,0,0,0,-2.7819e-179
750,105.5,80,0,0,0,-2.25334e-179
750,105.5,80,0,0,0,-1.8252e-179
750,105.5,80,0,0,0,-1.47841e-179
750,105.5,80,0,0,0,-1.19752e-179
750,105.5,80,0,0,0,-9.69987e-180
750,105.5,80,0,0,0,-7.8569e-180
750,105.5,80,0,0,0,-6.36409e-180
750,105.5,80,0,0,0,-5.15491e-180
750,105.5,80,0,0,0,-4.17548e-180
750,105.5,80,0,0,0,-3.38214e-180
750,105.5,80,0,0,0,-2.73953e-180
750,105.5,80,0,0,0,-2.21902e-180
750,105.5,80,0,0,0,-1.79741e-180
750,105.5,80,0,0,0,-1.4559e-180
750,105.5,80,0,0,0,-1.17928e-180
750,105.5,80,0,0,0,-9.55215e-181
750,105.5,80,0,0,0,-7.73724e-181
750,105.5,80,0,0,0,-6.26717e-181
750,105.5,80,0,0,0,-5.0764e-181
750,105.5,80,0,0,0,-4.11189e-181
750,105.5,80,0,0,0,-3.33063e-181
750,105.5,80,0,0,0,-2.69781e-181
750,105.5,80,0,0,0,-2.18523e-181
750,105.5,80,0,0,0,-1.77003e-181
750,105.5,80,0,0,0,-1.43373e-181
750,105.5,80,0,0,0,-1.16132e-181
750,105.5,80,0,0,0,-9.40668e-182
750,105.5,80,0,0,0,-7.61941e-182
750,105.5,80,0,0,0,-6.17172e-182
750,105.5,80,0,0,0,-4.9991e-182
750,105.5,80,0,0,0,-4.04927e-182
750,105.5,80,0,0,0,-3.27991e-182
750,105.5,80,0,0,0,-2.65672e-182
750,105.5,80,0,0,0,-2.15195e-182
750,105.5,80,0,0,0,-1.74308e-182
750,105.5,80,0,0,0,-1.41189e-182
750,105.5,80,0,0,0,-1.14363e-182
750,105.5,80,0,0,0,-9.26343e-183
750,105.5,80,0,0,0,-7.50337e-183
750,105.5,80,0,0,0,-6.07773e-183
750,105.5,80,0,0,0,-4.92296e-183
750,105.5,80,0,0,0,-3.9876e-183
750,105.5,80,0,0,0,-3.22996e-183
750,105.5,80,0,0,0,-2.61626e-183
750,105.5,80,0,0,0,-2.11917e-183
750,105.5,80,0,0,0,-1.71653e-183
750,105.5,80,0,0,0,-1.39039e-183
750,105.5,80,0,0,0,-1.12622e-183
750,105.5,80,0,0,0,-9.12235e-184
750,105.5,80,0,0,0,-7.3891e-184
750,105.5,80,0,0,0,-5.98518e-184
750,105.5,80,0,0,0,-4.84799e-184
750,105.5,80,0,0,0,-3.92687e-184
750,105.5,80,0,0,0,-3.18077e-184
750,105.5,80,0,0,0,-2.57642e-184
750,105.5,80,0,0,0,-2.0869e-184
750,105.5,80,0,0,0,-1.69039e-184
750,105.5,80,0,0,0,-1.36922e-184
750,105.5,80,0,0,0,-1.10907e-184
750,105.5,80,0,0,0,-8.98343e-185
750,105.5,80,0,0,0,-7.27658e-185
750,105.5,80,0,0,0,-5.89403e-185
750,105.5,80,0,0,0,-4.77416e-185
750,105.5,80,0,0,0,-3.86707e-185
750,105.5,80,0,0,0,-3.13233e-185
750,105.5,80,0,0,0,-2.53719e-185
750,105.5,80,0,0,0,-2.05512e-185
750,105.5,80,0,0,0,-1.66465e-185
750,105.5,80,0,0,0,-1.34836e-185
750,105.5,80,0,0,0,-1.09217e-185
750,105.5,80,0,0,0,-8.84662e-186
750,105.5,80,0,0,0,-7.16576e-186
750,105.5,80,0,0,0,-5.80427e-186
750,105.5,80,0,0,0,-4.70146e-186
750,105.5,80,0,0,0,-3.80818e-186
750,105.5,80,0,0,0,-3.08462e-186
750,105.5,80,0,0,0,-2.49855e-186
750,105.5,80,0,0,0,-2.02382e-186
750,105.5,80,0,0,0,-1.6393e-186
750,105.5,80,0,0,0,-1.32783e-186
750,105.5,80,0,0,0,-1.07554e-186
750,105.5,80,0,0,0,-8.71189e-187
750,105.5,80,0,0,0,-7.05663e-187
750,105.5,80,0,0,0,-5.71587e-187
750,105.5,80,0,0,0,-4.62986e-187
750,105.5,80,0,0,0,-3.75018e-187
750,105.5,80,0,0,0,-3.03765e-187
750,105.5,80,0,0,0,-2.4605e-187
750,105.5,80,0,0,0,-1.993e-187
750,105.5,80,0,0,0,-1.61433e-187
750,105.5,80,0,0,0,-1.30761e-187
750,105.5,80,0,0,0,-1.05916e-187
750,105.5,80,0,0,0,-8.57922e-188
750,105.5,80,0,0,0,-6.94917e-188
750,105.5,80,0,0,0,-5.62882e-188
750,105.5,80,0,0,0,-4.55935e-188
750,105.5,80,0,0,0,-3.69307e-188
750,105.5,80,0,0,0,-2.99139e-188
750,105.5,80,0,0,0,-2.42302e-188
750,105.5,80,0,0,0,-1.96265e-188
750,105.5,80,0,0,0,-1.58975e-188
750,105.5,80,0,0,0,-1.28769e-188
750,105.5,80,0,0,0,-1.04303e-188
750,105.5,80,0,0,0,-8.44856e-189
750,105.5,80,0,0,0,-6.84334e-189
750,105.5,80,0,0,0,-5.5431e-189
750,105.5,80,0,0,0,-4.48991e-189
750,105.5,80,0,0,0,-3.63683e-189
750,105.5,80,0,0,0,-2.94583e-189
750,105.5,80,0,0,0,-2.38612e-189
750,105.5,80,0,0,0,-1.93276e-189
750,105.5,80,0,0,0,-1.56554e-189
750,105.5,80,0,0,0,-1.26808e-189
750,105.5,80,0,0,0,-1.02715e-189
750,105.5,80,0,0,0,-8.3199e-190
750,105.5,80,0,0,0,-6.73912e-190
750,105.5,80,0,0,0,-5.45869e-190
750,105.5,80,0,0,0,-4.42154e-190
750,105.5,80,0,0,0,-3.58144e-190
750,105.5,80,0,0,0,-2.90097e-190
750,105.5,80,0,0,0,-2.34979e-190
750,105.5,80,0,0,0,-1.90333e-190
750,105.5,80,0,0,0,-1.54169e-190
750,105.5,80,0,0,0,-1.24877e-190
750,105.5,80,0,0,0,-1.01151e-190
750,105.5,80,0,0,0,-8.19319e-191
750,105.5,80,0,0,0,-6.63649e-191
750,105.5,80,0,0,0,-5.37556e-191
750,105.5,80,0,0,0,-4.3542e-191
750,105.5,80,0,0,0,-3.5269e-191
750,105.5,80,0,0,0,-2.85679e-191
750,105.5,80,0,0,0,-2.314e-191
750,105.5,80,0,0,0,-1.87434e-191
750,105.5,80,0,0,0,-1.51822e-191
750,105.5,80,0,0,0,-1.22975e-191
750,105.5,80,0,0,0,-9.96101e-192
750,105.5,80,0,0,0,-8.06842e-192
750,105.5,80,0,0,0,-6.53542e-192
750,105.5,80,0,0,0,-5.29369e-192
750,105.5,80,0,0,0,-4.28789e-192
750,105.5,80,0,0,0,-3.47319e-192
750,105.5,80,0,0,0,-2.81328e-192
750,105.5,80,0,0,0,-2.27876e-192
750,105.5,80,0,0,0,-1.8458e-192
750,105.5,80,0,0,0,-1.49509e-192
750,105.5,80,0,0,0,-1.21103e-192
750,105.5,80,0,0,0,-9.80931e-193
750,105.5,80,0,0,0,-7.94554e-193
750,105.5,80,0,0,0,-6.43589e-193
750,105.5,80,0,0,0,-5.21307e-193
750,105.5,80,0,0,0,-4.22259e-193
750,105.5,80,0,0,0,-3.4203e-193
750,105.5,80,0,0,0,-2.77044e-193
750,105.5,80,0,0,0,-2.24406e-193
750,105.5,80,0,0,0,-1.81769e-193
750,105.5,80,0,0,0,-1.47233e-193
750,105.5,80,0,0,0,-1.19258e-193
750,105.5,80,0,0,0,-9.65993e-194
750,105.5,80,0,0,0,-7.82454e-194
750,105.5,80,0,0,0,-6.33788e-194
750,105.5,80,0,0,0,-5.13368e-194
750,105.5,80,0,0,0,-4.15828e-194
750,105.5,80,0,0,0,-3.36821e-194
750,105.5,80,0,0,0,-2.72825e-194
750,105.5,80,0,0,0,-2.20988e-194
750,105.5,80,0,0,0,-1.79e-194
750,105.5,80,0,0,0,-1.4499e-194
750,105.5,80,0,0,0,-1.17442e-194
750,105.5,80,0,0,0,-9.51282e-195
750,105.5,80,0,0,0,-7.70538e-195
750,105.5,80,0,0,0,-6.24136e-195
750,105.5,80,0,0,0,-5.0555e-195
750,105.5,80,0,0,0,-4.09496e-195
750,105.5,80,0,0,0,-3.31691e-195
750,105.5,80,0,0,0,-2.6867e-195
750,105.5,80,0,0,0,-2.17623e-195
750,105.5,80,0,0,0,-1.76274e-195
750,105.5,80,0,0,0,-1.42782e-195
750,105.5,80,0,0,0,-1.15654e-195
750,105.5,80,0,0,0,-9.36794e-196
750,105.5,80,0,0,0,-7.58803e-196
750,105.5,80,0,0,0,-6.14631e-196
750,105.5,80,0,0,0,-4.97851e-196
750,105.5,80,0,0,0,-4.03259e-196
750,105.5,80,0,0,0,-3.2664e-196
750,105.5,80,0,0,0,-2.64578e-196
750,105.5,80,0,0,0,-2.14309e-196
750,105.5,80,0,0,0,-1.7359e-196
750,105.5,80,0,0,0,-1.40608e-196
750,105.5,80,0,0,0,-1.13892e-196
750,105.5,80,0,0,0,-9.22528e-197
750,105.5,80,0,0,0,-7.47248e-197
750,105.5,80,0,0,0,-6.05271e-197
750,105.5,80,0,0,0,-4.90269e-197
750,105.5,80,0,0,0,-3.97118e-197
750,105.5,80,0,0,0,-3.21666e-197
750,105.5,80,0,0,0,-2.60549e-197
750,105.5,80,0,0,0,-2.11045e-197
750,105.5,80,0,0,0,-1.70946e-197
750,105.5,80,0,0,0,-1.38466e-197
750,105.5,80,0,0,0,-1.12158e-197
750,105.5,80,0,0,0,-9.08479e-198
750,105.5,80,0,0,0,-7.35868e-198
750,105.5,80,0,0,0,-5.96053e-198
750,105.5,80,0,0,0,-4.82803e-198
750,105.5,80,0,0,0,-3.9107e-198
750,105.5,80,0,0,0,-3.16767e-198
750,105.5,80,0,0,0,-2.56581e-198
750,105.5,80,0,0,0,-2.07831e-198
750,105.5,80,0,0,0,-1.68343e-198
750,105.5,80,0,0,0,-1.36358e-198
750,105.5,80,0,0,0,-1.1045e-198
750,105.5,80,0,0,0,-8.94643e-199
750,105.5,80,0,0,0,-7.24661e-199
750,105.5,80,0,0,0,-5.86975e-199
750,105.5,80,0,0,0,-4.7545e-199
750,105.5,80,0,0,0,-3.85115e-199
750,105.5,80,0,0,0,-3.11943e-199
750,105.5,80,0,0,0,-2.52674e-199
750,105.5,80,0,0,0,-2.04666e-199
750,105.5,80,0,0,0,-1.65779e-199
750,105.5,80,0,0,0,-1.34281e-199
750,105.5,80,0,0,0,-1.08768e-199
750,105.5,80,0,0,0,-8.81019e-200
750,105.5,80,0,0,0,-7.13625e-200
750,105.5,80,0,0,0,-5.78036e-200
750,105.5,80,0,0,0,-4.68209e-200
750,105.5,80,0,0,0,-3.7925e-200
750,105.5,80,0,0,0,-3.07192e-200
750,105.5,80,0,0,0,-2.48826e-200
750,105.5,80,0,0,0,-2.01549e-200
750,105.5,80,0,0,0,-1.63255e-200
750,105.5,80,0,0,0,-1.32236e-200
750,105.5,80,0,0,0,-1.07111e-200
750,105.5,80,0,0,0,-8.67602e-201
750,105.5,80,0,0,0,-7.02757e-201
750,105.5,80,0,0,0,-5.69233e-201
750,105.5,80,0,0,0,-4.61079e-201
750,105.5,80,0,0,0,-3.73474e-201
750,105.5,80,0,0,0,-3.02514e-201
750,105.5,80,0,0,0,-2.45036e-201
750,105.5,80,0,0,0,-1.98479e-201
750,105.5,80,0,0,0,-1.60768e-201
750,105.5,80,0,0,0,-1.30222e-201
750,105.5,80,0,0,0,-1.0548e-201
750,105.5,80,0,0,0,-8.54389e-202
750,105.5,80,0,0,0,-6.92055e-202
750,105.5,80,0,0,0,-5.60564e-202
750,105.5,80,0,0,0,-4.54057e-202
750,105.5,80,0,0,0,-3.67786e-202
750,105.5,80,0,0,0,-2.97907e-202
750,105.5,80,0,0,0,-2.41305e-202
750,105.5,80,0,0,0,-1.95457e-202
750,105.5,80,0,0,0,-1.5832e-202
750,105.5,80,0,0,0,-1.28239e-202
750,105.5,80,0,0,0,-1.03874e-202
750,105.5,80,0,0,0,-8.41377e-203
750,105.5,80,0,0,0,-6.81516e-203
750,105.5,80,0,0,0,-5.52028e-203
750,105.5,80,0,0,0,-4.47142e-203
750,105.5,80,0,0,0,-3.62185e-203
750,105.5,80,0,0,0,-2.9337e-203
750,105.5,80,0,0,0,-2.3763e-203
750,105.5,80,0,0,0,-1.9248e-203
750,105.5,80,0,0,0,-1.55909e-203
750,105.5,80,0,0,0,-1.26286e-203
750,105.5,80,0,0,0,-1.02292e-203
750,105.5,80,0,0,0,-8.28564e-204
750,105.5,80,0,0,0,-6.71137e-204
750,105.5,80,0,0,0,-5.43621e-204
750,105.5,80,0,0,0,-4.40333e-204
750,105.5,80,0,0,0,-3.5667e-204
750,105.5,80,0,0,0,-2.88902e-204
750,105.5,80,0,0,0,-2.34011e-204
750,105.5,80,0,0,0,-1.89549e-204
750,105.5,80,0,0,0,-1.53535e-204
750,105.5,80,0,0,0,-1.24363e-204
750,105.5,80,0,0,0,-1.00734e-204
750,105.5,80,0,0,0,-8.15946e-205
750,105.5,80,0,0,0,-6.60916e-205
750,105.5,80,0,0,0,-5.35342e-205
750,105.5,80,0,0,0,-4.33627e-205
750,105.5,80,0,0,0,-3.51238e-205
750,105.5,80,0,0,0,-2.84503e-205
750,105.5,80,0,0,0,-2.30447e-205
750,105.5,80,0,0,0,-1.86662e-205
750,105.5,80,0,0,0,-1.51196e-205
750,105.5,80,0,0,0,-1.22469e-205
750,105.5,80,0,0,0,-9.91999e-206
750,105.5,80,0,0,0,-8.03519e-206
750,105.5,80,0,0,0,-6.50851e-206
750,105.5,80,0,0,0,-5.27189e-206
750,105.5,80,0,0,0,-4.27023e-206
750,105.5,80,0,0,0,-3.45889e-206
750,105.5,80,0,0,0,-2.8017e-206
750,105.5,80,0,0,0,-2.26938e-206
750,105.5,80,0,0,0,-1.83819e-206
750,105.5,80,0,0,0,-1.48894e-206
750,105.5,80,0,0,0,-1.20604e-206
750,105.5,80,0,0,0,-9.76892e-207
750,105.5,80,0,0,0,-7.91283e-207
750,105.5,80,0,0,0,-6.40939e-207
750,105.5,80,0,0,0,-5.1916e-207
750,105.5,80,0,0,0,-4.2052e-207
750,105.5,80,0,0,0,-3.40621e-207
750,105.5,80,0,0,0,-2.75903e-207
750,105.5,80,0,0,0,-2.23482e-207
750,105.5,80,0,0,0,-1.8102e-207
750,105.5,80,0,0,0,-1.46626e-207
750,105.5,80,0,0,0,-1.18767e-207
750,105.5,80,0,0,0,-9.62015e-208
750,105.5,80,0,0,0,-7.79232e-208
750,105.5,80,0,0,0,-6.31178e-208
750,105.5,80,0,0,0,-5.11254e-208
750,105.5,80,0,0,0,-4.14116e-208
750,105.5,80,0,0,0,-3.35434e-208
750,105.5,80,0,0,0,-2.71701e-208
750,105.5,80,0,0,0,-2.20078e-208
750,105.5,80,0,0,0,-1.78263e-208
750,105.5,80,0,0,0,-1.44393e-208
750,105.5,80,0,0,0,-1.16959e-208
750,105.5,80,0,0,0,-9.47364e-209
750,105.5,80,0,0,0,-7.67365e-209
750,105.5,80,0,0,0,-6.21566e-209
750,105.5,80,0,0,0,-5.03468e-209
750,105.5,80,0,0,0,-4.07809e-209
750,105.5,80,0,0,0,-3.30325e-209
750,105.5,80,0,0,0,-2.67564e-209
750,105.5,80,0,0,0,-2.16727e-209
750,105.5,80,0,0,0,-1.75549e-209
750,105.5,80,0,0,0,-1.42194e-209
750,105.5,80,0,0,0,-1.15177e-209
750,105.5,80,0,0,0,-9.32937e-210
750,105.5,80,0,0,0,-7.55679e-210
750,105.5,80,0,0,0,-6.121e-210
750,105.5,80,0,0,0,-4.95801e-210
750,105.5,80,0,0,0,-4.01599e-210
750,105.5,80,0,0,0,-3.25295e-210
750,105.5,80,0,0,0,-2.63489e-210
750,105.5,80,0,0,0,-2.13426e-210
750,105.5,80,0,0,0,-1.72875e-210
750,105.5,80,0,0,0,-1.40029e-210
750,105.5,80,0,0,0,-1.13423e-210
750,105.5,80,0,0,0,-9.18729e-211
750,105.5,80,0,0,0,-7.4417e-211
750,105.5,80,0,0,0,-6.02778e-211
750,105.5,80,0,0,0,-4.8825e-211
750,105.5,80,0,0,0,-3.95483e-211
750,105.5,80,0,0,0,-3.20341e-211
750,105.5,80,0,0,0,-2.59476e-211
750,105.5,80,0,0,0,-2.10176e-211
750,105.5,80,0,0,0,-1.70242e-211
750,105.5,80,0,0,0,-1.37896e-211
750,105.5,80,0,0,0,-1.11696e-211
750,105.5,80,0,0,0,-9.04738e-212
750,105.5,80,0,0,0,-7.32837e-212
750,105.5,80,0,0,0,-5.93598e-212
750,105.5,80,0,0,0,-4.80815e-212
750,105.5,80,0,0,0,-3.8946e-212
750,105.5,80,0,0,0,-3.15462e-212
750,105.5,80,0,0,0,-2.55525e-212
750,105.5,80,0,0,0,-2.06975e-212
750,105.5,80,0,0,0,-1.6765e-212
750,105.5,80,0,0,0,-1.35796e-212
750,105.5,80,0,0,0,-1.09995e-212
750,105.5,80,0,0,0,-8.90959e-213
750,105.5,80,0,0,0,-7.21677e-213
750,105.5,80,0,0,0,-5.84558e-213
750,105.5,80,0,0,0,-4.73492e-213
750,105.5,80,0,0,0,-3.83529e-213
750,105.5,80,0,0,0,-3.10658e-213
750,105.5,80,0,0,0,-2.51633e-213
750,105.5,80,0,0,0,-2.03823e-213
750,105.5,80,0,0,0,-1.65097e-213
750,105.5,80,0,0,0,-1.33728e-213
750,105.5,80,0,0,0,-1.0832e-213
750,105.5,80,0,0,0,-8.77391e-214
750,105.5,80,0,0,0,-7.10686e-214
750,105.5,80,0,0,0,-5.75656e-214
750,105.5,80,0,0,0,-4.66281e-214
750,105.5,80,0,0,0,-3.77688e-214
750,105.5,80,0,0,0,-3.05927e-214
750,105.5,80,0,0,0,-2.47801e-214
750,105.5,80,0,0,0,-2.00719e-214
750,105.5,80,0,0,0,-1.62582e-214
750,105.5,80,0,0,0,-1.31692e-214
750,105.5,80,0,0,0,-1.0667e-214
750,105.5,80,0,0,0,-8.64029e-215
750,105.5,80,0,0,0,-6.99863e-215
750,105.5,80,0,0,0,-5.66889e-215
750,105.5,80,0,0,0,-4.5918e-215
750,105.5,80,0,0,0,-3.71936e-215
750,105.5,80,0,0,0,-3.01268e-215
750,105.5,80,0,0,0,-2.44027e-215
750,105.5,80,0,0,0,-1.97662e-215
750,105.5,80,0,0,0,-1.60106e-215
750,105.5,80,0,0,0,-1.29686e-215
750,105.5,80,0,0,0,-1.05046e-215
750,105.5,80,0,0,0,-8.5087e-216
750,105.5,80,0,0,0,-6.89205e-216
750,105.5,80,0,0,0,-5.58256e-216
750,105.5,80,0,0,0,-4.52187e-216
750,105.5,80,0,0,0,-3.66272e-216
750,105.5,80,0,0,0,-2.9668e-216
750,105.5,80,0,0,0,-2.40311e-216
750,105.5,80,0,0,0,-1.94652e-216
750,105.5,80,0,0,0,-1.57668e-216
750,105.5,80,0,0,0,-1.27711e-216
750,105.5,80,0,0,0,-1.03446e-216
750,105.5,80,0,0,0,-8.37912e-217
750,105.5,80,0,0,0,-6.78709e-217
750,105.5,80,0,0,0,-5.49754e-217
750,105.5,80,0,0,0,-4.45301e-217
750,105.5,80,0,0,0,-3.60694e-217
750,105.5,80,0,0,0,-2.92162e-217
750,105.5,80,0,0,0,-2.36651e-217
750,105.5,80,0,0,0,-1.91687e-217
750,105.5,80,0,0,0,-1.55267e-217
750,105.5,80,0,0,0,-1.25766e-217
750,105.5,80,0,0,0,-1.01871e-217
750,105.5,80,0,0,0,-8.25152e-218
750,105.5,80,0,0,0,-6.68373e-218
750,105.5,80,0,0,0,-5.41382e-218
750,105.5,80,0,0,0,-4.38519e-218
750,105.5,80,0,0,0,-3.55201e-218
750,105.5,80,0,0,0,-2.87713e-218
750,105.5,80,0,0,0,-2.33047e-218
750,105.5,80,0,0,0,-1.88768e-218
750,105.5,80,0,0,0,-1.52902e-218
750,105.5,80,0,0,0,-1.23851e-218
750,105.5,80,0,0,0,-1.00319e-218
750,105.5,80,0,0,0,-8.12585e-219
750,105.5,80,0,0,0,-6.58194e-219
750,105.5,80,0,0,0,-5.33137e-219
750,105.5,80,0,0,0,-4.31841e-219
750,105.5,80,0,0,0,-3.49791e-219
750,105.5,80,0,0,0,-2.83331e-219
750,105.5,80,0,0,0,-2.29498e-219
750,105.5,80,0,0,0,-1.85893e-219
750,105.5,80,0,0,0,-1.50574e-219
750,105.5,80,0,0,0,-1.21965e-219
750,105.5,80,0,0,0,-9.87914e-220
750,105.5,80,0,0,0,-8.00211e-220
750,105.5,80,0,0,0,-6.48171e-220
750,105.5,80,0,0,0,-5.25018e-220
750,105.5,80,0,0,0,-4.25265e-220
750,105.5,80,0,0,0,-3.44464e-220
750,105.5,80,0,0,0,-2.79016e-220
750,105.5,80,0,0,0,-2.26003e-220
750,105.5,80,0,0,0,-1.83063e-220
750,105.5,80,0,0,0,-1.48281e-220
750,105.5,80,0,0,0,-1.20107e-220
750,105.5,80,0,0,0,-9.72869e-221
750,105.5,80,0,0,0,-7.88024e-221
750,105.5,80,0,0,0,-6.38299e-221
750,105.5,80,0,0,0,-5.17023e-221
750,105.5,80,0,0,0,-4.18788e-221
750,105.5,80,0,0,0,-3.39219e-221
750,105.5,80,0,0,0,-2.74767e-221
750,105.5,80,0,0,0,-2.22561e-221
750,105.5,80,0,0,0,-1.80275e-221
750,105.5,80,0,0,0,-1.46022e-221
750,105.5,80,0,0,0,-1.18278e-221
750,105.5,80,0,0,0,-9.58053e-222
750,105.5,80,0,0,0,-7.76023e-222
750,105.5,80,0,0,0,-6.28579e-222
750,105.5,80,0,0,0,-5.09149e-222
750,105.5,80,0,0,0,-4.12411e-222
750,105.5,80,0,0,0,-3.34053e-222
750,105.5,80,0,0,0,-2.70583e-222
750,105.5,80,0,0,0,-2.19172e-222
750,105.5,80,0,0,0,-1.77529e-222
750,105.5,80,0,0,0,-1.43799e-222
750,105.5,80,0,0,0,-1.16477e-222
750,105.5,80,0,0,0,-9.43463e-223
750,105.5,80,0,0,0,-7.64205e-223
750,105.5,80,0,0,0,-6.19006e-223
750,105.5,80,0,0,0,-5.01395e-223
750,105.5,80,0,0,0,-4.0613e-223
750,105.5,80,0,0,0,-3.28965e-223
750,105.5,80,0,0,0,-2.66462e-223
750,105.5,80,0,0,0,-2.15834e-223
750,105.5,80,0,0,0,-1.74826e-223
750,105.5,80,0,0,0,-1.41609e-223
750,105.5,80,0,0,0,-1.14703e-223
750,105.5,80,0,0,0,-9.29095e-224
750,105.5,80,0,0,0,-7.52567e-224
750,105.5,80,0,0,0,-6.09579e-224
750,105.5,80,0,0,0,-4.93759e-224
750,105.5,80,0,0,0,-3.99945e-224
750,105.5,80,0,0,0,-3.23955e-224
750,105.5,80,0,0,0,-2.62404e-224
750,105.5,80,0,0,0,-2.12547e-224
750,105.5,80,0,0,0,-1.72163e-224
750,105.5,80,0,0,0,-1.39452e-224
750,105.5,80,0,0,0,-1.12956e-224
750,105.5,80,0,0,0,-9.14946e-225
750,105.5,80,0,0,0,-7.41106e-225
750,105.5,80,0,0,0,-6.00296e-225
750,105.5,80,0,0,0,-4.8624e-225
750,105.5,80,0,0,0,-3.93854e-225
750,105.5,80,0,0,0,-3.19022e-225
750,105.5,80,0,0,0,-2.58408e-225
750,105.5,80,0,0,0,-2.0931e-225
750,105.5,80,0,0,0,-1.69541e-225
750,105.5,80,0,0,0,-1.37328e-225
750,105.5,80,0,0,0,-1.11236e-225
750,105.5,80,0,0,0,-9.01012e-226
750,105.5,80,0,0,0,-7.2982e-226
750,105.5,80,0,0,0,-5.91154e-226
750,105.5,80,0,0,0,-4.78835e-226
750,105.5,80,0,0,0,-3.87856e-226
750,105.5,80,0,0,0,-3.14163e-226
750,105.5,80,0,0,0,-2.54472e-226
750,105.5,80,0,0,0,-2.06123e-226
750,105.5,80,0,0,0,-1.66959e-226
750,105.5,80,0,0,0,-1.35237e-226
750,105.5,80,0,0,0,-1.09542e-226
750,105.5,80,0,0,0,-8.8729e-227
750,105.5,80,0,0,0,-7.18705e-227
750,105.5,80,0,0,0,-5.82151e-227
750,105.5,80,0,0,0,-4.71542e-227
750,105.5,80,0,0,0,-3.81949e-227
750,105.5,80,0,0,0,-3.09379e-227
750,105.5,80,0,0,0,-2.50597e-227
750,105.5,80,0,0,0,-2.02984e-227
750,105.5,80,0,0,0,-1.64417e-227
750,105.5,80,0,0,0,-1.33178e-227
750,105.5,80,0,0,0,-1.07874e-227
750,105.5,80,0,0,0,-8.73778e-228
750,105.5,80,0,0,0,-7.0776e-228
750,105.5,80,0,0,0,-5.73285e-228
750,105.5,80,0,0,0,-4.64361e-228
750,105.5,80,0,0,0,-3.76133e-228
750,105.5,80,0,0,0,-3.04667e-228
750,105.5,80,0,0,0,-2.46781e-228
750,105.5,80,0,0,0,-1.99892e-228
750,105.5,80,0,0,0,-1.61913e-228
750,105.5,80,0,0,0,-1.31149e-228
750,105.5,80,0,0,0,-1.06231e-228
750,105.5,80,0,0,0,-8.60471e-229
750,105.5,80,0,0,0,-6.96981e-229
750,105.5,80,0,0,0,-5.64555e-229
750,105.5,80,0,0,0,-4.57289e-229
750,105.5,80,0,0,0,-3.70404e-229
750,105.5,80,0,0,0,-3.00028e-229
750,105.5,80,0,0,0,-2.43022e-229
750,105.5,80,0,0,0,-1.96848e-229
750,105.5,80,0,0,0,-1.59447e-229
750,105.5,80,0,0,0,-1.29152e-229
750,105.5,80,0,0,0,-1.04613e-229
750,105.5,80,0,0,0,-8.47367e-230
750,105.5,80,0,0,0,-6.86367e-230
750,105.5,80,0,0,0,-5.55957e-230
750,105.5,80,0,0,0,-4.50325e-230
750,105.5,80,0,0,0,-3.64764e-230
750,105.5,80,0,0,0,-2.95458e-230
750,105.5,80,0,0,0,-2.39321e-230
750,105.5,80,0,0,0,-1.9385e-230
750,105.5,80,0,0,0,-1.57019e-230
750,105.5,80,0,0,0,-1.27185e-230
750,105.5,80,0,0,0,-1.0302e-230
750,105.5,80,0,0,0,-8.34462e-231
750,105.5,80,0,0,0,-6.75914e-231
750,105.5,80,0,0,0,-5.4749e-231
750,105.5,80,0,0,0,-4.43467e-231
750,105.5,80,0,0,0,-3.59208e-231
750,105.5,80,0,0,0,-2.90959e-231
750,105.5,80,0,0,0,-2.35677e-231
750,105.5,80,0,0,0,-1.90898e-231
750,105.5,80,0,0,0,-1.54627e-231
750,105.5,80,0,0,0,-1.25248e-231
750,105.5,80,0,0,0,-1.01451e-231
750,105.5,80,0,0,0,-8.21754e-232
750,105.5,80,0,0,0,-6.65621e-232
750,105.5,80,0,0,0,-5.39153e-232
750,105.5,80,0,0,0,-4.36714e-232
750,105.5,80,0,0,0,-3.53738e-232
750,105.5,80,0,0,0,-2.86528e-232
750,105.5,80,0,0,0,-2.32088e-232
750,105.5,80,0,0,0,-1.87991e-232
750,105.5,80,0,0,0,-1.52273e-232
750,105.5,80,0,0,0,-1.23341e-232
750,105.5,80,0,0,0,-9.99061e-233
750,105.5,80,0,0,0,-8.09239e-233
750,105.5,80,0,0,0,-6.55484e-233
750,105.5,80,0,0,0,-5.30942e-233
750,105.5,80,0,0,0,-4.30063e-233
750,105.5,80,0,0,0,-3.48351e-233
750,105.5,80,0,0,0,-2.82164e-233
750,105.5,80,0,0,0,-2.28553e-233
750,105.5,80,0,0,0,-1.85128e-233
750,105.5,80,0,0,0,-1.49954e-233
750,105.5,80,0,0,0,-1.21462e-233
750,105.5,80,0,0,0,-9.83846e-234
750,105.5,80,0,0,0,-7.96915e-234
750,105.5,80,0,0,0,-6.45501e-234
750,105.5,80,0,0,0,-5.22856e-234
750,105.5,80,0,0,0,-4.23513e-234
750,105.5,80,0,0,0,-3.43046e-234
750,105.5,80,0,0,0,-2.77867e-234
750,105.5,80,0,0,0,-2.25072e-234
750,105.5,80,0,0,0,-1.82309e-234
750,105.5,80,0,0,0,-1.4767e-234
750,105.5,80,0,0,0,-1.19613e-234
750,105.5,80,0,0,0,-9.68863e-235
750,105.5,80,0,0,0,-7.84779e-235
750,105.5,80,0,0,0,-6.35671e-235
750,105.5,80,0,0,0,-5.14893e-235
750,105.5,80,0,0,0,-4.17064e-235
750,105.5,80,0,0,0,-3.37822e-235
750,105.5,80,0,0,0,-2.73636e-235
750,105.5,80,0,0,0,-2.21645e-235
750,105.5,80,0,0,0,-1.79532e-235
750,105.5,80,0,0,0,-1.45421e-235
750,105.5,80,0,0,0,-1.17791e-235
750,105.5,80,0,0,0,-9.54108e-236
750,105.5,80,0,0,0,-7.72827e-236
750,105.5,80,0,0,0,-6.2599e-236
750,105.5,80,0,0,0,-5.07052e-236
750,105.5,80,0,0,0,-4.10712e-236
750,105.5,80,0,0,0,-3.32677e-236
750,105.5,80,0,0,0,-2.69468e-236
750,105.5,80,0,0,0,-2.18269e-236
750,105.5,80,0,0,0,-1.76798e-236
750,105.5,80,0,0,0,-1.43206e-236
750,105.5,80,0,0,0,-1.15997e-236
750,105.5,80,0,0,0,-9.39578e-237
750,105.5,80,0,0,0,-7.61058e-237
750,105.5,80,0,0,0,-6.16457e-237
750,105.5,80,0,0,0,-4.9933e-237
750,105.5,80,0,0,0,-4.04457e-237
750,105.5,80,0,0,0,-3.27611e-237
750,105.5,80,0,0,0,-2.65365e-237
750,105.5,80,0,0,0,-2.14945e-237
750,105.5,80,0,0,0,-1.74106e-237
750,105.5,80,0,0,0,-1.41026e-237
750,105.5,80,0,0,0,-1.14231e-237
750,105.5,80,0,0,0,-9.25269e-238
750,105.5,80,0,0,0,-7.49468e-238
750,105.5,80,0,0,0,-6.07069e-238
750,105.5,80,0,0,0,-4.91726e-238
750,105.5,80,0,0,0,-3.98298e-238
750,105.5,80,0,0,0,-3.22621e-238
750,105.5,80,0,0,0,-2.61323e-238
750,105.5,80,0,0,0,-2.11672e-238
750,105.5,80,0,0,0,-1.71454e-238
750,105.5,80,0,0,0,-1.38878e-238
750,105.5,80,0,0,0,-1.12491e-238
750,105.5,80,0,0,0,-9.11178e-239
750,105.5,80,0,0,0,-7.38054e-239
750,105.5,80,0,0,0,-5.97824e-239
750,105.5,80,0,0,0,-4.84237e-239
750,105.5,80,0,0,0,-3.92232e-239
750,105.5,80,0,0,0,-3.17708e-239
750,105.5,80,0,0,0,-2.57344e-239
750,105.5,80,0,0,0,-2.08448e-239
750,105.5,80,0,0,0,-1.68843e-239
750,105.5,80,0,0,0,-1.36763e-239
750,105.5,80,0,0,0,-1.10778e-239
750,105.5,80,0,0,0,-8.97301e-240
750,105.5,80,0,0,0,-7.26814e-240
750,105.5,80,0,0,0,-5.88719e-240
750,105.5,80,0,0,0,-4.76863e-240
750,105.5,80,0,0,0,-3.86259e-240
750,105.5,80,0,0,0,-3.1287e-240
750,105.5,80,0,0,0,-2.53424e-240
750,105.5,80,0,0,0,-2.05274e-240
750,105.5,80,0,0,0,-1.66272e-240
750,105.5,80,0,0,0,-1.3468e-240
750,105.5,80,0,0,0,-1.09091e-240
750,105.5,80,0,0,0,-8.83636e-241
750,105.5,80,0,0,0,-7.15745e-241
750,105.5,80,0,0,0,-5.79754e-241
750,105.5,80,0,0,0,-4.69601e-241
750,105.5,80,0,0,0,-3.80376e-241
750,105.5,80,0,0,0,-3.08105e-241
750,105.5,80,0,0,0,-2.49565e-241
750,105.5,80,0,0,0,-2.02148e-241
750,105.5,80,0,0,0,-1.6374e-241
750,105.5,80,0,0,0,-1.32629e-241
750,105.5,80,0,0,0,-1.0743e-241
750,105.5,80,0,0,0,-8.70179e-242
750,105.5,80,0,0,0,-7.04845e-242
750,105.5,80,0,0,0,-5.70925e-242
750,105.5,80,0,0,0,-4.62449e-242
750,105.5,80,0,0,0,-3.74584e-242
750,105.5,80,0,0,0,-3.03413e-242
750,105.5,80,0,0,0,-2.45764e-242
750,105.5,80,0,0,0,-1.99069e-242
750,105.5,80,0,0,0,-1.61246e-242
750,105.5,80,0,0,0,-1.30609e-242
750,105.5,80,0,0,0,-1.05793e-242
750,105.5,80,0,0,0,-8.56927e-243
750,105.5,80,0,0,0,-6.94111e-243
750,105.5,80,0,0,0,-5.6223e-243
750,105.5,80,0,0,0,-4.55406e-243
750,105.5,80,0,0,0,-3.68879e-243
750,105.5,80,0,0,0,-2.98792e-243
750,105.5,80,0,0,0,-2.42022e-243
750,105.5,80,0,0,0,-1.96037e-243
750,105.5,80,0,0,0,-1.5879e-243
750,105.5,80,0,0,0,-1.2862e-243
750,105.5,80,0,0,0,-1.04182e-243
750,105.5,80,0,0,0,-8.43877e-244
750,105.5,80,0,0,0,-6.8354e-244
750,105.5,80,0,0,0,-5.53668e-244
750,105.5,80,0,0,0,-4.48471e-244
750,105.5,80,0,0,0,-3.63261e-244
750,105.5,80,0,0,0,-2.94242e-244
750,105.5,80,0,0,0,-2.38336e-244
750,105.5,80,0,0,0,-1.93052e-244
750,105.5,80,0,0,0,-1.56372e-244
750,105.5,80,0,0,0,-1.26661e-244
750,105.5,80,0,0,0,-1.02596e-244
750,105.5,80,0,0,0,-8.31026e-245
750,105.5,80,0,0,0,-6.73131e-245
750,105.5,80,0,0,0,-5.45236e-245
750,105.5,80,0,0,0,-4.41641e-245
750,105.5,80,0,0,0,-3.57729e-245
750,105.5,80,0,0,0,-2.89761e-245
750,105.5,80,0,0,0,-2.34706e-245
750,105.5,80,0,0,0,-1.90112e-245
750,105.5,80,0,0,0,-1.53991e-245
750,105.5,80,0,0,0,-1.24732e-245
750,105.5,80,0,0,0,-1.01033e-245
750,105.5,80,0,0,0,-8.1837e-246
750,105.5,80,0,0,0,-6.6288e-246
750,105.5,80,0,0,0,-5.36932e-246
750,105.5,80,0,0,0,-4.34915e-246
750,105.5,80,0,0,0,-3.52281e-246
750,105.5,80,0,0,0,-2.85348e-246
750,105.5,80,0,0,0,-2.31132e-246
750,105.5,80,0,0,0,-1.87217e-246
750,105.5,80,0,0,0,-1.51646e-246
750,105.5,80,0,0,0,-1.22833e-246
750,105.5,80,0,0,0,-9.94947e-247
750,105.5,80,0,0,0,-8.05907e-247
750,105.5,80,0,0,0,-6.52785e-247
750,105.5,80,0,0,0,-5.28755e-247
750,105.5,80,0,0,0,-4.28292e-247
750,105.5,80,0,0,0,-3.46916e-247
750,105.5,80,0,0,0,-2.81002e-247
750,105.5,80,0,0,0,-2.27612e-247
750,105.5,80,0,0,0,-1.84366e-247
750,105.5,80,0,0,0,-1.49336e-247
750,105.5,80,0,0,0,-1.20962e-247
750,105.5,80,0,0,0,-9.79795e-248
750,105.5,80,0,0,0,-7.93634e-248
750,105.5,80,0,0,0,-6.42843e-248
750,105.5,80,0,0,0,-5.20703e-248
750,105.5,80,0,0,0,-4.21769e-248
750,105.5,80,0,0,0,-3.41633e-248
750,105.5,80,0,0,0,-2.76723e-248
750,105.5,80,0,0,0,-2.24146e-248
750,105.5,80,0,0,0,-1.81558e-248
750,105.5,80,0,0,0,-1.47062e-248
750,105.5,80,0,0,0,-1.1912e-248
750,105.5,80,0,0,0,-9.64873e-249
750,105.5,80,0,0,0,-7.81547e-249
750,105.5,80,0,0,0,-6.33053e-249
750,105.5,80,0,0,0,-5.12773e-249
750,105.5,80,0,0,0,-4.15346e-249
750,105.5,80,0,0,0,-3.3643e-249
750,105.5,80,0,0,0,-2.72509e-249
750,105.5,80,0,0,0,-2.20732e-249
750,105.5,80,0,0,0,-1.78793e-249
750,105.5,80,0,0,0,-1.44822e-249
750,105.5,80,0,0,0,-1.17306e-249
750,105.5,80,0,0,0,-9.50179e-250
750,105.5,80,0,0,0,-7.69645e-250
750,105.5,80,0,0,0,-6.23412e-250
750,105.5,80,0,0,0,-5.04964e-250
750,105.5,80,0,0,0,-4.09021e-250
750,105.5,80,0,0,0,-3.31307e-250
750,105.5,80,0,0,0,-2.68359e-250
750,105.5,80,0,0,0,-2.1737e-250
750,105.5,80,0,0,0,-1.7607e-250
750,105.5,80,0,0,0,-1.42617e-250
750,105.5,80,0,0,0,-1.1552e-250
750,105.5,80,0,0,0,-9.35709e-251
750,105.5,80,0,0,0,-7.57924e-251
750,105.5,80,0,0,0,-6.13918e-251
750,105.5,80,0,0,0,-4.97274e-251
750,105.5,80,0,0,0,-4.02792e-251
750,105.5,80,0,0,0,-3.26261e-251
750,105.5,80,0,0,0,-2.64272e-251
750,105.5,80,0,0,0,-2.1406e-251
750,105.5,80,0,0,0,-1.73389e-251
750,105.5,80,0,0,0,-1.40445e-251
750,105.5,80,0,0,0,-1.1376e-251
750,105.5,80,0,0,0,-9.21459e-252
750,105.5,80,0,0,0,-7.46381e-252
750,105.5,80,0,0,0,-6.04569e-252
750,105.5,80,0,0,0,-4.89701e-252
750,105.5,80,0,0,0,-3.96658e-252
750,105.5,80,0,0,0,-3.21293e-252
750,105.5,80,0,0,0,-2.60247e-252
750,105.5,80,0,0,0,-2.108e-252
750,105.5,80,0,0,0,-1.70748e-252
750,105.5,80,0,0,0,-1.38306e-252
750,105.5,80,0,0,0,-1.12028e-252
750,105.5,80,0,0,0,-9.07426e-253
750,105.5,80,0,0,0,-7.35015e-253
750,105.5,80,0,0,0,-5.95362e-253
750,105.5,80,0,0,0,-4.82243e-253
750,105.5,80,0,0,0,-3.90617e-253
750,105.5,80,0,0,0,-3.164e-253
750,105.5,80,0,0,0,-2.56284e-253
750,105.5,80,0,0,0,-2.0759e-253
750,105.5,80,0,0,0,-1.68148e-253
750,105.5,80,0,0,0,-1.362e-253
750,105.5,80,0,0,0,-1.10322e-253
750,105.5,80,0,0,0,-8.93606e-254
750,105.5,80,0,0,0,-7.23821e-254
750,105.5,80,0,0,0,-5.86295e-254
750,105.5,80,0,0,0,-4.74899e-254
750,105.5,80,0,0,0,-3.84668e-254
750,105.5,80,0,0,0,-3.11581e-254
750,105.5,80,0,0,0,-2.52381e-254
750,105.5,80,0,0,0,-2.04428e-254
750,105.5,80,0,0,0,-1.65587e-254
750,105.5,80,0,0,0,-1.34126e-254
750,105.5,80,0,0,0,-1.08642e-254
750,105.5,80,0,0,0,-8.79998e-255
750,105.5,80,0,0,0,-7.12798e-255
750,105.5,80,0,0,0,-5.77366e-255
750,105.5,80,0,0,0,-4.67667e-255
750,105.5,80,0,0,0,-3.7881e-255
750,105.5,80,0,0,0,-3.06836e-255
750,105.5,80,0,0,0,-2.48537e-255
750,105.5,80,0,0,0,-2.01315e-255
750,105.5,80,0,0,0,-1.63065e-255
750,105.5,80,0,0,0,-1.32083e-255
750,105.5,80,0,0,0,-1.06987e-255
750,105.5,80,0,0,0,-8.66596e-256
750,105.5,80,0,0,0,-7.01943e-256
750,105.5,80,0,0,0,-5.68574e-256
750,105.5,80,0,0,0,-4.60545e-256
750,105.5,80,0,0,0,-3.73041e-256
750,105.5,80,0,0,0,-3.02163e-256
750,105.5,80,0,0,0,-2.44752e-256
750,105.5,80,0,0,0,-1.98249e-256
750,105.5,80,0,0,0,-1.60582e-256
750,105.5,80,0,0,0,-1.30071e-256
750,105.5,80,0,0,0,-1.05358e-256
750,105.5,80,0,0,0,-8.53399e-257
750,105.5,80,0,0,0,-6.91253e-257
750,105.5,80,0,0,0,-5.59915e-257
750,105.5,80,0,0,0,-4.53531e-257
750,105.5,80,0,0,0,-3.6736e-257
750,105.5,80,0,0,0,-2.97562e-257
750,105.5,80,0,0,0,-2.41025e-257
750,105.5,80,0,0,0,-1.9523e-257
750,105.5,80,0,0,0,-1.58136e-257
750,105.5,80,0,0,0,-1.28091e-257
750,105.5,80,0,0,0,-1.03753e-257
750,105.5,80,0,0,0,-8.40402e-258
750,105.5,80,0,0,0,-6.80726e-258
750,105.5,80,0,0,0,-5.51388e-258
750,105.5,80,0,0,0,-4.46624e-258
750,105.5,80,0,0,0,-3.61766e-258
750,105.5,80,0,0,0,-2.9303e-258
750,105.5,80,0,0,0,-2.37354e-258
750,105.5,80,0,0,0,-1.92257e-258
750,105.5,80,0,0,0,-1.55728e-258
750,105.5,80,0,0,0,-1.2614e-258
750,105.5,80,0,0,0,-1.02173e-258
750,105.5,80,0,0,0,-8.27603e-259
750,105.5,80,0,0,0,-6.70359e-259
750,105.5,80,0,0,0,-5.42991e-259
750,105.5,80,0,0,0,-4.39822e-259
750,105.5,80,0,0,0,-3.56256e-259
750,105.5,80,0,0,0,-2.88567e-259
750,105.5,80,0,0,0,-2.3374e-259
750,105.5,80,0,0,0,-1.89329e-259
750,105.5,80,0,0,0,-1.53357e-259
750,105.5,80,0,0,0,-1.24219e-259
750,105.5,80,0,0,0,-1.00617e-259
750,105.5,80,0,0,0,-8.15e-260
750,105.5,80,0,0,0,-6.6015e-260
750,105.5,80,0,0,0,-5.34721e-260
750,105.5,80,0,0,0,-4.33124e-260
750,105.5,80,0,0,0,-3.50831e-260
750,105.5,80,0,0,0,-2.84173e-260
750,105.5,80,0,0,0,-2.3018e-260
750,105.5,80,0,0,0,-1.86446e-260
750,105.5,80,0,0,0,-1.51021e-260
750,105.5,80,0,0,0,-1.22327e-260
750,105.5,80,0,0,0,-9.9085e-261
750,105.5,80,0,0,0,-8.02588e-261
750,105.5,80,0,0,0,-6.50096e-261
750,105.5,80,0,0,0,-5.26578e-261
750,105.5,80,0,0,0,-4.26528e-261
750,105.5,80,0,0,0,-3.45488e-261
750,105.5,80,0,0,0,-2.79845e-261
750,105.5,80,0,0,0,-2.26675e-261
750,105.5,80,0,0,0,-1.83606e-261
750,105.5,80,0,0,0,-1.48721e-261
750,105.5,80,0,0,0,-1.20464e-261
750,105.5,80,0,0,0,-9.7576e-262
750,105.5,80,0,0,0,-7.90365e-262
750,105.5,80,0,0,0,-6.40196e-262
750,105.5,80,0,0,0,-5.18559e-262
750,105.5,80,0,0,0,-4.20033e-262
750,105.5,80,0,0,0,-3.40226e-262
750,105.5,80,0,0,0,-2.75583e-262
750,105.5,80,0,0,0,-2.23223e-262
750,105.5,80,0,0,0,-1.8081e-262
750,105.5,80,0,0,0,-1.46456e-262
750,105.5,80,0,0,0,-1.1863e-262
750,105.5,80,0,0,0,-9.609e-263
750,105.5,80,0,0,0,-7.78329e-263
750,105.5,80,0,0,0,-6.30446e-263
750,105.5,80,0,0,0,-5.10662e-263
750,105.5,80,0,0,0,-4.13636e-263
750,105.5,80,0,0,0,-3.35045e-263
750,105.5,80,0,0,0,-2.71386e-263
750,105.5,80,0,0,0,-2.19823e-263
750,105.5,80,0,0,0,-1.78057e-263
750,105.5,80,0,0,0,-1.44226e-263
750,105.5,80,0,0,0,-1.16823e-263
750,105.5,80,0,0,0,-9.46266e-264
750,105.5,80,0,0,0,-7.66476e-264
750,105.5,80,0,0,0,-6.20845e-264
750,105.5,80,0,0,0,-5.02885e-264
750,105.5,80,0,0,0,-4.07337e-264
750,105.5,80,0,0,0,-3.29943e-264
750,105.5,80,0,0,0,-2.67254e-264
750,105.5,80,0,0,0,-2.16475e-264
750,105.5,80,0,0,0,-1.75345e-264
750,105.5,80,0,0,0,-1.42029e-264
750,105.5,80,0,0,0,-1.15044e-264
750,105.5,80,0,0,0,-9.31855e-265
750,105.5,80,0,0,0,-7.54803e-265
750,105.5,80,0,0,0,-6.1139e-265
750,105.5,80,0,0,0,-4.95226e-265
750,105.5,80,0,0,0,-4.01133e-265
750,105.5,80,0,0,0,-3.24918e-265
750,105.5,80,0,0,0,-2.63183e-265
750,105.5,80,0,0,0,-2.13179e-265
750,105.5,80,0,0,0,-1.72675e-265
750,105.5,80,0,0,0,-1.39866e-265
750,105.5,80,0,0,0,-1.13292e-265
750,105.5,80,0,0,0,-9.17664e-266
750,105.5,80,0,0,0,-7.43308e-266
750,105.5,80,0,0,0,-6.02079e-266
750,105.5,80,0,0,0,-4.87684e-266
750,105.5,80,0,0,0,-3.95024e-266
750,105.5,80,0,0,0,-3.1997e-266
750,105.5,80,0,0,0,-2.59175e-266
750,105.5,80,0,0,0,-2.09932e-266
750,105.5,80,0,0,0,-1.70045e-266
750,105.5,80,0,0,0,-1.37736e-266
750,105.5,80,0,0,0,-1.11567e-266
750,105.5,80,0,0,0,-9.03689e-267
750,105.5,80,0,0,0,-7.31988e-267
750,105.5,80,0,0,0,-5.9291e-267
750,105.5,80,0,0,0,-4.80257e-267
750,105.5,80,0,0,0,-3.89008e-267
750,105.5,80,0,0,0,-3.15097e-267
750,105.5,80,0,0,0,-2.55228e-267
750,105.5,80,0,0,0,-2.06735e-267
750,105.5,80,0,0,0,-1.67455e-267
750,105.5,80,0,0,0,-1.35639e-267
750,105.5,80,0,0,0,-1.09867e-267
750,105.5,80,0,0,0,-8.89927e-268
750,105.5,80,0,0,0,-7.2084e-268
750,105.5,80,0,0,0,-5.83881e-268
750,105.5,80,0,0,0,-4.72943e-268
750,105.5,80,0,0,0,-3.83084e-268
750,105.5,80,0,0,0,-3.10298e-268
750,105.5,80,0,0,0,-2.51342e-268
750,105.5,80,0,0,0,-2.03587e-268
750,105.5,80,0,0,0,-1.64905e-268
750,105.5,80,0,0,0,-1.33573e-268
750,105.5,80,0,0,0,-1.08194e-268
750,105.5,80,0,0,0,-8.76374e-269
750,105.5,80,0,0,0,-7.09863e-269
750,105.5,80,0,0,0,-5.74989e-269
750,105.5,80,0,0,0,-4.65741e-269
750,105.5,80,0,0,0,-3.7725e-269
750,105.5,80,0,0,0,-3.05573e-269
750,105.5,80,0,0,0,-2.47514e-269
750,105.5,80,0,0,0,-2.00486e-269
750,105.5,80,0,0,0,-1.62394e-269
750,105.5,80,0,0,0,-1.31539e-269
750,105.5,80,0,0,0,-1.06547e-269
750,105.5,80,0,0,0,-8.63027e-270
750,105.5,80,0,0,0,-6.99052e-270
750,105.5,80,0,0,0,-5.66232e-270
750,105.5,80,0,0,0,-4.58648e-270
750,105.5,80,0,0,0,-3.71505e-270
750,105.5,80,0,0,0,-3.00919e-270
750,105.5,80,0,0,0,-2.43744e-270
750,105.5,80,0,0,0,-1.97433e-270
750,105.5,80,0,0,0,-1.59921e-270
750,105.5,80,0,0,0,-1.29536e-270
750,105.5,80,0,0,0,-1.04924e-270
750,105.5,80,0,0,0,-8.49884e-271
750,105.5,80,0,0,0,-6.88406e-271
750,105.5,80,0,0,0,-5.57609e-271
750,105.5,80,0,0,0,-4.51663e-271
750,105.5,80,0,0,0,-3.65847e-271
750,105.5,80,0,0,0,-2.96336e-271
750,105.5,80,0,0,0,-2.40032e-271
750,105.5,80,0,0,0,-1.94426e-271
750,105.5,80,0,0,0,-1.57485e-271
750,105.5,80,0,0,0,-1.27563e-271
750,105.5,80,0,0,0,-1.03326e-271
750,105.5,80,0,0,0,-8.36941e-272
750,105.5,80,0,0,0,-6.77922e-272
750,105.5,80,0,0,0,-5.49117e-272
750,105.5,80,0,0,0,-4.44785e-272
750,105.5,80,0,0,0,-3.60276e-272
750,105.5,80,0,0,0,-2.91823e-272
750,105.5,80,0,0,0,-2.36377e-272
750,105.5,80,0,0,0,-1.91465e-272
750,105.5,80,0,0,0,-1.55087e-272
750,105.5,80,0,0,0,-1.2562e-272
750,105.5,80,0,0,0,-1.01753e-272
750,105.5,80,0,0,0,-8.24195e-273
750,105.5,80,0,0,0,-6.67598e-273
750,105.5,80,0,0,0,-5.40755e-273
750,105.5,80,0,0,0,-4.38011e-273
750,105.5,80,0,0,0,-3.54789e-273
750,105.5,80,0,0,0,-2.87379e-273
750,105.5,80,0,0,0,-2.32777e-273
750,105.5,80,0,0,0,-1.88549e-273
750,105.5,80,0,0,0,-1.52725e-273
750,105.5,80,0,0,0,-1.23707e-273
750,105.5,80,0,0,0,-1.00203e-273
750,105.5,80,0,0,0,-8.11644e-274
750,105.5,80,0,0,0,-6.57431e-274
750,105.5,80,0,0,0,-5.32519e-274
750,105.5,80,0,0,0,-4.31341e-274
750,105.5,80,0,0,0,-3.49386e-274
750,105.5,80,0,0,0,-2.83003e-274
750,105.5,80,0,0,0,-2.29232e-274
750,105.5,80,0,0,0,-1.85678e-274
750,105.5,80,0,0,0,-1.50399e-274
750,105.5,80,0,0,0,-1.21823e-274
750,105.5,80,0,0,0,-9.86769e-275
750,105.5,80,0,0,0,-7.99283e-275
750,105.5,80,0,0,0,-6.47419e-275
750,105.5,80,0,0,0,-5.2441e-275
750,105.5,80,0,0,0,-4.24772e-275
750,105.5,80,0,0,0,-3.44065e-275
750,105.5,80,0,0,0,-2.78693e-275
750,105.5,80,0,0,0,-2.25741e-275
750,105.5,80,0,0,0,-1.8285e-275
750,105.5,80,0,0,0,-1.48109e-275
750,105.5,80,0,0,0,-1.19968e-275
750,105.5,80,0,0,0,-9.71742e-276
750,105.5,80,0,0,0,-7.87111e-276
750,105.5,80,0,0,0,-6.3756e-276
750,105.5,80,0,0,0,-5.16423e-276
750,105.5,80,0,0,0,-4.18303e-276
750,105.5,80,0,0,0,-3.38825e-276
750,105.5,80,0,0,0,-2.74449e-276
750,105.5,80,0,0,0,-2.22303e-276
750,105.5,80,0,0,0,-1.80066e-276
750,105.5,80,0,0,0,-1.45853e-276
750,105.5,80,0,0,0,-1.18141e-276
750,105.5,80,0,0,0,-9.56943e-277
750,105.5,80,0,0,0,-7.75124e-277
750,105.5,80,0,0,0,-6.2785e-277
750,105.5,80,0,0,0,-5.08559e-277
750,105.5,80,0,0,0,-4.11933e-277
750,105.5,80,0,0,0,-3.33665e-277
750,105.5,80,0,0,0,-2.70269e-277
750,105.5,80,0,0,0,-2.18918e-277
750,105.5,80,0,0,0,-1.77323e-277
750,105.5,80,0,0,0,-1.43632e-277
750,105.5,80,0,0,0,-1.16342e-277
750,105.5,80,0,0,0,-9.42369e-278
750,105.5,80,0,0,0,-7.63319e-278
750,105.5,80,0,0,0,-6.18289e-278
750,105.5,80,0,0,0,-5.00814e-278
750,105.5,80,0,0,0,-4.05659e-278
750,105.5,80,0,0,0,-3.28584e-278
750,105.5,80,0,0,0,-2.66153e-278
750,105.5,80,0,0,0,-2.15584e-278
750,105.5,80,0,0,0,-1.74623e-278
750,105.5,80,0,0,0,-1.41445e-278
750,105.5,80,0,0,0,-1.1457e-278
750,105.5,80,0,0,0,-9.28018e-279
750,105.5,80,0,0,0,-7.51695e-279
750,105.5,80,0,0,0,-6.08873e-279
750,105.5,80,0,0,0,-4.93187e-279
750,105.5,80,0,0,0,-3.99481e-279
750,105.5,80,0,0,0,-3.2358e-279
750,105.5,80,0,0,0,-2.621e-279
750,105.5,80,0,0,0,-2.12301e-279
750,105.5,80,0,0,0,-1.71964e-279
750,105.5,80,0,0,0,-1.39291e-279
750,105.5,80,0,0,0,-1.12825e-279
750,105.5,80,0,0,0,-9.13885e-280
750,105.5,80,0,0,0,-7.40247e-280
750,105.5,80,0,0,0,-5.996e-280
750,105.5,80,0,0,0,-4.85676e-280
750,105.5,80,0,0,0,-3.93398e-280
750,105.5,80,0,0,0,-3.18652e-280
750,105.5,80,0,0,0,-2.58108e-280
750,105.5,80,0,0,0,-2.09068e-280
750,105.5,80,0,0,0,-1.69345e-280
750,105.5,80,0,0,0,-1.37169e-280
750,105.5,80,0,0,0,-1.11107e-280
750,105.5,80,0,0,0,-8.99968e-281
750,105.5,80,0,0,0,-7.28974e-281
750,105.5,80,0,0,0,-5.90469e-281
750,105.5,80,0,0,0,-4.7828e-281
750,105.5,80,0,0,0,-3.87407e-281
750,105.5,80,0,0,0,-3.13799e-281
750,105.5,80,0,0,0,-2.54177e-281
750,105.5,80,0,0,0,-2.05884e-281
750,105.5,80,0,0,0,-1.66766e-281
750,105.5,80,0,0,0,-1.3508e-281
750,105.5,80,0,0,0,-1.09415e-281
750,105.5,80,0,0,0,-8.86262e-282
750,105.5,80,0,0,0,-7.17872e-282
750,105.5,80,0,0,0,-5.81476e-282
750,105.5,80,0,0,0,-4.70996e-282
750,105.5,80,0,0,0,-3.81507e-282
750,105.5,80,0,0,0,-3.0902e-282
750,105.5,80,0,0,0,-2.50307e-282
750,105.5,80,0,0,0,-2.02748e-282
750,105.5,80,0,0,0,-1.64226e-282
750,105.5,80,0,0,0,-1.33023e-282
750,105.5,80,0,0,0,-1.07749e-282
750,105.5,80,0,0,0,-8.72765e-283
750,105.5,80,0,0,0,-7.0694e-283
750,105.5,80,0,0,0,-5.72621e-283
750,105.5,80,0,0,0,-4.63823e-283
750,105.5,80,0,0,0,-3.75697e-283
750,105.5,80,0,0,0,-3.04314e-283
750,105.5,80,0,0,0,-2.46495e-283
750,105.5,80,0,0,0,-1.99661e-283
750,105.5,80,0,0,0,-1.61725e-283
750,105.5,80,0,0,0,-1.30997e-283
750,105.5,80,0,0,0,-1.06108e-283
750,105.5,80,0,0,0,-8.59473e-284
750,105.5,80,0,0,0,-6.96173e-284
750,105.5,80,0,0,0,-5.63901e-284
750,105.5,80,0,0,0,-4.56759e-284
750,105.5,80,0,0,0,-3.69975e-284
750,105.5,80,0,0,0,-2.9968e-284
750,105.5,80,0,0,0,-2.42741e-284
750,105.5,80,0,0,0,-1.9662e-284
750,105.5,80,0,0,0,-1.59262e-284
750,105.5,80,0,0,0,-1.29002e-284
750,105.5,80,0,0,0,-1.04492e-284
750,105.5,80,0,0,0,-8.46384e-285
750,105.5,80,0,0,0,-6.85571e-285
750,105.5,80,0,0,0,-5.55313e-285
750,105.5,80,0,0,0,-4.49803e-285
750,105.5,80,0,0,0,-3.64341e-285
750,105.5,80,0,0,0,-2.95116e-285
750,105.5,80,0,0,0,-2.39044e-285
750,105.5,80,0,0,0,-1.93626e-285
750,105.5,80,0,0,0,-1.56837e-285
750,105.5,80,0,0,0,-1.27038e-285
750,105.5,80,0,0,0,-1.02901e-285
750,105.5,80,0,0,0,-8.33495e-286
750,105.5,80,0,0,0,-6.75131e-286
750,105.5,80,0,0,0,-5.46856e-286
750,105.5,80,0,0,0,-4.42953e-286
750,105.5,80,0,0,0,-3.58792e-286
750,105.5,80,0,0,0,-2.90622e-286
750,105.5,80,0,0,0,-2.35404e-286
750,105.5,80,0,0,0,-1.90677e-286
750,105.5,80,0,0,0,-1.54448e-286
750,105.5,80,0,0,0,-1.25103e-286
750,105.5,80,0,0,0,-1.01334e-286
750,105.5,80,0,0,0,-8.20801e-287
750,105.5,80,0,0,0,-6.64849e-287
750,105.5,80,0,0,0,-5.38528e-287
750,105.5,80,0,0,0,-4.36208e-287
750,105.5,80,0,0,0,-3.53328e-287
750,105.5,80,0,0,0,-2.86196e-287
750,105.5,80,0,0,0,-2.31819e-287
750,105.5,80,0,0,0,-1.87773e-287
750,105.5,80,0,0,0,-1.52096e-287
750,105.5,80,0,0,0,-1.23198e-287
750,105.5,80,0,0,0,-9.97903e-288
750,105.5,80,0,0,0,-8.08301e-288
750,105.5,80,0,0,0,-6.54724e-288
750,105.5,80,0,0,0,-5.30326e-288
750,105.5,80,0,0,0,-4.29564e-288
750,105.5,80,0,0,0,-3.47947e-288
750,105.5,80,0,0,0,-2.81837e-288
750,105.5,80,0,0,0,-2.28288e-288
750,105.5,80,0,0,0,-1.84913e-288
750,105.5,80,0,0,0,-1.4978e-288
750,105.5,80,0,0,0,-1.21322e-288
750,105.5,80,0,0,0,-9.82706e-289
750,105.5,80,0,0,0,-7.95992e-289
750,105.5,80,0,0,0,-6.44753e-289
750,105.5,80,0,0,0,-5.2225e-289
750,105.5,80,0,0,0,-4.23023e-289
750,105.5,80,0,0,0,-3.42648e-289
750,105.5,80,0,0,0,-2.77545e-289
750,105.5,80,0,0,0,-2.24812e-289
750,105.5,80,0,0,0,-1.82097e-289
750,105.5,80,0,0,0,-1.47499e-289
750,105.5,80,0,0,0,-1.19474e-289
750,105.5,80,0,0,0,-9.6774e-290
750,105.5,80,0,0,0,-7.83869e-290
750,105.5,80,0,0,0,-6.34934e-290
750,105.5,80,0,0,0,-5.14297e-290
750,105.5,80,0,0,0,-4.1658e-290
750,105.5,80,0,0,0,-3.3743e-290
750,105.5,80,0,0,0,-2.73318e-290
750,105.5,80,0,0,0,-2.21388e-290
750,105.5,80,0,0,0,-1.79324e-290
750,105.5,80,0,0,0,-1.45253e-290
750,105.5,80,0,0,0,-1.17655e-290
750,105.5,80,0,0,0,-9.53002e-291
750,105.5,80,0,0,0,-7.71932e-291
750,105.5,80,0,0,0,-6.25265e-291
750,105.5,80,0,0,0,-5.06464e-291
750,105.5,80,0,0,0,-4.10236e-291
750,105.5,80,0,0,0,-3.32291e-291
750,105.5,80,0,0,0,-2.69156e-291
750,105.5,80,0,0,0,-2.18016e-291
750,105.5,80,0,0,0,-1.76593e-291
750,105.5,80,0,0,0,-1.43041e-291
750,105.5,80,0,0,0,-1.15863e-291
750,105.5,80,0,0,0,-9.38489e-292
750,105.5,80,0,0,0,-7.60176e-292
750,105.5,80,0,0,0,-6.15743e-292
750,105.5,80,0,0,0,-4.98751e-292
750,105.5,80,0,0,0,-4.03989e-292
750,105.5,80,0,0,0,-3.27231e-292
750,105.5,80,0,0,0,-2.65057e-292
750,105.5,80,0,0,0,-2.14696e-292
750,105.5,80,0,0,0,-1.73904e-292
750,105.5,80,0,0,0,-1.40862e-292
750,105.5,80,0,0,0,-1.14098e-292
750,105.5,80,0,0,0,-9.24196e-293
750,105.5,80,0,0,0,-7.48599e-293
750,105.5,80,0,0,0,-6.06365e-293
750,105.5,80,0,0,0,-4.91156e-293
750,105.5,80,0,0,0,-3.97836e-293
750,105.5,80,0,0,0,-3.22247e-293
750,105.5,80,0,0,0,-2.6102e-293
750,105.5,80,0,0,0,-2.11427e-293
750,105.5,80,0,0,0,-1.71255e-293
750,105.5,80,0,0,0,-1.38717e-293
750,105.5,80,0,0,0,-1.12361e-293
750,105.5,80,0,0,0,-9.10122e-294
750,105.5,80,0,0,0,-7.37199e-294
750,105.5,80,0,0,0,-5.97131e-294
750,105.5,80,0,0,0,-4.83676e-294
750,105.5,80,0,0,0,-3.91778e-294
750,105.5,80,0,0,0,-3.1734e-294
750,105.5,80,0,0,0,-2.57045e-294
750,105.5,80,0,0,0,-2.08207e-294
750,105.5,80,0,0,0,-1.68647e-294
750,105.5,80,0,0,0,-1.36604e-294
750,105.5,80,0,0,0,-1.1065e-294
750,105.5,80,0,0,0,-8.96261e-295
750,105.5,80,0,0,0,-7.25972e-295
750,105.5,80,0,0,0,-5.88037e-295
750,105.5,80,0,0,0,-4.7631e-295
750,105.5,80,0,0,0,-3.85811e-295
750,105.5,80,0,0,0,-3.12507e-295
750,105.5,80,0,0,0,-2.53131e-295
750,105.5,80,0,0,0,-2.05036e-295
750,105.5,80,0,0,0,-1.66079e-295
750,105.5,80,0,0,0,-1.34524e-295
750,105.5,80,0,0,0,-1.08964e-295
750,105.5,80,0,0,0,-8.82612e-296
750,105.5,80,0,0,0,-7.14916e-296
750,105.5,80,0,0,0,-5.79082e-296
750,105.5,80,0,0,0,-4.69056e-296
750,105.5,80,0,0,0,-3.79936e-296
750,105.5,80,0,0,0,-3.07748e-296
750,105.5,80,0,0,0,-2.49276e-296
750,105.5,80,0,0,0,-2.01913e-296
750,105.5,80,0,0,0,-1.6355e-296
750,105.5,80,0,0,0,-1.32475e-296
750,105.5,80,0,0,0,-1.07305e-296
750,105.5,80,0,0,0,-8.69171e-297
750,105.5,80,0,0,0,-7.04028e-297
750,105.5,80,0,0,0,-5.70263e-297
750,105.5,80,0,0,0,-4.61913e-297
750,105.5,80,0,0,0,-3.7415e-297
750,105.5,80,0,0,0,-3.03061e-297
750,105.5,80,0,0,0,-2.4548e-297
750,105.5,80,0,0,0,-1.98838e-297
750,105.5,80,0,0,0,-1.61059e-297
750,105.5,80,0,0,0,-1.30458e-297
750,105.5,80,0,0,0,-1.05671e-297
750,105.5,80,0,0,0,-8.55934e-298
750,105.5,80,0,0,0,-6.93307e-298
750,105.5,80,0,0,0,-5.61578e-298
750,105.5,80,0,0,0,-4.54878e-298
750,105.5,80,0,0,0,-3.68452e-298
750,105.5,80,0,0,0,-2.98446e-298
750,105.5,80,0,0,0,-2.41741e-298
750,105.5,80,0,0,0,-1.9581e-298
750,105.5,80,0,0,0,-1.58606e-298
750,105.5,80,0,0,0,-1.28471e-298
750,105.5,80,0,0,0,-1.04062e-298
750,105.5,80,0,0,0,-8.42899e-299
750,105.5,80,0,0,0,-6.82748e-299
750,105.5,80,0,0,0,-5.53026e-299
750,105.5,80,0,0,0,-4.47951e-299
750,105.5,80,0,0,0,-3.6284e-299
750,105.5,80,0,0,0,-2.93901e-299
750,105.5,80,0,0,0,-2.3806e-299
750,105.5,80,0,0,0,-1.92828e-299
750,105.5,80,0,0,0,-1.56191e-299
750,105.5,80,0,0,0,-1.26515e-299
750,105.5,80,0,0,0,-1.02477e-299
750,105.5,80,0,0,0,-8.30062e-300
750,105.5,80,0,0,0,-6.72351e-300
750,105.5,80,0,0,0,-5.44604e-300
750,105.5,80,0,0,0,-4.41129e-300
750,105.5,80,0,0,0,-3.57315e-300
750,105.5,80,0,0,0,-2.89425e-300
750,105.5,80,0,0,0,-2.34434e-300
750,105.5,80,0,0,0,-1.89892e-300
750,105.5,80,0,0,0,-1.53812e-300
750,105.5,80,0,0,0,-1.24588e-300
750,105.5,80,0,0,0,-1.00916e-300
750,105.5,80,0,0,0,-8.17421e-301
750,105.5,80,0,0,0,-6.62111e-301
750,105.5,80,0,0,0,-5.3631e-301
750,105.5,80,0,0,0,-4.34411e-301
750,105.5,80,0,0,0,-3.51873e-301
750,105.5,80,0,0,0,-2.85017e-301
750,105.5,80,0,0,0,-2.30864e-301
750,105.5,80,0,0,0,-1.87e-301
750,105.5,80,0,0,0,-1.5147e-301
750,105.5,80,0,0,0,-1.22691e-301
750,105.5,80,0,0,0,-9.93794e-302
750,105.5,80,0,0,0,-8.04973e-302
750,105.5,80,0,0,0,-6.52028e-302
750,105.5,80,0,0,0,-5.28143e-302
750,105.5,80,0,0,0,-4.27796e-302
750,105.5,80,0,0,0,-3.46514e-302
750,105.5,80,0,0,0,-2.80677e-302
750,105.5,80,0,0,0,-2.27348e-302
750,105.5,80,0,0,0,-1.84152e-302
750,105.5,80,0,0,0,-1.49163e-302
750,105.5,80,0,0,0,-1.20822e-302
750,105.5,80,0,0,0,-9.78659e-303
750,105.5,80,0,0,0,-7.92714e-303
750,105.5,80,0,0,0,-6.42098e-303
750,105.5,80,0,0,0,-5.20099e-303
750,105.5,80,0,0,0,-4.21281e-303
750,105.5,80,0,0,0,-3.41237e-303
750,105.5,80,0,0,0,-2.76402e-303
750,105.5,80,0,0,0,-2.23886e-303
750,105.5,80,0,0,0,-1.81347e-303
750,105.5,80,0,0,0,-1.46891e-303
750,105.5,80,0,0,0,-1.18982e-303
750,105.5,80,0,0,0,-9.63755e-304
750,105.5,80,0,0,0,-7.80641e-304
750,105.5,80,0,0,0,-6.3232e-304
750,105.5,80,0,0,0,-5.12179e-304
750,105.5,80,0,0,0,-4.14865e-304
750,105.5,80,0,0,0,-3.36041e-304
750,105.5,80,0,0,0,-2.72193e-304
750,105.5,80,0,0,0,-2.20476e-304
750,105.5,80,0,0,0,-1.78586e-304
750,105.5,80,0,0,0,-1.44654e-304
750,105.5,80,0,0,0,-1.1717e-304
750,105.5,80,0,0,0,-9.49078e-305
750,105.5,80,0,0,0,-7.68753e-305
750,105.5,80,0,0,0,-6.2269e-305
750,105.5,80,0,0,0,-5.04379e-305
750,105.5,80,0,0,0,-4.08547e-305
750,105.5,80,0,0,0,-3.30923e-305
750,105.5,80,0,0,0,-2.68048e-305
750,105.5,80,0,0,0,-2.17119e-305
750,105.5,80,0,0,0,-1.75866e-305
750,105.5,80,0,0,0,-1.42451e-305
750,105.5,80,0,0,0,-1.15386e-305
750,105.5,80,0,0,0,-9.34624e-306
750,105.5,80,0,0,0,-7.57046e-306
750,105.5,80,0,0,0,-6.13207e-306
750,105.5,80,0,0,0,-4.96698e-306
750,105.5,80,0,0,0,-4.02325e-306
750,105.5,80,0,0,0,-3.25883e-306
750,105.5,80,0,0,0,-2.63965e-306
750,105.5,80,0,0,0,-2.13812e-306
750,105.5,80,0,0,0,-1.73188e-306
750,105.5,80,0,0,0,-1.40282e-306
750,105.5,80,0,0,0,-1.13628e-306
750,105.5,80,0,0,0,-9.20391e-307
750,105.5,80,0,0,0,-7.45516e-307
750,105.5,80,0,0,0,-6.03868e-307
750,105.5,80,0,0,0,-4.89133e-307
750,105.5,80,0,0,0,-3.96198e-307
750,105.5,80,0,0,0,-3.2092e-307
750,105.5,80,0,0,0,-2.59946e-307
750,105.5,80,0,0,0,-2.10556e-307
750,105.5,80,0,0,0,-1.7055e-307
750,105.5,80,0,0,0,-1.38146e-307
750,105.5,80,0,0,0,-1.11898e-307
750,105.5,80,0,0,0,-9.06374e-308
750,105.5,80,0,0,0,-7.34163e-308
750,105.5,80,0,0,0,-5.94672e-308
750,105.5,80,0,0,0,-4.81684e-308
750,105.5,80,0,0,0,-3.90164e-308
750,105.5,80,0,0,0,-3.16033e-308
750,105.5,80,0,0,0,-2.55987e-308
750,105.5,80,0,0,0,-2.07349e-308
750,105.5,80,0,0,0,-1.67953e-308
750,105.5,80,0,0,0,-1.36042e-308
750,105.5,80,0,0,0,-1.10194e-308
750,105.5,80,0,0,0,-8.92571e-309
750,105.5,80,0,0,0,-7.22982e-309
750,105.5,80,0,0,0,-5.85616e-309
750,105.5,80,0,0,0,-4.74349e-309
750,105.5,80,0,0,0,-3.84222e-309
750,105.5,80,0,0,0,-3.1122e-309
750,105.5,80,0,0,0,-2.52088e-309
750,105.5,80,0,0,0,-2.04192e-309
750,105.5,80,0,0,0,-1.65395e-309
750,105.5,80,0,0,0,-1.3397e-309
750,105.5,80,0,0,0,-1.08516e-309
750,105.5,80,0,0,0,-8.78978e-310
750,105.5,80,0,0,0,-7.11972e-310
750,105.5,80,0,0,0,-5.76697e-310
750,105.5,80,0,0,0,-4.67125e-310
750,105.5,80,0,0,0,-3.78371e-310
750,105.5,80,0,0,0,-3.06481e-310
750,105.5,80,0,0,0,-2.48249e-310
750,105.5,80,0,0,0,-2.01082e-310
750,105.5,80,0,0,0,-1.62876e-310
750,105.5,80,0,0,0,-1.3193e-310
750,105.5,80,0,0,0,-1.06863e-310
750,105.5,80,0,0,0,-8.65592e-311
750,105.5,80,0,0,0,-7.01129e-311
750,105.5,80,0,0,0,-5.67915e-311
750,105.5,80,0,0,0,-4.60011e-311
750,105.5,80,0,0,0,-3.72609e-311
750,105.5,80,0,0,0,-3.01813e-311
750,105.5,80,0,0,0,-2.44469e-311
750,105.5,80,0,0,0,-1.9802e-311
750,105.5,80,0,0,0,-1.60396e-311
750,105.5,80,0,0,0,-1.29921e-311
750,105.5,80,0,0,0,-1.05236e-311
750,105.5,80,0,0,0,-8.52409e-312
750,105.5,80,0,0,0,-6.90452e-312
750,105.5,80,0,0,0,-5.59266e-312
750,105.5,80,0,0,0,-4.53005e-312
750,105.5,80,0,0,0,-3.66934e-312
750,105.5,80,0,0,0,-2.97217e-312
750,105.5,80,0,0,0,-2.40746e-312
750,105.5,80,0,0,0,-1.95004e-312
750,105.5,80,0,0,0,-1.57953e-312
750,105.5,80,0,0,0,-1.27942e-312
750,105.5,80,0,0,0,-1.03633e-312
750,105.5,80,0,0,0,-8.39428e-313
750,105.5,80,0,0,0,-6.79937e-313
750,105.5,80,0,0,0,-5.50749e-313
750,105.5,80,0,0,0,-4.46106e-313
750,105.5,80,0,0,0,-3.61346e-313
750,105.5,80,0,0,0,-2.9269e-313
750,105.5,80,0,0,0,-2.37079e-313
750,105.5,80,0,0,0,-1.92034e-313
750,105.5,80,0,0,0,-1.55548e-313
750,105.5,80,0,0,0,-1.25994e-313
750,105.5,80,0,0,0,-1.02055e-313
750,105.5,80,0,0,0,-8.26644e-314
750,105.5,80,0,0,0,-6.69582e-314
750,105.5,80,0,0,0,-5.42361e-314
750,105.5,80,0,0,0,-4.39313e-314
750,105.5,80,0,0,0,-3.55843e-314
750,105.5,80,0,0,0,-2.88233e-314
750,105.5,80,0,0,0,-2.33469e-314
750,105.5,80,0,0,0,-1.8911e-314
750,105.5,80,0,0,0,-1.53179e-314
750,105.5,80,0,0,0,-1.24075e-314
750,105.5,80,0,0,0,-1.00501e-314
750,105.5,80,0,0,0,-8.14055e-315
750,105.5,80,0,0,0,-6.59385e-315
750,105.5,80,0,0,0,-5.34102e-315
750,105.5,80,0,0,0,-4.32622e-315
750,105.5,80,0,0,0,-3.50424e-315
750,105.5,80,0,0,0,-2.83843e-315
750,105.5,80,0,0,0,-2.29913e-315
750,105.5,80,0,0,0,-1.8623e-315
750,105.5,80,0,0,0,-1.50846e-315
750,105.5,80,0,0,0,-1.22185e-315
750,105.5,80,0,0,0,-9.89701e-316
750,105.5,80,0,0,0,-8.01658e-316
750,105.5,80,0,0,0,-6.49343e-316
750,105.5,80,0,0,0,-5.25968e-316
750,105.5,80,0,0,0,-4.26034e-316
750,105.5,80,0,0,0,-3.45087e-316
750,105.5,80,0,0,0,-2.79521e-316
750,105.5,80,0,0,0,-2.26412e-316
750,105.5,80,0,0,0,-1.83394e-316
750,105.5,80,0,0,0,-1.48549e-316
750,105.5,80,0,0,0,-1.20325e-316
750,105.5,80,0,0,0,-9.74633e-317
750,105.5,80,0,0,0,-7.89454e-317
750,105.5,80,0,0,0,-6.39459e-317
750,105.5,80,0,0,0,-5.17963e-317
750,105.5,80,0,0,0,-4.19549e-317
750,105.5,80,0,0,0,-3.39834e-317
750,105.5,80,0,0,0,-2.75266e-317
750,105.5,80,0,0,0,-2.22966e-317
750,105.5,80,0,0,0,-1.80603e-317
750,105.5,80,0,0,0,-1.46291e-317
750,105.5,80,0,0,0,-1.18497e-317
750,105.5,80,0,0,0,-9.59831e-318
750,105.5,80,0,0,0,-7.77462e-318
750,105.5,80,0,0,0,-6.29756e-318
750,105.5,80,0,0,0,-5.10113e-318
750,105.5,80,0,0,0,-4.13197e-318
750,105.5,80,0,0,0,-3.347e-318
750,105.5,80,0,0,0,-2.71104e-318
750,105.5,80,0,0,0,-2.19602e-318
750,105.5,80,0,0,0,-1.77864e-318
750,105.5,80,0,0,0,-1.4407e-318
750,105.5,80,0,0,0,-1.16718e-318
750,105.5,80,0,0,0,-9.45444e-319
750,105.5,80,0,0,0,-7.65999e-319
750,105.5,80,0,0,0,-6.20546e-319
750,105.5,80,0,0,0,-5.02761e-319
750,105.5,80,0,0,0,-4.07505e-319
750,105.5,80,0,0,0,-3.30036e-319
750,105.5,80,0,0,0,-2.67586e-319
750,105.5,80,0,0,0,-2.16598e-319
750,105.5,80,0,0,0,-1.75492e-319
750,105.5,80,0,0,0,-1.42291e-319
750,105.5,80,0,0,0,-1.15414e-319
750,105.5,80,0,0,0,-9.36748e-320
750,105.5,80,0,0,0,-7.58885e-320
750,105.5,80,0,0,0,-6.16594e-320
750,105.5,80,0,0,0,-4.98018e-320
750,105.5,80,0,0,0,-4.03158e-320
750,105.5,80,0,0,0,-3.2806e-320
750,105.5,80,0,0,0,-2.68772e-320
750,105.5,80,0,0,0,-2.17389e-320
750,105.5,80,0,0,0,-1.77864e-320
750,105.5,80,0,0,0,-1.46243e-320
750,105.5,80,0,0,0,-1.18576e-320
750,105.5,80,0,0,0,-9.48606e-321
750,105.5,80,0,0,0,-7.90505e-321
750,105.5,80,0,0,0,-6.32404e-321
750,105.5,80,0,0,0,-5.13828e-321
750,105.5,80,0,0,0,-4.34778e-321
750,105.5,80,0,0,0,-3.55727e-321
750,105.5,80,0,0,0,-2.76677e-321
750,105.5,80,0,0,0,-1.97626e-321
750,105.5,80,0,0,0,-1.97626e-321
750,105.5,80,0,0,0,-1.97626e-321
750,105.5,80,0,0,0,-1.97626e-321
750,105.5,80,0,0,0,-1.97626e-321
750,105.5,80,0,0,0,-1.97626e-321
750,105.5,80,0,0,0,-1.97626e-321
750,105.5,80,0,0,0,-1.97626e-321
750,105.5,80,0,0,0,-1.97626e-321
750,105.5,80,0,0,0,-1.97626e-321
750,105.5,80,0,0,0,-1.97626e-321
750,105.5,80,0,0,0,-1.97626e-321
750,105.5,80,0,0,0,-1.97626e-321
750,105.5,80,0,0,0,-1.97626e-321
750,105.5,80,0,0,0,-1.97626e-321
750,105.5,80,0,0,0,-1.97626e-321
750,105.5,80,0,0,0,-1.97626e-321
750,105.5,80,0,0,0,-1.97626e-321
750,105.5,80,0,0,0,-1.97626e-321
750,105.5,80,0,0,0,-1.97626e-321
750,105.5,80,0,0,0,-1.97626e-321
750,105.5,80,0,0,0,-1.97626e-321
750,105.5,80,0,0,0,-1.97626e-321
750,105.5,80,0,0,0,-1.97626e-321
750,105.5,80,0,0,0,-1.97626e-321
750,105.5,80,0,0,0,-1.97626e-321
750,105.5,80,0,0,0,-1.97626e-321
750,105.5,80,0,0,0,-1.97626e-321
750,105.5,80,0,0,0,-1.97626e-321
750,105.5,80,0,0,0,-1.97626e-321
750,105.5,80,0,0,0,-1.97626e-321
750,105.5,80,0,0,0,-1.97626e-321
750,105.5,80,0,0,0,-1.97626e-321
750,105.5,80,0,0,0,-1.97626e-321
750,105.5,80,0,0,0,-1.97626e-321
750,105.5,80,0,0,0,-1.97626e-321
750,105.5,80,0,0,0,-1.97626e-321
750,105.5,80,0,0,0,-1.97626e-321
750,105.5,80,0,0,0,-1.97626e-321
750,105.5,80,0,0,0,-1.97626e-321
750,105.5,80,0,0,0,-1.97626e-321
750,105.5,80,0,0,0,-1.97626e-321
750,105.5,80,0,0,0,-1.97626e-321
750,105.5,80,0,0,0,-1.97626e-321
750,105.5,80,0,0,0,-1.97626e-321
750,105.5,80,0,0,0,-1.97626e-321
750,105.5,80,0,0,0,-1.97626e-321
750,105.5,80,0,0,0,-1.97626e-321
750,105.5,80,0,0,0,-1.97626e-321
750,105.5,80,0,0,0,-1.97626e-321
750,105.5,80,0,0,0,-1.97626e-321
750,105.5,80,0,0,0,-1.97626e-321
750,105.5,80,0,0,0,-1.97626e-321
750,105.5,80,0,0,0,-1.97626e-321
750,105.5,80,0,0,0,-1.97626e-321
750,105.5,80,0,0,0,-1.97626e-321
750,105.5,80,0,0,0,-1.97626e-321
750,105.5,80,0,0,0,-1.97626e-321
750,105.5,80,0,0,0,-1.97626e-321
750,105.5,80,0,0,0,-1.97626e-321
750,105.5,80,0,0,0,-1.97626e-321
750,105.5,80,0,0,0,-1.97626e-321
750,105.5,80,0,0,0,-1.97626e-321
750,105.5,80,0,0,0,-1.97626e-321
750,105.5,80,0,0,0,-1.97626e-321
750,105.5,80,0,0,0,-1.97626e-321
750,105.5,80,0,0,0,-1.97626e-321
750,105.5,80,0,0,0,-1.97626e-321
750,105.5,80,0,0,0,-1.97626e-321
750,105.5,80,0,0,0,-1.97626e-321
750,105.5,80,0,0,0,-1.97626e-321
750,105.5,80,0,0,0,-1.97626e-321
750,105.5,80,0,0,0,-1.97626e-321
750,105.5,80,0,0,0,-1.97626e-321
750,105.5,80,0,0,0,-1.97626e-321
750,105.5,80,0,0,0,-1.97626e-321
750,105.5,80,0,0,0,-1.97626e-321
750,105.5,80,0,0,0,-1.97626e-321
750,105.5,80,0,0,0,-1.97626e-321
750,105.5,80,0,0,0,-1.97626e-321
750,105.5,80,0,0,0,-1.97626e-321
750,105.5,80,0,0,0,-1.97626e-321
750,105.5,80,0,0,0,-1.97626e-321
750,105.5,80,0,0,0,-1.97626e-321
750,105.5,80,0,0,0,-1.97626e-321
750,105.5,80,0,0,0,-1.97626e-321
750,105.5,80,0,0,0,-1.97626e-321
750,105.5,80,0,0,0,-1.97626e-321
750,105.5,80,0,0,0,-1.97626e-321
750,105.5,80,0,0,0,-1.97626e-321
750,105.5,80,0,0,0,-1.97626e-321
750,105.5,80,0,0,0,-1.97626e-321
750,105.5,80,0,0,0,-1.97626e-321
750,105.5,80,0,0,0,-1.97626e-321
750,105.5,80,0,0,0,-1.97626e-321
750,105.5,80,0,0,0,-1.97626e-321
750,105.5,80,0,0,0,-1.97626e-321
750,105.5,80,0,0,0,-1.97626e-321
750,105.5,80,0,0,0,-1.97626e-321
750,105.5,80,0,0,0,-1.97626e-321
750,105.5,80,0,0,0,-1.97626e-321
750,105.5,80,0,0,0,-1.97626e-321
750,105.5,80,0,0,0,-1.97626e-321
750,105.5,80,0,0,0,-1.97626e-321
750,105.5,80,0,0,0,-1.97626e-321
750,105.5,80,0,0,0,-1.97626e-321
750,105.5,80,0,0,0,-1.97626e-321
750,105.5,80,0,0,0,-1.97626e-321
750,105.5,80,0,0,0,-1.97626e-321
750,105.5,80,0,0,0,-1.97626e-321
750,105.5,80,0,0,0,-1.97626e-321
750,105.5,80,0,0,0,-1.97626e-321
750,105.5,80,0,0,0,-1.97626e-321
750,105.5,80,0,0,0,-1.97626e-321
750,105.5,80,0,0,0,-1.97626e-321
750,105.5,80,0,0,0,-1.97626e-321
750,105.5,80,0,0,0,-1.97626e-321
750,105.5,80,0,0,0,-1.97626e-321
750,105.5,80,0,0,0,-1.97626e-321
750,105.5,80,0,0,0,-1.97626e-321
750,105.5,80,0,0,0,-1.97626e-321
750,105.5,80,0,0,0,-1.97626e-321
750,105.5,80,0,0,0,-1.97626e-321
750,105.5,80,0,0,0,-1.97626e-321
750,105.5,80,0,0,0,-1.97626e-321
750,105.5,80,0,0,0,-1.97626e-321
750,105.5,80,0,0,0,-1.97626e-321
750,105.5,80,0,0,0,-1.97626e-321
750,105.5,80,0,0,0,-1.97626e-321
750,105.5,80,0,0,0,-1.97626e-321
750,105.5,80,0,0,0,-1.97626e-321
750,105.5,80,0,0,0,-1.97626e-321
750,105.5,80,0,0,0,-1.97626e-321
750,105.5,80,0,0,0,-1.97626e-321
750,105.5,80,0,0,0,-1.97626e-321
750,105.5,80,0,0,0,-1.97626e-321
750,105.5,80,0,0,0,-1.97626e-321
750,105.5,80,0,0,0,-1.97626e-321
750,105.5,80,0,0,0,-1.97626e-321
750,105.5,80,0,0,0,-1.97626e-321
750,105.5,80,0,0,0,-1.97626e-321
750,105.5,80,0,0,0,-1.97626e-321
750,105.5,80,0,0,0,-1.97626e-321
750,105.5,80,0,0,0,-1.97626e-321
750,105.5,80,0,0,0,-1.97626e-321
750,105.5,80,0,0,0,-1.97626e-321
750,105.5,80,0,0,0,-1.97626e-321
750,105.5,80,0,0,0,-1.97626e-321
750,105.5,80,0,0,0,-1.97626e-321
750,105.5,80,0,0,0,-1.97626e-321
750,105.5,80,0,0,0,-1.97626e-321
750,105.5,80,0,0,0,-1.97626e-321
750,105.5,80,0,0,0,-1.97626e-321
750,105.5,80,0,0,0,-1.97626e-321
750,105.5,80,0,0,0,-1.97626e-321
750,105.5,80,0,0,0,-1.97626e-321
750,105.5,80,0,0,0,-1.97626e-321
750,105.5,80,0,0,0,-1.97626e-321
750,105.5,80,0,0,0,-1.97626e-321
750,105.5,80,0,0,0,-1.97626e-321
750,105.5,80,0,0,0,-1.97626e-321
750,105.5,80,0,0,0,-1.97626e-321
750,105.5,80,0,0,0,-1.97626e-321
750,105.5,80,0,0,0,-1.97626e-321
750,105.5,80,0,0,0,-1.97626e-321
750,105.5,80,0,0,0,-1.97626e-321
750,105.5,80,0,0,0,-1.97626e-321
750,105.5,80,0,0,0,-1.97626e-321
750,105.5,80,0,0,0,-1.97626e-321
750,105.5,80,0,0,0,-1.97626e-321
750,105.5,80,0,0,0,-1.97626e-321
750,105.5,80,0,0,0,-1.97626e-321
750,105.5,80,0,0,0,-1.97626e-321
750,105.5,80,0,0,0,-1.97626e-321
750,105.5,80,0,0,0,-1.97626e-321
750,105.5,80,0,0,0,-1.97626e-321
750,105.5,80,0,0,0,-1.97626e-321
750,105.5,80,0,0,0,-1.97626e-321
750,105.5,80,0,0,0,-1.97626e-321
750,105.5,80,0,0,0,-1.97626e-321
750,105.5,80,0,0,0,-1.97626e-321
750,105.5,80,0,0,0,-1.97626e-321
750,105.5,80,0,0,0,-1.97626e-321
750,105.5,80,0,0,0,-1.97626e-321
750,105.5,80,0,0,0,-1.97626e-321
750,105.5,80,0,0,0,-1.97626e-321
750,105.5,80,0,0,0,-1.97626e-321
750,105.5,80,0,0,0,-1.97626e-321
750,105.5,80,0,0,0,-1.97626e-321
750,105.5,80,0,0,0,-1.97626e-321
750,105.5,80,0,0,0,-1.97626e-321
750,105.5,80,0,0,0,-1.97626e-321
750,105.5,80,0,0,0,-1.97626e-321
750,105.5,80,0,0,0,-1.97626e-321
750,105.5,80,0,0,0,-1.97626e-321
750,105.5,80,0,0,0,-1.97626e-321
750,105.5,80,0,0,0,-1.97626e-321
750,105.5,80,0,0,0,-1.97626e-321
750,105.5,80,0,0,0,-1.97626e-321
750,105.5,80,0,0,0,-1.97626e-321
750,105.5,80,0,0,0,-1.97626e-321
750,105.5,80,0,0,0,-1.97626e-321
750,105.5,80,0,0,0,-1.97626e-321
750,105.5,80,0,0,0,-1.97626e-321
750,105.5,80,0,0,0,-1.97626e-321
750,105.5,80,0,0,0,-1.97626e-321
750,105.5,80,0,0,0,-1.97626e-321
750,105.5,80,0,0,0,-1.97626e-321
750,105.5,80,0,0,0,-1.97626e-321
750,105.5,80,0,0,0,-1.97626e-321
750,105.5,80,0,0,0,-1.97626e-321
750,105.5,80,0,0,0,-1.97626e-321
750,105.5,80,0,0,0,-1.97626e-321
750,105.5,80,0,0,0,-1.97626e-321
750,105.5,80,0,0,0,-1.97626e-321
750,105.5,80,0,0,0,-1.97626e-321
750,105.5,80,0,0,0,-1.97626e-321
750,105.5,80,0,0,0,-1.97626e-321
750,105.5,80,0,0,0,-1.97626e-321
750,105.5,80,0,0,0,-1.97626e-321
750,105.5,80,0,0,0,-1.97626e-321
750,105.5,80,0,0,0,-1.97626e-321
750,105.5,80,0,0,0,-1.97626e-321
750,105.5,80,0,0,0,-1.97626e-321
750,105.5,80,0,0,0,-1.97626e-321
750,105.5,80,0,0,0,-1.97626e-321
750,105.5,80,0,0,0,-1.97626e-321
750,105.5,80,0,0,0,-1.97626e-321
750,105.5,80,0,0,0,-1.97626e-321
750,105.5,80,0,0,0,-1.97626e-321
750,105.5,80,0,0,0,-1.97626e-321
750,105.5,80,0,0,0,-1.97626e-321
750,105.5,80,0,0,0,-1.97626e-321
750,105.5,80,0,0,0,-1.97626e-321
750,105.5,80,0,0,0,-1.97626e-321
750,105.5,80,0,0,0,-1.97626e-321
750,105.5,80,0,0,0,-1.97626e-321
750,105.5,80,0,0,0,-1.97626e-321
750,105.5,80,0,0,0,-1.97626e-321
750,105.5,80,0,0,0,-1.97626e-321
750,105.5,80,0,0,0,-1.97626e-321
750,105.5,80,0,0,0,-1.97626e-321
750,105.5,80,0,0,0,-1.97626e-321
750,105.5,80,0,0,0,-1.97626e-321
750,105.5,80,0,0,0,-1.97626e-321
750,105.5,80,0,0,0,-1.97626e-321
750,105.5,80,0,0,0,-1.97626e-321
750,105.5,80,0,0,0,-1.97626e-321
750,105.5,80,0,0,0,-1.97626e-321
750,105.5,80,0,0,0,-1.97626e-321
750,105.5,80,0,0,0,-1.97626e-321
750,105.5,80,0,0,0,-1.97626e-321
750,105.5,80,0,0,0,-1.97626e-321
750,105.5,80,0,0,0,-1.97626e-321
750,105.5,80,0,0,0,-1.97626e-321
750,105.5,80,0,0,0,-1.97626e-321
750,105.5,80,0,0,0,-1.97626e-321
750,105.5,80,0,0,0,-1.97626e-321
750,105.5,80,0,0,0,-1.97626e-321
750,105.5,80,0,0,0,-1.97626e-321
750,105.5,80,0,0,0,-1.97626e-321
750,105.5,80,0,0,0,-1.97626e-321
750,105.5,80,0,0,0,-1.97626e-321
750,105.5,80,0,0,0,-1.97626e-321
750,105.5,80,0,0,0,-1.97626e-321
750,105.5,80,0,0,0,-1.97626e-321
750,105.5,80,0,0,0,-1.97626e-321
750,105.5,80,0,0,0,-1.97626e-321
750,105.5,80,0,0,0,-1.97626e-321
750,105.5,80,0,0,0,-1.97626e-321
750,105.5,80,0,0,0,-1.97626e-321
750,105.5,80,0,0,0,-1.97626e-321
750,105.5,80,0,0,0,-1.97626e-321
750,105.5,80,0,0,0,-1.97626e-321
750,105.5,80,0,0,0,-1.97626e-321
750,105.5,80,0,0,0,-1.97626e-321
750,105.5,80,0,0,0,-1.97626e-321
750,105.5,80,0,0,0,-1.97626e-321
750,105.5,80,0,0,0,-1.97626e-321
750,105.5,80,0,0,0,-1.97626e-321
750,105.5,80,0,0,0,-1.97626e-321
750,105.5,80,0,0,0,-1.97626e-321
750,105.5,80,0,0,0,-1.97626e-321
750,105.5,80,0,0,0,-1.97626e-321
750,105.5,80,0,0,0,-1.97626e-321
750,105.5,80,0,0,0,-1.97626e-321
750,105.5,80,0,0,0,-1.97626e-321
750,105.5,80,0,0,0,-1.97626e-321
750,105.5,80,0,0,0,-1.97626e-321
750,105.5,80,0,0,0,-1.97626e-321
750,105.5,80,0,0,0,-1.97626e-321
750,105.5,80,0,0,0,-1.97626e-321
750,105.5,80,0,0,0,-1.97626e-321
750,105.5,80,0,0,0,-1.97626e-321
750,105.5,80,0,0,0,-1.97626e-321
750,105.5,80,0,0,0,-1.97626e-321
750,105.5,80,0,0,0,-1.97626e-321
750,105.5,80,0,0,0,-1.97626e-321
750,105.5,80,0,0,0,-1.97626e-321
750,105.5,80,0,0,0,-1.97626e-321
750,105.5,80,0,0,0,-1.97626e-321
750,105.5,80,0,0,0,-1.97626e-321
750,105.5,80,0,0,0,-1.97626e-321
750,105.5,80,0,0,0,-1.97626e-321
750,105.5,80,0,0,0,-1.97626e-321
750,105.5,80,0,0,0,-1.97626e-321
750,105.5,80,0,0,0,-1.97626e-321
750,105.5,80,0,0,0,-1.97626e-321
750,105.5,80,0,0,0,-1.97626e-321
750,105.5,80,0,0,0,-1.97626e-321
750,105.5,80,0,0,0,-1.97626e-321
750,105.5,80,0,0,0,-1.97626e-321
750,105.5,80,0,0,0,-1.97626e-321
750,105.5,80,0,0,0,-1.97626e-321
750,105.5,80,0,0,0,-1.97626e-321
750,105.5,80,0,0,0,-1.97626e-321
750,105.5,80,0,0,0,-1.97626e-321
750,105.5,80,0,0,0,-1.97626e-321
750,105.5,80,0,0,0,-1.97626e-321
750,105.5,80,0,0,0,-1.97626e-321
750,105.5,80,0,0,0,-1.97626e-321
750,105.5,80,0,0,0,-1.97626e-321
750,105.5,80,0,0,0,-1.97626e-321
750,105.5,80,0,0,0,-1.97626e-321
750,105.5,80,0,0,0,-1.97626e-321
750,105.5,80,0,0,0,-1.97626e-321
750,105.5,80,0,0,0,-1.97626e-321
750,105.5,80,0,0,0,-1.97626e-321
750,105.5,80,0,0,0,-1.97626e-321
750,105.5,80,0,0,0,-1.97626e-321
750,105.5,80,0,0,0,-1.97626e-321
750,105.5,80,0,0,0,-1.97626e-321
750,105.5,80,0,0,0,-1.97626e-321
750,105.5,80,0,0,0,-1.97626e-321
750,105.5,80,0,0,0,-1.97626e-321
750,105.5,80,0,0,0,-1.97626e-321
750,105.5,80,0,0,0,-1.97626e-321
750,105.5,80,0,0,0,-1.97626e-321
750,105.5,80,0,0,0,-1.97626e-321
750,105.5,80,0,0,0,-1.97626e-321
750,105.5,80,0,0,0,-1.97626e-321
750,105.5,80,0,0,0,-1.97626e-321
750,105.5,80,0,0,0,-1.97626e-321
750,105.5,80,0,0,0,-1.97626e-321
750,105.5,80,0,0,0,-1.97626e-321
750,105.5,80,0,0,0,-1.97626e-321
750,105.5,80,0,0,0,-1.97626e-321
750,105.5,80,0,0,0,-1.97626e-321
750,105.5,80,0,0,0,-1.97626e-321
750,105.5,80,0,0,0,-1.97626e-321
750,105.5,80,0,0,0,-1.97626e-321
750,105.5,80,0,0,0,-1.97626e-321
750,105.5,80,0,0,0,-1.97626e-321
750,105.5,80,0,0,0,-1.97626e-321
750,105.5,80,0,0,0,-1.97626e-321
750,105.5,80,0,0,0,-1.97626e-321
750,105.5,80,0,0,0,-1.97626e-321
750,105.5,80,0,0,0,-1.97626e-321
750,105.5,80,0,0,0,-1.97626e-321
750,105.5,80,0,0,0,-1.97626e-321
750,105.5,80,0,0,0,-1.97626e-321
750,105.5,80,0,0,0,-1.97626e-321
750,105.5,80,0,0,0,-1.97626e-321
750,105.5,80,0,0,0,-1.97626e-321
750,105.5,80,0,0,0,-1.97626e-321
750,105.5,80,0,0,0,-1.97626e-321
750,105.5,80,0,0,0,-1.97626e-321
750,105.5,80,0,0,0,-1.97626e-321
750,105.5,80,0,0,0,-1.97626e-321
750,105.5,80,0,0,0,-1.97626e-321
750,105.5,80,0,0,0,-1.97626e-321
750,105.5,80,0,0,0,-1.97626e-321
750,105.5,80,0,0,0,-1.97626e-321
750,105.5,80,0,0,0,-1.97626e-321
750,105.5,80,0,0,0,-1.97626e-321
750,105.5,80,0,0,0,-1.97626e-321
750,105.5,80,0,0,0,-1.97626e-321
750,105.5,80,0,0,0,-1.97626e-321
750,105.5,80,0,0,0,-1.97626e-321
750,105.5,80,0,0,0,-1.97626e-321
750,105.5,80,0,0,0,-1.97626e-321
750,105.5,80,0,0,0,-1.97626e-321
750,105.5,80,0,0,0,-1.97626e-321
750,105.5,80,0,0,0,-1.97626e-321
750,105.5,80,0,0,0,-1.97626e-321
750,105.5,80,0,0,0,-1.97626e-321
750,105.5,80,0,0,0,-1.97626e-321
750,105.5,80,0,0,0,-1.97626e-321
750,105.5,80,0,0,0,-1.97626e-321
750,105.5,80,0,0,0,-1.97626e-321
750,105.5,80,0,0,0,-1.97626e-321
750,105.5,80,0,0,0,-1.97626e-321
750,105.5,80,0,0,0,-1.97626e-321
750,105.5,80,0,0,0,-1.97626e-321
750,105.5,80,0,0,0,-1.97626e-321
750,105.5,80,0,0,0,-1.97626e-321
750,105.5,80,0,0,0,-1.97626e-321
750,105.5,80,0,0,0,-1.97626e-321
750,105.5,80,0,0,0,-1.97626e-321
750,105.5,80,0,0,0,-1.97626e-321
750,105.5,80,0,0,0,-1.97626e-321
750,105.5,80,0,0,0,-1.97626e-321
750,105.5,80,0,0,0,-1.97626e-321
750,105.5,80,0,0,0,-1.97626e-321
750,105.5,80,0,0,0,-1.97626e-321
750,105.5,80,0,0,0,-1.97626e-321
750,105.5,80,0,0,0,-1.97626e-321
750,105.5,80,0,0,0,-1.97626e-321
750,105.5,80,0,0,0,-1.97626e-321
750,105.5,80,0,0,0,-1.97626e-321
750,105.5,80,0,0,0,-1.97626e-321
750,105.5,80,0,0,0,-1.97626e-321
750,105.5,80,0,0,0,-1.97626e-321
750,105.5,80,0,0,0,-1.97626e-321
750,105.5,80,0,0,0,-1.97626e-321
750,105.5,80,0,0,0,-1.97626e-321
750,105.5,80,0,0,0,-1.97626e-321
750,105.5,80,0,0,0,-1.97626e-321
750,105.5,80,0,0,0,-1.97626e-321
750,105.5,80,0,0,0,-1.97626e-321
750,105.5,80,0,0,0,-1.97626e-321
750,105.5,80,0,0,0,-1.97626e-321
750,105.5,80,0,0,0,-1.97626e-321
750,105.5,80,0,0,0,-1.97626e-321
750,105.5,80,0,0,0,-1.97626e-321
750,105.5,80,0,0,0,-1.97626e-321
750,105.5,80,0,0,0,-1.97626e-321
750,105.5,80,0,0,0,-1.97626e-321
750,105.5,80,0,0,0,-1.97626e-321
750,105.5,80,0,0,0,-1.97626e-321
750,105.5,80,0,0,0,-1.97626e-321
750,105.5,80,0,0,0,-1.97626e-321
750,105.5,80,0,0,0,-1.97626e-321
750,105.5,80,0,0,0,-1.97626e-321
750,105.5,80,0,0,0,-1.97626e-321
750,105.5,80,0,0,0,-1.97626e-321
750,105.5,80,0,0,0,-1.97626e-321
750,105.5,80,0,0,0,-1.97626e-321
750,105.5,80,0,0,0,-1.97626e-321
750,105.5,80,0,0,0,-1.97626e-321
750,105.5,80,0,0,0,-1.97626e-321
750,105.5,80,0,0,0,-1.97626e-321
750,105.5,80,0,0,0,-1.97626e-321
750,105.5,80,0,0,0,-1.97626e-321
750,105.5,80,0,0,0,-1.97626e-321
750,105.5,80,0,0,0,-1.97626e-321
750,105.5,80,0,0,0,-1.97626e-321
750,105.5,80,0,0,0,-1.97626e-321
750,105.5,80,0,0,0,-1.97626e-321
750,105.5,80,0,0,0,-1.97626e-321
750,105.5,80,0,0,0,-1.97626e-321
750,105.5,80,0,0,0,-1.97626e-321
750,105.5,80,0,0,0,-1.97626e-321
750,105.5,80,0,0,0,-1.97626e-321
750,105.5,80,0,0,0,-1.97626e-321
750,105.5,80,0,0,0,-1.97626e-321
750,105.5,80,0,0,0,-1.97626e-321
750,105.5,80,0,0,0,-1.97626e-321
750,105.5,80,0,0,0,-1.97626e-321
750,105.5,80,0,0,0,-1.97626e-321
750,105.5,80,0,0,0,-1.97626e-321
750,105.5,80,0,0,0,-1.97626e-321
750,105.5,80,0,0,0,-1.97626e-321
750,105.5,80,0,0,0,-1.97626e-321
750,105.5,80,0,0,0,-1.97626e-321
750,105.5,80,0,0,0,-1.97626e-321
750,105.5,80,0,0,0,-1.97626e-321
750,105.5,80,0,0,0,-1.97626e-321
750,105.5,80,0,0,0,-1.97626e-321
750,105.5,80,0,0,0,-1.97626e-321
750,105.5,80,0,0,0,-1.97626e-321
750,105.5,80,0,0,0,-1.97626e-321
750,105.5,80,0,0,0,-1.97626e-321
750,105.5,80,0,0,0,-1.97626e-321
750,105.5,80,0,0,0,-1.97626e-321
750,105.5,80,0,0,0,-1.97626e-321
750,105.5,80,0,0,0,-1.97626e-321
750,105.5,80,0,0,0,-1.97626e-321
750,105.5,80,0,0,0,-1.97626e-321
750,105.5,80,0,0,0,-1.97626e-321
750,105.5,80,0,0,0,-1.97626e-321
750,105.5,80,0,0,0,-1.97626e-321
750,105.5,80,0,0,0,-1.97626e-321
750,105.5,80,0,0,0,-1.97626e-321
750,105.5,80,0,0,0,-1.97626e-321
750,105.5,80,0,0,0,-1.97626e-321
750,105.5,80,0,0,0,-1.97626e-321
750,105.5,80,0,0,0,-1.97626e-321
750,105.5,80,0,0,0,-1.97626e-321
750,105.5,80,0,0,0,-1.97626e-321
750,105.5,80,0,0,0,-1.97626e-321
750,105.5,80,0,0,0,-1.97626e-321
750,105.5,80,0,0,0,-1.97626e-321
750,105.5,80,0,0,0,-1.97626e-321
750,105.5,80,0,0,0,-1.97626e-321
750,105.5,80,0,0,0,-1.97626e-321
750,105.5,80,0,0,0,-1.97626e-321
750,105.5,80,0,0,0,-1.97626e-321
750,105.5,80,0,0,0,-1.97626e-321
750,105.5,80,0,0,0,-1.97626e-321
750,105.5,80,0,0,0,-1.97626e-321
750,105.5,80,0,0,0,-1.97626e-321
750,105.5,80,0,0,0,-1.97626e-321
750,105.5,80,0,0,0,-1.97626e-321
750,105.5,80,0,0,0,-1.97626e-321
750,105.5,80,0,0,0,-1.97626e-321
750,105.5,80,0,0,0,-1.97626e-321
750,105.5,80,0,0,0,-1.97626e-321
750,105.5,80,0,0,0,-1.97626e-321
750,105.5,80,0,0,0,-1.97626e-321
750,105.5,80,0,0,0,-1.97626e-321
750,105.5,80,0,0,0,-1.97626e-321
750,105.5,80,0,0,0,-1.97626e-321
750,105.5,80,0,0,0,-1.97626e-321
750,105.5,80,0,0,0,-1.97626e-321
750,105.5,80,0,0,0,-1.97626e-321
750,105.5,80,0,0,0,-1.97626e-321
750,105.5,80,0,0,0,-1.97626e-321
750,105.5,80,0,0,0,-1.97626e-321
750,105.5,80,0,0,0,-1.97626e-321
750,105.5,80,0,0,0,-1.97626e-321
750,105.5,80,0,0,0,-1.97626e-321
750,105.5,80,0,0,0,-1.97626e-321
750,105.5,80,0,0,0,-1.97626e-321
750,105.5,80,0,0,0,-1.97626e-321
750,105.5,80,0,0,0,-1.97626e-321
750,105.5,80,0,0,0,-1.97626e-321
750,105.5,80,0,0,0,-1.97626e-321
750,105.5,80,0,0,0,-1.97626e-321
750,105.5,80,0,0,0,-1.97626e-321
750,105.5,80,0,0,0,-1.97626e-321
750,105.5,80,0,0,0,-1.97626e-321
750,105.5,80,0,0,0,-1.97626e-321
750,105.5,80,0,0,0,-1.97626e-321
750,105.5,80,0,0,0,-1.97626e-321
750,105.5,80,0,0,0,-1.97626e-321
750,105.5,80,0,0,0,-1.97626e-321
750,105.5,80,0,0,0,-1.97626e-321
750,105.5,80,0,0,0,-1.97626e-321
750,105.5,80,0,0,0,-1.97626e-321
750,105.5,80,0,0,0,-1.97626e-321
750,105.5,80,0,0,0,-1.97626e-321
750,105.5,80,0,0,0,-1.97626e-321
750,105.5,80,0,0,0,-1.97626e-321
750,105.5,80,0,0,0,-1.97626e-321
750,105.5,80,0,0,0,-1.97626e-321
750,105.5,80,0,0,0,-1.97626e-321
750,105.5,80,0,0,0,-1.97626e-321
750,105.5,80,0,0,0,-1.97626e-321
750,105.5,80,0,0,0,-1.97626e-321
750,105.5,80,0,0,0,-1.97626e-321
750,105.5,80,0,0,0,-1.97626e-321
750,105.5,80,0,0,0,-1.97626e-321
750,105.5,80,0,0,0,-1.97626e-321
750,105.5,80,0,0,0,-1.97626e-321
750,105.5,80,0,0,0,-1.97626e-321
750,105.5,80,0,0,0,-1.97626e-321
750,105.5,80,0,0,0,-1.97626e-321
750,105.5,80,0,0,0,-1.97626e-321
750,105.5,80,0,0,0,-1.97626e-321
750,105.5,80,0,0,0,-1.97626e-321
750,105.5,80,0,0,0,-1.97626e-321
750,105.5,80,0,0,0,-1.97626e-321
750,105.5,80,0,0,0,-1.97626e-321
750,105.5,80,0,0,0,-1.97626e-321
750,105.5,80,0,0,0,-1.97626e-321
750,105.5,80,0,0,0,-1.97626e-321
750,105.5,80,0,0,0,-1.97626e-321
750,105.5,80,0,0,0,-1.97626e-321
750,105.5,80,0,0,0,-1.97626e-321
750,105.5,80,0,0,0,-1.97626e-321
750,105.5,80,0,0,0,-1.97626e-321
750,105.5,80,0,0,0,-1.97626e-321
750,105.5,80,0,0,0,-1.97626e-321
750,105.5,80,0,0,0,-1.97626e-321
750,105.5,80,0,0,0,-1.97626e-321
750,105.5,80,0,0,0,-1.97626e-321
750,105.5,80,0,0,0,-1.97626e-321
750,105.5,80,0,0,0,-1.97626e-321
750,105.5,80,0,0,0,-1.97626e-321
750,105.5,80,0,0,0,-1.97626e-321
750,105.5,80,0,0,0,-1.97626e-321
750,105.5,80,0,0,0,-1.97626e-321
750,105.5,80,0,0,0,-1.97626e-321
750,105.5,80,0,0,0,-1.97626e-321
750,105.5,80,0,0,0,-1.97626e-321
750,105.5,80,0,0,0,-1.97626e-321
750,105.5,80,0,0,0,-1.97626e-321
750,105.5,80,0,0,0,-1.97626e-321
750,105.5,80,0,0,0,-1.97626e-321
750,105.5,80,0,0,0,-1.97626e-321
750,105.5,80,0,0,0,-1.97626e-321
750,105.5,80,0,0,0,-1.97626e-321
750,105.5,80,0,0,0,-1.97626e-321
750,105.5,80,0,0,0,-1.97626e-321
750,105.5,80,0,0,0,-1.97626e-321
750,105.5,80,0,0,0,-1.97626e-321
750,105.5,80,0,0,0,-1.97626e-321
750,105.5,80,0,0,0,-1.97626e-321
750,105.5,80,0,0,0,-1.97626e-321
750,105.5,80,0,0,0,-1.97626e-321
750,105.5,80,0,0,0,-1.97626e-321
750,105.5,80,0,0,0,-1.97626e-321
750,105.5,80,0,0,0,-1.97626e-321
750,105.5,80,0,0,0,-1.97626e-321
750,105.5,80,0,0,0,-1.97626e-321
750,105.5,80,0,0,0,-1.97626e-321
750,105.5,80,0,0,0,-1.97626e-321
750,105.5,80,0,0,0,-1.97626e-321
750,105.5,80,0,0,0,-1.97626e-321
750,105.5,80,0,0,0,-1.97626e-321
750,105.5,80,0,0,0,-1.97626e-321
750,105.5,80,0,0,0,-1.97626e-321
750,105.5,80,0,0,0,-1.97626e-321
750,105.5,80,0,0,0,-1.97626e-321
750,105.5,80,0,0,0,-1.97626e-321
750,105.5,80,0,0,0,-1.97626e-321
750,105.5,80,0,0,0,-1.97626e-321
750,105.5,80,0,0,0,-1.97626e-321
750,105.5,80,0,0,0,-1.97626e-321
750,105.5,80,0,0,0,-1.97626e-321
750,105.5,80,0,0,0,-1.97626e-321
750,105.5,80,0,0,0,-1.97626e-321
750,105.5,80,0,0,0,-1.97626e-321
750,105.5,80,0,0,0,-1.97626e-321
750,105.5,80,0,0,0,-1.97626e-321
750,105.5,80,0,0,0,-1.97626e-321
750,105.5,80,0,0,0,-1.97626e-321
750,105.5,80,0,0,0,-1.97626e-321
750,105.5,80,0,0,0,-1.97626e-321
750,105.5,80,0,0,0,-1.97626e-321
750,105.5,80,0,0,0,-1.97626e-321
750,105.5,80,0,0,0,-1.97626e-321
750,105.5,80,0,0,0,-1.97626e-321
750,105.5,80,0,0,0,-1.97626e-321
750,105.5,80,0,0,0,-1.97626e-321
750,105.5,80,0,0,0,-1.97626e-321
750,105.5,80,0,0,0,-1.97626e-321
750,105.5,80,0,0,0,-1.97626e-321
750,105.5,80,0,0,0,-1.97626e-321
750,105.5,80,0,0,0,-1.97626e-321
750,105.5,80,0,0,0,-1.97626e-321
750,105.5,80,0,0,0,-1.97626e-321
750,105.5,80,0,0,0,-1.97626e-321
750,105.5,80,0,0,0,-1.97626e-321
750,105.5,80,0,0,0,-1.97626e-321
750,105.5,80,0,0,0,-1.97626e-321
750,105.5,80,0,0,0,-1.97626e-321
750,105.5,80,0,0,0,-1.97626e-321
750,105.5,80,0,0,0,-1.97626e-321
750,105.5,80,0,0,0,-1.97626e-321
750,105.5,80,0,0,0,-1.97626e-321
750,105.5,80,0,0,0,-1.97626e-321
750,105.5,80,0,0,0,-1.97626e-321
750,105.5,80,0,0,0,-1.97626e-321
750,105.5,80,0,0,0,-1.97626e-321
750,105.5,80,0,0,0,-1.97626e-321
750,105.5,80,0,0,0,-1.97626e-321
750,105.5,80,0,0,0,-1.97626e-321
750,105.5,80,0,0,0,-1.97626e-321
750,105.5,80,0,0,0,-1.97626e-321
750,105.5,80,0,0,0,-1.97626e-321
750,105.5,80,0,0,0,-1.97626e-321
750,105.5,80,0,0,0,-1.97626e-321
750,105.5,80,0,0,0,-1.97626e-321
750,105.5,80,0,0,0,-1.97626e-321
750,105.5,80,0,0,0,-1.97626e-321
750,105.5,80,0,0,0,-1.97626e-321
750,105.5,80,0,0,0,-1.97626e-321
750,105.5,80,0,0,0,-1.97626e-321
750,105.5,80,0,0,0,-1.97626e-321
750,105.5,80,0,0,0,-1.97626e-321
750,105.5,80,0,0,0,-1.97626e-321
750,105.5,80,0,0,0,-1.97626e-321
750,105.5,80,0,0,0,-1.97626e-321
750,105.5,80,0,0,0,-1.97626e-321
750,105.5,80,0,0,0,-1.97626e-321
750,105.5,80,0,0,0,-1.97626e-321
750,105.5,80,0,0,0,-1.97626e-321
750,105.5,80,0,0,0,-1.97626e-321
750,105.5,80,0,0,0,-1.97626e-321
750,105.5,80,0,0,0,-1.97626e-321
750,105.5,80,0,0,0,-1.97626e-321
750,105.5,80,0,0,0,-1.97626e-321
750,105.5,80,0,0,0,-1.97626e-321
750,105.5,80,0,0,0,-1.97626e-321
750,105.5,80,0,0,0,-1.97626e-321
750,105.5,80,0,0,0,-1.97626e-321
750,105.5,80,0,0,0,-1.97626e-321
750,105.5,80,0,0,0,-1.97626e-321
750,105.5,80,0,0,0,-1.97626e-321
750,105.5,80,0,0,0,-1.97626e-321
750,105.5,80,0,0,0,-1.97626e-321
750,105.5,80,0,0,0,-1.97626e-321
750,105.5,80,0,0,0,-1.97626e-321
750,105.5,80,0,0,0,-1.97626e-321
750,105.5,80,0,0,0,-1.97626e-321
750,105.5,80,0,0,0,-1.97626e-321
750,105.5,80,0,0,0,-1.97626e-321
750,105.5,80,0,0,0,-1.97626e-321
750,105.5,80,0,0,0,-1.97626e-321
750,105.5,80,0,0,0,-1.97626e-321
750,105.5,80,0,0,0,-1.97626e-321
750,105.5,80,0,0,0,-1.97626e-321
750,105.5,80,0,0,0,-1.97626e-321
750,105.5,80,0,0,0,-1.97626e-321
750,105.5,80,0,0,0,-1.97626e-321
750,105.5,80,0,0,0,-1.97626e-321
750,105.5,80,0,0,0,-1.97626e-321
750,105.5,80,0,0,0,-1.97626e-321
750,105.5,80,0,0,0,-1.97626e-321
750,105.5,80,0,0,0,-1.97626e-321
750,105.5,80,0,0,0,-1.97626e-321
750,105.5,80,0,0,0,-1.97626e-321
750,105.5,80,0,0,0,-1.97626e-321
750,105.5,80,0,0,0,-1.97626e-321
750,105.5,80,0,0,0,-1.97626e-321
750,105.5,80,0,0,0,-1.97626e-321
750,105.5,80,0,0,0,-1.97626e-321
750,105.5,80,0,0,0,-1.97626e-321
750,105.5,80,0,0,0,-1.97626e-321
750,105.5,80,0,0,0,-1.97626e-321
750,105.5,80,0,0,0,-1.97626e-321
750,105.5,80,0,0,0,-1.97626e-321
750,105.5,80,0,0,0,-1.97626e-321
750,105.5,80,0,0,0,-1.97626e-321
750,105.5,80,0,0,0,-1.97626e-321
750,105.5,80,0,0,0,-1.97626e-321
750,105.5,80,0,0,0,-1.97626e-321
750,105.5,80,0,0,0,-1.97626e-321
750,105.5,80,0,0,0,-1.97626e-321
750,105.5,80,0,0,0,-1.97626e-321
750,105.5,80,0,0,0,-1.97626e-321
750,105.5,80,0,0,0,-1.97626e-321
750,105.5,80,0,0,0,-1.97626e-321
750,105.5,80,0,0,0,-1.97626e-321
750,105.5,80,0,0,0,-1.97626e-321
750,105.5,80,0,0,0,-1.97626e-321
750,105.5,80,0,0,0,-1.97626e-321
750,105.5,80,0,0,0,-1.97626e-321
750,105.5,80,0,0,0,-1.97626e-321
750,105.5,80,0,0,0,-1.97626e-321
750,105.5,80,0,0,0,-1.97626e-321
750,105.5,80,0,0,0,-1.97626e-321
750,105.5,80,0,0,0,-1.97626e-321
750,105.5,80,0,0,0,-1.97626e-321
750,105.5,80,0,0,0,-1.97626e-321
750,105.5,80,0,0,0,-1.97626e-321
750,105.5,80,0,0,0,-1.97626e-321
750,105.5,80,0,0,0,-1.97626e-321
750,105.5,80,0,0,0,-1.97626e-321
750,105.5,80,0,0,0,-1.97626e-321
750,105.5,80,0,0,0,-1.97626e-321
750,105.5,80,0,0,0,-1.97626e-321
750,105.5,80,0,0,0,-1.97626e-321
750,105.5,80,0,0,0,-1.97626e-321
750,105.5,80,0,0,0,-1.97626e-321
750,105.5,80,0,0,0,-1.97626e-321
750,105.5,80,0,0,0,-1.97626e-321
750,105.5,80,0,0,0,-1.97626e-321
750,105.5,80,0,0,0,-1.97626e-321
750,105.5,80,0,0,0,-1.97626e-321
750,105.5,80,0,0,0,-1.97626e-321
750,105.5,80,0,0,0,-1.97626e-321
750,105.5,80,0,0,0,-1.97626e-321
750,105.5,80,0,0,0,-1.97626e-321
750,105.5,80,0,0,0,-1.97626e-321
750,105.5,80,0,0,0,-1.97626e-321
750,105.5,80,0,0,0,-1.97626e-321
750,105.5,80,0,0,0,-1.97626e-321
750,105.5,80,0,0,0,-1.97626e-321
750,105.5,80,0,0,0,-1.97626e-321
750,105.5,80,0,0,0,-1.97626e-321
750,105.5,80,0,0,0,-1.97626e-321
750,105.5,80,0,0,0,-1.97626e-321
750,105.5,80,0,0,0,-1.97626e-321
750,105.5,80,0,0,0,-1.97626e-321
750,105.5,80,0,0,0,-1.97626e-321
750,105.5,80,0,0,0,-1.97626e-321
750,105.5,80,0,0,0,-1.97626e-321
750,105.5,80,0,0,0,-1.97626e-321
750,105.5,80,0,0,0,-1.97626e-321
750,105.5,80,0,0,0,-1.97626e-321
750,105.5,80,0,0,0,-1.97626e-321
750,105.5,80,0,0,0,-1.97626e-321
750,105.5,80,0,0,0,-1.97626e-321
750,105.5,80,0,0,0,-1.97626e-321
750,105.5,80,0,0,0,-1.97626e-321
750,105.5,80,0,0,0,-1.97626e-321
750,105.5,80,0,0,0,-1.97626e-321
750,105.5,80,0,0,0,-1.97626e-321
750,105.5,80,0,0,0,-1.97626e-321
750,105.5,80,0,0,0,-1.97626e-321
750,105.5,80,0,0,0,-1.97626e-321
750,105.5,80,0,0,0,-1.97626e-321
750,105.5,80,0,0,0,-1.97626e-321
750,105.5,80,0,0,0,-1.97626e-321
750,105.5,80,0,0,0,-1.97626e-321
750,105.5,80,0,0,0,-1.97626e-321
750,105.5,80,0,0,0,-1.97626e-321
750,105.5,80,0,0,0,-1.97626e-321
750,105.5,80,0,0,0,-1.97626e-321
750,105.5,80,0,0,0,-1.97626e-321
750,105.5,80,0,0,0,-1.97626e-321
750,105.5,80,0,0,0,-1.97626e-321
750,105.5,80,0,0,0,-1.97626e-321
750,105.5,80,0,0,0,-1.97626e-321
750,105.5,80,0,0,0,-1.97626e-321
750,105.5,80,0,0,0,-1.97626e-321
750,105.5,80,0,0,0,-1.97626e-321
750,105.5,80,0,0,0,-1.97626e-321
750,105.5,80,0,0,0,-1.97626e-321
750,105.5,80,0,0,0,-1.97626e-321
750,105.5,80,0,0,0,-1.97626e-321
750,105.5,80,0,0,0,-1.97626e-321
750,105.5,80,0,0,0,-1.97626e-321
750,105.5,80,0,0,0,-1.97626e-321
750,105.5,80,0,0,0,-1.97626e-321
750,105.5,80,0,0,0,-1.97626e-321
750,105.5,80,0,0,0,-1.97626e-321
750,105.5,80,0,0,0,-1.97626e-321
750,105.5,80,0,0,0,-1.97626e-321
750,105.5,80,0,0,0,-1.97626e-321
750,105.5,80,0,0,0,-1.97626e-321
750,105.5,80,0,0,0,-1.97626e-321
750,105.5,80,0,0,0,-1.97626e-321
750,105.5,80,0,0,0,-1.97626e-321
750,105.5,80,0,0,0,-1.97626e-321
750,105.5,80,0,0,0,-1.97626e-321
750,105.5,80,0,0,0,-1.97626e-321
750,105.5,80,0,0,0,-1.97626e-321
750,105.5,80,0,0,0,-1.97626e-321
750,105.5,80,0,0,0,-1.97626e-321
750,105.5,80,0,0,0,-1.97626e-321
750,105.5,80,0,0,0,-1.97626e-321
750,105.5,80,0,0,0,-1.97626e-321
750,105.5,80,0,0,0,-1.97626e-321
750,105.5,80,0,0,0,-1.97626e-321
750,105.5,80,0,0,0,-1.97626e-321
750,105.5,80,0,0,0,-1.97626e-321
750,105.5,80,0,0,0,-1.97626e-321
750,105.5,80,0,0,0,-1.97626e-321
750,105.5,80,0,0,0,-1.97626e-321
750,105.5,80,0,0,0,-1.97626e-321
750,105.5,80,0,0,0,-1.97626e-321
750,105.5,80,0,0,0,-1.97626e-321
750,105.5,80,0,0,0,-1.97626e-321
750,105.5,80,0,0,0,-1.97626e-321
750,105.5,80,0,0,0,-1.97626e-321
750,105.5,80,0,0,0,-1.97626e-321
750,105.5,80,0,0,0,-1.97626e-321
750,105.5,80,0,0,0,-1.97626e-321
750,105.5,80,0,0,0,-1.97626e-321
750,105.5,80,0,0,0,-1.97626e-321
750,105.5,80,0,0,0,-1.97626e-321
750,105.5,80,0,0,0,-1.97626e-321
750,105.5,80,0,0,0,-1.97626e-321
750,105.5,80,0,0,0,-1.97626e-321
750,105.5,80,0,0,0,-1.97626e-321
750,105.5,80,0,0,0,-1.97626e-321
750,105.5,80,0,0,0,-1.97626e-321
750,105.5,80,0,0,0,-1.97626e-321
750,105.5,80,0,0,0,-1.97626e-321
750,105.5,80,0,0,0,-1.97626e-321
750,105.5,80,0,0,0,-1.97626e-321
750,105.5,80,0,0,0,-1.97626e-321
750,105.5,80,0,0,0,-1.97626e-321
750,105.5,80,0,0,0,-1.97626e-321
750,105.5,80,0,0,0,-1.97626e-321
750,105.5,80,0,0,0,-1.97626e-321
750,105.5,80,0,0,0,-1.97626e-321
750,105.5,80,0,0,0,-1.97626e-321
750,105.5,80,0,0,0,-1.97626e-321
750,105.5,80,0,0,0,-1.97626e-321
750,105.5,80,0,0,0,-1.97626e-321
750,105.5,80,0,0,0,-1.97626e-321
750,105.5,80,0,0,0,-1.97626e-321
750,105.5,80,0,0,0,-1.97626e-321
750,105.5,80,0,0,0,-1.97626e-321
750,105.5,80,0,0,0,-1.97626e-321
750,105.5,80,0,0,0,-1.97626e-321
750,105.5,80,0,0,0,-1.97626e-321
750,105.5,80,0,0,0,-1.97626e-321
750,105.5,80,0,0,0,-1.97626e-321
750,105.5,80,0,0,0,-1.97626e-321
750,105.5,80,0,0,0,-1.97626e-321
750,105.5,80,0,0,0,-1.97626e-321
750,105.5,80,0,0,0,-1.97626e-321
750,105.5,80,0,0,0,-1.97626e-321
750,105.5,80,0,0,0,-1.97626e-321
750,105.5,80,0,0,0,-1.97626e-321
750,105.5,80,0,0,0,-1.97626e-321
750,105.5,80,0,0,0,-1.97626e-321
750,105.5,80,0,0,0,-1.97626e-321
750,105.5,80,0,0,0,-1.97626e-321
750,105.5,80,0,0,0,-1.97626e-321
750,105.5,80,0,0,0,-1.97626e-321
750,105.5,80,0,0,0,-1.97626e-321
750,105.5,80,0,0,0,-1.97626e-321
750,105.5,80,0,0,0,-1.97626e-321
750,105.5,80,0,0,0,-1.97626e-321
750,105.5,80,0,0,0,-1.97626e-321
750,105.5,80,0,0,0,-1.97626e-321
750,105.5,80,0,0,0,-1.97626e-321
750,105.5,80,0,0,0,-1.97626e-321
750,105.5,80,0,0,0,-1.97626e-321
750,105.5,80,0,0,0,-1.97626e-321
750,105.5,80,0,0,0,-1.97626e-321
750,105.5,80,0,0,0,-1.97626e-321
750,105.5,80,0,0,0,-1.97626e-321
750,105.5,80,0,0,0,-1.97626e-321
750,105.5,80,0,0,0,-1.97626e-321
750,105.5,80,0,0,0,-1.97626e-321
750,105.5,80,0,0,0,-1.97626e-321
750,105.5,80,0,0,0,-1.97626e-321
750,105.5,80,0,0,0,-1.97626e-321
750,105.5,80,0,0,0,-1.97626e-321
750,105.5,80,0,0,0,-1.97626e-321
750,105.5,80,0,0,0,-1.97626e-321
750,105.5,80,0,0,0,-1.97626e-321
750,105.5,80,0,0,0,-1.97626e-321
750,105.5,80,0,0,0,-1.97626e-321
750,105.5,80,0,0,0,-1.97626e-321
750,105.5,80,0,0,0,-1.97626e-321
750,105.5,80,0,0,0,-1.97626e-321
750,105.5,80,0,0,0,-1.97626e-321
750,105.5,80,0,0,0,-1.97626e-321
750,105.5,80,0,0,0,-1.97626e-321
750,105.5,80,0,0,0,-1.97626e-321
750,105.5,80,0,0,0,-1.97626e-321
750,105.5,80,0,0,0,-1.97626e-321
750,105.5,80,0,0,0,-1.97626e-321
750,105.5,80,0,0,0,-1.97626e-321
750,105.5,80,0,0,0,-1.97626e-321
750,105.5,80,0,0,0,-1.97626e-321
750,105.5,80,0,0,0,-1.97626e-321
750,105.5,80,0,0,0,-1.97626e-321
750,105.5,80,0,0,0,-1.97626e-321
750,105.5,80,0,0,0,-1.97626e-321
750,105.5,80,0,0,0,-1.97626e-321
750,105.5,80,0,0,0,-1.97626e-321
750,105.5,80,0,0,0,-1.97626e-321
750,105.5,80,0,0,0,-1.97626e-321
750,105.5,80,0,0,0,-1.97626e-321
750,105.5,80,0,0,0,-1.97626e-321
750,105.5,80,0,0,0,-1.97626e-321
750,105.5,80,0,0,0,-1.97626e-321
750,105.5,80,0,0,0,-1.97626e-321
750,105.5,80,0,0,0,-1.97626e-321
750,105.5,80,0,0,0,-1.97626e-321
750,105.5,80,0,0,0,-1.97626e-321
750,105.5,80,0,0,0,-1.97626e-321
750,105.5,80,0,0,0,-1.97626e-321
750,105.5,80,0,0,0,-1.97626e-321
750,105.5,80,0,0,0,-1.97626e-321
750,105.5,80,0,0,0,-1.97626e-321
750,105.5,80,0,0,0,-1.97626e-321
750,105.5,80,0,0,0,-1.97626e-321
750,105.5,80,0,0,0,-1.97626e-321
750,105.5,80,0,0,0,-1.97626e-321
750,105.5,80,0,0,0,-1.97626e-321
750,105.5,80,0,0,0,-1.97626e-321
750,105.5,80,0,0,0,-1.97626e-321
750,105.5,80,0,0,0,-1.97626e-321
750,105.5,80,0,0,0,-1.97626e-321
750,105.5,80,0,0,0,-1.97626e-321
750,105.5,80,0,0,0,-1.97626e-321
750,105.5,80,0,0,0,-1.97626e-321
750,105.5,80,0,0,0,-1.97626e-321
750,105.5,80,0,0,0,-1.97626e-321
750,105.5,80,0,0,0,-1.97626e-321
750,105.5,80,0,0,0,-1.97626e-321
750,105.5,80,0,0,0,-1.97626e-321
750,105.5,80,0,0,0,-1.97626e-321
750,105.5,80,0,0,0,-1.97626e-321
750,105.5,80,0,0,0,-1.97626e-321
750,105.5,80,0,0,0,-1.97626e-321
750,105.5,80,0,0,0,-1.97626e-321
750,105.5,80,0,0,0,-1.97626e-321
750,105.5,80,0,0,0,-1.97626e-321
750,105.5,80,0,0,0,-1.97626e-321
750,105.5,80,0,0,0,-1.97626e-321
750,105.5,80,0,0,0,-1.97626e-321
750,105.5,80,0,0,0,-1.97626e-321
