dist_sp,kl_bl_base_dist,kr_bl_base_dist,kl_bl_base_f_mag,kr_bl_base_f_mag,kl_bl_base_f_dir_x,kl_bl_base_f_dir_y,kl_bl_base_f_dir_z,kr_bl_base_f_dir_x,kr_bl_base_f_dir_y,kr_bl_base_f_dir_z,kl_bl_base_f_at_base_x,kl_bl_base_f_at_base_y,kl_bl_base_f_at_base_mz,kr_bl_base_f_at_base_x,kr_bl_base_f_at_base_y,kr_bl_base_f_at_base_mz
0.7,0.704077,1.03193,-32.6158,248.984,7.74985,1.3199,0,-175.139,39.3959,0,-31.0662,9.85047,0.720396,181.087,-170.371,44.9694,
0.7,0.704077,1.03193,-26.4184,219.674,6.27823,1.06902,0,-154.519,34.7645,0,-25.1633,7.97887,0.583495,159.764,-150.322,39.6764,
0.7,0.704077,1.03193,-21.3982,225.291,5.0856,0.865836,0,-158.468,35.6568,0,-20.3816,6.46273,0.472606,163.846,-154.17,40.6913,
0.7,0.704077,1.03193,-17.3323,229.868,4.11991,0.70126,0,-161.683,36.3881,0,-16.5088,5.23484,0.382784,167.168,-157.309,41.5188,
0.7,0.704077,1.03193,-14.0385,233.578,3.33723,0.567977,0,-164.291,36.9791,0,-13.3715,4.24006,0.31003,169.862,-159.852,42.1893,
0.7,0.704077,1.03193,-11.3704,236.598,2.70341,0.459999,0,-166.41,37.4643,0,-10.8302,3.4343,0.251092,172.051,-161.926,42.7356,
0.7,0.704082,1.03193,-9.20989,239.069,2.19012,0.37262,0,-168.144,37.8627,0,-8.77228,2.78174,0.20338,173.842,-163.625,43.1827,
0.7,0.704093,1.03193,-7.46055,241.061,1.77449,0.301912,0,-169.543,38.181,0,-7.10609,2.25332,0.164761,175.287,-164.99,43.5427,
0.7,0.7041,1.03193,-6.04667,242.687,1.43835,0.244729,0,-170.685,38.4445,0,-5.7594,1.82626,0.133542,176.468,-166.106,43.8367,
0.7,0.704108,1.03193,-4.90031,244.004,1.1658,0.198364,0,-171.611,38.6559,0,-4.66751,1.48002,0.108227,177.424,-167.008,44.0746,
0.7,0.704127,1.03193,-3.97286,245.095,0.945397,0.16088,0,-172.377,38.8347,0,-3.78414,1.19988,0.0877505,178.218,-167.755,44.2717,
0.7,0.704137,1.03193,-3.21981,245.972,0.766295,0.130414,0,-172.994,38.9767,0,-3.06687,0.972426,0.0711209,178.856,-168.355,44.4302,
0.7,0.704158,1.03193,-2.6109,246.698,0.621538,0.105798,0,-173.504,39.0943,0,-2.4869,0.788502,0.0576768,179.384,-168.851,44.5612,
0.7,0.70417,1.03193,-2.1178,247.298,0.504222,0.0858395,0,-173.925,39.1943,0,-2.01723,0.639576,0.0467863,179.822,-169.26,44.6693,
0.7,0.704193,1.03193,-1.71674,247.789,0.408836,0.0696255,0,-174.27,39.2747,0,-1.63522,0.518435,0.0379303,180.179,-169.595,44.7579,
0.7,0.704206,1.03193,-1.39112,248.207,0.331335,0.0564417,0,-174.563,39.3464,0,-1.32508,0.420095,0.0307382,180.485,-169.881,44.8334,
0.7,0.70422,1.03193,-1.12727,248.543,0.268526,0.0457528,0,-174.799,39.4026,0,-1.07376,0.340403,0.0249108,180.729,-170.11,44.894,
0.7,0.704253,1.03193,-0.9129,248.845,0.217522,0.0370925,0,-175.01,39.4563,0,-0.869575,0.275641,0.0201796,180.949,-170.316,44.9485,
0.7,0.704287,1.03193,-0.740971,249.084,0.176602,0.0301449,0,-175.177,39.497,0,-0.705817,0.223703,0.0163846,181.123,-170.48,44.9916,
0.7,0.704306,1.03193,-0.605754,249.288,0.144395,0.024661,0,-175.32,39.5351,0,-0.577019,0.182868,0.0133972,181.272,-170.619,45.0284,
0.7,0.704323,1.03193,-0.496552,249.451,0.118379,0.0202308,0,-175.435,39.5639,0,-0.473001,0.149892,0.0109841,181.391,-170.73,45.0579,
0.7,0.704357,1.03192,-0.413346,249.605,0.0985662,0.0168674,0,-175.543,39.5935,0,-0.393747,0.124759,0.00914677,181.504,-170.834,45.0855,
0.7,0.704376,1.03192,-0.349413,249.717,0.0833315,0.0142702,0,-175.623,39.614,0,-0.332848,0.105455,0.00773347,181.587,-170.909,45.1057,
0.7,0.704412,1.03192,-0.301664,249.811,0.0719608,0.012341,0,-175.69,39.6319,0,-0.287368,0.0910316,0.00667931,181.657,-170.973,45.1225,
0.7,0.704433,1.03191,-0.286988,249.874,0.0684678,0.0117509,0,-175.737,39.6477,0,-0.27339,0.0865956,0.00635589,181.706,-171.011,45.1334,
0.7,0.704453,1.0319,-0.260298,249.94,0.0621073,0.0106676,0,-175.785,39.6614,0,-0.247967,0.0785359,0.00576608,181.756,-171.055,45.1452,
0.7,0.704494,1.0319,-0.242379,250.008,0.0578439,0.00995234,0,-175.832,39.6768,0,-0.230902,0.0731168,0.00537184,181.809,-171.097,45.157,
0.7,0.704515,1.0319,-0.205407,250.095,0.0490247,0.0084428,0,-175.892,39.6923,0,-0.195682,0.0619573,0.00455373,181.874,-171.156,45.1727,
0.7,0.704556,1.03189,-0.17187,250.183,0.0410275,0.00707997,0,-175.951,39.7077,0,-0.163737,0.0518318,0.00381227,181.938,-171.214,45.1883,
0.7,0.704576,1.03189,-0.144656,250.263,0.0345337,0.00596542,0,-176.002,39.7233,0,-0.137812,0.0436205,0.00320947,182,-171.266,45.2025,
0.7,0.704596,1.03189,-0.122261,250.33,0.0291896,0.00504766,0,-176.047,39.7358,0,-0.116478,0.0368636,0.0027134,182.05,-171.31,45.2145,
0.7,0.70464,1.03189,-0.106477,250.39,0.0254249,0.00440606,0,-176.089,39.747,0,-0.101443,0.032097,0.00236463,182.096,-171.349,45.225,
0.7,0.704662,1.03189,-0.102058,250.449,0.0243711,0.00422841,0,-176.13,39.7596,0,-0.0972348,0.030761,0.00226734,182.144,-171.384,45.235,
0.7,0.704683,1.03189,-0.096147,250.494,0.0229602,0.00398826,0,-176.162,39.7685,0,-0.091604,0.0289757,0.00213675,182.18,-171.411,45.2428,
0.7,0.704723,1.03188,-0.0931003,250.538,0.0222329,0.00387063,0,-176.194,39.7771,0,-0.0887036,0.028051,0.00207039,182.215,-171.437,45.2503,
0.7,0.704744,1.03188,-0.108754,250.57,0.0259705,0.00452696,0,-176.221,39.7855,0,-0.103619,0.032763,0.00241941,182.248,-171.449,45.2552,
0.7,0.704764,1.03187,-0.11483,250.603,0.0274206,0.00478544,0,-176.247,39.7924,0,-0.10941,0.0345892,0.00255549,182.277,-171.466,45.2604,
0.7,0.704801,1.03187,-0.127173,250.626,0.0303668,0.00531173,0,-176.267,39.7982,0,-0.121174,0.0382973,0.0028322,182.3,-171.475,45.264,
0.7,0.70482,1.03185,-0.160383,250.636,0.0382961,0.00670748,0,-176.283,39.8037,0,-0.15282,0.0482916,0.00357318,182.322,-171.466,45.264,
0.7,0.704837,1.03185,-0.169658,250.666,0.0405099,0.00710459,0,-176.31,39.8107,0,-0.16166,0.051078,0.00378115,182.353,-171.477,45.2686,
0.7,0.704872,1.03183,-0.205727,250.675,0.0491194,0.00863725,0,-176.325,39.8168,0,-0.196035,0.0619213,0.00458833,182.371,-171.47,45.2688,
0.7,0.70489,1.03182,-0.213875,250.703,0.0510629,0.00899092,0,-176.349,39.8228,0,-0.203801,0.0643644,0.00477194,182.401,-171.479,45.2727,
0.7,0.704924,1.0318,-0.242126,250.718,0.0578033,0.0102031,0,-176.372,39.828,0,-0.230729,0.0728466,0.00540641,182.433,-171.468,45.2732,
0.7,0.70492,1.0318,-0.245097,250.75,0.0585067,0.0103395,0,-176.399,39.8339,0,-0.233559,0.0737453,0.00547176,182.466,-171.478,45.2777,
0.7,0.704955,1.03179,-0.242315,250.792,0.0578375,0.0102534,0,-176.435,39.8413,0,-0.230916,0.0728868,0.00541412,182.509,-171.495,45.2841,
0.7,0.704973,1.03177,-0.273668,250.801,0.065318,0.0115965,0,-176.453,39.8435,0,-0.260798,0.0823055,0.00611716,182.537,-171.476,45.2831,
0.7,0.704991,1.03176,-0.264752,250.851,0.0631866,0.0112359,0,-176.494,39.8516,0,-0.252306,0.0796119,0.00592036,182.584,-171.498,45.2908,
0.7,0.705031,1.03175,-0.273996,250.89,0.0653872,0.0116614,0,-176.531,39.8586,0,-0.261125,0.0823641,0.00613277,182.636,-171.5,45.2953,
0.7,0.705067,1.03174,-0.261792,250.945,0.0624691,0.0111754,0,-176.575,39.8681,0,-0.249503,0.0786701,0.00586491,182.687,-171.526,45.304,
0.7,0.705086,1.03173,-0.275845,250.974,0.0658197,0.011793,0,-176.605,39.874,0,-0.262901,0.0828794,0.0061825,182.73,-171.522,45.3067,
0.7,0.705107,1.03172,-0.265143,251.025,0.0632639,0.0113529,0,-176.646,39.8828,0,-0.252706,0.0796495,0.00594567,182.778,-171.545,45.3147,
0.7,0.705144,1.03171,-0.256194,251.072,0.0611228,0.0110024,0,-176.684,39.891,0,-0.244185,0.0769375,0.0057499,182.823,-171.566,45.3219,
0.7,0.705161,1.0317,-0.27228,251.096,0.0649575,0.0117101,0,-176.71,39.8962,0,-0.259522,0.0817562,0.00611345,182.862,-171.558,45.3237,
0.7,0.70518,1.03169,-0.252243,251.159,0.0601747,0.0108641,0,-176.759,39.9069,0,-0.240429,0.075727,0.00566626,182.92,-171.59,45.334,
0.7,0.705211,1.03168,-0.253727,251.212,0.0605206,0.0109584,0,-176.806,39.917,0,-0.241851,0.0761503,0.00570416,182.98,-171.601,45.3409,
0.7,0.70523,1.03168,-0.242517,251.262,0.0578452,0.0104758,0,-176.846,39.9257,0,-0.23117,0.0727738,0.0054547,183.028,-171.623,45.3486,
0.7,0.705255,1.03166,-0.271954,251.266,0.0648538,0.0117815,0,-176.86,39.9281,0,-0.259239,0.081585,0.00612144,183.056,-171.6,45.3466,
0.7,0.705265,1.03165,-0.258199,251.324,0.0615659,0.0112007,0,-176.906,39.9385,0,-0.246129,0.0774488,0.0058138,183.11,-171.626,45.3557,
0.7,0.705286,1.03164,-0.258847,251.383,0.0617061,0.0112618,0,-176.959,39.9493,0,-0.246755,0.0776233,0.00583255,183.178,-171.639,45.3634,
0.7,0.705305,1.03163,-0.241111,251.45,0.057465,0.0105209,0,-177.012,39.9608,0,-0.229853,0.0722869,0.00543657,183.239,-171.672,45.3742,
0.7,0.705315,1.03162,-0.262122,251.47,0.062465,0.0114561,0,-177.038,39.9653,0,-0.249887,0.0785754,0.00591256,183.279,-171.658,45.3748,
0.7,0.705332,1.03161,-0.253486,251.52,0.0603924,0.0111132,0,-177.081,39.9742,0,-0.241661,0.0759673,0.00572177,183.33,-171.677,45.3823,
0.7,0.705339,1.0316,-0.276538,251.541,0.0658759,0.012142,0,-177.109,39.9794,0,-0.263642,0.0828651,0.0062443,183.372,-171.66,45.3828,
0.7,0.705346,1.03159,-0.27637,251.573,0.0658267,0.0121522,0,-177.138,39.9856,0,-0.263485,0.0828045,0.00624266,183.41,-171.667,45.3871,
0.7,0.705355,1.03157,-0.300088,251.587,0.0714645,0.0132148,0,-177.161,39.9892,0,-0.286101,0.0898974,0.00678107,183.449,-171.645,45.3862,
0.7,0.705368,1.03156,-0.287725,251.641,0.0685022,0.0127098,0,-177.206,39.9993,0,-0.274322,0.086172,0.00650623,183.503,-171.667,45.3945,
0.7,0.705374,1.03156,-0.285577,251.676,0.0679807,0.0126337,0,-177.237,40.0058,0,-0.272278,0.0855186,0.00645976,183.542,-171.675,45.3991,
0.7,0.705382,1.03155,-0.285974,251.705,0.0680661,0.0126705,0,-177.264,40.012,0,-0.272661,0.0856261,0.00647112,183.577,-171.681,45.4029,
0.7,0.705388,1.03154,-0.287692,251.733,0.0684654,0.0127672,0,-177.29,40.0179,0,-0.274302,0.0861302,0.00651208,183.612,-171.685,45.4063,
0.7,0.705394,1.03153,-0.29256,251.756,0.0696138,0.0130015,0,-177.312,40.0234,0,-0.278947,0.0875777,0.00662433,183.642,-171.686,45.409,
0.7,0.705401,1.03153,-0.288323,251.791,0.0685962,0.012832,0,-177.341,40.0302,0,-0.274911,0.0862985,0.00653064,183.681,-171.696,45.4138,
0.7,0.705405,1.03152,-0.280999,251.829,0.0668429,0.0125246,0,-177.372,40.0378,0,-0.267931,0.0840972,0.00636667,183.721,-171.708,45.4192,
0.7,0.705412,1.03151,-0.273927,251.867,0.0651519,0.0122288,0,-177.404,40.0451,0,-0.261191,0.0819709,0.00620843,183.762,-171.72,45.4246,
0.7,0.705417,1.03151,-0.258254,251.916,0.0614153,0.0115454,0,-177.441,40.0542,0,-0.24625,0.0772727,0.00585494,183.81,-171.74,45.432,
0.7,0.70542,1.0315,-0.242198,251.965,0.0575872,0.0108431,0,-177.479,40.0634,0,-0.230943,0.0724608,0.00549257,183.858,-171.761,45.4396,
0.7,0.705425,1.0315,-0.230034,252.01,0.054687,0.0103128,0,-177.514,40.0719,0,-0.219346,0.0688148,0.00521806,183.903,-171.778,45.4463,
0.7,0.705429,1.03149,-0.218502,252.054,0.0519377,0.00981138,0,-177.549,40.0803,0,-0.208352,0.065359,0.00495772,183.948,-171.795,45.453,
0.7,0.705433,1.03149,-0.210923,252.094,0.050129,0.00948454,0,-177.58,40.0882,0,-0.201128,0.0630864,0.00478695,183.989,-171.81,45.4588,
0.7,0.705436,1.03148,-0.200711,252.138,0.0476948,0.00903771,0,-177.614,40.0965,0,-0.191392,0.0600266,0.00455628,184.033,-171.827,45.4654,
0.7,0.705441,1.03148,-0.193233,252.178,0.0459114,0.00871307,0,-177.645,40.1042,0,-0.184264,0.0577845,0.00438776,184.074,-171.842,45.4713,
0.7,0.705444,1.03148,-0.18771,252.217,0.0445923,0.0084758,0,-177.675,40.1117,0,-0.178999,0.0561276,0.00426344,184.114,-171.855,45.4769,
0.7,0.705446,1.03147,-0.186345,252.25,0.0442605,0.00842617,0,-177.701,40.1185,0,-0.177699,0.0557146,0.00423347,184.15,-171.865,45.4816,
0.7,0.705448,1.03147,-0.180776,252.288,0.042931,0.00818569,0,-177.73,40.1262,0,-0.17239,0.0540447,0.00410792,184.189,-171.878,45.4871,
0.7,0.705451,1.03146,-0.180191,252.32,0.0427852,0.00817071,0,-177.756,40.1333,0,-0.171834,0.0538646,0.00409567,184.224,-171.888,45.4916,
0.7,0.705452,1.03146,-0.178563,252.355,0.0423918,0.0081081,0,-177.784,40.1407,0,-0.170283,0.0533736,0.00405958,184.263,-171.898,45.4964,
0.7,0.705453,1.03145,-0.178799,252.387,0.0424411,0.0081309,0,-177.811,40.1481,0,-0.170509,0.0534396,0.00406589,184.299,-171.907,45.5009,
0.7,0.705454,1.03145,-0.180331,252.419,0.0427904,0.00822293,0,-177.838,40.1554,0,-0.171974,0.0538877,0.00410279,184.335,-171.915,45.5053,
0.7,0.705469,1.03144,-0.181746,252.452,0.043126,0.00829872,0,-177.865,40.1632,0,-0.173326,0.0543039,0.00413637,184.372,-171.923,45.5097,
0.7,0.705469,1.03143,-0.214911,252.449,0.0509859,0.00982691,0,-177.873,40.1688,0,-0.204957,0.0642075,0.00489237,184.397,-171.892,45.5062,
0.7,0.705469,1.03142,-0.211881,252.493,0.050257,0.00970117,0,-177.909,40.1793,0,-0.20207,0.0632954,0.00482481,184.443,-171.907,45.5125,
0.7,0.705469,1.03142,-0.217738,252.519,0.0516359,0.00998298,0,-177.932,40.1857,0,-0.207657,0.0650392,0.00495941,184.476,-171.91,45.5157,
0.7,0.705468,1.03141,-0.226454,252.539,0.0536921,0.010397,0,-177.951,40.1924,0,-0.215972,0.067636,0.00515927,184.505,-171.909,45.5177,
0.7,0.705468,1.0314,-0.234218,252.561,0.0555217,0.0107695,0,-177.971,40.1988,0,-0.223379,0.0699483,0.0053376,184.535,-171.907,45.52,
0.7,0.705468,1.03139,-0.24602,252.577,0.0583072,0.0113277,0,-177.988,40.2041,0,-0.234637,0.073465,0.00560814,184.562,-171.903,45.5213,
0.7,0.705469,1.03139,-0.248115,252.605,0.058791,0.0114406,0,-178.012,40.2111,0,-0.236639,0.0740817,0.00565778,184.596,-171.907,45.5247,
0.7,0.70547,1.03138,-0.249588,252.633,0.0591273,0.0115247,0,-178.037,40.2181,0,-0.238047,0.074513,0.00569311,184.63,-171.911,45.5282,
0.7,0.705471,1.03137,-0.24714,252.667,0.0585353,0.0114276,0,-178.065,40.2256,0,-0.235715,0.0737731,0.00563916,184.669,-171.919,45.5328,
0.7,0.705473,1.03137,-0.245467,252.699,0.0581269,0.0113677,0,-178.091,40.2329,0,-0.234123,0.0732639,0.005603,184.706,-171.926,45.5369,
0.7,0.70548,1.03136,-0.247955,252.726,0.0587061,0.0114993,0,-178.114,40.2391,0,-0.236501,0.0739939,0.00566242,184.74,-171.93,45.5403,
0.7,0.705486,1.03135,-0.247832,252.757,0.0586649,0.0115101,0,-178.139,40.2462,0,-0.236387,0.0739453,0.00566199,184.775,-171.937,45.5444,
0.7,0.705491,1.03135,-0.245933,252.79,0.0582058,0.0114402,0,-178.166,40.2533,0,-0.23458,0.0733662,0.00562121,184.813,-171.945,45.549,
0.7,0.705496,1.03134,-0.250918,252.814,0.0593763,0.0116896,0,-178.186,40.2588,0,-0.239339,0.0748396,0.00573792,184.844,-171.948,45.5519,
0.7,0.705501,1.03133,-0.264582,252.83,0.0626006,0.0123444,0,-178.206,40.2643,0,-0.252378,0.0788995,0.00605366,184.867,-171.945,45.5533,
0.7,0.705507,1.03133,-0.254798,252.875,0.06027,0.0119223,0,-178.239,40.2735,0,-0.243054,0.0759543,0.00583541,184.912,-171.963,45.5601,
0.7,0.705509,1.03131,-0.27299,252.89,0.0645628,0.0127943,0,-178.255,40.2789,0,-0.260412,0.081363,0.00625497,184.948,-171.947,45.5601,
0.7,0.70551,1.03131,-0.250955,252.957,0.0593406,0.0117789,0,-178.304,40.2911,0,-0.239398,0.0747813,0.00575308,185.009,-171.98,45.5708,
0.7,0.705513,1.0313,-0.248104,252.992,0.0586565,0.0116627,0,-178.331,40.2989,0,-0.236682,0.0739186,0.00569042,185.047,-171.99,45.5757,
0.7,0.705515,1.03129,-0.252663,253.016,0.0597244,0.0118949,0,-178.351,40.3048,0,-0.241036,0.0752628,0.00579788,185.078,-171.993,45.5786,
0.7,0.705518,1.03129,-0.25873,253.04,0.0611484,0.0122003,0,-178.371,40.3107,0,-0.246829,0.077055,0.00594018,185.108,-171.995,45.5814,
0.7,0.705522,1.03128,-0.270606,253.057,0.0639441,0.0127799,0,-178.386,40.3157,0,-0.258164,0.0805742,0.00621643,185.134,-171.992,45.5829,
0.7,0.705523,1.03127,-0.282599,253.072,0.0667677,0.0133669,0,-178.401,40.3205,0,-0.269611,0.0841296,0.00649514,185.16,-171.987,45.5841,
0.7,0.705524,1.03126,-0.293245,253.088,0.0692715,0.0138912,0,-178.417,40.3254,0,-0.279773,0.0872831,0.00674314,185.187,-171.982,45.5854,
0.7,0.705525,1.03125,-0.307818,253.1,0.072701,0.0146062,0,-178.429,40.3293,0,-0.293682,0.0916038,0.0070817,185.21,-171.974,45.5858,
0.7,0.705525,1.03124,-0.318726,253.116,0.0752627,0.0151479,0,-178.445,40.3339,0,-0.304096,0.0948306,0.00733664,185.237,-171.968,45.587,
0.7,0.705524,1.03123,-0.332813,253.127,0.0785758,0.0158434,0,-178.458,40.3378,0,-0.317543,0.0990041,0.0076646,185.261,-171.96,45.5874,
0.7,0.705524,1.03122,-0.346873,253.139,0.0818807,0.0165394,0,-178.47,40.3419,0,-0.330964,0.103165,0.00799284,185.285,-171.951,45.5876,
0.7,0.705523,1.03121,-0.361222,253.15,0.0852522,0.0172558,0,-178.483,40.3459,0,-0.344663,0.107409,0.00832829,185.31,-171.94,45.5877,
0.7,0.705524,1.03119,-0.391774,253.14,0.0924447,0.0187473,0,-178.483,40.3466,0,-0.373824,0.116465,0.0090386,185.32,-171.915,45.5841,
0.7,0.705523,1.03118,-0.396562,253.162,0.0935579,0.0190082,0,-178.502,40.3522,0,-0.378402,0.11786,0.00915487,185.352,-171.912,45.5861,
0.7,0.705523,1.03117,-0.403858,253.18,0.0952606,0.0193891,0,-178.52,40.357,0,-0.385373,0.119999,0.00932928,185.382,-171.906,45.5875,
0.7,0.705513,1.03116,-0.413154,253.198,0.0974076,0.0199052,0,-178.539,40.3623,0,-0.394263,0.122702,0.00955607,185.413,-171.9,45.5888,
0.7,0.705511,1.03115,-0.409292,253.233,0.0964761,0.0197524,0,-178.569,40.3684,0,-0.390588,0.121522,0.00947353,185.456,-171.904,45.5929,
0.7,0.705504,1.03113,-0.417521,253.25,0.0983918,0.0201808,0,-178.586,40.373,0,-0.39845,0.123936,0.00967009,185.485,-171.898,45.5942,
0.7,0.705497,1.03112,-0.422768,253.272,0.0996032,0.0204697,0,-178.607,40.3788,0,-0.403467,0.125463,0.0097978,185.517,-171.895,45.5963,
0.7,0.705488,1.0311,-0.503109,253.204,0.118499,0.0243994,0,-178.571,40.3724,0,-0.480152,0.149269,0.0116671,185.502,-171.812,45.5802,
0.7,0.705483,1.03108,-0.475964,253.272,0.11208,0.0231203,0,-178.624,40.3856,0,-0.454259,0.141177,0.0110456,185.567,-171.841,45.5906,
0.7,0.705474,1.03107,-0.469497,253.307,0.110528,0.0228453,0,-178.654,40.3938,0,-0.448097,0.139225,0.0109024,185.609,-171.848,45.5951,
0.7,0.705463,1.03106,-0.478663,253.321,0.112655,0.0233269,0,-178.67,40.3988,0,-0.456856,0.14191,0.011122,185.637,-171.839,45.5958,
0.7,0.705455,1.03104,-0.480721,253.344,0.113109,0.023465,0,-178.692,40.4048,0,-0.458832,0.142483,0.0111774,185.671,-171.836,45.598,
0.7,0.705441,1.03103,-0.486316,253.363,0.114391,0.0237752,0,-178.711,40.4106,0,-0.464182,0.144108,0.0113142,185.701,-171.831,45.5995,
0.7,0.705431,1.03102,-0.49113,253.382,0.115493,0.0240477,0,-178.73,40.4163,0,-0.468789,0.145498,0.0114338,185.732,-171.826,45.6011,
0.7,0.705422,1.03102,-0.380113,253.543,0.0893624,0.0186421,0,-178.839,40.4435,0,-0.362832,0.11258,0.0088552,185.862,-171.921,45.6285,
0.7,0.705416,1.031,-0.408852,253.536,0.0960928,0.0200836,0,-178.84,40.4447,0,-0.390275,0.121055,0.00953218,185.874,-171.899,45.6255,
0.7,0.705403,1.03099,-0.430182,253.538,0.101075,0.0211643,0,-178.847,40.4474,0,-0.410649,0.127328,0.0100381,185.892,-171.882,45.6238,
0.7,0.705394,1.03098,-0.447408,253.544,0.105092,0.0220471,0,-178.858,40.4508,0,-0.427104,0.132388,0.0104479,185.914,-171.868,45.6231,
0.7,0.705384,1.03096,-0.46049,253.556,0.108131,0.0227267,0,-178.872,40.4555,0,-0.439605,0.136219,0.0107615,185.94,-171.857,45.6233,
0.7,0.705364,1.03095,-0.47247,253.571,0.110869,0.0233938,0,-178.889,40.46,0,-0.45107,0.139673,0.0110598,185.97,-171.846,45.6237,
0.7,0.705354,1.03092,-0.517017,253.554,0.12128,0.0256391,0,-178.89,40.4622,0,-0.493614,0.152796,0.0121121,185.995,-171.795,45.6166,
0.7,0.705342,1.0309,-0.525979,253.57,0.123338,0.026125,0,-178.91,40.4675,0,-0.502186,0.155396,0.0123319,186.027,-171.784,45.6171,
0.7,0.705334,1.03089,-0.53408,253.585,0.125194,0.0265692,0,-178.927,40.4722,0,-0.509937,0.157735,0.0125329,186.058,-171.773,45.6175,
0.7,0.705319,1.03087,-0.54843,253.592,0.128509,0.0273245,0,-178.941,40.475,0,-0.523653,0.161924,0.0128796,186.083,-171.756,45.6166,
0.7,0.705308,1.03085,-0.564016,253.598,0.132115,0.0281473,0,-178.954,40.4785,0,-0.538551,0.166475,0.0132561,186.108,-171.737,45.6152,
0.7,0.705298,1.03083,-0.579131,253.604,0.135609,0.0289459,0,-178.966,40.4824,0,-0.553,0.170883,0.0136221,186.134,-171.718,45.6139,
0.7,0.705286,1.03082,-0.605041,253.596,0.141628,0.0302902,0,-178.97,40.4837,0,-0.577758,0.178476,0.0142423,186.151,-171.688,45.6098,
0.7,0.705278,1.0308,-0.614827,253.607,0.143873,0.0308311,0,-178.987,40.4881,0,-0.587121,0.181304,0.0144847,186.181,-171.672,45.6094,
0.7,0.705262,1.03078,-0.621847,253.621,0.145464,0.0312325,0,-179.005,40.4929,0,-0.593841,0.183324,0.0146603,186.212,-171.659,45.6095,
0.7,0.705251,1.03076,-0.633987,253.629,0.148255,0.0318953,0,-179.02,40.4969,0,-0.605451,0.186849,0.0149576,186.24,-171.64,45.6085,
0.7,0.705245,1.03075,-0.628001,253.66,0.146811,0.0316436,0,-179.05,40.5043,0,-0.599754,0.185021,0.0148292,186.286,-171.636,45.6114,
0.7,0.705224,1.03071,-0.661459,253.654,0.154531,0.0334397,0,-179.063,40.5085,0,-0.631746,0.194757,0.0156442,186.326,-171.584,45.6052,
0.7,0.705215,1.03069,-0.663824,253.675,0.155034,0.0336106,0,-179.089,40.5153,0,-0.634025,0.195392,0.0157127,186.364,-171.573,45.6064,
0.7,0.705205,1.03067,-0.661872,253.7,0.154527,0.0335661,0,-179.116,40.5223,0,-0.632179,0.194756,0.015679,186.405,-171.566,45.6083,
0.7,0.705199,1.03065,-0.666478,253.717,0.155556,0.0338545,0,-179.138,40.528,0,-0.6366,0.196041,0.0158024,186.442,-171.551,45.6086,
0.7,0.705186,1.03064,-0.663509,253.744,0.154809,0.0337582,0,-179.168,40.5355,0,-0.633784,0.195108,0.0157443,186.484,-171.545,45.6109,
0.7,0.705178,1.03062,-0.678791,253.749,0.158328,0.0345947,0,-179.183,40.5397,0,-0.648402,0.199535,0.0161204,186.511,-171.522,45.609,
0.7,0.705161,1.03058,-0.747332,253.693,0.174216,0.0382504,0,-179.165,40.5369,0,-0.713922,0.219532,0.0177791,186.519,-171.431,45.5933,
0.7,0.705152,1.03056,-0.704414,253.775,0.164169,0.0361139,0,-179.233,40.553,0,-0.672944,0.206858,0.0167717,186.603,-171.461,45.6053,
0.7,0.705143,1.03054,-0.698725,253.805,0.162798,0.0358866,0,-179.264,40.5607,0,-0.667531,0.205121,0.0166499,186.648,-171.456,45.608,
0.7,0.705135,1.03052,-0.707242,253.816,0.164737,0.0363869,0,-179.284,40.5655,0,-0.675689,0.207552,0.0168669,186.681,-171.436,45.6072,
0.7,0.705129,1.0305,-0.695015,253.855,0.161852,0.0358184,0,-179.321,40.5739,0,-0.664029,0.203892,0.0165898,186.732,-171.437,45.6114,
0.7,0.705116,1.03048,-0.69755,253.873,0.162353,0.0360738,0,-179.345,40.5792,0,-0.666497,0.204488,0.0166806,186.769,-171.424,45.6121,
0.7,0.705109,1.03044,-0.741536,253.85,0.172545,0.0384106,0,-179.349,40.5807,0,-0.708549,0.217308,0.0177477,186.798,-171.359,45.6027,
0.7,0.705101,1.03042,-0.720813,253.898,0.167678,0.0373963,0,-179.392,40.5903,0,-0.68877,0.211163,0.0172662,186.856,-171.365,45.6085,
0.7,0.705091,1.0304,-0.7098,253.933,0.165067,0.0368881,0,-179.427,40.5985,0,-0.67827,0.207861,0.0170179,186.904,-171.365,45.6122,
0.7,0.705081,1.03039,-0.704698,253.96,0.163835,0.0366762,0,-179.455,40.6054,0,-0.673415,0.2063,0.0169092,186.945,-171.36,45.6146,
0.7,0.705071,1.03037,-0.711609,253.973,0.165394,0.0370931,0,-179.475,40.6099,0,-0.68004,0.208255,0.0170888,186.977,-171.345,45.6145,
0.7,0.705059,1.03035,-0.703521,254.004,0.163462,0.0367272,0,-179.505,40.6164,0,-0.672332,0.20582,0.0169085,187.021,-171.341,45.6174,
0.7,0.705044,1.03033,-0.693419,254.037,0.161061,0.0362577,0,-179.537,40.6234,0,-0.662695,0.202809,0.0166771,187.066,-171.341,45.621,
0.7,0.705029,1.03031,-0.681774,254.072,0.158303,0.0356967,0,-179.569,40.6306,0,-0.651582,0.199351,0.0164076,187.112,-171.343,45.625,
0.7,0.705012,1.0303,-0.666031,254.114,0.154592,0.0349238,0,-179.607,40.6393,0,-0.636551,0.194699,0.0160386,187.165,-171.348,45.6301,
0.7,0.704997,1.03028,-0.67184,254.129,0.155888,0.0352784,0,-179.625,40.6433,0,-0.64212,0.196344,0.0161894,187.196,-171.336,45.6303,
0.7,0.704969,1.03026,-0.65002,254.181,0.15071,0.0342343,0,-179.669,40.6535,0,-0.6213,0.189852,0.0156869,187.254,-171.349,45.6373,
0.7,0.704957,1.03024,-0.645623,254.21,0.149634,0.0340479,0,-179.697,40.6602,0,-0.617114,0.188511,0.0155923,187.296,-171.346,45.6402,
0.7,0.704945,1.03021,-0.704427,254.168,0.163202,0.0371992,0,-179.683,40.6569,0,-0.673342,0.205615,0.0170259,187.306,-171.273,45.6279,
0.7,0.704932,1.03019,-0.689872,254.209,0.159762,0.0364789,0,-179.719,40.6653,0,-0.659451,0.201296,0.0166886,187.357,-171.278,45.6329,
0.7,0.70492,1.03017,-0.682721,254.24,0.158048,0.0361353,0,-179.749,40.6726,0,-0.652635,0.199143,0.0165291,187.4,-171.277,45.6361,
0.7,0.704908,1.03015,-0.684828,254.259,0.158474,0.03629,0,-179.771,40.6778,0,-0.65467,0.199691,0.0165936,187.435,-171.266,45.637,
0.7,0.704901,1.03013,-0.697,254.265,0.161224,0.0369841,0,-179.784,40.6814,0,-0.666333,0.20315,0.0169068,187.461,-171.248,45.6358,
0.7,0.704877,1.03011,-0.687274,254.3,0.158901,0.0365162,0,-179.816,40.6892,0,-0.65705,0.200266,0.0166809,187.508,-171.248,45.6396,
0.7,0.704843,1.03009,-0.674121,254.342,0.15572,0.035917,0,-179.853,40.6982,0,-0.644514,0.196304,0.0163879,187.559,-171.253,45.6446,
0.7,0.704823,1.03007,-0.684955,254.35,0.158147,0.0365433,0,-179.867,40.7022,0,-0.654892,0.199392,0.0166648,187.588,-171.234,45.6435,
0.7,0.70482,1.03004,-0.763477,254.28,0.176203,0.0407885,0,-179.828,40.6979,0,-0.73,0.222141,0.0185973,187.578,-171.142,45.6261,
0.7,0.704805,1.03002,-0.712572,254.368,0.164379,0.0381173,0,-179.892,40.7159,0,-0.681351,0.207253,0.017373,187.663,-171.179,45.6396,
0.7,0.704793,1.03,-0.707289,254.396,0.163086,0.0378817,0,-179.916,40.7239,0,-0.676323,0.205636,0.0172605,187.704,-171.176,45.6423,
0.7,0.704781,1.02998,-0.710785,254.413,0.163822,0.0381169,0,-179.932,40.7306,0,-0.679691,0.20657,0.0173626,187.734,-171.168,45.6433,
0.7,0.70477,1.02996,-0.726506,254.416,0.167366,0.0390132,0,-179.941,40.7356,0,-0.694753,0.211045,0.0177656,187.753,-171.152,45.6419,
0.7,0.704759,1.02993,-0.767328,254.387,0.176693,0.041264,0,-179.93,40.7367,0,-0.733818,0.222813,0.0187824,187.746,-171.115,45.6349,
0.7,0.704747,1.02991,-0.801372,254.368,0.184453,0.043156,0,-179.931,40.7414,0,-0.766404,0.232604,0.0196348,187.748,-171.085,45.6296,
0.7,0.704715,1.02986,-0.910236,254.257,0.209316,0.0491608,0,-179.873,40.738,0,-0.87058,0.263999,0.0223435,187.696,-170.979,45.6065,
0.7,0.704707,1.02983,-0.852269,254.353,0.1959,0.0461032,0,-179.945,40.7578,0,-0.815171,0.247079,0.0209425,187.78,-171.028,45.622,
0.7,0.704696,1.02981,-0.856532,254.366,0.196793,0.0463973,0,-179.959,40.7629,0,-0.819278,0.248219,0.0210669,187.809,-171.016,45.6221,
0.7,0.704681,1.02979,-0.8383,254.406,0.19251,0.0454761,0,-179.991,40.7711,0,-0.801869,0.242839,0.0206381,187.856,-171.024,45.6274,
0.7,0.704672,1.02977,-0.829594,254.435,0.190427,0.0450683,0,-180.015,40.7782,0,-0.793573,0.240213,0.0204448,187.895,-171.024,45.6304,
0.7,0.704671,1.02975,-0.828062,254.456,0.19,0.045052,0,-180.037,40.7852,0,-0.792144,0.239646,0.0204322,187.931,-171.017,45.632,
0.7,0.704669,1.02972,-0.839101,254.462,0.19246,0.0457184,0,-180.049,40.7903,0,-0.802742,0.242719,0.0207293,187.955,-170.998,45.6306,
0.7,0.704669,1.0297,-0.861921,254.452,0.197625,0.0470283,0,-180.05,40.7922,0,-0.824613,0.249192,0.0213192,187.968,-170.97,45.6266,
0.7,0.704665,1.02967,-0.852916,254.481,0.195474,0.0466105,0,-180.073,40.798,0,-0.816037,0.246462,0.0211222,188.008,-170.969,45.6296,
0.7,0.704672,1.02965,-0.849354,254.504,0.194582,0.0464752,0,-180.091,40.8031,0,-0.812673,0.245288,0.0210634,188.042,-170.964,45.6316,
0.7,0.704674,1.02963,-0.8675,254.5,0.19865,0.0475264,0,-180.093,40.8056,0,-0.830077,0.250393,0.0215411,188.058,-170.941,45.6287,
0.7,0.704675,1.0296,-0.852062,254.538,0.19502,0.0467342,0,-180.125,40.8161,0,-0.815345,0.245806,0.0211842,188.102,-170.949,45.6336,
0.7,0.704602,1.02958,-0.837729,254.575,0.191509,0.046034,0,-180.155,40.827,0,-0.801652,0.241597,0.020843,188.145,-170.957,45.6384,
0.7,0.704609,1.02954,-0.91178,254.507,0.208352,0.0501653,0,-180.109,40.8234,0,-0.872562,0.262797,0.0227173,188.124,-170.879,45.6227,
0.7,0.704612,1.02952,-0.863389,254.589,0.197216,0.0475648,0,-180.167,40.839,0,-0.826294,0.248716,0.0215388,188.199,-170.918,45.6358,
0.7,0.704609,1.0295,-0.828174,254.651,0.189088,0.0457074,0,-180.207,40.8493,0,-0.79263,0.238444,0.0206862,188.258,-170.945,45.6453,
0.7,0.704614,1.02948,-0.815855,254.684,0.186205,0.0450871,0,-180.23,40.8568,0,-0.78088,0.234767,0.0204049,188.296,-170.952,45.6497,
0.7,0.704626,1.02946,-0.804276,254.717,0.183494,0.044513,0,-180.251,40.8657,0,-0.769841,0.231292,0.0201444,188.328,-170.967,45.6547,
0.7,0.704633,1.02944,-0.802149,254.738,0.182936,0.044459,0,-180.266,40.8718,0,-0.767844,0.230552,0.0201173,188.357,-170.966,45.6571,
0.7,0.704638,1.02941,-0.826538,254.728,0.188413,0.0458831,0,-180.26,40.8727,0,-0.79123,0.23743,0.0207556,188.363,-170.944,45.6535,
0.7,0.704639,1.02939,-0.84683,254.721,0.192941,0.0470765,0,-180.258,40.8751,0,-0.810696,0.243127,0.0212921,188.37,-170.927,45.651,
0.7,0.704651,1.02936,-0.877356,254.702,0.199806,0.0488417,0,-180.25,40.8776,0,-0.839968,0.251734,0.0220916,188.368,-170.901,45.6463,
0.7,0.704656,1.02933,-0.920393,254.667,0.20951,0.0513122,0,-180.235,40.8796,0,-0.881218,0.263931,0.0232061,188.353,-170.866,45.6388,
0.7,0.704657,1.0293,-0.975205,254.618,0.221863,0.0544562,0,-180.211,40.8797,0,-0.933745,0.279489,0.0246206,188.328,-170.82,45.6285,
0.7,0.704664,1.02927,-0.999484,254.604,0.227278,0.0558939,0,-180.21,40.8839,0,-0.957045,0.286278,0.025268,188.328,-170.799,45.6247,
0.7,0.704678,1.02924,-0.998774,254.62,0.227011,0.0559339,0,-180.227,40.8908,0,-0.956422,0.28589,0.0252878,188.351,-170.798,45.6264,
0.7,0.704684,1.02922,-0.995483,254.639,0.226154,0.0558323,0,-180.243,40.897,0,-0.95332,0.284786,0.0252374,188.376,-170.798,45.6285,
0.7,0.704685,1.02919,-1.00459,254.643,0.228102,0.0564245,0,-180.249,40.9005,0,-0.962093,0.287236,0.0255002,188.392,-170.787,45.6278,
0.7,0.704696,1.02916,-1.006,254.656,0.228318,0.0565891,0,-180.263,40.9076,0,-0.963489,0.287463,0.0255712,188.413,-170.783,45.6287,
0.7,0.704701,1.02913,-0.97715,254.71,0.221569,0.0551277,0,-180.307,40.9229,0,-0.935953,0.278929,0.0248973,188.465,-170.806,45.637,
0.7,0.704702,1.02911,-0.9704,254.735,0.21993,0.0548245,0,-180.33,40.933,0,-0.92953,0.276862,0.0247538,188.494,-170.81,45.6401,
0.7,0.704703,1.02905,-1.0486,254.658,0.237517,0.0593312,0,-180.282,40.9316,0,-1.00448,0.299009,0.0267817,188.458,-170.738,45.6241,
0.7,0.704703,1.02903,-1.01628,254.713,0.230066,0.0575982,0,-180.322,40.9445,0,-0.973566,0.289649,0.0259855,188.506,-170.765,45.633,
0.7,0.704703,1.029,-0.993597,254.756,0.224802,0.0563989,0,-180.355,40.9553,0,-0.951884,0.283043,0.0254345,188.545,-170.787,45.64,
0.7,0.704703,1.02898,-0.993439,254.772,0.224639,0.0564805,0,-180.368,40.9613,0,-0.951777,0.282858,0.0254591,188.563,-170.79,45.642,
0.7,0.704698,1.02896,-0.969084,254.816,0.218999,0.0551881,0,-180.399,40.9713,0,-0.928482,0.275794,0.0248612,188.602,-170.814,45.6494,
0.7,0.704703,1.02893,-0.938038,254.87,0.211877,0.05351,0,-180.435,40.9819,0,-0.89878,0.26682,0.024093,188.646,-170.845,45.6584,
0.7,0.7047,1.02891,-0.900137,254.932,0.203212,0.0514337,0,-180.475,40.9936,0,-0.8625,0.255928,0.0231423,188.696,-170.882,45.6691,
0.7,0.704697,1.02889,-0.877043,254.978,0.197899,0.0501956,0,-180.503,41.003,0,-0.840404,0.249255,0.0225703,188.735,-170.908,45.6767,
0.7,0.704701,1.02887,-0.854084,255.023,0.192628,0.0489556,0,-180.531,41.0144,0,-0.818442,0.242611,0.0220036,188.772,-170.934,45.6844,
0.7,0.704697,1.02885,-0.844918,255.052,0.190464,0.0484947,0,-180.55,41.0244,0,-0.809691,0.239902,0.021789,188.797,-170.95,45.6892,
0.7,0.704705,1.02883,-0.8328,255.086,0.187666,0.0477809,0,-180.573,41.0355,0,-0.798115,0.236353,0.0214989,188.825,-170.969,45.6949,
0.7,0.704708,1.02881,-0.843483,255.092,0.189984,0.0484705,0,-180.576,41.0414,0,-0.808387,0.239274,0.0217972,188.833,-170.969,45.6956,
0.7,0.704713,1.02878,-0.826486,255.134,0.185966,0.0476307,0,-180.605,41.0528,0,-0.792167,0.234225,0.0214043,188.867,-170.994,45.7028,
0.7,0.704715,1.02876,-0.834545,255.142,0.187684,0.0481614,0,-180.61,41.0578,0,-0.799925,0.2364,0.0216351,188.876,-170.997,45.7041,
0.7,0.704714,1.02874,-0.845279,255.148,0.19,0.0488616,0,-180.614,41.0624,0,-0.810247,0.239332,0.0219356,188.882,-170.998,45.7048,
0.7,0.704709,1.02871,-0.852457,255.157,0.191507,0.0493486,0,-180.62,41.0678,0,-0.817161,0.241258,0.0221435,188.891,-171.003,45.7063,
0.7,0.704714,1.02866,-0.930206,255.085,0.208873,0.0539291,0,-180.57,41.0663,0,-0.89173,0.263129,0.02419,188.842,-170.95,45.6929,
0.7,0.704712,1.02864,-0.906578,255.131,0.203467,0.052639,0,-180.6,41.0791,0,-0.869114,0.256332,0.0235987,188.878,-170.979,45.701,
0.7,0.70471,1.02862,-0.886874,255.173,0.19894,0.0515753,0,-180.625,41.0908,0,-0.850257,0.25065,0.0231083,188.91,-171.005,45.7083,
0.7,0.704708,1.02859,-0.891962,255.184,0.199974,0.051953,0,-180.632,41.099,0,-0.855168,0.25198,0.0232628,188.921,-171.011,45.7101,
0.7,0.704703,1.02857,-0.8842,255.21,0.198119,0.0515793,0,-180.648,41.1087,0,-0.847758,0.249681,0.0230818,188.941,-171.028,45.7148,
0.7,0.704709,1.02855,-0.877053,255.236,0.196419,0.051247,0,-180.662,41.1175,0,-0.840943,0.247542,0.0229198,188.959,-171.047,45.7196,
0.7,0.704709,1.02853,-0.855381,255.282,0.191465,0.0500724,0,-180.688,41.1281,0,-0.820195,0.241318,0.0223753,188.991,-171.079,45.7279,
0.7,0.704709,1.0285,-0.87022,255.281,0.194687,0.0510263,0,-180.684,41.1313,0,-0.834457,0.245397,0.0227852,188.99,-171.08,45.728,
0.7,0.70471,1.02848,-0.850452,255.324,0.19017,0.0499508,0,-180.707,41.1403,0,-0.815533,0.23972,0.0222886,189.018,-171.112,45.736,
0.7,0.70471,1.02846,-0.832664,255.363,0.186092,0.0489893,0,-180.727,41.1495,0,-0.798507,0.234597,0.0218444,189.042,-171.144,45.7437,
0.7,0.704708,1.02844,-0.785252,255.442,0.175317,0.0463427,0,-180.771,41.1647,0,-0.753096,0.221055,0.0206381,189.096,-171.203,45.7585,
0.7,0.704706,1.02842,-0.793364,255.452,0.177036,0.0468876,0,-180.771,41.1706,0,-0.760904,0.223248,0.0208697,189.099,-171.214,45.7607,
0.7,0.704696,1.0284,-0.776216,255.493,0.173097,0.0459498,0,-180.793,41.1824,0,-0.744486,0.21833,0.0204375,189.124,-171.248,45.7688,
0.7,0.704696,1.02836,-0.815316,255.472,0.181723,0.0483366,0,-180.758,41.1867,0,-0.782016,0.229233,0.0214862,189.096,-171.248,45.7666,
0.7,0.704696,1.02834,-0.804226,255.506,0.179159,0.0477521,0,-180.775,41.1958,0,-0.771407,0.22602,0.0212132,189.117,-171.277,45.7733,
0.7,0.704693,1.02832,-0.787396,255.547,0.175311,0.0468186,0,-180.795,41.2051,0,-0.755292,0.2212,0.0207876,189.14,-171.311,45.7814,
0.7,0.704692,1.0283,-0.785015,255.569,0.174691,0.046747,0,-180.802,41.2108,0,-0.753035,0.220442,0.0207429,189.151,-171.332,45.786,
0.7,0.704695,1.02828,-0.795637,255.575,0.176965,0.0474569,0,-180.801,41.2146,0,-0.763253,0.223328,0.0210433,189.149,-171.344,45.788,
0.7,0.704693,1.02825,-0.821533,255.563,0.182628,0.0490734,0,-180.79,41.2127,0,-0.788122,0.230509,0.0217459,189.135,-171.342,45.7865,
0.7,0.704686,1.02823,-0.836044,255.564,0.185749,0.0500069,0,-180.786,41.2161,0,-0.802069,0.234496,0.0221472,189.13,-171.349,45.7873,
0.7,0.704684,1.0282,-0.8506,255.564,0.188874,0.0509492,0,-180.781,41.2192,0,-0.81606,0.238493,0.0225504,189.126,-171.355,45.788,
0.7,0.704684,1.02818,-0.860493,255.57,0.190971,0.0516247,0,-180.779,41.2234,0,-0.825581,0.241168,0.0228327,189.124,-171.366,45.7899,
0.7,0.70468,1.02816,-0.862515,255.586,0.191315,0.0518237,0,-180.785,41.2298,0,-0.827548,0.241644,0.0229048,189.131,-171.383,45.7934,
0.7,0.704677,1.02813,-0.895842,255.563,0.198596,0.0539032,0,-180.766,41.2306,0,-0.859553,0.250884,0.0238094,189.11,-171.372,45.7898,
0.7,0.704668,1.0281,-0.8801,255.602,0.194874,0.0531167,0,-180.789,41.2408,0,-0.84451,0.246276,0.0234316,189.134,-171.404,45.7974,
0.7,0.704664,1.02807,-0.956095,255.527,0.211578,0.0578001,0,-180.75,41.2362,0,-0.917464,0.267435,0.0254766,189.074,-171.358,45.7844,
0.7,0.70466,1.02804,-0.971024,255.524,0.214757,0.0587849,0,-180.743,41.2386,0,-0.931822,0.271501,0.0258965,189.067,-171.363,45.7848,
0.7,0.704656,1.02802,-0.964455,255.548,0.213173,0.0584708,0,-180.756,41.2449,0,-0.925554,0.269545,0.0257455,189.078,-171.386,45.7898,
0.7,0.704708,1.02797,-1.07314,255.432,0.237221,0.0651579,0,-180.662,41.2313,0,-1.02991,0.299758,0.0286801,188.98,-171.323,45.7707,
0.7,0.704703,1.02794,-0.994325,255.551,0.219668,0.0604687,0,-180.74,41.2539,0,-0.954297,0.277631,0.0265961,189.059,-171.412,45.7929,
0.7,0.704697,1.02792,-0.99724,255.563,0.220183,0.0607276,0,-180.746,41.2601,0,-0.957126,0.278339,0.0266956,189.063,-171.426,45.7958,
0.7,0.70469,1.02789,-0.989582,255.587,0.218357,0.0603487,0,-180.756,41.2674,0,-0.949809,0.276091,0.026513,189.074,-171.45,45.801,
0.7,0.704682,1.02786,-0.988846,255.603,0.218064,0.0603942,0,-180.763,41.2735,0,-0.949132,0.275792,0.0265124,189.08,-171.468,45.8046,
0.7,0.704672,1.02784,-0.989013,255.618,0.217964,0.060508,0,-180.767,41.2797,0,-0.94932,0.275746,0.0265356,189.083,-171.487,45.8083,
0.7,0.704657,1.02781,-1.00928,255.609,0.222281,0.0618398,0,-180.758,41.2816,0,-0.968805,0.281308,0.0270978,189.071,-171.487,45.8073,
0.7,0.704649,1.02778,-1.0123,255.62,0.222806,0.0621249,0,-180.76,41.2864,0,-0.971735,0.282042,0.0272006,189.073,-171.501,45.81,
0.7,0.704637,1.02775,-1.01679,255.629,0.223644,0.0624994,0,-180.762,41.2912,0,-0.976072,0.283198,0.0273403,189.073,-171.516,45.8127,
0.7,0.704625,1.02772,-1.02871,255.629,0.22611,0.0633413,0,-180.758,41.295,0,-0.987543,0.286418,0.0276812,189.067,-171.523,45.8134,
0.7,0.704614,1.0277,-1.02471,255.649,0.225077,0.0631924,0,-180.769,41.3021,0,-0.983733,0.285203,0.027594,189.076,-171.543,45.8178,
0.7,0.704589,1.02766,-1.03687,255.65,0.227425,0.0641341,0,-180.767,41.3065,0,-0.995477,0.288353,0.027969,189.072,-171.549,45.8186,
0.7,0.704576,1.02763,-1.04756,255.651,0.229606,0.0649004,0,-180.765,41.3117,0,-1.00576,0.291252,0.028272,189.067,-171.557,45.8195,
0.7,0.704563,1.02761,-1.05209,255.66,0.230442,0.0652792,0,-180.766,41.3181,0,-1.01014,0.292412,0.0284149,189.066,-171.571,45.822,
0.7,0.704549,1.02754,-1.19074,255.505,0.260621,0.0739883,0,-180.648,41.3027,0,-1.1433,0.330823,0.0321846,188.94,-171.48,45.7957,
0.7,0.704534,1.02752,-1.12808,255.597,0.246735,0.0702012,0,-180.709,41.3219,0,-1.08316,0.31331,0.030512,189.002,-171.55,45.8131,
0.7,0.704518,1.02749,-1.11897,255.621,0.244572,0.0697394,0,-180.72,41.33,0,-1.07445,0.310684,0.0302855,189.011,-171.575,45.8184,
0.7,0.704494,1.02746,-1.11532,255.638,0.243581,0.069628,0,-180.727,41.3363,0,-1.07097,0.309577,0.0302051,189.017,-171.595,45.8223,
0.7,0.704477,1.02742,-1.13474,255.627,0.247647,0.0709399,0,-180.714,41.3387,0,-1.08965,0.314864,0.0307526,189.003,-171.595,45.8211,
0.7,0.704455,1.02739,-1.1328,255.642,0.247039,0.0709224,0,-180.718,41.3455,0,-1.08782,0.314234,0.0307183,189.004,-171.615,45.8249,
0.7,0.704431,1.02736,-1.11904,255.671,0.243848,0.0701706,0,-180.733,41.355,0,-1.07462,0.310332,0.0303622,189.017,-171.645,45.8312,
0.7,0.704407,1.02734,-1.11239,255.691,0.24221,0.0698522,0,-180.74,41.3627,0,-1.06826,0.308404,0.0301988,189.023,-171.668,45.836,
0.7,0.704381,1.0273,-1.16319,255.642,0.253062,0.0731478,0,-180.702,41.3592,0,-1.11708,0.322396,0.031597,188.981,-171.643,45.828,
0.7,0.704356,1.02728,-1.10155,255.729,0.239464,0.0693711,0,-180.752,41.3762,0,-1.0579,0.305231,0.0299386,189.033,-171.714,45.8449,
0.7,0.704331,1.02724,-1.12428,255.715,0.244216,0.0709041,0,-180.738,41.3783,0,-1.07976,0.311456,0.0305713,189.014,-171.714,45.8434,
0.7,0.704271,1.02722,-1.04384,255.829,0.226375,0.0660263,0,-180.809,41.4002,0,-1.00254,0.28904,0.0284106,189.087,-171.804,45.8654,
0.7,0.704244,1.02715,-1.15725,255.707,0.250777,0.0733059,0,-180.716,41.3893,0,-1.11148,0.320368,0.0315125,188.98,-171.741,45.8455,
0.7,0.704211,1.02712,-1.14054,255.739,0.246962,0.0723487,0,-180.733,41.3974,0,-1.09546,0.315684,0.0310698,188.993,-171.776,45.8528,
0.7,0.704177,1.02709,-1.16711,255.719,0.252508,0.0741468,0,-180.716,41.3981,0,-1.121,0.322981,0.0318054,188.969,-171.772,45.8502,
0.7,0.704135,1.02706,-1.15242,255.749,0.249106,0.0732961,0,-180.73,41.406,0,-1.1069,0.318864,0.031415,188.981,-171.804,45.8568,
0.7,0.704101,1.02703,-1.14538,255.77,0.24738,0.0729539,0,-180.74,41.4126,0,-1.10016,0.316855,0.0312359,188.986,-171.829,45.8618,
0.7,0.704062,1.027,-1.14603,255.781,0.247307,0.0731152,0,-180.742,41.4183,0,-1.10079,0.316981,0.0312639,188.982,-171.851,45.8653,
0.7,0.704023,1.02696,-1.16449,255.77,0.251079,0.0744003,0,-180.731,41.4201,0,-1.11854,0.322038,0.0317779,188.964,-171.855,45.8647,
0.7,0.703977,1.02693,-1.15609,255.792,0.249035,0.0739735,0,-180.739,41.4267,0,-1.11048,0.319672,0.031557,188.969,-171.883,45.87,
0.7,0.703897,1.0269,-1.12995,255.837,0.242986,0.0725253,0,-180.765,41.4378,0,-1.08541,0.312349,0.0308631,188.99,-171.927,45.8796,
0.7,0.703855,1.02684,-1.27554,255.672,0.274053,0.0819979,0,-180.637,41.4192,0,-1.22527,0.352547,0.0348495,188.842,-171.845,45.8531,
0.7,0.703805,1.02681,-1.1926,255.789,0.255987,0.0767788,0,-180.714,41.4422,0,-1.14561,0.329585,0.0325907,188.915,-171.939,45.8757,
0.7,0.703762,1.02678,-1.17014,255.828,0.250943,0.0754431,0,-180.734,41.4518,0,-1.12404,0.323335,0.0319855,188.928,-171.983,45.8846,
0.7,0.703713,1.02675,-1.17089,255.838,0.250876,0.0755931,0,-180.736,41.4573,0,-1.12477,0.323511,0.0320124,188.922,-172.006,45.8882,
0.7,0.703663,1.02676,-0.867551,256.218,0.185711,0.0560852,0,-180.974,41.52,0,-0.83339,0.239681,0.0237231,189.175,-172.291,45.9596,
0.7,0.703611,1.02672,-0.943996,256.143,0.201887,0.0611171,0,-180.916,41.5117,0,-0.906829,0.260785,0.0258167,189.106,-172.256,45.9477,
0.7,0.703552,1.02669,-0.988058,256.105,0.211101,0.0640587,0,-180.885,41.5098,0,-0.94916,0.272945,0.0270242,189.063,-172.247,45.9427,
0.7,0.703495,1.02666,-1.02227,256.078,0.218206,0.0663642,0,-180.86,41.51,0,-0.982029,0.282367,0.0279653,189.026,-172.248,45.94,
0.7,0.703436,1.02663,-1.05207,256.056,0.224353,0.0684634,0,-180.84,41.5112,0,-1.01066,0.290599,0.0287805,188.994,-172.251,45.9379,
0.7,0.703372,1.0266,-1.06114,256.059,0.22606,0.0691402,0,-180.835,41.5163,0,-1.01937,0.293108,0.029028,188.98,-172.271,45.9404,
0.7,0.703312,1.02657,-1.10163,256.024,0.23446,0.0718776,0,-180.806,41.515,0,-1.05827,0.304291,0.0301357,188.938,-172.265,45.9359,
0.7,0.703253,1.02654,-1.11123,256.025,0.236277,0.0725998,0,-180.8,41.5195,0,-1.06749,0.306937,0.0303992,188.92,-172.287,45.9384,
0.7,0.70319,1.02651,-1.12644,256.019,0.239275,0.0736801,0,-180.791,41.5225,0,-1.08209,0.311146,0.0308135,188.899,-172.302,45.9394,
0.7,0.703118,1.02647,-1.15123,256.001,0.244278,0.0754025,0,-180.774,41.5239,0,-1.10591,0.318011,0.0314887,188.87,-172.308,45.9382,
0.7,0.703051,1.02644,-1.15787,256.005,0.245441,0.0759289,0,-180.772,41.5284,0,-1.11228,0.319856,0.0316677,188.855,-172.33,45.9409,
0.7,0.702916,1.02637,-1.27553,255.873,0.26984,0.0838269,0,-180.667,41.515,0,-1.2253,0.352395,0.0348785,188.72,-172.284,45.9218,
0.7,0.702839,1.02634,-1.21153,255.967,0.25602,0.0797159,0,-180.728,41.534,0,-1.16381,0.334741,0.0331228,188.771,-172.366,45.9407,
0.7,0.702769,1.02631,-1.19116,256.003,0.251465,0.0784575,0,-180.745,41.5437,0,-1.14423,0.329134,0.0325615,188.778,-172.412,45.9495,
0.7,0.702701,1.02628,-1.18996,256.015,0.250963,0.078464,0,-180.746,41.5498,0,-1.14308,0.328819,0.0325255,188.767,-172.443,45.9542,
0.7,0.702631,1.02625,-1.18366,256.034,0.249391,0.0781321,0,-180.751,41.557,0,-1.13702,0.327101,0.0323489,188.757,-172.482,45.9603,
0.7,0.702553,1.02621,-1.19006,256.038,0.250472,0.0786419,0,-180.748,41.5621,0,-1.14316,0.328902,0.0325174,188.739,-172.508,45.9635,
0.7,0.702479,1.02618,-1.16284,256.083,0.244503,0.0769235,0,-180.77,41.5739,0,-1.11701,0.321405,0.0317683,188.749,-172.564,45.9743,
0.7,0.702331,1.02612,-1.24365,255.997,0.260974,0.0824453,0,-180.691,41.5682,0,-1.19461,0.343799,0.0339644,188.64,-172.558,45.9645,
0.7,0.702246,1.02609,-1.18216,256.087,0.247796,0.0784668,0,-180.746,41.5873,0,-1.13553,0.326839,0.0322765,188.68,-172.647,45.9837,
0.7,0.702168,1.02606,-1.15881,256.127,0.242662,0.0770073,0,-180.764,41.5974,0,-1.11309,0.320419,0.0316319,188.685,-172.701,45.9938,
0.7,0.702088,1.02603,-1.14489,256.156,0.239507,0.0761745,0,-180.775,41.6061,0,-1.09971,0.316615,0.0312432,188.681,-172.748,46.0019,
0.7,0.702007,1.026,-1.13796,256.176,0.237817,0.0757951,0,-180.781,41.6132,0,-1.09304,0.314749,0.0310441,188.671,-172.79,46.0085,
0.7,0.701924,1.02597,-1.12479,256.204,0.234822,0.0750142,0,-180.79,41.622,0,-1.08037,0.311154,0.0306747,188.663,-172.841,46.0171,
0.7,0.701832,1.02594,-1.14425,256.193,0.238615,0.0763984,0,-180.773,41.6241,0,-1.09905,0.316598,0.0311935,188.629,-172.862,46.018,
0.7,0.701745,1.02591,-1.12567,256.228,0.234495,0.0752318,0,-180.789,41.6339,0,-1.08118,0.311511,0.0306755,188.628,-172.915,46.0275,
0.7,0.701566,1.02588,-1.10149,256.272,0.22897,0.0737832,0,-180.81,41.6451,0,-1.05792,0.304947,0.0299907,188.633,-172.974,46.0385,
0.7,0.701475,1.02585,-1.08661,256.304,0.225644,0.0728637,0,-180.822,41.6546,0,-1.04361,0.300893,0.0295723,188.626,-173.03,46.0479,
0.7,0.701378,1.02579,-1.26078,256.104,0.261521,0.0846304,0,-180.664,41.6289,0,-1.21087,0.349207,0.0342957,188.425,-172.955,46.0184,
0.7,0.701287,1.02576,-1.18117,256.216,0.244756,0.079387,0,-180.733,41.65,0,-1.13439,0.327233,0.0321149,188.479,-173.061,46.0418,
0.7,0.701194,1.02573,-1.1608,256.252,0.240289,0.0781015,0,-180.747,41.6591,0,-1.1148,0.321667,0.031545,188.473,-173.122,46.0521,
0.7,0.701101,1.0257,-1.12369,256.31,0.232388,0.0756471,0,-180.776,41.6713,0,-1.07914,0.311459,0.0305215,188.485,-173.195,46.0661,
0.7,0.700999,1.02567,-1.1325,256.312,0.233951,0.0763106,0,-180.768,41.6748,0,-1.08758,0.313987,0.0307434,188.457,-173.229,46.0699,
0.7,0.700903,1.02564,-1.1205,256.339,0.231238,0.0755819,0,-180.776,41.6822,0,-1.07603,0.310742,0.030401,188.446,-173.281,46.0784,
0.7,0.700806,1.02561,-1.11688,256.356,0.230257,0.0754261,0,-180.776,41.6884,0,-1.07253,0.309824,0.0302854,188.423,-173.331,46.0855,
0.7,0.700607,1.02558,-1.10154,256.389,0.226623,0.0745432,0,-180.788,41.6973,0,-1.05774,0.305737,0.0298349,188.416,-173.387,46.0951,
0.7,0.700512,1.02555,-1.10127,256.402,0.226342,0.0746045,0,-180.787,41.7025,0,-1.05746,0.305744,0.029811,188.394,-173.431,46.1011,
0.7,0.700416,1.02549,-1.22518,256.264,0.251557,0.0830982,0,-180.667,41.6866,0,-1.17641,0.340238,0.0331464,188.228,-173.409,46.0839,
0.7,0.700312,1.02546,-1.14357,256.379,0.23455,0.0776459,0,-180.735,41.7085,0,-1.09802,0.317664,0.03092,188.275,-173.527,46.1089,
0.7,0.700215,1.02543,-1.13571,256.401,0.232706,0.0771881,0,-180.741,41.7156,0,-1.09045,0.31557,0.0306899,188.259,-173.579,46.1167,
0.7,0.700116,1.0254,-1.11677,256.436,0.228598,0.0759928,0,-180.755,41.7243,0,-1.07224,0.310393,0.0301605,188.25,-173.64,46.1271,
0.7,0.700019,1.02538,-1.10272,256.466,0.225504,0.0751177,0,-180.766,41.7326,0,-1.05873,0.306578,0.0297631,188.237,-173.698,46.1364,
0.7,0.699915,1.02535,-1.09364,256.49,0.223419,0.0745815,0,-180.771,41.7402,0,-1.04998,0.304145,0.0294993,188.216,-173.756,46.1451,
0.7,0.699818,1.02532,-1.11584,256.475,0.22774,0.0761753,0,-180.753,41.7413,0,-1.07126,0.310409,0.0300798,188.172,-173.783,46.1465,
0.7,0.699721,1.02529,-1.11541,256.488,0.227438,0.0762319,0,-180.753,41.7465,0,-1.07082,0.310381,0.0300497,188.147,-173.83,46.1528,
0.7,0.699625,1.02526,-1.11969,256.495,0.228089,0.0766236,0,-180.747,41.7511,0,-1.07491,0.311664,0.0301464,188.114,-173.876,46.1584,
0.7,0.699528,1.02522,-1.14884,256.472,0.233803,0.0787114,0,-180.723,41.7508,0,-1.10286,0.319868,0.0309127,188.064,-173.897,46.1581,
0.7,0.699424,1.02519,-1.15284,256.478,0.23437,0.0790684,0,-180.72,41.7555,0,-1.10668,0.321081,0.0310005,188.034,-173.939,46.1633,
0.7,0.699327,1.02516,-1.15406,256.488,0.234396,0.0792407,0,-180.718,41.7606,0,-1.10782,0.321515,0.0310145,188.007,-173.984,46.1691,
0.7,0.699228,1.02513,-1.15092,256.504,0.233535,0.0791236,0,-180.72,41.7666,0,-1.10478,0.320739,0.0309101,187.983,-174.032,46.1759,
0.7,0.699128,1.0251,-1.14206,256.526,0.23152,0.0786033,0,-180.725,41.7734,0,-1.09624,0.318365,0.0306525,187.96,-174.09,46.1844,
0.7,0.699023,1.02507,-1.15914,256.517,0.234742,0.0798619,0,-180.711,41.7755,0,-1.11261,0.323233,0.0310898,187.918,-174.123,46.1869,
0.7,0.698924,1.02504,-1.14996,256.54,0.232667,0.0793198,0,-180.717,41.7818,0,-1.10377,0.320774,0.0308232,187.897,-174.178,46.1952,
0.7,0.698823,1.02501,-1.14283,256.56,0.231006,0.0789283,0,-180.72,41.7884,0,-1.09688,0.318892,0.0306096,187.871,-174.237,46.2035,
0.7,0.698725,1.02498,-1.15248,256.56,0.232751,0.0796882,0,-180.712,41.7911,0,-1.10612,0.321686,0.0308479,187.835,-174.276,46.2077,
0.7,0.698619,1.02495,-1.12693,256.603,0.227369,0.0779994,0,-180.732,41.8011,0,-1.08156,0.314664,0.0301417,187.828,-174.347,46.2198,
0.7,0.698516,1.02492,-1.11641,256.628,0.225045,0.0773526,0,-180.739,41.808,0,-1.07144,0.311841,0.0298375,187.808,-174.405,46.2287,
0.7,0.698414,1.02489,-1.1076,256.651,0.223071,0.0768331,0,-180.744,41.8152,0,-1.06295,0.309484,0.0295803,187.786,-174.463,46.2372,
0.7,0.698312,1.02487,-1.09626,256.677,0.220597,0.0761281,0,-180.75,41.8233,0,-1.05204,0.306431,0.0292549,187.762,-174.527,46.2469,
0.7,0.698201,1.02484,-1.09266,256.695,0.219673,0.0759511,0,-180.754,41.8294,0,-1.04855,0.305546,0.0291344,187.737,-174.581,46.2545,
0.7,0.697996,1.02478,-1.1192,256.682,0.224627,0.0779708,0,-180.725,41.8333,0,-1.07394,0.313198,0.0297949,187.649,-174.658,46.2611,
0.7,0.697895,1.02475,-1.0969,256.722,0.219979,0.076499,0,-180.744,41.8432,0,-1.05251,0.307071,0.0291784,187.639,-174.728,46.2729,
0.7,0.697793,1.02473,-1.05555,256.787,0.211519,0.0736849,0,-180.775,41.8574,0,-1.0128,0.295604,0.0280563,187.634,-174.828,46.2905,
0.7,0.697683,1.0247,-1.04037,256.819,0.208291,0.0726953,0,-180.788,41.8661,0,-0.998203,0.291472,0.0276287,187.616,-174.895,46.301,
0.7,0.697577,1.02467,-1.03594,256.838,0.207233,0.0724662,0,-180.795,41.872,0,-0.993919,0.290346,0.0274878,187.596,-174.944,46.3083,
0.7,0.697471,1.02465,-1.02084,256.87,0.204049,0.0714813,0,-180.802,41.882,0,-0.979393,0.286232,0.0270629,187.567,-175.024,46.3202,
0.7,0.697376,1.02462,-1.03481,256.867,0.206666,0.0725275,0,-180.793,41.8855,0,-0.992774,0.290219,0.027419,187.523,-175.067,46.3243,
0.7,0.69727,1.02459,-1.02527,256.893,0.204595,0.0719286,0,-180.802,41.8931,0,-0.983586,0.287663,0.0271419,187.5,-175.129,46.3336,
0.7,0.697164,1.02457,-1.0256,256.907,0.204501,0.0720211,0,-180.804,41.899,0,-0.983865,0.28788,0.0271254,187.468,-175.183,46.3408,
0.7,0.697059,1.02454,-1.02861,256.917,0.204956,0.0723138,0,-180.802,41.9046,0,-0.986722,0.288848,0.0271805,187.43,-175.24,46.3478,
0.7,0.696955,1.02451,-1.03837,256.919,0.206748,0.0730724,0,-180.798,41.9083,0,-0.996048,0.291713,0.0274133,187.39,-175.286,46.3528,
0.7,0.696738,1.02448,-1.03292,256.942,0.205345,0.0728159,0,-180.81,41.9158,0,-0.990743,0.290441,0.0272169,187.367,-175.345,46.3615,
0.7,0.696634,1.02445,-1.04791,256.938,0.208171,0.0739394,0,-180.801,41.9186,0,-1.00508,0.294783,0.0275858,187.322,-175.386,46.3654,
0.7,0.696528,1.02439,-1.19509,256.772,0.237245,0.0844175,0,-180.674,41.899,0,-1.1462,0.336328,0.0314313,187.116,-175.364,46.345,
0.7,0.696422,1.02436,-1.14948,256.843,0.228029,0.0812642,0,-180.723,41.9145,0,-1.10241,0.323636,0.0302024,187.129,-175.455,46.3623,
0.7,0.696312,1.02432,-1.15125,256.853,0.228207,0.0814648,0,-180.727,41.9201,0,-1.10407,0.324279,0.0302202,187.095,-175.505,46.3686,
0.7,0.69621,1.02429,-1.15814,256.856,0.229426,0.0820329,0,-180.724,41.9249,0,-1.11064,0.326353,0.0303737,187.053,-175.555,46.3741,
0.7,0.69611,1.02426,-1.16091,256.864,0.229821,0.082315,0,-180.727,41.9303,0,-1.11325,0.327269,0.0304185,187.019,-175.604,46.3801,
0.7,0.696009,1.02423,-1.17645,256.857,0.23275,0.0834815,0,-180.741,41.9289,0,-1.12811,0.331792,0.030797,187.024,-175.587,46.3775,
0.7,0.695906,1.02419,-1.1986,256.841,0.236971,0.0851261,0,-180.729,41.9309,0,-1.14931,0.33818,0.0313484,186.973,-175.618,46.379,
0.7,0.695809,1.02416,-1.20394,256.845,0.23788,0.085582,0,-180.73,41.936,0,-1.15439,0.339821,0.0314611,186.936,-175.664,46.3842,
0.7,0.695713,1.02413,-1.20647,256.852,0.238236,0.085848,0,-180.733,41.9417,0,-1.15677,0.340665,0.0315003,186.899,-175.715,46.3903,
0.7,0.695617,1.02409,-1.23891,256.823,0.24448,0.0882341,0,-180.714,41.941,0,-1.18784,0.349959,0.0323201,186.841,-175.734,46.3892,
0.7,0.695514,1.02406,-1.2438,256.827,0.245261,0.0886556,0,-180.716,41.9455,0,-1.19248,0.351483,0.0324188,186.806,-175.777,46.394,
0.7,0.695421,1.02402,-1.25103,256.828,0.246537,0.0892561,0,-180.717,41.9496,0,-1.19938,0.353654,0.0325812,186.769,-175.817,46.3984,
0.7,0.69533,1.02399,-1.25346,256.834,0.246865,0.089527,0,-180.721,41.9546,0,-1.20167,0.354462,0.0326198,186.736,-175.862,46.4037,
0.7,0.695236,1.02396,-1.24646,256.852,0.245328,0.0891373,0,-180.731,41.9616,0,-1.19493,0.352607,0.032413,186.706,-175.92,46.4117,
0.7,0.695148,1.02392,-1.25224,256.855,0.246332,0.0896279,0,-180.734,41.9664,0,-1.20043,0.354362,0.0325386,186.669,-175.964,46.4166,
0.7,0.695063,1.02389,-1.24218,256.877,0.244254,0.0890008,0,-180.747,41.9742,0,-1.19076,0.351624,0.0322553,186.644,-176.022,46.425,
0.7,0.69498,1.02386,-1.21763,256.917,0.239282,0.0873454,0,-180.774,41.9852,0,-1.16719,0.344788,0.0315948,186.634,-176.092,46.4368,
0.7,0.694814,1.02382,-1.22407,256.92,0.240304,0.0879926,0,-180.776,41.9899,0,-1.1733,0.346821,0.0317197,186.595,-176.139,46.4419,
0.7,0.694735,1.02375,-1.31811,256.816,0.258684,0.0948587,0,-180.702,41.9811,0,-1.26341,0.373558,0.0341373,186.443,-176.148,46.4314,
0.7,0.694657,1.02372,-1.2988,256.849,0.254757,0.0935852,0,-180.724,41.9911,0,-1.24487,0.368188,0.0336168,186.426,-176.213,46.4418,
0.7,0.69458,1.02368,-1.29891,256.857,0.25469,0.0936846,0,-180.731,41.9967,0,-1.24495,0.368307,0.0336015,186.397,-176.258,46.4474,
0.7,0.694498,1.02364,-1.33983,256.816,0.262585,0.0967355,0,-180.705,41.994,0,-1.28414,0.380008,0.0346402,186.332,-176.266,46.4437,
0.7,0.694424,1.0236,-1.35368,256.807,0.265202,0.0978349,0,-180.701,41.9963,0,-1.29738,0.384021,0.0349807,186.29,-176.297,46.4459,
0.7,0.694351,1.02357,-1.37622,256.787,0.269512,0.0995828,0,-180.69,41.9967,0,-1.31897,0.390505,0.0355455,186.241,-176.32,46.4461,
0.7,0.694279,1.02352,-1.42401,256.736,0.278766,0.103147,0,-180.659,41.9922,0,-1.36474,0.404149,0.0367625,186.167,-176.323,46.4408,
0.7,0.694204,1.02348,-1.43959,256.723,0.281698,0.104374,0,-180.653,41.9931,0,-1.37965,0.40866,0.0371469,186.125,-176.349,46.4421,
0.7,0.694136,1.02344,-1.43984,256.728,0.281659,0.104501,0,-180.662,41.9971,0,-1.37986,0.408806,0.0371377,186.097,-176.387,46.4466,
0.7,0.69407,1.0234,-1.46071,256.709,0.285643,0.106131,0,-180.652,41.997,0,-1.39984,0.414805,0.0376612,186.051,-176.408,46.4465,
0.7,0.694005,1.02336,-1.46746,256.706,0.286869,0.106712,0,-180.654,42,0,-1.40629,0.416792,0.0378212,186.014,-176.443,46.4499,
0.7,0.693939,1.02332,-1.50321,256.668,0.293774,0.109218,0,-180.633,41.9968,0,-1.44053,0.427032,0.0387255,185.956,-176.448,46.4462,
0.7,0.69381,1.02327,-1.47333,256.71,0.287756,0.107262,0,-180.668,42.0071,0,-1.41185,0.418672,0.0379293,185.956,-176.509,46.4571,
0.7,0.693746,1.02319,-1.61589,256.536,0.315497,0.117767,0,-180.558,41.9865,0,-1.54845,0.459249,0.0415864,185.769,-176.455,46.4325,
0.7,0.693678,1.02314,-1.57896,256.584,0.30817,0.115186,0,-180.598,41.9973,0,-1.51303,0.448816,0.0406227,185.775,-176.518,46.4443,
0.7,0.693615,1.0231,-1.5868,256.577,0.309621,0.115867,0,-180.6,41.9995,0,-1.52053,0.451098,0.0408134,185.741,-176.544,46.4462,
0.7,0.693554,1.02305,-1.60172,256.562,0.312438,0.117072,0,-180.594,42.0007,0,-1.53481,0.455394,0.0411862,185.699,-176.566,46.4468,
0.7,0.693496,1.02301,-1.6249,256.536,0.316673,0.118877,0,-180.583,41.9999,0,-1.557,0.462073,0.0417644,185.653,-176.577,46.4451,
0.7,0.693431,1.02296,-1.66249,256.492,0.323882,0.12175,0,-180.562,41.9958,0,-1.593,0.472819,0.0427189,185.595,-176.575,46.44,
0.7,0.693371,1.02291,-1.64031,256.521,0.319483,0.120253,0,-180.59,42.0039,0,-1.57173,0.466558,0.0421395,185.589,-176.623,46.4481,
0.7,0.693253,1.02287,-1.65025,256.51,0.321241,0.121243,0,-180.591,42.0054,0,-1.58122,0.469482,0.0423753,185.555,-176.643,46.4491,
0.7,0.693183,1.02282,-1.66175,256.498,0.323328,0.122203,0,-180.59,42.0068,0,-1.59222,0.472811,0.0426582,185.517,-176.665,46.4499,
0.7,0.693124,1.02277,-1.7151,256.434,0.333619,0.126246,0,-180.557,42.0002,0,-1.64333,0.488035,0.0440191,185.448,-176.645,46.4409,
0.7,0.693066,1.02266,-1.99132,256.092,0.387216,0.146743,0,-180.341,41.9523,0,-1.90797,0.566683,0.0510981,185.153,-176.46,46.3841,
0.7,0.693003,1.02261,-1.8757,256.23,0.364591,0.138336,0,-180.448,41.9785,0,-1.79717,0.533834,0.0481199,185.227,-176.582,46.4119,
0.7,0.692945,1.02256,-1.9005,256.197,0.369284,0.140296,0,-180.438,41.977,0,-1.82092,0.540934,0.0487478,185.182,-176.58,46.4081,
0.7,0.692886,1.02251,-1.9113,256.18,0.371266,0.141226,0,-180.438,41.976,0,-1.83125,0.544045,0.0490173,185.148,-176.592,46.4074,
0.7,0.692827,1.02245,-1.9214,256.164,0.373086,0.142124,0,-180.439,41.9768,0,-1.84091,0.546952,0.0492692,185.115,-176.603,46.4068,
0.7,0.69277,1.0224,-1.93161,256.147,0.374937,0.142987,0,-180.439,41.9776,0,-1.85069,0.549891,0.0495247,185.082,-176.614,46.4061,
0.7,0.692709,1.02234,-1.97478,256.091,0.383164,0.146303,0,-180.413,41.9723,0,-1.89204,0.562207,0.0506261,185.02,-176.597,46.3981,
0.7,0.692655,1.02229,-1.98237,256.076,0.384522,0.146993,0,-180.415,41.973,0,-1.89931,0.564368,0.05082,184.99,-176.608,46.3976,
0.7,0.692603,1.02224,-1.98161,256.072,0.384246,0.147062,0,-180.424,41.9757,0,-1.89859,0.564151,0.0508011,184.967,-176.625,46.3989,
0.7,0.692553,1.02218,-1.99303,256.053,0.386327,0.148042,0,-180.423,41.9759,0,-1.90953,0.56739,0.051096,184.935,-176.631,46.3974,
0.7,0.692501,1.02212,-2.049,255.979,0.397022,0.152327,0,-180.386,41.9681,0,-1.96316,0.583302,0.0525356,184.862,-176.601,46.3862,
0.7,0.692453,1.02207,-2.04736,255.974,0.396593,0.152336,0,-180.395,41.9711,0,-1.9616,0.582802,0.0524999,184.841,-176.616,46.3872,
0.7,0.692407,1.02201,-2.0542,255.959,0.397795,0.152974,0,-180.398,41.9726,0,-1.96816,0.584716,0.0526819,184.813,-176.624,46.3863,
0.7,0.692315,1.02195,-2.04002,255.969,0.394789,0.152211,0,-180.419,41.9787,0,-1.95459,0.580607,0.052333,184.804,-176.648,46.3899,
0.7,0.692266,1.02183,-2.31866,255.613,0.448541,0.173178,0,-180.199,41.9307,0,-2.22158,0.659853,0.0594927,184.515,-176.436,46.3289,
0.7,0.69222,1.02177,-2.18465,255.765,0.422453,0.163338,0,-180.32,41.9603,0,-2.09319,0.621669,0.0560636,184.609,-176.557,46.358,
0.7,0.692174,1.02171,-2.18509,255.755,0.42238,0.163512,0,-180.328,41.9639,0,-2.09363,0.621741,0.0560855,184.586,-176.566,46.3578,
0.7,0.692131,1.02165,-2.18192,255.749,0.421608,0.163455,0,-180.338,41.9684,0,-2.09061,0.620772,0.0560173,184.564,-176.58,46.3586,
0.7,0.692081,1.02159,-2.21781,255.696,0.428354,0.166305,0,-180.318,41.9651,0,-2.12501,0.630934,0.0569489,184.512,-176.557,46.3504,
0.7,0.692037,1.02153,-2.19914,255.708,0.424605,0.165075,0,-180.342,41.9717,0,-2.10714,0.62556,0.0564821,184.506,-176.581,46.3542,
0.7,0.692053,1.02147,-2.19683,255.7,0.42436,0.165071,0,-180.353,41.9744,0,-2.10497,0.624762,0.0564515,184.487,-176.591,46.3544,
0.7,0.691965,1.02134,-2.33182,255.511,0.450121,0.175578,0,-180.254,41.9529,0,-2.23435,0.663011,0.0599484,184.322,-176.49,46.3231,
0.7,0.691923,1.02128,-2.29344,255.545,0.442554,0.172858,0,-180.293,41.9625,0,-2.1976,0.652029,0.0589761,184.333,-176.528,46.3307,
0.7,0.691877,1.02122,-2.28267,255.546,0.440291,0.172193,0,-180.309,41.9665,0,-2.18729,0.648901,0.0587119,184.32,-176.542,46.3323,
0.7,0.691836,1.02115,-2.30021,255.513,0.443514,0.173713,0,-180.302,41.9654,0,-2.20413,0.653796,0.0591816,184.283,-176.534,46.3279,
0.7,0.691793,1.02108,-2.33778,255.455,0.4506,0.176728,0,-180.28,41.9611,0,-2.24015,0.664392,0.0601649,184.227,-176.509,46.3189,
0.7,0.691745,1.02102,-2.3443,255.435,0.451644,0.177406,0,-180.281,41.9617,0,-2.24643,0.66617,0.0603482,184.199,-176.509,46.3167,
0.7,0.691701,1.02096,-2.35672,255.407,0.453839,0.178497,0,-180.278,41.9626,0,-2.25835,0.669612,0.0606849,184.166,-176.504,46.3131,
0.7,0.691657,1.02089,-2.3646,255.385,0.455151,0.179267,0,-180.279,41.9638,0,-2.26592,0.671759,0.0609064,184.137,-176.502,46.3104,
0.7,0.691616,1.02083,-2.41399,255.312,0.464462,0.183187,0,-180.246,41.9574,0,-2.31329,0.685673,0.0622024,184.071,-176.465,46.2986,
0.7,0.691574,1.02076,-2.41164,255.301,0.463786,0.183193,0,-180.255,41.9595,0,-2.31107,0.684897,0.0621637,184.051,-176.47,46.2979,
0.7,0.691527,1.0207,-2.41548,255.282,0.464266,0.18368,0,-180.258,41.9604,0,-2.31478,0.685883,0.0622839,184.026,-176.47,46.2958,
0.7,0.691488,1.02063,-2.41883,255.264,0.46469,0.184132,0,-180.262,41.9617,0,-2.31802,0.686721,0.0623932,184,-176.47,46.2938,
0.7,0.691453,1.02056,-2.46548,255.193,0.473456,0.187884,0,-180.231,41.9549,0,-2.36277,0.69982,0.063626,183.936,-176.435,46.2825,
0.7,0.691414,1.0205,-2.46014,255.185,0.472211,0.187674,0,-180.241,41.9573,0,-2.35768,0.698179,0.0635129,183.917,-176.443,46.2823,
0.7,0.69137,1.02043,-2.44799,255.185,0.469631,0.186916,0,-180.256,41.9611,0,-2.34607,0.69462,0.0632219,183.904,-176.456,46.2836,
0.7,0.69133,1.02037,-2.44756,255.17,0.469318,0.187094,0,-180.261,41.9629,0,-2.3457,0.694382,0.0632344,183.881,-176.46,46.2824,
0.7,0.69129,1.0203,-2.49139,255.103,0.477507,0.190633,0,-180.231,41.9564,0,-2.38773,0.706687,0.0643924,183.822,-176.424,46.2712,
0.7,0.691248,1.02023,-2.48309,255.097,0.475666,0.190193,0,-180.24,41.9593,0,-2.37981,0.704228,0.0641996,183.803,-176.436,46.2719,
0.7,0.691198,1.02017,-2.48091,255.084,0.474957,0.190189,0,-180.246,41.9607,0,-2.37774,0.703513,0.0641621,183.782,-176.439,46.2708,
0.7,0.691154,1.02009,-2.59938,254.925,0.497369,0.199484,0,-180.157,41.939,0,-2.49132,0.736998,0.0672481,183.66,-176.336,46.2427,
0.7,0.691112,1.02002,-2.57206,254.941,0.49191,0.197571,0,-180.183,41.9451,0,-2.46517,0.729129,0.0665662,183.659,-176.36,46.2468,
0.7,0.691067,1.01996,-2.54632,254.955,0.48672,0.196017,0,-180.205,41.9514,0,-2.44054,0.721728,0.0659217,183.654,-176.386,46.251,
0.7,0.691019,1.01989,-2.51622,254.974,0.480683,0.19385,0,-180.232,41.9576,0,-2.41171,0.713099,0.0651619,183.655,-176.413,46.256,
0.7,0.690977,1.01984,-2.42032,255.075,0.462116,0.186649,0,-180.31,41.977,0,-2.31983,0.685809,0.062701,183.711,-176.499,46.2759,
0.7,0.690933,1.01976,-2.51881,254.94,0.48066,0.194411,0,-180.237,41.9593,0,-2.41426,0.713615,0.0652727,183.607,-176.413,46.2522,
0.7,0.690888,1.01969,-2.50848,254.936,0.478445,0.193777,0,-180.248,41.9623,0,-2.40439,0.710586,0.0650259,183.592,-176.424,46.2529,
0.7,0.690793,1.01963,-2.43141,255.013,0.463195,0.18814,0,-180.313,41.9783,0,-2.33056,0.68855,0.0630686,183.632,-176.492,46.2684,
0.7,0.690749,1.0195,-2.70121,254.657,0.514307,0.20919,0,-180.089,41.9265,0,-2.58922,0.764816,0.070095,183.352,-176.271,46.2063,
0.7,0.690703,1.01943,-2.54848,254.821,0.484962,0.19753,0,-180.219,41.9574,0,-2.44286,0.72146,0.0661549,183.458,-176.398,46.2376,
0.7,0.690659,1.01937,-2.52191,254.837,0.479618,0.195627,0,-180.24,41.9632,0,-2.41741,0.713814,0.0654895,183.453,-176.424,46.242,
0.7,0.690612,1.0193,-2.51539,254.828,0.478063,0.195324,0,-180.247,41.9688,0,-2.41121,0.711838,0.0653473,183.434,-176.433,46.2419,
0.7,0.690568,1.01923,-2.53767,254.784,0.482025,0.197236,0,-180.231,41.9651,0,-2.4326,0.718013,0.065952,183.392,-176.414,46.2352,
0.7,0.690525,1.01916,-2.4829,254.834,0.471339,0.193157,0,-180.278,41.9769,0,-2.38013,0.702392,0.064553,183.413,-176.462,46.2456,
0.7,0.690481,1.0191,-2.47241,254.831,0.469074,0.192535,0,-180.285,41.9801,0,-2.3701,0.699307,0.064304,183.395,-176.478,46.2468,
0.7,0.690436,1.01904,-2.45771,254.833,0.466022,0.191568,0,-180.299,41.9839,0,-2.35604,0.695049,0.063942,183.383,-176.494,46.2487,
0.7,0.690386,1.01904,-1.92863,255.463,0.365477,0.150462,0,-180.716,42.0866,0,-1.84888,0.545337,0.0501947,183.799,-176.969,46.367,
0.7,0.690291,1.01891,-2.26009,255.04,0.42777,0.176619,0,-180.443,42.0257,0,-2.16668,0.638872,0.0588587,183.467,-176.705,46.2932,
0.7,0.690245,1.01884,-2.18025,255.125,0.412403,0.170553,0,-180.517,42.044,0,-2.09017,0.616193,0.0568017,183.514,-176.777,46.31,
0.7,0.690196,1.01877,-2.18927,255.102,0.413846,0.171413,0,-180.517,42.0448,0,-2.09884,0.618653,0.0570546,183.487,-176.773,46.307,
0.7,0.690091,1.0187,-2.22384,255.049,0.419831,0.174447,0,-180.493,42.0411,0,-2.13204,0.628239,0.0579928,183.435,-176.751,46.2989,
0.7,0.690042,1.01857,-2.49241,254.697,0.470242,0.195687,0,-180.267,41.9918,0,-2.38955,0.70399,0.0650207,183.152,-176.537,46.2381,
0.7,0.689991,1.01849,-2.44748,254.733,0.461489,0.192327,0,-180.31,42.0023,0,-2.3465,0.691202,0.0638681,183.168,-176.573,46.2457,
0.7,0.689934,1.01842,-2.42056,254.749,0.456078,0.190382,0,-180.336,42.0095,0,-2.32071,0.683513,0.0631825,183.168,-176.596,46.2498,
0.7,0.689831,1.01835,-2.36282,254.802,0.44462,0.18618,0,-180.39,42.0228,0,-2.26541,0.667017,0.0617139,183.195,-176.645,46.2607,
0.7,0.689782,1.0182,-2.63078,254.444,0.494745,0.207478,0,-180.166,41.9721,0,-2.52237,0.742463,0.0687521,182.916,-176.419,46.1981,
0.7,0.689725,1.01813,-2.57932,254.487,0.484709,0.203591,0,-180.209,41.983,0,-2.47305,0.727844,0.067426,182.934,-176.461,46.2071,
0.7,0.689673,1.01806,-2.5293,254.528,0.47499,0.199834,0,-180.251,41.9935,0,-2.42512,0.713621,0.06614,182.951,-176.503,46.2159,
0.7,0.68957,1.01792,-2.63657,254.36,0.494477,0.208692,0,-180.156,41.9723,0,-2.52804,0.743652,0.0689923,182.804,-176.414,46.1882,
0.7,0.689513,1.01785,-2.58006,254.408,0.483502,0.204412,0,-180.201,41.9833,0,-2.47388,0.727619,0.0675327,182.825,-176.461,46.1983,
0.7,0.689461,1.01778,-2.54858,254.428,0.477276,0.202096,0,-180.226,41.9896,0,-2.44373,0.718631,0.066731,182.826,-176.488,46.2033,
0.7,0.689361,1.01771,-2.46335,254.513,0.460697,0.195711,0,-180.294,42.0061,0,-2.36207,0.69436,0.0645473,182.874,-176.561,46.2201,
0.7,0.689309,1.01757,-2.62733,254.278,0.491049,0.208924,0,-180.149,41.9747,0,-2.51934,0.740466,0.0688675,182.677,-176.429,46.1806,
0.7,0.689197,1.01743,-2.7484,254.092,0.512933,0.218866,0,-180.038,41.9518,0,-2.6355,0.774347,0.0720894,182.513,-176.331,46.15,
0.7,0.689144,1.01736,-2.60176,254.248,0.485226,0.207371,0,-180.159,41.981,0,-2.49492,0.732898,0.0682695,182.609,-176.455,46.1799,
0.7,0.68909,1.01729,-2.56632,254.272,0.478268,0.204715,0,-180.185,41.9881,0,-2.46097,0.722807,0.0673617,182.611,-176.487,46.1858,
0.7,0.689028,1.01722,-2.5343,254.292,0.471916,0.202318,0,-180.207,41.9941,0,-2.43029,0.713698,0.0665393,182.611,-176.517,46.1912,
0.7,0.68892,1.01708,-2.71417,254.036,0.504722,0.217025,0,-180.048,41.9583,0,-2.60284,0.764113,0.0713103,182.396,-176.371,46.148,
0.7,0.688866,1.01701,-2.59641,254.157,0.482489,0.207775,0,-180.143,41.981,0,-2.48994,0.730854,0.0682375,182.469,-176.47,46.1714,
0.7,0.688806,1.01694,-2.54995,254.194,0.473477,0.204219,0,-180.178,41.9895,0,-2.44541,0.717688,0.0670345,182.482,-176.509,46.1795,
0.7,0.688698,1.01686,-2.5099,254.223,0.465354,0.201338,0,-180.211,41.9975,0,-2.40707,0.706189,0.0660271,182.49,-176.542,46.186,
0.7,0.688642,1.01672,-2.64374,254.024,0.489825,0.21224,0,-180.088,41.9705,0,-2.53546,0.743736,0.0695705,182.315,-176.438,46.1534,
0.7,0.688587,1.01665,-2.61015,254.045,0.483248,0.209695,0,-180.111,41.9767,0,-2.50327,0.734182,0.0687071,182.315,-176.468,46.1587,
0.7,0.688524,1.01658,-2.54252,254.107,0.470329,0.204471,0,-180.166,41.9904,0,-2.43843,0.715065,0.0669459,182.346,-176.525,46.1714,
0.7,0.688417,1.0165,-2.5362,254.095,0.468484,0.204315,0,-180.171,41.9917,0,-2.43244,0.713065,0.0668245,182.325,-176.529,46.1705,
0.7,0.688362,1.01636,-2.71093,253.846,0.500384,0.218548,0,-180.015,41.9558,0,-2.60004,0.762084,0.0714495,182.116,-176.388,46.1284,
0.7,0.688302,1.01629,-2.65553,253.891,0.489747,0.214249,0,-180.059,41.9666,0,-2.54694,0.746413,0.0700095,182.134,-176.434,46.1381,
0.7,0.688195,1.01622,-2.55768,253.988,0.471025,0.206703,0,-180.14,41.9859,0,-2.45316,0.718666,0.0674788,182.187,-176.518,46.1575,
0.7,0.688133,1.01606,-2.78085,253.678,0.511692,0.224914,0,-179.947,41.9408,0,-2.66724,0.781265,0.0733881,181.938,-176.33,46.1039,
0.7,0.688077,1.01599,-2.71089,253.739,0.498442,0.21941,0,-180.003,41.9544,0,-2.60017,0.761501,0.0715639,181.968,-176.387,46.1165,
0.7,0.688023,1.01591,-2.70062,253.728,0.496184,0.218768,0,-180.012,41.9565,0,-2.59036,0.758487,0.0713191,181.948,-176.392,46.1158,
0.7,0.687906,1.01577,-2.79569,253.571,0.512873,0.226777,0,-179.923,41.9372,0,-2.68159,0.784979,0.0738711,181.805,-176.314,46.0905,
0.7,0.687852,1.01569,-2.73687,253.618,0.501724,0.222187,0,-179.969,41.9489,0,-2.62521,0.768363,0.0723377,181.825,-176.362,46.1006,
0.7,0.687748,1.01561,-2.68151,253.661,0.490918,0.218057,0,-180.016,41.96,0,-2.57218,0.752554,0.0709277,181.843,-176.404,46.1095,
0.7,0.687692,1.01546,-2.96913,253.275,0.54319,0.2416,0,-179.764,41.9026,0,-2.8481,0.833163,0.0785578,181.536,-176.166,46.0425,
0.7,0.687628,1.01539,-2.82446,253.422,0.516295,0.229991,0,-179.88,41.9304,0,-2.70936,0.792487,0.0747465,181.628,-176.283,46.0708,
0.7,0.687572,1.01531,-2.76377,253.471,0.504828,0.22523,0,-179.927,41.9416,0,-2.65117,0.775353,0.0731617,181.649,-176.332,46.0812,
0.7,0.687445,1.01516,-2.82668,253.348,0.515502,0.230745,0,-179.863,41.927,0,-2.71154,0.792869,0.074853,181.532,-176.276,46.0619,
0.7,0.687389,1.01508,-2.75081,253.415,0.501294,0.224752,0,-179.922,41.941,0,-2.6388,0.771494,0.0728636,181.566,-176.338,46.0755,
0.7,0.687271,1.01501,-2.6659,253.495,0.485098,0.218201,0,-179.988,41.9569,0,-2.55737,0.747546,0.0706406,181.608,-176.408,46.0915,
0.7,0.687211,1.01486,-2.87344,253.2,0.522451,0.23535,0,-179.801,41.9129,0,-2.75648,0.805688,0.0761511,181.367,-176.234,46.0411,
0.7,0.687145,1.01478,-2.80744,253.254,0.509992,0.230136,0,-179.85,41.9245,0,-2.69318,0.787141,0.0744102,181.391,-176.287,46.0525,
0.7,0.687086,1.0147,-2.74426,253.306,0.498113,0.225149,0,-179.898,41.9352,0,-2.63259,0.769364,0.0727488,181.413,-176.339,46.0635,
0.7,0.686972,1.01462,-2.75028,253.275,0.498443,0.226028,0,-179.89,41.9323,0,-2.63841,0.770871,0.0729441,181.378,-176.33,46.0592,
0.7,0.68691,1.01447,-2.92002,253.027,0.528749,0.24017,0,-179.729,41.8941,0,-2.80128,0.818378,0.0774607,181.168,-176.191,46.0175,
0.7,0.686828,1.0144,-2.82808,253.111,0.511656,0.232774,0,-179.798,41.9101,0,-2.71303,0.79274,0.0749948,181.213,-176.266,46.0345,
0.7,0.686775,1.01433,-2.7996,253.122,0.506148,0.230609,0,-179.813,41.9136,0,-2.68573,0.784644,0.074262,181.203,-176.292,46.0384,
0.7,0.686659,1.01425,-2.73268,253.178,0.493258,0.225469,0,-179.863,41.9241,0,-2.62158,0.765723,0.0725202,181.229,-176.345,46.0498,
0.7,0.686604,1.0141,-2.88007,252.955,0.519473,0.23783,0,-179.722,41.8902,0,-2.76301,0.806932,0.0764502,181.039,-176.222,46.0126,
0.7,0.686548,1.01402,-2.79938,253.027,0.504571,0.231355,0,-179.781,41.9038,0,-2.68563,0.784222,0.0743289,181.075,-176.287,46.0273,
0.7,0.686483,1.01394,-2.7841,253.021,0.501404,0.230276,0,-179.786,41.9044,0,-2.67098,0.779868,0.0739374,181.055,-176.299,46.0278,
0.7,0.686368,1.01387,-2.74923,253.039,0.494406,0.227773,0,-179.808,41.9094,0,-2.63758,0.769938,0.0730445,181.053,-176.327,46.0327,
0.7,0.686312,1.01371,-3.12343,252.547,0.561318,0.258998,0,-179.479,41.8323,0,-2.99662,0.874606,0.0830127,180.672,-176.015,45.9463,
0.7,0.686249,1.01363,-2.92496,252.757,0.525221,0.242767,0,-179.637,41.8689,0,-2.80622,0.818942,0.0777552,180.807,-176.176,45.986,
0.7,0.686193,1.01356,-2.86915,252.798,0.514838,0.238299,0,-179.676,41.8777,0,-2.75271,0.80323,0.0762896,180.822,-176.22,45.995,
0.7,0.686137,1.01348,-2.81371,252.84,0.504536,0.23388,0,-179.715,41.8865,0,-2.69954,0.787628,0.0748316,180.837,-176.264,46.004,
0.7,0.686026,1.01341,-2.71137,252.939,0.48553,0.225752,0,-179.795,41.9046,0,-2.60141,0.758789,0.0721485,180.894,-176.346,46.0234,
0.7,0.685962,1.01325,-2.94802,252.606,0.527481,0.245602,0,-179.582,41.854,0,-2.82848,0.82495,0.0784588,180.63,-176.142,45.9658,
0.7,0.685902,1.01317,-2.88485,252.656,0.515788,0.240517,0,-179.628,41.8645,0,-2.76789,0.807213,0.0767898,180.652,-176.19,45.9761,
0.7,0.685787,1.01301,-3.08065,252.37,0.549984,0.257227,0,-179.443,41.8217,0,-2.9558,0.861821,0.0820375,180.414,-176.026,45.9276,
0.7,0.685724,1.01293,-2.89968,252.558,0.517237,0.242271,0,-179.589,41.8548,0,-2.78218,0.811127,0.0772317,180.541,-176.165,45.9627,
0.7,0.685669,1.01286,-2.84378,252.6,0.506897,0.237748,0,-179.629,41.8641,0,-2.72857,0.795394,0.0757623,180.557,-176.208,45.9716,
0.7,0.685615,1.01277,-2.84482,252.573,0.506719,0.238031,0,-179.619,41.8635,0,-2.7296,0.795578,0.0758113,180.518,-176.209,45.9688,
0.7,0.685509,1.0127,-2.7669,252.641,0.492191,0.231842,0,-179.676,41.877,0,-2.6549,0.773561,0.0737806,180.554,-176.27,45.9826,
0.7,0.685449,1.01254,-2.97104,252.349,0.528068,0.249095,0,-179.488,41.8359,0,-2.85081,0.830525,0.0792464,180.32,-176.092,45.932,
0.7,0.685395,1.01247,-2.88057,252.43,0.511633,0.241685,0,-179.556,41.8524,0,-2.76404,0.805106,0.0768594,180.366,-176.161,45.9481,
0.7,0.685343,1.01238,-2.90391,252.376,0.515395,0.243917,0,-179.529,41.8472,0,-2.78648,0.811462,0.0775155,180.314,-176.137,45.9395,
0.7,0.685232,1.01231,-2.81925,252.451,0.499595,0.237193,0,-179.59,41.8625,0,-2.70531,0.787529,0.0753105,180.356,-176.202,45.9545,
0.7,0.685182,1.01223,-2.80062,252.449,0.495942,0.235825,0,-179.601,41.8662,0,-2.68748,0.782169,0.0748441,180.343,-176.212,45.9553,
0.7,0.685133,1.01207,-3.02997,252.125,0.536211,0.25534,0,-179.384,41.8176,0,-2.90761,0.846055,0.0810075,180.087,-176.011,45.8988,
0.7,0.685086,1.01199,-2.96235,252.178,0.52389,0.24983,0,-179.431,41.8296,0,-2.84278,0.826998,0.0792353,180.115,-176.059,45.9096,
0.7,0.68503,1.01191,-2.88495,252.244,0.509807,0.243457,0,-179.486,41.8437,0,-2.76854,0.805258,0.077192,180.151,-176.116,45.9227,
0.7,0.68493,1.01176,-3.08853,251.951,0.545042,0.261076,0,-179.291,41.8002,0,-2.964,0.861746,0.0827065,179.918,-175.935,45.8717,
0.7,0.684875,1.01167,-2.97677,252.053,0.524941,0.251817,0,-179.376,41.8212,0,-2.85678,0.830439,0.079739,179.984,-176.014,45.8912,
0.7,0.684814,1.0116,-2.94038,252.07,0.518093,0.248919,0,-179.398,41.8269,0,-2.82188,0.82019,0.0787835,179.986,-176.036,45.8952,
0.7,0.684759,1.01152,-2.91563,252.073,0.513377,0.247011,0,-179.41,41.8306,0,-2.79816,0.813169,0.0781442,179.978,-176.048,45.8968,
0.7,0.684704,1.01144,-2.8753,252.095,0.505908,0.243766,0,-179.434,41.8371,0,-2.75949,0.80181,0.0770858,179.984,-176.073,45.9018,
0.7,0.684594,1.01127,-3.04055,251.842,0.534192,0.258123,0,-179.278,41.8033,0,-2.91816,0.847611,0.0815722,179.785,-175.916,45.8577,
0.7,0.684543,1.01119,-2.98569,251.88,0.523898,0.253666,0,-179.315,41.8127,0,-2.86553,0.832235,0.0801173,179.803,-175.951,45.8654,
0.7,0.684492,1.01111,-2.91965,251.931,0.51201,0.247853,0,-179.36,41.8235,0,-2.8022,0.813743,0.0783637,179.832,-175.995,45.8756,
0.7,0.68444,1.01103,-2.92325,251.899,0.512304,0.248357,0,-179.365,41.8195,0,-2.8057,0.814581,0.0784937,179.835,-175.945,45.8669,
0.7,0.684328,1.01095,-2.87368,251.931,0.502859,0.244531,0,-179.399,41.8283,0,-2.7582,0.800498,0.0772175,179.848,-175.978,45.8739,
0.7,0.684277,1.01079,-3.07304,251.64,0.537411,0.261758,0,-179.213,41.7861,0,-2.9496,0.855847,0.0826118,179.624,-175.791,45.8225,
0.7,0.68423,1.01071,-2.98899,251.711,0.522383,0.254822,0,-179.275,41.8012,0,-2.86899,0.83223,0.0803945,179.667,-175.849,45.8363,
0.7,0.684183,1.01062,-2.99247,251.678,0.522656,0.25536,0,-179.266,41.7999,0,-2.87238,0.833003,0.0805273,179.635,-175.834,45.831,
0.7,0.684081,1.01054,-2.90493,251.755,0.506713,0.248364,0,-179.331,41.8165,0,-2.78847,0.808259,0.0782476,179.681,-175.896,45.8458,
0.7,0.684035,1.01037,-3.16088,251.392,0.551027,0.270489,0,-179.119,41.7649,0,-3.03422,0.879247,0.0851879,179.408,-175.658,45.7814,
0.7,0.683984,1.01028,-3.09935,251.434,0.539966,0.265465,0,-179.158,41.7821,0,-2.97521,0.861953,0.0835656,179.428,-175.698,45.7901,
0.7,0.683925,1.01021,-3.03943,251.477,0.529152,0.260535,0,-179.2,41.7878,0,-2.91773,0.845127,0.0819825,179.45,-175.736,45.7987,
0.7,0.683821,1.01013,-2.92624,251.584,0.508803,0.251296,0,-179.287,41.81,0,-2.80917,0.813301,0.0790005,179.517,-175.819,45.819,
0.7,0.683767,1.00996,-3.13626,251.277,0.544938,0.269524,0,-179.093,41.7669,0,-3.01083,0.871509,0.0847032,179.284,-175.62,45.7646,
0.7,0.683706,1.00988,-3.02662,251.378,0.525472,0.260292,0,-179.174,41.7876,0,-2.90561,0.840915,0.0817676,179.345,-175.701,45.784,
0.7,0.68365,1.0098,-2.97556,251.411,0.516278,0.256087,0,-179.207,41.7968,0,-2.85663,0.826596,0.0804146,179.36,-175.733,45.7909,
0.7,0.683537,1.00972,-2.94329,251.42,0.509975,0.253726,0,-179.225,41.8021,0,-2.82573,0.817373,0.0795953,179.36,-175.746,45.7933,
0.7,0.683481,1.00956,-3.24971,251.004,0.562675,0.280324,0,-178.946,41.7404,0,-3.11994,0.902342,0.0879067,179.045,-175.473,45.7194,
0.7,0.683417,1.00948,-3.05976,251.199,0.529376,0.264133,0,-179.094,41.776,0,-2.93761,0.849489,0.0827911,179.177,-175.617,45.7557,
0.7,0.683361,1.00939,-3.04288,251.189,0.526083,0.262898,0,-179.1,41.7778,0,-2.92144,0.844658,0.0823633,179.165,-175.615,45.7544,
0.7,0.683303,1.00932,-2.88978,251.344,0.499265,0.24983,0,-179.215,41.8055,0,-2.77449,0.80204,0.0782438,179.266,-175.734,45.7836,
0.7,0.683189,1.00916,-3.1163,251.021,0.537662,0.269853,0,-179.002,41.7575,0,-2.99205,0.864639,0.084431,179.021,-175.523,45.7262,
0.7,0.683126,1.00907,-3.07107,251.044,0.529431,0.26618,0,-179.028,41.7646,0,-2.94865,0.85197,0.0832297,179.031,-175.545,45.731,
0.7,0.683071,1.00899,-3.01065,251.087,0.518657,0.261135,0,-179.066,41.7745,0,-2.89069,0.835072,0.0816203,179.051,-175.587,45.7401,
0.7,0.682955,1.00891,-2.89376,251.199,0.497842,0.251362,0,-179.154,41.7956,0,-2.77853,0.802423,0.0784975,179.122,-175.673,45.7612,
0.7,0.682892,1.00875,-3.09233,250.907,0.531548,0.268831,0,-178.965,41.7517,0,-2.96922,0.85735,0.0839106,178.899,-175.484,45.7095,
0.7,0.682832,1.00867,-2.98347,251.007,0.512431,0.259544,0,-179.045,41.771,0,-2.86472,0.827057,0.0809794,178.962,-175.562,45.7286,
0.7,0.682771,1.00859,-2.936,251.036,0.503858,0.255621,0,-179.072,41.7783,0,-2.81917,0.813791,0.0797123,178.972,-175.594,45.7351,
0.7,0.682649,1.00851,-2.86301,251.096,0.490525,0.249667,0,-179.123,41.7908,0,-2.74914,0.793363,0.0777703,179.006,-175.645,45.7469,
0.7,0.682585,1.00835,-3.19874,250.644,0.547552,0.279118,0,-178.816,41.722,0,-3.07156,0.886278,0.0869145,178.665,-175.347,45.6664,
0.7,0.682526,1.00827,-3.04365,250.798,0.520589,0.265772,0,-178.934,41.7508,0,-2.92267,0.843205,0.0827211,178.765,-175.464,45.6954,
0.7,0.682466,1.00819,-2.98829,250.836,0.510738,0.261089,0,-178.968,41.7597,0,-2.86953,0.827762,0.0812375,178.783,-175.501,45.7032,
0.7,0.682399,1.00812,-2.89905,250.915,0.495033,0.253513,0,-179.029,41.7756,0,-2.78386,0.802957,0.0788287,178.829,-175.566,45.7187,
0.7,0.682276,1.00803,-2.87025,250.921,0.489297,0.251362,0,-179.045,41.7811,0,-2.75625,0.794805,0.0780808,178.826,-175.578,45.7206,
0.7,0.682212,1.00787,-3.08666,250.611,0.525775,0.270507,0,-178.838,41.737,0,-2.96409,0.854659,0.0839827,178.582,-175.384,45.6664,
0.7,0.682146,1.0078,-2.98638,250.701,0.508273,0.261938,0,-178.908,41.7549,0,-2.86781,0.826833,0.0812659,178.636,-175.458,45.684,
0.7,0.682,1.00771,-2.8902,250.786,0.490963,0.25388,0,-178.98,41.7731,0,-2.77547,0.800115,0.0786667,178.688,-175.526,45.7003,
0.7,0.681937,1.00755,-3.0309,250.565,0.514466,0.266463,0,-178.834,41.7422,0,-2.91061,0.839006,0.0825086,178.506,-175.397,45.6626,
0.7,0.681868,1.00747,-2.92336,250.665,0.495756,0.257245,0,-178.909,41.761,0,-2.80735,0.809186,0.0795917,178.565,-175.48,45.6821,
0.7,0.681738,1.00739,-2.86642,250.705,0.485318,0.252609,0,-178.947,41.7708,0,-2.7527,0.793314,0.0780637,178.583,-175.517,45.6903,
0.7,0.681671,1.00723,-3.04758,250.436,0.515591,0.268773,0,-178.767,41.7313,0,-2.92669,0.843406,0.0830069,178.365,-175.358,45.6442,
0.7,0.681599,1.00716,-2.97602,250.493,0.50302,0.262687,0,-178.811,41.7428,0,-2.85798,0.823555,0.0810671,178.392,-175.411,45.6559,
0.7,0.681533,1.00707,-2.9309,250.518,0.49499,0.258883,0,-178.837,41.7504,0,-2.81466,0.811016,0.0798485,178.396,-175.442,45.6617,
0.7,0.681408,1.00691,-3.19968,250.145,0.539572,0.283045,0,-178.584,41.6937,0,-3.07283,0.885246,0.0872003,178.105,-175.207,45.5964,
0.7,0.68134,1.00683,-3.01599,250.333,0.50817,0.267011,0,-178.723,41.7271,0,-2.89643,0.834355,0.0822079,178.226,-175.352,45.6321,
0.7,0.681278,1.00675,-2.94846,250.385,0.496428,0.261192,0,-178.767,41.7383,0,-2.83159,0.815599,0.0803817,178.25,-175.402,45.6429,
0.7,0.681214,1.00667,-2.91048,250.401,0.489953,0.258153,0,-178.787,41.7437,0,-2.79516,0.80495,0.0793754,178.247,-175.427,45.6472,
0.7,0.681173,1.00651,-3.21312,249.989,0.540487,0.285686,0,-178.504,41.6789,0,-3.0859,0.888394,0.0876817,177.927,-175.166,45.5749,
0.7,0.681104,1.00643,-3.0303,250.176,0.509287,0.269621,0,-178.641,41.7118,0,-2.91033,0.837773,0.0827068,178.046,-175.311,45.6103,
0.7,0.681042,1.00635,-2.9587,250.232,0.496911,0.263427,0,-178.686,41.7243,0,-2.84159,0.817874,0.0807735,178.071,-175.366,45.6222,
0.7,0.680911,1.00626,-2.89244,250.281,0.485025,0.257851,0,-178.731,41.7354,0,-2.778,0.799401,0.0789967,178.095,-175.412,45.6323,
0.7,0.680848,1.0061,-3.09759,249.982,0.519035,0.276334,0,-178.526,41.6911,0,-2.97505,0.856009,0.0846172,177.852,-175.232,45.5808,
0.7,0.680786,1.00602,-3.02886,250.034,0.507158,0.270373,0,-178.57,41.7032,0,-2.90907,0.836929,0.0827576,177.875,-175.282,45.5915,
0.7,0.680719,1.00593,-3.061,249.965,0.512087,0.273425,0,-178.532,41.6958,0,-2.93996,0.84572,0.0836532,177.815,-175.245,45.5801,
0.7,0.680591,1.00583,-3.0624,249.929,0.511478,0.273937,0,-178.52,41.6936,0,-2.94135,0.845947,0.0837239,177.78,-175.23,45.5746,
0.7,0.680528,1.00568,-3.14669,249.776,0.525113,0.281653,0,-178.416,41.6734,0,-3.02233,0.86914,0.0860468,177.638,-175.156,45.55,
0.7,0.680463,1.0056,-3.07623,249.829,0.512936,0.275499,0,-178.461,41.6853,0,-2.95468,0.849607,0.0841346,177.662,-175.207,45.561,
0.7,0.680392,1.0055,-3.15843,249.696,0.52612,0.283055,0,-178.382,41.6674,0,-3.03365,0.872258,0.086393,177.561,-175.12,45.5375,
0.7,0.680266,1.00535,-3.26506,249.514,0.54297,0.292957,0,-178.257,41.643,0,-3.1361,0.901546,0.0893413,177.399,-175.026,45.5076,
0.7,0.680203,1.00525,-3.20225,249.551,0.5321,0.287507,0,-178.297,41.6536,0,-3.0758,0.884113,0.0876409,177.413,-175.065,45.5157,
0.7,0.680133,1.00516,-3.15667,249.571,0.524038,0.283572,0,-178.321,41.6602,0,-3.03203,0.87148,0.086403,177.416,-175.091,45.5206,
0.7,0.680005,1.00508,-3.0296,249.691,0.502097,0.272481,0,-178.412,41.6823,0,-2.91001,0.836262,0.0829519,177.488,-175.189,45.5439,
0.7,0.67994,1.00491,-3.40666,249.188,0.564121,0.306573,0,-178.065,41.6062,0,-3.2722,0.940278,0.0932888,177.1,-174.866,45.4551,
0.7,0.679867,1.00482,-3.27094,249.312,0.541115,0.29453,0,-178.164,41.6299,0,-3.14186,0.902768,0.0895826,177.176,-174.965,45.479,
0.7,0.679801,1.00474,-3.17541,249.393,0.524861,0.286116,0,-178.226,41.6454,0,-3.05012,0.876336,0.0869797,177.219,-175.037,45.4952,
0.7,0.679736,1.00466,-3.11,249.439,0.513625,0.28042,0,-178.265,41.656,0,-2.9873,0.858205,0.0852031,177.238,-175.084,45.5051,
0.7,0.679602,1.00448,-3.20485,249.262,0.528419,0.28937,0,-178.152,41.6313,0,-3.07845,0.884232,0.0878317,177.084,-174.988,45.4757,
0.7,0.679539,1.0044,-3.11811,249.333,0.513722,0.281747,0,-178.206,41.6446,0,-2.99515,0.860231,0.0854684,177.122,-175.052,45.4901,
0.7,0.679413,1.00432,-2.9812,249.465,0.490429,0.269779,0,-178.306,41.6692,0,-2.86368,0.822312,0.0817453,177.203,-175.157,45.5154,
0.7,0.679346,1.00415,-3.17683,249.174,0.522189,0.287685,0,-178.106,41.6243,0,-3.05163,0.876171,0.08713,176.968,-174.98,45.465,
0.7,0.679284,1.00406,-3.15495,249.166,0.518197,0.285911,0,-178.107,41.6248,0,-3.03064,0.870032,0.0865508,176.952,-174.986,45.4647,
0.7,0.679224,1.00398,-3.10919,249.189,0.510337,0.281871,0,-178.129,41.6307,0,-2.98671,0.857296,0.0853183,176.956,-175.014,45.4701,
0.7,0.679107,1.00391,-2.85668,249.465,0.468208,0.259341,0,-178.287,41.6748,0,-2.74422,0.787447,0.0784353,177.096,-175.265,45.5262,
0.7,0.679043,1.00382,-2.81954,249.479,0.461737,0.256145,0,-178.305,41.6797,0,-2.70857,0.777113,0.0774351,177.096,-175.285,45.5297,
0.7,0.678985,1.00373,-2.83409,249.435,0.463778,0.257665,0,-178.28,41.6759,0,-2.72257,0.781008,0.0778572,177.053,-175.265,45.5228,
0.7,0.678927,1.00364,-2.84441,249.395,0.465134,0.258785,0,-178.258,41.6722,0,-2.73252,0.783654,0.0781788,177.011,-175.251,45.5169,
0.7,0.678801,1.00356,-2.84339,249.368,0.464241,0.259099,0,-178.245,41.6707,0,-2.7316,0.783155,0.078195,176.981,-175.243,45.5132,
0.7,0.67874,1.00338,-3.1107,248.988,0.507504,0.283638,0,-177.989,41.6133,0,-2.98844,0.85666,0.0855709,176.691,-174.997,45.4459,
0.7,0.678682,1.00329,-3.04454,249.035,0.496342,0.277803,0,-178.029,41.6242,0,-2.92492,0.838295,0.0837796,176.71,-175.044,45.4558,
0.7,0.678556,1.0032,-3.02789,249.021,0.492863,0.27671,0,-178.032,41.6253,0,-2.90899,0.833465,0.0833707,176.692,-175.042,45.454,
0.7,0.678499,1.00302,-3.27317,248.665,0.532411,0.299341,0,-177.795,41.5726,0,-3.14468,0.900844,0.0901526,176.423,-174.808,45.3907,
0.7,0.678442,1.00293,-3.23107,248.681,0.525186,0.295674,0,-177.816,41.5791,0,-3.10427,0.889124,0.0890197,176.422,-174.831,45.3947,
0.7,0.678385,1.00284,-3.21185,248.669,0.521709,0.294119,0,-177.818,41.5808,0,-3.08584,0.883704,0.0885169,176.405,-174.832,45.3936,
0.7,0.678321,1.00275,-3.23336,248.608,0.524747,0.296328,0,-177.788,41.5745,0,-3.10654,0.889517,0.0891312,176.355,-174.796,45.3831,
0.7,0.6782,1.00257,-3.34534,248.408,0.542062,0.306952,0,-177.658,41.5465,0,-3.21419,0.920103,0.0922625,176.19,-174.678,45.3488,
0.7,0.67814,1.00248,-3.27019,248.462,0.529469,0.300242,0,-177.703,41.5579,0,-3.14202,0.899323,0.0902123,176.218,-174.727,45.3597,
0.7,0.678073,1.00239,-3.20801,248.499,0.518907,0.294709,0,-177.74,41.5671,0,-3.08231,0.882145,0.0885133,176.236,-174.762,45.3674,
0.7,0.677954,1.00231,-3.12468,248.565,0.504613,0.287394,0,-177.789,41.5804,0,-3.0023,0.859021,0.0862565,176.269,-174.822,45.3808,
0.7,0.677897,1.00213,-3.36592,248.216,0.543141,0.309762,0,-177.549,41.5269,0,-3.23413,0.9252,0.0929443,176,-174.598,45.3191,
0.7,0.677833,1.00204,-3.30615,248.249,0.53303,0.304432,0,-177.582,41.5354,0,-3.17673,0.908661,0.0913158,176.015,-174.629,45.326,
0.7,0.677774,1.00196,-3.1869,248.356,0.513377,0.293657,0,-177.661,41.5558,0,-3.06219,0.875754,0.0880493,176.08,-174.716,45.3467,
0.7,0.677657,1.00187,-3.11588,248.408,0.501116,0.287418,0,-177.702,41.5676,0,-2.99403,0.855964,0.0861422,176.103,-174.766,45.3575,
0.7,0.677598,1.00169,-3.37976,248.028,0.54311,0.311942,0,-177.444,41.5099,0,-3.24763,0.928319,0.0934646,175.814,-174.519,45.2903,
0.7,0.677533,1.00161,-3.30205,248.086,0.530132,0.304989,0,-177.487,41.5221,0,-3.17299,0.906844,0.0913418,175.84,-174.574,45.3021,
0.7,0.677474,1.00152,-3.23475,248.132,0.518922,0.298926,0,-177.522,41.5322,0,-3.10835,0.888233,0.0895059,175.861,-174.617,45.3116,
0.7,0.677417,1.00144,-3.20351,248.136,0.513526,0.296227,0,-177.53,41.5358,0,-3.07837,0.879509,0.0886706,175.853,-174.631,45.3135,
0.7,0.677295,1.00126,-3.49104,247.726,0.558634,0.323303,0,-177.252,41.4752,0,-3.35475,0.958194,0.0966809,175.545,-174.362,45.2406,
0.7,0.677235,1.00117,-3.31506,247.898,0.530035,0.307195,0,-177.378,41.5071,0,-3.18568,0.909772,0.0918319,175.652,-174.496,45.2732,
0.7,0.677176,1.00108,-3.26972,247.917,0.522372,0.3032,0,-177.398,41.5136,0,-3.14214,0.897189,0.0906038,175.655,-174.521,45.2778,
0.7,0.677109,1.00099,-3.26793,247.885,0.521574,0.30323,0,-177.383,41.5119,0,-3.14044,0.896604,0.0905729,175.622,-174.51,45.2732,
0.7,0.677047,1.0009,-3.32027,247.788,0.529457,0.308321,0,-177.324,41.4992,0,-3.19078,0.910847,0.0920473,175.544,-174.45,45.2563,
0.7,0.676987,1.00081,-3.30229,247.775,0.526124,0.30683,0,-177.318,41.5004,0,-3.17353,0.905795,0.091573,175.522,-174.455,45.2554,
0.7,0.676924,1.00073,-3.29495,247.75,0.524503,0.306352,0,-177.306,41.4993,0,-3.16651,0.903682,0.0913898,175.493,-174.447,45.2518,
0.7,0.676861,1.00064,-3.27522,247.74,0.520902,0.304722,0,-177.305,41.5004,0,-3.14757,0.898183,0.0908599,175.476,-174.45,45.2508,
0.7,0.676791,1.00054,-3.32932,247.64,0.528993,0.309943,0,-177.243,41.4874,0,-3.19958,0.912942,0.0923761,175.397,-174.388,45.2335,
0.7,0.676728,1.00046,-3.31589,247.622,0.526414,0.308887,0,-177.233,41.4861,0,-3.1867,0.909171,0.0920215,175.371,-174.389,45.2315,
0.7,0.676665,1.00037,-3.3145,247.59,0.525771,0.308945,0,-177.215,41.4825,0,-3.18539,0.908693,0.0920021,175.338,-174.377,45.2267,
0.7,0.676597,1.00028,-3.30951,247.562,0.524476,0.308678,0,-177.199,41.4794,0,-3.18062,0.90724,0.0918811,175.307,-174.368,45.2227,
0.7,0.676532,1.00019,-3.30294,247.533,0.522984,0.308261,0,-177.186,41.4769,0,-3.17433,0.905359,0.0917149,175.278,-174.357,45.2183,
0.7,0.676407,1.0001,-3.26261,247.547,0.51577,0.304888,0,-177.196,41.4799,0,-3.13563,0.894096,0.0906372,175.274,-174.381,45.2222,
0.7,0.676344,1.00002,-3.19737,247.59,0.505047,0.298975,0,-177.231,41.4886,0,-3.07296,0.876122,0.0888442,175.293,-174.422,45.2312,
0.7,0.676277,0.999922,-3.23355,247.513,0.5103,0.302542,0,-177.183,41.4775,0,-3.10776,0.885937,0.0898694,175.23,-174.376,45.2179,
0.7,0.676218,0.999751,-3.67586,246.93,0.579649,0.344169,0,-176.767,41.3822,0,-3.53291,1.00696,0.102194,174.793,-173.989,45.1137,
0.7,0.676157,0.999664,-3.44863,247.159,0.543422,0.32313,0,-176.934,41.4219,0,-3.31455,0.944587,0.0959028,174.945,-174.161,45.1567,
0.7,0.676097,0.999577,-3.38034,247.203,0.532245,0.31697,0,-176.969,41.4307,0,-3.24895,0.925758,0.0940285,174.966,-174.203,45.1658,
0.7,0.67603,0.999481,-3.42405,247.115,0.538644,0.321284,0,-176.912,41.4181,0,-3.29099,0.937627,0.0952653,174.892,-174.152,45.1508,
0.7,0.675969,0.999395,-3.38346,247.127,0.53183,0.317677,0,-176.922,41.421,0,-3.25201,0.926376,0.094163,174.89,-174.171,45.1541,
0.7,0.675907,0.999307,-3.36178,247.118,0.528019,0.315848,0,-176.92,41.4209,0,-3.23121,0.920315,0.0935851,174.873,-174.174,45.1533,
0.7,0.675846,0.999211,-3.41829,247.014,0.53644,0.321364,0,-176.856,41.4062,0,-3.28556,0.93567,0.0951816,174.792,-174.109,45.1351,
0.7,0.675779,0.999122,-3.40518,246.994,0.53387,0.320334,0,-176.847,41.4055,0,-3.27299,0.931971,0.0948383,174.766,-174.107,45.1327,
0.7,0.67572,0.999034,-3.38396,246.984,0.530099,0.318548,0,-176.843,41.4054,0,-3.25263,0.926024,0.0942755,174.748,-174.11,45.1318,
0.7,0.675665,0.998945,-3.38497,246.947,0.529856,0.318857,0,-176.823,41.4024,0,-3.25365,0.926119,0.0943402,174.713,-174.093,45.126,
0.7,0.675609,0.998847,-3.4152,246.873,0.534158,0.321892,0,-176.781,41.3933,0,-3.28276,0.934245,0.0952123,174.653,-174.048,45.1132,
0.7,0.675546,0.998757,-3.40273,246.851,0.531713,0.320906,0,-176.772,41.3929,0,-3.27081,0.930691,0.0948936,174.628,-174.043,45.1102,
0.7,0.675489,0.998669,-3.37608,246.847,0.527111,0.318582,0,-176.772,41.3947,0,-3.24524,0.923252,0.0941804,174.612,-174.053,45.1107,
0.7,0.675433,0.998579,-3.37902,246.808,0.527203,0.31909,0,-176.75,41.3911,0,-3.24811,0.923871,0.0942991,174.575,-174.035,45.1046,
0.7,0.67535,0.998482,-3.42034,246.721,0.533145,0.323148,0,-176.698,41.3796,0,-3.2878,0.935287,0.0954287,174.506,-173.982,45.0895,
0.7,0.675285,0.998392,-3.41596,246.691,0.531952,0.322922,0,-176.682,41.3773,0,-3.28362,0.933962,0.0953321,174.474,-173.969,45.0848,
0.7,0.675169,0.998303,-3.36789,246.711,0.52364,0.318743,0,-176.7,41.3834,0,-3.23749,0.920533,0.0940482,174.476,-173.996,45.0897,
0.7,0.675113,0.998213,-3.32097,246.73,0.515928,0.314501,0,-176.72,41.3893,0,-3.19243,0.907563,0.0927672,174.48,-174.019,45.0941,
0.7,0.675048,0.998025,-3.54405,246.391,0.55007,0.335835,0,-176.493,41.337,0,-3.40691,0.968416,0.0990212,174.224,-173.796,45.0338,
0.7,0.674989,0.997935,-212.487,246.42,32.9546,20.1505,0,-176.518,41.3438,0,-204.267,58.0534,5.9387,174.232,-173.829,45.0403,
0.7,0.67493,0.997847,-176.801,75.2236,27.3976,16.7751,0,-53.8854,12.621,0,-169.963,48.2968,4.94268,53.1842,-53.067,13.7495,
0.7,0.67487,0.997759,-147.949,107.323,22.9068,14.0464,0,-76.8809,18.0073,0,-142.229,40.41,4.13718,75.8747,-75.7159,19.6172,
0.7,0.674805,0.997662,-124.678,133.235,19.2851,11.844,0,-95.4473,22.3559,0,-119.859,34.0491,3.48743,94.1898,-94.0006,24.3539,
0.7,0.674744,0.997572,-105.754,154.242,16.3438,10.0524,0,-110.497,25.8822,0,-101.668,28.8771,2.95888,109.031,-108.831,28.1946,
0.7,0.674684,0.997483,-90.4029,171.301,13.9599,8.59882,0,-122.72,28.7459,0,-86.9103,24.6819,2.53004,121.082,-120.876,31.3138,
0.7,0.674627,0.997385,-78.0506,185.024,12.0422,7.4288,0,-132.557,31.0507,0,-75.0361,21.3064,2.18496,130.777,-130.564,33.8228,
0.7,0.674569,0.997294,-67.9604,196.237,10.4769,6.4723,0,-140.595,32.9341,0,-65.3363,18.5496,1.90297,138.695,-138.483,35.8732,
0.7,0.674506,0.997203,-59.7903,205.354,9.20899,5.69735,0,-147.132,34.4662,0,-57.4822,16.3175,1.67463,145.131,-144.925,37.5407,
0.7,0.674395,0.997112,-53.549,212.731,8.23475,5.10911,0,-152.42,35.7071,0,-51.4832,14.6094,1.50077,150.334,-150.142,38.8903,
0.7,0.674338,0.997022,-48.1789,218.328,7.40268,4.60063,0,-156.433,36.6483,0,-46.3208,13.1423,1.35068,154.281,-154.101,39.9144,
0.7,0.674283,0.996923,-43.8822,223.087,6.73258,4.19243,0,-159.851,37.4498,0,-42.1902,11.9691,1.23046,157.638,-157.466,40.7851,
0.7,0.67422,0.996832,-40.4236,227.02,6.19609,3.86451,0,-162.673,38.1143,0,-38.8655,11.0239,1.13384,160.408,-160.251,41.5049,
0.7,0.674162,0.996652,-37.6229,229.873,5.76232,3.59914,0,-164.722,38.5988,0,-36.1732,10.2584,1.05563,162.404,-162.284,42.0284,
0.7,0.674107,0.996552,-35.2376,232.635,5.39271,3.37307,0,-166.709,39.0665,0,-33.8803,9.60632,0.989048,164.349,-164.24,42.5339,
0.7,0.674044,0.996461,-33.3996,234.797,5.10671,3.19961,0,-168.263,39.4329,0,-32.1135,9.1039,0.937733,165.868,-165.775,42.9301,
0.7,0.673986,0.996369,-31.9294,236.425,4.878,3.06071,0,-169.434,39.7099,0,-30.7001,8.70198,0.89669,167.006,-166.937,43.229,
0.7,0.673925,0.996283,-30.7286,237.795,4.69096,2.94778,0,-170.413,39.941,0,-29.5459,8.37373,0.863169,167.963,-167.915,43.4806,
0.7,0.673865,0.996185,-29.8509,238.784,4.55325,2.8656,0,-171.128,40.1106,0,-28.7022,8.13363,0.838698,168.653,-168.621,43.6621,
0.7,0.673803,0.996096,-29.1047,239.653,4.43582,2.79607,0,-171.754,40.2584,0,-27.985,7.92959,0.81788,169.256,-169.246,43.8222,
0.7,0.673733,0.996007,-28.57,240.338,4.35033,2.7461,0,-172.246,40.3755,0,-27.4709,7.78334,0.802964,169.727,-169.743,43.9488,
0.7,0.673669,0.995921,-28.0791,240.853,4.2722,2.70062,0,-172.614,40.4632,0,-26.9991,7.649,0.789294,170.079,-170.118,44.044,
0.7,0.673605,0.995826,-27.7369,241.245,4.2165,2.66933,0,-172.914,40.5303,0,-26.6702,7.55524,0.779781,170.382,-170.367,44.1129,
0.7,0.673542,0.995739,-27.3953,241.632,4.16099,2.63803,0,-173.192,40.5975,0,-26.3419,7.46162,0.77029,170.645,-170.652,44.1848,
0.7,0.673472,0.995648,-27.2393,241.901,4.13353,2.62464,0,-173.391,40.6465,0,-26.1921,7.41856,0.766018,170.824,-170.852,44.2351,
0.7,0.673409,0.995563,-27.0216,242.107,4.09703,2.60525,0,-173.531,40.6815,0,-25.9829,7.35868,0.760018,170.955,-171.012,44.2741,
0.7,0.673346,0.995465,-26.9482,242.203,4.08249,2.5997,0,-173.607,40.6948,0,-25.9125,7.33807,0.758079,171.014,-171.089,44.2925,
0.7,0.673285,0.995376,-26.8165,242.349,4.05924,2.58852,0,-173.714,40.7224,0,-25.7861,7.30146,0.754522,171.106,-171.203,44.3204,
0.7,0.673216,0.995288,-26.7884,242.476,4.05129,2.58737,0,-173.805,40.7465,0,-25.7592,7.29308,0.753872,171.182,-171.306,44.3449,
0.7,0.673151,0.995192,-26.7845,242.464,4.04757,2.58487,0,-173.799,40.7465,0,-25.7556,7.29209,0.753764,171.165,-171.306,44.3435,
0.7,0.673088,0.995104,-26.7242,242.532,4.03509,2.58051,0,-173.85,40.7604,0,-25.6978,7.27485,0.752229,171.202,-171.365,44.357,
0.7,0.673027,0.995016,-26.6714,242.594,4.02387,2.57689,0,-173.896,40.7741,0,-25.6474,7.25956,0.750934,171.235,-171.42,44.3695,
0.7,0.672958,0.994927,-26.7099,242.646,4.02629,2.58183,0,-173.935,40.7858,0,-25.6846,7.26913,0.7522,171.261,-171.468,44.3801,
0.7,0.672896,0.99483,-26.7323,242.562,4.02638,2.58582,0,-173.879,40.7748,0,-25.7064,7.27415,0.753044,171.19,-171.419,44.3658,
0.7,0.672836,0.994722,-26.8432,242.438,4.03988,2.59805,0,-173.826,40.7669,0,-25.8133,7.30323,0.756384,171.096,-171.339,44.3438,
0.7,0.672778,0.99463,-26.8101,242.47,4.03179,2.59643,0,-173.854,40.7761,0,-25.7819,7.29309,0.755687,171.109,-171.371,44.3506,
0.7,0.672716,0.994537,-26.8231,242.503,4.03053,2.59915,0,-173.883,40.7849,0,-25.7948,7.29519,0.756343,171.123,-171.403,44.3576,
0.7,0.67266,0.994445,-26.7193,242.549,4.01187,2.59078,0,-173.919,40.796,0,-25.6953,7.26549,0.753706,171.144,-171.447,44.367,
0.7,0.672604,0.994346,-26.7601,242.54,4.01483,2.59664,0,-173.919,40.7978,0,-25.7349,7.27505,0.75516,171.131,-171.446,44.3659,
0.7,0.672496,0.994254,-27.0097,242.661,4.04605,2.62393,0,-174.01,40.8213,0,-25.9759,7.33953,0.76288,171.209,-171.54,44.389,
0.7,0.672435,0.994071,-27.0442,242.107,4.04744,2.62881,0,-173.617,40.7323,0,-26.0095,7.34744,0.764154,170.801,-171.164,44.2891,
0.7,0.672382,0.99397,-26.9716,242.284,4.03332,2.62352,0,-173.75,40.7652,0,-25.9401,7.3261,0.762426,170.918,-171.298,44.3223,
0.7,0.67233,0.993878,-26.9285,242.362,4.02378,2.62069,0,-173.81,40.7804,0,-25.899,7.31276,0.76153,170.965,-171.362,44.3375,
0.7,0.672274,0.993786,-26.9248,242.406,4.01971,2.62163,0,-173.844,40.7897,0,-25.8959,7.31012,0.761757,170.987,-171.401,44.3463,
0.7,0.672223,0.993695,-26.8884,242.422,4.0112,2.61959,0,-173.856,40.7936,0,-25.8613,7.29863,0.761047,170.99,-171.421,44.3501,
0.7,0.67217,0.993596,-26.9448,242.377,4.01628,2.62647,0,-173.829,40.7888,0,-25.9159,7.31257,0.762914,170.951,-171.395,44.3424,
0.7,0.672115,0.993505,-26.9143,242.423,4.00832,2.62484,0,-173.862,40.7984,0,-25.887,7.30311,0.762295,170.971,-171.44,44.352,
0.7,0.672056,0.993416,-26.9072,242.477,4.0039,2.62524,0,-173.903,40.8096,0,-25.8804,7.30026,0.762281,171,-171.489,44.363,
0.7,0.67199,0.99332,-27.0749,242.396,4.02472,2.64294,0,-173.846,40.7975,0,-26.0419,7.34502,0.767177,170.934,-171.439,44.3489,
0.7,0.67193,0.993231,-27.116,242.313,4.02713,2.64863,0,-173.785,40.7861,0,-26.0817,7.35533,0.76851,170.862,-171.394,44.335,
0.7,0.671871,0.993142,-27.1486,242.283,4.0283,2.65327,0,-173.763,40.7829,0,-26.1132,7.36341,0.76959,170.831,-171.383,44.3306,
0.7,0.671812,0.993053,-27.1887,242.26,4.03082,2.65857,0,-173.746,40.7814,0,-26.1519,7.37356,0.770865,170.803,-171.378,44.3275,
0.7,0.671748,0.992957,-27.3193,242.172,4.04621,2.67296,0,-173.683,40.7692,0,-26.2777,7.4084,0.774684,170.731,-171.326,44.3124,
0.7,0.671691,0.992868,-27.3222,242.125,4.0432,2.67517,0,-173.648,40.7646,0,-26.2807,7.40842,0.774922,170.686,-171.304,44.3049,
0.7,0.671635,0.99278,-27.3265,242.124,4.0405,2.67718,0,-173.646,40.7677,0,-26.285,7.4088,0.775199,170.671,-171.319,44.3062,
0.7,0.671578,0.992691,-27.3452,242.127,4.04025,2.68,0,-173.647,40.771,0,-26.3033,7.41308,0.775892,170.661,-171.333,44.308,
0.7,0.671513,0.992595,-27.4895,242.053,4.05762,2.69572,0,-173.595,40.7611,0,-26.4422,7.45153,0.780117,170.598,-171.29,44.2954,
0.7,0.671453,0.992506,-27.5143,241.991,4.0577,2.70002,0,-173.55,40.7537,0,-26.4663,7.45746,0.780983,170.543,-171.258,44.2852,
0.7,0.671395,0.992417,-27.5441,241.97,4.05847,2.70427,0,-173.534,40.7533,0,-26.4952,7.46478,0.781984,170.514,-171.258,44.2828,
0.7,0.671335,0.992327,-27.5912,241.941,4.06192,2.71044,0,-173.514,40.751,0,-26.5407,7.47669,0.783484,170.482,-171.248,44.2785,
0.7,0.671271,0.992237,-27.6808,241.909,4.07096,2.72077,0,-173.49,40.7476,0,-26.6271,7.50024,0.78618,170.448,-171.237,44.2739,
0.7,0.671213,0.992137,-27.7749,241.748,4.08128,2.73153,0,-173.38,40.7235,0,-26.7179,7.52486,0.789027,170.325,-171.132,44.2452,
0.7,0.671158,0.992045,-27.7814,241.736,4.07881,2.73375,0,-173.373,40.724,0,-26.7244,7.52559,0.789417,170.303,-171.138,44.2445,
0.7,0.671101,0.991954,-27.8051,241.735,4.07881,2.7376,0,-173.373,40.7263,0,-26.7474,7.53108,0.790277,170.291,-171.148,44.2453,
0.7,0.671038,0.991856,-27.9046,241.677,4.08962,2.74889,0,-173.334,40.7187,0,-26.8434,7.55711,0.793287,170.241,-171.116,44.2356,
0.7,0.670982,0.991765,-27.907,241.638,4.08636,2.751,0,-173.306,40.7144,0,-26.8459,7.55665,0.793575,170.202,-171.099,44.2295,
0.7,0.670925,0.991674,-27.93,241.633,4.0862,2.75473,0,-173.301,40.7162,0,-26.8684,7.5619,0.794429,170.185,-171.109,44.2299,
0.7,0.67087,0.991584,-27.9033,241.644,4.07908,2.75345,0,-173.308,40.7203,0,-26.843,7.55341,0.793922,170.183,-171.128,44.2331,
0.7,0.670809,0.991494,-27.9712,241.659,4.08521,2.76171,0,-173.315,40.7244,0,-26.9086,7.57073,0.796063,170.181,-171.15,44.2369,
0.7,0.670691,0.991394,-28.4096,241.616,4.14123,2.81147,0,-173.287,40.7202,0,-27.331,7.68715,0.808994,170.142,-171.128,44.2299,
0.7,0.670641,0.991212,-28.3347,241.009,4.12712,2.80578,0,-172.849,40.6218,0,-27.2593,7.66549,0.807138,169.688,-170.725,44.1215,
0.7,0.670585,0.991114,-28.3064,241.243,4.11954,2.80451,0,-173.016,40.6632,0,-27.2324,7.65662,0.806574,169.842,-170.9,44.1652,
0.7,0.670535,0.991024,-28.2469,241.291,4.1077,2.8002,0,-173.049,40.6744,0,-27.1756,7.63928,0.805134,169.864,-170.946,44.1751,
0.7,0.670486,0.990934,-28.1623,241.374,4.09214,2.79374,0,-173.107,40.691,0,-27.0945,7.61514,0.802977,169.911,-171.016,44.1914,
0.7,0.670437,0.990843,-28.1442,241.415,4.08665,2.79305,0,-173.133,40.701,0,-27.0774,7.60885,0.802738,169.925,-171.06,44.2004,
0.7,0.670379,0.990752,-28.2141,241.425,4.09286,2.80159,0,-173.139,40.7056,0,-27.145,7.62675,0.804931,169.92,-171.08,44.2035,
0.7,0.670327,0.990653,-28.2869,241.301,4.10013,2.8102,0,-173.051,40.6875,0,-27.2153,7.64546,0.807207,169.823,-171.002,44.1818,
0.7,0.670275,0.990561,-28.2959,241.297,4.09793,2.81268,0,-173.047,40.6901,0,-27.2242,7.64705,0.807632,169.806,-171.011,44.1821,
0.7,0.670223,0.990469,-28.3188,241.28,4.09799,2.81646,0,-173.034,40.6906,0,-27.2465,7.65225,0.808487,169.779,-171.015,44.1806,
0.7,0.670173,0.990377,-28.3279,241.259,4.09588,2.81885,0,-173.02,40.6905,0,-27.2555,7.65366,0.808956,169.751,-171.013,44.178,
0.7,0.670117,0.990278,-28.446,241.188,4.10919,2.832,0,-172.971,40.6818,0,-27.3694,7.68478,0.812485,169.691,-170.973,44.1661,
0.7,0.670068,0.990186,-28.4337,241.15,4.10411,2.83232,0,-172.944,40.6788,0,-27.3578,7.68049,0.812329,169.652,-170.958,44.1603,
0.7,0.670019,0.990095,-28.4364,241.154,4.10135,2.83429,0,-172.945,40.6823,0,-27.3607,7.68012,0.812627,169.639,-170.976,44.1625,
0.7,0.669971,0.989987,-28.5488,241.004,4.11419,2.84711,0,-172.845,40.6599,0,-27.4692,7.70933,0.816071,169.526,-170.878,44.1358,
0.7,0.669922,0.989886,-28.6036,240.955,4.11876,2.85417,0,-172.812,40.655,0,-27.5222,7.72311,0.817839,169.48,-170.853,44.1278,
0.7,0.669868,0.989796,-28.6293,240.989,4.1186,2.85866,0,-172.831,40.6614,0,-27.5472,7.72917,0.818752,169.491,-170.89,44.1353,
0.7,0.669819,0.989705,-28.6206,240.953,4.11396,2.8594,0,-172.802,40.6571,0,-27.5391,7.72577,0.81872,169.45,-170.88,44.1303,
0.7,0.66977,0.98963,-28.4566,241.142,4.0872,2.84505,0,-172.927,40.6895,0,-27.3816,7.68048,0.814235,169.566,-171.032,44.1665,
0.7,0.669721,0.989515,-28.6313,240.941,4.10901,2.86449,0,-172.79,40.658,0,-27.55,7.7266,0.819437,169.419,-170.895,44.1304,
0.7,0.669617,0.989423,-29.014,241.001,4.15689,2.9066,0,-172.831,40.67,0,-27.9188,7.82797,0.830775,169.448,-170.95,44.1425,
0.7,0.66964,0.989331,-28.319,240.682,4.05964,2.83947,0,-172.598,40.6177,0,-27.2507,7.6383,0.811316,169.208,-170.739,44.0856,
0.7,0.669592,0.989138,-28.5084,240.885,4.08344,2.86023,0,-172.743,40.656,0,-27.4332,7.68838,0.816943,169.327,-170.907,44.1252,
0.7,0.669544,0.989047,-28.4768,241.044,4.07618,2.8581,0,-172.851,40.6842,0,-27.4031,7.67905,0.816208,169.425,-171.033,44.1555,
0.7,0.669491,0.988953,-28.5497,241.027,4.08303,2.86758,0,-172.838,40.6838,0,-27.4735,7.69763,0.81851,169.4,-171.034,44.1538,
0.7,0.669444,0.988858,-28.5959,240.934,4.08639,2.87389,0,-172.77,40.6706,0,-27.5184,7.70877,0.820101,169.318,-170.984,44.1382,
0.7,0.669395,0.988762,-28.6772,240.878,4.09452,2.88385,0,-172.731,40.6636,0,-27.5968,7.72983,0.822602,169.266,-170.957,44.1293,
0.7,0.669343,0.988659,-28.8151,240.738,4.11058,2.89935,0,-172.633,40.6426,0,-27.7298,7.76613,0.82674,169.156,-170.869,44.1046,
0.7,0.669293,0.988564,-28.7878,240.732,4.10303,2.89829,0,-172.628,40.6447,0,-27.7038,7.75756,0.826197,169.135,-170.88,44.1051,
0.7,0.669236,0.988468,-28.8366,240.75,4.10549,2.90479,0,-172.642,40.6501,0,-27.751,7.76978,0.827781,169.135,-170.906,44.1096,
0.7,0.669134,0.988267,-29.3237,240.317,4.16628,2.95733,0,-172.334,40.5816,0,-28.2204,7.89894,0.842186,168.807,-170.623,44.0328,
0.7,0.669083,0.988169,-29.2738,240.208,4.15518,2.9541,0,-172.255,40.568,0,-28.1727,7.88426,0.841001,168.716,-170.559,44.0141,
0.7,0.669036,0.988072,-29.2274,240.25,4.14459,2.95107,0,-172.284,40.5772,0,-28.1284,7.87048,0.839927,168.729,-170.606,44.0236,
0.7,0.668981,0.987976,-29.3232,240.238,4.15367,2.96249,0,-172.274,40.5763,0,-28.2209,7.89525,0.84289,168.706,-170.611,44.0225,
0.7,0.668933,0.98788,-29.3433,240.164,4.15253,2.96632,0,-172.218,40.5642,0,-28.2405,7.89956,0.843685,168.641,-170.572,44.0103,
0.7,0.668885,0.987775,-29.4373,240.05,4.16192,2.97799,0,-172.139,40.5466,0,-28.3314,7.92356,0.846653,168.55,-170.502,43.9905,
0.7,0.668832,0.987796,-28.6462,241.054,4.04563,2.89962,0,-172.803,40.7095,0,-27.5703,7.70935,0.824152,169.21,-171.26,44.179,
0.7,0.668783,0.9877,-28.8268,240.834,4.06697,2.91991,0,-172.641,40.673,0,-27.7445,7.75677,0.829586,169.038,-171.121,44.1403,
0.7,0.668735,0.987607,-28.9666,240.681,4.08257,2.93602,0,-172.525,40.6474,0,-27.8794,7.79328,0.833839,168.916,-171.027,44.1137,
0.7,0.668686,0.987511,-29.0937,240.538,4.09638,2.95085,0,-172.419,40.6235,0,-28.0021,7.82616,0.837759,168.8,-170.939,44.0888,
0.7,0.66864,0.987405,-29.2066,240.369,4.10845,2.96411,0,-172.297,40.5964,0,-28.1112,7.8551,0.841303,168.666,-170.834,44.0593,
0.7,0.668587,0.987308,-29.3382,240.301,4.12255,2.97928,0,-172.247,40.5862,0,-28.2381,7.88932,0.845326,168.605,-170.8,44.0483,
0.7,0.668541,0.987212,-29.3789,240.199,4.12445,2.98557,0,-172.169,40.5694,0,-28.2777,7.899,0.846757,168.519,-170.741,44.0309,
0.7,0.668494,0.987106,-29.486,240.07,4.13571,2.99811,0,-172.08,40.5502,0,-28.381,7.92664,0.85007,168.417,-170.66,44.0083,
0.7,0.668395,0.986907,-29.8419,239.791,4.17746,3.03788,0,-171.88,40.5068,0,-28.7244,8.01885,0.861015,168.193,-170.49,43.9599,
0.7,0.668346,0.986807,-29.8337,239.688,4.1722,3.03909,0,-171.807,40.4914,0,-28.7169,8.01543,0.861026,168.108,-170.429,43.9422,
0.7,0.668295,0.986699,-29.8782,239.64,4.17429,3.04521,0,-171.774,40.4849,0,-28.76,8.02632,0.862523,168.064,-170.405,43.9344,
0.7,0.668245,0.986599,-29.9534,239.592,4.18069,3.05424,0,-171.74,40.4787,0,-28.8327,8.04534,0.864929,168.017,-170.384,43.9268,
0.7,0.66819,0.986499,-29.856,239.661,4.16272,3.04594,0,-171.788,40.4927,0,-28.7392,8.01794,0.862363,168.05,-170.448,43.941,
0.7,0.668092,0.986292,-30.2408,239.346,4.20842,3.08869,0,-171.563,40.4432,0,-29.1103,8.11902,0.873936,167.806,-170.248,43.8856,
0.7,0.668044,0.986195,-30.1783,239.293,4.19609,3.08363,0,-171.522,40.4361,0,-29.0504,8.10109,0.872358,167.755,-170.224,43.8772,
0.7,0.667998,0.986098,-30.124,239.343,4.18472,3.07967,0,-171.553,40.4464,0,-28.9985,8.08536,0.871023,167.772,-170.276,43.8879,
0.7,0.667945,0.986003,-30.139,239.392,4.1824,3.08302,0,-171.58,40.4553,0,-29.0132,8.08848,0.87164,167.791,-170.325,43.8983,
0.7,0.667897,0.985898,-30.2348,239.258,4.19164,3.09453,0,-171.483,40.4353,0,-29.1058,8.11329,0.874599,167.685,-170.243,43.8751,
0.7,0.667849,0.985801,-30.2627,239.237,4.1916,3.09894,0,-171.461,40.4329,0,-29.1328,8.11987,0.875586,167.652,-170.245,43.8728,
0.7,0.667794,0.985705,-30.3452,239.201,4.19834,3.1091,0,-171.431,40.4279,0,-29.2125,8.14114,0.878149,167.613,-170.234,43.8676,
0.7,0.667743,0.985609,-30.3845,239.134,4.19948,3.11506,0,-171.376,40.4164,0,-29.2506,8.15078,0.879467,167.551,-170.2,43.8567,
0.7,0.667692,0.985511,-30.4415,239.076,4.20309,3.12246,0,-171.331,40.4082,0,-29.3056,8.16531,0.881266,167.495,-170.173,43.8474,
0.7,0.66764,0.985404,-30.5364,238.959,4.2121,3.13389,0,-171.248,40.3899,0,-29.3973,8.18993,0.884184,167.401,-170.103,43.8273,
0.7,0.667585,0.985307,-30.6096,238.926,4.21755,3.14284,0,-171.219,40.3857,0,-29.4679,8.20873,0.886469,167.362,-170.095,43.8228,
0.7,0.667534,0.985212,-30.6314,238.875,4.21621,3.14694,0,-171.176,40.3774,0,-29.4892,8.21381,0.887258,167.31,-170.075,43.8149,
0.7,0.667483,0.985114,-30.6619,238.836,4.2161,3.15216,0,-171.143,40.3725,0,-29.5188,8.22119,0.888301,167.267,-170.062,43.8092,
0.7,0.667433,0.985007,-30.7604,238.717,4.22551,3.164,0,-171.057,40.3543,0,-29.6138,8.24669,0.891334,167.167,-169.993,43.7889,
0.7,0.66738,0.984909,-30.8112,238.693,4.22777,3.17064,0,-171.037,40.3518,0,-29.663,8.2593,0.893008,167.135,-169.991,43.7861,
0.7,0.667331,0.984812,-30.7234,238.722,4.21139,3.16324,0,-171.052,40.3577,0,-29.5788,8.23488,0.890649,167.14,-170.027,43.7929,
0.7,0.667281,0.984713,-30.7014,238.762,4.20403,3.163,0,-171.078,40.3669,0,-29.5579,8.22788,0.890232,167.152,-170.071,43.8017,
0.7,0.667178,0.984605,-31.1316,238.739,4.25397,3.21069,0,-171.062,40.3655,0,-29.9727,8.34077,0.903185,167.123,-170.067,43.7987,
0.7,0.66713,0.984506,-31.086,238.388,4.24351,3.20769,0,-170.806,40.3078,0,-29.9292,8.32735,0.902109,166.858,-169.836,43.7361,
0.7,0.667082,0.984313,-31.1931,238.079,4.25386,3.22081,0,-170.572,40.2573,0,-30.0326,8.35459,0.905505,166.612,-169.645,43.6823,
0.7,0.667035,0.984206,-31.1714,238.213,4.24663,3.22031,0,-170.666,40.281,0,-30.0121,8.34741,0.905151,166.693,-169.753,43.7081,
0.7,0.666989,0.984108,-31.0598,238.31,4.22735,3.21072,0,-170.729,40.2976,0,-29.9051,8.31594,0.902222,166.743,-169.84,43.7276,
0.7,0.666938,0.98401,-31.0986,238.352,4.22791,3.21681,0,-170.751,40.3045,0,-29.9428,8.32493,0.903634,166.757,-169.883,43.7365,
0.7,0.666892,0.983911,-31.0545,238.335,4.21766,3.21435,0,-170.735,40.3033,0,-29.9007,8.31182,0.902613,166.731,-169.885,43.7348,
0.7,0.666844,0.983811,-31.1008,238.321,4.21965,3.22121,0,-170.719,40.3022,0,-29.9456,8.32298,0.904206,166.703,-169.893,43.7339,
0.7,0.666795,0.983703,-31.2118,238.196,4.23053,3.23483,0,-170.63,40.2822,0,-30.0529,8.35148,0.907682,166.603,-169.816,43.7122,
0.7,0.666739,0.983606,-31.2953,238.176,4.23704,3.24523,0,-170.608,40.2786,0,-30.1336,8.37283,0.91031,166.575,-169.816,43.7099,
0.7,0.666688,0.983506,-31.3471,238.078,4.23951,3.25286,0,-170.533,40.2626,0,-30.1838,8.38557,0.912041,166.492,-169.76,43.6933,
0.7,0.666637,0.983397,-31.4706,237.939,4.25162,3.26759,0,-170.432,40.2412,0,-30.3029,8.41739,0.915873,166.38,-169.676,43.6693,
0.7,0.66658,0.983297,-31.5211,237.923,4.25341,3.27452,0,-170.416,40.2393,0,-30.352,8.42968,0.917593,166.354,-169.677,43.6675,
0.7,0.666527,0.983198,-31.5637,237.858,4.25426,3.28093,0,-170.363,40.2287,0,-30.3933,8.43995,0.919058,166.295,-169.645,43.6569,
0.7,0.666474,0.983096,-31.5962,237.814,4.25377,3.2862,0,-170.328,40.2228,0,-30.4249,8.44761,0.920211,166.25,-169.627,43.6502,
0.7,0.666422,0.982995,-31.653,237.753,4.25648,3.29426,0,-170.281,40.2146,0,-30.4799,8.46159,0.922108,166.194,-169.598,43.6404,
0.7,0.666365,0.982884,-31.7319,237.676,4.26175,3.30412,0,-170.225,40.2033,0,-30.5562,8.48149,0.924642,166.124,-169.557,43.6275,
0.7,0.666261,0.982786,-32.0825,237.715,4.29867,3.34439,0,-170.245,40.2104,0,-30.8944,8.57314,0.935276,166.137,-169.599,43.6361,
0.7,0.666212,0.982585,-32.3798,236.812,4.33345,3.37762,0,-169.588,40.0621,0,-31.181,8.65119,0.944222,165.474,-168.987,43.4735,
0.7,0.666151,0.982476,-32.1261,237.163,4.29423,3.35287,0,-169.838,40.1238,0,-30.937,8.58247,0.937012,165.707,-169.249,43.5391,
0.7,0.666094,0.982377,-32.0513,237.317,4.27883,3.34679,0,-169.94,40.151,0,-30.8652,8.56168,0.934995,165.799,-169.374,43.5687,
0.7,0.666037,0.982276,-32.0059,237.381,4.26797,3.34387,0,-169.981,40.1639,0,-30.8217,8.5488,0.933826,165.829,-169.434,43.582,
0.7,0.665916,0.982065,-32.7289,236.87,4.35308,3.42295,0,-169.607,40.0821,0,-31.5184,8.74035,0.955231,165.441,-169.099,43.4909,
0.7,0.665858,0.981967,-32.3642,236.907,4.29938,3.38661,0,-169.624,40.0885,0,-31.1673,8.64231,0.944712,165.453,-169.14,43.4991,
0.7,0.6658,0.981868,-32.3448,237.048,4.29207,3.38645,0,-169.719,40.1139,0,-31.1488,8.63647,0.944279,165.537,-169.255,43.5264,
0.7,0.665744,0.981767,-32.3398,237.051,4.28637,3.38811,0,-169.716,40.1162,0,-31.1442,8.6344,0.944281,165.525,-169.271,43.5283,
0.7,0.665686,0.981666,-32.3211,237.077,4.27901,3.38782,0,-169.728,40.1226,0,-31.1264,8.62873,0.943874,165.524,-169.306,43.5347,
0.7,0.665622,0.981555,-32.42,237.021,4.28635,3.40006,0,-169.688,40.1151,0,-31.2218,8.65453,0.946886,165.474,-169.278,43.5255,
0.7,0.665488,0.981454,-32.8916,237.064,4.33774,3.4533,0,-169.713,40.1229,0,-31.676,8.78027,0.960687,165.489,-169.323,43.5348,
0.7,0.665428,0.98125,-33.0409,236.196,4.35226,3.47075,0,-169.085,39.9792,0,-31.82,8.81932,0.96521,164.856,-168.729,43.3779,
0.7,0.66537,0.981139,-32.8839,236.444,4.32641,3.45578,0,-169.258,40.0221,0,-31.6691,8.77634,0.960838,165.014,-168.92,43.4248,
0.7,0.665306,0.980934,-33.0803,236.133,4.34652,3.47819,0,-169.03,39.9728,0,-31.8585,8.82785,0.966762,164.771,-168.724,43.3702,
0.7,0.665195,0.98083,-33.1346,236.471,4.34375,3.4876,0,-169.267,40.0325,0,-31.9115,8.83996,0.96883,164.991,-168.981,43.4338,
0.7,0.665139,0.980719,-33.1072,236.234,4.33519,3.48637,0,-169.096,39.9939,0,-31.8854,8.8315,0.968256,164.815,-168.822,43.3913,
0.7,0.665078,0.980615,-32.999,236.375,4.31559,3.47652,0,-169.193,40.0202,0,-31.7815,8.80153,0.965312,164.9,-168.935,43.4183,
0.7,0.664968,0.980512,-33.3753,236.427,4.35259,3.5198,0,-169.227,40.0315,0,-32.1445,8.89963,0.976779,164.924,-168.984,43.4291,
0.7,0.664911,0.980296,-33.4192,235.747,4.35328,3.52608,0,-168.733,39.9219,0,-32.1872,8.90999,0.978331,164.425,-168.522,43.3064,
0.7,0.664847,0.980195,-33.3042,236.068,4.33268,3.51574,0,-168.954,39.9774,0,-32.0767,8.87808,0.975216,164.636,-168.764,43.3666,
0.7,0.664738,0.980092,-33.4639,236.226,4.34343,3.53647,0,-169.062,40.0063,0,-32.2314,8.91759,0.980508,164.734,-168.888,43.3966,
0.7,0.664682,0.979873,-33.9352,235.261,4.39931,3.58836,0,-168.368,39.8473,0,-32.6857,9.04182,0.994593,164.037,-168.221,43.2216,
0.7,0.66462,0.979768,-33.6185,235.639,4.35241,3.55683,0,-168.635,39.9138,0,-32.381,8.95623,0.98555,164.289,-168.502,43.2921,
0.7,0.664563,0.979664,-33.5065,235.809,4.33255,3.54744,0,-168.751,39.9446,0,-32.2735,8.92519,0.982512,164.397,-168.635,43.3244,
0.7,0.664505,0.979443,-33.709,235.406,4.35513,3.57225,0,-168.46,39.8813,0,-32.4691,8.97737,0.988808,164.093,-168.369,43.2524,
0.7,0.664379,0.979342,-33.8496,235.809,4.36014,3.59006,0,-168.738,39.949,0,-32.6049,9.01328,0.993239,164.362,-168.668,43.3276,
0.7,0.664317,0.979236,-33.7886,235.555,4.34672,3.58603,0,-168.555,39.9085,0,-32.5463,8.99608,0.991636,164.174,-168.497,43.2819,
0.7,0.664256,0.979129,-33.7863,235.575,4.34124,3.5876,0,-168.569,39.9142,0,-32.5444,8.99465,0.991738,164.177,-168.522,43.2866,
0.7,0.664127,0.979012,-34.2261,235.588,4.3859,3.6383,0,-168.578,39.9197,0,-32.9684,9.11028,1.00494,164.169,-168.548,43.2905,
0.7,0.664068,0.978801,-34.2838,234.863,4.38765,3.64722,0,-168.051,39.8015,0,-33.0243,9.12473,1.00682,163.642,-168.049,43.1592,
0.7,0.664009,0.978695,-34.1308,235.159,4.36263,3.63315,0,-168.26,39.8541,0,-32.8772,9.08294,1.00254,163.838,-168.272,43.2147,
0.7,0.663859,0.97859,-34.6526,235.327,4.41697,3.68801,0,-168.378,39.8847,0,-33.3797,9.22202,1.01782,163.95,-168.396,43.2459,
0.7,0.663815,0.978475,-34.3644,234.847,4.37458,3.66404,0,-168.029,39.8069,0,-33.1028,9.1429,1.00984,163.598,-168.07,43.1594,
0.7,0.663752,0.978263,-34.5696,234.619,4.39518,3.68789,0,-167.859,39.7677,0,-33.3007,9.19657,1.01606,163.417,-167.927,43.1194,
0.7,0.663688,0.978156,-34.4081,234.9,4.36896,3.67253,0,-168.056,39.8188,0,-33.1453,9.15281,1.01147,163.599,-168.142,43.1724,
0.7,0.663554,0.978041,-34.8648,234.984,4.41477,3.72552,0,-168.113,39.8362,0,-33.5857,9.27286,1.02518,163.649,-168.21,43.1886,
0.7,0.663491,0.977827,-34.9581,234.192,4.42107,3.73715,0,-167.539,39.7095,0,-33.6758,9.29686,1.02809,163.077,-167.663,43.0448,
0.7,0.663428,0.977721,-34.8393,234.472,4.40035,3.72625,0,-167.736,39.7605,0,-33.5616,9.2645,1.02476,163.261,-167.873,43.0972,
0.7,0.663359,0.977605,-34.8368,234.52,4.39387,3.72787,0,-167.769,39.7727,0,-33.5594,9.26315,1.02482,163.283,-167.919,43.1072,
0.7,0.663297,0.977476,-34.9391,234.366,4.40122,3.74114,0,-167.698,39.7619,0,-33.6581,9.28943,1.02801,163.168,-167.816,43.0796,
0.7,0.663167,0.977368,-35.2676,234.516,4.43179,3.77565,0,-167.803,39.7927,0,-33.975,9.37637,1.03778,163.261,-167.934,43.1082,
0.7,0.663098,0.977144,-35.472,233.689,4.45092,3.79952,0,-167.207,39.6615,0,-34.1721,9.42999,1.04394,162.662,-167.364,42.9582,
0.7,0.663035,0.977037,-35.3083,233.961,4.42446,3.78382,0,-167.398,39.7121,0,-34.0146,9.38569,1.03927,162.84,-167.569,43.0093,
0.7,0.662973,0.97693,-35.1295,234.143,4.39628,3.76669,0,-167.525,39.7479,0,-33.8426,9.3372,1.03421,162.956,-167.711,43.0439,
0.7,0.662847,0.976825,-35.4119,234.345,4.4192,3.80001,0,-167.664,39.7864,0,-34.1152,9.41043,1.04289,163.085,-167.867,43.0821,
0.7,0.662787,0.976608,-35.5724,233.552,4.43336,3.81927,0,-167.1,39.6569,0,-34.2701,9.45198,1.04784,162.55,-167.282,42.9346,
0.7,0.662726,0.976503,-35.3822,233.873,4.4039,3.80027,0,-167.321,39.7152,0,-34.0871,9.40044,1.04243,162.757,-167.526,42.9948,
0.7,0.662666,0.976397,-35.2737,234.018,4.38475,3.79026,0,-167.418,39.7433,0,-33.9829,9.37043,1.03947,162.847,-167.642,43.0227,
0.7,0.662536,0.976293,-35.7365,234.124,4.42953,3.84346,0,-167.483,39.7635,0,-34.4294,9.49112,1.05357,162.908,-167.729,43.0432,
0.7,0.662475,0.97607,-35.7489,233.342,4.42516,3.84601,0,-166.917,39.6375,0,-34.4416,9.49305,1.0542,162.341,-167.191,42.9016,
0.7,0.662414,0.975962,-35.5511,233.698,4.39456,3.82626,0,-167.168,39.7005,0,-34.2514,9.43937,1.0486,162.577,-167.457,42.9681,
0.7,0.662349,0.975857,-35.4565,233.865,4.37631,3.81749,0,-167.281,39.7302,0,-34.1606,9.413,1.04606,162.681,-167.588,42.9999,
0.7,0.662234,0.975633,-35.8254,233.546,4.41013,3.86046,0,-167.049,39.682,0,-34.5167,9.5082,1.05749,162.432,-167.386,42.9438,
0.7,0.662177,0.975528,-35.6708,233.564,4.38574,3.84483,0,-167.055,39.6864,0,-34.3682,9.46584,1.0532,162.432,-167.412,42.9483,
0.7,0.662054,0.97542,-35.996,233.731,4.41364,3.88339,0,-167.171,39.7165,0,-34.6822,9.54969,1.06329,162.535,-167.544,42.9802,
0.7,0.661994,0.975303,-35.893,233.386,4.39541,3.87445,0,-166.926,39.6603,0,-34.5832,9.5211,1.0605,162.284,-167.306,42.9177,
0.7,0.661934,0.975087,-36.0174,233.078,4.40481,3.88994,0,-166.698,39.6122,0,-34.7034,9.55284,1.06442,162.041,-167.113,42.8637,
0.7,0.661875,0.974982,-35.9317,233.321,4.38843,3.88277,0,-166.864,39.6541,0,-34.6212,9.52906,1.06211,162.196,-167.301,42.9097,
0.7,0.66175,0.974874,-36.2346,233.468,4.41332,3.91947,0,-166.963,39.6808,0,-34.9136,9.6071,1.07152,162.282,-167.422,42.9383,
0.7,0.661691,0.974756,-36.2012,233.072,4.40351,3.91786,0,-166.678,39.6166,0,-34.8818,9.59709,1.07076,161.996,-167.148,42.8664,
0.7,0.661631,0.97454,-36.2545,232.812,4.40418,3.92582,0,-166.48,39.5747,0,-34.9334,9.61033,1.07252,161.79,-166.986,42.8209,
0.7,0.661564,0.97443,-36.2351,233.045,4.39554,3.9257,0,-166.641,39.6174,0,-34.9149,9.60434,1.07211,161.936,-167.167,42.865,
0.7,0.661442,0.974311,-36.4824,233.121,4.41411,3.95659,0,-166.696,39.6344,0,-35.1538,9.66775,1.07986,161.979,-167.232,42.8801,
0.7,0.661381,0.974094,-36.5619,232.491,4.4177,3.96717,0,-166.234,39.5306,0,-35.2307,9.68797,1.08239,161.516,-166.804,42.7664,
0.7,0.661313,0.973973,-36.4354,232.764,4.3959,3.95525,0,-166.429,39.58,0,-35.109,9.65369,1.0788,161.696,-167.01,42.8176,
0.7,0.661195,0.973862,-36.8324,232.842,4.43231,4.00259,0,-166.479,39.5962,0,-35.4921,9.75694,1.09094,161.734,-167.081,42.8333,
0.7,0.661138,0.973641,-36.9007,232.092,4.43418,4.01518,0,-165.933,39.4726,0,-35.5582,9.77412,1.09315,161.188,-166.567,42.6977,
0.7,0.661075,0.973529,-36.8201,232.36,4.41825,4.00834,0,-166.12,39.5209,0,-35.4808,9.75184,1.09095,161.359,-166.774,42.7484,
0.7,0.661018,0.973407,-36.6718,232.434,4.39509,3.99424,0,-166.174,39.5369,0,-35.3382,9.71148,1.08677,161.4,-166.836,42.7628,
0.7,0.660902,0.973299,-37.1098,232.548,4.43609,4.04604,0,-166.247,39.5573,0,-35.7608,9.82533,1.10018,161.466,-166.931,42.7851,
0.7,0.660843,0.973068,-37.3609,231.599,4.46029,4.07532,0,-165.559,39.4,0,-36.0032,9.89076,1.10784,160.783,-166.273,42.6127,
0.7,0.660779,0.972958,-37.0634,232.008,4.41866,4.04459,0,-165.843,39.4719,0,-35.7168,9.81099,1.09923,161.05,-166.583,42.6895,
0.7,0.660723,0.972846,-36.9041,232.182,4.39393,4.0297,0,-165.961,39.5045,0,-35.5636,9.76758,1.09475,161.157,-166.72,42.7226,
0.7,0.660609,0.972737,-37.0813,232.406,4.40344,4.05383,0,-166.112,39.5446,0,-35.735,9.81218,1.10047,161.299,-166.894,42.7652,
0.7,0.660547,0.972503,-37.308,231.648,4.42433,4.08066,0,-165.561,39.4238,0,-35.9538,9.87092,1.10745,160.746,-166.375,42.6281,
0.7,0.660493,0.972394,-37.1489,231.892,4.39996,4.06585,0,-165.726,39.4679,0,-35.801,9.82728,1.10304,160.9,-166.564,42.6743,
0.7,0.660375,0.972283,-37.3035,232.139,4.40651,4.08711,0,-165.897,39.5136,0,-35.9508,9.8653,1.10821,161.058,-166.756,42.7212,
0.7,0.660319,0.972047,-37.4214,231.45,4.415,4.10194,0,-165.398,39.4046,0,-36.0648,9.89494,1.11202,160.551,-166.289,42.597,
0.7,0.660265,0.971935,-37.2897,231.715,4.3938,4.08971,0,-165.58,39.4524,0,-35.9383,9.85844,1.10845,160.72,-166.492,42.647,
0.7,0.660157,0.971822,-37.5634,231.848,4.41468,4.12439,0,-165.671,39.478,0,-36.2031,9.92633,1.11746,160.798,-166.601,42.6727,
0.7,0.660097,0.971587,-37.9389,230.917,4.45275,4.16741,0,-164.999,39.326,0,-36.5653,10.0253,1.1287,160.123,-165.96,42.5041,
0.7,0.660046,0.971476,-37.5212,231.331,4.39823,4.12389,0,-165.286,39.3984,0,-36.1633,9.91321,1.11663,160.395,-166.273,42.5818,
0.7,0.659994,0.971363,-37.2984,231.615,4.36658,4.10136,0,-165.482,39.4491,0,-35.949,9.85268,1.11033,160.577,-166.491,42.6353,
0.7,0.659887,0.971127,-37.9693,231.122,4.4339,4.17908,0,-165.123,39.3724,0,-36.5965,10.0266,1.13096,160.208,-166.163,42.5471,
0.7,0.659827,0.971013,-37.6665,231.198,4.39203,4.14722,0,-165.17,39.3879,0,-36.3051,9.94522,1.12224,160.243,-166.234,42.5627,
0.7,0.65977,0.970902,-37.5775,231.352,4.37543,4.13955,0,-165.269,39.4157,0,-36.2197,9.92034,1.11986,160.335,-166.359,42.5923,
0.7,0.659711,0.970789,-37.5413,231.407,4.36503,4.13713,0,-165.301,39.4274,0,-36.1851,9.90971,1.119,160.358,-166.413,42.6038,
0.7,0.659588,0.970676,-37.9754,231.464,4.40243,4.18789,0,-165.334,39.4392,0,-36.6042,10.0222,1.13237,160.382,-166.468,42.6157,
0.7,0.65952,0.970441,-38.1447,230.634,4.41536,4.20756,0,-164.727,39.3018,0,-36.7677,10.0657,1.13766,159.776,-165.902,42.4658,
0.7,0.659464,0.970326,-38.0376,230.831,4.39664,4.19766,0,-164.861,39.3373,0,-36.6649,10.0361,1.13472,159.898,-166.057,42.5033,
0.7,0.659347,0.970201,-38.3003,230.949,4.41395,4.23048,0,-164.943,39.3603,0,-36.9188,10.1028,1.14309,159.968,-166.153,42.5261,
0.7,0.659293,0.969972,-38.6864,229.994,4.45196,4.2756,0,-164.245,39.2006,0,-37.2915,10.2032,1.15491,159.274,-165.497,42.3532,
0.7,0.659237,0.969857,-38.3222,230.399,4.40342,4.23739,0,-164.528,39.2715,0,-36.9408,10.1056,1.14434,159.541,-165.802,42.4292,
0.7,0.659175,0.969741,-38.3378,230.532,4.39828,4.24073,0,-164.617,39.2964,0,-36.9562,10.1081,1.14513,159.618,-165.912,42.4549,
0.7,0.659062,0.969499,-38.5646,230.271,4.41122,4.27009,0,-164.42,39.2553,0,-37.1757,10.1653,1.15245,159.407,-165.753,42.4097,
0.7,0.659005,0.969383,-38.4786,230.288,4.39472,4.2626,0,-164.425,39.2596,0,-37.0931,10.1413,1.15013,159.404,-165.779,42.414,
0.7,0.658942,0.969235,-38.537,230.204,4.39454,4.27079,0,-164.372,39.249,0,-37.1497,10.1556,1.15211,159.339,-165.724,42.3991,
0.7,0.658907,0.96912,-38.2773,230.29,4.36077,4.24726,0,-164.423,39.2666,0,-36.9005,10.0834,1.14509,159.384,-165.801,42.4165,
0.7,0.65885,0.968888,-38.4128,230.103,4.36984,4.26474,0,-164.273,39.2359,0,-37.0314,10.1178,1.1494,159.221,-165.698,42.3851,
0.7,0.658792,0.968772,-38.4081,230.261,4.36319,4.26631,0,-164.379,39.2639,0,-37.0272,10.1153,1.14952,159.316,-165.826,42.4154,
0.7,0.65867,0.968528,-38.7326,229.992,4.38631,4.30612,0,-164.175,39.2198,0,-37.3409,10.1982,1.15976,159.1,-165.66,42.3686,
0.7,0.658547,0.96841,-38.806,230.141,4.38068,4.31846,0,-164.276,39.2459,0,-37.4124,10.2146,1.16253,159.189,-165.781,42.3972,
0.7,0.65849,0.968163,-39.0839,229.338,4.4054,4.3514,0,-163.697,39.1134,0,-37.6808,10.2863,1.17115,158.604,-165.231,42.252,
0.7,0.658433,0.968048,-38.8509,229.663,4.37252,4.32744,0,-163.921,39.17,0,-37.4565,10.2235,1.16446,158.814,-165.479,42.3133,
0.7,0.658316,0.96793,-39.1205,229.846,4.38899,4.36194,0,-164.046,39.2033,0,-37.7175,10.2899,1.17346,158.925,-165.625,42.3483,
0.7,0.658261,0.967695,-39.2135,229.135,4.39279,4.37419,0,-163.528,39.0862,0,-37.8076,10.3126,1.17658,158.405,-165.14,42.2198,
0.7,0.658206,0.967568,-39.1604,229.305,4.38011,4.3709,0,-163.642,39.1168,0,-37.7569,10.2967,1.17538,158.508,-165.276,42.2525,
0.7,0.658084,0.96745,-39.3922,229.519,4.39141,4.40125,0,-163.787,39.1547,0,-37.9813,10.3545,1.18297,158.642,-165.443,42.2931,
0.7,0.658026,0.967215,-39.4823,228.819,4.3943,4.41341,0,-163.269,39.0394,0,-38.0686,10.3765,1.18601,158.126,-164.969,42.1669,
0.7,0.65797,0.967089,-39.4573,228.972,4.38442,4.41279,0,-163.371,39.0675,0,-38.045,10.3682,1.18562,158.22,-165.09,42.1962,
0.7,0.65785,0.966852,-39.9974,228.582,4.42956,4.47757,0,-163.078,39.0046,0,-38.5667,10.5066,1.20256,157.923,-164.836,42.1268,
0.7,0.657796,0.966733,-39.6392,228.652,4.38288,4.43953,0,-163.121,39.0185,0,-38.2219,10.4106,1.19218,157.957,-164.899,42.1409,
0.7,0.657739,0.96676,-38.5898,229.97,4.25986,4.32408,0,-163.99,39.2363,0,-37.2105,10.1333,1.16095,158.816,-165.899,42.3886,
0.7,0.65768,0.966627,-38.8424,229.738,4.2806,4.35482,0,-163.825,39.2009,0,-37.4546,10.1981,1.16886,158.645,-165.742,42.3468,
0.7,0.657555,0.966385,-39.7691,228.996,4.36738,4.46261,0,-163.286,39.0814,0,-38.3491,10.4382,1.19741,158.106,-165.232,42.2123,
0.7,0.657496,0.966266,-39.5426,228.862,4.33521,4.43917,0,-163.182,39.0623,0,-38.1311,10.3773,1.19088,158,-165.147,42.1888,
0.7,0.657435,0.966134,-39.5909,228.857,4.33316,4.44699,0,-163.176,39.0658,0,-38.1781,10.3883,1.19265,157.984,-165.156,42.1891,
0.7,0.657308,0.965891,-39.9171,228.616,4.35373,4.48709,0,-162.992,39.0324,0,-38.4935,10.471,1.20307,157.791,-165.006,42.1468,
0.7,0.65725,0.965759,-39.9175,228.452,4.34643,4.48936,0,-162.871,39.0085,0,-38.4944,10.4693,1.20344,157.669,-164.897,42.1175,
0.7,0.65712,0.965636,-40.2778,228.584,4.37002,4.5336,0,-162.957,39.035,0,-38.8427,10.5609,1.2149,157.744,-165.006,42.1431,
0.7,0.657055,0.965393,-40.4036,227.797,4.37591,4.54956,0,-162.382,38.9083,0,-38.9644,10.5925,1.21897,157.177,-164.461,42.0002,
0.7,0.656992,0.965262,-40.3841,227.95,4.36622,4.54933,0,-162.485,38.9387,0,-38.946,10.5859,1.21868,157.273,-164.581,42.0293,
0.7,0.656862,0.965017,-40.981,227.517,4.41538,4.62054,0,-162.164,38.8733,0,-39.5225,10.7394,1.23729,156.949,-164.291,41.9516,
0.7,0.65679,0.964893,-40.7269,227.547,4.37955,4.59364,0,-162.18,38.8829,0,-39.2777,10.6716,1.22986,156.958,-164.324,41.9582,
0.7,0.656661,0.964771,-40.84,227.822,4.3763,4.61083,0,-162.369,38.9337,0,-39.3875,10.6985,1.23383,157.135,-164.535,42.0101,
0.7,0.656596,0.964513,-41.0175,227.078,4.38777,4.63301,0,-161.831,38.8168,0,-39.5591,10.7437,1.23946,156.597,-164.021,41.875,
0.7,0.656524,0.964391,-40.9505,227.351,4.37208,4.62722,0,-162.021,38.868,0,-39.4948,10.7249,1.23767,156.772,-164.23,41.9265,
0.7,0.656395,0.964137,-41.6483,226.772,4.43073,4.71067,0,-161.595,38.7784,0,-40.1686,10.9048,1.25934,156.347,-163.836,41.822,
0.7,0.656329,0.964015,-41.26,226.856,4.38237,4.66851,0,-161.648,38.7985,0,-39.7945,10.8017,1.24788,156.392,-163.91,41.8388,
0.7,0.656257,0.963893,-41.0521,227.164,4.35153,4.64665,0,-161.858,38.8556,0,-39.5943,10.7462,1.24182,156.591,-164.144,41.8966,
0.7,0.656131,0.963774,-41.4584,227.256,4.37975,4.69719,0,-161.911,38.875,0,-39.987,10.8495,1.25471,156.641,-164.224,41.9149,
0.7,0.656067,0.963518,-42.0587,225.974,4.43562,4.76699,0,-160.985,38.665,0,-40.5665,11.0053,1.27316,155.73,-163.322,41.6807,
0.7,0.655995,0.963394,-41.7212,226.371,4.39136,4.73048,0,-161.261,38.7371,0,-40.2412,10.9158,1.26317,155.991,-163.622,41.7552,
0.7,0.65593,0.963273,-41.7041,226.469,4.38144,4.73075,0,-161.321,38.7567,0,-40.2251,10.91,1.26292,156.046,-163.705,41.7744,
0.7,0.655866,0.963148,-41.6978,226.454,4.37275,4.73167,0,-161.304,38.759,0,-40.2195,10.9068,1.26305,156.023,-163.706,41.7727,
0.7,0.655803,0.963011,-41.8025,226.32,4.37586,4.74498,0,-161.206,38.7407,0,-40.321,10.9323,1.26659,155.917,-163.621,41.7491,
0.7,0.655732,0.962887,-41.8709,226.315,4.37401,4.75444,0,-161.197,38.7438,0,-40.3873,10.9488,1.26894,155.9,-163.63,41.7493,
0.7,0.655669,0.962764,-41.8988,226.22,4.36882,4.76002,0,-161.121,38.731,0,-40.4146,10.9545,1.27011,155.822,-163.573,41.733,
0.7,0.655605,0.962638,-41.9333,226.173,4.36464,4.76596,0,-161.08,38.7284,0,-40.4483,10.9621,1.27144,155.774,-163.554,41.7256,
0.7,0.655543,0.962513,-41.9728,226.11,4.36134,4.77219,0,-161.031,38.7222,0,-40.4869,10.9709,1.27294,155.718,-163.52,41.7152,
0.7,0.655475,0.962376,-42.0819,226.006,4.36422,4.78644,0,-160.955,38.7101,0,-40.5925,10.998,1.27653,155.636,-163.455,41.6969,
0.7,0.655415,0.962253,-42.0696,225.959,4.35513,4.78731,0,-160.911,38.7061,0,-40.5811,10.9929,1.27654,155.591,-163.433,41.6893,
0.7,0.655352,0.962127,-42.1231,225.923,4.35272,4.79527,0,-160.878,38.7056,0,-40.6332,11.0056,1.27844,155.552,-163.419,41.6838,
0.7,0.655288,0.962002,-42.187,225.857,4.3514,4.80436,0,-160.821,38.699,0,-40.6952,11.0208,1.28067,155.491,-163.387,41.6731,
0.7,0.655154,0.961866,-42.6778,225.827,4.38477,4.86454,0,-160.797,38.6989,0,-41.1695,11.1462,1.29614,155.46,-163.374,41.6684,
0.7,0.655092,0.961742,-42.6424,225.37,4.37286,4.86332,0,-160.464,38.6252,0,-41.1357,11.1354,1.29537,155.133,-163.056,41.5853,
0.7,0.655031,0.961619,-42.6056,225.396,4.35881,4.86104,0,-160.471,38.6333,0,-41.1005,11.1247,1.29447,155.137,-163.087,41.5912,
0.7,0.654968,0.961494,-42.6131,225.389,4.35171,4.86394,0,-160.457,38.6354,0,-41.1081,11.1252,1.29499,155.116,-163.097,41.5913,
0.7,0.654906,0.961231,-42.6495,225.03,4.3474,4.8702,0,-160.192,38.5815,0,-41.1437,11.1331,1.29642,154.845,-162.86,41.5272,
0.7,0.654836,0.961107,-42.7088,225.251,4.34444,4.87932,0,-160.338,38.6225,0,-41.2013,11.1472,1.2985,154.983,-163.032,41.5691,
0.7,0.654772,0.96098,-42.7552,225.152,4.34098,4.88668,0,-160.26,38.6095,0,-41.2465,11.1579,1.30021,154.899,-162.976,41.5522,
0.7,0.65469,0.960843,-43.0254,224.998,4.35979,4.91955,0,-160.149,38.5867,0,-41.507,11.229,1.30831,154.782,-162.874,41.5247,
0.7,0.654626,0.960718,-42.9599,224.888,4.34499,4.91439,0,-160.063,38.571,0,-41.4442,11.2105,1.30659,154.693,-162.807,41.5055,
0.7,0.654563,0.960595,-42.9558,224.897,4.33651,4.91658,0,-160.059,38.5752,0,-41.4407,11.2078,1.30679,154.685,-162.827,41.5086,
0.7,0.654493,0.960468,-43.0425,224.859,4.33658,4.92844,0,-160.023,38.5729,0,-41.5247,11.2292,1.30968,154.642,-162.816,41.503,
0.7,0.65443,0.960342,-43.0606,224.766,4.33061,4.93277,0,-159.949,38.5602,0,-41.5425,11.2325,1.31052,154.564,-162.761,41.487,
0.7,0.654369,0.960204,-43.1635,224.623,4.33301,4.94668,0,-159.846,38.5404,0,-41.6422,11.2578,1.31397,154.455,-162.668,41.4616,
0.7,0.654307,0.960079,-43.1569,224.622,4.32429,4.94808,0,-159.833,38.5432,0,-41.6363,11.2545,1.31407,154.44,-162.679,41.4625,
0.7,0.654239,0.959953,-43.2271,224.591,4.32262,4.95826,0,-159.802,38.5416,0,-41.7045,11.271,1.31658,154.402,-162.673,41.4583,
0.7,0.654175,0.959826,-43.2653,224.509,4.31819,4.96471,0,-159.736,38.531,0,-41.7417,11.2794,1.31806,154.332,-162.626,41.4444,
0.7,0.654111,0.959688,-43.3935,224.351,4.32281,4.98166,0,-159.62,38.5077,0,-41.8659,11.3112,1.32227,154.212,-162.522,41.4161,
0.7,0.65404,0.959566,-43.4369,224.354,4.31804,4.98935,0,-159.605,38.5085,0,-41.9082,11.3211,1.32389,154.199,-162.538,41.418,
0.7,0.653978,0.959437,-43.4688,224.238,4.31307,4.99507,0,-159.515,38.4927,0,-41.9395,11.3277,1.32521,154.103,-162.47,41.3981,
0.7,0.653915,0.959308,-43.4715,224.216,4.30527,4.99766,0,-159.494,38.492,0,-41.9425,11.3268,1.32561,154.075,-162.467,41.3953,
0.7,0.653852,0.95917,-43.4575,224.182,4.29554,4.99816,0,-159.465,38.4893,0,-41.9294,11.3217,1.32549,154.04,-162.452,41.3899,
0.7,0.653781,0.959042,-43.5336,224.191,4.29556,5.00726,0,-159.465,38.4945,0,-42.0033,11.3396,1.32819,154.032,-162.472,41.3928,
0.7,0.653653,0.958914,-44.0298,224.137,4.32541,5.07063,0,-159.419,38.4904,0,-42.4828,11.4662,1.34385,153.978,-162.449,41.3843,
0.7,0.653588,0.958785,-43.9936,223.669,4.31306,5.06884,0,-159.08,38.4138,0,-42.4483,11.4553,1.34305,153.643,-162.123,41.2992,
0.7,0.653518,0.958517,-44.1248,223.264,4.31628,5.08632,0,-158.78,38.3507,0,-42.5753,11.488,1.34736,153.339,-161.852,41.2264,
0.7,0.653456,0.958388,-44.0375,223.482,4.29929,5.07909,0,-158.927,38.3918,0,-42.4916,11.4632,1.34508,153.472,-162.026,41.2681,
0.7,0.653393,0.95826,-43.9429,223.572,4.28159,5.07028,0,-158.983,38.4109,0,-42.4008,11.4371,1.3425,153.52,-162.104,41.2861,
0.7,0.653332,0.958135,-43.8703,223.645,4.26621,5.06423,0,-159.021,38.4253,0,-42.3311,11.4165,1.34063,153.556,-162.171,41.3008,
0.7,0.653205,0.957997,-44.1218,223.771,4.27345,5.09912,0,-159.106,38.4514,0,-42.5748,11.4781,1.34907,153.631,-162.272,41.325,
0.7,0.653141,0.95774,-44.2477,223.031,4.27757,5.11467,0,-158.562,38.3304,0,-42.6966,11.5099,1.35313,153.091,-161.766,41.1912,
0.7,0.653076,0.957611,-44.175,223.269,4.26224,5.10837,0,-158.723,38.3735,0,-42.6268,11.4896,1.35117,153.24,-161.951,41.2363,
0.7,0.653012,0.957454,-44.2063,223.164,4.25666,5.11539,0,-158.69,38.3719,0,-42.6575,11.496,1.35249,153.159,-161.884,41.2177,
0.7,0.652876,0.957315,-44.6227,223.268,4.27872,5.16757,0,-158.758,38.3921,0,-43.0601,11.6013,1.36583,153.22,-161.97,41.2379,
0.7,0.652812,0.957055,-44.7441,222.406,4.28187,5.18344,0,-158.131,38.2483,0,-43.1777,11.6313,1.36985,152.598,-161.373,41.0814,
0.7,0.652749,0.956926,-44.5207,222.758,4.25202,5.16005,0,-158.372,38.31,0,-42.9626,11.5715,1.36336,152.824,-161.641,41.1475,
0.7,0.652617,0.956782,-44.8746,222.88,4.26886,5.20464,0,-158.46,38.329,0,-43.305,11.6605,1.37481,152.897,-161.74,41.171,
0.7,0.652553,0.956518,-44.9485,222.106,4.26769,5.21498,0,-157.898,38.2006,0,-43.3766,11.6782,1.37736,152.336,-161.206,41.0306,
0.7,0.65249,0.956377,-44.9015,222.305,4.2548,5.21211,0,-158.033,38.2361,0,-43.3318,11.6643,1.37626,152.462,-161.361,41.0683,
0.7,0.652425,0.956247,-44.7734,222.434,4.23443,5.19936,0,-158.117,38.2598,0,-43.2085,11.6296,1.37263,152.537,-161.467,41.0933,
0.7,0.65229,0.956115,-45.1442,222.575,4.25207,5.24603,0,-158.206,38.2849,0,-43.5672,11.7233,1.38453,152.61,-161.592,41.1216,
0.7,0.652226,0.955855,-45.185,221.781,4.24752,5.2531,0,-157.621,38.1489,0,-43.6069,11.7323,1.38609,152.038,-161.041,40.9771,
0.7,0.652162,0.955711,-45.1439,221.966,4.23575,5.25019,0,-157.748,38.1834,0,-43.5677,11.7202,1.38512,152.151,-161.188,41.0126,
0.7,0.652093,0.955579,-44.9772,222.147,4.21129,5.23227,0,-157.869,38.2155,0,-43.4072,11.6754,1.38031,152.262,-161.331,41.0471,
0.7,0.651958,0.955306,-45.5233,221.729,4.24588,5.29419,0,-157.559,38.1459,0,-43.9347,11.8163,1.39726,151.951,-161.05,40.972,
0.7,0.651886,0.955173,-45.3953,221.684,4.22454,5.28191,0,-157.52,38.14,0,-43.8116,11.7814,1.39366,151.903,-161.033,40.9651,
0.7,0.65182,0.95504,-45.3873,221.685,4.21509,5.28308,0,-157.515,38.1415,0,-43.8044,11.7778,1.39373,151.891,-161.047,40.9665,
0.7,0.651687,0.954907,-45.6233,221.855,4.21907,5.31464,0,-157.63,38.1712,0,-44.0329,11.8365,1.4015,151.993,-161.182,40.999,
0.7,0.651616,0.954631,-45.8178,221.009,4.2274,5.33984,0,-157.014,38.027,0,-44.221,11.8854,1.40777,151.386,-160.593,40.845,
0.7,0.651554,0.954499,-45.6154,221.304,4.19998,5.3182,0,-157.215,38.0784,0,-44.0261,11.8313,1.40188,151.574,-160.821,40.9008,
0.7,0.651491,0.954368,-45.3139,221.586,4.16504,5.28357,0,-157.406,38.1271,0,-43.7356,11.751,1.39303,151.753,-161.039,40.954,
0.7,0.651361,0.954109,-45.8195,221.271,4.19201,5.34888,0,-157.157,38.0721,0,-44.2243,11.8799,1.40902,151.505,-160.839,40.8985,
0.7,0.651289,0.953969,-45.8045,221.134,4.18064,5.34954,0,-157.073,38.049,0,-44.2101,11.8745,1.40887,151.444,-160.709,40.8702,
0.7,0.651156,0.953836,-46.2273,221.189,4.20089,5.4035,0,-157.104,38.0589,0,-44.6189,11.9815,1.42239,151.468,-160.761,40.8817,
0.7,0.651092,0.953706,-46.0859,220.814,4.17918,5.3893,0,-156.827,37.992,0,-44.4829,11.9431,1.41838,151.197,-160.501,40.8134,
0.7,0.651021,0.953426,-46.2584,220.388,4.185,5.41176,0,-156.516,37.9224,0,-44.6498,11.9862,1.42401,150.878,-160.217,40.737,
0.7,0.650958,0.953292,-46.1187,220.648,4.16337,5.39761,0,-156.694,37.9689,0,-44.5154,11.9484,1.42004,151.043,-160.419,40.7863,
0.7,0.650833,0.953156,-46.3293,220.846,4.16439,5.42632,0,-156.828,38.0054,0,-44.7196,11.9995,1.42723,151.161,-160.578,40.8243,
0.7,0.650762,0.952877,-46.5335,220.031,4.17225,5.4559,0,-156.238,37.8713,0,-44.9172,12.0507,1.43384,150.577,-160.011,40.676,
0.7,0.650697,0.952745,-46.28,220.379,4.14062,5.42822,0,-156.476,37.934,0,-44.6729,11.9835,1.42635,150.799,-160.278,40.7416,
0.7,0.650568,0.952473,-46.8757,219.944,4.17644,5.50248,0,-156.148,37.8646,0,-45.2487,12.1349,1.44529,150.469,-159.992,40.664,
0.7,0.650506,0.952341,-46.4926,220.042,4.13375,5.45987,0,-156.207,37.8846,0,-44.8794,12.0339,1.43383,150.521,-160.077,40.6835,
0.7,0.650436,0.952208,-46.4564,220.215,4.12113,5.45774,0,-156.321,37.9177,0,-44.8449,12.0232,1.43299,150.624,-160.217,40.7168,
0.7,0.650374,0.952077,-46.3406,220.26,4.10241,5.44639,0,-156.34,37.9278,0,-44.7334,11.9918,1.4297,150.639,-160.264,40.7264,
0.7,0.650252,0.951941,-46.6595,220.366,4.1142,5.48872,0,-156.406,37.9499,0,-45.0423,12.0708,1.44025,150.694,-160.358,40.7475,
0.7,0.650184,0.951659,-46.8825,219.486,4.12439,5.51721,0,-155.771,37.8069,0,-45.2579,12.127,1.44743,150.068,-159.741,40.587,
0.7,0.650121,0.951526,-46.7948,219.702,4.10777,5.50947,0,-155.913,37.8466,0,-45.1738,12.1026,1.44507,150.201,-159.911,40.6282,
0.7,0.650059,0.951377,-46.7211,219.719,4.09255,5.50339,0,-155.921,37.8549,0,-45.1031,12.0817,1.44317,150.198,-159.937,40.6326,
0.7,0.649932,0.95124,-47.1765,219.794,4.11337,5.56224,0,-155.967,37.872,0,-45.5439,12.1953,1.45807,150.235,-160.004,40.6476,
0.7,0.649872,0.950966,-47.6148,218.588,4.14243,5.61665,0,-155.096,37.6726,0,-45.9676,12.3063,1.47206,149.385,-159.15,40.4267,
0.7,0.649814,0.950818,-47.2077,218.995,4.09817,5.57119,0,-155.375,37.7474,0,-45.5753,12.1988,1.45996,149.649,-159.459,40.5032,
0.7,0.649748,0.950681,-46.9663,219.338,4.0678,5.5453,0,-155.61,37.8108,0,-45.3428,12.1342,1.45293,149.87,-159.721,40.5677,
0.7,0.649629,0.95041,-47.3405,219.033,4.08243,5.59428,0,-155.372,37.7651,0,-45.7052,12.2266,1.46536,149.635,-159.525,40.5138,
0.7,0.649568,0.950259,-47.3118,218.898,4.07092,5.59323,0,-155.273,37.7458,0,-45.6781,12.2171,1.46489,149.533,-159.435,40.4896,
0.7,0.649509,0.95012,-47.2246,218.973,4.05468,5.58557,0,-155.317,37.7626,0,-45.5945,12.1923,1.46265,149.568,-159.504,40.5047,
0.7,0.649377,0.949982,-47.5782,219.115,4.06571,5.632,0,-155.41,37.7907,0,-45.9368,12.2805,1.47422,149.652,-159.62,40.5321,
0.7,0.649315,0.949694,-47.7412,218.192,4.07036,5.65359,0,-154.743,37.6382,0,-46.0946,12.3208,1.47962,148.998,-158.969,40.3633,
0.7,0.64925,0.949554,-47.5878,218.505,4.04741,5.63771,0,-154.958,37.696,0,-45.947,12.2791,1.47529,149.196,-159.212,40.4226,
0.7,0.649189,0.949413,-47.4988,218.569,4.0306,5.62935,0,-154.999,37.7107,0,-45.8616,12.2543,1.47291,149.227,-159.27,40.4356,
0.7,0.649064,0.949273,-47.8811,218.656,4.04391,5.67918,0,-155.054,37.7292,0,-46.2317,12.3495,1.48545,149.274,-159.345,40.4527,
0.7,0.649001,0.948981,-48.0601,217.736,4.0497,5.70273,0,-154.389,37.5773,0,-46.405,12.3937,1.49139,148.621,-158.697,40.2846,
0.7,0.648929,0.94884,-47.8386,218.129,4.02066,5.67836,0,-154.661,37.649,0,-46.1915,12.3352,1.48479,148.877,-158.995,40.3584,
0.7,0.648798,0.9487,-48.3348,218.169,4.04344,5.74131,0,-154.683,37.66,0,-46.6714,12.4604,1.50074,148.892,-159.035,40.3668,
0.7,0.648734,0.948408,-48.9497,216.767,4.08537,5.81659,0,-153.673,37.4261,0,-47.2656,12.6174,1.52015,147.91,-158.037,40.1095,
0.7,0.648666,0.948267,-48.4865,217.252,4.03649,5.7638,0,-154.009,37.514,0,-46.8188,12.4962,1.50613,148.229,-158.402,40.2004,
0.7,0.648604,0.948126,-48.4415,217.375,4.02321,5.76065,0,-154.089,37.5395,0,-46.7758,12.4831,1.50504,148.3,-158.502,40.2241,
0.7,0.648542,0.947987,-48.4243,217.385,4.0124,5.7607,0,-154.085,37.5452,0,-46.7597,12.477,1.50484,148.295,-158.521,40.227,
0.7,0.64848,0.947833,-48.5277,217.242,4.01174,5.7751,0,-153.979,37.5253,0,-46.8599,12.5018,1.5084,148.185,-158.428,40.2015,
0.7,0.648418,0.947692,-48.4839,217.249,3.99876,5.77226,0,-153.976,37.5304,0,-46.8181,12.4885,1.50745,148.178,-158.444,40.2039,
0.7,0.648348,0.947551,-48.5474,217.246,3.99368,5.78205,0,-153.967,37.5334,0,-46.8799,12.5034,1.50973,148.163,-158.453,40.2043,
0.7,0.648283,0.947413,-48.5941,217.144,3.98822,5.78996,0,-153.883,37.5191,0,-46.9254,12.5141,1.51145,148.081,-158.39,40.1865,
0.7,0.64822,0.947258,-48.7252,216.951,3.98997,5.80779,0,-153.744,37.4907,0,-47.0524,12.5462,1.51584,147.937,-158.261,40.1519,
0.7,0.648158,0.947117,-48.7543,216.891,3.98317,5.8141,0,-153.694,37.4849,0,-47.081,12.552,1.5171,147.884,-158.228,40.1418,
0.7,0.64809,0.946976,-48.8038,216.854,3.97852,5.82137,0,-153.661,37.483,0,-47.1292,12.5631,1.51897,147.846,-158.212,40.1359,
0.7,0.648016,0.946837,-48.9293,216.782,3.97766,5.83834,0,-153.598,37.4744,0,-47.2508,12.5939,1.52318,147.785,-158.172,40.1237,
0.7,0.647954,0.946684,-49.004,216.54,3.97473,5.84928,0,-153.422,37.437,0,-47.3234,12.6114,1.52585,147.606,-158.007,40.08,
0.7,0.647906,0.946543,-48.8968,216.519,3.95848,5.83938,0,-153.398,37.437,0,-47.2205,12.5815,1.52297,147.58,-158.004,40.0773,
0.7,0.647761,0.946402,-49.4035,216.712,3.97735,5.90373,0,-153.526,37.4739,0,-47.7108,12.7084,1.53945,147.698,-158.155,40.1139,
0.7,0.647698,0.946107,-49.9687,215.268,4.01321,5.97358,0,-152.488,37.2321,0,-48.2571,12.8519,1.55744,146.69,-157.124,39.8487,
0.7,0.647631,0.945965,-49.473,215.801,3.96288,5.91672,0,-152.858,37.3276,0,-47.7789,12.7224,1.5424,147.041,-157.524,39.9483,
0.7,0.647572,0.945824,-49.4125,215.929,3.94846,5.91192,0,-152.942,37.3528,0,-47.7211,12.7047,1.54094,147.116,-157.628,39.973,
0.7,0.647515,0.94567,-49.4032,215.871,3.93842,5.91318,0,-152.895,37.3469,0,-47.7127,12.6998,1.54114,147.064,-157.599,39.9635,
0.7,0.647457,0.945527,-49.393,215.885,3.92851,5.91412,0,-152.9,37.3526,0,-47.7035,12.6951,1.54125,147.061,-157.62,39.967,
0.7,0.647393,0.945383,-49.3913,215.899,3.91818,5.91653,0,-152.904,37.3587,0,-47.7025,12.6925,1.54163,147.058,-157.64,39.9705,
0.7,0.647334,0.945239,-49.3914,215.841,3.90881,5.91883,0,-152.858,37.3512,0,-47.7031,12.6904,1.54206,147.007,-157.609,39.9608,
0.7,0.647272,0.945098,-49.371,215.852,3.89781,5.91855,0,-152.854,37.3556,0,-47.6838,12.6833,1.54179,146.999,-157.632,39.9643,
0.7,0.647212,0.944944,-49.4476,215.725,3.89462,5.93013,0,-152.761,37.3364,0,-47.7584,12.701,1.54458,146.903,-157.548,39.9416,
0.7,0.647084,0.944803,-49.7322,215.877,3.89664,5.96878,0,-152.86,37.3649,0,-48.0342,12.7705,1.5542,146.993,-157.671,39.9708,
0.7,0.647109,0.944521,-49.328,215.063,3.86675,5.92483,0,-152.261,37.2275,0,-47.6449,12.6631,1.54229,146.41,-157.102,39.8224,
0.7,0.647048,0.944366,-49.3497,215.632,3.85879,5.93021,0,-152.66,37.3296,0,-47.6663,12.6667,1.54337,146.788,-157.526,39.9285,
0.7,0.646986,0.944223,-49.265,215.698,3.84229,5.92245,0,-152.698,37.3431,0,-47.585,12.6435,1.54101,146.821,-157.585,39.9417,
0.7,0.646858,0.943939,-49.82,215.251,3.86449,5.99369,0,-152.364,37.2695,0,-48.122,12.7823,1.5591,146.492,-157.281,39.861,
0.7,0.646796,0.943781,-49.8326,215.009,3.85548,5.99736,0,-152.19,37.2316,0,-48.1346,12.7839,1.55982,146.315,-157.116,39.8173,
0.7,0.646733,0.943611,-50.0024,214.801,3.85838,6.02049,0,-152.047,37.1997,0,-48.2991,12.8257,1.5655,146.167,-156.97,39.7793,
0.7,0.646663,0.943466,-50.1218,214.745,3.85625,6.03712,0,-152.001,37.1923,0,-48.4149,12.8548,1.56953,146.117,-156.939,39.7698,
0.7,0.646602,0.943311,-50.2301,214.515,3.85423,6.0528,0,-151.833,37.1547,0,-48.52,12.8807,1.5733,145.952,-156.78,39.7281,
0.7,0.64654,0.943166,-50.2553,214.469,3.84582,6.05864,0,-151.791,37.1483,0,-48.5448,12.8855,1.57444,145.905,-156.761,39.7208,
0.7,0.64648,0.943022,-50.265,214.413,3.83619,6.06301,0,-151.744,37.1404,0,-48.5547,12.8858,1.57517,145.854,-156.731,39.7115,
0.7,0.646413,0.942879,-50.3379,214.37,3.83039,6.07464,0,-151.705,37.135,0,-48.6256,12.9025,1.57784,145.813,-156.711,39.7046,
0.7,0.646354,0.942724,-50.4197,214.179,3.82635,6.08734,0,-151.562,37.1039,0,-48.7053,12.9213,1.58085,145.673,-156.58,39.67,
0.7,0.646295,0.94258,-50.4245,214.151,3.81661,6.0909,0,-151.531,37.1009,0,-48.7105,12.9204,1.58142,145.638,-156.574,39.6661,
0.7,0.646234,0.942436,-50.4475,214.112,3.8079,6.09632,0,-151.495,37.096,0,-48.7332,12.9243,1.58255,145.6,-156.557,39.66,
0.7,0.646166,0.942293,-50.5369,214.055,3.80304,6.10951,0,-151.446,37.088,0,-48.8201,12.9453,1.58573,145.548,-156.526,39.6504,
0.7,0.646105,0.942137,-50.6375,213.843,3.79999,6.1242,0,-151.288,37.0536,0,-48.9179,12.9689,1.58932,145.391,-156.384,39.6123,
0.7,0.646043,0.941992,-50.6741,213.793,3.79213,6.13111,0,-151.245,37.05,0,-48.9537,12.9764,1.59084,145.344,-156.359,39.6041,
0.7,0.645981,0.941847,-50.7045,213.73,3.78369,6.13755,0,-151.194,37.0414,0,-48.9838,12.9805,1.59251,145.288,-156.325,39.5936,
0.7,0.645919,0.941702,-50.7427,213.665,3.77583,6.14472,0,-151.141,37.033,0,-49.0211,12.9885,1.59407,145.232,-156.289,39.5827,
0.7,0.645852,0.94173,-49.5829,215.109,3.67842,6.00652,0,-152.087,37.2743,0,-47.9011,12.6898,1.55799,146.159,-157.395,39.8548,
0.7,0.645791,0.941572,-49.9368,214.62,3.69475,6.0517,0,-151.738,37.1932,0,-48.2435,12.7785,1.56949,145.817,-157.046,39.7649,
0.7,0.645732,0.941428,-50.0703,214.415,3.69456,6.07093,0,-151.585,37.16,0,-48.3731,12.8107,1.57408,145.665,-156.908,39.7281,
0.7,0.645666,0.941284,-50.3016,214.22,3.70055,6.10146,0,-151.438,37.1281,0,-48.597,12.868,1.58172,145.519,-156.777,39.693,
0.7,0.645606,0.941143,-50.4159,214.011,3.69879,6.11769,0,-151.276,37.092,0,-48.708,12.8952,1.58574,145.363,-156.637,39.6554,
0.7,0.645545,0.940987,-50.6373,213.738,3.70507,6.14672,0,-151.075,37.0476,0,-48.9224,12.9499,1.59309,145.164,-156.45,39.6059,
0.7,0.645486,0.940844,-50.7201,213.605,3.70143,6.15957,0,-150.971,37.0262,0,-49.003,12.9688,1.59614,145.061,-156.365,39.5825,
0.7,0.645427,0.940699,-50.8106,213.476,3.69794,6.17277,0,-150.871,37.0059,0,-49.091,12.9898,1.59942,144.96,-156.281,39.5596,
0.7,0.645364,0.940554,-50.8786,213.398,3.69204,6.18298,0,-150.806,36.994,0,-49.1573,13.0049,1.60201,144.895,-156.235,39.5461,
0.7,0.645307,0.940393,-51.0024,213.161,3.6913,6.20024,0,-150.635,36.9573,0,-49.2776,13.0343,1.60638,144.723,-156.072,39.5032,
0.7,0.645195,0.940245,-51.2841,213.243,3.69162,6.23899,0,-150.687,36.9745,0,-49.5511,13.1017,1.61617,144.768,-156.143,39.5194,
0.7,0.645131,0.939952,-51.5274,212.364,3.698,6.27057,0,-150.049,36.8274,0,-49.7867,13.1617,1.62427,144.147,-155.52,39.3584,
0.7,0.645075,0.93979,-51.476,212.467,3.68423,6.26626,0,-150.12,36.8493,0,-49.7378,13.1459,1.62318,144.208,-155.603,39.3781,
0.7,0.645018,0.93964,-51.485,212.469,3.67442,6.26987,0,-150.114,36.853,0,-49.7472,13.1457,1.62398,144.195,-155.618,39.3796,
0.7,0.64496,0.939492,-51.4591,212.461,3.66204,6.26879,0,-150.101,36.8549,0,-49.7229,13.1365,1.62367,144.178,-155.622,39.3791,
0.7,0.644895,0.939334,-51.6304,212.314,3.66279,6.29144,0,-149.99,36.8319,0,-49.8891,13.1778,1.62957,144.069,-155.524,39.3527,
0.7,0.64484,0.939187,-51.6039,212.225,3.65091,6.29012,0,-149.917,36.8198,0,-49.8642,13.1682,1.6293,143.996,-155.47,39.3372,
0.7,0.644784,0.93904,-51.6175,212.189,3.64204,6.29339,0,-149.882,36.8165,0,-49.878,13.1694,1.6302,143.956,-155.458,39.332,
0.7,0.644729,0.938893,-51.6211,212.146,3.63244,6.29632,0,-149.842,36.8119,0,-49.8821,13.1678,1.63081,143.914,-155.438,39.3249,
0.7,0.644672,0.938748,-51.6438,212.11,3.62404,6.30127,0,-149.804,36.8075,0,-49.9046,13.1713,1.63197,143.877,-155.422,39.3192,
0.7,0.64461,0.938586,-51.8346,211.903,3.62467,6.32619,0,-149.654,36.7766,0,-50.0895,13.2181,1.63838,143.727,-155.28,39.2817,
0.7,0.644551,0.938438,-51.8767,211.799,3.61759,6.33343,0,-149.571,36.762,0,-50.1308,13.2266,1.64015,143.641,-155.218,39.2638,
0.7,0.644492,0.938292,-51.8509,211.782,3.60521,6.33297,0,-149.547,36.7619,0,-50.1064,13.2178,1.63978,143.616,-155.217,39.2616,
0.7,0.644433,0.938131,-52.0069,211.589,3.60551,6.35417,0,-149.408,36.7333,0,-50.2578,13.2554,1.64515,143.476,-155.085,39.2268,
0.7,0.644369,0.937982,-52.0328,211.557,3.59607,6.35908,0,-149.376,36.7323,0,-50.2834,13.2597,1.64643,143.438,-155.075,39.2221,
0.7,0.64431,0.937833,-52.0726,211.451,3.58831,6.36599,0,-149.293,36.7181,0,-50.3225,13.2676,1.64815,143.354,-155.009,39.2033,
0.7,0.644253,0.937686,-52.0593,211.413,3.57683,6.36696,0,-149.254,36.7145,0,-50.3103,13.2618,1.64821,143.316,-154.992,39.1974,
0.7,0.64419,0.937537,-52.1623,211.342,3.57251,6.38146,0,-149.195,36.7061,0,-50.4104,13.2857,1.65193,143.258,-154.949,39.1851,
0.7,0.644135,0.937374,-52.2538,211.112,3.56811,6.39475,0,-149.027,36.6721,0,-50.4995,13.3064,1.65536,143.089,-154.792,39.1435,
0.7,0.644078,0.937225,-52.2649,211.085,3.55808,6.398,0,-148.999,36.6711,0,-50.5109,13.3069,1.65618,143.059,-154.784,39.1395,
0.7,0.643956,0.937076,-52.7116,211.113,3.56505,6.45722,0,-149.01,36.68,0,-50.9441,13.4138,1.67168,143.065,-154.816,39.1457,
0.7,0.643898,0.936916,-52.6779,210.597,3.55161,6.45495,0,-148.638,36.594,0,-50.912,13.4045,1.67076,142.706,-154.447,39.0509,
0.7,0.643839,0.936615,-52.8,210.18,3.54854,6.47208,0,-148.324,36.5294,0,-51.0306,13.4335,1.67506,142.395,-154.165,38.9758,
0.7,0.643782,0.936467,-52.7001,210.418,3.53054,6.46246,0,-148.481,36.5737,0,-50.9347,13.4058,1.67235,142.544,-154.352,39.021,
0.7,0.643717,0.936307,-52.7622,210.372,3.52285,6.47182,0,-148.438,36.5685,0,-50.9952,13.4195,1.67474,142.503,-154.327,39.0133,
0.7,0.643661,0.936156,-52.7715,210.289,3.51262,6.4748,0,-148.372,36.5592,0,-51.0049,13.4195,1.67551,142.434,-154.276,38.9987,
0.7,0.643602,0.936008,-52.7872,210.255,3.50289,6.47837,0,-148.336,36.5563,0,-51.0207,13.4215,1.67642,142.396,-154.266,38.9938,
0.7,0.643543,0.935856,-52.8343,210.177,3.49501,6.48612,0,-148.274,36.547,0,-51.0666,13.4316,1.67828,142.332,-154.219,38.9803,
0.7,0.643483,0.935705,-52.8798,210.096,3.48706,6.49415,0,-148.209,36.5372,0,-51.1111,13.441,1.68016,142.265,-154.17,38.9662,
0.7,0.643417,0.935541,-53.0871,209.892,3.48855,6.52147,0,-148.061,36.5073,0,-51.3121,13.4916,1.68716,142.118,-154.028,38.929,
0.7,0.643356,0.935391,-53.0943,209.797,3.47783,6.52422,0,-147.985,36.4947,0,-51.3196,13.4912,1.68783,142.041,-153.969,38.9124,
0.7,0.643296,0.935244,-53.1033,209.761,3.46687,6.52802,0,-147.945,36.4915,0,-51.3289,13.4911,1.6886,142.001,-153.958,38.9071,
0.7,0.643235,0.935081,-53.1975,209.61,3.46173,6.54181,0,-147.833,36.4704,0,-51.4205,13.5129,1.69202,141.889,-153.855,38.8799,
0.7,0.643169,0.934931,-53.2729,209.555,3.45444,6.55284,0,-147.784,36.4668,0,-51.494,13.5297,1.69488,141.84,-153.825,38.8706,
0.7,0.643109,0.934781,-53.2945,209.445,3.44459,6.55769,0,-147.698,36.451,0,-51.5155,13.5329,1.69603,141.754,-153.755,38.8512,
0.7,0.643051,0.934632,-53.3038,209.394,3.43393,6.561,0,-147.647,36.4444,0,-51.5251,13.5329,1.69681,141.704,-153.731,38.8428,
0.7,0.642994,0.934482,-53.0137,209.577,3.40494,6.5262,0,-147.767,36.4799,0,-51.2455,13.4563,1.68816,141.816,-153.876,38.8778,
0.7,0.642869,0.934166,-53.6755,209.052,3.42271,6.61383,0,-147.385,36.3986,0,-51.8864,13.6199,1.71011,141.44,-153.51,38.7822,
0.7,0.642809,0.934016,-53.5963,208.916,3.40599,6.60651,0,-147.279,36.3787,0,-51.8104,13.5974,1.70807,141.336,-153.421,38.7578,
0.7,0.642751,0.933863,-53.5481,208.926,3.39143,6.60356,0,-147.278,36.3853,0,-51.7645,13.5825,1.70706,141.329,-153.441,38.7609,
0.7,0.642675,0.933697,-53.7373,208.826,3.39101,6.62967,0,-147.204,36.3737,0,-51.9473,13.6309,1.71302,141.253,-153.374,38.7429,
0.7,0.642611,0.933514,-53.9732,208.431,3.39345,6.66108,0,-146.969,36.3244,0,-52.176,13.6882,1.72105,140.98,-153.09,38.6702,
0.7,0.642552,0.933361,-53.8653,208.454,3.37499,6.65051,0,-146.978,36.333,0,-52.0724,13.6584,1.7181,140.984,-153.118,38.6755,
0.7,0.642494,0.933211,-53.8641,208.458,3.36331,6.653,0,-146.967,36.3371,0,-52.0719,13.6557,1.71853,140.975,-153.131,38.6771,
0.7,0.642352,0.933045,-54.4816,208.407,3.37628,6.73467,0,-146.926,36.3346,0,-52.6695,13.8083,1.73898,140.929,-153.103,38.6685,
0.7,0.642309,0.932742,-54.4232,207.443,3.36133,6.72995,0,-146.225,36.1745,0,-52.6144,13.7901,1.73785,140.256,-152.414,38.4914,
0.7,0.642249,0.932589,-54.2618,207.839,3.33953,6.71304,0,-146.496,36.2485,0,-52.4591,13.7464,1.73325,140.513,-152.715,38.5658,
0.7,0.642182,0.932422,-54.4276,207.72,3.33678,6.73567,0,-146.409,36.2248,0,-52.62,13.7859,1.73904,140.422,-152.638,38.5446,
0.7,0.642121,0.932269,-54.3451,207.705,3.31976,6.72796,0,-146.39,36.2273,0,-52.5409,13.7625,1.7369,140.4,-152.637,38.5427,
0.7,0.642061,0.932118,-54.3428,207.692,3.30776,6.73019,0,-146.369,36.2289,0,-52.5394,13.7594,1.73734,140.381,-152.637,38.5412,
0.7,0.642001,0.931964,-54.333,207.653,3.29564,6.73144,0,-146.333,36.2271,0,-52.5306,13.7544,1.73753,140.343,-152.618,38.5348,
0.7,0.641943,0.931811,-54.3545,207.594,3.28585,6.73692,0,-146.283,36.2219,0,-52.552,13.7574,1.73871,140.29,-152.587,38.5251,
0.7,0.641878,0.931643,-54.525,207.422,3.28406,6.76026,0,-146.158,36.198,0,-52.7175,13.7984,1.7446,140.165,-152.468,38.4937,
0.7,0.641816,0.931493,-54.5317,207.356,3.27297,6.7636,0,-146.097,36.1895,0,-52.7246,13.7982,1.7452,140.109,-152.429,38.4823,
0.7,0.641754,0.931341,-54.566,207.294,3.26353,6.77029,0,-146.044,36.1832,0,-52.7582,13.8051,1.74666,140.056,-152.395,38.4719,
0.7,0.641692,0.93119,-54.5965,207.224,3.25367,6.77666,0,-145.982,36.1746,0,-52.7883,13.8106,1.74807,139.994,-152.356,38.46,
0.7,0.64163,0.931024,-54.7374,207.033,3.25031,6.79595,0,-145.841,36.1459,0,-52.9251,13.8443,1.75299,139.857,-152.223,38.4252,
0.7,0.641562,0.930876,-54.7895,206.999,3.24043,6.80448,0,-145.802,36.1415,0,-52.976,13.8553,1.75507,139.822,-152.208,38.4198,
0.7,0.641502,0.930722,-54.8038,206.878,3.22974,6.80954,0,-145.706,36.1234,0,-52.9905,13.8566,1.756,139.727,-152.132,38.3985,
0.7,0.641442,0.930555,-54.9334,206.695,3.22565,6.82817,0,-145.574,36.0956,0,-53.1164,13.8871,1.76061,139.595,-152.005,38.3652,
0.7,0.64138,0.930401,-54.8703,206.715,3.21009,6.8226,0,-145.58,36.1026,0,-53.056,13.8691,1.759,139.598,-152.029,38.3697,
0.7,0.641312,0.930249,-54.9473,206.684,3.20146,6.83419,0,-145.547,36.0993,0,-53.131,13.8864,1.7619,139.566,-152.017,38.365,
0.7,0.641249,0.930095,-54.8825,206.645,3.18554,6.82827,0,-145.512,36.0955,0,-53.069,13.8679,1.76025,139.528,-151.997,38.3585,
0.7,0.641121,0.929939,-55.346,206.667,3.18723,6.8905,0,-145.516,36.1028,0,-53.5183,13.9806,1.776,139.522,-152.032,38.3643,
0.7,0.641052,0.929615,-56.0358,205.214,3.2132,6.97851,0,-144.483,35.8582,0,-54.1859,14.1527,1.79857,138.523,-150.98,38.0962,
0.7,0.640989,0.929464,-55.509,205.71,3.17051,6.91531,0,-144.819,35.9473,0,-53.677,14.0175,1.7821,138.846,-151.355,38.1891,
0.7,0.640928,0.92931,-55.4885,205.819,3.15718,6.91533,0,-144.885,35.9701,0,-53.6578,14.01,1.7819,138.905,-151.449,38.2107,
0.7,0.640868,0.929142,-55.5103,205.724,3.14638,6.92029,0,-144.812,35.9576,0,-53.6796,14.013,1.7831,138.832,-151.387,38.1937,
0.7,0.640808,0.928988,-55.4229,205.787,3.12939,6.91162,0,-144.847,35.9715,0,-53.5957,13.9886,1.78076,138.863,-151.444,38.2063,
0.7,0.64074,0.928836,-55.4667,205.791,3.11916,6.91878,0,-144.837,35.9746,0,-53.6387,13.9974,1.78261,138.854,-151.456,38.2079,
0.7,0.640678,0.928665,-55.6329,205.526,3.11651,6.94216,0,-144.646,35.9329,0,-53.8,14.0372,1.78839,138.665,-151.272,38.1597,
0.7,0.640612,0.928508,-55.701,205.447,3.10748,6.95555,0,-144.582,35.9235,0,-53.8662,14.0527,1.79092,138.601,-151.223,38.1458,
0.7,0.640542,0.928353,-55.7728,205.37,3.09824,6.96655,0,-144.52,35.914,0,-53.9361,14.0689,1.7936,138.538,-151.176,38.1325,
0.7,0.640479,0.928199,-55.7983,205.266,3.08755,6.97194,0,-144.434,35.898,0,-53.9613,14.0734,1.7948,138.456,-151.11,38.114,
0.7,0.640406,0.928043,-55.9324,205.176,3.08269,6.98422,0,-144.361,35.8857,0,-54.0911,14.1083,1.79895,138.381,-151.057,38.0985,
0.7,0.640344,0.927874,-55.9911,204.944,3.07362,6.99435,0,-144.194,35.8475,0,-54.1485,14.1208,1.80129,138.216,-150.893,38.056,
0.7,0.640283,0.927718,-55.9358,204.965,3.05834,6.98979,0,-144.199,35.8548,0,-54.0956,14.1047,1.79994,138.219,-150.919,38.0609,
0.7,0.640214,0.927566,-56.0177,204.945,3.04934,7.00223,0,-144.171,35.8533,0,-54.1753,14.1236,1.80293,138.194,-150.914,38.058,
0.7,0.64009,0.927411,-56.3948,204.933,3.04475,7.05412,0,-144.15,35.8547,0,-54.541,14.2145,1.8159,138.171,-150.918,38.0569,
0.7,0.64002,0.927095,-56.94,203.659,3.06034,7.1243,0,-143.253,35.6409,0,-55.0689,14.3499,1.83386,137.333,-149.961,37.8185,
0.7,0.639959,0.92694,-56.4014,204.164,3.01886,7.05908,0,-143.598,35.7334,0,-54.5487,14.2118,1.81699,137.662,-150.344,37.9134,
0.7,0.639898,0.926787,-56.3465,204.32,3.00338,7.05456,0,-143.693,35.7635,0,-54.4961,14.1957,1.81568,137.751,-150.472,37.9436,
0.7,0.639841,0.926617,-56.3883,204.194,2.99326,7.06267,0,-143.599,35.7472,0,-54.5373,14.2031,1.81764,137.658,-150.387,37.9209,
0.7,0.639782,0.926462,-56.3413,204.218,2.97848,7.05907,0,-143.607,35.7558,0,-54.4926,14.1886,1.81666,137.662,-150.415,37.9263,
0.7,0.639718,0.926308,-56.328,204.249,2.96456,7.05939,0,-143.616,35.7641,0,-54.4803,14.1827,1.81674,137.671,-150.448,37.9329,
0.7,0.63966,0.926152,-56.3563,204.146,2.95407,7.06489,0,-143.536,35.7504,0,-54.5083,14.1872,1.81817,137.59,-150.384,37.9148,
0.7,0.639601,0.925982,-56.4815,203.958,2.94875,7.08274,0,-143.397,35.7228,0,-54.6301,14.2163,1.8227,137.45,-150.256,37.8808,
0.7,0.639542,0.925827,-56.4995,203.914,2.93764,7.08765,0,-143.356,35.7198,0,-54.6481,14.2182,1.82379,137.408,-150.235,37.8736,
0.7,0.63948,0.925675,-56.4671,203.922,2.92386,7.08554,0,-143.347,35.7244,0,-54.6175,14.2078,1.8232,137.4,-150.253,37.8763,
0.7,0.639411,0.925521,-56.5847,203.847,2.91653,7.10216,0,-143.284,35.7159,0,-54.7317,14.2355,1.82738,137.337,-150.209,37.8634,
0.7,0.63935,0.925353,-56.7281,203.577,2.91155,7.12229,0,-143.087,35.6749,0,-54.871,14.2693,1.83247,137.142,-150.022,37.8143,
0.7,0.639289,0.925199,-56.7487,203.518,2.90025,7.12747,0,-143.034,35.6689,0,-54.8915,14.272,1.83362,137.089,-149.989,37.8042,
0.7,0.639136,0.925047,-57.2347,203.646,2.89885,7.18594,0,-143.109,35.6945,0,-55.3618,14.3933,1.84952,137.163,-150.096,37.8291,
0.7,0.639102,0.924892,-56.9658,203.03,2.87399,7.16109,0,-142.665,35.5908,0,-55.1034,14.3196,1.84204,136.736,-149.653,37.7158,
0.7,0.639043,0.924564,-57.5416,202.328,2.89076,7.23531,0,-142.155,35.4782,0,-55.6609,14.4618,1.86117,136.238,-149.157,37.5872,
0.7,0.638983,0.92441,-57.0452,202.854,2.85323,7.17462,0,-142.511,35.5737,0,-55.1814,14.3346,1.84559,136.581,-149.556,37.686,
0.7,0.638915,0.924253,-57.0413,202.998,2.8398,7.1757,0,-142.602,35.6031,0,-55.1782,14.3314,1.84591,136.665,-149.672,37.7136,
0.7,0.638856,0.924081,-57.1846,202.75,2.83432,7.19564,0,-142.422,35.565,0,-55.3175,14.365,1.85104,136.487,-149.5,37.6685,
0.7,0.638797,0.923923,-57.2139,202.68,2.82345,7.20161,0,-142.364,35.5574,0,-55.3465,14.3697,1.85251,136.428,-149.459,37.6564,
0.7,0.638737,0.923767,-57.2369,202.625,2.81242,7.20621,0,-142.312,35.5501,0,-55.3694,14.3732,1.85372,136.38,-149.429,37.6472,
0.7,0.63867,0.923609,-57.3401,202.539,2.80419,7.22083,0,-142.242,35.5385,0,-55.4698,14.3972,1.85745,136.31,-149.375,37.632,
0.7,0.63861,0.923436,-57.4731,202.276,2.79843,7.23949,0,-142.052,35.4969,0,-55.599,14.4286,1.86217,136.125,-149.189,37.5839,
0.7,0.63855,0.923278,-57.4842,202.228,2.78632,7.24339,0,-142.007,35.492,0,-55.6104,14.4292,1.86296,136.079,-149.167,37.5762,
0.7,0.638489,0.923122,-57.5005,202.189,2.77435,7.24726,0,-141.965,35.4884,0,-55.6266,14.4311,1.86391,136.04,-149.148,37.5698,
0.7,0.638427,0.922964,-57.5079,202.135,2.76173,7.25011,0,-141.917,35.4834,0,-55.6343,14.4309,1.86456,135.993,-149.119,37.5607,
0.7,0.638359,0.922805,-57.6254,202.04,2.75322,7.26709,0,-141.84,35.4719,0,-55.7486,14.4579,1.86886,135.918,-149.059,37.544,
0.7,0.638296,0.92263,-57.8016,201.756,2.74846,7.29118,0,-141.634,35.4283,0,-55.9197,14.5,1.87502,135.714,-148.859,37.492,
0.7,0.638233,0.922473,-57.8307,201.69,2.7366,7.29666,0,-141.575,35.4221,0,-55.9483,14.5052,1.87638,135.659,-148.82,37.4806,
0.7,0.63817,0.922313,-57.815,201.65,2.72289,7.29682,0,-141.539,35.421,0,-55.9337,14.4992,1.87626,135.622,-148.801,37.4742,
0.7,0.638102,0.922153,-57.923,201.562,2.71405,7.31234,0,-141.468,35.4115,0,-56.0386,14.5245,1.88014,135.551,-148.745,37.4586,
0.7,0.638042,0.921979,-58.0515,201.296,2.70742,7.33128,0,-141.278,35.3721,0,-56.1635,14.5545,1.88475,135.364,-148.556,37.4098,
0.7,0.637982,0.921818,-58.0703,201.237,2.69562,7.33589,0,-141.226,35.3687,0,-56.1823,14.5571,1.88578,135.31,-148.526,37.4001,
0.7,0.637922,0.921662,-58.0701,201.202,2.68286,7.33834,0,-141.187,35.3672,0,-56.1826,14.5551,1.88616,135.275,-148.511,37.3945,
0.7,0.637857,0.921502,-58.1444,201.133,2.67242,7.3505,0,-141.127,35.3606,0,-56.2551,14.5715,1.88904,135.217,-148.469,37.3825,
0.7,0.637794,0.921329,-58.0977,201.053,2.65873,7.34636,0,-141.064,35.3533,0,-56.2105,14.5578,1.88791,135.152,-148.421,37.3686,
0.7,0.637668,0.921014,-58.5805,200.63,2.65455,7.41232,0,-140.74,35.2904,0,-56.6786,14.6748,1.90439,134.845,-148.129,37.2918,
0.7,0.6376,0.920855,-58.4789,200.578,2.63593,7.40238,0,-140.692,35.2873,0,-56.5808,14.6474,1.90149,134.799,-148.1,37.283,
0.7,0.63754,0.920694,-58.4736,200.52,2.62298,7.40425,0,-140.64,35.2844,0,-56.5763,14.6437,1.90178,134.746,-148.07,37.2734,
0.7,0.63748,0.920521,-58.4982,200.424,2.61159,7.40974,0,-140.564,35.2758,0,-56.6007,14.6476,1.90303,134.673,-148.007,37.2562,
0.7,0.637421,0.920361,-58.4737,200.418,2.59773,7.40919,0,-140.55,35.2825,0,-56.5776,14.6391,1.9027,134.659,-148.012,37.256,
0.7,0.637354,0.9202,-58.5677,200.357,2.58808,7.42329,0,-140.498,35.2788,0,-56.6691,14.6605,1.9062,134.607,-147.975,37.2453,
0.7,0.637295,0.920026,-58.696,200.105,2.58085,7.4424,0,-140.315,35.2429,0,-56.794,14.6902,1.91085,134.429,-147.796,37.1991,
0.7,0.637234,0.919869,-58.6936,200.074,2.56768,7.44426,0,-140.277,35.2433,0,-56.7923,14.687,1.91129,134.394,-147.787,37.1945,
0.7,0.637173,0.919709,-58.6737,200.048,2.55363,7.4443,0,-140.248,35.2463,0,-56.7737,14.6796,1.91114,134.366,-147.778,37.1906,
0.7,0.637107,0.919549,-58.6049,200.1,2.5366,7.43783,0,-140.273,35.2619,0,-56.7078,14.6601,1.90937,134.39,-147.826,37.2012,
0.7,0.636993,0.919375,-59.0836,199.976,2.53161,7.50376,0,-140.179,35.2472,0,-57.1725,14.7738,1.92615,134.298,-147.742,37.1789,
0.7,0.636929,0.919218,-59.0539,199.59,2.51651,7.5023,0,-139.891,35.1847,0,-57.1445,14.7637,1.92572,134.024,-147.47,37.1082,
0.7,0.636872,0.919059,-59.0341,199.524,2.50286,7.50232,0,-139.833,35.1792,0,-57.1261,14.756,1.92563,133.969,-147.431,37.0968,
0.7,0.636816,0.918722,-59.6561,198.544,2.51629,7.58458,0,-139.129,35.0197,0,-57.7287,14.9083,1.94654,133.288,-146.726,36.9163,
0.7,0.636758,0.918563,-59.1852,199.051,2.48341,7.52714,0,-139.471,35.1155,0,-57.2738,14.7878,1.93174,133.618,-147.111,37.0115,
0.7,0.636692,0.918402,-59.0596,199.273,2.46383,7.5134,0,-139.617,35.1618,0,-57.1529,14.7538,1.92817,133.756,-147.284,37.0536,
0.7,0.636632,0.918241,-59.113,199.194,2.45296,7.52249,0,-139.552,35.1545,0,-57.2053,14.7644,1.93045,133.692,-147.235,37.0398,
0.7,0.636571,0.91808,-59.165,199.097,2.44202,7.53139,0,-139.473,35.1439,0,-57.2562,14.7751,1.93261,133.614,-147.176,37.0229,
0.7,0.636511,0.917908,-59.2953,198.896,2.43426,7.55055,0,-139.322,35.1149,0,-57.383,14.8049,1.93742,133.471,-147.035,36.9862,
0.7,0.63643,0.917748,-59.5056,198.832,2.42627,7.57901,0,-139.266,35.1085,0,-57.5871,14.8555,1.94468,133.416,-146.998,36.9752,
0.7,0.636369,0.917589,-59.437,198.666,2.41016,7.57256,0,-139.136,35.0835,0,-57.5213,14.8359,1.94291,133.293,-146.885,36.9451,
0.7,0.63631,0.917415,-59.5215,198.522,2.40024,7.58613,0,-139.028,35.0637,0,-57.6038,14.8543,1.94622,133.187,-146.787,36.9191,
0.7,0.636265,0.917258,-59.3888,198.504,2.38397,7.57173,0,-138.998,35.0647,0,-57.4762,14.8182,1.94248,133.16,-146.787,36.917,
0.7,0.636186,0.917098,-59.5728,198.569,2.37478,7.59685,0,-139.032,35.0809,0,-57.6548,14.8619,1.94895,133.192,-146.846,36.9301,
0.7,0.636125,0.916938,-59.6002,198.343,2.36256,7.60262,0,-138.862,35.0459,0,-57.6821,14.8661,1.95037,133.029,-146.688,36.8888,
0.7,0.636066,0.916764,-59.6633,198.194,2.3516,7.61295,0,-138.751,35.0259,0,-57.7438,14.879,1.95299,132.921,-146.587,36.8619,
0.7,0.635939,0.916605,-60.2079,198.191,2.34487,7.68757,0,-138.732,35.0303,0,-58.2723,15.0095,1.97188,132.903,-146.597,36.8624,
0.7,0.63588,0.916254,-60.7156,196.748,2.35124,7.75494,0,-137.71,34.7877,0,-58.7644,15.1333,1.98907,131.918,-145.545,36.5954,
0.7,0.635822,0.916093,-60.2092,197.295,2.31827,7.6927,0,-138.083,34.8895,0,-58.275,15.0042,1.97305,132.274,-145.96,36.6981,
0.7,0.635763,0.91592,-60.0789,197.458,2.2999,7.67888,0,-138.186,34.9235,0,-58.1496,14.9691,1.96932,132.374,-146.089,36.7292,
0.7,0.635697,0.91576,-60.1411,197.476,2.28788,7.68904,0,-138.184,34.9307,0,-58.2104,14.9821,1.97184,132.371,-146.115,36.7335,
0.7,0.635637,0.915598,-60.1144,197.398,2.27337,7.68805,0,-138.118,34.9208,0,-58.1853,14.973,1.97146,132.308,-146.068,36.7201,
0.7,0.635576,0.915422,-60.2339,197.227,2.26448,7.70565,0,-137.992,34.8956,0,-58.3016,15.0003,1.97588,132.185,-145.949,36.689,
0.7,0.635513,0.915261,-60.2744,197.174,2.25248,7.71293,0,-137.943,34.8901,0,-58.3413,15.0084,1.9776,132.137,-145.92,36.68,
0.7,0.635534,0.915103,-59.5518,197.113,2.22656,7.62616,0,-137.883,34.8829,0,-57.6429,14.8248,1.95462,132.081,-145.888,36.6699,
0.7,0.635463,0.914944,-59.7866,197.648,2.2207,7.65818,0,-138.245,34.9818,0,-57.8706,14.882,1.96259,132.428,-146.295,36.7703,
0.7,0.6354,0.914769,-60.0283,197.263,2.21607,7.69126,0,-137.968,34.9194,0,-58.105,14.94,1.97094,132.16,-146.018,36.6993,
0.7,0.635335,0.91461,-60.0907,197.154,2.20468,7.70114,0,-137.876,34.9041,0,-58.1658,14.9542,1.97327,132.072,-145.952,36.6805,
0.7,0.635273,0.914449,-60.1896,196.997,2.1947,7.71659,0,-137.754,34.8815,0,-58.2621,14.9767,1.97694,131.954,-145.846,36.6521,
0.7,0.635206,0.914287,-60.2761,196.899,2.18306,7.72996,0,-137.674,34.8694,0,-58.3463,14.9964,1.98015,131.877,-145.784,36.6348,
0.7,0.635145,0.914126,-60.3404,196.741,2.1718,7.74083,0,-137.551,34.8466,0,-58.4091,15.0104,1.98267,131.759,-145.677,36.6064,
0.7,0.635087,0.913953,-60.3287,196.645,2.15774,7.7417,0,-137.471,34.8344,0,-58.3984,15.0048,1.98282,131.682,-145.617,36.5894,
0.7,0.634962,0.913628,-61.2468,195.862,2.16081,7.86482,0,-136.9,34.7074,0,-59.2885,15.2284,2.01393,131.134,-145.059,36.4456,
0.7,0.634902,0.913465,-60.8052,195.919,2.13095,7.8105,0,-136.927,34.7221,0,-58.8617,15.116,1.99994,131.161,-145.111,36.4571,
0.7,0.634843,0.913496,-59.408,197.65,2.06806,7.63336,0,-138.058,35.0201,0,-57.5098,14.7661,1.95449,132.269,-146.439,36.7834,
0.7,0.634788,0.913318,-59.7566,197.207,2.06642,7.68097,0,-137.743,34.9483,0,-57.8481,14.8494,1.96663,131.965,-146.118,36.7016,
0.7,0.634726,0.913155,-60.0126,196.947,2.06047,7.71606,0,-137.55,34.9071,0,-58.0967,14.9101,1.97564,131.78,-145.934,36.6539,
0.7,0.634671,0.912991,-60.1257,196.699,2.05071,7.73306,0,-137.367,34.8689,0,-58.207,14.935,1.98,131.604,-145.76,36.6088,
0.7,0.634617,0.912831,-60.2469,196.523,2.04132,7.75102,0,-137.229,34.8417,0,-58.3252,14.9618,1.98465,131.474,-145.639,36.5768,
0.7,0.634555,0.912652,-60.4862,196.261,2.03445,7.78372,0,-137.039,34.8022,0,-58.5577,15.0182,1.99314,131.288,-145.455,36.529,
0.7,0.634499,0.912489,-60.594,196.058,2.02358,7.80018,0,-136.887,34.7712,0,-58.6629,15.0418,1.99733,131.141,-145.314,36.4919,
0.7,0.634442,0.912325,-60.674,195.925,2.01227,7.81271,0,-136.784,34.7529,0,-58.7411,15.0584,2.0006,131.042,-145.225,36.468,
0.7,0.634385,0.912147,-60.8794,195.653,2.005,7.84138,0,-136.586,34.7091,0,-58.9408,15.1062,2.00803,130.853,-145.03,36.418,
0.7,0.634325,0.911982,-60.978,195.521,1.99326,7.85643,0,-136.483,34.6898,0,-59.0372,15.127,2.012,130.752,-144.943,36.3944,
0.7,0.63427,0.911817,-61.0403,195.366,1.98148,7.86653,0,-136.364,34.6663,0,-59.0984,15.1391,2.01473,130.639,-144.835,36.3661,
0.7,0.634216,0.911651,-61.0931,195.244,1.96948,7.87542,0,-136.269,34.6489,0,-59.1505,15.1468,2.01751,130.549,-144.753,36.3442,
0.7,0.634165,0.911471,-61.2185,195.021,1.95995,7.8937,0,-136.105,34.6131,0,-59.2729,15.1761,2.02206,130.393,-144.593,36.3031,
0.7,0.634107,0.911304,-61.3056,194.939,1.94787,7.90713,0,-136.037,34.6033,0,-59.3581,15.1942,2.02563,130.326,-144.543,36.2887,
0.7,0.634056,0.911137,-61.3217,194.809,1.93473,7.91199,0,-135.937,34.5844,0,-59.3747,15.1925,2.02727,130.231,-144.454,36.2652,
0.7,0.634002,0.91097,-61.3614,194.733,1.9221,7.91961,0,-135.875,34.5753,0,-59.4141,15.1991,2.02923,130.171,-144.406,36.2518,
0.7,0.633947,0.91079,-61.5079,194.522,1.91262,7.94099,0,-135.72,34.5425,0,-59.5568,15.232,2.03476,130.024,-144.255,36.2131,
0.7,0.633887,0.910621,-61.5025,194.501,1.89719,7.94241,0,-135.696,34.5441,0,-59.5525,15.2271,2.03527,129.997,-144.25,36.21,
0.7,0.633777,0.910284,-61.9278,193.996,1.88196,8.00224,0,-135.328,34.4646,0,-59.966,15.3259,2.05066,129.642,-143.892,36.1175,
0.7,0.633721,0.910124,-61.7211,194.055,1.86146,7.97777,0,-135.348,34.4764,0,-59.7667,15.2717,2.04441,129.67,-143.944,36.1292,
0.7,0.633666,0.909936,-61.7378,193.964,1.84786,7.98268,0,-135.287,34.4686,0,-59.7837,15.2726,2.04562,129.604,-143.882,36.1127,
0.7,0.633606,0.909769,-61.6782,194.036,1.83085,7.97668,0,-135.326,34.4858,0,-59.7268,15.2548,2.04426,129.641,-143.946,36.1271,
0.7,0.63355,0.909607,-61.6393,194.018,1.81564,7.97366,0,-135.295,34.4842,0,-59.69,15.2424,2.04353,129.618,-143.941,36.1244,
0.7,0.633436,0.909259,-62.6146,193.078,1.81531,8.10384,0,-134.62,34.3251,0,-60.6359,15.478,2.07698,128.974,-143.258,35.9507,
0.7,0.633373,0.909089,-62.1417,193.234,1.78615,8.04466,0,-134.718,34.3566,0,-60.1787,15.3581,2.06189,129.066,-143.385,35.9807,
0.7,0.633315,0.90892,-62.0351,193.364,1.76884,8.03274,0,-134.8,34.3841,0,-60.0762,15.3292,2.05887,129.144,-143.489,36.0056,
0.7,0.633259,0.908746,-62.1436,193.232,1.75781,8.04869,0,-134.708,34.3674,0,-60.182,15.3532,2.06303,129.048,-143.398,35.9817,
0.7,0.633196,0.908569,-62.2652,193.084,1.7459,8.06595,0,-134.588,34.3431,0,-60.3005,15.3805,2.06762,128.938,-143.298,35.9549,
0.7,0.633142,0.9084,-62.2916,192.944,1.73253,8.07186,0,-134.481,34.3231,0,-60.3269,15.3839,2.06913,128.836,-143.201,35.9295,
0.7,0.633088,0.908231,-62.2195,192.941,1.71657,8.06451,0,-134.468,34.3269,0,-60.2578,15.363,2.06734,128.824,-143.207,35.9296,
0.7,0.632978,0.908065,-62.6129,192.973,1.69889,8.11946,0,-134.475,34.336,0,-60.6404,15.4542,2.0816,128.836,-143.239,35.9363,
0.7,0.632919,0.907883,-62.7477,192.372,1.68716,8.13929,0,-134.05,34.2343,0,-60.7718,15.4842,2.08674,128.428,-142.799,35.8249,
0.7,0.632863,0.907547,-62.8047,191.923,1.67425,8.14871,0,-133.712,34.1637,0,-60.8278,15.4951,2.08926,128.109,-142.482,35.7427,
0.7,0.632807,0.907381,-62.6386,192.222,1.65538,8.12908,0,-133.907,34.2206,0,-60.6677,15.451,2.08435,128.3,-142.713,35.7992,
0.7,0.632751,0.907211,-62.6613,192.184,1.64137,8.13402,0,-133.87,34.2183,0,-60.6905,15.4536,2.08572,128.265,-142.692,35.7927,
0.7,0.632693,0.907025,-62.8425,191.946,1.63068,8.15911,0,-133.699,34.1814,0,-60.867,15.4945,2.0925,128.097,-142.524,35.7491,
0.7,0.632639,0.906822,-63.0819,191.563,1.62239,8.19275,0,-133.474,34.1336,0,-61.0998,15.5502,2.10114,127.837,-142.243,35.6781,
0.7,0.632585,0.906656,-63.0274,191.576,1.60672,8.18776,0,-133.471,34.1391,0,-61.0478,15.5336,2.09995,127.836,-142.261,35.6813,
0.7,0.632531,0.906471,-63.0621,191.453,1.59337,8.19425,0,-133.381,34.123,0,-61.0822,15.539,2.10174,127.748,-142.175,35.6588,
0.7,0.632474,0.906301,-63.0523,191.457,1.57802,8.19539,0,-133.374,34.1286,0,-61.0736,15.533,2.10213,127.739,-142.189,35.6605,
0.7,0.632422,0.906132,-63.029,191.388,1.56351,8.19446,0,-133.316,34.1221,0,-61.0519,15.524,2.10201,127.684,-142.146,35.6485,
0.7,0.63237,0.905966,-62.8846,191.466,1.54586,8.17782,0,-133.356,34.1393,0,-60.913,15.4847,2.09794,127.726,-142.212,35.6637,
0.7,0.632312,0.905783,-62.9094,191.424,1.53102,8.18294,0,-133.318,34.1368,0,-60.938,15.487,2.09951,127.688,-142.189,35.6566,
0.7,0.632213,0.905615,-63.342,191.34,1.51339,8.24382,0,-133.248,34.1255,0,-61.3592,15.5851,2.11564,127.623,-142.135,35.6417,
0.7,0.632163,0.905448,-63.2066,190.983,1.49605,8.22836,0,-132.988,34.0658,0,-61.2292,15.5477,2.11193,127.375,-141.878,35.5758,
0.7,0.632113,0.905113,-63.4335,190.43,1.48719,8.26004,0,-132.578,33.9729,0,-61.45,15.5993,2.12035,126.988,-141.483,35.4743,
0.7,0.63206,0.904928,-63.3471,190.601,1.47,8.25089,0,-132.69,34.0074,0,-61.3674,15.5739,2.1183,127.093,-141.618,35.5067,
0.7,0.632011,0.904758,-63.2323,190.653,1.45316,8.23885,0,-132.716,34.0218,0,-61.2574,15.5412,2.11534,127.119,-141.665,35.5173,
0.7,0.63194,0.90459,-63.3511,190.689,1.44019,8.25714,0,-132.727,34.0306,0,-61.3725,15.5703,2.11934,127.134,-141.7,35.5247,
0.7,0.631889,0.90442,-63.3275,190.491,1.42496,8.25662,0,-132.58,33.9989,0,-61.3507,15.5604,2.11937,126.993,-141.56,35.4884,
0.7,0.631831,0.904234,-63.5316,190.283,1.41362,8.28542,0,-132.428,33.9649,0,-61.5493,15.6068,2.12695,126.846,-141.412,35.4502,
0.7,0.631779,0.904063,-63.5412,190.16,1.39916,8.28899,0,-132.33,33.9479,0,-61.5597,15.6051,2.12808,126.756,-141.328,35.4279,
0.7,0.631724,0.903895,-63.5511,190.115,1.38443,8.2933,0,-132.283,33.942,0,-61.5702,15.6037,2.12917,126.717,-141.302,35.4202,
0.7,0.631669,0.903725,-63.5949,190.021,1.37026,8.30132,0,-132.207,33.9287,0,-61.6136,15.6109,2.13136,126.646,-141.24,35.4035,
0.7,0.631609,0.903554,-63.6878,189.916,1.3562,8.31546,0,-132.121,33.9131,0,-61.7045,15.6301,2.13518,126.565,-141.172,35.3847,
0.7,0.63156,0.903368,-63.7849,189.638,1.34363,8.331,0,-131.921,33.8688,0,-61.7998,15.6497,2.13929,126.374,-140.97,35.3333,
0.7,0.631509,0.9032,-63.7654,189.627,1.32847,8.33079,0,-131.899,33.8698,0,-61.7818,15.6409,2.13943,126.358,-140.97,35.332,
0.7,0.631458,0.903027,-63.7522,189.576,1.31325,8.33152,0,-131.854,33.8648,0,-61.7701,15.6338,2.13977,126.316,-140.938,35.323,
0.7,0.6314,0.902854,-63.8471,189.486,1.29908,8.3461,0,-131.781,33.8528,0,-61.863,15.6533,2.1437,126.246,-140.881,35.3071,
0.7,0.631349,0.902666,-63.9795,189.208,1.28665,8.36577,0,-131.584,33.8095,0,-61.9924,15.6815,2.14899,126.055,-140.678,35.2557,
0.7,0.631296,0.902497,-63.978,189.173,1.2713,8.36837,0,-131.546,33.8068,0,-61.992,15.6771,2.14976,126.023,-140.659,35.2497,
0.7,0.631242,0.902325,-64.0196,189.086,1.25664,8.37592,0,-131.476,33.7956,0,-62.0334,15.6835,2.15191,125.957,-140.603,35.2343,
0.7,0.63118,0.902153,-64.1262,188.981,1.24213,8.39183,0,-131.391,33.7816,0,-62.1376,15.7061,2.1562,125.876,-140.534,35.2155,
0.7,0.631126,0.901981,-64.1565,188.83,1.22747,8.39797,0,-131.278,33.7506,0,-62.1678,15.7099,2.15793,125.768,-140.428,35.1879,
0.7,0.631075,0.901797,-64.2528,188.63,1.21424,8.41335,0,-131.128,33.7198,0,-62.2622,15.7291,2.16204,125.629,-140.284,35.1509,
0.7,0.631021,0.901625,-64.1159,188.711,1.19592,8.39919,0,-131.174,33.7391,0,-62.1305,15.6919,2.15817,125.676,-140.351,35.1667,
0.7,0.630907,0.901266,-64.6783,188.142,1.17496,8.47558,0,-130.759,33.6484,0,-62.6774,15.8221,2.17859,125.281,-139.942,35.0619,
0.7,0.630854,0.901097,-64.5055,188.102,1.15622,8.4556,0,-130.716,33.6448,0,-62.5111,15.7754,2.17366,125.245,-139.919,35.055,
0.7,0.630799,0.900924,-64.4622,188.13,1.13942,8.45358,0,-130.725,33.6548,0,-62.4701,15.7609,2.17298,125.257,-139.947,35.0609,
0.7,0.630738,0.900751,-64.5045,188.088,1.12354,8.46097,0,-130.686,33.6521,0,-62.5121,15.7676,2.17513,125.221,-139.922,35.0537,
0.7,0.630685,0.900562,-64.6527,187.807,1.1107,8.4827,0,-130.483,33.6077,0,-62.6567,15.8,2.1809,125.027,-139.719,35.0018,
0.7,0.630634,0.900392,-64.621,187.762,1.09478,8.48146,0,-130.438,33.6031,0,-62.6272,15.7878,2.18072,124.989,-139.693,34.994,
0.7,0.630578,0.900218,-64.6168,187.745,1.07842,8.48406,0,-130.416,33.6043,0,-62.6242,15.7822,2.18148,124.97,-139.686,34.9914,
0.7,0.630525,0.900045,-64.5993,187.678,1.06308,8.48287,0,-130.359,33.5964,0,-62.6082,15.7743,2.18162,124.916,-139.646,34.9798,
0.7,0.630477,0.899871,-64.6098,187.586,1.0481,8.48815,0,-130.284,33.5842,0,-62.6196,15.772,2.18293,124.847,-139.584,34.9631,
0.7,0.630427,0.899684,-64.743,187.385,1.03484,8.50801,0,-130.135,33.5519,0,-62.7498,15.8,2.18834,124.708,-139.438,34.926,
0.7,0.630367,0.89951,-64.8425,187.3,1.01962,8.52312,0,-130.066,33.5393,0,-62.8473,15.8202,2.19252,124.645,-139.381,34.9107,
0.7,0.630314,0.899336,-64.7876,187.231,1.00302,8.51822,0,-130.008,33.5308,0,-62.7952,15.8027,2.19148,124.592,-139.335,34.8982,
0.7,0.63026,0.89916,-64.7731,187.19,0.987041,8.51912,0,-129.966,33.5272,0,-62.7821,15.795,2.19181,124.551,-139.317,34.8918,
0.7,0.630152,0.89897,-65.4349,186.946,0.965139,8.61063,0,-129.794,33.4888,0,-63.4257,15.9482,2.21584,124.39,-139.134,34.846,
0.7,0.630091,0.898618,-66.0028,185.587,0.956246,8.6874,0,-128.828,33.2519,0,-63.9772,16.0828,2.23584,123.465,-138.14,34.5943,
0.7,0.630037,0.898442,-65.4281,186.114,0.932083,8.61445,0,-129.187,33.3506,0,-63.4212,15.9387,2.21719,123.81,-138.538,34.6931,
0.7,0.629983,0.898253,-65.5224,186.075,0.917537,8.62904,0,-129.152,33.3463,0,-63.5136,15.9576,2.22118,123.78,-138.512,34.686,
0.7,0.629925,0.898078,-65.4347,186.128,0.899587,8.61913,0,-129.179,33.3585,0,-63.4297,15.932,2.21906,123.809,-138.557,34.6964,
0.7,0.629871,0.897903,-65.4478,186.048,0.883982,8.62298,0,-129.112,33.3466,0,-63.4434,15.9312,2.2203,123.747,-138.505,34.6821,
0.7,0.629816,0.897728,-65.4793,185.969,0.868497,8.62925,0,-129.047,33.3356,0,-63.475,15.935,2.22214,123.688,-138.451,34.6679,
0.7,0.62976,0.897537,-65.6299,185.736,0.854759,8.65127,0,-128.88,33.2976,0,-63.6219,15.9679,2.22799,123.53,-138.281,34.6247,
0.7,0.629697,0.897365,-65.6756,185.701,0.838358,8.65981,0,-128.841,33.2927,0,-63.6671,15.9757,2.23021,123.5,-138.261,34.6187,
0.7,0.629641,0.897191,-65.7032,185.565,0.823114,8.66573,0,-128.735,33.2713,0,-63.6946,15.9794,2.23176,123.4,-138.167,34.5939,
0.7,0.629585,0.897,-65.7448,185.42,0.808045,8.67356,0,-128.63,33.2505,0,-63.7357,15.9862,2.23383,123.3,-138.062,34.5672,
0.7,0.629528,0.896825,-65.7763,185.356,0.792652,8.68005,0,-128.578,33.2427,0,-63.7671,15.9905,2.23557,123.252,-138.02,34.5557,
0.7,0.629475,0.896657,-65.704,185.355,0.776293,8.67329,0,-128.58,33.246,0,-63.698,15.969,2.2339,123.279,-137.993,34.5531,
0.7,0.629412,0.89648,-65.8276,185.252,0.760877,8.69165,0,-128.5,33.2317,0,-63.8187,15.9956,2.23877,123.205,-137.921,34.5344,
0.7,0.629355,0.896304,-65.7777,185.177,0.7443,8.68733,0,-128.438,33.2227,0,-63.7712,15.9802,2.23773,123.147,-137.873,34.5211,
0.7,0.629204,0.896112,-66.7092,184.978,0.719215,8.80777,0,-128.294,33.1918,0,-64.6747,16.2045,2.26982,123.011,-137.728,34.4841,
0.7,0.629167,0.895764,-66.6273,183.785,0.703166,8.79954,0,-127.441,32.9835,0,-64.5972,16.1786,2.26825,122.203,-136.853,34.263,
0.7,0.629111,0.895572,-66.4744,184.136,0.685014,8.78179,0,-127.679,33.0512,0,-64.45,16.1378,2.26378,122.433,-137.117,34.3287,
0.7,0.629056,0.895396,-66.2563,184.315,0.666524,8.75548,0,-127.793,33.0869,0,-64.2395,16.0809,2.25714,122.547,-137.255,34.3624,
0.7,0.629003,0.895224,-66.2232,184.323,0.650372,8.75366,0,-127.785,33.0907,0,-64.2085,16.0686,2.25687,122.545,-137.266,34.3643,
0.7,0.628945,0.89505,-66.2093,184.321,0.633367,8.75468,0,-127.774,33.0943,0,-64.1961,16.061,2.25724,122.537,-137.271,34.3646,
0.7,0.628893,0.894859,-66.339,184.075,0.618959,8.77444,0,-127.598,33.0555,0,-64.3229,16.0885,2.26245,122.367,-137.093,34.3192,
0.7,0.628786,0.894685,-66.6472,184.127,0.591405,8.82044,0,-127.624,33.0685,0,-64.6238,16.1551,2.27459,122.394,-137.138,34.3294,
0.7,0.628727,0.894513,-66.4881,183.866,0.573793,8.80223,0,-127.43,33.0239,0,-64.4706,16.1123,2.27001,122.214,-136.95,34.2813,
0.7,0.628673,0.894339,-66.4765,183.812,0.560493,8.80323,0,-127.381,33.0173,0,-64.4604,16.1053,2.27044,122.169,-136.917,34.2718,
0.7,0.62862,0.894165,-66.4352,183.791,0.543361,8.80059,0,-127.356,33.0171,0,-64.4215,16.091,2.26989,122.149,-136.908,34.2685,
0.7,0.628567,0.893805,-66.772,183.079,0.530968,8.84781,0,-126.84,32.8944,0,-64.7491,16.1682,2.28227,121.664,-136.386,34.1364,
0.7,0.628518,0.89363,-66.6493,183.271,0.51481,8.83468,0,-126.963,32.9315,0,-64.6314,16.1335,2.27906,121.786,-136.535,34.1727,
0.7,0.628459,0.893438,-66.6987,183.212,0.500366,8.84342,0,-126.916,32.9249,0,-64.6804,16.1415,2.28155,121.741,-136.496,34.1621,
0.7,0.628407,0.893261,-66.7206,183.115,0.485129,8.8488,0,-126.84,32.9107,0,-64.7027,16.1426,2.28313,121.671,-136.428,34.1444,
0.7,0.628353,0.893086,-66.737,183.049,0.469487,8.85338,0,-126.781,32.9007,0,-64.7196,16.1424,2.28452,121.621,-136.383,34.1324,
0.7,0.628292,0.892908,-66.844,182.934,0.453235,8.86979,0,-126.693,32.8838,0,-64.8244,16.164,2.28904,121.541,-136.301,34.1114,
0.7,0.628238,0.89273,-66.7721,182.871,0.436682,8.86314,0,-126.641,32.8769,0,-64.7558,16.1423,2.28743,121.492,-136.261,34.1002,
0.7,0.628182,0.892535,-66.9004,182.684,0.421435,8.88258,0,-126.507,32.8481,0,-64.8813,16.1691,2.29266,121.365,-136.123,34.0654,
0.7,0.628127,0.89236,-66.8295,182.687,0.404759,8.87551,0,-126.496,32.8515,0,-64.8136,16.1477,2.29109,121.361,-136.13,34.0663,
0.7,0.628016,0.892182,-67.2174,182.698,0.373709,8.93193,0,-126.494,32.8572,0,-65.192,16.2324,2.30617,121.364,-136.143,34.0689,
0.7,0.627963,0.891829,-67.353,181.757,0.358294,8.95244,0,-125.82,32.6949,0,-65.3247,16.2608,2.3117,120.726,-135.452,33.8943,
0.7,0.627909,0.891638,-67.3778,181.83,0.342176,8.95819,0,-125.861,32.7106,0,-65.3498,16.2624,2.31341,120.771,-135.509,33.908,
0.7,0.627854,0.891461,-67.2324,181.918,0.325237,8.94121,0,-125.912,32.7298,0,-65.2099,16.2231,2.30927,120.825,-135.579,33.9248,
0.7,0.627802,0.891283,-67.2563,181.854,0.309157,8.94738,0,-125.858,32.7223,0,-65.2343,16.2241,2.31104,120.778,-135.535,33.9133,
0.7,0.62774,0.891087,-67.4554,181.642,0.292244,8.97607,0,-125.706,32.6886,0,-65.4286,16.2679,2.31874,120.632,-135.381,33.874,
0.7,0.627684,0.890911,-67.4764,181.518,0.275903,8.98138,0,-125.608,32.6687,0,-65.4501,16.2686,2.32033,120.545,-135.292,33.8512,
0.7,0.627628,0.890733,-67.504,181.427,0.259708,8.98741,0,-125.536,32.6562,0,-65.4778,16.2709,2.32213,120.48,-135.229,33.8346,
0.7,0.627566,0.890555,-67.5994,181.323,0.242574,9.00226,0,-125.454,32.6423,0,-65.5715,16.2898,2.32624,120.407,-135.154,33.8154,
0.7,0.627511,0.890361,-67.7408,181.032,0.226761,9.02407,0,-125.246,32.5955,0,-65.7097,16.3193,2.332,120.209,-134.941,33.7614,
0.7,0.627456,0.890183,-67.7536,180.964,0.210522,9.02799,0,-125.19,32.5876,0,-65.7233,16.3181,2.3333,120.16,-134.895,33.7492,
0.7,0.6274,0.890008,-67.7602,180.907,0.194061,9.03115,0,-125.136,32.5802,0,-65.7307,16.3154,2.33439,120.117,-134.856,33.7388,
0.7,0.627345,0.88983,-67.7873,180.808,0.17762,9.03702,0,-125.058,32.5664,0,-65.7581,16.3173,2.33624,120.047,-134.786,33.7208,
0.7,0.627282,0.889652,-67.7403,180.835,0.159296,9.0334,0,-125.066,32.5756,0,-65.7137,16.3015,2.3355,120.059,-134.81,33.726,
0.7,0.62717,0.88946,-68.3711,180.585,0.127067,9.12258,0,-124.883,32.5343,0,-66.328,16.4441,2.3591,119.889,-134.628,33.6797,
0.7,0.627115,0.889102,-68.8945,179.207,0.111179,9.1956,0,-123.912,32.2957,0,-66.8369,16.5652,2.3781,118.965,-133.608,33.4234,
0.7,0.627053,0.888922,-68.3184,179.823,0.0922682,9.1211,0,-124.33,32.4114,0,-66.2791,16.4225,2.35906,119.37,-134.07,33.5385,
0.7,0.626999,0.888728,-68.3509,179.79,0.0758305,9.12817,0,-124.298,32.4098,0,-66.3118,16.4257,2.3611,119.343,-134.049,33.5326,
0.7,0.626945,0.888548,-68.2814,179.802,0.0593045,9.12151,0,-124.299,32.4172,0,-66.2456,16.4042,2.35966,119.347,-134.063,33.5353,
0.7,0.626893,0.888369,-68.267,179.75,0.0429236,9.12211,0,-124.253,32.4137,0,-66.233,16.3954,2.36022,119.308,-134.027,33.5258,
0.7,0.626833,0.888189,-68.3363,179.691,0.0248911,9.13413,0,-124.202,32.4087,0,-66.3015,16.407,2.36363,119.262,-133.99,33.5154,
0.7,0.626764,0.887997,-68.5524,179.471,0.00562326,9.16489,0,-124.04,32.374,0,-66.5122,16.4545,2.37196,119.114,-133.827,33.4745,
0.7,0.62672,0.887819,-68.4354,179.306,-0.00844978,9.15229,0,-123.915,32.3494,0,-66.3999,16.4218,2.36884,119,-133.707,33.4439,
0.7,0.626657,0.887641,-68.5173,179.337,-0.0264712,9.16543,0,-123.925,32.3603,0,-66.4804,16.437,2.37255,119.016,-133.734,33.4501,
0.7,0.626587,0.887463,-68.6572,179.199,-0.0460694,9.18666,0,-123.82,32.3411,0,-66.6173,16.4663,2.37826,118.92,-133.636,33.4248,
0.7,0.62653,0.88727,-68.7703,178.889,-0.0629771,9.20429,0,-123.594,32.2898,0,-66.7281,16.4892,2.38301,118.709,-133.408,33.3672,
0.7,0.626474,0.887091,-68.7671,178.823,-0.0797009,9.20644,0,-123.538,32.2829,0,-66.7261,16.4839,2.3838,118.661,-133.364,33.3554,
0.7,0.62642,0.886911,-68.7468,178.763,-0.0963004,9.20631,0,-123.487,32.2784,0,-66.7077,16.4742,2.38407,118.616,-133.323,33.3444,
0.7,0.626358,0.886731,-68.8269,178.696,-0.114375,9.21943,0,-123.432,32.2721,0,-66.7866,16.489,2.38773,118.568,-133.276,33.3322,
0.7,0.626303,0.886552,-68.7792,178.61,-0.131306,9.21623,0,-123.359,32.2616,0,-66.7415,16.4728,2.38702,118.504,-133.217,33.3166,
0.7,0.626247,0.886356,-68.9397,178.384,-0.148577,9.2404,0,-123.199,32.2279,0,-66.8984,16.5064,2.39355,118.353,-133.05,33.2746,
0.7,0.626193,0.886176,-68.9035,178.334,-0.165198,9.23813,0,-123.154,32.2249,0,-66.8646,16.4924,2.39335,118.316,-133.016,33.2656,
0.7,0.626131,0.885997,-68.9328,178.314,-0.183628,9.24484,0,-123.129,32.2265,0,-66.8943,16.4943,2.39538,118.298,-133.004,33.262,
0.7,0.626076,0.885804,-68.8894,178.207,-0.202054,9.24153,0,-123.046,32.2118,0,-66.8534,16.4789,2.39487,118.225,-132.926,33.2422,
0.7,0.625968,0.885623,-69.4071,178.129,-0.235175,9.31624,0,-122.98,32.2022,0,-67.3584,16.5924,2.41493,118.166,-132.874,33.2281,
0.7,0.625905,0.885443,-69.4397,177.633,-0.253591,9.32301,0,-122.628,32.1173,0,-67.3913,16.5953,2.41703,117.833,-132.507,33.1359,
0.7,0.62585,0.885263,-69.4178,177.535,-0.270857,9.32334,0,-122.551,32.1036,0,-67.3714,16.5848,2.41733,117.765,-132.438,33.118,
0.7,0.625792,0.884887,-69.6664,176.898,-0.28938,9.35934,0,-122.094,31.9962,0,-67.6139,16.6393,2.42696,117.335,-131.969,32.9997,
0.7,0.625735,0.884705,-69.5223,177.15,-0.306368,9.34251,0,-122.259,32.0469,0,-67.4753,16.5996,2.42299,117.498,-132.16,33.0468,
0.7,0.625668,0.884523,-69.5029,177.2,-0.325491,9.34207,0,-122.285,32.0608,0,-67.4577,16.5902,2.42326,117.527,-132.2,33.0564,
0.7,0.625703,0.884344,-68.7088,177.088,-0.321362,9.24247,0,-122.194,32.0438,0,-66.6887,16.394,2.39689,117.449,-132.12,33.0358,
0.7,0.625643,0.884147,-69.0203,177.509,-0.340344,9.28683,0,-122.478,32.1254,0,-66.9922,16.4638,2.40866,117.725,-132.436,33.1146,
0.7,0.625585,0.883967,-69.1442,177.298,-0.35826,9.30601,0,-122.322,32.0916,0,-67.1136,16.4887,2.41392,117.582,-132.282,33.0755,
0.7,0.625524,0.883786,-69.2683,177.129,-0.377935,9.32476,0,-122.194,32.0657,0,-67.2353,16.5133,2.41924,117.466,-132.159,33.0443,
0.7,0.625469,0.883606,-69.3417,176.931,-0.3952,9.33725,0,-122.047,32.034,0,-67.3078,16.5257,2.42282,117.331,-132.015,33.0076,
0.7,0.625416,0.883377,-69.6307,176.474,-0.413926,9.37922,0,-121.73,31.9575,0,-67.5897,16.589,2.43402,117.03,-131.672,32.9222,
0.7,0.625363,0.883195,-69.6082,176.453,-0.431,9.37861,0,-121.707,31.9586,0,-67.5693,16.578,2.43435,117.012,-131.659,32.9185,
0.7,0.625309,0.883012,-69.516,176.468,-0.448247,9.36849,0,-121.709,31.9664,0,-67.4813,16.5501,2.43233,117.019,-131.674,32.9216,
0.7,0.625191,0.882632,-70.5616,175.483,-0.493429,9.51433,0,-121.013,31.799,0,-68.4992,16.7873,2.47123,116.359,-130.944,32.7382,
0.7,0.625134,0.882449,-70.0477,175.614,-0.508222,9.44735,0,-121.095,31.8281,0,-68.0017,16.6593,2.45437,116.443,-131.044,32.7629,
0.7,0.625074,0.882265,-70.091,175.666,-0.528204,9.45522,0,-121.121,31.8426,0,-68.0452,16.6636,2.45709,116.474,-131.085,32.7727,
0.7,0.625018,0.882085,-69.8953,175.728,-0.54486,9.43118,0,-121.15,31.8594,0,-67.8567,16.6118,2.45128,116.512,-131.134,32.7845,
0.7,0.624964,0.881903,-69.9427,175.657,-0.563169,9.44046,0,-121.09,31.8514,0,-67.9043,16.6167,2.45421,116.459,-131.086,32.7718,
0.7,0.624908,0.881705,-70.1203,175.403,-0.582744,9.46677,0,-120.909,31.8111,0,-68.0781,16.6534,2.46154,116.29,-130.897,32.7244,
0.7,0.624845,0.881522,-70.2245,175.293,-0.60346,9.4827,0,-120.823,31.7956,0,-68.1807,16.6721,2.46639,116.214,-130.818,32.7042,
0.7,0.624786,0.881342,-70.265,175.15,-0.622536,9.49038,0,-120.711,31.7734,0,-68.2214,16.6761,2.46893,116.116,-130.714,32.6776,
0.7,0.624729,0.881159,-70.3148,175.022,-0.641527,9.49994,0,-120.613,31.7546,0,-68.2712,16.6823,2.4718,116.028,-130.62,32.6539,
0.7,0.62467,0.880959,-70.4994,174.756,-0.661808,9.52711,0,-120.424,31.7118,0,-68.4517,16.7208,2.47935,115.849,-130.424,32.6044,
0.7,0.624606,0.880776,-70.5763,174.659,-0.6824,9.53952,0,-120.348,31.6986,0,-68.5278,16.7335,2.48316,115.782,-130.354,32.5865,
0.7,0.624548,0.880596,-70.5814,174.539,-0.700895,9.54254,0,-120.253,31.6805,0,-68.5339,16.7295,2.48436,115.699,-130.268,32.5645,
0.7,0.62449,0.880412,-70.6213,174.442,-0.71997,9.55035,0,-120.175,31.6672,0,-68.5739,16.7342,2.48672,115.629,-130.2,32.5467,
0.7,0.624431,0.880213,-70.786,174.19,-0.740479,9.57555,0,-119.995,31.6263,0,-68.7351,16.7681,2.49353,115.462,-130.012,32.4997,
0.7,0.624365,0.880029,-70.8756,174.1,-0.761649,9.58972,0,-119.922,31.6133,0,-68.8233,16.7843,2.49769,115.399,-129.947,32.4831,
0.7,0.624304,0.879849,-70.8126,174.042,-0.779882,9.58355,0,-119.868,31.6056,0,-68.7633,16.7645,2.49644,115.357,-129.907,32.4726,
0.7,0.624244,0.879672,-70.826,173.995,-0.799093,9.58774,0,-119.816,31.5982,0,-68.7775,16.7629,2.49786,115.32,-129.877,32.4643,
0.7,0.624185,0.879698,-69.3629,175.7,-0.800942,9.39197,0,-120.929,31.9006,0,-67.3581,16.4113,2.44732,116.414,-131.181,32.785,
0.7,0.624119,0.879498,-69.8839,175.121,-0.82697,9.46499,0,-120.525,31.8006,0,-67.8654,16.5293,2.46674,116.03,-130.749,32.6771,
0.7,0.62406,0.879323,-70.0232,174.829,-0.847048,9.48614,0,-120.303,31.7478,0,-68.0019,16.5571,2.47269,115.832,-130.534,32.6228,
0.7,0.624001,0.879137,-70.2682,174.511,-0.868704,9.52156,0,-120.076,31.6941,0,-68.2411,16.61,2.48235,115.618,-130.3,32.5638,
0.7,0.623889,0.878951,-70.6899,174.39,-0.910892,9.58382,0,-119.983,31.6758,0,-68.6536,16.6961,2.49991,115.533,-130.214,32.5416,
0.7,0.623825,0.87875,-70.9985,173.662,-0.934867,9.6276,0,-119.477,31.5477,0,-68.9546,16.7634,2.51193,115.05,-129.67,32.4056,
0.7,0.623768,0.878382,-71.2486,172.948,-0.957003,9.66373,0,-118.964,31.4244,0,-69.199,16.8166,2.52194,114.571,-129.142,32.2728,
0.7,0.623713,0.878194,-71.2255,173.065,-0.975316,9.66285,0,-119.035,31.449,0,-69.1781,16.8053,2.52228,114.644,-129.233,32.2949,
0.7,0.623654,0.877989,-71.4311,172.804,-0.997965,9.69309,0,-118.852,31.4065,0,-69.3793,16.8471,2.5309,114.472,-129.037,32.2462,
0.7,0.6236,0.877804,-71.4361,172.698,-1.01649,9.69601,0,-118.766,31.3898,0,-69.3857,16.8422,2.53228,114.4,-128.96,32.2266,
0.7,0.623545,0.877616,-71.331,172.711,-1.03344,9.68391,0,-118.767,31.397,0,-69.2851,16.8115,2.52974,114.406,-128.971,32.2291,
0.7,0.623494,0.877427,-71.3473,172.628,-1.05158,9.68883,0,-118.7,31.3861,0,-69.3025,16.8091,2.53155,114.347,-128.913,32.2139,
0.7,0.623439,0.877239,-71.4247,172.516,-1.07077,9.70152,0,-118.615,31.3704,0,-69.379,16.8218,2.53539,114.271,-128.83,32.1931,
0.7,0.623375,0.877037,-71.6699,172.244,-1.09429,9.73665,0,-118.42,31.3255,0,-69.6186,16.8742,2.54517,114.092,-128.627,32.1424,
0.7,0.623318,0.876849,-71.694,172.09,-1.11335,9.74193,0,-118.304,31.3023,0,-69.6434,16.8742,2.54715,113.986,-128.515,32.1138,
0.7,0.623261,0.876662,-71.7417,171.974,-1.13302,9.75097,0,-118.216,31.2863,0,-69.6912,16.8795,2.55003,113.907,-128.431,32.0924,
0.7,0.623197,0.876479,-71.8225,171.89,-1.15458,9.76359,0,-118.144,31.2736,0,-69.7711,16.8927,2.55405,113.847,-128.371,32.0769,
0.7,0.623139,0.87624,-72.2528,171.258,-1.18042,9.82415,0,-117.756,31.18,0,-70.1905,16.9883,2.57046,113.434,-127.895,31.9586,
0.7,0.623082,0.876055,-72.1345,171.297,-1.19726,9.81014,0,-117.772,31.191,0,-70.0771,16.9549,2.56738,113.456,-127.926,31.9661,
0.7,0.623028,0.87587,-71.9831,171.368,-1.21346,9.79159,0,-117.808,31.2082,0,-69.9314,16.9133,2.56318,113.498,-127.983,31.9796,
0.7,0.62291,0.875503,-72.9466,170.486,-1.26885,9.92713,0,-117.176,31.0553,0,-70.8704,17.128,2.5998,112.908,-127.329,31.8155,
0.7,0.622854,0.875301,-72.416,170.594,-1.27851,9.857,0,-117.243,31.0813,0,-70.3563,16.9976,2.58205,112.977,-127.413,31.8359,
0.7,0.622799,0.875117,-72.2919,170.77,-1.29528,9.84207,0,-117.354,31.1179,0,-70.2373,16.9623,2.57885,113.09,-127.547,31.869,
0.7,0.622736,0.874932,-72.2586,170.815,-1.31509,9.8398,0,-117.375,31.131,0,-70.2063,16.9487,2.57881,113.116,-127.584,31.8777,
0.7,0.622679,0.87475,-72.2637,170.715,-1.33398,9.84258,0,-117.291,31.1164,0,-70.2127,16.9441,2.58014,113.045,-127.513,31.8592,
0.7,0.622624,0.874547,-72.3992,170.473,-1.3552,9.86317,0,-117.119,31.0785,0,-70.3459,16.97,2.58616,112.882,-127.335,31.8144,
0.7,0.62257,0.874363,-72.3426,170.455,-1.37284,9.85751,0,-117.094,31.0804,0,-70.2923,16.9508,2.58532,112.866,-127.324,31.8112,
0.7,0.622517,0.874179,-72.3442,170.391,-1.39238,9.85988,0,-117.039,31.073,0,-70.2958,16.9433,2.58694,112.82,-127.28,31.7995,
0.7,0.622459,0.873998,-72.3624,170.345,-1.41151,9.86452,0,-116.99,31.0672,0,-70.3149,16.942,2.5887,112.785,-127.249,31.7913,
0.7,0.622405,0.873798,-72.5039,170.083,-1.43307,9.88572,0,-116.801,31.0249,0,-70.454,16.9685,2.59507,112.609,-127.054,31.7424,
0.7,0.622358,0.873613,-72.4553,170.003,-1.4505,9.8808,0,-116.733,31.0142,0,-70.4087,16.9489,2.59496,112.55,-127,31.728,
0.7,0.622306,0.873427,-72.4736,169.958,-1.46947,9.88576,0,-116.69,31.0104,0,-70.4283,16.9461,2.59703,112.517,-126.97,31.7199,
0.7,0.622246,0.873227,-72.6685,169.739,-1.49351,9.91392,0,-116.528,30.9748,0,-70.6193,16.9849,2.60536,112.369,-126.808,31.6791,
0.7,0.622194,0.87304,-72.6741,169.594,-1.51213,9.91663,0,-116.417,30.9554,0,-70.6264,16.9793,2.60692,112.267,-126.705,31.6525,
0.7,0.622144,0.872853,-72.582,169.581,-1.52864,9.90596,0,-116.397,30.9584,0,-70.5387,16.9507,2.60502,112.255,-126.699,31.6503,
0.7,0.622093,0.872667,-72.6062,169.515,-1.54758,9.9118,0,-116.342,30.9522,0,-70.5638,16.9495,2.60726,112.207,-126.653,31.6384,
0.7,0.622035,0.872466,-72.8045,169.292,-1.57182,9.94059,0,-116.178,30.9152,0,-70.7582,16.9892,2.61568,112.058,-126.487,31.5968,
0.7,0.621982,0.87228,-72.8204,169.151,-1.59099,9.94471,0,-116.069,30.8948,0,-70.7752,16.9862,2.61758,111.96,-126.386,31.5708,
0.7,0.621871,0.872094,-73.1758,169.178,-1.6383,9.99701,0,-116.073,30.9062,0,-71.124,17.0551,2.63313,111.972,-126.412,31.5763,
0.7,0.621818,0.871908,-73.1437,168.712,-1.65658,9.99446,0,-115.74,30.8251,0,-71.0945,17.0409,2.63331,111.659,-126.067,31.4896,
0.7,0.621765,0.871706,-73.255,168.51,-1.67809,10.0115,0,-115.593,30.7936,0,-71.2043,17.0602,2.63864,111.523,-125.918,31.452,
0.7,0.621684,0.871334,-74.0107,167.566,-1.71658,10.1173,0,-114.918,30.6302,0,-71.939,17.2358,2.66594,110.888,-125.221,31.2766,
0.7,0.621634,0.871146,-73.3634,167.998,-1.72046,10.0311,0,-115.203,30.7144,0,-71.3116,17.0776,2.64409,111.17,-125.547,31.3574,
0.7,0.621574,0.870961,-73.3961,168.113,-1.74165,10.0371,0,-115.268,30.7397,0,-71.345,17.0787,2.64657,111.242,-125.636,31.3793,
0.7,0.621521,0.870756,-73.4679,167.878,-1.76237,10.0486,0,-115.099,30.7039,0,-71.4163,17.0889,2.65046,111.082,-125.464,31.3356,
0.7,0.621468,0.870568,-73.4603,167.833,-1.78119,10.0493,0,-115.057,30.7012,0,-71.4105,17.0807,2.65146,111.048,-125.434,31.3275,
0.7,0.621416,0.870381,-73.3533,167.844,-1.79757,10.0369,0,-115.052,30.7088,0,-71.3081,17.0492,2.6489,111.051,-125.446,31.3298,
0.7,0.62136,0.870197,-73.3819,167.812,-1.81818,10.0422,0,-115.013,30.7068,0,-71.3376,17.049,2.65131,111.025,-125.426,31.3242,
0.7,0.62131,0.870012,-73.3768,167.695,-1.83672,10.0433,0,-114.919,30.6912,0,-71.3343,17.041,2.65248,110.944,-125.342,31.3027,
0.7,0.621262,0.869808,-73.4882,167.467,-1.85815,10.0603,0,-114.753,30.6551,0,-71.4444,17.0596,2.65794,110.789,-125.175,31.2605,
0.7,0.621218,0.869623,-73.3546,167.488,-1.87292,10.0438,0,-114.755,30.6635,0,-71.3164,17.0207,2.65468,110.798,-125.195,31.2648,
0.7,0.621165,0.869436,-73.4074,167.452,-1.89405,10.0529,0,-114.718,30.6617,0,-71.3697,17.025,2.65815,110.769,-125.172,31.2583,
0.7,0.621119,0.869251,-73.3749,167.355,-1.91154,10.0502,0,-114.637,30.6404,0,-71.3399,17.0097,2.65853,110.7,-125.103,31.2405,
0.7,0.621072,0.869045,-73.5307,167.106,-1.93409,10.0731,0,-114.458,30.6013,0,-71.4934,17.038,2.66572,110.531,-124.921,31.1944,
0.7,0.621026,0.868857,-73.4695,167.072,-1.95108,10.0663,0,-114.424,30.5997,0,-71.4358,17.0157,2.66511,110.504,-124.9,31.1884,
0.7,0.620971,0.868671,-73.5327,167.031,-1.97302,10.0767,0,-114.381,30.5957,0,-71.4991,17.0224,2.66896,110.472,-124.873,31.1811,
0.7,0.620922,0.868466,-73.6772,166.73,-1.99576,10.0981,0,-114.166,30.5459,0,-71.6415,17.0482,2.67575,110.271,-124.649,31.125,
0.7,0.620873,0.868278,-73.7008,166.633,-2.01531,10.1029,0,-114.085,30.5323,0,-71.6663,17.0457,2.67816,110.2,-124.582,31.1073,
0.7,0.620774,0.86809,-73.9153,166.711,-2.06014,10.1357,0,-114.127,30.5481,0,-71.8788,17.079,2.68919,110.247,-124.645,31.1222,
0.7,0.620726,0.867903,-73.8921,166.313,-2.07817,10.1342,0,-113.838,30.4784,0,-71.8581,17.066,2.68986,109.979,-124.351,31.0483,
0.7,0.620677,0.867714,-73.872,166.259,-2.09637,10.1331,0,-113.789,30.4728,0,-71.8404,17.0539,2.69061,109.939,-124.314,31.0384,
0.7,0.62062,0.867317,-74.3485,165.426,-2.13057,10.2003,0,-113.199,30.3305,0,-72.3055,17.1565,2.70945,109.38,-123.698,30.8835,
0.7,0.620573,0.86713,-74.1125,165.669,-2.14266,10.1693,0,-113.35,30.3782,0,-72.078,17.094,2.70243,109.537,-123.883,30.9291,
0.7,0.620523,0.86694,-74.1343,165.629,-2.16216,10.1739,0,-113.312,30.3748,0,-72.101,17.0915,2.70471,109.507,-123.856,30.9219,
0.7,0.620474,0.866732,-74.245,165.41,-2.18438,10.1907,0,-113.154,30.3396,0,-72.2104,17.1096,2.71022,109.359,-123.695,30.8813,
0.7,0.62042,0.866541,-74.2917,165.33,-2.20605,10.1988,0,-113.088,30.3286,0,-72.2577,17.1126,2.71348,109.302,-123.638,30.8666,
0.7,0.620371,0.866351,-74.2794,165.224,-2.22431,10.1987,0,-113.004,30.3133,0,-72.2476,17.1026,2.71446,109.228,-123.562,30.847,
0.7,0.620322,0.866162,-74.2749,165.157,-2.24284,10.1997,0,-112.942,30.3045,0,-72.2449,17.0943,2.71573,109.18,-123.515,30.8348,
0.7,0.620273,0.865954,-74.4311,164.897,-2.26667,10.2227,0,-112.758,30.2621,0,-72.3986,17.1227,2.72292,109.007,-123.322,30.7864,
0.7,0.620226,0.865761,-74.4453,164.789,-2.28616,10.226,0,-112.669,30.2459,0,-72.4144,17.118,2.72503,108.925,-123.25,30.7669,
0.7,0.620169,0.865572,-74.5159,164.727,-2.30943,10.2373,0,-112.612,30.2373,0,-72.4849,17.1263,2.72918,108.881,-123.207,30.7557,
0.7,0.620119,0.86538,-74.5541,164.555,-2.33028,10.2438,0,-112.483,30.2098,0,-72.524,17.1272,2.73214,108.763,-123.081,30.7237,
0.7,0.620068,0.86517,-74.7192,164.283,-2.35538,10.2677,0,-112.29,30.164,0,-72.6864,17.1572,2.73975,108.58,-122.88,30.6731,
0.7,0.620018,0.864978,-74.7301,164.192,-2.37529,10.2706,0,-112.218,30.1505,0,-72.699,17.1521,2.74168,108.516,-122.815,30.6563,
0.7,0.619964,0.864788,-74.7222,164.151,-2.3957,10.2704,0,-112.176,30.1453,0,-72.6932,17.142,2.74302,108.486,-122.788,30.649,
0.7,0.619916,0.864595,-74.7372,164.016,-2.41543,10.2743,0,-112.073,30.1238,0,-72.7098,17.1373,2.74519,108.393,-122.689,30.6241,
0.7,0.619867,0.864384,-74.8987,163.756,-2.44012,10.2978,0,-111.888,30.0795,0,-72.8688,17.1667,2.75264,108.218,-122.497,30.5756,
0.7,0.619817,0.864192,-74.9089,163.673,-2.45988,10.3006,0,-111.82,30.0664,0,-72.8806,17.1612,2.75456,108.161,-122.438,30.5604,
0.7,0.619761,0.864002,-74.9026,163.654,-2.48085,10.3005,0,-111.79,30.0635,0,-72.8764,17.1516,2.75595,108.144,-122.426,30.5569,
0.7,0.61971,0.86381,-74.9466,163.501,-2.50223,10.3083,0,-111.675,30.0379,0,-72.9211,17.1536,2.75916,108.04,-122.314,30.5286,
0.7,0.619658,0.863598,-75.1352,163.211,-2.52901,10.3354,0,-111.469,29.9888,0,-73.1064,17.189,2.76764,107.845,-122.1,30.4747,
0.7,0.619606,0.863404,-75.1718,163.095,-2.55026,10.3416,0,-111.379,29.9703,0,-73.1439,17.1897,2.77051,107.766,-122.016,30.4533,
0.7,0.61955,0.863211,-75.0579,163.142,-2.56756,10.3267,0,-111.396,29.9806,0,-73.035,17.1554,2.76794,107.793,-122.054,30.4623,
0.7,0.619448,0.862998,-75.5372,162.955,-2.62388,10.3958,0,-111.264,29.9511,0,-73.5052,17.249,2.78878,107.669,-121.914,30.4274,
0.7,0.619391,0.862803,-75.584,162.493,-2.64703,10.4031,0,-110.938,29.8691,0,-73.5527,17.2516,2.79212,107.359,-121.572,30.3415,
0.7,0.619341,0.862608,-75.5673,162.375,-2.66678,10.4037,0,-110.847,29.8501,0,-73.5385,17.239,2.79323,107.278,-121.486,30.3195,
0.7,0.619288,0.862416,-75.4791,162.404,-2.68416,10.3927,0,-110.853,29.8569,0,-73.4545,17.2111,2.79152,107.295,-121.511,30.3253,
0.7,0.619236,0.862222,-75.5065,162.306,-2.70571,10.3976,0,-110.774,29.8414,0,-73.483,17.2093,2.79411,107.226,-121.439,30.307,
0.7,0.619188,0.861821,-75.9068,161.467,-2.74029,10.4538,0,-110.196,29.693,0,-73.8747,17.2919,2.81064,106.695,-120.791,30.1486,
0.7,0.619131,0.861626,-75.7719,161.729,-2.75735,10.4366,0,-110.364,29.7431,0,-73.7453,17.253,2.80725,106.864,-120.99,30.1976,
0.7,0.619081,0.861416,-75.8084,161.569,-2.77884,10.4429,0,-110.244,29.7165,0,-73.7827,17.2538,2.81011,106.758,-120.87,30.1677,
0.7,0.619029,0.86122,-75.8291,161.492,-2.80003,10.4472,0,-110.183,29.7054,0,-73.8046,17.2512,2.81233,106.705,-120.815,30.1537,
0.7,0.618969,0.861023,-75.9254,161.387,-2.82557,10.4616,0,-110.102,29.6889,0,-73.9,17.2659,2.81731,106.633,-120.738,30.1341,
0.7,0.618919,0.860829,-75.9147,161.242,-2.84366,10.4627,0,-109.989,29.6637,0,-73.8915,17.2556,2.81848,106.532,-120.634,30.1074,
0.7,0.618864,0.860616,-76.0481,161.028,-2.86952,10.4827,0,-109.837,29.6285,0,-74.0231,17.2786,2.8249,106.391,-120.474,30.0675,
0.7,0.61881,0.860423,-76.0664,160.945,-2.89113,10.4869,0,-109.768,29.6159,0,-74.0427,17.2753,2.82705,106.333,-120.415,30.0523,
0.7,0.618755,0.860231,-76.0418,160.895,-2.91127,10.4849,0,-109.72,29.6091,0,-74.0206,17.2623,2.8276,106.296,-120.38,30.0431,
0.7,0.618694,0.860042,-76.0998,160.832,-2.93597,10.4946,0,-109.659,29.5984,0,-74.0789,17.2677,2.8313,106.248,-120.339,30.0318,
0.7,0.618642,0.859834,-76.1467,160.597,-2.95843,10.5023,0,-109.49,29.5592,0,-74.1264,17.2702,2.83464,106.092,-120.163,29.9879,
0.7,0.618587,0.859642,-76.1722,160.539,-2.98048,10.5071,0,-109.438,29.551,0,-74.153,17.2687,2.83705,106.05,-120.122,29.9773,
0.7,0.618533,0.859449,-76.1433,160.479,-3.00018,10.5043,0,-109.387,29.5429,0,-74.1265,17.2547,2.83743,106.007,-120.08,29.9663,
0.7,0.618457,0.859256,-76.3778,160.364,-3.03251,10.53,0,-109.297,29.5248,0,-74.3559,17.305,2.84677,105.928,-119.996,29.945,
0.7,0.618405,0.859047,-76.4783,159.961,-3.05759,10.5455,0,-109.012,29.454,0,-74.4556,17.3195,2.85215,105.658,-119.698,29.8699,
0.7,0.61835,0.858853,-76.5018,159.886,-3.07995,10.5498,0,-108.951,29.4437,0,-74.4803,17.3173,2.85452,105.606,-119.645,29.8563,
0.7,0.618288,0.858659,-76.5871,159.785,-3.10613,10.5625,0,-108.87,29.4283,0,-74.5652,17.329,2.8592,105.536,-119.571,29.8375,
0.7,0.618238,0.858468,-76.543,159.657,-3.1251,10.5575,0,-108.766,29.4065,0,-74.5242,17.3106,2.85922,105.445,-119.48,29.814,
0.7,0.618136,0.858065,-76.9271,159.13,-3.18232,10.6132,0,-108.386,29.3178,0,-74.9022,17.3806,2.8769,105.094,-119.089,29.7159,
0.7,0.618078,0.85787,-76.7766,159.181,-3.19829,10.5932,0,-108.409,29.3309,0,-74.7575,17.3383,2.87291,105.124,-119.13,29.7256,
0.7,0.618027,0.857678,-76.693,159.17,-3.2157,10.5834,0,-108.386,29.3313,0,-74.6782,17.3109,2.87147,105.113,-119.124,29.7237,
0.7,0.617976,0.857482,-76.6454,159.136,-3.23473,10.5778,0,-108.351,29.3288,0,-74.634,17.2911,2.87148,105.086,-119.103,29.7177,
0.7,0.617923,0.85727,-76.6998,158.997,-3.25852,10.5863,0,-108.249,29.3079,0,-74.6888,17.2948,2.8752,104.994,-118.999,29.6918,
0.7,0.617863,0.857075,-76.8099,158.894,-3.28622,10.6028,0,-108.168,29.2919,0,-74.798,17.3111,2.88102,104.923,-118.924,29.6726,
0.7,0.617814,0.856883,-76.7188,158.81,-3.30346,10.5913,0,-108.095,29.2778,0,-74.7115,17.2816,2.87938,104.864,-118.864,29.6572,
0.7,0.617763,0.856671,-76.869,158.583,-3.33131,10.6132,0,-107.932,29.2395,0,-74.8597,17.307,2.88667,104.712,-118.696,29.6149,
0.7,0.617653,0.856476,-77.1647,158.646,-3.38794,10.6562,0,-107.962,29.254,0,-75.1515,17.3572,2.90102,104.75,-118.745,29.6269,
0.7,0.617601,0.856281,-77.1516,158.175,-3.40868,10.6563,0,-107.629,29.1696,0,-75.1407,17.3461,2.90214,104.436,-118.395,29.5391,
0.7,0.61755,0.856089,-77.1132,158.136,-3.42839,10.6521,0,-107.586,29.1636,0,-75.1053,17.329,2.90237,104.407,-118.369,29.5321,
0.7,0.617481,0.855876,-77.4256,157.876,-3.4671,10.6957,0,-107.402,29.1196,0,-75.4113,17.3915,2.91565,104.235,-118.175,29.4836,
0.7,0.617443,0.855481,-77.5406,157.122,-3.49027,10.7136,0,-106.865,28.9876,0,-75.5253,17.409,2.92164,103.729,-117.616,29.3433,
0.7,0.617372,0.855287,-77.6566,157.347,-3.52147,10.7301,0,-107.004,29.0319,0,-75.6403,17.4263,2.92773,103.875,-117.787,29.3855,
0.7,0.617321,0.855072,-77.7007,157.023,-3.54432,10.7374,0,-106.777,28.9773,0,-75.6852,17.428,2.93102,103.661,-117.545,29.325,
0.7,0.61727,0.854874,-77.6331,157.025,-3.56214,10.7292,0,-106.766,28.982,0,-75.6212,17.4048,2.93005,103.657,-117.551,29.3257,
0.7,0.61721,0.854678,-77.6018,157.042,-3.58315,10.7256,0,-106.766,28.989,0,-75.5926,17.3901,2.9304,103.665,-117.566,29.3291,
0.7,0.617159,0.854484,-77.5876,156.939,-3.60349,10.7252,0,-106.68,28.9722,0,-75.5807,17.3786,2.9315,103.594,-117.491,29.3101,
0.7,0.617108,0.854268,-77.5667,156.826,-3.62373,10.7231,0,-106.595,28.9558,0,-75.5623,17.3653,2.93242,103.519,-117.407,29.2891,
0.7,0.617056,0.854071,-77.5636,156.791,-3.64486,10.7238,0,-106.559,28.9531,0,-75.5612,17.3563,2.93394,103.493,-117.383,29.2827,
0.7,0.616998,0.853681,-78.1215,155.877,-3.69415,10.8023,0,-105.908,28.7895,0,-76.1068,17.4724,2.95677,102.881,-116.706,29.1124,
0.7,0.616901,0.853466,-77.9844,156.255,-3.7302,10.7858,0,-106.157,28.864,0,-75.9773,17.4243,2.95503,103.13,-116.989,29.1831,
0.7,0.616851,0.853268,-77.8739,156.08,-3.74605,10.772,0,-106.026,28.836,0,-75.8716,17.3912,2.9525,103.011,-116.861,29.1506,
0.7,0.616794,0.853069,-77.9358,156.022,-3.77203,10.7815,0,-105.976,28.8292,0,-75.9338,17.3967,2.95649,102.97,-116.82,29.14,
0.7,0.616743,0.852873,-77.8487,155.965,-3.78955,10.7712,0,-105.921,28.821,0,-75.8509,17.3688,2.95486,102.927,-116.782,29.1297,
0.7,0.61669,0.852675,-77.9104,155.861,-3.8146,10.7808,0,-105.839,28.8054,0,-75.913,17.3744,2.95883,102.856,-116.706,29.1106,
0.7,0.616738,0.85246,-77.206,155.57,-3.77997,10.6897,0,-105.633,28.7558,0,-75.2291,17.2071,2.9341,102.664,-116.489,29.0562,
0.7,0.616685,0.852262,-77.3868,156.182,-3.81054,10.7159,0,-106.035,28.8712,0,-75.4073,17.2391,2.94261,103.065,-116.949,29.1706,
0.7,0.616634,0.852067,-77.5105,155.955,-3.83848,10.7345,0,-105.864,28.8299,0,-75.5298,17.258,2.94901,102.909,-116.784,29.1287,
0.7,0.616577,0.851868,-77.6952,155.724,-3.87096,10.7604,0,-105.696,28.7892,0,-75.7118,17.2902,2.9578,102.754,-116.613,29.0857,
0.7,0.616526,0.85165,-77.9415,155.307,-3.90514,10.7956,0,-105.405,28.7156,0,-75.9538,17.3366,2.96884,102.478,-116.301,29.0078,
0.7,0.616476,0.851451,-78.0158,155.135,-3.93057,10.807,0,-105.278,28.6861,0,-76.0282,17.3446,2.97335,102.362,-116.174,28.9759,
0.7,0.616419,0.851254,-78.0772,155.04,-3.95619,10.8171,0,-105.2,28.6695,0,-76.0901,17.3493,2.97747,102.296,-116.105,28.9582,
0.7,0.616372,0.851054,-78.1186,154.831,-3.98007,10.8239,0,-105.047,28.6327,0,-76.1327,17.349,2.98092,102.154,-115.953,28.9196,
0.7,0.616322,0.850836,-78.3089,154.546,-4.0119,10.8511,0,-104.846,28.5832,0,-76.3203,17.382,2.99002,101.965,-115.739,28.8662,
0.7,0.616275,0.850636,-78.3151,154.43,-4.03421,10.8536,0,-104.756,28.563,0,-76.3287,17.3734,2.99222,101.887,-115.655,28.8448,
0.7,0.616228,0.85044,-78.2597,154.402,-4.05341,10.8469,0,-104.721,28.5577,0,-76.2769,17.3514,2.99203,101.865,-115.636,28.8398,
0.7,0.616174,0.850222,-78.4857,154.131,-4.08893,10.8786,0,-104.527,28.5096,0,-76.4994,17.392,3.00254,101.683,-115.435,28.7892,
0.7,0.616131,0.850023,-78.4361,153.999,-4.10803,10.8726,0,-104.426,28.4868,0,-76.4534,17.3707,3.00267,101.594,-115.339,28.7649,
0.7,0.616084,0.849823,-78.4441,153.934,-4.13025,10.875,0,-104.371,28.4757,0,-76.4634,17.363,3.00486,101.548,-115.292,28.7529,
0.7,0.616039,0.849624,-78.31,153.963,-4.14715,10.8572,0,-104.376,28.4809,0,-76.3349,17.3237,3.00162,101.565,-115.315,28.7584,
0.7,0.615938,0.849202,-78.9504,153.235,-4.22535,10.9484,0,-103.867,28.3496,0,-76.9636,17.4458,3.03003,101.081,-114.773,28.6227,
0.7,0.615888,0.848965,-79.0655,152.861,-4.25426,10.9655,0,-103.611,28.2833,0,-77.078,17.4619,3.0363,100.836,-114.491,28.5526,
0.7,0.615832,0.848803,-78.8125,153.183,-4.26498,10.9316,0,-103.806,28.3401,0,-76.8335,17.3968,3.02839,101.041,-114.739,28.6133,
0.7,0.615782,0.848549,-79.1746,152.587,-4.30733,10.9829,0,-103.402,28.2334,0,-77.1886,17.4677,3.04409,100.652,-114.288,28.5015,
0.7,0.615736,0.848346,-79.125,152.535,-4.32698,10.9769,0,-103.354,28.2245,0,-77.1425,17.4471,3.04409,100.614,-114.253,28.4921,
0.7,0.615689,0.848145,-79.0491,152.534,-4.34498,10.9673,0,-103.343,28.2252,0,-77.0706,17.4212,3.04298,100.611,-114.254,28.4922,
0.7,0.615643,0.84795,-78.9428,152.558,-4.36106,10.9539,0,-103.337,28.227,0,-76.9692,17.3882,3.04078,100.623,-114.275,28.4969,
0.7,0.61559,0.847722,-79.184,152.257,-4.39812,10.9877,0,-103.134,28.1764,0,-77.2064,17.4325,3.05182,100.424,-114.05,28.4406,
0.7,0.615546,0.847518,-79.1577,152.118,-4.41889,10.9847,0,-103.03,28.1528,0,-77.1832,17.4166,3.0528,100.33,-113.948,28.4149,
0.7,0.6155,0.847314,-79.1687,152.04,-4.44184,10.987,0,-102.968,28.1402,0,-77.196,17.4096,3.05508,100.276,-113.891,28.4004,
0.7,0.615447,0.84712,-79.1763,152.015,-4.46632,10.989,0,-102.929,28.1332,0,-77.2056,17.4019,3.05723,100.256,-113.875,28.3959,
0.7,0.6154,0.846898,-79.3283,151.684,-4.49726,11.0108,0,-102.697,28.0744,0,-77.356,17.426,3.06493,100.035,-113.629,28.3343,
0.7,0.615354,0.846696,-79.3143,151.609,-4.51867,11.0098,0,-102.633,28.0618,0,-77.3444,17.4136,3.06623,99.9831,-113.575,28.3204,
0.7,0.615311,0.846494,-79.2843,151.526,-4.53883,11.0067,0,-102.565,28.0471,0,-77.3175,17.3971,3.06704,99.9262,-113.515,28.3052,
0.7,0.615266,0.846294,-79.2748,151.465,-4.56012,11.0071,0,-102.508,28.0355,0,-77.3104,17.3855,3.06855,99.8829,-113.471,28.2939,
0.7,0.615212,0.84609,-79.3485,151.377,-4.58823,11.018,0,-102.437,28.0205,0,-77.3844,17.3924,3.07322,99.8226,-113.407,28.2776,
0.7,0.615166,0.845867,-79.5132,151.021,-4.62038,11.0418,0,-102.189,27.9569,0,-77.5472,17.4186,3.08155,99.5856,-113.142,28.2113,
0.7,0.615117,0.845662,-79.487,150.984,-4.64165,11.0394,0,-102.153,27.9521,0,-77.5238,17.4037,3.08234,99.5584,-113.117,28.2046,
0.7,0.615059,0.84546,-79.5931,150.872,-4.67235,11.0549,0,-102.063,27.9322,0,-77.6293,17.4182,3.08819,99.4815,-113.036,28.1839,
0.7,0.615011,0.845494,-77.9087,152.74,-4.59573,10.8224,0,-103.261,28.2657,0,-75.9885,17.0404,3.02464,100.679,-114.464,28.5353,
0.7,0.614966,0.845271,-78.3793,152.099,-4.64574,10.8885,0,-102.82,28.15,0,-76.4497,17.1338,3.04478,100.255,-113.986,28.4158,
0.7,0.614818,0.845067,-79.3463,151.844,-4.75274,11.0183,0,-102.636,28.1046,0,-77.3945,17.3378,3.0838,100.084,-113.797,28.3683,
0.7,0.614823,0.844663,-79.6063,150.031,-4.78729,11.0625,0,-101.382,27.7702,0,-77.6529,17.3721,3.09832,98.8832,-112.443,28.0299,
0.7,0.614777,0.844441,-79.3694,150.552,-4.79581,11.0308,0,-101.725,27.8688,0,-77.424,17.3111,3.09094,99.2239,-112.836,28.1275,
0.7,0.614733,0.844238,-79.3837,150.502,-4.81937,11.034,0,-101.679,27.8609,0,-77.4402,17.3042,3.09347,99.1873,-112.801,28.1182,
0.7,0.614686,0.844036,-79.3511,150.459,-4.84018,11.0308,0,-101.635,27.8531,0,-77.4106,17.2877,3.09405,99.156,-112.771,28.1104,
0.7,0.614634,0.843789,-79.8067,149.909,-4.89253,11.0955,0,-101.303,27.7691,0,-77.8572,17.3774,3.11371,98.7972,-112.356,28.0075,
0.7,0.614592,0.843603,-79.5165,150.034,-4.89707,11.0561,0,-101.331,27.7785,0,-77.5763,17.3041,3.10438,98.8724,-112.455,28.0312,
0.7,0.614503,0.843192,-80.4941,148.989,-5.00137,11.1945,0,-100.604,27.5879,0,-78.5342,17.4986,3.14613,98.1796,-111.675,27.8362,
0.7,0.614451,0.842947,-80.1951,148.975,-5.00657,11.1542,0,-100.634,27.603,0,-78.2446,17.4246,3.13623,98.1732,-111.663,27.8335,
0.7,0.614404,0.842727,-80.2241,148.905,-5.0311,11.1592,0,-100.574,27.5914,0,-78.2748,17.4222,3.13908,98.1237,-111.613,27.8206,
0.7,0.614358,0.842523,-80.1562,148.883,-5.04962,11.1507,0,-100.547,27.5893,0,-78.2107,17.3981,3.13825,98.1064,-111.599,27.8167,
0.7,0.61431,0.842319,-80.1386,148.836,-5.07135,11.1491,0,-100.503,27.5822,0,-78.1955,17.3858,3.13924,98.0724,-111.566,27.8081,
0.7,0.614257,0.842114,-80.0923,148.831,-5.09275,11.1436,0,-100.487,27.5832,0,-78.1524,17.3669,3.13918,98.0645,-111.566,27.8075,
0.7,0.614166,0.841689,-81.1425,147.616,-5.20527,11.2916,0,-99.6454,27.3626,0,-79.1813,17.5767,3.18388,97.2594,-110.659,27.5807,
0.7,0.61412,0.841483,-80.5103,147.934,-5.18697,11.2049,0,-99.8496,27.4239,0,-78.5663,17.4313,3.16074,97.4653,-110.9,27.6404,
0.7,0.614067,0.841281,-80.4822,148.041,-5.20912,11.2017,0,-99.9077,27.4446,0,-78.5409,17.4166,3.16134,97.5319,-110.983,27.6607,
0.7,0.614023,0.841058,-80.5819,147.754,-5.23791,11.2171,0,-99.7057,27.3939,0,-78.6404,17.4285,3.16717,97.339,-110.771,27.6072,
0.7,0.613976,0.840854,-80.6016,147.684,-5.26182,11.2211,0,-99.6467,27.3826,0,-78.6616,17.4237,3.16971,97.2893,-110.722,27.5944,
0.7,0.613929,0.84065,-80.5466,147.638,-5.28099,11.2146,0,-99.6029,27.3751,0,-78.61,17.4028,3.16935,97.2548,-110.69,27.5861,
0.7,0.613876,0.840449,-80.6203,147.546,-5.31039,11.2256,0,-99.5226,27.3576,0,-78.684,17.4092,3.1741,97.1874,-110.627,27.5693,
0.7,0.613831,0.840244,-80.6297,147.368,-5.33401,11.2286,0,-99.3902,27.3261,0,-78.6954,17.4013,3.17642,97.0666,-110.497,27.5364,
0.7,0.613789,0.840021,-80.7687,147.09,-5.3659,11.2495,0,-99.1933,27.2776,0,-78.8334,17.4211,3.18391,96.8813,-110.29,27.4845,
0.7,0.613743,0.839817,-80.5301,147.236,-5.3725,11.2172,0,-99.2791,27.3065,0,-78.6026,17.3601,3.17638,96.9731,-110.403,27.5121,
0.7,0.61365,0.839614,-80.793,147.3,-5.43691,11.2563,0,-99.3054,27.3193,0,-78.8637,17.397,3.19065,97.0085,-110.457,27.5246,
0.7,0.613606,0.839183,-81.2225,146.08,-5.48844,11.317,0,-98.4641,27.0997,0,-79.2851,17.4798,3.20952,96.1994,-109.547,27.2971,
0.7,0.613561,0.838977,-81.0282,146.314,-5.49828,11.2916,0,-98.6094,27.1457,0,-79.0976,17.4284,3.20374,96.3492,-109.726,27.341,
0.7,0.613516,0.838775,-80.9194,146.361,-5.51382,11.2777,0,-98.624,27.1561,0,-78.9935,17.3954,3.20132,96.3754,-109.765,27.3501,
0.7,0.613474,0.838569,-80.8783,146.299,-5.53499,11.2728,0,-98.5685,27.1457,0,-78.956,17.375,3.20198,96.3283,-109.724,27.339,
0.7,0.61343,0.838363,-80.8879,146.22,-5.55855,11.2752,0,-98.5012,27.134,0,-78.9675,17.3677,3.2042,96.2713,-109.668,27.3245,
0.7,0.61338,0.838139,-81.1243,145.909,-5.59813,11.3091,0,-98.2829,27.0793,0,-79.2001,17.4106,3.21511,96.0645,-109.437,27.2666,
0.7,0.613342,0.837934,-80.9333,145.896,-5.60691,11.2833,0,-98.2568,27.0774,0,-79.0159,17.3593,3.20956,96.0488,-109.433,27.2646,
0.7,0.613253,0.837726,-81.2041,145.951,-5.67203,11.3227,0,-98.2829,27.0899,0,-79.2844,17.3991,3.22391,96.0813,-109.478,27.2752,
0.7,0.61321,0.837294,-81.6198,144.763,-5.72383,11.3815,0,-97.4603,26.8745,0,-79.6923,17.4789,3.24224,95.2928,-108.592,27.0537,
0.7,0.61316,0.837087,-81.5039,144.973,-5.7404,11.3655,0,-97.5892,26.9158,0,-79.5812,17.4447,3.23947,95.4267,-108.753,27.0932,
0.7,0.613122,0.836879,-81.2969,145.004,-5.74873,11.3377,0,-97.5958,26.9235,0,-79.3815,17.3899,3.23332,95.4406,-108.782,27.0994,
0.7,0.61308,0.836672,-81.2862,144.976,-5.77123,11.337,0,-97.5628,26.9211,0,-79.3731,17.3782,3.23475,95.4176,-108.764,27.0944,
0.7,0.613039,0.836449,-81.3265,144.805,-5.79714,11.3432,0,-97.4339,26.8913,0,-79.4146,17.3771,3.23825,95.3025,-108.638,27.0627,
0.7,0.612999,0.836242,-81.2387,144.791,-5.81336,11.3317,0,-97.411,26.8908,0,-79.331,17.3487,3.23665,95.2891,-108.631,27.0603,
0.7,0.612918,0.835803,-81.763,144.084,-5.89674,11.4067,0,-96.9173,26.7591,0,-79.8474,17.4415,3.26132,94.818,-108.106,26.9287,
0.7,0.612879,0.835597,-81.5599,144.109,-5.90425,11.3796,0,-96.9191,26.7655,0,-79.651,17.3892,3.255,94.8298,-108.128,26.9336,
0.7,0.612839,0.835387,-81.4873,144.107,-5.92065,11.3684,0,-96.9067,26.7678,0,-79.5821,17.3645,3.25391,94.8241,-108.13,26.9335,
0.7,0.612798,0.835177,-81.5397,143.977,-5.94753,11.3765,0,-96.8078,26.7467,0,-79.6353,17.3666,3.25779,94.7347,-108.036,26.9095,
0.7,0.612753,0.834967,-81.5492,143.889,-5.97254,11.3788,0,-96.7348,26.7324,0,-79.6468,17.3587,3.2601,94.6704,-107.975,26.8934,
0.7,0.612713,0.834743,-81.6705,143.619,-6.00445,11.3967,0,-96.5407,26.6843,0,-79.7673,17.3753,3.26678,94.491,-107.774,26.8432,
0.7,0.612673,0.834534,-81.691,143.49,-6.02879,11.4005,0,-96.4414,26.6626,0,-79.7894,17.3701,3.26947,94.4023,-107.681,26.8194,
0.7,0.612629,0.834324,-81.6894,143.423,-6.05329,11.4006,0,-96.3832,26.6528,0,-79.79,17.3601,3.27131,94.354,-107.634,26.807,
0.7,0.612561,0.833888,-82.4705,142.366,-6.15664,11.5122,0,-95.6475,26.4605,0,-80.5576,17.5049,3.30676,93.6499,-106.848,26.6101,
0.7,0.612525,0.833677,-81.8594,142.761,-6.13389,11.4278,0,-95.9009,26.536,0,-79.9629,17.3649,3.28427,93.9053,-107.147,26.6842,
0.7,0.612441,0.833466,-82.1657,142.829,-6.18572,11.472,0,-95.9348,26.5509,0,-80.2622,17.4296,3.29662,93.946,-107.202,26.6971,
0.7,0.612406,0.833254,-82.1145,142.394,-6.20524,11.4663,0,-95.6299,26.4708,0,-80.2145,17.4079,3.29669,93.654,-106.88,26.6163,
0.7,0.61237,0.833027,-82.1418,142.24,-6.23064,11.471,0,-95.514,26.4431,0,-80.2436,17.403,3.29989,93.5508,-106.766,26.5876,
0.7,0.612339,0.832817,-82.0741,142.179,-6.24822,11.4622,0,-95.4599,26.4323,0,-80.18,17.3772,3.29943,93.5065,-106.724,26.5765,
0.7,0.612305,0.832606,-81.9802,142.186,-6.26425,11.4497,0,-95.4521,26.4344,0,-80.0907,17.3464,3.29779,93.5071,-106.733,26.5782,
0.7,0.612266,0.832379,-82.0652,142.022,-6.29482,11.4625,0,-95.3293,26.4042,0,-80.1761,17.3533,3.3034,93.3966,-106.611,26.5476,
0.7,0.612204,0.832167,-81.9774,142.176,-6.3329,11.4523,0,-95.4199,26.4335,0,-80.0952,17.3126,3.3042,93.492,-106.732,26.5768,
0.7,0.612163,0.831954,-82.0139,141.918,-6.36021,11.4578,0,-95.2357,26.3865,0,-80.1333,17.3096,3.30779,93.3186,-106.542,26.5289,
0.7,0.612129,0.83151,-82.6103,140.848,-6.4299,11.5419,0,-94.4954,26.1898,0,-80.7185,17.4245,3.334,92.6078,-105.744,26.3292,
0.7,0.612095,0.831297,-82.3928,141.051,-6.43623,11.5132,0,-94.621,26.2285,0,-80.5084,17.3673,3.32745,92.7382,-105.899,26.3675,
0.7,0.612061,0.831083,-82.2498,141.113,-6.44824,11.4941,0,-94.6508,26.2409,0,-80.3711,17.3263,3.3238,92.7751,-105.948,26.3792,
0.7,0.61203,0.83087,-82.2434,141.001,-6.47085,11.494,0,-94.5642,26.2215,0,-80.3674,17.3133,3.32584,92.6982,-105.867,26.3586,
0.7,0.611989,0.830639,-82.424,140.769,-6.50972,11.52,0,-94.3962,26.1791,0,-80.5462,17.3406,3.33526,92.5424,-105.696,26.3155,
0.7,0.611956,0.830425,-82.3124,140.706,-6.52381,11.5059,0,-94.3414,26.1679,0,-80.4395,17.3063,3.33286,92.4974,-105.651,26.3038,
0.7,0.611894,0.830209,-82.1775,140.932,-6.5584,11.49,0,-94.4814,26.2109,0,-80.3126,17.2552,3.33186,92.6429,-105.823,26.3462,
0.7,0.611854,0.829782,-82.6901,139.913,-6.62447,11.5623,0,-93.7719,26.0227,0,-80.816,17.3518,3.35481,91.9667,-105.063,26.1561,
0.7,0.611819,0.829546,-82.7138,139.819,-6.64984,11.5669,0,-93.7006,26.0073,0,-80.8415,17.3458,3.35793,91.9023,-104.994,26.1387,
0.7,0.611785,0.829331,-82.6944,139.743,-6.67175,11.5658,0,-93.6392,25.9944,0,-80.8251,17.3305,3.35935,91.8498,-104.94,26.1248,
0.7,0.611753,0.829115,-82.6371,139.67,-6.69074,11.5584,0,-93.579,25.9822,0,-80.7716,17.307,3.35928,91.7989,-104.888,26.1113,
0.7,0.611712,0.828902,-82.6075,139.675,-6.71325,11.5547,0,-93.5671,25.9829,0,-80.745,17.29,3.3602,91.799,-104.894,26.1124,
0.7,0.611678,0.828666,-82.7749,139.321,-6.75022,11.5792,0,-93.3214,25.9189,0,-80.9109,17.3143,3.36911,91.5643,-104.63,26.0464,
0.7,0.611644,0.828449,-82.792,139.187,-6.77471,11.5834,0,-93.2207,25.8951,0,-80.9299,17.3072,3.3719,91.4744,-104.531,26.0215,
0.7,0.611611,0.828231,-82.744,139.107,-6.79408,11.5778,0,-93.1562,25.8819,0,-80.8853,17.2867,3.372,91.4197,-104.472,26.0066,
0.7,0.611575,0.827996,-82.9193,138.828,-6.83169,11.6037,0,-92.9594,25.8313,0,-81.0588,17.3133,3.3811,91.2364,-104.263,25.9545,
0.7,0.611534,0.827777,-83.0081,138.679,-6.86415,11.6172,0,-92.8483,25.8051,0,-81.1478,17.3219,3.38669,91.1342,-104.154,25.9269,
0.7,0.611498,0.827559,-83.0293,138.486,-6.88956,11.6213,0,-92.7095,25.7709,0,-81.1708,17.3161,3.38957,91.0054,-104.011,25.891,
0.7,0.611467,0.827341,-82.9072,138.457,-6.9033,11.6056,0,-92.6798,25.7672,0,-81.0539,17.2789,3.38687,90.984,-103.991,25.8856,
0.7,0.611433,0.827103,-83.0944,138.17,-6.94268,11.6328,0,-92.4814,25.7161,0,-81.2392,17.3071,3.39664,90.7958,-103.774,25.8319,
0.7,0.611303,0.826889,-83.6109,138.279,-7.03984,11.7005,0,-92.5385,25.736,0,-81.7461,17.4059,3.41948,90.8635,-103.859,25.8525,
0.7,0.611328,0.826672,-83.0189,137.539,-7.00968,11.6248,0,-92.0321,25.5989,0,-81.1727,17.2581,3.40009,90.3758,-103.305,25.7143,
0.7,0.611288,0.826456,-82.9939,138.019,-7.03106,11.6229,0,-92.3411,25.6888,0,-81.1506,17.2422,3.40117,90.6889,-103.667,25.8041,
0.7,0.611256,0.826005,-83.5684,136.962,-7.10369,11.7044,0,-91.6105,25.4931,0,-81.7147,17.3505,3.42688,89.9904,-102.876,25.6067,
0.7,0.611225,0.825786,-83.288,137.212,-7.10373,11.6661,0,-91.7677,25.5409,0,-81.4429,17.2809,3.41762,90.1529,-103.065,25.6535,
0.7,0.611196,0.825567,-83.0892,137.314,-7.11093,11.6382,0,-91.826,25.5619,0,-81.2511,17.228,3.41174,90.2185,-103.142,25.6726,
0.7,0.611162,0.825351,-82.8964,137.451,-7.1187,11.6115,0,-91.9028,25.5874,0,-81.0649,17.1773,3.40594,90.3049,-103.248,25.6984,
0.7,0.611086,0.825113,-83.3098,137.248,-7.20361,11.6704,0,-91.7594,25.5517,0,-81.4736,17.242,3.42704,90.1692,-103.098,25.6607,
0.7,0.611056,0.824676,-84.2897,135.499,-7.31235,11.8089,0,-90.5681,25.2282,0,-82.4344,17.4333,3.46961,89.0175,-101.785,25.3337,
0.7,0.611024,0.82446,-83.6229,136.118,-7.27868,11.7172,0,-90.9663,25.3431,0,-81.7846,17.2841,3.44436,89.4208,-102.253,25.4497,
0.7,0.610984,0.824222,-83.739,136.003,-7.31455,11.734,0,-90.8829,25.3238,0,-81.9004,17.2974,3.45123,89.3465,-102.166,25.4282,
0.7,0.610953,0.824003,-83.6924,135.878,-7.33467,11.7288,0,-90.7898,25.3016,0,-81.8572,17.2765,3.45151,89.2635,-102.073,25.4048,
0.7,0.610924,0.823784,-83.6009,135.838,-7.35134,11.7162,0,-90.754,25.2952,0,-81.7702,17.2461,3.45001,89.2368,-102.043,25.3974,
0.7,0.610883,0.823566,-83.6652,135.765,-7.38334,11.7253,0,-90.6923,25.2814,0,-81.8354,17.2486,3.45477,89.1878,-101.988,25.3836,
0.7,0.610848,0.823345,-83.6314,135.632,-7.40535,11.7214,0,-90.5935,25.2571,0,-81.8045,17.2312,3.45542,89.0983,-101.89,25.3589,
0.7,0.610816,0.823105,-83.7084,135.395,-7.43652,11.7327,0,-90.4296,25.2147,0,-81.8822,17.2362,3.46074,88.9445,-101.711,25.3145,
0.7,0.610778,0.822887,-83.5472,135.492,-7.44744,11.7094,0,-90.4832,25.2325,0,-81.7266,17.1938,3.45587,89.0072,-101.784,25.3327,
0.7,0.610705,0.822454,-84.0518,134.804,-7.54283,11.7829,0,-89.9961,25.1032,0,-82.2247,17.276,3.48098,88.5506,-101.27,25.2042,
0.7,0.610676,0.822216,-83.8723,134.701,-7.55022,11.7584,0,-89.9212,25.0855,0,-82.0515,17.2278,3.47577,88.4848,-101.192,25.1849,
0.7,0.610645,0.821997,-83.8286,134.684,-7.57042,11.7534,0,-89.8989,25.0831,0,-82.0111,17.2079,3.4761,88.4725,-101.179,25.1816,
0.7,0.610613,0.821781,-83.7792,134.633,-7.58964,11.7473,0,-89.8517,25.0736,0,-81.965,17.187,3.47616,88.4384,-101.142,25.1722,
0.7,0.610574,0.821561,-83.7977,134.555,-7.61664,11.7504,0,-89.7885,25.06,0,-81.9855,17.1801,3.47903,88.3844,-101.084,25.1577,
0.7,0.610541,0.821321,-83.7157,134.446,-7.63342,11.7399,0,-89.71,25.0422,0,-81.9075,17.1525,3.47774,88.3147,-101.002,25.1373,
0.7,0.610479,0.821102,-84.0371,134.295,-7.71195,11.7866,0,-89.5982,25.0154,0,-82.2268,17.1955,3.49556,88.2146,-100.888,25.1089,
0.7,0.610429,0.820673,-84.3285,133.452,-7.76532,11.8205,0,-89.0211,24.8605,0,-82.5136,17.2486,3.50898,87.6813,-100.237,24.9497,
0.7,0.610398,0.820433,-84.2767,133.358,-7.7852,11.8146,0,-88.9509,24.8452,0,-82.4653,17.2267,3.50905,87.6197,-100.166,24.9322,
0.7,0.610372,0.820213,-84.1188,133.387,-7.79512,11.7931,0,-88.9594,24.8524,0,-82.3134,17.1824,3.50483,87.6382,-100.188,24.9376,
0.7,0.610343,0.819995,-84.0723,133.355,-7.81506,11.788,0,-88.9249,24.8468,0,-82.2703,17.1612,3.50519,87.6168,-100.164,24.9316,
0.7,0.610307,0.819773,-84.1306,133.246,-7.84638,11.7964,0,-88.8421,24.8279,0,-82.3298,17.1618,3.50983,87.5437,-100.084,24.9113,
0.7,0.610276,0.819532,-84.2217,132.951,-7.8795,11.81,0,-88.6394,24.7753,0,-82.4213,17.1692,3.51582,87.3516,-99.8598,24.8559,
0.7,0.610216,0.819096,-85.0206,131.943,-8.00478,11.9234,0,-87.9422,24.5889,0,-83.2082,17.3085,3.55378,86.6883,-99.1029,24.6674,
0.7,0.610177,0.818877,-84.4633,132.335,-7.97887,11.8452,0,-88.1924,24.6636,0,-82.6649,17.1843,3.5326,86.9456,-99.3982,24.7408,
0.7,0.610145,0.818659,-84.3355,132.374,-7.99164,11.828,0,-88.2055,24.6722,0,-82.5422,17.1476,3.52936,86.9684,-99.4287,24.7481,
0.7,0.610114,0.818421,-84.4395,132.134,-8.02789,11.8435,0,-88.0387,24.6303,0,-82.6462,17.1577,3.53585,86.8128,-99.2474,24.7032,
0.7,0.610086,0.818202,-84.3721,132.064,-8.04591,11.8349,0,-87.9808,24.6194,0,-82.5826,17.1323,3.53533,86.7661,-99.1942,24.69,
0.7,0.61005,0.817987,-84.406,131.996,-8.07521,11.8402,0,-87.9205,24.6072,0,-82.6181,17.1281,3.5389,86.719,-99.1452,24.6775,
0.7,0.610021,0.817748,-84.2908,131.899,-8.08868,11.8249,0,-87.8491,24.5918,0,-82.5078,17.0935,3.53628,86.657,-99.0706,24.6591,
0.7,0.609967,0.817314,-84.642,131.33,-8.17239,11.8756,0,-87.4457,24.4879,0,-82.8564,17.1409,3.55567,86.2819,-98.6444,24.5529,
0.7,0.609936,0.817096,-84.4346,131.403,-8.17763,11.8468,0,-87.4823,24.5035,0,-82.6557,17.0876,3.54917,86.3276,-98.7012,24.5667,
0.7,0.6099,0.816879,-84.4491,131.352,-8.20593,11.8488,0,-87.4365,24.4952,0,-82.6723,17.0791,3.55201,86.2932,-98.6625,24.557,
0.7,0.609856,0.816641,-84.7135,131.004,-8.26039,11.8848,0,-87.1972,24.4327,0,-82.9336,17.1214,3.56532,86.0666,-98.3996,24.4919,
0.7,0.609831,0.816426,-84.6308,130.824,-8.27702,11.8735,0,-87.0619,24.3993,0,-82.8552,17.0918,3.56435,85.9475,-98.2646,24.4582,
0.7,0.609801,0.816206,-84.6009,130.77,-8.29877,11.8694,0,-87.0139,24.3908,0,-82.8283,17.0742,3.56536,85.9102,-98.2254,24.4482,
0.7,0.609765,0.815986,-84.6519,130.661,-8.33001,11.8765,0,-86.9305,24.3724,0,-82.8807,17.0732,3.56974,85.8383,-98.1438,24.4278,
0.7,0.609736,0.815746,-84.693,130.416,-8.35921,11.8821,0,-86.7611,24.3299,0,-82.9233,17.07,3.5737,85.6795,-97.9584,24.3819,
0.7,0.609707,0.815529,-84.5633,130.436,-8.37102,11.8647,0,-86.7602,24.3351,0,-82.7987,17.0321,3.57054,85.6918,-97.9736,24.3856,
0.7,0.609644,0.815309,-84.7093,130.458,-8.43669,11.885,0,-86.7645,24.3413,0,-82.9467,17.0379,3.58132,85.7064,-97.9902,24.3898,
0.7,0.609615,0.815069,-84.7611,130,-8.46729,11.8928,0,-86.4521,24.2585,0,-82.9999,17.0364,3.58583,85.4061,-97.6455,24.3041,
0.7,0.609585,0.814633,-85.593,128.766,-8.57553,12.0099,0,-85.6055,24.0299,0,-83.8169,17.1919,3.62332,84.5949,-96.7181,24.0732,
0.7,0.60956,0.814413,-85.1557,129.12,-8.55071,11.9508,0,-85.8297,24.0971,0,-83.3915,17.0904,3.60748,84.8274,-96.9838,24.1394,
0.7,0.609525,0.814192,-84.9947,129.278,-8.56077,11.9283,0,-85.9231,24.1277,0,-83.2363,17.0465,3.60293,84.9295,-97.1037,24.169,
0.7,0.609497,0.813951,-85.111,128.977,-8.59698,11.9448,0,-85.7166,24.074,0,-83.3525,17.058,3.61016,84.7334,-96.8755,24.1125,
0.7,0.60947,0.813732,-85.0021,128.971,-8.61109,11.9302,0,-85.6994,24.0733,0,-83.2483,17.0245,3.60783,84.7293,-96.8711,24.1114,
0.7,0.60944,0.813511,-85.0139,128.866,-8.63687,11.9322,0,-85.6199,24.0559,0,-83.2621,17.0161,3.61043,84.6608,-96.7922,24.0918,
0.7,0.609412,0.81329,-84.9234,128.826,-8.65211,11.9201,0,-85.5814,24.0498,0,-83.1758,16.9871,3.60873,84.6327,-96.7629,24.0843,
0.7,0.609372,0.813053,-85.185,128.535,-8.70598,11.957,0,-85.38,23.9979,0,-83.434,17.0299,3.62171,84.4432,-96.5428,24.0298,
0.7,0.609338,0.812846,-85.0325,128.529,-8.71657,11.9363,0,-85.3524,23.9947,0,-83.2867,16.9893,3.6172,84.4376,-96.5402,24.0288,
0.7,0.609303,0.81263,-84.9791,128.482,-8.73695,11.9291,0,-85.3085,23.9872,0,-83.2364,16.9686,3.61688,84.406,-96.5054,24.0201,
0.7,0.609238,0.812413,-85.027,128.552,-8.7934,11.9369,0,-85.3422,24.0016,0,-83.2878,16.9568,3.6231,84.4508,-96.558,24.0331,
0.7,0.609201,0.811959,-86.2243,126.72,-8.94533,12.1056,0,-84.1039,23.6632,0,-84.4628,17.1846,3.67626,83.2466,-95.1821,23.6905,
0.7,0.60917,0.811738,-85.5681,127.26,-8.90297,12.0143,0,-84.4532,23.766,0,-83.8221,17.0431,3.65037,83.6019,-95.5879,23.7916,
0.7,0.609145,0.811518,-85.3549,127.387,-8.90603,11.9853,0,-84.5265,23.7912,0,-83.6158,16.9888,3.6436,83.6839,-95.684,23.8153,
0.7,0.609199,0.811278,-84.7257,127.217,-8.84594,11.903,0,-84.4066,23.7616,0,-83.0019,16.8517,3.61907,83.5742,-95.5541,23.7833,
0.7,0.609172,0.811061,-84.7948,127.719,-8.87876,11.9129,0,-84.7248,23.8555,0,-83.0719,16.8539,3.62426,83.9038,-95.9314,23.8772,
0.7,0.609143,0.810842,-84.8243,127.583,-8.90836,11.9176,0,-84.6235,23.8309,0,-83.1034,16.8471,3.628,83.8146,-95.8292,23.8518,
0.7,0.609114,0.810621,-84.8856,127.4,-8.94002,11.9272,0,-84.4904,23.7977,0,-83.1658,16.8481,3.63281,83.693,-95.6928,23.8177,
0.7,0.609052,0.810381,-85.0633,127.307,-9.00973,11.9535,0,-84.4218,23.7824,0,-83.3442,16.8623,3.64453,83.634,-95.6211,23.8001,
0.7,0.609016,0.809943,-85.5165,126.284,-9.08481,12.0183,0,-83.7186,23.5928,0,-83.7905,16.941,3.66612,82.9612,-94.8522,23.6087,
0.7,0.60899,0.809723,-85.3779,126.334,-9.09553,12.0001,0,-83.7403,23.6031,0,-83.6571,16.9017,3.66249,82.9927,-94.8907,23.6181,
0.7,0.608961,0.809505,-85.3931,126.234,-9.12294,12.0032,0,-83.6628,23.5855,0,-83.6743,16.8937,3.66529,82.9274,-94.8159,23.5995,
0.7,0.608933,0.80927,-85.3619,126.118,-9.14602,11.9994,0,-83.5732,23.5649,0,-83.646,16.8765,3.66611,82.8525,-94.7267,23.5775,
0.7,0.608904,0.809006,-85.72,125.588,-9.21024,12.051,0,-83.258,23.483,0,-83.9992,16.9358,3.68373,82.5103,-94.3239,23.4781,
0.7,0.608872,0.808786,-85.5728,125.648,-9.2213,12.0305,0,-83.2858,23.4953,0,-83.8574,16.8949,3.67972,82.5498,-94.3684,23.4892,
0.7,0.608813,0.808566,-85.6791,125.661,-9.2845,12.0466,0,-83.2825,23.4986,0,-83.9659,16.8946,3.68844,82.5576,-94.3791,23.4918,
0.7,0.608778,0.80811,-86.6775,124.028,-9.42032,12.1872,0,-82.179,23.1962,0,-84.9466,17.0803,3.73361,81.4876,-93.1497,23.1862,
0.7,0.608749,0.807849,-86.2578,124.295,-9.40052,12.1284,0,-82.3531,23.2497,0,-84.5375,16.9865,3.7177,81.6675,-93.3456,23.2356,
0.7,0.608725,0.807628,-86.0252,124.444,-9.40061,12.0962,0,-82.4412,23.2788,0,-84.312,16.9287,3.71,81.7648,-93.4577,23.2635,
0.7,0.608699,0.807388,-86.1122,124.247,-9.43599,12.1086,0,-82.3039,23.2443,0,-84.3995,16.9353,3.71583,81.6382,-93.3071,23.2264,
0.7,0.608668,0.807172,-86.0274,124.267,-9.4533,12.0967,0,-82.3031,23.2483,0,-84.3186,16.9074,3.71435,81.6522,-93.3222,23.2302,
0.7,0.608647,0.806952,-85.9305,124.161,-9.46695,12.0843,0,-82.2215,23.2295,0,-84.2261,16.876,3.71257,81.5832,-93.2418,23.2103,
0.7,0.608621,0.806732,-85.8631,124.153,-9.48407,12.0761,0,-82.2033,23.229,0,-84.1622,16.8523,3.71172,81.5768,-93.2361,23.2088,
0.7,0.608594,0.806492,-85.9163,123.959,-9.51447,12.0846,0,-82.0667,23.1954,0,-84.2165,16.8523,3.71605,81.4522,-93.0884,23.1724,
0.7,0.608481,0.806276,-86.3891,124.072,-9.62353,12.1461,0,-82.126,23.2164,0,-84.6814,16.9373,3.73801,81.5266,-93.1731,23.1935,
0.7,0.608508,0.806058,-85.8289,123.382,-9.58175,12.0747,0,-81.6563,23.088,0,-84.1372,16.8033,3.71848,81.0719,-92.6553,23.0645,
0.7,0.608482,0.805602,-86.7214,122.518,-9.70709,12.2005,0,-81.0653,22.9297,0,-85.0143,16.9671,3.75929,80.5076,-92.0035,22.9027,
0.7,0.608451,0.805386,-86.0992,123.127,-9.66355,12.1134,0,-81.4538,23.0437,0,-84.4066,16.8343,3.73447,80.9082,-92.4604,23.0165,
0.7,0.608426,0.805166,-85.9653,123.161,-9.6731,12.0953,0,-81.4647,23.0512,0,-84.2776,16.7969,3.73086,80.9311,-92.4849,23.0227,
0.7,0.608408,0.804947,-85.8452,123.12,-9.68357,12.0797,0,-81.4252,23.0441,0,-84.1624,16.7608,3.7281,80.9033,-92.4548,23.0151,
0.7,0.608386,0.804707,-85.8061,123.039,-9.704,12.0752,0,-81.3633,23.0309,0,-84.1264,16.7416,3.72867,80.8524,-92.3916,22.9997,
0.7,0.608359,0.80449,-85.6718,123.119,-9.71433,12.0567,0,-81.4013,23.0451,0,-83.997,16.7038,3.72508,80.9052,-92.4514,23.0146,
0.7,0.608314,0.804044,-86.1738,122.327,-9.8209,12.1296,0,-80.8567,22.8986,0,-84.4939,16.7769,3.75171,80.3858,-91.8556,22.8665,
0.7,0.608292,0.804082,-84.2836,124.432,-9.63099,11.8641,0,-82.1906,23.2807,0,-82.6428,16.3976,3.67163,81.7445,-93.4568,23.2617,
0.7,0.608268,0.803841,-84.6886,123.874,-9.70237,11.9217,0,-81.812,23.1775,0,-83.0421,16.4655,3.6914,81.3808,-93.0349,23.1571,
0.7,0.608238,0.803615,-85.0521,123.4,-9.77056,11.973,0,-81.4879,23.0902,0,-83.4007,16.525,3.70941,81.0696,-92.6791,23.0685,
0.7,0.608216,0.80339,-85.1284,123.104,-9.80447,11.9847,0,-81.2817,23.0362,0,-83.4778,16.5282,3.715,80.8765,-92.456,23.0132,
0.7,0.608197,0.803165,-85.2254,122.85,-9.84063,11.9986,0,-81.1026,22.9898,0,-83.5753,16.5351,3.72157,80.7107,-92.2639,22.9655,
0.7,0.608149,0.802923,-85.6462,122.501,-9.9418,12.0582,0,-80.861,22.9259,0,-83.9925,16.5943,3.74432,80.4844,-91.999,22.9,
0.7,0.608128,0.80247,-86.6062,120.881,-10.0784,12.1937,0,-79.7715,22.6261,0,-84.9362,16.7691,3.78847,79.4225,-90.7802,22.597,
0.7,0.608108,0.802242,-86.0984,121.31,-10.0451,12.1228,0,-80.0458,22.7084,0,-84.4405,16.6593,3.7685,79.7066,-91.0998,22.6769,
0.7,0.608092,0.801994,-86.2269,121.032,-10.0851,12.1413,0,-79.8577,22.6593,0,-84.569,16.6719,3.77652,79.5286,-90.8872,22.6246,
0.7,0.608066,0.80177,-86.2179,120.993,-10.1106,12.1397,0,-79.8199,22.6525,0,-84.5625,16.6586,3.77838,79.5053,-90.856,22.6172,
0.7,0.608046,0.801543,-86.2208,120.813,-10.1361,12.1399,0,-79.6905,22.6203,0,-84.5677,16.6475,3.78079,79.3872,-90.7193,22.5833,
0.7,0.608026,0.801318,-86.0776,120.832,-10.1448,12.1191,0,-79.6928,22.6253,0,-84.4296,16.6082,3.77677,79.4019,-90.7319,22.5867,
0.7,0.608009,0.800855,-86.3902,120.114,-10.2058,12.1636,0,-79.1975,22.4928,0,-84.7387,16.656,3.79292,78.9345,-90.1882,22.452,
0.7,0.607961,0.800634,-86.419,120.272,-10.2588,12.1677,0,-79.2918,22.5237,0,-84.7713,16.6398,3.79842,79.0403,-90.3061,22.4816,
0.7,0.607941,0.800412,-86.3296,120.033,-10.273,12.1547,0,-79.1228,22.4803,0,-84.6857,16.6117,3.79661,78.8829,-90.126,22.4368,
0.7,0.607926,0.800191,-86.2026,120.004,-10.2818,12.1377,0,-79.0935,22.4764,0,-84.5636,16.5749,3.79344,78.8652,-90.103,22.4312,
0.7,0.607907,0.799954,-86.3454,119.742,-10.3229,12.1579,0,-78.9103,22.4284,0,-84.7059,16.5911,3.80193,78.6957,-89.9039,22.3821,
0.7,0.607883,0.799733,-86.2597,119.749,-10.338,12.1456,0,-78.9026,22.4308,0,-84.624,16.5634,3.80034,78.6997,-89.9089,22.3833,
0.7,0.607849,0.799292,-86.9053,118.762,-10.4647,12.2381,0,-78.2292,22.2494,0,-85.2621,16.6634,3.83345,78.0534,-89.1661,22.1987,
0.7,0.607831,0.799054,-86.5375,118.96,-10.4447,12.1864,0,-78.348,22.2883,0,-84.9036,16.581,3.81953,78.1859,-89.3127,22.2355,
0.7,0.607808,0.798833,-86.3752,119.072,-10.4507,12.1633,0,-78.4107,22.3106,0,-84.7466,16.5382,3.81464,78.2607,-89.3953,22.2562,
0.7,0.607791,0.798611,-86.3799,118.899,-10.4762,12.1636,0,-78.2852,22.2798,0,-84.7536,16.5274,3.81713,78.1468,-89.2653,22.2239,
0.7,0.607778,0.798389,-86.3367,118.785,-10.495,12.1579,0,-78.2011,22.2561,0,-84.7137,16.5067,3.81764,78.0734,-89.1785,22.2025,
0.7,0.607758,0.79817,-86.2389,118.818,-10.5083,12.1445,0,-78.2086,22.2628,0,-84.62,16.4759,3.81567,78.0954,-89.2021,22.2084,
0.7,0.607683,0.797926,-86.8217,118.531,-10.6324,12.2287,0,-78.0129,22.2117,0,-85.1944,16.5733,3.84415,77.9104,-88.9842,22.1547,
0.7,0.607712,0.797481,-87.2432,116.913,-10.7043,12.2874,0,-76.9246,21.9108,0,-85.6125,16.6322,3.86704,76.8479,-87.7682,21.8521,
0.7,0.6077,0.797243,-86.6984,117.651,-10.6614,12.2121,0,-77.3985,22.05,0,-85.0804,16.5156,3.84537,77.3353,-88.3202,21.9898,
0.7,0.607677,0.79702,-86.6241,117.725,-10.6782,12.202,0,-77.4356,22.0649,0,-85.0097,16.4899,3.84432,77.3847,-88.3747,22.0036,
0.7,0.607658,0.796796,-86.6189,117.572,-10.7027,12.2016,0,-77.3229,22.0375,0,-85.0068,16.4775,3.8463,77.2834,-88.2592,21.9748,
0.7,0.607641,0.796572,-86.5907,117.445,-10.7236,12.1985,0,-77.229,22.0157,0,-84.9816,16.4597,3.84747,77.2012,-88.1628,21.951,
0.7,0.607618,0.796328,-86.8162,117.115,-10.7772,12.2309,0,-77.005,21.9565,0,-85.2052,16.4907,3.8598,76.9874,-87.9126,21.8891,
0.7,0.607603,0.796109,-86.7066,117.039,-10.7854,12.2111,0,-76.9403,21.9425,0,-85.0999,16.458,3.85725,76.9378,-87.8546,21.8747,
0.7,0.607587,0.795887,-86.61,117.01,-10.7975,12.1979,0,-76.9094,21.9383,0,-85.0074,16.4283,3.85516,76.9195,-87.8322,21.8693,
0.7,0.60756,0.795666,-86.4285,117.164,-10.8226,12.1741,0,-76.9991,21.9686,0,-84.834,16.3698,3.85178,77.0217,-87.9469,21.898,
0.7,0.60755,0.795208,-87.4625,115.579,-10.9756,12.3206,0,-75.9345,21.6733,0,-85.8513,16.5536,3.9002,75.9822,-86.7542,21.6014,
0.7,0.607539,0.794986,-86.8683,116.107,-10.9255,12.2375,0,-76.271,21.7722,0,-85.2704,16.4292,3.87602,76.3302,-87.1495,21.7,
0.7,0.607528,0.794764,-86.6977,116.179,-10.9281,12.2146,0,-76.3072,21.7869,0,-85.1053,16.3851,3.87072,76.3775,-87.204,21.7135,
0.7,0.607515,0.794542,-86.6504,116.124,-10.9471,12.208,0,-76.2607,21.7775,0,-85.0613,16.3636,3.87104,76.3421,-87.1613,21.703,
0.7,0.607511,0.794303,-86.7024,115.833,-10.9773,12.2162,0,-76.0597,21.7237,0,-85.1151,16.3595,3.87608,76.1537,-86.9409,21.6485,
0.7,0.60749,0.79408,-86.7445,115.8,-11.0085,12.2225,0,-76.0268,21.7181,0,-85.1584,16.3578,3.87986,76.1319,-86.9154,21.6422,
0.7,0.607478,0.793858,-86.7244,115.611,-11.0306,12.2201,0,-75.8921,21.6834,0,-85.141,16.3418,3.88132,76.0094,-86.7726,21.6069,
0.7,0.60747,0.793638,-86.5761,115.605,-11.0356,12.1994,0,-75.8764,21.6826,0,-84.9979,16.301,3.87718,76.0064,-86.7666,21.6056,
0.7,0.607451,0.7934,-86.6513,115.467,-11.0711,12.2108,0,-75.7743,21.657,0,-85.0739,16.3037,3.88278,75.9181,-86.6607,21.5795,
0.7,0.607429,0.79318,-86.5489,115.476,-11.1078,12.1981,0,-75.769,21.6591,0,-84.9779,16.2605,3.88284,75.9252,-86.6667,21.5812,
0.7,0.607419,0.792736,-87.0569,114.505,-11.1976,12.2706,0,-75.1097,21.478,0,-85.4792,16.3436,3.90803,75.2875,-85.9368,21.3996,
0.7,0.607404,0.792517,-86.7798,114.732,-11.1872,12.2327,0,-75.2447,21.52,0,-85.2094,16.2788,3.89807,75.4373,-86.1059,21.4418,
0.7,0.607394,0.792275,-86.7469,114.592,-11.2074,12.2293,0,-75.1452,21.4954,0,-85.1796,16.2603,3.899,75.3473,-85.9991,21.4155,
0.7,0.607387,0.792055,-86.5503,114.651,-11.2073,12.2014,0,-75.1728,21.5071,0,-84.989,16.2105,3.89267,75.3875,-86.0419,21.4264,
0.7,0.607358,0.791833,-86.6379,114.611,-11.2696,12.2155,0,-75.1358,21.5003,0,-85.0796,16.2029,3.90127,75.3631,-86.0109,21.4189,
0.7,0.607344,0.791616,-86.6665,114.338,-11.2988,12.221,0,-74.9416,21.4484,0,-85.1099,16.197,3.90474,75.184,-85.8046,21.3676,
0.7,0.607332,0.791375,-86.8435,113.968,-11.3478,12.2466,0,-74.6902,21.3805,0,-85.2859,16.2185,3.91498,74.9426,-85.5251,21.2983,
0.7,0.607319,0.790932,-87.1814,113.272,-11.4173,12.2961,0,-74.212,21.2516,0,-85.6199,16.2705,3.93236,74.487,-85.0005,21.168,
0.7,0.607302,0.790713,-87.0613,113.353,-11.4281,12.28,0,-74.2515,21.2665,0,-85.5041,16.2372,3.92907,74.5413,-85.0606,21.1831,
0.7,0.607247,0.79047,-87.3333,113.226,-11.4933,12.3217,0,-74.1603,21.2444,0,-85.7711,16.2881,3.9413,74.4598,-84.9636,21.1592,
0.7,0.607235,0.790248,-87.2664,112.833,-11.5093,12.3132,0,-73.8916,21.1716,0,-85.7076,16.2644,3.94048,74.2026,-84.6673,21.0856,
0.7,0.607228,0.790027,-86.8786,113.073,-11.4826,12.2593,0,-74.0369,21.2174,0,-85.329,16.1801,3.9253,74.3617,-84.8461,21.1303,
0.7,0.607208,0.789569,-87.7467,111.894,-11.6461,12.3846,0,-73.2407,20.9974,0,-86.1862,16.3183,3.96909,73.5898,-83.9577,20.9096,
0.7,0.607199,0.789347,-87.2523,112.239,-11.6054,12.3161,0,-73.4549,21.0634,0,-85.7027,16.2148,3.94895,73.8168,-84.2165,20.9741,
0.7,0.607194,0.789125,-87.0967,112.253,-11.6082,12.2958,0,-73.4531,21.0674,0,-85.5524,16.1729,3.94443,73.8267,-84.2257,20.9765,
0.7,0.607184,0.788907,-86.9701,112.301,-11.6155,12.2789,0,-73.4708,21.0771,0,-85.4303,16.1376,3.94099,73.8589,-84.2612,20.9855,
0.7,0.607168,0.788666,-87.1655,111.989,-11.6671,12.3066,0,-73.2595,21.0213,0,-85.6245,16.1618,3.9522,73.6569,-84.025,20.927,
0.7,0.607161,0.788444,-87.1116,111.837,-11.6842,12.2991,0,-73.148,20.9943,0,-85.5741,16.1387,3.9523,73.5567,-83.9106,20.8986,
0.7,0.607149,0.788223,-87.0436,111.807,-11.7002,12.2892,0,-73.1163,20.9906,0,-85.5096,16.1142,3.95152,73.5379,-83.8866,20.8928,
0.7,0.607139,0.788005,-86.8699,111.855,-11.7014,12.2653,0,-73.133,21.0001,0,-85.3412,16.0698,3.94602,73.5711,-83.9222,20.9018,
0.7,0.607113,0.787543,-87.3419,111.093,-11.8152,12.3341,0,-72.6133,20.8604,0,-85.8096,16.1325,3.97224,73.0723,-83.3469,20.7589,
0.7,0.607102,0.787322,-87.1437,111.127,-11.8137,12.3062,0,-72.6247,20.8688,0,-85.6172,16.0837,3.96558,73.0965,-83.3717,20.7653,
0.7,0.607094,0.787103,-87.0157,111.121,-11.8215,12.2889,0,-72.606,20.8678,0,-85.4938,16.0476,3.96218,73.093,-83.3657,20.764,
0.7,0.607079,0.78688,-86.9908,111.066,-11.8446,12.285,0,-72.5588,20.859,0,-85.4717,16.0307,3.96345,73.0581,-83.3232,20.7536,
0.7,0.607073,0.786638,-87.0009,110.821,-11.8716,12.2861,0,-72.3898,20.8153,0,-85.4841,16.0193,3.96648,72.8992,-83.1381,20.7077,
0.7,0.607058,0.786416,-87.0663,110.706,-11.9313,12.2949,0,-72.3026,20.7947,0,-85.5531,16.006,3.97437,72.8248,-83.0506,20.6861,
0.7,0.607044,0.786197,-86.9847,110.642,-11.9469,12.283,0,-72.2454,20.7824,0,-85.4753,15.9785,3.97307,72.7834,-83.0012,20.674,
0.7,0.607038,0.785732,-87.5886,109.579,-12.0564,12.3683,0,-71.5316,20.5866,0,-86.0713,16.0761,4.00324,72.0881,-82.2001,20.475,
0.7,0.607028,0.785508,-87.3759,109.723,-12.0531,12.3382,0,-71.6152,20.6155,0,-85.8645,16.0247,3.99592,72.1846,-82.3064,20.5017,
0.7,0.60702,0.785288,-87.2099,109.757,-12.0557,12.3155,0,-71.6241,20.6223,0,-85.7038,15.9817,3.99076,72.2087,-82.3309,20.5081,
0.7,0.607007,0.785044,-87.4172,109.43,-12.1113,12.3445,0,-71.401,20.5628,0,-85.9098,16.0074,4.00263,71.9934,-82.0847,20.4468,
0.7,0.607001,0.784822,-87.2869,109.357,-12.1195,12.3261,0,-71.3426,20.5504,0,-85.7841,15.9708,3.99915,71.9474,-82.0286,20.4331,
0.7,0.606992,0.784599,-87.2954,109.248,-12.1462,12.327,0,-71.2598,20.5313,0,-85.7946,15.961,4.00173,71.877,-81.9449,20.4124,
0.7,0.606978,0.78438,-87.2915,109.162,-12.1721,12.3262,0,-71.1883,20.5149,0,-85.7928,15.9497,4.00361,71.8207,-81.8801,20.3963,
0.7,0.606969,0.784159,-87.2504,109.015,-12.1915,12.3213,0,-71.0809,20.4884,0,-85.7544,15.9311,4.00386,71.7259,-81.7686,20.3688,
0.7,0.60696,0.783918,-87.1077,109.023,-12.198,12.3017,0,-71.0771,20.4918,0,-85.6162,15.8945,3.99938,71.7341,-81.7713,20.37,
0.7,0.606948,0.783699,-87.1038,108.92,-12.2473,12.3026,0,-70.9983,20.4735,0,-85.6168,15.8701,4.00379,71.668,-81.6927,20.3506,
0.7,0.606936,0.783482,-87.1403,108.756,-12.2788,12.3086,0,-70.8761,20.4423,0,-85.6549,15.865,4.00774,71.5603,-81.5695,20.3199,
0.7,0.606926,0.783019,-88.426,106.979,-12.4869,12.4901,0,-69.6995,20.111,0,-86.9208,16.0878,4.06906,70.3964,-80.2322,19.9876,
0.7,0.606919,0.782798,-87.7458,107.574,-12.4165,12.3945,0,-70.0755,20.224,0,-86.2545,15.9518,4.04013,70.7892,-80.6765,20.0985,
0.7,0.606906,0.78258,-87.687,107.58,-12.4347,12.3864,0,-70.0641,20.2247,0,-86.1989,15.9294,4.0397,70.7933,-80.6812,20.0996,
0.7,0.606897,0.78236,-87.4635,107.644,-12.428,12.3551,0,-70.0937,20.2374,0,-85.9814,15.8773,4.03164,70.8365,-80.7274,20.1114,
0.7,0.606888,0.782118,-87.541,107.414,-12.4642,12.3664,0,-69.9355,20.1959,0,-86.0596,15.8802,4.03738,70.6882,-80.5518,20.0681,
0.7,0.606877,0.781894,-87.5553,107.274,-12.4925,12.3694,0,-69.8338,20.1711,0,-86.0758,15.872,4.04014,70.5984,-80.4458,20.0419,
0.7,0.60687,0.781678,-87.4871,107.177,-12.5073,12.3607,0,-69.7644,20.154,0,-86.0109,15.8479,4.03927,70.5494,-80.3596,20.0226,
0.7,0.606858,0.781455,-87.4753,107.101,-12.5314,12.3601,0,-69.7039,20.141,0,-86.0014,15.8344,4.04091,70.5003,-80.3018,20.0083,
0.7,0.606851,0.781214,-87.6103,106.752,-12.5758,12.3803,0,-69.4687,20.0777,0,-86.1362,15.8477,4.04931,70.2739,-80.0367,19.9428,
0.7,0.606843,0.780778,-88.2202,105.762,-12.7139,12.468,0,-68.7979,19.8926,0,-86.7404,15.9332,4.08231,69.6254,-79.292,19.7576,
0.7,0.606835,0.780557,-87.6371,106.287,-12.6561,12.3868,0,-69.1265,19.9921,0,-86.1694,15.8153,4.05776,69.9714,-79.6843,19.8555,
0.7,0.606831,0.780314,-87.6758,106.07,-12.6868,12.3932,0,-68.9765,19.9531,0,-86.2098,15.8102,4.06191,69.8316,-79.5184,19.8147,
0.7,0.606831,0.780092,-87.5174,106.058,-12.6898,12.373,0,-68.9577,19.9525,0,-86.0565,15.7679,4.05722,69.8254,-79.5079,19.8123,
0.7,0.606826,0.779874,-87.4455,106.046,-12.705,12.3638,0,-68.9357,19.9507,0,-85.9881,15.7428,4.05625,69.8185,-79.4978,19.8099,
0.7,0.606818,0.779653,-87.4721,105.906,-12.7357,12.3687,0,-68.8332,19.9257,0,-86.0165,15.7352,4.05988,69.7269,-79.3925,19.7837,
0.7,0.606814,0.779413,-87.593,105.576,-12.7789,12.3865,0,-68.6103,19.8658,0,-86.1376,15.7451,4.06779,69.5127,-79.1421,19.7218,
0.7,0.606812,0.779194,-87.5233,105.492,-12.7966,12.377,0,-68.5444,19.8512,0,-86.0713,15.7205,4.06689,69.4594,-79.0783,19.7061,
0.7,0.606807,0.77898,-87.4224,105.492,-12.8078,12.3645,0,-68.5284,19.8507,0,-85.9743,15.6905,4.0645,69.46,-79.0768,19.7059,
0.7,0.606798,0.778742,-87.5871,105.198,-12.859,12.3885,0,-68.3275,19.7967,0,-86.1384,15.7087,4.07437,69.2682,-78.8545,19.6508,
0.7,0.606794,0.778523,-87.4018,105.208,-12.8577,12.3631,0,-68.3224,19.7996,0,-85.9582,15.6637,4.06802,69.2765,-78.8607,19.6526,
0.7,0.606788,0.778303,-87.226,105.289,-12.883,12.3398,0,-68.3633,19.8155,0,-85.79,15.6057,4.06496,69.3311,-78.9194,19.6674,
0.7,0.606786,0.777865,-87.6046,104.535,-12.9665,12.3934,0,-67.848,19.6744,0,-86.1644,15.6634,4.08456,68.8365,-78.3527,19.5265,
0.7,0.606784,0.777626,-87.6064,104.38,-12.9924,12.3937,0,-67.7393,19.6469,0,-86.1685,15.6518,4.08696,68.7378,-78.234,19.4973,
0.7,0.606781,0.777407,-87.4341,104.432,-12.9931,12.3691,0,-67.761,19.6575,0,-86.0011,15.6092,4.0812,68.7738,-78.2713,19.5069,
0.7,0.606782,0.777192,-87.3685,104.341,-13.0091,12.3608,0,-67.6863,19.6396,0,-85.939,15.5845,4.08066,68.715,-78.2017,19.4897,
0.7,0.606759,0.776952,-87.639,104.096,-13.0772,12.3919,0,-67.5182,19.5946,0,-86.2065,15.6259,4.09463,68.5562,-78.0159,19.4438,
0.7,0.606753,0.776731,-87.6337,103.817,-13.1024,12.3912,0,-67.326,19.5427,0,-86.2033,15.6139,4.09652,68.3745,-77.8048,19.3915,
0.7,0.606748,0.776511,-87.5202,103.797,-13.1118,12.3751,0,-67.3022,19.5393,0,-86.0936,15.5833,4.09324,68.3635,-77.7881,19.3876,
0.7,0.606736,0.776294,-87.398,103.844,-13.1447,12.3593,0,-67.3182,19.5477,0,-85.9774,15.5403,4.09164,68.3957,-77.8211,19.3961,
0.7,0.606732,0.775832,-87.964,102.839,-13.2551,12.4397,0,-66.648,19.3612,0,-86.5361,15.6309,4.12008,67.7385,-77.0646,19.2081,
0.7,0.60673,0.775612,-87.797,102.87,-13.2434,12.4212,0,-66.6562,19.3678,0,-86.3742,15.5884,4.11475,67.7603,-77.0856,19.2136,
0.7,0.606732,0.775396,-87.621,102.889,-13.2423,12.3968,0,-66.654,19.371,0,-86.2032,15.5454,4.10878,67.7744,-77.0985,19.2171,
0.7,0.606732,0.775177,-87.5794,102.808,-13.2611,12.3921,0,-66.5894,19.3563,0,-86.1643,15.5269,4.10898,67.7221,-77.0369,19.2019,
0.7,0.606729,0.774938,-87.6715,102.574,-13.3009,12.4055,0,-66.4288,19.3136,0,-86.2571,15.5319,4.11551,67.5712,-76.858,19.1578,
0.7,0.606735,0.774719,-87.5716,102.457,-13.3111,12.3912,0,-66.342,19.2927,0,-86.1611,15.5016,4.11326,67.4965,-76.7683,19.1358,
0.7,0.606737,0.774502,-87.5089,102.415,-13.3262,12.3827,0,-66.3011,19.2844,0,-86.1015,15.4787,4.11258,67.4709,-76.7349,19.1277,
0.7,0.606739,0.774281,-87.4893,102.292,-13.348,12.3811,0,-66.2116,19.2621,0,-86.0843,15.4635,4.11394,67.3926,-76.641,19.1047,
0.7,0.606725,0.774062,-87.5438,102.231,-13.3852,12.3886,0,-66.1601,19.2508,0,-86.14,15.462,4.11865,67.3533,-76.5935,19.093,
0.7,0.606725,0.773823,-87.6616,101.815,-13.4296,12.4053,0,-65.8827,19.1741,0,-86.2581,15.4708,4.12652,67.0829,-76.2785,19.015,
0.7,0.606731,0.773608,-87.5343,101.761,-13.434,12.3885,0,-65.8334,19.163,0,-86.1349,15.4368,4.12276,67.0492,-76.2366,19.0048,
0.7,0.606722,0.773389,-87.6023,101.687,-13.4724,12.3987,0,-65.7741,19.1491,0,-86.204,15.4369,4.12826,67.0025,-76.179,18.9908,
0.7,0.606716,0.773176,-87.5855,101.533,-13.4972,12.3968,0,-65.6579,19.1182,0,-86.1894,15.4227,4.12965,66.9029,-76.0624,18.962,
0.7,0.606715,0.772955,-87.587,101.343,-13.5243,12.3968,0,-65.5242,19.0827,0,-86.1929,15.4117,4.13188,66.7792,-75.9186,18.9263,
0.7,0.606718,0.772718,-87.5731,101.166,-13.5478,12.3945,0,-65.3994,19.0497,0,-86.1816,15.3968,4.13365,66.666,-75.7825,18.8929,
0.7,0.606719,0.772498,-87.5052,101.109,-13.5634,12.3854,0,-65.3526,19.0392,0,-86.1169,15.3728,4.13278,66.631,-75.7376,18.8821,
0.7,0.606718,0.772278,-87.3334,101.178,-13.5908,12.3614,0,-65.3867,19.0521,0,-85.9521,15.3194,4.12915,66.6787,-75.7866,18.8947,
0.7,0.606724,0.772059,-87.2851,101.022,-13.6084,12.355,0,-65.2748,19.0228,0,-85.9067,15.2984,4.12929,66.5778,-75.6686,18.8655,
0.7,0.606726,0.771823,-87.4293,100.731,-13.6567,12.3773,0,-65.075,18.9673,0,-86.0508,15.3118,4.1384,66.3893,-75.447,18.8108,
0.7,0.606723,0.771603,-87.4819,100.577,-13.6916,12.3847,0,-64.9649,18.9383,0,-86.1046,15.3097,4.14309,66.2906,-75.3297,18.7819,
0.7,0.606724,0.771144,-88.0028,99.6478,-13.7994,12.4585,0,-64.3455,18.7638,0,-86.6194,15.3896,4.16994,65.6835,-74.6287,18.6079,
0.7,0.606728,0.770927,-87.8136,99.6805,-13.7949,12.4324,0,-64.3534,18.7693,0,-86.4354,15.3441,4.16336,65.707,-74.6514,18.6138,
0.7,0.606728,0.770706,-87.5867,99.8243,-13.7852,12.4018,0,-64.4364,18.7965,0,-86.2142,15.2932,4.1548,65.8042,-74.7568,18.6405,
0.7,0.606723,0.770485,-87.6348,99.674,-13.8197,12.4101,0,-64.3287,18.7684,0,-86.2634,15.2909,4.15914,65.7068,-74.6427,18.6122,
0.7,0.606722,0.770264,-87.5408,99.5904,-13.8306,12.3979,0,-64.2643,18.7529,0,-86.1728,15.2638,4.15676,65.6543,-74.5777,18.5964,
0.7,0.606726,0.770028,-87.5955,99.3263,-13.8653,12.4064,0,-64.083,18.7031,0,-86.2288,15.2619,4.16157,65.4838,-74.3766,18.5468,
0.7,0.606783,0.769808,-87.074,99.2654,-13.8211,12.34,0,-64.0328,18.6915,0,-85.7195,15.1483,4.14118,65.446,-74.3287,18.5352,
0.7,0.606782,0.769543,-87.5115,99.0944,-13.9181,12.4025,0,-63.9518,18.673,0,-86.1522,15.2133,4.16413,65.3398,-74.1949,18.5028,
0.7,0.606789,0.769086,-88.458,97.6611,-14.094,12.5378,0,-63.0087,18.4036,0,-87.0863,15.3653,4.2116,64.4013,-73.1159,18.2346,
0.7,0.606793,0.76887,-87.8372,98.2249,-14.0206,12.4521,0,-63.3596,18.5086,0,-86.4772,15.2454,4.18437,64.7752,-73.5359,18.3397,
0.7,0.606798,0.76865,-87.6777,98.2443,-14.02,12.4303,0,-63.3617,18.5119,0,-86.3223,15.2059,4.17906,64.7898,-73.5488,18.3432,
0.7,0.6068,0.768431,-87.6609,98.1435,-14.0441,12.4277,0,-63.2864,18.4926,0,-86.3078,15.1916,4.18047,64.7259,-73.4709,18.3241,
0.7,0.606804,0.768194,-87.7256,97.8785,-14.0793,12.4376,0,-63.1046,18.4423,0,-86.3737,15.1912,4.1858,64.5548,-73.2691,18.2743,
0.7,0.606812,0.767974,-87.6448,97.7865,-14.0913,12.4271,0,-63.0341,18.4246,0,-86.2963,15.1646,4.18437,64.4968,-73.1978,18.2569,
0.7,0.606815,0.767755,-87.6214,97.7099,-14.1136,12.4249,0,-62.9732,18.4097,0,-86.2752,15.1495,4.1854,64.4489,-73.1381,18.2424,
0.7,0.606817,0.767537,-87.6074,97.5862,-14.1386,12.4228,0,-62.8814,18.3859,0,-86.2634,15.1362,4.18682,64.3692,-73.0437,18.2191,
0.7,0.606815,0.767303,-87.5456,97.531,-14.1561,12.4137,0,-62.8341,18.3749,0,-86.2045,15.1146,4.18599,64.3367,-72.9988,18.2085,
0.7,0.606822,0.767084,-87.4764,97.3834,-14.1711,12.4047,0,-62.728,18.3472,0,-86.1386,15.09,4.18513,64.2422,-72.8856,18.1807,
0.7,0.606824,0.766866,-87.4107,97.3512,-14.2143,12.395,0,-62.6962,18.3409,0,-86.078,15.0556,4.18644,64.223,-72.8596,18.1745,
0.7,0.606825,0.766647,-87.3259,97.3109,-14.2289,12.3821,0,-62.6595,18.333,0,-85.9967,15.0283,4.18483,64.1994,-72.8267,18.1667,
0.7,0.606829,0.766155,-88.0201,96.1841,-14.369,12.4819,0,-61.9164,18.1217,0,-86.6825,15.1354,4.22048,63.4653,-71.975,17.9556,
0.7,0.606832,0.765938,-87.9025,96.1578,-14.3764,12.4652,0,-61.8878,18.1161,0,-86.5688,15.1031,4.21717,63.4504,-71.9529,17.9505,
0.7,0.606835,0.765701,-87.9695,95.9238,-14.4139,12.4746,0,-61.7282,18.0724,0,-86.6369,15.1025,4.22271,63.2994,-71.7748,17.9065,
0.7,0.606837,0.765486,-87.8282,95.9404,-14.4189,12.4536,0,-61.7247,18.0745,0,-86.5,15.0657,4.21836,63.3128,-71.785,17.9094,
0.7,0.606841,0.765268,-87.6624,95.9698,-14.4186,12.4314,0,-61.7331,18.0798,0,-86.3388,15.0252,4.21272,63.3351,-71.8043,17.9146,
0.7,0.606844,0.765091,-87.3499,96.1991,-14.394,12.3871,0,-61.8644,18.1212,0,-86.033,14.9604,4.19988,63.4868,-71.9754,17.9574,
0.7,0.606844,0.764812,-87.8573,95.4791,-14.505,12.4591,0,-61.3981,17.988,0,-86.5347,15.0362,4.22641,63.0183,-71.4307,17.8224,
0.7,0.606846,0.764599,-87.7748,95.3963,-14.5179,12.4476,0,-61.3305,17.9712,0,-86.4553,15.0112,4.22455,62.9665,-71.3661,17.8067,
0.7,0.606854,0.764382,-87.6963,95.2912,-14.5322,12.4366,0,-61.2516,17.9508,0,-86.3801,14.9858,4.22308,62.9002,-71.2846,17.7868,
0.7,0.606858,0.764165,-87.6569,95.2159,-14.552,12.4304,0,-61.1921,17.9363,0,-86.3434,14.9677,4.22337,62.8535,-71.2255,17.7725,
0.7,0.606859,0.763929,-87.7736,94.951,-14.5982,12.4463,0,-61.0139,17.887,0,-86.4603,14.9762,4.23121,62.683,-71.0234,17.7227,
0.7,0.606864,0.763715,-87.6902,94.8642,-14.6112,12.4338,0,-60.9443,17.8694,0,-86.3802,14.9506,4.22939,62.6276,-70.9566,17.7064,
0.7,0.606873,0.763498,-87.5827,94.8023,-14.6192,12.4191,0,-60.8943,17.8577,0,-86.2766,14.9192,4.22673,62.5897,-70.9075,17.6945,
0.7,0.606876,0.76328,-87.5878,94.693,-14.6467,12.4193,0,-60.8138,17.8367,0,-86.2837,14.9081,4.22928,62.5205,-70.823,17.6739,
0.7,0.606875,0.763042,-87.7708,94.3655,-14.7049,12.4442,0,-60.5955,17.7759,0,-86.4661,14.9275,4.24038,62.3087,-70.5741,17.6124,
0.7,0.606879,0.76309,-85.8224,96.538,-14.4056,12.1669,0,-61.9396,18.1716,0,-84.5485,14.5853,4.14834,63.727,-72.2127,18.0191,
0.7,0.606883,0.762873,-86.0023,96.199,-14.4812,12.1917,0,-61.7105,18.1078,0,-84.7273,14.6071,4.15873,63.5064,-71.9561,17.9555,
0.7,0.606893,0.762656,-86.112,95.8746,-14.5332,12.2078,0,-61.4913,18.0464,0,-84.8399,14.5999,4.16902,63.2956,-71.7104,17.8947,
0.7,0.60689,0.762439,-86.421,95.4889,-14.6131,12.2513,0,-61.2331,17.9734,0,-85.1462,14.6412,4.18612,63.0445,-71.4188,17.8224,
0.7,0.606898,0.761987,-87.7638,93.5969,-14.8676,12.4417,0,-59.999,17.6166,0,-86.4715,14.8561,4.25359,61.8027,-69.997,17.4687,
0.7,0.606901,0.761768,-87.3298,93.9657,-14.821,12.3808,0,-60.2254,17.6854,0,-86.0459,14.7711,4.23479,62.0497,-70.2695,17.5372,
0.7,0.606907,0.761528,-87.4962,93.592,-14.8759,12.4041,0,-59.9785,17.6152,0,-86.2119,14.7874,4.24514,61.8081,-69.9854,17.467,
0.7,0.606908,0.76131,-87.4868,93.4936,-14.9031,12.402,0,-59.9023,17.5954,0,-86.2046,14.7742,4.24692,61.746,-69.909,17.4484,
0.7,0.606913,0.761086,-87.5444,93.2362,-14.9396,12.4102,0,-59.7283,17.5467,0,-86.2634,14.7721,4.25199,61.5803,-69.7127,17.4,
0.7,0.606923,0.760862,-87.4383,93.1681,-14.9483,12.3959,0,-59.6761,17.534,0,-86.1611,14.7411,4.24936,61.5398,-69.6577,17.3869,
0.7,0.606926,0.760615,-87.6449,92.8137,-15.0112,12.4245,0,-59.4437,17.4685,0,-86.3667,14.7645,4.26162,61.3119,-69.3871,17.3203,
0.7,0.606925,0.760395,-87.6032,92.754,-15.0339,12.4171,0,-59.3939,17.4569,0,-86.3275,14.7463,4.26174,61.2763,-69.339,17.3088,
0.7,0.606927,0.760173,-87.4685,92.7348,-15.0681,12.399,0,-59.3729,17.4537,0,-86.1987,14.7012,4.25951,61.268,-69.3206,17.3048,
0.7,0.606931,0.759733,-88.0964,91.7162,-15.2039,12.4877,0,-58.7017,17.2621,0,-86.8197,14.7943,4.29248,60.6037,-68.5513,17.1141,
0.7,0.606928,0.759496,-88.0754,91.6347,-15.2296,12.485,0,-58.6391,17.2468,0,-86.8009,14.7794,4.29365,60.5547,-68.486,17.0985,
0.7,0.60693,0.759276,-88.0377,91.4844,-15.252,12.4791,0,-58.5331,17.2189,0,-86.7658,14.7599,4.29434,60.4597,-68.3697,17.07,
0.7,0.606933,0.759056,-87.9578,91.407,-15.266,12.4684,0,-58.4749,17.2023,0,-86.6891,14.7345,4.29276,60.4131,-68.3077,17.0552,
0.7,0.60694,0.758816,-87.987,91.1766,-15.2988,12.4722,0,-58.3212,17.16,0,-86.7201,14.7266,4.29666,60.2666,-68.1303,17.0118,
0.7,0.606946,0.758599,-87.9168,91.1162,-15.3139,12.4625,0,-58.2702,17.1479,0,-86.653,14.7029,4.29553,60.2302,-68.0819,17.0002,
0.7,0.60695,0.75838,-87.8961,91.007,-15.3382,12.4609,0,-58.191,17.1278,0,-86.6345,14.6876,4.29679,60.1623,-67.9963,16.9794,
0.7,0.606957,0.758161,-87.8517,90.875,-15.3579,12.4548,0,-58.0969,17.1031,0,-86.5926,14.6694,4.2967,60.0794,-67.8937,16.9545,
0.7,0.606962,0.757922,-87.9666,90.5883,-15.4044,12.4717,0,-57.9067,17.0488,0,-86.7078,14.6776,4.30443,59.8954,-67.6745,16.9005,
0.7,0.60697,0.757708,-87.8625,90.5382,-15.4124,12.4575,0,-57.8617,17.0384,0,-86.6072,14.6486,4.30159,59.8661,-67.6335,16.8908,
0.7,0.606975,0.757492,-87.8242,90.4536,-15.4324,12.4538,0,-57.7973,17.0229,0,-86.5713,14.6312,4.30184,59.8146,-67.5664,16.8747,
0.7,0.606976,0.757276,-87.828,90.3388,-15.462,12.4538,0,-57.7143,17.0018,0,-86.5769,14.6215,4.30402,59.7428,-67.477,16.853,
0.7,0.606982,0.757059,-87.6852,90.3158,-15.4636,12.4341,0,-57.69,16.9979,0,-86.4379,14.5871,4.29907,59.7317,-67.456,16.8483,
0.7,0.606989,0.756825,-87.7849,90.0145,-15.5081,12.4484,0,-57.4877,16.9415,0,-86.5382,14.5922,4.30616,59.5376,-67.2262,16.7917,
0.7,0.606993,0.756608,-87.7844,89.9047,-15.536,12.4488,0,-57.4075,16.9212,0,-86.5395,14.5816,4.30817,59.4686,-67.1409,16.7709,
0.7,0.606996,0.756392,-87.7482,89.7989,-15.5559,12.4349,0,-57.3298,16.9015,0,-86.5058,14.5638,4.30865,59.4029,-67.058,16.7508,
0.7,0.607001,0.755945,-88.438,88.7163,-15.7063,12.5321,0,-56.618,16.6978,0,-87.1878,14.6673,4.34464,58.6961,-66.2411,16.5481,
0.7,0.607018,0.755729,-87.8183,89.1694,-15.6515,12.4432,0,-56.8973,16.7833,0,-86.5809,14.541,4.31874,59.0001,-66.5756,16.6323,
0.7,0.607023,0.75551,-87.7637,89.1532,-15.6716,12.4343,0,-56.8773,16.7803,0,-86.529,14.5206,4.31824,58.9934,-66.5599,16.6289,
0.7,0.60703,0.755293,-87.739,89.0007,-15.6945,12.4303,0,-56.7705,16.7518,0,-86.5066,14.5051,4.31923,58.8969,-66.4419,16.6001,
0.7,0.607037,0.755059,-87.8166,88.7514,-15.7357,12.4409,0,-56.602,16.7048,0,-86.585,14.5064,4.32526,58.7373,-66.2509,16.5531,
0.7,0.607049,0.754842,-87.7307,88.656,-15.7477,12.4288,0,-56.5316,16.687,0,-86.5025,14.4799,4.3234,58.6787,-66.1755,16.535,
0.7,0.607056,0.754625,-87.6583,88.6206,-15.7639,12.4174,0,-56.4991,16.6803,0,-86.4329,14.457,4.32194,58.6592,-66.1454,16.528,
0.7,0.607061,0.754388,-87.8172,88.3044,-15.8211,12.4399,0,-56.2904,16.6214,0,-86.5916,14.4716,4.33202,58.4556,-65.9043,16.4686,
0.7,0.607067,0.754175,-87.7554,88.2128,-15.8379,12.4311,0,-56.2195,16.6028,0,-86.5325,14.4502,4.33112,58.399,-65.8323,16.4512,
0.7,0.607076,0.753958,-87.6567,88.1417,-15.8475,12.4176,0,-56.1649,16.5893,0,-86.4372,14.4218,4.3286,58.3563,-65.7751,16.4375,
0.7,0.607082,0.753741,-87.669,87.9986,-15.878,12.419,0,-56.0643,16.5621,0,-86.4513,14.4126,4.33135,58.2656,-65.6646,16.4105,
0.7,0.607089,0.753524,-87.6705,87.8379,-15.905,12.4201,0,-55.9529,16.5317,0,-86.4548,14.4012,4.33367,58.164,-65.5405,16.3801,
0.7,0.607093,0.75329,-87.6884,87.6967,-15.9358,12.4229,0,-55.8536,16.505,0,-86.4743,14.3927,4.33677,58.0762,-65.4299,16.3533,
0.7,0.607056,0.753072,-88.0258,87.5492,-16.0581,12.4728,0,-55.7509,16.4771,0,-86.8088,14.4362,4.3557,57.9833,-65.3155,16.3254,
0.7,0.607113,0.752855,-87.5368,87.0772,-15.9909,12.4012,0,-55.4413,16.3879,0,-86.3308,14.3327,4.33603,57.6755,-64.9589,16.237,
0.7,0.607119,0.752618,-87.7147,87.1557,-16.051,12.4265,0,-55.4845,16.4028,0,-86.5081,14.35,4.3471,57.7332,-65.0123,16.2512,
0.7,0.607123,0.752405,-87.6311,87.1357,-16.0645,12.4146,0,-55.46,16.3975,0,-86.4275,14.3252,4.3451,57.7246,-64.9931,16.2471,
0.7,0.607134,0.752188,-87.56,86.9896,-16.0799,12.4032,0,-55.3583,16.3695,0,-86.3595,14.3016,4.34389,57.6329,-64.8796,16.2194,
0.7,0.607142,0.751971,-87.5505,86.8739,-16.1055,12.4018,0,-55.2763,16.3476,0,-86.352,14.289,4.34555,57.5613,-64.7886,16.1974,
0.7,0.607151,0.751518,-88.7836,85.1806,-16.3599,12.5768,0,-54.1826,16.0287,0,-87.5701,14.4785,4.409,56.4502,-63.516,15.8808,
0.7,0.607166,0.751301,-88.1393,85.7152,-16.2684,12.4852,0,-54.514,16.1292,0,-86.937,14.3595,4.3797,56.8096,-63.9099,15.98,
0.7,0.607166,0.751086,-88.0853,85.7218,-16.2856,12.4799,0,-54.5088,16.1303,0,-86.8851,14.342,4.37867,56.819,-63.9103,15.9809,
0.7,0.607182,0.75087,-87.8334,85.7203,-16.2657,12.4438,0,-54.498,16.1296,0,-86.6388,14.2885,4.36856,56.8224,-63.9051,15.9802,
0.7,0.607192,0.750638,-87.8954,85.5173,-16.3047,12.4532,0,-54.3593,16.091,0,-86.7019,14.2872,4.37383,56.6937,-63.7484,15.9419,
0.7,0.607206,0.75042,-87.8115,85.427,-16.3167,12.4419,0,-54.2932,16.0741,0,-86.6211,14.2615,4.37197,56.639,-63.6764,15.9246,
0.7,0.607211,0.750202,-87.7906,85.3711,-16.3415,12.4386,0,-54.2492,16.064,0,-86.6023,14.2469,4.37309,56.6068,-63.6303,15.9138,
0.7,0.607219,0.749987,-87.7611,85.2276,-16.365,12.4339,0,-54.1497,16.0374,0,-86.5751,14.2312,4.37372,56.5168,-63.5187,15.8866,
0.7,0.607227,0.749777,-87.7049,85.1494,-16.3822,12.4262,0,-54.0883,16.0222,0,-86.5214,14.211,4.37305,56.4697,-63.4561,15.8716,
0.7,0.607235,0.749544,-87.8102,84.8587,-16.43,12.4415,0,-53.8967,15.9684,0,-86.6274,14.2154,4.38073,56.2831,-63.2338,15.8169,
0.7,0.60724,0.749332,-87.7807,84.7674,-16.4539,12.4376,0,-53.8292,15.9512,0,-86.6001,14.1998,4.38135,56.2276,-63.1612,15.7995,
0.7,0.607246,0.749118,-87.6922,84.7254,-16.4651,12.4251,0,-53.7929,15.9436,0,-86.5146,14.1743,4.37908,56.2045,-63.1257,15.7913,
0.7,0.607251,0.748888,-87.8027,84.4372,-16.5139,12.4407,0,-53.6007,15.8897,0,-86.6255,14.1808,4.38678,56.0195,-62.9053,15.7371,
0.7,0.607255,0.748674,-87.6442,84.4792,-16.5128,12.4178,0,-53.6189,15.8985,0,-86.471,14.1441,4.38099,56.0528,-62.9316,15.7444,
0.7,0.607267,0.74846,-87.5106,84.4144,-16.546,12.3961,0,-53.5694,15.8872,0,-86.343,14.0991,4.37881,56.0155,-62.8782,15.7319,
0.7,0.607274,0.748037,-88.407,83.1621,-16.7441,12.5223,0,-52.7545,15.6513,0,-87.2295,14.2318,4.42593,55.1952,-61.9358,15.4976,
0.7,0.607281,0.747804,-88.0029,83.4481,-16.6966,12.465,0,-52.9291,15.7062,0,-86.8328,14.1549,4.40798,55.392,-62.1426,15.5504,
0.7,0.607293,0.747591,-87.807,83.4726,-16.6886,12.4357,0,-52.9354,15.7113,0,-86.6415,14.1108,4.40059,55.414,-62.1556,15.5545,
0.7,0.607297,0.747378,-87.802,83.3844,-16.7168,12.4339,0,-52.8707,15.6953,0,-86.6385,14.0981,4.40262,55.3613,-62.0846,15.5376,
0.7,0.607256,0.747167,-88.1266,83.3107,-16.8125,12.4813,0,-52.813,15.6809,0,-86.9585,14.1519,4.41858,55.3177,-62.0249,15.5234,
0.7,0.607266,0.746932,-88.1768,82.6424,-16.8509,12.4887,0,-52.384,15.5565,0,-87.01,14.148,4.42338,54.8812,-61.5209,15.3983,
0.7,0.607275,0.746716,-88.0883,82.5947,-16.8624,12.4752,0,-52.3463,15.5483,0,-86.9246,14.1224,4.42114,54.8556,-61.4797,15.3889,
0.7,0.607282,0.746502,-88.0096,82.5506,-16.8773,12.4622,0,-52.3103,15.5403,0,-86.8487,14.0982,4.4194,54.8323,-61.4416,15.3802,
0.7,0.607288,0.746273,-88.0738,82.3274,-16.9178,12.4705,0,-52.16,15.4985,0,-86.9138,14.0982,4.42461,54.6908,-61.2694,15.3381,
0.7,0.607294,0.746061,-88.0034,82.2591,-16.9327,12.4603,0,-52.1082,15.486,0,-86.846,14.0765,4.42307,54.6514,-61.2132,15.3249,
0.7,0.607302,0.745849,-87.9189,82.1758,-16.9444,12.4484,0,-52.0469,15.4707,0,-86.7644,14.0517,4.42098,54.6021,-61.1457,15.3088,
0.7,0.607305,0.745637,-87.916,82.0899,-16.9736,12.4466,0,-51.9842,15.455,0,-86.7633,14.0408,4.42284,54.5511,-61.0764,15.2923,
0.7,0.607312,0.745408,-87.9426,81.8591,-17.0062,12.4499,0,-51.8294,15.4119,0,-86.7914,14.0338,4.42634,54.4044,-60.8986,15.2488,
0.7,0.607319,0.745195,-87.8925,81.7642,-17.024,12.4413,0,-51.7613,15.3946,0,-86.7437,14.0147,4.42596,54.3475,-60.8224,15.2306,
0.7,0.607329,0.744983,-87.8073,81.6796,-17.0351,12.4284,0,-51.6993,15.3794,0,-86.6616,13.9889,4.42401,54.2974,-60.7539,15.2143,
0.7,0.607333,0.744772,-87.8091,81.5881,-17.0653,12.4268,0,-51.6328,15.3625,0,-86.6652,13.9782,4.42621,54.2428,-60.6802,15.1968,
0.7,0.607342,0.744565,-87.6726,81.5526,-17.0663,12.4071,0,-51.5988,15.3553,0,-86.5323,13.9451,4.42152,54.2248,-60.6488,15.1897,
0.7,0.607349,0.744334,-87.8098,81.2409,-17.1209,12.4254,0,-51.3954,15.2978,0,-86.6696,13.9562,4.4305,54.025,-60.4103,15.1311,
0.7,0.607363,0.744122,-87.5376,81.352,-17.1247,12.3851,0,-51.4573,15.3197,0,-86.4044,13.891,4.42097,54.1054,-60.487,15.1512,
0.7,0.60737,0.74391,-87.512,81.2803,-17.1472,12.381,0,-51.4038,15.3074,0,-86.3809,13.8765,4.42168,54.0642,-60.4279,15.1373,
0.7,0.607379,0.74347,-88.5476,79.8129,-17.3783,12.5274,0,-50.4599,15.0329,0,-87.4048,14.0297,4.47611,53.1017,-59.3246,14.8629,
0.7,0.607387,0.743258,-88.047,80.2264,-17.3084,12.4571,0,-50.7135,15.112,0,-86.9125,13.9398,4.45285,53.3835,-59.6259,14.9394,
0.7,0.607399,0.743045,-87.8644,80.2252,-17.3016,12.4302,0,-50.705,15.113,0,-86.7341,13.8995,4.4458,53.3896,-59.6188,14.9386,
0.7,0.607406,0.742813,-87.9625,80.0016,-17.3499,12.4434,0,-50.5576,15.0725,0,-86.8327,13.9041,4.45286,53.2482,-59.446,14.8964,
0.7,0.607418,0.742606,-87.8465,79.9313,-17.3548,12.4275,0,-50.5022,15.0593,0,-86.72,13.8745,4.44915,53.2079,-59.3878,14.8828,
0.7,0.607429,0.742394,-87.7841,79.852,-17.3703,12.4195,0,-50.4437,15.0454,0,-86.6602,13.8537,4.4481,53.1619,-59.3227,14.8674,
0.7,0.607444,0.742182,-87.6881,79.774,-17.3781,12.4061,0,-50.3863,15.0317,0,-86.5673,13.8267,4.44551,53.1167,-59.2587,14.8524,
0.7,0.607451,0.74195,-87.8374,79.5131,-17.4369,12.4266,0,-50.2158,14.9841,0,-86.7164,13.8397,4.45509,52.9509,-59.0577,14.8031,
0.7,0.60746,0.741743,-87.7225,79.4778,-17.4418,12.41,0,-50.1831,14.9773,0,-86.6047,13.8111,4.45129,52.934,-59.0255,14.796,
0.7,0.607468,0.741533,-87.7027,79.3549,-17.4661,12.4081,0,-50.0975,14.9549,0,-86.5869,13.797,4.45237,52.8588,-58.9282,14.7726,
0.7,0.607471,0.741325,-87.7131,79.2483,-17.4989,12.4084,0,-50.0215,14.9353,0,-86.5988,13.7885,4.45486,52.7941,-58.8432,14.7522,
0.7,0.607481,0.741097,-87.8119,78.9138,-17.547,12.422,0,-49.8039,14.8733,0,-86.6982,13.7926,4.46207,52.5789,-58.588,14.6893,
0.7,0.607487,0.740893,-87.7462,78.8669,-17.5626,12.412,0,-49.7629,14.864,0,-86.635,13.772,4.46071,52.5538,-58.5475,14.6801,
0.7,0.607497,0.740684,-87.6034,78.8648,-17.5622,12.392,0,-49.7534,14.864,0,-86.4958,13.7386,4.45554,52.5592,-58.5398,14.6791,
0.7,0.607516,0.740475,-87.4653,78.7711,-17.5918,12.3727,0,-49.6861,14.8471,0,-86.363,13.6946,4.4528,52.5033,-58.4643,14.6611,
0.7,0.607526,0.740266,-87.4569,78.7075,-17.6202,12.3705,0,-49.6382,14.836,0,-86.3563,13.6828,4.45439,52.4677,-58.4109,14.6487,
0.7,0.607539,0.739837,-88.1948,77.5782,-17.7976,12.476,0,-48.9097,14.6246,0,-87.0868,13.7864,4.49425,51.7306,-57.5585,14.4372,
0.7,0.607553,0.739631,-87.6727,77.9998,-17.7198,12.4028,0,-49.1663,14.7046,0,-86.5732,13.693,4.46991,52.0182,-57.8655,14.5152,
0.7,0.607563,0.739426,-87.5555,78.0028,-17.7219,12.3872,0,-49.1588,14.706,0,-86.4593,13.6634,4.46609,52.0265,-57.862,14.5152,
0.7,0.607576,0.7392,-87.643,77.701,-17.7699,12.3987,0,-48.9619,14.6508,0,-86.5473,13.6666,4.47255,51.8328,-57.6312,14.4584,
0.7,0.607589,0.738997,-87.5009,77.7161,-17.7685,12.3789,0,-48.9603,14.6538,0,-86.4086,13.6343,4.46725,51.8492,-57.6366,14.4607,
0.7,0.607606,0.738791,-87.431,77.6061,-17.7816,12.368,0,-48.8825,14.6345,0,-86.3414,13.6126,4.46575,51.7822,-57.5493,14.4397,
0.7,0.607616,0.738584,-87.4172,77.5307,-17.8056,12.3655,0,-48.8263,14.6216,0,-86.3293,13.6005,4.46697,51.7383,-57.4875,14.4251,
0.7,0.60763,0.738364,-87.4824,77.2571,-17.845,12.3747,0,-48.6444,14.5709,0,-86.3954,13.6001,4.47232,51.5627,-57.2783,14.3737,
0.7,0.607643,0.73816,-87.4214,77.1892,-17.8604,12.3656,0,-48.5921,14.5588,0,-86.3367,13.5807,4.4711,51.5234,-57.2224,14.3605,
0.7,0.60766,0.737956,-87.3482,77.0827,-17.8717,12.3544,0,-48.5157,14.5398,0,-86.2662,13.5579,4.46954,51.4584,-57.138,14.3402,
0.7,0.607671,0.737751,-87.3188,77.0241,-17.8932,12.349,0,-48.4701,14.5298,0,-86.2389,13.5427,4.47007,51.4256,-57.0888,14.3288,
0.7,0.607685,0.73753,-87.4059,76.7319,-17.9382,12.3601,0,-48.2773,14.4755,0,-86.3267,13.5455,4.4766,51.2374,-56.8659,14.2738,
0.7,0.6077,0.737324,-87.3331,76.6566,-17.9506,12.35,0,-48.2218,14.462,0,-86.2565,13.5231,4.47499,51.1935,-56.8043,14.2593,
0.7,0.607715,0.737119,-87.3022,76.5406,-17.9725,12.3444,0,-48.1403,14.4407,0,-86.2277,13.5075,4.47548,51.1222,-56.7128,14.2372,
0.7,0.60773,0.736914,-87.22,76.481,-17.9825,12.332,0,-48.0937,14.4302,0,-86.1484,13.4827,4.47359,51.0886,-56.6629,14.2256,
0.7,0.607732,0.736701,-87.3816,76.27,-18.0434,12.3481,0,-47.9461,14.3889,0,-86.3094,13.5012,4.48313,50.9539,-56.5008,14.1858,
0.7,0.607747,0.736495,-87.3396,76.0447,-18.0617,12.3431,0,-47.7956,14.3473,0,-86.2696,13.4836,4.4831,50.8099,-56.328,14.1434,
0.7,0.607761,0.736289,-87.31,75.9296,-18.0839,12.338,0,-47.7147,14.3265,0,-86.242,13.4685,4.48361,50.7394,-56.2369,14.1215,
0.7,0.60778,0.736084,-87.2388,75.8203,-18.0958,12.3274,0,-47.6376,14.3072,0,-86.1736,13.4457,4.48222,50.6728,-56.15,14.1006,
0.7,0.607793,0.735862,-87.2865,75.6634,-18.1335,12.3336,0,-47.5304,14.2782,0,-86.2225,13.4423,4.48673,50.5752,-56.0273,14.0708,
0.7,0.60783,0.735656,-86.912,75.7339,-18.0918,12.2891,0,-47.5664,14.2921,0,-85.8566,13.3591,4.47238,50.6288,-56.0735,14.0834,
0.7,0.607849,0.735248,-87.3526,75.1216,-18.2099,12.3508,0,-47.1619,14.1765,0,-86.2938,13.4146,4.4974,50.2318,-55.6089,13.9685,
0.7,0.607869,0.735023,-87.31,74.9383,-18.2283,12.3441,0,-47.0406,14.1429,0,-86.2535,13.3968,4.49737,50.1167,-55.4664,13.9338,
0.7,0.607892,0.734818,-87.2024,74.8627,-18.2316,12.3303,0,-46.9849,14.1288,0,-86.1491,13.3683,4.49412,50.0726,-55.4045,13.9192,
0.7,0.607915,0.734614,-87.0923,74.8312,-18.2341,12.315,0,-46.9571,14.1233,0,-86.0422,13.3396,4.49071,50.0581,-55.3752,13.9128,
0.7,0.607937,0.734409,-86.9575,74.8395,-18.233,12.2953,0,-46.9541,14.1249,0,-85.9108,13.3076,4.48593,50.07,-55.3755,13.9138,
0.7,0.607984,0.734207,-86.5868,74.8909,-18.2083,12.2435,0,-46.9759,14.1336,0,-85.5483,13.2265,4.47146,50.1106,-55.4079,13.9228,
0.7,0.608004,0.733778,-87.0963,74.2685,-18.3422,12.3156,0,-46.5709,14.0163,0,-86.0534,13.2932,4.4999,49.7077,-54.9349,13.806,
0.7,0.608023,0.733575,-86.9492,74.2412,-18.3397,12.2943,0,-46.5453,14.0112,0,-85.9098,13.2599,4.49437,49.6956,-54.9091,13.8004,
0.7,0.608048,0.733357,-86.9286,74.03,-18.3612,12.2916,0,-46.404,13.971,0,-85.8913,13.2447,4.49563,49.561,-54.7467,13.7605,
0.7,0.60807,0.733154,-86.7825,74.0747,-18.3566,12.2722,0,-46.4239,13.9794,0,-85.7487,13.2112,4.49023,49.5972,-54.774,13.7683,
0.7,0.608094,0.73295,-86.6657,74.0189,-18.3575,12.2568,0,-46.3808,13.9689,0,-85.6352,13.1815,4.48646,49.5661,-54.7269,13.7574,
0.7,0.608119,0.732746,-86.5105,74.0489,-18.3533,12.2318,0,-46.3915,13.9748,0,-85.4836,13.1465,4.4806,49.5926,-54.7432,13.7625,
0.7,0.608167,0.732542,-86.2966,73.8699,-18.3571,12.2042,0,-46.2712,13.9409,0,-85.2759,13.0904,4.47404,49.479,-54.6052,13.7287,
0.7,0.608192,0.732121,-86.8663,73.2149,-18.5031,12.285,0,-45.8436,13.817,0,-85.8407,13.1655,4.50576,49.0533,-54.1091,13.6058,
0.7,0.608215,0.731918,-86.6896,73.2057,-18.4916,12.259,0,-45.8292,13.8153,0,-85.6678,13.1278,4.49868,49.0532,-54.0966,13.6036,
0.7,0.60824,0.731667,-86.8991,72.7536,-18.5611,12.2879,0,-45.5704,13.7414,0,-85.8766,13.1473,4.51188,48.7605,-53.7533,13.5188,
0.7,0.608265,0.731445,-86.9587,72.5085,-18.5986,12.2963,0,-45.4105,13.6955,0,-85.9373,13.1452,4.51712,48.6034,-53.5657,13.4726,
0.7,0.60829,0.731245,-86.8271,72.4866,-18.5956,12.2788,0,-45.3859,13.6902,0,-85.809,13.1141,4.51241,48.5948,-53.5439,13.468,
0.7,0.608316,0.731042,-86.7542,72.4074,-18.6063,12.2676,0,-45.3284,13.6753,0,-85.7386,13.0925,4.51066,48.5482,-53.4794,13.4528,
0.7,0.608344,0.730837,-86.6741,72.3125,-18.6143,12.2557,0,-45.2611,13.6574,0,-85.6613,13.0685,4.50878,48.4911,-53.4032,13.4346,
0.7,0.608372,0.730633,-86.613,72.2239,-18.6262,12.2468,0,-45.1978,13.6405,0,-85.6026,13.0483,4.50769,48.4381,-53.3319,13.4176,
0.7,0.6084,0.730414,-86.6504,72.0037,-18.6596,12.2529,0,-45.0513,13.5988,0,-85.6413,13.0431,4.51172,48.2974,-53.1629,13.3761,
0.7,0.60843,0.730211,-86.5497,71.9297,-18.6636,12.2386,0,-44.9964,13.5847,0,-85.5435,13.0164,4.50868,48.2541,-53.1024,13.3618,
0.7,0.608459,0.730009,-86.4819,71.8569,-18.6735,12.2289,0,-44.9422,13.5709,0,-85.4783,12.9945,4.50739,48.2115,-53.0429,13.3477,
0.7,0.608495,0.729786,-86.5044,71.5874,-18.7022,12.2318,0,-44.767,13.5206,0,-85.5026,12.9848,4.51106,48.0378,-52.8375,13.2971,
0.7,0.608528,0.729583,-86.375,71.5999,-18.6988,12.2148,0,-44.7663,13.5232,0,-85.3765,12.9533,4.50662,48.0524,-52.8409,13.2988,
0.7,0.60856,0.729383,-86.2835,71.5356,-18.7047,12.2014,0,-44.7152,13.5103,0,-85.2878,12.9281,4.50405,48.0152,-52.7879,13.2864,
0.7,0.608594,0.729178,-86.1237,71.5679,-18.6939,12.1789,0,-44.7271,13.5164,0,-85.1317,12.8923,4.49797,48.0433,-52.8059,13.2918,
0.7,0.608661,0.728751,-86.3766,70.8421,-18.7968,12.2153,0,-44.258,13.3798,0,-85.3856,12.9055,4.51591,47.5696,-52.2579,13.1559,
0.7,0.608696,0.728552,-86.1553,70.9996,-18.7732,12.1845,0,-44.3454,13.4089,0,-85.1686,12.8602,4.50668,47.6813,-52.3686,13.1846,
0.7,0.608731,0.728309,-86.3276,70.5959,-18.834,12.2097,0,-44.0891,13.3341,0,-85.3408,12.8737,4.51803,47.4183,-52.0633,13.109,
0.7,0.608764,0.728143,-85.9548,70.8745,-18.7767,12.1576,0,-44.2513,13.3856,0,-84.9742,12.8057,4.50089,47.6101,-52.2644,13.1603,
0.7,0.608804,0.727879,-86.228,70.315,-18.8603,12.1975,0,-43.9002,13.2822,0,-85.2464,12.8327,4.5178,47.2434,-51.8435,13.0557,
0.7,0.608837,0.727677,-86.0661,70.3978,-18.8518,12.1744,0,-43.9414,13.2969,0,-85.0882,12.7965,4.51165,47.3051,-51.8989,13.0705,
0.7,0.608874,0.727307,-86.1916,70.0505,-18.9059,12.1905,0,-43.7043,13.2295,0,-85.2143,12.8022,4.52071,47.0823,-51.633,13.0051,
0.7,0.608947,0.727044,-86.14,69.4378,-18.9421,12.1875,0,-43.3197,13.1157,0,-85.1672,12.7685,4.52297,46.6793,-51.1733,12.8906,
0.7,0.60898,0.726843,-86.04,69.704,-18.9466,12.1747,0,-43.4754,13.165,0,-85.0702,12.7418,4.52,46.864,-51.3642,12.9395,
0.7,0.609015,0.726638,-85.9462,69.6362,-18.9507,12.163,0,-43.4251,13.1518,0,-84.9793,12.7152,4.51748,46.8246,-51.3086,12.9264,
0.7,0.609048,0.726434,-85.9249,69.5065,-18.9716,12.1603,0,-43.3359,13.127,0,-84.9601,12.6999,4.5187,46.7434,-51.2074,12.9018,
0.7,0.609086,0.726211,-85.9787,69.201,-19.008,12.1679,0,-43.1386,13.0695,0,-85.0154,12.6942,4.52413,46.5448,-50.9759,12.8445,
0.7,0.609121,0.726011,-85.8876,69.1803,-19.0145,12.1545,0,-43.1143,13.0647,0,-84.9271,12.6685,4.52167,46.5366,-50.9554,12.8402,
0.7,0.609155,0.725808,-85.7951,69.1232,-19.0193,12.142,0,-43.07,13.0537,0,-84.8376,12.642,4.51927,46.5042,-50.9078,12.8291,
0.7,0.609189,0.725603,-85.7708,68.9736,-19.0389,12.1389,0,-42.9685,13.0255,0,-84.8156,12.625,4.52055,46.4097,-50.792,12.8008,
0.7,0.609228,0.725379,-85.642,68.9457,-19.034,12.121,0,-42.945,13.0211,0,-84.6903,12.5921,4.51643,46.3979,-50.765,12.795,
0.7,0.609322,0.725175,-85.1068,68.7935,-18.9588,12.0487,0,-42.8422,12.9924,0,-84.1648,12.4885,4.49295,46.3016,-50.6473,12.7663,
0.7,0.60936,0.724975,-264.838,-149.382,-59.0712,37.4945,0,93.0061,-28.2103,0,-261.913,38.8207,13.9892,-100.554,109.967,-27.7203,
0.7,0.609393,0.724772,-229.318,-109.933,-51.2166,32.4663,0,68.4312,-20.7602,0,-226.79,33.5819,12.1192,-74.0092,80.9175,-20.399,
0.7,0.609428,0.724823,-200.528,-78.0315,-44.8485,28.3915,0,48.5352,-14.7259,0,-198.321,29.3384,10.6028,-52.5266,57.4414,-14.4799,
0.7,0.609465,0.724401,-177.247,-52.2004,-39.6921,25.0963,0,32.4548,-9.85078,0,-175.3,25.9067,9.37675,-35.148,38.4175,-9.68575,
0.7,0.609504,0.724197,-158.394,-31.3328,-35.5153,22.4283,0,19.4768,-5.91269,0,-156.658,23.1274,8.38395,-21.1,23.0572,-5.81355,
0.7,0.609544,0.723993,-143.02,-14.431,-32.109,20.2517,0,8.96869,-2.72313,0,-141.456,20.8599,7.57448,-9.71935,10.6184,-2.67745,
0.7,0.609582,0.723774,-130.59,-0.663569,-29.3567,18.4932,0,0.41231,-0.125209,0,-129.164,19.0282,6.91975,-0.446979,0.488194,-0.123109,
0.7,0.609619,0.723569,-120.523,10.4544,-27.1304,17.0665,0,-6.49456,1.97257,0,-119.21,17.5447,6.38953,7.043,-7.69055,1.93948,
0.7,0.609658,0.723363,-112.351,19.4459,-25.3231,15.9094,0,-12.078,3.66898,0,-111.13,16.3385,5.95947,13.1022,-14.3033,3.60741,
0.7,0.609698,0.723153,-105.713,26.7323,-23.857,14.9683,0,-16.6008,5.04371,0,-104.566,15.3565,5.61053,18.0143,-19.6603,4.9589,
0.7,0.609734,0.722924,-100.375,32.6351,-22.682,14.2148,0,-20.2631,6.15739,0,-99.288,14.5667,5.32995,21.9957,-23.9982,6.05357,
0.7,0.609771,0.72271,-96.0394,37.3711,-21.7307,13.5984,0,-23.2002,7.05086,0,-95.0017,13.9241,5.10231,25.1916,-27.4772,6.93172,
0.7,0.609809,0.722497,-92.5218,41.2035,-20.9621,13.1021,0,-25.5756,7.77383,0,-91.5241,13.4003,4.91807,27.7793,-30.2909,7.64218,
0.7,0.60985,0.722265,-89.6244,44.302,-20.3314,12.6916,0,-27.4959,8.35874,0,-88.6601,12.9663,4.76679,29.8735,-32.564,8.21644,
0.7,0.60989,0.722059,-87.2889,46.8396,-19.8286,12.3611,0,-29.0643,8.83673,0,-86.3516,12.616,4.64494,31.589,-34.4252,8.68669,
0.7,0.609933,0.721851,-85.3727,48.8717,-19.4175,12.0907,0,-30.3201,9.21914,0,-84.4579,12.3259,4.54549,32.9642,-35.9143,9.06315,
0.7,0.610018,0.721419,-83.6408,50.5048,-19.0707,11.846,0,-31.3231,9.52712,0,-82.7483,12.0501,4.45819,34.076,-37.1049,9.36512,
0.7,0.610065,0.721219,-82.4534,51.9507,-18.8242,11.6785,0,-32.2119,9.79894,0,-81.5756,11.8658,4.39742,35.0562,-38.1629,9.63284,
0.7,0.610109,0.721017,-81.4366,52.946,-18.6148,11.5352,0,-32.8227,9.98634,0,-80.5714,11.7073,4.34552,35.7325,-38.8895,9.81696,
0.7,0.610154,0.720815,-80.5898,53.789,-18.4437,11.4161,0,-33.3389,10.145,0,-79.7354,11.5732,4.30269,36.3063,-39.5042,9.97285,
0.7,0.610197,0.720615,-79.9148,54.4779,-18.3118,11.3206,0,-33.7591,10.2747,0,-79.0693,11.4646,4.26888,36.7762,-40.0056,10.1001,
0.7,0.610242,0.720395,-79.3444,55.0142,-18.205,11.2399,0,-34.0858,10.3762,0,-78.5067,11.3707,4.24071,37.1437,-40.3943,10.1991,
0.7,0.610284,0.720199,-78.9004,55.4555,-18.1253,11.1769,0,-34.3497,10.4587,0,-78.0691,11.2957,4.21915,37.4462,-40.7142,10.2805,
0.7,0.610328,0.720001,-78.5201,55.785,-18.0598,11.1235,0,-34.5464,10.5207,0,-77.6944,11.2294,4.20107,37.6734,-40.9516,10.3412,
0.7,0.610372,0.719785,-78.207,56.0557,-18.0092,11.0796,0,-34.7082,10.5723,0,-77.3864,11.1729,4.18655,37.8616,-41.1453,10.3909,
0.7,0.610417,0.71959,-77.9403,56.2659,-17.9695,11.0429,0,-34.8292,10.6114,0,-77.1242,11.1232,4.1745,38.0082,-41.2953,10.4295,
0.7,0.610466,0.719391,-77.6936,56.4331,-17.9354,11.0074,0,-34.9252,10.6437,0,-76.8819,11.0755,4.16366,38.1264,-41.4132,10.46,
0.7,0.610513,0.71919,-77.4991,56.5808,-17.9122,10.9804,0,-35.0092,10.6719,0,-76.6911,11.0355,4.15556,38.2311,-41.517,10.487,
0.7,0.610558,0.718988,-77.3618,56.6806,-17.9021,10.9611,0,-35.0633,10.691,0,-76.5571,11.004,4.15049,38.3036,-41.5854,10.505,
0.7,0.610607,0.71877,-77.2024,56.7321,-17.8836,10.9293,0,-35.0878,10.6987,0,-76.4011,10.9686,4.14435,38.3441,-41.618,10.5141,
0.7,0.610654,0.718566,-77.0889,56.801,-17.8789,10.9141,0,-35.1232,10.7121,0,-76.2907,10.9397,4.1407,38.3959,-41.6637,10.5264,
0.7,0.610698,0.718362,-77.0086,56.8303,-17.8818,10.9034,0,-35.1342,10.7184,0,-76.213,10.9145,4.139,38.4211,-41.6802,10.5314,
0.7,0.610742,0.718156,-76.9432,56.8309,-17.8884,10.8944,0,-35.1276,10.7193,0,-76.15,10.8932,4.13777,38.4269,-41.6756,10.531,
0.7,0.610786,0.717934,-76.8868,56.8186,-17.8989,10.8859,0,-35.1127,10.7175,0,-76.0959,10.8734,4.13699,38.4245,-41.661,10.5282,
0.7,0.610834,0.717727,-76.8106,56.7979,-17.9035,10.8752,0,-35.0928,10.7142,0,-76.0224,10.8493,4.13545,38.4161,-41.6407,10.5239,
0.7,0.61087,0.717519,-76.8691,56.7868,-17.9635,10.8812,0,-35.0786,10.7128,0,-76.0815,10.8493,4.14016,38.4141,-41.6274,10.5213,
0.7,0.610973,0.717312,-76.3064,56.6693,-17.8516,10.8053,0,-34.9988,10.6914,0,-75.5291,10.739,4.11574,38.3402,-41.5361,10.4991,
0.7,0.611017,0.717088,-76.3424,57.0656,-17.882,10.8103,0,-35.2359,10.767,0,-75.5664,10.7315,4.12007,38.6143,-41.8209,10.572,
0.7,0.61106,0.71667,-76.467,56.9459,-17.934,10.8281,0,-35.1481,10.747,0,-75.6916,10.7364,4.12919,38.5445,-41.7227,10.5488,
0.7,0.611104,0.716462,-76.5591,56.7494,-17.9782,10.8408,0,-35.0197,10.7111,0,-75.7846,10.7372,4.13648,38.417,-41.5736,10.512,
0.7,0.611148,0.716239,-76.5502,56.5965,-18.0003,10.8387,0,-34.9175,10.6832,0,-75.7775,10.7239,4.1383,38.3194,-41.4561,10.4831,
0.7,0.611198,0.716033,-76.4759,56.5341,-18.005,10.8289,0,-34.8712,10.6725,0,-75.7059,10.6999,4.13687,38.2824,-41.4054,10.4711,
0.7,0.611245,0.715826,-76.4355,56.526,-18.0175,10.8236,0,-34.8587,10.6722,0,-75.6678,10.6812,4.13717,38.2823,-41.3945,10.4691,
0.7,0.611294,0.71562,-76.3787,56.4896,-18.0256,10.8159,0,-34.8289,10.667,0,-75.6134,10.6604,4.13654,38.263,-41.3629,10.4619,
0.7,0.611343,0.715393,-76.332,56.4663,-18.0376,10.8088,0,-34.809,10.6645,0,-75.5689,10.6415,4.13637,38.2531,-41.3403,10.4571,
0.7,0.611392,0.715191,-76.2922,56.4343,-18.0503,10.8039,0,-34.7802,10.6592,0,-75.5313,10.6234,4.1366,38.2364,-41.3123,10.4507,
0.7,0.611445,0.714987,-76.2075,56.3966,-18.0517,10.792,0,-34.7493,10.6535,0,-75.4494,10.5977,4.13466,38.2159,-41.28,10.4433,
0.7,0.611492,0.714786,-76.1951,56.3958,-18.0708,10.79,0,-34.741,10.6544,0,-75.4389,10.5835,4.13637,38.2202,-41.2749,10.4428,
0.7,0.61154,0.714565,-76.1702,56.334,-18.0866,10.7866,0,-34.6963,10.6442,0,-75.4161,10.5674,4.13742,38.1839,-41.2245,10.4308,
0.7,0.611589,0.714368,-76.1387,56.2832,-18.1025,10.7824,0,-34.6549,10.6351,0,-75.3866,10.5508,4.13804,38.154,-41.183,10.421,
0.7,0.611645,0.714166,-76.0633,56.236,-18.1055,10.7722,0,-34.618,10.6275,0,-75.314,10.5261,4.13666,38.127,-41.1438,10.4118,
0.7,0.611694,0.713963,-76.0311,56.2259,-18.1199,10.7674,0,-34.6042,10.6269,0,-75.2839,10.5088,4.13733,38.1253,-41.1317,10.4095,
0.7,0.611745,0.71374,-75.9996,56.1798,-18.1358,10.7622,0,-34.57,10.6201,0,-75.2545,10.4918,4.13802,38.0998,-41.0925,10.4005,
0.7,0.611801,0.713541,-75.9117,56.1336,-18.1367,10.7507,0,-34.5322,10.6118,0,-75.1694,10.4654,4.13597,38.0733,-41.0543,10.3915,
0.7,0.611851,0.713338,-75.8822,56.1344,-18.1517,10.7466,0,-34.5251,10.613,0,-75.142,10.4483,4.13683,38.079,-41.0501,10.3912,
0.7,0.611901,0.713135,-75.8612,56.0864,-18.1685,10.7438,0,-34.4879,10.605,0,-75.1231,10.4325,4.13815,38.0515,-41.0101,10.3819,
0.7,0.611951,0.712931,-75.8299,56.0314,-18.184,10.7389,0,-34.4465,10.5953,0,-75.0939,10.4154,4.13886,38.0194,-40.965,10.3712,
0.7,0.612002,0.71271,-75.7968,55.985,-18.198,10.7352,0,-34.4102,10.5872,0,-75.0629,10.3979,4.13951,37.9936,-40.9257,10.3621,
0.7,0.612061,0.712504,-75.7213,55.9378,-18.2009,10.7246,0,-34.3742,10.5792,0,-74.9902,10.3728,4.13821,37.967,-40.8861,10.3529,
0.7,0.612112,0.712298,-75.7258,55.922,-18.2235,10.7249,0,-34.3575,10.5775,0,-74.9964,10.3599,4.14101,37.9617,-40.8695,10.3495,
0.7,0.612217,0.712091,-75.2739,55.8404,-18.1585,10.6597,0,-34.3003,10.563,0,-74.5526,10.271,4.12144,37.9118,-40.8048,10.334,
0.7,0.612275,0.711868,-75.255,56.1365,-18.175,10.6565,0,-34.4739,10.6197,0,-74.536,10.2532,4.1233,38.1185,-41.0157,10.3882,
0.7,0.612328,0.711661,-75.2935,56.072,-18.2061,10.6609,0,-34.4264,10.6081,0,-74.576,10.2447,4.12802,38.0801,-40.9635,10.3758,
0.7,0.612381,0.711454,-75.3047,55.9616,-18.232,10.6606,0,-34.3507,10.5882,0,-74.5889,10.2329,4.13117,38.0106,-40.8778,10.3549,
0.7,0.612433,0.711023,-75.4611,55.8502,-18.2924,10.6822,0,-34.2673,10.5688,0,-74.7456,10.2406,4.14232,37.9463,-40.7857,10.3333,
0.7,0.61249,0.710816,-75.4062,55.6373,-18.3013,10.6734,0,-34.1298,10.5296,0,-74.6933,10.218,4.14217,37.8072,-40.6251,10.2934,
0.7,0.612541,0.71061,-75.402,55.6075,-18.3224,10.6721,0,-34.1041,10.5249,0,-74.691,10.204,4.14449,37.7925,-40.598,10.2874,
0.7,0.612592,0.710405,-75.3955,55.5358,-18.3443,10.6698,0,-34.0524,10.5119,0,-74.6864,10.19,4.14663,37.7494,-40.5405,10.2737,
0.7,0.612645,0.710184,-75.3594,55.4675,-18.3577,10.6649,0,-34.0022,10.4993,0,-74.6524,10.1714,4.14725,37.7089,-40.485,10.2605,
0.7,0.612697,0.709979,-75.323,55.4246,-18.3709,10.6585,0,-33.9681,10.4918,0,-74.6183,10.153,4.14782,37.6852,-40.4484,10.2521,
0.7,0.612765,0.709776,-75.1602,55.3814,-18.3516,10.6338,0,-33.934,10.4846,0,-74.4593,10.1141,4.14207,37.6615,-40.4117,10.2436,
0.7,0.612819,0.709573,-75.1353,55.4425,-18.3681,10.6285,0,-33.964,10.4971,0,-74.4364,10.0973,4.14325,37.7087,-40.4509,10.2544,
0.7,0.612874,0.709357,-75.1149,55.3881,-18.3843,10.6251,0,-33.9224,10.4875,0,-74.418,10.0809,4.14471,37.6776,-40.4056,10.2438,
0.7,0.612932,0.709158,-75.0466,55.3304,-18.3882,10.6144,0,-33.8789,10.4772,0,-74.3524,10.0566,4.14382,37.6437,-40.3585,10.2327,
0.7,0.612987,0.708959,-75.0226,55.3124,-18.4033,10.6101,0,-33.8594,10.4744,0,-74.3305,10.0398,4.14506,37.6368,-40.3404,10.2289,
0.7,0.613042,0.70876,-74.99,55.2576,-18.4182,10.6037,0,-33.8176,10.4645,0,-74.3,10.022,4.14581,37.6049,-40.2954,10.2183,
0.7,0.6131,0.708541,-74.9497,55.2083,-18.4302,10.598,0,-33.7811,10.4564,0,-74.262,10.0026,4.14625,37.5773,-40.2538,10.2086,
0.7,0.613164,0.708345,-74.847,55.1661,-18.4261,10.582,0,-33.7457,10.4484,0,-74.1623,9.97382,4.14343,37.5536,-40.2183,10.2004,
0.7,0.613221,0.708145,-74.8057,55.1762,-18.4375,10.5754,0,-33.7444,10.4514,0,-74.1232,9.95462,4.14374,37.5658,-40.2206,10.2018,
0.7,0.613279,0.707944,-74.7675,55.1348,-18.451,10.5686,0,-33.7119,10.4442,0,-74.0872,9.93613,4.14417,37.5431,-40.1853,10.1936,
0.7,0.613336,0.707746,-74.7364,55.0908,-18.4652,10.564,0,-33.6754,10.4357,0,-74.0582,9.91847,4.14502,37.5183,-40.1484,10.185,
0.7,0.613398,0.707525,-74.6578,55.041,-18.4671,10.5521,0,-33.6388,10.4274,0,-73.9823,9.89304,4.1435,37.4903,-40.1064,10.1753,
0.7,0.613453,0.707322,-74.6698,55.0283,-18.4922,10.5532,0,-33.6234,10.4254,0,-73.996,9.88111,4.14673,37.4871,-40.092,10.1724,
0.7,0.613509,0.707118,-74.6487,54.9408,-18.5099,10.5491,0,-33.5624,10.4094,0,-73.9769,9.86473,4.14814,37.433,-40.023,10.1558,
0.7,0.613567,0.706917,-74.6282,54.8804,-18.5262,10.5464,0,-33.5162,10.3976,0,-73.9585,9.84788,4.14968,37.397,-39.9742,10.1441,
0.7,0.613634,0.706689,-74.5087,54.8208,-18.5162,10.5292,0,-33.4744,10.3873,0,-73.8422,9.81591,4.1461,37.3625,-39.925,10.1326,
0.7,0.613683,0.70648,-74.5927,54.8389,-18.5866,10.542,0,-33.4787,10.3911,0,-73.927,9.81485,4.15307,37.3804,-39.933,10.1354,
0.7,0.613743,0.706065,-74.6229,54.6792,-18.6153,10.5464,0,-33.3649,10.3605,0,-73.9589,9.80459,4.15746,37.2822,-39.8065,10.105,
0.7,0.613804,0.705855,-74.6625,54.5576,-18.6464,10.5516,0,-33.2836,10.3373,0,-74,9.79537,4.16239,37.2047,-39.7129,10.082,
0.7,0.613869,0.705623,-74.5293,54.4442,-18.6344,10.5317,0,-33.2092,10.3162,0,-73.87,9.76266,4.15786,37.1336,-39.6244,10.0605,
0.7,0.61393,0.705412,-74.4402,54.4814,-18.6336,10.5186,0,-33.2252,10.323,0,-73.7836,9.73711,4.15553,37.1644,-39.6463,10.0669,
0.7,0.613992,0.705204,-74.3571,54.4807,-18.6362,10.5062,0,-33.2159,10.322,0,-73.7031,9.7125,4.15349,37.1693,-39.6408,10.0663,
0.7,0.614065,0.704993,-74.2047,54.4736,-18.6185,10.4841,0,-33.2045,10.3202,0,-73.5541,9.67661,4.148,37.1699,-39.6303,10.0645,
0.7,0.614132,0.704764,-74.0994,54.5233,-18.6126,10.4685,0,-33.2289,10.3296,0,-73.4516,9.64864,4.14482,37.2099,-39.6607,10.0731,
0.7,0.614199,0.704558,-74.0092,54.5335,-18.6142,10.4532,0,-33.2274,10.3307,0,-73.364,9.62353,4.14231,37.2222,-39.6631,10.0745,
0.7,0.614269,0.704358,-73.9058,54.5304,-18.6075,10.4391,0,-33.2154,10.329,0,-73.2635,9.59584,4.13923,37.2249,-39.6562,10.0735,
0.7,0.614346,0.704154,-73.7829,54.5347,-18.5946,10.4217,0,-33.2102,10.3291,0,-73.1437,9.564,4.13535,37.2329,-39.6546,10.0738,
0.7,0.614418,0.703952,-73.6911,54.5549,-18.5904,10.4081,0,-33.2142,10.3323,0,-73.0546,9.53785,4.13291,37.2516,-39.6646,10.0771,
0.7,0.61449,0.703732,-73.621,54.5491,-18.5929,10.3972,0,-33.2038,10.3312,0,-72.9869,9.51487,4.13161,37.2531,-39.6552,10.0756,
0.7,0.614563,0.703539,-73.5243,54.5253,-18.5876,10.3839,0,-33.1782,10.325,0,-72.893,9.48804,4.12891,37.2411,-39.6337,10.0707,
0.7,0.614645,0.703342,-73.3785,54.5231,-18.5687,10.3633,0,-33.168,10.3237,0,-72.7506,9.45309,4.12378,37.2442,-39.6277,10.0699,
0.7,0.61472,0.703146,-73.2951,54.5608,-18.5662,10.3512,0,-33.1822,10.3301,0,-72.6697,9.42787,4.12183,37.2745,-39.6508,10.0765,
0.7,0.614794,0.702931,-73.2244,54.5465,-18.5686,10.3405,0,-33.1663,10.3273,0,-72.6015,9.40484,4.12049,37.2698,-39.6355,10.0734,
0.7,0.614868,0.702739,-73.1613,54.5213,-18.5722,10.3322,0,-33.1403,10.3209,0,-72.5408,9.38291,4.11957,37.2568,-39.6131,10.0683,
0.7,0.614951,0.702544,-73.0296,54.4894,-18.5575,10.3144,0,-33.1121,10.314,0,-72.4123,9.34999,4.11519,37.2395,-39.5857,10.062,
0.7,0.615022,0.70235,-73.0064,54.5139,-18.5712,10.3101,0,-33.1178,10.3176,0,-72.391,9.33376,4.11639,37.2606,-39.5993,10.0661,
0.7,0.615098,0.702137,-72.9734,54.446,-18.5835,10.3056,0,-33.0689,10.3044,0,-72.3601,9.31522,4.11724,37.2192,-39.5451,10.0531,
0.7,0.615171,0.701946,-72.9333,54.386,-18.5924,10.3001,0,-33.0214,10.2918,0,-72.3222,9.29613,4.11763,37.1823,-39.4975,10.0417,
0.7,0.615327,0.70175,-72.3058,54.3281,-18.4703,10.2119,0,-32.9777,10.2804,0,-71.7039,9.18644,4.08783,37.1471,-39.4512,10.0306,
0.7,0.615409,0.701333,-72.5252,54.7239,-18.525,10.2522,0,-33.2025,10.3549,0,-71.924,9.19591,4.10373,37.4272,-39.7296,10.1028,
0.7,0.615483,0.701133,-72.5804,54.4323,-18.5603,10.26,0,-33.017,10.2995,0,-71.9805,9.18928,4.10943,37.2324,-39.5136,10.0486,
0.7,0.615559,0.700937,-72.5479,54.2951,-18.5711,10.2559,0,-32.9231,10.2725,0,-71.9501,9.17065,4.11034,37.1428,-39.4098,10.0228,
0.7,0.615639,0.700735,-72.4914,54.2332,-18.5751,10.2479,0,-32.8773,10.2608,0,-71.8961,9.1479,4.11009,37.1051,-39.3605,10.011,
0.7,0.615715,0.700511,-72.4528,54.192,-18.5842,10.2423,0,-32.8458,10.254,0,-71.8597,9.12841,4.11067,37.0823,-39.3253,10.0029,
0.7,0.615789,0.700305,-72.421,54.1375,-18.5972,10.238,0,-32.805,10.244,0,-71.83,9.11027,4.11154,37.0498,-39.2812,9.99237,
0.7,0.61587,0.7001,-72.3278,54.0776,-18.5922,10.225,0,-32.7588,10.2323,0,-71.7396,9.08272,4.10925,37.0135,-39.2334,9.9809,
0.7,0.615943,0.699891,-72.3172,54.0684,-18.6098,10.2232,0,-32.7454,10.2308,0,-71.7309,9.06757,4.11126,37.012,-39.222,9.97876,
0.7,0.616015,0.699674,-72.3119,53.9908,-18.63,10.2213,0,-32.6854,10.2148,0,-71.7273,9.05355,4.11349,36.9635,-39.1613,9.964,
0.7,0.616086,0.699464,-72.3004,53.9094,-18.6473,10.2199,0,-32.628,10.1997,0,-71.7176,9.03849,4.11541,36.9125,-39.0977,9.94854,
0.7,0.616164,0.699254,-72.2198,53.8337,-18.6456,10.2079,0,-32.5744,10.186,0,-71.6395,9.01313,4.11371,36.8654,-39.0383,9.93414,
0.7,0.616237,0.699042,-72.1901,53.8154,-18.6577,10.2026,0,-32.5557,10.1833,0,-71.6119,8.99531,4.11469,36.8576,-39.0205,9.93033,
0.7,0.616311,0.69883,-72.1534,53.7547,-18.6696,10.1954,0,-32.5112,10.1728,0,-71.5773,8.97679,4.11523,36.8208,-38.9719,9.9187,
0.7,0.616372,0.698604,-72.2235,53.7001,-18.7084,10.1997,0,-32.4695,10.1629,0,-71.6482,8.97533,4.12116,36.7884,-38.9276,9.90818,
0.7,0.616448,0.698395,-72.1432,53.5579,-18.7071,10.1874,0,-32.375,10.1366,0,-71.5705,8.95093,4.11932,36.6956,-38.8201,9.88151,
0.7,0.61653,0.698187,-72.0721,53.5368,-18.7076,10.1763,0,-32.3535,10.133,0,-71.5019,8.92644,4.11822,36.6856,-38.8006,9.87723,
0.7,0.616607,0.697981,-71.997,53.5085,-18.7093,10.1643,0,-32.3275,10.1284,0,-71.4292,8.9029,4.11662,36.6706,-38.7758,9.87159,
0.7,0.616683,0.697758,-71.9764,53.4831,-18.7241,10.1616,0,-32.3028,10.1239,0,-71.4106,8.88627,4.11811,36.658,-38.7528,9.86647,
0.7,0.616844,0.697552,-71.3376,53.4062,-18.5967,10.0706,0,-32.2478,10.11,0,-70.7806,8.77747,4.08722,36.6097,-38.6929,9.85188,
0.7,0.616921,0.697146,-71.5639,53.8142,-18.6774,10.1012,0,-32.476,10.1881,0,-71.0068,8.79116,4.10285,36.8978,-38.9804,9.92637,
0.7,0.616998,0.696929,-71.5942,53.52,-18.7055,10.105,0,-32.2884,10.1322,0,-71.0387,8.78044,4.10732,36.7005,-38.763,9.8717,
0.7,0.617073,0.696728,-71.5972,53.4012,-18.7273,10.1053,0,-32.2073,10.1097,0,-71.0435,8.76671,4.11016,36.6231,-38.6731,9.84941,
0.7,0.617155,0.696527,-71.4988,53.3104,-18.7217,10.0908,0,-32.1433,10.0928,0,-70.9478,8.73892,4.10749,36.5648,-38.6035,9.8323,
0.7,0.617231,0.696306,-71.4659,53.306,-18.7337,10.0855,0,-32.1333,10.0931,0,-70.9169,8.7207,4.10828,36.5665,-38.5958,9.83105,
0.7,0.617306,0.696108,-71.4317,53.247,-18.7467,10.0795,0,-32.0867,10.0817,0,-70.8846,8.70255,4.10895,36.53,-38.5494,9.81983,
0.7,0.617383,0.695907,-71.3798,53.1895,-18.7537,10.0727,0,-32.0428,10.0712,0,-70.835,8.68194,4.10867,36.4946,-38.5038,9.80884,
0.7,0.617468,0.69565,-71.2671,53.1466,-18.7436,10.0568,0,-32.036,10.0733,0,-70.7251,8.65218,4.10521,36.4729,-38.4655,9.80025,
0.7,0.617544,0.69545,-71.2517,53.1524,-18.7598,10.0545,0,-32.0297,10.0749,0,-70.7115,8.63604,4.10701,36.4809,-38.4658,9.80095,
0.7,0.617619,0.695229,-71.2222,53.0775,-18.7741,10.0504,0,-31.9765,10.0616,0,-70.684,8.61867,4.10792,36.4342,-38.4072,9.78671,
0.7,0.617694,0.69503,-71.1893,53.0159,-18.7855,10.0459,0,-31.928,10.0497,0,-70.6531,8.60072,4.10866,36.3957,-38.3589,9.775,
0.7,0.617776,0.694826,-71.0954,52.9575,-18.7806,10.0328,0,-31.8842,10.0391,0,-70.5618,8.57377,4.10619,36.3597,-38.3126,9.76384,
0.7,0.617851,0.694621,-71.0676,52.9495,-18.7938,10.0284,0,-31.8709,10.0386,0,-70.5359,8.55634,4.10724,36.3585,-38.3028,9.76198,
0.7,0.617927,0.6944,-71.034,52.8866,-18.8061,10.0235,0,-31.8239,10.0273,0,-70.5043,8.53814,4.10797,36.3198,-38.2529,9.74996,
0.7,0.618002,0.694194,-70.9987,52.8287,-18.8191,10.0168,0,-31.7801,10.0172,0,-70.471,8.52003,4.10855,36.2842,-38.2071,9.73891,
0.7,0.618002,0.693986,-71.6193,52.7725,-18.9836,10.1043,0,-31.737,10.0073,0,-71.0869,8.59449,4.14446,36.2497,-38.1624,9.72816,
0.7,0.618084,0.693776,-71.4043,52.1769,-18.9467,10.0734,0,-31.3698,9.89552,0,-70.8755,8.55257,4.13506,35.8447,-37.7277,9.61799,
0.7,0.61816,0.693549,-71.2759,52.2777,-18.933,10.0545,0,-31.421,9.91561,0,-70.7498,8.52278,4.13035,35.9185,-37.7963,9.63616,
0.7,0.618235,0.693338,-71.1886,52.3039,-18.9325,10.0411,0,-31.4283,9.92195,0,-70.6648,8.49846,4.1279,35.9408,-37.8111,9.64059,
0.7,0.618312,0.693126,-71.0791,52.2949,-18.9237,10.0255,0,-31.4141,9.92155,0,-70.5579,8.47078,4.12431,35.9387,-37.8006,9.63854,
0.7,0.618394,0.692915,-70.9589,52.3023,-18.9114,10.0078,0,-31.4094,9.92434,0,-70.4405,8.44063,4.12032,35.9481,-37.8019,9.63952,
0.7,0.618472,0.692682,-70.8618,52.3184,-18.9053,9.9935,0,-31.4114,9.92896,0,-70.3459,8.41436,4.11746,35.964,-37.8089,9.64204,
0.7,0.618627,0.692473,-70.2321,52.3111,-18.7794,9.90316,0,-31.3959,9.92782,0,-69.7243,8.31064,4.08634,35.9629,-37.7997,9.64032,
0.7,0.61871,0.692046,-70.4293,52.7134,-18.8524,9.93012,0,-31.62,10.0072,0,-69.922,8.31772,4.10087,36.2481,-38.0821,9.71366,
0.7,0.618786,0.691817,-70.4613,52.4428,-18.882,9.93347,0,-31.4486,9.9571,0,-69.9555,8.307,4.10547,36.0667,-37.8821,9.66336,
0.7,0.61886,0.691605,-70.4752,52.3242,-18.909,9.93422,0,-31.3687,9.93581,0,-69.971,8.29475,4.1089,35.9894,-37.7924,9.64113,
0.7,0.618934,0.691393,-70.4831,52.2224,-18.9325,9.93399,0,-31.2985,9.91736,0,-69.9806,8.28134,4.11206,35.9235,-37.7148,9.62198,
0.7,0.619016,0.691182,-70.3749,52.129,-18.9242,9.91781,0,-31.2333,9.90032,0,-69.875,8.25247,4.10879,35.8634,-37.6433,9.60438,
0.7,0.619082,0.690955,-70.4181,52.134,-18.9822,9.90919,0,-31.2264,9.90191,0,-69.919,8.24785,4.11314,35.8713,-37.6426,9.60488,
0.7,0.619165,0.690744,-70.2934,52.0137,-18.9469,9.90494,0,-31.1455,9.87964,0,-69.7974,8.21445,4.1094,35.7927,-37.5518,9.58233,
0.7,0.619247,0.690533,-70.1971,52.0333,-18.9414,9.89147,0,-31.1484,9.88388,0,-69.7037,8.18769,4.1067,35.8104,-37.5619,9.58556,
0.7,0.61932,0.690323,-70.1771,52.0284,-18.9568,9.88861,0,-31.1364,9.88316,0,-69.6855,8.17172,4.1081,35.8111,-37.5544,9.58428,
0.7,0.619392,0.690099,-70.1944,51.958,-18.9824,9.89118,0,-31.0842,9.87006,0,-69.7042,8.16044,4.11161,35.7671,-37.4993,9.5709,
0.7,0.619463,0.689849,-70.1787,51.8578,-19.0014,9.88878,0,-31.0179,9.85237,0,-69.6901,8.1457,4.11312,35.7033,-37.422,9.55196,
0.7,0.619536,0.68964,-70.1415,51.7876,-19.0128,9.88271,0,-30.9668,9.83925,0,-69.6548,8.12793,4.11348,35.659,-37.3673,9.53863,
0.7,0.619616,0.689471,-70.0392,51.7354,-19.0057,9.86757,0,-30.9238,9.82815,0,-69.555,8.10075,4.11037,35.6261,-37.3267,9.52873,
0.7,0.619763,0.689204,-69.4102,51.7352,-18.8788,9.77568,0,-30.9175,9.82914,0,-68.9336,8.00105,4.07854,35.6316,-37.321,9.52816,
0.7,0.619834,0.688995,-69.5108,52.1649,-18.928,9.78941,0,-31.1653,9.91068,0,-69.0351,7.99938,4.08695,35.9318,-37.627,9.60692,
0.7,0.61991,0.688786,-69.5276,51.9898,-18.9538,9.79028,0,-31.0514,9.87711,0,-69.0535,7.98674,4.09068,35.8152,-37.4967,9.57428,
0.7,0.61991,0.688555,-70.1963,51.8869,-19.1361,9.88444,0,-30.9824,9.85777,0,-69.7176,8.06355,4.13002,35.749,-37.4179,9.55488,
0.7,0.620052,0.68835,-69.5941,51.2449,-19.0171,9.79726,0,-30.5881,9.73504,0,-69.1227,7.9672,4.09971,35.3105,-36.9512,9.4363,
0.7,0.620123,0.688139,-69.6517,51.6528,-19.0553,9.80493,0,-30.823,9.81239,0,-69.1815,7.95995,4.10571,35.5957,-37.2413,9.51102,
0.7,0.620201,0.687695,-69.7888,51.4969,-19.1142,9.82304,0,-30.7144,9.78304,0,-69.3195,7.96004,4.11672,35.4972,-37.1202,9.48147,
0.7,0.620274,0.687487,-69.7748,51.2847,-19.1322,9.82057,0,-30.5767,9.74162,0,-69.3073,7.94398,4.11862,35.3547,-36.9634,9.44201,
0.7,0.620345,0.687274,-69.7798,51.2087,-19.1571,9.81963,0,-30.5227,9.72699,0,-69.3138,7.93096,4.12147,35.3066,-36.9045,9.42762,
0.7,0.620414,0.687061,-69.7468,51.121,-19.1707,9.81455,0,-30.462,9.71031,0,-69.2826,7.91367,4.12208,35.2502,-36.8373,9.41109,
0.7,0.620489,0.686847,-69.6541,51.0681,-19.1669,9.8001,0,-30.4223,9.70051,0,-69.1922,7.8882,4.11941,35.218,-36.795,9.40094,
0.7,0.620559,0.686616,-69.6227,51.0645,-19.1806,9.79468,0,-30.4116,9.69966,0,-69.1627,7.8709,4.12014,35.2202,-36.7879,9.39985,
0.7,0.62063,0.686674,-69.5829,51.0095,-19.1932,9.78775,0,-30.3502,9.68137,0,-69.1246,7.85272,4.12036,35.1788,-36.7513,9.38999,
0.7,0.620699,0.686459,-69.567,50.9605,-19.2109,9.78492,0,-30.3125,9.67178,0,-69.1104,7.83758,4.12193,35.1493,-36.7119,9.38057,
0.7,0.620772,0.686244,-69.5211,50.8903,-19.2204,9.77847,0,-30.262,9.65868,0,-69.0664,7.818,4.12192,35.1051,-36.6571,9.36723,
0.7,0.62084,0.686013,-69.4937,50.8465,-19.2352,9.77423,0,-30.2272,9.64958,0,-69.0407,7.80182,4.12276,35.0796,-36.621,9.35874,
0.7,0.620907,0.6858,-69.4949,50.7872,-19.2607,9.77516,0,-30.1838,9.63832,0,-69.0433,7.78903,4.12526,35.0428,-36.5742,9.34743,
0.7,0.620976,0.685565,-69.4556,50.7052,-19.2728,9.76978,0,-30.1284,9.62332,0,-69.0059,7.77157,4.12538,34.991,-36.5105,9.33188,
0.7,0.621052,0.685352,-69.3471,50.6587,-19.2642,9.75361,0,-30.0921,9.61526,0,-68.8998,7.74459,4.12173,34.9631,-36.4729,9.32293,
0.7,0.621124,0.685142,-69.2799,50.6693,-19.2673,9.74316,0,-30.0877,9.61665,0,-68.8346,7.72319,4.12035,34.9744,-36.4767,9.3245,
0.7,0.621269,0.684924,-68.6418,50.6427,-19.1348,9.64935,0,-30.0639,9.61195,0,-68.2037,7.6245,4.08758,34.9605,-36.4533,9.3192,
0.7,0.621344,0.684705,-68.6638,51.0838,-19.163,9.6529,0,-30.318,9.69605,0,-68.227,7.61335,4.09144,35.2695,-36.7663,9.39992,
0.7,0.621422,0.684464,-68.6723,50.9758,-19.1867,9.65267,0,-30.2477,9.67752,0,-68.2372,7.5994,4.09476,35.2001,-36.6838,9.37961,
0.7,0.621494,0.684034,-68.9044,50.8557,-19.2754,9.68362,0,-30.1589,9.6544,0,-68.4694,7.61181,4.11109,35.1266,-36.5881,9.35661,
0.7,0.621565,0.683818,-68.9239,50.563,-19.3036,9.68586,0,-29.9772,9.59889,0,-68.4903,7.60023,4.11484,34.9289,-36.3731,9.30232,
0.7,0.621638,0.683581,-68.9026,50.46,-19.32,9.68127,0,-29.9096,9.58022,0,-68.4707,7.58392,4.11619,34.8628,-36.2941,9.2829,
0.7,0.621717,0.68337,-68.789,50.3949,-19.309,9.66204,0,-29.8607,9.5672,0,-68.3595,7.55573,4.11234,34.8219,-36.2433,9.27053,
0.7,0.62179,0.683155,-68.7452,50.4081,-19.3203,9.65395,0,-29.8605,9.57016,0,-68.3175,7.53706,4.11233,34.8354,-36.2484,9.27254,
0.7,0.621861,0.682939,-68.7146,50.3629,-19.3343,9.64941,0,-29.8257,9.56203,0,-68.2886,7.5203,4.11302,34.8085,-36.2118,9.26383,
0.7,0.621932,0.682704,-68.6904,50.3067,-19.3496,9.64506,0,-29.7855,9.55269,0,-68.266,7.50431,4.11408,34.7744,-36.1667,9.25303,
0.7,0.622013,0.682495,-68.5628,50.2455,-19.3298,9.61514,0,-29.7383,9.54052,0,-68.1409,7.475,4.10932,34.736,-36.1188,9.24139,
0.7,0.622084,0.682283,-68.5436,50.2698,-19.3482,9.60983,0,-29.744,9.54543,0,-68.1234,7.45952,4.11069,34.757,-36.1323,9.24548,
0.7,0.622155,0.682071,-68.5541,50.2012,-19.3733,9.60934,0,-29.6956,9.52942,0,-68.1353,7.4471,4.11386,34.7137,-36.0788,9.23245,
0.7,0.622225,0.681859,-68.5262,50.109,-19.3883,9.60464,0,-29.6325,9.51216,0,-68.1091,7.43041,4.11476,34.6541,-36.0085,9.21509,
0.7,0.6223,0.68163,-68.4487,50.0513,-19.3885,9.59229,0,-29.5892,9.5017,0,-68.0337,7.40686,4.11294,34.6186,-35.9627,9.20406,
0.7,0.62237,0.681416,-68.4288,50.035,-19.4078,9.58828,0,-29.571,9.49913,0,-68.0153,7.39131,4.11426,34.6114,-35.9469,9.20066,
0.7,0.622438,0.681203,-68.4334,49.9693,-19.4321,9.58743,0,-29.5234,9.48715,0,-68.0214,7.37849,4.11704,34.57,-35.8958,9.1882,
0.7,0.622511,0.68099,-68.374,49.8835,-19.4381,9.57817,0,-29.4638,9.47145,0,-67.964,7.358,4.11612,34.5146,-35.8302,9.17203,
0.7,0.62258,0.68076,-68.3686,49.851,-19.4593,9.57629,0,-29.4352,9.46602,0,-67.9601,7.34401,4.11831,34.4965,-35.8026,9.16564,
0.7,0.622648,0.680545,-68.3417,49.7746,-19.4759,9.57043,0,-29.3816,9.4525,0,-67.9348,7.32783,4.11919,34.4476,-35.7438,9.15122,
0.7,0.622796,0.680331,-67.66,49.7161,-19.3255,9.47411,0,-29.3385,9.44229,0,-67.2603,7.22553,4.08357,34.4111,-35.6978,9.14007,
0.7,0.622867,0.680117,-67.7837,50.1894,-19.3834,9.4904,0,-29.6089,9.5331,0,-67.3847,7.22495,4.09363,34.7427,-36.0337,9.22669,
0.7,0.622936,0.679672,-68.0045,49.9759,-19.4715,9.5191,0,-29.4641,9.49465,0,-67.6057,7.23547,4.1094,34.6034,-35.8721,9.18664,
0.7,0.623007,0.679458,-68.0181,49.6956,-19.4986,9.52018,0,-29.2901,9.44274,0,-67.6207,7.22325,4.1128,34.4135,-35.6669,9.13472,
0.7,0.623084,0.679243,-67.9695,49.5981,-19.5057,9.51467,0,-29.2242,9.42584,0,-67.5739,7.20194,4.11287,34.35,-35.5929,9.11641,
0.7,0.623155,0.679033,-67.9341,49.5557,-19.5187,9.50964,0,-29.1885,9.41902,0,-67.5402,7.18461,4.11327,34.3245,-35.5588,9.10826,
0.7,0.623225,0.678798,-67.8976,49.5049,-19.5327,9.50268,0,-29.1513,9.4115,0,-67.5054,7.16751,4.11355,34.2939,-35.5178,9.09848,
0.7,0.623296,0.678583,-67.8576,49.4552,-19.5437,9.49572,0,-29.1129,9.40353,0,-67.4671,7.14994,4.11363,34.2634,-35.4782,9.08896,
0.7,0.623366,0.678369,-67.821,49.4084,-19.5553,9.48991,0,-29.0763,9.39602,0,-67.432,7.13287,4.11389,34.235,-35.4408,9.07999,
0.7,0.62344,0.678155,-67.7563,49.3591,-19.5587,9.48032,0,-29.0384,9.38821,0,-67.3692,7.11254,4.11251,34.2049,-35.4014,9.07054,
0.7,0.623507,0.677926,-67.7525,49.3331,-19.5815,9.47798,0,-29.0137,9.38432,0,-67.3667,7.09995,4.11456,34.1911,-35.3786,9.06535,
0.7,0.623575,0.677715,-67.7317,49.2566,-19.5981,9.474,0,-28.9597,9.37095,0,-67.3474,7.08527,4.11564,34.142,-35.32,9.05093,
0.7,0.623644,0.677504,-67.7096,49.1933,-19.6149,9.47096,0,-28.9132,9.3601,0,-67.3268,7.06996,4.11673,34.102,-35.2707,9.03892,
0.7,0.623719,0.677277,-67.6311,49.1308,-19.6145,9.45862,0,-28.8664,9.34914,0,-67.2503,7.04766,4.11461,34.0628,-35.2218,9.02703,
0.7,0.623788,0.677066,-67.6121,49.1153,-19.6335,9.45394,0,-28.8478,9.34772,0,-67.2327,7.0332,4.1158,34.0558,-35.207,9.02382,
0.7,0.623857,0.676856,-67.575,49.0514,-19.6454,9.44766,0,-28.8011,9.33681,0,-67.1972,7.01658,4.11593,34.0153,-35.1575,9.01173,
0.7,0.624,0.676645,-66.9761,49.0002,-19.5157,9.3621,0,-28.762,9.32826,0,-66.6045,6.92791,4.08442,33.9836,-35.1171,9.00195,
0.7,0.624068,0.676434,-67.05,49.4079,-19.5611,9.36995,0,-28.9924,9.40698,0,-66.6794,6.92308,4.09127,34.2702,-35.4055,9.07648,
0.7,0.624137,0.675995,-67.3048,49.2347,-19.6576,9.40417,0,-28.8715,9.3758,0,-66.9341,6.93632,4.10926,34.1579,-35.2736,9.0439,
0.7,0.624206,0.675784,-67.327,48.9255,-19.6869,9.4071,0,-28.6807,9.31773,0,-66.9576,6.92549,4.11308,33.9472,-35.0484,8.98674,
0.7,0.62428,0.675557,-67.3068,48.8207,-19.7032,9.40279,0,-28.6093,9.29865,0,-66.939,6.90913,4.11452,33.8785,-34.9693,8.9671,
0.7,0.624347,0.675345,-67.2874,48.7552,-19.7226,9.39774,0,-28.5619,9.287,0,-66.921,6.89467,4.11567,33.8369,-34.9187,8.95471,
0.7,0.624413,0.675132,-67.2779,48.6922,-19.7435,9.39518,0,-28.5161,9.27576,0,-66.9129,6.88114,4.11744,33.797,-34.8698,8.94278,
0.7,0.624479,0.674919,-247.812,-170.768,-72.8129,34.605,0,99.9765,-32.5325,0,-246.472,25.3003,15.1748,-118.542,122.278,-31.3618,
0.7,0.624553,0.674689,-215.042,-134.634,-63.2576,30.026,0,78.7944,-25.6496,0,-213.884,21.9099,13.1765,-93.47,96.3933,-24.7246,
0.7,0.624619,0.674475,-188.462,-105.267,-55.5084,26.3083,0,61.5883,-20.0555,0,-187.45,19.1677,11.5542,-73.0904,75.3593,-19.3308,
0.7,0.624687,0.674261,-166.909,-81.5418,-49.2165,23.2965,0,47.693,-15.5358,0,-166.017,16.9445,10.2387,-56.6237,58.3686,-14.9734,
0.7,0.624754,0.674047,-149.449,-62.3471,-44.1187,20.8589,0,36.4554,-11.8791,0,-148.653,15.1438,9.17293,-43.2996,44.6239,-11.4482,
0.7,0.624823,0.673838,-135.253,-46.7938,-39.9728,18.876,0,27.3505,-8.91541,0,-134.535,13.6789,8.30651,-32.5014,33.4885,-8.59198,
0.7,0.624896,0.673604,-123.885,-34.4353,-36.654,17.2869,0,20.1219,-6.5613,0,-123.231,12.5035,7.61321,-23.9207,24.641,-6.3225,
0.7,0.625029,0.67339,-113.994,-24.2192,-33.8086,15.9031,0,14.1477,-4.61469,0,-113.396,11.4633,7.01321,-16.8258,17.3288,-4.44658,
0.7,0.625098,0.673176,-106.526,-15.5871,-31.63,14.8598,0,9.1024,-2.96997,0,-105.969,10.6915,6.55766,-10.8301,11.1514,-2.86164,
0.7,0.625174,0.672731,-101.365,-10.1136,-30.1319,14.1372,0,5.90238,-1.92703,0,-100.838,10.152,6.24398,-7.02867,7.2339,-1.85661,
0.7,0.625328,0.672517,-95.455,-4.32469,-28.4409,13.3077,0,2.52315,-0.823982,0,-94.9623,9.51977,5.88746,-3.00587,3.09296,-0.793872,
0.7,0.625406,0.672303,-91.3646,0.320175,-27.2518,12.7355,0,-0.186741,0.061,0,-90.8951,9.09194,5.63889,0.222561,-0.22896,0.0587711,
0.7,0.625477,0.672089,-88.139,3.72742,-26.3194,12.2835,0,-2.17333,0.710143,0,-87.6878,8.75376,5.44303,2.59131,-2.66523,0.684176,
0.7,0.625548,0.671858,-85.5256,6.47037,-25.5677,11.9174,0,-3.77144,1.23269,0,-85.0894,8.47757,5.28475,4.49877,-4.62599,1.1876,
0.7,0.625616,0.671644,-83.3665,8.6365,-24.9532,11.6149,0,-5.03253,1.64534,0,-82.9429,8.24809,5.15423,6.00552,-6.174,1.58511,
0.7,0.625693,0.671431,-81.5483,10.3598,-24.4358,11.3603,0,-6.03486,1.97365,0,-81.1357,8.05077,5.04507,7.20466,-7.40518,1.90133,
0.7,0.625763,0.671223,-80.0942,11.8206,-24.0273,11.1565,0,-6.88306,2.25178,0,-79.6906,7.8922,4.95793,8.22139,-8.44853,2.16935,
0.7,0.6259,0.670992,-78.5197,12.6873,-23.6124,10.935,0,-7.38568,2.41703,0,-78.1268,7.70887,4.86574,8.82522,-9.06691,2.3283,
0.7,0.625969,0.670781,-77.6411,14.0669,-23.3752,10.8119,0,-8.18613,2.67985,0,-77.2541,7.6086,4.81392,9.78588,-10.0518,2.58136,
0.7,0.626043,0.67057,-76.9,14.6084,-23.178,10.7072,0,-8.4986,2.783,0,-76.5181,7.52076,4.77081,10.1637,-10.4377,2.68064,
0.7,0.626112,0.670363,-76.3075,15.1116,-23.0275,10.6227,0,-8.78783,2.87874,0,-75.9299,7.44933,4.73657,10.5148,-10.7962,2.77287,
0.7,0.626184,0.670152,-75.7944,15.4666,-22.8986,10.5506,0,-8.99132,2.94642,0,-75.4208,7.38489,4.70741,10.763,-11.0486,2.83789,
0.7,0.626254,0.66992,-75.5688,15.4819,-22.8571,10.5192,0,-8.99767,2.94957,0,-75.1977,7.34905,4.69599,10.7748,-11.0583,2.84057,
0.7,0.62625,0.669499,-76.3143,14.9969,-23.1165,10.6249,0,-8.70935,2.85722,0,-75.9392,7.42602,4.74148,10.4393,-10.7099,2.7514,
0.7,0.626324,0.669287,-75.6929,14.8668,-22.956,10.536,0,-8.63092,2.83261,0,-75.3222,7.35103,4.70559,10.3498,-10.616,2.72743,
0.7,0.626393,0.669055,-75.3577,15.0579,-22.8806,10.4882,0,-8.73932,2.86937,0,-74.99,7.30536,4.6872,10.484,-10.7513,2.76236,
0.7,0.626461,0.668844,-75.0265,15.1634,-22.8067,10.4418,0,-8.79745,2.88964,0,-74.6617,7.26016,4.66905,10.5584,-10.8256,2.78162,
0.7,0.626529,0.668639,-74.7336,15.2767,-22.7438,10.3987,0,-8.85933,2.91125,0,-74.3716,7.21889,4.65324,10.6382,-10.9055,2.80231,
0.7,0.6266,0.668429,-74.5023,15.2844,-22.7049,10.3611,0,-8.8607,2.91292,0,-74.1426,7.18334,4.6413,10.6446,-10.9101,2.80363,
0.7,0.626739,0.667991,-73.6504,16.2832,-22.4974,10.239,0,-9.43354,3.10408,0,-73.2975,7.07435,4.59325,11.3424,-11.6208,2.98661,
0.7,0.627234,0.666554,-76.1504,9.58056,-23.4501,10.5752,0,-5.53516,1.82757,0,-75.7953,7.21524,4.7677,6.67738,-6.83349,1.75686,
0.7,0.627305,0.666332,-75.5821,12.0172,-23.3012,10.4952,0,-6.94068,2.29277,0,-75.2309,7.14715,4.73478,8.37649,-8.57062,2.2036,
0.7,0.627377,0.666135,-74.9278,12.5493,-23.1217,10.4048,0,-7.24463,2.39448,0,-74.5811,7.07071,4.69651,8.74807,-8.94941,2.3011,
0.7,0.62745,0.665933,-74.4543,12.8286,-23.0052,10.3357,0,-7.40308,2.44813,0,-74.1111,7.01199,4.66945,8.94356,-9.14778,2.35223,
0.7,0.627587,0.665505,-74.4915,12.1731,-23.0707,10.3389,0,-7.02009,2.324,0,-74.1508,6.98824,4.67687,8.48829,-8.67864,2.23187,
0.7,0.627656,0.665298,-73.9622,12.8991,-22.9324,10.2641,0,-7.4361,2.46317,0,-73.6253,6.92468,4.64624,8.99544,-9.19532,2.36489,
0.7,0.627729,0.665095,-73.6469,12.8809,-22.8592,10.2189,0,-7.42233,2.45996,0,-73.3128,6.8802,4.62922,8.98356,-9.18151,2.36147,
0.7,0.627794,0.664888,-73.461,12.964,-22.829,10.192,0,-7.46756,2.47636,0,-73.1289,6.85004,4.61992,9.04244,-9.23994,2.37663,
0.7,0.627921,0.664661,-72.8003,13.1143,-22.6743,10.0966,0,-7.5518,2.50579,0,-72.4736,6.76358,4.58301,9.14825,-9.34601,2.40407,
0.7,0.627985,0.664454,-72.7431,13.3039,-22.6821,10.0866,0,-7.65836,2.54273,0,-72.4179,6.74577,4.58174,9.28147,-9.48026,2.43875,
0.7,0.628055,0.664049,-73.3582,12.3775,-22.8998,10.1709,0,-7.11956,2.36647,0,-73.0316,6.78849,4.62316,8.63677,-8.81851,2.26877,
0.7,0.628119,0.663846,-73.1391,12.32,-22.8593,10.1376,0,-7.08395,2.35589,0,-72.8147,6.75575,4.61167,8.59749,-8.7767,2.25815,
0.7,0.628195,0.663624,-72.9922,12.1485,-22.8136,10.1276,0,-6.98322,2.3236,0,-72.6701,6.72372,4.60585,8.47875,-8.65353,2.22661,
0.7,0.628265,0.663434,-72.7614,12.2157,-22.7666,10.0935,0,-7.01784,2.33631,0,-72.4417,6.68792,4.594,8.52634,-8.70072,2.23886,
0.7,0.628328,0.663229,-72.7235,12.1136,-22.7806,10.0874,0,-6.95693,2.31708,0,-72.4052,6.6713,4.59406,8.45603,-8.62713,2.22007,
0.7,0.628394,0.663023,-72.6584,11.9679,-22.7866,10.0768,0,-6.87095,2.28948,0,-72.3417,6.6517,4.59249,8.35521,-8.52239,2.19326,
0.7,0.628459,0.662801,-72.7356,11.6694,-22.8348,10.0862,0,-6.69725,2.23254,0,-72.4198,6.64531,4.59987,8.14787,-8.30889,2.13848,
0.7,0.628523,0.662596,-72.6803,11.5317,-22.8412,10.0769,0,-6.61598,2.20638,0,-72.366,6.62717,4.59882,8.05259,-8.20987,2.11314,
0.7,0.628597,0.66239,-72.5365,11.3859,-22.8195,10.0571,0,-6.53025,2.17862,0,-72.2242,6.59816,4.59268,7.95169,-8.10515,2.08633,
0.7,0.628666,0.662184,-72.4686,11.3096,-22.8243,10.0461,0,-6.48451,2.16413,0,-72.158,6.5778,4.59103,7.89937,-8.04993,2.07226,
0.7,0.628734,0.661961,-72.5248,11.0284,-22.8669,10.0527,0,-6.32117,2.11044,0,-72.2153,6.56857,4.59726,7.70393,-7.84882,2.02064,
0.7,0.628809,0.661754,-72.3921,10.9092,-22.8497,10.0327,0,-6.25094,2.08773,0,-72.0845,6.54079,4.59178,7.6216,-7.76304,1.99871,
0.7,0.628876,0.661549,-72.3238,10.8381,-22.8539,10.0228,0,-6.20816,2.0742,0,-72.0178,6.52043,4.59009,7.57279,-7.71155,1.98559,
0.7,0.628946,0.661286,-72.5876,10.3077,-22.9624,10.0578,0,-5.90856,1.97491,0,-72.2818,6.52956,4.60956,7.20387,-7.33253,1.88826,
0.7,0.629015,0.66106,-72.5906,10.0664,-22.9903,10.055,0,-5.76866,1.92885,0,-72.2861,6.51571,4.61238,7.03618,-7.15999,1.84398,
0.7,0.629092,0.66086,-72.3009,10.1274,-22.9225,10.0124,0,-5.80122,1.94036,0,-71.9991,6.4734,4.59702,7.07958,-7.20258,1.85507,
0.7,0.629235,0.660654,-71.5453,10.1442,-22.7338,9.90372,0,-5.80894,1.9436,0,-71.2493,6.3762,4.55447,7.09215,-7.21373,1.85807,
0.7,0.629306,0.66023,-72.1843,9.88431,-22.9618,9.98991,0,-5.65619,1.89377,0,-71.887,6.41828,4.59792,6.91211,-7.02726,1.8103,
0.7,0.629383,0.660028,-71.9311,9.70923,-22.9058,9.95223,0,-5.55408,1.86027,0,-71.6362,6.37953,4.58481,6.7905,-6.90197,1.77816,
0.7,0.629454,0.659826,-71.7786,9.70392,-22.8823,9.92906,0,-5.54912,1.85924,0,-71.4857,6.35118,4.57785,6.78758,-6.89741,1.77711,
0.7,0.629528,0.659623,-71.6679,9.57609,-22.8725,9.91302,0,-5.47412,1.83474,0,-71.3768,6.32612,4.57363,6.69896,-6.80575,1.75362,
0.7,0.629588,0.659425,-71.6246,9.55406,-22.8862,9.89969,0,-5.45917,1.83041,0,-71.3348,6.31135,4.57291,6.68429,-6.78934,1.74951,
0.7,0.629662,0.659203,-71.6736,9.13341,-22.9262,9.90421,0,-5.21722,1.75004,0,-71.3849,6.3004,4.57888,6.39087,-6.48954,1.67239,
0.7,0.629742,0.659002,-71.5059,9.06251,-22.8958,9.87897,0,-5.17483,1.73651,0,-71.2194,6.2695,4.57117,6.342,-6.43842,1.65934,
0.7,0.629814,0.658801,-71.4181,9.01531,-22.8918,9.86644,0,-5.14597,1.7275,0,-71.1332,6.24735,4.56825,6.30971,-6.40414,1.65062,
0.7,0.629884,0.658606,-71.2962,8.9905,-22.8785,9.84708,0,-5.12951,1.72267,0,-71.0129,6.22315,4.56297,6.29306,-6.3858,1.64601,
0.7,0.629954,0.658386,-71.3891,8.64233,-22.9324,9.85837,0,-4.92935,1.65617,0,-71.1067,6.21713,4.57154,6.05014,-6.1377,1.58218,
0.7,0.630031,0.658185,-71.2562,8.52212,-22.9133,9.83806,0,-4.85904,1.63332,0,-70.9757,6.18981,4.56596,5.9667,-6.05163,1.56011,
0.7,0.630103,0.657985,-71.1797,8.44607,-22.9134,9.82721,0,-4.8139,1.61888,0,-70.9008,6.1684,4.5638,5.91413,-5.99693,1.54611,
0.7,0.630174,0.657791,-71.0797,8.3668,-22.9077,9.81093,0,-4.76653,1.60371,0,-70.8024,6.14557,4.56003,5.85924,-5.94002,1.53154,
0.7,0.630252,0.657571,-71.1008,8.04822,-22.9382,9.81187,0,-4.58359,1.54296,0,-70.8248,6.1313,4.56437,5.63689,-5.7131,1.47315,
0.7,0.630325,0.657372,-71.002,8.00322,-22.9305,9.79613,0,-4.5563,1.53458,0,-70.7277,6.10797,4.56078,5.60602,-5.68051,1.46485,
0.7,0.6304,0.657172,-70.915,7.87627,-22.9266,9.78299,0,-4.48243,1.5104,0,-70.6424,6.08552,4.55798,5.51773,-5.58977,1.44155,
0.7,0.630476,0.656977,-70.7681,7.82758,-22.9046,9.75995,0,-4.45271,1.5011,0,-70.4973,6.05782,4.55134,5.48419,-5.55464,1.43258,
0.7,0.630553,0.656757,-70.7987,7.56826,-22.9382,9.76177,0,-4.30385,1.45159,0,-70.5291,6.04492,4.55619,5.30319,-5.36992,1.38505,
0.7,0.630715,0.656557,-69.9439,7.62608,-22.7078,9.64072,0,-4.33512,1.46287,0,-69.6803,5.93935,4.50723,5.3443,-5.41036,1.39558,
0.7,0.630791,0.656357,-69.9911,7.96453,-22.7483,9.64435,0,-4.52585,1.52794,0,-69.7286,5.92833,4.51307,5.58209,-5.64986,1.45745,
0.7,0.630867,0.655941,-70.6526,7.12023,-22.987,9.73338,0,-4.04303,1.36632,0,-70.3889,5.96877,4.55862,4.99147,-5.0498,1.30284,
0.7,0.630944,0.65574,-70.4786,6.8921,-22.9537,9.70742,0,-3.91203,1.3228,0,-70.2169,5.93846,4.55029,4.83207,-4.88748,1.26104,
0.7,0.63103,0.655539,-70.276,6.81478,-22.9106,9.6781,0,-3.86669,1.30816,0,-70.0165,5.90385,4.54046,4.77837,-4.83213,1.24684,
0.7,0.631107,0.655342,-70.189,6.72155,-22.9072,9.66256,0,-3.81207,1.29036,0,-69.9312,5.88123,4.53769,4.71347,-4.76555,1.22974,
0.7,0.631185,0.65512,-70.2585,6.43106,-22.9533,9.66942,0,-3.6462,1.23489,0,-70.0017,5.8715,4.54507,4.51034,-4.55902,1.17654,
0.7,0.631263,0.654918,-70.1929,6.2777,-22.9553,9.65766,0,-3.55791,1.20571,0,-69.9376,5.85084,4.54364,4.40326,-4.44983,1.14843,
0.7,0.631346,0.654715,-70.0368,6.22942,-22.9273,9.6348,0,-3.52923,1.19665,0,-69.7835,5.82159,4.53655,4.36986,-4.41513,1.13955,
0.7,0.631502,0.654517,-69.2753,6.19911,-22.7261,9.52544,0,-3.51046,1.19098,0,-69.0271,5.72883,4.4927,4.34904,-4.3932,1.13396,
0.7,0.631587,0.654094,-70.0067,5.82169,-22.9888,9.62388,0,-3.2944,1.11903,0,-69.7574,5.7726,4.54324,4.08514,-4.12483,1.06483,
0.7,0.631664,0.653893,-69.8828,5.57193,-22.9727,9.60821,0,-3.15188,1.07122,0,-69.6351,5.74722,4.53801,3.91028,-3.94748,1.01911,
0.7,0.631743,0.653698,-69.758,5.46559,-22.9541,9.58714,0,-3.0903,1.05087,0,-69.512,5.72202,4.53268,3.836,-3.87179,0.999629,
0.7,0.631817,0.6535,-69.6623,5.43834,-22.9495,9.57275,0,-3.07368,1.0458,0,-69.4179,5.70022,4.52905,3.81726,-3.85211,0.994606,
0.7,0.6319,0.653282,-69.6767,5.08809,-22.9782,9.57345,0,-2.87474,0.978615,0,-69.4335,5.68564,4.53291,3.5718,-3.60363,0.930511,
0.7,0.631978,0.653086,-69.5877,5.00002,-22.9728,9.55965,0,-2.82386,0.961781,0,-69.346,5.66383,4.52982,3.5103,-3.54092,0.914372,
0.7,0.632056,0.652894,-69.4512,4.96818,-22.9513,9.53935,0,-2.80454,0.955639,0,-69.2111,5.63885,4.52351,3.48824,-3.51806,0.908517,
0.7,0.632133,0.65268,-69.5171,4.66321,-22.9984,9.54606,0,-2.63151,0.897069,0,-69.2779,5.63107,4.53024,3.27448,-3.30174,0.852711,
0.7,0.632209,0.652489,-69.384,4.63697,-22.9781,9.52755,0,-2.61565,0.892062,0,-69.1463,5.60713,4.52401,3.25635,-3.28286,0.847883,
0.7,0.632293,0.652298,-69.2168,4.52458,-22.9449,9.50358,0,-2.55121,0.870443,0,-68.981,5.57883,4.51585,3.1777,-3.20301,0.827304,
0.7,0.632371,0.652114,-69.0537,4.58906,-22.9149,9.47925,0,-2.58628,0.882759,0,-68.8194,5.55275,4.50761,3.22323,-3.2484,0.839069,
0.7,0.63245,0.651906,-69.0923,4.28007,-22.9499,9.48271,0,-2.41129,0.823363,0,-68.859,5.54235,4.51263,3.00652,-3.02937,0.782541,
0.7,0.63262,0.651717,-68.1926,4.27382,-22.6946,9.35671,0,-2.4068,0.822171,0,-67.9647,5.44167,4.45916,3.00238,-3.02467,0.78137,
0.7,0.632703,0.651348,-69.0042,3.90775,-22.9889,9.46573,0,-2.19868,0.751632,0,-68.7747,5.49296,4.51473,2.74566,-2.76514,0.714396,
0.7,0.632787,0.651162,-68.6384,4.1128,-22.889,9.41436,0,-2.31307,0.791045,0,-68.4112,5.45036,4.4933,2.88998,-2.90998,0.751857,
0.7,0.632876,0.650958,-68.5664,3.74772,-22.8864,9.4029,0,-2.10699,0.720878,0,-68.3406,5.42976,4.49134,2.63371,-2.6514,0.685089,
0.7,0.632961,0.65077,-68.4176,3.75798,-22.8591,9.38201,0,-2.11192,0.722842,0,-68.1935,5.40439,4.48412,2.64115,-2.65841,0.68694,
0.7,0.633047,0.650586,-68.2718,3.66368,-22.8333,9.36028,0,-2.05796,0.704643,0,-68.0492,5.37896,4.47714,2.57509,-2.59149,0.669681,
0.7,0.633144,0.650397,-68.0798,3.56068,-22.7836,9.31992,0,-1.99931,0.684832,0,-67.8591,5.34872,4.46736,2.50292,-2.5184,0.65083,
0.7,0.63323,0.650189,-68.1564,3.35097,-22.8302,9.32881,0,-1.88092,0.644562,0,-67.9366,5.34115,4.47491,2.35576,-2.36983,0.612474,
0.7,0.633321,0.649961,-68.3013,2.89915,-22.8991,9.34688,0,-1.62683,0.557716,0,-68.0822,5.33799,4.48711,2.03836,-2.05006,0.529868,
0.7,0.633405,0.649776,-68.1598,2.90854,-22.8752,9.32637,0,-1.63133,0.559476,0,-67.9421,5.31438,4.48014,2.04513,-2.05653,0.531568,
0.7,0.633493,0.649584,-68.0277,2.83151,-22.852,9.30698,0,-1.58751,0.544669,0,-67.8114,5.29118,4.47385,1.99115,-2.00187,0.51747,
0.7,0.633588,0.649372,-68.0127,2.53999,-22.868,9.30332,0,-1.42357,0.488675,0,-67.7977,5.27551,4.47555,1.78633,-1.79558,0.464174,
0.7,0.633677,0.649218,-67.6096,2.86105,-22.7537,9.2473,0,-1.60273,0.550358,0,-67.397,5.23092,4.4515,2.01227,-2.0224,0.522832,
0.7,0.633767,0.648989,-67.8154,2.35905,-22.8461,9.27484,0,-1.32101,0.453826,0,-67.6032,5.23377,4.46747,1.65937,-1.66737,0.431077,
0.7,0.633862,0.648794,-67.6827,2.24084,-22.8214,9.25682,0,-1.25433,0.431112,0,-67.472,5.2096,4.46131,1.57636,-1.58367,0.409462,
0.7,0.633955,0.648579,-67.7276,1.96823,-22.8568,9.26247,0,-1.10136,0.378752,0,-67.5179,5.19935,4.46681,1.38474,-1.39087,0.359635,
0.7,0.634056,0.648382,-67.5117,1.96191,-22.8033,9.23224,0,-1.0974,0.377562,0,-67.3038,5.16767,4.45537,1.38042,-1.38626,0.358466,
0.7,0.63415,0.648191,-67.3854,1.90129,-22.783,9.2143,0,-1.06299,0.365889,0,-67.179,5.14465,4.44951,1.33789,-1.34331,0.347379,
0.7,0.634345,0.647995,-66.4315,1.876,-22.4993,9.08485,0,-1.04843,0.361039,0,-66.2302,5.04411,4.39166,1.32019,-1.32533,0.342746,
0.7,0.634448,0.647779,-66.5351,2.24089,-22.5555,9.0948,0,-1.2519,0.431332,0,-66.3346,5.03685,4.40131,1.57713,-1.58297,0.409397,
0.7,0.634544,0.647582,-66.5559,2.0238,-22.5855,9.09668,0,-1.13016,0.389573,0,-66.3565,5.02532,4.40512,1.42448,-1.42947,0.369722,
0.7,0.634643,0.647392,-66.4988,1.83311,-22.5853,9.09101,0,-1.02316,0.352858,0,-66.3005,5.00747,4.40384,1.29035,-1.29469,0.334875,
0.7,0.634745,0.647196,-66.4384,1.66689,-22.5843,9.08227,0,-0.929981,0.320904,0,-66.2414,4.98959,4.40231,1.17343,-1.1772,0.304501,
0.7,0.634852,0.646789,-67.4389,0.290564,-22.9438,9.2179,0,-0.161974,0.055958,0,-67.2401,5.04985,4.47136,0.204578,-0.205172,0.0530759,
0.7,0.634953,0.6466,-66.9974,0.646955,-22.8154,9.15692,0,-0.360446,0.124593,0,-66.8008,5.00398,4.44446,0.455528,-0.456799,0.118173,
0.7,0.635058,0.646407,-66.7497,0.461106,-22.75,9.12289,0,-0.256784,0.0888124,0,-66.5549,4.97221,4.43049,0.324689,-0.325555,0.0842239,
0.7,0.635124,0.646215,-66.8544,0.48018,-22.811,9.13431,0,-0.267282,0.0924979,0,-66.6603,4.96782,4.43969,0.338139,-0.339002,0.0877059,
0.7,0.635232,0.646005,-66.727,-0.0166944,-22.7866,9.11648,0,0.00928859,-0.00321669,0,-66.5343,4.94481,4.43374,-0.0117569,0.0117853,-0.00304919,
0.7,0.635335,0.645815,-66.4699,0.134132,-22.7206,9.08162,0,-0.0745931,0.0258485,0,-66.2788,4.91406,4.41882,0.0944661,-0.0946845,0.0244984,
0.7,0.635441,0.645881,-64.4165,2.30283,-22.0372,8.80142,0,-1.27899,0.443446,0,-64.2321,4.75064,4.28446,1.62162,-1.62577,0.420615,
0.7,0.635547,0.64569,-64.5948,1.8852,-22.1172,8.82607,0,-1.04652,0.363088,0,-64.4109,4.75206,4.2985,1.32759,-1.33086,0.344327,
0.7,0.635651,0.6455,-64.7321,1.50774,-22.1849,8.84404,0,-0.83657,0.290456,0,-64.5487,4.75069,4.30976,1.06182,-1.06435,0.27538,
0.7,0.635763,0.64529,-64.8934,1.03197,-22.2587,8.86702,0,-0.572336,0.198853,0,-64.7105,4.74947,4.32291,0.726802,-0.728452,0.18848,
0.7,0.635874,0.645104,-64.8514,0.840966,-22.2621,8.86217,0,-0.466125,0.162061,0,-64.6696,4.73451,4.32232,0.592295,-0.593607,0.153593,
0.7,0.63598,0.644914,-64.8617,0.659307,-22.284,8.86395,0,-0.365276,0.127004,0,-64.6806,4.72375,4.32513,0.464369,-0.46536,0.120412,
0.7,0.636085,0.644724,-64.8847,0.400288,-22.3125,8.86683,0,-0.221662,0.0771237,0,-64.7045,4.71451,4.32869,0.281945,-0.282525,0.0731054,
0.7,0.636197,0.644511,-64.9431,0.0938044,-22.3506,8.87539,0,-0.0519225,0.0180787,0,-64.7636,4.70625,4.33489,0.0660751,-0.0662042,0.0171314,
0.7,0.636417,0.644124,-65.0839,-1.07519,-22.436,8.89688,0,0.594533,-0.207271,0,-64.9058,4.69328,4.34858,-0.75741,0.758771,-0.196353,
0.7,0.636525,0.643927,-64.8837,-0.343548,-22.3854,8.86955,0,0.189876,-0.0662461,0,-64.707,4.66736,4.33733,-0.24202,0.242437,-0.0627387,
0.7,0.636632,0.643712,-64.9767,-0.89857,-22.4384,8.88198,0,0.496425,-0.173305,0,-64.8005,4.66315,4.34555,-0.633051,0.634072,-0.164093,
0.7,0.636744,0.64352,-64.8162,-1.01086,-22.401,8.85969,0,0.558152,-0.194971,0,-64.6414,4.63932,4.3371,-0.71218,0.713282,-0.184596,
0.7,0.636856,0.643324,-64.7314,-1.17061,-22.3896,8.84835,0,0.646064,-0.225817,0,-64.5576,4.62182,4.33354,-0.824764,0.825974,-0.213766,
0.7,0.636964,0.643128,-64.676,-1.30712,-22.389,8.84074,0,0.721063,-0.252193,0,-64.5032,4.60661,4.33191,-0.920979,0.922258,-0.23869,
0.7,0.637077,0.642913,-64.7185,-1.65982,-22.4235,8.84546,0,0.915246,-0.320298,0,-64.5465,4.59627,4.33722,-1.16954,1.17104,-0.303088,
0.7,0.637186,0.642718,-64.6082,-1.71874,-22.4041,8.83167,0,0.947283,-0.3317,0,-64.4373,4.57704,4.33193,-1.2111,1.21257,-0.313842,
0.7,0.637294,0.642529,-64.4712,-1.79045,-22.3754,8.81316,0,0.986253,-0.345544,0,-64.3015,4.55644,4.32476,-1.26166,1.26313,-0.326934,
0.7,0.637407,0.642335,-64.3347,-1.90662,-22.3465,8.79462,0,1.04974,-0.368012,0,-64.1661,4.53594,4.31761,-1.34357,1.34504,-0.348142,
0.7,0.637514,0.642142,-64.2694,-2.04759,-22.3452,8.78573,0,1.12682,-0.395248,0,-64.1018,4.52115,4.31512,-1.44295,1.44443,-0.373876,
0.7,0.63763,0.641933,-64.2477,-2.34762,-22.3558,8.78292,0,1.29128,-0.453184,0,-64.081,4.50774,4.31586,-1.65444,1.65603,-0.428654,
0.7,0.637742,0.641738,-64.1419,-2.44119,-22.3374,8.76898,0,1.34211,-0.471274,0,-63.9763,4.48935,4.31078,-1.72044,1.72197,-0.445732,
0.7,0.637859,0.641543,-63.973,-2.48979,-22.2962,8.74694,0,1.36819,-0.480702,0,-63.8087,4.46661,4.30145,-1.75475,1.75619,-0.4546,
0.7,0.637977,0.641329,-63.9519,-2.74211,-22.3088,8.74479,0,1.50624,-0.529483,0,-63.7885,4.45341,4.3022,-1.93266,1.93407,-0.50066,
0.7,0.638206,0.641139,-62.8686,-2.60818,-21.9668,8.59817,0,1.43188,-0.50361,0,-62.7096,4.35627,4.23333,-1.8383,1.83956,-0.476201,
0.7,0.638324,0.640945,-62.8691,-2.12089,-21.9845,8.59842,0,1.16382,-0.409533,0,-62.7109,4.34554,4.23536,-1.4949,1.49582,-0.387227,
0.7,0.638439,0.640749,-62.914,-2.40091,-22.0201,8.60353,0,1.31686,-0.463628,0,-62.7564,4.33835,4.24029,-1.69233,1.69326,-0.438347,
0.7,0.638559,0.640553,-62.8859,-2.67284,-22.028,8.60024,0,1.46534,-0.51614,0,-62.7292,4.3246,4.24057,-1.88406,1.88497,-0.487986,
0.7,0.638675,0.640146,-64.043,-4.14446,-22.4515,8.75828,0,2.27002,-0.800321,0,-63.8842,4.39297,4.32066,-2.92161,2.92257,-0.756639,
0.7,0.638792,0.63995,-63.6988,-3.96186,-22.3487,8.71122,0,2.16902,-0.765124,0,-63.5417,4.35808,4.29953,-2.793,2.79369,-0.723291,
0.7,0.638911,0.639754,-63.4511,-4.10405,-22.2811,8.67788,0,2.24583,-0.792631,0,-63.2954,4.33035,4.2848,-2.89335,2.89384,-0.749238,
0.7,0.639035,0.639542,-63.2842,-4.16786,-22.2396,8.65521,0,2.27963,-0.804991,0,-63.1298,4.30666,4.2758,-2.93846,2.93869,-0.760872,
0.7,0.639191,0.639344,-62.7884,-4.10435,-22.1072,8.58797,0,2.24388,-0.792814,0,-62.6356,4.26776,4.24326,-2.89381,2.89378,-0.749264,
0.7,0.639406,0.638947,-63.0503,-5.16127,-22.2109,8.62308,0,2.81919,-0.997262,0,-62.8989,4.25675,4.26628,-3.63934,3.63863,-0.942175,
0.7,0.639529,0.638738,-62.8184,-4.54221,-22.1469,8.59264,0,2.47981,-0.877716,0,-62.6683,4.22958,4.25271,-3.20297,3.20204,-0.829151,
0.7,0.639654,0.638547,-62.5854,-4.77179,-22.0818,8.56108,0,2.60389,-0.922189,0,-62.4367,4.2024,4.23906,-3.36499,3.36374,-0.871044,
0.7,0.639783,0.638357,-62.3325,-4.76603,-22.0088,8.52727,0,2.59951,-0.921215,0,-62.1853,4.17367,4.2241,-3.36107,3.35953,-0.869978,
0.7,0.639908,0.638164,-62.1794,-4.83772,-21.9718,8.50729,0,2.63737,-0.935285,0,-62.0333,4.15173,4.21588,-3.41178,3.40992,-0.883049,
0.7,0.640035,0.637974,-61.9844,-4.88072,-21.9222,8.48142,0,2.65936,-0.943684,0,-61.8397,4.12654,4.20491,-3.44224,3.44008,-0.890883,
0.7,0.64016,0.637761,-62.0152,-5.16714,-21.9503,8.48684,0,2.81427,-0.999298,0,-61.8712,4.11677,4.20918,-3.64445,3.64174,-0.943141,
0.7,0.640283,0.637568,-61.8721,-5.22734,-21.9172,8.46759,0,2.8457,-1.0111,0,-61.7292,4.09563,4.20161,-3.68708,3.684,-0.954112,
0.7,0.640409,0.637378,-61.7162,-5.34171,-21.8815,8.44647,0,2.90655,-1.03343,0,-61.5746,4.074,4.19312,-3.76791,3.76442,-0.974969,
0.7,0.640532,0.637191,-61.5643,-5.38592,-21.8453,8.42544,0,2.92895,-1.04209,0,-61.4237,4.05212,4.18498,-3.79924,3.79543,-0.983022,
0.7,0.640662,0.63698,-61.5411,-5.69639,-21.8541,8.42221,0,3.09651,-1.10245,0,-61.4015,4.03698,4.18591,-4.0185,4.01397,-1.03966,
0.7,0.640786,0.636788,-61.4216,-5.75188,-21.8291,8.40575,0,3.12516,-1.11341,0,-61.2831,4.01701,4.18002,-4.05784,4.05287,-1.04977,
0.7,0.640915,0.636596,-61.2704,-5.88112,-21.7925,8.38658,0,3.19383,-1.13867,0,-61.1331,3.99503,4.17196,-4.14923,4.14371,-1.07334,
0.7,0.641059,0.636407,-60.9592,-5.85222,-21.6995,8.34258,0,3.17631,-1.13314,0,-60.8236,3.95919,4.15364,-4.129,4.12317,-1.06804,
0.7,0.641174,0.636194,-61.1228,-6.11603,-21.776,8.36581,0,3.31814,-1.18449,0,-60.9876,3.95975,4.16664,-4.31542,4.30875,-1.11616,
0.7,0.641302,0.635999,-60.9824,-6.27752,-21.7431,8.34645,0,3.40419,-1.21599,0,-60.8483,3.93806,4.15939,-4.42961,4.42227,-1.14561,
0.7,0.641434,0.635805,-60.8329,-6.44823,-21.7082,8.3252,0,3.49515,-1.24936,0,-60.7,3.91616,4.15146,-4.55033,4.54226,-1.17673,
0.7,0.641564,0.63561,-60.7165,-6.52356,-21.6841,8.31046,0,3.53436,-1.26421,0,-60.5846,3.89598,4.14585,-4.60377,4.59504,-1.19045,
0.7,0.641697,0.6354,-60.6623,-6.76574,-21.6817,8.30265,0,3.6637,-1.31134,0,-60.5315,3.87891,4.14466,-4.77496,4.76533,-1.23462,
0.7,0.641965,0.635206,-59.4228,-6.67948,-21.2746,8.13234,0,3.61527,-1.29486,0,-59.2965,3.77304,4.06487,-4.71436,4.7043,-1.21885,
0.7,0.642091,0.635013,-59.4986,-5.9797,-21.3195,8.14285,0,3.23496,-1.15945,0,-59.3729,3.76549,4.07234,-4.2207,4.21119,-1.09113,
0.7,0.642224,0.634632,-60.5669,-7.49708,-21.7196,8.28908,0,4.0517,-1.45396,0,-60.4399,3.81898,4.14806,-5.29232,5.27918,-1.36794,
0.7,0.642353,0.63442,-60.4155,-7.51187,-21.6827,8.26833,0,4.058,-1.45712,0,-60.2896,3.79678,4.14001,-5.30314,5.28921,-1.3706,
0.7,0.642475,0.634228,-60.2959,-7.7901,-21.6602,8.25165,0,4.20631,-1.51136,0,-60.1711,3.77724,4.13404,-5.49989,5.48478,-1.42133,
0.7,0.642598,0.634041,-60.1411,-7.88969,-21.6225,8.22995,0,4.25771,-1.53072,0,-60.0173,3.75512,4.12571,-5.57049,5.55459,-1.43947,
0.7,0.642728,0.63383,-60.1015,-8.15709,-21.6258,8.22399,0,4.40024,-1.58289,0,-59.9787,3.73893,4.12551,-5.75972,5.7424,-1.48821,
0.7,0.642851,0.63364,-59.9832,-8.22456,-21.6015,8.20713,0,4.43454,-1.59613,0,-59.8614,3.71959,4.1196,-5.80771,5.78953,-1.50049,
0.7,0.642977,0.63345,-59.7967,-8.20377,-21.5519,8.18161,0,4.42119,-1.59223,0,-59.676,3.69609,4.10899,-5.79337,5.77455,-1.49666,
0.7,0.643097,0.633267,-59.6788,-8.34753,-21.5301,8.16503,0,4.4961,-1.61999,0,-59.559,3.67739,4.10298,-5.89518,5.87542,-1.52285,
0.7,0.643226,0.63306,-59.6501,-8.66023,-21.5373,8.16091,0,4.66263,-1.68079,0,-59.5312,3.66214,4.10349,-6.11646,6.09505,-1.57985,
0.7,0.643348,0.632874,-59.5198,-8.68758,-21.5083,8.14236,0,4.67519,-1.68612,0,-59.402,3.64194,4.09677,-6.13617,6.11388,-1.5848,
0.7,0.64347,0.632689,-59.3904,-8.77825,-21.4848,8.12109,0,4.72171,-1.70378,0,-59.2735,3.62298,4.0899,-6.20054,6.17734,-1.6013,
0.7,0.64359,0.63251,-59.2493,-8.85287,-21.452,8.10058,0,4.75911,-1.7181,0,-59.1334,3.60217,4.08242,-6.25355,6.22953,-1.61488,
0.7,0.643627,0.632326,-59.8691,-8.97797,-21.7022,8.18824,0,4.824,-1.74236,0,-59.7517,3.64369,4.12442,-6.34226,6.31719,-1.63766,
0.7,0.643755,0.632124,-59.7115,-9.86634,-21.663,8.1654,0,5.29907,-1.91487,0,-59.5953,3.62069,4.11603,-6.97026,6.94182,-1.79966,
0.7,0.643871,0.63194,-59.538,-9.80292,-21.6209,8.1397,0,5.26249,-1.9026,0,-59.4228,3.59853,4.10621,-6.92583,6.8968,-1.78805,
0.7,0.643988,0.631756,-59.3674,-9.82541,-21.5775,8.11574,0,5.27208,-1.90693,0,-59.2532,3.57629,4.09663,-6.94211,6.9122,-1.79211,
0.7,0.644103,0.631559,-59.322,-10.0006,-21.5799,8.10996,0,5.3633,-1.94079,0,-59.2087,3.56182,4.09566,-7.06626,7.03498,-1.82401,
0.7,0.644223,0.631378,-59.111,-10.062,-21.5231,8.07932,0,5.39361,-1.95265,0,-58.9988,3.53632,4.08345,-7.11005,7.07779,-1.83517,
0.7,0.644457,0.631031,-58.8855,-10.4595,-21.4781,8.04856,0,5.59968,-2.02928,0,-58.7752,3.49921,4.07222,-7.39153,7.35669,-1.90759,
0.7,0.644579,0.630852,-58.6626,-10.2128,-21.415,8.01746,0,5.465,-1.98146,0,-58.5536,3.47287,4.05921,-7.21767,7.18278,-1.86256,
0.7,0.644697,0.630655,-58.6534,-10.4729,-21.43,8.01596,0,5.6017,-2.03207,0,-58.5451,3.46038,4.06077,-7.40194,7.36513,-1.90993,
0.7,0.644817,0.630477,-58.4797,-10.5552,-21.3858,7.99144,0,5.64293,-2.04813,0,-58.3723,3.43885,4.05081,-7.46057,7.42261,-1.92491,
0.7,0.644933,0.630303,-58.3113,-10.5326,-21.3422,7.96951,0,5.62753,-2.04359,0,-58.205,3.41739,4.04127,-7.4449,7.40629,-1.92073,
0.7,0.645058,0.630125,-58.1241,-10.6672,-21.2903,7.94365,0,5.69675,-2.06978,0,-58.0189,3.39331,4.03071,-7.54056,7.50048,-1.94524,
0.7,0.645889,0.628876,-57.5193,-11.5817,-21.1718,7.86997,0,6.16315,-2.24794,0,-57.42,3.27576,4.00388,-8.18977,8.1404,-2.11167,
0.7,0.646123,0.628538,-57.3561,-12.1033,-21.1463,7.84611,0,6.43349,-2.34926,0,-57.2585,3.24316,3.9968,-8.55942,8.50619,-2.20669,
0.7,0.646238,0.628348,-57.246,-11.6538,-21.1249,7.82927,0,6.19163,-2.26244,0,-57.1492,3.2266,3.99102,-8.242,8.18976,-2.12468,
0.7,0.646348,0.628175,-57.1315,-11.8714,-21.1012,7.81368,0,6.30404,-2.30491,0,-57.0354,3.2097,3.98495,-8.39629,8.34223,-2.1643,
0.7,0.646467,0.628007,-56.9443,-11.995,-21.0498,7.78727,0,6.36583,-2.32897,0,-56.8492,3.18758,3.97403,-8.48405,8.42879,-2.18681,
0.7,0.646699,0.627817,-56.0335,-12.1349,-20.7486,7.66205,0,6.43706,-2.35656,0,-55.9411,3.11603,3.91424,-8.58346,8.52657,-2.21226,
0.7,0.646811,0.627419,-57.0862,-12.5733,-21.1591,7.80578,0,6.67055,-2.44546,0,-56.9927,3.16448,3.98963,-8.89546,8.83277,-2.292,
0.7,0.646928,0.627249,-56.8589,-12.8323,-21.0927,7.77381,0,6.80422,-2.49617,0,-56.7664,3.14081,3.97578,-9.07897,9.01429,-2.33916,
0.7,0.647041,0.627084,-56.683,-12.8658,-21.0454,7.74927,0,6.81776,-2.50282,0,-56.5913,3.12105,3.96532,-9.10296,9.03756,-2.34525,
0.7,0.647153,0.626897,-56.7088,-13.1693,-21.075,7.75099,0,6.9752,-2.56254,0,-56.6176,3.11305,3.96885,-9.31813,9.25037,-2.40054,
0.7,0.647271,0.626727,-56.5211,-13.1966,-21.0231,7.72541,0,6.98579,-2.56819,0,-56.4307,3.09284,3.95753,-9.33768,9.26917,-2.40546,
0.7,0.647391,0.626561,-56.3162,-13.2439,-20.9643,7.69648,0,7.00634,-2.57748,0,-56.2268,3.07066,3.9452,-9.37143,9.30219,-2.41407,
0.7,0.647505,0.626392,-56.2189,-13.3082,-20.9458,7.68254,0,7.03644,-2.59025,0,-56.1302,3.05576,3.94014,-9.41716,9.34702,-2.42575,
0.7,0.647617,0.626205,-56.2635,-13.5918,-20.9821,7.68683,0,7.18279,-2.64594,0,-56.1753,3.04917,3.94492,-9.61821,9.54584,-2.47741,
0.7,0.647736,0.626037,-56.0636,-13.5154,-20.9243,7.6589,0,7.13843,-2.63124,0,-55.9762,3.02919,3.93259,-9.56436,9.49188,-2.46344,
0.7,0.647969,0.625707,-55.8847,-14.1139,-20.8922,7.63353,0,7.44531,-2.74776,0,-55.7986,3.00061,3.92351,-9.98819,9.9118,-2.57248,
0.7,0.648084,0.625524,-55.8546,-13.9945,-20.9,7.62813,0,7.37839,-2.72488,0,-55.769,2.99022,3.923,-9.90397,9.82772,-2.5507,
0.7,0.6482,0.625359,-55.6956,-14.1216,-20.858,7.6071,0,7.44108,-2.74968,0,-55.6108,2.97266,3.91349,-9.99404,9.91679,-2.57384,
0.7,0.648329,0.625199,-55.4025,-14.0928,-20.7641,7.56749,0,7.42095,-2.74383,0,-55.3186,2.94697,3.89474,-9.97372,9.89648,-2.56859,
0.7,0.64845,0.625036,-55.2452,-14.1025,-20.7222,7.54659,0,7.42163,-2.74569,0,-55.1621,2.92953,3.88534,-9.98066,9.90317,-2.57034,
0.7,0.648569,0.624858,-55.2252,-14.3182,-20.7337,7.54321,0,7.53093,-2.78779,0,-55.1426,2.92,3.88549,-10.1334,10.0544,-2.60963,
0.7,0.648682,0.624697,-55.1205,-14.3595,-20.7119,7.52829,0,7.54805,-2.79584,0,-55.0385,2.90794,3.87932,-10.1627,10.0834,-2.61715,
0.7,0.648812,0.62454,-54.8544,-14.4217,-20.6275,7.4928,0,7.57554,-2.80763,0,-54.7732,2.88505,3.86222,-10.2068,10.1271,-2.62849,
0.7,0.648941,0.624378,-54.6558,-14.4484,-20.5686,7.46599,0,7.58508,-2.81276,0,-54.5755,2.86471,3.85005,-10.2257,10.1457,-2.63334,
0.7,0.649065,0.6242,-54.6311,-14.5692,-20.577,7.46246,0,7.64434,-2.83654,0,-54.5513,2.8546,3.84993,-10.3113,10.2304,-2.65534,
0.7,0.649189,0.62404,-54.4659,-14.6617,-20.5311,7.44133,0,7.68822,-2.85438,0,-54.3868,2.83719,3.83989,-10.3768,10.2953,-2.67218,
0.7,0.649321,0.623885,-54.2198,-14.6209,-20.4537,7.40867,0,7.66139,-2.84598,0,-54.1416,2.81553,3.82417,-10.3478,10.2667,-2.66474,
0.7,0.649572,0.623726,-53.0532,-14.6009,-20.047,7.24896,0,7.64617,-2.84205,0,-52.9776,2.73752,3.74508,-10.3336,10.2526,-2.66109,
0.7,0.649695,0.623566,-53.1254,-13.9202,-20.0903,7.26003,0,7.28524,-2.70955,0,-53.0501,2.73312,3.75166,-9.85184,9.77466,-2.53704,
0.7,0.649821,0.623234,-53.8618,-14.713,-20.3842,7.36111,0,7.69035,-2.86385,0,-53.7859,2.76251,3.80522,-10.4129,10.3314,-2.68152,
0.7,0.649961,0.623072,-53.621,-15.0708,-20.3071,7.32886,0,7.87255,-2.93351,0,-53.5459,2.74057,3.78997,-10.6661,10.5826,-2.74674,
0.7,0.650089,0.62291,-53.4916,-15.056,-20.2752,7.31068,0,7.85996,-2.93082,0,-53.4172,2.72557,3.78236,-10.6555,10.5722,-2.74404,
0.7,0.650346,0.622574,-53.4181,-16.163,-20.2787,7.30279,0,8.42728,-3.14653,0,-53.3447,2.70527,3.7802,-11.4389,11.3496,-2.94578,
0.7,0.650486,0.622412,-53.1881,-15.4121,-20.206,7.27252,0,8.03085,-3.00057,0,-53.1155,2.68471,3.76555,-10.9074,10.8223,-2.80892,
0.7,0.650613,0.622249,-53.0885,-15.5868,-20.1838,7.25978,0,8.11683,-3.03496,0,-53.0164,2.67203,3.7599,-11.0311,10.945,-2.84077,
0.7,0.650737,0.622068,-53.1559,-15.9679,-20.2281,7.2716,0,8.31063,-3.10956,0,-53.0841,2.66835,3.76597,-11.3009,11.2125,-2.91022,
0.7,0.650867,0.621908,-52.9964,-16.0896,-20.1818,7.24911,0,8.36808,-3.13323,0,-52.9252,2.65222,3.75616,-11.3868,11.298,-2.9324,
0.7,0.651009,0.621744,-52.7848,-16.1802,-20.1152,7.22169,0,8.41021,-3.15121,0,-52.7144,2.63244,3.74285,-11.451,11.3617,-2.94892,
0.7,0.65114,0.621579,-52.6767,-16.1585,-20.089,7.20792,0,8.39376,-3.14748,0,-52.6068,2.61898,3.73666,-11.4355,11.3464,-2.94495,
0.7,0.651268,0.621417,-52.5916,-16.3444,-20.0749,7.19922,0,8.48509,-3.18406,0,-52.5222,2.60753,3.73194,-11.567,11.477,-2.97884,
0.7,0.6514,0.621244,-52.5496,-16.5737,-20.074,7.19436,0,8.59835,-3.22901,0,-52.4807,2.59767,3.73039,-11.7292,11.6381,-3.02064,
0.7,0.651546,0.621083,-52.2886,-16.6562,-19.9871,7.15762,0,8.63577,-3.24554,0,-52.2205,2.57594,3.71348,-11.7875,11.6962,-3.03568,
0.7,0.65181,0.62074,-52.2299,-17.4311,-19.9973,7.15186,0,9.02697,-3.39779,0,-52.1627,2.55776,3.71211,-12.3358,12.2403,-3.17691,
0.7,0.651943,0.620581,-52.0514,-16.715,-19.9437,7.12788,0,8.64986,-3.2585,0,-51.9848,2.54104,3.70088,-11.8288,11.7377,-3.04642,
0.7,0.652088,0.620417,-51.8397,-17.0415,-19.8764,7.09949,0,8.8133,-3.32277,0,-51.7739,2.52173,3.68748,-12.0598,11.967,-3.10592,
0.7,0.652219,0.620252,-51.7613,-17.0421,-19.8634,7.08812,0,8.80816,-3.32366,0,-51.696,2.51019,3.68331,-12.0602,11.9674,-3.10604,
0.7,0.652351,0.620088,-51.6825,-17.2353,-19.8488,7.07865,0,8.90258,-3.36192,0,-51.6177,2.49861,3.67913,-12.1968,12.1031,-3.14124,
0.7,0.652489,0.619906,-51.6727,-17.5884,-19.8597,7.0776,0,9.07997,-3.43154,0,-51.6083,2.48958,3.68,-12.4468,12.351,-3.20559,
0.7,0.652629,0.619747,-51.4654,-17.6081,-19.7942,7.05043,0,9.08361,-3.43559,0,-51.4017,2.47181,3.66666,-12.4605,12.3649,-3.20919,
0.7,0.652764,0.619584,-51.3603,-17.6874,-19.7686,7.03703,0,9.11872,-3.45175,0,-51.2971,2.45923,3.66055,-12.5165,12.4207,-3.22364,
0.7,0.652897,0.619404,-51.3882,-17.95,-19.7965,7.04199,0,9.24878,-3.50379,0,-51.3253,2.45358,3.66382,-12.7024,12.6051,-3.27151,
0.7,0.653033,0.619245,-51.2146,-18.0043,-19.7446,7.0193,0,9.27008,-3.51465,0,-51.1524,2.43766,3.65284,-12.7406,12.6435,-3.28142,
0.7,0.653174,0.619082,-51.042,-18.0343,-19.6926,6.99693,0,9.27975,-3.52103,0,-50.9803,2.42097,3.64207,-12.7617,12.6646,-3.28689,
0.7,0.653317,0.618918,-50.8719,-18.172,-19.641,6.97519,0,9.34483,-3.5486,0,-50.8108,2.40519,3.63135,-12.859,12.7613,-3.31198,
0.7,0.653599,0.618753,-49.5893,-18.1648,-19.1713,6.79012,0,9.33543,-3.54772,0,-49.5305,2.32868,3.54269,-12.8539,12.7563,-3.31069,
0.7,0.653734,0.618409,-50.5219,-18.0536,-19.547,6.91819,0,9.26665,-3.52671,0,-50.4624,2.36516,3.61066,-12.7751,12.6782,-3.2904,
0.7,0.653876,0.618242,-50.396,-18.5295,-19.5141,6.90109,0,9.50523,-3.62041,0,-50.337,2.35201,3.60299,-13.1118,13.0124,-3.37713,
0.7,0.654014,0.618075,-50.3241,-18.7553,-19.5009,6.89214,0,9.61555,-3.66452,0,-50.2655,2.34113,3.59922,-13.2716,13.1709,-3.41828,
0.7,0.654156,0.617896,-50.2966,-19.0146,-19.5048,6.89007,0,9.74229,-3.71521,0,-50.2385,2.33154,3.59878,-13.455,13.353,-3.46553,
0.7,0.654301,0.61773,-50.1322,-19.1195,-19.4548,6.86905,0,9.7902,-3.73583,0,-50.0746,2.31625,3.58842,-13.5292,13.4267,-3.48465,
0.7,0.654434,0.617564,-50.0731,-19.122,-19.4486,6.86069,0,9.78556,-3.73673,0,-50.0159,2.30661,3.58545,-13.531,13.4284,-3.4851,
0.7,0.654567,0.617396,-50.0322,-19.3737,-19.4477,6.8558,0,9.90865,-3.78594,0,-49.9754,2.29781,3.58378,-13.709,13.6052,-3.53098,
0.7,0.654697,0.617214,-50.0915,-19.6106,-19.4863,6.86556,0,10.0238,-3.83182,0,-50.035,2.29405,3.58922,-13.8767,13.7715,-3.57414,
0.7,0.654831,0.617046,-50.0068,-19.8506,-19.4684,6.85464,0,10.1405,-3.87886,0,-49.9508,2.28292,3.58448,-14.0465,13.94,-3.61787,
0.7,0.654967,0.616879,-49.8961,-19.9903,-19.4415,6.84001,0,10.2058,-3.90615,0,-49.8405,2.27138,3.57773,-14.1453,14.038,-3.64332,
0.7,0.655098,0.616711,-49.8261,-20.1125,-19.4293,6.83144,0,10.2622,-3.92999,0,-49.7708,2.26137,3.57395,-14.2318,14.1239,-3.6656,
0.7,0.65523,0.616532,-49.8156,-20.2457,-19.4409,6.83212,0,10.3237,-3.95592,0,-49.7607,2.254,3.57446,-14.326,14.2173,-3.68985,
0.7,0.655509,0.616366,-48.4554,-20.4338,-18.9387,6.64751,0,10.4135,-3.99277,0,-48.4026,2.17724,3.47964,-14.459,14.3494,-3.72412,
0.7,0.65564,0.616201,-48.5686,-19.541,-18.9996,6.66272,0,9.95257,-3.81851,0,-48.5161,2.17643,3.48885,-13.8273,13.7224,-3.5614,
0.7,0.655771,0.616036,-48.6456,-19.8778,-19.045,6.67444,0,10.118,-3.88443,0,-48.5933,2.17319,3.4956,-14.0655,13.959,-3.62279,
0.7,0.655908,0.615692,-49.4126,-20.7031,-19.3599,6.78025,0,10.5248,-4.04602,0,-49.3598,2.19945,3.55218,-14.6493,14.5386,-3.77321,
0.7,0.656038,0.615527,-49.2925,-21.1004,-19.3295,6.7634,0,10.7203,-4.12413,0,-49.2402,2.18725,3.5448,-14.9303,14.8176,-3.84561,
0.7,0.656175,0.615366,-49.0892,-21.2654,-19.2641,6.73629,0,10.7966,-4.15636,0,-49.0374,2.1709,3.53151,-15.0469,14.9336,-3.87569,
0.7,0.656304,0.615203,-49.0009,-21.3275,-19.2441,6.7282,0,10.8215,-4.16889,0,-48.9495,2.15988,3.52646,-15.0907,14.9773,-3.88702,
0.7,0.656447,0.615022,-48.9141,-21.5678,-19.2239,6.71683,0,10.9373,-4.21664,0,-48.8631,2.14902,3.52149,-15.2608,15.146,-3.9308,
0.7,0.656564,0.614858,-48.9265,-21.6378,-19.2472,6.71699,0,10.9668,-4.22851,0,-48.8758,2.14239,3.5237,-15.3104,15.195,-3.94353,
0.7,0.656712,0.614664,-48.8657,-22.075,-19.2361,6.70993,0,11.1818,-4.31448,0,-48.8154,2.1329,3.52057,-15.6199,15.5017,-4.02317,
0.7,0.656838,0.614534,-48.5329,-21.7597,-19.1206,6.66538,0,11.014,-4.25284,0,-48.4832,2.11178,3.49779,-15.3964,15.2806,-3.96573,
0.7,0.656952,0.614319,-48.9251,-22.2932,-19.2917,6.71925,0,11.2789,-4.35836,0,-48.8754,2.12195,3.52732,-15.7742,15.6549,-4.06292,
0.7,0.657092,0.614158,-48.6596,-22.5184,-19.2026,6.68312,0,11.3857,-4.40286,0,-48.6104,2.10361,3.50942,-15.9335,15.813,-4.10396,
0.7,0.657232,0.614001,-48.3856,-22.4114,-19.1089,6.64577,0,11.3233,-4.38221,0,-48.337,2.08368,3.49114,-15.8575,15.7381,-4.08448,
0.7,0.657358,0.613823,-48.4028,-22.5534,-19.1316,6.64923,0,11.3886,-4.41085,0,-48.3545,2.07728,3.49368,-15.9581,15.8377,-4.11035,
0.7,0.65761,0.613661,-47.2551,-22.6229,-18.7099,6.49147,0,11.4167,-4.42506,0,-47.2085,2.01421,3.41336,-16.0072,15.8865,-4.12301,
0.7,0.657749,0.6135,-47.2214,-21.9565,-18.7104,6.4875,0,11.0735,-4.29538,0,-47.1753,2.00495,3.41236,-15.5357,15.4185,-4.00155,
0.7,0.657875,0.613165,-48.0179,-22.6994,-19.0415,6.59856,0,11.4328,-4.44226,0,-47.9713,2.03175,3.47119,-16.0611,15.9404,-4.13695,
0.7,0.658003,0.613004,-47.8847,-23.1097,-19.0038,6.5809,0,11.6319,-4.52333,0,-47.8386,2.01893,3.46288,-16.3513,16.2285,-4.21173,
0.7,0.658135,0.612843,-47.7267,-23.2242,-18.9576,6.55854,0,11.6822,-4.54658,0,-47.681,2.00441,3.45288,-16.4322,16.309,-4.2326,
0.7,0.658269,0.612682,-47.5606,-23.3337,-18.9062,6.53616,0,11.7297,-4.56907,0,-47.5154,1.99009,3.4422,-16.5097,16.3859,-4.25255,
0.7,0.658395,0.61251,-47.5772,-23.5533,-18.9286,6.53907,0,11.8318,-4.61276,0,-47.5323,1.98379,3.44468,-16.6649,16.5402,-4.29258,
0.7,0.658436,0.612349,-48.2247,-23.6842,-19.2107,6.62377,0,11.8899,-4.6391,0,-48.1794,2.00458,3.49269,-16.7574,16.6321,-4.31643,
0.7,0.658557,0.612187,-48.0382,-24.3639,-19.1539,6.59732,0,12.2233,-4.77296,0,-47.9934,1.99028,3.48038,-17.2382,17.1094,-4.44029,
0.7,0.658684,0.612024,-47.8467,-24.4836,-19.093,6.57073,0,12.2756,-4.79774,0,-47.8024,1.97479,3.46789,-17.3228,17.1936,-4.46212,
0.7,0.65881,0.611867,-47.6314,-24.4676,-19.0226,6.54234,0,12.2586,-4.79464,0,-47.5875,1.95905,3.45353,-17.3113,17.1826,-4.45924,
0.7,0.659053,0.611691,-46.6146,-24.5448,-18.6489,6.40171,0,12.2902,-4.81036,0,-46.5723,1.90365,3.38229,-17.3659,17.2367,-4.47328,
0.7,0.65918,0.611531,-46.5838,-23.8538,-18.6518,6.39783,0,11.9367,-4.67506,0,-46.5418,1.89459,3.38147,-16.8769,16.7515,-4.34736,
0.7,0.65931,0.611588,-44.9726,-22.1868,-18.0208,6.1767,0,11.0874,-4.34519,0,-44.9323,1.82224,3.26576,-15.6957,15.5826,-4.0437,
0.7,0.659434,0.611273,-46.0639,-23.4282,-18.4729,6.32669,0,11.6923,-4.58784,0,-46.023,1.85964,3.34625,-16.5735,16.4547,-4.26997,
0.7,0.659557,0.611099,-46.1792,-23.7945,-18.5358,6.34198,0,11.8684,-4.65957,0,-46.1384,1.85771,3.35582,-16.8327,16.7119,-4.33671,
0.7,0.659679,0.61094,-46.2024,-24.2411,-18.5606,6.34612,0,12.0836,-4.74692,0,-46.1618,1.85202,3.35872,-17.1485,17.0256,-4.41811,
0.7,0.659812,0.610786,-46.0881,-24.42,-18.5288,6.33085,0,12.1642,-4.78123,0,-46.048,1.84007,3.35175,-17.2747,17.1514,-4.45073,
0.7,0.659933,0.610611,-46.2264,-24.7738,-18.5996,6.3502,0,12.3337,-4.8505,0,-46.1864,1.83912,3.36299,-17.5251,17.3998,-4.51519,
0.7,0.660051,0.610451,-46.2314,-24.9565,-18.6186,6.34999,0,12.4173,-4.88595,0,-46.1916,1.83332,3.36444,-17.6543,17.5281,-4.54849,
0.7,0.66017,0.610291,-46.2143,-25.1457,-18.6274,6.34846,0,12.504,-4.9228,0,-46.1749,1.82646,3.36433,-17.788,17.661,-4.58296,
0.7,0.660301,0.610137,-46.0451,-25.3456,-18.5734,6.32537,0,12.5946,-4.96123,0,-46.0061,1.81278,3.35329,-17.9292,17.8015,-4.6194,
0.7,0.660422,0.60998,-46,-25.4293,-18.5701,6.31946,0,12.6286,-4.97746,0,-45.9612,1.80422,3.35123,-17.9882,17.8604,-4.63465,
0.7,0.660543,0.609808,-46.0524,-25.6957,-18.6076,6.3264,0,12.7539,-5.02987,0,-46.0139,1.80026,3.35615,-18.1768,18.0475,-4.68321,
0.7,0.660798,0.609652,-44.9218,-25.6749,-18.1786,6.17253,0,12.7359,-5.02594,0,-44.8847,1.74306,3.27612,-18.1619,18.0329,-4.67941,
0.7,0.660919,0.6095,-44.9833,-25.0919,-18.2181,6.1811,0,12.4379,-4.91142,0,-44.9464,1.73925,3.28174,-17.7492,17.6236,-4.57317,
0.7,0.661038,0.609174,-45.8029,-25.9696,-18.5665,6.2931,0,12.8575,-5.08368,0,-45.7656,1.76487,3.34264,-18.3698,18.2403,-4.73315,
0.7,0.661157,0.60902,-45.6835,-26.3309,-18.5336,6.27762,0,13.0282,-5.15458,0,-45.6465,1.75405,3.33505,-18.6251,18.4942,-4.79901,
0.7,0.661281,0.608871,-45.5044,-26.4206,-18.4756,6.25338,0,13.0629,-5.17216,0,-45.4679,1.74017,3.32326,-18.6881,18.5576,-4.81539,
0.7,0.661405,0.608717,-45.3757,-26.5424,-18.4376,6.23666,0,13.1148,-5.19642,0,-45.3395,1.72911,3.31498,-18.774,18.6433,-4.8376,
0.7,0.66152,0.608547,-45.4538,-26.7971,-18.4859,6.24723,0,13.2329,-5.24693,0,-45.4178,1.7265,3.3217,-18.954,18.8223,-4.88402,
0.7,0.661634,0.608394,-45.3866,-26.9413,-18.4741,6.23917,0,13.2956,-5.27571,0,-45.3509,1.71847,3.31779,-19.0557,18.9239,-4.91033,
0.7,0.661755,0.60824,-45.2563,-27.034,-18.436,6.22109,0,13.3329,-5.29404,0,-45.221,1.70728,3.30941,-19.121,18.9892,-4.92724,
0.7,0.661879,0.608075,-45.1927,-27.2645,-18.4246,6.21281,0,13.4375,-5.33932,0,-45.1577,1.69908,3.30581,-19.2837,19.1513,-4.96926,
0.7,0.661996,0.607924,-45.0851,-27.2781,-18.3974,6.19723,0,13.4356,-5.34237,0,-45.0503,1.68952,3.29894,-19.293,19.1611,-4.97176,
0.7,0.662119,0.607774,-44.9194,-27.3871,-18.3446,6.17528,0,13.4803,-5.36438,0,-44.885,1.67676,3.28801,-19.3697,19.238,-4.99166,
0.7,0.662237,0.607629,-44.771,-27.3721,-18.2985,6.15513,0,13.4625,-5.36147,0,-44.7369,1.66531,3.27823,-19.3585,19.228,-4.98897,
0.7,0.662355,0.607481,-44.6755,-27.4928,-18.2739,6.1421,0,13.5127,-5.38584,0,-44.6418,1.65595,3.27229,-19.4435,19.3131,-5.011,
0.7,0.662478,0.607315,-44.6524,-27.7491,-18.2784,6.13922,0,13.6304,-5.43711,0,-44.619,1.64934,3.27165,-19.6245,19.4933,-5.05772,
0.7,0.66259,0.607165,-44.5996,-27.8038,-18.2737,6.13148,0,13.6482,-5.44897,0,-44.5663,1.64222,3.26872,-19.6629,19.532,-5.06772,
0.7,0.662822,0.607021,-43.5305,-27.8077,-17.8648,5.98432,0,13.6398,-5.45011,0,-43.4985,1.59133,3.19247,-19.6651,19.5352,-5.06847,
0.7,0.662943,0.60671,-44.3993,-28.0339,-18.2356,6.10435,0,13.7328,-5.49663,0,-44.3669,1.61728,3.25724,-19.8244,19.6947,-5.10975,
0.7,0.663054,0.606563,-44.2719,-28.0288,-18.2001,6.08715,0,13.7209,-5.49686,0,-44.2398,1.60743,3.24884,-19.8203,19.6914,-5.10884,
0.7,0.663172,0.60642,-44.1208,-28.389,-18.1526,6.06638,0,13.8866,-5.56802,0,-44.089,1.59584,3.23886,-20.0745,19.9451,-5.17455,
0.7,0.663283,0.606272,-44.0508,-28.4168,-18.1388,6.05704,0,13.8909,-5.57454,0,-44.0193,1.58803,3.23469,-20.0937,19.9649,-5.17964,
0.7,0.663395,0.60611,-44.0959,-28.7448,-18.1769,6.06129,0,14.0425,-5.64,0,-44.0645,1.58532,3.23878,-20.3253,20.1956,-5.23944,
0.7,0.663507,0.605966,-43.987,-28.8215,-18.1447,6.04897,0,14.0689,-5.65541,0,-43.9558,1.57591,3.23178,-20.3789,20.25,-5.25347,
0.7,0.663623,0.605818,-43.8702,-28.9533,-18.1142,6.03139,0,14.1239,-5.68191,0,-43.8394,1.56572,3.2243,-20.4717,20.343,-5.27752,
0.7,0.663736,0.605671,-43.7814,-28.9994,-18.0922,6.02004,0,14.1373,-5.69152,0,-43.7509,1.55791,3.21862,-20.504,20.3757,-5.28596,
0.7,0.663841,0.60551,-43.8541,-29.2375,-18.1389,6.02965,0,14.2447,-5.73906,0,-43.8236,1.55613,3.22476,-20.672,20.5433,-5.32939,
0.7,0.663951,0.605369,-43.7149,-29.3269,-18.0964,6.01113,0,14.2772,-5.75639,0,-43.6847,1.54603,3.21546,-20.7344,20.6067,-5.34573,
0.7,0.664059,0.605225,-43.6413,-29.4513,-18.0808,6.00097,0,14.328,-5.78123,0,-43.6114,1.53879,3.21089,-20.8219,20.6947,-5.36846,
0.7,0.664167,0.60508,-43.5612,-29.5756,-18.0624,5.98998,0,14.3789,-5.80581,0,-43.5315,1.53127,3.20585,-20.9092,20.7825,-5.39116,
0.7,0.66428,0.60492,-43.5532,-29.8239,-18.0749,5.98856,0,14.4907,-5.8551,0,-43.5236,1.52669,3.20604,-21.0843,20.9573,-5.43644,
0.7,0.664392,0.604788,-43.3405,-29.7502,-18.0016,5.96022,0,14.4409,-5.83912,0,-43.3112,1.51432,3.19128,-21.031,20.9066,-5.42311,
0.7,0.6645,0.604636,-43.3277,-29.9433,-18.0111,5.95905,0,14.5277,-5.87838,0,-43.2986,1.50951,3.19113,-21.1673,21.0424,-5.45831,
0.7,0.664724,0.604492,-42.3011,-29.9486,-17.6125,5.81921,0,14.5205,-5.87947,0,-42.2731,1.46502,3.11711,-21.1705,21.0467,-5.45933,
0.7,0.664833,0.604205,-42.9522,-29.7858,-17.8998,5.90907,0,14.418,-5.84605,0,-42.9239,1.48295,3.16593,-21.0535,20.934,-5.42982,
0.7,0.664941,0.604064,-42.8707,-30.1673,-17.8805,5.89823,0,14.5925,-5.9212,0,-42.8427,1.4757,3.16073,-21.3223,21.2029,-5.49942,
0.7,0.665048,0.603922,-42.8081,-30.37,-17.8692,5.89011,0,14.6805,-5.96108,0,-42.7803,1.46912,3.15692,-21.4648,21.346,-5.53643,
0.7,0.665159,0.603766,-42.8,-30.5957,-17.8802,5.88986,0,14.78,-6.00589,0,-42.7723,1.46432,3.15715,-21.6237,21.5053,-5.57764,
0.7,0.665265,0.603629,-42.6854,-30.6235,-17.849,5.87427,0,14.7813,-6.01093,0,-42.6579,1.45588,3.14951,-21.6422,21.5258,-5.58279,
0.7,0.66537,0.603488,-42.6199,-30.7285,-17.8365,5.86551,0,14.8214,-6.03188,0,-42.5926,1.44939,3.14546,-21.7156,21.6004,-5.60201,
0.7,0.665476,0.603348,-42.5571,-30.8909,-17.8248,5.85701,0,14.8892,-6.06388,0,-42.53,1.44314,3.14157,-21.8295,21.7153,-5.63169,
0.7,0.665586,0.603192,-42.5344,-31.0627,-17.8307,5.85356,0,14.9622,-6.0981,0,-42.5075,1.4385,3.1406,-21.9502,21.8367,-5.66307,
0.7,0.665664,0.603057,-42.6545,-31.136,-17.8787,5.88199,0,14.9852,-6.11201,0,-42.6276,1.44211,3.14955,-22.0009,21.8893,-5.67653,
0.7,0.665772,0.602919,-42.4963,-31.4295,-17.8271,5.86106,0,15.1153,-6.1701,0,-42.4696,1.43228,3.13868,-22.2074,22.0965,-5.73012,
0.7,0.665877,0.602781,-42.3795,-31.4809,-17.7929,5.84524,0,15.129,-6.18054,0,-42.353,1.4243,3.13079,-22.2427,22.1336,-5.73958,
0.7,0.666094,0.602632,-41.4686,-31.4917,-17.4404,5.71968,0,15.1224,-6.18289,0,-41.443,1.38562,3.06497,-22.2493,22.142,-5.74162,
0.7,0.666202,0.602492,-41.4875,-31.0129,-17.463,5.72295,0,14.8818,-6.08942,0,-41.4621,1.3816,3.06721,-21.9102,21.8063,-5.65441,
0.7,0.666307,0.602214,-42.2477,-31.9183,-17.7976,5.82811,0,15.2939,-6.2687,0,-42.222,1.40267,3.12418,-22.5478,22.4448,-5.81968,
0.7,0.666411,0.602066,-42.1314,-31.9711,-17.7644,5.81175,0,15.307,-6.27962,0,-42.1059,1.39476,3.11632,-22.584,22.483,-5.82941,
0.7,0.666526,0.601929,-41.9032,-32.1963,-17.6822,5.78183,0,15.4034,-6.32484,0,-41.8779,1.38244,3.1003,-22.742,22.6424,-5.87056,
0.7,0.666632,0.601739,-42.1558,-32.669,-17.8038,5.81727,0,15.639,-6.42705,0,-42.1305,1.38654,3.11976,-23.0781,22.9727,-5.95655,
0.7,0.666737,0.6016,-41.9864,-32.7008,-17.747,5.79437,0,15.6427,-6.43457,0,-41.9614,1.37686,3.10797,-23.0995,22.996,-5.96243,
0.7,0.666842,0.601446,-41.9506,-32.8435,-17.748,5.78881,0,15.7004,-6.46441,0,-41.9257,1.37185,3.10602,-23.1995,23.0971,-5.98852,
0.7,0.666955,0.601311,-41.7037,-32.8353,-17.6577,5.75599,0,15.6834,-6.46349,0,-41.6791,1.35964,3.08849,-23.1925,23.0926,-5.98715,
0.7,0.667065,0.601172,-41.5449,-32.8614,-17.6045,5.734,0,15.6843,-6.47015,0,-41.5206,1.3496,3.07762,-23.21,23.1118,-5.992,
0.7,0.667171,0.601033,-41.4334,-32.8896,-17.5713,5.71885,0,15.6864,-6.47671,0,-41.4093,1.34164,3.07014,-23.229,23.1326,-5.99722,
0.7,0.667274,0.600879,-41.459,-33.1133,-17.598,5.72179,0,15.7827,-6.52222,0,-41.4351,1.33836,3.07279,-23.3861,23.2906,-6.03807,
0.7,0.667383,0.600745,-41.269,-33.0828,-17.5318,5.6967,0,15.7553,-6.51654,0,-41.2453,1.32799,3.05947,-23.3634,23.2704,-6.03263,
0.7,0.667594,0.600608,-40.2947,-33.0917,-17.146,5.56207,0,15.7478,-6.51925,0,-40.2718,1.28788,2.98883,-23.3686,23.2777,-6.03435,
0.7,0.667705,0.600471,-40.2899,-32.558,-17.1585,5.56123,0,15.4822,-6.41472,0,-40.2672,1.28366,2.98922,-22.9906,22.9032,-5.93711,
0.7,0.667816,0.600319,-40.3844,-32.8786,-17.2123,5.57539,0,15.6236,-6.47889,0,-40.3618,1.28192,2.99709,-23.2158,23.1299,-5.99569,
0.7,0.667924,0.600046,-41.0652,-33.6904,-17.5159,5.66993,0,15.9843,-6.64011,0,-41.0423,1.29916,3.04841,-23.7866,23.7033,-6.14394,
0.7,0.668033,0.599908,-40.8734,-33.7221,-17.4478,5.64392,0,15.9877,-6.64704,0,-40.8508,1.28873,3.03497,-23.8078,23.7265,-6.14981,
0.7,0.66814,0.599773,-40.7132,-33.9052,-17.3931,5.62229,0,16.0611,-6.68316,0,-40.6908,1.27945,3.02384,-23.9358,23.8566,-6.18331,
0.7,0.668254,0.599621,-40.6392,-34.1154,-17.3764,5.61261,0,16.1497,-6.72538,0,-40.617,1.27278,3.01913,-24.0832,24.0054,-6.22173,
0.7,0.668359,0.599484,-40.5276,-34.0446,-17.3426,5.59754,0,16.1044,-6.71213,0,-40.5056,1.2655,3.01153,-24.0322,23.9566,-6.20892,
0.7,0.668461,0.599347,-40.445,-34.1954,-17.3211,5.58655,0,16.1641,-6.74214,0,-40.4232,1.25929,3.00605,-24.1376,24.0636,-6.2365,
0.7,0.668563,0.599201,-40.447,-34.3849,-17.3361,5.58712,0,16.2411,-6.77951,0,-40.4253,1.25584,3.00684,-24.2702,24.1981,-6.27116,
0.7,0.668672,0.599066,-40.2844,-34.4761,-17.2817,5.56534,0,16.2723,-6.79789,0,-40.263,1.24698,2.99545,-24.3334,24.2632,-6.28788,
0.7,0.668775,0.598931,-40.1802,-34.4433,-17.251,5.55134,0,16.245,-6.79147,0,-40.1589,1.24014,2.98835,-24.3092,24.2412,-6.28201,
0.7,0.668879,0.598797,-40.0728,-34.5887,-17.2189,5.53666,0,16.3018,-6.82002,0,-40.0517,1.23301,2.98106,-24.4107,24.3446,-6.30861,
0.7,0.668985,0.598667,-39.929,-34.6282,-17.171,5.51657,0,16.307,-6.82726,0,-39.9081,1.22466,2.97107,-24.4371,24.3737,-6.31593,
0.7,0.669101,0.598519,-39.8432,-34.8106,-17.1485,5.50411,0,16.3822,-6.86326,0,-39.8224,1.21771,2.96547,-24.5648,24.503,-6.34929,
0.7,0.669205,0.598386,-39.7366,-34.7145,-17.1167,5.49015,0,16.3252,-6.84401,0,-39.716,1.21063,2.95823,-24.4958,24.4365,-6.33187,
0.7,0.669411,0.598254,-38.8114,-34.8032,-16.7454,5.36216,0,16.3549,-6.86126,0,-38.7915,1.17506,2.89069,-24.5572,24.5,-6.34815,
0.7,0.669506,0.597981,-39.5465,-34.8054,-17.0783,5.46299,0,16.3308,-6.86169,0,-39.5264,1.19479,2.9459,-24.5561,24.504,-6.34877,
0.7,0.669618,0.59785,-39.3778,-35.1598,-17.0186,5.43976,0,16.485,-6.93184,0,-39.358,1.18541,2.93412,-24.8049,24.7547,-6.41353,
0.7,0.669719,0.597718,-39.3125,-35.2076,-17.0042,5.43048,0,16.4955,-6.94151,0,-39.2928,1.17973,2.92993,-24.8375,24.7894,-6.42235,
0.7,0.669821,0.597575,-39.3197,-35.469,-17.0213,5.43097,0,16.6049,-6.99329,0,-39.3001,1.17618,2.93115,-25.0205,24.9747,-6.47014,
0.7,0.669922,0.597442,-39.2386,-35.5191,-17.0015,5.41882,0,16.616,-7.0035,0,-39.2192,1.1702,2.92575,-25.0546,25.0111,-6.47938,
0.7,0.67014,0.597309,-38.2641,-35.5614,-16.6056,5.28526,0,16.6236,-7.0124,0,-38.2454,1.13317,2.85453,-25.0832,25.042,-6.4872,
0.7,0.670244,0.597048,-38.8685,-35.4489,-16.8812,5.36907,0,16.5451,-6.99123,0,-38.8496,1.14735,2.9003,-25.0012,24.9652,-6.4669,
0.7,0.67035,0.596902,-38.8707,-35.9559,-16.8971,5.37131,0,16.7703,-7.0923,0,-38.8519,1.14411,2.90106,-25.3577,25.3232,-6.55948,
0.7,0.670459,0.59677,-38.741,-36.0343,-16.8531,5.35188,0,16.7943,-7.10822,0,-38.7224,1.13607,2.89215,-25.4117,25.3796,-6.5739,
0.7,0.670561,0.596639,-38.6791,-36.1381,-16.8395,5.34317,0,16.8301,-7.12934,0,-38.6606,1.13066,2.88817,-25.4837,25.454,-6.59295,
0.7,0.670662,0.59651,-38.5894,-36.1951,-16.8139,5.33084,0,16.8422,-7.14094,0,-38.571,1.12445,2.88212,-25.5223,25.4956,-6.60349,
0.7,0.67077,0.596363,-38.5933,-36.5069,-16.8284,5.33171,0,16.9759,-7.20376,0,-38.5751,1.12091,2.88308,-25.741,25.7162,-6.66046,
0.7,0.670871,0.596228,-38.5316,-36.4657,-16.8168,5.32452,0,16.9445,-7.19638,0,-38.5135,1.11547,2.87913,-25.7107,25.6884,-6.65305,
0.7,0.671077,0.595964,-38.4024,-37.0282,-16.7861,5.30638,0,17.1787,-7.30827,0,-38.3846,1.10424,2.87084,-26.1044,26.0873,-6.75593,
0.7,0.67118,0.595818,-38.3932,-36.9161,-16.7952,5.30562,0,17.1147,-7.28779,0,-38.3755,1.10026,2.87083,-26.0241,26.0094,-6.73558,
0.7,0.671292,0.595687,-38.2035,-37.0431,-16.7258,5.27871,0,17.1607,-7.31405,0,-38.186,1.09078,2.85737,-26.1123,26.1002,-6.75886,
0.7,0.671395,0.595556,-38.1138,-37.045,-16.6998,5.2663,0,17.1489,-7.31533,0,-38.0965,1.08459,2.85132,-26.1123,26.1028,-6.75933,
0.7,0.671497,0.595424,-38.0429,-37.2038,-16.682,5.25646,0,17.2093,-7.34788,0,-38.0256,1.079,2.84666,-26.2228,26.216,-6.78842,
0.7,0.671709,0.595151,-37.9125,-37.5725,-16.6519,5.23962,0,17.3526,-7.42193,0,-37.8956,1.06792,2.83825,-26.4797,26.4786,-6.85596,
0.7,0.67181,0.595019,-37.8369,-37.4885,-16.6315,5.22942,0,17.301,-7.40605,0,-37.8201,1.06225,2.83322,-26.4192,26.4207,-6.84076,
0.7,0.671911,0.594891,-37.7407,-37.5548,-16.6022,5.2164,0,17.3169,-7.41951,0,-37.724,1.05602,2.82666,-26.4643,26.4689,-6.853,
0.7,0.672009,0.594759,-37.6884,-37.6954,-16.594,5.2094,0,17.3689,-7.44789,0,-37.6719,1.0513,2.82334,-26.5619,26.5693,-6.87877,
0.7,0.672226,0.594615,-36.8005,-37.8338,-16.2278,5.08734,0,17.4205,-7.47618,0,-36.7846,1.01884,2.75822,-26.6581,26.6682,-6.90416,
0.7,0.672331,0.594359,-37.5604,-38.0826,-16.5756,5.19281,0,17.5064,-7.52517,0,-37.5443,1.03624,2.81583,-26.8299,26.8467,-6.94984,
0.7,0.672435,0.594214,-37.4973,-38.156,-16.5616,5.18369,0,17.5277,-7.54054,0,-37.4813,1.03116,2.81171,-26.8802,26.8998,-6.96336,
0.7,0.672546,0.594084,-37.3155,-38.3771,-16.4935,5.15969,0,17.6161,-7.58416,0,-37.2996,1.02257,2.79872,-27.0343,27.0572,-7.00386,
0.7,0.672665,0.593953,-37.0864,-38.3784,-16.4008,5.1188,0,17.6036,-7.58416,0,-37.0708,1.01164,2.78238,-27.0336,27.0596,-7.00423,
0.7,0.672768,0.593826,-36.9974,-38.3995,-16.3742,5.10642,0,17.5985,-7.58653,0,-36.9819,1.0059,2.77631,-27.0465,27.0763,-7.00825,
0.7,0.672869,0.593696,-36.9401,-38.4987,-16.3616,5.09843,0,17.6305,-7.60579,0,-36.9246,1.00107,2.77259,-27.1147,27.1477,-7.02648,
0.7,0.672967,0.593553,-37.011,-38.7552,-16.4074,5.10822,0,17.7355,-7.65668,0,-36.9956,1.00014,2.77844,-27.2938,27.33,-7.07342,
0.7,0.673077,0.593426,-36.8289,-38.8241,-16.3389,5.08333,0,17.7537,-7.67012,0,-36.8138,0.991535,2.76544,-27.3406,27.3803,-7.08616,
0.7,0.673178,0.593304,-36.7071,-38.8279,-16.2974,5.06676,0,17.74,-7.66985,0,-36.6921,0.985172,2.75685,-27.3411,27.3849,-7.08704,
0.7,0.673278,0.593167,-36.7084,-38.9667,-16.3117,5.06657,0,17.7903,-7.69808,0,-36.6934,0.98236,2.75746,-27.4371,27.4844,-7.11251,
0.7,0.673494,0.592919,-36.4677,-39.3794,-16.2294,5.03452,0,17.9506,-7.77897,0,-36.453,0.969322,2.74057,-27.7238,27.7792,-7.1882,
0.7,0.673597,0.592797,-36.3364,-39.0849,-16.1833,5.01694,0,17.8006,-7.72035,0,-36.3218,0.962903,2.73124,-27.5142,27.5736,-7.13464,
0.7,0.673696,0.592671,-36.2878,-39.2595,-16.1758,5.01086,0,17.8664,-7.75516,0,-36.2734,0.959126,2.72804,-27.6352,27.6985,-7.16667,
0.7,0.673797,0.592532,-36.2982,-39.4367,-16.1929,5.01309,0,17.9344,-7.79075,0,-36.2838,0.956675,2.72931,-27.7582,27.8251,-7.19917,
0.7,0.673908,0.592407,-36.1108,-39.5247,-16.1211,4.98715,0,17.9604,-7.8082,0,-36.0966,0.948463,2.71582,-27.8182,27.889,-7.2154,
0.7,0.674109,0.592152,-36.031,-40.1381,-16.1112,4.9764,0,18.2095,-7.92974,0,-36.0169,0.940775,2.71082,-28.2459,28.3257,-7.32775,
0.7,0.674213,0.592028,-35.8971,-39.6298,-16.0633,4.9581,0,17.9651,-7.82971,0,-35.8832,0.934225,2.70131,-27.8863,27.9687,-7.23511,
0.7,0.674329,0.591904,-35.6871,-39.8197,-15.9804,4.92936,0,18.0373,-7.86807,0,-35.6734,0.925084,2.68617,-28.0181,28.1045,-7.26995,
0.7,0.674435,0.591785,-35.549,-39.7886,-15.9304,4.91056,0,18.0073,-7.86167,0,-35.5354,0.918338,2.67635,-27.9941,28.0846,-7.26447,
0.7,0.674652,0.591649,-34.7138,-39.8739,-15.58,4.79584,0,18.0328,-7.87922,0,-34.7007,0.89084,2.61454,-28.0524,28.1463,-7.28017,
0.7,0.674759,0.591402,-35.4599,-40.19,-15.9267,4.89886,0,18.1479,-7.94253,0,-35.4466,0.906563,2.67136,-28.2712,28.3728,-7.3382,
0.7,0.674861,0.591283,-35.3326,-40.1265,-15.8814,4.88171,0,18.1052,-7.92588,0,-35.3194,0.900386,2.66229,-28.2246,28.3297,-7.32677,
0.7,0.674959,0.591149,-35.355,-40.5007,-15.9051,4.88534,0,18.2609,-8.00102,0,-35.3419,0.898358,2.66446,-28.4862,28.5954,-7.39524,
0.7,0.67506,0.591029,175.991,-40.5962,79.2298,-24.3329,0,18.2898,-8.02027,0,175.926,-4.45752,-13.2658,-28.5516,28.6646,-7.41284,
0.7,0.67517,0.590909,138.649,132.564,62.4648,-19.172,0,-59.6774,26.1911,0,138.599,-3.49872,-10.4534,93.2276,-93.6079,24.2067,
0.7,0.675271,0.590791,108.466,98.91,48.9044,-15.0006,0,-44.4874,19.5425,0,108.426,-2.72813,-8.17936,69.5547,-69.8483,18.0617,
0.7,0.675374,0.590669,83.946,71.5465,37.8773,-11.6102,0,-32.1553,14.1375,0,83.9157,-2.10434,-6.33161,50.3094,-50.5276,13.0652,
0.7,0.675477,0.590534,64.0637,49.3238,28.9296,-8.8599,0,-22.1519,9.74811,0,64.0407,-1.60093,-4.8329,34.6811,-34.8352,9.00726,
0.7,0.675693,0.590295,47.6152,30.8305,21.5326,-6.58763,0,-13.8234,6.09444,0,47.5984,-1.18156,-3.59355,21.6751,-21.7769,5.63037,
0.7,0.675792,0.590175,34.9062,16.5823,15.7982,-4.82918,0,-7.42923,3.27833,0,34.8939,-0.863644,-2.63485,11.6574,-11.7134,3.02838,
0.7,0.675894,0.590042,24.3466,4.72093,11.0273,-3.36852,0,-2.11355,0.933513,0,24.3381,-0.600407,-1.83813,3.31864,-3.33494,0.862184,
0.7,0.676004,0.589922,15.8714,-4.81491,7.19389,-2.19627,0,2.154,-0.952235,0,15.8659,-0.389972,-1.19852,-3.38452,3.4015,-0.879364,
0.7,0.676104,0.589802,8.98245,-12.5872,4.07446,-1.24301,0,5.62668,-2.48983,0,8.97934,-0.219997,-0.678436,-8.84733,8.8927,-2.29888,
0.7,0.676202,0.589685,3.42385,-18.8786,1.55434,-0.473753,0,8.43178,-3.73456,0,3.42268,-0.0835981,-0.258647,-13.2687,13.3383,-3.44801,
0.7,0.676303,0.589527,-1.37322,-24.3548,-0.623864,0.190019,0,10.871,-4.81915,0,-1.37275,0.0334139,0.103757,-17.1169,17.2081,-4.44826,
0.7,0.676405,0.589407,-4.97802,-28.4774,-2.26323,0.688868,0,12.7015,-5.63547,0,-4.97633,0.120694,0.376207,-20.0132,20.122,-5.20132,
0.7,0.676517,0.589288,-7.89512,-31.8358,-3.59205,1.09282,0,14.1886,-6.30064,0,-7.89247,0.190614,0.59681,-22.3721,22.4962,-5.81484,
0.7,0.676618,0.589158,-10.2753,-34.6067,-4.67886,1.4221,0,15.4111,-6.84977,0,-10.2719,0.247227,0.77689,-24.3179,24.4557,-6.32108,
0.7,0.67672,0.589038,-12.1869,-36.8484,-5.55347,1.68666,0,16.3971,-7.29413,0,-12.1828,0.292116,0.921615,-25.8917,26.0412,-6.73067,
0.7,0.67682,0.588918,-13.7273,-38.6773,-6.26024,1.9001,0,17.1979,-7.65678,0,-13.7228,0.327836,1.03832,-27.1751,27.3351,-7.06486,
0.7,0.676931,0.588799,-14.968,-40.1728,-6.83083,2.07208,0,17.8491,-7.95366,0,-14.9631,0.355906,1.13246,-28.2242,28.3937,-7.33818,
0.7,0.67703,0.588671,-16.0122,-41.4575,-7.31316,2.2166,0,18.4049,-8.2082,0,-16.007,0.379402,1.2117,-29.125,29.3035,-7.57303,
0.7,0.677131,0.588552,-16.8095,-42.4605,-7.68285,2.32732,0,18.836,-8.4072,0,-16.8041,0.396791,1.27231,-29.8279,30.014,-7.75638,
0.7,0.677354,0.588432,-17.3735,-43.2074,-7.95155,2.40623,0,19.1531,-8.55564,0,-17.3679,0.406731,1.3156,-30.3509,30.5435,-7.89298,
0.7,0.677454,0.588313,-17.8344,-43.8396,-8.16909,2.46977,0,19.4187,-8.68133,0,-17.8287,0.416067,1.35076,-30.7932,30.9921,-8.00862,
0.7,0.677556,0.588194,-18.2501,-44.4186,-8.36561,2.52748,0,19.6599,-8.79665,0,-18.2444,0.424141,1.38255,-31.1979,31.4033,-8.11457,
0.7,0.67767,0.588067,-18.6499,-44.9864,-8.55471,2.58317,0,19.8945,-8.90885,0,-18.6441,0.431526,1.41318,-31.5945,31.8069,-8.2185,
0.7,0.677772,0.587831,-19.1701,-45.784,-8.79991,2.65577,0,20.2158,-9.06723,0,-19.1642,0.441935,1.45289,-32.1505,32.3747,-8.36457,
0.7,0.677871,0.587714,-19.3127,-46.0584,-8.87245,2.67537,0,20.3214,-9.12176,0,-19.3067,0.443681,1.46398,-32.341,32.5707,-8.41489,
0.7,0.677972,0.58759,-19.4347,-46.3168,-8.93507,2.69251,0,20.4184,-9.17282,0,-19.4288,0.444846,1.47352,-32.5201,32.7556,-8.46231,
0.7,0.678077,0.587476,-19.5297,-46.5358,-8.98515,2.70591,0,20.4986,-9.21645,0,-19.5238,0.44541,1.48102,-32.6716,32.9126,-8.50251,
0.7,0.678177,0.587522,-18.4682,-45.3512,-8.50314,2.55939,0,19.947,-8.97666,0,-18.4626,0.419568,1.40081,-31.8356,32.0789,-8.28647,
0.7,0.678271,0.587407,-18.7441,-45.7715,-8.63725,2.59758,0,20.1157,-9.06032,0,-18.7385,0.424474,1.42199,-32.1285,32.3783,-8.36347,
0.7,0.678369,0.587294,-18.9493,-46.1115,-8.73818,2.62634,0,20.2471,-9.12711,0,-18.9436,0.427571,1.43783,-32.3646,32.6212,-8.42582,
0.7,0.678478,0.587165,-19.2259,-46.5429,-8.87185,2.66509,0,20.4215,-9.21322,0,-19.2202,0.431893,1.45917,-32.6654,32.9283,-8.50482,
0.7,0.678589,0.586934,-19.6868,-47.2679,-9.10192,2.72783,0,20.7062,-9.35761,0,-19.681,0.439326,1.49467,-33.1698,33.4454,-8.63769,
0.7,0.678691,0.586809,-19.5323,-47.228,-9.03686,2.70658,0,20.6708,-9.34968,0,-19.5266,0.434049,1.48328,-33.1393,33.4194,-8.63061,
0.7,0.678793,0.586692,-19.5402,-47.3542,-9.04694,2.70773,0,20.7099,-9.37521,0,-19.5346,0.43244,1.4842,-33.2256,33.5109,-8.65388,
0.7,0.678904,0.586575,-19.5377,-47.4697,-9.05191,2.70755,0,20.7443,-9.39899,0,-19.5321,0.430392,1.48437,-33.3044,33.5948,-8.6752,
0.7,0.6791,0.586457,-19.5299,-47.5793,-9.06215,2.70657,0,20.7761,-9.42142,0,-19.5244,0.427035,1.48435,-33.379,33.6744,-8.69541,
0.7,0.679204,0.586344,-19.5709,-47.7376,-9.08755,2.71228,0,20.8268,-9.45271,0,-19.5654,0.426245,1.48778,-33.4875,33.789,-8.72459,
0.7,0.679299,0.586217,-19.6962,-47.9997,-9.15236,2.72965,0,20.9255,-9.50583,0,-19.6907,0.427367,1.49759,-33.6691,33.9765,-8.77268,
0.7,0.679395,0.58599,-20.0826,-48.6366,-9.33934,2.78324,0,21.1686,-9.63451,0,-20.077,0.434038,1.52728,-34.111,34.432,-8.88953,
0.7,0.679492,0.58588,-19.7738,-48.4125,-9.20234,2.74062,0,21.0518,-9.59049,0,-19.7684,0.425716,1.5041,-33.9511,34.276,-8.84882,
0.7,0.679594,0.585767,-19.7147,-48.4605,-9.18122,2.7326,0,21.0557,-9.60132,0,-19.7094,0.42274,1.49991,-33.9824,34.3122,-8.8578,
0.7,0.679693,0.585642,-19.7772,-48.6515,-9.21702,2.74181,0,21.1225,-9.64139,0,-19.7719,0.422214,1.505,-34.1142,34.4494,-8.89289,
0.7,0.679788,0.58553,-19.7315,-48.7124,-9.20294,2.73528,0,21.1319,-9.65473,0,-19.7262,0.419733,1.50179,-34.1546,34.4948,-8.90425,
0.7,0.679882,0.585422,-19.638,-48.7183,-9.16581,2.7225,0,21.1152,-9.65637,0,-19.6328,0.41613,1.49497,-34.1562,34.5014,-8.90555,
0.7,0.679982,0.585311,-19.6125,-48.8004,-9.16001,2.71934,0,21.134,-9.67381,0,-19.6073,0.413906,1.49333,-34.2116,34.5615,-8.92075,
0.7,0.680074,0.585189,-19.671,-48.9851,-9.19378,2.72758,0,21.1985,-9.71204,0,-19.6658,0.413491,1.49809,-34.3391,34.6942,-8.95468,
0.7,0.680167,0.585079,-19.6162,-49.0345,-9.17481,2.72048,0,21.203,-9.7233,0,-19.6111,0.410562,1.49423,-34.3716,34.7311,-8.96389,
0.7,0.680253,0.58497,-19.5646,-49.087,-9.15799,2.71309,0,21.2088,-9.73486,0,-19.5595,0.407971,1.49057,-34.4063,34.7704,-8.97369,
0.7,0.680341,0.584863,-19.5123,-49.1362,-9.14027,2.70586,0,21.2108,-9.74514,0,-19.5073,0.405294,1.48688,-34.4382,34.8078,-8.98293,
0.7,0.680435,0.584754,-19.4878,-49.2188,-9.13543,2.70278,0,21.2295,-9.76249,0,-19.4828,0.403172,1.4853,-34.4939,34.8684,-8.99823,
0.7,0.680527,0.584631,-19.5631,-49.4221,-9.17796,2.71274,0,21.3015,-9.80436,0,-19.5581,0.402954,1.49136,-34.6343,35.0142,-9.03556,
0.7,0.680595,0.584519,-19.4707,-49.4332,-9.14978,2.69386,0,21.2897,-9.80813,0,-19.4657,0.400915,1.48434,-34.64,35.0241,-9.03779,
0.7,0.68081,0.584289,-19.6556,-49.8573,-9.24066,2.72617,0,21.4379,-9.8935,0,-19.6508,0.399656,1.49936,-34.9327,35.3287,-9.11571,
0.7,0.680905,0.58418,-19.5312,-49.8301,-9.1886,2.70902,0,21.4091,-9.88854,0,-19.5264,0.395235,1.49021,-34.9114,35.3116,-9.11093,
0.7,0.68099,0.584075,-19.3072,-49.6945,-9.0917,2.67696,0,21.3317,-9.86124,0,-19.3025,0.389496,1.47333,-34.8138,35.2179,-9.08636,
0.7,0.681178,0.583966,-19.1983,-49.6865,-9.05214,2.66315,0,21.3118,-9.8596,0,-19.1937,0.38405,1.46561,-34.806,35.2144,-9.0851,
0.7,0.681266,0.583857,-19.1722,-49.7682,-9.04798,2.65861,0,21.3304,-9.87548,0,-19.1677,0.382145,1.46387,-34.8609,35.2743,-9.10023,
0.7,0.681356,0.583632,-19.7355,-50.5959,-9.3202,2.73698,0,21.6498,-10.0383,0,-19.7308,0.391794,1.50716,-35.4355,35.8657,-9.252,
0.7,0.681454,0.583525,-19.4622,-50.4076,-9.19714,2.69954,0,21.5522,-9.99977,0,-19.4576,0.384749,1.48658,-35.3012,35.7344,-9.21777,
0.7,0.681548,0.583417,-19.3546,-50.3978,-9.15268,2.68515,0,21.5309,-9.99677,0,-19.3501,0.381017,1.47866,-35.2918,35.7298,-9.21619,
0.7,0.681645,0.58331,-19.3171,-50.4644,-9.14168,2.67963,0,21.5425,-10.0093,0,-19.3126,0.378488,1.47612,-35.3359,35.7794,-9.22859,
0.7,0.681742,0.583193,-19.2772,-50.5374,-9.12889,2.67408,0,21.5558,-10.0224,0,-19.2727,0.37599,1.47337,-35.3843,35.8335,-9.24215,
0.7,0.681844,0.583093,-19.1611,-50.5122,-9.07969,2.65813,0,21.5233,-10.0147,0,-19.1567,0.372019,1.46481,-35.3634,35.8187,-9.23783,
0.7,0.681938,0.582982,-19.1246,-50.5846,-9.06866,2.65345,0,21.5412,-10.03,0,-19.1203,0.369723,1.46231,-35.4122,35.8717,-9.25122,
0.7,0.682029,0.582879,-19.0492,-50.6062,-9.0396,2.64282,0,21.5325,-10.0336,0,-19.0449,0.366825,1.4568,-35.4245,35.8896,-9.25541,
0.7,0.682223,0.582679,-19.1388,-50.9015,-9.09421,2.65559,0,21.6161,-10.0884,0,-19.1345,0.364734,1.46434,-35.6245,36.1053,-9.30999,
0.7,0.68232,0.58258,-19.0018,-50.8538,-9.03534,2.63719,0,21.5779,-10.0781,0,-18.9977,0.360567,1.45414,-35.5882,36.0741,-9.30152,
0.7,0.682412,0.58248,-18.9068,-50.8524,-8.99693,2.62379,0,21.559,-10.0775,0,-18.9027,0.357165,1.44716,-35.5842,36.076,-9.30153,
0.7,0.682503,0.582373,-18.9271,-50.9828,-9.01285,2.62681,0,21.5945,-10.1022,0,-18.923,0.356057,1.44898,-35.6721,36.1716,-9.32567,
0.7,0.682625,0.582272,-18.8781,-51.0316,-8.98748,2.62491,0,21.5967,-10.1115,0,-18.8741,0.352109,1.44578,-35.703,36.2092,-9.33487,
0.7,0.682692,0.582172,-18.8331,-51.085,-8.98054,2.61475,0,21.601,-10.1218,0,-18.8291,0.351337,1.44232,-35.7372,36.25,-9.34491,
0.7,0.682811,0.582072,-18.7567,-51.1043,-8.9422,2.60883,0,21.5906,-10.1262,0,-18.7528,0.346739,1.43705,-35.7475,36.2668,-9.34873,
0.7,0.682901,0.581965,-18.7795,-51.2373,-8.95979,2.61193,0,21.6272,-10.1523,0,-18.7756,0.345869,1.43902,-35.8371,36.3644,-9.37337,
0.7,0.683088,0.581868,-18.6413,-51.1891,-8.9058,2.59344,0,21.5881,-10.1431,0,-18.6375,0.34063,1.42892,-35.8001,36.3333,-9.36484,
0.7,0.683179,0.581771,-18.5992,-51.2432,-8.89166,2.58763,0,21.5917,-10.1542,0,-18.5954,0.338381,1.42596,-35.8346,36.3748,-9.37503,
0.7,0.683266,0.58157,-18.856,-51.7198,-9.02067,2.62335,0,21.7526,-10.25,0,-18.8522,0.341831,1.44587,-36.161,36.7197,-9.46285,
0.7,0.683348,0.581473,-18.7158,-51.6672,-8.96074,2.60386,0,21.7117,-10.2404,0,-18.712,0.338288,1.4353,-36.121,36.6853,-9.45351,
0.7,0.683438,0.581376,-18.6425,-51.6876,-8.93184,2.59367,0,21.7017,-10.2454,0,-18.6388,0.335781,1.42989,-36.1321,36.7028,-9.45751,
0.7,0.683524,0.581268,-18.6894,-51.848,-8.96069,2.60013,0,21.7513,-10.2792,0,-18.6857,0.335308,1.43373,-36.2413,36.8196,-9.48715,
0.7,0.683605,0.581129,-18.8793,-52.1925,-9.05889,2.62612,0,21.9071,-10.3602,0,-18.8756,0.337701,1.44848,-36.4837,37.0627,-9.55004,
0.7,0.683687,0.581034,-18.7825,-52.1835,-9.01898,2.61302,0,21.882,-10.3587,0,-18.7788,0.334869,1.44125,-36.4739,37.0597,-9.54871,
0.7,0.683771,0.580936,-18.7224,-52.2175,-8.99655,2.60465,0,21.8771,-10.3668,0,-18.7187,0.332701,1.43683,-36.4944,37.0869,-9.55522,
0.7,0.683823,0.580839,-18.6619,-52.2504,-8.97456,2.59691,0,21.8717,-10.3745,0,-18.6582,0.332933,1.43195,-36.5142,37.1133,-9.56154,
0.7,0.683904,0.580734,-18.6368,-52.3303,-8.96962,2.59316,0,21.8869,-10.3926,0,-18.6331,0.331498,1.43021,-36.567,37.173,-9.57644,
0.7,0.68399,0.580643,-18.5025,-52.2788,-8.91146,2.57489,0,21.8442,-10.3828,0,-18.499,0.327793,1.42014,-36.5275,37.1397,-9.56733,
0.7,0.684165,0.58055,-18.4137,-52.2793,-8.88084,2.56254,0,21.8255,-10.3841,0,-18.4102,0.323788,1.41377,-36.5246,37.1431,-9.5677,
0.7,0.684251,0.580363,-18.7175,-52.7933,-9.03395,2.60456,0,22.0004,-10.4884,0,-18.714,0.327818,1.43733,-36.8771,37.5146,-9.66237,
0.7,0.684333,0.580262,-18.5126,-52.6765,-8.94121,2.57655,0,21.9308,-10.4653,0,-18.5091,0.323071,1.4218,-36.792,37.435,-9.64131,
0.7,0.684424,0.580167,-18.424,-52.6777,-8.90415,2.56453,0,21.9121,-10.466,0,-18.4205,0.320289,1.41522,-36.7895,37.4389,-9.64183,
0.7,0.684513,0.580073,-18.3183,-52.6612,-8.85897,2.54993,0,21.8864,-10.4634,0,-18.3148,0.317074,1.40734,-36.7748,37.4303,-9.6391,
0.7,0.684599,0.579979,-18.2977,-52.7367,-8.85553,2.54698,0,21.8991,-10.4782,0,-18.2943,0.315647,1.40596,-36.8243,37.4869,-9.65319,
0.7,0.684686,0.579876,-18.3357,-52.883,-8.87988,2.55293,0,21.9401,-10.5064,0,-18.3323,0.315182,1.40908,-36.923,37.5942,-9.68028,
0.7,0.684775,0.579781,-18.3091,-52.9521,-8.87275,2.54955,0,21.95,-10.5196,0,-18.3058,0.313653,1.40723,-36.9679,37.6464,-9.69321,
0.7,0.684868,0.579688,-18.2755,-53.0122,-8.86193,2.54541,0,21.9559,-10.5312,0,-18.2721,0.312052,1.40483,-37.0066,37.6923,-9.70452,
0.7,0.684956,0.579596,-18.231,-53.0588,-8.84665,2.53921,0,21.9565,-10.5395,0,-18.2277,0.310231,1.4016,-37.0357,37.7285,-9.71334,
0.7,0.685042,0.579498,-18.2317,-53.1607,-8.85281,2.53981,0,21.9789,-10.5583,0,-18.2284,0.30924,1.40183,-37.1033,37.8043,-9.73231,
0.7,0.685127,0.579408,-18.1803,-53.1984,-8.8339,2.53348,0,21.9757,-10.5647,0,-18.177,0.307398,1.39806,-37.1262,37.8344,-9.73951,
0.7,0.68522,0.579318,-18.0881,-53.1928,-8.79486,2.52108,0,21.9543,-10.5625,0,-18.0849,0.304685,1.39118,-37.1188,37.8336,-9.73879,
0.7,0.685302,0.579228,-18.0328,-53.2275,-8.77454,2.5132,0,21.9492,-10.5687,0,-18.0296,0.302952,1.38707,-37.1395,37.8615,-9.74544,
0.7,0.685475,0.57914,-17.9548,-53.2358,-8.74815,2.50309,0,21.9311,-10.5685,0,-17.9516,0.299772,1.3814,-37.1415,37.871,-9.7473,
0.7,0.685571,0.578947,-18.1232,-53.6135,-8.83576,2.52752,0,22.0499,-10.6433,0,-18.1201,0.301447,1.39457,-37.3983,38.1461,-9.81706,
0.7,0.685657,0.578856,-18.0509,-53.6309,-8.80669,2.51761,0,22.0382,-10.6464,0,-18.0477,0.299406,1.38915,-37.4069,38.1617,-9.82054,
0.7,0.685746,0.578768,-17.9684,-53.6341,-8.77209,2.50661,0,22.0182,-10.6457,0,-17.9653,0.297127,1.38297,-37.4052,38.1677,-9.82147,
0.7,0.685832,0.578667,-17.964,-53.7345,-8.77585,2.50671,0,22.0411,-10.6658,0,-17.961,0.296205,1.38279,-37.4718,38.2424,-9.84017,
0.7,0.685929,0.578577,-17.9024,-53.7627,-8.75123,2.49839,0,22.0327,-10.6716,0,-17.8993,0.294114,1.37824,-37.4877,38.266,-9.84566,
0.7,0.686104,0.5784,-18.1804,-54.2405,-8.89934,2.53746,0,22.1862,-10.7656,0,-18.1773,0.296923,1.39996,-37.813,38.6134,-9.93386,
0.7,0.686191,0.578302,-17.9771,-54.1257,-8.80561,2.5095,0,22.1205,-10.7434,0,-17.9741,0.292697,1.38447,-37.7295,38.535,-9.91314,
0.7,0.686279,0.578214,-17.8574,-54.0893,-8.7528,2.49346,0,22.0856,-10.737,0,-17.8544,0.289862,1.37541,-37.7005,38.5126,-9.90681,
0.7,0.686377,0.578127,-17.7922,-54.1108,-8.72643,2.48545,0,22.0742,-10.7414,0,-17.7893,0.287757,1.37058,-37.7118,38.5313,-9.91107,
0.7,0.686466,0.578043,-17.7054,-54.106,-8.69,2.47321,0,22.0496,-10.7396,0,-17.7025,0.285542,1.36403,-37.7044,38.5318,-9.91055,
0.7,0.686646,0.577957,-17.604,-54.0896,-8.65154,2.45978,0,22.0227,-10.7365,0,-17.6012,0.282116,1.35655,-37.6893,38.5235,-9.90787,
0.7,0.686735,0.577776,-17.8117,-54.4988,-8.75984,2.48856,0,22.1502,-10.8195,0,-17.8088,0.284517,1.37272,-37.9673,38.8217,-9.98347,
0.7,0.686829,0.577694,-17.695,-54.4596,-8.70787,2.47262,0,22.112,-10.8115,0,-17.6922,0.28177,1.36388,-37.936,38.7976,-9.97665,
0.7,0.686914,0.577611,-17.6083,-54.455,-8.67095,2.46105,0,22.0897,-10.8114,0,-17.6055,0.279607,1.35735,-37.9291,38.7978,-9.97614,
0.7,0.687002,0.577518,-17.6404,-54.5872,-8.69228,2.46556,0,22.1234,-10.8392,0,-17.6375,0.279163,1.35999,-38.0176,38.8954,-10.0007,
0.7,0.687086,0.577436,-17.5759,-54.6052,-8.66668,2.4564,0,22.1097,-10.8439,0,-17.5731,0.277449,1.35514,-38.0265,38.9118,-10.0043,
0.7,0.687179,0.577354,-17.5346,-54.6481,-8.65157,2.45091,0,22.1064,-10.8534,0,-17.5319,0.275915,1.35212,-38.0527,38.9458,-10.0125,
0.7,0.687266,0.577274,-17.4606,-54.6539,-8.62062,2.44111,0,22.0861,-10.8548,0,-17.4579,0.273941,1.34656,-38.0528,38.9537,-10.0139,
0.7,0.687357,0.577182,-17.5123,-54.808,-8.6516,2.4484,0,22.1289,-10.8877,0,-17.5096,0.273781,1.35072,-38.1566,39.0668,-10.0425,
0.7,0.687446,0.577099,-17.459,-54.8395,-8.63074,2.44116,0,22.1213,-10.8953,0,-17.4563,0.272125,1.34676,-38.175,39.0926,-10.0486,
0.7,0.687541,0.577019,-17.4122,-54.8743,-8.61327,2.43458,0,22.1124,-10.9025,0,-17.4095,0.270607,1.34328,-38.1952,39.1212,-10.0553,
0.7,0.68773,0.576937,-17.276,-54.8188,-8.55501,2.41176,0,22.0695,-10.8925,0,-17.2733,0.266385,1.33316,-38.153,39.085,-10.0454,
0.7,0.687821,0.576762,-17.5338,-55.2762,-8.68793,2.44788,0,22.2141,-10.9865,0,-17.5311,0.269291,1.35324,-38.4643,39.4178,-10.1299,
0.7,0.687913,0.576682,-17.4076,-55.2266,-8.63109,2.43025,0,22.1724,-10.9766,0,-17.4049,0.266542,1.34365,-38.426,39.3861,-10.1212,
0.7,0.687999,0.576598,-17.3461,-55.2504,-8.60621,2.42225,0,22.1625,-10.9818,0,-17.3435,0.264779,1.33906,-38.4391,39.4062,-10.1258,
0.7,0.688086,0.576515,-17.32,-55.312,-8.5987,2.41884,0,22.1673,-10.9948,0,-17.3174,0.263433,1.33721,-38.4784,39.4535,-10.1374,
0.7,0.688171,0.576422,-17.3718,-55.4667,-8.62994,2.42633,0,22.2106,-11.0262,0,-17.3692,0.263444,1.34135,-38.5828,39.567,-10.1661,
0.7,0.68826,0.576339,-17.3117,-55.4914,-8.60586,2.41804,0,22.201,-11.0311,0,-17.3091,0.261848,1.33683,-38.5966,39.5877,-10.1709,
0.7,0.688428,0.57625,-17.2396,-55.51,-8.58074,2.40885,0,22.1878,-11.0344,0,-17.237,0.259363,1.33151,-38.606,39.6043,-10.1746,
0.7,0.688513,0.576168,-17.1381,-55.4901,-8.53542,2.395,0,22.1605,-11.0308,0,-17.1356,0.256969,1.32383,-38.5889,39.5931,-10.1712,
0.7,0.688602,0.576168,-16.2611,-55.1665,-8.10354,2.27281,0,22.0313,-10.9664,0,-16.2587,0.2431,1.25622,-38.3638,39.3622,-10.1119,
0.7,0.690721,0.576168,-15.4881,-54.9758,-7.83224,2.17198,0,21.9551,-10.9285,0,-15.4862,0.209858,1.20041,-38.2312,39.2262,-10.077,
0.7,0.693133,0.576168,-14.807,-54.8863,-7.59681,2.08165,0,21.9194,-10.9107,0,-14.8056,0.169417,1.15324,-38.169,39.1623,-10.0606,
0.7,0.695205,0.576168,-14.1992,-54.8817,-7.39492,2.00165,0,21.9176,-10.9098,0,-14.1982,0.13267,1.11126,-38.1658,39.1591,-10.0597,
0.7,0.696879,0.576168,-13.6226,-54.9792,-7.19642,1.92764,0,21.9565,-10.9292,0,-13.6218,0.112871,1.06873,-38.2336,39.2286,-10.0776,
0.7,0.698443,0.576168,-13.1851,-55.032,-7.07236,1.87898,0,21.9776,-10.9397,0,-13.1843,0.107795,1.03466,-38.2703,39.2663,-10.0873,
0.7,0.699388,0.576168,-12.7372,-55.189,-6.90741,1.82367,0,22.0403,-10.9709,0,-12.7364,0.105891,0.999201,-38.3795,39.3783,-10.116,
0.7,0.700649,0.576168,-12.3444,-55.3588,-6.77524,1.77574,0,22.1081,-11.0047,0,-12.3436,0.100487,0.968764,-38.4976,39.4995,-10.1472,
0.7,0.702196,0.576168,-11.9727,-55.5681,-6.62883,1.73577,0,22.1917,-11.0463,0,-11.9719,0.0886814,0.941161,-38.6431,39.6488,-10.1855,
0.7,0.704212,0.576168,-11.6263,-55.8007,-6.48386,1.70073,0,22.2846,-11.0925,0,-11.6257,0.0710118,0.916648,-38.8049,39.8148,-10.2282,
0.7,0.706302,0.576168,-11.2446,-56.1257,-6.31209,1.65897,0,22.4144,-11.1571,0,-11.2441,0.0563732,0.888767,-39.0309,40.0466,-10.2877,
0.7,0.708647,0.576168,-11.0002,-56.3122,-6.22796,1.63872,0,22.4889,-11.1942,0,-10.9998,0.0485705,0.870637,-39.1606,40.1798,-10.3219,
0.7,0.710086,0.576168,-10.708,-56.5941,-6.09065,1.60733,0,22.6015,-11.2502,0,-10.7076,0.0442975,0.848039,-39.3567,40.3809,-10.3736,
0.7,0.711834,0.576168,-10.4377,-56.875,-5.97614,1.58066,0,22.7136,-11.3061,0,-10.4373,0.0418874,0.826864,-39.552,40.5813,-10.4251,
0.7,0.713561,0.576168,-10.1778,-57.1665,-5.86283,1.55228,0,22.83,-11.364,0,-10.1773,0.0399318,0.80643,-39.7547,40.7893,-10.4785,
0.7,0.715386,0.576168,-9.92659,-57.4673,-5.75089,1.52614,0,22.9502,-11.4238,0,-9.92616,0.0341308,0.787392,-39.9639,41.0039,-10.5336,
0.7,0.717324,0.576168,-9.63158,-57.8523,-5.60814,1.49119,0,23.1039,-11.5003,0,-9.63123,0.0239439,0.765638,-40.2316,41.2786,-10.6042,
0.7,0.719772,0.576168,-9.45304,-58.0818,-5.53624,1.47388,0,23.1956,-11.546,0,-9.45274,0.010522,0.753771,-40.3912,41.4424,-10.6463,
0.7,0.72127,0.576168,-9.23,-58.3925,-5.42381,1.44581,0,23.3197,-11.6077,0,-9.2297,0.00210703,0.737448,-40.6073,41.6641,-10.7032,
0.7,0.72294,0.576168,-9.01266,-58.7082,-5.32154,1.41974,0,23.4457,-11.6705,0,-9.01233,-0.00342627,0.721062,-40.8268,41.8893,-10.7611,
0.7,0.72457,0.576168,-8.80221,-59.0258,-5.22179,1.39424,0,23.5726,-11.7336,0,-8.80186,-0.0041941,0.704374,-41.0477,42.1159,-10.8193,
0.7,0.726193,0.576168,19.3214,-59.3439,11.5137,-3.0741,0,23.6996,-11.7969,0,19.3207,0.00868401,-1.54605,-41.2689,42.3429,-10.8776,
0.7,0.727888,0.576168,19.539,-52.17,11.6902,-3.12369,0,20.8346,-10.3708,0,19.5382,0.0127007,-1.56417,-36.28,37.2242,-9.56266,
0.7,0.730066,0.576168,20.7326,-53.4596,12.4571,-3.33199,0,21.3496,-10.6271,0,20.7318,0.0303059,-1.66273,-37.1768,38.1443,-9.79904,
0.7,0.731522,0.576168,21.1004,-54.2351,12.7127,-3.40038,0,21.6593,-10.7813,0,21.0996,0.047514,-1.69521,-37.7161,38.6977,-9.94119,
0.7,0.733091,0.576168,21.7405,-55.2878,13.1507,-3.51132,0,22.0798,-10.9905,0,21.7395,0.060754,-1.74874,-38.4482,39.4488,-10.1342,
0.7,0.734392,0.576168,22.216,-56.1771,13.4942,-3.59595,0,22.4349,-11.1673,0,22.2151,0.0568427,-1.78605,-39.0666,40.0833,-10.2972,
0.7,0.735648,0.576168,22.7551,-57.0409,13.8819,-3.68933,0,22.7799,-11.3391,0,22.7541,0.0483055,-1.82761,-39.6674,40.6997,-10.4555,
0.7,0.736973,0.576168,23.476,-57.8104,14.3756,-3.80602,0,23.0872,-11.492,0,23.4749,0.0404658,-1.88383,-40.2025,41.2487,-10.5965,
0.7,0.738384,0.576168,24.3565,-58.4699,14.9637,-3.95485,0,23.3506,-11.6231,0,24.3554,0.0328034,-1.95285,-40.6611,41.7193,-10.7174,
0.7,0.739847,0.576168,25.3506,-59.0479,15.6204,-4.11856,0,23.5814,-11.738,0,25.3495,0.0249728,-2.03091,-41.0631,42.1317,-10.8234,
0.7,0.741217,0.576168,26.2913,-59.5593,16.2499,-4.27156,0,23.7856,-11.8397,0,26.2901,0.0163053,-2.10456,-41.4187,42.4966,-10.9171,
0.7,0.742516,0.576168,27.1907,-60.0645,16.8606,-4.41191,0,23.9874,-11.9401,0,27.1894,0.00980145,-2.17528,-41.77,42.8571,-11.0097,
0.7,0.743834,0.576168,28.1125,-60.6133,17.4806,-4.5566,0,24.2066,-12.0492,0,28.111,0.00595815,-2.24827,-42.1517,43.2486,-11.1103,
0.7,0.745272,0.576168,29.3153,-61.0674,18.2932,-4.74326,0,24.3879,-12.1395,0,29.3137,0.00277839,-2.34385,-42.4675,43.5727,-11.1935,
0.7,0.746282,0.576168,29.9886,-61.37,18.7599,-4.83726,0,24.5088,-12.1996,0,29.987,-0.00330164,-2.39658,-42.6779,43.7886,-11.249,
0.7,0.747326,0.576168,30.7388,-61.8826,19.292,-4.94595,0,24.7135,-12.3015,0,30.7372,-0.016874,-2.45412,-43.0344,44.1543,-11.343,
0.7,0.748231,0.576168,31.3726,-62.3522,19.7575,-5.02467,0,24.901,-12.3949,0,31.3708,-0.0344799,-2.50162,-43.3609,44.4894,-11.429,
0.7,0.749033,0.576168,31.9307,-62.8334,20.1799,-5.08593,0,25.0932,-12.4905,0,31.9287,-0.0571284,-2.54217,-43.6956,44.8327,-11.5173,
0.7,0.749841,0.576168,32.5168,-63.367,20.6187,-5.15461,0,25.3063,-12.5966,0,32.5145,-0.0750819,-2.58578,-44.0667,45.2135,-11.6151,
0.7,0.750907,0.576168,33.4708,-63.7984,21.2873,-5.27875,0,25.4786,-12.6824,0,33.4682,-0.0922675,-2.65894,-44.3667,45.5213,-11.6941,
0.7,0.751665,0.576168,34.0481,-64.0852,21.7014,-5.34463,0,25.5931,-12.7394,0,34.0456,-0.107381,-2.70239,-44.5661,45.7259,-11.7467,
0.7,0.752398,0.576168,34.6225,-64.5272,22.1305,-5.39812,0,25.7696,-12.8272,0,34.62,-0.127875,-2.74465,-44.8735,46.0413,-11.8277,
0.7,0.753035,0.576168,35.1184,-64.9593,22.5163,-5.44075,0,25.9422,-12.9131,0,35.1158,-0.140144,-2.78208,-45.1739,46.3496,-11.9069,
0.7,0.753539,0.576168,35.4965,-65.4028,22.8353,-5.46097,0,26.1193,-13.0013,0,35.4935,-0.15083,-2.81037,-45.4824,46.666,-11.9882,
0.7,0.753984,0.576168,35.8429,-65.9,23.1368,-5.47289,0,26.3179,-13.1001,0,35.8395,-0.167105,-2.83511,-45.8282,47.0208,-12.0794,
0.7,0.754518,0.576168,36.3204,-66.3089,23.5172,-5.50031,0,26.4812,-13.1814,0,36.3168,-0.192704,-2.86868,-46.1125,47.3126,-12.1543,
0.7,0.754965,0.576168,36.706,-66.6755,23.8155,-5.52205,0,26.6276,-13.2543,0,36.7023,-0.215648,-2.89539,-46.3675,47.5742,-12.2215,
0.7,0.755615,0.576168,37.3281,-67.087,24.2683,-5.57261,0,26.7919,-13.3361,0,37.3243,-0.239785,-2.9408,-46.6536,47.8677,-12.2969,
0.7,0.756261,0.576168,37.9495,-67.4246,24.7204,-5.60915,0,26.9267,-13.4032,0,37.9455,-0.25697,-2.98738,-46.8884,48.1086,-12.3588,
0.7,0.756963,0.576168,38.6349,-67.7635,25.2123,-5.67017,0,27.0621,-13.4706,0,38.6306,-0.264332,-3.04083,-47.1241,48.3505,-12.4209,
0.7,0.757614,0.576168,39.2616,-68.1542,25.6714,-5.71329,0,27.2181,-13.5482,0,39.2569,-0.268133,-3.09022,-47.3957,48.6292,-12.4925,
0.7,0.75828,0.576168,39.9444,-68.4537,26.1811,-5.74437,0,27.3377,-13.6078,0,39.9393,-0.288677,-3.1411,-47.604,48.8429,-12.5474,
0.7,0.75869,0.576168,40.3173,-68.7209,26.4617,-5.75951,0,27.4444,-13.6609,0,40.3122,-0.305489,-3.16789,-47.7898,49.0335,-12.5964,
0.7,0.759376,0.576168,41.0044,-69.1281,26.9498,-5.80073,0,27.607,-13.7418,0,40.9992,-0.32398,-3.2195,-48.073,49.3241,-12.6711,
0.7,0.759981,0.576168,41.6036,-69.4382,27.3851,-5.82797,0,27.7309,-13.8035,0,41.5981,-0.348297,-3.26302,-48.2887,49.5454,-12.7279,
0.7,0.760484,0.576168,42.0977,-69.776,27.7576,-5.83343,0,27.8658,-13.8706,0,42.0917,-0.374018,-3.29788,-48.5236,49.7864,-12.7898,
0.7,0.761048,0.576168,42.6696,-70.2216,28.1786,-5.85578,0,28.0437,-13.9592,0,42.6629,-0.386851,-3.34125,-48.8334,50.1043,-12.8715,
0.7,0.761878,0.576168,43.5668,-70.5323,28.8147,-5.90253,0,28.1678,-14.021,0,43.5597,-0.399928,-3.4106,-49.0495,50.326,-12.9284,
0.7,0.762394,0.576168,44.0707,-70.7124,29.1724,-5.92203,0,28.2397,-14.0568,0,44.0636,-0.412694,-3.44859,-49.1748,50.4545,-12.9615,
0.7,0.762849,0.576168,44.5175,-71.074,29.5088,-5.91783,0,28.3841,-14.1286,0,44.5102,-0.447072,-3.47814,-49.4262,50.7125,-13.0277,
0.7,0.763169,0.576168,44.8322,-71.4558,29.7691,-5.88583,0,28.5366,-14.2046,0,44.8242,-0.497289,-3.49426,-49.6917,50.985,-13.0977,
0.7,0.763585,0.576168,45.2674,-71.8639,30.1013,-5.87146,0,28.6996,-14.2857,0,45.2583,-0.534315,-3.52233,-49.9756,51.2762,-13.1725,
0.7,0.764143,0.576168,45.8657,-72.2373,30.5331,-5.87965,0,28.8487,-14.3599,0,45.8558,-0.55165,-3.56699,-50.2352,51.5425,-13.241,
0.7,0.764726,0.576168,46.4902,-72.5517,30.9858,-5.88503,0,28.9743,-14.4224,0,46.4801,-0.564668,-3.61457,-50.4539,51.7669,-13.2986,
0.7,0.765079,0.576168,46.8661,-72.8585,31.2821,-5.8497,0,29.0968,-14.4834,0,46.8559,-0.585238,-3.64093,-50.6672,51.9858,-13.3548,
0.7,0.765397,0.576168,47.2161,-73.24,31.5622,-5.80135,0,29.2492,-14.5592,0,47.2059,-0.608346,-3.66477,-50.9325,52.258,-13.4248,
0.7,0.765732,0.576168,47.5973,-73.6218,31.8634,-5.75605,0,29.4016,-14.6351,0,47.5866,-0.627735,-3.69173,-51.198,52.5304,-13.4947,
0.7,0.766088,0.576168,48.0223,-74.0373,32.1906,-5.7221,0,29.5676,-14.7177,0,48.0108,-0.643232,-3.72287,-51.487,52.8269,-13.5709,
0.7,0.766498,0.576168,48.4984,-74.352,32.5566,-5.6848,0,29.6933,-14.7803,0,48.486,-0.656176,-3.75854,-51.7058,53.0515,-13.6286,
0.7,0.766775,0.576168,48.8329,-74.6603,32.8161,-5.65124,0,29.8164,-14.8416,0,48.8202,-0.669401,-3.78289,-51.9202,53.2715,-13.6851,
0.7,0.767085,0.576168,49.2134,-75.0325,33.1147,-5.6056,0,29.965,-14.9156,0,49.2008,-0.694785,-3.80878,-52.179,53.537,-13.7533,
0.7,0.767354,0.576168,49.5553,-75.384,33.3868,-5.55379,0,30.1054,-14.9854,0,49.5427,-0.720148,-3.83157,-52.4235,53.7878,-13.8178,
0.7,0.767759,0.576168,50.0512,-75.7445,33.7505,-5.52146,0,30.2493,-15.0571,0,50.038,-0.733465,-3.86878,-52.6742,54.045,-13.8838,
0.7,0.768142,0.576168,50.5343,-76.1123,34.109,-5.49124,0,30.3962,-15.1302,0,50.5202,-0.744864,-3.90528,-52.93,54.3074,-13.9512,
0.7,0.768549,0.576168,51.0298,-76.399,34.4815,-5.44705,0,30.5107,-15.1872,0,51.0149,-0.765145,-3.9412,-53.1293,54.512,-14.0038,
0.7,0.768772,0.576168,51.3267,-76.6895,34.7149,-5.39778,0,30.6267,-15.2449,0,51.3115,-0.791874,-3.96013,-53.3314,54.7193,-14.057,
0.7,0.769042,0.576168,51.6835,-77.0633,34.9916,-5.34248,0,30.776,-15.3192,0,51.6683,-0.824312,-3.98284,-53.5913,54.986,-14.1256,
0.7,0.769313,0.576168,52.0496,-77.4181,35.2747,-5.28538,0,30.9177,-15.3898,0,52.0342,-0.85071,-4.00737,-53.838,55.2392,-14.1906,
0.7,0.769654,0.576168,52.4943,-77.7654,35.6067,-5.2461,0,31.0564,-15.4588,0,52.4784,-0.863659,-4.04056,-54.0795,55.4869,-14.2542,
0.7,0.76996,0.576168,52.9142,-78.1336,35.9183,-5.20688,0,31.2035,-15.532,0,52.8975,-0.869049,-4.0731,-54.3356,55.7497,-14.3217,
0.7,0.770318,0.576168,53.3745,-78.4278,36.2631,-5.15247,0,31.3209,-15.5905,0,53.357,-0.882346,-4.10745,-54.5402,55.9596,-14.3757,
0.7,0.770501,0.576168,53.6478,-78.7218,36.4742,-5.10454,0,31.4384,-15.6489,0,53.6303,-0.905977,-4.12507,-54.7446,56.1693,-14.4296,
0.7,0.770662,0.576168,53.9093,-79.0957,36.6842,-5.04461,0,31.5877,-15.7233,0,53.8917,-0.940701,-4.13975,-55.0047,56.4361,-14.4981,
0.7,0.77086,0.576168,54.218,-79.4639,36.9215,-4.99749,0,31.7347,-15.7965,0,54.2001,-0.971694,-4.15886,-55.2607,56.6989,-14.5656,
0.7,0.771059,0.576168,54.5331,-79.8142,37.1637,-4.95287,0,31.8746,-15.8661,0,54.5143,-0.997487,-4.17936,-55.5043,56.9488,-14.6298,
0.7,0.771203,0.576168,54.8172,-80.2104,37.3864,-4.91106,0,32.0329,-15.9449,0,54.7973,-1.02447,-4.19715,-55.7799,57.2315,-14.7024,
0.7,0.771412,0.576168,55.1396,-80.5224,37.6315,-4.87713,0,32.1575,-16.0069,0,55.1189,-1.05409,-4.21756,-55.9968,57.4541,-14.7596,
0.7,0.771494,0.576168,55.3459,-80.8513,37.7923,-4.84607,0,32.2888,-16.0723,0,55.3248,-1.08402,-4.22866,-56.2255,57.6888,-14.8199,
0.7,0.771712,0.576168,55.7003,-81.2121,38.0504,-4.80543,0,32.4329,-16.144,0,55.6791,-1.11733,-4.25102,-56.4764,57.9462,-14.886,
0.7,0.771853,0.576168,55.9741,-81.533,38.2546,-4.76834,0,32.561,-16.2078,0,55.9524,-1.1511,-4.26683,-56.6996,58.1752,-14.9448,
0.7,0.772095,0.576168,56.3626,-81.8807,38.5263,-4.75043,0,32.6999,-16.2769,0,56.34,-1.17941,-4.29275,-56.9414,58.4233,-15.0086,
0.7,0.772304,0.576168,56.7397,-82.2611,38.7981,-4.72751,0,32.8518,-16.3525,0,56.716,-1.1993,-4.31924,-57.206,58.6948,-15.0783,
0.7,0.772559,0.576168,57.1223,-82.5266,39.072,-4.70364,0,32.9579,-16.4053,0,57.0978,-1.22359,-4.34541,-57.3906,58.8842,-15.127,
0.7,0.772623,0.576168,57.3122,-82.8185,39.2186,-4.68002,0,33.0744,-16.4633,0,57.2873,-1.24974,-4.35589,-57.5936,59.0925,-15.1805,
0.7,0.77272,0.576168,57.5464,-83.1903,39.3995,-4.6448,0,33.2229,-16.5372,0,57.5212,-1.28548,-4.36819,-57.8521,59.3577,-15.2486,
0.7,0.772895,0.576168,57.8694,-83.5421,39.6314,-4.619,0,33.3634,-16.6072,0,57.8437,-1.31187,-4.38924,-58.0968,59.6087,-15.3131,
0.7,0.773111,0.576168,58.2377,-83.87,39.8908,-4.6004,0,33.4944,-16.6723,0,58.2113,-1.32464,-4.41634,-58.3248,59.8427,-15.3732,
0.7,0.773297,0.576168,58.5738,-84.188,40.1331,-4.58421,0,33.6213,-16.7356,0,58.5467,-1.33584,-4.44115,-58.5459,60.0696,-15.4315,
0.7,0.773415,0.576168,58.8334,-84.5108,40.3236,-4.56103,0,33.7503,-16.7997,0,58.8056,-1.35537,-4.45835,-58.7705,60.2999,-15.4907,
0.7,0.77349,0.576168,59.0554,-84.8594,40.4888,-4.53101,0,33.8895,-16.869,0,59.0273,-1.38246,-4.47123,-59.0128,60.5486,-15.5546,
0.7,0.773565,0.576168,59.2823,-85.2156,40.6577,-4.50084,0,34.0318,-16.9398,0,59.2538,-1.41957,-4.48269,-59.2606,60.8028,-15.6199,
0.7,0.773744,0.576168,59.6219,-85.5605,40.8955,-4.49367,0,34.1695,-17.0084,0,59.5928,-1.44347,-4.50551,-59.5004,61.0489,-15.6831,
0.7,0.773953,0.576168,60.0148,-85.9238,41.1687,-4.48589,0,34.3146,-17.0806,0,59.9851,-1.44802,-4.53606,-59.7531,61.3081,-15.7497,
0.7,0.774191,0.576168,60.402,-86.1954,41.4379,-4.47112,0,34.423,-17.1346,0,60.3717,-1.44879,-4.56682,-59.942,61.5019,-15.7995,
0.7,0.774305,0.576168,60.6623,-86.483,41.6252,-4.45543,0,34.5379,-17.1918,0,60.6316,-1.46248,-4.58515,-60.142,61.7071,-15.8522,
0.7,0.77438,0.576168,60.884,-86.8229,41.7868,-4.43695,0,34.6736,-17.2593,0,60.8531,-1.49554,-4.59694,-60.3783,61.9496,-15.9145,
0.7,0.774443,0.576168,61.1016,-87.1768,41.9443,-4.41345,0,34.815,-17.3297,0,61.0705,-1.52963,-4.60822,-60.6244,62.2022,-15.9793,
0.7,0.77456,0.576168,61.3832,-87.5324,42.1401,-4.39173,0,34.957,-17.4004,0,61.3514,-1.55936,-4.62535,-60.8717,62.4559,-16.0445,
0.7,0.774676,0.576168,61.6909,-87.918,42.3556,-4.38277,0,35.111,-17.477,0,61.658,-1.57817,-4.64649,-61.1399,62.731,-16.1152,
0.7,0.774737,0.576168,61.8856,-88.201,42.4991,-4.37109,0,35.224,-17.5333,0,61.8517,-1.5932,-4.65929,-61.3367,62.9329,-16.1671,
0.7,0.774769,0.576168,62.0783,-88.5373,42.6392,-4.36314,0,35.3583,-17.6001,0,62.0443,-1.61098,-4.6715,-61.5705,63.1729,-16.2287,
0.7,0.774799,0.576168,62.2759,-88.8869,42.7839,-4.34556,0,35.4979,-17.6696,0,62.2418,-1.63875,-4.68232,-61.8137,63.4224,-16.2928,
0.7,0.774897,0.576168,62.5522,-89.2344,42.9727,-4.33791,0,35.6367,-17.7387,0,62.518,-1.66602,-4.69952,-62.0553,63.6703,-16.3565,
0.7,0.775017,0.576168,62.8527,-89.5627,43.1744,-4.33712,0,35.7678,-17.804,0,62.818,-1.6897,-4.71927,-62.2836,63.9045,-16.4167,
0.7,0.775111,0.576168,63.1452,-89.9242,43.3756,-4.34239,0,35.9122,-17.8759,0,63.1099,-1.70212,-4.74038,-62.535,64.1625,-16.4829,
0.7,0.775218,0.576168,63.4018,-90.1989,43.5536,-4.34785,0,36.0219,-17.9304,0,63.3661,-1.70811,-4.75978,-62.726,64.3584,-16.5333,
0.7,0.775219,0.576168,63.5723,-90.5193,43.6764,-4.34729,0,36.1498,-17.9942,0,63.5362,-1.72189,-4.77091,-62.9489,64.5871,-16.592,
0.7,0.775202,0.576168,63.7261,-90.8714,43.7853,-4.34294,0,36.2904,-18.0641,0,63.6895,-1.74374,-4.77926,-63.1937,64.8383,-16.6566,
0.7,0.77528,0.576168,63.9877,-91.2259,43.9614,-4.34729,0,36.432,-18.1346,0,63.951,-1.75737,-4.79773,-63.4402,65.0913,-16.7215,
0.7,0.775403,0.576168,64.2978,-91.5486,44.1674,-4.35692,0,36.5609,-18.1988,0,64.261,-1.76457,-4.82122,-63.6647,65.3215,-16.7807,
0.7,0.775481,0.576168,64.5844,-91.909,44.3631,-4.36673,0,36.7048,-18.2704,0,64.5474,-1.77082,-4.84299,-63.9153,65.5787,-16.8468,
0.7,0.775508,0.576168,64.7596,-92.189,44.4893,-4.36568,0,36.8167,-18.3261,0,64.7225,-1.77667,-4.85595,-64.11,65.7785,-16.8981,
0.7,0.775518,0.576168,64.9509,-92.5309,44.6254,-4.36927,0,36.9532,-18.394,0,64.9136,-1.78391,-4.86993,-64.3478,66.0224,-16.9607,
0.7,0.775521,0.576168,65.1344,-92.8716,44.7561,-4.37298,0,37.0892,-18.4617,0,65.0968,-1.79598,-4.88241,-64.5847,66.2655,-17.0232,
0.7,0.775496,0.576168,65.29,-93.2105,44.8658,-4.37594,0,37.2246,-18.5291,0,65.2518,-1.81356,-4.89165,-64.8204,66.5073,-17.0853,
0.7,0.775507,0.576168,65.4907,-93.5568,45.002,-4.38206,0,37.3629,-18.598,0,65.4521,-1.82692,-4.90528,-65.0612,66.7544,-17.1488,
0.7,0.775592,0.576168,65.8001,-93.9425,45.2059,-4.39707,0,37.5169,-18.6746,0,65.7613,-1.83593,-4.92838,-65.3295,67.0296,-17.2195,
0.7,0.77569,0.576168,66.0654,-94.2009,45.3806,-4.40283,0,37.6201,-18.726,0,66.0264,-1.84424,-4.94809,-65.5092,67.214,-17.2669,
0.7,0.7757,0.576168,66.2656,-94.5134,45.5167,-4.4053,0,37.7449,-18.7881,0,66.2263,-1.85955,-4.96132,-65.7264,67.4369,-17.3241,
0.7,0.775728,0.576168,66.4769,-94.8455,45.658,-4.40443,0,37.8775,-18.8541,0,66.437,-1.88234,-4.97409,-65.9574,67.6739,-17.385,
0.7,0.775807,0.576168,66.748,-95.1757,45.8341,-4.41101,0,38.0094,-18.9198,0,66.7074,-1.90961,-4.99083,-66.187,67.9095,-17.4455,
0.7,0.77591,0.576168,67.0457,-95.4962,46.027,-4.4184,0,38.1374,-18.9835,0,67.0044,-1.93167,-5.01062,-66.4099,68.1382,-17.5043,
0.7,0.776029,0.576168,67.3515,-95.801,46.2288,-4.42723,0,38.2591,-19.0441,0,67.3097,-1.94731,-5.03222,-66.6219,68.3557,-17.5602,
0.7,0.77613,0.576168,67.6406,-96.1155,46.4207,-4.43824,0,38.3847,-19.1066,0,67.5982,-1.96113,-5.05282,-66.8406,68.5801,-17.6178,
0.7,0.776189,0.576168,67.8781,-96.4301,46.5804,-4.44455,0,38.5104,-19.1691,0,67.8352,-1.97897,-5.06857,-67.0593,68.8045,-17.6755,
0.7,0.776268,0.576168,68.1409,-96.7614,46.7549,-4.44721,0,38.6427,-19.235,0,68.0976,-1.99707,-5.08631,-67.2897,69.0409,-17.7362,
0.7,0.776297,0.576168,68.3509,-97.0882,46.896,-4.44724,0,38.7732,-19.3,0,68.307,-2.02495,-5.09805,-67.517,69.2741,-17.7961,
0.7,0.776354,0.576168,68.62,-97.4777,47.0732,-4.45413,0,38.9287,-19.3774,0,68.5752,-2.05038,-5.11494,-67.7878,69.552,-17.8675,
0.7,0.776407,0.576168,68.8301,-97.7575,47.2114,-4.45098,0,39.0405,-19.433,0,68.7843,-2.06924,-5.12829,-67.9824,69.7516,-17.9188,
0.7,0.776459,0.576168,69.0657,-98.0805,47.3692,-4.4587,0,39.1695,-19.4972,0,69.0195,-2.07979,-5.14519,-68.2071,69.9822,-17.978,
0.7,0.776583,0.576168,69.3832,-98.4143,47.5769,-4.46268,0,39.3028,-19.5636,0,69.3368,-2.09164,-5.16844,-68.4392,70.2203,-18.0391,
0.7,0.776617,0.576168,69.5999,-98.7257,47.7225,-4.45761,0,39.4271,-19.6255,0,69.5531,-2.1152,-5.18151,-68.6558,70.4425,-18.0962,
0.7,0.776634,0.576168,69.8032,-99.0697,47.8596,-4.45301,0,39.5645,-19.6939,0,69.7555,-2.1438,-5.19257,-68.895,70.688,-18.1593,
0.7,0.77672,0.576168,70.103,-99.4534,48.0574,-4.45224,0,39.7177,-19.7701,0,70.0541,-2.17599,-5.21068,-69.1618,70.9617,-18.2296,
0.7,0.776858,0.576168,70.4099,-99.7211,48.2548,-4.43592,0,39.8247,-19.8233,0,70.3602,-2.20482,-5.23,-69.348,71.1527,-18.2787,
0.7,0.776957,0.576168,70.6952,-100.021,48.4437,-4.43557,0,39.9444,-19.883,0,70.6452,-2.21783,-5.25045,-69.5566,71.3667,-18.3337,
0.7,0.777054,0.576168,70.9738,-100.339,48.6317,-4.42497,0,40.0714,-19.9462,0,70.9238,-2.22948,-5.27063,-69.7776,71.5936,-18.3919,
0.7,0.777071,0.576168,71.1661,-100.659,48.7683,-4.40821,0,40.1991,-20.0097,0,71.1158,-2.24223,-5.2837,-70,71.8217,-18.4505,
0.7,0.777085,0.576168,71.3616,-101.006,48.9084,-4.39748,0,40.3379,-20.0788,0,71.3107,-2.25583,-5.29685,-70.2417,72.0697,-18.5143,
0.7,0.777119,0.576168,71.6116,-101.399,49.0799,-4.38849,0,40.4948,-20.1569,0,71.56,-2.27843,-5.31273,-70.515,72.3501,-18.5863,
0.7,0.777207,0.576168,71.8645,-101.683,49.2484,-4.37884,0,40.6083,-20.2134,0,71.812,-2.30333,-5.32842,-70.7125,72.5528,-18.6383,
0.7,0.777263,0.576168,72.108,-101.997,49.4103,-4.36705,0,40.7337,-20.2758,0,72.0549,-2.33342,-5.34245,-70.9309,72.7768,-18.6959,
0.7,0.777289,0.576168,72.3209,-102.329,49.5529,-4.34994,0,40.8662,-20.3418,0,72.267,-2.37166,-5.35256,-71.1616,73.0136,-18.7567,
0.7,0.777381,0.576168,72.6043,-102.663,49.7406,-4.34158,0,40.9997,-20.4082,0,72.5498,-2.39688,-5.37066,-71.3941,73.2521,-18.818,
0.7,0.777452,0.576168,72.8657,-102.983,49.9146,-4.33695,0,41.1272,-20.4717,0,72.8103,-2.42026,-5.38729,-71.6162,73.48,-18.8765,
0.7,0.77756,0.576168,73.1929,-103.359,50.1287,-4.33643,0,41.2774,-20.5465,0,73.1365,-2.44417,-5.4091,-71.8777,73.7483,-18.9455,
0.7,0.777605,0.576168,73.3934,-103.624,50.2601,-4.32006,0,41.3834,-20.5992,0,73.3355,-2.49059,-5.41669,-72.0622,73.9376,-18.9941,
0.7,0.777578,0.576168,73.5489,-103.958,50.366,-4.30419,0,41.5165,-20.6655,0,73.4897,-2.53404,-5.42124,-72.2941,74.1755,-19.0552,
0.7,0.777648,0.576168,73.8114,-104.307,50.538,-4.28894,0,41.6562,-20.735,0,73.7513,-2.57478,-5.43486,-72.5374,74.4251,-19.1193,
0.7,0.777715,0.576168,74.072,-104.631,50.7132,-4.27974,0,41.7853,-20.7993,0,74.0111,-2.60597,-5.45005,-72.7621,74.6558,-19.1786,
0.7,0.777844,0.576168,74.3981,-104.954,50.9224,-4.28062,0,41.9146,-20.8636,0,74.3359,-2.64372,-5.46925,-72.9872,74.8867,-19.2379,
0.7,0.77793,0.576168,74.6986,-105.306,51.1178,-4.28098,0,42.055,-20.9335,0,74.6344,-2.69041,-5.48477,-73.2318,75.1376,-19.3024,
